[I 2026-06-02 11:49:54,417 minium minitest#202 init_miniprogram] start init miniprogram
[I 2026-06-02 11:49:54,418 minium basenative#59 wrapper] call IdeNative.start_wechat
[I 2026-06-02 11:49:54,419 minium basenative#63 wrapper] call IdeNative.start_wechat end None
[D 2026-06-02 11:49:54,419 minium wx_minium#118 __init__] {'debug': False, 'base_dir': '/Users/haha/greatMan/projects/wechat-mini/2026-04-26-family-party-games', 'platform': 'ide', 'app': 'wx', 'debug_mode': 'debug', 'close_ide': False, 'auto_capture': 'auto', 'check_mp_foreground': True, 'auto_relaunch': True, 'device_desire': {}, 'account_info': {}, 'report_usage': True, 'remote_connect_timeout': 180, 'request_timeout': 60, 'use_push': True, 'full_reset': False, 'outputs': '/Users/haha/greatMan/projects/wechat-mini/2026-04-26-family-party-games/outputs', 'enable_app_log': False, 'enable_network_panel': False, 'project_path': None, 'dev_tool_path': None, 'test_port': 9420, 'mock_native_modal': {}, 'mock_request': [], 'auto_authorize': False, 'audits': None, 'teardown_snapshot': False, 'mock_images_dir': '', 'mock_images': {}, 'need_perf': False, 'appid': None, 'enable_h5': True, 'autofix': False, 'framework_capture': True, 'error_capture': False, 'assert_capture': True, 'create_time': '20260602114954'}
[I 2026-06-02 11:49:54,419 minium wx_minium#738 launch_dev_tool] Starting dev tool and launch MiniProgram project ...
[W 2026-06-02 11:49:54,419 minium wx_minium#783 launch_dev_tool] Can not find `project_path` in config, that means you must open dev tool by automation way first
[W 2026-06-02 11:49:54,419 minium wx_minium#787 launch_dev_tool] If you are not running command like [cli auto --project /path/to/project --auto-port 9420], you may config `project_path` or run this command first
[I 2026-06-02 11:49:54,419 minium wx_minium#835 connect_dev_tool] Trying to connect Dev tool ...
[E 2026-06-02 11:49:54,488 minium.Conn7920 connection#642 _on_error] [Errno 61] Connection refused
[I 2026-06-02 11:49:54,488 minium.Conn7920 connection#377 _ws_run_forever] websocket run forever shutdown
[E 2026-06-02 11:49:54,488 minium wx_minium#848 connect_dev_tool] [Errno 61] Connection refused
Traceback (most recent call last):
  File "/opt/anaconda3/lib/python3.13/site-packages/minium/miniprogram/wx_minium.py", line 836, in connect_dev_tool
    self.connection = Connection.create(
                      ~~~~~~~~~~~~~~~~~^
        self.uri, timeout=self.conf.get("request_timeout")
        ^^^^^^^^^^^^^^^^^^^^^^^^^^^^^^^^^^^^^^^^^^^^^^^^^^
    )
    ^
  File "/opt/anaconda3/lib/python3.13/site-packages/minium/miniprogram/base_driver/connection.py", line 168, in create
    instance = cls(uri, *args, **kwargs)
  File "/opt/anaconda3/lib/python3.13/site-packages/minium/miniprogram/base_driver/connection.py", line 209, in __init__
    self._connect()
    ~~~~~~~~~~~~~^^
  File "/opt/anaconda3/lib/python3.13/site-packages/minium/miniprogram/base_driver/connection.py", line 361, in _connect
    raise error_callback.result
  File "/opt/anaconda3/lib/python3.13/site-packages/websocket/_app.py", line 327, in run_forever
    self.sock.connect(
    ~~~~~~~~~~~~~~~~~^
        self.url, header=self.header, cookie=self.cookie,
        ^^^^^^^^^^^^^^^^^^^^^^^^^^^^^^^^^^^^^^^^^^^^^^^^^
    ...<3 lines>...
        host=host, origin=origin, suppress_origin=suppress_origin,
        ^^^^^^^^^^^^^^^^^^^^^^^^^^^^^^^^^^^^^^^^^^^^^^^^^^^^^^^^^^
        proxy_type=proxy_type, socket=self.prepared_socket)
        ^^^^^^^^^^^^^^^^^^^^^^^^^^^^^^^^^^^^^^^^^^^^^^^^^^^
  File "/opt/anaconda3/lib/python3.13/site-packages/websocket/_core.py", line 244, in connect
    self.sock, addrs = connect(url, self.sock_opt, proxy_info(**options),
                       ~~~~~~~^^^^^^^^^^^^^^^^^^^^^^^^^^^^^^^^^^^^^^^^^^^
                               options.pop('socket', None))
                               ^^^^^^^^^^^^^^^^^^^^^^^^^^^^
  File "/opt/anaconda3/lib/python3.13/site-packages/websocket/_http.py", line 130, in connect
    sock = _open_socket(addrinfo_list, options.sockopt, options.timeout)
  File "/opt/anaconda3/lib/python3.13/site-packages/websocket/_http.py", line 205, in _open_socket
    raise err
  File "/opt/anaconda3/lib/python3.13/site-packages/websocket/_http.py", line 185, in _open_socket
    sock.connect(address)
    ~~~~~~~~~~~~^^^^^^^^^
ConnectionRefusedError: [Errno 61] Connection refused
[I 2026-06-02 11:49:54,539 minium wx_minium#835 connect_dev_tool] Trying to connect Dev tool ...
[E 2026-06-02 11:49:54,571 minium.Conn0416 connection#642 _on_error] [Errno 61] Connection refused
[I 2026-06-02 11:49:54,577 minium.Conn0416 connection#377 _ws_run_forever] websocket run forever shutdown
[E 2026-06-02 11:49:54,584 minium wx_minium#848 connect_dev_tool] [Errno 61] Connection refused
Traceback (most recent call last):
  File "/opt/anaconda3/lib/python3.13/site-packages/minium/miniprogram/wx_minium.py", line 836, in connect_dev_tool
    self.connection = Connection.create(
                      ~~~~~~~~~~~~~~~~~^
        self.uri, timeout=self.conf.get("request_timeout")
        ^^^^^^^^^^^^^^^^^^^^^^^^^^^^^^^^^^^^^^^^^^^^^^^^^^
    )
    ^
  File "/opt/anaconda3/lib/python3.13/site-packages/minium/miniprogram/base_driver/connection.py", line 168, in create
    instance = cls(uri, *args, **kwargs)
  File "/opt/anaconda3/lib/python3.13/site-packages/minium/miniprogram/base_driver/connection.py", line 209, in __init__
    self._connect()
    ~~~~~~~~~~~~~^^
  File "/opt/anaconda3/lib/python3.13/site-packages/minium/miniprogram/base_driver/connection.py", line 361, in _connect
    raise error_callback.result
  File "/opt/anaconda3/lib/python3.13/site-packages/websocket/_app.py", line 327, in run_forever
    self.sock.connect(
    ~~~~~~~~~~~~~~~~~^
        self.url, header=self.header, cookie=self.cookie,
        ^^^^^^^^^^^^^^^^^^^^^^^^^^^^^^^^^^^^^^^^^^^^^^^^^
    ...<3 lines>...
        host=host, origin=origin, suppress_origin=suppress_origin,
        ^^^^^^^^^^^^^^^^^^^^^^^^^^^^^^^^^^^^^^^^^^^^^^^^^^^^^^^^^^
        proxy_type=proxy_type, socket=self.prepared_socket)
        ^^^^^^^^^^^^^^^^^^^^^^^^^^^^^^^^^^^^^^^^^^^^^^^^^^^
  File "/opt/anaconda3/lib/python3.13/site-packages/websocket/_core.py", line 244, in connect
    self.sock, addrs = connect(url, self.sock_opt, proxy_info(**options),
                       ~~~~~~~^^^^^^^^^^^^^^^^^^^^^^^^^^^^^^^^^^^^^^^^^^^
                               options.pop('socket', None))
                               ^^^^^^^^^^^^^^^^^^^^^^^^^^^^
  File "/opt/anaconda3/lib/python3.13/site-packages/websocket/_http.py", line 130, in connect
    sock = _open_socket(addrinfo_list, options.sockopt, options.timeout)
  File "/opt/anaconda3/lib/python3.13/site-packages/websocket/_http.py", line 205, in _open_socket
    raise err
  File "/opt/anaconda3/lib/python3.13/site-packages/websocket/_http.py", line 185, in _open_socket
    sock.connect(address)
    ~~~~~~~~~~~~^^^^^^^^^
ConnectionRefusedError: [Errno 61] Connection refused
[I 2026-06-02 11:49:54,585 minium wx_minium#835 connect_dev_tool] Trying to connect Dev tool ...
[E 2026-06-02 11:49:54,629 minium.Conn3616 connection#642 _on_error] [Errno 61] Connection refused
[I 2026-06-02 11:49:54,638 minium.Conn3616 connection#377 _ws_run_forever] websocket run forever shutdown
[E 2026-06-02 11:49:54,638 minium wx_minium#848 connect_dev_tool] [Errno 61] Connection refused
Traceback (most recent call last):
  File "/opt/anaconda3/lib/python3.13/site-packages/minium/miniprogram/wx_minium.py", line 836, in connect_dev_tool
    self.connection = Connection.create(
                      ~~~~~~~~~~~~~~~~~^
        self.uri, timeout=self.conf.get("request_timeout")
        ^^^^^^^^^^^^^^^^^^^^^^^^^^^^^^^^^^^^^^^^^^^^^^^^^^
    )
    ^
  File "/opt/anaconda3/lib/python3.13/site-packages/minium/miniprogram/base_driver/connection.py", line 168, in create
    instance = cls(uri, *args, **kwargs)
  File "/opt/anaconda3/lib/python3.13/site-packages/minium/miniprogram/base_driver/connection.py", line 209, in __init__
    self._connect()
    ~~~~~~~~~~~~~^^
  File "/opt/anaconda3/lib/python3.13/site-packages/minium/miniprogram/base_driver/connection.py", line 361, in _connect
    raise error_callback.result
  File "/opt/anaconda3/lib/python3.13/site-packages/websocket/_app.py", line 327, in run_forever
    self.sock.connect(
    ~~~~~~~~~~~~~~~~~^
        self.url, header=self.header, cookie=self.cookie,
        ^^^^^^^^^^^^^^^^^^^^^^^^^^^^^^^^^^^^^^^^^^^^^^^^^
    ...<3 lines>...
        host=host, origin=origin, suppress_origin=suppress_origin,
        ^^^^^^^^^^^^^^^^^^^^^^^^^^^^^^^^^^^^^^^^^^^^^^^^^^^^^^^^^^
        proxy_type=proxy_type, socket=self.prepared_socket)
        ^^^^^^^^^^^^^^^^^^^^^^^^^^^^^^^^^^^^^^^^^^^^^^^^^^^
  File "/opt/anaconda3/lib/python3.13/site-packages/websocket/_core.py", line 244, in connect
    self.sock, addrs = connect(url, self.sock_opt, proxy_info(**options),
                       ~~~~~~~^^^^^^^^^^^^^^^^^^^^^^^^^^^^^^^^^^^^^^^^^^^
                               options.pop('socket', None))
                               ^^^^^^^^^^^^^^^^^^^^^^^^^^^^
  File "/opt/anaconda3/lib/python3.13/site-packages/websocket/_http.py", line 130, in connect
    sock = _open_socket(addrinfo_list, options.sockopt, options.timeout)
  File "/opt/anaconda3/lib/python3.13/site-packages/websocket/_http.py", line 205, in _open_socket
    raise err
  File "/opt/anaconda3/lib/python3.13/site-packages/websocket/_http.py", line 185, in _open_socket
    sock.connect(address)
    ~~~~~~~~~~~~^^^^^^^^^
ConnectionRefusedError: [Errno 61] Connection refused
[E 2026-06-02 11:49:54,639 minium wx_minium#797 launch_dev_tool] three times try to connect Dev tool has all fail ..., restart now...
[I 2026-06-02 11:50:56,690 minium minitest#202 init_miniprogram] start init miniprogram
[I 2026-06-02 11:50:56,691 minium basenative#59 wrapper] call IdeNative.start_wechat
[I 2026-06-02 11:50:56,692 minium basenative#63 wrapper] call IdeNative.start_wechat end None
[I 2026-06-02 11:50:56,692 minium wx_minium#738 launch_dev_tool] Starting dev tool and launch MiniProgram project ...
[I 2026-06-02 11:50:56,695 minium minium_object#83 _do_shell] de shell: /Applications/wechatwebdevtools.app/Contents/MacOS/cli auto --project "/Users/haha/greatMan/projects/wechat-mini/2026-04-26-family-party-games" --auto-port 63518
[I 2026-06-02 11:51:00,306 minium minium_object#101 _do_shell] err:
- initialize

✔ IDE server has started, listening on http://127.0.0.1:32412
- preparing
- Fetching AppID () permissions
✔ Using AppID: wx73314ee6734cdfa0
✔ auto

[I 2026-06-02 11:51:00,306 minium minium_object#102 _do_shell] out:

[I 2026-06-02 11:51:05,311 minium wx_minium#835 connect_dev_tool] Trying to connect Dev tool ...
[E 2026-06-02 11:51:05,366 minium.Conn1456 connection#642 _on_error] [Errno 61] Connection refused
[I 2026-06-02 11:51:05,377 minium.Conn1456 connection#377 _ws_run_forever] websocket run forever shutdown
[E 2026-06-02 11:51:05,389 minium wx_minium#848 connect_dev_tool] [Errno 61] Connection refused
Traceback (most recent call last):
  File "/opt/anaconda3/lib/python3.13/site-packages/minium/miniprogram/wx_minium.py", line 836, in connect_dev_tool
    self.connection = Connection.create(
                      ~~~~~~~~~~~~~~~~~^
        self.uri, timeout=self.conf.get("request_timeout")
        ^^^^^^^^^^^^^^^^^^^^^^^^^^^^^^^^^^^^^^^^^^^^^^^^^^
    )
    ^
  File "/opt/anaconda3/lib/python3.13/site-packages/minium/miniprogram/base_driver/connection.py", line 168, in create
    instance = cls(uri, *args, **kwargs)
  File "/opt/anaconda3/lib/python3.13/site-packages/minium/miniprogram/base_driver/connection.py", line 209, in __init__
    self._connect()
    ~~~~~~~~~~~~~^^
  File "/opt/anaconda3/lib/python3.13/site-packages/minium/miniprogram/base_driver/connection.py", line 361, in _connect
    raise error_callback.result
  File "/opt/anaconda3/lib/python3.13/site-packages/websocket/_app.py", line 327, in run_forever
    self.sock.connect(
    ~~~~~~~~~~~~~~~~~^
        self.url, header=self.header, cookie=self.cookie,
        ^^^^^^^^^^^^^^^^^^^^^^^^^^^^^^^^^^^^^^^^^^^^^^^^^
    ...<3 lines>...
        host=host, origin=origin, suppress_origin=suppress_origin,
        ^^^^^^^^^^^^^^^^^^^^^^^^^^^^^^^^^^^^^^^^^^^^^^^^^^^^^^^^^^
        proxy_type=proxy_type, socket=self.prepared_socket)
        ^^^^^^^^^^^^^^^^^^^^^^^^^^^^^^^^^^^^^^^^^^^^^^^^^^^
  File "/opt/anaconda3/lib/python3.13/site-packages/websocket/_core.py", line 244, in connect
    self.sock, addrs = connect(url, self.sock_opt, proxy_info(**options),
                       ~~~~~~~^^^^^^^^^^^^^^^^^^^^^^^^^^^^^^^^^^^^^^^^^^^
                               options.pop('socket', None))
                               ^^^^^^^^^^^^^^^^^^^^^^^^^^^^
  File "/opt/anaconda3/lib/python3.13/site-packages/websocket/_http.py", line 130, in connect
    sock = _open_socket(addrinfo_list, options.sockopt, options.timeout)
  File "/opt/anaconda3/lib/python3.13/site-packages/websocket/_http.py", line 205, in _open_socket
    raise err
  File "/opt/anaconda3/lib/python3.13/site-packages/websocket/_http.py", line 185, in _open_socket
    sock.connect(address)
    ~~~~~~~~~~~~^^^^^^^^^
ConnectionRefusedError: [Errno 61] Connection refused
[I 2026-06-02 11:51:05,399 minium wx_minium#835 connect_dev_tool] Trying to connect Dev tool ...
[E 2026-06-02 11:51:05,449 minium.Conn7584 connection#642 _on_error] [Errno 61] Connection refused
[I 2026-06-02 11:51:05,449 minium.Conn7584 connection#377 _ws_run_forever] websocket run forever shutdown
[E 2026-06-02 11:51:05,455 minium wx_minium#848 connect_dev_tool] [Errno 61] Connection refused
Traceback (most recent call last):
  File "/opt/anaconda3/lib/python3.13/site-packages/minium/miniprogram/wx_minium.py", line 836, in connect_dev_tool
    self.connection = Connection.create(
                      ~~~~~~~~~~~~~~~~~^
        self.uri, timeout=self.conf.get("request_timeout")
        ^^^^^^^^^^^^^^^^^^^^^^^^^^^^^^^^^^^^^^^^^^^^^^^^^^
    )
    ^
  File "/opt/anaconda3/lib/python3.13/site-packages/minium/miniprogram/base_driver/connection.py", line 168, in create
    instance = cls(uri, *args, **kwargs)
  File "/opt/anaconda3/lib/python3.13/site-packages/minium/miniprogram/base_driver/connection.py", line 209, in __init__
    self._connect()
    ~~~~~~~~~~~~~^^
  File "/opt/anaconda3/lib/python3.13/site-packages/minium/miniprogram/base_driver/connection.py", line 361, in _connect
    raise error_callback.result
  File "/opt/anaconda3/lib/python3.13/site-packages/websocket/_app.py", line 327, in run_forever
    self.sock.connect(
    ~~~~~~~~~~~~~~~~~^
        self.url, header=self.header, cookie=self.cookie,
        ^^^^^^^^^^^^^^^^^^^^^^^^^^^^^^^^^^^^^^^^^^^^^^^^^
    ...<3 lines>...
        host=host, origin=origin, suppress_origin=suppress_origin,
        ^^^^^^^^^^^^^^^^^^^^^^^^^^^^^^^^^^^^^^^^^^^^^^^^^^^^^^^^^^
        proxy_type=proxy_type, socket=self.prepared_socket)
        ^^^^^^^^^^^^^^^^^^^^^^^^^^^^^^^^^^^^^^^^^^^^^^^^^^^
  File "/opt/anaconda3/lib/python3.13/site-packages/websocket/_core.py", line 244, in connect
    self.sock, addrs = connect(url, self.sock_opt, proxy_info(**options),
                       ~~~~~~~^^^^^^^^^^^^^^^^^^^^^^^^^^^^^^^^^^^^^^^^^^^
                               options.pop('socket', None))
                               ^^^^^^^^^^^^^^^^^^^^^^^^^^^^
  File "/opt/anaconda3/lib/python3.13/site-packages/websocket/_http.py", line 130, in connect
    sock = _open_socket(addrinfo_list, options.sockopt, options.timeout)
  File "/opt/anaconda3/lib/python3.13/site-packages/websocket/_http.py", line 205, in _open_socket
    raise err
  File "/opt/anaconda3/lib/python3.13/site-packages/websocket/_http.py", line 185, in _open_socket
    sock.connect(address)
    ~~~~~~~~~~~~^^^^^^^^^
ConnectionRefusedError: [Errno 61] Connection refused
[I 2026-06-02 11:51:05,456 minium wx_minium#835 connect_dev_tool] Trying to connect Dev tool ...
[E 2026-06-02 11:51:05,501 minium.Conn0784 connection#642 _on_error] [Errno 61] Connection refused
[I 2026-06-02 11:51:05,507 minium.Conn0784 connection#377 _ws_run_forever] websocket run forever shutdown
[E 2026-06-02 11:51:05,520 minium wx_minium#848 connect_dev_tool] [Errno 61] Connection refused
Traceback (most recent call last):
  File "/opt/anaconda3/lib/python3.13/site-packages/minium/miniprogram/wx_minium.py", line 836, in connect_dev_tool
    self.connection = Connection.create(
                      ~~~~~~~~~~~~~~~~~^
        self.uri, timeout=self.conf.get("request_timeout")
        ^^^^^^^^^^^^^^^^^^^^^^^^^^^^^^^^^^^^^^^^^^^^^^^^^^
    )
    ^
  File "/opt/anaconda3/lib/python3.13/site-packages/minium/miniprogram/base_driver/connection.py", line 168, in create
    instance = cls(uri, *args, **kwargs)
  File "/opt/anaconda3/lib/python3.13/site-packages/minium/miniprogram/base_driver/connection.py", line 209, in __init__
    self._connect()
    ~~~~~~~~~~~~~^^
  File "/opt/anaconda3/lib/python3.13/site-packages/minium/miniprogram/base_driver/connection.py", line 361, in _connect
    raise error_callback.result
  File "/opt/anaconda3/lib/python3.13/site-packages/websocket/_app.py", line 327, in run_forever
    self.sock.connect(
    ~~~~~~~~~~~~~~~~~^
        self.url, header=self.header, cookie=self.cookie,
        ^^^^^^^^^^^^^^^^^^^^^^^^^^^^^^^^^^^^^^^^^^^^^^^^^
    ...<3 lines>...
        host=host, origin=origin, suppress_origin=suppress_origin,
        ^^^^^^^^^^^^^^^^^^^^^^^^^^^^^^^^^^^^^^^^^^^^^^^^^^^^^^^^^^
        proxy_type=proxy_type, socket=self.prepared_socket)
        ^^^^^^^^^^^^^^^^^^^^^^^^^^^^^^^^^^^^^^^^^^^^^^^^^^^
  File "/opt/anaconda3/lib/python3.13/site-packages/websocket/_core.py", line 244, in connect
    self.sock, addrs = connect(url, self.sock_opt, proxy_info(**options),
                       ~~~~~~~^^^^^^^^^^^^^^^^^^^^^^^^^^^^^^^^^^^^^^^^^^^
                               options.pop('socket', None))
                               ^^^^^^^^^^^^^^^^^^^^^^^^^^^^
  File "/opt/anaconda3/lib/python3.13/site-packages/websocket/_http.py", line 130, in connect
    sock = _open_socket(addrinfo_list, options.sockopt, options.timeout)
  File "/opt/anaconda3/lib/python3.13/site-packages/websocket/_http.py", line 205, in _open_socket
    raise err
  File "/opt/anaconda3/lib/python3.13/site-packages/websocket/_http.py", line 185, in _open_socket
    sock.connect(address)
    ~~~~~~~~~~~~^^^^^^^^^
ConnectionRefusedError: [Errno 61] Connection refused
[E 2026-06-02 11:51:05,521 minium wx_minium#797 launch_dev_tool] three times try to connect Dev tool has all fail ..., restart now...
[I 2026-06-02 11:51:05,521 minium wx_minium#811 launch_dev_tool] Starting dev tool again...
[I 2026-06-02 11:51:05,521 minium minium_object#83 _do_shell] de shell: /Applications/wechatwebdevtools.app/Contents/MacOS/cli auto --project "/Users/haha/greatMan/projects/wechat-mini/2026-04-26-family-party-games" --auto-port 63518
[I 2026-06-02 11:51:08,397 minium minium_object#101 _do_shell] err:
- initialize

✔ IDE server has started, listening on http://127.0.0.1:32412
- preparing
- Fetching AppID () permissions
✔ Using AppID: wx73314ee6734cdfa0
✔ auto

[I 2026-06-02 11:51:08,398 minium minium_object#102 _do_shell] out:

[I 2026-06-02 11:51:08,398 minium wx_minium#816 launch_dev_tool] Restart success
[I 2026-06-02 11:51:13,401 minium wx_minium#835 connect_dev_tool] Trying to connect Dev tool ...
[E 2026-06-02 11:51:13,433 minium.Conn4208 connection#642 _on_error] [Errno 61] Connection refused
[I 2026-06-02 11:51:13,433 minium.Conn4208 connection#377 _ws_run_forever] websocket run forever shutdown
[E 2026-06-02 11:51:13,440 minium wx_minium#848 connect_dev_tool] [Errno 61] Connection refused
Traceback (most recent call last):
  File "/opt/anaconda3/lib/python3.13/site-packages/minium/miniprogram/wx_minium.py", line 836, in connect_dev_tool
    self.connection = Connection.create(
                      ~~~~~~~~~~~~~~~~~^
        self.uri, timeout=self.conf.get("request_timeout")
        ^^^^^^^^^^^^^^^^^^^^^^^^^^^^^^^^^^^^^^^^^^^^^^^^^^
    )
    ^
  File "/opt/anaconda3/lib/python3.13/site-packages/minium/miniprogram/base_driver/connection.py", line 168, in create
    instance = cls(uri, *args, **kwargs)
  File "/opt/anaconda3/lib/python3.13/site-packages/minium/miniprogram/base_driver/connection.py", line 209, in __init__
    self._connect()
    ~~~~~~~~~~~~~^^
  File "/opt/anaconda3/lib/python3.13/site-packages/minium/miniprogram/base_driver/connection.py", line 361, in _connect
    raise error_callback.result
  File "/opt/anaconda3/lib/python3.13/site-packages/websocket/_app.py", line 327, in run_forever
    self.sock.connect(
    ~~~~~~~~~~~~~~~~~^
        self.url, header=self.header, cookie=self.cookie,
        ^^^^^^^^^^^^^^^^^^^^^^^^^^^^^^^^^^^^^^^^^^^^^^^^^
    ...<3 lines>...
        host=host, origin=origin, suppress_origin=suppress_origin,
        ^^^^^^^^^^^^^^^^^^^^^^^^^^^^^^^^^^^^^^^^^^^^^^^^^^^^^^^^^^
        proxy_type=proxy_type, socket=self.prepared_socket)
        ^^^^^^^^^^^^^^^^^^^^^^^^^^^^^^^^^^^^^^^^^^^^^^^^^^^
  File "/opt/anaconda3/lib/python3.13/site-packages/websocket/_core.py", line 244, in connect
    self.sock, addrs = connect(url, self.sock_opt, proxy_info(**options),
                       ~~~~~~~^^^^^^^^^^^^^^^^^^^^^^^^^^^^^^^^^^^^^^^^^^^
                               options.pop('socket', None))
                               ^^^^^^^^^^^^^^^^^^^^^^^^^^^^
  File "/opt/anaconda3/lib/python3.13/site-packages/websocket/_http.py", line 130, in connect
    sock = _open_socket(addrinfo_list, options.sockopt, options.timeout)
  File "/opt/anaconda3/lib/python3.13/site-packages/websocket/_http.py", line 205, in _open_socket
    raise err
  File "/opt/anaconda3/lib/python3.13/site-packages/websocket/_http.py", line 185, in _open_socket
    sock.connect(address)
    ~~~~~~~~~~~~^^^^^^^^^
ConnectionRefusedError: [Errno 61] Connection refused

During handling of the above exception, another exception occurred:

Traceback (most recent call last):
  File "/opt/anaconda3/lib/python3.13/site-packages/minium/miniprogram/wx_minium.py", line 793, in launch_dev_tool
    self.connect_dev_tool(is_port_in_use)
    ~~~~~~~~~~~~~~~~~~~~~^^^^^^^^^^^^^^^^
  File "/opt/anaconda3/lib/python3.13/site-packages/minium/miniprogram/base_driver/minium_log.py", line 148, in wrapper
    result = func(*args, **kwargs)
  File "/opt/anaconda3/lib/python3.13/site-packages/minium/miniprogram/wx_minium.py", line 851, in connect_dev_tool
    raise MiniConnectError(
        "three times try to connect Dev tool has all fail ..."
    )
minium.framework.exception.MiniConnectError: three times try to connect Dev tool has all fail ...

During handling of the above exception, another exception occurred:

Traceback (most recent call last):
  File "/opt/anaconda3/lib/python3.13/site-packages/minium/miniprogram/wx_minium.py", line 836, in connect_dev_tool
    self.connection = Connection.create(
                      ~~~~~~~~~~~~~~~~~^
        self.uri, timeout=self.conf.get("request_timeout")
        ^^^^^^^^^^^^^^^^^^^^^^^^^^^^^^^^^^^^^^^^^^^^^^^^^^
    )
    ^
  File "/opt/anaconda3/lib/python3.13/site-packages/minium/miniprogram/base_driver/connection.py", line 168, in create
    instance = cls(uri, *args, **kwargs)
  File "/opt/anaconda3/lib/python3.13/site-packages/minium/miniprogram/base_driver/connection.py", line 209, in __init__
    self._connect()
    ~~~~~~~~~~~~~^^
  File "/opt/anaconda3/lib/python3.13/site-packages/minium/miniprogram/base_driver/connection.py", line 361, in _connect
    raise error_callback.result
  File "/opt/anaconda3/lib/python3.13/site-packages/websocket/_app.py", line 327, in run_forever
    self.sock.connect(
    ~~~~~~~~~~~~~~~~~^
        self.url, header=self.header, cookie=self.cookie,
        ^^^^^^^^^^^^^^^^^^^^^^^^^^^^^^^^^^^^^^^^^^^^^^^^^
    ...<3 lines>...
        host=host, origin=origin, suppress_origin=suppress_origin,
        ^^^^^^^^^^^^^^^^^^^^^^^^^^^^^^^^^^^^^^^^^^^^^^^^^^^^^^^^^^
        proxy_type=proxy_type, socket=self.prepared_socket)
        ^^^^^^^^^^^^^^^^^^^^^^^^^^^^^^^^^^^^^^^^^^^^^^^^^^^
  File "/opt/anaconda3/lib/python3.13/site-packages/websocket/_core.py", line 244, in connect
    self.sock, addrs = connect(url, self.sock_opt, proxy_info(**options),
                       ~~~~~~~^^^^^^^^^^^^^^^^^^^^^^^^^^^^^^^^^^^^^^^^^^^
                               options.pop('socket', None))
                               ^^^^^^^^^^^^^^^^^^^^^^^^^^^^
  File "/opt/anaconda3/lib/python3.13/site-packages/websocket/_http.py", line 130, in connect
    sock = _open_socket(addrinfo_list, options.sockopt, options.timeout)
  File "/opt/anaconda3/lib/python3.13/site-packages/websocket/_http.py", line 205, in _open_socket
    raise err
  File "/opt/anaconda3/lib/python3.13/site-packages/websocket/_http.py", line 185, in _open_socket
    sock.connect(address)
    ~~~~~~~~~~~~^^^^^^^^^
ConnectionRefusedError: [Errno 61] Connection refused
[I 2026-06-02 11:51:13,444 minium wx_minium#835 connect_dev_tool] Trying to connect Dev tool ...
[E 2026-06-02 11:51:13,496 minium.Conn7552 connection#642 _on_error] [Errno 61] Connection refused
[I 2026-06-02 11:51:13,496 minium.Conn7552 connection#377 _ws_run_forever] websocket run forever shutdown
[E 2026-06-02 11:51:13,496 minium wx_minium#848 connect_dev_tool] [Errno 61] Connection refused
Traceback (most recent call last):
  File "/opt/anaconda3/lib/python3.13/site-packages/minium/miniprogram/wx_minium.py", line 836, in connect_dev_tool
    self.connection = Connection.create(
                      ~~~~~~~~~~~~~~~~~^
        self.uri, timeout=self.conf.get("request_timeout")
        ^^^^^^^^^^^^^^^^^^^^^^^^^^^^^^^^^^^^^^^^^^^^^^^^^^
    )
    ^
  File "/opt/anaconda3/lib/python3.13/site-packages/minium/miniprogram/base_driver/connection.py", line 168, in create
    instance = cls(uri, *args, **kwargs)
  File "/opt/anaconda3/lib/python3.13/site-packages/minium/miniprogram/base_driver/connection.py", line 209, in __init__
    self._connect()
    ~~~~~~~~~~~~~^^
  File "/opt/anaconda3/lib/python3.13/site-packages/minium/miniprogram/base_driver/connection.py", line 361, in _connect
    raise error_callback.result
  File "/opt/anaconda3/lib/python3.13/site-packages/websocket/_app.py", line 327, in run_forever
    self.sock.connect(
    ~~~~~~~~~~~~~~~~~^
        self.url, header=self.header, cookie=self.cookie,
        ^^^^^^^^^^^^^^^^^^^^^^^^^^^^^^^^^^^^^^^^^^^^^^^^^
    ...<3 lines>...
        host=host, origin=origin, suppress_origin=suppress_origin,
        ^^^^^^^^^^^^^^^^^^^^^^^^^^^^^^^^^^^^^^^^^^^^^^^^^^^^^^^^^^
        proxy_type=proxy_type, socket=self.prepared_socket)
        ^^^^^^^^^^^^^^^^^^^^^^^^^^^^^^^^^^^^^^^^^^^^^^^^^^^
  File "/opt/anaconda3/lib/python3.13/site-packages/websocket/_core.py", line 244, in connect
    self.sock, addrs = connect(url, self.sock_opt, proxy_info(**options),
                       ~~~~~~~^^^^^^^^^^^^^^^^^^^^^^^^^^^^^^^^^^^^^^^^^^^
                               options.pop('socket', None))
                               ^^^^^^^^^^^^^^^^^^^^^^^^^^^^
  File "/opt/anaconda3/lib/python3.13/site-packages/websocket/_http.py", line 130, in connect
    sock = _open_socket(addrinfo_list, options.sockopt, options.timeout)
  File "/opt/anaconda3/lib/python3.13/site-packages/websocket/_http.py", line 205, in _open_socket
    raise err
  File "/opt/anaconda3/lib/python3.13/site-packages/websocket/_http.py", line 185, in _open_socket
    sock.connect(address)
    ~~~~~~~~~~~~^^^^^^^^^
ConnectionRefusedError: [Errno 61] Connection refused

During handling of the above exception, another exception occurred:

Traceback (most recent call last):
  File "/opt/anaconda3/lib/python3.13/site-packages/minium/miniprogram/wx_minium.py", line 793, in launch_dev_tool
    self.connect_dev_tool(is_port_in_use)
    ~~~~~~~~~~~~~~~~~~~~~^^^^^^^^^^^^^^^^
  File "/opt/anaconda3/lib/python3.13/site-packages/minium/miniprogram/base_driver/minium_log.py", line 148, in wrapper
    result = func(*args, **kwargs)
  File "/opt/anaconda3/lib/python3.13/site-packages/minium/miniprogram/wx_minium.py", line 851, in connect_dev_tool
    raise MiniConnectError(
        "three times try to connect Dev tool has all fail ..."
    )
minium.framework.exception.MiniConnectError: three times try to connect Dev tool has all fail ...

During handling of the above exception, another exception occurred:

Traceback (most recent call last):
  File "/opt/anaconda3/lib/python3.13/site-packages/minium/miniprogram/wx_minium.py", line 836, in connect_dev_tool
    self.connection = Connection.create(
                      ~~~~~~~~~~~~~~~~~^
        self.uri, timeout=self.conf.get("request_timeout")
        ^^^^^^^^^^^^^^^^^^^^^^^^^^^^^^^^^^^^^^^^^^^^^^^^^^
    )
    ^
  File "/opt/anaconda3/lib/python3.13/site-packages/minium/miniprogram/base_driver/connection.py", line 168, in create
    instance = cls(uri, *args, **kwargs)
  File "/opt/anaconda3/lib/python3.13/site-packages/minium/miniprogram/base_driver/connection.py", line 209, in __init__
    self._connect()
    ~~~~~~~~~~~~~^^
  File "/opt/anaconda3/lib/python3.13/site-packages/minium/miniprogram/base_driver/connection.py", line 361, in _connect
    raise error_callback.result
  File "/opt/anaconda3/lib/python3.13/site-packages/websocket/_app.py", line 327, in run_forever
    self.sock.connect(
    ~~~~~~~~~~~~~~~~~^
        self.url, header=self.header, cookie=self.cookie,
        ^^^^^^^^^^^^^^^^^^^^^^^^^^^^^^^^^^^^^^^^^^^^^^^^^
    ...<3 lines>...
        host=host, origin=origin, suppress_origin=suppress_origin,
        ^^^^^^^^^^^^^^^^^^^^^^^^^^^^^^^^^^^^^^^^^^^^^^^^^^^^^^^^^^
        proxy_type=proxy_type, socket=self.prepared_socket)
        ^^^^^^^^^^^^^^^^^^^^^^^^^^^^^^^^^^^^^^^^^^^^^^^^^^^
  File "/opt/anaconda3/lib/python3.13/site-packages/websocket/_core.py", line 244, in connect
    self.sock, addrs = connect(url, self.sock_opt, proxy_info(**options),
                       ~~~~~~~^^^^^^^^^^^^^^^^^^^^^^^^^^^^^^^^^^^^^^^^^^^
                               options.pop('socket', None))
                               ^^^^^^^^^^^^^^^^^^^^^^^^^^^^
  File "/opt/anaconda3/lib/python3.13/site-packages/websocket/_http.py", line 130, in connect
    sock = _open_socket(addrinfo_list, options.sockopt, options.timeout)
  File "/opt/anaconda3/lib/python3.13/site-packages/websocket/_http.py", line 205, in _open_socket
    raise err
  File "/opt/anaconda3/lib/python3.13/site-packages/websocket/_http.py", line 185, in _open_socket
    sock.connect(address)
    ~~~~~~~~~~~~^^^^^^^^^
ConnectionRefusedError: [Errno 61] Connection refused
[I 2026-06-02 11:51:13,497 minium wx_minium#835 connect_dev_tool] Trying to connect Dev tool ...
[E 2026-06-02 11:51:13,534 minium.Conn7248 connection#642 _on_error] [Errno 61] Connection refused
[I 2026-06-02 11:51:13,546 minium.Conn7248 connection#377 _ws_run_forever] websocket run forever shutdown
[E 2026-06-02 11:51:13,565 minium wx_minium#848 connect_dev_tool] [Errno 61] Connection refused
Traceback (most recent call last):
  File "/opt/anaconda3/lib/python3.13/site-packages/minium/miniprogram/wx_minium.py", line 836, in connect_dev_tool
    self.connection = Connection.create(
                      ~~~~~~~~~~~~~~~~~^
        self.uri, timeout=self.conf.get("request_timeout")
        ^^^^^^^^^^^^^^^^^^^^^^^^^^^^^^^^^^^^^^^^^^^^^^^^^^
    )
    ^
  File "/opt/anaconda3/lib/python3.13/site-packages/minium/miniprogram/base_driver/connection.py", line 168, in create
    instance = cls(uri, *args, **kwargs)
  File "/opt/anaconda3/lib/python3.13/site-packages/minium/miniprogram/base_driver/connection.py", line 209, in __init__
    self._connect()
    ~~~~~~~~~~~~~^^
  File "/opt/anaconda3/lib/python3.13/site-packages/minium/miniprogram/base_driver/connection.py", line 361, in _connect
    raise error_callback.result
  File "/opt/anaconda3/lib/python3.13/site-packages/websocket/_app.py", line 327, in run_forever
    self.sock.connect(
    ~~~~~~~~~~~~~~~~~^
        self.url, header=self.header, cookie=self.cookie,
        ^^^^^^^^^^^^^^^^^^^^^^^^^^^^^^^^^^^^^^^^^^^^^^^^^
    ...<3 lines>...
        host=host, origin=origin, suppress_origin=suppress_origin,
        ^^^^^^^^^^^^^^^^^^^^^^^^^^^^^^^^^^^^^^^^^^^^^^^^^^^^^^^^^^
        proxy_type=proxy_type, socket=self.prepared_socket)
        ^^^^^^^^^^^^^^^^^^^^^^^^^^^^^^^^^^^^^^^^^^^^^^^^^^^
  File "/opt/anaconda3/lib/python3.13/site-packages/websocket/_core.py", line 244, in connect
    self.sock, addrs = connect(url, self.sock_opt, proxy_info(**options),
                       ~~~~~~~^^^^^^^^^^^^^^^^^^^^^^^^^^^^^^^^^^^^^^^^^^^
                               options.pop('socket', None))
                               ^^^^^^^^^^^^^^^^^^^^^^^^^^^^
  File "/opt/anaconda3/lib/python3.13/site-packages/websocket/_http.py", line 130, in connect
    sock = _open_socket(addrinfo_list, options.sockopt, options.timeout)
  File "/opt/anaconda3/lib/python3.13/site-packages/websocket/_http.py", line 205, in _open_socket
    raise err
  File "/opt/anaconda3/lib/python3.13/site-packages/websocket/_http.py", line 185, in _open_socket
    sock.connect(address)
    ~~~~~~~~~~~~^^^^^^^^^
ConnectionRefusedError: [Errno 61] Connection refused

During handling of the above exception, another exception occurred:

Traceback (most recent call last):
  File "/opt/anaconda3/lib/python3.13/site-packages/minium/miniprogram/wx_minium.py", line 793, in launch_dev_tool
    self.connect_dev_tool(is_port_in_use)
    ~~~~~~~~~~~~~~~~~~~~~^^^^^^^^^^^^^^^^
  File "/opt/anaconda3/lib/python3.13/site-packages/minium/miniprogram/base_driver/minium_log.py", line 148, in wrapper
    result = func(*args, **kwargs)
  File "/opt/anaconda3/lib/python3.13/site-packages/minium/miniprogram/wx_minium.py", line 851, in connect_dev_tool
    raise MiniConnectError(
        "three times try to connect Dev tool has all fail ..."
    )
minium.framework.exception.MiniConnectError: three times try to connect Dev tool has all fail ...

During handling of the above exception, another exception occurred:

Traceback (most recent call last):
  File "/opt/anaconda3/lib/python3.13/site-packages/minium/miniprogram/wx_minium.py", line 836, in connect_dev_tool
    self.connection = Connection.create(
                      ~~~~~~~~~~~~~~~~~^
        self.uri, timeout=self.conf.get("request_timeout")
        ^^^^^^^^^^^^^^^^^^^^^^^^^^^^^^^^^^^^^^^^^^^^^^^^^^
    )
    ^
  File "/opt/anaconda3/lib/python3.13/site-packages/minium/miniprogram/base_driver/connection.py", line 168, in create
    instance = cls(uri, *args, **kwargs)
  File "/opt/anaconda3/lib/python3.13/site-packages/minium/miniprogram/base_driver/connection.py", line 209, in __init__
    self._connect()
    ~~~~~~~~~~~~~^^
  File "/opt/anaconda3/lib/python3.13/site-packages/minium/miniprogram/base_driver/connection.py", line 361, in _connect
    raise error_callback.result
  File "/opt/anaconda3/lib/python3.13/site-packages/websocket/_app.py", line 327, in run_forever
    self.sock.connect(
    ~~~~~~~~~~~~~~~~~^
        self.url, header=self.header, cookie=self.cookie,
        ^^^^^^^^^^^^^^^^^^^^^^^^^^^^^^^^^^^^^^^^^^^^^^^^^
    ...<3 lines>...
        host=host, origin=origin, suppress_origin=suppress_origin,
        ^^^^^^^^^^^^^^^^^^^^^^^^^^^^^^^^^^^^^^^^^^^^^^^^^^^^^^^^^^
        proxy_type=proxy_type, socket=self.prepared_socket)
        ^^^^^^^^^^^^^^^^^^^^^^^^^^^^^^^^^^^^^^^^^^^^^^^^^^^
  File "/opt/anaconda3/lib/python3.13/site-packages/websocket/_core.py", line 244, in connect
    self.sock, addrs = connect(url, self.sock_opt, proxy_info(**options),
                       ~~~~~~~^^^^^^^^^^^^^^^^^^^^^^^^^^^^^^^^^^^^^^^^^^^
                               options.pop('socket', None))
                               ^^^^^^^^^^^^^^^^^^^^^^^^^^^^
  File "/opt/anaconda3/lib/python3.13/site-packages/websocket/_http.py", line 130, in connect
    sock = _open_socket(addrinfo_list, options.sockopt, options.timeout)
  File "/opt/anaconda3/lib/python3.13/site-packages/websocket/_http.py", line 205, in _open_socket
    raise err
  File "/opt/anaconda3/lib/python3.13/site-packages/websocket/_http.py", line 185, in _open_socket
    sock.connect(address)
    ~~~~~~~~~~~~^^^^^^^^^
ConnectionRefusedError: [Errno 61] Connection refused
[I 2026-06-02 11:52:07,025 minium minitest#202 init_miniprogram] start init miniprogram
[I 2026-06-02 11:52:07,027 minium basenative#59 wrapper] call IdeNative.start_wechat
[I 2026-06-02 11:52:07,027 minium basenative#63 wrapper] call IdeNative.start_wechat end None
[I 2026-06-02 11:52:07,027 minium wx_minium#738 launch_dev_tool] Starting dev tool and launch MiniProgram project ...
[I 2026-06-02 11:52:07,029 minium minium_object#83 _do_shell] de shell: /Applications/wechatwebdevtools.app/Contents/MacOS/cli auto --project "/Users/haha/greatMan/projects/wechat-mini/2026-04-26-family-party-games" --auto-port 63518
[I 2026-06-02 11:52:10,803 minium minium_object#101 _do_shell] err:
- initialize

✔ IDE server has started, listening on http://127.0.0.1:32412
- preparing
- Fetching AppID () permissions
✔ Using AppID: wx73314ee6734cdfa0
✔ auto

[I 2026-06-02 11:52:10,804 minium minium_object#102 _do_shell] out:

[I 2026-06-02 11:52:15,808 minium wx_minium#835 connect_dev_tool] Trying to connect Dev tool ...
[E 2026-06-02 11:52:15,851 minium.Conn3376 connection#642 _on_error] [Errno 61] Connection refused
[I 2026-06-02 11:52:15,857 minium.Conn3376 connection#377 _ws_run_forever] websocket run forever shutdown
[E 2026-06-02 11:52:15,857 minium wx_minium#848 connect_dev_tool] [Errno 61] Connection refused
Traceback (most recent call last):
  File "/opt/anaconda3/lib/python3.13/site-packages/minium/miniprogram/wx_minium.py", line 836, in connect_dev_tool
    self.connection = Connection.create(
                      ~~~~~~~~~~~~~~~~~^
        self.uri, timeout=self.conf.get("request_timeout")
        ^^^^^^^^^^^^^^^^^^^^^^^^^^^^^^^^^^^^^^^^^^^^^^^^^^
    )
    ^
  File "/opt/anaconda3/lib/python3.13/site-packages/minium/miniprogram/base_driver/connection.py", line 168, in create
    instance = cls(uri, *args, **kwargs)
  File "/opt/anaconda3/lib/python3.13/site-packages/minium/miniprogram/base_driver/connection.py", line 209, in __init__
    self._connect()
    ~~~~~~~~~~~~~^^
  File "/opt/anaconda3/lib/python3.13/site-packages/minium/miniprogram/base_driver/connection.py", line 361, in _connect
    raise error_callback.result
  File "/opt/anaconda3/lib/python3.13/site-packages/websocket/_app.py", line 327, in run_forever
    self.sock.connect(
    ~~~~~~~~~~~~~~~~~^
        self.url, header=self.header, cookie=self.cookie,
        ^^^^^^^^^^^^^^^^^^^^^^^^^^^^^^^^^^^^^^^^^^^^^^^^^
    ...<3 lines>...
        host=host, origin=origin, suppress_origin=suppress_origin,
        ^^^^^^^^^^^^^^^^^^^^^^^^^^^^^^^^^^^^^^^^^^^^^^^^^^^^^^^^^^
        proxy_type=proxy_type, socket=self.prepared_socket)
        ^^^^^^^^^^^^^^^^^^^^^^^^^^^^^^^^^^^^^^^^^^^^^^^^^^^
  File "/opt/anaconda3/lib/python3.13/site-packages/websocket/_core.py", line 244, in connect
    self.sock, addrs = connect(url, self.sock_opt, proxy_info(**options),
                       ~~~~~~~^^^^^^^^^^^^^^^^^^^^^^^^^^^^^^^^^^^^^^^^^^^
                               options.pop('socket', None))
                               ^^^^^^^^^^^^^^^^^^^^^^^^^^^^
  File "/opt/anaconda3/lib/python3.13/site-packages/websocket/_http.py", line 130, in connect
    sock = _open_socket(addrinfo_list, options.sockopt, options.timeout)
  File "/opt/anaconda3/lib/python3.13/site-packages/websocket/_http.py", line 205, in _open_socket
    raise err
  File "/opt/anaconda3/lib/python3.13/site-packages/websocket/_http.py", line 185, in _open_socket
    sock.connect(address)
    ~~~~~~~~~~~~^^^^^^^^^
ConnectionRefusedError: [Errno 61] Connection refused
[I 2026-06-02 11:52:15,906 minium wx_minium#835 connect_dev_tool] Trying to connect Dev tool ...
[E 2026-06-02 11:52:15,947 minium.Conn9504 connection#642 _on_error] [Errno 61] Connection refused
[I 2026-06-02 11:52:15,953 minium.Conn9504 connection#377 _ws_run_forever] websocket run forever shutdown
[E 2026-06-02 11:52:15,953 minium wx_minium#848 connect_dev_tool] [Errno 61] Connection refused
Traceback (most recent call last):
  File "/opt/anaconda3/lib/python3.13/site-packages/minium/miniprogram/wx_minium.py", line 836, in connect_dev_tool
    self.connection = Connection.create(
                      ~~~~~~~~~~~~~~~~~^
        self.uri, timeout=self.conf.get("request_timeout")
        ^^^^^^^^^^^^^^^^^^^^^^^^^^^^^^^^^^^^^^^^^^^^^^^^^^
    )
    ^
  File "/opt/anaconda3/lib/python3.13/site-packages/minium/miniprogram/base_driver/connection.py", line 168, in create
    instance = cls(uri, *args, **kwargs)
  File "/opt/anaconda3/lib/python3.13/site-packages/minium/miniprogram/base_driver/connection.py", line 209, in __init__
    self._connect()
    ~~~~~~~~~~~~~^^
  File "/opt/anaconda3/lib/python3.13/site-packages/minium/miniprogram/base_driver/connection.py", line 361, in _connect
    raise error_callback.result
  File "/opt/anaconda3/lib/python3.13/site-packages/websocket/_app.py", line 327, in run_forever
    self.sock.connect(
    ~~~~~~~~~~~~~~~~~^
        self.url, header=self.header, cookie=self.cookie,
        ^^^^^^^^^^^^^^^^^^^^^^^^^^^^^^^^^^^^^^^^^^^^^^^^^
    ...<3 lines>...
        host=host, origin=origin, suppress_origin=suppress_origin,
        ^^^^^^^^^^^^^^^^^^^^^^^^^^^^^^^^^^^^^^^^^^^^^^^^^^^^^^^^^^
        proxy_type=proxy_type, socket=self.prepared_socket)
        ^^^^^^^^^^^^^^^^^^^^^^^^^^^^^^^^^^^^^^^^^^^^^^^^^^^
  File "/opt/anaconda3/lib/python3.13/site-packages/websocket/_core.py", line 244, in connect
    self.sock, addrs = connect(url, self.sock_opt, proxy_info(**options),
                       ~~~~~~~^^^^^^^^^^^^^^^^^^^^^^^^^^^^^^^^^^^^^^^^^^^
                               options.pop('socket', None))
                               ^^^^^^^^^^^^^^^^^^^^^^^^^^^^
  File "/opt/anaconda3/lib/python3.13/site-packages/websocket/_http.py", line 130, in connect
    sock = _open_socket(addrinfo_list, options.sockopt, options.timeout)
  File "/opt/anaconda3/lib/python3.13/site-packages/websocket/_http.py", line 205, in _open_socket
    raise err
  File "/opt/anaconda3/lib/python3.13/site-packages/websocket/_http.py", line 185, in _open_socket
    sock.connect(address)
    ~~~~~~~~~~~~^^^^^^^^^
ConnectionRefusedError: [Errno 61] Connection refused
[I 2026-06-02 11:52:15,954 minium wx_minium#835 connect_dev_tool] Trying to connect Dev tool ...
[E 2026-06-02 11:52:15,990 minium.Conn2704 connection#642 _on_error] [Errno 61] Connection refused
[I 2026-06-02 11:52:15,990 minium.Conn2704 connection#377 _ws_run_forever] websocket run forever shutdown
[E 2026-06-02 11:52:15,990 minium wx_minium#848 connect_dev_tool] [Errno 61] Connection refused
Traceback (most recent call last):
  File "/opt/anaconda3/lib/python3.13/site-packages/minium/miniprogram/wx_minium.py", line 836, in connect_dev_tool
    self.connection = Connection.create(
                      ~~~~~~~~~~~~~~~~~^
        self.uri, timeout=self.conf.get("request_timeout")
        ^^^^^^^^^^^^^^^^^^^^^^^^^^^^^^^^^^^^^^^^^^^^^^^^^^
    )
    ^
  File "/opt/anaconda3/lib/python3.13/site-packages/minium/miniprogram/base_driver/connection.py", line 168, in create
    instance = cls(uri, *args, **kwargs)
  File "/opt/anaconda3/lib/python3.13/site-packages/minium/miniprogram/base_driver/connection.py", line 209, in __init__
    self._connect()
    ~~~~~~~~~~~~~^^
  File "/opt/anaconda3/lib/python3.13/site-packages/minium/miniprogram/base_driver/connection.py", line 361, in _connect
    raise error_callback.result
  File "/opt/anaconda3/lib/python3.13/site-packages/websocket/_app.py", line 327, in run_forever
    self.sock.connect(
    ~~~~~~~~~~~~~~~~~^
        self.url, header=self.header, cookie=self.cookie,
        ^^^^^^^^^^^^^^^^^^^^^^^^^^^^^^^^^^^^^^^^^^^^^^^^^
    ...<3 lines>...
        host=host, origin=origin, suppress_origin=suppress_origin,
        ^^^^^^^^^^^^^^^^^^^^^^^^^^^^^^^^^^^^^^^^^^^^^^^^^^^^^^^^^^
        proxy_type=proxy_type, socket=self.prepared_socket)
        ^^^^^^^^^^^^^^^^^^^^^^^^^^^^^^^^^^^^^^^^^^^^^^^^^^^
  File "/opt/anaconda3/lib/python3.13/site-packages/websocket/_core.py", line 244, in connect
    self.sock, addrs = connect(url, self.sock_opt, proxy_info(**options),
                       ~~~~~~~^^^^^^^^^^^^^^^^^^^^^^^^^^^^^^^^^^^^^^^^^^^
                               options.pop('socket', None))
                               ^^^^^^^^^^^^^^^^^^^^^^^^^^^^
  File "/opt/anaconda3/lib/python3.13/site-packages/websocket/_http.py", line 130, in connect
    sock = _open_socket(addrinfo_list, options.sockopt, options.timeout)
  File "/opt/anaconda3/lib/python3.13/site-packages/websocket/_http.py", line 205, in _open_socket
    raise err
  File "/opt/anaconda3/lib/python3.13/site-packages/websocket/_http.py", line 185, in _open_socket
    sock.connect(address)
    ~~~~~~~~~~~~^^^^^^^^^
ConnectionRefusedError: [Errno 61] Connection refused
[E 2026-06-02 11:52:15,991 minium wx_minium#797 launch_dev_tool] three times try to connect Dev tool has all fail ..., restart now...
[I 2026-06-02 11:52:15,991 minium wx_minium#811 launch_dev_tool] Starting dev tool again...
[I 2026-06-02 11:52:15,991 minium minium_object#83 _do_shell] de shell: /Applications/wechatwebdevtools.app/Contents/MacOS/cli auto --project "/Users/haha/greatMan/projects/wechat-mini/2026-04-26-family-party-games" --auto-port 63518
[I 2026-06-02 11:52:30,434 minium minium_object#101 _do_shell] err:
- initialize

✔ IDE server has started, listening on http://127.0.0.1:32412
- preparing
- Fetching AppID () permissions
✔ Using AppID: wx73314ee6734cdfa0
✔ auto

[I 2026-06-02 11:52:30,434 minium minium_object#102 _do_shell] out:

[I 2026-06-02 11:52:30,434 minium wx_minium#816 launch_dev_tool] Restart success
[I 2026-06-02 11:52:35,440 minium wx_minium#835 connect_dev_tool] Trying to connect Dev tool ...
[E 2026-06-02 11:52:35,478 minium.Conn6128 connection#642 _on_error] [Errno 61] Connection refused
[I 2026-06-02 11:52:35,484 minium.Conn6128 connection#377 _ws_run_forever] websocket run forever shutdown
[E 2026-06-02 11:52:35,491 minium wx_minium#848 connect_dev_tool] [Errno 61] Connection refused
Traceback (most recent call last):
  File "/opt/anaconda3/lib/python3.13/site-packages/minium/miniprogram/wx_minium.py", line 836, in connect_dev_tool
    self.connection = Connection.create(
                      ~~~~~~~~~~~~~~~~~^
        self.uri, timeout=self.conf.get("request_timeout")
        ^^^^^^^^^^^^^^^^^^^^^^^^^^^^^^^^^^^^^^^^^^^^^^^^^^
    )
    ^
  File "/opt/anaconda3/lib/python3.13/site-packages/minium/miniprogram/base_driver/connection.py", line 168, in create
    instance = cls(uri, *args, **kwargs)
  File "/opt/anaconda3/lib/python3.13/site-packages/minium/miniprogram/base_driver/connection.py", line 209, in __init__
    self._connect()
    ~~~~~~~~~~~~~^^
  File "/opt/anaconda3/lib/python3.13/site-packages/minium/miniprogram/base_driver/connection.py", line 361, in _connect
    raise error_callback.result
  File "/opt/anaconda3/lib/python3.13/site-packages/websocket/_app.py", line 327, in run_forever
    self.sock.connect(
    ~~~~~~~~~~~~~~~~~^
        self.url, header=self.header, cookie=self.cookie,
        ^^^^^^^^^^^^^^^^^^^^^^^^^^^^^^^^^^^^^^^^^^^^^^^^^
    ...<3 lines>...
        host=host, origin=origin, suppress_origin=suppress_origin,
        ^^^^^^^^^^^^^^^^^^^^^^^^^^^^^^^^^^^^^^^^^^^^^^^^^^^^^^^^^^
        proxy_type=proxy_type, socket=self.prepared_socket)
        ^^^^^^^^^^^^^^^^^^^^^^^^^^^^^^^^^^^^^^^^^^^^^^^^^^^
  File "/opt/anaconda3/lib/python3.13/site-packages/websocket/_core.py", line 244, in connect
    self.sock, addrs = connect(url, self.sock_opt, proxy_info(**options),
                       ~~~~~~~^^^^^^^^^^^^^^^^^^^^^^^^^^^^^^^^^^^^^^^^^^^
                               options.pop('socket', None))
                               ^^^^^^^^^^^^^^^^^^^^^^^^^^^^
  File "/opt/anaconda3/lib/python3.13/site-packages/websocket/_http.py", line 130, in connect
    sock = _open_socket(addrinfo_list, options.sockopt, options.timeout)
  File "/opt/anaconda3/lib/python3.13/site-packages/websocket/_http.py", line 205, in _open_socket
    raise err
  File "/opt/anaconda3/lib/python3.13/site-packages/websocket/_http.py", line 185, in _open_socket
    sock.connect(address)
    ~~~~~~~~~~~~^^^^^^^^^
ConnectionRefusedError: [Errno 61] Connection refused

During handling of the above exception, another exception occurred:

Traceback (most recent call last):
  File "/opt/anaconda3/lib/python3.13/site-packages/minium/miniprogram/wx_minium.py", line 793, in launch_dev_tool
    self.connect_dev_tool(is_port_in_use)
    ~~~~~~~~~~~~~~~~~~~~~^^^^^^^^^^^^^^^^
  File "/opt/anaconda3/lib/python3.13/site-packages/minium/miniprogram/base_driver/minium_log.py", line 148, in wrapper
    result = func(*args, **kwargs)
  File "/opt/anaconda3/lib/python3.13/site-packages/minium/miniprogram/wx_minium.py", line 851, in connect_dev_tool
    raise MiniConnectError(
        "three times try to connect Dev tool has all fail ..."
    )
minium.framework.exception.MiniConnectError: three times try to connect Dev tool has all fail ...

During handling of the above exception, another exception occurred:

Traceback (most recent call last):
  File "/opt/anaconda3/lib/python3.13/site-packages/minium/miniprogram/wx_minium.py", line 836, in connect_dev_tool
    self.connection = Connection.create(
                      ~~~~~~~~~~~~~~~~~^
        self.uri, timeout=self.conf.get("request_timeout")
        ^^^^^^^^^^^^^^^^^^^^^^^^^^^^^^^^^^^^^^^^^^^^^^^^^^
    )
    ^
  File "/opt/anaconda3/lib/python3.13/site-packages/minium/miniprogram/base_driver/connection.py", line 168, in create
    instance = cls(uri, *args, **kwargs)
  File "/opt/anaconda3/lib/python3.13/site-packages/minium/miniprogram/base_driver/connection.py", line 209, in __init__
    self._connect()
    ~~~~~~~~~~~~~^^
  File "/opt/anaconda3/lib/python3.13/site-packages/minium/miniprogram/base_driver/connection.py", line 361, in _connect
    raise error_callback.result
  File "/opt/anaconda3/lib/python3.13/site-packages/websocket/_app.py", line 327, in run_forever
    self.sock.connect(
    ~~~~~~~~~~~~~~~~~^
        self.url, header=self.header, cookie=self.cookie,
        ^^^^^^^^^^^^^^^^^^^^^^^^^^^^^^^^^^^^^^^^^^^^^^^^^
    ...<3 lines>...
        host=host, origin=origin, suppress_origin=suppress_origin,
        ^^^^^^^^^^^^^^^^^^^^^^^^^^^^^^^^^^^^^^^^^^^^^^^^^^^^^^^^^^
        proxy_type=proxy_type, socket=self.prepared_socket)
        ^^^^^^^^^^^^^^^^^^^^^^^^^^^^^^^^^^^^^^^^^^^^^^^^^^^
  File "/opt/anaconda3/lib/python3.13/site-packages/websocket/_core.py", line 244, in connect
    self.sock, addrs = connect(url, self.sock_opt, proxy_info(**options),
                       ~~~~~~~^^^^^^^^^^^^^^^^^^^^^^^^^^^^^^^^^^^^^^^^^^^
                               options.pop('socket', None))
                               ^^^^^^^^^^^^^^^^^^^^^^^^^^^^
  File "/opt/anaconda3/lib/python3.13/site-packages/websocket/_http.py", line 130, in connect
    sock = _open_socket(addrinfo_list, options.sockopt, options.timeout)
  File "/opt/anaconda3/lib/python3.13/site-packages/websocket/_http.py", line 205, in _open_socket
    raise err
  File "/opt/anaconda3/lib/python3.13/site-packages/websocket/_http.py", line 185, in _open_socket
    sock.connect(address)
    ~~~~~~~~~~~~^^^^^^^^^
ConnectionRefusedError: [Errno 61] Connection refused
[I 2026-06-02 11:52:35,503 minium wx_minium#835 connect_dev_tool] Trying to connect Dev tool ...
[E 2026-06-02 11:52:35,542 minium.Conn9472 connection#642 _on_error] [Errno 61] Connection refused
[I 2026-06-02 11:52:35,554 minium.Conn9472 connection#377 _ws_run_forever] websocket run forever shutdown
[E 2026-06-02 11:52:35,561 minium wx_minium#848 connect_dev_tool] [Errno 61] Connection refused
Traceback (most recent call last):
  File "/opt/anaconda3/lib/python3.13/site-packages/minium/miniprogram/wx_minium.py", line 836, in connect_dev_tool
    self.connection = Connection.create(
                      ~~~~~~~~~~~~~~~~~^
        self.uri, timeout=self.conf.get("request_timeout")
        ^^^^^^^^^^^^^^^^^^^^^^^^^^^^^^^^^^^^^^^^^^^^^^^^^^
    )
    ^
  File "/opt/anaconda3/lib/python3.13/site-packages/minium/miniprogram/base_driver/connection.py", line 168, in create
    instance = cls(uri, *args, **kwargs)
  File "/opt/anaconda3/lib/python3.13/site-packages/minium/miniprogram/base_driver/connection.py", line 209, in __init__
    self._connect()
    ~~~~~~~~~~~~~^^
  File "/opt/anaconda3/lib/python3.13/site-packages/minium/miniprogram/base_driver/connection.py", line 361, in _connect
    raise error_callback.result
  File "/opt/anaconda3/lib/python3.13/site-packages/websocket/_app.py", line 327, in run_forever
    self.sock.connect(
    ~~~~~~~~~~~~~~~~~^
        self.url, header=self.header, cookie=self.cookie,
        ^^^^^^^^^^^^^^^^^^^^^^^^^^^^^^^^^^^^^^^^^^^^^^^^^
    ...<3 lines>...
        host=host, origin=origin, suppress_origin=suppress_origin,
        ^^^^^^^^^^^^^^^^^^^^^^^^^^^^^^^^^^^^^^^^^^^^^^^^^^^^^^^^^^
        proxy_type=proxy_type, socket=self.prepared_socket)
        ^^^^^^^^^^^^^^^^^^^^^^^^^^^^^^^^^^^^^^^^^^^^^^^^^^^
  File "/opt/anaconda3/lib/python3.13/site-packages/websocket/_core.py", line 244, in connect
    self.sock, addrs = connect(url, self.sock_opt, proxy_info(**options),
                       ~~~~~~~^^^^^^^^^^^^^^^^^^^^^^^^^^^^^^^^^^^^^^^^^^^
                               options.pop('socket', None))
                               ^^^^^^^^^^^^^^^^^^^^^^^^^^^^
  File "/opt/anaconda3/lib/python3.13/site-packages/websocket/_http.py", line 130, in connect
    sock = _open_socket(addrinfo_list, options.sockopt, options.timeout)
  File "/opt/anaconda3/lib/python3.13/site-packages/websocket/_http.py", line 205, in _open_socket
    raise err
  File "/opt/anaconda3/lib/python3.13/site-packages/websocket/_http.py", line 185, in _open_socket
    sock.connect(address)
    ~~~~~~~~~~~~^^^^^^^^^
ConnectionRefusedError: [Errno 61] Connection refused

During handling of the above exception, another exception occurred:

Traceback (most recent call last):
  File "/opt/anaconda3/lib/python3.13/site-packages/minium/miniprogram/wx_minium.py", line 793, in launch_dev_tool
    self.connect_dev_tool(is_port_in_use)
    ~~~~~~~~~~~~~~~~~~~~~^^^^^^^^^^^^^^^^
  File "/opt/anaconda3/lib/python3.13/site-packages/minium/miniprogram/base_driver/minium_log.py", line 148, in wrapper
    result = func(*args, **kwargs)
  File "/opt/anaconda3/lib/python3.13/site-packages/minium/miniprogram/wx_minium.py", line 851, in connect_dev_tool
    raise MiniConnectError(
        "three times try to connect Dev tool has all fail ..."
    )
minium.framework.exception.MiniConnectError: three times try to connect Dev tool has all fail ...

During handling of the above exception, another exception occurred:

Traceback (most recent call last):
  File "/opt/anaconda3/lib/python3.13/site-packages/minium/miniprogram/wx_minium.py", line 836, in connect_dev_tool
    self.connection = Connection.create(
                      ~~~~~~~~~~~~~~~~~^
        self.uri, timeout=self.conf.get("request_timeout")
        ^^^^^^^^^^^^^^^^^^^^^^^^^^^^^^^^^^^^^^^^^^^^^^^^^^
    )
    ^
  File "/opt/anaconda3/lib/python3.13/site-packages/minium/miniprogram/base_driver/connection.py", line 168, in create
    instance = cls(uri, *args, **kwargs)
  File "/opt/anaconda3/lib/python3.13/site-packages/minium/miniprogram/base_driver/connection.py", line 209, in __init__
    self._connect()
    ~~~~~~~~~~~~~^^
  File "/opt/anaconda3/lib/python3.13/site-packages/minium/miniprogram/base_driver/connection.py", line 361, in _connect
    raise error_callback.result
  File "/opt/anaconda3/lib/python3.13/site-packages/websocket/_app.py", line 327, in run_forever
    self.sock.connect(
    ~~~~~~~~~~~~~~~~~^
        self.url, header=self.header, cookie=self.cookie,
        ^^^^^^^^^^^^^^^^^^^^^^^^^^^^^^^^^^^^^^^^^^^^^^^^^
    ...<3 lines>...
        host=host, origin=origin, suppress_origin=suppress_origin,
        ^^^^^^^^^^^^^^^^^^^^^^^^^^^^^^^^^^^^^^^^^^^^^^^^^^^^^^^^^^
        proxy_type=proxy_type, socket=self.prepared_socket)
        ^^^^^^^^^^^^^^^^^^^^^^^^^^^^^^^^^^^^^^^^^^^^^^^^^^^
  File "/opt/anaconda3/lib/python3.13/site-packages/websocket/_core.py", line 244, in connect
    self.sock, addrs = connect(url, self.sock_opt, proxy_info(**options),
                       ~~~~~~~^^^^^^^^^^^^^^^^^^^^^^^^^^^^^^^^^^^^^^^^^^^
                               options.pop('socket', None))
                               ^^^^^^^^^^^^^^^^^^^^^^^^^^^^
  File "/opt/anaconda3/lib/python3.13/site-packages/websocket/_http.py", line 130, in connect
    sock = _open_socket(addrinfo_list, options.sockopt, options.timeout)
  File "/opt/anaconda3/lib/python3.13/site-packages/websocket/_http.py", line 205, in _open_socket
    raise err
  File "/opt/anaconda3/lib/python3.13/site-packages/websocket/_http.py", line 185, in _open_socket
    sock.connect(address)
    ~~~~~~~~~~~~^^^^^^^^^
ConnectionRefusedError: [Errno 61] Connection refused
[I 2026-06-02 11:52:35,562 minium wx_minium#835 connect_dev_tool] Trying to connect Dev tool ...
[E 2026-06-02 11:52:35,609 minium.Conn9168 connection#642 _on_error] [Errno 61] Connection refused
[I 2026-06-02 11:52:35,615 minium.Conn9168 connection#377 _ws_run_forever] websocket run forever shutdown
[E 2026-06-02 11:52:35,615 minium wx_minium#848 connect_dev_tool] [Errno 61] Connection refused
Traceback (most recent call last):
  File "/opt/anaconda3/lib/python3.13/site-packages/minium/miniprogram/wx_minium.py", line 836, in connect_dev_tool
    self.connection = Connection.create(
                      ~~~~~~~~~~~~~~~~~^
        self.uri, timeout=self.conf.get("request_timeout")
        ^^^^^^^^^^^^^^^^^^^^^^^^^^^^^^^^^^^^^^^^^^^^^^^^^^
    )
    ^
  File "/opt/anaconda3/lib/python3.13/site-packages/minium/miniprogram/base_driver/connection.py", line 168, in create
    instance = cls(uri, *args, **kwargs)
  File "/opt/anaconda3/lib/python3.13/site-packages/minium/miniprogram/base_driver/connection.py", line 209, in __init__
    self._connect()
    ~~~~~~~~~~~~~^^
  File "/opt/anaconda3/lib/python3.13/site-packages/minium/miniprogram/base_driver/connection.py", line 361, in _connect
    raise error_callback.result
  File "/opt/anaconda3/lib/python3.13/site-packages/websocket/_app.py", line 327, in run_forever
    self.sock.connect(
    ~~~~~~~~~~~~~~~~~^
        self.url, header=self.header, cookie=self.cookie,
        ^^^^^^^^^^^^^^^^^^^^^^^^^^^^^^^^^^^^^^^^^^^^^^^^^
    ...<3 lines>...
        host=host, origin=origin, suppress_origin=suppress_origin,
        ^^^^^^^^^^^^^^^^^^^^^^^^^^^^^^^^^^^^^^^^^^^^^^^^^^^^^^^^^^
        proxy_type=proxy_type, socket=self.prepared_socket)
        ^^^^^^^^^^^^^^^^^^^^^^^^^^^^^^^^^^^^^^^^^^^^^^^^^^^
  File "/opt/anaconda3/lib/python3.13/site-packages/websocket/_core.py", line 244, in connect
    self.sock, addrs = connect(url, self.sock_opt, proxy_info(**options),
                       ~~~~~~~^^^^^^^^^^^^^^^^^^^^^^^^^^^^^^^^^^^^^^^^^^^
                               options.pop('socket', None))
                               ^^^^^^^^^^^^^^^^^^^^^^^^^^^^
  File "/opt/anaconda3/lib/python3.13/site-packages/websocket/_http.py", line 130, in connect
    sock = _open_socket(addrinfo_list, options.sockopt, options.timeout)
  File "/opt/anaconda3/lib/python3.13/site-packages/websocket/_http.py", line 205, in _open_socket
    raise err
  File "/opt/anaconda3/lib/python3.13/site-packages/websocket/_http.py", line 185, in _open_socket
    sock.connect(address)
    ~~~~~~~~~~~~^^^^^^^^^
ConnectionRefusedError: [Errno 61] Connection refused

During handling of the above exception, another exception occurred:

Traceback (most recent call last):
  File "/opt/anaconda3/lib/python3.13/site-packages/minium/miniprogram/wx_minium.py", line 793, in launch_dev_tool
    self.connect_dev_tool(is_port_in_use)
    ~~~~~~~~~~~~~~~~~~~~~^^^^^^^^^^^^^^^^
  File "/opt/anaconda3/lib/python3.13/site-packages/minium/miniprogram/base_driver/minium_log.py", line 148, in wrapper
    result = func(*args, **kwargs)
  File "/opt/anaconda3/lib/python3.13/site-packages/minium/miniprogram/wx_minium.py", line 851, in connect_dev_tool
    raise MiniConnectError(
        "three times try to connect Dev tool has all fail ..."
    )
minium.framework.exception.MiniConnectError: three times try to connect Dev tool has all fail ...

During handling of the above exception, another exception occurred:

Traceback (most recent call last):
  File "/opt/anaconda3/lib/python3.13/site-packages/minium/miniprogram/wx_minium.py", line 836, in connect_dev_tool
    self.connection = Connection.create(
                      ~~~~~~~~~~~~~~~~~^
        self.uri, timeout=self.conf.get("request_timeout")
        ^^^^^^^^^^^^^^^^^^^^^^^^^^^^^^^^^^^^^^^^^^^^^^^^^^
    )
    ^
  File "/opt/anaconda3/lib/python3.13/site-packages/minium/miniprogram/base_driver/connection.py", line 168, in create
    instance = cls(uri, *args, **kwargs)
  File "/opt/anaconda3/lib/python3.13/site-packages/minium/miniprogram/base_driver/connection.py", line 209, in __init__
    self._connect()
    ~~~~~~~~~~~~~^^
  File "/opt/anaconda3/lib/python3.13/site-packages/minium/miniprogram/base_driver/connection.py", line 361, in _connect
    raise error_callback.result
  File "/opt/anaconda3/lib/python3.13/site-packages/websocket/_app.py", line 327, in run_forever
    self.sock.connect(
    ~~~~~~~~~~~~~~~~~^
        self.url, header=self.header, cookie=self.cookie,
        ^^^^^^^^^^^^^^^^^^^^^^^^^^^^^^^^^^^^^^^^^^^^^^^^^
    ...<3 lines>...
        host=host, origin=origin, suppress_origin=suppress_origin,
        ^^^^^^^^^^^^^^^^^^^^^^^^^^^^^^^^^^^^^^^^^^^^^^^^^^^^^^^^^^
        proxy_type=proxy_type, socket=self.prepared_socket)
        ^^^^^^^^^^^^^^^^^^^^^^^^^^^^^^^^^^^^^^^^^^^^^^^^^^^
  File "/opt/anaconda3/lib/python3.13/site-packages/websocket/_core.py", line 244, in connect
    self.sock, addrs = connect(url, self.sock_opt, proxy_info(**options),
                       ~~~~~~~^^^^^^^^^^^^^^^^^^^^^^^^^^^^^^^^^^^^^^^^^^^
                               options.pop('socket', None))
                               ^^^^^^^^^^^^^^^^^^^^^^^^^^^^
  File "/opt/anaconda3/lib/python3.13/site-packages/websocket/_http.py", line 130, in connect
    sock = _open_socket(addrinfo_list, options.sockopt, options.timeout)
  File "/opt/anaconda3/lib/python3.13/site-packages/websocket/_http.py", line 205, in _open_socket
    raise err
  File "/opt/anaconda3/lib/python3.13/site-packages/websocket/_http.py", line 185, in _open_socket
    sock.connect(address)
    ~~~~~~~~~~~~^^^^^^^^^
ConnectionRefusedError: [Errno 61] Connection refused
[I 2026-06-02 11:55:14,654 minium minitest#202 init_miniprogram] start init miniprogram
[I 2026-06-02 11:55:14,656 minium basenative#59 wrapper] call IdeNative.start_wechat
[I 2026-06-02 11:55:14,656 minium basenative#63 wrapper] call IdeNative.start_wechat end None
[I 2026-06-02 11:55:14,656 minium wx_minium#738 launch_dev_tool] Starting dev tool and launch MiniProgram project ...
[I 2026-06-02 11:55:14,657 minium minium_object#83 _do_shell] de shell: /Applications/wechatwebdevtools.app/Contents/MacOS/cli auto --project "/Users/haha/greatMan/projects/wechat-mini/2026-04-26-family-party-games" --auto-port 9420
[I 2026-06-02 11:55:16,572 minium minium_object#101 _do_shell] err:
- initialize

✔ IDE server has started, listening on http://127.0.0.1:32412
- preparing
- Fetching AppID () permissions
✔ Using AppID: wx73314ee6734cdfa0
✔ auto

[I 2026-06-02 11:55:16,573 minium minium_object#102 _do_shell] out:

[I 2026-06-02 11:55:21,575 minium wx_minium#835 connect_dev_tool] Trying to connect Dev tool ...
[E 2026-06-02 11:55:23,217 minium.Conn2928 connection#642 _on_error] [Errno 54] Connection reset by peer
[I 2026-06-02 11:55:23,217 minium.Conn2928 connection#377 _ws_run_forever] websocket run forever shutdown
[E 2026-06-02 11:55:23,218 minium wx_minium#848 connect_dev_tool] [Errno 54] Connection reset by peer
Traceback (most recent call last):
  File "/opt/anaconda3/lib/python3.13/site-packages/minium/miniprogram/wx_minium.py", line 836, in connect_dev_tool
    self.connection = Connection.create(
                      ~~~~~~~~~~~~~~~~~^
        self.uri, timeout=self.conf.get("request_timeout")
        ^^^^^^^^^^^^^^^^^^^^^^^^^^^^^^^^^^^^^^^^^^^^^^^^^^
    )
    ^
  File "/opt/anaconda3/lib/python3.13/site-packages/minium/miniprogram/base_driver/connection.py", line 168, in create
    instance = cls(uri, *args, **kwargs)
  File "/opt/anaconda3/lib/python3.13/site-packages/minium/miniprogram/base_driver/connection.py", line 209, in __init__
    self._connect()
    ~~~~~~~~~~~~~^^
  File "/opt/anaconda3/lib/python3.13/site-packages/minium/miniprogram/base_driver/connection.py", line 361, in _connect
    raise error_callback.result
  File "/opt/anaconda3/lib/python3.13/site-packages/websocket/_app.py", line 327, in run_forever
    self.sock.connect(
    ~~~~~~~~~~~~~~~~~^
        self.url, header=self.header, cookie=self.cookie,
        ^^^^^^^^^^^^^^^^^^^^^^^^^^^^^^^^^^^^^^^^^^^^^^^^^
    ...<3 lines>...
        host=host, origin=origin, suppress_origin=suppress_origin,
        ^^^^^^^^^^^^^^^^^^^^^^^^^^^^^^^^^^^^^^^^^^^^^^^^^^^^^^^^^^
        proxy_type=proxy_type, socket=self.prepared_socket)
        ^^^^^^^^^^^^^^^^^^^^^^^^^^^^^^^^^^^^^^^^^^^^^^^^^^^
  File "/opt/anaconda3/lib/python3.13/site-packages/websocket/_core.py", line 248, in connect
    self.handshake_response = handshake(self.sock, url, *addrs, **options)
                              ~~~~~~~~~^^^^^^^^^^^^^^^^^^^^^^^^^^^^^^^^^^^
  File "/opt/anaconda3/lib/python3.13/site-packages/websocket/_handshake.py", line 57, in handshake
    status, resp = _get_resp_headers(sock)
                   ~~~~~~~~~~~~~~~~~^^^^^^
  File "/opt/anaconda3/lib/python3.13/site-packages/websocket/_handshake.py", line 146, in _get_resp_headers
    status, resp_headers, status_message = read_headers(sock)
                                           ~~~~~~~~~~~~^^^^^^
  File "/opt/anaconda3/lib/python3.13/site-packages/websocket/_http.py", line 312, in read_headers
    line = recv_line(sock)
  File "/opt/anaconda3/lib/python3.13/site-packages/websocket/_socket.py", line 131, in recv_line
    c = recv(sock, 1)
  File "/opt/anaconda3/lib/python3.13/site-packages/websocket/_socket.py", line 108, in recv
    bytes_ = _recv()
  File "/opt/anaconda3/lib/python3.13/site-packages/websocket/_socket.py", line 87, in _recv
    return sock.recv(bufsize)
           ~~~~~~~~~^^^^^^^^^
ConnectionResetError: [Errno 54] Connection reset by peer
[I 2026-06-02 11:55:23,260 minium wx_minium#835 connect_dev_tool] Trying to connect Dev tool ...
[E 2026-06-02 11:55:23,290 minium.Conn2992 connection#642 _on_error] [Errno 61] Connection refused
[I 2026-06-02 11:55:23,290 minium.Conn2992 connection#377 _ws_run_forever] websocket run forever shutdown
[E 2026-06-02 11:55:23,297 minium wx_minium#848 connect_dev_tool] [Errno 61] Connection refused
Traceback (most recent call last):
  File "/opt/anaconda3/lib/python3.13/site-packages/minium/miniprogram/wx_minium.py", line 836, in connect_dev_tool
    self.connection = Connection.create(
                      ~~~~~~~~~~~~~~~~~^
        self.uri, timeout=self.conf.get("request_timeout")
        ^^^^^^^^^^^^^^^^^^^^^^^^^^^^^^^^^^^^^^^^^^^^^^^^^^
    )
    ^
  File "/opt/anaconda3/lib/python3.13/site-packages/minium/miniprogram/base_driver/connection.py", line 168, in create
    instance = cls(uri, *args, **kwargs)
  File "/opt/anaconda3/lib/python3.13/site-packages/minium/miniprogram/base_driver/connection.py", line 209, in __init__
    self._connect()
    ~~~~~~~~~~~~~^^
  File "/opt/anaconda3/lib/python3.13/site-packages/minium/miniprogram/base_driver/connection.py", line 361, in _connect
    raise error_callback.result
  File "/opt/anaconda3/lib/python3.13/site-packages/websocket/_app.py", line 327, in run_forever
    self.sock.connect(
    ~~~~~~~~~~~~~~~~~^
        self.url, header=self.header, cookie=self.cookie,
        ^^^^^^^^^^^^^^^^^^^^^^^^^^^^^^^^^^^^^^^^^^^^^^^^^
    ...<3 lines>...
        host=host, origin=origin, suppress_origin=suppress_origin,
        ^^^^^^^^^^^^^^^^^^^^^^^^^^^^^^^^^^^^^^^^^^^^^^^^^^^^^^^^^^
        proxy_type=proxy_type, socket=self.prepared_socket)
        ^^^^^^^^^^^^^^^^^^^^^^^^^^^^^^^^^^^^^^^^^^^^^^^^^^^
  File "/opt/anaconda3/lib/python3.13/site-packages/websocket/_core.py", line 244, in connect
    self.sock, addrs = connect(url, self.sock_opt, proxy_info(**options),
                       ~~~~~~~^^^^^^^^^^^^^^^^^^^^^^^^^^^^^^^^^^^^^^^^^^^
                               options.pop('socket', None))
                               ^^^^^^^^^^^^^^^^^^^^^^^^^^^^
  File "/opt/anaconda3/lib/python3.13/site-packages/websocket/_http.py", line 130, in connect
    sock = _open_socket(addrinfo_list, options.sockopt, options.timeout)
  File "/opt/anaconda3/lib/python3.13/site-packages/websocket/_http.py", line 205, in _open_socket
    raise err
  File "/opt/anaconda3/lib/python3.13/site-packages/websocket/_http.py", line 185, in _open_socket
    sock.connect(address)
    ~~~~~~~~~~~~^^^^^^^^^
ConnectionRefusedError: [Errno 61] Connection refused
[I 2026-06-02 11:55:23,298 minium wx_minium#835 connect_dev_tool] Trying to connect Dev tool ...
[E 2026-06-02 11:55:23,336 minium.Conn6192 connection#642 _on_error] [Errno 61] Connection refused
[I 2026-06-02 11:55:23,336 minium.Conn6192 connection#377 _ws_run_forever] websocket run forever shutdown
[E 2026-06-02 11:55:23,337 minium wx_minium#848 connect_dev_tool] [Errno 61] Connection refused
Traceback (most recent call last):
  File "/opt/anaconda3/lib/python3.13/site-packages/minium/miniprogram/wx_minium.py", line 836, in connect_dev_tool
    self.connection = Connection.create(
                      ~~~~~~~~~~~~~~~~~^
        self.uri, timeout=self.conf.get("request_timeout")
        ^^^^^^^^^^^^^^^^^^^^^^^^^^^^^^^^^^^^^^^^^^^^^^^^^^
    )
    ^
  File "/opt/anaconda3/lib/python3.13/site-packages/minium/miniprogram/base_driver/connection.py", line 168, in create
    instance = cls(uri, *args, **kwargs)
  File "/opt/anaconda3/lib/python3.13/site-packages/minium/miniprogram/base_driver/connection.py", line 209, in __init__
    self._connect()
    ~~~~~~~~~~~~~^^
  File "/opt/anaconda3/lib/python3.13/site-packages/minium/miniprogram/base_driver/connection.py", line 361, in _connect
    raise error_callback.result
  File "/opt/anaconda3/lib/python3.13/site-packages/websocket/_app.py", line 327, in run_forever
    self.sock.connect(
    ~~~~~~~~~~~~~~~~~^
        self.url, header=self.header, cookie=self.cookie,
        ^^^^^^^^^^^^^^^^^^^^^^^^^^^^^^^^^^^^^^^^^^^^^^^^^
    ...<3 lines>...
        host=host, origin=origin, suppress_origin=suppress_origin,
        ^^^^^^^^^^^^^^^^^^^^^^^^^^^^^^^^^^^^^^^^^^^^^^^^^^^^^^^^^^
        proxy_type=proxy_type, socket=self.prepared_socket)
        ^^^^^^^^^^^^^^^^^^^^^^^^^^^^^^^^^^^^^^^^^^^^^^^^^^^
  File "/opt/anaconda3/lib/python3.13/site-packages/websocket/_core.py", line 244, in connect
    self.sock, addrs = connect(url, self.sock_opt, proxy_info(**options),
                       ~~~~~~~^^^^^^^^^^^^^^^^^^^^^^^^^^^^^^^^^^^^^^^^^^^
                               options.pop('socket', None))
                               ^^^^^^^^^^^^^^^^^^^^^^^^^^^^
  File "/opt/anaconda3/lib/python3.13/site-packages/websocket/_http.py", line 130, in connect
    sock = _open_socket(addrinfo_list, options.sockopt, options.timeout)
  File "/opt/anaconda3/lib/python3.13/site-packages/websocket/_http.py", line 205, in _open_socket
    raise err
  File "/opt/anaconda3/lib/python3.13/site-packages/websocket/_http.py", line 185, in _open_socket
    sock.connect(address)
    ~~~~~~~~~~~~^^^^^^^^^
ConnectionRefusedError: [Errno 61] Connection refused
[E 2026-06-02 11:55:23,337 minium wx_minium#797 launch_dev_tool] three times try to connect Dev tool has all fail ..., restart now...
[I 2026-06-02 11:55:23,338 minium wx_minium#811 launch_dev_tool] Starting dev tool again...
[I 2026-06-02 11:55:23,338 minium minium_object#83 _do_shell] de shell: /Applications/wechatwebdevtools.app/Contents/MacOS/cli auto --project "/Users/haha/greatMan/projects/wechat-mini/2026-04-26-family-party-games" --auto-port 9420
[I 2026-06-02 11:55:25,768 minium minium_object#101 _do_shell] err:
- initialize

✔ IDE server has started, listening on http://127.0.0.1:32412
- preparing
- Fetching AppID () permissions
✔ Using AppID: wx73314ee6734cdfa0
✔ auto

[I 2026-06-02 11:55:25,768 minium minium_object#102 _do_shell] out:

[I 2026-06-02 11:55:25,768 minium wx_minium#816 launch_dev_tool] Restart success
[I 2026-06-02 11:55:30,775 minium wx_minium#835 connect_dev_tool] Trying to connect Dev tool ...
[E 2026-06-02 11:55:30,815 minium.Conn8384 connection#642 _on_error] [Errno 61] Connection refused
[I 2026-06-02 11:55:30,827 minium.Conn8384 connection#377 _ws_run_forever] websocket run forever shutdown
[E 2026-06-02 11:55:30,840 minium wx_minium#848 connect_dev_tool] [Errno 61] Connection refused
Traceback (most recent call last):
  File "/opt/anaconda3/lib/python3.13/site-packages/minium/miniprogram/wx_minium.py", line 836, in connect_dev_tool
    self.connection = Connection.create(
                      ~~~~~~~~~~~~~~~~~^
        self.uri, timeout=self.conf.get("request_timeout")
        ^^^^^^^^^^^^^^^^^^^^^^^^^^^^^^^^^^^^^^^^^^^^^^^^^^
    )
    ^
  File "/opt/anaconda3/lib/python3.13/site-packages/minium/miniprogram/base_driver/connection.py", line 168, in create
    instance = cls(uri, *args, **kwargs)
  File "/opt/anaconda3/lib/python3.13/site-packages/minium/miniprogram/base_driver/connection.py", line 209, in __init__
    self._connect()
    ~~~~~~~~~~~~~^^
  File "/opt/anaconda3/lib/python3.13/site-packages/minium/miniprogram/base_driver/connection.py", line 361, in _connect
    raise error_callback.result
  File "/opt/anaconda3/lib/python3.13/site-packages/websocket/_app.py", line 327, in run_forever
    self.sock.connect(
    ~~~~~~~~~~~~~~~~~^
        self.url, header=self.header, cookie=self.cookie,
        ^^^^^^^^^^^^^^^^^^^^^^^^^^^^^^^^^^^^^^^^^^^^^^^^^
    ...<3 lines>...
        host=host, origin=origin, suppress_origin=suppress_origin,
        ^^^^^^^^^^^^^^^^^^^^^^^^^^^^^^^^^^^^^^^^^^^^^^^^^^^^^^^^^^
        proxy_type=proxy_type, socket=self.prepared_socket)
        ^^^^^^^^^^^^^^^^^^^^^^^^^^^^^^^^^^^^^^^^^^^^^^^^^^^
  File "/opt/anaconda3/lib/python3.13/site-packages/websocket/_core.py", line 244, in connect
    self.sock, addrs = connect(url, self.sock_opt, proxy_info(**options),
                       ~~~~~~~^^^^^^^^^^^^^^^^^^^^^^^^^^^^^^^^^^^^^^^^^^^
                               options.pop('socket', None))
                               ^^^^^^^^^^^^^^^^^^^^^^^^^^^^
  File "/opt/anaconda3/lib/python3.13/site-packages/websocket/_http.py", line 130, in connect
    sock = _open_socket(addrinfo_list, options.sockopt, options.timeout)
  File "/opt/anaconda3/lib/python3.13/site-packages/websocket/_http.py", line 205, in _open_socket
    raise err
  File "/opt/anaconda3/lib/python3.13/site-packages/websocket/_http.py", line 185, in _open_socket
    sock.connect(address)
    ~~~~~~~~~~~~^^^^^^^^^
ConnectionRefusedError: [Errno 61] Connection refused

During handling of the above exception, another exception occurred:

Traceback (most recent call last):
  File "/opt/anaconda3/lib/python3.13/site-packages/minium/miniprogram/wx_minium.py", line 793, in launch_dev_tool
    self.connect_dev_tool(is_port_in_use)
    ~~~~~~~~~~~~~~~~~~~~~^^^^^^^^^^^^^^^^
  File "/opt/anaconda3/lib/python3.13/site-packages/minium/miniprogram/base_driver/minium_log.py", line 148, in wrapper
    result = func(*args, **kwargs)
  File "/opt/anaconda3/lib/python3.13/site-packages/minium/miniprogram/wx_minium.py", line 851, in connect_dev_tool
    raise MiniConnectError(
        "three times try to connect Dev tool has all fail ..."
    )
minium.framework.exception.MiniConnectError: three times try to connect Dev tool has all fail ...

During handling of the above exception, another exception occurred:

Traceback (most recent call last):
  File "/opt/anaconda3/lib/python3.13/site-packages/minium/miniprogram/wx_minium.py", line 836, in connect_dev_tool
    self.connection = Connection.create(
                      ~~~~~~~~~~~~~~~~~^
        self.uri, timeout=self.conf.get("request_timeout")
        ^^^^^^^^^^^^^^^^^^^^^^^^^^^^^^^^^^^^^^^^^^^^^^^^^^
    )
    ^
  File "/opt/anaconda3/lib/python3.13/site-packages/minium/miniprogram/base_driver/connection.py", line 168, in create
    instance = cls(uri, *args, **kwargs)
  File "/opt/anaconda3/lib/python3.13/site-packages/minium/miniprogram/base_driver/connection.py", line 209, in __init__
    self._connect()
    ~~~~~~~~~~~~~^^
  File "/opt/anaconda3/lib/python3.13/site-packages/minium/miniprogram/base_driver/connection.py", line 361, in _connect
    raise error_callback.result
  File "/opt/anaconda3/lib/python3.13/site-packages/websocket/_app.py", line 327, in run_forever
    self.sock.connect(
    ~~~~~~~~~~~~~~~~~^
        self.url, header=self.header, cookie=self.cookie,
        ^^^^^^^^^^^^^^^^^^^^^^^^^^^^^^^^^^^^^^^^^^^^^^^^^
    ...<3 lines>...
        host=host, origin=origin, suppress_origin=suppress_origin,
        ^^^^^^^^^^^^^^^^^^^^^^^^^^^^^^^^^^^^^^^^^^^^^^^^^^^^^^^^^^
        proxy_type=proxy_type, socket=self.prepared_socket)
        ^^^^^^^^^^^^^^^^^^^^^^^^^^^^^^^^^^^^^^^^^^^^^^^^^^^
  File "/opt/anaconda3/lib/python3.13/site-packages/websocket/_core.py", line 244, in connect
    self.sock, addrs = connect(url, self.sock_opt, proxy_info(**options),
                       ~~~~~~~^^^^^^^^^^^^^^^^^^^^^^^^^^^^^^^^^^^^^^^^^^^
                               options.pop('socket', None))
                               ^^^^^^^^^^^^^^^^^^^^^^^^^^^^
  File "/opt/anaconda3/lib/python3.13/site-packages/websocket/_http.py", line 130, in connect
    sock = _open_socket(addrinfo_list, options.sockopt, options.timeout)
  File "/opt/anaconda3/lib/python3.13/site-packages/websocket/_http.py", line 205, in _open_socket
    raise err
  File "/opt/anaconda3/lib/python3.13/site-packages/websocket/_http.py", line 185, in _open_socket
    sock.connect(address)
    ~~~~~~~~~~~~^^^^^^^^^
ConnectionRefusedError: [Errno 61] Connection refused
[I 2026-06-02 11:55:30,843 minium wx_minium#835 connect_dev_tool] Trying to connect Dev tool ...
[E 2026-06-02 11:55:30,883 minium.Conn1728 connection#642 _on_error] [Errno 61] Connection refused
[I 2026-06-02 11:55:30,894 minium.Conn1728 connection#377 _ws_run_forever] websocket run forever shutdown
[E 2026-06-02 11:55:30,906 minium wx_minium#848 connect_dev_tool] [Errno 61] Connection refused
Traceback (most recent call last):
  File "/opt/anaconda3/lib/python3.13/site-packages/minium/miniprogram/wx_minium.py", line 836, in connect_dev_tool
    self.connection = Connection.create(
                      ~~~~~~~~~~~~~~~~~^
        self.uri, timeout=self.conf.get("request_timeout")
        ^^^^^^^^^^^^^^^^^^^^^^^^^^^^^^^^^^^^^^^^^^^^^^^^^^
    )
    ^
  File "/opt/anaconda3/lib/python3.13/site-packages/minium/miniprogram/base_driver/connection.py", line 168, in create
    instance = cls(uri, *args, **kwargs)
  File "/opt/anaconda3/lib/python3.13/site-packages/minium/miniprogram/base_driver/connection.py", line 209, in __init__
    self._connect()
    ~~~~~~~~~~~~~^^
  File "/opt/anaconda3/lib/python3.13/site-packages/minium/miniprogram/base_driver/connection.py", line 361, in _connect
    raise error_callback.result
  File "/opt/anaconda3/lib/python3.13/site-packages/websocket/_app.py", line 327, in run_forever
    self.sock.connect(
    ~~~~~~~~~~~~~~~~~^
        self.url, header=self.header, cookie=self.cookie,
        ^^^^^^^^^^^^^^^^^^^^^^^^^^^^^^^^^^^^^^^^^^^^^^^^^
    ...<3 lines>...
        host=host, origin=origin, suppress_origin=suppress_origin,
        ^^^^^^^^^^^^^^^^^^^^^^^^^^^^^^^^^^^^^^^^^^^^^^^^^^^^^^^^^^
        proxy_type=proxy_type, socket=self.prepared_socket)
        ^^^^^^^^^^^^^^^^^^^^^^^^^^^^^^^^^^^^^^^^^^^^^^^^^^^
  File "/opt/anaconda3/lib/python3.13/site-packages/websocket/_core.py", line 244, in connect
    self.sock, addrs = connect(url, self.sock_opt, proxy_info(**options),
                       ~~~~~~~^^^^^^^^^^^^^^^^^^^^^^^^^^^^^^^^^^^^^^^^^^^
                               options.pop('socket', None))
                               ^^^^^^^^^^^^^^^^^^^^^^^^^^^^
  File "/opt/anaconda3/lib/python3.13/site-packages/websocket/_http.py", line 130, in connect
    sock = _open_socket(addrinfo_list, options.sockopt, options.timeout)
  File "/opt/anaconda3/lib/python3.13/site-packages/websocket/_http.py", line 205, in _open_socket
    raise err
  File "/opt/anaconda3/lib/python3.13/site-packages/websocket/_http.py", line 185, in _open_socket
    sock.connect(address)
    ~~~~~~~~~~~~^^^^^^^^^
ConnectionRefusedError: [Errno 61] Connection refused

During handling of the above exception, another exception occurred:

Traceback (most recent call last):
  File "/opt/anaconda3/lib/python3.13/site-packages/minium/miniprogram/wx_minium.py", line 793, in launch_dev_tool
    self.connect_dev_tool(is_port_in_use)
    ~~~~~~~~~~~~~~~~~~~~~^^^^^^^^^^^^^^^^
  File "/opt/anaconda3/lib/python3.13/site-packages/minium/miniprogram/base_driver/minium_log.py", line 148, in wrapper
    result = func(*args, **kwargs)
  File "/opt/anaconda3/lib/python3.13/site-packages/minium/miniprogram/wx_minium.py", line 851, in connect_dev_tool
    raise MiniConnectError(
        "three times try to connect Dev tool has all fail ..."
    )
minium.framework.exception.MiniConnectError: three times try to connect Dev tool has all fail ...

During handling of the above exception, another exception occurred:

Traceback (most recent call last):
  File "/opt/anaconda3/lib/python3.13/site-packages/minium/miniprogram/wx_minium.py", line 836, in connect_dev_tool
    self.connection = Connection.create(
                      ~~~~~~~~~~~~~~~~~^
        self.uri, timeout=self.conf.get("request_timeout")
        ^^^^^^^^^^^^^^^^^^^^^^^^^^^^^^^^^^^^^^^^^^^^^^^^^^
    )
    ^
  File "/opt/anaconda3/lib/python3.13/site-packages/minium/miniprogram/base_driver/connection.py", line 168, in create
    instance = cls(uri, *args, **kwargs)
  File "/opt/anaconda3/lib/python3.13/site-packages/minium/miniprogram/base_driver/connection.py", line 209, in __init__
    self._connect()
    ~~~~~~~~~~~~~^^
  File "/opt/anaconda3/lib/python3.13/site-packages/minium/miniprogram/base_driver/connection.py", line 361, in _connect
    raise error_callback.result
  File "/opt/anaconda3/lib/python3.13/site-packages/websocket/_app.py", line 327, in run_forever
    self.sock.connect(
    ~~~~~~~~~~~~~~~~~^
        self.url, header=self.header, cookie=self.cookie,
        ^^^^^^^^^^^^^^^^^^^^^^^^^^^^^^^^^^^^^^^^^^^^^^^^^
    ...<3 lines>...
        host=host, origin=origin, suppress_origin=suppress_origin,
        ^^^^^^^^^^^^^^^^^^^^^^^^^^^^^^^^^^^^^^^^^^^^^^^^^^^^^^^^^^
        proxy_type=proxy_type, socket=self.prepared_socket)
        ^^^^^^^^^^^^^^^^^^^^^^^^^^^^^^^^^^^^^^^^^^^^^^^^^^^
  File "/opt/anaconda3/lib/python3.13/site-packages/websocket/_core.py", line 244, in connect
    self.sock, addrs = connect(url, self.sock_opt, proxy_info(**options),
                       ~~~~~~~^^^^^^^^^^^^^^^^^^^^^^^^^^^^^^^^^^^^^^^^^^^
                               options.pop('socket', None))
                               ^^^^^^^^^^^^^^^^^^^^^^^^^^^^
  File "/opt/anaconda3/lib/python3.13/site-packages/websocket/_http.py", line 130, in connect
    sock = _open_socket(addrinfo_list, options.sockopt, options.timeout)
  File "/opt/anaconda3/lib/python3.13/site-packages/websocket/_http.py", line 205, in _open_socket
    raise err
  File "/opt/anaconda3/lib/python3.13/site-packages/websocket/_http.py", line 185, in _open_socket
    sock.connect(address)
    ~~~~~~~~~~~~^^^^^^^^^
ConnectionRefusedError: [Errno 61] Connection refused
[I 2026-06-02 11:55:30,909 minium wx_minium#835 connect_dev_tool] Trying to connect Dev tool ...
[E 2026-06-02 11:55:30,953 minium.Conn4352 connection#642 _on_error] [Errno 61] Connection refused
[I 2026-06-02 11:55:30,958 minium.Conn4352 connection#377 _ws_run_forever] websocket run forever shutdown
[E 2026-06-02 11:55:30,971 minium wx_minium#848 connect_dev_tool] [Errno 61] Connection refused
Traceback (most recent call last):
  File "/opt/anaconda3/lib/python3.13/site-packages/minium/miniprogram/wx_minium.py", line 836, in connect_dev_tool
    self.connection = Connection.create(
                      ~~~~~~~~~~~~~~~~~^
        self.uri, timeout=self.conf.get("request_timeout")
        ^^^^^^^^^^^^^^^^^^^^^^^^^^^^^^^^^^^^^^^^^^^^^^^^^^
    )
    ^
  File "/opt/anaconda3/lib/python3.13/site-packages/minium/miniprogram/base_driver/connection.py", line 168, in create
    instance = cls(uri, *args, **kwargs)
  File "/opt/anaconda3/lib/python3.13/site-packages/minium/miniprogram/base_driver/connection.py", line 209, in __init__
    self._connect()
    ~~~~~~~~~~~~~^^
  File "/opt/anaconda3/lib/python3.13/site-packages/minium/miniprogram/base_driver/connection.py", line 361, in _connect
    raise error_callback.result
  File "/opt/anaconda3/lib/python3.13/site-packages/websocket/_app.py", line 327, in run_forever
    self.sock.connect(
    ~~~~~~~~~~~~~~~~~^
        self.url, header=self.header, cookie=self.cookie,
        ^^^^^^^^^^^^^^^^^^^^^^^^^^^^^^^^^^^^^^^^^^^^^^^^^
    ...<3 lines>...
        host=host, origin=origin, suppress_origin=suppress_origin,
        ^^^^^^^^^^^^^^^^^^^^^^^^^^^^^^^^^^^^^^^^^^^^^^^^^^^^^^^^^^
        proxy_type=proxy_type, socket=self.prepared_socket)
        ^^^^^^^^^^^^^^^^^^^^^^^^^^^^^^^^^^^^^^^^^^^^^^^^^^^
  File "/opt/anaconda3/lib/python3.13/site-packages/websocket/_core.py", line 244, in connect
    self.sock, addrs = connect(url, self.sock_opt, proxy_info(**options),
                       ~~~~~~~^^^^^^^^^^^^^^^^^^^^^^^^^^^^^^^^^^^^^^^^^^^
                               options.pop('socket', None))
                               ^^^^^^^^^^^^^^^^^^^^^^^^^^^^
  File "/opt/anaconda3/lib/python3.13/site-packages/websocket/_http.py", line 130, in connect
    sock = _open_socket(addrinfo_list, options.sockopt, options.timeout)
  File "/opt/anaconda3/lib/python3.13/site-packages/websocket/_http.py", line 205, in _open_socket
    raise err
  File "/opt/anaconda3/lib/python3.13/site-packages/websocket/_http.py", line 185, in _open_socket
    sock.connect(address)
    ~~~~~~~~~~~~^^^^^^^^^
ConnectionRefusedError: [Errno 61] Connection refused

During handling of the above exception, another exception occurred:

Traceback (most recent call last):
  File "/opt/anaconda3/lib/python3.13/site-packages/minium/miniprogram/wx_minium.py", line 793, in launch_dev_tool
    self.connect_dev_tool(is_port_in_use)
    ~~~~~~~~~~~~~~~~~~~~~^^^^^^^^^^^^^^^^
  File "/opt/anaconda3/lib/python3.13/site-packages/minium/miniprogram/base_driver/minium_log.py", line 148, in wrapper
    result = func(*args, **kwargs)
  File "/opt/anaconda3/lib/python3.13/site-packages/minium/miniprogram/wx_minium.py", line 851, in connect_dev_tool
    raise MiniConnectError(
        "three times try to connect Dev tool has all fail ..."
    )
minium.framework.exception.MiniConnectError: three times try to connect Dev tool has all fail ...

During handling of the above exception, another exception occurred:

Traceback (most recent call last):
  File "/opt/anaconda3/lib/python3.13/site-packages/minium/miniprogram/wx_minium.py", line 836, in connect_dev_tool
    self.connection = Connection.create(
                      ~~~~~~~~~~~~~~~~~^
        self.uri, timeout=self.conf.get("request_timeout")
        ^^^^^^^^^^^^^^^^^^^^^^^^^^^^^^^^^^^^^^^^^^^^^^^^^^
    )
    ^
  File "/opt/anaconda3/lib/python3.13/site-packages/minium/miniprogram/base_driver/connection.py", line 168, in create
    instance = cls(uri, *args, **kwargs)
  File "/opt/anaconda3/lib/python3.13/site-packages/minium/miniprogram/base_driver/connection.py", line 209, in __init__
    self._connect()
    ~~~~~~~~~~~~~^^
  File "/opt/anaconda3/lib/python3.13/site-packages/minium/miniprogram/base_driver/connection.py", line 361, in _connect
    raise error_callback.result
  File "/opt/anaconda3/lib/python3.13/site-packages/websocket/_app.py", line 327, in run_forever
    self.sock.connect(
    ~~~~~~~~~~~~~~~~~^
        self.url, header=self.header, cookie=self.cookie,
        ^^^^^^^^^^^^^^^^^^^^^^^^^^^^^^^^^^^^^^^^^^^^^^^^^
    ...<3 lines>...
        host=host, origin=origin, suppress_origin=suppress_origin,
        ^^^^^^^^^^^^^^^^^^^^^^^^^^^^^^^^^^^^^^^^^^^^^^^^^^^^^^^^^^
        proxy_type=proxy_type, socket=self.prepared_socket)
        ^^^^^^^^^^^^^^^^^^^^^^^^^^^^^^^^^^^^^^^^^^^^^^^^^^^
  File "/opt/anaconda3/lib/python3.13/site-packages/websocket/_core.py", line 244, in connect
    self.sock, addrs = connect(url, self.sock_opt, proxy_info(**options),
                       ~~~~~~~^^^^^^^^^^^^^^^^^^^^^^^^^^^^^^^^^^^^^^^^^^^
                               options.pop('socket', None))
                               ^^^^^^^^^^^^^^^^^^^^^^^^^^^^
  File "/opt/anaconda3/lib/python3.13/site-packages/websocket/_http.py", line 130, in connect
    sock = _open_socket(addrinfo_list, options.sockopt, options.timeout)
  File "/opt/anaconda3/lib/python3.13/site-packages/websocket/_http.py", line 205, in _open_socket
    raise err
  File "/opt/anaconda3/lib/python3.13/site-packages/websocket/_http.py", line 185, in _open_socket
    sock.connect(address)
    ~~~~~~~~~~~~^^^^^^^^^
ConnectionRefusedError: [Errno 61] Connection refused
[I 2026-06-02 11:56:14,431 minium minitest#202 init_miniprogram] start init miniprogram
[I 2026-06-02 11:56:14,433 minium basenative#59 wrapper] call IdeNative.start_wechat
[I 2026-06-02 11:56:14,433 minium basenative#63 wrapper] call IdeNative.start_wechat end None
[I 2026-06-02 11:56:14,433 minium wx_minium#738 launch_dev_tool] Starting dev tool and launch MiniProgram project ...
[I 2026-06-02 11:56:14,434 minium minium_object#83 _do_shell] de shell: /Applications/wechatwebdevtools.app/Contents/MacOS/cli auto --project "/Users/haha/greatMan/projects/wechat-mini/2026-04-26-family-party-games" --auto-port 9420
[I 2026-06-02 11:56:16,193 minium minium_object#101 _do_shell] err:
- initialize

✔ IDE server has started, listening on http://127.0.0.1:32412
- preparing
- Fetching AppID () permissions
✔ Using AppID: wx73314ee6734cdfa0
✔ auto

[I 2026-06-02 11:56:16,193 minium minium_object#102 _do_shell] out:

[I 2026-06-02 11:56:21,194 minium wx_minium#835 connect_dev_tool] Trying to connect Dev tool ...
[E 2026-06-02 11:56:21,231 minium.Conn9312 connection#642 _on_error] [Errno 61] Connection refused
[I 2026-06-02 11:56:21,238 minium.Conn9312 connection#377 _ws_run_forever] websocket run forever shutdown
[E 2026-06-02 11:56:21,244 minium wx_minium#848 connect_dev_tool] [Errno 61] Connection refused
Traceback (most recent call last):
  File "/opt/anaconda3/lib/python3.13/site-packages/minium/miniprogram/wx_minium.py", line 836, in connect_dev_tool
    self.connection = Connection.create(
                      ~~~~~~~~~~~~~~~~~^
        self.uri, timeout=self.conf.get("request_timeout")
        ^^^^^^^^^^^^^^^^^^^^^^^^^^^^^^^^^^^^^^^^^^^^^^^^^^
    )
    ^
  File "/opt/anaconda3/lib/python3.13/site-packages/minium/miniprogram/base_driver/connection.py", line 168, in create
    instance = cls(uri, *args, **kwargs)
  File "/opt/anaconda3/lib/python3.13/site-packages/minium/miniprogram/base_driver/connection.py", line 209, in __init__
    self._connect()
    ~~~~~~~~~~~~~^^
  File "/opt/anaconda3/lib/python3.13/site-packages/minium/miniprogram/base_driver/connection.py", line 361, in _connect
    raise error_callback.result
  File "/opt/anaconda3/lib/python3.13/site-packages/websocket/_app.py", line 327, in run_forever
    self.sock.connect(
    ~~~~~~~~~~~~~~~~~^
        self.url, header=self.header, cookie=self.cookie,
        ^^^^^^^^^^^^^^^^^^^^^^^^^^^^^^^^^^^^^^^^^^^^^^^^^
    ...<3 lines>...
        host=host, origin=origin, suppress_origin=suppress_origin,
        ^^^^^^^^^^^^^^^^^^^^^^^^^^^^^^^^^^^^^^^^^^^^^^^^^^^^^^^^^^
        proxy_type=proxy_type, socket=self.prepared_socket)
        ^^^^^^^^^^^^^^^^^^^^^^^^^^^^^^^^^^^^^^^^^^^^^^^^^^^
  File "/opt/anaconda3/lib/python3.13/site-packages/websocket/_core.py", line 244, in connect
    self.sock, addrs = connect(url, self.sock_opt, proxy_info(**options),
                       ~~~~~~~^^^^^^^^^^^^^^^^^^^^^^^^^^^^^^^^^^^^^^^^^^^
                               options.pop('socket', None))
                               ^^^^^^^^^^^^^^^^^^^^^^^^^^^^
  File "/opt/anaconda3/lib/python3.13/site-packages/websocket/_http.py", line 130, in connect
    sock = _open_socket(addrinfo_list, options.sockopt, options.timeout)
  File "/opt/anaconda3/lib/python3.13/site-packages/websocket/_http.py", line 205, in _open_socket
    raise err
  File "/opt/anaconda3/lib/python3.13/site-packages/websocket/_http.py", line 185, in _open_socket
    sock.connect(address)
    ~~~~~~~~~~~~^^^^^^^^^
ConnectionRefusedError: [Errno 61] Connection refused
[I 2026-06-02 11:56:21,257 minium wx_minium#835 connect_dev_tool] Trying to connect Dev tool ...
[E 2026-06-02 11:56:21,301 minium.Conn9056 connection#642 _on_error] [Errno 61] Connection refused
[I 2026-06-02 11:56:21,308 minium.Conn9056 connection#377 _ws_run_forever] websocket run forever shutdown
[E 2026-06-02 11:56:21,314 minium wx_minium#848 connect_dev_tool] [Errno 61] Connection refused
Traceback (most recent call last):
  File "/opt/anaconda3/lib/python3.13/site-packages/minium/miniprogram/wx_minium.py", line 836, in connect_dev_tool
    self.connection = Connection.create(
                      ~~~~~~~~~~~~~~~~~^
        self.uri, timeout=self.conf.get("request_timeout")
        ^^^^^^^^^^^^^^^^^^^^^^^^^^^^^^^^^^^^^^^^^^^^^^^^^^
    )
    ^
  File "/opt/anaconda3/lib/python3.13/site-packages/minium/miniprogram/base_driver/connection.py", line 168, in create
    instance = cls(uri, *args, **kwargs)
  File "/opt/anaconda3/lib/python3.13/site-packages/minium/miniprogram/base_driver/connection.py", line 209, in __init__
    self._connect()
    ~~~~~~~~~~~~~^^
  File "/opt/anaconda3/lib/python3.13/site-packages/minium/miniprogram/base_driver/connection.py", line 361, in _connect
    raise error_callback.result
  File "/opt/anaconda3/lib/python3.13/site-packages/websocket/_app.py", line 327, in run_forever
    self.sock.connect(
    ~~~~~~~~~~~~~~~~~^
        self.url, header=self.header, cookie=self.cookie,
        ^^^^^^^^^^^^^^^^^^^^^^^^^^^^^^^^^^^^^^^^^^^^^^^^^
    ...<3 lines>...
        host=host, origin=origin, suppress_origin=suppress_origin,
        ^^^^^^^^^^^^^^^^^^^^^^^^^^^^^^^^^^^^^^^^^^^^^^^^^^^^^^^^^^
        proxy_type=proxy_type, socket=self.prepared_socket)
        ^^^^^^^^^^^^^^^^^^^^^^^^^^^^^^^^^^^^^^^^^^^^^^^^^^^
  File "/opt/anaconda3/lib/python3.13/site-packages/websocket/_core.py", line 244, in connect
    self.sock, addrs = connect(url, self.sock_opt, proxy_info(**options),
                       ~~~~~~~^^^^^^^^^^^^^^^^^^^^^^^^^^^^^^^^^^^^^^^^^^^
                               options.pop('socket', None))
                               ^^^^^^^^^^^^^^^^^^^^^^^^^^^^
  File "/opt/anaconda3/lib/python3.13/site-packages/websocket/_http.py", line 130, in connect
    sock = _open_socket(addrinfo_list, options.sockopt, options.timeout)
  File "/opt/anaconda3/lib/python3.13/site-packages/websocket/_http.py", line 205, in _open_socket
    raise err
  File "/opt/anaconda3/lib/python3.13/site-packages/websocket/_http.py", line 185, in _open_socket
    sock.connect(address)
    ~~~~~~~~~~~~^^^^^^^^^
ConnectionRefusedError: [Errno 61] Connection refused
[I 2026-06-02 11:56:21,315 minium wx_minium#835 connect_dev_tool] Trying to connect Dev tool ...
[E 2026-06-02 11:56:21,346 minium.Conn2256 connection#642 _on_error] [Errno 61] Connection refused
[I 2026-06-02 11:56:21,352 minium.Conn2256 connection#377 _ws_run_forever] websocket run forever shutdown
[E 2026-06-02 11:56:21,352 minium wx_minium#848 connect_dev_tool] [Errno 61] Connection refused
Traceback (most recent call last):
  File "/opt/anaconda3/lib/python3.13/site-packages/minium/miniprogram/wx_minium.py", line 836, in connect_dev_tool
    self.connection = Connection.create(
                      ~~~~~~~~~~~~~~~~~^
        self.uri, timeout=self.conf.get("request_timeout")
        ^^^^^^^^^^^^^^^^^^^^^^^^^^^^^^^^^^^^^^^^^^^^^^^^^^
    )
    ^
  File "/opt/anaconda3/lib/python3.13/site-packages/minium/miniprogram/base_driver/connection.py", line 168, in create
    instance = cls(uri, *args, **kwargs)
  File "/opt/anaconda3/lib/python3.13/site-packages/minium/miniprogram/base_driver/connection.py", line 209, in __init__
    self._connect()
    ~~~~~~~~~~~~~^^
  File "/opt/anaconda3/lib/python3.13/site-packages/minium/miniprogram/base_driver/connection.py", line 361, in _connect
    raise error_callback.result
  File "/opt/anaconda3/lib/python3.13/site-packages/websocket/_app.py", line 327, in run_forever
    self.sock.connect(
    ~~~~~~~~~~~~~~~~~^
        self.url, header=self.header, cookie=self.cookie,
        ^^^^^^^^^^^^^^^^^^^^^^^^^^^^^^^^^^^^^^^^^^^^^^^^^
    ...<3 lines>...
        host=host, origin=origin, suppress_origin=suppress_origin,
        ^^^^^^^^^^^^^^^^^^^^^^^^^^^^^^^^^^^^^^^^^^^^^^^^^^^^^^^^^^
        proxy_type=proxy_type, socket=self.prepared_socket)
        ^^^^^^^^^^^^^^^^^^^^^^^^^^^^^^^^^^^^^^^^^^^^^^^^^^^
  File "/opt/anaconda3/lib/python3.13/site-packages/websocket/_core.py", line 244, in connect
    self.sock, addrs = connect(url, self.sock_opt, proxy_info(**options),
                       ~~~~~~~^^^^^^^^^^^^^^^^^^^^^^^^^^^^^^^^^^^^^^^^^^^
                               options.pop('socket', None))
                               ^^^^^^^^^^^^^^^^^^^^^^^^^^^^
  File "/opt/anaconda3/lib/python3.13/site-packages/websocket/_http.py", line 130, in connect
    sock = _open_socket(addrinfo_list, options.sockopt, options.timeout)
  File "/opt/anaconda3/lib/python3.13/site-packages/websocket/_http.py", line 205, in _open_socket
    raise err
  File "/opt/anaconda3/lib/python3.13/site-packages/websocket/_http.py", line 185, in _open_socket
    sock.connect(address)
    ~~~~~~~~~~~~^^^^^^^^^
ConnectionRefusedError: [Errno 61] Connection refused
[E 2026-06-02 11:56:21,354 minium wx_minium#797 launch_dev_tool] three times try to connect Dev tool has all fail ..., restart now...
[I 2026-06-02 11:56:21,354 minium wx_minium#811 launch_dev_tool] Starting dev tool again...
[I 2026-06-02 11:56:21,354 minium minium_object#83 _do_shell] de shell: /Applications/wechatwebdevtools.app/Contents/MacOS/cli auto --project "/Users/haha/greatMan/projects/wechat-mini/2026-04-26-family-party-games" --auto-port 9420
[I 2026-06-02 11:56:23,325 minium minium_object#101 _do_shell] err:
- initialize

✔ IDE server has started, listening on http://127.0.0.1:32412
- preparing
- Fetching AppID () permissions
✔ Using AppID: wx73314ee6734cdfa0
✔ auto

[I 2026-06-02 11:56:23,326 minium minium_object#102 _do_shell] out:

[I 2026-06-02 11:56:23,326 minium wx_minium#816 launch_dev_tool] Restart success
[I 2026-06-02 11:56:28,332 minium wx_minium#835 connect_dev_tool] Trying to connect Dev tool ...
[E 2026-06-02 11:56:28,379 minium.Conn5376 connection#642 _on_error] [Errno 61] Connection refused
[I 2026-06-02 11:56:28,386 minium.Conn5376 connection#377 _ws_run_forever] websocket run forever shutdown
[E 2026-06-02 11:56:28,391 minium wx_minium#848 connect_dev_tool] [Errno 61] Connection refused
Traceback (most recent call last):
  File "/opt/anaconda3/lib/python3.13/site-packages/minium/miniprogram/wx_minium.py", line 836, in connect_dev_tool
    self.connection = Connection.create(
                      ~~~~~~~~~~~~~~~~~^
        self.uri, timeout=self.conf.get("request_timeout")
        ^^^^^^^^^^^^^^^^^^^^^^^^^^^^^^^^^^^^^^^^^^^^^^^^^^
    )
    ^
  File "/opt/anaconda3/lib/python3.13/site-packages/minium/miniprogram/base_driver/connection.py", line 168, in create
    instance = cls(uri, *args, **kwargs)
  File "/opt/anaconda3/lib/python3.13/site-packages/minium/miniprogram/base_driver/connection.py", line 209, in __init__
    self._connect()
    ~~~~~~~~~~~~~^^
  File "/opt/anaconda3/lib/python3.13/site-packages/minium/miniprogram/base_driver/connection.py", line 361, in _connect
    raise error_callback.result
  File "/opt/anaconda3/lib/python3.13/site-packages/websocket/_app.py", line 327, in run_forever
    self.sock.connect(
    ~~~~~~~~~~~~~~~~~^
        self.url, header=self.header, cookie=self.cookie,
        ^^^^^^^^^^^^^^^^^^^^^^^^^^^^^^^^^^^^^^^^^^^^^^^^^
    ...<3 lines>...
        host=host, origin=origin, suppress_origin=suppress_origin,
        ^^^^^^^^^^^^^^^^^^^^^^^^^^^^^^^^^^^^^^^^^^^^^^^^^^^^^^^^^^
        proxy_type=proxy_type, socket=self.prepared_socket)
        ^^^^^^^^^^^^^^^^^^^^^^^^^^^^^^^^^^^^^^^^^^^^^^^^^^^
  File "/opt/anaconda3/lib/python3.13/site-packages/websocket/_core.py", line 244, in connect
    self.sock, addrs = connect(url, self.sock_opt, proxy_info(**options),
                       ~~~~~~~^^^^^^^^^^^^^^^^^^^^^^^^^^^^^^^^^^^^^^^^^^^
                               options.pop('socket', None))
                               ^^^^^^^^^^^^^^^^^^^^^^^^^^^^
  File "/opt/anaconda3/lib/python3.13/site-packages/websocket/_http.py", line 130, in connect
    sock = _open_socket(addrinfo_list, options.sockopt, options.timeout)
  File "/opt/anaconda3/lib/python3.13/site-packages/websocket/_http.py", line 205, in _open_socket
    raise err
  File "/opt/anaconda3/lib/python3.13/site-packages/websocket/_http.py", line 185, in _open_socket
    sock.connect(address)
    ~~~~~~~~~~~~^^^^^^^^^
ConnectionRefusedError: [Errno 61] Connection refused

During handling of the above exception, another exception occurred:

Traceback (most recent call last):
  File "/opt/anaconda3/lib/python3.13/site-packages/minium/miniprogram/wx_minium.py", line 793, in launch_dev_tool
    self.connect_dev_tool(is_port_in_use)
    ~~~~~~~~~~~~~~~~~~~~~^^^^^^^^^^^^^^^^
  File "/opt/anaconda3/lib/python3.13/site-packages/minium/miniprogram/base_driver/minium_log.py", line 148, in wrapper
    result = func(*args, **kwargs)
  File "/opt/anaconda3/lib/python3.13/site-packages/minium/miniprogram/wx_minium.py", line 851, in connect_dev_tool
    raise MiniConnectError(
        "three times try to connect Dev tool has all fail ..."
    )
minium.framework.exception.MiniConnectError: three times try to connect Dev tool has all fail ...

During handling of the above exception, another exception occurred:

Traceback (most recent call last):
  File "/opt/anaconda3/lib/python3.13/site-packages/minium/miniprogram/wx_minium.py", line 836, in connect_dev_tool
    self.connection = Connection.create(
                      ~~~~~~~~~~~~~~~~~^
        self.uri, timeout=self.conf.get("request_timeout")
        ^^^^^^^^^^^^^^^^^^^^^^^^^^^^^^^^^^^^^^^^^^^^^^^^^^
    )
    ^
  File "/opt/anaconda3/lib/python3.13/site-packages/minium/miniprogram/base_driver/connection.py", line 168, in create
    instance = cls(uri, *args, **kwargs)
  File "/opt/anaconda3/lib/python3.13/site-packages/minium/miniprogram/base_driver/connection.py", line 209, in __init__
    self._connect()
    ~~~~~~~~~~~~~^^
  File "/opt/anaconda3/lib/python3.13/site-packages/minium/miniprogram/base_driver/connection.py", line 361, in _connect
    raise error_callback.result
  File "/opt/anaconda3/lib/python3.13/site-packages/websocket/_app.py", line 327, in run_forever
    self.sock.connect(
    ~~~~~~~~~~~~~~~~~^
        self.url, header=self.header, cookie=self.cookie,
        ^^^^^^^^^^^^^^^^^^^^^^^^^^^^^^^^^^^^^^^^^^^^^^^^^
    ...<3 lines>...
        host=host, origin=origin, suppress_origin=suppress_origin,
        ^^^^^^^^^^^^^^^^^^^^^^^^^^^^^^^^^^^^^^^^^^^^^^^^^^^^^^^^^^
        proxy_type=proxy_type, socket=self.prepared_socket)
        ^^^^^^^^^^^^^^^^^^^^^^^^^^^^^^^^^^^^^^^^^^^^^^^^^^^
  File "/opt/anaconda3/lib/python3.13/site-packages/websocket/_core.py", line 244, in connect
    self.sock, addrs = connect(url, self.sock_opt, proxy_info(**options),
                       ~~~~~~~^^^^^^^^^^^^^^^^^^^^^^^^^^^^^^^^^^^^^^^^^^^
                               options.pop('socket', None))
                               ^^^^^^^^^^^^^^^^^^^^^^^^^^^^
  File "/opt/anaconda3/lib/python3.13/site-packages/websocket/_http.py", line 130, in connect
    sock = _open_socket(addrinfo_list, options.sockopt, options.timeout)
  File "/opt/anaconda3/lib/python3.13/site-packages/websocket/_http.py", line 205, in _open_socket
    raise err
  File "/opt/anaconda3/lib/python3.13/site-packages/websocket/_http.py", line 185, in _open_socket
    sock.connect(address)
    ~~~~~~~~~~~~^^^^^^^^^
ConnectionRefusedError: [Errno 61] Connection refused
[I 2026-06-02 11:56:28,397 minium wx_minium#835 connect_dev_tool] Trying to connect Dev tool ...
[E 2026-06-02 11:56:28,442 minium.Conn8720 connection#642 _on_error] [Errno 61] Connection refused
[I 2026-06-02 11:56:28,449 minium.Conn8720 connection#377 _ws_run_forever] websocket run forever shutdown
[E 2026-06-02 11:56:28,449 minium wx_minium#848 connect_dev_tool] [Errno 61] Connection refused
Traceback (most recent call last):
  File "/opt/anaconda3/lib/python3.13/site-packages/minium/miniprogram/wx_minium.py", line 836, in connect_dev_tool
    self.connection = Connection.create(
                      ~~~~~~~~~~~~~~~~~^
        self.uri, timeout=self.conf.get("request_timeout")
        ^^^^^^^^^^^^^^^^^^^^^^^^^^^^^^^^^^^^^^^^^^^^^^^^^^
    )
    ^
  File "/opt/anaconda3/lib/python3.13/site-packages/minium/miniprogram/base_driver/connection.py", line 168, in create
    instance = cls(uri, *args, **kwargs)
  File "/opt/anaconda3/lib/python3.13/site-packages/minium/miniprogram/base_driver/connection.py", line 209, in __init__
    self._connect()
    ~~~~~~~~~~~~~^^
  File "/opt/anaconda3/lib/python3.13/site-packages/minium/miniprogram/base_driver/connection.py", line 361, in _connect
    raise error_callback.result
  File "/opt/anaconda3/lib/python3.13/site-packages/websocket/_app.py", line 327, in run_forever
    self.sock.connect(
    ~~~~~~~~~~~~~~~~~^
        self.url, header=self.header, cookie=self.cookie,
        ^^^^^^^^^^^^^^^^^^^^^^^^^^^^^^^^^^^^^^^^^^^^^^^^^
    ...<3 lines>...
        host=host, origin=origin, suppress_origin=suppress_origin,
        ^^^^^^^^^^^^^^^^^^^^^^^^^^^^^^^^^^^^^^^^^^^^^^^^^^^^^^^^^^
        proxy_type=proxy_type, socket=self.prepared_socket)
        ^^^^^^^^^^^^^^^^^^^^^^^^^^^^^^^^^^^^^^^^^^^^^^^^^^^
  File "/opt/anaconda3/lib/python3.13/site-packages/websocket/_core.py", line 244, in connect
    self.sock, addrs = connect(url, self.sock_opt, proxy_info(**options),
                       ~~~~~~~^^^^^^^^^^^^^^^^^^^^^^^^^^^^^^^^^^^^^^^^^^^
                               options.pop('socket', None))
                               ^^^^^^^^^^^^^^^^^^^^^^^^^^^^
  File "/opt/anaconda3/lib/python3.13/site-packages/websocket/_http.py", line 130, in connect
    sock = _open_socket(addrinfo_list, options.sockopt, options.timeout)
  File "/opt/anaconda3/lib/python3.13/site-packages/websocket/_http.py", line 205, in _open_socket
    raise err
  File "/opt/anaconda3/lib/python3.13/site-packages/websocket/_http.py", line 185, in _open_socket
    sock.connect(address)
    ~~~~~~~~~~~~^^^^^^^^^
ConnectionRefusedError: [Errno 61] Connection refused

During handling of the above exception, another exception occurred:

Traceback (most recent call last):
  File "/opt/anaconda3/lib/python3.13/site-packages/minium/miniprogram/wx_minium.py", line 793, in launch_dev_tool
    self.connect_dev_tool(is_port_in_use)
    ~~~~~~~~~~~~~~~~~~~~~^^^^^^^^^^^^^^^^
  File "/opt/anaconda3/lib/python3.13/site-packages/minium/miniprogram/base_driver/minium_log.py", line 148, in wrapper
    result = func(*args, **kwargs)
  File "/opt/anaconda3/lib/python3.13/site-packages/minium/miniprogram/wx_minium.py", line 851, in connect_dev_tool
    raise MiniConnectError(
        "three times try to connect Dev tool has all fail ..."
    )
minium.framework.exception.MiniConnectError: three times try to connect Dev tool has all fail ...

During handling of the above exception, another exception occurred:

Traceback (most recent call last):
  File "/opt/anaconda3/lib/python3.13/site-packages/minium/miniprogram/wx_minium.py", line 836, in connect_dev_tool
    self.connection = Connection.create(
                      ~~~~~~~~~~~~~~~~~^
        self.uri, timeout=self.conf.get("request_timeout")
        ^^^^^^^^^^^^^^^^^^^^^^^^^^^^^^^^^^^^^^^^^^^^^^^^^^
    )
    ^
  File "/opt/anaconda3/lib/python3.13/site-packages/minium/miniprogram/base_driver/connection.py", line 168, in create
    instance = cls(uri, *args, **kwargs)
  File "/opt/anaconda3/lib/python3.13/site-packages/minium/miniprogram/base_driver/connection.py", line 209, in __init__
    self._connect()
    ~~~~~~~~~~~~~^^
  File "/opt/anaconda3/lib/python3.13/site-packages/minium/miniprogram/base_driver/connection.py", line 361, in _connect
    raise error_callback.result
  File "/opt/anaconda3/lib/python3.13/site-packages/websocket/_app.py", line 327, in run_forever
    self.sock.connect(
    ~~~~~~~~~~~~~~~~~^
        self.url, header=self.header, cookie=self.cookie,
        ^^^^^^^^^^^^^^^^^^^^^^^^^^^^^^^^^^^^^^^^^^^^^^^^^
    ...<3 lines>...
        host=host, origin=origin, suppress_origin=suppress_origin,
        ^^^^^^^^^^^^^^^^^^^^^^^^^^^^^^^^^^^^^^^^^^^^^^^^^^^^^^^^^^
        proxy_type=proxy_type, socket=self.prepared_socket)
        ^^^^^^^^^^^^^^^^^^^^^^^^^^^^^^^^^^^^^^^^^^^^^^^^^^^
  File "/opt/anaconda3/lib/python3.13/site-packages/websocket/_core.py", line 244, in connect
    self.sock, addrs = connect(url, self.sock_opt, proxy_info(**options),
                       ~~~~~~~^^^^^^^^^^^^^^^^^^^^^^^^^^^^^^^^^^^^^^^^^^^
                               options.pop('socket', None))
                               ^^^^^^^^^^^^^^^^^^^^^^^^^^^^
  File "/opt/anaconda3/lib/python3.13/site-packages/websocket/_http.py", line 130, in connect
    sock = _open_socket(addrinfo_list, options.sockopt, options.timeout)
  File "/opt/anaconda3/lib/python3.13/site-packages/websocket/_http.py", line 205, in _open_socket
    raise err
  File "/opt/anaconda3/lib/python3.13/site-packages/websocket/_http.py", line 185, in _open_socket
    sock.connect(address)
    ~~~~~~~~~~~~^^^^^^^^^
ConnectionRefusedError: [Errno 61] Connection refused
[I 2026-06-02 11:56:28,451 minium wx_minium#835 connect_dev_tool] Trying to connect Dev tool ...
[E 2026-06-02 11:56:28,477 minium.Conn0736 connection#642 _on_error] [Errno 61] Connection refused
[I 2026-06-02 11:56:28,477 minium.Conn0736 connection#377 _ws_run_forever] websocket run forever shutdown
[E 2026-06-02 11:56:28,484 minium wx_minium#848 connect_dev_tool] [Errno 61] Connection refused
Traceback (most recent call last):
  File "/opt/anaconda3/lib/python3.13/site-packages/minium/miniprogram/wx_minium.py", line 836, in connect_dev_tool
    self.connection = Connection.create(
                      ~~~~~~~~~~~~~~~~~^
        self.uri, timeout=self.conf.get("request_timeout")
        ^^^^^^^^^^^^^^^^^^^^^^^^^^^^^^^^^^^^^^^^^^^^^^^^^^
    )
    ^
  File "/opt/anaconda3/lib/python3.13/site-packages/minium/miniprogram/base_driver/connection.py", line 168, in create
    instance = cls(uri, *args, **kwargs)
  File "/opt/anaconda3/lib/python3.13/site-packages/minium/miniprogram/base_driver/connection.py", line 209, in __init__
    self._connect()
    ~~~~~~~~~~~~~^^
  File "/opt/anaconda3/lib/python3.13/site-packages/minium/miniprogram/base_driver/connection.py", line 361, in _connect
    raise error_callback.result
  File "/opt/anaconda3/lib/python3.13/site-packages/websocket/_app.py", line 327, in run_forever
    self.sock.connect(
    ~~~~~~~~~~~~~~~~~^
        self.url, header=self.header, cookie=self.cookie,
        ^^^^^^^^^^^^^^^^^^^^^^^^^^^^^^^^^^^^^^^^^^^^^^^^^
    ...<3 lines>...
        host=host, origin=origin, suppress_origin=suppress_origin,
        ^^^^^^^^^^^^^^^^^^^^^^^^^^^^^^^^^^^^^^^^^^^^^^^^^^^^^^^^^^
        proxy_type=proxy_type, socket=self.prepared_socket)
        ^^^^^^^^^^^^^^^^^^^^^^^^^^^^^^^^^^^^^^^^^^^^^^^^^^^
  File "/opt/anaconda3/lib/python3.13/site-packages/websocket/_core.py", line 244, in connect
    self.sock, addrs = connect(url, self.sock_opt, proxy_info(**options),
                       ~~~~~~~^^^^^^^^^^^^^^^^^^^^^^^^^^^^^^^^^^^^^^^^^^^
                               options.pop('socket', None))
                               ^^^^^^^^^^^^^^^^^^^^^^^^^^^^
  File "/opt/anaconda3/lib/python3.13/site-packages/websocket/_http.py", line 130, in connect
    sock = _open_socket(addrinfo_list, options.sockopt, options.timeout)
  File "/opt/anaconda3/lib/python3.13/site-packages/websocket/_http.py", line 205, in _open_socket
    raise err
  File "/opt/anaconda3/lib/python3.13/site-packages/websocket/_http.py", line 185, in _open_socket
    sock.connect(address)
    ~~~~~~~~~~~~^^^^^^^^^
ConnectionRefusedError: [Errno 61] Connection refused

During handling of the above exception, another exception occurred:

Traceback (most recent call last):
  File "/opt/anaconda3/lib/python3.13/site-packages/minium/miniprogram/wx_minium.py", line 793, in launch_dev_tool
    self.connect_dev_tool(is_port_in_use)
    ~~~~~~~~~~~~~~~~~~~~~^^^^^^^^^^^^^^^^
  File "/opt/anaconda3/lib/python3.13/site-packages/minium/miniprogram/base_driver/minium_log.py", line 148, in wrapper
    result = func(*args, **kwargs)
  File "/opt/anaconda3/lib/python3.13/site-packages/minium/miniprogram/wx_minium.py", line 851, in connect_dev_tool
    raise MiniConnectError(
        "three times try to connect Dev tool has all fail ..."
    )
minium.framework.exception.MiniConnectError: three times try to connect Dev tool has all fail ...

During handling of the above exception, another exception occurred:

Traceback (most recent call last):
  File "/opt/anaconda3/lib/python3.13/site-packages/minium/miniprogram/wx_minium.py", line 836, in connect_dev_tool
    self.connection = Connection.create(
                      ~~~~~~~~~~~~~~~~~^
        self.uri, timeout=self.conf.get("request_timeout")
        ^^^^^^^^^^^^^^^^^^^^^^^^^^^^^^^^^^^^^^^^^^^^^^^^^^
    )
    ^
  File "/opt/anaconda3/lib/python3.13/site-packages/minium/miniprogram/base_driver/connection.py", line 168, in create
    instance = cls(uri, *args, **kwargs)
  File "/opt/anaconda3/lib/python3.13/site-packages/minium/miniprogram/base_driver/connection.py", line 209, in __init__
    self._connect()
    ~~~~~~~~~~~~~^^
  File "/opt/anaconda3/lib/python3.13/site-packages/minium/miniprogram/base_driver/connection.py", line 361, in _connect
    raise error_callback.result
  File "/opt/anaconda3/lib/python3.13/site-packages/websocket/_app.py", line 327, in run_forever
    self.sock.connect(
    ~~~~~~~~~~~~~~~~~^
        self.url, header=self.header, cookie=self.cookie,
        ^^^^^^^^^^^^^^^^^^^^^^^^^^^^^^^^^^^^^^^^^^^^^^^^^
    ...<3 lines>...
        host=host, origin=origin, suppress_origin=suppress_origin,
        ^^^^^^^^^^^^^^^^^^^^^^^^^^^^^^^^^^^^^^^^^^^^^^^^^^^^^^^^^^
        proxy_type=proxy_type, socket=self.prepared_socket)
        ^^^^^^^^^^^^^^^^^^^^^^^^^^^^^^^^^^^^^^^^^^^^^^^^^^^
  File "/opt/anaconda3/lib/python3.13/site-packages/websocket/_core.py", line 244, in connect
    self.sock, addrs = connect(url, self.sock_opt, proxy_info(**options),
                       ~~~~~~~^^^^^^^^^^^^^^^^^^^^^^^^^^^^^^^^^^^^^^^^^^^
                               options.pop('socket', None))
                               ^^^^^^^^^^^^^^^^^^^^^^^^^^^^
  File "/opt/anaconda3/lib/python3.13/site-packages/websocket/_http.py", line 130, in connect
    sock = _open_socket(addrinfo_list, options.sockopt, options.timeout)
  File "/opt/anaconda3/lib/python3.13/site-packages/websocket/_http.py", line 205, in _open_socket
    raise err
  File "/opt/anaconda3/lib/python3.13/site-packages/websocket/_http.py", line 185, in _open_socket
    sock.connect(address)
    ~~~~~~~~~~~~^^^^^^^^^
ConnectionRefusedError: [Errno 61] Connection refused
[I 2026-06-02 12:01:13,572 minium minitest#202 init_miniprogram] start init miniprogram
[I 2026-06-02 12:01:13,574 minium basenative#59 wrapper] call IdeNative.start_wechat
[I 2026-06-02 12:01:13,574 minium basenative#63 wrapper] call IdeNative.start_wechat end None
[I 2026-06-02 12:01:13,574 minium wx_minium#738 launch_dev_tool] Starting dev tool and launch MiniProgram project ...
[I 2026-06-02 12:01:13,575 minium minium_object#83 _do_shell] de shell: /Applications/wechatwebdevtools.app/Contents/MacOS/cli auto --project "/Users/haha/greatMan/projects/wechat-mini/2026-04-26-family-party-games" --auto-port 16978
[I 2026-06-02 12:01:17,349 minium minium_object#101 _do_shell] err:
- initialize

✔ IDE server has started, listening on http://127.0.0.1:13350
- preparing
- Fetching AppID () permissions
✔ Using AppID: wx73314ee6734cdfa0
✔ auto

[I 2026-06-02 12:01:17,349 minium minium_object#102 _do_shell] out:

[I 2026-06-02 12:01:22,351 minium wx_minium#835 connect_dev_tool] Trying to connect Dev tool ...
[E 2026-06-02 12:01:22,394 minium.Conn5920 connection#642 _on_error] [Errno 61] Connection refused
[I 2026-06-02 12:01:22,406 minium.Conn5920 connection#377 _ws_run_forever] websocket run forever shutdown
[E 2026-06-02 12:01:22,419 minium wx_minium#848 connect_dev_tool] [Errno 61] Connection refused
Traceback (most recent call last):
  File "/opt/anaconda3/lib/python3.13/site-packages/minium/miniprogram/wx_minium.py", line 836, in connect_dev_tool
    self.connection = Connection.create(
                      ~~~~~~~~~~~~~~~~~^
        self.uri, timeout=self.conf.get("request_timeout")
        ^^^^^^^^^^^^^^^^^^^^^^^^^^^^^^^^^^^^^^^^^^^^^^^^^^
    )
    ^
  File "/opt/anaconda3/lib/python3.13/site-packages/minium/miniprogram/base_driver/connection.py", line 168, in create
    instance = cls(uri, *args, **kwargs)
  File "/opt/anaconda3/lib/python3.13/site-packages/minium/miniprogram/base_driver/connection.py", line 209, in __init__
    self._connect()
    ~~~~~~~~~~~~~^^
  File "/opt/anaconda3/lib/python3.13/site-packages/minium/miniprogram/base_driver/connection.py", line 361, in _connect
    raise error_callback.result
  File "/opt/anaconda3/lib/python3.13/site-packages/websocket/_app.py", line 327, in run_forever
    self.sock.connect(
    ~~~~~~~~~~~~~~~~~^
        self.url, header=self.header, cookie=self.cookie,
        ^^^^^^^^^^^^^^^^^^^^^^^^^^^^^^^^^^^^^^^^^^^^^^^^^
    ...<3 lines>...
        host=host, origin=origin, suppress_origin=suppress_origin,
        ^^^^^^^^^^^^^^^^^^^^^^^^^^^^^^^^^^^^^^^^^^^^^^^^^^^^^^^^^^
        proxy_type=proxy_type, socket=self.prepared_socket)
        ^^^^^^^^^^^^^^^^^^^^^^^^^^^^^^^^^^^^^^^^^^^^^^^^^^^
  File "/opt/anaconda3/lib/python3.13/site-packages/websocket/_core.py", line 244, in connect
    self.sock, addrs = connect(url, self.sock_opt, proxy_info(**options),
                       ~~~~~~~^^^^^^^^^^^^^^^^^^^^^^^^^^^^^^^^^^^^^^^^^^^
                               options.pop('socket', None))
                               ^^^^^^^^^^^^^^^^^^^^^^^^^^^^
  File "/opt/anaconda3/lib/python3.13/site-packages/websocket/_http.py", line 130, in connect
    sock = _open_socket(addrinfo_list, options.sockopt, options.timeout)
  File "/opt/anaconda3/lib/python3.13/site-packages/websocket/_http.py", line 205, in _open_socket
    raise err
  File "/opt/anaconda3/lib/python3.13/site-packages/websocket/_http.py", line 185, in _open_socket
    sock.connect(address)
    ~~~~~~~~~~~~^^^^^^^^^
ConnectionRefusedError: [Errno 61] Connection refused
[I 2026-06-02 12:01:22,429 minium wx_minium#835 connect_dev_tool] Trying to connect Dev tool ...
[E 2026-06-02 12:01:22,466 minium.Conn5664 connection#642 _on_error] [Errno 61] Connection refused
[I 2026-06-02 12:01:22,478 minium.Conn5664 connection#377 _ws_run_forever] websocket run forever shutdown
[E 2026-06-02 12:01:22,497 minium wx_minium#848 connect_dev_tool] [Errno 61] Connection refused
Traceback (most recent call last):
  File "/opt/anaconda3/lib/python3.13/site-packages/minium/miniprogram/wx_minium.py", line 836, in connect_dev_tool
    self.connection = Connection.create(
                      ~~~~~~~~~~~~~~~~~^
        self.uri, timeout=self.conf.get("request_timeout")
        ^^^^^^^^^^^^^^^^^^^^^^^^^^^^^^^^^^^^^^^^^^^^^^^^^^
    )
    ^
  File "/opt/anaconda3/lib/python3.13/site-packages/minium/miniprogram/base_driver/connection.py", line 168, in create
    instance = cls(uri, *args, **kwargs)
  File "/opt/anaconda3/lib/python3.13/site-packages/minium/miniprogram/base_driver/connection.py", line 209, in __init__
    self._connect()
    ~~~~~~~~~~~~~^^
  File "/opt/anaconda3/lib/python3.13/site-packages/minium/miniprogram/base_driver/connection.py", line 361, in _connect
    raise error_callback.result
  File "/opt/anaconda3/lib/python3.13/site-packages/websocket/_app.py", line 327, in run_forever
    self.sock.connect(
    ~~~~~~~~~~~~~~~~~^
        self.url, header=self.header, cookie=self.cookie,
        ^^^^^^^^^^^^^^^^^^^^^^^^^^^^^^^^^^^^^^^^^^^^^^^^^
    ...<3 lines>...
        host=host, origin=origin, suppress_origin=suppress_origin,
        ^^^^^^^^^^^^^^^^^^^^^^^^^^^^^^^^^^^^^^^^^^^^^^^^^^^^^^^^^^
        proxy_type=proxy_type, socket=self.prepared_socket)
        ^^^^^^^^^^^^^^^^^^^^^^^^^^^^^^^^^^^^^^^^^^^^^^^^^^^
  File "/opt/anaconda3/lib/python3.13/site-packages/websocket/_core.py", line 244, in connect
    self.sock, addrs = connect(url, self.sock_opt, proxy_info(**options),
                       ~~~~~~~^^^^^^^^^^^^^^^^^^^^^^^^^^^^^^^^^^^^^^^^^^^
                               options.pop('socket', None))
                               ^^^^^^^^^^^^^^^^^^^^^^^^^^^^
  File "/opt/anaconda3/lib/python3.13/site-packages/websocket/_http.py", line 130, in connect
    sock = _open_socket(addrinfo_list, options.sockopt, options.timeout)
  File "/opt/anaconda3/lib/python3.13/site-packages/websocket/_http.py", line 205, in _open_socket
    raise err
  File "/opt/anaconda3/lib/python3.13/site-packages/websocket/_http.py", line 185, in _open_socket
    sock.connect(address)
    ~~~~~~~~~~~~^^^^^^^^^
ConnectionRefusedError: [Errno 61] Connection refused
[I 2026-06-02 12:01:22,498 minium wx_minium#835 connect_dev_tool] Trying to connect Dev tool ...
[E 2026-06-02 12:01:22,542 minium.Conn8864 connection#642 _on_error] [Errno 61] Connection refused
[I 2026-06-02 12:01:22,555 minium.Conn8864 connection#377 _ws_run_forever] websocket run forever shutdown
[E 2026-06-02 12:01:22,568 minium wx_minium#848 connect_dev_tool] [Errno 61] Connection refused
Traceback (most recent call last):
  File "/opt/anaconda3/lib/python3.13/site-packages/minium/miniprogram/wx_minium.py", line 836, in connect_dev_tool
    self.connection = Connection.create(
                      ~~~~~~~~~~~~~~~~~^
        self.uri, timeout=self.conf.get("request_timeout")
        ^^^^^^^^^^^^^^^^^^^^^^^^^^^^^^^^^^^^^^^^^^^^^^^^^^
    )
    ^
  File "/opt/anaconda3/lib/python3.13/site-packages/minium/miniprogram/base_driver/connection.py", line 168, in create
    instance = cls(uri, *args, **kwargs)
  File "/opt/anaconda3/lib/python3.13/site-packages/minium/miniprogram/base_driver/connection.py", line 209, in __init__
    self._connect()
    ~~~~~~~~~~~~~^^
  File "/opt/anaconda3/lib/python3.13/site-packages/minium/miniprogram/base_driver/connection.py", line 361, in _connect
    raise error_callback.result
  File "/opt/anaconda3/lib/python3.13/site-packages/websocket/_app.py", line 327, in run_forever
    self.sock.connect(
    ~~~~~~~~~~~~~~~~~^
        self.url, header=self.header, cookie=self.cookie,
        ^^^^^^^^^^^^^^^^^^^^^^^^^^^^^^^^^^^^^^^^^^^^^^^^^
    ...<3 lines>...
        host=host, origin=origin, suppress_origin=suppress_origin,
        ^^^^^^^^^^^^^^^^^^^^^^^^^^^^^^^^^^^^^^^^^^^^^^^^^^^^^^^^^^
        proxy_type=proxy_type, socket=self.prepared_socket)
        ^^^^^^^^^^^^^^^^^^^^^^^^^^^^^^^^^^^^^^^^^^^^^^^^^^^
  File "/opt/anaconda3/lib/python3.13/site-packages/websocket/_core.py", line 244, in connect
    self.sock, addrs = connect(url, self.sock_opt, proxy_info(**options),
                       ~~~~~~~^^^^^^^^^^^^^^^^^^^^^^^^^^^^^^^^^^^^^^^^^^^
                               options.pop('socket', None))
                               ^^^^^^^^^^^^^^^^^^^^^^^^^^^^
  File "/opt/anaconda3/lib/python3.13/site-packages/websocket/_http.py", line 130, in connect
    sock = _open_socket(addrinfo_list, options.sockopt, options.timeout)
  File "/opt/anaconda3/lib/python3.13/site-packages/websocket/_http.py", line 205, in _open_socket
    raise err
  File "/opt/anaconda3/lib/python3.13/site-packages/websocket/_http.py", line 185, in _open_socket
    sock.connect(address)
    ~~~~~~~~~~~~^^^^^^^^^
ConnectionRefusedError: [Errno 61] Connection refused
[E 2026-06-02 12:01:22,569 minium wx_minium#797 launch_dev_tool] three times try to connect Dev tool has all fail ..., restart now...
[I 2026-06-02 12:01:22,569 minium wx_minium#811 launch_dev_tool] Starting dev tool again...
[I 2026-06-02 12:01:22,569 minium minium_object#83 _do_shell] de shell: /Applications/wechatwebdevtools.app/Contents/MacOS/cli auto --project "/Users/haha/greatMan/projects/wechat-mini/2026-04-26-family-party-games" --auto-port 16978
[I 2026-06-02 12:01:26,037 minium minium_object#101 _do_shell] err:
- initialize

✔ IDE server has started, listening on http://127.0.0.1:13350
- preparing
- Fetching AppID () permissions
✔ Using AppID: wx73314ee6734cdfa0
✔ auto

[I 2026-06-02 12:01:26,037 minium minium_object#102 _do_shell] out:

[I 2026-06-02 12:01:26,037 minium wx_minium#816 launch_dev_tool] Restart success
[I 2026-06-02 12:01:31,042 minium wx_minium#835 connect_dev_tool] Trying to connect Dev tool ...
[E 2026-06-02 12:01:31,081 minium.Conn1984 connection#642 _on_error] [Errno 61] Connection refused
[I 2026-06-02 12:01:31,093 minium.Conn1984 connection#377 _ws_run_forever] websocket run forever shutdown
[E 2026-06-02 12:01:31,099 minium wx_minium#848 connect_dev_tool] [Errno 61] Connection refused
Traceback (most recent call last):
  File "/opt/anaconda3/lib/python3.13/site-packages/minium/miniprogram/wx_minium.py", line 836, in connect_dev_tool
    self.connection = Connection.create(
                      ~~~~~~~~~~~~~~~~~^
        self.uri, timeout=self.conf.get("request_timeout")
        ^^^^^^^^^^^^^^^^^^^^^^^^^^^^^^^^^^^^^^^^^^^^^^^^^^
    )
    ^
  File "/opt/anaconda3/lib/python3.13/site-packages/minium/miniprogram/base_driver/connection.py", line 168, in create
    instance = cls(uri, *args, **kwargs)
  File "/opt/anaconda3/lib/python3.13/site-packages/minium/miniprogram/base_driver/connection.py", line 209, in __init__
    self._connect()
    ~~~~~~~~~~~~~^^
  File "/opt/anaconda3/lib/python3.13/site-packages/minium/miniprogram/base_driver/connection.py", line 361, in _connect
    raise error_callback.result
  File "/opt/anaconda3/lib/python3.13/site-packages/websocket/_app.py", line 327, in run_forever
    self.sock.connect(
    ~~~~~~~~~~~~~~~~~^
        self.url, header=self.header, cookie=self.cookie,
        ^^^^^^^^^^^^^^^^^^^^^^^^^^^^^^^^^^^^^^^^^^^^^^^^^
    ...<3 lines>...
        host=host, origin=origin, suppress_origin=suppress_origin,
        ^^^^^^^^^^^^^^^^^^^^^^^^^^^^^^^^^^^^^^^^^^^^^^^^^^^^^^^^^^
        proxy_type=proxy_type, socket=self.prepared_socket)
        ^^^^^^^^^^^^^^^^^^^^^^^^^^^^^^^^^^^^^^^^^^^^^^^^^^^
  File "/opt/anaconda3/lib/python3.13/site-packages/websocket/_core.py", line 244, in connect
    self.sock, addrs = connect(url, self.sock_opt, proxy_info(**options),
                       ~~~~~~~^^^^^^^^^^^^^^^^^^^^^^^^^^^^^^^^^^^^^^^^^^^
                               options.pop('socket', None))
                               ^^^^^^^^^^^^^^^^^^^^^^^^^^^^
  File "/opt/anaconda3/lib/python3.13/site-packages/websocket/_http.py", line 130, in connect
    sock = _open_socket(addrinfo_list, options.sockopt, options.timeout)
  File "/opt/anaconda3/lib/python3.13/site-packages/websocket/_http.py", line 205, in _open_socket
    raise err
  File "/opt/anaconda3/lib/python3.13/site-packages/websocket/_http.py", line 185, in _open_socket
    sock.connect(address)
    ~~~~~~~~~~~~^^^^^^^^^
ConnectionRefusedError: [Errno 61] Connection refused

During handling of the above exception, another exception occurred:

Traceback (most recent call last):
  File "/opt/anaconda3/lib/python3.13/site-packages/minium/miniprogram/wx_minium.py", line 793, in launch_dev_tool
    self.connect_dev_tool(is_port_in_use)
    ~~~~~~~~~~~~~~~~~~~~~^^^^^^^^^^^^^^^^
  File "/opt/anaconda3/lib/python3.13/site-packages/minium/miniprogram/base_driver/minium_log.py", line 148, in wrapper
    result = func(*args, **kwargs)
  File "/opt/anaconda3/lib/python3.13/site-packages/minium/miniprogram/wx_minium.py", line 851, in connect_dev_tool
    raise MiniConnectError(
        "three times try to connect Dev tool has all fail ..."
    )
minium.framework.exception.MiniConnectError: three times try to connect Dev tool has all fail ...

During handling of the above exception, another exception occurred:

Traceback (most recent call last):
  File "/opt/anaconda3/lib/python3.13/site-packages/minium/miniprogram/wx_minium.py", line 836, in connect_dev_tool
    self.connection = Connection.create(
                      ~~~~~~~~~~~~~~~~~^
        self.uri, timeout=self.conf.get("request_timeout")
        ^^^^^^^^^^^^^^^^^^^^^^^^^^^^^^^^^^^^^^^^^^^^^^^^^^
    )
    ^
  File "/opt/anaconda3/lib/python3.13/site-packages/minium/miniprogram/base_driver/connection.py", line 168, in create
    instance = cls(uri, *args, **kwargs)
  File "/opt/anaconda3/lib/python3.13/site-packages/minium/miniprogram/base_driver/connection.py", line 209, in __init__
    self._connect()
    ~~~~~~~~~~~~~^^
  File "/opt/anaconda3/lib/python3.13/site-packages/minium/miniprogram/base_driver/connection.py", line 361, in _connect
    raise error_callback.result
  File "/opt/anaconda3/lib/python3.13/site-packages/websocket/_app.py", line 327, in run_forever
    self.sock.connect(
    ~~~~~~~~~~~~~~~~~^
        self.url, header=self.header, cookie=self.cookie,
        ^^^^^^^^^^^^^^^^^^^^^^^^^^^^^^^^^^^^^^^^^^^^^^^^^
    ...<3 lines>...
        host=host, origin=origin, suppress_origin=suppress_origin,
        ^^^^^^^^^^^^^^^^^^^^^^^^^^^^^^^^^^^^^^^^^^^^^^^^^^^^^^^^^^
        proxy_type=proxy_type, socket=self.prepared_socket)
        ^^^^^^^^^^^^^^^^^^^^^^^^^^^^^^^^^^^^^^^^^^^^^^^^^^^
  File "/opt/anaconda3/lib/python3.13/site-packages/websocket/_core.py", line 244, in connect
    self.sock, addrs = connect(url, self.sock_opt, proxy_info(**options),
                       ~~~~~~~^^^^^^^^^^^^^^^^^^^^^^^^^^^^^^^^^^^^^^^^^^^
                               options.pop('socket', None))
                               ^^^^^^^^^^^^^^^^^^^^^^^^^^^^
  File "/opt/anaconda3/lib/python3.13/site-packages/websocket/_http.py", line 130, in connect
    sock = _open_socket(addrinfo_list, options.sockopt, options.timeout)
  File "/opt/anaconda3/lib/python3.13/site-packages/websocket/_http.py", line 205, in _open_socket
    raise err
  File "/opt/anaconda3/lib/python3.13/site-packages/websocket/_http.py", line 185, in _open_socket
    sock.connect(address)
    ~~~~~~~~~~~~^^^^^^^^^
ConnectionRefusedError: [Errno 61] Connection refused
[I 2026-06-02 12:01:31,104 minium wx_minium#835 connect_dev_tool] Trying to connect Dev tool ...
[E 2026-06-02 12:01:31,135 minium.Conn5328 connection#642 _on_error] [Errno 61] Connection refused
[I 2026-06-02 12:01:31,141 minium.Conn5328 connection#377 _ws_run_forever] websocket run forever shutdown
[E 2026-06-02 12:01:31,147 minium wx_minium#848 connect_dev_tool] [Errno 61] Connection refused
Traceback (most recent call last):
  File "/opt/anaconda3/lib/python3.13/site-packages/minium/miniprogram/wx_minium.py", line 836, in connect_dev_tool
    self.connection = Connection.create(
                      ~~~~~~~~~~~~~~~~~^
        self.uri, timeout=self.conf.get("request_timeout")
        ^^^^^^^^^^^^^^^^^^^^^^^^^^^^^^^^^^^^^^^^^^^^^^^^^^
    )
    ^
  File "/opt/anaconda3/lib/python3.13/site-packages/minium/miniprogram/base_driver/connection.py", line 168, in create
    instance = cls(uri, *args, **kwargs)
  File "/opt/anaconda3/lib/python3.13/site-packages/minium/miniprogram/base_driver/connection.py", line 209, in __init__
    self._connect()
    ~~~~~~~~~~~~~^^
  File "/opt/anaconda3/lib/python3.13/site-packages/minium/miniprogram/base_driver/connection.py", line 361, in _connect
    raise error_callback.result
  File "/opt/anaconda3/lib/python3.13/site-packages/websocket/_app.py", line 327, in run_forever
    self.sock.connect(
    ~~~~~~~~~~~~~~~~~^
        self.url, header=self.header, cookie=self.cookie,
        ^^^^^^^^^^^^^^^^^^^^^^^^^^^^^^^^^^^^^^^^^^^^^^^^^
    ...<3 lines>...
        host=host, origin=origin, suppress_origin=suppress_origin,
        ^^^^^^^^^^^^^^^^^^^^^^^^^^^^^^^^^^^^^^^^^^^^^^^^^^^^^^^^^^
        proxy_type=proxy_type, socket=self.prepared_socket)
        ^^^^^^^^^^^^^^^^^^^^^^^^^^^^^^^^^^^^^^^^^^^^^^^^^^^
  File "/opt/anaconda3/lib/python3.13/site-packages/websocket/_core.py", line 244, in connect
    self.sock, addrs = connect(url, self.sock_opt, proxy_info(**options),
                       ~~~~~~~^^^^^^^^^^^^^^^^^^^^^^^^^^^^^^^^^^^^^^^^^^^
                               options.pop('socket', None))
                               ^^^^^^^^^^^^^^^^^^^^^^^^^^^^
  File "/opt/anaconda3/lib/python3.13/site-packages/websocket/_http.py", line 130, in connect
    sock = _open_socket(addrinfo_list, options.sockopt, options.timeout)
  File "/opt/anaconda3/lib/python3.13/site-packages/websocket/_http.py", line 205, in _open_socket
    raise err
  File "/opt/anaconda3/lib/python3.13/site-packages/websocket/_http.py", line 185, in _open_socket
    sock.connect(address)
    ~~~~~~~~~~~~^^^^^^^^^
ConnectionRefusedError: [Errno 61] Connection refused

During handling of the above exception, another exception occurred:

Traceback (most recent call last):
  File "/opt/anaconda3/lib/python3.13/site-packages/minium/miniprogram/wx_minium.py", line 793, in launch_dev_tool
    self.connect_dev_tool(is_port_in_use)
    ~~~~~~~~~~~~~~~~~~~~~^^^^^^^^^^^^^^^^
  File "/opt/anaconda3/lib/python3.13/site-packages/minium/miniprogram/base_driver/minium_log.py", line 148, in wrapper
    result = func(*args, **kwargs)
  File "/opt/anaconda3/lib/python3.13/site-packages/minium/miniprogram/wx_minium.py", line 851, in connect_dev_tool
    raise MiniConnectError(
        "three times try to connect Dev tool has all fail ..."
    )
minium.framework.exception.MiniConnectError: three times try to connect Dev tool has all fail ...

During handling of the above exception, another exception occurred:

Traceback (most recent call last):
  File "/opt/anaconda3/lib/python3.13/site-packages/minium/miniprogram/wx_minium.py", line 836, in connect_dev_tool
    self.connection = Connection.create(
                      ~~~~~~~~~~~~~~~~~^
        self.uri, timeout=self.conf.get("request_timeout")
        ^^^^^^^^^^^^^^^^^^^^^^^^^^^^^^^^^^^^^^^^^^^^^^^^^^
    )
    ^
  File "/opt/anaconda3/lib/python3.13/site-packages/minium/miniprogram/base_driver/connection.py", line 168, in create
    instance = cls(uri, *args, **kwargs)
  File "/opt/anaconda3/lib/python3.13/site-packages/minium/miniprogram/base_driver/connection.py", line 209, in __init__
    self._connect()
    ~~~~~~~~~~~~~^^
  File "/opt/anaconda3/lib/python3.13/site-packages/minium/miniprogram/base_driver/connection.py", line 361, in _connect
    raise error_callback.result
  File "/opt/anaconda3/lib/python3.13/site-packages/websocket/_app.py", line 327, in run_forever
    self.sock.connect(
    ~~~~~~~~~~~~~~~~~^
        self.url, header=self.header, cookie=self.cookie,
        ^^^^^^^^^^^^^^^^^^^^^^^^^^^^^^^^^^^^^^^^^^^^^^^^^
    ...<3 lines>...
        host=host, origin=origin, suppress_origin=suppress_origin,
        ^^^^^^^^^^^^^^^^^^^^^^^^^^^^^^^^^^^^^^^^^^^^^^^^^^^^^^^^^^
        proxy_type=proxy_type, socket=self.prepared_socket)
        ^^^^^^^^^^^^^^^^^^^^^^^^^^^^^^^^^^^^^^^^^^^^^^^^^^^
  File "/opt/anaconda3/lib/python3.13/site-packages/websocket/_core.py", line 244, in connect
    self.sock, addrs = connect(url, self.sock_opt, proxy_info(**options),
                       ~~~~~~~^^^^^^^^^^^^^^^^^^^^^^^^^^^^^^^^^^^^^^^^^^^
                               options.pop('socket', None))
                               ^^^^^^^^^^^^^^^^^^^^^^^^^^^^
  File "/opt/anaconda3/lib/python3.13/site-packages/websocket/_http.py", line 130, in connect
    sock = _open_socket(addrinfo_list, options.sockopt, options.timeout)
  File "/opt/anaconda3/lib/python3.13/site-packages/websocket/_http.py", line 205, in _open_socket
    raise err
  File "/opt/anaconda3/lib/python3.13/site-packages/websocket/_http.py", line 185, in _open_socket
    sock.connect(address)
    ~~~~~~~~~~~~^^^^^^^^^
ConnectionRefusedError: [Errno 61] Connection refused
[I 2026-06-02 12:01:31,149 minium wx_minium#835 connect_dev_tool] Trying to connect Dev tool ...
[E 2026-06-02 12:01:31,181 minium.Conn7344 connection#642 _on_error] [Errno 61] Connection refused
[I 2026-06-02 12:01:31,187 minium.Conn7344 connection#377 _ws_run_forever] websocket run forever shutdown
[E 2026-06-02 12:01:31,193 minium wx_minium#848 connect_dev_tool] [Errno 61] Connection refused
Traceback (most recent call last):
  File "/opt/anaconda3/lib/python3.13/site-packages/minium/miniprogram/wx_minium.py", line 836, in connect_dev_tool
    self.connection = Connection.create(
                      ~~~~~~~~~~~~~~~~~^
        self.uri, timeout=self.conf.get("request_timeout")
        ^^^^^^^^^^^^^^^^^^^^^^^^^^^^^^^^^^^^^^^^^^^^^^^^^^
    )
    ^
  File "/opt/anaconda3/lib/python3.13/site-packages/minium/miniprogram/base_driver/connection.py", line 168, in create
    instance = cls(uri, *args, **kwargs)
  File "/opt/anaconda3/lib/python3.13/site-packages/minium/miniprogram/base_driver/connection.py", line 209, in __init__
    self._connect()
    ~~~~~~~~~~~~~^^
  File "/opt/anaconda3/lib/python3.13/site-packages/minium/miniprogram/base_driver/connection.py", line 361, in _connect
    raise error_callback.result
  File "/opt/anaconda3/lib/python3.13/site-packages/websocket/_app.py", line 327, in run_forever
    self.sock.connect(
    ~~~~~~~~~~~~~~~~~^
        self.url, header=self.header, cookie=self.cookie,
        ^^^^^^^^^^^^^^^^^^^^^^^^^^^^^^^^^^^^^^^^^^^^^^^^^
    ...<3 lines>...
        host=host, origin=origin, suppress_origin=suppress_origin,
        ^^^^^^^^^^^^^^^^^^^^^^^^^^^^^^^^^^^^^^^^^^^^^^^^^^^^^^^^^^
        proxy_type=proxy_type, socket=self.prepared_socket)
        ^^^^^^^^^^^^^^^^^^^^^^^^^^^^^^^^^^^^^^^^^^^^^^^^^^^
  File "/opt/anaconda3/lib/python3.13/site-packages/websocket/_core.py", line 244, in connect
    self.sock, addrs = connect(url, self.sock_opt, proxy_info(**options),
                       ~~~~~~~^^^^^^^^^^^^^^^^^^^^^^^^^^^^^^^^^^^^^^^^^^^
                               options.pop('socket', None))
                               ^^^^^^^^^^^^^^^^^^^^^^^^^^^^
  File "/opt/anaconda3/lib/python3.13/site-packages/websocket/_http.py", line 130, in connect
    sock = _open_socket(addrinfo_list, options.sockopt, options.timeout)
  File "/opt/anaconda3/lib/python3.13/site-packages/websocket/_http.py", line 205, in _open_socket
    raise err
  File "/opt/anaconda3/lib/python3.13/site-packages/websocket/_http.py", line 185, in _open_socket
    sock.connect(address)
    ~~~~~~~~~~~~^^^^^^^^^
ConnectionRefusedError: [Errno 61] Connection refused

During handling of the above exception, another exception occurred:

Traceback (most recent call last):
  File "/opt/anaconda3/lib/python3.13/site-packages/minium/miniprogram/wx_minium.py", line 793, in launch_dev_tool
    self.connect_dev_tool(is_port_in_use)
    ~~~~~~~~~~~~~~~~~~~~~^^^^^^^^^^^^^^^^
  File "/opt/anaconda3/lib/python3.13/site-packages/minium/miniprogram/base_driver/minium_log.py", line 148, in wrapper
    result = func(*args, **kwargs)
  File "/opt/anaconda3/lib/python3.13/site-packages/minium/miniprogram/wx_minium.py", line 851, in connect_dev_tool
    raise MiniConnectError(
        "three times try to connect Dev tool has all fail ..."
    )
minium.framework.exception.MiniConnectError: three times try to connect Dev tool has all fail ...

During handling of the above exception, another exception occurred:

Traceback (most recent call last):
  File "/opt/anaconda3/lib/python3.13/site-packages/minium/miniprogram/wx_minium.py", line 836, in connect_dev_tool
    self.connection = Connection.create(
                      ~~~~~~~~~~~~~~~~~^
        self.uri, timeout=self.conf.get("request_timeout")
        ^^^^^^^^^^^^^^^^^^^^^^^^^^^^^^^^^^^^^^^^^^^^^^^^^^
    )
    ^
  File "/opt/anaconda3/lib/python3.13/site-packages/minium/miniprogram/base_driver/connection.py", line 168, in create
    instance = cls(uri, *args, **kwargs)
  File "/opt/anaconda3/lib/python3.13/site-packages/minium/miniprogram/base_driver/connection.py", line 209, in __init__
    self._connect()
    ~~~~~~~~~~~~~^^
  File "/opt/anaconda3/lib/python3.13/site-packages/minium/miniprogram/base_driver/connection.py", line 361, in _connect
    raise error_callback.result
  File "/opt/anaconda3/lib/python3.13/site-packages/websocket/_app.py", line 327, in run_forever
    self.sock.connect(
    ~~~~~~~~~~~~~~~~~^
        self.url, header=self.header, cookie=self.cookie,
        ^^^^^^^^^^^^^^^^^^^^^^^^^^^^^^^^^^^^^^^^^^^^^^^^^
    ...<3 lines>...
        host=host, origin=origin, suppress_origin=suppress_origin,
        ^^^^^^^^^^^^^^^^^^^^^^^^^^^^^^^^^^^^^^^^^^^^^^^^^^^^^^^^^^
        proxy_type=proxy_type, socket=self.prepared_socket)
        ^^^^^^^^^^^^^^^^^^^^^^^^^^^^^^^^^^^^^^^^^^^^^^^^^^^
  File "/opt/anaconda3/lib/python3.13/site-packages/websocket/_core.py", line 244, in connect
    self.sock, addrs = connect(url, self.sock_opt, proxy_info(**options),
                       ~~~~~~~^^^^^^^^^^^^^^^^^^^^^^^^^^^^^^^^^^^^^^^^^^^
                               options.pop('socket', None))
                               ^^^^^^^^^^^^^^^^^^^^^^^^^^^^
  File "/opt/anaconda3/lib/python3.13/site-packages/websocket/_http.py", line 130, in connect
    sock = _open_socket(addrinfo_list, options.sockopt, options.timeout)
  File "/opt/anaconda3/lib/python3.13/site-packages/websocket/_http.py", line 205, in _open_socket
    raise err
  File "/opt/anaconda3/lib/python3.13/site-packages/websocket/_http.py", line 185, in _open_socket
    sock.connect(address)
    ~~~~~~~~~~~~^^^^^^^^^
ConnectionRefusedError: [Errno 61] Connection refused
[I 2026-06-02 12:03:06,182 minium minitest#202 init_miniprogram] start init miniprogram
[I 2026-06-02 12:03:06,183 minium basenative#59 wrapper] call IdeNative.start_wechat
[I 2026-06-02 12:03:06,184 minium basenative#63 wrapper] call IdeNative.start_wechat end None
[I 2026-06-02 12:03:06,184 minium wx_minium#738 launch_dev_tool] Starting dev tool and launch MiniProgram project ...
[I 2026-06-02 12:03:06,187 minium minium_object#83 _do_shell] de shell: /Applications/wechatwebdevtools.app/Contents/MacOS/cli auto --project "/Users/haha/greatMan/projects/wechat-mini/2026-04-26-family-party-games" --auto-port 23856
[I 2026-06-02 12:03:10,504 minium minium_object#101 _do_shell] err:
- initialize

✔ IDE server has started, listening on http://127.0.0.1:23856
- preparing
- Fetching AppID () permissions
✔ Using AppID: wx73314ee6734cdfa0
✔ auto

[I 2026-06-02 12:03:10,505 minium minium_object#102 _do_shell] out:

[I 2026-06-02 12:03:15,508 minium wx_minium#835 connect_dev_tool] Trying to connect Dev tool ...
[E 2026-06-02 12:03:15,635 minium.Conn2336 connection#642 _on_error] Handshake status 404 Not Found
[I 2026-06-02 12:03:15,641 minium.Conn2336 connection#377 _ws_run_forever] websocket run forever shutdown
[E 2026-06-02 12:03:15,653 minium wx_minium#848 connect_dev_tool] Handshake status 404 Not Found
Traceback (most recent call last):
  File "/opt/anaconda3/lib/python3.13/site-packages/minium/miniprogram/wx_minium.py", line 836, in connect_dev_tool
    self.connection = Connection.create(
                      ~~~~~~~~~~~~~~~~~^
        self.uri, timeout=self.conf.get("request_timeout")
        ^^^^^^^^^^^^^^^^^^^^^^^^^^^^^^^^^^^^^^^^^^^^^^^^^^
    )
    ^
  File "/opt/anaconda3/lib/python3.13/site-packages/minium/miniprogram/base_driver/connection.py", line 168, in create
    instance = cls(uri, *args, **kwargs)
  File "/opt/anaconda3/lib/python3.13/site-packages/minium/miniprogram/base_driver/connection.py", line 209, in __init__
    self._connect()
    ~~~~~~~~~~~~~^^
  File "/opt/anaconda3/lib/python3.13/site-packages/minium/miniprogram/base_driver/connection.py", line 361, in _connect
    raise error_callback.result
  File "/opt/anaconda3/lib/python3.13/site-packages/websocket/_app.py", line 327, in run_forever
    self.sock.connect(
    ~~~~~~~~~~~~~~~~~^
        self.url, header=self.header, cookie=self.cookie,
        ^^^^^^^^^^^^^^^^^^^^^^^^^^^^^^^^^^^^^^^^^^^^^^^^^
    ...<3 lines>...
        host=host, origin=origin, suppress_origin=suppress_origin,
        ^^^^^^^^^^^^^^^^^^^^^^^^^^^^^^^^^^^^^^^^^^^^^^^^^^^^^^^^^^
        proxy_type=proxy_type, socket=self.prepared_socket)
        ^^^^^^^^^^^^^^^^^^^^^^^^^^^^^^^^^^^^^^^^^^^^^^^^^^^
  File "/opt/anaconda3/lib/python3.13/site-packages/websocket/_core.py", line 248, in connect
    self.handshake_response = handshake(self.sock, url, *addrs, **options)
                              ~~~~~~~~~^^^^^^^^^^^^^^^^^^^^^^^^^^^^^^^^^^^
  File "/opt/anaconda3/lib/python3.13/site-packages/websocket/_handshake.py", line 57, in handshake
    status, resp = _get_resp_headers(sock)
                   ~~~~~~~~~~~~~~~~~^^^^^^
  File "/opt/anaconda3/lib/python3.13/site-packages/websocket/_handshake.py", line 148, in _get_resp_headers
    raise WebSocketBadStatusException("Handshake status %d %s", status, status_message, resp_headers)
websocket._exceptions.WebSocketBadStatusException: Handshake status 404 Not Found
[I 2026-06-02 12:03:15,678 minium wx_minium#835 connect_dev_tool] Trying to connect Dev tool ...
[E 2026-06-02 12:03:15,853 minium.Conn2400 connection#642 _on_error] Handshake status 404 Not Found
[I 2026-06-02 12:03:15,866 minium.Conn2400 connection#377 _ws_run_forever] websocket run forever shutdown
[E 2026-06-02 12:03:15,873 minium wx_minium#848 connect_dev_tool] Handshake status 404 Not Found
Traceback (most recent call last):
  File "/opt/anaconda3/lib/python3.13/site-packages/minium/miniprogram/wx_minium.py", line 836, in connect_dev_tool
    self.connection = Connection.create(
                      ~~~~~~~~~~~~~~~~~^
        self.uri, timeout=self.conf.get("request_timeout")
        ^^^^^^^^^^^^^^^^^^^^^^^^^^^^^^^^^^^^^^^^^^^^^^^^^^
    )
    ^
  File "/opt/anaconda3/lib/python3.13/site-packages/minium/miniprogram/base_driver/connection.py", line 168, in create
    instance = cls(uri, *args, **kwargs)
  File "/opt/anaconda3/lib/python3.13/site-packages/minium/miniprogram/base_driver/connection.py", line 209, in __init__
    self._connect()
    ~~~~~~~~~~~~~^^
  File "/opt/anaconda3/lib/python3.13/site-packages/minium/miniprogram/base_driver/connection.py", line 361, in _connect
    raise error_callback.result
  File "/opt/anaconda3/lib/python3.13/site-packages/websocket/_app.py", line 327, in run_forever
    self.sock.connect(
    ~~~~~~~~~~~~~~~~~^
        self.url, header=self.header, cookie=self.cookie,
        ^^^^^^^^^^^^^^^^^^^^^^^^^^^^^^^^^^^^^^^^^^^^^^^^^
    ...<3 lines>...
        host=host, origin=origin, suppress_origin=suppress_origin,
        ^^^^^^^^^^^^^^^^^^^^^^^^^^^^^^^^^^^^^^^^^^^^^^^^^^^^^^^^^^
        proxy_type=proxy_type, socket=self.prepared_socket)
        ^^^^^^^^^^^^^^^^^^^^^^^^^^^^^^^^^^^^^^^^^^^^^^^^^^^
  File "/opt/anaconda3/lib/python3.13/site-packages/websocket/_core.py", line 248, in connect
    self.handshake_response = handshake(self.sock, url, *addrs, **options)
                              ~~~~~~~~~^^^^^^^^^^^^^^^^^^^^^^^^^^^^^^^^^^^
  File "/opt/anaconda3/lib/python3.13/site-packages/websocket/_handshake.py", line 57, in handshake
    status, resp = _get_resp_headers(sock)
                   ~~~~~~~~~~~~~~~~~^^^^^^
  File "/opt/anaconda3/lib/python3.13/site-packages/websocket/_handshake.py", line 148, in _get_resp_headers
    raise WebSocketBadStatusException("Handshake status %d %s", status, status_message, resp_headers)
websocket._exceptions.WebSocketBadStatusException: Handshake status 404 Not Found
[I 2026-06-02 12:03:15,874 minium wx_minium#835 connect_dev_tool] Trying to connect Dev tool ...
[E 2026-06-02 12:03:16,043 minium.Conn5600 connection#642 _on_error] Handshake status 404 Not Found
[I 2026-06-02 12:03:16,044 minium.Conn5600 connection#377 _ws_run_forever] websocket run forever shutdown
[E 2026-06-02 12:03:16,044 minium wx_minium#848 connect_dev_tool] Handshake status 404 Not Found
Traceback (most recent call last):
  File "/opt/anaconda3/lib/python3.13/site-packages/minium/miniprogram/wx_minium.py", line 836, in connect_dev_tool
    self.connection = Connection.create(
                      ~~~~~~~~~~~~~~~~~^
        self.uri, timeout=self.conf.get("request_timeout")
        ^^^^^^^^^^^^^^^^^^^^^^^^^^^^^^^^^^^^^^^^^^^^^^^^^^
    )
    ^
  File "/opt/anaconda3/lib/python3.13/site-packages/minium/miniprogram/base_driver/connection.py", line 168, in create
    instance = cls(uri, *args, **kwargs)
  File "/opt/anaconda3/lib/python3.13/site-packages/minium/miniprogram/base_driver/connection.py", line 209, in __init__
    self._connect()
    ~~~~~~~~~~~~~^^
  File "/opt/anaconda3/lib/python3.13/site-packages/minium/miniprogram/base_driver/connection.py", line 361, in _connect
    raise error_callback.result
  File "/opt/anaconda3/lib/python3.13/site-packages/websocket/_app.py", line 327, in run_forever
    self.sock.connect(
    ~~~~~~~~~~~~~~~~~^
        self.url, header=self.header, cookie=self.cookie,
        ^^^^^^^^^^^^^^^^^^^^^^^^^^^^^^^^^^^^^^^^^^^^^^^^^
    ...<3 lines>...
        host=host, origin=origin, suppress_origin=suppress_origin,
        ^^^^^^^^^^^^^^^^^^^^^^^^^^^^^^^^^^^^^^^^^^^^^^^^^^^^^^^^^^
        proxy_type=proxy_type, socket=self.prepared_socket)
        ^^^^^^^^^^^^^^^^^^^^^^^^^^^^^^^^^^^^^^^^^^^^^^^^^^^
  File "/opt/anaconda3/lib/python3.13/site-packages/websocket/_core.py", line 248, in connect
    self.handshake_response = handshake(self.sock, url, *addrs, **options)
                              ~~~~~~~~~^^^^^^^^^^^^^^^^^^^^^^^^^^^^^^^^^^^
  File "/opt/anaconda3/lib/python3.13/site-packages/websocket/_handshake.py", line 57, in handshake
    status, resp = _get_resp_headers(sock)
                   ~~~~~~~~~~~~~~~~~^^^^^^
  File "/opt/anaconda3/lib/python3.13/site-packages/websocket/_handshake.py", line 148, in _get_resp_headers
    raise WebSocketBadStatusException("Handshake status %d %s", status, status_message, resp_headers)
websocket._exceptions.WebSocketBadStatusException: Handshake status 404 Not Found
[E 2026-06-02 12:03:16,044 minium wx_minium#797 launch_dev_tool] three times try to connect Dev tool has all fail ..., restart now...
[I 2026-06-02 12:03:16,045 minium wx_minium#811 launch_dev_tool] Starting dev tool again...
[I 2026-06-02 12:03:16,045 minium minium_object#83 _do_shell] de shell: /Applications/wechatwebdevtools.app/Contents/MacOS/cli auto --project "/Users/haha/greatMan/projects/wechat-mini/2026-04-26-family-party-games" --auto-port 23856
[I 2026-06-02 12:03:18,629 minium minium_object#101 _do_shell] err:
- initialize

✔ IDE server has started, listening on http://127.0.0.1:23856
- preparing
- Fetching AppID () permissions
✔ Using AppID: wx73314ee6734cdfa0
✔ auto

[I 2026-06-02 12:03:18,630 minium minium_object#102 _do_shell] out:

[I 2026-06-02 12:03:18,630 minium wx_minium#816 launch_dev_tool] Restart success
[I 2026-06-02 12:03:23,635 minium wx_minium#835 connect_dev_tool] Trying to connect Dev tool ...
[E 2026-06-02 12:03:23,783 minium.Conn6576 connection#642 _on_error] Handshake status 404 Not Found
[I 2026-06-02 12:03:23,790 minium.Conn6576 connection#377 _ws_run_forever] websocket run forever shutdown
[E 2026-06-02 12:03:23,796 minium wx_minium#848 connect_dev_tool] Handshake status 404 Not Found
Traceback (most recent call last):
  File "/opt/anaconda3/lib/python3.13/site-packages/minium/miniprogram/wx_minium.py", line 836, in connect_dev_tool
    self.connection = Connection.create(
                      ~~~~~~~~~~~~~~~~~^
        self.uri, timeout=self.conf.get("request_timeout")
        ^^^^^^^^^^^^^^^^^^^^^^^^^^^^^^^^^^^^^^^^^^^^^^^^^^
    )
    ^
  File "/opt/anaconda3/lib/python3.13/site-packages/minium/miniprogram/base_driver/connection.py", line 168, in create
    instance = cls(uri, *args, **kwargs)
  File "/opt/anaconda3/lib/python3.13/site-packages/minium/miniprogram/base_driver/connection.py", line 209, in __init__
    self._connect()
    ~~~~~~~~~~~~~^^
  File "/opt/anaconda3/lib/python3.13/site-packages/minium/miniprogram/base_driver/connection.py", line 361, in _connect
    raise error_callback.result
  File "/opt/anaconda3/lib/python3.13/site-packages/websocket/_app.py", line 327, in run_forever
    self.sock.connect(
    ~~~~~~~~~~~~~~~~~^
        self.url, header=self.header, cookie=self.cookie,
        ^^^^^^^^^^^^^^^^^^^^^^^^^^^^^^^^^^^^^^^^^^^^^^^^^
    ...<3 lines>...
        host=host, origin=origin, suppress_origin=suppress_origin,
        ^^^^^^^^^^^^^^^^^^^^^^^^^^^^^^^^^^^^^^^^^^^^^^^^^^^^^^^^^^
        proxy_type=proxy_type, socket=self.prepared_socket)
        ^^^^^^^^^^^^^^^^^^^^^^^^^^^^^^^^^^^^^^^^^^^^^^^^^^^
  File "/opt/anaconda3/lib/python3.13/site-packages/websocket/_core.py", line 248, in connect
    self.handshake_response = handshake(self.sock, url, *addrs, **options)
                              ~~~~~~~~~^^^^^^^^^^^^^^^^^^^^^^^^^^^^^^^^^^^
  File "/opt/anaconda3/lib/python3.13/site-packages/websocket/_handshake.py", line 57, in handshake
    status, resp = _get_resp_headers(sock)
                   ~~~~~~~~~~~~~~~~~^^^^^^
  File "/opt/anaconda3/lib/python3.13/site-packages/websocket/_handshake.py", line 148, in _get_resp_headers
    raise WebSocketBadStatusException("Handshake status %d %s", status, status_message, resp_headers)
websocket._exceptions.WebSocketBadStatusException: Handshake status 404 Not Found

During handling of the above exception, another exception occurred:

Traceback (most recent call last):
  File "/opt/anaconda3/lib/python3.13/site-packages/minium/miniprogram/wx_minium.py", line 793, in launch_dev_tool
    self.connect_dev_tool(is_port_in_use)
    ~~~~~~~~~~~~~~~~~~~~~^^^^^^^^^^^^^^^^
  File "/opt/anaconda3/lib/python3.13/site-packages/minium/miniprogram/base_driver/minium_log.py", line 148, in wrapper
    result = func(*args, **kwargs)
  File "/opt/anaconda3/lib/python3.13/site-packages/minium/miniprogram/wx_minium.py", line 851, in connect_dev_tool
    raise MiniConnectError(
        "three times try to connect Dev tool has all fail ..."
    )
minium.framework.exception.MiniConnectError: three times try to connect Dev tool has all fail ...

During handling of the above exception, another exception occurred:

Traceback (most recent call last):
  File "/opt/anaconda3/lib/python3.13/site-packages/minium/miniprogram/wx_minium.py", line 836, in connect_dev_tool
    self.connection = Connection.create(
                      ~~~~~~~~~~~~~~~~~^
        self.uri, timeout=self.conf.get("request_timeout")
        ^^^^^^^^^^^^^^^^^^^^^^^^^^^^^^^^^^^^^^^^^^^^^^^^^^
    )
    ^
  File "/opt/anaconda3/lib/python3.13/site-packages/minium/miniprogram/base_driver/connection.py", line 168, in create
    instance = cls(uri, *args, **kwargs)
  File "/opt/anaconda3/lib/python3.13/site-packages/minium/miniprogram/base_driver/connection.py", line 209, in __init__
    self._connect()
    ~~~~~~~~~~~~~^^
  File "/opt/anaconda3/lib/python3.13/site-packages/minium/miniprogram/base_driver/connection.py", line 361, in _connect
    raise error_callback.result
  File "/opt/anaconda3/lib/python3.13/site-packages/websocket/_app.py", line 327, in run_forever
    self.sock.connect(
    ~~~~~~~~~~~~~~~~~^
        self.url, header=self.header, cookie=self.cookie,
        ^^^^^^^^^^^^^^^^^^^^^^^^^^^^^^^^^^^^^^^^^^^^^^^^^
    ...<3 lines>...
        host=host, origin=origin, suppress_origin=suppress_origin,
        ^^^^^^^^^^^^^^^^^^^^^^^^^^^^^^^^^^^^^^^^^^^^^^^^^^^^^^^^^^
        proxy_type=proxy_type, socket=self.prepared_socket)
        ^^^^^^^^^^^^^^^^^^^^^^^^^^^^^^^^^^^^^^^^^^^^^^^^^^^
  File "/opt/anaconda3/lib/python3.13/site-packages/websocket/_core.py", line 248, in connect
    self.handshake_response = handshake(self.sock, url, *addrs, **options)
                              ~~~~~~~~~^^^^^^^^^^^^^^^^^^^^^^^^^^^^^^^^^^^
  File "/opt/anaconda3/lib/python3.13/site-packages/websocket/_handshake.py", line 57, in handshake
    status, resp = _get_resp_headers(sock)
                   ~~~~~~~~~~~~~~~~~^^^^^^
  File "/opt/anaconda3/lib/python3.13/site-packages/websocket/_handshake.py", line 148, in _get_resp_headers
    raise WebSocketBadStatusException("Handshake status %d %s", status, status_message, resp_headers)
websocket._exceptions.WebSocketBadStatusException: Handshake status 404 Not Found
[I 2026-06-02 12:03:23,799 minium wx_minium#835 connect_dev_tool] Trying to connect Dev tool ...
[E 2026-06-02 12:03:23,906 minium.Conn9008 connection#642 _on_error] Handshake status 404 Not Found
[I 2026-06-02 12:03:23,912 minium.Conn9008 connection#377 _ws_run_forever] websocket run forever shutdown
[E 2026-06-02 12:03:23,919 minium wx_minium#848 connect_dev_tool] Handshake status 404 Not Found
Traceback (most recent call last):
  File "/opt/anaconda3/lib/python3.13/site-packages/minium/miniprogram/wx_minium.py", line 836, in connect_dev_tool
    self.connection = Connection.create(
                      ~~~~~~~~~~~~~~~~~^
        self.uri, timeout=self.conf.get("request_timeout")
        ^^^^^^^^^^^^^^^^^^^^^^^^^^^^^^^^^^^^^^^^^^^^^^^^^^
    )
    ^
  File "/opt/anaconda3/lib/python3.13/site-packages/minium/miniprogram/base_driver/connection.py", line 168, in create
    instance = cls(uri, *args, **kwargs)
  File "/opt/anaconda3/lib/python3.13/site-packages/minium/miniprogram/base_driver/connection.py", line 209, in __init__
    self._connect()
    ~~~~~~~~~~~~~^^
  File "/opt/anaconda3/lib/python3.13/site-packages/minium/miniprogram/base_driver/connection.py", line 361, in _connect
    raise error_callback.result
  File "/opt/anaconda3/lib/python3.13/site-packages/websocket/_app.py", line 327, in run_forever
    self.sock.connect(
    ~~~~~~~~~~~~~~~~~^
        self.url, header=self.header, cookie=self.cookie,
        ^^^^^^^^^^^^^^^^^^^^^^^^^^^^^^^^^^^^^^^^^^^^^^^^^
    ...<3 lines>...
        host=host, origin=origin, suppress_origin=suppress_origin,
        ^^^^^^^^^^^^^^^^^^^^^^^^^^^^^^^^^^^^^^^^^^^^^^^^^^^^^^^^^^
        proxy_type=proxy_type, socket=self.prepared_socket)
        ^^^^^^^^^^^^^^^^^^^^^^^^^^^^^^^^^^^^^^^^^^^^^^^^^^^
  File "/opt/anaconda3/lib/python3.13/site-packages/websocket/_core.py", line 248, in connect
    self.handshake_response = handshake(self.sock, url, *addrs, **options)
                              ~~~~~~~~~^^^^^^^^^^^^^^^^^^^^^^^^^^^^^^^^^^^
  File "/opt/anaconda3/lib/python3.13/site-packages/websocket/_handshake.py", line 57, in handshake
    status, resp = _get_resp_headers(sock)
                   ~~~~~~~~~~~~~~~~~^^^^^^
  File "/opt/anaconda3/lib/python3.13/site-packages/websocket/_handshake.py", line 148, in _get_resp_headers
    raise WebSocketBadStatusException("Handshake status %d %s", status, status_message, resp_headers)
websocket._exceptions.WebSocketBadStatusException: Handshake status 404 Not Found

During handling of the above exception, another exception occurred:

Traceback (most recent call last):
  File "/opt/anaconda3/lib/python3.13/site-packages/minium/miniprogram/wx_minium.py", line 793, in launch_dev_tool
    self.connect_dev_tool(is_port_in_use)
    ~~~~~~~~~~~~~~~~~~~~~^^^^^^^^^^^^^^^^
  File "/opt/anaconda3/lib/python3.13/site-packages/minium/miniprogram/base_driver/minium_log.py", line 148, in wrapper
    result = func(*args, **kwargs)
  File "/opt/anaconda3/lib/python3.13/site-packages/minium/miniprogram/wx_minium.py", line 851, in connect_dev_tool
    raise MiniConnectError(
        "three times try to connect Dev tool has all fail ..."
    )
minium.framework.exception.MiniConnectError: three times try to connect Dev tool has all fail ...

During handling of the above exception, another exception occurred:

Traceback (most recent call last):
  File "/opt/anaconda3/lib/python3.13/site-packages/minium/miniprogram/wx_minium.py", line 836, in connect_dev_tool
    self.connection = Connection.create(
                      ~~~~~~~~~~~~~~~~~^
        self.uri, timeout=self.conf.get("request_timeout")
        ^^^^^^^^^^^^^^^^^^^^^^^^^^^^^^^^^^^^^^^^^^^^^^^^^^
    )
    ^
  File "/opt/anaconda3/lib/python3.13/site-packages/minium/miniprogram/base_driver/connection.py", line 168, in create
    instance = cls(uri, *args, **kwargs)
  File "/opt/anaconda3/lib/python3.13/site-packages/minium/miniprogram/base_driver/connection.py", line 209, in __init__
    self._connect()
    ~~~~~~~~~~~~~^^
  File "/opt/anaconda3/lib/python3.13/site-packages/minium/miniprogram/base_driver/connection.py", line 361, in _connect
    raise error_callback.result
  File "/opt/anaconda3/lib/python3.13/site-packages/websocket/_app.py", line 327, in run_forever
    self.sock.connect(
    ~~~~~~~~~~~~~~~~~^
        self.url, header=self.header, cookie=self.cookie,
        ^^^^^^^^^^^^^^^^^^^^^^^^^^^^^^^^^^^^^^^^^^^^^^^^^
    ...<3 lines>...
        host=host, origin=origin, suppress_origin=suppress_origin,
        ^^^^^^^^^^^^^^^^^^^^^^^^^^^^^^^^^^^^^^^^^^^^^^^^^^^^^^^^^^
        proxy_type=proxy_type, socket=self.prepared_socket)
        ^^^^^^^^^^^^^^^^^^^^^^^^^^^^^^^^^^^^^^^^^^^^^^^^^^^
  File "/opt/anaconda3/lib/python3.13/site-packages/websocket/_core.py", line 248, in connect
    self.handshake_response = handshake(self.sock, url, *addrs, **options)
                              ~~~~~~~~~^^^^^^^^^^^^^^^^^^^^^^^^^^^^^^^^^^^
  File "/opt/anaconda3/lib/python3.13/site-packages/websocket/_handshake.py", line 57, in handshake
    status, resp = _get_resp_headers(sock)
                   ~~~~~~~~~~~~~~~~~^^^^^^
  File "/opt/anaconda3/lib/python3.13/site-packages/websocket/_handshake.py", line 148, in _get_resp_headers
    raise WebSocketBadStatusException("Handshake status %d %s", status, status_message, resp_headers)
websocket._exceptions.WebSocketBadStatusException: Handshake status 404 Not Found
[I 2026-06-02 12:03:23,921 minium wx_minium#835 connect_dev_tool] Trying to connect Dev tool ...
[E 2026-06-02 12:03:24,149 minium.Conn3760 connection#642 _on_error] Handshake status 404 Not Found
[I 2026-06-02 12:03:24,156 minium.Conn3760 connection#377 _ws_run_forever] websocket run forever shutdown
[E 2026-06-02 12:03:24,161 minium wx_minium#848 connect_dev_tool] Handshake status 404 Not Found
Traceback (most recent call last):
  File "/opt/anaconda3/lib/python3.13/site-packages/minium/miniprogram/wx_minium.py", line 836, in connect_dev_tool
    self.connection = Connection.create(
                      ~~~~~~~~~~~~~~~~~^
        self.uri, timeout=self.conf.get("request_timeout")
        ^^^^^^^^^^^^^^^^^^^^^^^^^^^^^^^^^^^^^^^^^^^^^^^^^^
    )
    ^
  File "/opt/anaconda3/lib/python3.13/site-packages/minium/miniprogram/base_driver/connection.py", line 168, in create
    instance = cls(uri, *args, **kwargs)
  File "/opt/anaconda3/lib/python3.13/site-packages/minium/miniprogram/base_driver/connection.py", line 209, in __init__
    self._connect()
    ~~~~~~~~~~~~~^^
  File "/opt/anaconda3/lib/python3.13/site-packages/minium/miniprogram/base_driver/connection.py", line 361, in _connect
    raise error_callback.result
  File "/opt/anaconda3/lib/python3.13/site-packages/websocket/_app.py", line 327, in run_forever
    self.sock.connect(
    ~~~~~~~~~~~~~~~~~^
        self.url, header=self.header, cookie=self.cookie,
        ^^^^^^^^^^^^^^^^^^^^^^^^^^^^^^^^^^^^^^^^^^^^^^^^^
    ...<3 lines>...
        host=host, origin=origin, suppress_origin=suppress_origin,
        ^^^^^^^^^^^^^^^^^^^^^^^^^^^^^^^^^^^^^^^^^^^^^^^^^^^^^^^^^^
        proxy_type=proxy_type, socket=self.prepared_socket)
        ^^^^^^^^^^^^^^^^^^^^^^^^^^^^^^^^^^^^^^^^^^^^^^^^^^^
  File "/opt/anaconda3/lib/python3.13/site-packages/websocket/_core.py", line 248, in connect
    self.handshake_response = handshake(self.sock, url, *addrs, **options)
                              ~~~~~~~~~^^^^^^^^^^^^^^^^^^^^^^^^^^^^^^^^^^^
  File "/opt/anaconda3/lib/python3.13/site-packages/websocket/_handshake.py", line 57, in handshake
    status, resp = _get_resp_headers(sock)
                   ~~~~~~~~~~~~~~~~~^^^^^^
  File "/opt/anaconda3/lib/python3.13/site-packages/websocket/_handshake.py", line 148, in _get_resp_headers
    raise WebSocketBadStatusException("Handshake status %d %s", status, status_message, resp_headers)
websocket._exceptions.WebSocketBadStatusException: Handshake status 404 Not Found

During handling of the above exception, another exception occurred:

Traceback (most recent call last):
  File "/opt/anaconda3/lib/python3.13/site-packages/minium/miniprogram/wx_minium.py", line 793, in launch_dev_tool
    self.connect_dev_tool(is_port_in_use)
    ~~~~~~~~~~~~~~~~~~~~~^^^^^^^^^^^^^^^^
  File "/opt/anaconda3/lib/python3.13/site-packages/minium/miniprogram/base_driver/minium_log.py", line 148, in wrapper
    result = func(*args, **kwargs)
  File "/opt/anaconda3/lib/python3.13/site-packages/minium/miniprogram/wx_minium.py", line 851, in connect_dev_tool
    raise MiniConnectError(
        "three times try to connect Dev tool has all fail ..."
    )
minium.framework.exception.MiniConnectError: three times try to connect Dev tool has all fail ...

During handling of the above exception, another exception occurred:

Traceback (most recent call last):
  File "/opt/anaconda3/lib/python3.13/site-packages/minium/miniprogram/wx_minium.py", line 836, in connect_dev_tool
    self.connection = Connection.create(
                      ~~~~~~~~~~~~~~~~~^
        self.uri, timeout=self.conf.get("request_timeout")
        ^^^^^^^^^^^^^^^^^^^^^^^^^^^^^^^^^^^^^^^^^^^^^^^^^^
    )
    ^
  File "/opt/anaconda3/lib/python3.13/site-packages/minium/miniprogram/base_driver/connection.py", line 168, in create
    instance = cls(uri, *args, **kwargs)
  File "/opt/anaconda3/lib/python3.13/site-packages/minium/miniprogram/base_driver/connection.py", line 209, in __init__
    self._connect()
    ~~~~~~~~~~~~~^^
  File "/opt/anaconda3/lib/python3.13/site-packages/minium/miniprogram/base_driver/connection.py", line 361, in _connect
    raise error_callback.result
  File "/opt/anaconda3/lib/python3.13/site-packages/websocket/_app.py", line 327, in run_forever
    self.sock.connect(
    ~~~~~~~~~~~~~~~~~^
        self.url, header=self.header, cookie=self.cookie,
        ^^^^^^^^^^^^^^^^^^^^^^^^^^^^^^^^^^^^^^^^^^^^^^^^^
    ...<3 lines>...
        host=host, origin=origin, suppress_origin=suppress_origin,
        ^^^^^^^^^^^^^^^^^^^^^^^^^^^^^^^^^^^^^^^^^^^^^^^^^^^^^^^^^^
        proxy_type=proxy_type, socket=self.prepared_socket)
        ^^^^^^^^^^^^^^^^^^^^^^^^^^^^^^^^^^^^^^^^^^^^^^^^^^^
  File "/opt/anaconda3/lib/python3.13/site-packages/websocket/_core.py", line 248, in connect
    self.handshake_response = handshake(self.sock, url, *addrs, **options)
                              ~~~~~~~~~^^^^^^^^^^^^^^^^^^^^^^^^^^^^^^^^^^^
  File "/opt/anaconda3/lib/python3.13/site-packages/websocket/_handshake.py", line 57, in handshake
    status, resp = _get_resp_headers(sock)
                   ~~~~~~~~~~~~~~~~~^^^^^^
  File "/opt/anaconda3/lib/python3.13/site-packages/websocket/_handshake.py", line 148, in _get_resp_headers
    raise WebSocketBadStatusException("Handshake status %d %s", status, status_message, resp_headers)
websocket._exceptions.WebSocketBadStatusException: Handshake status 404 Not Found
[I 2026-06-02 12:03:40,576 minium minitest#202 init_miniprogram] start init miniprogram
[I 2026-06-02 12:03:40,577 minium basenative#59 wrapper] call IdeNative.start_wechat
[I 2026-06-02 12:03:40,577 minium basenative#63 wrapper] call IdeNative.start_wechat end None
[I 2026-06-02 12:03:40,577 minium wx_minium#738 launch_dev_tool] Starting dev tool and launch MiniProgram project ...
[I 2026-06-02 12:03:40,577 minium minium_object#83 _do_shell] de shell: /Applications/wechatwebdevtools.app/Contents/MacOS/cli auto --project "/Users/haha/greatMan/projects/wechat-mini/2026-04-26-family-party-games" --auto-port 20034
[I 2026-06-02 12:03:42,622 minium minium_object#101 _do_shell] err:
- initialize

✔ IDE server has started, listening on http://127.0.0.1:23856
- preparing
- Fetching AppID () permissions
✔ Using AppID: wx73314ee6734cdfa0
✔ auto

[I 2026-06-02 12:03:42,622 minium minium_object#102 _do_shell] out:

[I 2026-06-02 12:03:47,626 minium wx_minium#835 connect_dev_tool] Trying to connect Dev tool ...
[I 2026-06-02 12:03:47,878 minium.Conn9984 connection#352 _connect] connect to WebChatTools successfully
[E 2026-06-02 12:04:10,883 minium wx_minium#848 connect_dev_tool] [97bb4091-e608-49e4-b6f4-4c5b185536cd][call App.callWxMethod] receive from remote timeout
Traceback (most recent call last):
  File "/opt/anaconda3/lib/python3.13/site-packages/minium/miniprogram/wx_minium.py", line 841, in connect_dev_tool
    self._instantiate_app(not self.start_cmd or should_relaunch)
    ~~~~~~~~~~~~~~~~~~~~~^^^^^^^^^^^^^^^^^^^^^^^^^^^^^^^^^^^^^^^
  File "/opt/anaconda3/lib/python3.13/site-packages/minium/miniprogram/wx_minium.py", line 878, in _instantiate_app
    self._get_system_info()
    ~~~~~~~~~~~~~~~~~~~~~^^
  File "/opt/anaconda3/lib/python3.13/site-packages/minium/miniprogram/wx_minium.py", line 533, in _get_system_info
    system_info = self.get_system_info()
  File "/opt/anaconda3/lib/python3.13/site-packages/minium/miniprogram/base_driver/minium_log.py", line 148, in wrapper
    result = func(*args, **kwargs)
  File "/opt/anaconda3/lib/python3.13/site-packages/minium/miniprogram/wx_minium.py", line 909, in get_system_info
    self._call_wx_method("getSystemInfoSync")
    ~~~~~~~~~~~~~~~~~~~~^^^^^^^^^^^^^^^^^^^^^
  File "/opt/anaconda3/lib/python3.13/site-packages/minium/miniprogram/base_driver/minium_object.py", line 162, in _call_wx_method
    return self.connection.send("App.callWxMethod", params)
           ~~~~~~~~~~~~~~~~~~~~^^^^^^^^^^^^^^^^^^^^^^^^^^^^
  File "/opt/anaconda3/lib/python3.13/site-packages/minium/miniprogram/base_driver/connection.py", line 457, in send
    return self._receive_response(cmd)
           ~~~~~~~~~~~~~~~~~~~~~~^^^^^
  File "/opt/anaconda3/lib/python3.13/site-packages/minium/miniprogram/base_driver/connection.py", line 501, in _receive_response
    raise MiniTimeoutError(
        f"[{cmd.id}][{cmd.desc}] receive from remote timeout"
    )
minium.framework.exception.MiniTimeoutError: [97bb4091-e608-49e4-b6f4-4c5b185536cd][call App.callWxMethod] receive from remote timeout
[I 2026-06-02 12:04:10,889 minium wx_minium#835 connect_dev_tool] Trying to connect Dev tool ...
[I 2026-06-02 12:04:11,188 minium.Conn6432 connection#352 _connect] connect to WebChatTools successfully
[E 2026-06-02 12:04:11,188 minium.Conn9984 connection#739 destroy] 断开连接
[I 2026-06-02 12:04:14,189 minium.Conn9984 connection#377 _ws_run_forever] websocket run forever shutdown
[I 2026-06-02 12:04:14,665 minium wx_minium#893 _instantiate_app] new app instanst <minium.miniprogram.base_driver.app.App object at 0x1051b5160>, whether should relaunch: False
[I 2026-06-02 12:04:14,666 minium basenative#59 wrapper] call IdeNative.send
[W 2026-06-02 12:04:14,668 minium idenative#77 _send] handle clickCoverView error: clickCoverView failed
[I 2026-06-02 12:04:14,668 minium basenative#63 wrapper] call IdeNative.send end False
[I 2026-06-02 12:04:15,471 minium minitest#218 init_miniprogram] end init miniprogram
[I 2026-06-02 12:04:15,474 minium minitest#432 _miniSetUp] =========Current case: test_01_homepage=========
[I 2026-06-02 12:04:15,474 minium minitest#435 _miniSetUp] package info: .Users.haha.greatMan.projects.wechat-mini.2026-04-26-family-party-games.tests.test_gesture_final, case info: GestureGuessTest.test_01_homepage
[I 2026-06-02 12:04:15,474 minium basenative#59 wrapper] call BaseNative.check_connection
[I 2026-06-02 12:04:15,474 minium basenative#63 wrapper] call BaseNative.check_connection end True
[I 2026-06-02 12:04:15,474 minium basenative#59 wrapper] call BaseNative.back_to_miniprogram
[I 2026-06-02 12:04:15,474 minium basenative#794 back_to_miniprogram] try back_to_miniprogram 3
[I 2026-06-02 12:04:15,474 minium basenative#63 wrapper] call BaseNative.back_to_miniprogram end 
[I 2026-06-02 12:04:15,476 minium.App3680 app#950 relaunch] ReLaunch: /pages/index/index
[I 2026-06-02 12:04:26,301 minium wx_minium#571 _app_initialized_callback] receive App.initialized
[I 2026-06-02 12:04:26,302 minium wx_minium#579 _relaunch] start instantiate app 6270267392
[I 2026-06-02 12:04:26,323 minium.App3680 app#545 release] release app <minium.miniprogram.base_driver.app.App object at 0x1051b5160>
[I 2026-06-02 12:04:26,360 minium wx_minium#893 _instantiate_app] new app instanst <minium.miniprogram.base_driver.app.App object at 0x10512bd90>, whether should relaunch: False
[I 2026-06-02 12:04:26,650 minium wx_minium#608 _relaunch] end instantiate app, cost: 0.3478362560272217
[W 2026-06-02 12:04:35,486 minium.App3680 app#1167 _change_route_async] 等待wx.reLaunch回调失败
[I 2026-06-02 12:04:35,495 minium minitest#897 capture] capture teardown.png
[E 2026-06-02 12:04:35,604 minium assertbase#390 _get_stack_info] <bound method MiniTest._miniSetUp of <__main__.GestureGuessTest testMethod=test_01_homepage>>
Traceback (most recent call last):
  File "/opt/anaconda3/lib/python3.13/site-packages/minium/framework/libs/unittest/case.py", line 43, in testPartExecutor
    yield
  File "/opt/anaconda3/lib/python3.13/site-packages/minium/framework/libs/unittest/case.py", line 118, in run
    self._miniSetUp()
    ~~~~~~~~~~~~~~~^^
  File "/opt/anaconda3/lib/python3.13/site-packages/minium/framework/minitest.py", line 478, in _miniSetUp
    self.mini.app.go_home()
    ~~~~~~~~~~~~~~~~~~~~~^^
  File "/opt/anaconda3/lib/python3.13/site-packages/minium/miniprogram/base_driver/minium_log.py", line 148, in wrapper
    result = func(*args, **kwargs)
  File "/opt/anaconda3/lib/python3.13/site-packages/minium/miniprogram/base_driver/app.py", line 1073, in go_home
    page = self.relaunch(main_page_path.path, main_page_path.query)
  File "/opt/anaconda3/lib/python3.13/site-packages/minium/miniprogram/base_driver/minium_log.py", line 148, in wrapper
    result = func(*args, **kwargs)
  File "/opt/anaconda3/lib/python3.13/site-packages/minium/utils/utils.py", line 90, in wrapper
    ret = func(*args, **kwargs)
  File "/opt/anaconda3/lib/python3.13/site-packages/minium/miniprogram/base_driver/app.py", line 951, in relaunch
    page = self._change_route_async("reLaunch", url, is_wait_url_change)
  File "/opt/anaconda3/lib/python3.13/site-packages/minium/miniprogram/base_driver/app.py", line 1165, in _change_route_async
    cmd.get_open_result(wait_timeout)
    ~~~~~~~~~~~~~~~~~~~^^^^^^^^^^^^^^
  File "/opt/anaconda3/lib/python3.13/site-packages/minium/miniprogram/base_driver/app.py", line 133, in get_open_result
    raise MiniTimeoutError(
        f"[{self._open_id}][{self.open_type}] receive from remote timeout"
    )
minium.framework.exception.MiniTimeoutError: [89360dbb-9c52-4331-92d4-c3c78919d584][reLaunch] receive from remote timeout
[W 2026-06-02 12:04:35,604 minium assertbase#354 _log_info_when_error] config: {'debug': False, 'base_dir': '/Users/haha/greatMan/projects/wechat-mini/2026-04-26-family-party-games', 'platform': 'ide', 'app': 'wx', 'debug_mode': 'info', 'close_ide': False, 'auto_capture': 'auto', 'check_mp_foreground': True, 'auto_relaunch': True, 'device_desire': {}, 'account_info': {}, 'report_usage': True, 'remote_connect_timeout': 180, 'request_timeout': 20, 'use_push': True, 'full_reset': False, 'outputs': './outputs', 'enable_app_log': False, 'enable_network_panel': False, 'project_path': '/Users/haha/greatMan/projects/wechat-mini/2026-04-26-family-party-games', 'dev_tool_path': '/Applications/wechatwebdevtools.app/Contents/MacOS/cli', 'test_port': 20034, 'mock_native_modal': {}, 'mock_request': [], 'auto_authorize': False, 'audits': None, 'teardown_snapshot': False, 'mock_images_dir': '', 'mock_images': {}, 'need_perf': False, 'appid': None, 'enable_h5': True, 'autofix': False, 'cloud_env_id': 'cloud1-d9g01no7m292bc511-d5e875d', 'framework_capture': True, 'error_capture': False, 'assert_capture': True, 'create_time': '20260602120340', 'case_output': './outputs/20260602120340/test_01_homepage/20260602120415471676'}
[W 2026-06-02 12:04:35,605 minium assertbase#355 _log_info_when_error] build info: {'version': '1.6.0', 'revision': '33ce5b50b34ec18c51c054a7cc1bdfb3ab0a451b', 'branch': 'master', 'update_at': '2024-10-09 21:08:56'}
[W 2026-06-02 12:04:35,605 minium minitest#1029 _log_info_when_error] mini: 基础库3.15.2, 开发者工具2.01.2510290
[W 2026-06-02 12:04:35,605 minium minitest#1031 _log_info_when_error] native: <minium.native.wx_native.idenative.IdeNative object at 0x1051b4050>
[W 2026-06-02 12:04:35,611 minium minitest#825 run] 第1次重试
[I 2026-06-02 12:04:35,613 minium minitest#432 _miniSetUp] =========Current case: test_01_homepage=========
[W 2026-06-02 12:04:35,614 minium minitest#434 _miniSetUp] 第1次重试
[I 2026-06-02 12:04:35,614 minium minitest#435 _miniSetUp] package info: .Users.haha.greatMan.projects.wechat-mini.2026-04-26-family-party-games.tests.test_gesture_final, case info: GestureGuessTest.test_01_homepage
[I 2026-06-02 12:04:35,614 minium basenative#59 wrapper] call BaseNative.check_connection
[I 2026-06-02 12:04:35,614 minium basenative#63 wrapper] call BaseNative.check_connection end True
[I 2026-06-02 12:04:35,614 minium basenative#59 wrapper] call BaseNative.back_to_miniprogram
[I 2026-06-02 12:04:35,614 minium basenative#794 back_to_miniprogram] try back_to_miniprogram 3
[I 2026-06-02 12:04:35,614 minium basenative#63 wrapper] call BaseNative.back_to_miniprogram end 
[I 2026-06-02 12:04:35,617 minium.App1552 app#950 relaunch] ReLaunch: /pages/index/index
[I 2026-06-02 12:04:38,117 minium wx_minium#571 _app_initialized_callback] receive App.initialized
[I 2026-06-02 12:04:38,117 minium wx_minium#579 _relaunch] start instantiate app 6270267392
[I 2026-06-02 12:04:38,125 minium.App1552 app#545 release] release app <minium.miniprogram.base_driver.app.App object at 0x10512bd90>
[I 2026-06-02 12:04:38,157 minium wx_minium#893 _instantiate_app] new app instanst <minium.miniprogram.base_driver.app.App object at 0x105129f90>, whether should relaunch: False
[I 2026-06-02 12:04:38,449 minium wx_minium#608 _relaunch] end instantiate app, cost: 0.33112311363220215
[W 2026-06-02 12:04:55,619 minium.App1552 app#1167 _change_route_async] 等待wx.reLaunch回调失败
[I 2026-06-02 12:04:55,623 minium minitest#897 capture] capture teardown.png
[E 2026-06-02 12:04:55,739 minium assertbase#390 _get_stack_info] <bound method MiniTest._miniSetUp of <__main__.GestureGuessTest testMethod=test_01_homepage>>
Traceback (most recent call last):
  File "/opt/anaconda3/lib/python3.13/site-packages/minium/framework/libs/unittest/case.py", line 43, in testPartExecutor
    yield
  File "/opt/anaconda3/lib/python3.13/site-packages/minium/framework/libs/unittest/case.py", line 118, in run
    self._miniSetUp()
    ~~~~~~~~~~~~~~~^^
  File "/opt/anaconda3/lib/python3.13/site-packages/minium/framework/minitest.py", line 478, in _miniSetUp
    self.mini.app.go_home()
    ~~~~~~~~~~~~~~~~~~~~~^^
  File "/opt/anaconda3/lib/python3.13/site-packages/minium/miniprogram/base_driver/minium_log.py", line 148, in wrapper
    result = func(*args, **kwargs)
  File "/opt/anaconda3/lib/python3.13/site-packages/minium/miniprogram/base_driver/app.py", line 1073, in go_home
    page = self.relaunch(main_page_path.path, main_page_path.query)
  File "/opt/anaconda3/lib/python3.13/site-packages/minium/miniprogram/base_driver/minium_log.py", line 148, in wrapper
    result = func(*args, **kwargs)
  File "/opt/anaconda3/lib/python3.13/site-packages/minium/utils/utils.py", line 90, in wrapper
    ret = func(*args, **kwargs)
  File "/opt/anaconda3/lib/python3.13/site-packages/minium/miniprogram/base_driver/app.py", line 951, in relaunch
    page = self._change_route_async("reLaunch", url, is_wait_url_change)
  File "/opt/anaconda3/lib/python3.13/site-packages/minium/miniprogram/base_driver/app.py", line 1165, in _change_route_async
    cmd.get_open_result(wait_timeout)
    ~~~~~~~~~~~~~~~~~~~^^^^^^^^^^^^^^
  File "/opt/anaconda3/lib/python3.13/site-packages/minium/miniprogram/base_driver/app.py", line 133, in get_open_result
    raise MiniTimeoutError(
        f"[{self._open_id}][{self.open_type}] receive from remote timeout"
    )
minium.framework.exception.MiniTimeoutError: [65f23364-e1f0-45d9-9596-6acd9804886e][reLaunch] receive from remote timeout
[W 2026-06-02 12:04:55,740 minium assertbase#354 _log_info_when_error] config: {'debug': False, 'base_dir': '/Users/haha/greatMan/projects/wechat-mini/2026-04-26-family-party-games', 'platform': 'ide', 'app': 'wx', 'debug_mode': 'info', 'close_ide': False, 'auto_capture': 'auto', 'check_mp_foreground': True, 'auto_relaunch': True, 'device_desire': {}, 'account_info': {}, 'report_usage': True, 'remote_connect_timeout': 180, 'request_timeout': 20, 'use_push': True, 'full_reset': False, 'outputs': './outputs', 'enable_app_log': False, 'enable_network_panel': False, 'project_path': '/Users/haha/greatMan/projects/wechat-mini/2026-04-26-family-party-games', 'dev_tool_path': '/Applications/wechatwebdevtools.app/Contents/MacOS/cli', 'test_port': 20034, 'mock_native_modal': {}, 'mock_request': [], 'auto_authorize': False, 'audits': None, 'teardown_snapshot': False, 'mock_images_dir': '', 'mock_images': {}, 'need_perf': False, 'appid': None, 'enable_h5': True, 'autofix': False, 'cloud_env_id': 'cloud1-d9g01no7m292bc511-d5e875d', 'framework_capture': True, 'error_capture': False, 'assert_capture': True, 'create_time': '20260602120340', 'case_output': './outputs/20260602120340/test_01_homepage/20260602120435612123'}
[W 2026-06-02 12:04:55,740 minium assertbase#355 _log_info_when_error] build info: {'version': '1.6.0', 'revision': '33ce5b50b34ec18c51c054a7cc1bdfb3ab0a451b', 'branch': 'master', 'update_at': '2024-10-09 21:08:56'}
[W 2026-06-02 12:04:55,740 minium minitest#1029 _log_info_when_error] mini: 基础库3.15.2, 开发者工具2.01.2510290
[W 2026-06-02 12:04:55,740 minium minitest#1031 _log_info_when_error] native: <minium.native.wx_native.idenative.IdeNative object at 0x1051b4050>
[I 2026-06-02 12:04:55,752 minium minitest#432 _miniSetUp] =========Current case: test_02_click_game=========
[I 2026-06-02 12:04:55,752 minium minitest#435 _miniSetUp] package info: .Users.haha.greatMan.projects.wechat-mini.2026-04-26-family-party-games.tests.test_gesture_final, case info: GestureGuessTest.test_02_click_game
[I 2026-06-02 12:04:55,752 minium basenative#59 wrapper] call BaseNative.check_connection
[I 2026-06-02 12:04:55,752 minium basenative#63 wrapper] call BaseNative.check_connection end True
[I 2026-06-02 12:04:55,752 minium basenative#59 wrapper] call BaseNative.back_to_miniprogram
[I 2026-06-02 12:04:55,753 minium basenative#794 back_to_miniprogram] try back_to_miniprogram 3
[I 2026-06-02 12:04:55,753 minium basenative#63 wrapper] call BaseNative.back_to_miniprogram end 
[I 2026-06-02 12:04:55,756 minium.App3872 app#950 relaunch] ReLaunch: /pages/index/index
[I 2026-06-02 12:04:58,221 minium wx_minium#571 _app_initialized_callback] receive App.initialized
[I 2026-06-02 12:04:58,222 minium wx_minium#579 _relaunch] start instantiate app 6270267392
[I 2026-06-02 12:04:58,230 minium.App3872 app#545 release] release app <minium.miniprogram.base_driver.app.App object at 0x105129f90>
[I 2026-06-02 12:04:58,265 minium wx_minium#893 _instantiate_app] new app instanst <minium.miniprogram.base_driver.app.App object at 0x1051fcb90>, whether should relaunch: False
[I 2026-06-02 12:04:58,554 minium wx_minium#608 _relaunch] end instantiate app, cost: 0.33263635635375977
[W 2026-06-02 12:05:15,758 minium.App3872 app#1167 _change_route_async] 等待wx.reLaunch回调失败
[I 2026-06-02 12:05:15,785 minium minitest#897 capture] capture teardown.png
[E 2026-06-02 12:05:15,975 minium assertbase#390 _get_stack_info] <bound method MiniTest._miniSetUp of <__main__.GestureGuessTest testMethod=test_02_click_game>>
Traceback (most recent call last):
  File "/opt/anaconda3/lib/python3.13/site-packages/minium/framework/libs/unittest/case.py", line 43, in testPartExecutor
    yield
  File "/opt/anaconda3/lib/python3.13/site-packages/minium/framework/libs/unittest/case.py", line 118, in run
    self._miniSetUp()
    ~~~~~~~~~~~~~~~^^
  File "/opt/anaconda3/lib/python3.13/site-packages/minium/framework/minitest.py", line 478, in _miniSetUp
    self.mini.app.go_home()
    ~~~~~~~~~~~~~~~~~~~~~^^
  File "/opt/anaconda3/lib/python3.13/site-packages/minium/miniprogram/base_driver/minium_log.py", line 148, in wrapper
    result = func(*args, **kwargs)
  File "/opt/anaconda3/lib/python3.13/site-packages/minium/miniprogram/base_driver/app.py", line 1073, in go_home
    page = self.relaunch(main_page_path.path, main_page_path.query)
  File "/opt/anaconda3/lib/python3.13/site-packages/minium/miniprogram/base_driver/minium_log.py", line 148, in wrapper
    result = func(*args, **kwargs)
  File "/opt/anaconda3/lib/python3.13/site-packages/minium/utils/utils.py", line 90, in wrapper
    ret = func(*args, **kwargs)
  File "/opt/anaconda3/lib/python3.13/site-packages/minium/miniprogram/base_driver/app.py", line 951, in relaunch
    page = self._change_route_async("reLaunch", url, is_wait_url_change)
  File "/opt/anaconda3/lib/python3.13/site-packages/minium/miniprogram/base_driver/app.py", line 1165, in _change_route_async
    cmd.get_open_result(wait_timeout)
    ~~~~~~~~~~~~~~~~~~~^^^^^^^^^^^^^^
  File "/opt/anaconda3/lib/python3.13/site-packages/minium/miniprogram/base_driver/app.py", line 133, in get_open_result
    raise MiniTimeoutError(
        f"[{self._open_id}][{self.open_type}] receive from remote timeout"
    )
minium.framework.exception.MiniTimeoutError: [b7db6fce-b919-4de7-9821-b405d1f7a753][reLaunch] receive from remote timeout
[W 2026-06-02 12:05:15,976 minium assertbase#354 _log_info_when_error] config: {'debug': False, 'base_dir': '/Users/haha/greatMan/projects/wechat-mini/2026-04-26-family-party-games', 'platform': 'ide', 'app': 'wx', 'debug_mode': 'info', 'close_ide': False, 'auto_capture': 'auto', 'check_mp_foreground': True, 'auto_relaunch': True, 'device_desire': {}, 'account_info': {}, 'report_usage': True, 'remote_connect_timeout': 180, 'request_timeout': 20, 'use_push': True, 'full_reset': False, 'outputs': './outputs', 'enable_app_log': False, 'enable_network_panel': False, 'project_path': '/Users/haha/greatMan/projects/wechat-mini/2026-04-26-family-party-games', 'dev_tool_path': '/Applications/wechatwebdevtools.app/Contents/MacOS/cli', 'test_port': 20034, 'mock_native_modal': {}, 'mock_request': [], 'auto_authorize': False, 'audits': None, 'teardown_snapshot': False, 'mock_images_dir': '', 'mock_images': {}, 'need_perf': False, 'appid': None, 'enable_h5': True, 'autofix': False, 'cloud_env_id': 'cloud1-d9g01no7m292bc511-d5e875d', 'framework_capture': True, 'error_capture': False, 'assert_capture': True, 'create_time': '20260602120340', 'case_output': './outputs/20260602120340/test_02_click_game/20260602120455742289'}
[W 2026-06-02 12:05:15,976 minium assertbase#355 _log_info_when_error] build info: {'version': '1.6.0', 'revision': '33ce5b50b34ec18c51c054a7cc1bdfb3ab0a451b', 'branch': 'master', 'update_at': '2024-10-09 21:08:56'}
[W 2026-06-02 12:05:15,976 minium minitest#1029 _log_info_when_error] mini: 基础库3.15.2, 开发者工具2.01.2510290
[W 2026-06-02 12:05:15,976 minium minitest#1031 _log_info_when_error] native: <minium.native.wx_native.idenative.IdeNative object at 0x1051b4050>
[W 2026-06-02 12:05:15,988 minium minitest#825 run] 第1次重试
[I 2026-06-02 12:05:15,990 minium minitest#432 _miniSetUp] =========Current case: test_02_click_game=========
[W 2026-06-02 12:05:15,990 minium minitest#434 _miniSetUp] 第1次重试
[I 2026-06-02 12:05:15,990 minium minitest#435 _miniSetUp] package info: .Users.haha.greatMan.projects.wechat-mini.2026-04-26-family-party-games.tests.test_gesture_final, case info: GestureGuessTest.test_02_click_game
[I 2026-06-02 12:05:15,990 minium basenative#59 wrapper] call BaseNative.check_connection
[I 2026-06-02 12:05:15,990 minium basenative#63 wrapper] call BaseNative.check_connection end True
[I 2026-06-02 12:05:15,990 minium basenative#59 wrapper] call BaseNative.back_to_miniprogram
[I 2026-06-02 12:05:15,990 minium basenative#794 back_to_miniprogram] try back_to_miniprogram 3
[I 2026-06-02 12:05:15,990 minium basenative#63 wrapper] call BaseNative.back_to_miniprogram end 
[I 2026-06-02 12:05:15,992 minium.App7104 app#950 relaunch] ReLaunch: /pages/index/index
[I 2026-06-02 12:05:18,352 minium wx_minium#571 _app_initialized_callback] receive App.initialized
[I 2026-06-02 12:05:18,353 minium wx_minium#579 _relaunch] start instantiate app 6270267392
[I 2026-06-02 12:05:18,363 minium.App7104 app#545 release] release app <minium.miniprogram.base_driver.app.App object at 0x1051fcb90>
[I 2026-06-02 12:05:18,394 minium wx_minium#893 _instantiate_app] new app instanst <minium.miniprogram.base_driver.app.App object at 0x1051fd590>, whether should relaunch: False
[I 2026-06-02 12:05:18,674 minium wx_minium#608 _relaunch] end instantiate app, cost: 0.3206770420074463
[W 2026-06-02 12:05:35,994 minium.App7104 app#1167 _change_route_async] 等待wx.reLaunch回调失败
[I 2026-06-02 12:05:35,999 minium minitest#897 capture] capture teardown.png
[E 2026-06-02 12:05:36,108 minium assertbase#390 _get_stack_info] <bound method MiniTest._miniSetUp of <__main__.GestureGuessTest testMethod=test_02_click_game>>
Traceback (most recent call last):
  File "/opt/anaconda3/lib/python3.13/site-packages/minium/framework/libs/unittest/case.py", line 43, in testPartExecutor
    yield
  File "/opt/anaconda3/lib/python3.13/site-packages/minium/framework/libs/unittest/case.py", line 118, in run
    self._miniSetUp()
    ~~~~~~~~~~~~~~~^^
  File "/opt/anaconda3/lib/python3.13/site-packages/minium/framework/minitest.py", line 478, in _miniSetUp
    self.mini.app.go_home()
    ~~~~~~~~~~~~~~~~~~~~~^^
  File "/opt/anaconda3/lib/python3.13/site-packages/minium/miniprogram/base_driver/minium_log.py", line 148, in wrapper
    result = func(*args, **kwargs)
  File "/opt/anaconda3/lib/python3.13/site-packages/minium/miniprogram/base_driver/app.py", line 1073, in go_home
    page = self.relaunch(main_page_path.path, main_page_path.query)
  File "/opt/anaconda3/lib/python3.13/site-packages/minium/miniprogram/base_driver/minium_log.py", line 148, in wrapper
    result = func(*args, **kwargs)
  File "/opt/anaconda3/lib/python3.13/site-packages/minium/utils/utils.py", line 90, in wrapper
    ret = func(*args, **kwargs)
  File "/opt/anaconda3/lib/python3.13/site-packages/minium/miniprogram/base_driver/app.py", line 951, in relaunch
    page = self._change_route_async("reLaunch", url, is_wait_url_change)
  File "/opt/anaconda3/lib/python3.13/site-packages/minium/miniprogram/base_driver/app.py", line 1165, in _change_route_async
    cmd.get_open_result(wait_timeout)
    ~~~~~~~~~~~~~~~~~~~^^^^^^^^^^^^^^
  File "/opt/anaconda3/lib/python3.13/site-packages/minium/miniprogram/base_driver/app.py", line 133, in get_open_result
    raise MiniTimeoutError(
        f"[{self._open_id}][{self.open_type}] receive from remote timeout"
    )
minium.framework.exception.MiniTimeoutError: [98955307-01c0-4fa7-b131-0143c8a0f568][reLaunch] receive from remote timeout
[W 2026-06-02 12:05:36,109 minium assertbase#354 _log_info_when_error] config: {'debug': False, 'base_dir': '/Users/haha/greatMan/projects/wechat-mini/2026-04-26-family-party-games', 'platform': 'ide', 'app': 'wx', 'debug_mode': 'info', 'close_ide': False, 'auto_capture': 'auto', 'check_mp_foreground': True, 'auto_relaunch': True, 'device_desire': {}, 'account_info': {}, 'report_usage': True, 'remote_connect_timeout': 180, 'request_timeout': 20, 'use_push': True, 'full_reset': False, 'outputs': './outputs', 'enable_app_log': False, 'enable_network_panel': False, 'project_path': '/Users/haha/greatMan/projects/wechat-mini/2026-04-26-family-party-games', 'dev_tool_path': '/Applications/wechatwebdevtools.app/Contents/MacOS/cli', 'test_port': 20034, 'mock_native_modal': {}, 'mock_request': [], 'auto_authorize': False, 'audits': None, 'teardown_snapshot': False, 'mock_images_dir': '', 'mock_images': {}, 'need_perf': False, 'appid': None, 'enable_h5': True, 'autofix': False, 'cloud_env_id': 'cloud1-d9g01no7m292bc511-d5e875d', 'framework_capture': True, 'error_capture': False, 'assert_capture': True, 'create_time': '20260602120340', 'case_output': './outputs/20260602120340/test_02_click_game/20260602120515989131'}
[W 2026-06-02 12:05:36,110 minium assertbase#355 _log_info_when_error] build info: {'version': '1.6.0', 'revision': '33ce5b50b34ec18c51c054a7cc1bdfb3ab0a451b', 'branch': 'master', 'update_at': '2024-10-09 21:08:56'}
[W 2026-06-02 12:05:36,110 minium minitest#1029 _log_info_when_error] mini: 基础库3.15.2, 开发者工具2.01.2510290
[W 2026-06-02 12:05:36,110 minium minitest#1031 _log_info_when_error] native: <minium.native.wx_native.idenative.IdeNative object at 0x1051b4050>
[I 2026-06-02 12:05:36,116 minium minitest#432 _miniSetUp] =========Current case: test_03_create_room=========
[I 2026-06-02 12:05:36,116 minium minitest#435 _miniSetUp] package info: .Users.haha.greatMan.projects.wechat-mini.2026-04-26-family-party-games.tests.test_gesture_final, case info: GestureGuessTest.test_03_create_room
[I 2026-06-02 12:05:36,116 minium basenative#59 wrapper] call BaseNative.check_connection
[I 2026-06-02 12:05:36,116 minium basenative#63 wrapper] call BaseNative.check_connection end True
[I 2026-06-02 12:05:36,116 minium basenative#59 wrapper] call BaseNative.back_to_miniprogram
[I 2026-06-02 12:05:36,116 minium basenative#794 back_to_miniprogram] try back_to_miniprogram 3
[I 2026-06-02 12:05:36,117 minium basenative#63 wrapper] call BaseNative.back_to_miniprogram end 
[I 2026-06-02 12:05:36,119 minium.App9664 app#950 relaunch] ReLaunch: /pages/index/index
[I 2026-06-02 12:05:38,696 minium wx_minium#571 _app_initialized_callback] receive App.initialized
[I 2026-06-02 12:05:38,697 minium wx_minium#579 _relaunch] start instantiate app 6270267392
[I 2026-06-02 12:05:38,705 minium.App9664 app#545 release] release app <minium.miniprogram.base_driver.app.App object at 0x1051fd590>
[I 2026-06-02 12:05:38,744 minium wx_minium#893 _instantiate_app] new app instanst <minium.miniprogram.base_driver.app.App object at 0x1051fd950>, whether should relaunch: False
[I 2026-06-02 12:05:39,034 minium wx_minium#608 _relaunch] end instantiate app, cost: 0.3373990058898926
[W 2026-06-02 12:05:56,121 minium.App9664 app#1167 _change_route_async] 等待wx.reLaunch回调失败
[I 2026-06-02 12:05:56,124 minium minitest#897 capture] capture teardown.png
[E 2026-06-02 12:05:56,226 minium assertbase#390 _get_stack_info] <bound method MiniTest._miniSetUp of <__main__.GestureGuessTest testMethod=test_03_create_room>>
Traceback (most recent call last):
  File "/opt/anaconda3/lib/python3.13/site-packages/minium/framework/libs/unittest/case.py", line 43, in testPartExecutor
    yield
  File "/opt/anaconda3/lib/python3.13/site-packages/minium/framework/libs/unittest/case.py", line 118, in run
    self._miniSetUp()
    ~~~~~~~~~~~~~~~^^
  File "/opt/anaconda3/lib/python3.13/site-packages/minium/framework/minitest.py", line 478, in _miniSetUp
    self.mini.app.go_home()
    ~~~~~~~~~~~~~~~~~~~~~^^
  File "/opt/anaconda3/lib/python3.13/site-packages/minium/miniprogram/base_driver/minium_log.py", line 148, in wrapper
    result = func(*args, **kwargs)
  File "/opt/anaconda3/lib/python3.13/site-packages/minium/miniprogram/base_driver/app.py", line 1073, in go_home
    page = self.relaunch(main_page_path.path, main_page_path.query)
  File "/opt/anaconda3/lib/python3.13/site-packages/minium/miniprogram/base_driver/minium_log.py", line 148, in wrapper
    result = func(*args, **kwargs)
  File "/opt/anaconda3/lib/python3.13/site-packages/minium/utils/utils.py", line 90, in wrapper
    ret = func(*args, **kwargs)
  File "/opt/anaconda3/lib/python3.13/site-packages/minium/miniprogram/base_driver/app.py", line 951, in relaunch
    page = self._change_route_async("reLaunch", url, is_wait_url_change)
  File "/opt/anaconda3/lib/python3.13/site-packages/minium/miniprogram/base_driver/app.py", line 1165, in _change_route_async
    cmd.get_open_result(wait_timeout)
    ~~~~~~~~~~~~~~~~~~~^^^^^^^^^^^^^^
  File "/opt/anaconda3/lib/python3.13/site-packages/minium/miniprogram/base_driver/app.py", line 133, in get_open_result
    raise MiniTimeoutError(
        f"[{self._open_id}][{self.open_type}] receive from remote timeout"
    )
minium.framework.exception.MiniTimeoutError: [c4ee4758-6d1c-4258-a959-a614572d5a26][reLaunch] receive from remote timeout
[W 2026-06-02 12:05:56,226 minium assertbase#354 _log_info_when_error] config: {'debug': False, 'base_dir': '/Users/haha/greatMan/projects/wechat-mini/2026-04-26-family-party-games', 'platform': 'ide', 'app': 'wx', 'debug_mode': 'info', 'close_ide': False, 'auto_capture': 'auto', 'check_mp_foreground': True, 'auto_relaunch': True, 'device_desire': {}, 'account_info': {}, 'report_usage': True, 'remote_connect_timeout': 180, 'request_timeout': 20, 'use_push': True, 'full_reset': False, 'outputs': './outputs', 'enable_app_log': False, 'enable_network_panel': False, 'project_path': '/Users/haha/greatMan/projects/wechat-mini/2026-04-26-family-party-games', 'dev_tool_path': '/Applications/wechatwebdevtools.app/Contents/MacOS/cli', 'test_port': 20034, 'mock_native_modal': {}, 'mock_request': [], 'auto_authorize': False, 'audits': None, 'teardown_snapshot': False, 'mock_images_dir': '', 'mock_images': {}, 'need_perf': False, 'appid': None, 'enable_h5': True, 'autofix': False, 'cloud_env_id': 'cloud1-d9g01no7m292bc511-d5e875d', 'framework_capture': True, 'error_capture': False, 'assert_capture': True, 'create_time': '20260602120340', 'case_output': './outputs/20260602120340/test_03_create_room/20260602120536111881'}
[W 2026-06-02 12:05:56,227 minium assertbase#355 _log_info_when_error] build info: {'version': '1.6.0', 'revision': '33ce5b50b34ec18c51c054a7cc1bdfb3ab0a451b', 'branch': 'master', 'update_at': '2024-10-09 21:08:56'}
[W 2026-06-02 12:05:56,227 minium minitest#1029 _log_info_when_error] mini: 基础库3.15.2, 开发者工具2.01.2510290
[W 2026-06-02 12:05:56,227 minium minitest#1031 _log_info_when_error] native: <minium.native.wx_native.idenative.IdeNative object at 0x1051b4050>
[W 2026-06-02 12:05:56,240 minium minitest#825 run] 第1次重试
[I 2026-06-02 12:05:56,243 minium minitest#432 _miniSetUp] =========Current case: test_03_create_room=========
[W 2026-06-02 12:05:56,243 minium minitest#434 _miniSetUp] 第1次重试
[I 2026-06-02 12:05:56,243 minium minitest#435 _miniSetUp] package info: .Users.haha.greatMan.projects.wechat-mini.2026-04-26-family-party-games.tests.test_gesture_final, case info: GestureGuessTest.test_03_create_room
[I 2026-06-02 12:05:56,243 minium basenative#59 wrapper] call BaseNative.check_connection
[I 2026-06-02 12:05:56,243 minium basenative#63 wrapper] call BaseNative.check_connection end True
[I 2026-06-02 12:05:56,243 minium basenative#59 wrapper] call BaseNative.back_to_miniprogram
[I 2026-06-02 12:05:56,243 minium basenative#794 back_to_miniprogram] try back_to_miniprogram 3
[I 2026-06-02 12:05:56,243 minium basenative#63 wrapper] call BaseNative.back_to_miniprogram end 
[I 2026-06-02 12:05:56,247 minium.App0624 app#950 relaunch] ReLaunch: /pages/index/index
[I 2026-06-02 12:05:58,716 minium wx_minium#571 _app_initialized_callback] receive App.initialized
[I 2026-06-02 12:05:58,716 minium wx_minium#579 _relaunch] start instantiate app 6270267392
[I 2026-06-02 12:05:58,728 minium.App0624 app#545 release] release app <minium.miniprogram.base_driver.app.App object at 0x1051fd950>
[I 2026-06-02 12:05:58,759 minium wx_minium#893 _instantiate_app] new app instanst <minium.miniprogram.base_driver.app.App object at 0x1051fdd10>, whether should relaunch: False
[I 2026-06-02 12:05:59,051 minium wx_minium#608 _relaunch] end instantiate app, cost: 0.3339228630065918
[W 2026-06-02 12:06:16,249 minium.App0624 app#1167 _change_route_async] 等待wx.reLaunch回调失败
[I 2026-06-02 12:06:16,266 minium minitest#897 capture] capture teardown.png
[E 2026-06-02 12:06:16,360 minium assertbase#390 _get_stack_info] <bound method MiniTest._miniSetUp of <__main__.GestureGuessTest testMethod=test_03_create_room>>
Traceback (most recent call last):
  File "/opt/anaconda3/lib/python3.13/site-packages/minium/framework/libs/unittest/case.py", line 43, in testPartExecutor
    yield
  File "/opt/anaconda3/lib/python3.13/site-packages/minium/framework/libs/unittest/case.py", line 118, in run
    self._miniSetUp()
    ~~~~~~~~~~~~~~~^^
  File "/opt/anaconda3/lib/python3.13/site-packages/minium/framework/minitest.py", line 478, in _miniSetUp
    self.mini.app.go_home()
    ~~~~~~~~~~~~~~~~~~~~~^^
  File "/opt/anaconda3/lib/python3.13/site-packages/minium/miniprogram/base_driver/minium_log.py", line 148, in wrapper
    result = func(*args, **kwargs)
  File "/opt/anaconda3/lib/python3.13/site-packages/minium/miniprogram/base_driver/app.py", line 1073, in go_home
    page = self.relaunch(main_page_path.path, main_page_path.query)
  File "/opt/anaconda3/lib/python3.13/site-packages/minium/miniprogram/base_driver/minium_log.py", line 148, in wrapper
    result = func(*args, **kwargs)
  File "/opt/anaconda3/lib/python3.13/site-packages/minium/utils/utils.py", line 90, in wrapper
    ret = func(*args, **kwargs)
  File "/opt/anaconda3/lib/python3.13/site-packages/minium/miniprogram/base_driver/app.py", line 951, in relaunch
    page = self._change_route_async("reLaunch", url, is_wait_url_change)
  File "/opt/anaconda3/lib/python3.13/site-packages/minium/miniprogram/base_driver/app.py", line 1165, in _change_route_async
    cmd.get_open_result(wait_timeout)
    ~~~~~~~~~~~~~~~~~~~^^^^^^^^^^^^^^
  File "/opt/anaconda3/lib/python3.13/site-packages/minium/miniprogram/base_driver/app.py", line 133, in get_open_result
    raise MiniTimeoutError(
        f"[{self._open_id}][{self.open_type}] receive from remote timeout"
    )
minium.framework.exception.MiniTimeoutError: [d62f47bc-a37d-4b42-8698-07644f7834a3][reLaunch] receive from remote timeout
[W 2026-06-02 12:06:16,360 minium assertbase#354 _log_info_when_error] config: {'debug': False, 'base_dir': '/Users/haha/greatMan/projects/wechat-mini/2026-04-26-family-party-games', 'platform': 'ide', 'app': 'wx', 'debug_mode': 'info', 'close_ide': False, 'auto_capture': 'auto', 'check_mp_foreground': True, 'auto_relaunch': True, 'device_desire': {}, 'account_info': {}, 'report_usage': True, 'remote_connect_timeout': 180, 'request_timeout': 20, 'use_push': True, 'full_reset': False, 'outputs': './outputs', 'enable_app_log': False, 'enable_network_panel': False, 'project_path': '/Users/haha/greatMan/projects/wechat-mini/2026-04-26-family-party-games', 'dev_tool_path': '/Applications/wechatwebdevtools.app/Contents/MacOS/cli', 'test_port': 20034, 'mock_native_modal': {}, 'mock_request': [], 'auto_authorize': False, 'audits': None, 'teardown_snapshot': False, 'mock_images_dir': '', 'mock_images': {}, 'need_perf': False, 'appid': None, 'enable_h5': True, 'autofix': False, 'cloud_env_id': 'cloud1-d9g01no7m292bc511-d5e875d', 'framework_capture': True, 'error_capture': False, 'assert_capture': True, 'create_time': '20260602120340', 'case_output': './outputs/20260602120340/test_03_create_room/20260602120556241064'}
[W 2026-06-02 12:06:16,360 minium assertbase#355 _log_info_when_error] build info: {'version': '1.6.0', 'revision': '33ce5b50b34ec18c51c054a7cc1bdfb3ab0a451b', 'branch': 'master', 'update_at': '2024-10-09 21:08:56'}
[W 2026-06-02 12:06:16,361 minium minitest#1029 _log_info_when_error] mini: 基础库3.15.2, 开发者工具2.01.2510290
[W 2026-06-02 12:06:16,361 minium minitest#1031 _log_info_when_error] native: <minium.native.wx_native.idenative.IdeNative object at 0x1051b4050>
[I 2026-06-02 12:06:16,371 minium minitest#432 _miniSetUp] =========Current case: test_04_verify_room_code=========
[I 2026-06-02 12:06:16,371 minium minitest#435 _miniSetUp] package info: .Users.haha.greatMan.projects.wechat-mini.2026-04-26-family-party-games.tests.test_gesture_final, case info: GestureGuessTest.test_04_verify_room_code
[I 2026-06-02 12:06:16,371 minium basenative#59 wrapper] call BaseNative.check_connection
[I 2026-06-02 12:06:16,371 minium basenative#63 wrapper] call BaseNative.check_connection end True
[I 2026-06-02 12:06:16,371 minium basenative#59 wrapper] call BaseNative.back_to_miniprogram
[I 2026-06-02 12:06:16,371 minium basenative#794 back_to_miniprogram] try back_to_miniprogram 3
[I 2026-06-02 12:06:16,371 minium basenative#63 wrapper] call BaseNative.back_to_miniprogram end 
[I 2026-06-02 12:06:16,373 minium.App1584 app#950 relaunch] ReLaunch: /pages/index/index
[I 2026-06-02 12:06:18,869 minium wx_minium#571 _app_initialized_callback] receive App.initialized
[I 2026-06-02 12:06:18,869 minium wx_minium#579 _relaunch] start instantiate app 6270267392
[I 2026-06-02 12:06:18,880 minium.App1584 app#545 release] release app <minium.miniprogram.base_driver.app.App object at 0x1051fdd10>
[I 2026-06-02 12:06:18,910 minium wx_minium#893 _instantiate_app] new app instanst <minium.miniprogram.base_driver.app.App object at 0x1051fe0d0>, whether should relaunch: False
[I 2026-06-02 12:06:19,221 minium wx_minium#608 _relaunch] end instantiate app, cost: 0.35176587104797363
[W 2026-06-02 12:06:36,375 minium.App1584 app#1167 _change_route_async] 等待wx.reLaunch回调失败
[I 2026-06-02 12:06:36,386 minium minitest#897 capture] capture teardown.png
[E 2026-06-02 12:06:36,479 minium assertbase#390 _get_stack_info] <bound method MiniTest._miniSetUp of <__main__.GestureGuessTest testMethod=test_04_verify_room_code>>
Traceback (most recent call last):
  File "/opt/anaconda3/lib/python3.13/site-packages/minium/framework/libs/unittest/case.py", line 43, in testPartExecutor
    yield
  File "/opt/anaconda3/lib/python3.13/site-packages/minium/framework/libs/unittest/case.py", line 118, in run
    self._miniSetUp()
    ~~~~~~~~~~~~~~~^^
  File "/opt/anaconda3/lib/python3.13/site-packages/minium/framework/minitest.py", line 478, in _miniSetUp
    self.mini.app.go_home()
    ~~~~~~~~~~~~~~~~~~~~~^^
  File "/opt/anaconda3/lib/python3.13/site-packages/minium/miniprogram/base_driver/minium_log.py", line 148, in wrapper
    result = func(*args, **kwargs)
  File "/opt/anaconda3/lib/python3.13/site-packages/minium/miniprogram/base_driver/app.py", line 1073, in go_home
    page = self.relaunch(main_page_path.path, main_page_path.query)
  File "/opt/anaconda3/lib/python3.13/site-packages/minium/miniprogram/base_driver/minium_log.py", line 148, in wrapper
    result = func(*args, **kwargs)
  File "/opt/anaconda3/lib/python3.13/site-packages/minium/utils/utils.py", line 90, in wrapper
    ret = func(*args, **kwargs)
  File "/opt/anaconda3/lib/python3.13/site-packages/minium/miniprogram/base_driver/app.py", line 951, in relaunch
    page = self._change_route_async("reLaunch", url, is_wait_url_change)
  File "/opt/anaconda3/lib/python3.13/site-packages/minium/miniprogram/base_driver/app.py", line 1165, in _change_route_async
    cmd.get_open_result(wait_timeout)
    ~~~~~~~~~~~~~~~~~~~^^^^^^^^^^^^^^
  File "/opt/anaconda3/lib/python3.13/site-packages/minium/miniprogram/base_driver/app.py", line 133, in get_open_result
    raise MiniTimeoutError(
        f"[{self._open_id}][{self.open_type}] receive from remote timeout"
    )
minium.framework.exception.MiniTimeoutError: [243d1733-fca0-4f55-9b37-141290098ba0][reLaunch] receive from remote timeout
[W 2026-06-02 12:06:36,479 minium assertbase#354 _log_info_when_error] config: {'debug': False, 'base_dir': '/Users/haha/greatMan/projects/wechat-mini/2026-04-26-family-party-games', 'platform': 'ide', 'app': 'wx', 'debug_mode': 'info', 'close_ide': False, 'auto_capture': 'auto', 'check_mp_foreground': True, 'auto_relaunch': True, 'device_desire': {}, 'account_info': {}, 'report_usage': True, 'remote_connect_timeout': 180, 'request_timeout': 20, 'use_push': True, 'full_reset': False, 'outputs': './outputs', 'enable_app_log': False, 'enable_network_panel': False, 'project_path': '/Users/haha/greatMan/projects/wechat-mini/2026-04-26-family-party-games', 'dev_tool_path': '/Applications/wechatwebdevtools.app/Contents/MacOS/cli', 'test_port': 20034, 'mock_native_modal': {}, 'mock_request': [], 'auto_authorize': False, 'audits': None, 'teardown_snapshot': False, 'mock_images_dir': '', 'mock_images': {}, 'need_perf': False, 'appid': None, 'enable_h5': True, 'autofix': False, 'cloud_env_id': 'cloud1-d9g01no7m292bc511-d5e875d', 'framework_capture': True, 'error_capture': False, 'assert_capture': True, 'create_time': '20260602120340', 'case_output': './outputs/20260602120340/test_04_verify_room_code/20260602120616362792'}
[W 2026-06-02 12:06:36,479 minium assertbase#355 _log_info_when_error] build info: {'version': '1.6.0', 'revision': '33ce5b50b34ec18c51c054a7cc1bdfb3ab0a451b', 'branch': 'master', 'update_at': '2024-10-09 21:08:56'}
[W 2026-06-02 12:06:36,479 minium minitest#1029 _log_info_when_error] mini: 基础库3.15.2, 开发者工具2.01.2510290
[W 2026-06-02 12:06:36,480 minium minitest#1031 _log_info_when_error] native: <minium.native.wx_native.idenative.IdeNative object at 0x1051b4050>
[W 2026-06-02 12:06:36,486 minium minitest#825 run] 第1次重试
[I 2026-06-02 12:06:36,488 minium minitest#432 _miniSetUp] =========Current case: test_04_verify_room_code=========
[W 2026-06-02 12:06:36,488 minium minitest#434 _miniSetUp] 第1次重试
[I 2026-06-02 12:06:36,488 minium minitest#435 _miniSetUp] package info: .Users.haha.greatMan.projects.wechat-mini.2026-04-26-family-party-games.tests.test_gesture_final, case info: GestureGuessTest.test_04_verify_room_code
[I 2026-06-02 12:06:36,488 minium basenative#59 wrapper] call BaseNative.check_connection
[I 2026-06-02 12:06:36,489 minium basenative#63 wrapper] call BaseNative.check_connection end True
[I 2026-06-02 12:06:36,489 minium basenative#59 wrapper] call BaseNative.back_to_miniprogram
[I 2026-06-02 12:06:36,489 minium basenative#794 back_to_miniprogram] try back_to_miniprogram 3
[I 2026-06-02 12:06:36,489 minium basenative#63 wrapper] call BaseNative.back_to_miniprogram end 
[I 2026-06-02 12:06:36,491 minium.App2544 app#950 relaunch] ReLaunch: /pages/index/index
[I 2026-06-02 12:06:39,001 minium wx_minium#571 _app_initialized_callback] receive App.initialized
[I 2026-06-02 12:06:39,001 minium wx_minium#579 _relaunch] start instantiate app 6270267392
[I 2026-06-02 12:06:39,009 minium.App2544 app#545 release] release app <minium.miniprogram.base_driver.app.App object at 0x1051fe0d0>
[I 2026-06-02 12:06:39,055 minium wx_minium#893 _instantiate_app] new app instanst <minium.miniprogram.base_driver.app.App object at 0x1051fe490>, whether should relaunch: False
[I 2026-06-02 12:06:39,407 minium wx_minium#608 _relaunch] end instantiate app, cost: 0.4050137996673584
[W 2026-06-02 12:06:56,500 minium.App2544 app#1167 _change_route_async] 等待wx.reLaunch回调失败
[I 2026-06-02 12:06:56,509 minium minitest#897 capture] capture teardown.png
[E 2026-06-02 12:06:56,618 minium assertbase#390 _get_stack_info] <bound method MiniTest._miniSetUp of <__main__.GestureGuessTest testMethod=test_04_verify_room_code>>
Traceback (most recent call last):
  File "/opt/anaconda3/lib/python3.13/site-packages/minium/framework/libs/unittest/case.py", line 43, in testPartExecutor
    yield
  File "/opt/anaconda3/lib/python3.13/site-packages/minium/framework/libs/unittest/case.py", line 118, in run
    self._miniSetUp()
    ~~~~~~~~~~~~~~~^^
  File "/opt/anaconda3/lib/python3.13/site-packages/minium/framework/minitest.py", line 478, in _miniSetUp
    self.mini.app.go_home()
    ~~~~~~~~~~~~~~~~~~~~~^^
  File "/opt/anaconda3/lib/python3.13/site-packages/minium/miniprogram/base_driver/minium_log.py", line 148, in wrapper
    result = func(*args, **kwargs)
  File "/opt/anaconda3/lib/python3.13/site-packages/minium/miniprogram/base_driver/app.py", line 1073, in go_home
    page = self.relaunch(main_page_path.path, main_page_path.query)
  File "/opt/anaconda3/lib/python3.13/site-packages/minium/miniprogram/base_driver/minium_log.py", line 148, in wrapper
    result = func(*args, **kwargs)
  File "/opt/anaconda3/lib/python3.13/site-packages/minium/utils/utils.py", line 90, in wrapper
    ret = func(*args, **kwargs)
  File "/opt/anaconda3/lib/python3.13/site-packages/minium/miniprogram/base_driver/app.py", line 951, in relaunch
    page = self._change_route_async("reLaunch", url, is_wait_url_change)
  File "/opt/anaconda3/lib/python3.13/site-packages/minium/miniprogram/base_driver/app.py", line 1165, in _change_route_async
    cmd.get_open_result(wait_timeout)
    ~~~~~~~~~~~~~~~~~~~^^^^^^^^^^^^^^
  File "/opt/anaconda3/lib/python3.13/site-packages/minium/miniprogram/base_driver/app.py", line 133, in get_open_result
    raise MiniTimeoutError(
        f"[{self._open_id}][{self.open_type}] receive from remote timeout"
    )
minium.framework.exception.MiniTimeoutError: [5db32e0e-1863-40bd-bdd4-80ad8f4db825][reLaunch] receive from remote timeout
[W 2026-06-02 12:06:56,619 minium assertbase#354 _log_info_when_error] config: {'debug': False, 'base_dir': '/Users/haha/greatMan/projects/wechat-mini/2026-04-26-family-party-games', 'platform': 'ide', 'app': 'wx', 'debug_mode': 'info', 'close_ide': False, 'auto_capture': 'auto', 'check_mp_foreground': True, 'auto_relaunch': True, 'device_desire': {}, 'account_info': {}, 'report_usage': True, 'remote_connect_timeout': 180, 'request_timeout': 20, 'use_push': True, 'full_reset': False, 'outputs': './outputs', 'enable_app_log': False, 'enable_network_panel': False, 'project_path': '/Users/haha/greatMan/projects/wechat-mini/2026-04-26-family-party-games', 'dev_tool_path': '/Applications/wechatwebdevtools.app/Contents/MacOS/cli', 'test_port': 20034, 'mock_native_modal': {}, 'mock_request': [], 'auto_authorize': False, 'audits': None, 'teardown_snapshot': False, 'mock_images_dir': '', 'mock_images': {}, 'need_perf': False, 'appid': None, 'enable_h5': True, 'autofix': False, 'cloud_env_id': 'cloud1-d9g01no7m292bc511-d5e875d', 'framework_capture': True, 'error_capture': False, 'assert_capture': True, 'create_time': '20260602120340', 'case_output': './outputs/20260602120340/test_04_verify_room_code/20260602120636487191'}
[W 2026-06-02 12:06:56,619 minium assertbase#355 _log_info_when_error] build info: {'version': '1.6.0', 'revision': '33ce5b50b34ec18c51c054a7cc1bdfb3ab0a451b', 'branch': 'master', 'update_at': '2024-10-09 21:08:56'}
[W 2026-06-02 12:06:56,619 minium minitest#1029 _log_info_when_error] mini: 基础库3.15.2, 开发者工具2.01.2510290
[W 2026-06-02 12:06:56,619 minium minitest#1031 _log_info_when_error] native: <minium.native.wx_native.idenative.IdeNative object at 0x1051b4050>
[I 2026-06-02 12:06:56,624 minium minitest#432 _miniSetUp] =========Current case: test_05_verify_members=========
[I 2026-06-02 12:06:56,624 minium minitest#435 _miniSetUp] package info: .Users.haha.greatMan.projects.wechat-mini.2026-04-26-family-party-games.tests.test_gesture_final, case info: GestureGuessTest.test_05_verify_members
[I 2026-06-02 12:06:56,624 minium basenative#59 wrapper] call BaseNative.check_connection
[I 2026-06-02 12:06:56,625 minium basenative#63 wrapper] call BaseNative.check_connection end True
[I 2026-06-02 12:06:56,625 minium basenative#59 wrapper] call BaseNative.back_to_miniprogram
[I 2026-06-02 12:06:56,625 minium basenative#794 back_to_miniprogram] try back_to_miniprogram 3
[I 2026-06-02 12:06:56,625 minium basenative#63 wrapper] call BaseNative.back_to_miniprogram end 
[I 2026-06-02 12:06:56,627 minium.App3504 app#950 relaunch] ReLaunch: /pages/index/index
[I 2026-06-02 12:06:59,095 minium wx_minium#571 _app_initialized_callback] receive App.initialized
[I 2026-06-02 12:06:59,096 minium wx_minium#579 _relaunch] start instantiate app 6270267392
[I 2026-06-02 12:06:59,106 minium.App3504 app#545 release] release app <minium.miniprogram.base_driver.app.App object at 0x1051fe490>
[I 2026-06-02 12:06:59,156 minium wx_minium#893 _instantiate_app] new app instanst <minium.miniprogram.base_driver.app.App object at 0x10512b890>, whether should relaunch: False
[I 2026-06-02 12:06:59,436 minium wx_minium#608 _relaunch] end instantiate app, cost: 0.34029698371887207
[W 2026-06-02 12:07:16,629 minium.App3504 app#1167 _change_route_async] 等待wx.reLaunch回调失败
[I 2026-06-02 12:07:16,635 minium minitest#897 capture] capture teardown.png
[E 2026-06-02 12:07:16,739 minium assertbase#390 _get_stack_info] <bound method MiniTest._miniSetUp of <__main__.GestureGuessTest testMethod=test_05_verify_members>>
Traceback (most recent call last):
  File "/opt/anaconda3/lib/python3.13/site-packages/minium/framework/libs/unittest/case.py", line 43, in testPartExecutor
    yield
  File "/opt/anaconda3/lib/python3.13/site-packages/minium/framework/libs/unittest/case.py", line 118, in run
    self._miniSetUp()
    ~~~~~~~~~~~~~~~^^
  File "/opt/anaconda3/lib/python3.13/site-packages/minium/framework/minitest.py", line 478, in _miniSetUp
    self.mini.app.go_home()
    ~~~~~~~~~~~~~~~~~~~~~^^
  File "/opt/anaconda3/lib/python3.13/site-packages/minium/miniprogram/base_driver/minium_log.py", line 148, in wrapper
    result = func(*args, **kwargs)
  File "/opt/anaconda3/lib/python3.13/site-packages/minium/miniprogram/base_driver/app.py", line 1073, in go_home
    page = self.relaunch(main_page_path.path, main_page_path.query)
  File "/opt/anaconda3/lib/python3.13/site-packages/minium/miniprogram/base_driver/minium_log.py", line 148, in wrapper
    result = func(*args, **kwargs)
  File "/opt/anaconda3/lib/python3.13/site-packages/minium/utils/utils.py", line 90, in wrapper
    ret = func(*args, **kwargs)
  File "/opt/anaconda3/lib/python3.13/site-packages/minium/miniprogram/base_driver/app.py", line 951, in relaunch
    page = self._change_route_async("reLaunch", url, is_wait_url_change)
  File "/opt/anaconda3/lib/python3.13/site-packages/minium/miniprogram/base_driver/app.py", line 1165, in _change_route_async
    cmd.get_open_result(wait_timeout)
    ~~~~~~~~~~~~~~~~~~~^^^^^^^^^^^^^^
  File "/opt/anaconda3/lib/python3.13/site-packages/minium/miniprogram/base_driver/app.py", line 133, in get_open_result
    raise MiniTimeoutError(
        f"[{self._open_id}][{self.open_type}] receive from remote timeout"
    )
minium.framework.exception.MiniTimeoutError: [55f26015-89ca-4d71-8f44-30617d16383b][reLaunch] receive from remote timeout
[W 2026-06-02 12:07:16,741 minium assertbase#354 _log_info_when_error] config: {'debug': False, 'base_dir': '/Users/haha/greatMan/projects/wechat-mini/2026-04-26-family-party-games', 'platform': 'ide', 'app': 'wx', 'debug_mode': 'info', 'close_ide': False, 'auto_capture': 'auto', 'check_mp_foreground': True, 'auto_relaunch': True, 'device_desire': {}, 'account_info': {}, 'report_usage': True, 'remote_connect_timeout': 180, 'request_timeout': 20, 'use_push': True, 'full_reset': False, 'outputs': './outputs', 'enable_app_log': False, 'enable_network_panel': False, 'project_path': '/Users/haha/greatMan/projects/wechat-mini/2026-04-26-family-party-games', 'dev_tool_path': '/Applications/wechatwebdevtools.app/Contents/MacOS/cli', 'test_port': 20034, 'mock_native_modal': {}, 'mock_request': [], 'auto_authorize': False, 'audits': None, 'teardown_snapshot': False, 'mock_images_dir': '', 'mock_images': {}, 'need_perf': False, 'appid': None, 'enable_h5': True, 'autofix': False, 'cloud_env_id': 'cloud1-d9g01no7m292bc511-d5e875d', 'framework_capture': True, 'error_capture': False, 'assert_capture': True, 'create_time': '20260602120340', 'case_output': './outputs/20260602120340/test_05_verify_members/20260602120656621190'}
[W 2026-06-02 12:07:16,741 minium assertbase#355 _log_info_when_error] build info: {'version': '1.6.0', 'revision': '33ce5b50b34ec18c51c054a7cc1bdfb3ab0a451b', 'branch': 'master', 'update_at': '2024-10-09 21:08:56'}
[W 2026-06-02 12:07:16,742 minium minitest#1029 _log_info_when_error] mini: 基础库3.15.2, 开发者工具2.01.2510290
[W 2026-06-02 12:07:16,745 minium minitest#1031 _log_info_when_error] native: <minium.native.wx_native.idenative.IdeNative object at 0x1051b4050>
[W 2026-06-02 12:07:16,753 minium minitest#825 run] 第1次重试
[I 2026-06-02 12:07:16,756 minium minitest#432 _miniSetUp] =========Current case: test_05_verify_members=========
[W 2026-06-02 12:07:16,756 minium minitest#434 _miniSetUp] 第1次重试
[I 2026-06-02 12:07:16,756 minium minitest#435 _miniSetUp] package info: .Users.haha.greatMan.projects.wechat-mini.2026-04-26-family-party-games.tests.test_gesture_final, case info: GestureGuessTest.test_05_verify_members
[I 2026-06-02 12:07:16,756 minium basenative#59 wrapper] call BaseNative.check_connection
[I 2026-06-02 12:07:16,756 minium basenative#63 wrapper] call BaseNative.check_connection end True
[I 2026-06-02 12:07:16,756 minium basenative#59 wrapper] call BaseNative.back_to_miniprogram
[I 2026-06-02 12:07:16,756 minium basenative#794 back_to_miniprogram] try back_to_miniprogram 3
[I 2026-06-02 12:07:16,756 minium basenative#63 wrapper] call BaseNative.back_to_miniprogram end 
[I 2026-06-02 12:07:16,758 minium.App0272 app#950 relaunch] ReLaunch: /pages/index/index
[I 2026-06-02 12:07:19,989 minium wx_minium#571 _app_initialized_callback] receive App.initialized
[I 2026-06-02 12:07:19,989 minium wx_minium#579 _relaunch] start instantiate app 6270267392
[I 2026-06-02 12:07:20,003 minium.App0272 app#545 release] release app <minium.miniprogram.base_driver.app.App object at 0x10512b890>
[I 2026-06-02 12:07:20,047 minium wx_minium#893 _instantiate_app] new app instanst <minium.miniprogram.base_driver.app.App object at 0x10512b610>, whether should relaunch: False
[I 2026-06-02 12:07:20,336 minium wx_minium#608 _relaunch] end instantiate app, cost: 0.3465540409088135
[W 2026-06-02 12:07:36,759 minium.App0272 app#1167 _change_route_async] 等待wx.reLaunch回调失败
[I 2026-06-02 12:07:36,768 minium minitest#897 capture] capture teardown.png
[E 2026-06-02 12:07:36,841 minium assertbase#390 _get_stack_info] <bound method MiniTest._miniSetUp of <__main__.GestureGuessTest testMethod=test_05_verify_members>>
Traceback (most recent call last):
  File "/opt/anaconda3/lib/python3.13/site-packages/minium/framework/libs/unittest/case.py", line 43, in testPartExecutor
    yield
  File "/opt/anaconda3/lib/python3.13/site-packages/minium/framework/libs/unittest/case.py", line 118, in run
    self._miniSetUp()
    ~~~~~~~~~~~~~~~^^
  File "/opt/anaconda3/lib/python3.13/site-packages/minium/framework/minitest.py", line 478, in _miniSetUp
    self.mini.app.go_home()
    ~~~~~~~~~~~~~~~~~~~~~^^
  File "/opt/anaconda3/lib/python3.13/site-packages/minium/miniprogram/base_driver/minium_log.py", line 148, in wrapper
    result = func(*args, **kwargs)
  File "/opt/anaconda3/lib/python3.13/site-packages/minium/miniprogram/base_driver/app.py", line 1073, in go_home
    page = self.relaunch(main_page_path.path, main_page_path.query)
  File "/opt/anaconda3/lib/python3.13/site-packages/minium/miniprogram/base_driver/minium_log.py", line 148, in wrapper
    result = func(*args, **kwargs)
  File "/opt/anaconda3/lib/python3.13/site-packages/minium/utils/utils.py", line 90, in wrapper
    ret = func(*args, **kwargs)
  File "/opt/anaconda3/lib/python3.13/site-packages/minium/miniprogram/base_driver/app.py", line 951, in relaunch
    page = self._change_route_async("reLaunch", url, is_wait_url_change)
  File "/opt/anaconda3/lib/python3.13/site-packages/minium/miniprogram/base_driver/app.py", line 1165, in _change_route_async
    cmd.get_open_result(wait_timeout)
    ~~~~~~~~~~~~~~~~~~~^^^^^^^^^^^^^^
  File "/opt/anaconda3/lib/python3.13/site-packages/minium/miniprogram/base_driver/app.py", line 133, in get_open_result
    raise MiniTimeoutError(
        f"[{self._open_id}][{self.open_type}] receive from remote timeout"
    )
minium.framework.exception.MiniTimeoutError: [f0d0c95a-f0c5-43f3-b721-2d156e0bc8b9][reLaunch] receive from remote timeout
[W 2026-06-02 12:07:36,842 minium assertbase#354 _log_info_when_error] config: {'debug': False, 'base_dir': '/Users/haha/greatMan/projects/wechat-mini/2026-04-26-family-party-games', 'platform': 'ide', 'app': 'wx', 'debug_mode': 'info', 'close_ide': False, 'auto_capture': 'auto', 'check_mp_foreground': True, 'auto_relaunch': True, 'device_desire': {}, 'account_info': {}, 'report_usage': True, 'remote_connect_timeout': 180, 'request_timeout': 20, 'use_push': True, 'full_reset': False, 'outputs': './outputs', 'enable_app_log': False, 'enable_network_panel': False, 'project_path': '/Users/haha/greatMan/projects/wechat-mini/2026-04-26-family-party-games', 'dev_tool_path': '/Applications/wechatwebdevtools.app/Contents/MacOS/cli', 'test_port': 20034, 'mock_native_modal': {}, 'mock_request': [], 'auto_authorize': False, 'audits': None, 'teardown_snapshot': False, 'mock_images_dir': '', 'mock_images': {}, 'need_perf': False, 'appid': None, 'enable_h5': True, 'autofix': False, 'cloud_env_id': 'cloud1-d9g01no7m292bc511-d5e875d', 'framework_capture': True, 'error_capture': False, 'assert_capture': True, 'create_time': '20260602120340', 'case_output': './outputs/20260602120340/test_05_verify_members/20260602120716753326'}
[W 2026-06-02 12:07:36,842 minium assertbase#355 _log_info_when_error] build info: {'version': '1.6.0', 'revision': '33ce5b50b34ec18c51c054a7cc1bdfb3ab0a451b', 'branch': 'master', 'update_at': '2024-10-09 21:08:56'}
[W 2026-06-02 12:07:36,842 minium minitest#1029 _log_info_when_error] mini: 基础库3.15.2, 开发者工具2.01.2510290
[W 2026-06-02 12:07:36,842 minium minitest#1031 _log_info_when_error] native: <minium.native.wx_native.idenative.IdeNative object at 0x1051b4050>
[I 2026-06-02 12:07:36,853 minium minitest#432 _miniSetUp] =========Current case: test_06_game_interface=========
[I 2026-06-02 12:07:36,853 minium minitest#435 _miniSetUp] package info: .Users.haha.greatMan.projects.wechat-mini.2026-04-26-family-party-games.tests.test_gesture_final, case info: GestureGuessTest.test_06_game_interface
[I 2026-06-02 12:07:36,853 minium basenative#59 wrapper] call BaseNative.check_connection
[I 2026-06-02 12:07:36,853 minium basenative#63 wrapper] call BaseNative.check_connection end True
[I 2026-06-02 12:07:36,853 minium basenative#59 wrapper] call BaseNative.back_to_miniprogram
[I 2026-06-02 12:07:36,853 minium basenative#794 back_to_miniprogram] try back_to_miniprogram 3
[I 2026-06-02 12:07:36,853 minium basenative#63 wrapper] call BaseNative.back_to_miniprogram end 
[I 2026-06-02 12:07:36,855 minium.App9632 app#950 relaunch] ReLaunch: /pages/index/index
[I 2026-06-02 12:07:39,394 minium wx_minium#571 _app_initialized_callback] receive App.initialized
[I 2026-06-02 12:07:39,394 minium wx_minium#579 _relaunch] start instantiate app 6270267392
[I 2026-06-02 12:07:39,404 minium.App9632 app#545 release] release app <minium.miniprogram.base_driver.app.App object at 0x10512b610>
[I 2026-06-02 12:07:39,494 minium wx_minium#893 _instantiate_app] new app instanst <minium.miniprogram.base_driver.app.App object at 0x1051fdf90>, whether should relaunch: False
[I 2026-06-02 12:07:39,819 minium wx_minium#608 _relaunch] end instantiate app, cost: 0.42503881454467773
[W 2026-06-02 12:07:56,857 minium.App9632 app#1167 _change_route_async] 等待wx.reLaunch回调失败
[I 2026-06-02 12:07:56,872 minium minitest#897 capture] capture teardown.png
[E 2026-06-02 12:07:57,009 minium assertbase#390 _get_stack_info] <bound method MiniTest._miniSetUp of <__main__.GestureGuessTest testMethod=test_06_game_interface>>
Traceback (most recent call last):
  File "/opt/anaconda3/lib/python3.13/site-packages/minium/framework/libs/unittest/case.py", line 43, in testPartExecutor
    yield
  File "/opt/anaconda3/lib/python3.13/site-packages/minium/framework/libs/unittest/case.py", line 118, in run
    self._miniSetUp()
    ~~~~~~~~~~~~~~~^^
  File "/opt/anaconda3/lib/python3.13/site-packages/minium/framework/minitest.py", line 478, in _miniSetUp
    self.mini.app.go_home()
    ~~~~~~~~~~~~~~~~~~~~~^^
  File "/opt/anaconda3/lib/python3.13/site-packages/minium/miniprogram/base_driver/minium_log.py", line 148, in wrapper
    result = func(*args, **kwargs)
  File "/opt/anaconda3/lib/python3.13/site-packages/minium/miniprogram/base_driver/app.py", line 1073, in go_home
    page = self.relaunch(main_page_path.path, main_page_path.query)
  File "/opt/anaconda3/lib/python3.13/site-packages/minium/miniprogram/base_driver/minium_log.py", line 148, in wrapper
    result = func(*args, **kwargs)
  File "/opt/anaconda3/lib/python3.13/site-packages/minium/utils/utils.py", line 90, in wrapper
    ret = func(*args, **kwargs)
  File "/opt/anaconda3/lib/python3.13/site-packages/minium/miniprogram/base_driver/app.py", line 951, in relaunch
    page = self._change_route_async("reLaunch", url, is_wait_url_change)
  File "/opt/anaconda3/lib/python3.13/site-packages/minium/miniprogram/base_driver/app.py", line 1165, in _change_route_async
    cmd.get_open_result(wait_timeout)
    ~~~~~~~~~~~~~~~~~~~^^^^^^^^^^^^^^
  File "/opt/anaconda3/lib/python3.13/site-packages/minium/miniprogram/base_driver/app.py", line 133, in get_open_result
    raise MiniTimeoutError(
        f"[{self._open_id}][{self.open_type}] receive from remote timeout"
    )
minium.framework.exception.MiniTimeoutError: [59814124-5bd6-48d7-a647-402e6540dd6f][reLaunch] receive from remote timeout
[W 2026-06-02 12:07:57,010 minium assertbase#354 _log_info_when_error] config: {'debug': False, 'base_dir': '/Users/haha/greatMan/projects/wechat-mini/2026-04-26-family-party-games', 'platform': 'ide', 'app': 'wx', 'debug_mode': 'info', 'close_ide': False, 'auto_capture': 'auto', 'check_mp_foreground': True, 'auto_relaunch': True, 'device_desire': {}, 'account_info': {}, 'report_usage': True, 'remote_connect_timeout': 180, 'request_timeout': 20, 'use_push': True, 'full_reset': False, 'outputs': './outputs', 'enable_app_log': False, 'enable_network_panel': False, 'project_path': '/Users/haha/greatMan/projects/wechat-mini/2026-04-26-family-party-games', 'dev_tool_path': '/Applications/wechatwebdevtools.app/Contents/MacOS/cli', 'test_port': 20034, 'mock_native_modal': {}, 'mock_request': [], 'auto_authorize': False, 'audits': None, 'teardown_snapshot': False, 'mock_images_dir': '', 'mock_images': {}, 'need_perf': False, 'appid': None, 'enable_h5': True, 'autofix': False, 'cloud_env_id': 'cloud1-d9g01no7m292bc511-d5e875d', 'framework_capture': True, 'error_capture': False, 'assert_capture': True, 'create_time': '20260602120340', 'case_output': './outputs/20260602120340/test_06_game_interface/20260602120736843983'}
[W 2026-06-02 12:07:57,010 minium assertbase#355 _log_info_when_error] build info: {'version': '1.6.0', 'revision': '33ce5b50b34ec18c51c054a7cc1bdfb3ab0a451b', 'branch': 'master', 'update_at': '2024-10-09 21:08:56'}
[W 2026-06-02 12:07:57,010 minium minitest#1029 _log_info_when_error] mini: 基础库3.15.2, 开发者工具2.01.2510290
[W 2026-06-02 12:07:57,010 minium minitest#1031 _log_info_when_error] native: <minium.native.wx_native.idenative.IdeNative object at 0x1051b4050>
[W 2026-06-02 12:07:57,018 minium minitest#825 run] 第1次重试
[I 2026-06-02 12:07:57,019 minium minitest#432 _miniSetUp] =========Current case: test_06_game_interface=========
[W 2026-06-02 12:07:57,019 minium minitest#434 _miniSetUp] 第1次重试
[I 2026-06-02 12:07:57,020 minium minitest#435 _miniSetUp] package info: .Users.haha.greatMan.projects.wechat-mini.2026-04-26-family-party-games.tests.test_gesture_final, case info: GestureGuessTest.test_06_game_interface
[I 2026-06-02 12:07:57,020 minium basenative#59 wrapper] call BaseNative.check_connection
[I 2026-06-02 12:07:57,020 minium basenative#63 wrapper] call BaseNative.check_connection end True
[I 2026-06-02 12:07:57,020 minium basenative#59 wrapper] call BaseNative.back_to_miniprogram
[I 2026-06-02 12:07:57,020 minium basenative#794 back_to_miniprogram] try back_to_miniprogram 3
[I 2026-06-02 12:07:57,020 minium basenative#63 wrapper] call BaseNative.back_to_miniprogram end 
[I 2026-06-02 12:07:57,023 minium.App2224 app#950 relaunch] ReLaunch: /pages/index/index
[I 2026-06-02 12:07:59,637 minium wx_minium#571 _app_initialized_callback] receive App.initialized
[I 2026-06-02 12:07:59,642 minium wx_minium#579 _relaunch] start instantiate app 6270267392
[I 2026-06-02 12:07:59,652 minium.App2224 app#545 release] release app <minium.miniprogram.base_driver.app.App object at 0x1051fdf90>
[I 2026-06-02 12:07:59,685 minium wx_minium#893 _instantiate_app] new app instanst <minium.miniprogram.base_driver.app.App object at 0x1051fda90>, whether should relaunch: False
[I 2026-06-02 12:07:59,939 minium wx_minium#608 _relaunch] end instantiate app, cost: 0.2966148853302002
[W 2026-06-02 12:08:17,025 minium.App2224 app#1167 _change_route_async] 等待wx.reLaunch回调失败
[I 2026-06-02 12:08:17,039 minium minitest#897 capture] capture teardown.png
[E 2026-06-02 12:08:17,169 minium assertbase#390 _get_stack_info] <bound method MiniTest._miniSetUp of <__main__.GestureGuessTest testMethod=test_06_game_interface>>
Traceback (most recent call last):
  File "/opt/anaconda3/lib/python3.13/site-packages/minium/framework/libs/unittest/case.py", line 43, in testPartExecutor
    yield
  File "/opt/anaconda3/lib/python3.13/site-packages/minium/framework/libs/unittest/case.py", line 118, in run
    self._miniSetUp()
    ~~~~~~~~~~~~~~~^^
  File "/opt/anaconda3/lib/python3.13/site-packages/minium/framework/minitest.py", line 478, in _miniSetUp
    self.mini.app.go_home()
    ~~~~~~~~~~~~~~~~~~~~~^^
  File "/opt/anaconda3/lib/python3.13/site-packages/minium/miniprogram/base_driver/minium_log.py", line 148, in wrapper
    result = func(*args, **kwargs)
  File "/opt/anaconda3/lib/python3.13/site-packages/minium/miniprogram/base_driver/app.py", line 1073, in go_home
    page = self.relaunch(main_page_path.path, main_page_path.query)
  File "/opt/anaconda3/lib/python3.13/site-packages/minium/miniprogram/base_driver/minium_log.py", line 148, in wrapper
    result = func(*args, **kwargs)
  File "/opt/anaconda3/lib/python3.13/site-packages/minium/utils/utils.py", line 90, in wrapper
    ret = func(*args, **kwargs)
  File "/opt/anaconda3/lib/python3.13/site-packages/minium/miniprogram/base_driver/app.py", line 951, in relaunch
    page = self._change_route_async("reLaunch", url, is_wait_url_change)
  File "/opt/anaconda3/lib/python3.13/site-packages/minium/miniprogram/base_driver/app.py", line 1165, in _change_route_async
    cmd.get_open_result(wait_timeout)
    ~~~~~~~~~~~~~~~~~~~^^^^^^^^^^^^^^
  File "/opt/anaconda3/lib/python3.13/site-packages/minium/miniprogram/base_driver/app.py", line 133, in get_open_result
    raise MiniTimeoutError(
        f"[{self._open_id}][{self.open_type}] receive from remote timeout"
    )
minium.framework.exception.MiniTimeoutError: [6034fa4f-97d0-498e-8615-19a59637adcc][reLaunch] receive from remote timeout
[W 2026-06-02 12:08:17,170 minium assertbase#354 _log_info_when_error] config: {'debug': False, 'base_dir': '/Users/haha/greatMan/projects/wechat-mini/2026-04-26-family-party-games', 'platform': 'ide', 'app': 'wx', 'debug_mode': 'info', 'close_ide': False, 'auto_capture': 'auto', 'check_mp_foreground': True, 'auto_relaunch': True, 'device_desire': {}, 'account_info': {}, 'report_usage': True, 'remote_connect_timeout': 180, 'request_timeout': 20, 'use_push': True, 'full_reset': False, 'outputs': './outputs', 'enable_app_log': False, 'enable_network_panel': False, 'project_path': '/Users/haha/greatMan/projects/wechat-mini/2026-04-26-family-party-games', 'dev_tool_path': '/Applications/wechatwebdevtools.app/Contents/MacOS/cli', 'test_port': 20034, 'mock_native_modal': {}, 'mock_request': [], 'auto_authorize': False, 'audits': None, 'teardown_snapshot': False, 'mock_images_dir': '', 'mock_images': {}, 'need_perf': False, 'appid': None, 'enable_h5': True, 'autofix': False, 'cloud_env_id': 'cloud1-d9g01no7m292bc511-d5e875d', 'framework_capture': True, 'error_capture': False, 'assert_capture': True, 'create_time': '20260602120340', 'case_output': './outputs/20260602120340/test_06_game_interface/20260602120757018498'}
[W 2026-06-02 12:08:17,170 minium assertbase#355 _log_info_when_error] build info: {'version': '1.6.0', 'revision': '33ce5b50b34ec18c51c054a7cc1bdfb3ab0a451b', 'branch': 'master', 'update_at': '2024-10-09 21:08:56'}
[W 2026-06-02 12:08:17,170 minium minitest#1029 _log_info_when_error] mini: 基础库3.15.2, 开发者工具2.01.2510290
[W 2026-06-02 12:08:17,170 minium minitest#1031 _log_info_when_error] native: <minium.native.wx_native.idenative.IdeNative object at 0x1051b4050>
[I 2026-06-02 12:08:17,172 minium minitest#432 _miniSetUp] =========Current case: test_07_performance=========
[I 2026-06-02 12:08:17,172 minium minitest#435 _miniSetUp] package info: .Users.haha.greatMan.projects.wechat-mini.2026-04-26-family-party-games.tests.test_gesture_final, case info: GestureGuessTest.test_07_performance
[I 2026-06-02 12:08:17,172 minium basenative#59 wrapper] call BaseNative.check_connection
[I 2026-06-02 12:08:17,172 minium basenative#63 wrapper] call BaseNative.check_connection end True
[I 2026-06-02 12:08:17,172 minium basenative#59 wrapper] call BaseNative.back_to_miniprogram
[I 2026-06-02 12:08:17,172 minium basenative#794 back_to_miniprogram] try back_to_miniprogram 3
[I 2026-06-02 12:08:17,172 minium basenative#63 wrapper] call BaseNative.back_to_miniprogram end 
[I 2026-06-02 12:08:17,175 minium.App0944 app#950 relaunch] ReLaunch: /pages/index/index
[I 2026-06-02 12:08:20,216 minium wx_minium#571 _app_initialized_callback] receive App.initialized
[I 2026-06-02 12:08:20,217 minium wx_minium#579 _relaunch] start instantiate app 6270267392
[I 2026-06-02 12:08:20,231 minium.App0944 app#545 release] release app <minium.miniprogram.base_driver.app.App object at 0x1051fda90>
[I 2026-06-02 12:08:20,270 minium wx_minium#893 _instantiate_app] new app instanst <minium.miniprogram.base_driver.app.App object at 0x1051fcf50>, whether should relaunch: False
[I 2026-06-02 12:08:20,589 minium wx_minium#608 _relaunch] end instantiate app, cost: 0.371506929397583
[W 2026-06-02 12:08:37,176 minium.App0944 app#1167 _change_route_async] 等待wx.reLaunch回调失败
[I 2026-06-02 12:08:37,192 minium minitest#897 capture] capture teardown.png
[E 2026-06-02 12:08:37,289 minium assertbase#390 _get_stack_info] <bound method MiniTest._miniSetUp of <__main__.GestureGuessTest testMethod=test_07_performance>>
Traceback (most recent call last):
  File "/opt/anaconda3/lib/python3.13/site-packages/minium/framework/libs/unittest/case.py", line 43, in testPartExecutor
    yield
  File "/opt/anaconda3/lib/python3.13/site-packages/minium/framework/libs/unittest/case.py", line 118, in run
    self._miniSetUp()
    ~~~~~~~~~~~~~~~^^
  File "/opt/anaconda3/lib/python3.13/site-packages/minium/framework/minitest.py", line 478, in _miniSetUp
    self.mini.app.go_home()
    ~~~~~~~~~~~~~~~~~~~~~^^
  File "/opt/anaconda3/lib/python3.13/site-packages/minium/miniprogram/base_driver/minium_log.py", line 148, in wrapper
    result = func(*args, **kwargs)
  File "/opt/anaconda3/lib/python3.13/site-packages/minium/miniprogram/base_driver/app.py", line 1073, in go_home
    page = self.relaunch(main_page_path.path, main_page_path.query)
  File "/opt/anaconda3/lib/python3.13/site-packages/minium/miniprogram/base_driver/minium_log.py", line 148, in wrapper
    result = func(*args, **kwargs)
  File "/opt/anaconda3/lib/python3.13/site-packages/minium/utils/utils.py", line 90, in wrapper
    ret = func(*args, **kwargs)
  File "/opt/anaconda3/lib/python3.13/site-packages/minium/miniprogram/base_driver/app.py", line 951, in relaunch
    page = self._change_route_async("reLaunch", url, is_wait_url_change)
  File "/opt/anaconda3/lib/python3.13/site-packages/minium/miniprogram/base_driver/app.py", line 1165, in _change_route_async
    cmd.get_open_result(wait_timeout)
    ~~~~~~~~~~~~~~~~~~~^^^^^^^^^^^^^^
  File "/opt/anaconda3/lib/python3.13/site-packages/minium/miniprogram/base_driver/app.py", line 133, in get_open_result
    raise MiniTimeoutError(
        f"[{self._open_id}][{self.open_type}] receive from remote timeout"
    )
minium.framework.exception.MiniTimeoutError: [c806c7a2-23d4-413b-8ce3-b574bae45bdc][reLaunch] receive from remote timeout
[W 2026-06-02 12:08:37,290 minium assertbase#354 _log_info_when_error] config: {'debug': False, 'base_dir': '/Users/haha/greatMan/projects/wechat-mini/2026-04-26-family-party-games', 'platform': 'ide', 'app': 'wx', 'debug_mode': 'info', 'close_ide': False, 'auto_capture': 'auto', 'check_mp_foreground': True, 'auto_relaunch': True, 'device_desire': {}, 'account_info': {}, 'report_usage': True, 'remote_connect_timeout': 180, 'request_timeout': 20, 'use_push': True, 'full_reset': False, 'outputs': './outputs', 'enable_app_log': False, 'enable_network_panel': False, 'project_path': '/Users/haha/greatMan/projects/wechat-mini/2026-04-26-family-party-games', 'dev_tool_path': '/Applications/wechatwebdevtools.app/Contents/MacOS/cli', 'test_port': 20034, 'mock_native_modal': {}, 'mock_request': [], 'auto_authorize': False, 'audits': None, 'teardown_snapshot': False, 'mock_images_dir': '', 'mock_images': {}, 'need_perf': False, 'appid': None, 'enable_h5': True, 'autofix': False, 'cloud_env_id': 'cloud1-d9g01no7m292bc511-d5e875d', 'framework_capture': True, 'error_capture': False, 'assert_capture': True, 'create_time': '20260602120340', 'case_output': './outputs/20260602120340/test_07_performance/20260602120817171388'}
[W 2026-06-02 12:08:37,290 minium assertbase#355 _log_info_when_error] build info: {'version': '1.6.0', 'revision': '33ce5b50b34ec18c51c054a7cc1bdfb3ab0a451b', 'branch': 'master', 'update_at': '2024-10-09 21:08:56'}
[W 2026-06-02 12:08:37,290 minium minitest#1029 _log_info_when_error] mini: 基础库3.15.2, 开发者工具2.01.2510290
[W 2026-06-02 12:08:37,290 minium minitest#1031 _log_info_when_error] native: <minium.native.wx_native.idenative.IdeNative object at 0x1051b4050>
[W 2026-06-02 12:08:37,293 minium minitest#825 run] 第1次重试
[I 2026-06-02 12:08:37,297 minium minitest#432 _miniSetUp] =========Current case: test_07_performance=========
[W 2026-06-02 12:08:37,297 minium minitest#434 _miniSetUp] 第1次重试
[I 2026-06-02 12:08:37,297 minium minitest#435 _miniSetUp] package info: .Users.haha.greatMan.projects.wechat-mini.2026-04-26-family-party-games.tests.test_gesture_final, case info: GestureGuessTest.test_07_performance
[I 2026-06-02 12:08:37,297 minium basenative#59 wrapper] call BaseNative.check_connection
[I 2026-06-02 12:08:37,297 minium basenative#63 wrapper] call BaseNative.check_connection end True
[I 2026-06-02 12:08:37,297 minium basenative#59 wrapper] call BaseNative.back_to_miniprogram
[I 2026-06-02 12:08:37,297 minium basenative#794 back_to_miniprogram] try back_to_miniprogram 3
[I 2026-06-02 12:08:37,297 minium basenative#63 wrapper] call BaseNative.back_to_miniprogram end 
[I 2026-06-02 12:08:37,299 minium.App8064 app#950 relaunch] ReLaunch: /pages/index/index
[I 2026-06-02 12:08:39,668 minium wx_minium#571 _app_initialized_callback] receive App.initialized
[I 2026-06-02 12:08:39,668 minium wx_minium#579 _relaunch] start instantiate app 6270267392
[I 2026-06-02 12:08:39,680 minium.App8064 app#545 release] release app <minium.miniprogram.base_driver.app.App object at 0x1051fcf50>
[I 2026-06-02 12:08:39,711 minium wx_minium#893 _instantiate_app] new app instanst <minium.miniprogram.base_driver.app.App object at 0x1051fccd0>, whether should relaunch: False
[I 2026-06-02 12:08:40,041 minium wx_minium#608 _relaunch] end instantiate app, cost: 0.37282609939575195
[W 2026-06-02 12:08:57,301 minium.App8064 app#1167 _change_route_async] 等待wx.reLaunch回调失败
[I 2026-06-02 12:08:57,309 minium minitest#897 capture] capture teardown.png
[E 2026-06-02 12:08:57,419 minium assertbase#390 _get_stack_info] <bound method MiniTest._miniSetUp of <__main__.GestureGuessTest testMethod=test_07_performance>>
Traceback (most recent call last):
  File "/opt/anaconda3/lib/python3.13/site-packages/minium/framework/libs/unittest/case.py", line 43, in testPartExecutor
    yield
  File "/opt/anaconda3/lib/python3.13/site-packages/minium/framework/libs/unittest/case.py", line 118, in run
    self._miniSetUp()
    ~~~~~~~~~~~~~~~^^
  File "/opt/anaconda3/lib/python3.13/site-packages/minium/framework/minitest.py", line 478, in _miniSetUp
    self.mini.app.go_home()
    ~~~~~~~~~~~~~~~~~~~~~^^
  File "/opt/anaconda3/lib/python3.13/site-packages/minium/miniprogram/base_driver/minium_log.py", line 148, in wrapper
    result = func(*args, **kwargs)
  File "/opt/anaconda3/lib/python3.13/site-packages/minium/miniprogram/base_driver/app.py", line 1073, in go_home
    page = self.relaunch(main_page_path.path, main_page_path.query)
  File "/opt/anaconda3/lib/python3.13/site-packages/minium/miniprogram/base_driver/minium_log.py", line 148, in wrapper
    result = func(*args, **kwargs)
  File "/opt/anaconda3/lib/python3.13/site-packages/minium/utils/utils.py", line 90, in wrapper
    ret = func(*args, **kwargs)
  File "/opt/anaconda3/lib/python3.13/site-packages/minium/miniprogram/base_driver/app.py", line 951, in relaunch
    page = self._change_route_async("reLaunch", url, is_wait_url_change)
  File "/opt/anaconda3/lib/python3.13/site-packages/minium/miniprogram/base_driver/app.py", line 1165, in _change_route_async
    cmd.get_open_result(wait_timeout)
    ~~~~~~~~~~~~~~~~~~~^^^^^^^^^^^^^^
  File "/opt/anaconda3/lib/python3.13/site-packages/minium/miniprogram/base_driver/app.py", line 133, in get_open_result
    raise MiniTimeoutError(
        f"[{self._open_id}][{self.open_type}] receive from remote timeout"
    )
minium.framework.exception.MiniTimeoutError: [6286d2d1-4fb4-4471-8e00-678c0813f814][reLaunch] receive from remote timeout
[W 2026-06-02 12:08:57,421 minium assertbase#354 _log_info_when_error] config: {'debug': False, 'base_dir': '/Users/haha/greatMan/projects/wechat-mini/2026-04-26-family-party-games', 'platform': 'ide', 'app': 'wx', 'debug_mode': 'info', 'close_ide': False, 'auto_capture': 'auto', 'check_mp_foreground': True, 'auto_relaunch': True, 'device_desire': {}, 'account_info': {}, 'report_usage': True, 'remote_connect_timeout': 180, 'request_timeout': 20, 'use_push': True, 'full_reset': False, 'outputs': './outputs', 'enable_app_log': False, 'enable_network_panel': False, 'project_path': '/Users/haha/greatMan/projects/wechat-mini/2026-04-26-family-party-games', 'dev_tool_path': '/Applications/wechatwebdevtools.app/Contents/MacOS/cli', 'test_port': 20034, 'mock_native_modal': {}, 'mock_request': [], 'auto_authorize': False, 'audits': None, 'teardown_snapshot': False, 'mock_images_dir': '', 'mock_images': {}, 'need_perf': False, 'appid': None, 'enable_h5': True, 'autofix': False, 'cloud_env_id': 'cloud1-d9g01no7m292bc511-d5e875d', 'framework_capture': True, 'error_capture': False, 'assert_capture': True, 'create_time': '20260602120340', 'case_output': './outputs/20260602120340/test_07_performance/20260602120837293687'}
[W 2026-06-02 12:08:57,421 minium assertbase#355 _log_info_when_error] build info: {'version': '1.6.0', 'revision': '33ce5b50b34ec18c51c054a7cc1bdfb3ab0a451b', 'branch': 'master', 'update_at': '2024-10-09 21:08:56'}
[W 2026-06-02 12:08:57,421 minium minitest#1029 _log_info_when_error] mini: 基础库3.15.2, 开发者工具2.01.2510290
[W 2026-06-02 12:08:57,421 minium minitest#1031 _log_info_when_error] native: <minium.native.wx_native.idenative.IdeNative object at 0x1051b4050>
[I 2026-06-02 12:08:57,424 minium minitest#432 _miniSetUp] =========Current case: test_08_network=========
[I 2026-06-02 12:08:57,424 minium minitest#435 _miniSetUp] package info: .Users.haha.greatMan.projects.wechat-mini.2026-04-26-family-party-games.tests.test_gesture_final, case info: GestureGuessTest.test_08_network
[I 2026-06-02 12:08:57,425 minium basenative#59 wrapper] call BaseNative.check_connection
[I 2026-06-02 12:08:57,425 minium basenative#63 wrapper] call BaseNative.check_connection end True
[I 2026-06-02 12:08:57,425 minium basenative#59 wrapper] call BaseNative.back_to_miniprogram
[I 2026-06-02 12:08:57,425 minium basenative#794 back_to_miniprogram] try back_to_miniprogram 3
[I 2026-06-02 12:08:57,425 minium basenative#63 wrapper] call BaseNative.back_to_miniprogram end 
[I 2026-06-02 12:08:57,427 minium.App7424 app#950 relaunch] ReLaunch: /pages/index/index
[I 2026-06-02 12:09:01,270 minium wx_minium#571 _app_initialized_callback] receive App.initialized
[I 2026-06-02 12:09:01,271 minium wx_minium#579 _relaunch] start instantiate app 6270267392
[I 2026-06-02 12:09:01,277 minium.App7424 app#545 release] release app <minium.miniprogram.base_driver.app.App object at 0x1051fccd0>
[I 2026-06-02 12:09:01,317 minium wx_minium#893 _instantiate_app] new app instanst <minium.miniprogram.base_driver.app.App object at 0x1051fead0>, whether should relaunch: False
[I 2026-06-02 12:09:01,615 minium wx_minium#608 _relaunch] end instantiate app, cost: 0.3436739444732666
[W 2026-06-02 12:09:17,430 minium.App7424 app#1167 _change_route_async] 等待wx.reLaunch回调失败
[I 2026-06-02 12:09:17,451 minium minitest#897 capture] capture teardown.png
[E 2026-06-02 12:09:17,560 minium assertbase#390 _get_stack_info] <bound method MiniTest._miniSetUp of <__main__.GestureGuessTest testMethod=test_08_network>>
Traceback (most recent call last):
  File "/opt/anaconda3/lib/python3.13/site-packages/minium/framework/libs/unittest/case.py", line 43, in testPartExecutor
    yield
  File "/opt/anaconda3/lib/python3.13/site-packages/minium/framework/libs/unittest/case.py", line 118, in run
    self._miniSetUp()
    ~~~~~~~~~~~~~~~^^
  File "/opt/anaconda3/lib/python3.13/site-packages/minium/framework/minitest.py", line 478, in _miniSetUp
    self.mini.app.go_home()
    ~~~~~~~~~~~~~~~~~~~~~^^
  File "/opt/anaconda3/lib/python3.13/site-packages/minium/miniprogram/base_driver/minium_log.py", line 148, in wrapper
    result = func(*args, **kwargs)
  File "/opt/anaconda3/lib/python3.13/site-packages/minium/miniprogram/base_driver/app.py", line 1073, in go_home
    page = self.relaunch(main_page_path.path, main_page_path.query)
  File "/opt/anaconda3/lib/python3.13/site-packages/minium/miniprogram/base_driver/minium_log.py", line 148, in wrapper
    result = func(*args, **kwargs)
  File "/opt/anaconda3/lib/python3.13/site-packages/minium/utils/utils.py", line 90, in wrapper
    ret = func(*args, **kwargs)
  File "/opt/anaconda3/lib/python3.13/site-packages/minium/miniprogram/base_driver/app.py", line 951, in relaunch
    page = self._change_route_async("reLaunch", url, is_wait_url_change)
  File "/opt/anaconda3/lib/python3.13/site-packages/minium/miniprogram/base_driver/app.py", line 1165, in _change_route_async
    cmd.get_open_result(wait_timeout)
    ~~~~~~~~~~~~~~~~~~~^^^^^^^^^^^^^^
  File "/opt/anaconda3/lib/python3.13/site-packages/minium/miniprogram/base_driver/app.py", line 133, in get_open_result
    raise MiniTimeoutError(
        f"[{self._open_id}][{self.open_type}] receive from remote timeout"
    )
minium.framework.exception.MiniTimeoutError: [6e47bd40-097d-412c-8905-4497bf0be288][reLaunch] receive from remote timeout
[W 2026-06-02 12:09:17,561 minium assertbase#354 _log_info_when_error] config: {'debug': False, 'base_dir': '/Users/haha/greatMan/projects/wechat-mini/2026-04-26-family-party-games', 'platform': 'ide', 'app': 'wx', 'debug_mode': 'info', 'close_ide': False, 'auto_capture': 'auto', 'check_mp_foreground': True, 'auto_relaunch': True, 'device_desire': {}, 'account_info': {}, 'report_usage': True, 'remote_connect_timeout': 180, 'request_timeout': 20, 'use_push': True, 'full_reset': False, 'outputs': './outputs', 'enable_app_log': False, 'enable_network_panel': False, 'project_path': '/Users/haha/greatMan/projects/wechat-mini/2026-04-26-family-party-games', 'dev_tool_path': '/Applications/wechatwebdevtools.app/Contents/MacOS/cli', 'test_port': 20034, 'mock_native_modal': {}, 'mock_request': [], 'auto_authorize': False, 'audits': None, 'teardown_snapshot': False, 'mock_images_dir': '', 'mock_images': {}, 'need_perf': False, 'appid': None, 'enable_h5': True, 'autofix': False, 'cloud_env_id': 'cloud1-d9g01no7m292bc511-d5e875d', 'framework_capture': True, 'error_capture': False, 'assert_capture': True, 'create_time': '20260602120340', 'case_output': './outputs/20260602120340/test_08_network/20260602120857423077'}
[W 2026-06-02 12:09:17,561 minium assertbase#355 _log_info_when_error] build info: {'version': '1.6.0', 'revision': '33ce5b50b34ec18c51c054a7cc1bdfb3ab0a451b', 'branch': 'master', 'update_at': '2024-10-09 21:08:56'}
[W 2026-06-02 12:09:17,561 minium minitest#1029 _log_info_when_error] mini: 基础库3.15.2, 开发者工具2.01.2510290
[W 2026-06-02 12:09:17,561 minium minitest#1031 _log_info_when_error] native: <minium.native.wx_native.idenative.IdeNative object at 0x1051b4050>
[W 2026-06-02 12:09:17,578 minium minitest#825 run] 第1次重试
[I 2026-06-02 12:09:17,584 minium minitest#432 _miniSetUp] =========Current case: test_08_network=========
[W 2026-06-02 12:09:17,584 minium minitest#434 _miniSetUp] 第1次重试
[I 2026-06-02 12:09:17,584 minium minitest#435 _miniSetUp] package info: .Users.haha.greatMan.projects.wechat-mini.2026-04-26-family-party-games.tests.test_gesture_final, case info: GestureGuessTest.test_08_network
[I 2026-06-02 12:09:17,584 minium basenative#59 wrapper] call BaseNative.check_connection
[I 2026-06-02 12:09:17,584 minium basenative#63 wrapper] call BaseNative.check_connection end True
[I 2026-06-02 12:09:17,584 minium basenative#59 wrapper] call BaseNative.back_to_miniprogram
[I 2026-06-02 12:09:17,584 minium basenative#794 back_to_miniprogram] try back_to_miniprogram 3
[I 2026-06-02 12:09:17,584 minium basenative#63 wrapper] call BaseNative.back_to_miniprogram end 
[I 2026-06-02 12:09:17,587 minium.App5104 app#950 relaunch] ReLaunch: /pages/index/index
[I 2026-06-02 12:09:20,206 minium wx_minium#571 _app_initialized_callback] receive App.initialized
[I 2026-06-02 12:09:20,206 minium wx_minium#579 _relaunch] start instantiate app 6270267392
[I 2026-06-02 12:09:20,219 minium.App5104 app#545 release] release app <minium.miniprogram.base_driver.app.App object at 0x1051fead0>
[I 2026-06-02 12:09:20,262 minium wx_minium#893 _instantiate_app] new app instanst <minium.miniprogram.base_driver.app.App object at 0x1051fee90>, whether should relaunch: False
[I 2026-06-02 12:09:20,614 minium wx_minium#608 _relaunch] end instantiate app, cost: 0.40755796432495117
[W 2026-06-02 12:09:37,589 minium.App5104 app#1167 _change_route_async] 等待wx.reLaunch回调失败
[I 2026-06-02 12:09:37,607 minium minitest#897 capture] capture teardown.png
[E 2026-06-02 12:09:37,722 minium assertbase#390 _get_stack_info] <bound method MiniTest._miniSetUp of <__main__.GestureGuessTest testMethod=test_08_network>>
Traceback (most recent call last):
  File "/opt/anaconda3/lib/python3.13/site-packages/minium/framework/libs/unittest/case.py", line 43, in testPartExecutor
    yield
  File "/opt/anaconda3/lib/python3.13/site-packages/minium/framework/libs/unittest/case.py", line 118, in run
    self._miniSetUp()
    ~~~~~~~~~~~~~~~^^
  File "/opt/anaconda3/lib/python3.13/site-packages/minium/framework/minitest.py", line 478, in _miniSetUp
    self.mini.app.go_home()
    ~~~~~~~~~~~~~~~~~~~~~^^
  File "/opt/anaconda3/lib/python3.13/site-packages/minium/miniprogram/base_driver/minium_log.py", line 148, in wrapper
    result = func(*args, **kwargs)
  File "/opt/anaconda3/lib/python3.13/site-packages/minium/miniprogram/base_driver/app.py", line 1073, in go_home
    page = self.relaunch(main_page_path.path, main_page_path.query)
  File "/opt/anaconda3/lib/python3.13/site-packages/minium/miniprogram/base_driver/minium_log.py", line 148, in wrapper
    result = func(*args, **kwargs)
  File "/opt/anaconda3/lib/python3.13/site-packages/minium/utils/utils.py", line 90, in wrapper
    ret = func(*args, **kwargs)
  File "/opt/anaconda3/lib/python3.13/site-packages/minium/miniprogram/base_driver/app.py", line 951, in relaunch
    page = self._change_route_async("reLaunch", url, is_wait_url_change)
  File "/opt/anaconda3/lib/python3.13/site-packages/minium/miniprogram/base_driver/app.py", line 1165, in _change_route_async
    cmd.get_open_result(wait_timeout)
    ~~~~~~~~~~~~~~~~~~~^^^^^^^^^^^^^^
  File "/opt/anaconda3/lib/python3.13/site-packages/minium/miniprogram/base_driver/app.py", line 133, in get_open_result
    raise MiniTimeoutError(
        f"[{self._open_id}][{self.open_type}] receive from remote timeout"
    )
minium.framework.exception.MiniTimeoutError: [8edfe765-776c-463f-ad29-7e639543c875][reLaunch] receive from remote timeout
[W 2026-06-02 12:09:37,723 minium assertbase#354 _log_info_when_error] config: {'debug': False, 'base_dir': '/Users/haha/greatMan/projects/wechat-mini/2026-04-26-family-party-games', 'platform': 'ide', 'app': 'wx', 'debug_mode': 'info', 'close_ide': False, 'auto_capture': 'auto', 'check_mp_foreground': True, 'auto_relaunch': True, 'device_desire': {}, 'account_info': {}, 'report_usage': True, 'remote_connect_timeout': 180, 'request_timeout': 20, 'use_push': True, 'full_reset': False, 'outputs': './outputs', 'enable_app_log': False, 'enable_network_panel': False, 'project_path': '/Users/haha/greatMan/projects/wechat-mini/2026-04-26-family-party-games', 'dev_tool_path': '/Applications/wechatwebdevtools.app/Contents/MacOS/cli', 'test_port': 20034, 'mock_native_modal': {}, 'mock_request': [], 'auto_authorize': False, 'audits': None, 'teardown_snapshot': False, 'mock_images_dir': '', 'mock_images': {}, 'need_perf': False, 'appid': None, 'enable_h5': True, 'autofix': False, 'cloud_env_id': 'cloud1-d9g01no7m292bc511-d5e875d', 'framework_capture': True, 'error_capture': False, 'assert_capture': True, 'create_time': '20260602120340', 'case_output': './outputs/20260602120340/test_08_network/20260602120917579340'}
[W 2026-06-02 12:09:37,723 minium assertbase#355 _log_info_when_error] build info: {'version': '1.6.0', 'revision': '33ce5b50b34ec18c51c054a7cc1bdfb3ab0a451b', 'branch': 'master', 'update_at': '2024-10-09 21:08:56'}
[W 2026-06-02 12:09:37,723 minium minitest#1029 _log_info_when_error] mini: 基础库3.15.2, 开发者工具2.01.2510290
[W 2026-06-02 12:09:37,723 minium minitest#1031 _log_info_when_error] native: <minium.native.wx_native.idenative.IdeNative object at 0x1051b4050>
[I 2026-06-02 12:15:08,461 minium minitest#202 init_miniprogram] start init miniprogram
[I 2026-06-02 12:15:08,463 minium basenative#59 wrapper] call IdeNative.start_wechat
[I 2026-06-02 12:15:08,463 minium basenative#63 wrapper] call IdeNative.start_wechat end None
[I 2026-06-02 12:15:08,463 minium wx_minium#738 launch_dev_tool] Starting dev tool and launch MiniProgram project ...
[I 2026-06-02 12:15:08,464 minium minium_object#83 _do_shell] de shell: /Applications/wechatwebdevtools.app/Contents/MacOS/cli auto --project "/Users/haha/greatMan/projects/wechat-mini/2026-04-26-family-party-games" --auto-port 20034
[I 2026-06-02 12:15:10,656 minium minium_object#101 _do_shell] err:
- initialize

✔ IDE server has started, listening on http://127.0.0.1:23856
- preparing
- Fetching AppID () permissions
✔ Using AppID: wx73314ee6734cdfa0
✔ auto

[I 2026-06-02 12:15:10,656 minium minium_object#102 _do_shell] out:

[I 2026-06-02 12:15:15,664 minium wx_minium#835 connect_dev_tool] Trying to connect Dev tool ...
[I 2026-06-02 12:15:15,835 minium.Conn7344 connection#352 _connect] connect to WebChatTools successfully
[E 2026-06-02 12:15:57,056 minium.Conn7344 connection#642 _on_error] Connection to remote host was lost.
[W 2026-06-02 12:15:57,056 minium.Conn7344 connection#562 reconnect] connection reconnect
[I 2026-06-02 12:15:57,056 minium.Conn7344 connection#377 _ws_run_forever] websocket run forever shutdown
[I 2026-06-02 12:15:57,316 minium.Conn7344 connection#352 _connect] connect to WebChatTools successfully
[E 2026-06-02 12:16:18,846 minium wx_minium#848 connect_dev_tool] [85b7e180-c30a-454f-9ecd-6404b4261b8e][call App.callWxMethod] command timeout cause by connection error: Connection to remote host was lost.
Traceback (most recent call last):
  File "/opt/anaconda3/lib/python3.13/site-packages/minium/miniprogram/wx_minium.py", line 841, in connect_dev_tool
    self._instantiate_app(not self.start_cmd or should_relaunch)
    ~~~~~~~~~~~~~~~~~~~~~^^^^^^^^^^^^^^^^^^^^^^^^^^^^^^^^^^^^^^^
  File "/opt/anaconda3/lib/python3.13/site-packages/minium/miniprogram/wx_minium.py", line 878, in _instantiate_app
    self._get_system_info()
    ~~~~~~~~~~~~~~~~~~~~~^^
  File "/opt/anaconda3/lib/python3.13/site-packages/minium/miniprogram/wx_minium.py", line 533, in _get_system_info
    system_info = self.get_system_info()
  File "/opt/anaconda3/lib/python3.13/site-packages/minium/miniprogram/base_driver/minium_log.py", line 148, in wrapper
    result = func(*args, **kwargs)
  File "/opt/anaconda3/lib/python3.13/site-packages/minium/miniprogram/wx_minium.py", line 909, in get_system_info
    self._call_wx_method("getSystemInfoSync")
    ~~~~~~~~~~~~~~~~~~~~^^^^^^^^^^^^^^^^^^^^^
  File "/opt/anaconda3/lib/python3.13/site-packages/minium/miniprogram/base_driver/minium_object.py", line 162, in _call_wx_method
    return self.connection.send("App.callWxMethod", params)
           ~~~~~~~~~~~~~~~~~~~~^^^^^^^^^^^^^^^^^^^^^^^^^^^^
  File "/opt/anaconda3/lib/python3.13/site-packages/minium/miniprogram/base_driver/connection.py", line 457, in send
    return self._receive_response(cmd)
           ~~~~~~~~~~~~~~~~~~~~~~^^^^^
  File "/opt/anaconda3/lib/python3.13/site-packages/minium/miniprogram/base_driver/connection.py", line 498, in _receive_response
    raise MiniTimeoutCauseByConnectionBreakError(
        f"[{cmd.id}][{cmd.desc}] command timeout cause by {cmd.reason}"
    )
minium.framework.exception.MiniTimeoutCauseByConnectionBreakError: [85b7e180-c30a-454f-9ecd-6404b4261b8e][call App.callWxMethod] command timeout cause by connection error: Connection to remote host was lost.
[I 2026-06-02 12:16:18,853 minium wx_minium#835 connect_dev_tool] Trying to connect Dev tool ...
[I 2026-06-02 12:16:18,979 minium.Conn2640 connection#352 _connect] connect to WebChatTools successfully
[E 2026-06-02 12:16:18,979 minium.Conn7344 connection#739 destroy] 断开连接
[I 2026-06-02 12:16:18,981 minium.Conn7344 connection#377 _ws_run_forever] websocket run forever shutdown
[E 2026-06-02 12:16:57,067 minium.Conn2640 connection#642 _on_error] Connection to remote host was lost.
[W 2026-06-02 12:16:57,067 minium.Conn2640 connection#562 reconnect] connection reconnect
[I 2026-06-02 12:16:57,067 minium.Conn2640 connection#377 _ws_run_forever] websocket run forever shutdown
[I 2026-06-02 12:16:57,291 minium.Conn2640 connection#352 _connect] connect to WebChatTools successfully
[E 2026-06-02 12:17:21,990 minium wx_minium#848 connect_dev_tool] [1ad295b8-0357-4bf0-9fa6-a5417908bf47][call App.callWxMethod] command timeout cause by connection error: Connection to remote host was lost.
Traceback (most recent call last):
  File "/opt/anaconda3/lib/python3.13/site-packages/minium/miniprogram/wx_minium.py", line 841, in connect_dev_tool
    self._instantiate_app(not self.start_cmd or should_relaunch)
    ~~~~~~~~~~~~~~~~~~~~~^^^^^^^^^^^^^^^^^^^^^^^^^^^^^^^^^^^^^^^
  File "/opt/anaconda3/lib/python3.13/site-packages/minium/miniprogram/wx_minium.py", line 878, in _instantiate_app
    self._get_system_info()
    ~~~~~~~~~~~~~~~~~~~~~^^
  File "/opt/anaconda3/lib/python3.13/site-packages/minium/miniprogram/wx_minium.py", line 533, in _get_system_info
    system_info = self.get_system_info()
  File "/opt/anaconda3/lib/python3.13/site-packages/minium/miniprogram/base_driver/minium_log.py", line 148, in wrapper
    result = func(*args, **kwargs)
  File "/opt/anaconda3/lib/python3.13/site-packages/minium/miniprogram/wx_minium.py", line 909, in get_system_info
    self._call_wx_method("getSystemInfoSync")
    ~~~~~~~~~~~~~~~~~~~~^^^^^^^^^^^^^^^^^^^^^
  File "/opt/anaconda3/lib/python3.13/site-packages/minium/miniprogram/base_driver/minium_object.py", line 162, in _call_wx_method
    return self.connection.send("App.callWxMethod", params)
           ~~~~~~~~~~~~~~~~~~~~^^^^^^^^^^^^^^^^^^^^^^^^^^^^
  File "/opt/anaconda3/lib/python3.13/site-packages/minium/miniprogram/base_driver/connection.py", line 457, in send
    return self._receive_response(cmd)
           ~~~~~~~~~~~~~~~~~~~~~~^^^^^
  File "/opt/anaconda3/lib/python3.13/site-packages/minium/miniprogram/base_driver/connection.py", line 498, in _receive_response
    raise MiniTimeoutCauseByConnectionBreakError(
        f"[{cmd.id}][{cmd.desc}] command timeout cause by {cmd.reason}"
    )
minium.framework.exception.MiniTimeoutCauseByConnectionBreakError: [1ad295b8-0357-4bf0-9fa6-a5417908bf47][call App.callWxMethod] command timeout cause by connection error: Connection to remote host was lost.
[I 2026-06-02 12:17:21,990 minium wx_minium#835 connect_dev_tool] Trying to connect Dev tool ...
[I 2026-06-02 12:17:22,045 minium.Conn2960 connection#352 _connect] connect to WebChatTools successfully
[E 2026-06-02 12:17:22,045 minium.Conn2640 connection#739 destroy] 断开连接
[I 2026-06-02 12:17:22,045 minium.Conn2640 connection#377 _ws_run_forever] websocket run forever shutdown
[E 2026-06-02 12:17:57,077 minium.Conn2960 connection#642 _on_error] Connection to remote host was lost.
[W 2026-06-02 12:17:57,078 minium.Conn2960 connection#562 reconnect] connection reconnect
[I 2026-06-02 12:17:57,078 minium.Conn2960 connection#377 _ws_run_forever] websocket run forever shutdown
[I 2026-06-02 12:17:57,298 minium.Conn2960 connection#352 _connect] connect to WebChatTools successfully
[E 2026-06-02 12:18:25,051 minium wx_minium#848 connect_dev_tool] [20827b45-5a6e-4127-85a5-e08fbecfdb1b][call App.callWxMethod] command timeout cause by connection error: Connection to remote host was lost.
Traceback (most recent call last):
  File "/opt/anaconda3/lib/python3.13/site-packages/minium/miniprogram/wx_minium.py", line 841, in connect_dev_tool
    self._instantiate_app(not self.start_cmd or should_relaunch)
    ~~~~~~~~~~~~~~~~~~~~~^^^^^^^^^^^^^^^^^^^^^^^^^^^^^^^^^^^^^^^
  File "/opt/anaconda3/lib/python3.13/site-packages/minium/miniprogram/wx_minium.py", line 878, in _instantiate_app
    self._get_system_info()
    ~~~~~~~~~~~~~~~~~~~~~^^
  File "/opt/anaconda3/lib/python3.13/site-packages/minium/miniprogram/wx_minium.py", line 533, in _get_system_info
    system_info = self.get_system_info()
  File "/opt/anaconda3/lib/python3.13/site-packages/minium/miniprogram/base_driver/minium_log.py", line 148, in wrapper
    result = func(*args, **kwargs)
  File "/opt/anaconda3/lib/python3.13/site-packages/minium/miniprogram/wx_minium.py", line 909, in get_system_info
    self._call_wx_method("getSystemInfoSync")
    ~~~~~~~~~~~~~~~~~~~~^^^^^^^^^^^^^^^^^^^^^
  File "/opt/anaconda3/lib/python3.13/site-packages/minium/miniprogram/base_driver/minium_object.py", line 162, in _call_wx_method
    return self.connection.send("App.callWxMethod", params)
           ~~~~~~~~~~~~~~~~~~~~^^^^^^^^^^^^^^^^^^^^^^^^^^^^
  File "/opt/anaconda3/lib/python3.13/site-packages/minium/miniprogram/base_driver/connection.py", line 457, in send
    return self._receive_response(cmd)
           ~~~~~~~~~~~~~~~~~~~~~~^^^^^
  File "/opt/anaconda3/lib/python3.13/site-packages/minium/miniprogram/base_driver/connection.py", line 498, in _receive_response
    raise MiniTimeoutCauseByConnectionBreakError(
        f"[{cmd.id}][{cmd.desc}] command timeout cause by {cmd.reason}"
    )
minium.framework.exception.MiniTimeoutCauseByConnectionBreakError: [20827b45-5a6e-4127-85a5-e08fbecfdb1b][call App.callWxMethod] command timeout cause by connection error: Connection to remote host was lost.
[E 2026-06-02 12:18:25,052 minium wx_minium#797 launch_dev_tool] three times try to connect Dev tool has all fail ..., restart now...
[I 2026-06-02 12:18:25,052 minium wx_minium#811 launch_dev_tool] Starting dev tool again...
[I 2026-06-02 12:18:25,052 minium minium_object#83 _do_shell] de shell: /Applications/wechatwebdevtools.app/Contents/MacOS/cli auto --project "/Users/haha/greatMan/projects/wechat-mini/2026-04-26-family-party-games" --auto-port 20034
[I 2026-06-02 12:18:27,192 minium minium_object#101 _do_shell] err:
- initialize

✔ IDE server has started, listening on http://127.0.0.1:23856
- preparing
- Fetching AppID () permissions
✔ Using AppID: wx73314ee6734cdfa0
✔ auto

[I 2026-06-02 12:18:27,193 minium minium_object#102 _do_shell] out:

[I 2026-06-02 12:18:27,193 minium wx_minium#816 launch_dev_tool] Restart success
[I 2026-06-02 12:18:32,198 minium wx_minium#835 connect_dev_tool] Trying to connect Dev tool ...
[I 2026-06-02 12:18:32,351 minium.Conn7840 connection#352 _connect] connect to WebChatTools successfully
[E 2026-06-02 12:18:32,352 minium.Conn2960 connection#739 destroy] 断开连接
[I 2026-06-02 12:18:37,083 minium.Conn2960 connection#377 _ws_run_forever] websocket run forever shutdown
[E 2026-06-02 12:19:27,091 minium.Conn7840 connection#642 _on_error] Connection to remote host was lost.
[W 2026-06-02 12:19:27,092 minium.Conn7840 connection#562 reconnect] connection reconnect
[I 2026-06-02 12:19:27,092 minium.Conn7840 connection#377 _ws_run_forever] websocket run forever shutdown
[I 2026-06-02 12:19:27,338 minium.Conn7840 connection#352 _connect] connect to WebChatTools successfully
[E 2026-06-02 12:19:40,097 minium wx_minium#848 connect_dev_tool] [44235c46-0baf-4edd-8528-3b59340933b3][call App.callWxMethod] command timeout cause by connection error: Connection to remote host was lost.
Traceback (most recent call last):
  File "/opt/anaconda3/lib/python3.13/site-packages/minium/miniprogram/wx_minium.py", line 841, in connect_dev_tool
    self._instantiate_app(not self.start_cmd or should_relaunch)
    ~~~~~~~~~~~~~~~~~~~~~^^^^^^^^^^^^^^^^^^^^^^^^^^^^^^^^^^^^^^^
  File "/opt/anaconda3/lib/python3.13/site-packages/minium/miniprogram/wx_minium.py", line 878, in _instantiate_app
    self._get_system_info()
    ~~~~~~~~~~~~~~~~~~~~~^^
  File "/opt/anaconda3/lib/python3.13/site-packages/minium/miniprogram/wx_minium.py", line 533, in _get_system_info
    system_info = self.get_system_info()
  File "/opt/anaconda3/lib/python3.13/site-packages/minium/miniprogram/base_driver/minium_log.py", line 148, in wrapper
    result = func(*args, **kwargs)
  File "/opt/anaconda3/lib/python3.13/site-packages/minium/miniprogram/wx_minium.py", line 909, in get_system_info
    self._call_wx_method("getSystemInfoSync")
    ~~~~~~~~~~~~~~~~~~~~^^^^^^^^^^^^^^^^^^^^^
  File "/opt/anaconda3/lib/python3.13/site-packages/minium/miniprogram/base_driver/minium_object.py", line 162, in _call_wx_method
    return self.connection.send("App.callWxMethod", params)
           ~~~~~~~~~~~~~~~~~~~~^^^^^^^^^^^^^^^^^^^^^^^^^^^^
  File "/opt/anaconda3/lib/python3.13/site-packages/minium/miniprogram/base_driver/connection.py", line 457, in send
    return self._receive_response(cmd)
           ~~~~~~~~~~~~~~~~~~~~~~^^^^^
  File "/opt/anaconda3/lib/python3.13/site-packages/minium/miniprogram/base_driver/connection.py", line 498, in _receive_response
    raise MiniTimeoutCauseByConnectionBreakError(
        f"[{cmd.id}][{cmd.desc}] command timeout cause by {cmd.reason}"
    )
minium.framework.exception.MiniTimeoutCauseByConnectionBreakError: [20827b45-5a6e-4127-85a5-e08fbecfdb1b][call App.callWxMethod] command timeout cause by connection error: Connection to remote host was lost.

During handling of the above exception, another exception occurred:

Traceback (most recent call last):
  File "/opt/anaconda3/lib/python3.13/site-packages/minium/miniprogram/wx_minium.py", line 793, in launch_dev_tool
    self.connect_dev_tool(is_port_in_use)
    ~~~~~~~~~~~~~~~~~~~~~^^^^^^^^^^^^^^^^
  File "/opt/anaconda3/lib/python3.13/site-packages/minium/miniprogram/base_driver/minium_log.py", line 148, in wrapper
    result = func(*args, **kwargs)
  File "/opt/anaconda3/lib/python3.13/site-packages/minium/miniprogram/wx_minium.py", line 851, in connect_dev_tool
    raise MiniConnectError(
        "three times try to connect Dev tool has all fail ..."
    )
minium.framework.exception.MiniConnectError: three times try to connect Dev tool has all fail ...

During handling of the above exception, another exception occurred:

Traceback (most recent call last):
  File "/opt/anaconda3/lib/python3.13/site-packages/minium/miniprogram/wx_minium.py", line 841, in connect_dev_tool
    self._instantiate_app(not self.start_cmd or should_relaunch)
    ~~~~~~~~~~~~~~~~~~~~~^^^^^^^^^^^^^^^^^^^^^^^^^^^^^^^^^^^^^^^
  File "/opt/anaconda3/lib/python3.13/site-packages/minium/miniprogram/wx_minium.py", line 878, in _instantiate_app
    self._get_system_info()
    ~~~~~~~~~~~~~~~~~~~~~^^
  File "/opt/anaconda3/lib/python3.13/site-packages/minium/miniprogram/wx_minium.py", line 533, in _get_system_info
    system_info = self.get_system_info()
  File "/opt/anaconda3/lib/python3.13/site-packages/minium/miniprogram/base_driver/minium_log.py", line 148, in wrapper
    result = func(*args, **kwargs)
  File "/opt/anaconda3/lib/python3.13/site-packages/minium/miniprogram/wx_minium.py", line 909, in get_system_info
    self._call_wx_method("getSystemInfoSync")
    ~~~~~~~~~~~~~~~~~~~~^^^^^^^^^^^^^^^^^^^^^
  File "/opt/anaconda3/lib/python3.13/site-packages/minium/miniprogram/base_driver/minium_object.py", line 162, in _call_wx_method
    return self.connection.send("App.callWxMethod", params)
           ~~~~~~~~~~~~~~~~~~~~^^^^^^^^^^^^^^^^^^^^^^^^^^^^
  File "/opt/anaconda3/lib/python3.13/site-packages/minium/miniprogram/base_driver/connection.py", line 457, in send
    return self._receive_response(cmd)
           ~~~~~~~~~~~~~~~~~~~~~~^^^^^
  File "/opt/anaconda3/lib/python3.13/site-packages/minium/miniprogram/base_driver/connection.py", line 498, in _receive_response
    raise MiniTimeoutCauseByConnectionBreakError(
        f"[{cmd.id}][{cmd.desc}] command timeout cause by {cmd.reason}"
    )
minium.framework.exception.MiniTimeoutCauseByConnectionBreakError: [44235c46-0baf-4edd-8528-3b59340933b3][call App.callWxMethod] command timeout cause by connection error: Connection to remote host was lost.
[I 2026-06-02 12:19:40,099 minium wx_minium#835 connect_dev_tool] Trying to connect Dev tool ...
[I 2026-06-02 12:19:40,166 minium.Conn6928 connection#352 _connect] connect to WebChatTools successfully
[E 2026-06-02 12:19:40,167 minium.Conn7840 connection#739 destroy] 断开连接
[I 2026-06-02 12:19:40,170 minium.Conn7840 connection#377 _ws_run_forever] websocket run forever shutdown
[I 2026-06-02 12:19:40,248 minium wx_minium#893 _instantiate_app] new app instanst <minium.miniprogram.base_driver.app.App object at 0x103189010>, whether should relaunch: False
[I 2026-06-02 12:19:40,249 minium basenative#59 wrapper] call IdeNative.send
[W 2026-06-02 12:19:40,251 minium idenative#77 _send] handle clickCoverView error: clickCoverView failed
[I 2026-06-02 12:19:40,251 minium basenative#63 wrapper] call IdeNative.send end False
[I 2026-06-02 12:19:40,920 minium minitest#218 init_miniprogram] end init miniprogram
[I 2026-06-02 12:19:40,924 minium minitest#432 _miniSetUp] =========Current case: test_01_homepage=========
[I 2026-06-02 12:19:40,924 minium minitest#435 _miniSetUp] package info: .Users.haha.greatMan.projects.wechat-mini.2026-04-26-family-party-games.tests.test_gesture_final, case info: GestureGuessTest.test_01_homepage
[I 2026-06-02 12:19:40,924 minium basenative#59 wrapper] call BaseNative.check_connection
[I 2026-06-02 12:19:40,924 minium basenative#63 wrapper] call BaseNative.check_connection end True
[I 2026-06-02 12:19:40,925 minium minitest#897 capture] capture setup.png
[I 2026-06-02 12:19:43,865 minium wx_minium#571 _app_initialized_callback] receive App.initialized
[I 2026-06-02 12:19:43,866 minium wx_minium#579 _relaunch] start instantiate app 6354481152
[I 2026-06-02 12:19:43,877 minium.App8688 app#545 release] release app <minium.miniprogram.base_driver.app.App object at 0x103189010>
[I 2026-06-02 12:19:43,913 minium wx_minium#893 _instantiate_app] new app instanst <minium.miniprogram.base_driver.app.App object at 0x1031034d0>, whether should relaunch: False
[I 2026-06-02 12:19:44,197 minium wx_minium#608 _relaunch] end instantiate app, cost: 0.33102893829345703
[W 2026-06-02 12:20:40,932 minium.App8688 app#682 screen_shot] 截图指令响应失败, 可能因为开发者工具不在前台导致
[W 2026-06-02 12:20:40,933 minium minitest#929 capture] /Users/haha/greatMan/projects/wechat-mini/2026-04-26-family-party-games/outputs/20260602121508/test_01_homepage/20260602121940920876/images/setup.png not exists
[I 2026-06-02 12:20:40,933 minium minitest#487 _miniSetUp] =========case: test_01_homepage start=========
[I 2026-06-02 12:20:40,934 minium minitest#788 _callTestMethod] call test method
[I 2026-06-02 12:20:41,943 minium page#716 _get_elements_by_css] try to get elements: text
[I 2026-06-02 12:20:41,954 minium page#749 _get_elements_by_css] find elements success: [<minium.miniprogram.base_driver.element.BaseElement object at 0x1030af8c0>, <minium.miniprogram.base_driver.element.BaseElement object at 0x103101a90>, <minium.miniprogram.base_driver.element.BaseElement object at 0x103103250>, <minium.miniprogram.base_driver.element.BaseElement object at 0x103165cd0>, <minium.miniprogram.base_driver.element.BaseElement object at 0x103165e00>, <minium.miniprogram.base_driver.element.BaseElement object at 0x10313e9f0>, <minium.miniprogram.base_driver.element.BaseElement object at 0x1030d7240>, <minium.miniprogram.base_driver.element.BaseElement object at 0x1030d7680>, <minium.miniprogram.base_driver.element.BaseElement object at 0x103126650>, <minium.miniprogram.base_driver.element.BaseElement object at 0x103126850>, <minium.miniprogram.base_driver.element.BaseElement object at 0x1031376b0>, <minium.miniprogram.base_driver.element.BaseElement object at 0x103136f30>, <minium.miniprogram.base_driver.element.BaseElement object at 0x103133850>, <minium.miniprogram.base_driver.element.BaseElement object at 0x1031f09f0>, <minium.miniprogram.base_driver.element.BaseElement object at 0x103162dd0>, <minium.miniprogram.base_driver.element.BaseElement object at 0x10317d550>, <minium.miniprogram.base_driver.element.BaseElement object at 0x10317c1d0>, <minium.miniprogram.base_driver.element.BaseElement object at 0x102f3bc20>]
[E 2026-06-02 12:20:42,043 minium minitest#793 _callTestMethod] test exception
Traceback (most recent call last):
  File "/opt/anaconda3/lib/python3.13/site-packages/minium/framework/minitest.py", line 789, in _callTestMethod
    method()
    ~~~~~~^^
  File "/Users/haha/greatMan/projects/wechat-mini/2026-04-26-family-party-games/tests/test_gesture_final.py", line 110, in test_01_homepage
    self.fail("游戏卡片未找到")
    ~~~~~~~~~^^^^^^^^^^^^^^^^^^
  File "/opt/anaconda3/lib/python3.13/unittest/case.py", line 732, in fail
    raise self.failureException(msg)
AssertionError: 游戏卡片未找到
[I 2026-06-02 12:20:42,084 minium minitest#796 _callTestMethod] end test method
[I 2026-06-02 12:20:42,100 minium minitest#897 capture] capture teardown.png
[I 2026-06-02 12:20:42,220 minium basenative#59 wrapper] call BaseNative.get_start_up
[I 2026-06-02 12:20:42,220 minium basenative#63 wrapper] call BaseNative.get_start_up end 
[E 2026-06-02 12:20:42,221 minium assertbase#390 _get_stack_info] <bound method GestureGuessTest.test_01_homepage of <__main__.GestureGuessTest testMethod=test_01_homepage>>
Traceback (most recent call last):
  File "/opt/anaconda3/lib/python3.13/site-packages/minium/framework/libs/unittest/case.py", line 43, in testPartExecutor
    yield
  File "/opt/anaconda3/lib/python3.13/site-packages/minium/framework/libs/unittest/case.py", line 125, in run
    self._callTestMethod(testMethod)
    ~~~~~~~~~~~~~~~~~~~~^^^^^^^^^^^^
  File "/opt/anaconda3/lib/python3.13/site-packages/minium/framework/minitest.py", line 789, in _callTestMethod
    method()
    ~~~~~~^^
  File "/Users/haha/greatMan/projects/wechat-mini/2026-04-26-family-party-games/tests/test_gesture_final.py", line 110, in test_01_homepage
    self.fail("游戏卡片未找到")
    ~~~~~~~~~^^^^^^^^^^^^^^^^^^
AssertionError: 游戏卡片未找到
[W 2026-06-02 12:20:42,222 minium assertbase#354 _log_info_when_error] config: {'debug': False, 'base_dir': '/Users/haha/greatMan/projects/wechat-mini/2026-04-26-family-party-games', 'platform': 'ide', 'app': 'wx', 'debug_mode': 'info', 'close_ide': False, 'auto_capture': 'auto', 'check_mp_foreground': False, 'auto_relaunch': False, 'device_desire': {}, 'account_info': {}, 'report_usage': True, 'remote_connect_timeout': 180, 'request_timeout': 60, 'use_push': True, 'full_reset': False, 'outputs': './outputs', 'enable_app_log': False, 'enable_network_panel': False, 'project_path': '/Users/haha/greatMan/projects/wechat-mini/2026-04-26-family-party-games', 'dev_tool_path': '/Applications/wechatwebdevtools.app/Contents/MacOS/cli', 'test_port': 20034, 'mock_native_modal': {}, 'mock_request': [], 'auto_authorize': False, 'audits': None, 'teardown_snapshot': False, 'mock_images_dir': '', 'mock_images': {}, 'need_perf': False, 'appid': None, 'enable_h5': True, 'autofix': False, 'cloud_env_id': 'cloud1-d9g01no7m292bc511-d5e875d', 'framework_capture': True, 'error_capture': False, 'assert_capture': True, 'create_time': '20260602121508', 'case_output': './outputs/20260602121508/test_01_homepage/20260602121940920876'}
[W 2026-06-02 12:20:42,222 minium assertbase#355 _log_info_when_error] build info: {'version': '1.6.0', 'revision': '33ce5b50b34ec18c51c054a7cc1bdfb3ab0a451b', 'branch': 'master', 'update_at': '2024-10-09 21:08:56'}
[W 2026-06-02 12:20:42,222 minium minitest#1029 _log_info_when_error] mini: 基础库3.15.2, 开发者工具2.01.2510290
[W 2026-06-02 12:20:42,222 minium minitest#1031 _log_info_when_error] native: <minium.native.wx_native.idenative.IdeNative object at 0x103188830>
[W 2026-06-02 12:20:42,229 minium minitest#825 run] 第1次重试
[I 2026-06-02 12:20:42,230 minium minitest#432 _miniSetUp] =========Current case: test_01_homepage=========
[W 2026-06-02 12:20:42,230 minium minitest#434 _miniSetUp] 第1次重试
[I 2026-06-02 12:20:42,230 minium minitest#435 _miniSetUp] package info: .Users.haha.greatMan.projects.wechat-mini.2026-04-26-family-party-games.tests.test_gesture_final, case info: GestureGuessTest.test_01_homepage
[I 2026-06-02 12:20:42,230 minium basenative#59 wrapper] call BaseNative.check_connection
[I 2026-06-02 12:20:42,230 minium basenative#63 wrapper] call BaseNative.check_connection end True
[I 2026-06-02 12:20:42,236 minium minitest#897 capture] capture setup.png
[I 2026-06-02 12:20:42,317 minium minitest#487 _miniSetUp] =========case: test_01_homepage start=========
[I 2026-06-02 12:20:42,317 minium minitest#788 _callTestMethod] call test method
[I 2026-06-02 12:20:43,327 minium page#716 _get_elements_by_css] try to get elements: text
[I 2026-06-02 12:20:45,919 minium wx_minium#571 _app_initialized_callback] receive App.initialized
[I 2026-06-02 12:20:45,920 minium wx_minium#579 _relaunch] start instantiate app 6353907712
[E 2026-06-02 12:20:45,921 minium.Conn6928 connection#668 __on_message] [3f5eb12c-c7ac-4e7c-93cf-0628ba104552]: page destroyed
[I 2026-06-02 12:20:45,927 minium page#716 _get_elements_by_css] try to get elements: text
[I 2026-06-02 12:20:45,929 minium.App1040 app#545 release] release app <minium.miniprogram.base_driver.app.App object at 0x1031034d0>
[I 2026-06-02 12:20:45,934 minium page#749 _get_elements_by_css] find elements success: [<minium.miniprogram.base_driver.element.BaseElement object at 0x1032094f0>, <minium.miniprogram.base_driver.element.BaseElement object at 0x1031d6cb0>, <minium.miniprogram.base_driver.element.BaseElement object at 0x1031d4cd0>, <minium.miniprogram.base_driver.element.BaseElement object at 0x1031d56d0>, <minium.miniprogram.base_driver.element.BaseElement object at 0x1032447d0>, <minium.miniprogram.base_driver.element.BaseElement object at 0x103244cd0>, <minium.miniprogram.base_driver.element.BaseElement object at 0x103244c30>, <minium.miniprogram.base_driver.element.BaseElement object at 0x103244eb0>, <minium.miniprogram.base_driver.element.BaseElement object at 0x103244d70>, <minium.miniprogram.base_driver.element.BaseElement object at 0x103244e10>, <minium.miniprogram.base_driver.element.BaseElement object at 0x103244b90>, <minium.miniprogram.base_driver.element.BaseElement object at 0x103244f50>, <minium.miniprogram.base_driver.element.BaseElement object at 0x103244ff0>, <minium.miniprogram.base_driver.element.BaseElement object at 0x103245090>, <minium.miniprogram.base_driver.element.BaseElement object at 0x103245130>, <minium.miniprogram.base_driver.element.BaseElement object at 0x1032451d0>, <minium.miniprogram.base_driver.element.BaseElement object at 0x103245270>, <minium.miniprogram.base_driver.element.BaseElement object at 0x103245310>]
[I 2026-06-02 12:20:45,964 minium wx_minium#893 _instantiate_app] new app instanst <minium.miniprogram.base_driver.app.App object at 0x103250050>, whether should relaunch: False
[E 2026-06-02 12:20:45,992 minium minitest#793 _callTestMethod] test exception
Traceback (most recent call last):
  File "/opt/anaconda3/lib/python3.13/site-packages/minium/framework/minitest.py", line 789, in _callTestMethod
    method()
    ~~~~~~^^
  File "/Users/haha/greatMan/projects/wechat-mini/2026-04-26-family-party-games/tests/test_gesture_final.py", line 110, in test_01_homepage
    self.fail("游戏卡片未找到")
    ~~~~~~~~~^^^^^^^^^^^^^^^^^^
  File "/opt/anaconda3/lib/python3.13/unittest/case.py", line 732, in fail
    raise self.failureException(msg)
AssertionError: 游戏卡片未找到
[I 2026-06-02 12:20:45,993 minium minitest#796 _callTestMethod] end test method
[I 2026-06-02 12:20:45,994 minium minitest#897 capture] capture teardown.png
[I 2026-06-02 12:20:46,073 minium basenative#59 wrapper] call BaseNative.get_start_up
[I 2026-06-02 12:20:46,073 minium basenative#63 wrapper] call BaseNative.get_start_up end 
[E 2026-06-02 12:20:46,076 minium assertbase#390 _get_stack_info] <bound method GestureGuessTest.test_01_homepage of <__main__.GestureGuessTest testMethod=test_01_homepage>>
Traceback (most recent call last):
  File "/opt/anaconda3/lib/python3.13/site-packages/minium/framework/libs/unittest/case.py", line 43, in testPartExecutor
    yield
  File "/opt/anaconda3/lib/python3.13/site-packages/minium/framework/libs/unittest/case.py", line 125, in run
    self._callTestMethod(testMethod)
    ~~~~~~~~~~~~~~~~~~~~^^^^^^^^^^^^
  File "/opt/anaconda3/lib/python3.13/site-packages/minium/framework/minitest.py", line 789, in _callTestMethod
    method()
    ~~~~~~^^
  File "/Users/haha/greatMan/projects/wechat-mini/2026-04-26-family-party-games/tests/test_gesture_final.py", line 110, in test_01_homepage
    self.fail("游戏卡片未找到")
    ~~~~~~~~~^^^^^^^^^^^^^^^^^^
AssertionError: 游戏卡片未找到
[W 2026-06-02 12:20:46,076 minium assertbase#354 _log_info_when_error] config: {'debug': False, 'base_dir': '/Users/haha/greatMan/projects/wechat-mini/2026-04-26-family-party-games', 'platform': 'ide', 'app': 'wx', 'debug_mode': 'info', 'close_ide': False, 'auto_capture': 'auto', 'check_mp_foreground': False, 'auto_relaunch': False, 'device_desire': {}, 'account_info': {}, 'report_usage': True, 'remote_connect_timeout': 180, 'request_timeout': 60, 'use_push': True, 'full_reset': False, 'outputs': './outputs', 'enable_app_log': False, 'enable_network_panel': False, 'project_path': '/Users/haha/greatMan/projects/wechat-mini/2026-04-26-family-party-games', 'dev_tool_path': '/Applications/wechatwebdevtools.app/Contents/MacOS/cli', 'test_port': 20034, 'mock_native_modal': {}, 'mock_request': [], 'auto_authorize': False, 'audits': None, 'teardown_snapshot': False, 'mock_images_dir': '', 'mock_images': {}, 'need_perf': False, 'appid': None, 'enable_h5': True, 'autofix': False, 'cloud_env_id': 'cloud1-d9g01no7m292bc511-d5e875d', 'framework_capture': True, 'error_capture': False, 'assert_capture': True, 'create_time': '20260602121508', 'case_output': './outputs/20260602121508/test_01_homepage/20260602122042229393'}
[W 2026-06-02 12:20:46,076 minium assertbase#355 _log_info_when_error] build info: {'version': '1.6.0', 'revision': '33ce5b50b34ec18c51c054a7cc1bdfb3ab0a451b', 'branch': 'master', 'update_at': '2024-10-09 21:08:56'}
[W 2026-06-02 12:20:46,076 minium minitest#1029 _log_info_when_error] mini: 基础库3.15.2, 开发者工具2.01.2510290
[W 2026-06-02 12:20:46,076 minium minitest#1031 _log_info_when_error] native: <minium.native.wx_native.idenative.IdeNative object at 0x103188830>
[I 2026-06-02 12:20:46,091 minium minitest#432 _miniSetUp] =========Current case: test_02_click_game=========
[I 2026-06-02 12:20:46,091 minium minitest#435 _miniSetUp] package info: .Users.haha.greatMan.projects.wechat-mini.2026-04-26-family-party-games.tests.test_gesture_final, case info: GestureGuessTest.test_02_click_game
[I 2026-06-02 12:20:46,091 minium basenative#59 wrapper] call BaseNative.check_connection
[I 2026-06-02 12:20:46,091 minium basenative#63 wrapper] call BaseNative.check_connection end True
[W 2026-06-02 12:20:46,092 minium minitest#379 _check_debug_connection] app is relaunching, wait for it
[W 2026-06-02 12:20:46,092 minium wx_minium#1145 wait_app_relaunch] app is relaunching, wait 291.78557109832764 seconds for it
[I 2026-06-02 12:20:48,583 minium wx_minium#571 _app_initialized_callback] receive App.initialized
[I 2026-06-02 12:20:48,584 minium wx_minium#576 _relaunch] other thread relaunching app
[E 2026-06-02 12:21:45,981 minium wx_minium#606 _relaunch] [c0f82e35-effa-4d83-992f-215fcd968ea7][call App.callWxMethod] receive from remote timeout
Traceback (most recent call last):
  File "/opt/anaconda3/lib/python3.13/site-packages/minium/miniprogram/wx_minium.py", line 604, in _relaunch
    self._inject()
    ~~~~~~~~~~~~^^
  File "/opt/anaconda3/lib/python3.13/site-packages/minium/miniprogram/wx_minium.py", line 359, in _inject
    self.app.call_wx_method("getSetting")
    ~~~~~~~~~~~~~~~~~~~~~~~^^^^^^^^^^^^^^
  File "/opt/anaconda3/lib/python3.13/site-packages/minium/miniprogram/base_driver/minium_log.py", line 148, in wrapper
    result = func(*args, **kwargs)
  File "/opt/anaconda3/lib/python3.13/site-packages/minium/miniprogram/base_driver/app.py", line 757, in call_wx_method
    return self._call_wx_method(method=method, args=args, plugin_appid=plugin_appid)
           ~~~~~~~~~~~~~~~~~~~~^^^^^^^^^^^^^^^^^^^^^^^^^^^^^^^^^^^^^^^^^^^^^^^^^^^^^
  File "/opt/anaconda3/lib/python3.13/site-packages/minium/miniprogram/base_driver/minium_object.py", line 162, in _call_wx_method
    return self.connection.send("App.callWxMethod", params)
           ~~~~~~~~~~~~~~~~~~~~^^^^^^^^^^^^^^^^^^^^^^^^^^^^
  File "/opt/anaconda3/lib/python3.13/site-packages/minium/miniprogram/base_driver/connection.py", line 457, in send
    return self._receive_response(cmd)
           ~~~~~~~~~~~~~~~~~~~~~~^^^^^
  File "/opt/anaconda3/lib/python3.13/site-packages/minium/miniprogram/base_driver/connection.py", line 501, in _receive_response
    raise MiniTimeoutError(
        f"[{cmd.id}][{cmd.desc}] receive from remote timeout"
    )
minium.framework.exception.MiniTimeoutError: [c0f82e35-effa-4d83-992f-215fcd968ea7][call App.callWxMethod] receive from remote timeout
[I 2026-06-02 12:21:45,985 minium wx_minium#608 _relaunch] end instantiate app, cost: 60.06528997421265
[W 2026-06-02 12:21:45,985 minium wx_minium#1152 wait_app_relaunch] app is relaunch complete
[I 2026-06-02 12:21:45,988 minium minitest#897 capture] capture setup.png
[I 2026-06-02 12:21:46,075 minium minitest#487 _miniSetUp] =========case: test_02_click_game start=========
[I 2026-06-02 12:21:46,075 minium minitest#788 _callTestMethod] call test method
[I 2026-06-02 12:21:46,075 minium page#716 _get_elements_by_css] try to get elements: view
[E 2026-06-02 12:21:46,077 minium.Conn6928 connection#668 __on_message] [1b1f1033-9895-4492-af0b-36361fdbe12c]: page destroyed
[I 2026-06-02 12:21:46,080 minium page#716 _get_elements_by_css] try to get elements: view
[I 2026-06-02 12:21:46,088 minium page#749 _get_elements_by_css] find elements success: [<minium.miniprogram.base_driver.element.BaseElement object at 0x103247b10>, <minium.miniprogram.base_driver.element.BaseElement object at 0x103247cf0>, <minium.miniprogram.base_driver.element.BaseElement object at 0x103247c50>, <minium.miniprogram.base_driver.element.BaseElement object at 0x103247ed0>, <minium.miniprogram.base_driver.element.BaseElement object at 0x103247d90>, <minium.miniprogram.base_driver.element.BaseElement object at 0x103247e30>, <minium.miniprogram.base_driver.element.BaseElement object at 0x103247bb0>, <minium.miniprogram.base_driver.element.BaseElement object at 0x103247f70>, <minium.miniprogram.base_driver.element.BaseElement object at 0x103290050>, <minium.miniprogram.base_driver.element.BaseElement object at 0x1032900f0>, <minium.miniprogram.base_driver.element.BaseElement object at 0x103290190>, <minium.miniprogram.base_driver.element.BaseElement object at 0x103290230>, <minium.miniprogram.base_driver.element.BaseElement object at 0x1032902d0>, <minium.miniprogram.base_driver.element.BaseElement object at 0x103290370>, <minium.miniprogram.base_driver.element.BaseElement object at 0x103290410>, <minium.miniprogram.base_driver.element.BaseElement object at 0x1032904b0>, <minium.miniprogram.base_driver.element.BaseElement object at 0x103290550>, <minium.miniprogram.base_driver.element.BaseElement object at 0x1032905f0>, <minium.miniprogram.base_driver.element.BaseElement object at 0x103290690>, <minium.miniprogram.base_driver.element.BaseElement object at 0x103290730>, <minium.miniprogram.base_driver.element.BaseElement object at 0x1032907d0>, <minium.miniprogram.base_driver.element.BaseElement object at 0x103290870>, <minium.miniprogram.base_driver.element.BaseElement object at 0x103290910>, <minium.miniprogram.base_driver.element.BaseElement object at 0x1032909b0>, <minium.miniprogram.base_driver.element.BaseElement object at 0x103290a50>, <minium.miniprogram.base_driver.element.BaseElement object at 0x103290af0>, <minium.miniprogram.base_driver.element.BaseElement object at 0x103290b90>, <minium.miniprogram.base_driver.element.BaseElement object at 0x103290c30>, <minium.miniprogram.base_driver.element.BaseElement object at 0x103290cd0>, <minium.miniprogram.base_driver.element.BaseElement object at 0x103290d70>, <minium.miniprogram.base_driver.element.BaseElement object at 0x103290e10>, <minium.miniprogram.base_driver.element.BaseElement object at 0x103290eb0>, <minium.miniprogram.base_driver.element.BaseElement object at 0x103290f50>, <minium.miniprogram.base_driver.element.BaseElement object at 0x103290ff0>, <minium.miniprogram.base_driver.element.BaseElement object at 0x103291090>, <minium.miniprogram.base_driver.element.BaseElement object at 0x103291130>, <minium.miniprogram.base_driver.element.BaseElement object at 0x1032911d0>, <minium.miniprogram.base_driver.element.BaseElement object at 0x103291270>, <minium.miniprogram.base_driver.element.BaseElement object at 0x103291310>, <minium.miniprogram.base_driver.element.BaseElement object at 0x1032913b0>, <minium.miniprogram.base_driver.element.BaseElement object at 0x103291450>, <minium.miniprogram.base_driver.element.BaseElement object at 0x1032914f0>, <minium.miniprogram.base_driver.element.BaseElement object at 0x103291590>, <minium.miniprogram.base_driver.element.BaseElement object at 0x103291630>, <minium.miniprogram.base_driver.element.BaseElement object at 0x1032916d0>, <minium.miniprogram.base_driver.element.BaseElement object at 0x103291770>, <minium.miniprogram.base_driver.element.BaseElement object at 0x103291810>, <minium.miniprogram.base_driver.element.BaseElement object at 0x1032918b0>, <minium.miniprogram.base_driver.element.BaseElement object at 0x103291950>, <minium.miniprogram.base_driver.element.BaseElement object at 0x1032919f0>, <minium.miniprogram.base_driver.element.BaseElement object at 0x103291a90>, <minium.miniprogram.base_driver.element.BaseElement object at 0x103291b30>, <minium.miniprogram.base_driver.element.BaseElement object at 0x103291bd0>, <minium.miniprogram.base_driver.element.BaseElement object at 0x103291c70>, <minium.miniprogram.base_driver.element.BaseElement object at 0x103291d10>, <minium.miniprogram.base_driver.element.BaseElement object at 0x103291db0>, <minium.miniprogram.base_driver.element.BaseElement object at 0x103291e50>, <minium.miniprogram.base_driver.element.BaseElement object at 0x103291ef0>, <minium.miniprogram.base_driver.element.BaseElement object at 0x103291f90>, <minium.miniprogram.base_driver.element.BaseElement object at 0x103292030>, <minium.miniprogram.base_driver.element.BaseElement object at 0x1032920d0>, <minium.miniprogram.base_driver.element.BaseElement object at 0x103292170>, <minium.miniprogram.base_driver.element.BaseElement object at 0x103292210>, <minium.miniprogram.base_driver.element.BaseElement object at 0x1032922b0>, <minium.miniprogram.base_driver.element.BaseElement object at 0x103292350>, <minium.miniprogram.base_driver.element.BaseElement object at 0x1032923f0>, <minium.miniprogram.base_driver.element.BaseElement object at 0x103292490>, <minium.miniprogram.base_driver.element.BaseElement object at 0x103292530>, <minium.miniprogram.base_driver.element.BaseElement object at 0x1032925d0>, <minium.miniprogram.base_driver.element.BaseElement object at 0x103292670>, <minium.miniprogram.base_driver.element.BaseElement object at 0x103292710>, <minium.miniprogram.base_driver.element.BaseElement object at 0x1032927b0>, <minium.miniprogram.base_driver.element.BaseElement object at 0x103292850>, <minium.miniprogram.base_driver.element.BaseElement object at 0x1032928f0>, <minium.miniprogram.base_driver.element.BaseElement object at 0x103292990>, <minium.miniprogram.base_driver.element.BaseElement object at 0x103292a30>, <minium.miniprogram.base_driver.element.BaseElement object at 0x103292ad0>, <minium.miniprogram.base_driver.element.BaseElement object at 0x103292b70>, <minium.miniprogram.base_driver.element.BaseElement object at 0x103292c10>, <minium.miniprogram.base_driver.element.BaseElement object at 0x103292cb0>, <minium.miniprogram.base_driver.element.BaseElement object at 0x103292d50>, <minium.miniprogram.base_driver.element.BaseElement object at 0x103292df0>, <minium.miniprogram.base_driver.element.BaseElement object at 0x103292e90>, <minium.miniprogram.base_driver.element.BaseElement object at 0x103292f30>, <minium.miniprogram.base_driver.element.BaseElement object at 0x103292fd0>, <minium.miniprogram.base_driver.element.BaseElement object at 0x103293070>, <minium.miniprogram.base_driver.element.BaseElement object at 0x103293110>, <minium.miniprogram.base_driver.element.BaseElement object at 0x1032931b0>, <minium.miniprogram.base_driver.element.BaseElement object at 0x103293250>, <minium.miniprogram.base_driver.element.BaseElement object at 0x1032932f0>, <minium.miniprogram.base_driver.element.BaseElement object at 0x103293390>, <minium.miniprogram.base_driver.element.BaseElement object at 0x103293430>, <minium.miniprogram.base_driver.element.BaseElement object at 0x1032934d0>, <minium.miniprogram.base_driver.element.BaseElement object at 0x103293570>, <minium.miniprogram.base_driver.element.BaseElement object at 0x103293610>, <minium.miniprogram.base_driver.element.BaseElement object at 0x1032936b0>, <minium.miniprogram.base_driver.element.BaseElement object at 0x103293750>, <minium.miniprogram.base_driver.element.BaseElement object at 0x1032937f0>, <minium.miniprogram.base_driver.element.BaseElement object at 0x103293890>, <minium.miniprogram.base_driver.element.BaseElement object at 0x103293930>, <minium.miniprogram.base_driver.element.BaseElement object at 0x1032939d0>, <minium.miniprogram.base_driver.element.BaseElement object at 0x103293a70>, <minium.miniprogram.base_driver.element.BaseElement object at 0x103293b10>, <minium.miniprogram.base_driver.element.BaseElement object at 0x103293bb0>, <minium.miniprogram.base_driver.element.BaseElement object at 0x103293c50>, <minium.miniprogram.base_driver.element.BaseElement object at 0x103293cf0>, <minium.miniprogram.base_driver.element.BaseElement object at 0x103293d90>, <minium.miniprogram.base_driver.element.BaseElement object at 0x103293e30>, <minium.miniprogram.base_driver.element.BaseElement object at 0x103293ed0>, <minium.miniprogram.base_driver.element.BaseElement object at 0x103293f70>, <minium.miniprogram.base_driver.element.BaseElement object at 0x103298050>, <minium.miniprogram.base_driver.element.BaseElement object at 0x1032980f0>, <minium.miniprogram.base_driver.element.BaseElement object at 0x103298190>, <minium.miniprogram.base_driver.element.BaseElement object at 0x103298230>, <minium.miniprogram.base_driver.element.BaseElement object at 0x1032982d0>, <minium.miniprogram.base_driver.element.BaseElement object at 0x103298370>, <minium.miniprogram.base_driver.element.BaseElement object at 0x103298410>, <minium.miniprogram.base_driver.element.BaseElement object at 0x1032984b0>, <minium.miniprogram.base_driver.element.BaseElement object at 0x103298550>, <minium.miniprogram.base_driver.element.BaseElement object at 0x1032985f0>, <minium.miniprogram.base_driver.element.BaseElement object at 0x103298690>, <minium.miniprogram.base_driver.element.BaseElement object at 0x103298730>, <minium.miniprogram.base_driver.element.BaseElement object at 0x1032987d0>, <minium.miniprogram.base_driver.element.BaseElement object at 0x103298870>, <minium.miniprogram.base_driver.element.BaseElement object at 0x103298910>, <minium.miniprogram.base_driver.element.BaseElement object at 0x1032989b0>, <minium.miniprogram.base_driver.element.BaseElement object at 0x103298a50>, <minium.miniprogram.base_driver.element.BaseElement object at 0x103298af0>, <minium.miniprogram.base_driver.element.BaseElement object at 0x103298b90>, <minium.miniprogram.base_driver.element.BaseElement object at 0x103298c30>, <minium.miniprogram.base_driver.element.BaseElement object at 0x103298cd0>, <minium.miniprogram.base_driver.element.BaseElement object at 0x103298d70>, <minium.miniprogram.base_driver.element.BaseElement object at 0x103298e10>, <minium.miniprogram.base_driver.element.BaseElement object at 0x103298eb0>, <minium.miniprogram.base_driver.element.BaseElement object at 0x103298f50>, <minium.miniprogram.base_driver.element.BaseElement object at 0x103298ff0>, <minium.miniprogram.base_driver.element.BaseElement object at 0x103299090>, <minium.miniprogram.base_driver.element.BaseElement object at 0x103299130>, <minium.miniprogram.base_driver.element.BaseElement object at 0x1032991d0>, <minium.miniprogram.base_driver.element.BaseElement object at 0x103299270>, <minium.miniprogram.base_driver.element.BaseElement object at 0x103299310>, <minium.miniprogram.base_driver.element.BaseElement object at 0x1032993b0>, <minium.miniprogram.base_driver.element.BaseElement object at 0x103299450>, <minium.miniprogram.base_driver.element.BaseElement object at 0x1032994f0>, <minium.miniprogram.base_driver.element.BaseElement object at 0x103299590>, <minium.miniprogram.base_driver.element.BaseElement object at 0x103299630>, <minium.miniprogram.base_driver.element.BaseElement object at 0x1032996d0>, <minium.miniprogram.base_driver.element.BaseElement object at 0x103299770>, <minium.miniprogram.base_driver.element.BaseElement object at 0x103299810>, <minium.miniprogram.base_driver.element.BaseElement object at 0x1032998b0>, <minium.miniprogram.base_driver.element.BaseElement object at 0x103299950>, <minium.miniprogram.base_driver.element.BaseElement object at 0x1032999f0>, <minium.miniprogram.base_driver.element.BaseElement object at 0x103299a90>, <minium.miniprogram.base_driver.element.BaseElement object at 0x103299b30>, <minium.miniprogram.base_driver.element.BaseElement object at 0x103299bd0>, <minium.miniprogram.base_driver.element.BaseElement object at 0x103299c70>, <minium.miniprogram.base_driver.element.BaseElement object at 0x103299d10>, <minium.miniprogram.base_driver.element.BaseElement object at 0x103299db0>, <minium.miniprogram.base_driver.element.BaseElement object at 0x103299e50>, <minium.miniprogram.base_driver.element.BaseElement object at 0x103299ef0>, <minium.miniprogram.base_driver.element.BaseElement object at 0x103299f90>, <minium.miniprogram.base_driver.element.BaseElement object at 0x10329a030>, <minium.miniprogram.base_driver.element.BaseElement object at 0x10329a0d0>, <minium.miniprogram.base_driver.element.BaseElement object at 0x10329a170>, <minium.miniprogram.base_driver.element.BaseElement object at 0x10329a210>]
[I 2026-06-02 12:21:49,011 minium wx_minium#571 _app_initialized_callback] receive App.initialized
[I 2026-06-02 12:21:49,011 minium wx_minium#579 _relaunch] start instantiate app 6353907712
[E 2026-06-02 12:21:49,011 minium.Conn6928 connection#668 __on_message] [b1084cc3-1fc8-47ec-a70c-62c7df63b6a9]: page destroyed
[E 2026-06-02 12:21:49,017 minium.Conn6928 connection#668 __on_message] [7c7cf22b-f501-4375-86b2-a4a40ceb00b8]: page destroyed
[E 2026-06-02 12:21:49,019 minium.Conn6928 connection#668 __on_message] [e98d8433-9621-4619-a3ed-801c0eb219c5]: page destroyed
[I 2026-06-02 12:21:49,022 minium.App3856 app#545 release] release app <minium.miniprogram.base_driver.app.App object at 0x103250050>
[E 2026-06-02 12:21:49,022 minium.Conn6928 connection#668 __on_message] [23a60a30-cfa0-49ba-af43-22a973249341]: page destroyed
[E 2026-06-02 12:21:49,024 minium.Conn6928 connection#668 __on_message] [d384eced-a6fb-4d94-beef-40972060a055]: page destroyed
[E 2026-06-02 12:21:49,026 minium.Conn6928 connection#668 __on_message] [1b950189-36a7-4e6c-ace1-a88ee2b35a2d]: page destroyed
[E 2026-06-02 12:21:49,028 minium.Conn6928 connection#668 __on_message] [a632a58a-6ddb-47a2-af26-5c20077ae657]: page destroyed
[E 2026-06-02 12:21:49,031 minium.Conn6928 connection#668 __on_message] [6c275425-9d2b-4343-af96-8c73ce8d64c0]: page destroyed
[E 2026-06-02 12:21:49,033 minium.Conn6928 connection#668 __on_message] [ab16e760-425b-4163-9c84-d189c9ba67dd]: page destroyed
[E 2026-06-02 12:21:49,036 minium.Conn6928 connection#668 __on_message] [f300986a-020b-4eae-b077-4eeec9501ff1]: page destroyed
[E 2026-06-02 12:21:49,053 minium.Conn6928 connection#668 __on_message] [5feebd7a-bc16-45e2-9dfb-6e795f19da3c]: page destroyed
[E 2026-06-02 12:21:49,056 minium.Conn6928 connection#668 __on_message] [2169f270-822e-4689-a37c-c179fac4a418]: page destroyed
[E 2026-06-02 12:21:49,058 minium.Conn6928 connection#668 __on_message] [32263575-a37b-4c16-ae2e-b5e398edca43]: page destroyed
[E 2026-06-02 12:21:49,059 minium.Conn6928 connection#668 __on_message] [7b503e19-fd6d-4ed4-8b01-a8cc4bd0e138]: page destroyed
[E 2026-06-02 12:21:49,063 minium.Conn6928 connection#668 __on_message] [aafafc62-87f1-42f3-a8a0-c3d33301bc4c]: page destroyed
[E 2026-06-02 12:21:49,065 minium.Conn6928 connection#668 __on_message] [17dea8dd-16c8-4b95-824a-9a9dbf8c1df9]: page destroyed
[E 2026-06-02 12:21:49,067 minium.Conn6928 connection#668 __on_message] [11fc3620-2192-4d3d-813e-412583ec8c2d]: page destroyed
[E 2026-06-02 12:21:49,068 minium.Conn6928 connection#668 __on_message] [0fc1854c-ec6e-4964-959a-d3692c697af4]: page destroyed
[E 2026-06-02 12:21:49,073 minium.Conn6928 connection#668 __on_message] [87499677-5a47-4590-977e-f024f0ceaab2]: page destroyed
[E 2026-06-02 12:21:49,075 minium.Conn6928 connection#668 __on_message] [6bf27bad-5772-4753-98fa-b4644641189c]: page destroyed
[E 2026-06-02 12:21:49,076 minium.Conn6928 connection#668 __on_message] [1caaac47-6324-4d2e-b9e3-e4cba82875fc]: page destroyed
[I 2026-06-02 12:21:49,078 minium wx_minium#893 _instantiate_app] new app instanst <minium.miniprogram.base_driver.app.App object at 0x103250a50>, whether should relaunch: False
[E 2026-06-02 12:21:49,078 minium.Conn6928 connection#668 __on_message] [b164a499-b53a-4e3d-ae18-c19023e3bfcd]: page destroyed
[E 2026-06-02 12:21:49,081 minium.Conn6928 connection#668 __on_message] [17c00b73-19b9-4329-8278-3533e43d7a06]: page destroyed
[E 2026-06-02 12:21:49,082 minium.Conn6928 connection#668 __on_message] [9a4e443e-bc28-497c-bbd5-f64f5204bb31]: page destroyed
[E 2026-06-02 12:21:49,084 minium.Conn6928 connection#668 __on_message] [d257518f-a783-413f-a06b-cec106fe2f06]: page destroyed
[E 2026-06-02 12:21:49,086 minium.Conn6928 connection#668 __on_message] [84fefc32-4ab6-48b8-b884-6ab257c51b0a]: page destroyed
[E 2026-06-02 12:21:49,089 minium.Conn6928 connection#668 __on_message] [773860fa-9572-4820-9f73-be698627dab4]: page destroyed
[E 2026-06-02 12:21:49,090 minium.Conn6928 connection#668 __on_message] [f626ea70-7939-450c-b304-0562f398b876]: page destroyed
[E 2026-06-02 12:21:49,092 minium.Conn6928 connection#668 __on_message] [dcbe294c-8ace-4068-a332-bf38c5af246f]: page destroyed
[E 2026-06-02 12:21:49,099 minium.Conn6928 connection#668 __on_message] [07025951-b899-4aef-a9d5-3e2d08946634]: page destroyed
[E 2026-06-02 12:21:49,100 minium.Conn6928 connection#668 __on_message] [b02e931c-c883-40ee-b234-148af49d1a28]: page destroyed
[E 2026-06-02 12:21:49,101 minium.Conn6928 connection#668 __on_message] [8d459fee-7912-4fd6-acbc-284803e7e3e2]: page destroyed
[E 2026-06-02 12:21:49,102 minium.Conn6928 connection#668 __on_message] [de6eac84-acf6-44b2-9355-2810247278c0]: page destroyed
[E 2026-06-02 12:21:49,104 minium.Conn6928 connection#668 __on_message] [203f6255-6996-41de-a546-8261eba536e3]: page destroyed
[E 2026-06-02 12:21:49,105 minium.Conn6928 connection#668 __on_message] [dbe63ee7-73a2-4340-982c-05203e51899a]: page destroyed
[E 2026-06-02 12:21:49,107 minium.Conn6928 connection#668 __on_message] [89302da9-55b7-42d3-b06d-3b16eb89a296]: page destroyed
[E 2026-06-02 12:21:49,111 minium.Conn6928 connection#668 __on_message] [5d2adf10-bf5e-4f95-a89d-45d42ac8d0d6]: page destroyed
[E 2026-06-02 12:21:49,116 minium.Conn6928 connection#668 __on_message] [4eab8b1f-93e6-4882-910c-a154fcfb32e1]: page destroyed
[E 2026-06-02 12:21:49,118 minium.Conn6928 connection#668 __on_message] [d24e10cc-702b-44df-bc17-c285ff260365]: page destroyed
[E 2026-06-02 12:21:49,119 minium.Conn6928 connection#668 __on_message] [ee802776-d85a-4f4d-8078-e9ce2741a712]: page destroyed
[E 2026-06-02 12:21:49,120 minium.Conn6928 connection#668 __on_message] [d029af2e-68dd-47de-acb4-f8d0a715479a]: page destroyed
[E 2026-06-02 12:21:49,121 minium.Conn6928 connection#668 __on_message] [bcdafec5-2a5c-4a91-8e6e-37b630146aa2]: page destroyed
[E 2026-06-02 12:21:49,122 minium.Conn6928 connection#668 __on_message] [e488853a-7e73-4a8a-9bc5-7e9e8619f3e9]: page destroyed
[E 2026-06-02 12:21:49,126 minium.Conn6928 connection#668 __on_message] [e295c9c5-99aa-4456-b17b-2e9c13ebeda8]: page destroyed
[E 2026-06-02 12:21:49,128 minium.Conn6928 connection#668 __on_message] [e769a844-8712-4e37-befc-392ffaf24097]: page destroyed
[E 2026-06-02 12:21:49,129 minium.Conn6928 connection#668 __on_message] [2bff6d79-f2bb-46c9-b968-c9525b261132]: page destroyed
[E 2026-06-02 12:21:49,130 minium.Conn6928 connection#668 __on_message] [9aedbe50-b3b2-4ee0-b601-cb2d9f50e6bb]: page destroyed
[E 2026-06-02 12:21:49,133 minium.Conn6928 connection#668 __on_message] [d02270ce-aaea-4336-b1cb-d13afb705e15]: page destroyed
[E 2026-06-02 12:21:49,134 minium.Conn6928 connection#668 __on_message] [9979eb95-d71c-42ab-b903-91431152a64c]: page destroyed
[E 2026-06-02 12:21:49,135 minium.Conn6928 connection#668 __on_message] [f9207a3a-defb-4469-ad10-b86cf01093d7]: page destroyed
[E 2026-06-02 12:21:49,137 minium.Conn6928 connection#668 __on_message] [9b669036-e80c-473b-affc-44e851d6af35]: page destroyed
[E 2026-06-02 12:21:49,138 minium.Conn6928 connection#668 __on_message] [c6d21f8f-1f00-4276-aff1-b3aca933754b]: page destroyed
[E 2026-06-02 12:21:49,139 minium.Conn6928 connection#668 __on_message] [fb1c6c24-ddc1-4678-8805-33600777bc38]: page destroyed
[E 2026-06-02 12:21:49,140 minium.Conn6928 connection#668 __on_message] [c19e88da-732b-41b0-a7f7-f03a55b45cf2]: page destroyed
[E 2026-06-02 12:21:49,142 minium.Conn6928 connection#668 __on_message] [5d2ee233-1a71-45b5-9ba4-2768d55b904e]: page destroyed
[E 2026-06-02 12:21:49,143 minium.Conn6928 connection#668 __on_message] [d3ce5c3c-33ac-4082-a5b8-4759a309e834]: page destroyed
[E 2026-06-02 12:21:49,144 minium.Conn6928 connection#668 __on_message] [2f6a51b5-7d6d-46f6-8de9-99ccdf682005]: page destroyed
[E 2026-06-02 12:21:49,146 minium.Conn6928 connection#668 __on_message] [93181dc7-1326-46d9-9ced-67ce6c4b6a18]: page destroyed
[E 2026-06-02 12:21:49,148 minium.Conn6928 connection#668 __on_message] [ac69234c-0bb4-46c0-8b5e-6cdad3a43046]: page destroyed
[E 2026-06-02 12:21:49,149 minium.Conn6928 connection#668 __on_message] [a6f58cfe-70da-49b8-a94b-96dba3b158a1]: page destroyed
[E 2026-06-02 12:21:49,150 minium.Conn6928 connection#668 __on_message] [5236609b-ce4d-4689-adcb-698dd839faa1]: page destroyed
[E 2026-06-02 12:21:49,151 minium.Conn6928 connection#668 __on_message] [f7ab2561-b2b2-489d-80f4-2c51c99a87fa]: page destroyed
[E 2026-06-02 12:21:49,152 minium.Conn6928 connection#668 __on_message] [02b5f7d3-ab11-46ff-a01b-990d9510ae99]: page destroyed
[E 2026-06-02 12:21:49,154 minium.Conn6928 connection#668 __on_message] [7f2f9b9e-03fe-4357-a2b4-3733ab07b4f5]: page destroyed
[E 2026-06-02 12:21:49,155 minium.Conn6928 connection#668 __on_message] [40f969f3-a16c-4dac-a2fd-bff2ad33e15b]: page destroyed
[E 2026-06-02 12:21:49,156 minium.Conn6928 connection#668 __on_message] [ad6b0de9-54ba-4b7c-bd2e-1acc83e3f3a2]: page destroyed
[E 2026-06-02 12:21:49,157 minium.Conn6928 connection#668 __on_message] [1417ee71-772e-4dd8-be0e-4659e06c197e]: page destroyed
[E 2026-06-02 12:21:49,158 minium.Conn6928 connection#668 __on_message] [53076785-ac04-4704-8403-8ca890885e66]: page destroyed
[E 2026-06-02 12:21:49,159 minium.Conn6928 connection#668 __on_message] [1f65ea35-2ac6-442c-9578-7752bfddea82]: page destroyed
[E 2026-06-02 12:21:49,160 minium.Conn6928 connection#668 __on_message] [653b4fbc-c3e7-47c6-bd77-e9c3fa1dccf8]: page destroyed
[E 2026-06-02 12:21:49,162 minium.Conn6928 connection#668 __on_message] [f0ad81e0-42b9-4dd6-b11f-af63d9faa3e9]: page destroyed
[E 2026-06-02 12:21:49,163 minium.Conn6928 connection#668 __on_message] [68884de0-4c3b-4cf4-ba20-36485cfecf1c]: page destroyed
[E 2026-06-02 12:21:49,164 minium.Conn6928 connection#668 __on_message] [88fa7ddc-7453-417e-a34b-09d2d990e451]: page destroyed
[E 2026-06-02 12:21:49,165 minium.Conn6928 connection#668 __on_message] [3753c57a-4cad-496c-9994-fbb2e0517076]: page destroyed
[E 2026-06-02 12:21:49,166 minium.Conn6928 connection#668 __on_message] [57a3cc88-4ba1-4dea-8cb4-115a45f8a6e5]: page destroyed
[E 2026-06-02 12:21:49,169 minium.Conn6928 connection#668 __on_message] [4f2488c7-dac7-41fb-a32d-a6c670bd6e6d]: page destroyed
[E 2026-06-02 12:21:49,172 minium.Conn6928 connection#668 __on_message] [bebfa9ef-ef38-4ff5-a2fc-107df2a1102e]: page destroyed
[E 2026-06-02 12:21:49,173 minium.Conn6928 connection#668 __on_message] [9ec910a6-5fa7-4011-b0a8-c78484690211]: page destroyed
[E 2026-06-02 12:21:49,174 minium.Conn6928 connection#668 __on_message] [dfcb0c5b-880d-4ffa-9d4c-1f24d4af3d55]: page destroyed
[E 2026-06-02 12:21:49,175 minium.Conn6928 connection#668 __on_message] [3c38b770-9395-4bd8-b6ca-10da6600130a]: page destroyed
[E 2026-06-02 12:21:49,177 minium.Conn6928 connection#668 __on_message] [b2d1cfcb-edd3-46da-9258-198ba48d3d8e]: page destroyed
[E 2026-06-02 12:21:49,178 minium.Conn6928 connection#668 __on_message] [278edbae-0ea8-45dd-885e-2f4dc77b3097]: page destroyed
[E 2026-06-02 12:21:49,179 minium.Conn6928 connection#668 __on_message] [f4027ecd-2e27-40a5-9d3d-0624fc957952]: page destroyed
[E 2026-06-02 12:21:49,180 minium.Conn6928 connection#668 __on_message] [7884890d-6cf0-4a91-83ef-6e05f4f6ca3c]: page destroyed
[E 2026-06-02 12:21:49,181 minium.Conn6928 connection#668 __on_message] [a281ca41-e085-4608-a6dd-c5e2d2bdc33e]: page destroyed
[E 2026-06-02 12:21:49,182 minium.Conn6928 connection#668 __on_message] [f1e3d0ce-efad-4477-884c-45241f305433]: page destroyed
[E 2026-06-02 12:21:49,183 minium.Conn6928 connection#668 __on_message] [0f35df28-219c-47d5-98e7-32879e6e431b]: page destroyed
[E 2026-06-02 12:21:49,188 minium.Conn6928 connection#668 __on_message] [8cf925ac-c6ba-42cb-8056-1f10765beb59]: page destroyed
[E 2026-06-02 12:21:49,189 minium.Conn6928 connection#668 __on_message] [6cf5dcc1-f202-4668-be1d-3b12beadd575]: page destroyed
[E 2026-06-02 12:21:49,190 minium.Conn6928 connection#668 __on_message] [634fb7f2-84d7-4db2-b6b3-f9c79a70056c]: page destroyed
[E 2026-06-02 12:21:49,191 minium.Conn6928 connection#668 __on_message] [f6700a8c-1905-4637-8d0b-aadf198def5f]: page destroyed
[E 2026-06-02 12:21:49,192 minium.Conn6928 connection#668 __on_message] [491e164a-f360-4f60-9ca2-7479ff868cc2]: page destroyed
[E 2026-06-02 12:21:49,193 minium.Conn6928 connection#668 __on_message] [f7c9bd9b-7b61-4331-99af-17067c2573bf]: page destroyed
[E 2026-06-02 12:21:49,195 minium.Conn6928 connection#668 __on_message] [7755060a-14e7-4ec9-8349-1c11d9ec0da9]: page destroyed
[E 2026-06-02 12:21:49,196 minium.Conn6928 connection#668 __on_message] [72286338-0008-498b-bade-b835d3be1632]: page destroyed
[E 2026-06-02 12:21:49,197 minium.Conn6928 connection#668 __on_message] [b7bf8b79-67c7-416f-ad0b-cebec2c01722]: page destroyed
[E 2026-06-02 12:21:49,198 minium.Conn6928 connection#668 __on_message] [e67604aa-f597-4d23-bc41-e3f3681eda8b]: page destroyed
[E 2026-06-02 12:21:49,200 minium.Conn6928 connection#668 __on_message] [818bb444-bb0e-4d4a-9945-2222dec03953]: page destroyed
[E 2026-06-02 12:21:49,211 minium.Conn6928 connection#668 __on_message] [8db17b27-9c38-4585-9d8d-a0ca59430f1b]: page destroyed
[E 2026-06-02 12:21:49,213 minium.Conn6928 connection#668 __on_message] [fcda5df6-7955-4887-94ff-ae5b4d442837]: page destroyed
[E 2026-06-02 12:21:49,214 minium.Conn6928 connection#668 __on_message] [1d10faca-502a-4179-9f0b-1726573606d9]: page destroyed
[E 2026-06-02 12:21:49,216 minium.Conn6928 connection#668 __on_message] [4fe22073-6fa6-40a6-ab61-5d6a3226867d]: page destroyed
[E 2026-06-02 12:21:49,217 minium.Conn6928 connection#668 __on_message] [16e671b1-60cd-4ec0-b194-c5b2732847b8]: page destroyed
[E 2026-06-02 12:21:49,218 minium.Conn6928 connection#668 __on_message] [e729c847-d889-4f27-a784-8feeedace50d]: page destroyed
[E 2026-06-02 12:21:49,221 minium.Conn6928 connection#668 __on_message] [e3255c4f-a0a7-4c72-8b5f-8864176b63b7]: page destroyed
[E 2026-06-02 12:21:49,224 minium.Conn6928 connection#668 __on_message] [33665b18-6fb0-4570-9044-3677c94ccc41]: page destroyed
[E 2026-06-02 12:21:49,225 minium.Conn6928 connection#668 __on_message] [db5f26e4-a81c-41ed-8e94-d7e347744906]: page destroyed
[E 2026-06-02 12:21:49,226 minium.Conn6928 connection#668 __on_message] [5963af24-fc74-4ead-b92e-91f73d198f1c]: page destroyed
[E 2026-06-02 12:21:49,228 minium.Conn6928 connection#668 __on_message] [26d1735f-39cd-469e-bb39-b88495094d96]: page destroyed
[E 2026-06-02 12:21:49,229 minium.Conn6928 connection#668 __on_message] [2d819c2f-e5ba-484b-a25d-59c0c474c060]: page destroyed
[E 2026-06-02 12:21:49,230 minium.Conn6928 connection#668 __on_message] [7459f0b0-6320-47c1-85f6-d9d137682738]: page destroyed
[E 2026-06-02 12:21:49,231 minium.Conn6928 connection#668 __on_message] [e74f9fb5-13ac-4f60-ba9c-9bb40a3022c9]: page destroyed
[E 2026-06-02 12:21:49,232 minium.Conn6928 connection#668 __on_message] [12e56725-8926-4931-88c4-594c9ecf48ec]: page destroyed
[E 2026-06-02 12:21:49,233 minium.Conn6928 connection#668 __on_message] [3b47b5e7-3761-46ab-9488-23ed05fc53cc]: page destroyed
[E 2026-06-02 12:21:49,234 minium.Conn6928 connection#668 __on_message] [12629690-2e88-4746-af94-4a60689f87ec]: page destroyed
[E 2026-06-02 12:21:49,235 minium.Conn6928 connection#668 __on_message] [f9e63d43-6aa2-4744-9b4e-97b460d6a8f7]: page destroyed
[E 2026-06-02 12:21:49,237 minium.Conn6928 connection#668 __on_message] [ec872aa4-9ee1-4d2b-ac9c-046b625db344]: page destroyed
[E 2026-06-02 12:21:49,238 minium.Conn6928 connection#668 __on_message] [be867932-da11-405d-84af-b4be9e0353a2]: page destroyed
[E 2026-06-02 12:21:49,239 minium.Conn6928 connection#668 __on_message] [361a6294-e72e-4489-a571-e9293a443ef6]: page destroyed
[E 2026-06-02 12:21:49,240 minium.Conn6928 connection#668 __on_message] [c799aee3-4bc3-43a2-a929-e0729e36ed23]: page destroyed
[E 2026-06-02 12:21:49,241 minium.Conn6928 connection#668 __on_message] [a5123169-eb17-4ee3-a623-02c1c07e9505]: page destroyed
[E 2026-06-02 12:21:49,242 minium.Conn6928 connection#668 __on_message] [193842c9-3e79-4f1d-b297-0b973ef26622]: page destroyed
[E 2026-06-02 12:21:49,243 minium.Conn6928 connection#668 __on_message] [0647ca48-a290-4df9-ba9f-65b07731d6fa]: page destroyed
[E 2026-06-02 12:21:49,245 minium.Conn6928 connection#668 __on_message] [ba26ffad-2a87-4333-89de-f9db1b3b7224]: page destroyed
[E 2026-06-02 12:21:49,246 minium.Conn6928 connection#668 __on_message] [6bd26679-88b0-4542-bff1-f8e644ed409a]: page destroyed
[E 2026-06-02 12:21:49,248 minium.Conn6928 connection#668 __on_message] [64bc2faf-8f22-4e0c-b842-f6b3f0c80bc8]: page destroyed
[E 2026-06-02 12:21:49,248 minium minitest#793 _callTestMethod] test exception
Traceback (most recent call last):
  File "/opt/anaconda3/lib/python3.13/site-packages/minium/framework/minitest.py", line 789, in _callTestMethod
    method()
    ~~~~~~^^
  File "/Users/haha/greatMan/projects/wechat-mini/2026-04-26-family-party-games/tests/test_gesture_final.py", line 134, in test_02_click_game
    self.fail("无法点击游戏卡片")
    ~~~~~~~~~^^^^^^^^^^^^^^^^^^^^
  File "/opt/anaconda3/lib/python3.13/unittest/case.py", line 732, in fail
    raise self.failureException(msg)
AssertionError: 无法点击游戏卡片
[I 2026-06-02 12:21:49,248 minium minitest#796 _callTestMethod] end test method
[I 2026-06-02 12:21:49,262 minium minitest#897 capture] capture teardown.png
[I 2026-06-02 12:21:49,399 minium wx_minium#608 _relaunch] end instantiate app, cost: 0.3874208927154541
[I 2026-06-02 12:21:49,409 minium basenative#59 wrapper] call BaseNative.get_start_up
[I 2026-06-02 12:21:49,409 minium basenative#63 wrapper] call BaseNative.get_start_up end 
[E 2026-06-02 12:21:49,419 minium assertbase#390 _get_stack_info] <bound method GestureGuessTest.test_02_click_game of <__main__.GestureGuessTest testMethod=test_02_click_game>>
Traceback (most recent call last):
  File "/opt/anaconda3/lib/python3.13/site-packages/minium/framework/libs/unittest/case.py", line 43, in testPartExecutor
    yield
  File "/opt/anaconda3/lib/python3.13/site-packages/minium/framework/libs/unittest/case.py", line 125, in run
    self._callTestMethod(testMethod)
    ~~~~~~~~~~~~~~~~~~~~^^^^^^^^^^^^
  File "/opt/anaconda3/lib/python3.13/site-packages/minium/framework/minitest.py", line 789, in _callTestMethod
    method()
    ~~~~~~^^
  File "/Users/haha/greatMan/projects/wechat-mini/2026-04-26-family-party-games/tests/test_gesture_final.py", line 134, in test_02_click_game
    self.fail("无法点击游戏卡片")
    ~~~~~~~~~^^^^^^^^^^^^^^^^^^^^
AssertionError: 无法点击游戏卡片
[W 2026-06-02 12:21:49,419 minium assertbase#354 _log_info_when_error] config: {'debug': False, 'base_dir': '/Users/haha/greatMan/projects/wechat-mini/2026-04-26-family-party-games', 'platform': 'ide', 'app': 'wx', 'debug_mode': 'info', 'close_ide': False, 'auto_capture': 'auto', 'check_mp_foreground': False, 'auto_relaunch': False, 'device_desire': {}, 'account_info': {}, 'report_usage': True, 'remote_connect_timeout': 180, 'request_timeout': 60, 'use_push': True, 'full_reset': False, 'outputs': './outputs', 'enable_app_log': False, 'enable_network_panel': False, 'project_path': '/Users/haha/greatMan/projects/wechat-mini/2026-04-26-family-party-games', 'dev_tool_path': '/Applications/wechatwebdevtools.app/Contents/MacOS/cli', 'test_port': 20034, 'mock_native_modal': {}, 'mock_request': [], 'auto_authorize': False, 'audits': None, 'teardown_snapshot': False, 'mock_images_dir': '', 'mock_images': {}, 'need_perf': False, 'appid': None, 'enable_h5': True, 'autofix': False, 'cloud_env_id': 'cloud1-d9g01no7m292bc511-d5e875d', 'framework_capture': True, 'error_capture': False, 'assert_capture': True, 'create_time': '20260602121508', 'case_output': './outputs/20260602121508/test_02_click_game/20260602122046078158'}
[W 2026-06-02 12:21:49,419 minium assertbase#355 _log_info_when_error] build info: {'version': '1.6.0', 'revision': '33ce5b50b34ec18c51c054a7cc1bdfb3ab0a451b', 'branch': 'master', 'update_at': '2024-10-09 21:08:56'}
[W 2026-06-02 12:21:49,419 minium minitest#1029 _log_info_when_error] mini: 基础库3.15.2, 开发者工具2.01.2510290
[W 2026-06-02 12:21:49,419 minium minitest#1031 _log_info_when_error] native: <minium.native.wx_native.idenative.IdeNative object at 0x103188830>
[W 2026-06-02 12:21:49,447 minium minitest#825 run] 第1次重试
[I 2026-06-02 12:21:49,450 minium minitest#432 _miniSetUp] =========Current case: test_02_click_game=========
[W 2026-06-02 12:21:49,450 minium minitest#434 _miniSetUp] 第1次重试
[I 2026-06-02 12:21:49,451 minium minitest#435 _miniSetUp] package info: .Users.haha.greatMan.projects.wechat-mini.2026-04-26-family-party-games.tests.test_gesture_final, case info: GestureGuessTest.test_02_click_game
[I 2026-06-02 12:21:49,451 minium basenative#59 wrapper] call BaseNative.check_connection
[I 2026-06-02 12:21:49,451 minium basenative#63 wrapper] call BaseNative.check_connection end True
[I 2026-06-02 12:21:49,459 minium minitest#897 capture] capture setup.png
[I 2026-06-02 12:21:51,898 minium wx_minium#571 _app_initialized_callback] receive App.initialized
[I 2026-06-02 12:21:51,899 minium wx_minium#579 _relaunch] start instantiate app 6353907712
[I 2026-06-02 12:21:51,908 minium.App6416 app#545 release] release app <minium.miniprogram.base_driver.app.App object at 0x103250a50>
[I 2026-06-02 12:21:51,953 minium wx_minium#893 _instantiate_app] new app instanst <minium.miniprogram.base_driver.app.App object at 0x103103ed0>, whether should relaunch: False
[I 2026-06-02 12:21:52,276 minium wx_minium#608 _relaunch] end instantiate app, cost: 0.37689709663391113
[W 2026-06-02 12:22:49,469 minium.App6416 app#682 screen_shot] 截图指令响应失败, 可能因为开发者工具不在前台导致
[W 2026-06-02 12:22:49,470 minium minitest#929 capture] /Users/haha/greatMan/projects/wechat-mini/2026-04-26-family-party-games/outputs/20260602121508/test_02_click_game/20260602122149448433/images/setup.png not exists
[I 2026-06-02 12:22:49,472 minium minitest#487 _miniSetUp] =========case: test_02_click_game start=========
[I 2026-06-02 12:22:49,472 minium minitest#788 _callTestMethod] call test method
[I 2026-06-02 12:22:49,472 minium page#716 _get_elements_by_css] try to get elements: view
[I 2026-06-02 12:22:49,484 minium page#749 _get_elements_by_css] find elements success: [<minium.miniprogram.base_driver.element.BaseElement object at 0x103244870>, <minium.miniprogram.base_driver.element.BaseElement object at 0x103244230>, <minium.miniprogram.base_driver.element.BaseElement object at 0x103244370>, <minium.miniprogram.base_driver.element.BaseElement object at 0x103244190>, <minium.miniprogram.base_driver.element.BaseElement object at 0x103244410>, <minium.miniprogram.base_driver.element.BaseElement object at 0x1032442d0>, <minium.miniprogram.base_driver.element.BaseElement object at 0x1032440f0>, <minium.miniprogram.base_driver.element.BaseElement object at 0x1031d5270>, <minium.miniprogram.base_driver.element.BaseElement object at 0x1031d6cb0>, <minium.miniprogram.base_driver.element.BaseElement object at 0x1031d4cd0>, <minium.miniprogram.base_driver.element.BaseElement object at 0x1031d56d0>, <minium.miniprogram.base_driver.element.BaseElement object at 0x1031d5130>, <minium.miniprogram.base_driver.element.BaseElement object at 0x1031d6710>, <minium.miniprogram.base_driver.element.BaseElement object at 0x1031d7f70>, <minium.miniprogram.base_driver.element.BaseElement object at 0x1031d7e30>, <minium.miniprogram.base_driver.element.BaseElement object at 0x1031d6210>, <minium.miniprogram.base_driver.element.BaseElement object at 0x1031d6d50>, <minium.miniprogram.base_driver.element.BaseElement object at 0x1031d6850>, <minium.miniprogram.base_driver.element.BaseElement object at 0x1031d6b70>, <minium.miniprogram.base_driver.element.BaseElement object at 0x1031d6a30>, <minium.miniprogram.base_driver.element.BaseElement object at 0x1031d6350>, <minium.miniprogram.base_driver.element.BaseElement object at 0x1031965d0>, <minium.miniprogram.base_driver.element.BaseElement object at 0x103197e30>, <minium.miniprogram.base_driver.element.BaseElement object at 0x103197f70>, <minium.miniprogram.base_driver.element.BaseElement object at 0x1031968f0>, <minium.miniprogram.base_driver.element.BaseElement object at 0x10329a350>, <minium.miniprogram.base_driver.element.BaseElement object at 0x10329a710>, <minium.miniprogram.base_driver.element.BaseElement object at 0x10329a5d0>, <minium.miniprogram.base_driver.element.BaseElement object at 0x10329a490>, <minium.miniprogram.base_driver.element.BaseElement object at 0x10329a850>, <minium.miniprogram.base_driver.element.BaseElement object at 0x10329a7b0>, <minium.miniprogram.base_driver.element.BaseElement object at 0x10329a990>, <minium.miniprogram.base_driver.element.BaseElement object at 0x10329aa30>, <minium.miniprogram.base_driver.element.BaseElement object at 0x10329aad0>, <minium.miniprogram.base_driver.element.BaseElement object at 0x10329ab70>, <minium.miniprogram.base_driver.element.BaseElement object at 0x10329ac10>, <minium.miniprogram.base_driver.element.BaseElement object at 0x10329acb0>, <minium.miniprogram.base_driver.element.BaseElement object at 0x10329ad50>, <minium.miniprogram.base_driver.element.BaseElement object at 0x10329adf0>, <minium.miniprogram.base_driver.element.BaseElement object at 0x10329ae90>, <minium.miniprogram.base_driver.element.BaseElement object at 0x10329af30>, <minium.miniprogram.base_driver.element.BaseElement object at 0x10329afd0>, <minium.miniprogram.base_driver.element.BaseElement object at 0x10329b070>, <minium.miniprogram.base_driver.element.BaseElement object at 0x10329b110>, <minium.miniprogram.base_driver.element.BaseElement object at 0x10329b1b0>, <minium.miniprogram.base_driver.element.BaseElement object at 0x10329b250>, <minium.miniprogram.base_driver.element.BaseElement object at 0x10329b2f0>, <minium.miniprogram.base_driver.element.BaseElement object at 0x10329b390>, <minium.miniprogram.base_driver.element.BaseElement object at 0x10329b430>, <minium.miniprogram.base_driver.element.BaseElement object at 0x10329b4d0>, <minium.miniprogram.base_driver.element.BaseElement object at 0x10329b570>, <minium.miniprogram.base_driver.element.BaseElement object at 0x10329b610>, <minium.miniprogram.base_driver.element.BaseElement object at 0x10329b6b0>, <minium.miniprogram.base_driver.element.BaseElement object at 0x10329b750>, <minium.miniprogram.base_driver.element.BaseElement object at 0x10329b7f0>, <minium.miniprogram.base_driver.element.BaseElement object at 0x10329b890>, <minium.miniprogram.base_driver.element.BaseElement object at 0x10329b930>, <minium.miniprogram.base_driver.element.BaseElement object at 0x10329b9d0>, <minium.miniprogram.base_driver.element.BaseElement object at 0x10329ba70>, <minium.miniprogram.base_driver.element.BaseElement object at 0x10329bb10>, <minium.miniprogram.base_driver.element.BaseElement object at 0x10329bbb0>, <minium.miniprogram.base_driver.element.BaseElement object at 0x10329bc50>, <minium.miniprogram.base_driver.element.BaseElement object at 0x10329bcf0>, <minium.miniprogram.base_driver.element.BaseElement object at 0x10329bd90>, <minium.miniprogram.base_driver.element.BaseElement object at 0x10329be30>, <minium.miniprogram.base_driver.element.BaseElement object at 0x10329bed0>, <minium.miniprogram.base_driver.element.BaseElement object at 0x10329bf70>, <minium.miniprogram.base_driver.element.BaseElement object at 0x1032cc050>, <minium.miniprogram.base_driver.element.BaseElement object at 0x1032cc0f0>, <minium.miniprogram.base_driver.element.BaseElement object at 0x1032cc190>, <minium.miniprogram.base_driver.element.BaseElement object at 0x1032cc230>, <minium.miniprogram.base_driver.element.BaseElement object at 0x1032cc2d0>, <minium.miniprogram.base_driver.element.BaseElement object at 0x1032cc370>, <minium.miniprogram.base_driver.element.BaseElement object at 0x1032cc410>, <minium.miniprogram.base_driver.element.BaseElement object at 0x1032cc4b0>, <minium.miniprogram.base_driver.element.BaseElement object at 0x1032cc550>, <minium.miniprogram.base_driver.element.BaseElement object at 0x1032cc5f0>, <minium.miniprogram.base_driver.element.BaseElement object at 0x1032cc690>, <minium.miniprogram.base_driver.element.BaseElement object at 0x1032cc730>, <minium.miniprogram.base_driver.element.BaseElement object at 0x1032cc7d0>, <minium.miniprogram.base_driver.element.BaseElement object at 0x1032cc870>, <minium.miniprogram.base_driver.element.BaseElement object at 0x1032cc910>, <minium.miniprogram.base_driver.element.BaseElement object at 0x1032cc9b0>, <minium.miniprogram.base_driver.element.BaseElement object at 0x1032cca50>, <minium.miniprogram.base_driver.element.BaseElement object at 0x1032ccaf0>, <minium.miniprogram.base_driver.element.BaseElement object at 0x1032ccb90>, <minium.miniprogram.base_driver.element.BaseElement object at 0x1032ccc30>, <minium.miniprogram.base_driver.element.BaseElement object at 0x1032cccd0>, <minium.miniprogram.base_driver.element.BaseElement object at 0x1032ccd70>, <minium.miniprogram.base_driver.element.BaseElement object at 0x1032cce10>, <minium.miniprogram.base_driver.element.BaseElement object at 0x1032cceb0>, <minium.miniprogram.base_driver.element.BaseElement object at 0x1032ccf50>, <minium.miniprogram.base_driver.element.BaseElement object at 0x1032ccff0>, <minium.miniprogram.base_driver.element.BaseElement object at 0x1032cd090>, <minium.miniprogram.base_driver.element.BaseElement object at 0x1032cd130>, <minium.miniprogram.base_driver.element.BaseElement object at 0x1032cd1d0>, <minium.miniprogram.base_driver.element.BaseElement object at 0x1032cd270>, <minium.miniprogram.base_driver.element.BaseElement object at 0x1032cd310>, <minium.miniprogram.base_driver.element.BaseElement object at 0x1032cd3b0>, <minium.miniprogram.base_driver.element.BaseElement object at 0x1032cd450>, <minium.miniprogram.base_driver.element.BaseElement object at 0x1032cd4f0>, <minium.miniprogram.base_driver.element.BaseElement object at 0x1032cd590>, <minium.miniprogram.base_driver.element.BaseElement object at 0x1032cd630>, <minium.miniprogram.base_driver.element.BaseElement object at 0x1032cd6d0>, <minium.miniprogram.base_driver.element.BaseElement object at 0x1032cd770>, <minium.miniprogram.base_driver.element.BaseElement object at 0x1032cd810>, <minium.miniprogram.base_driver.element.BaseElement object at 0x1032cd8b0>, <minium.miniprogram.base_driver.element.BaseElement object at 0x1032cd950>, <minium.miniprogram.base_driver.element.BaseElement object at 0x1032cd9f0>, <minium.miniprogram.base_driver.element.BaseElement object at 0x1032cda90>, <minium.miniprogram.base_driver.element.BaseElement object at 0x1032cdb30>, <minium.miniprogram.base_driver.element.BaseElement object at 0x1032cdbd0>, <minium.miniprogram.base_driver.element.BaseElement object at 0x1032cdc70>, <minium.miniprogram.base_driver.element.BaseElement object at 0x1032cdd10>, <minium.miniprogram.base_driver.element.BaseElement object at 0x1032cddb0>, <minium.miniprogram.base_driver.element.BaseElement object at 0x1032cde50>, <minium.miniprogram.base_driver.element.BaseElement object at 0x1032cdef0>, <minium.miniprogram.base_driver.element.BaseElement object at 0x1032cdf90>, <minium.miniprogram.base_driver.element.BaseElement object at 0x1032ce030>, <minium.miniprogram.base_driver.element.BaseElement object at 0x1032ce0d0>, <minium.miniprogram.base_driver.element.BaseElement object at 0x1032ce170>, <minium.miniprogram.base_driver.element.BaseElement object at 0x1032ce210>, <minium.miniprogram.base_driver.element.BaseElement object at 0x1032ce2b0>, <minium.miniprogram.base_driver.element.BaseElement object at 0x1032ce350>, <minium.miniprogram.base_driver.element.BaseElement object at 0x1032ce3f0>, <minium.miniprogram.base_driver.element.BaseElement object at 0x1032ce490>, <minium.miniprogram.base_driver.element.BaseElement object at 0x1032ce530>, <minium.miniprogram.base_driver.element.BaseElement object at 0x1032ce5d0>, <minium.miniprogram.base_driver.element.BaseElement object at 0x1032ce670>, <minium.miniprogram.base_driver.element.BaseElement object at 0x1032ce710>, <minium.miniprogram.base_driver.element.BaseElement object at 0x1032ce7b0>, <minium.miniprogram.base_driver.element.BaseElement object at 0x1032ce850>, <minium.miniprogram.base_driver.element.BaseElement object at 0x1032ce8f0>, <minium.miniprogram.base_driver.element.BaseElement object at 0x1032ce990>, <minium.miniprogram.base_driver.element.BaseElement object at 0x1032cea30>, <minium.miniprogram.base_driver.element.BaseElement object at 0x1032cead0>, <minium.miniprogram.base_driver.element.BaseElement object at 0x1032ceb70>, <minium.miniprogram.base_driver.element.BaseElement object at 0x1032cec10>, <minium.miniprogram.base_driver.element.BaseElement object at 0x1032cecb0>, <minium.miniprogram.base_driver.element.BaseElement object at 0x1032ced50>, <minium.miniprogram.base_driver.element.BaseElement object at 0x1032cedf0>, <minium.miniprogram.base_driver.element.BaseElement object at 0x1032cee90>, <minium.miniprogram.base_driver.element.BaseElement object at 0x1032cef30>, <minium.miniprogram.base_driver.element.BaseElement object at 0x1032cefd0>, <minium.miniprogram.base_driver.element.BaseElement object at 0x1032cf070>, <minium.miniprogram.base_driver.element.BaseElement object at 0x1032cf110>, <minium.miniprogram.base_driver.element.BaseElement object at 0x1032cf1b0>, <minium.miniprogram.base_driver.element.BaseElement object at 0x1032cf250>, <minium.miniprogram.base_driver.element.BaseElement object at 0x1032cf2f0>, <minium.miniprogram.base_driver.element.BaseElement object at 0x1032cf390>, <minium.miniprogram.base_driver.element.BaseElement object at 0x1032cf430>, <minium.miniprogram.base_driver.element.BaseElement object at 0x1032cf4d0>, <minium.miniprogram.base_driver.element.BaseElement object at 0x1032cf570>, <minium.miniprogram.base_driver.element.BaseElement object at 0x1032cf610>, <minium.miniprogram.base_driver.element.BaseElement object at 0x1032cf6b0>, <minium.miniprogram.base_driver.element.BaseElement object at 0x1032cf750>, <minium.miniprogram.base_driver.element.BaseElement object at 0x1032cf7f0>, <minium.miniprogram.base_driver.element.BaseElement object at 0x1032cf890>, <minium.miniprogram.base_driver.element.BaseElement object at 0x1032cf930>, <minium.miniprogram.base_driver.element.BaseElement object at 0x1032cf9d0>, <minium.miniprogram.base_driver.element.BaseElement object at 0x1032cfa70>, <minium.miniprogram.base_driver.element.BaseElement object at 0x1032cfb10>, <minium.miniprogram.base_driver.element.BaseElement object at 0x1032cfbb0>, <minium.miniprogram.base_driver.element.BaseElement object at 0x1032cfc50>, <minium.miniprogram.base_driver.element.BaseElement object at 0x1032cfcf0>]
[E 2026-06-02 12:22:49,907 minium minitest#793 _callTestMethod] test exception
Traceback (most recent call last):
  File "/opt/anaconda3/lib/python3.13/site-packages/minium/framework/minitest.py", line 789, in _callTestMethod
    method()
    ~~~~~~^^
  File "/Users/haha/greatMan/projects/wechat-mini/2026-04-26-family-party-games/tests/test_gesture_final.py", line 134, in test_02_click_game
    self.fail("无法点击游戏卡片")
    ~~~~~~~~~^^^^^^^^^^^^^^^^^^^^
  File "/opt/anaconda3/lib/python3.13/unittest/case.py", line 732, in fail
    raise self.failureException(msg)
AssertionError: 无法点击游戏卡片
[I 2026-06-02 12:22:49,908 minium minitest#796 _callTestMethod] end test method
[I 2026-06-02 12:22:49,909 minium minitest#897 capture] capture teardown.png
[I 2026-06-02 12:22:49,989 minium basenative#59 wrapper] call BaseNative.get_start_up
[I 2026-06-02 12:22:49,989 minium basenative#63 wrapper] call BaseNative.get_start_up end 
[E 2026-06-02 12:22:49,995 minium assertbase#390 _get_stack_info] <bound method GestureGuessTest.test_02_click_game of <__main__.GestureGuessTest testMethod=test_02_click_game>>
Traceback (most recent call last):
  File "/opt/anaconda3/lib/python3.13/site-packages/minium/framework/libs/unittest/case.py", line 43, in testPartExecutor
    yield
  File "/opt/anaconda3/lib/python3.13/site-packages/minium/framework/libs/unittest/case.py", line 125, in run
    self._callTestMethod(testMethod)
    ~~~~~~~~~~~~~~~~~~~~^^^^^^^^^^^^
  File "/opt/anaconda3/lib/python3.13/site-packages/minium/framework/minitest.py", line 789, in _callTestMethod
    method()
    ~~~~~~^^
  File "/Users/haha/greatMan/projects/wechat-mini/2026-04-26-family-party-games/tests/test_gesture_final.py", line 134, in test_02_click_game
    self.fail("无法点击游戏卡片")
    ~~~~~~~~~^^^^^^^^^^^^^^^^^^^^
AssertionError: 无法点击游戏卡片
[W 2026-06-02 12:22:49,995 minium assertbase#354 _log_info_when_error] config: {'debug': False, 'base_dir': '/Users/haha/greatMan/projects/wechat-mini/2026-04-26-family-party-games', 'platform': 'ide', 'app': 'wx', 'debug_mode': 'info', 'close_ide': False, 'auto_capture': 'auto', 'check_mp_foreground': False, 'auto_relaunch': False, 'device_desire': {}, 'account_info': {}, 'report_usage': True, 'remote_connect_timeout': 180, 'request_timeout': 60, 'use_push': True, 'full_reset': False, 'outputs': './outputs', 'enable_app_log': False, 'enable_network_panel': False, 'project_path': '/Users/haha/greatMan/projects/wechat-mini/2026-04-26-family-party-games', 'dev_tool_path': '/Applications/wechatwebdevtools.app/Contents/MacOS/cli', 'test_port': 20034, 'mock_native_modal': {}, 'mock_request': [], 'auto_authorize': False, 'audits': None, 'teardown_snapshot': False, 'mock_images_dir': '', 'mock_images': {}, 'need_perf': False, 'appid': None, 'enable_h5': True, 'autofix': False, 'cloud_env_id': 'cloud1-d9g01no7m292bc511-d5e875d', 'framework_capture': True, 'error_capture': False, 'assert_capture': True, 'create_time': '20260602121508', 'case_output': './outputs/20260602121508/test_02_click_game/20260602122149448433'}
[W 2026-06-02 12:22:49,995 minium assertbase#355 _log_info_when_error] build info: {'version': '1.6.0', 'revision': '33ce5b50b34ec18c51c054a7cc1bdfb3ab0a451b', 'branch': 'master', 'update_at': '2024-10-09 21:08:56'}
[W 2026-06-02 12:22:49,995 minium minitest#1029 _log_info_when_error] mini: 基础库3.15.2, 开发者工具2.01.2510290
[W 2026-06-02 12:22:49,995 minium minitest#1031 _log_info_when_error] native: <minium.native.wx_native.idenative.IdeNative object at 0x103188830>
[I 2026-06-02 12:22:50,004 minium minitest#432 _miniSetUp] =========Current case: test_03_create_room=========
[I 2026-06-02 12:22:50,004 minium minitest#435 _miniSetUp] package info: .Users.haha.greatMan.projects.wechat-mini.2026-04-26-family-party-games.tests.test_gesture_final, case info: GestureGuessTest.test_03_create_room
[I 2026-06-02 12:22:50,004 minium basenative#59 wrapper] call BaseNative.check_connection
[I 2026-06-02 12:22:50,004 minium basenative#63 wrapper] call BaseNative.check_connection end True
[I 2026-06-02 12:22:50,009 minium minitest#897 capture] capture setup.png
[I 2026-06-02 12:22:50,077 minium minitest#487 _miniSetUp] =========case: test_03_create_room start=========
[I 2026-06-02 12:22:50,077 minium minitest#788 _callTestMethod] call test method
[I 2026-06-02 12:22:50,077 minium page#716 _get_elements_by_css] try to get elements: input
[W 2026-06-02 12:22:50,080 minium page#747 _get_elements_by_css] Could not found any element 'input' you need
[I 2026-06-02 12:22:50,081 minium page#716 _get_elements_by_css] try to get elements: button
[I 2026-06-02 12:22:50,084 minium page#749 _get_elements_by_css] find elements success: [<minium.miniprogram.base_driver.element.BaseElement object at 0x1032d8190>, <minium.miniprogram.base_driver.element.BaseElement object at 0x1032d8370>, <minium.miniprogram.base_driver.element.BaseElement object at 0x1032d82d0>, <minium.miniprogram.base_driver.element.BaseElement object at 0x1032d8550>, <minium.miniprogram.base_driver.element.BaseElement object at 0x1032d8410>, <minium.miniprogram.base_driver.element.BaseElement object at 0x1032d84b0>, <minium.miniprogram.base_driver.element.BaseElement object at 0x1032d8230>, <minium.miniprogram.base_driver.element.BaseElement object at 0x1032d85f0>, <minium.miniprogram.base_driver.element.BaseElement object at 0x1032d8690>, <minium.miniprogram.base_driver.element.BaseElement object at 0x1032d8730>, <minium.miniprogram.base_driver.element.BaseElement object at 0x1032d87d0>, <minium.miniprogram.base_driver.element.BaseElement object at 0x1032d8870>, <minium.miniprogram.base_driver.element.BaseElement object at 0x1032d8910>, <minium.miniprogram.base_driver.element.BaseElement object at 0x1032d89b0>, <minium.miniprogram.base_driver.element.BaseElement object at 0x1032d8a50>, <minium.miniprogram.base_driver.element.BaseElement object at 0x1032d8af0>, <minium.miniprogram.base_driver.element.BaseElement object at 0x1032d8b90>, <minium.miniprogram.base_driver.element.BaseElement object at 0x1032d8c30>, <minium.miniprogram.base_driver.element.BaseElement object at 0x1032d8cd0>, <minium.miniprogram.base_driver.element.BaseElement object at 0x1032d8d70>, <minium.miniprogram.base_driver.element.BaseElement object at 0x1032d8e10>, <minium.miniprogram.base_driver.element.BaseElement object at 0x1032d8eb0>, <minium.miniprogram.base_driver.element.BaseElement object at 0x1032d8f50>, <minium.miniprogram.base_driver.element.BaseElement object at 0x1032d8ff0>, <minium.miniprogram.base_driver.element.BaseElement object at 0x1032d9090>, <minium.miniprogram.base_driver.element.BaseElement object at 0x1032d9130>, <minium.miniprogram.base_driver.element.BaseElement object at 0x1032d91d0>, <minium.miniprogram.base_driver.element.BaseElement object at 0x1032d9270>, <minium.miniprogram.base_driver.element.BaseElement object at 0x1032d9310>, <minium.miniprogram.base_driver.element.BaseElement object at 0x1032d93b0>]
[E 2026-06-02 12:22:50,156 minium minitest#793 _callTestMethod] test exception
Traceback (most recent call last):
  File "/opt/anaconda3/lib/python3.13/site-packages/minium/framework/minitest.py", line 789, in _callTestMethod
    method()
    ~~~~~~^^
  File "/Users/haha/greatMan/projects/wechat-mini/2026-04-26-family-party-games/tests/test_gesture_final.py", line 165, in test_03_create_room
    self.fail("无法点击创建按钮")
    ~~~~~~~~~^^^^^^^^^^^^^^^^^^^^
  File "/opt/anaconda3/lib/python3.13/unittest/case.py", line 732, in fail
    raise self.failureException(msg)
AssertionError: 无法点击创建按钮
[I 2026-06-02 12:22:50,157 minium minitest#796 _callTestMethod] end test method
[I 2026-06-02 12:22:50,158 minium minitest#897 capture] capture teardown.png
[I 2026-06-02 12:22:52,911 minium wx_minium#571 _app_initialized_callback] receive App.initialized
[I 2026-06-02 12:22:52,912 minium wx_minium#579 _relaunch] start instantiate app 6353907712
[I 2026-06-02 12:22:52,926 minium.App3600 app#545 release] release app <minium.miniprogram.base_driver.app.App object at 0x103103ed0>
[I 2026-06-02 12:22:52,961 minium wx_minium#893 _instantiate_app] new app instanst <minium.miniprogram.base_driver.app.App object at 0x1031025d0>, whether should relaunch: False
[I 2026-06-02 12:22:53,252 minium wx_minium#608 _relaunch] end instantiate app, cost: 0.33975911140441895
[W 2026-06-02 12:23:50,170 minium.App3600 app#682 screen_shot] 截图指令响应失败, 可能因为开发者工具不在前台导致
[W 2026-06-02 12:23:50,174 minium minitest#929 capture] /Users/haha/greatMan/projects/wechat-mini/2026-04-26-family-party-games/outputs/20260602121508/test_03_create_room/20260602122249997142/images/teardown.png not exists
[I 2026-06-02 12:23:50,174 minium basenative#59 wrapper] call BaseNative.get_start_up
[I 2026-06-02 12:23:50,175 minium basenative#63 wrapper] call BaseNative.get_start_up end 
[E 2026-06-02 12:23:50,178 minium assertbase#390 _get_stack_info] <bound method GestureGuessTest.test_03_create_room of <__main__.GestureGuessTest testMethod=test_03_create_room>>
Traceback (most recent call last):
  File "/opt/anaconda3/lib/python3.13/site-packages/minium/framework/libs/unittest/case.py", line 43, in testPartExecutor
    yield
  File "/opt/anaconda3/lib/python3.13/site-packages/minium/framework/libs/unittest/case.py", line 125, in run
    self._callTestMethod(testMethod)
    ~~~~~~~~~~~~~~~~~~~~^^^^^^^^^^^^
  File "/opt/anaconda3/lib/python3.13/site-packages/minium/framework/minitest.py", line 789, in _callTestMethod
    method()
    ~~~~~~^^
  File "/Users/haha/greatMan/projects/wechat-mini/2026-04-26-family-party-games/tests/test_gesture_final.py", line 165, in test_03_create_room
    self.fail("无法点击创建按钮")
    ~~~~~~~~~^^^^^^^^^^^^^^^^^^^^
AssertionError: 无法点击创建按钮
[W 2026-06-02 12:23:50,179 minium assertbase#354 _log_info_when_error] config: {'debug': False, 'base_dir': '/Users/haha/greatMan/projects/wechat-mini/2026-04-26-family-party-games', 'platform': 'ide', 'app': 'wx', 'debug_mode': 'info', 'close_ide': False, 'auto_capture': 'auto', 'check_mp_foreground': False, 'auto_relaunch': False, 'device_desire': {}, 'account_info': {}, 'report_usage': True, 'remote_connect_timeout': 180, 'request_timeout': 60, 'use_push': True, 'full_reset': False, 'outputs': './outputs', 'enable_app_log': False, 'enable_network_panel': False, 'project_path': '/Users/haha/greatMan/projects/wechat-mini/2026-04-26-family-party-games', 'dev_tool_path': '/Applications/wechatwebdevtools.app/Contents/MacOS/cli', 'test_port': 20034, 'mock_native_modal': {}, 'mock_request': [], 'auto_authorize': False, 'audits': None, 'teardown_snapshot': False, 'mock_images_dir': '', 'mock_images': {}, 'need_perf': False, 'appid': None, 'enable_h5': True, 'autofix': False, 'cloud_env_id': 'cloud1-d9g01no7m292bc511-d5e875d', 'framework_capture': True, 'error_capture': False, 'assert_capture': True, 'create_time': '20260602121508', 'case_output': './outputs/20260602121508/test_03_create_room/20260602122249997142'}
[W 2026-06-02 12:23:50,179 minium assertbase#355 _log_info_when_error] build info: {'version': '1.6.0', 'revision': '33ce5b50b34ec18c51c054a7cc1bdfb3ab0a451b', 'branch': 'master', 'update_at': '2024-10-09 21:08:56'}
[W 2026-06-02 12:23:50,179 minium minitest#1029 _log_info_when_error] mini: 基础库3.15.2, 开发者工具2.01.2510290
[W 2026-06-02 12:23:50,179 minium minitest#1031 _log_info_when_error] native: <minium.native.wx_native.idenative.IdeNative object at 0x103188830>
[W 2026-06-02 12:23:50,183 minium minitest#825 run] 第1次重试
[I 2026-06-02 12:23:50,185 minium minitest#432 _miniSetUp] =========Current case: test_03_create_room=========
[W 2026-06-02 12:23:50,185 minium minitest#434 _miniSetUp] 第1次重试
[I 2026-06-02 12:23:50,185 minium minitest#435 _miniSetUp] package info: .Users.haha.greatMan.projects.wechat-mini.2026-04-26-family-party-games.tests.test_gesture_final, case info: GestureGuessTest.test_03_create_room
[I 2026-06-02 12:23:50,185 minium basenative#59 wrapper] call BaseNative.check_connection
[I 2026-06-02 12:23:50,185 minium basenative#63 wrapper] call BaseNative.check_connection end True
[I 2026-06-02 12:23:50,186 minium minitest#897 capture] capture setup.png
[I 2026-06-02 12:23:50,325 minium minitest#487 _miniSetUp] =========case: test_03_create_room start=========
[I 2026-06-02 12:23:50,325 minium minitest#788 _callTestMethod] call test method
[I 2026-06-02 12:23:50,325 minium page#716 _get_elements_by_css] try to get elements: input
[W 2026-06-02 12:23:50,332 minium page#747 _get_elements_by_css] Could not found any element 'input' you need
[I 2026-06-02 12:23:50,332 minium page#716 _get_elements_by_css] try to get elements: button
[I 2026-06-02 12:23:50,337 minium page#749 _get_elements_by_css] find elements success: [<minium.miniprogram.base_driver.element.BaseElement object at 0x1032da030>, <minium.miniprogram.base_driver.element.BaseElement object at 0x1032da210>, <minium.miniprogram.base_driver.element.BaseElement object at 0x1032da170>, <minium.miniprogram.base_driver.element.BaseElement object at 0x1032da3f0>, <minium.miniprogram.base_driver.element.BaseElement object at 0x1032d9f90>, <minium.miniprogram.base_driver.element.BaseElement object at 0x1032da350>, <minium.miniprogram.base_driver.element.BaseElement object at 0x1032da2b0>, <minium.miniprogram.base_driver.element.BaseElement object at 0x1032da490>, <minium.miniprogram.base_driver.element.BaseElement object at 0x1032da530>, <minium.miniprogram.base_driver.element.BaseElement object at 0x1032da5d0>, <minium.miniprogram.base_driver.element.BaseElement object at 0x1032da670>, <minium.miniprogram.base_driver.element.BaseElement object at 0x1032da710>, <minium.miniprogram.base_driver.element.BaseElement object at 0x1032da7b0>, <minium.miniprogram.base_driver.element.BaseElement object at 0x1032da850>, <minium.miniprogram.base_driver.element.BaseElement object at 0x1032da8f0>, <minium.miniprogram.base_driver.element.BaseElement object at 0x1032da990>, <minium.miniprogram.base_driver.element.BaseElement object at 0x1032daa30>, <minium.miniprogram.base_driver.element.BaseElement object at 0x1032daad0>, <minium.miniprogram.base_driver.element.BaseElement object at 0x1032dab70>, <minium.miniprogram.base_driver.element.BaseElement object at 0x1032dac10>, <minium.miniprogram.base_driver.element.BaseElement object at 0x1032dacb0>, <minium.miniprogram.base_driver.element.BaseElement object at 0x1032dad50>, <minium.miniprogram.base_driver.element.BaseElement object at 0x1032dadf0>, <minium.miniprogram.base_driver.element.BaseElement object at 0x1032dae90>, <minium.miniprogram.base_driver.element.BaseElement object at 0x1032daf30>, <minium.miniprogram.base_driver.element.BaseElement object at 0x1032dafd0>, <minium.miniprogram.base_driver.element.BaseElement object at 0x1032db070>, <minium.miniprogram.base_driver.element.BaseElement object at 0x1032db110>, <minium.miniprogram.base_driver.element.BaseElement object at 0x1032db1b0>, <minium.miniprogram.base_driver.element.BaseElement object at 0x1032db250>]
[E 2026-06-02 12:23:50,429 minium minitest#793 _callTestMethod] test exception
Traceback (most recent call last):
  File "/opt/anaconda3/lib/python3.13/site-packages/minium/framework/minitest.py", line 789, in _callTestMethod
    method()
    ~~~~~~^^
  File "/Users/haha/greatMan/projects/wechat-mini/2026-04-26-family-party-games/tests/test_gesture_final.py", line 165, in test_03_create_room
    self.fail("无法点击创建按钮")
    ~~~~~~~~~^^^^^^^^^^^^^^^^^^^^
  File "/opt/anaconda3/lib/python3.13/unittest/case.py", line 732, in fail
    raise self.failureException(msg)
AssertionError: 无法点击创建按钮
[I 2026-06-02 12:23:50,430 minium minitest#796 _callTestMethod] end test method
[I 2026-06-02 12:23:50,431 minium minitest#897 capture] capture teardown.png
[I 2026-06-02 12:23:50,525 minium basenative#59 wrapper] call BaseNative.get_start_up
[I 2026-06-02 12:23:50,525 minium basenative#63 wrapper] call BaseNative.get_start_up end 
[E 2026-06-02 12:23:50,527 minium assertbase#390 _get_stack_info] <bound method GestureGuessTest.test_03_create_room of <__main__.GestureGuessTest testMethod=test_03_create_room>>
Traceback (most recent call last):
  File "/opt/anaconda3/lib/python3.13/site-packages/minium/framework/libs/unittest/case.py", line 43, in testPartExecutor
    yield
  File "/opt/anaconda3/lib/python3.13/site-packages/minium/framework/libs/unittest/case.py", line 125, in run
    self._callTestMethod(testMethod)
    ~~~~~~~~~~~~~~~~~~~~^^^^^^^^^^^^
  File "/opt/anaconda3/lib/python3.13/site-packages/minium/framework/minitest.py", line 789, in _callTestMethod
    method()
    ~~~~~~^^
  File "/Users/haha/greatMan/projects/wechat-mini/2026-04-26-family-party-games/tests/test_gesture_final.py", line 165, in test_03_create_room
    self.fail("无法点击创建按钮")
    ~~~~~~~~~^^^^^^^^^^^^^^^^^^^^
AssertionError: 无法点击创建按钮
[W 2026-06-02 12:23:50,528 minium assertbase#354 _log_info_when_error] config: {'debug': False, 'base_dir': '/Users/haha/greatMan/projects/wechat-mini/2026-04-26-family-party-games', 'platform': 'ide', 'app': 'wx', 'debug_mode': 'info', 'close_ide': False, 'auto_capture': 'auto', 'check_mp_foreground': False, 'auto_relaunch': False, 'device_desire': {}, 'account_info': {}, 'report_usage': True, 'remote_connect_timeout': 180, 'request_timeout': 60, 'use_push': True, 'full_reset': False, 'outputs': './outputs', 'enable_app_log': False, 'enable_network_panel': False, 'project_path': '/Users/haha/greatMan/projects/wechat-mini/2026-04-26-family-party-games', 'dev_tool_path': '/Applications/wechatwebdevtools.app/Contents/MacOS/cli', 'test_port': 20034, 'mock_native_modal': {}, 'mock_request': [], 'auto_authorize': False, 'audits': None, 'teardown_snapshot': False, 'mock_images_dir': '', 'mock_images': {}, 'need_perf': False, 'appid': None, 'enable_h5': True, 'autofix': False, 'cloud_env_id': 'cloud1-d9g01no7m292bc511-d5e875d', 'framework_capture': True, 'error_capture': False, 'assert_capture': True, 'create_time': '20260602121508', 'case_output': './outputs/20260602121508/test_03_create_room/20260602122350184125'}
[W 2026-06-02 12:23:50,528 minium assertbase#355 _log_info_when_error] build info: {'version': '1.6.0', 'revision': '33ce5b50b34ec18c51c054a7cc1bdfb3ab0a451b', 'branch': 'master', 'update_at': '2024-10-09 21:08:56'}
[W 2026-06-02 12:23:50,528 minium minitest#1029 _log_info_when_error] mini: 基础库3.15.2, 开发者工具2.01.2510290
[W 2026-06-02 12:23:50,528 minium minitest#1031 _log_info_when_error] native: <minium.native.wx_native.idenative.IdeNative object at 0x103188830>
[I 2026-06-02 12:23:50,535 minium minitest#432 _miniSetUp] =========Current case: test_04_verify_room_code=========
[I 2026-06-02 12:23:50,536 minium minitest#435 _miniSetUp] package info: .Users.haha.greatMan.projects.wechat-mini.2026-04-26-family-party-games.tests.test_gesture_final, case info: GestureGuessTest.test_04_verify_room_code
[I 2026-06-02 12:23:50,536 minium basenative#59 wrapper] call BaseNative.check_connection
[I 2026-06-02 12:23:50,536 minium basenative#63 wrapper] call BaseNative.check_connection end True
[I 2026-06-02 12:23:50,540 minium minitest#897 capture] capture setup.png
[I 2026-06-02 12:23:50,635 minium minitest#487 _miniSetUp] =========case: test_04_verify_room_code start=========
[I 2026-06-02 12:23:50,635 minium minitest#788 _callTestMethod] call test method
[I 2026-06-02 12:23:51,640 minium page#716 _get_elements_by_css] try to get elements: text
[E 2026-06-02 12:23:53,751 minium.Conn6928 connection#668 __on_message] [488fb429-a7a2-4119-9149-b49ebb74aac7]: page destroyed
[I 2026-06-02 12:23:54,905 minium wx_minium#571 _app_initialized_callback] receive App.initialized
[I 2026-06-02 12:23:54,905 minium wx_minium#579 _relaunch] start instantiate app 6353907712
[I 2026-06-02 12:23:54,921 minium page#716 _get_elements_by_css] try to get elements: text
[I 2026-06-02 12:23:54,928 minium.App7200 app#545 release] release app <minium.miniprogram.base_driver.app.App object at 0x1031025d0>
[I 2026-06-02 12:23:54,929 minium page#749 _get_elements_by_css] find elements success: [<minium.miniprogram.base_driver.element.BaseElement object at 0x103244eb0>, <minium.miniprogram.base_driver.element.BaseElement object at 0x1032453b0>, <minium.miniprogram.base_driver.element.BaseElement object at 0x1032474d0>, <minium.miniprogram.base_driver.element.BaseElement object at 0x1032d9b30>, <minium.miniprogram.base_driver.element.BaseElement object at 0x1032dbd90>, <minium.miniprogram.base_driver.element.BaseElement object at 0x1032dbf70>, <minium.miniprogram.base_driver.element.BaseElement object at 0x1032dbe30>, <minium.miniprogram.base_driver.element.BaseElement object at 0x1032dbed0>, <minium.miniprogram.base_driver.element.BaseElement object at 0x1032db7f0>, <minium.miniprogram.base_driver.element.BaseElement object at 0x1032a8050>, <minium.miniprogram.base_driver.element.BaseElement object at 0x1032a80f0>, <minium.miniprogram.base_driver.element.BaseElement object at 0x1032a8190>, <minium.miniprogram.base_driver.element.BaseElement object at 0x1032a8230>, <minium.miniprogram.base_driver.element.BaseElement object at 0x1032a82d0>, <minium.miniprogram.base_driver.element.BaseElement object at 0x1032a8370>, <minium.miniprogram.base_driver.element.BaseElement object at 0x1032a8410>, <minium.miniprogram.base_driver.element.BaseElement object at 0x1032a84b0>, <minium.miniprogram.base_driver.element.BaseElement object at 0x1032a8550>]
[I 2026-06-02 12:23:54,974 minium wx_minium#893 _instantiate_app] new app instanst <minium.miniprogram.base_driver.app.App object at 0x103103890>, whether should relaunch: False
[I 2026-06-02 12:23:55,002 minium minitest#796 _callTestMethod] end test method
[I 2026-06-02 12:23:55,004 minium minitest#897 capture] capture teardown.png
[I 2026-06-02 12:23:55,081 minium basenative#59 wrapper] call BaseNative.get_start_up
[I 2026-06-02 12:23:55,081 minium basenative#63 wrapper] call BaseNative.get_start_up end 
[I 2026-06-02 12:23:55,084 minium minitest#432 _miniSetUp] =========Current case: test_05_verify_members=========
[I 2026-06-02 12:23:55,084 minium minitest#435 _miniSetUp] package info: .Users.haha.greatMan.projects.wechat-mini.2026-04-26-family-party-games.tests.test_gesture_final, case info: GestureGuessTest.test_05_verify_members
[I 2026-06-02 12:23:55,084 minium basenative#59 wrapper] call BaseNative.check_connection
[I 2026-06-02 12:23:55,084 minium basenative#63 wrapper] call BaseNative.check_connection end True
[W 2026-06-02 12:23:55,084 minium minitest#379 _check_debug_connection] app is relaunching, wait for it
[W 2026-06-02 12:23:55,084 minium wx_minium#1145 wait_app_relaunch] app is relaunching, wait 291.78557109832764 seconds for it
[I 2026-06-02 12:23:57,584 minium wx_minium#571 _app_initialized_callback] receive App.initialized
[I 2026-06-02 12:23:57,584 minium wx_minium#576 _relaunch] other thread relaunching app
[E 2026-06-02 12:24:55,022 minium wx_minium#606 _relaunch] [1ed59cef-23f3-4902-9be6-312aa486af91][call App.callWxMethod] receive from remote timeout
Traceback (most recent call last):
  File "/opt/anaconda3/lib/python3.13/site-packages/minium/miniprogram/wx_minium.py", line 604, in _relaunch
    self._inject()
    ~~~~~~~~~~~~^^
  File "/opt/anaconda3/lib/python3.13/site-packages/minium/miniprogram/wx_minium.py", line 359, in _inject
    self.app.call_wx_method("getSetting")
    ~~~~~~~~~~~~~~~~~~~~~~~^^^^^^^^^^^^^^
  File "/opt/anaconda3/lib/python3.13/site-packages/minium/miniprogram/base_driver/minium_log.py", line 148, in wrapper
    result = func(*args, **kwargs)
  File "/opt/anaconda3/lib/python3.13/site-packages/minium/miniprogram/base_driver/app.py", line 757, in call_wx_method
    return self._call_wx_method(method=method, args=args, plugin_appid=plugin_appid)
           ~~~~~~~~~~~~~~~~~~~~^^^^^^^^^^^^^^^^^^^^^^^^^^^^^^^^^^^^^^^^^^^^^^^^^^^^^
  File "/opt/anaconda3/lib/python3.13/site-packages/minium/miniprogram/base_driver/minium_object.py", line 162, in _call_wx_method
    return self.connection.send("App.callWxMethod", params)
           ~~~~~~~~~~~~~~~~~~~~^^^^^^^^^^^^^^^^^^^^^^^^^^^^
  File "/opt/anaconda3/lib/python3.13/site-packages/minium/miniprogram/base_driver/connection.py", line 457, in send
    return self._receive_response(cmd)
           ~~~~~~~~~~~~~~~~~~~~~~^^^^^
  File "/opt/anaconda3/lib/python3.13/site-packages/minium/miniprogram/base_driver/connection.py", line 501, in _receive_response
    raise MiniTimeoutError(
        f"[{cmd.id}][{cmd.desc}] receive from remote timeout"
    )
minium.framework.exception.MiniTimeoutError: [1ed59cef-23f3-4902-9be6-312aa486af91][call App.callWxMethod] receive from remote timeout
[I 2026-06-02 12:24:55,065 minium wx_minium#608 _relaunch] end instantiate app, cost: 60.15972900390625
[W 2026-06-02 12:24:55,066 minium wx_minium#1152 wait_app_relaunch] app is relaunch complete
[I 2026-06-02 12:24:55,069 minium minitest#897 capture] capture setup.png
[I 2026-06-02 12:24:58,030 minium wx_minium#571 _app_initialized_callback] receive App.initialized
[I 2026-06-02 12:24:58,030 minium wx_minium#579 _relaunch] start instantiate app 6353907712
[I 2026-06-02 12:24:58,040 minium.App2000 app#545 release] release app <minium.miniprogram.base_driver.app.App object at 0x103103890>
[I 2026-06-02 12:24:58,085 minium wx_minium#893 _instantiate_app] new app instanst <minium.miniprogram.base_driver.app.App object at 0x103102e90>, whether should relaunch: False
[I 2026-06-02 12:24:58,423 minium wx_minium#608 _relaunch] end instantiate app, cost: 0.3929469585418701
[W 2026-06-02 12:25:55,078 minium.App2000 app#682 screen_shot] 截图指令响应失败, 可能因为开发者工具不在前台导致
[W 2026-06-02 12:25:55,080 minium minitest#929 capture] /Users/haha/greatMan/projects/wechat-mini/2026-04-26-family-party-games/outputs/20260602121508/test_05_verify_members/20260602122355083129/images/setup.png not exists
[I 2026-06-02 12:25:55,080 minium minitest#487 _miniSetUp] =========case: test_05_verify_members start=========
[I 2026-06-02 12:25:55,081 minium minitest#788 _callTestMethod] call test method
[I 2026-06-02 12:25:55,082 minium page#716 _get_elements_by_css] try to get elements: view
[I 2026-06-02 12:25:55,116 minium page#749 _get_elements_by_css] find elements success: [<minium.miniprogram.base_driver.element.BaseElement object at 0x1032db4d0>, <minium.miniprogram.base_driver.element.BaseElement object at 0x1032da3f0>, <minium.miniprogram.base_driver.element.BaseElement object at 0x1032da490>, <minium.miniprogram.base_driver.element.BaseElement object at 0x1032da350>, <minium.miniprogram.base_driver.element.BaseElement object at 0x1032da2b0>, <minium.miniprogram.base_driver.element.BaseElement object at 0x1032db250>, <minium.miniprogram.base_driver.element.BaseElement object at 0x1032da530>, <minium.miniprogram.base_driver.element.BaseElement object at 0x1032da5d0>, <minium.miniprogram.base_driver.element.BaseElement object at 0x1032da670>, <minium.miniprogram.base_driver.element.BaseElement object at 0x1032da710>, <minium.miniprogram.base_driver.element.BaseElement object at 0x1032da7b0>, <minium.miniprogram.base_driver.element.BaseElement object at 0x1032da850>, <minium.miniprogram.base_driver.element.BaseElement object at 0x1032da8f0>, <minium.miniprogram.base_driver.element.BaseElement object at 0x1032da990>, <minium.miniprogram.base_driver.element.BaseElement object at 0x1032daa30>, <minium.miniprogram.base_driver.element.BaseElement object at 0x1032daad0>, <minium.miniprogram.base_driver.element.BaseElement object at 0x1032dab70>, <minium.miniprogram.base_driver.element.BaseElement object at 0x1032dac10>, <minium.miniprogram.base_driver.element.BaseElement object at 0x1032dacb0>, <minium.miniprogram.base_driver.element.BaseElement object at 0x1032dad50>, <minium.miniprogram.base_driver.element.BaseElement object at 0x1032dadf0>, <minium.miniprogram.base_driver.element.BaseElement object at 0x1032dae90>, <minium.miniprogram.base_driver.element.BaseElement object at 0x1032daf30>, <minium.miniprogram.base_driver.element.BaseElement object at 0x1032dafd0>, <minium.miniprogram.base_driver.element.BaseElement object at 0x1032db070>, <minium.miniprogram.base_driver.element.BaseElement object at 0x1032db110>, <minium.miniprogram.base_driver.element.BaseElement object at 0x1032db1b0>, <minium.miniprogram.base_driver.element.BaseElement object at 0x1032d9ef0>, <minium.miniprogram.base_driver.element.BaseElement object at 0x1032da0d0>, <minium.miniprogram.base_driver.element.BaseElement object at 0x1032d9db0>, <minium.miniprogram.base_driver.element.BaseElement object at 0x1032d9590>, <minium.miniprogram.base_driver.element.BaseElement object at 0x1032d9c70>, <minium.miniprogram.base_driver.element.BaseElement object at 0x1032d9450>, <minium.miniprogram.base_driver.element.BaseElement object at 0x1032d9630>, <minium.miniprogram.base_driver.element.BaseElement object at 0x1032d99f0>, <minium.miniprogram.base_driver.element.BaseElement object at 0x1032d98b0>, <minium.miniprogram.base_driver.element.BaseElement object at 0x1032d93b0>, <minium.miniprogram.base_driver.element.BaseElement object at 0x1032d8190>, <minium.miniprogram.base_driver.element.BaseElement object at 0x1032d8370>, <minium.miniprogram.base_driver.element.BaseElement object at 0x1032d82d0>, <minium.miniprogram.base_driver.element.BaseElement object at 0x1032d8550>, <minium.miniprogram.base_driver.element.BaseElement object at 0x1032d8410>, <minium.miniprogram.base_driver.element.BaseElement object at 0x1032d84b0>, <minium.miniprogram.base_driver.element.BaseElement object at 0x1032d8230>, <minium.miniprogram.base_driver.element.BaseElement object at 0x1032d85f0>, <minium.miniprogram.base_driver.element.BaseElement object at 0x1032d8690>, <minium.miniprogram.base_driver.element.BaseElement object at 0x1032d8730>, <minium.miniprogram.base_driver.element.BaseElement object at 0x1032d87d0>, <minium.miniprogram.base_driver.element.BaseElement object at 0x1032d8870>, <minium.miniprogram.base_driver.element.BaseElement object at 0x1032d8910>, <minium.miniprogram.base_driver.element.BaseElement object at 0x1032d89b0>, <minium.miniprogram.base_driver.element.BaseElement object at 0x1032d8a50>, <minium.miniprogram.base_driver.element.BaseElement object at 0x1032d8af0>, <minium.miniprogram.base_driver.element.BaseElement object at 0x1032d8b90>, <minium.miniprogram.base_driver.element.BaseElement object at 0x1032d8c30>, <minium.miniprogram.base_driver.element.BaseElement object at 0x1032d8cd0>, <minium.miniprogram.base_driver.element.BaseElement object at 0x1032d8d70>, <minium.miniprogram.base_driver.element.BaseElement object at 0x1032d8e10>, <minium.miniprogram.base_driver.element.BaseElement object at 0x1032d8eb0>, <minium.miniprogram.base_driver.element.BaseElement object at 0x1032d8f50>, <minium.miniprogram.base_driver.element.BaseElement object at 0x1032d8ff0>, <minium.miniprogram.base_driver.element.BaseElement object at 0x1032d9090>, <minium.miniprogram.base_driver.element.BaseElement object at 0x1032d9130>, <minium.miniprogram.base_driver.element.BaseElement object at 0x1032d91d0>, <minium.miniprogram.base_driver.element.BaseElement object at 0x1032d9270>, <minium.miniprogram.base_driver.element.BaseElement object at 0x1032d9310>, <minium.miniprogram.base_driver.element.BaseElement object at 0x1032d80f0>, <minium.miniprogram.base_driver.element.BaseElement object at 0x1031d67b0>, <minium.miniprogram.base_driver.element.BaseElement object at 0x1031d5270>, <minium.miniprogram.base_driver.element.BaseElement object at 0x1031d6cb0>, <minium.miniprogram.base_driver.element.BaseElement object at 0x1031d4cd0>, <minium.miniprogram.base_driver.element.BaseElement object at 0x1031d56d0>, <minium.miniprogram.base_driver.element.BaseElement object at 0x1031d5130>, <minium.miniprogram.base_driver.element.BaseElement object at 0x1031d6710>, <minium.miniprogram.base_driver.element.BaseElement object at 0x1031d7f70>, <minium.miniprogram.base_driver.element.BaseElement object at 0x1031d7e30>, <minium.miniprogram.base_driver.element.BaseElement object at 0x1031d6210>, <minium.miniprogram.base_driver.element.BaseElement object at 0x1031d6d50>, <minium.miniprogram.base_driver.element.BaseElement object at 0x1031d6850>, <minium.miniprogram.base_driver.element.BaseElement object at 0x1031d6b70>, <minium.miniprogram.base_driver.element.BaseElement object at 0x1031d6a30>, <minium.miniprogram.base_driver.element.BaseElement object at 0x1031d6350>, <minium.miniprogram.base_driver.element.BaseElement object at 0x1031965d0>, <minium.miniprogram.base_driver.element.BaseElement object at 0x103197e30>, <minium.miniprogram.base_driver.element.BaseElement object at 0x103197f70>, <minium.miniprogram.base_driver.element.BaseElement object at 0x1031968f0>, <minium.miniprogram.base_driver.element.BaseElement object at 0x10329a350>, <minium.miniprogram.base_driver.element.BaseElement object at 0x10329a710>, <minium.miniprogram.base_driver.element.BaseElement object at 0x10329a5d0>, <minium.miniprogram.base_driver.element.BaseElement object at 0x10329a490>, <minium.miniprogram.base_driver.element.BaseElement object at 0x10329a850>, <minium.miniprogram.base_driver.element.BaseElement object at 0x10329a7b0>, <minium.miniprogram.base_driver.element.BaseElement object at 0x10329a990>, <minium.miniprogram.base_driver.element.BaseElement object at 0x10329aa30>, <minium.miniprogram.base_driver.element.BaseElement object at 0x10329aad0>, <minium.miniprogram.base_driver.element.BaseElement object at 0x10329ab70>, <minium.miniprogram.base_driver.element.BaseElement object at 0x10329ac10>, <minium.miniprogram.base_driver.element.BaseElement object at 0x10329acb0>, <minium.miniprogram.base_driver.element.BaseElement object at 0x10329ad50>, <minium.miniprogram.base_driver.element.BaseElement object at 0x10329adf0>, <minium.miniprogram.base_driver.element.BaseElement object at 0x10329ae90>, <minium.miniprogram.base_driver.element.BaseElement object at 0x10329af30>, <minium.miniprogram.base_driver.element.BaseElement object at 0x10329afd0>, <minium.miniprogram.base_driver.element.BaseElement object at 0x10329b070>, <minium.miniprogram.base_driver.element.BaseElement object at 0x10329b110>, <minium.miniprogram.base_driver.element.BaseElement object at 0x10329b1b0>, <minium.miniprogram.base_driver.element.BaseElement object at 0x10329b250>, <minium.miniprogram.base_driver.element.BaseElement object at 0x10329b2f0>, <minium.miniprogram.base_driver.element.BaseElement object at 0x10329b390>, <minium.miniprogram.base_driver.element.BaseElement object at 0x10329b430>, <minium.miniprogram.base_driver.element.BaseElement object at 0x10329b4d0>, <minium.miniprogram.base_driver.element.BaseElement object at 0x10329b570>, <minium.miniprogram.base_driver.element.BaseElement object at 0x10329b610>, <minium.miniprogram.base_driver.element.BaseElement object at 0x10329b6b0>, <minium.miniprogram.base_driver.element.BaseElement object at 0x10329b750>, <minium.miniprogram.base_driver.element.BaseElement object at 0x10329b7f0>, <minium.miniprogram.base_driver.element.BaseElement object at 0x10329b890>, <minium.miniprogram.base_driver.element.BaseElement object at 0x10329b930>, <minium.miniprogram.base_driver.element.BaseElement object at 0x10329b9d0>, <minium.miniprogram.base_driver.element.BaseElement object at 0x10329ba70>, <minium.miniprogram.base_driver.element.BaseElement object at 0x10329bb10>, <minium.miniprogram.base_driver.element.BaseElement object at 0x10329bbb0>, <minium.miniprogram.base_driver.element.BaseElement object at 0x10329bc50>, <minium.miniprogram.base_driver.element.BaseElement object at 0x10329bcf0>, <minium.miniprogram.base_driver.element.BaseElement object at 0x10329bd90>, <minium.miniprogram.base_driver.element.BaseElement object at 0x10329be30>, <minium.miniprogram.base_driver.element.BaseElement object at 0x10329bed0>, <minium.miniprogram.base_driver.element.BaseElement object at 0x10329bf70>, <minium.miniprogram.base_driver.element.BaseElement object at 0x1032cfed0>, <minium.miniprogram.base_driver.element.BaseElement object at 0x1032cff70>, <minium.miniprogram.base_driver.element.BaseElement object at 0x1032cfd90>, <minium.miniprogram.base_driver.element.BaseElement object at 0x1032cfcf0>, <minium.miniprogram.base_driver.element.BaseElement object at 0x1032cc050>, <minium.miniprogram.base_driver.element.BaseElement object at 0x1032cc0f0>, <minium.miniprogram.base_driver.element.BaseElement object at 0x1032cc190>, <minium.miniprogram.base_driver.element.BaseElement object at 0x1032cc230>, <minium.miniprogram.base_driver.element.BaseElement object at 0x1032cc2d0>, <minium.miniprogram.base_driver.element.BaseElement object at 0x1032cc370>, <minium.miniprogram.base_driver.element.BaseElement object at 0x1032cc410>, <minium.miniprogram.base_driver.element.BaseElement object at 0x1032cc4b0>, <minium.miniprogram.base_driver.element.BaseElement object at 0x1032cc550>, <minium.miniprogram.base_driver.element.BaseElement object at 0x1032cc5f0>, <minium.miniprogram.base_driver.element.BaseElement object at 0x1032cc690>, <minium.miniprogram.base_driver.element.BaseElement object at 0x1032cc730>, <minium.miniprogram.base_driver.element.BaseElement object at 0x1032cc7d0>, <minium.miniprogram.base_driver.element.BaseElement object at 0x1032cc870>, <minium.miniprogram.base_driver.element.BaseElement object at 0x1032cc910>, <minium.miniprogram.base_driver.element.BaseElement object at 0x1032cc9b0>, <minium.miniprogram.base_driver.element.BaseElement object at 0x1032cca50>, <minium.miniprogram.base_driver.element.BaseElement object at 0x1032ccaf0>, <minium.miniprogram.base_driver.element.BaseElement object at 0x1032ccb90>, <minium.miniprogram.base_driver.element.BaseElement object at 0x1032ccc30>, <minium.miniprogram.base_driver.element.BaseElement object at 0x1032cccd0>, <minium.miniprogram.base_driver.element.BaseElement object at 0x1032ccd70>, <minium.miniprogram.base_driver.element.BaseElement object at 0x1032cce10>, <minium.miniprogram.base_driver.element.BaseElement object at 0x1032cceb0>, <minium.miniprogram.base_driver.element.BaseElement object at 0x1032ccf50>, <minium.miniprogram.base_driver.element.BaseElement object at 0x1032ccff0>, <minium.miniprogram.base_driver.element.BaseElement object at 0x1032cd090>, <minium.miniprogram.base_driver.element.BaseElement object at 0x1032cd130>, <minium.miniprogram.base_driver.element.BaseElement object at 0x1032cd1d0>, <minium.miniprogram.base_driver.element.BaseElement object at 0x1032cd270>, <minium.miniprogram.base_driver.element.BaseElement object at 0x1032cd310>, <minium.miniprogram.base_driver.element.BaseElement object at 0x1032cd3b0>, <minium.miniprogram.base_driver.element.BaseElement object at 0x1032cd450>]
[I 2026-06-02 12:25:55,171 minium minitest#897 capture] capture assertGreater-success.png
[I 2026-06-02 12:25:55,300 minium minitest#796 _callTestMethod] end test method
[I 2026-06-02 12:25:55,301 minium minitest#897 capture] capture teardown.png
[I 2026-06-02 12:25:55,375 minium basenative#59 wrapper] call BaseNative.get_start_up
[I 2026-06-02 12:25:55,375 minium basenative#63 wrapper] call BaseNative.get_start_up end 
[I 2026-06-02 12:25:55,381 minium minitest#432 _miniSetUp] =========Current case: test_06_game_interface=========
[I 2026-06-02 12:25:55,382 minium minitest#435 _miniSetUp] package info: .Users.haha.greatMan.projects.wechat-mini.2026-04-26-family-party-games.tests.test_gesture_final, case info: GestureGuessTest.test_06_game_interface
[I 2026-06-02 12:25:55,382 minium basenative#59 wrapper] call BaseNative.check_connection
[I 2026-06-02 12:25:55,382 minium basenative#63 wrapper] call BaseNative.check_connection end True
[I 2026-06-02 12:25:55,384 minium minitest#897 capture] capture setup.png
[I 2026-06-02 12:25:55,475 minium minitest#487 _miniSetUp] =========case: test_06_game_interface start=========
[I 2026-06-02 12:25:55,475 minium minitest#788 _callTestMethod] call test method
[I 2026-06-02 12:25:56,479 minium page#716 _get_elements_by_css] try to get elements: button
[I 2026-06-02 12:25:58,730 minium wx_minium#571 _app_initialized_callback] receive App.initialized
[I 2026-06-02 12:25:58,730 minium wx_minium#579 _relaunch] start instantiate app 6353907712
[E 2026-06-02 12:25:58,731 minium.Conn6928 connection#668 __on_message] [a3cf6878-3305-4b8e-8e54-41baea920dff]: page destroyed
[I 2026-06-02 12:25:58,740 minium page#716 _get_elements_by_css] try to get elements: button
[I 2026-06-02 12:25:58,743 minium.App9440 app#545 release] release app <minium.miniprogram.base_driver.app.App object at 0x103102e90>
[I 2026-06-02 12:25:58,750 minium page#749 _get_elements_by_css] find elements success: [<minium.miniprogram.base_driver.element.BaseElement object at 0x1032db9d0>, <minium.miniprogram.base_driver.element.BaseElement object at 0x1032db6b0>, <minium.miniprogram.base_driver.element.BaseElement object at 0x1032dbcf0>, <minium.miniprogram.base_driver.element.BaseElement object at 0x1032db7f0>, <minium.miniprogram.base_driver.element.BaseElement object at 0x1032ce170>, <minium.miniprogram.base_driver.element.BaseElement object at 0x1032ce2b0>, <minium.miniprogram.base_driver.element.BaseElement object at 0x1032ce210>, <minium.miniprogram.base_driver.element.BaseElement object at 0x1032ce490>, <minium.miniprogram.base_driver.element.BaseElement object at 0x1032ce350>, <minium.miniprogram.base_driver.element.BaseElement object at 0x1032ce530>, <minium.miniprogram.base_driver.element.BaseElement object at 0x1032ce670>, <minium.miniprogram.base_driver.element.BaseElement object at 0x1032ce5d0>, <minium.miniprogram.base_driver.element.BaseElement object at 0x1032ce3f0>, <minium.miniprogram.base_driver.element.BaseElement object at 0x1032ce710>, <minium.miniprogram.base_driver.element.BaseElement object at 0x1032ce7b0>, <minium.miniprogram.base_driver.element.BaseElement object at 0x1032ce850>, <minium.miniprogram.base_driver.element.BaseElement object at 0x1032ce8f0>, <minium.miniprogram.base_driver.element.BaseElement object at 0x1032ce990>, <minium.miniprogram.base_driver.element.BaseElement object at 0x1032cea30>, <minium.miniprogram.base_driver.element.BaseElement object at 0x1032cead0>, <minium.miniprogram.base_driver.element.BaseElement object at 0x1032ceb70>, <minium.miniprogram.base_driver.element.BaseElement object at 0x1032cec10>, <minium.miniprogram.base_driver.element.BaseElement object at 0x1032cecb0>, <minium.miniprogram.base_driver.element.BaseElement object at 0x1032ced50>, <minium.miniprogram.base_driver.element.BaseElement object at 0x1032cedf0>, <minium.miniprogram.base_driver.element.BaseElement object at 0x1032cee90>, <minium.miniprogram.base_driver.element.BaseElement object at 0x1032cef30>, <minium.miniprogram.base_driver.element.BaseElement object at 0x1032cefd0>, <minium.miniprogram.base_driver.element.BaseElement object at 0x1032cf070>, <minium.miniprogram.base_driver.element.BaseElement object at 0x1032cf110>]
[I 2026-06-02 12:25:58,755 minium minitest#897 capture] capture assertGreater-success.png
[I 2026-06-02 12:25:58,786 minium wx_minium#893 _instantiate_app] new app instanst <minium.miniprogram.base_driver.app.App object at 0x103101bd0>, whether should relaunch: False
[I 2026-06-02 12:25:58,963 minium minitest#796 _callTestMethod] end test method
[I 2026-06-02 12:25:58,964 minium minitest#897 capture] capture teardown.png
[I 2026-06-02 12:26:01,335 minium wx_minium#571 _app_initialized_callback] receive App.initialized
[I 2026-06-02 12:26:01,335 minium wx_minium#576 _relaunch] other thread relaunching app
[E 2026-06-02 12:26:58,811 minium wx_minium#606 _relaunch] [d7404e83-8558-4407-abd1-57013752ebff][call App.callWxMethod] receive from remote timeout
Traceback (most recent call last):
  File "/opt/anaconda3/lib/python3.13/site-packages/minium/miniprogram/wx_minium.py", line 604, in _relaunch
    self._inject()
    ~~~~~~~~~~~~^^
  File "/opt/anaconda3/lib/python3.13/site-packages/minium/miniprogram/wx_minium.py", line 359, in _inject
    self.app.call_wx_method("getSetting")
    ~~~~~~~~~~~~~~~~~~~~~~~^^^^^^^^^^^^^^
  File "/opt/anaconda3/lib/python3.13/site-packages/minium/miniprogram/base_driver/minium_log.py", line 148, in wrapper
    result = func(*args, **kwargs)
  File "/opt/anaconda3/lib/python3.13/site-packages/minium/miniprogram/base_driver/app.py", line 757, in call_wx_method
    return self._call_wx_method(method=method, args=args, plugin_appid=plugin_appid)
           ~~~~~~~~~~~~~~~~~~~~^^^^^^^^^^^^^^^^^^^^^^^^^^^^^^^^^^^^^^^^^^^^^^^^^^^^^
  File "/opt/anaconda3/lib/python3.13/site-packages/minium/miniprogram/base_driver/minium_object.py", line 162, in _call_wx_method
    return self.connection.send("App.callWxMethod", params)
           ~~~~~~~~~~~~~~~~~~~~^^^^^^^^^^^^^^^^^^^^^^^^^^^^
  File "/opt/anaconda3/lib/python3.13/site-packages/minium/miniprogram/base_driver/connection.py", line 457, in send
    return self._receive_response(cmd)
           ~~~~~~~~~~~~~~~~~~~~~~^^^^^
  File "/opt/anaconda3/lib/python3.13/site-packages/minium/miniprogram/base_driver/connection.py", line 501, in _receive_response
    raise MiniTimeoutError(
        f"[{cmd.id}][{cmd.desc}] receive from remote timeout"
    )
minium.framework.exception.MiniTimeoutError: [d7404e83-8558-4407-abd1-57013752ebff][call App.callWxMethod] receive from remote timeout
[I 2026-06-02 12:26:58,814 minium wx_minium#608 _relaunch] end instantiate app, cost: 60.08304166793823
[W 2026-06-02 12:26:58,974 minium.App4640 app#682 screen_shot] 截图指令响应失败, 可能因为开发者工具不在前台导致
[W 2026-06-02 12:26:58,975 minium minitest#929 capture] /Users/haha/greatMan/projects/wechat-mini/2026-04-26-family-party-games/outputs/20260602121508/test_06_game_interface/20260602122555377739/images/teardown.png not exists
[I 2026-06-02 12:26:58,975 minium basenative#59 wrapper] call BaseNative.get_start_up
[I 2026-06-02 12:26:58,975 minium basenative#63 wrapper] call BaseNative.get_start_up end 
[I 2026-06-02 12:26:58,982 minium minitest#432 _miniSetUp] =========Current case: test_07_performance=========
[I 2026-06-02 12:26:58,982 minium minitest#435 _miniSetUp] package info: .Users.haha.greatMan.projects.wechat-mini.2026-04-26-family-party-games.tests.test_gesture_final, case info: GestureGuessTest.test_07_performance
[I 2026-06-02 12:26:58,982 minium basenative#59 wrapper] call BaseNative.check_connection
[I 2026-06-02 12:26:58,982 minium basenative#63 wrapper] call BaseNative.check_connection end True
[I 2026-06-02 12:26:58,983 minium minitest#897 capture] capture setup.png
[I 2026-06-02 12:26:59,099 minium minitest#487 _miniSetUp] =========case: test_07_performance start=========
[I 2026-06-02 12:26:59,099 minium minitest#788 _callTestMethod] call test method
[I 2026-06-02 12:26:59,603 minium minitest#796 _callTestMethod] end test method
[I 2026-06-02 12:26:59,604 minium minitest#897 capture] capture teardown.png
[I 2026-06-02 12:27:01,191 minium basenative#59 wrapper] call BaseNative.get_start_up
[I 2026-06-02 12:27:01,191 minium basenative#63 wrapper] call BaseNative.get_start_up end 
[I 2026-06-02 12:27:01,213 minium minitest#432 _miniSetUp] =========Current case: test_08_network=========
[I 2026-06-02 12:27:01,214 minium minitest#435 _miniSetUp] package info: .Users.haha.greatMan.projects.wechat-mini.2026-04-26-family-party-games.tests.test_gesture_final, case info: GestureGuessTest.test_08_network
[I 2026-06-02 12:27:01,214 minium basenative#59 wrapper] call BaseNative.check_connection
[I 2026-06-02 12:27:01,214 minium basenative#63 wrapper] call BaseNative.check_connection end True
[I 2026-06-02 12:27:01,214 minium minitest#897 capture] capture setup.png
[W 2026-06-02 12:27:03,223 minium.App4640 app#682 screen_shot] 截图指令响应失败, 可能因为开发者工具不在前台导致
[W 2026-06-02 12:27:03,223 minium minitest#929 capture] /Users/haha/greatMan/projects/wechat-mini/2026-04-26-family-party-games/outputs/20260602121508/test_08_network/20260602122701198540/images/setup.png not exists
[I 2026-06-02 12:27:03,223 minium minitest#487 _miniSetUp] =========case: test_08_network start=========
[I 2026-06-02 12:27:03,223 minium minitest#788 _callTestMethod] call test method
[I 2026-06-02 12:27:03,223 minium minitest#796 _callTestMethod] end test method
[I 2026-06-02 12:27:03,226 minium minitest#897 capture] capture teardown.png
[I 2026-06-02 12:27:03,778 minium wx_minium#571 _app_initialized_callback] receive App.initialized
[I 2026-06-02 12:27:03,778 minium wx_minium#579 _relaunch] start instantiate app 6353907712
[I 2026-06-02 12:27:03,808 minium.App4640 app#545 release] release app <minium.miniprogram.base_driver.app.App object at 0x103101bd0>
[I 2026-06-02 12:27:03,870 minium wx_minium#893 _instantiate_app] new app instanst <minium.miniprogram.base_driver.app.App object at 0x103102850>, whether should relaunch: False
[I 2026-06-02 12:27:03,892 minium basenative#59 wrapper] call BaseNative.get_start_up
[I 2026-06-02 12:27:03,892 minium basenative#63 wrapper] call BaseNative.get_start_up end 
[I 2026-06-02 12:54:57,268 minium minitest#202 init_miniprogram] start init miniprogram
[I 2026-06-02 12:54:57,270 minium basenative#59 wrapper] call IdeNative.start_wechat
[I 2026-06-02 12:54:57,270 minium basenative#63 wrapper] call IdeNative.start_wechat end None
[I 2026-06-02 12:54:57,270 minium wx_minium#738 launch_dev_tool] Starting dev tool and launch MiniProgram project ...
[I 2026-06-02 12:54:57,271 minium minium_object#83 _do_shell] de shell: /Applications/wechatwebdevtools.app/Contents/MacOS/cli auto --project "/Users/haha/greatMan/projects/wechat-mini/2026-04-26-family-party-games" --auto-port 20034
[I 2026-06-02 12:55:03,681 minium minium_object#101 _do_shell] err:
- initialize

✔ IDE server has started, listening on http://127.0.0.1:23856
- preparing
- Fetching AppID () permissions
✔ Using AppID: wx73314ee6734cdfa0
✔ auto

[I 2026-06-02 12:55:03,682 minium minium_object#102 _do_shell] out:

[I 2026-06-02 12:55:08,691 minium wx_minium#835 connect_dev_tool] Trying to connect Dev tool ...
[I 2026-06-02 12:55:09,054 minium.Conn9568 connection#352 _connect] connect to WebChatTools successfully
[E 2026-06-02 12:55:57,631 minium.Conn9568 connection#642 _on_error] Connection to remote host was lost.
[W 2026-06-02 12:55:57,632 minium.Conn9568 connection#562 reconnect] connection reconnect
[I 2026-06-02 12:55:57,633 minium.Conn9568 connection#377 _ws_run_forever] websocket run forever shutdown
[I 2026-06-02 12:55:57,923 minium.Conn9568 connection#352 _connect] connect to WebChatTools successfully
[E 2026-06-02 12:56:12,099 minium wx_minium#848 connect_dev_tool] [60e678d8-9d4e-4ead-873a-86d3908220dc][call App.callWxMethod] command timeout cause by connection error: Connection to remote host was lost.
Traceback (most recent call last):
  File "/opt/anaconda3/lib/python3.13/site-packages/minium/miniprogram/wx_minium.py", line 841, in connect_dev_tool
    self._instantiate_app(not self.start_cmd or should_relaunch)
    ~~~~~~~~~~~~~~~~~~~~~^^^^^^^^^^^^^^^^^^^^^^^^^^^^^^^^^^^^^^^
  File "/opt/anaconda3/lib/python3.13/site-packages/minium/miniprogram/wx_minium.py", line 878, in _instantiate_app
    self._get_system_info()
    ~~~~~~~~~~~~~~~~~~~~~^^
  File "/opt/anaconda3/lib/python3.13/site-packages/minium/miniprogram/wx_minium.py", line 533, in _get_system_info
    system_info = self.get_system_info()
  File "/opt/anaconda3/lib/python3.13/site-packages/minium/miniprogram/base_driver/minium_log.py", line 148, in wrapper
    result = func(*args, **kwargs)
  File "/opt/anaconda3/lib/python3.13/site-packages/minium/miniprogram/wx_minium.py", line 909, in get_system_info
    self._call_wx_method("getSystemInfoSync")
    ~~~~~~~~~~~~~~~~~~~~^^^^^^^^^^^^^^^^^^^^^
  File "/opt/anaconda3/lib/python3.13/site-packages/minium/miniprogram/base_driver/minium_object.py", line 162, in _call_wx_method
    return self.connection.send("App.callWxMethod", params)
           ~~~~~~~~~~~~~~~~~~~~^^^^^^^^^^^^^^^^^^^^^^^^^^^^
  File "/opt/anaconda3/lib/python3.13/site-packages/minium/miniprogram/base_driver/connection.py", line 457, in send
    return self._receive_response(cmd)
           ~~~~~~~~~~~~~~~~~~~~~~^^^^^
  File "/opt/anaconda3/lib/python3.13/site-packages/minium/miniprogram/base_driver/connection.py", line 498, in _receive_response
    raise MiniTimeoutCauseByConnectionBreakError(
        f"[{cmd.id}][{cmd.desc}] command timeout cause by {cmd.reason}"
    )
minium.framework.exception.MiniTimeoutCauseByConnectionBreakError: [60e678d8-9d4e-4ead-873a-86d3908220dc][call App.callWxMethod] command timeout cause by connection error: Connection to remote host was lost.
[I 2026-06-02 12:56:12,140 minium wx_minium#835 connect_dev_tool] Trying to connect Dev tool ...
[I 2026-06-02 12:56:12,246 minium.Conn4544 connection#352 _connect] connect to WebChatTools successfully
[E 2026-06-02 12:56:12,246 minium.Conn9568 connection#739 destroy] 断开连接
[I 2026-06-02 12:56:17,476 minium wx_minium#893 _instantiate_app] new app instanst <minium.miniprogram.base_driver.app.App object at 0x106a59010>, whether should relaunch: False
[I 2026-06-02 12:56:17,480 minium basenative#59 wrapper] call IdeNative.send
[W 2026-06-02 12:56:17,483 minium idenative#77 _send] handle clickCoverView error: clickCoverView failed
[I 2026-06-02 12:56:17,483 minium basenative#63 wrapper] call IdeNative.send end False
[I 2026-06-02 12:56:17,926 minium.Conn9568 connection#377 _ws_run_forever] websocket run forever shutdown
[I 2026-06-02 12:56:18,335 minium minitest#218 init_miniprogram] end init miniprogram
[I 2026-06-02 12:56:18,340 minium minitest#432 _miniSetUp] =========Current case: test_01_homepage=========
[I 2026-06-02 12:56:18,340 minium minitest#435 _miniSetUp] package info: .Users.haha.greatMan.projects.wechat-mini.2026-04-26-family-party-games.tests.test_gesture_final, case info: GestureGuessTest.test_01_homepage
[I 2026-06-02 12:56:18,340 minium basenative#59 wrapper] call BaseNative.check_connection
[I 2026-06-02 12:56:18,340 minium basenative#63 wrapper] call BaseNative.check_connection end True
[I 2026-06-02 12:56:18,341 minium minitest#897 capture] capture setup.png
[I 2026-06-02 12:56:18,447 minium minitest#487 _miniSetUp] =========case: test_01_homepage start=========
[I 2026-06-02 12:56:18,447 minium minitest#788 _callTestMethod] call test method
[I 2026-06-02 12:56:21,108 minium wx_minium#571 _app_initialized_callback] receive App.initialized
[I 2026-06-02 12:56:21,109 minium wx_minium#579 _relaunch] start instantiate app 6280671232
[I 2026-06-02 12:56:21,120 minium.App0912 app#545 release] release app <minium.miniprogram.base_driver.app.App object at 0x106a59010>
[I 2026-06-02 12:56:21,159 minium wx_minium#893 _instantiate_app] new app instanst <minium.miniprogram.base_driver.app.App object at 0x1069d3250>, whether should relaunch: False
[I 2026-06-02 12:56:21,462 minium wx_minium#608 _relaunch] end instantiate app, cost: 0.3519718647003174
[I 2026-06-02 12:56:22,720 minium page#716 _get_elements_by_css] try to get elements: text
[I 2026-06-02 12:56:22,745 minium page#749 _get_elements_by_css] find elements success: [<minium.miniprogram.base_driver.element.BaseElement object at 0x10697fb60>, <minium.miniprogram.base_driver.element.BaseElement object at 0x1069d2fd0>, <minium.miniprogram.base_driver.element.BaseElement object at 0x1069d3d90>, <minium.miniprogram.base_driver.element.BaseElement object at 0x106a55480>, <minium.miniprogram.base_driver.element.BaseElement object at 0x106a555b0>, <minium.miniprogram.base_driver.element.BaseElement object at 0x106a12e70>, <minium.miniprogram.base_driver.element.BaseElement object at 0x1069a7ce0>, <minium.miniprogram.base_driver.element.BaseElement object at 0x1069a7bd0>, <minium.miniprogram.base_driver.element.BaseElement object at 0x1069f6450>, <minium.miniprogram.base_driver.element.BaseElement object at 0x1069f6750>, <minium.miniprogram.base_driver.element.BaseElement object at 0x106a0e300>, <minium.miniprogram.base_driver.element.BaseElement object at 0x106a0db80>, <minium.miniprogram.base_driver.element.BaseElement object at 0x106a0baf0>, <minium.miniprogram.base_driver.element.BaseElement object at 0x106ac0210>, <minium.miniprogram.base_driver.element.BaseElement object at 0x106a2f520>, <minium.miniprogram.base_driver.element.BaseElement object at 0x106a48e90>, <minium.miniprogram.base_driver.element.BaseElement object at 0x106a49490>, <minium.miniprogram.base_driver.element.BaseElement object at 0x10680fee0>]
[I 2026-06-02 12:56:22,820 minium page#716 _get_elements_by_css] try to get elements: view
[I 2026-06-02 12:56:22,829 minium page#749 _get_elements_by_css] find elements success: [<minium.miniprogram.base_driver.element.BaseElement object at 0x106ad0100>, <minium.miniprogram.base_driver.element.BaseElement object at 0x106aaea30>, <minium.miniprogram.base_driver.element.BaseElement object at 0x106aaec10>, <minium.miniprogram.base_driver.element.BaseElement object at 0x106aaeb70>, <minium.miniprogram.base_driver.element.BaseElement object at 0x106aaedf0>, <minium.miniprogram.base_driver.element.BaseElement object at 0x106aae710>, <minium.miniprogram.base_driver.element.BaseElement object at 0x106aaed50>, <minium.miniprogram.base_driver.element.BaseElement object at 0x106aaecb0>, <minium.miniprogram.base_driver.element.BaseElement object at 0x106aaee90>, <minium.miniprogram.base_driver.element.BaseElement object at 0x106aaef30>, <minium.miniprogram.base_driver.element.BaseElement object at 0x106aaefd0>, <minium.miniprogram.base_driver.element.BaseElement object at 0x106aaf070>, <minium.miniprogram.base_driver.element.BaseElement object at 0x106aaf110>, <minium.miniprogram.base_driver.element.BaseElement object at 0x106aaf1b0>, <minium.miniprogram.base_driver.element.BaseElement object at 0x106aaf250>, <minium.miniprogram.base_driver.element.BaseElement object at 0x106aaf2f0>, <minium.miniprogram.base_driver.element.BaseElement object at 0x106aaf390>, <minium.miniprogram.base_driver.element.BaseElement object at 0x106aaf430>, <minium.miniprogram.base_driver.element.BaseElement object at 0x106aaf4d0>, <minium.miniprogram.base_driver.element.BaseElement object at 0x106aaf570>, <minium.miniprogram.base_driver.element.BaseElement object at 0x106aaf610>, <minium.miniprogram.base_driver.element.BaseElement object at 0x106aaf6b0>, <minium.miniprogram.base_driver.element.BaseElement object at 0x106aaf750>, <minium.miniprogram.base_driver.element.BaseElement object at 0x106aaf7f0>, <minium.miniprogram.base_driver.element.BaseElement object at 0x106aaf890>, <minium.miniprogram.base_driver.element.BaseElement object at 0x106aaf930>, <minium.miniprogram.base_driver.element.BaseElement object at 0x106aaf9d0>, <minium.miniprogram.base_driver.element.BaseElement object at 0x106aafa70>, <minium.miniprogram.base_driver.element.BaseElement object at 0x106aafb10>, <minium.miniprogram.base_driver.element.BaseElement object at 0x106aafbb0>, <minium.miniprogram.base_driver.element.BaseElement object at 0x106aafc50>, <minium.miniprogram.base_driver.element.BaseElement object at 0x106aafcf0>, <minium.miniprogram.base_driver.element.BaseElement object at 0x106aafd90>, <minium.miniprogram.base_driver.element.BaseElement object at 0x106aafe30>, <minium.miniprogram.base_driver.element.BaseElement object at 0x106aafed0>, <minium.miniprogram.base_driver.element.BaseElement object at 0x106aaff70>, <minium.miniprogram.base_driver.element.BaseElement object at 0x106ae4050>, <minium.miniprogram.base_driver.element.BaseElement object at 0x106ae40f0>, <minium.miniprogram.base_driver.element.BaseElement object at 0x106ae4190>, <minium.miniprogram.base_driver.element.BaseElement object at 0x106ae4230>, <minium.miniprogram.base_driver.element.BaseElement object at 0x106ae42d0>, <minium.miniprogram.base_driver.element.BaseElement object at 0x106ae4370>, <minium.miniprogram.base_driver.element.BaseElement object at 0x106ae4410>, <minium.miniprogram.base_driver.element.BaseElement object at 0x106ae44b0>, <minium.miniprogram.base_driver.element.BaseElement object at 0x106ae4550>, <minium.miniprogram.base_driver.element.BaseElement object at 0x106ae45f0>, <minium.miniprogram.base_driver.element.BaseElement object at 0x106ae4690>, <minium.miniprogram.base_driver.element.BaseElement object at 0x106ae4730>, <minium.miniprogram.base_driver.element.BaseElement object at 0x106ae47d0>, <minium.miniprogram.base_driver.element.BaseElement object at 0x106ae4870>, <minium.miniprogram.base_driver.element.BaseElement object at 0x106ae4910>, <minium.miniprogram.base_driver.element.BaseElement object at 0x106ae49b0>, <minium.miniprogram.base_driver.element.BaseElement object at 0x106ae4a50>, <minium.miniprogram.base_driver.element.BaseElement object at 0x106ae4af0>, <minium.miniprogram.base_driver.element.BaseElement object at 0x106ae4b90>, <minium.miniprogram.base_driver.element.BaseElement object at 0x106ae4c30>, <minium.miniprogram.base_driver.element.BaseElement object at 0x106ae4cd0>, <minium.miniprogram.base_driver.element.BaseElement object at 0x106ae4d70>, <minium.miniprogram.base_driver.element.BaseElement object at 0x106ae4e10>, <minium.miniprogram.base_driver.element.BaseElement object at 0x106ae4eb0>, <minium.miniprogram.base_driver.element.BaseElement object at 0x106ae4f50>, <minium.miniprogram.base_driver.element.BaseElement object at 0x106ae4ff0>, <minium.miniprogram.base_driver.element.BaseElement object at 0x106ae5090>, <minium.miniprogram.base_driver.element.BaseElement object at 0x106ae5130>, <minium.miniprogram.base_driver.element.BaseElement object at 0x106ae51d0>, <minium.miniprogram.base_driver.element.BaseElement object at 0x106ae5270>, <minium.miniprogram.base_driver.element.BaseElement object at 0x106ae5310>, <minium.miniprogram.base_driver.element.BaseElement object at 0x106ae53b0>, <minium.miniprogram.base_driver.element.BaseElement object at 0x106ae5450>, <minium.miniprogram.base_driver.element.BaseElement object at 0x106ae54f0>, <minium.miniprogram.base_driver.element.BaseElement object at 0x106ae5590>, <minium.miniprogram.base_driver.element.BaseElement object at 0x106ae5630>, <minium.miniprogram.base_driver.element.BaseElement object at 0x106ae56d0>, <minium.miniprogram.base_driver.element.BaseElement object at 0x106ae5770>, <minium.miniprogram.base_driver.element.BaseElement object at 0x106ae5810>, <minium.miniprogram.base_driver.element.BaseElement object at 0x106ae58b0>, <minium.miniprogram.base_driver.element.BaseElement object at 0x106ae5950>, <minium.miniprogram.base_driver.element.BaseElement object at 0x106ae59f0>, <minium.miniprogram.base_driver.element.BaseElement object at 0x106ae5a90>, <minium.miniprogram.base_driver.element.BaseElement object at 0x106ae5b30>, <minium.miniprogram.base_driver.element.BaseElement object at 0x106ae5bd0>, <minium.miniprogram.base_driver.element.BaseElement object at 0x106ae5c70>, <minium.miniprogram.base_driver.element.BaseElement object at 0x106ae5d10>, <minium.miniprogram.base_driver.element.BaseElement object at 0x106ae5db0>, <minium.miniprogram.base_driver.element.BaseElement object at 0x106ae5e50>, <minium.miniprogram.base_driver.element.BaseElement object at 0x106ae5ef0>, <minium.miniprogram.base_driver.element.BaseElement object at 0x106ae5f90>, <minium.miniprogram.base_driver.element.BaseElement object at 0x106ae6030>, <minium.miniprogram.base_driver.element.BaseElement object at 0x106ae60d0>, <minium.miniprogram.base_driver.element.BaseElement object at 0x106ae6170>, <minium.miniprogram.base_driver.element.BaseElement object at 0x106ae6210>, <minium.miniprogram.base_driver.element.BaseElement object at 0x106ae62b0>, <minium.miniprogram.base_driver.element.BaseElement object at 0x106ae6350>, <minium.miniprogram.base_driver.element.BaseElement object at 0x106ae63f0>, <minium.miniprogram.base_driver.element.BaseElement object at 0x106ae6490>, <minium.miniprogram.base_driver.element.BaseElement object at 0x106ae6530>, <minium.miniprogram.base_driver.element.BaseElement object at 0x106ae65d0>, <minium.miniprogram.base_driver.element.BaseElement object at 0x106ae6670>, <minium.miniprogram.base_driver.element.BaseElement object at 0x106ae6710>, <minium.miniprogram.base_driver.element.BaseElement object at 0x106ae67b0>, <minium.miniprogram.base_driver.element.BaseElement object at 0x106ae6850>, <minium.miniprogram.base_driver.element.BaseElement object at 0x106ae68f0>, <minium.miniprogram.base_driver.element.BaseElement object at 0x106ae6990>, <minium.miniprogram.base_driver.element.BaseElement object at 0x106ae6a30>, <minium.miniprogram.base_driver.element.BaseElement object at 0x106ae6ad0>, <minium.miniprogram.base_driver.element.BaseElement object at 0x106ae6b70>, <minium.miniprogram.base_driver.element.BaseElement object at 0x106ae6c10>, <minium.miniprogram.base_driver.element.BaseElement object at 0x106ae6cb0>, <minium.miniprogram.base_driver.element.BaseElement object at 0x106ae6d50>, <minium.miniprogram.base_driver.element.BaseElement object at 0x106ae6df0>, <minium.miniprogram.base_driver.element.BaseElement object at 0x106ae6e90>, <minium.miniprogram.base_driver.element.BaseElement object at 0x106ae6f30>, <minium.miniprogram.base_driver.element.BaseElement object at 0x106ae6fd0>, <minium.miniprogram.base_driver.element.BaseElement object at 0x106ae7070>, <minium.miniprogram.base_driver.element.BaseElement object at 0x106ae7110>, <minium.miniprogram.base_driver.element.BaseElement object at 0x106ae71b0>, <minium.miniprogram.base_driver.element.BaseElement object at 0x106ae7250>, <minium.miniprogram.base_driver.element.BaseElement object at 0x106ae72f0>, <minium.miniprogram.base_driver.element.BaseElement object at 0x106ae7390>, <minium.miniprogram.base_driver.element.BaseElement object at 0x106ae7430>, <minium.miniprogram.base_driver.element.BaseElement object at 0x106ae74d0>, <minium.miniprogram.base_driver.element.BaseElement object at 0x106ae7570>, <minium.miniprogram.base_driver.element.BaseElement object at 0x106ae7610>, <minium.miniprogram.base_driver.element.BaseElement object at 0x106ae76b0>, <minium.miniprogram.base_driver.element.BaseElement object at 0x106ae7750>, <minium.miniprogram.base_driver.element.BaseElement object at 0x106ae77f0>, <minium.miniprogram.base_driver.element.BaseElement object at 0x106ae7890>, <minium.miniprogram.base_driver.element.BaseElement object at 0x106ae7930>, <minium.miniprogram.base_driver.element.BaseElement object at 0x106ae79d0>, <minium.miniprogram.base_driver.element.BaseElement object at 0x106ae7a70>, <minium.miniprogram.base_driver.element.BaseElement object at 0x106ae7b10>, <minium.miniprogram.base_driver.element.BaseElement object at 0x106ae7bb0>, <minium.miniprogram.base_driver.element.BaseElement object at 0x106ae7c50>, <minium.miniprogram.base_driver.element.BaseElement object at 0x106ae7cf0>, <minium.miniprogram.base_driver.element.BaseElement object at 0x106ae7d90>, <minium.miniprogram.base_driver.element.BaseElement object at 0x106ae7e30>, <minium.miniprogram.base_driver.element.BaseElement object at 0x106ae7ed0>, <minium.miniprogram.base_driver.element.BaseElement object at 0x106ae7f70>, <minium.miniprogram.base_driver.element.BaseElement object at 0x106aec050>, <minium.miniprogram.base_driver.element.BaseElement object at 0x106aec0f0>, <minium.miniprogram.base_driver.element.BaseElement object at 0x106aec190>, <minium.miniprogram.base_driver.element.BaseElement object at 0x106aec230>, <minium.miniprogram.base_driver.element.BaseElement object at 0x106aec2d0>, <minium.miniprogram.base_driver.element.BaseElement object at 0x106aec370>, <minium.miniprogram.base_driver.element.BaseElement object at 0x106aec410>, <minium.miniprogram.base_driver.element.BaseElement object at 0x106aec4b0>, <minium.miniprogram.base_driver.element.BaseElement object at 0x106aec550>, <minium.miniprogram.base_driver.element.BaseElement object at 0x106aec5f0>, <minium.miniprogram.base_driver.element.BaseElement object at 0x106aec690>, <minium.miniprogram.base_driver.element.BaseElement object at 0x106aec730>, <minium.miniprogram.base_driver.element.BaseElement object at 0x106aec7d0>, <minium.miniprogram.base_driver.element.BaseElement object at 0x106aec870>, <minium.miniprogram.base_driver.element.BaseElement object at 0x106aec910>, <minium.miniprogram.base_driver.element.BaseElement object at 0x106aec9b0>, <minium.miniprogram.base_driver.element.BaseElement object at 0x106aeca50>, <minium.miniprogram.base_driver.element.BaseElement object at 0x106aecaf0>, <minium.miniprogram.base_driver.element.BaseElement object at 0x106aecb90>, <minium.miniprogram.base_driver.element.BaseElement object at 0x106aecc30>, <minium.miniprogram.base_driver.element.BaseElement object at 0x106aeccd0>, <minium.miniprogram.base_driver.element.BaseElement object at 0x106aecd70>, <minium.miniprogram.base_driver.element.BaseElement object at 0x106aece10>, <minium.miniprogram.base_driver.element.BaseElement object at 0x106aeceb0>, <minium.miniprogram.base_driver.element.BaseElement object at 0x106aecf50>, <minium.miniprogram.base_driver.element.BaseElement object at 0x106aecff0>, <minium.miniprogram.base_driver.element.BaseElement object at 0x106aed090>]
[E 2026-06-02 12:56:23,190 minium minitest#793 _callTestMethod] test exception
Traceback (most recent call last):
  File "/opt/anaconda3/lib/python3.13/site-packages/minium/framework/minitest.py", line 789, in _callTestMethod
    method()
    ~~~~~~^^
  File "/Users/haha/greatMan/projects/wechat-mini/2026-04-26-family-party-games/tests/test_gesture_final.py", line 172, in test_01_homepage
    self.fail("游戏卡片未找到")
    ~~~~~~~~~^^^^^^^^^^^^^^^^^^
  File "/opt/anaconda3/lib/python3.13/unittest/case.py", line 732, in fail
    raise self.failureException(msg)
AssertionError: 游戏卡片未找到
[I 2026-06-02 12:56:23,224 minium minitest#796 _callTestMethod] end test method
[I 2026-06-02 12:56:23,236 minium minitest#897 capture] capture teardown.png
[I 2026-06-02 12:56:23,313 minium basenative#59 wrapper] call BaseNative.get_start_up
[I 2026-06-02 12:56:23,313 minium basenative#63 wrapper] call BaseNative.get_start_up end 
[E 2026-06-02 12:56:23,315 minium assertbase#390 _get_stack_info] <bound method GestureGuessTest.test_01_homepage of <__main__.GestureGuessTest testMethod=test_01_homepage>>
Traceback (most recent call last):
  File "/opt/anaconda3/lib/python3.13/site-packages/minium/framework/libs/unittest/case.py", line 43, in testPartExecutor
    yield
  File "/opt/anaconda3/lib/python3.13/site-packages/minium/framework/libs/unittest/case.py", line 125, in run
    self._callTestMethod(testMethod)
    ~~~~~~~~~~~~~~~~~~~~^^^^^^^^^^^^
  File "/opt/anaconda3/lib/python3.13/site-packages/minium/framework/minitest.py", line 789, in _callTestMethod
    method()
    ~~~~~~^^
  File "/Users/haha/greatMan/projects/wechat-mini/2026-04-26-family-party-games/tests/test_gesture_final.py", line 172, in test_01_homepage
    self.fail("游戏卡片未找到")
    ~~~~~~~~~^^^^^^^^^^^^^^^^^^
AssertionError: 游戏卡片未找到
[W 2026-06-02 12:56:23,315 minium assertbase#354 _log_info_when_error] config: {'debug': False, 'base_dir': '/Users/haha/greatMan/projects/wechat-mini/2026-04-26-family-party-games', 'platform': 'ide', 'app': 'wx', 'debug_mode': 'info', 'close_ide': False, 'auto_capture': 'auto', 'check_mp_foreground': False, 'auto_relaunch': False, 'device_desire': {}, 'account_info': {}, 'report_usage': True, 'remote_connect_timeout': 180, 'request_timeout': 60, 'use_push': True, 'full_reset': False, 'outputs': './outputs', 'enable_app_log': False, 'enable_network_panel': False, 'project_path': '/Users/haha/greatMan/projects/wechat-mini/2026-04-26-family-party-games', 'dev_tool_path': '/Applications/wechatwebdevtools.app/Contents/MacOS/cli', 'test_port': 20034, 'mock_native_modal': {}, 'mock_request': [], 'auto_authorize': False, 'audits': None, 'teardown_snapshot': False, 'mock_images_dir': '', 'mock_images': {}, 'need_perf': False, 'appid': None, 'enable_h5': True, 'autofix': False, 'cloud_env_id': 'cloud1-d9g01no7m292bc511-d5e875d', 'framework_capture': True, 'error_capture': False, 'assert_capture': True, 'create_time': '20260602125457', 'case_output': './outputs/20260602125457/test_01_homepage/20260602125618336870'}
[W 2026-06-02 12:56:23,315 minium assertbase#355 _log_info_when_error] build info: {'version': '1.6.0', 'revision': '33ce5b50b34ec18c51c054a7cc1bdfb3ab0a451b', 'branch': 'master', 'update_at': '2024-10-09 21:08:56'}
[W 2026-06-02 12:56:23,315 minium minitest#1029 _log_info_when_error] mini: 基础库3.15.2, 开发者工具2.01.2510290
[W 2026-06-02 12:56:23,315 minium minitest#1031 _log_info_when_error] native: <minium.native.wx_native.idenative.IdeNative object at 0x106a58830>
[W 2026-06-02 12:56:23,320 minium minitest#825 run] 第1次重试
[I 2026-06-02 12:56:23,321 minium minitest#432 _miniSetUp] =========Current case: test_01_homepage=========
[W 2026-06-02 12:56:23,321 minium minitest#434 _miniSetUp] 第1次重试
[I 2026-06-02 12:56:23,321 minium minitest#435 _miniSetUp] package info: .Users.haha.greatMan.projects.wechat-mini.2026-04-26-family-party-games.tests.test_gesture_final, case info: GestureGuessTest.test_01_homepage
[I 2026-06-02 12:56:23,321 minium basenative#59 wrapper] call BaseNative.check_connection
[I 2026-06-02 12:56:23,321 minium basenative#63 wrapper] call BaseNative.check_connection end True
[I 2026-06-02 12:56:23,322 minium minitest#897 capture] capture setup.png
[I 2026-06-02 12:56:23,411 minium minitest#487 _miniSetUp] =========case: test_01_homepage start=========
[I 2026-06-02 12:56:23,411 minium minitest#788 _callTestMethod] call test method
[I 2026-06-02 12:56:25,838 minium wx_minium#571 _app_initialized_callback] receive App.initialized
[I 2026-06-02 12:56:25,839 minium wx_minium#579 _relaunch] start instantiate app 6280097792
[I 2026-06-02 12:56:25,845 minium.App2624 app#545 release] release app <minium.miniprogram.base_driver.app.App object at 0x1069d3250>
[I 2026-06-02 12:56:25,874 minium wx_minium#893 _instantiate_app] new app instanst <minium.miniprogram.base_driver.app.App object at 0x1069d2d50>, whether should relaunch: False
[I 2026-06-02 12:56:26,200 minium wx_minium#608 _relaunch] end instantiate app, cost: 0.3611021041870117
[I 2026-06-02 12:56:27,446 minium page#716 _get_elements_by_css] try to get elements: text
[I 2026-06-02 12:56:27,476 minium page#749 _get_elements_by_css] find elements success: [<minium.miniprogram.base_driver.element.BaseElement object at 0x106b245f0>, <minium.miniprogram.base_driver.element.BaseElement object at 0x106b24910>, <minium.miniprogram.base_driver.element.BaseElement object at 0x106b24870>, <minium.miniprogram.base_driver.element.BaseElement object at 0x106b24af0>, <minium.miniprogram.base_driver.element.BaseElement object at 0x106b249b0>, <minium.miniprogram.base_driver.element.BaseElement object at 0x106b24a50>, <minium.miniprogram.base_driver.element.BaseElement object at 0x106b24550>, <minium.miniprogram.base_driver.element.BaseElement object at 0x106b24b90>, <minium.miniprogram.base_driver.element.BaseElement object at 0x106b24c30>, <minium.miniprogram.base_driver.element.BaseElement object at 0x106b24cd0>, <minium.miniprogram.base_driver.element.BaseElement object at 0x106b24d70>, <minium.miniprogram.base_driver.element.BaseElement object at 0x106b24e10>, <minium.miniprogram.base_driver.element.BaseElement object at 0x106b24eb0>, <minium.miniprogram.base_driver.element.BaseElement object at 0x106b24f50>, <minium.miniprogram.base_driver.element.BaseElement object at 0x106b24ff0>, <minium.miniprogram.base_driver.element.BaseElement object at 0x106b25090>, <minium.miniprogram.base_driver.element.BaseElement object at 0x106b25130>, <minium.miniprogram.base_driver.element.BaseElement object at 0x106b251d0>]
[I 2026-06-02 12:56:27,536 minium page#716 _get_elements_by_css] try to get elements: view
[I 2026-06-02 12:56:27,542 minium page#749 _get_elements_by_css] find elements success: [<minium.miniprogram.base_driver.element.BaseElement object at 0x106b24a50>, <minium.miniprogram.base_driver.element.BaseElement object at 0x106b24c30>, <minium.miniprogram.base_driver.element.BaseElement object at 0x106b24b90>, <minium.miniprogram.base_driver.element.BaseElement object at 0x106b24e10>, <minium.miniprogram.base_driver.element.BaseElement object at 0x106b24cd0>, <minium.miniprogram.base_driver.element.BaseElement object at 0x106b24d70>, <minium.miniprogram.base_driver.element.BaseElement object at 0x106b24550>, <minium.miniprogram.base_driver.element.BaseElement object at 0x106b24eb0>, <minium.miniprogram.base_driver.element.BaseElement object at 0x106b24f50>, <minium.miniprogram.base_driver.element.BaseElement object at 0x106b24ff0>, <minium.miniprogram.base_driver.element.BaseElement object at 0x106b25090>, <minium.miniprogram.base_driver.element.BaseElement object at 0x106b25130>, <minium.miniprogram.base_driver.element.BaseElement object at 0x106b247d0>, <minium.miniprogram.base_driver.element.BaseElement object at 0x106b24230>, <minium.miniprogram.base_driver.element.BaseElement object at 0x106b240f0>, <minium.miniprogram.base_driver.element.BaseElement object at 0x106b25270>, <minium.miniprogram.base_driver.element.BaseElement object at 0x106b25310>, <minium.miniprogram.base_driver.element.BaseElement object at 0x106b253b0>, <minium.miniprogram.base_driver.element.BaseElement object at 0x106b25450>, <minium.miniprogram.base_driver.element.BaseElement object at 0x106b254f0>, <minium.miniprogram.base_driver.element.BaseElement object at 0x106b25590>, <minium.miniprogram.base_driver.element.BaseElement object at 0x106b25630>, <minium.miniprogram.base_driver.element.BaseElement object at 0x106b256d0>, <minium.miniprogram.base_driver.element.BaseElement object at 0x106b25770>, <minium.miniprogram.base_driver.element.BaseElement object at 0x106b25810>, <minium.miniprogram.base_driver.element.BaseElement object at 0x106b258b0>, <minium.miniprogram.base_driver.element.BaseElement object at 0x106b25950>, <minium.miniprogram.base_driver.element.BaseElement object at 0x106b259f0>, <minium.miniprogram.base_driver.element.BaseElement object at 0x106b25a90>, <minium.miniprogram.base_driver.element.BaseElement object at 0x106b25b30>, <minium.miniprogram.base_driver.element.BaseElement object at 0x106b25bd0>, <minium.miniprogram.base_driver.element.BaseElement object at 0x106b25c70>, <minium.miniprogram.base_driver.element.BaseElement object at 0x106b25d10>, <minium.miniprogram.base_driver.element.BaseElement object at 0x106b25db0>, <minium.miniprogram.base_driver.element.BaseElement object at 0x106b25e50>, <minium.miniprogram.base_driver.element.BaseElement object at 0x106b25ef0>, <minium.miniprogram.base_driver.element.BaseElement object at 0x106b25f90>, <minium.miniprogram.base_driver.element.BaseElement object at 0x106b26030>, <minium.miniprogram.base_driver.element.BaseElement object at 0x106b260d0>, <minium.miniprogram.base_driver.element.BaseElement object at 0x106b26170>, <minium.miniprogram.base_driver.element.BaseElement object at 0x106b26210>, <minium.miniprogram.base_driver.element.BaseElement object at 0x106b262b0>, <minium.miniprogram.base_driver.element.BaseElement object at 0x106b26350>, <minium.miniprogram.base_driver.element.BaseElement object at 0x106b263f0>, <minium.miniprogram.base_driver.element.BaseElement object at 0x106b26490>, <minium.miniprogram.base_driver.element.BaseElement object at 0x106b26530>, <minium.miniprogram.base_driver.element.BaseElement object at 0x106b265d0>, <minium.miniprogram.base_driver.element.BaseElement object at 0x106b26670>, <minium.miniprogram.base_driver.element.BaseElement object at 0x106b26710>, <minium.miniprogram.base_driver.element.BaseElement object at 0x106b267b0>, <minium.miniprogram.base_driver.element.BaseElement object at 0x106b26850>, <minium.miniprogram.base_driver.element.BaseElement object at 0x106b268f0>, <minium.miniprogram.base_driver.element.BaseElement object at 0x106b26990>, <minium.miniprogram.base_driver.element.BaseElement object at 0x106b26a30>, <minium.miniprogram.base_driver.element.BaseElement object at 0x106b26ad0>, <minium.miniprogram.base_driver.element.BaseElement object at 0x106b26b70>, <minium.miniprogram.base_driver.element.BaseElement object at 0x106b26c10>, <minium.miniprogram.base_driver.element.BaseElement object at 0x106b26cb0>, <minium.miniprogram.base_driver.element.BaseElement object at 0x106b26d50>, <minium.miniprogram.base_driver.element.BaseElement object at 0x106b26df0>, <minium.miniprogram.base_driver.element.BaseElement object at 0x106b26e90>, <minium.miniprogram.base_driver.element.BaseElement object at 0x106b26f30>, <minium.miniprogram.base_driver.element.BaseElement object at 0x106b26fd0>, <minium.miniprogram.base_driver.element.BaseElement object at 0x106b27070>, <minium.miniprogram.base_driver.element.BaseElement object at 0x106b27110>, <minium.miniprogram.base_driver.element.BaseElement object at 0x106b271b0>, <minium.miniprogram.base_driver.element.BaseElement object at 0x106b27250>, <minium.miniprogram.base_driver.element.BaseElement object at 0x106b272f0>, <minium.miniprogram.base_driver.element.BaseElement object at 0x106b27390>, <minium.miniprogram.base_driver.element.BaseElement object at 0x106b27430>, <minium.miniprogram.base_driver.element.BaseElement object at 0x106b274d0>, <minium.miniprogram.base_driver.element.BaseElement object at 0x106b27570>, <minium.miniprogram.base_driver.element.BaseElement object at 0x106b27610>, <minium.miniprogram.base_driver.element.BaseElement object at 0x106b276b0>, <minium.miniprogram.base_driver.element.BaseElement object at 0x106b27750>, <minium.miniprogram.base_driver.element.BaseElement object at 0x106b277f0>, <minium.miniprogram.base_driver.element.BaseElement object at 0x106b27890>, <minium.miniprogram.base_driver.element.BaseElement object at 0x106b27930>, <minium.miniprogram.base_driver.element.BaseElement object at 0x106b279d0>, <minium.miniprogram.base_driver.element.BaseElement object at 0x106b27a70>, <minium.miniprogram.base_driver.element.BaseElement object at 0x106b27b10>, <minium.miniprogram.base_driver.element.BaseElement object at 0x106b27bb0>, <minium.miniprogram.base_driver.element.BaseElement object at 0x106b27c50>, <minium.miniprogram.base_driver.element.BaseElement object at 0x106b27cf0>, <minium.miniprogram.base_driver.element.BaseElement object at 0x106b27d90>, <minium.miniprogram.base_driver.element.BaseElement object at 0x106b27e30>, <minium.miniprogram.base_driver.element.BaseElement object at 0x106b27ed0>, <minium.miniprogram.base_driver.element.BaseElement object at 0x106b27f70>, <minium.miniprogram.base_driver.element.BaseElement object at 0x106b38050>, <minium.miniprogram.base_driver.element.BaseElement object at 0x106b380f0>, <minium.miniprogram.base_driver.element.BaseElement object at 0x106b38190>, <minium.miniprogram.base_driver.element.BaseElement object at 0x106b38230>, <minium.miniprogram.base_driver.element.BaseElement object at 0x106b382d0>, <minium.miniprogram.base_driver.element.BaseElement object at 0x106b38370>, <minium.miniprogram.base_driver.element.BaseElement object at 0x106b38410>, <minium.miniprogram.base_driver.element.BaseElement object at 0x106b384b0>, <minium.miniprogram.base_driver.element.BaseElement object at 0x106b38550>, <minium.miniprogram.base_driver.element.BaseElement object at 0x106b385f0>, <minium.miniprogram.base_driver.element.BaseElement object at 0x106b38690>, <minium.miniprogram.base_driver.element.BaseElement object at 0x106b38730>, <minium.miniprogram.base_driver.element.BaseElement object at 0x106b387d0>, <minium.miniprogram.base_driver.element.BaseElement object at 0x106b38870>, <minium.miniprogram.base_driver.element.BaseElement object at 0x106b38910>, <minium.miniprogram.base_driver.element.BaseElement object at 0x106b389b0>, <minium.miniprogram.base_driver.element.BaseElement object at 0x106b38a50>, <minium.miniprogram.base_driver.element.BaseElement object at 0x106b38af0>, <minium.miniprogram.base_driver.element.BaseElement object at 0x106b38b90>, <minium.miniprogram.base_driver.element.BaseElement object at 0x106b38c30>, <minium.miniprogram.base_driver.element.BaseElement object at 0x106b38cd0>, <minium.miniprogram.base_driver.element.BaseElement object at 0x106b38d70>, <minium.miniprogram.base_driver.element.BaseElement object at 0x106b38e10>, <minium.miniprogram.base_driver.element.BaseElement object at 0x106b38eb0>, <minium.miniprogram.base_driver.element.BaseElement object at 0x106b38f50>, <minium.miniprogram.base_driver.element.BaseElement object at 0x106b38ff0>, <minium.miniprogram.base_driver.element.BaseElement object at 0x106b39090>, <minium.miniprogram.base_driver.element.BaseElement object at 0x106b39130>, <minium.miniprogram.base_driver.element.BaseElement object at 0x106b391d0>, <minium.miniprogram.base_driver.element.BaseElement object at 0x106b39270>, <minium.miniprogram.base_driver.element.BaseElement object at 0x106b39310>, <minium.miniprogram.base_driver.element.BaseElement object at 0x106b393b0>, <minium.miniprogram.base_driver.element.BaseElement object at 0x106b39450>, <minium.miniprogram.base_driver.element.BaseElement object at 0x106b394f0>, <minium.miniprogram.base_driver.element.BaseElement object at 0x106b39590>, <minium.miniprogram.base_driver.element.BaseElement object at 0x106b39630>, <minium.miniprogram.base_driver.element.BaseElement object at 0x106b396d0>, <minium.miniprogram.base_driver.element.BaseElement object at 0x106b39770>, <minium.miniprogram.base_driver.element.BaseElement object at 0x106b39810>, <minium.miniprogram.base_driver.element.BaseElement object at 0x106b398b0>, <minium.miniprogram.base_driver.element.BaseElement object at 0x106b39950>, <minium.miniprogram.base_driver.element.BaseElement object at 0x106b399f0>, <minium.miniprogram.base_driver.element.BaseElement object at 0x106b39a90>, <minium.miniprogram.base_driver.element.BaseElement object at 0x106b39b30>, <minium.miniprogram.base_driver.element.BaseElement object at 0x106b39bd0>, <minium.miniprogram.base_driver.element.BaseElement object at 0x106b39c70>, <minium.miniprogram.base_driver.element.BaseElement object at 0x106b39d10>, <minium.miniprogram.base_driver.element.BaseElement object at 0x106b39db0>, <minium.miniprogram.base_driver.element.BaseElement object at 0x106b39e50>, <minium.miniprogram.base_driver.element.BaseElement object at 0x106b39ef0>, <minium.miniprogram.base_driver.element.BaseElement object at 0x106b39f90>, <minium.miniprogram.base_driver.element.BaseElement object at 0x106b3a030>, <minium.miniprogram.base_driver.element.BaseElement object at 0x106b3a0d0>, <minium.miniprogram.base_driver.element.BaseElement object at 0x106b3a170>, <minium.miniprogram.base_driver.element.BaseElement object at 0x106b3a210>, <minium.miniprogram.base_driver.element.BaseElement object at 0x106b3a2b0>, <minium.miniprogram.base_driver.element.BaseElement object at 0x106b3a350>, <minium.miniprogram.base_driver.element.BaseElement object at 0x106b3a3f0>, <minium.miniprogram.base_driver.element.BaseElement object at 0x106b3a490>, <minium.miniprogram.base_driver.element.BaseElement object at 0x106b3a530>, <minium.miniprogram.base_driver.element.BaseElement object at 0x106b3a5d0>, <minium.miniprogram.base_driver.element.BaseElement object at 0x106b3a670>, <minium.miniprogram.base_driver.element.BaseElement object at 0x106b3a710>, <minium.miniprogram.base_driver.element.BaseElement object at 0x106b3a7b0>, <minium.miniprogram.base_driver.element.BaseElement object at 0x106b3a850>, <minium.miniprogram.base_driver.element.BaseElement object at 0x106b3a8f0>, <minium.miniprogram.base_driver.element.BaseElement object at 0x106b3a990>, <minium.miniprogram.base_driver.element.BaseElement object at 0x106b3aa30>, <minium.miniprogram.base_driver.element.BaseElement object at 0x106b3aad0>, <minium.miniprogram.base_driver.element.BaseElement object at 0x106b3ab70>, <minium.miniprogram.base_driver.element.BaseElement object at 0x106b3ac10>, <minium.miniprogram.base_driver.element.BaseElement object at 0x106b3acb0>, <minium.miniprogram.base_driver.element.BaseElement object at 0x106b3ad50>, <minium.miniprogram.base_driver.element.BaseElement object at 0x106b3adf0>, <minium.miniprogram.base_driver.element.BaseElement object at 0x106b3ae90>, <minium.miniprogram.base_driver.element.BaseElement object at 0x106b3af30>, <minium.miniprogram.base_driver.element.BaseElement object at 0x106b3afd0>]
[E 2026-06-02 12:56:27,913 minium minitest#793 _callTestMethod] test exception
Traceback (most recent call last):
  File "/opt/anaconda3/lib/python3.13/site-packages/minium/framework/minitest.py", line 789, in _callTestMethod
    method()
    ~~~~~~^^
  File "/Users/haha/greatMan/projects/wechat-mini/2026-04-26-family-party-games/tests/test_gesture_final.py", line 172, in test_01_homepage
    self.fail("游戏卡片未找到")
    ~~~~~~~~~^^^^^^^^^^^^^^^^^^
  File "/opt/anaconda3/lib/python3.13/unittest/case.py", line 732, in fail
    raise self.failureException(msg)
AssertionError: 游戏卡片未找到
[I 2026-06-02 12:56:27,914 minium minitest#796 _callTestMethod] end test method
[I 2026-06-02 12:56:27,915 minium minitest#897 capture] capture teardown.png
[I 2026-06-02 12:56:27,984 minium basenative#59 wrapper] call BaseNative.get_start_up
[I 2026-06-02 12:56:27,984 minium basenative#63 wrapper] call BaseNative.get_start_up end 
[E 2026-06-02 12:56:27,985 minium assertbase#390 _get_stack_info] <bound method GestureGuessTest.test_01_homepage of <__main__.GestureGuessTest testMethod=test_01_homepage>>
Traceback (most recent call last):
  File "/opt/anaconda3/lib/python3.13/site-packages/minium/framework/libs/unittest/case.py", line 43, in testPartExecutor
    yield
  File "/opt/anaconda3/lib/python3.13/site-packages/minium/framework/libs/unittest/case.py", line 125, in run
    self._callTestMethod(testMethod)
    ~~~~~~~~~~~~~~~~~~~~^^^^^^^^^^^^
  File "/opt/anaconda3/lib/python3.13/site-packages/minium/framework/minitest.py", line 789, in _callTestMethod
    method()
    ~~~~~~^^
  File "/Users/haha/greatMan/projects/wechat-mini/2026-04-26-family-party-games/tests/test_gesture_final.py", line 172, in test_01_homepage
    self.fail("游戏卡片未找到")
    ~~~~~~~~~^^^^^^^^^^^^^^^^^^
AssertionError: 游戏卡片未找到
[W 2026-06-02 12:56:27,985 minium assertbase#354 _log_info_when_error] config: {'debug': False, 'base_dir': '/Users/haha/greatMan/projects/wechat-mini/2026-04-26-family-party-games', 'platform': 'ide', 'app': 'wx', 'debug_mode': 'info', 'close_ide': False, 'auto_capture': 'auto', 'check_mp_foreground': False, 'auto_relaunch': False, 'device_desire': {}, 'account_info': {}, 'report_usage': True, 'remote_connect_timeout': 180, 'request_timeout': 60, 'use_push': True, 'full_reset': False, 'outputs': './outputs', 'enable_app_log': False, 'enable_network_panel': False, 'project_path': '/Users/haha/greatMan/projects/wechat-mini/2026-04-26-family-party-games', 'dev_tool_path': '/Applications/wechatwebdevtools.app/Contents/MacOS/cli', 'test_port': 20034, 'mock_native_modal': {}, 'mock_request': [], 'auto_authorize': False, 'audits': None, 'teardown_snapshot': False, 'mock_images_dir': '', 'mock_images': {}, 'need_perf': False, 'appid': None, 'enable_h5': True, 'autofix': False, 'cloud_env_id': 'cloud1-d9g01no7m292bc511-d5e875d', 'framework_capture': True, 'error_capture': False, 'assert_capture': True, 'create_time': '20260602125457', 'case_output': './outputs/20260602125457/test_01_homepage/20260602125623320892'}
[W 2026-06-02 12:56:27,986 minium assertbase#355 _log_info_when_error] build info: {'version': '1.6.0', 'revision': '33ce5b50b34ec18c51c054a7cc1bdfb3ab0a451b', 'branch': 'master', 'update_at': '2024-10-09 21:08:56'}
[W 2026-06-02 12:56:27,986 minium minitest#1029 _log_info_when_error] mini: 基础库3.15.2, 开发者工具2.01.2510290
[W 2026-06-02 12:56:27,986 minium minitest#1031 _log_info_when_error] native: <minium.native.wx_native.idenative.IdeNative object at 0x106a58830>
[I 2026-06-02 12:56:27,989 minium minitest#432 _miniSetUp] =========Current case: test_02_click_game=========
[I 2026-06-02 12:56:27,990 minium minitest#435 _miniSetUp] package info: .Users.haha.greatMan.projects.wechat-mini.2026-04-26-family-party-games.tests.test_gesture_final, case info: GestureGuessTest.test_02_click_game
[I 2026-06-02 12:56:27,990 minium basenative#59 wrapper] call BaseNative.check_connection
[I 2026-06-02 12:56:27,990 minium basenative#63 wrapper] call BaseNative.check_connection end True
[I 2026-06-02 12:56:27,991 minium minitest#897 capture] capture setup.png
[I 2026-06-02 12:56:28,063 minium minitest#487 _miniSetUp] =========case: test_02_click_game start=========
[I 2026-06-02 12:56:28,063 minium minitest#788 _callTestMethod] call test method
[I 2026-06-02 12:56:30,460 minium wx_minium#571 _app_initialized_callback] receive App.initialized
[I 2026-06-02 12:56:30,461 minium wx_minium#579 _relaunch] start instantiate app 6280097792
[I 2026-06-02 12:56:30,500 minium.App1344 app#545 release] release app <minium.miniprogram.base_driver.app.App object at 0x1069d2d50>
[I 2026-06-02 12:56:30,531 minium wx_minium#893 _instantiate_app] new app instanst <minium.miniprogram.base_driver.app.App object at 0x1069d1a90>, whether should relaunch: False
[I 2026-06-02 12:56:30,833 minium wx_minium#608 _relaunch] end instantiate app, cost: 0.3718757629394531
[I 2026-06-02 12:56:31,097 minium page#716 _get_elements_by_css] try to get elements: button
[I 2026-06-02 12:56:31,102 minium page#749 _get_elements_by_css] find elements success: [<minium.miniprogram.base_driver.element.BaseElement object at 0x106b25770>, <minium.miniprogram.base_driver.element.BaseElement object at 0x106b25950>, <minium.miniprogram.base_driver.element.BaseElement object at 0x106b258b0>, <minium.miniprogram.base_driver.element.BaseElement object at 0x106b25b30>, <minium.miniprogram.base_driver.element.BaseElement object at 0x106b259f0>, <minium.miniprogram.base_driver.element.BaseElement object at 0x106b25a90>, <minium.miniprogram.base_driver.element.BaseElement object at 0x106b25590>, <minium.miniprogram.base_driver.element.BaseElement object at 0x106b25bd0>, <minium.miniprogram.base_driver.element.BaseElement object at 0x106b25c70>, <minium.miniprogram.base_driver.element.BaseElement object at 0x106b25d10>, <minium.miniprogram.base_driver.element.BaseElement object at 0x106b25db0>, <minium.miniprogram.base_driver.element.BaseElement object at 0x106b25e50>, <minium.miniprogram.base_driver.element.BaseElement object at 0x106b25ef0>, <minium.miniprogram.base_driver.element.BaseElement object at 0x106b25f90>, <minium.miniprogram.base_driver.element.BaseElement object at 0x106b26030>, <minium.miniprogram.base_driver.element.BaseElement object at 0x106b260d0>, <minium.miniprogram.base_driver.element.BaseElement object at 0x106b26170>, <minium.miniprogram.base_driver.element.BaseElement object at 0x106b26210>, <minium.miniprogram.base_driver.element.BaseElement object at 0x106b262b0>, <minium.miniprogram.base_driver.element.BaseElement object at 0x106b26350>, <minium.miniprogram.base_driver.element.BaseElement object at 0x106b263f0>, <minium.miniprogram.base_driver.element.BaseElement object at 0x106b26490>, <minium.miniprogram.base_driver.element.BaseElement object at 0x106b26530>, <minium.miniprogram.base_driver.element.BaseElement object at 0x106b265d0>, <minium.miniprogram.base_driver.element.BaseElement object at 0x106b26670>, <minium.miniprogram.base_driver.element.BaseElement object at 0x106b26710>, <minium.miniprogram.base_driver.element.BaseElement object at 0x106b267b0>, <minium.miniprogram.base_driver.element.BaseElement object at 0x106b26850>, <minium.miniprogram.base_driver.element.BaseElement object at 0x106b268f0>, <minium.miniprogram.base_driver.element.BaseElement object at 0x106b26990>]
[I 2026-06-02 12:56:31,178 minium page#716 _get_elements_by_css] try to get elements: view
[I 2026-06-02 12:56:31,185 minium page#749 _get_elements_by_css] find elements success: [<minium.miniprogram.base_driver.element.BaseElement object at 0x106b26b70>, <minium.miniprogram.base_driver.element.BaseElement object at 0x106b26d50>, <minium.miniprogram.base_driver.element.BaseElement object at 0x106b26cb0>, <minium.miniprogram.base_driver.element.BaseElement object at 0x106b26f30>, <minium.miniprogram.base_driver.element.BaseElement object at 0x106b26df0>, <minium.miniprogram.base_driver.element.BaseElement object at 0x106b26e90>, <minium.miniprogram.base_driver.element.BaseElement object at 0x106b26c10>, <minium.miniprogram.base_driver.element.BaseElement object at 0x106b26fd0>, <minium.miniprogram.base_driver.element.BaseElement object at 0x106b27070>, <minium.miniprogram.base_driver.element.BaseElement object at 0x106b27110>, <minium.miniprogram.base_driver.element.BaseElement object at 0x106b271b0>, <minium.miniprogram.base_driver.element.BaseElement object at 0x106b27250>, <minium.miniprogram.base_driver.element.BaseElement object at 0x106b272f0>, <minium.miniprogram.base_driver.element.BaseElement object at 0x106b27390>, <minium.miniprogram.base_driver.element.BaseElement object at 0x106b27430>, <minium.miniprogram.base_driver.element.BaseElement object at 0x106b274d0>, <minium.miniprogram.base_driver.element.BaseElement object at 0x106b27570>, <minium.miniprogram.base_driver.element.BaseElement object at 0x106b27610>, <minium.miniprogram.base_driver.element.BaseElement object at 0x106b276b0>, <minium.miniprogram.base_driver.element.BaseElement object at 0x106b27750>, <minium.miniprogram.base_driver.element.BaseElement object at 0x106b277f0>, <minium.miniprogram.base_driver.element.BaseElement object at 0x106b27890>, <minium.miniprogram.base_driver.element.BaseElement object at 0x106b27930>, <minium.miniprogram.base_driver.element.BaseElement object at 0x106b279d0>, <minium.miniprogram.base_driver.element.BaseElement object at 0x106b27a70>, <minium.miniprogram.base_driver.element.BaseElement object at 0x106b27b10>, <minium.miniprogram.base_driver.element.BaseElement object at 0x106b27bb0>, <minium.miniprogram.base_driver.element.BaseElement object at 0x106b27c50>, <minium.miniprogram.base_driver.element.BaseElement object at 0x106b27cf0>, <minium.miniprogram.base_driver.element.BaseElement object at 0x106b27d90>, <minium.miniprogram.base_driver.element.BaseElement object at 0x106b27e30>, <minium.miniprogram.base_driver.element.BaseElement object at 0x106b27ed0>, <minium.miniprogram.base_driver.element.BaseElement object at 0x106b27f70>, <minium.miniprogram.base_driver.element.BaseElement object at 0x106b251d0>, <minium.miniprogram.base_driver.element.BaseElement object at 0x106b24690>, <minium.miniprogram.base_driver.element.BaseElement object at 0x106b245f0>, <minium.miniprogram.base_driver.element.BaseElement object at 0x106b24af0>, <minium.miniprogram.base_driver.element.BaseElement object at 0x106b24870>, <minium.miniprogram.base_driver.element.BaseElement object at 0x106b44050>, <minium.miniprogram.base_driver.element.BaseElement object at 0x106b440f0>, <minium.miniprogram.base_driver.element.BaseElement object at 0x106b44190>, <minium.miniprogram.base_driver.element.BaseElement object at 0x106b44230>, <minium.miniprogram.base_driver.element.BaseElement object at 0x106b442d0>, <minium.miniprogram.base_driver.element.BaseElement object at 0x106b44370>, <minium.miniprogram.base_driver.element.BaseElement object at 0x106b44410>, <minium.miniprogram.base_driver.element.BaseElement object at 0x106b444b0>, <minium.miniprogram.base_driver.element.BaseElement object at 0x106b44550>, <minium.miniprogram.base_driver.element.BaseElement object at 0x106b445f0>, <minium.miniprogram.base_driver.element.BaseElement object at 0x106b44690>, <minium.miniprogram.base_driver.element.BaseElement object at 0x106b44730>, <minium.miniprogram.base_driver.element.BaseElement object at 0x106b447d0>, <minium.miniprogram.base_driver.element.BaseElement object at 0x106b44870>, <minium.miniprogram.base_driver.element.BaseElement object at 0x106b44910>, <minium.miniprogram.base_driver.element.BaseElement object at 0x106b449b0>, <minium.miniprogram.base_driver.element.BaseElement object at 0x106b44a50>, <minium.miniprogram.base_driver.element.BaseElement object at 0x106b44af0>, <minium.miniprogram.base_driver.element.BaseElement object at 0x106b44b90>, <minium.miniprogram.base_driver.element.BaseElement object at 0x106b44c30>, <minium.miniprogram.base_driver.element.BaseElement object at 0x106b44cd0>, <minium.miniprogram.base_driver.element.BaseElement object at 0x106b44d70>, <minium.miniprogram.base_driver.element.BaseElement object at 0x106b44e10>, <minium.miniprogram.base_driver.element.BaseElement object at 0x106b44eb0>, <minium.miniprogram.base_driver.element.BaseElement object at 0x106b44f50>, <minium.miniprogram.base_driver.element.BaseElement object at 0x106b44ff0>, <minium.miniprogram.base_driver.element.BaseElement object at 0x106b45090>, <minium.miniprogram.base_driver.element.BaseElement object at 0x106b45130>, <minium.miniprogram.base_driver.element.BaseElement object at 0x106b451d0>, <minium.miniprogram.base_driver.element.BaseElement object at 0x106b45270>, <minium.miniprogram.base_driver.element.BaseElement object at 0x106b45310>, <minium.miniprogram.base_driver.element.BaseElement object at 0x106b453b0>, <minium.miniprogram.base_driver.element.BaseElement object at 0x106b45450>, <minium.miniprogram.base_driver.element.BaseElement object at 0x106b454f0>, <minium.miniprogram.base_driver.element.BaseElement object at 0x106b45590>, <minium.miniprogram.base_driver.element.BaseElement object at 0x106b45630>, <minium.miniprogram.base_driver.element.BaseElement object at 0x106b456d0>, <minium.miniprogram.base_driver.element.BaseElement object at 0x106b45770>, <minium.miniprogram.base_driver.element.BaseElement object at 0x106b45810>, <minium.miniprogram.base_driver.element.BaseElement object at 0x106b458b0>, <minium.miniprogram.base_driver.element.BaseElement object at 0x106b45950>, <minium.miniprogram.base_driver.element.BaseElement object at 0x106b459f0>, <minium.miniprogram.base_driver.element.BaseElement object at 0x106b45a90>, <minium.miniprogram.base_driver.element.BaseElement object at 0x106b45b30>, <minium.miniprogram.base_driver.element.BaseElement object at 0x106b45bd0>, <minium.miniprogram.base_driver.element.BaseElement object at 0x106b45c70>, <minium.miniprogram.base_driver.element.BaseElement object at 0x106b45d10>, <minium.miniprogram.base_driver.element.BaseElement object at 0x106b45db0>, <minium.miniprogram.base_driver.element.BaseElement object at 0x106b45e50>, <minium.miniprogram.base_driver.element.BaseElement object at 0x106b45ef0>, <minium.miniprogram.base_driver.element.BaseElement object at 0x106b45f90>, <minium.miniprogram.base_driver.element.BaseElement object at 0x106b46030>, <minium.miniprogram.base_driver.element.BaseElement object at 0x106b460d0>, <minium.miniprogram.base_driver.element.BaseElement object at 0x106b46170>, <minium.miniprogram.base_driver.element.BaseElement object at 0x106b46210>, <minium.miniprogram.base_driver.element.BaseElement object at 0x106b462b0>, <minium.miniprogram.base_driver.element.BaseElement object at 0x106b46350>, <minium.miniprogram.base_driver.element.BaseElement object at 0x106b463f0>, <minium.miniprogram.base_driver.element.BaseElement object at 0x106b46490>, <minium.miniprogram.base_driver.element.BaseElement object at 0x106b46530>, <minium.miniprogram.base_driver.element.BaseElement object at 0x106b465d0>, <minium.miniprogram.base_driver.element.BaseElement object at 0x106b46670>, <minium.miniprogram.base_driver.element.BaseElement object at 0x106b46710>, <minium.miniprogram.base_driver.element.BaseElement object at 0x106b467b0>, <minium.miniprogram.base_driver.element.BaseElement object at 0x106b46850>, <minium.miniprogram.base_driver.element.BaseElement object at 0x106b468f0>, <minium.miniprogram.base_driver.element.BaseElement object at 0x106b46990>, <minium.miniprogram.base_driver.element.BaseElement object at 0x106b46a30>, <minium.miniprogram.base_driver.element.BaseElement object at 0x106b46ad0>, <minium.miniprogram.base_driver.element.BaseElement object at 0x106b46b70>, <minium.miniprogram.base_driver.element.BaseElement object at 0x106b46c10>, <minium.miniprogram.base_driver.element.BaseElement object at 0x106b46cb0>, <minium.miniprogram.base_driver.element.BaseElement object at 0x106b46d50>, <minium.miniprogram.base_driver.element.BaseElement object at 0x106b46df0>, <minium.miniprogram.base_driver.element.BaseElement object at 0x106b46e90>, <minium.miniprogram.base_driver.element.BaseElement object at 0x106b46f30>, <minium.miniprogram.base_driver.element.BaseElement object at 0x106b46fd0>, <minium.miniprogram.base_driver.element.BaseElement object at 0x106b47070>, <minium.miniprogram.base_driver.element.BaseElement object at 0x106b47110>, <minium.miniprogram.base_driver.element.BaseElement object at 0x106b471b0>, <minium.miniprogram.base_driver.element.BaseElement object at 0x106b47250>, <minium.miniprogram.base_driver.element.BaseElement object at 0x106b472f0>, <minium.miniprogram.base_driver.element.BaseElement object at 0x106b47390>, <minium.miniprogram.base_driver.element.BaseElement object at 0x106b47430>, <minium.miniprogram.base_driver.element.BaseElement object at 0x106b474d0>, <minium.miniprogram.base_driver.element.BaseElement object at 0x106b47570>, <minium.miniprogram.base_driver.element.BaseElement object at 0x106b47610>, <minium.miniprogram.base_driver.element.BaseElement object at 0x106b476b0>, <minium.miniprogram.base_driver.element.BaseElement object at 0x106b47750>, <minium.miniprogram.base_driver.element.BaseElement object at 0x106b477f0>, <minium.miniprogram.base_driver.element.BaseElement object at 0x106b47890>, <minium.miniprogram.base_driver.element.BaseElement object at 0x106b47930>, <minium.miniprogram.base_driver.element.BaseElement object at 0x106b479d0>, <minium.miniprogram.base_driver.element.BaseElement object at 0x106b47a70>, <minium.miniprogram.base_driver.element.BaseElement object at 0x106b47b10>, <minium.miniprogram.base_driver.element.BaseElement object at 0x106b47bb0>, <minium.miniprogram.base_driver.element.BaseElement object at 0x106b47c50>, <minium.miniprogram.base_driver.element.BaseElement object at 0x106b47cf0>, <minium.miniprogram.base_driver.element.BaseElement object at 0x106b47d90>, <minium.miniprogram.base_driver.element.BaseElement object at 0x106b47e30>, <minium.miniprogram.base_driver.element.BaseElement object at 0x106b47ed0>, <minium.miniprogram.base_driver.element.BaseElement object at 0x106b47f70>, <minium.miniprogram.base_driver.element.BaseElement object at 0x106b48050>, <minium.miniprogram.base_driver.element.BaseElement object at 0x106b480f0>, <minium.miniprogram.base_driver.element.BaseElement object at 0x106b48190>, <minium.miniprogram.base_driver.element.BaseElement object at 0x106b48230>, <minium.miniprogram.base_driver.element.BaseElement object at 0x106b482d0>, <minium.miniprogram.base_driver.element.BaseElement object at 0x106b48370>, <minium.miniprogram.base_driver.element.BaseElement object at 0x106b48410>, <minium.miniprogram.base_driver.element.BaseElement object at 0x106b484b0>, <minium.miniprogram.base_driver.element.BaseElement object at 0x106b48550>, <minium.miniprogram.base_driver.element.BaseElement object at 0x106b485f0>, <minium.miniprogram.base_driver.element.BaseElement object at 0x106b48690>, <minium.miniprogram.base_driver.element.BaseElement object at 0x106b48730>, <minium.miniprogram.base_driver.element.BaseElement object at 0x106b487d0>, <minium.miniprogram.base_driver.element.BaseElement object at 0x106b48870>, <minium.miniprogram.base_driver.element.BaseElement object at 0x106b48910>, <minium.miniprogram.base_driver.element.BaseElement object at 0x106b489b0>, <minium.miniprogram.base_driver.element.BaseElement object at 0x106b48a50>, <minium.miniprogram.base_driver.element.BaseElement object at 0x106b48af0>, <minium.miniprogram.base_driver.element.BaseElement object at 0x106b48b90>, <minium.miniprogram.base_driver.element.BaseElement object at 0x106b48c30>, <minium.miniprogram.base_driver.element.BaseElement object at 0x106b48cd0>, <minium.miniprogram.base_driver.element.BaseElement object at 0x106b48d70>, <minium.miniprogram.base_driver.element.BaseElement object at 0x106b48e10>, <minium.miniprogram.base_driver.element.BaseElement object at 0x106b48eb0>, <minium.miniprogram.base_driver.element.BaseElement object at 0x106b48f50>]
[E 2026-06-02 12:56:31,684 minium minitest#793 _callTestMethod] test exception
Traceback (most recent call last):
  File "/opt/anaconda3/lib/python3.13/site-packages/minium/framework/minitest.py", line 789, in _callTestMethod
    method()
    ~~~~~~^^
  File "/Users/haha/greatMan/projects/wechat-mini/2026-04-26-family-party-games/tests/test_gesture_final.py", line 186, in test_02_click_game
    self.fail("无法点击游戏卡片")
    ~~~~~~~~~^^^^^^^^^^^^^^^^^^^^
  File "/opt/anaconda3/lib/python3.13/unittest/case.py", line 732, in fail
    raise self.failureException(msg)
AssertionError: 无法点击游戏卡片
[I 2026-06-02 12:56:31,685 minium minitest#796 _callTestMethod] end test method
[I 2026-06-02 12:56:31,685 minium minitest#897 capture] capture teardown.png
[I 2026-06-02 12:56:31,754 minium basenative#59 wrapper] call BaseNative.get_start_up
[I 2026-06-02 12:56:31,754 minium basenative#63 wrapper] call BaseNative.get_start_up end 
[E 2026-06-02 12:56:31,755 minium assertbase#390 _get_stack_info] <bound method GestureGuessTest.test_02_click_game of <__main__.GestureGuessTest testMethod=test_02_click_game>>
Traceback (most recent call last):
  File "/opt/anaconda3/lib/python3.13/site-packages/minium/framework/libs/unittest/case.py", line 43, in testPartExecutor
    yield
  File "/opt/anaconda3/lib/python3.13/site-packages/minium/framework/libs/unittest/case.py", line 125, in run
    self._callTestMethod(testMethod)
    ~~~~~~~~~~~~~~~~~~~~^^^^^^^^^^^^
  File "/opt/anaconda3/lib/python3.13/site-packages/minium/framework/minitest.py", line 789, in _callTestMethod
    method()
    ~~~~~~^^
  File "/Users/haha/greatMan/projects/wechat-mini/2026-04-26-family-party-games/tests/test_gesture_final.py", line 186, in test_02_click_game
    self.fail("无法点击游戏卡片")
    ~~~~~~~~~^^^^^^^^^^^^^^^^^^^^
AssertionError: 无法点击游戏卡片
[W 2026-06-02 12:56:31,756 minium assertbase#354 _log_info_when_error] config: {'debug': False, 'base_dir': '/Users/haha/greatMan/projects/wechat-mini/2026-04-26-family-party-games', 'platform': 'ide', 'app': 'wx', 'debug_mode': 'info', 'close_ide': False, 'auto_capture': 'auto', 'check_mp_foreground': False, 'auto_relaunch': False, 'device_desire': {}, 'account_info': {}, 'report_usage': True, 'remote_connect_timeout': 180, 'request_timeout': 60, 'use_push': True, 'full_reset': False, 'outputs': './outputs', 'enable_app_log': False, 'enable_network_panel': False, 'project_path': '/Users/haha/greatMan/projects/wechat-mini/2026-04-26-family-party-games', 'dev_tool_path': '/Applications/wechatwebdevtools.app/Contents/MacOS/cli', 'test_port': 20034, 'mock_native_modal': {}, 'mock_request': [], 'auto_authorize': False, 'audits': None, 'teardown_snapshot': False, 'mock_images_dir': '', 'mock_images': {}, 'need_perf': False, 'appid': None, 'enable_h5': True, 'autofix': False, 'cloud_env_id': 'cloud1-d9g01no7m292bc511-d5e875d', 'framework_capture': True, 'error_capture': False, 'assert_capture': True, 'create_time': '20260602125457', 'case_output': './outputs/20260602125457/test_02_click_game/20260602125627987256'}
[W 2026-06-02 12:56:31,756 minium assertbase#355 _log_info_when_error] build info: {'version': '1.6.0', 'revision': '33ce5b50b34ec18c51c054a7cc1bdfb3ab0a451b', 'branch': 'master', 'update_at': '2024-10-09 21:08:56'}
[W 2026-06-02 12:56:31,756 minium minitest#1029 _log_info_when_error] mini: 基础库3.15.2, 开发者工具2.01.2510290
[W 2026-06-02 12:56:31,756 minium minitest#1031 _log_info_when_error] native: <minium.native.wx_native.idenative.IdeNative object at 0x106a58830>
[W 2026-06-02 12:56:31,759 minium minitest#825 run] 第1次重试
[I 2026-06-02 12:56:31,760 minium minitest#432 _miniSetUp] =========Current case: test_02_click_game=========
[W 2026-06-02 12:56:31,760 minium minitest#434 _miniSetUp] 第1次重试
[I 2026-06-02 12:56:31,760 minium minitest#435 _miniSetUp] package info: .Users.haha.greatMan.projects.wechat-mini.2026-04-26-family-party-games.tests.test_gesture_final, case info: GestureGuessTest.test_02_click_game
[I 2026-06-02 12:56:31,760 minium basenative#59 wrapper] call BaseNative.check_connection
[I 2026-06-02 12:56:31,760 minium basenative#63 wrapper] call BaseNative.check_connection end True
[I 2026-06-02 12:56:31,760 minium minitest#897 capture] capture setup.png
[I 2026-06-02 12:56:31,822 minium minitest#487 _miniSetUp] =========case: test_02_click_game start=========
[I 2026-06-02 12:56:31,822 minium minitest#788 _callTestMethod] call test method
[I 2026-06-02 12:56:34,181 minium wx_minium#571 _app_initialized_callback] receive App.initialized
[I 2026-06-02 12:56:34,182 minium wx_minium#579 _relaunch] start instantiate app 6280097792
[I 2026-06-02 12:56:34,214 minium.App6544 app#545 release] release app <minium.miniprogram.base_driver.app.App object at 0x1069d1a90>
[I 2026-06-02 12:56:34,250 minium wx_minium#893 _instantiate_app] new app instanst <minium.miniprogram.base_driver.app.App object at 0x1069d3ed0>, whether should relaunch: False
[I 2026-06-02 12:56:34,555 minium wx_minium#608 _relaunch] end instantiate app, cost: 0.372189998626709
[I 2026-06-02 12:56:34,796 minium page#716 _get_elements_by_css] try to get elements: button
[I 2026-06-02 12:56:34,817 minium page#749 _get_elements_by_css] find elements success: [<minium.miniprogram.base_driver.element.BaseElement object at 0x106b26170>, <minium.miniprogram.base_driver.element.BaseElement object at 0x106b26490>, <minium.miniprogram.base_driver.element.BaseElement object at 0x106b263f0>, <minium.miniprogram.base_driver.element.BaseElement object at 0x106b26670>, <minium.miniprogram.base_driver.element.BaseElement object at 0x106b26530>, <minium.miniprogram.base_driver.element.BaseElement object at 0x106b265d0>, <minium.miniprogram.base_driver.element.BaseElement object at 0x106b260d0>, <minium.miniprogram.base_driver.element.BaseElement object at 0x106b26710>, <minium.miniprogram.base_driver.element.BaseElement object at 0x106b267b0>, <minium.miniprogram.base_driver.element.BaseElement object at 0x106b26850>, <minium.miniprogram.base_driver.element.BaseElement object at 0x106b268f0>, <minium.miniprogram.base_driver.element.BaseElement object at 0x106b26b70>, <minium.miniprogram.base_driver.element.BaseElement object at 0x106b26d50>, <minium.miniprogram.base_driver.element.BaseElement object at 0x106b26cb0>, <minium.miniprogram.base_driver.element.BaseElement object at 0x106b26f30>, <minium.miniprogram.base_driver.element.BaseElement object at 0x106b26df0>, <minium.miniprogram.base_driver.element.BaseElement object at 0x106b26e90>, <minium.miniprogram.base_driver.element.BaseElement object at 0x106b26c10>, <minium.miniprogram.base_driver.element.BaseElement object at 0x106b26fd0>, <minium.miniprogram.base_driver.element.BaseElement object at 0x106b27070>, <minium.miniprogram.base_driver.element.BaseElement object at 0x106b27110>, <minium.miniprogram.base_driver.element.BaseElement object at 0x106b271b0>, <minium.miniprogram.base_driver.element.BaseElement object at 0x106b27250>, <minium.miniprogram.base_driver.element.BaseElement object at 0x106b272f0>, <minium.miniprogram.base_driver.element.BaseElement object at 0x106b27390>, <minium.miniprogram.base_driver.element.BaseElement object at 0x106b27430>, <minium.miniprogram.base_driver.element.BaseElement object at 0x106b274d0>, <minium.miniprogram.base_driver.element.BaseElement object at 0x106b27570>, <minium.miniprogram.base_driver.element.BaseElement object at 0x106b27610>, <minium.miniprogram.base_driver.element.BaseElement object at 0x106b276b0>]
[I 2026-06-02 12:56:34,940 minium page#716 _get_elements_by_css] try to get elements: view
[I 2026-06-02 12:56:34,946 minium page#749 _get_elements_by_css] find elements success: [<minium.miniprogram.base_driver.element.BaseElement object at 0x106b27890>, <minium.miniprogram.base_driver.element.BaseElement object at 0x106b27a70>, <minium.miniprogram.base_driver.element.BaseElement object at 0x106b279d0>, <minium.miniprogram.base_driver.element.BaseElement object at 0x106b27c50>, <minium.miniprogram.base_driver.element.BaseElement object at 0x106b27b10>, <minium.miniprogram.base_driver.element.BaseElement object at 0x106b27bb0>, <minium.miniprogram.base_driver.element.BaseElement object at 0x106b27930>, <minium.miniprogram.base_driver.element.BaseElement object at 0x106b27cf0>, <minium.miniprogram.base_driver.element.BaseElement object at 0x106b27d90>, <minium.miniprogram.base_driver.element.BaseElement object at 0x106b27e30>, <minium.miniprogram.base_driver.element.BaseElement object at 0x106b27ed0>, <minium.miniprogram.base_driver.element.BaseElement object at 0x106b27f70>, <minium.miniprogram.base_driver.element.BaseElement object at 0x106b251d0>, <minium.miniprogram.base_driver.element.BaseElement object at 0x106b24690>, <minium.miniprogram.base_driver.element.BaseElement object at 0x106b245f0>, <minium.miniprogram.base_driver.element.BaseElement object at 0x106b24af0>, <minium.miniprogram.base_driver.element.BaseElement object at 0x106b24870>, <minium.miniprogram.base_driver.element.BaseElement object at 0x106b24cd0>, <minium.miniprogram.base_driver.element.BaseElement object at 0x106b26a30>, <minium.miniprogram.base_driver.element.BaseElement object at 0x106b25810>, <minium.miniprogram.base_driver.element.BaseElement object at 0x106b254f0>, <minium.miniprogram.base_driver.element.BaseElement object at 0x106b44050>, <minium.miniprogram.base_driver.element.BaseElement object at 0x106b440f0>, <minium.miniprogram.base_driver.element.BaseElement object at 0x106b44190>, <minium.miniprogram.base_driver.element.BaseElement object at 0x106b44230>, <minium.miniprogram.base_driver.element.BaseElement object at 0x106b442d0>, <minium.miniprogram.base_driver.element.BaseElement object at 0x106b44370>, <minium.miniprogram.base_driver.element.BaseElement object at 0x106b44410>, <minium.miniprogram.base_driver.element.BaseElement object at 0x106b444b0>, <minium.miniprogram.base_driver.element.BaseElement object at 0x106b44550>, <minium.miniprogram.base_driver.element.BaseElement object at 0x106b445f0>, <minium.miniprogram.base_driver.element.BaseElement object at 0x106b44690>, <minium.miniprogram.base_driver.element.BaseElement object at 0x106b44730>, <minium.miniprogram.base_driver.element.BaseElement object at 0x106b447d0>, <minium.miniprogram.base_driver.element.BaseElement object at 0x106b44870>, <minium.miniprogram.base_driver.element.BaseElement object at 0x106b44910>, <minium.miniprogram.base_driver.element.BaseElement object at 0x106b449b0>, <minium.miniprogram.base_driver.element.BaseElement object at 0x106b44a50>, <minium.miniprogram.base_driver.element.BaseElement object at 0x106b44af0>, <minium.miniprogram.base_driver.element.BaseElement object at 0x106b44b90>, <minium.miniprogram.base_driver.element.BaseElement object at 0x106b44c30>, <minium.miniprogram.base_driver.element.BaseElement object at 0x106b44cd0>, <minium.miniprogram.base_driver.element.BaseElement object at 0x106b44d70>, <minium.miniprogram.base_driver.element.BaseElement object at 0x106b44e10>, <minium.miniprogram.base_driver.element.BaseElement object at 0x106b44eb0>, <minium.miniprogram.base_driver.element.BaseElement object at 0x106b44f50>, <minium.miniprogram.base_driver.element.BaseElement object at 0x106b44ff0>, <minium.miniprogram.base_driver.element.BaseElement object at 0x106b45090>, <minium.miniprogram.base_driver.element.BaseElement object at 0x106b45130>, <minium.miniprogram.base_driver.element.BaseElement object at 0x106b451d0>, <minium.miniprogram.base_driver.element.BaseElement object at 0x106b45270>, <minium.miniprogram.base_driver.element.BaseElement object at 0x106b45310>, <minium.miniprogram.base_driver.element.BaseElement object at 0x106b453b0>, <minium.miniprogram.base_driver.element.BaseElement object at 0x106b45450>, <minium.miniprogram.base_driver.element.BaseElement object at 0x106b454f0>, <minium.miniprogram.base_driver.element.BaseElement object at 0x106b45590>, <minium.miniprogram.base_driver.element.BaseElement object at 0x106b45630>, <minium.miniprogram.base_driver.element.BaseElement object at 0x106b456d0>, <minium.miniprogram.base_driver.element.BaseElement object at 0x106b45770>, <minium.miniprogram.base_driver.element.BaseElement object at 0x106b45810>, <minium.miniprogram.base_driver.element.BaseElement object at 0x106b458b0>, <minium.miniprogram.base_driver.element.BaseElement object at 0x106b45950>, <minium.miniprogram.base_driver.element.BaseElement object at 0x106b459f0>, <minium.miniprogram.base_driver.element.BaseElement object at 0x106b45a90>, <minium.miniprogram.base_driver.element.BaseElement object at 0x106b45b30>, <minium.miniprogram.base_driver.element.BaseElement object at 0x106b45bd0>, <minium.miniprogram.base_driver.element.BaseElement object at 0x106b45c70>, <minium.miniprogram.base_driver.element.BaseElement object at 0x106b45d10>, <minium.miniprogram.base_driver.element.BaseElement object at 0x106b45db0>, <minium.miniprogram.base_driver.element.BaseElement object at 0x106b45e50>, <minium.miniprogram.base_driver.element.BaseElement object at 0x106b45ef0>, <minium.miniprogram.base_driver.element.BaseElement object at 0x106b45f90>, <minium.miniprogram.base_driver.element.BaseElement object at 0x106b46030>, <minium.miniprogram.base_driver.element.BaseElement object at 0x106b460d0>, <minium.miniprogram.base_driver.element.BaseElement object at 0x106b46170>, <minium.miniprogram.base_driver.element.BaseElement object at 0x106b46210>, <minium.miniprogram.base_driver.element.BaseElement object at 0x106b462b0>, <minium.miniprogram.base_driver.element.BaseElement object at 0x106b46350>, <minium.miniprogram.base_driver.element.BaseElement object at 0x106b463f0>, <minium.miniprogram.base_driver.element.BaseElement object at 0x106b46490>, <minium.miniprogram.base_driver.element.BaseElement object at 0x106b46530>, <minium.miniprogram.base_driver.element.BaseElement object at 0x106b465d0>, <minium.miniprogram.base_driver.element.BaseElement object at 0x106b46670>, <minium.miniprogram.base_driver.element.BaseElement object at 0x106b46710>, <minium.miniprogram.base_driver.element.BaseElement object at 0x106b467b0>, <minium.miniprogram.base_driver.element.BaseElement object at 0x106b46850>, <minium.miniprogram.base_driver.element.BaseElement object at 0x106b468f0>, <minium.miniprogram.base_driver.element.BaseElement object at 0x106b46990>, <minium.miniprogram.base_driver.element.BaseElement object at 0x106b46a30>, <minium.miniprogram.base_driver.element.BaseElement object at 0x106b46ad0>, <minium.miniprogram.base_driver.element.BaseElement object at 0x106b46b70>, <minium.miniprogram.base_driver.element.BaseElement object at 0x106b46c10>, <minium.miniprogram.base_driver.element.BaseElement object at 0x106b46cb0>, <minium.miniprogram.base_driver.element.BaseElement object at 0x106b46d50>, <minium.miniprogram.base_driver.element.BaseElement object at 0x106b46df0>, <minium.miniprogram.base_driver.element.BaseElement object at 0x106b46e90>, <minium.miniprogram.base_driver.element.BaseElement object at 0x106b46f30>, <minium.miniprogram.base_driver.element.BaseElement object at 0x106b46fd0>, <minium.miniprogram.base_driver.element.BaseElement object at 0x106b47070>, <minium.miniprogram.base_driver.element.BaseElement object at 0x106b47110>, <minium.miniprogram.base_driver.element.BaseElement object at 0x106b471b0>, <minium.miniprogram.base_driver.element.BaseElement object at 0x106b47250>, <minium.miniprogram.base_driver.element.BaseElement object at 0x106b472f0>, <minium.miniprogram.base_driver.element.BaseElement object at 0x106b47390>, <minium.miniprogram.base_driver.element.BaseElement object at 0x106b47430>, <minium.miniprogram.base_driver.element.BaseElement object at 0x106b474d0>, <minium.miniprogram.base_driver.element.BaseElement object at 0x106b47570>, <minium.miniprogram.base_driver.element.BaseElement object at 0x106b47610>, <minium.miniprogram.base_driver.element.BaseElement object at 0x106b476b0>, <minium.miniprogram.base_driver.element.BaseElement object at 0x106b47750>, <minium.miniprogram.base_driver.element.BaseElement object at 0x106b477f0>, <minium.miniprogram.base_driver.element.BaseElement object at 0x106b47890>, <minium.miniprogram.base_driver.element.BaseElement object at 0x106b47930>, <minium.miniprogram.base_driver.element.BaseElement object at 0x106b479d0>, <minium.miniprogram.base_driver.element.BaseElement object at 0x106b47a70>, <minium.miniprogram.base_driver.element.BaseElement object at 0x106b47b10>, <minium.miniprogram.base_driver.element.BaseElement object at 0x106b47bb0>, <minium.miniprogram.base_driver.element.BaseElement object at 0x106b47c50>, <minium.miniprogram.base_driver.element.BaseElement object at 0x106b47cf0>, <minium.miniprogram.base_driver.element.BaseElement object at 0x106b47d90>, <minium.miniprogram.base_driver.element.BaseElement object at 0x106b47e30>, <minium.miniprogram.base_driver.element.BaseElement object at 0x106b47ed0>, <minium.miniprogram.base_driver.element.BaseElement object at 0x106b47f70>, <minium.miniprogram.base_driver.element.BaseElement object at 0x106b50050>, <minium.miniprogram.base_driver.element.BaseElement object at 0x106b500f0>, <minium.miniprogram.base_driver.element.BaseElement object at 0x106b50190>, <minium.miniprogram.base_driver.element.BaseElement object at 0x106b50230>, <minium.miniprogram.base_driver.element.BaseElement object at 0x106b502d0>, <minium.miniprogram.base_driver.element.BaseElement object at 0x106b50370>, <minium.miniprogram.base_driver.element.BaseElement object at 0x106b50410>, <minium.miniprogram.base_driver.element.BaseElement object at 0x106b504b0>, <minium.miniprogram.base_driver.element.BaseElement object at 0x106b50550>, <minium.miniprogram.base_driver.element.BaseElement object at 0x106b505f0>, <minium.miniprogram.base_driver.element.BaseElement object at 0x106b50690>, <minium.miniprogram.base_driver.element.BaseElement object at 0x106b50730>, <minium.miniprogram.base_driver.element.BaseElement object at 0x106b507d0>, <minium.miniprogram.base_driver.element.BaseElement object at 0x106b50870>, <minium.miniprogram.base_driver.element.BaseElement object at 0x106b50910>, <minium.miniprogram.base_driver.element.BaseElement object at 0x106b509b0>, <minium.miniprogram.base_driver.element.BaseElement object at 0x106b50a50>, <minium.miniprogram.base_driver.element.BaseElement object at 0x106b50af0>, <minium.miniprogram.base_driver.element.BaseElement object at 0x106b50b90>, <minium.miniprogram.base_driver.element.BaseElement object at 0x106b50c30>, <minium.miniprogram.base_driver.element.BaseElement object at 0x106b50cd0>, <minium.miniprogram.base_driver.element.BaseElement object at 0x106b50d70>, <minium.miniprogram.base_driver.element.BaseElement object at 0x106b50e10>, <minium.miniprogram.base_driver.element.BaseElement object at 0x106b50eb0>, <minium.miniprogram.base_driver.element.BaseElement object at 0x106b50f50>, <minium.miniprogram.base_driver.element.BaseElement object at 0x106b50ff0>, <minium.miniprogram.base_driver.element.BaseElement object at 0x106b51090>, <minium.miniprogram.base_driver.element.BaseElement object at 0x106b51130>, <minium.miniprogram.base_driver.element.BaseElement object at 0x106b511d0>, <minium.miniprogram.base_driver.element.BaseElement object at 0x106b51270>, <minium.miniprogram.base_driver.element.BaseElement object at 0x106b51310>, <minium.miniprogram.base_driver.element.BaseElement object at 0x106b513b0>, <minium.miniprogram.base_driver.element.BaseElement object at 0x106b51450>, <minium.miniprogram.base_driver.element.BaseElement object at 0x106b514f0>, <minium.miniprogram.base_driver.element.BaseElement object at 0x106b51590>, <minium.miniprogram.base_driver.element.BaseElement object at 0x106b51630>, <minium.miniprogram.base_driver.element.BaseElement object at 0x106b516d0>, <minium.miniprogram.base_driver.element.BaseElement object at 0x106b51770>, <minium.miniprogram.base_driver.element.BaseElement object at 0x106b51810>, <minium.miniprogram.base_driver.element.BaseElement object at 0x106b518b0>, <minium.miniprogram.base_driver.element.BaseElement object at 0x106b51950>, <minium.miniprogram.base_driver.element.BaseElement object at 0x106b519f0>]
[E 2026-06-02 12:56:35,285 minium minitest#793 _callTestMethod] test exception
Traceback (most recent call last):
  File "/opt/anaconda3/lib/python3.13/site-packages/minium/framework/minitest.py", line 789, in _callTestMethod
    method()
    ~~~~~~^^
  File "/Users/haha/greatMan/projects/wechat-mini/2026-04-26-family-party-games/tests/test_gesture_final.py", line 186, in test_02_click_game
    self.fail("无法点击游戏卡片")
    ~~~~~~~~~^^^^^^^^^^^^^^^^^^^^
  File "/opt/anaconda3/lib/python3.13/unittest/case.py", line 732, in fail
    raise self.failureException(msg)
AssertionError: 无法点击游戏卡片
[I 2026-06-02 12:56:35,286 minium minitest#796 _callTestMethod] end test method
[I 2026-06-02 12:56:35,287 minium minitest#897 capture] capture teardown.png
[I 2026-06-02 12:56:35,352 minium basenative#59 wrapper] call BaseNative.get_start_up
[I 2026-06-02 12:56:35,352 minium basenative#63 wrapper] call BaseNative.get_start_up end 
[E 2026-06-02 12:56:35,358 minium assertbase#390 _get_stack_info] <bound method GestureGuessTest.test_02_click_game of <__main__.GestureGuessTest testMethod=test_02_click_game>>
Traceback (most recent call last):
  File "/opt/anaconda3/lib/python3.13/site-packages/minium/framework/libs/unittest/case.py", line 43, in testPartExecutor
    yield
  File "/opt/anaconda3/lib/python3.13/site-packages/minium/framework/libs/unittest/case.py", line 125, in run
    self._callTestMethod(testMethod)
    ~~~~~~~~~~~~~~~~~~~~^^^^^^^^^^^^
  File "/opt/anaconda3/lib/python3.13/site-packages/minium/framework/minitest.py", line 789, in _callTestMethod
    method()
    ~~~~~~^^
  File "/Users/haha/greatMan/projects/wechat-mini/2026-04-26-family-party-games/tests/test_gesture_final.py", line 186, in test_02_click_game
    self.fail("无法点击游戏卡片")
    ~~~~~~~~~^^^^^^^^^^^^^^^^^^^^
AssertionError: 无法点击游戏卡片
[W 2026-06-02 12:56:35,358 minium assertbase#354 _log_info_when_error] config: {'debug': False, 'base_dir': '/Users/haha/greatMan/projects/wechat-mini/2026-04-26-family-party-games', 'platform': 'ide', 'app': 'wx', 'debug_mode': 'info', 'close_ide': False, 'auto_capture': 'auto', 'check_mp_foreground': False, 'auto_relaunch': False, 'device_desire': {}, 'account_info': {}, 'report_usage': True, 'remote_connect_timeout': 180, 'request_timeout': 60, 'use_push': True, 'full_reset': False, 'outputs': './outputs', 'enable_app_log': False, 'enable_network_panel': False, 'project_path': '/Users/haha/greatMan/projects/wechat-mini/2026-04-26-family-party-games', 'dev_tool_path': '/Applications/wechatwebdevtools.app/Contents/MacOS/cli', 'test_port': 20034, 'mock_native_modal': {}, 'mock_request': [], 'auto_authorize': False, 'audits': None, 'teardown_snapshot': False, 'mock_images_dir': '', 'mock_images': {}, 'need_perf': False, 'appid': None, 'enable_h5': True, 'autofix': False, 'cloud_env_id': 'cloud1-d9g01no7m292bc511-d5e875d', 'framework_capture': True, 'error_capture': False, 'assert_capture': True, 'create_time': '20260602125457', 'case_output': './outputs/20260602125457/test_02_click_game/20260602125631759461'}
[W 2026-06-02 12:56:35,359 minium assertbase#355 _log_info_when_error] build info: {'version': '1.6.0', 'revision': '33ce5b50b34ec18c51c054a7cc1bdfb3ab0a451b', 'branch': 'master', 'update_at': '2024-10-09 21:08:56'}
[W 2026-06-02 12:56:35,359 minium minitest#1029 _log_info_when_error] mini: 基础库3.15.2, 开发者工具2.01.2510290
[W 2026-06-02 12:56:35,359 minium minitest#1031 _log_info_when_error] native: <minium.native.wx_native.idenative.IdeNative object at 0x106a58830>
[I 2026-06-02 12:56:35,370 minium minitest#432 _miniSetUp] =========Current case: test_03_create_room=========
[I 2026-06-02 12:56:35,370 minium minitest#435 _miniSetUp] package info: .Users.haha.greatMan.projects.wechat-mini.2026-04-26-family-party-games.tests.test_gesture_final, case info: GestureGuessTest.test_03_create_room
[I 2026-06-02 12:56:35,370 minium basenative#59 wrapper] call BaseNative.check_connection
[I 2026-06-02 12:56:35,370 minium basenative#63 wrapper] call BaseNative.check_connection end True
[I 2026-06-02 12:56:35,371 minium minitest#897 capture] capture setup.png
[I 2026-06-02 12:56:35,430 minium minitest#487 _miniSetUp] =========case: test_03_create_room start=========
[I 2026-06-02 12:56:35,430 minium minitest#788 _callTestMethod] call test method
[I 2026-06-02 12:56:35,430 minium.App5824 app#891 navigate_to] NavigateTo: /pages/setup/setup?title=%E4%BD%A0%E6%AF%94%E5%88%92%E6%88%91%E7%8C%9C&screen=gesture
[I 2026-06-02 12:56:38,676 minium wx_minium#571 _app_initialized_callback] receive App.initialized
[I 2026-06-02 12:56:38,678 minium wx_minium#579 _relaunch] start instantiate app 6280097792
[I 2026-06-02 12:56:38,686 minium.App5824 app#545 release] release app <minium.miniprogram.base_driver.app.App object at 0x1069d3ed0>
[I 2026-06-02 12:56:38,728 minium wx_minium#893 _instantiate_app] new app instanst <minium.miniprogram.base_driver.app.App object at 0x1069d16d0>, whether should relaunch: False
[I 2026-06-02 12:56:39,114 minium wx_minium#608 _relaunch] end instantiate app, cost: 0.4359099864959717
[W 2026-06-02 12:57:35,434 minium.App5824 app#1167 _change_route_async] 等待wx.navigateTo回调失败
[E 2026-06-02 12:57:35,435 minium minitest#793 _callTestMethod] test exception
Traceback (most recent call last):
  File "/opt/anaconda3/lib/python3.13/site-packages/minium/framework/minitest.py", line 789, in _callTestMethod
    method()
    ~~~~~~^^
  File "/Users/haha/greatMan/projects/wechat-mini/2026-04-26-family-party-games/tests/test_gesture_final.py", line 197, in test_03_create_room
    self._open_gesture_setup()
    ~~~~~~~~~~~~~~~~~~~~~~~~^^
  File "/Users/haha/greatMan/projects/wechat-mini/2026-04-26-family-party-games/tests/test_gesture_final.py", line 140, in _open_gesture_setup
    self.app.navigate_to(f"/pages/setup/setup?{query}")
    ~~~~~~~~~~~~~~~~~~~~^^^^^^^^^^^^^^^^^^^^^^^^^^^^^^^
  File "/opt/anaconda3/lib/python3.13/site-packages/minium/miniprogram/base_driver/minium_log.py", line 148, in wrapper
    result = func(*args, **kwargs)
  File "/opt/anaconda3/lib/python3.13/site-packages/minium/miniprogram/base_driver/app.py", line 892, in navigate_to
    page = self._change_route_async("navigateTo", url, is_wait_url_change)
  File "/opt/anaconda3/lib/python3.13/site-packages/minium/miniprogram/base_driver/app.py", line 1165, in _change_route_async
    cmd.get_open_result(wait_timeout)
    ~~~~~~~~~~~~~~~~~~~^^^^^^^^^^^^^^
  File "/opt/anaconda3/lib/python3.13/site-packages/minium/miniprogram/base_driver/app.py", line 133, in get_open_result
    raise MiniTimeoutError(
        f"[{self._open_id}][{self.open_type}] receive from remote timeout"
    )
minium.framework.exception.MiniTimeoutError: [a24511e8-aa22-4051-9500-d844d22b75c2][navigateTo] receive from remote timeout
[I 2026-06-02 12:57:35,484 minium minitest#796 _callTestMethod] end test method
[I 2026-06-02 12:57:35,488 minium minitest#897 capture] capture teardown.png
[I 2026-06-02 12:57:35,611 minium basenative#59 wrapper] call BaseNative.get_start_up
[I 2026-06-02 12:57:35,611 minium basenative#63 wrapper] call BaseNative.get_start_up end 
[E 2026-06-02 12:57:35,613 minium assertbase#390 _get_stack_info] <bound method GestureGuessTest.test_03_create_room of <__main__.GestureGuessTest testMethod=test_03_create_room>>
Traceback (most recent call last):
  File "/opt/anaconda3/lib/python3.13/site-packages/minium/framework/libs/unittest/case.py", line 43, in testPartExecutor
    yield
  File "/opt/anaconda3/lib/python3.13/site-packages/minium/framework/libs/unittest/case.py", line 125, in run
    self._callTestMethod(testMethod)
    ~~~~~~~~~~~~~~~~~~~~^^^^^^^^^^^^
  File "/opt/anaconda3/lib/python3.13/site-packages/minium/framework/minitest.py", line 789, in _callTestMethod
    method()
    ~~~~~~^^
  File "/Users/haha/greatMan/projects/wechat-mini/2026-04-26-family-party-games/tests/test_gesture_final.py", line 197, in test_03_create_room
    self._open_gesture_setup()
    ~~~~~~~~~~~~~~~~~~~~~~~~^^
  File "/Users/haha/greatMan/projects/wechat-mini/2026-04-26-family-party-games/tests/test_gesture_final.py", line 140, in _open_gesture_setup
    self.app.navigate_to(f"/pages/setup/setup?{query}")
    ~~~~~~~~~~~~~~~~~~~~^^^^^^^^^^^^^^^^^^^^^^^^^^^^^^^
  File "/opt/anaconda3/lib/python3.13/site-packages/minium/miniprogram/base_driver/minium_log.py", line 148, in wrapper
    result = func(*args, **kwargs)
  File "/opt/anaconda3/lib/python3.13/site-packages/minium/miniprogram/base_driver/app.py", line 892, in navigate_to
    page = self._change_route_async("navigateTo", url, is_wait_url_change)
  File "/opt/anaconda3/lib/python3.13/site-packages/minium/miniprogram/base_driver/app.py", line 1165, in _change_route_async
    cmd.get_open_result(wait_timeout)
    ~~~~~~~~~~~~~~~~~~~^^^^^^^^^^^^^^
  File "/opt/anaconda3/lib/python3.13/site-packages/minium/miniprogram/base_driver/app.py", line 133, in get_open_result
    raise MiniTimeoutError(
        f"[{self._open_id}][{self.open_type}] receive from remote timeout"
    )
minium.framework.exception.MiniTimeoutError: [a24511e8-aa22-4051-9500-d844d22b75c2][navigateTo] receive from remote timeout
[W 2026-06-02 12:57:35,614 minium assertbase#354 _log_info_when_error] config: {'debug': False, 'base_dir': '/Users/haha/greatMan/projects/wechat-mini/2026-04-26-family-party-games', 'platform': 'ide', 'app': 'wx', 'debug_mode': 'info', 'close_ide': False, 'auto_capture': 'auto', 'check_mp_foreground': False, 'auto_relaunch': False, 'device_desire': {}, 'account_info': {}, 'report_usage': True, 'remote_connect_timeout': 180, 'request_timeout': 60, 'use_push': True, 'full_reset': False, 'outputs': './outputs', 'enable_app_log': False, 'enable_network_panel': False, 'project_path': '/Users/haha/greatMan/projects/wechat-mini/2026-04-26-family-party-games', 'dev_tool_path': '/Applications/wechatwebdevtools.app/Contents/MacOS/cli', 'test_port': 20034, 'mock_native_modal': {}, 'mock_request': [], 'auto_authorize': False, 'audits': None, 'teardown_snapshot': False, 'mock_images_dir': '', 'mock_images': {}, 'need_perf': False, 'appid': None, 'enable_h5': True, 'autofix': False, 'cloud_env_id': 'cloud1-d9g01no7m292bc511-d5e875d', 'framework_capture': True, 'error_capture': False, 'assert_capture': True, 'create_time': '20260602125457', 'case_output': './outputs/20260602125457/test_03_create_room/20260602125635366314'}
[W 2026-06-02 12:57:35,614 minium assertbase#355 _log_info_when_error] build info: {'version': '1.6.0', 'revision': '33ce5b50b34ec18c51c054a7cc1bdfb3ab0a451b', 'branch': 'master', 'update_at': '2024-10-09 21:08:56'}
[W 2026-06-02 12:57:35,614 minium minitest#1029 _log_info_when_error] mini: 基础库3.15.2, 开发者工具2.01.2510290
[W 2026-06-02 12:57:35,614 minium minitest#1031 _log_info_when_error] native: <minium.native.wx_native.idenative.IdeNative object at 0x106a58830>
[W 2026-06-02 12:57:35,618 minium minitest#825 run] 第1次重试
[I 2026-06-02 12:57:35,620 minium minitest#432 _miniSetUp] =========Current case: test_03_create_room=========
[W 2026-06-02 12:57:35,620 minium minitest#434 _miniSetUp] 第1次重试
[I 2026-06-02 12:57:35,620 minium minitest#435 _miniSetUp] package info: .Users.haha.greatMan.projects.wechat-mini.2026-04-26-family-party-games.tests.test_gesture_final, case info: GestureGuessTest.test_03_create_room
[I 2026-06-02 12:57:35,620 minium basenative#59 wrapper] call BaseNative.check_connection
[I 2026-06-02 12:57:35,620 minium basenative#63 wrapper] call BaseNative.check_connection end True
[I 2026-06-02 12:57:35,621 minium minitest#897 capture] capture setup.png
[I 2026-06-02 12:57:35,689 minium minitest#487 _miniSetUp] =========case: test_03_create_room start=========
[I 2026-06-02 12:57:35,689 minium minitest#788 _callTestMethod] call test method
[I 2026-06-02 12:57:35,689 minium.App5584 app#891 navigate_to] NavigateTo: /pages/setup/setup?title=%E4%BD%A0%E6%AF%94%E5%88%92%E6%88%91%E7%8C%9C&screen=gesture
[I 2026-06-02 12:57:38,275 minium wx_minium#571 _app_initialized_callback] receive App.initialized
[I 2026-06-02 12:57:38,276 minium wx_minium#579 _relaunch] start instantiate app 6280097792
[I 2026-06-02 12:57:38,292 minium.App5584 app#545 release] release app <minium.miniprogram.base_driver.app.App object at 0x1069d16d0>
[I 2026-06-02 12:57:38,327 minium wx_minium#893 _instantiate_app] new app instanst <minium.miniprogram.base_driver.app.App object at 0x106ab42d0>, whether should relaunch: False
[I 2026-06-02 12:57:38,665 minium wx_minium#608 _relaunch] end instantiate app, cost: 0.38875699043273926
[W 2026-06-02 12:58:35,692 minium.App5584 app#1167 _change_route_async] 等待wx.navigateTo回调失败
[E 2026-06-02 12:58:35,693 minium minitest#793 _callTestMethod] test exception
Traceback (most recent call last):
  File "/opt/anaconda3/lib/python3.13/site-packages/minium/framework/minitest.py", line 789, in _callTestMethod
    method()
    ~~~~~~^^
  File "/Users/haha/greatMan/projects/wechat-mini/2026-04-26-family-party-games/tests/test_gesture_final.py", line 197, in test_03_create_room
    self._open_gesture_setup()
    ~~~~~~~~~~~~~~~~~~~~~~~~^^
  File "/Users/haha/greatMan/projects/wechat-mini/2026-04-26-family-party-games/tests/test_gesture_final.py", line 140, in _open_gesture_setup
    self.app.navigate_to(f"/pages/setup/setup?{query}")
    ~~~~~~~~~~~~~~~~~~~~^^^^^^^^^^^^^^^^^^^^^^^^^^^^^^^
  File "/opt/anaconda3/lib/python3.13/site-packages/minium/miniprogram/base_driver/minium_log.py", line 148, in wrapper
    result = func(*args, **kwargs)
  File "/opt/anaconda3/lib/python3.13/site-packages/minium/miniprogram/base_driver/app.py", line 892, in navigate_to
    page = self._change_route_async("navigateTo", url, is_wait_url_change)
  File "/opt/anaconda3/lib/python3.13/site-packages/minium/miniprogram/base_driver/app.py", line 1165, in _change_route_async
    cmd.get_open_result(wait_timeout)
    ~~~~~~~~~~~~~~~~~~~^^^^^^^^^^^^^^
  File "/opt/anaconda3/lib/python3.13/site-packages/minium/miniprogram/base_driver/app.py", line 133, in get_open_result
    raise MiniTimeoutError(
        f"[{self._open_id}][{self.open_type}] receive from remote timeout"
    )
minium.framework.exception.MiniTimeoutError: [bac89245-e9c4-45f0-862b-48c489c5066a][navigateTo] receive from remote timeout
[I 2026-06-02 12:58:35,696 minium minitest#796 _callTestMethod] end test method
[I 2026-06-02 12:58:35,699 minium minitest#897 capture] capture teardown.png
[I 2026-06-02 12:58:35,799 minium basenative#59 wrapper] call BaseNative.get_start_up
[I 2026-06-02 12:58:35,799 minium basenative#63 wrapper] call BaseNative.get_start_up end 
[E 2026-06-02 12:58:35,801 minium assertbase#390 _get_stack_info] <bound method GestureGuessTest.test_03_create_room of <__main__.GestureGuessTest testMethod=test_03_create_room>>
Traceback (most recent call last):
  File "/opt/anaconda3/lib/python3.13/site-packages/minium/framework/libs/unittest/case.py", line 43, in testPartExecutor
    yield
  File "/opt/anaconda3/lib/python3.13/site-packages/minium/framework/libs/unittest/case.py", line 125, in run
    self._callTestMethod(testMethod)
    ~~~~~~~~~~~~~~~~~~~~^^^^^^^^^^^^
  File "/opt/anaconda3/lib/python3.13/site-packages/minium/framework/minitest.py", line 789, in _callTestMethod
    method()
    ~~~~~~^^
  File "/Users/haha/greatMan/projects/wechat-mini/2026-04-26-family-party-games/tests/test_gesture_final.py", line 197, in test_03_create_room
    self._open_gesture_setup()
    ~~~~~~~~~~~~~~~~~~~~~~~~^^
  File "/Users/haha/greatMan/projects/wechat-mini/2026-04-26-family-party-games/tests/test_gesture_final.py", line 140, in _open_gesture_setup
    self.app.navigate_to(f"/pages/setup/setup?{query}")
    ~~~~~~~~~~~~~~~~~~~~^^^^^^^^^^^^^^^^^^^^^^^^^^^^^^^
  File "/opt/anaconda3/lib/python3.13/site-packages/minium/miniprogram/base_driver/minium_log.py", line 148, in wrapper
    result = func(*args, **kwargs)
  File "/opt/anaconda3/lib/python3.13/site-packages/minium/miniprogram/base_driver/app.py", line 892, in navigate_to
    page = self._change_route_async("navigateTo", url, is_wait_url_change)
  File "/opt/anaconda3/lib/python3.13/site-packages/minium/miniprogram/base_driver/app.py", line 1165, in _change_route_async
    cmd.get_open_result(wait_timeout)
    ~~~~~~~~~~~~~~~~~~~^^^^^^^^^^^^^^
  File "/opt/anaconda3/lib/python3.13/site-packages/minium/miniprogram/base_driver/app.py", line 133, in get_open_result
    raise MiniTimeoutError(
        f"[{self._open_id}][{self.open_type}] receive from remote timeout"
    )
minium.framework.exception.MiniTimeoutError: [bac89245-e9c4-45f0-862b-48c489c5066a][navigateTo] receive from remote timeout
[W 2026-06-02 12:58:35,801 minium assertbase#354 _log_info_when_error] config: {'debug': False, 'base_dir': '/Users/haha/greatMan/projects/wechat-mini/2026-04-26-family-party-games', 'platform': 'ide', 'app': 'wx', 'debug_mode': 'info', 'close_ide': False, 'auto_capture': 'auto', 'check_mp_foreground': False, 'auto_relaunch': False, 'device_desire': {}, 'account_info': {}, 'report_usage': True, 'remote_connect_timeout': 180, 'request_timeout': 60, 'use_push': True, 'full_reset': False, 'outputs': './outputs', 'enable_app_log': False, 'enable_network_panel': False, 'project_path': '/Users/haha/greatMan/projects/wechat-mini/2026-04-26-family-party-games', 'dev_tool_path': '/Applications/wechatwebdevtools.app/Contents/MacOS/cli', 'test_port': 20034, 'mock_native_modal': {}, 'mock_request': [], 'auto_authorize': False, 'audits': None, 'teardown_snapshot': False, 'mock_images_dir': '', 'mock_images': {}, 'need_perf': False, 'appid': None, 'enable_h5': True, 'autofix': False, 'cloud_env_id': 'cloud1-d9g01no7m292bc511-d5e875d', 'framework_capture': True, 'error_capture': False, 'assert_capture': True, 'create_time': '20260602125457', 'case_output': './outputs/20260602125457/test_03_create_room/20260602125735619152'}
[W 2026-06-02 12:58:35,801 minium assertbase#355 _log_info_when_error] build info: {'version': '1.6.0', 'revision': '33ce5b50b34ec18c51c054a7cc1bdfb3ab0a451b', 'branch': 'master', 'update_at': '2024-10-09 21:08:56'}
[W 2026-06-02 12:58:35,801 minium minitest#1029 _log_info_when_error] mini: 基础库3.15.2, 开发者工具2.01.2510290
[W 2026-06-02 12:58:35,801 minium minitest#1031 _log_info_when_error] native: <minium.native.wx_native.idenative.IdeNative object at 0x106a58830>
[I 2026-06-02 12:58:35,805 minium minitest#432 _miniSetUp] =========Current case: test_04_verify_room_code=========
[I 2026-06-02 12:58:35,805 minium minitest#435 _miniSetUp] package info: .Users.haha.greatMan.projects.wechat-mini.2026-04-26-family-party-games.tests.test_gesture_final, case info: GestureGuessTest.test_04_verify_room_code
[I 2026-06-02 12:58:35,805 minium basenative#59 wrapper] call BaseNative.check_connection
[I 2026-06-02 12:58:35,805 minium basenative#63 wrapper] call BaseNative.check_connection end True
[I 2026-06-02 12:58:35,806 minium minitest#897 capture] capture setup.png
[I 2026-06-02 12:58:35,872 minium minitest#487 _miniSetUp] =========case: test_04_verify_room_code start=========
[I 2026-06-02 12:58:35,872 minium minitest#788 _callTestMethod] call test method
[I 2026-06-02 12:58:36,873 minium page#716 _get_elements_by_css] try to get elements: text
[I 2026-06-02 12:58:38,377 minium wx_minium#571 _app_initialized_callback] receive App.initialized
[I 2026-06-02 12:58:38,377 minium wx_minium#579 _relaunch] start instantiate app 6280097792
[E 2026-06-02 12:58:38,377 minium.Conn4544 connection#668 __on_message] [81cb2d56-6cb4-46f1-8742-f98262176e38]: page destroyed
[I 2026-06-02 12:58:38,383 minium page#716 _get_elements_by_css] try to get elements: text
[I 2026-06-02 12:58:38,385 minium.App4352 app#545 release] release app <minium.miniprogram.base_driver.app.App object at 0x106ab42d0>
[I 2026-06-02 12:58:38,389 minium page#749 _get_elements_by_css] find elements success: [<minium.miniprogram.base_driver.element.BaseElement object at 0x106b26d50>, <minium.miniprogram.base_driver.element.BaseElement object at 0x106b26df0>, <minium.miniprogram.base_driver.element.BaseElement object at 0x106b24f50>, <minium.miniprogram.base_driver.element.BaseElement object at 0x106b65810>, <minium.miniprogram.base_driver.element.BaseElement object at 0x106b65db0>, <minium.miniprogram.base_driver.element.BaseElement object at 0x106b65d10>, <minium.miniprogram.base_driver.element.BaseElement object at 0x106b65f90>, <minium.miniprogram.base_driver.element.BaseElement object at 0x106b65e50>, <minium.miniprogram.base_driver.element.BaseElement object at 0x106b65ef0>, <minium.miniprogram.base_driver.element.BaseElement object at 0x106b65c70>, <minium.miniprogram.base_driver.element.BaseElement object at 0x106b66030>, <minium.miniprogram.base_driver.element.BaseElement object at 0x106b660d0>, <minium.miniprogram.base_driver.element.BaseElement object at 0x106b66170>, <minium.miniprogram.base_driver.element.BaseElement object at 0x106b66210>, <minium.miniprogram.base_driver.element.BaseElement object at 0x106b662b0>, <minium.miniprogram.base_driver.element.BaseElement object at 0x106b66350>, <minium.miniprogram.base_driver.element.BaseElement object at 0x106b663f0>, <minium.miniprogram.base_driver.element.BaseElement object at 0x106b66490>]
[I 2026-06-02 12:58:38,414 minium wx_minium#893 _instantiate_app] new app instanst <minium.miniprogram.base_driver.app.App object at 0x106ab5590>, whether should relaunch: False
[I 2026-06-02 12:58:38,444 minium minitest#796 _callTestMethod] end test method
[I 2026-06-02 12:58:38,445 minium minitest#897 capture] capture teardown.png
[I 2026-06-02 12:58:38,507 minium basenative#59 wrapper] call BaseNative.get_start_up
[I 2026-06-02 12:58:38,508 minium basenative#63 wrapper] call BaseNative.get_start_up end 
[I 2026-06-02 12:58:38,512 minium minitest#432 _miniSetUp] =========Current case: test_05_verify_members=========
[I 2026-06-02 12:58:38,512 minium minitest#435 _miniSetUp] package info: .Users.haha.greatMan.projects.wechat-mini.2026-04-26-family-party-games.tests.test_gesture_final, case info: GestureGuessTest.test_05_verify_members
[I 2026-06-02 12:58:38,512 minium basenative#59 wrapper] call BaseNative.check_connection
[I 2026-06-02 12:58:38,512 minium basenative#63 wrapper] call BaseNative.check_connection end True
[W 2026-06-02 12:58:38,512 minium minitest#379 _check_debug_connection] app is relaunching, wait for it
[W 2026-06-02 12:58:38,512 minium wx_minium#1145 wait_app_relaunch] app is relaunching, wait 100.20681595802307 seconds for it
[I 2026-06-02 12:58:40,846 minium wx_minium#571 _app_initialized_callback] receive App.initialized
[I 2026-06-02 12:58:40,848 minium wx_minium#576 _relaunch] other thread relaunching app
[E 2026-06-02 12:59:38,429 minium wx_minium#606 _relaunch] [1cbbb470-df80-410d-9b1b-6f0e0f78a55f][call App.callWxMethod] receive from remote timeout
Traceback (most recent call last):
  File "/opt/anaconda3/lib/python3.13/site-packages/minium/miniprogram/wx_minium.py", line 604, in _relaunch
    self._inject()
    ~~~~~~~~~~~~^^
  File "/opt/anaconda3/lib/python3.13/site-packages/minium/miniprogram/wx_minium.py", line 359, in _inject
    self.app.call_wx_method("getSetting")
    ~~~~~~~~~~~~~~~~~~~~~~~^^^^^^^^^^^^^^
  File "/opt/anaconda3/lib/python3.13/site-packages/minium/miniprogram/base_driver/minium_log.py", line 148, in wrapper
    result = func(*args, **kwargs)
  File "/opt/anaconda3/lib/python3.13/site-packages/minium/miniprogram/base_driver/app.py", line 757, in call_wx_method
    return self._call_wx_method(method=method, args=args, plugin_appid=plugin_appid)
           ~~~~~~~~~~~~~~~~~~~~^^^^^^^^^^^^^^^^^^^^^^^^^^^^^^^^^^^^^^^^^^^^^^^^^^^^^
  File "/opt/anaconda3/lib/python3.13/site-packages/minium/miniprogram/base_driver/minium_object.py", line 162, in _call_wx_method
    return self.connection.send("App.callWxMethod", params)
           ~~~~~~~~~~~~~~~~~~~~^^^^^^^^^^^^^^^^^^^^^^^^^^^^
  File "/opt/anaconda3/lib/python3.13/site-packages/minium/miniprogram/base_driver/connection.py", line 457, in send
    return self._receive_response(cmd)
           ~~~~~~~~~~~~~~~~~~~~~~^^^^^
  File "/opt/anaconda3/lib/python3.13/site-packages/minium/miniprogram/base_driver/connection.py", line 501, in _receive_response
    raise MiniTimeoutError(
        f"[{cmd.id}][{cmd.desc}] receive from remote timeout"
    )
minium.framework.exception.MiniTimeoutError: [1cbbb470-df80-410d-9b1b-6f0e0f78a55f][call App.callWxMethod] receive from remote timeout
[I 2026-06-02 12:59:38,436 minium wx_minium#608 _relaunch] end instantiate app, cost: 60.058897972106934
[W 2026-06-02 12:59:38,436 minium wx_minium#1152 wait_app_relaunch] app is relaunch complete
[I 2026-06-02 12:59:38,438 minium minitest#897 capture] capture setup.png
[I 2026-06-02 12:59:38,549 minium minitest#487 _miniSetUp] =========case: test_05_verify_members start=========
[I 2026-06-02 12:59:38,549 minium minitest#788 _callTestMethod] call test method
[I 2026-06-02 12:59:38,549 minium page#716 _get_elements_by_css] try to get elements: view
[E 2026-06-02 12:59:38,551 minium.Conn4544 connection#668 __on_message] [be1b942a-3bb1-490e-9dcf-02f602bc20c6]: page destroyed
[I 2026-06-02 12:59:38,554 minium page#716 _get_elements_by_css] try to get elements: view
[I 2026-06-02 12:59:38,564 minium page#749 _get_elements_by_css] find elements success: [<minium.miniprogram.base_driver.element.BaseElement object at 0x106b26d50>, <minium.miniprogram.base_driver.element.BaseElement object at 0x106b26df0>, <minium.miniprogram.base_driver.element.BaseElement object at 0x106b24f50>, <minium.miniprogram.base_driver.element.BaseElement object at 0x106b26fd0>, <minium.miniprogram.base_driver.element.BaseElement object at 0x106b279d0>, <minium.miniprogram.base_driver.element.BaseElement object at 0x106b27570>, <minium.miniprogram.base_driver.element.BaseElement object at 0x106b27430>, <minium.miniprogram.base_driver.element.BaseElement object at 0x106b25950>, <minium.miniprogram.base_driver.element.BaseElement object at 0x106b26210>, <minium.miniprogram.base_driver.element.BaseElement object at 0x106b276b0>, <minium.miniprogram.base_driver.element.BaseElement object at 0x106b26170>, <minium.miniprogram.base_driver.element.BaseElement object at 0x106b277f0>, <minium.miniprogram.base_driver.element.BaseElement object at 0x106b259f0>, <minium.miniprogram.base_driver.element.BaseElement object at 0x106b26030>, <minium.miniprogram.base_driver.element.BaseElement object at 0x106b262b0>, <minium.miniprogram.base_driver.element.BaseElement object at 0x106b25ef0>, <minium.miniprogram.base_driver.element.BaseElement object at 0x106b24e10>, <minium.miniprogram.base_driver.element.BaseElement object at 0x106b256d0>, <minium.miniprogram.base_driver.element.BaseElement object at 0x106b26990>, <minium.miniprogram.base_driver.element.BaseElement object at 0x106b25770>, <minium.miniprogram.base_driver.element.BaseElement object at 0x106b26ad0>, <minium.miniprogram.base_driver.element.BaseElement object at 0x106b24ff0>, <minium.miniprogram.base_driver.element.BaseElement object at 0x106b25450>, <minium.miniprogram.base_driver.element.BaseElement object at 0x106b24d70>, <minium.miniprogram.base_driver.element.BaseElement object at 0x106b24c30>, <minium.miniprogram.base_driver.element.BaseElement object at 0x106b249b0>, <minium.miniprogram.base_driver.element.BaseElement object at 0x106b24a50>, <minium.miniprogram.base_driver.element.BaseElement object at 0x106b24910>, <minium.miniprogram.base_driver.element.BaseElement object at 0x106b24370>, <minium.miniprogram.base_driver.element.BaseElement object at 0x106b24730>, <minium.miniprogram.base_driver.element.BaseElement object at 0x106b24190>, <minium.miniprogram.base_driver.element.BaseElement object at 0x106a6e710>, <minium.miniprogram.base_driver.element.BaseElement object at 0x106a6edf0>, <minium.miniprogram.base_driver.element.BaseElement object at 0x106aad3b0>, <minium.miniprogram.base_driver.element.BaseElement object at 0x106aafed0>, <minium.miniprogram.base_driver.element.BaseElement object at 0x106aafd90>, <minium.miniprogram.base_driver.element.BaseElement object at 0x106aafe30>, <minium.miniprogram.base_driver.element.BaseElement object at 0x106aaead0>, <minium.miniprogram.base_driver.element.BaseElement object at 0x106aaea30>, <minium.miniprogram.base_driver.element.BaseElement object at 0x106aae030>, <minium.miniprogram.base_driver.element.BaseElement object at 0x106aae530>, <minium.miniprogram.base_driver.element.BaseElement object at 0x106aae8f0>, <minium.miniprogram.base_driver.element.BaseElement object at 0x106aae490>, <minium.miniprogram.base_driver.element.BaseElement object at 0x106a3e490>, <minium.miniprogram.base_driver.element.BaseElement object at 0x106a51130>, <minium.miniprogram.base_driver.element.BaseElement object at 0x106a51d10>, <minium.miniprogram.base_driver.element.BaseElement object at 0x1033082d0>, <minium.miniprogram.base_driver.element.BaseElement object at 0x106b679d0>, <minium.miniprogram.base_driver.element.BaseElement object at 0x106b67930>, <minium.miniprogram.base_driver.element.BaseElement object at 0x106b67750>, <minium.miniprogram.base_driver.element.BaseElement object at 0x106b67570>, <minium.miniprogram.base_driver.element.BaseElement object at 0x106b67070>, <minium.miniprogram.base_driver.element.BaseElement object at 0x106b66f30>, <minium.miniprogram.base_driver.element.BaseElement object at 0x106b66df0>, <minium.miniprogram.base_driver.element.BaseElement object at 0x106b66fd0>, <minium.miniprogram.base_driver.element.BaseElement object at 0x106b64d70>, <minium.miniprogram.base_driver.element.BaseElement object at 0x106b66e90>, <minium.miniprogram.base_driver.element.BaseElement object at 0x106b66d50>, <minium.miniprogram.base_driver.element.BaseElement object at 0x106b66c10>, <minium.miniprogram.base_driver.element.BaseElement object at 0x106b65b30>, <minium.miniprogram.base_driver.element.BaseElement object at 0x106b659f0>, <minium.miniprogram.base_driver.element.BaseElement object at 0x106b65950>, <minium.miniprogram.base_driver.element.BaseElement object at 0x106b66490>, <minium.miniprogram.base_driver.element.BaseElement object at 0x106b65310>, <minium.miniprogram.base_driver.element.BaseElement object at 0x106b65bd0>, <minium.miniprogram.base_driver.element.BaseElement object at 0x106b65810>, <minium.miniprogram.base_driver.element.BaseElement object at 0x106b65db0>, <minium.miniprogram.base_driver.element.BaseElement object at 0x106b65d10>, <minium.miniprogram.base_driver.element.BaseElement object at 0x106b65f90>, <minium.miniprogram.base_driver.element.BaseElement object at 0x106b65e50>, <minium.miniprogram.base_driver.element.BaseElement object at 0x106b65ef0>, <minium.miniprogram.base_driver.element.BaseElement object at 0x106b65c70>, <minium.miniprogram.base_driver.element.BaseElement object at 0x106b66030>, <minium.miniprogram.base_driver.element.BaseElement object at 0x106b660d0>, <minium.miniprogram.base_driver.element.BaseElement object at 0x106b66170>, <minium.miniprogram.base_driver.element.BaseElement object at 0x106b66210>, <minium.miniprogram.base_driver.element.BaseElement object at 0x106b662b0>, <minium.miniprogram.base_driver.element.BaseElement object at 0x106b66350>, <minium.miniprogram.base_driver.element.BaseElement object at 0x106b663f0>, <minium.miniprogram.base_driver.element.BaseElement object at 0x106b64eb0>, <minium.miniprogram.base_driver.element.BaseElement object at 0x106b65450>, <minium.miniprogram.base_driver.element.BaseElement object at 0x106b653b0>, <minium.miniprogram.base_driver.element.BaseElement object at 0x106b64b90>, <minium.miniprogram.base_driver.element.BaseElement object at 0x106b64ff0>, <minium.miniprogram.base_driver.element.BaseElement object at 0x106b64c30>, <minium.miniprogram.base_driver.element.BaseElement object at 0x106b654f0>, <minium.miniprogram.base_driver.element.BaseElement object at 0x106b64af0>, <minium.miniprogram.base_driver.element.BaseElement object at 0x106b647d0>, <minium.miniprogram.base_driver.element.BaseElement object at 0x106b65270>, <minium.miniprogram.base_driver.element.BaseElement object at 0x106b65130>, <minium.miniprogram.base_driver.element.BaseElement object at 0x106b64690>, <minium.miniprogram.base_driver.element.BaseElement object at 0x106b644b0>, <minium.miniprogram.base_driver.element.BaseElement object at 0x106b64550>, <minium.miniprogram.base_driver.element.BaseElement object at 0x106b645f0>, <minium.miniprogram.base_driver.element.BaseElement object at 0x106b67bb0>, <minium.miniprogram.base_driver.element.BaseElement object at 0x106b67b10>, <minium.miniprogram.base_driver.element.BaseElement object at 0x106b67d90>, <minium.miniprogram.base_driver.element.BaseElement object at 0x106b67c50>, <minium.miniprogram.base_driver.element.BaseElement object at 0x106b67cf0>, <minium.miniprogram.base_driver.element.BaseElement object at 0x106b67a70>, <minium.miniprogram.base_driver.element.BaseElement object at 0x106b67e30>, <minium.miniprogram.base_driver.element.BaseElement object at 0x106b67ed0>, <minium.miniprogram.base_driver.element.BaseElement object at 0x106b67f70>, <minium.miniprogram.base_driver.element.BaseElement object at 0x106f1c050>, <minium.miniprogram.base_driver.element.BaseElement object at 0x106f1c0f0>, <minium.miniprogram.base_driver.element.BaseElement object at 0x106f1c190>, <minium.miniprogram.base_driver.element.BaseElement object at 0x106f1c230>, <minium.miniprogram.base_driver.element.BaseElement object at 0x106f1c2d0>, <minium.miniprogram.base_driver.element.BaseElement object at 0x106f1c370>, <minium.miniprogram.base_driver.element.BaseElement object at 0x106f1c410>, <minium.miniprogram.base_driver.element.BaseElement object at 0x106f1c4b0>, <minium.miniprogram.base_driver.element.BaseElement object at 0x106f1c550>, <minium.miniprogram.base_driver.element.BaseElement object at 0x106f1c5f0>, <minium.miniprogram.base_driver.element.BaseElement object at 0x106f1c690>, <minium.miniprogram.base_driver.element.BaseElement object at 0x106f1c730>, <minium.miniprogram.base_driver.element.BaseElement object at 0x106f1c7d0>, <minium.miniprogram.base_driver.element.BaseElement object at 0x106f1c870>, <minium.miniprogram.base_driver.element.BaseElement object at 0x106f1c910>, <minium.miniprogram.base_driver.element.BaseElement object at 0x106f1c9b0>, <minium.miniprogram.base_driver.element.BaseElement object at 0x106f1ca50>, <minium.miniprogram.base_driver.element.BaseElement object at 0x106f1caf0>, <minium.miniprogram.base_driver.element.BaseElement object at 0x106f1cb90>, <minium.miniprogram.base_driver.element.BaseElement object at 0x106f1cc30>, <minium.miniprogram.base_driver.element.BaseElement object at 0x106f1ccd0>, <minium.miniprogram.base_driver.element.BaseElement object at 0x106f1cd70>, <minium.miniprogram.base_driver.element.BaseElement object at 0x106f1ce10>, <minium.miniprogram.base_driver.element.BaseElement object at 0x106f1ceb0>, <minium.miniprogram.base_driver.element.BaseElement object at 0x106f1cf50>, <minium.miniprogram.base_driver.element.BaseElement object at 0x106f1cff0>, <minium.miniprogram.base_driver.element.BaseElement object at 0x106f1d090>, <minium.miniprogram.base_driver.element.BaseElement object at 0x106f1d130>, <minium.miniprogram.base_driver.element.BaseElement object at 0x106f1d1d0>, <minium.miniprogram.base_driver.element.BaseElement object at 0x106f1d270>, <minium.miniprogram.base_driver.element.BaseElement object at 0x106f1d310>, <minium.miniprogram.base_driver.element.BaseElement object at 0x106f1d3b0>, <minium.miniprogram.base_driver.element.BaseElement object at 0x106f1d450>, <minium.miniprogram.base_driver.element.BaseElement object at 0x106f1d4f0>, <minium.miniprogram.base_driver.element.BaseElement object at 0x106f1d590>, <minium.miniprogram.base_driver.element.BaseElement object at 0x106f1d630>, <minium.miniprogram.base_driver.element.BaseElement object at 0x106f1d6d0>, <minium.miniprogram.base_driver.element.BaseElement object at 0x106f1d770>, <minium.miniprogram.base_driver.element.BaseElement object at 0x106f1d810>, <minium.miniprogram.base_driver.element.BaseElement object at 0x106f1d8b0>, <minium.miniprogram.base_driver.element.BaseElement object at 0x106f1d950>, <minium.miniprogram.base_driver.element.BaseElement object at 0x106f1d9f0>, <minium.miniprogram.base_driver.element.BaseElement object at 0x106f1da90>, <minium.miniprogram.base_driver.element.BaseElement object at 0x106f1db30>, <minium.miniprogram.base_driver.element.BaseElement object at 0x106f1dbd0>, <minium.miniprogram.base_driver.element.BaseElement object at 0x106f1dc70>, <minium.miniprogram.base_driver.element.BaseElement object at 0x106f1dd10>, <minium.miniprogram.base_driver.element.BaseElement object at 0x106f1ddb0>, <minium.miniprogram.base_driver.element.BaseElement object at 0x106f1de50>, <minium.miniprogram.base_driver.element.BaseElement object at 0x106f1def0>, <minium.miniprogram.base_driver.element.BaseElement object at 0x106f1df90>, <minium.miniprogram.base_driver.element.BaseElement object at 0x106f1e030>, <minium.miniprogram.base_driver.element.BaseElement object at 0x106f1e0d0>, <minium.miniprogram.base_driver.element.BaseElement object at 0x106f1e170>, <minium.miniprogram.base_driver.element.BaseElement object at 0x106f1e210>, <minium.miniprogram.base_driver.element.BaseElement object at 0x106f1e2b0>, <minium.miniprogram.base_driver.element.BaseElement object at 0x106f1e350>, <minium.miniprogram.base_driver.element.BaseElement object at 0x106f1e3f0>, <minium.miniprogram.base_driver.element.BaseElement object at 0x106f1e490>, <minium.miniprogram.base_driver.element.BaseElement object at 0x106f1e530>, <minium.miniprogram.base_driver.element.BaseElement object at 0x106f1e5d0>, <minium.miniprogram.base_driver.element.BaseElement object at 0x106f1e670>]
[I 2026-06-02 12:59:38,599 minium minitest#897 capture] capture assertGreater-success.png
[I 2026-06-02 12:59:40,992 minium wx_minium#571 _app_initialized_callback] receive App.initialized
[I 2026-06-02 12:59:40,993 minium wx_minium#579 _relaunch] start instantiate app 6212218880
[I 2026-06-02 12:59:41,005 minium.App9152 app#545 release] release app <minium.miniprogram.base_driver.app.App object at 0x106ab5590>
[I 2026-06-02 12:59:41,034 minium wx_minium#893 _instantiate_app] new app instanst <minium.miniprogram.base_driver.app.App object at 0x1069d34d0>, whether should relaunch: False
[I 2026-06-02 12:59:41,367 minium wx_minium#608 _relaunch] end instantiate app, cost: 0.37417006492614746
[W 2026-06-02 13:00:38,599 minium.App9152 app#682 screen_shot] 截图指令响应失败, 可能因为开发者工具不在前台导致
[W 2026-06-02 13:00:38,601 minium minitest#929 capture] /Users/haha/greatMan/projects/wechat-mini/2026-04-26-family-party-games/outputs/20260602125457/test_05_verify_members/20260602125838510110/images/assertGreater-success.png not exists
[I 2026-06-02 13:00:38,601 minium minitest#796 _callTestMethod] end test method
[I 2026-06-02 13:00:38,603 minium minitest#897 capture] capture teardown.png
[I 2026-06-02 13:00:38,726 minium basenative#59 wrapper] call BaseNative.get_start_up
[I 2026-06-02 13:00:38,727 minium basenative#63 wrapper] call BaseNative.get_start_up end 
[I 2026-06-02 13:00:38,730 minium minitest#432 _miniSetUp] =========Current case: test_06_game_interface=========
[I 2026-06-02 13:00:38,730 minium minitest#435 _miniSetUp] package info: .Users.haha.greatMan.projects.wechat-mini.2026-04-26-family-party-games.tests.test_gesture_final, case info: GestureGuessTest.test_06_game_interface
[I 2026-06-02 13:00:38,730 minium basenative#59 wrapper] call BaseNative.check_connection
[I 2026-06-02 13:00:38,730 minium basenative#63 wrapper] call BaseNative.check_connection end True
[I 2026-06-02 13:00:38,731 minium minitest#897 capture] capture setup.png
[I 2026-06-02 13:00:38,797 minium minitest#487 _miniSetUp] =========case: test_06_game_interface start=========
[I 2026-06-02 13:00:38,797 minium minitest#788 _callTestMethod] call test method
[I 2026-06-02 13:00:39,802 minium page#716 _get_elements_by_css] try to get elements: button
[I 2026-06-02 13:00:39,830 minium page#749 _get_elements_by_css] find elements success: [<minium.miniprogram.base_driver.element.BaseElement object at 0x106f1f110>, <minium.miniprogram.base_driver.element.BaseElement object at 0x106f1f2f0>, <minium.miniprogram.base_driver.element.BaseElement object at 0x106f1f250>, <minium.miniprogram.base_driver.element.BaseElement object at 0x106f1f4d0>, <minium.miniprogram.base_driver.element.BaseElement object at 0x106f1f390>, <minium.miniprogram.base_driver.element.BaseElement object at 0x106f1f430>, <minium.miniprogram.base_driver.element.BaseElement object at 0x106f1f1b0>, <minium.miniprogram.base_driver.element.BaseElement object at 0x106f1f570>, <minium.miniprogram.base_driver.element.BaseElement object at 0x106f1f610>, <minium.miniprogram.base_driver.element.BaseElement object at 0x106f1f6b0>, <minium.miniprogram.base_driver.element.BaseElement object at 0x106f1f750>, <minium.miniprogram.base_driver.element.BaseElement object at 0x106f1f7f0>, <minium.miniprogram.base_driver.element.BaseElement object at 0x106f1f890>, <minium.miniprogram.base_driver.element.BaseElement object at 0x106f1f930>, <minium.miniprogram.base_driver.element.BaseElement object at 0x106f1f9d0>, <minium.miniprogram.base_driver.element.BaseElement object at 0x106f1fa70>, <minium.miniprogram.base_driver.element.BaseElement object at 0x106f1fb10>, <minium.miniprogram.base_driver.element.BaseElement object at 0x106f1fbb0>, <minium.miniprogram.base_driver.element.BaseElement object at 0x106f1fc50>, <minium.miniprogram.base_driver.element.BaseElement object at 0x106f1fcf0>, <minium.miniprogram.base_driver.element.BaseElement object at 0x106f1fd90>, <minium.miniprogram.base_driver.element.BaseElement object at 0x106f1fe30>, <minium.miniprogram.base_driver.element.BaseElement object at 0x106f1fed0>, <minium.miniprogram.base_driver.element.BaseElement object at 0x106f1ff70>, <minium.miniprogram.base_driver.element.BaseElement object at 0x106f44050>, <minium.miniprogram.base_driver.element.BaseElement object at 0x106f440f0>, <minium.miniprogram.base_driver.element.BaseElement object at 0x106f44190>, <minium.miniprogram.base_driver.element.BaseElement object at 0x106f44230>, <minium.miniprogram.base_driver.element.BaseElement object at 0x106f442d0>, <minium.miniprogram.base_driver.element.BaseElement object at 0x106f44370>]
[I 2026-06-02 13:00:39,838 minium minitest#897 capture] capture assertGreater-success.png
[E 2026-06-02 13:00:42,797 minium.Conn4544 connection#668 __on_message] [ebcd8516-c79c-4c72-8592-2b6e651b1f78]: page destroyed
[I 2026-06-02 13:00:43,862 minium wx_minium#571 _app_initialized_callback] receive App.initialized
[I 2026-06-02 13:00:43,864 minium wx_minium#579 _relaunch] start instantiate app 6212218880
[E 2026-06-02 13:00:43,883 minium.Conn4544 connection#668 __on_message] [cdf5ca7b-65a5-4645-801c-f0d137c1307c]: page destroyed
[E 2026-06-02 13:00:43,892 minium.Conn4544 connection#668 __on_message] [f00094b7-be4c-4cab-8b2f-17ec09e7d847]: page destroyed
[E 2026-06-02 13:00:43,896 minium.Conn4544 connection#668 __on_message] [b111aa84-26dc-48be-a7c1-6052514e0670]: page destroyed
[I 2026-06-02 13:00:43,901 minium.App3264 app#545 release] release app <minium.miniprogram.base_driver.app.App object at 0x1069d34d0>
[E 2026-06-02 13:00:43,902 minium.Conn4544 connection#668 __on_message] [b79393ba-745c-4fca-ae6f-82b67a1bbeaa]: page destroyed
[E 2026-06-02 13:00:43,906 minium.Conn4544 connection#668 __on_message] [55a8bb4f-5482-4ea3-b4ef-ee4e5b318daa]: page destroyed
[E 2026-06-02 13:00:43,909 minium.Conn4544 connection#668 __on_message] [11a8f4b2-7396-4195-b46f-4c10ba4e3e62]: page destroyed
[E 2026-06-02 13:00:43,912 minium.Conn4544 connection#668 __on_message] [081ff1b8-8703-4d82-94ea-a5f11d2944dc]: page destroyed
[E 2026-06-02 13:00:43,915 minium.Conn4544 connection#668 __on_message] [edeef36e-5c91-4d89-a95f-3acca7945bdc]: page destroyed
[E 2026-06-02 13:00:43,918 minium.Conn4544 connection#668 __on_message] [df45a58a-ceb9-43b2-812a-84fa43cb44b5]: page destroyed
[E 2026-06-02 13:00:43,921 minium.Conn4544 connection#668 __on_message] [aa8d6ce8-900f-4e60-8c0b-bdb7a668fd8d]: page destroyed
[E 2026-06-02 13:00:43,923 minium.Conn4544 connection#668 __on_message] [201da7c5-b40d-49e4-9a24-6e82fdab74d1]: page destroyed
[E 2026-06-02 13:00:43,925 minium.Conn4544 connection#668 __on_message] [0eb29c46-998c-4edc-92c2-0b35be4a651d]: page destroyed
[E 2026-06-02 13:00:43,927 minium.Conn4544 connection#668 __on_message] [32ec4b47-dbb3-48bb-b9a6-15f39a91371e]: page destroyed
[E 2026-06-02 13:00:43,929 minium.Conn4544 connection#668 __on_message] [8d61387b-bfe4-43cf-9626-9a8c1f7df571]: page destroyed
[E 2026-06-02 13:00:43,931 minium.Conn4544 connection#668 __on_message] [cc3f4a4b-e407-46ad-ab51-6a137e686959]: page destroyed
[E 2026-06-02 13:00:43,933 minium.Conn4544 connection#668 __on_message] [eebc8b97-d800-4603-9317-5e59a5754d27]: page destroyed
[E 2026-06-02 13:00:43,936 minium.Conn4544 connection#668 __on_message] [48603dde-f544-4bef-a137-cc7c0695e553]: page destroyed
[E 2026-06-02 13:00:43,937 minium.Conn4544 connection#668 __on_message] [b98e35da-ea00-4f97-ac20-7809cd1327cf]: page destroyed
[E 2026-06-02 13:00:43,939 minium.Conn4544 connection#668 __on_message] [f3472680-3547-473d-96e0-819b171acc96]: page destroyed
[I 2026-06-02 13:00:43,939 minium minitest#796 _callTestMethod] end test method
[I 2026-06-02 13:00:43,943 minium minitest#897 capture] capture teardown.png
[I 2026-06-02 13:00:43,945 minium wx_minium#893 _instantiate_app] new app instanst <minium.miniprogram.base_driver.app.App object at 0x1069d2710>, whether should relaunch: False
[I 2026-06-02 13:00:44,012 minium basenative#59 wrapper] call BaseNative.get_start_up
[I 2026-06-02 13:00:44,012 minium basenative#63 wrapper] call BaseNative.get_start_up end 
[I 2026-06-02 13:00:44,014 minium minitest#432 _miniSetUp] =========Current case: test_07_performance=========
[I 2026-06-02 13:00:44,014 minium minitest#435 _miniSetUp] package info: .Users.haha.greatMan.projects.wechat-mini.2026-04-26-family-party-games.tests.test_gesture_final, case info: GestureGuessTest.test_07_performance
[I 2026-06-02 13:00:44,014 minium basenative#59 wrapper] call BaseNative.check_connection
[I 2026-06-02 13:00:44,014 minium basenative#63 wrapper] call BaseNative.check_connection end True
[W 2026-06-02 13:00:44,014 minium minitest#379 _check_debug_connection] app is relaunching, wait for it
[W 2026-06-02 13:00:44,015 minium wx_minium#1145 wait_app_relaunch] app is relaunching, wait 100.20681595802307 seconds for it
[I 2026-06-02 13:00:46,326 minium wx_minium#571 _app_initialized_callback] receive App.initialized
[I 2026-06-02 13:00:46,326 minium wx_minium#576 _relaunch] other thread relaunching app
[E 2026-06-02 13:01:43,964 minium wx_minium#606 _relaunch] [f2f2610d-f25f-4f5e-ac9b-db6aa139c074][call App.callWxMethod] receive from remote timeout
Traceback (most recent call last):
  File "/opt/anaconda3/lib/python3.13/site-packages/minium/miniprogram/wx_minium.py", line 604, in _relaunch
    self._inject()
    ~~~~~~~~~~~~^^
  File "/opt/anaconda3/lib/python3.13/site-packages/minium/miniprogram/wx_minium.py", line 359, in _inject
    self.app.call_wx_method("getSetting")
    ~~~~~~~~~~~~~~~~~~~~~~~^^^^^^^^^^^^^^
  File "/opt/anaconda3/lib/python3.13/site-packages/minium/miniprogram/base_driver/minium_log.py", line 148, in wrapper
    result = func(*args, **kwargs)
  File "/opt/anaconda3/lib/python3.13/site-packages/minium/miniprogram/base_driver/app.py", line 757, in call_wx_method
    return self._call_wx_method(method=method, args=args, plugin_appid=plugin_appid)
           ~~~~~~~~~~~~~~~~~~~~^^^^^^^^^^^^^^^^^^^^^^^^^^^^^^^^^^^^^^^^^^^^^^^^^^^^^
  File "/opt/anaconda3/lib/python3.13/site-packages/minium/miniprogram/base_driver/minium_object.py", line 162, in _call_wx_method
    return self.connection.send("App.callWxMethod", params)
           ~~~~~~~~~~~~~~~~~~~~^^^^^^^^^^^^^^^^^^^^^^^^^^^^
  File "/opt/anaconda3/lib/python3.13/site-packages/minium/miniprogram/base_driver/connection.py", line 457, in send
    return self._receive_response(cmd)
           ~~~~~~~~~~~~~~~~~~~~~~^^^^^
  File "/opt/anaconda3/lib/python3.13/site-packages/minium/miniprogram/base_driver/connection.py", line 501, in _receive_response
    raise MiniTimeoutError(
        f"[{cmd.id}][{cmd.desc}] receive from remote timeout"
    )
minium.framework.exception.MiniTimeoutError: [f2f2610d-f25f-4f5e-ac9b-db6aa139c074][call App.callWxMethod] receive from remote timeout
[I 2026-06-02 13:01:43,968 minium wx_minium#608 _relaunch] end instantiate app, cost: 60.103888750076294
[W 2026-06-02 13:01:43,969 minium wx_minium#1152 wait_app_relaunch] app is relaunch complete
[I 2026-06-02 13:01:43,970 minium minitest#897 capture] capture setup.png
[I 2026-06-02 13:01:44,093 minium minitest#487 _miniSetUp] =========case: test_07_performance start=========
[I 2026-06-02 13:01:44,093 minium minitest#788 _callTestMethod] call test method
[I 2026-06-02 13:01:44,598 minium minitest#796 _callTestMethod] end test method
[I 2026-06-02 13:01:44,601 minium minitest#897 capture] capture teardown.png
[I 2026-06-02 13:01:45,560 minium basenative#59 wrapper] call BaseNative.get_start_up
[I 2026-06-02 13:01:45,560 minium basenative#63 wrapper] call BaseNative.get_start_up end 
[I 2026-06-02 13:01:45,570 minium minitest#432 _miniSetUp] =========Current case: test_08_network=========
[I 2026-06-02 13:01:45,570 minium minitest#435 _miniSetUp] package info: .Users.haha.greatMan.projects.wechat-mini.2026-04-26-family-party-games.tests.test_gesture_final, case info: GestureGuessTest.test_08_network
[I 2026-06-02 13:01:45,570 minium basenative#59 wrapper] call BaseNative.check_connection
[I 2026-06-02 13:01:45,570 minium basenative#63 wrapper] call BaseNative.check_connection end True
[I 2026-06-02 13:01:45,572 minium minitest#897 capture] capture setup.png
[I 2026-06-02 13:01:47,950 minium wx_minium#571 _app_initialized_callback] receive App.initialized
[I 2026-06-02 13:01:47,950 minium wx_minium#579 _relaunch] start instantiate app 6212218880
[I 2026-06-02 13:01:47,966 minium.App9744 app#545 release] release app <minium.miniprogram.base_driver.app.App object at 0x1069d2710>
[I 2026-06-02 13:01:47,996 minium wx_minium#893 _instantiate_app] new app instanst <minium.miniprogram.base_driver.app.App object at 0x106ab5450>, whether should relaunch: False
[I 2026-06-02 13:01:48,028 minium minitest#487 _miniSetUp] =========case: test_08_network start=========
[I 2026-06-02 13:01:48,028 minium minitest#788 _callTestMethod] call test method
[I 2026-06-02 13:01:48,028 minium minitest#796 _callTestMethod] end test method
[I 2026-06-02 13:01:48,028 minium minitest#897 capture] capture teardown.png
[I 2026-06-02 13:01:48,118 minium basenative#59 wrapper] call BaseNative.get_start_up
[I 2026-06-02 13:01:48,118 minium basenative#63 wrapper] call BaseNative.get_start_up end 
[I 2026-06-02 14:56:26,498 minium minitest#202 init_miniprogram] start init miniprogram
[I 2026-06-02 14:56:26,513 minium basenative#59 wrapper] call IdeNative.start_wechat
[I 2026-06-02 14:56:26,514 minium basenative#63 wrapper] call IdeNative.start_wechat end None
[I 2026-06-02 14:56:26,514 minium wx_minium#738 launch_dev_tool] Starting dev tool and launch MiniProgram project ...
[I 2026-06-02 14:56:26,515 minium minium_object#83 _do_shell] de shell: /Applications/wechatwebdevtools.app/Contents/MacOS/cli auto --project "/Users/haha/greatMan/projects/wechat-mini/2026-04-26-family-party-games" --auto-port 20034
[I 2026-06-02 14:56:31,800 minium minium_object#101 _do_shell] err:
- initialize

✔ IDE server has started, listening on http://127.0.0.1:23856
- preparing
- Fetching AppID () permissions
✔ Using AppID: wx73314ee6734cdfa0
✔ auto

[I 2026-06-02 14:56:31,801 minium minium_object#102 _do_shell] out:

[I 2026-06-02 14:56:36,804 minium wx_minium#835 connect_dev_tool] Trying to connect Dev tool ...
[I 2026-06-02 14:56:36,987 minium.Conn4800 connection#352 _connect] connect to WebChatTools successfully
[E 2026-06-02 14:57:28,868 minium.Conn4800 connection#642 _on_error] Connection to remote host was lost.
[W 2026-06-02 14:57:28,869 minium.Conn4800 connection#562 reconnect] connection reconnect
[I 2026-06-02 14:57:28,869 minium.Conn4800 connection#377 _ws_run_forever] websocket run forever shutdown
[I 2026-06-02 14:57:29,122 minium.Conn4800 connection#352 _connect] connect to WebChatTools successfully
[E 2026-06-02 14:58:09,995 minium wx_minium#848 connect_dev_tool] [6f36fbf3-e559-4e94-9ac8-c8976a3cd67e][call App.callWxMethod] command timeout cause by connection error: Connection to remote host was lost.
Traceback (most recent call last):
  File "/opt/anaconda3/lib/python3.13/site-packages/minium/miniprogram/wx_minium.py", line 841, in connect_dev_tool
    self._instantiate_app(not self.start_cmd or should_relaunch)
    ~~~~~~~~~~~~~~~~~~~~~^^^^^^^^^^^^^^^^^^^^^^^^^^^^^^^^^^^^^^^
  File "/opt/anaconda3/lib/python3.13/site-packages/minium/miniprogram/wx_minium.py", line 878, in _instantiate_app
    self._get_system_info()
    ~~~~~~~~~~~~~~~~~~~~~^^
  File "/opt/anaconda3/lib/python3.13/site-packages/minium/miniprogram/wx_minium.py", line 533, in _get_system_info
    system_info = self.get_system_info()
  File "/opt/anaconda3/lib/python3.13/site-packages/minium/miniprogram/base_driver/minium_log.py", line 148, in wrapper
    result = func(*args, **kwargs)
  File "/opt/anaconda3/lib/python3.13/site-packages/minium/miniprogram/wx_minium.py", line 909, in get_system_info
    self._call_wx_method("getSystemInfoSync")
    ~~~~~~~~~~~~~~~~~~~~^^^^^^^^^^^^^^^^^^^^^
  File "/opt/anaconda3/lib/python3.13/site-packages/minium/miniprogram/base_driver/minium_object.py", line 162, in _call_wx_method
    return self.connection.send("App.callWxMethod", params)
           ~~~~~~~~~~~~~~~~~~~~^^^^^^^^^^^^^^^^^^^^^^^^^^^^
  File "/opt/anaconda3/lib/python3.13/site-packages/minium/miniprogram/base_driver/connection.py", line 457, in send
    return self._receive_response(cmd)
           ~~~~~~~~~~~~~~~~~~~~~~^^^^^
  File "/opt/anaconda3/lib/python3.13/site-packages/minium/miniprogram/base_driver/connection.py", line 498, in _receive_response
    raise MiniTimeoutCauseByConnectionBreakError(
        f"[{cmd.id}][{cmd.desc}] command timeout cause by {cmd.reason}"
    )
minium.framework.exception.MiniTimeoutCauseByConnectionBreakError: [6f36fbf3-e559-4e94-9ac8-c8976a3cd67e][call App.callWxMethod] command timeout cause by connection error: Connection to remote host was lost.
[I 2026-06-02 14:58:10,037 minium wx_minium#835 connect_dev_tool] Trying to connect Dev tool ...
[I 2026-06-02 14:58:10,213 minium.Conn3056 connection#352 _connect] connect to WebChatTools successfully
[E 2026-06-02 14:58:10,213 minium.Conn4800 connection#739 destroy] 断开连接
[I 2026-06-02 14:58:10,219 minium.Conn4800 connection#377 _ws_run_forever] websocket run forever shutdown
[I 2026-06-02 14:58:10,370 minium wx_minium#893 _instantiate_app] new app instanst <minium.miniprogram.base_driver.app.App object at 0x105399160>, whether should relaunch: False
[I 2026-06-02 14:58:10,372 minium basenative#59 wrapper] call IdeNative.send
[W 2026-06-02 14:58:10,375 minium idenative#77 _send] handle clickCoverView error: clickCoverView failed
[I 2026-06-02 14:58:10,375 minium basenative#63 wrapper] call IdeNative.send end False
[I 2026-06-02 14:58:11,354 minium minitest#218 init_miniprogram] end init miniprogram
[I 2026-06-02 14:58:11,362 minium minitest#432 _miniSetUp] =========Current case: test_01_homepage=========
[I 2026-06-02 14:58:11,362 minium minitest#435 _miniSetUp] package info: .Users.haha.greatMan.projects.wechat-mini.2026-04-26-family-party-games.tests.test_gesture_final, case info: GestureGuessTest.test_01_homepage
[I 2026-06-02 14:58:11,363 minium basenative#59 wrapper] call BaseNative.check_connection
[I 2026-06-02 14:58:11,363 minium basenative#63 wrapper] call BaseNative.check_connection end True
[I 2026-06-02 14:58:11,365 minium minitest#897 capture] capture setup.png
[I 2026-06-02 14:58:11,502 minium minitest#487 _miniSetUp] =========case: test_01_homepage start=========
[I 2026-06-02 14:58:11,502 minium minitest#788 _callTestMethod] call test method
[I 2026-06-02 14:58:14,363 minium wx_minium#571 _app_initialized_callback] receive App.initialized
[I 2026-06-02 14:58:14,363 minium wx_minium#579 _relaunch] start instantiate app 6268334080
[I 2026-06-02 14:58:14,371 minium.App6144 app#545 release] release app <minium.miniprogram.base_driver.app.App object at 0x105399160>
[I 2026-06-02 14:58:14,410 minium wx_minium#893 _instantiate_app] new app instanst <minium.miniprogram.base_driver.app.App object at 0x10530e490>, whether should relaunch: False
[I 2026-06-02 14:58:14,714 minium wx_minium#608 _relaunch] end instantiate app, cost: 0.35056471824645996
[E 2026-06-02 14:58:27,166 minium minitest#793 _callTestMethod] test exception
Traceback (most recent call last):
  File "/opt/anaconda3/lib/python3.13/site-packages/minium/framework/minitest.py", line 789, in _callTestMethod
    method()
    ~~~~~~^^
  File "/Users/haha/greatMan/projects/wechat-mini/2026-04-26-family-party-games/tests/test_gesture_final.py", line 225, in test_01_homepage
    room_id, room_code = self._cloud_create_room()
                         ~~~~~~~~~~~~~~~~~~~~~~~^^
  File "/Users/haha/greatMan/projects/wechat-mini/2026-04-26-family-party-games/tests/test_gesture_final.py", line 142, in _cloud_create_room
    raise RuntimeError(f"cloud create failed: {r}")
RuntimeError: cloud create failed: {'errorCode': 1, 'errorMessage': "Error: Cannot find module '../roomService/joinPlayerPatch'\nRequire stack:\n- /var/user/index.js\n- /data/scf/frame/node18/userFunction.js\n- /data/scf/frame/node18/runtime.js", 'requestId': 'e7419dcd-2adf-4e6e-8a07-293c21a19bdf', 'statusCode': 443}
[I 2026-06-02 14:58:27,175 minium minitest#796 _callTestMethod] end test method
[I 2026-06-02 14:58:27,182 minium minitest#897 capture] capture teardown.png
[I 2026-06-02 14:58:27,315 minium basenative#59 wrapper] call BaseNative.get_start_up
[I 2026-06-02 14:58:27,316 minium basenative#63 wrapper] call BaseNative.get_start_up end 
[E 2026-06-02 14:58:27,317 minium assertbase#390 _get_stack_info] <bound method GestureGuessTest.test_01_homepage of <__main__.GestureGuessTest testMethod=test_01_homepage>>
Traceback (most recent call last):
  File "/opt/anaconda3/lib/python3.13/site-packages/minium/framework/libs/unittest/case.py", line 43, in testPartExecutor
    yield
  File "/opt/anaconda3/lib/python3.13/site-packages/minium/framework/libs/unittest/case.py", line 125, in run
    self._callTestMethod(testMethod)
    ~~~~~~~~~~~~~~~~~~~~^^^^^^^^^^^^
  File "/opt/anaconda3/lib/python3.13/site-packages/minium/framework/minitest.py", line 789, in _callTestMethod
    method()
    ~~~~~~^^
  File "/Users/haha/greatMan/projects/wechat-mini/2026-04-26-family-party-games/tests/test_gesture_final.py", line 225, in test_01_homepage
    room_id, room_code = self._cloud_create_room()
                         ~~~~~~~~~~~~~~~~~~~~~~~^^
  File "/Users/haha/greatMan/projects/wechat-mini/2026-04-26-family-party-games/tests/test_gesture_final.py", line 142, in _cloud_create_room
    raise RuntimeError(f"cloud create failed: {r}")
RuntimeError: cloud create failed: {'errorCode': 1, 'errorMessage': "Error: Cannot find module '../roomService/joinPlayerPatch'\nRequire stack:\n- /var/user/index.js\n- /data/scf/frame/node18/userFunction.js\n- /data/scf/frame/node18/runtime.js", 'requestId': 'e7419dcd-2adf-4e6e-8a07-293c21a19bdf', 'statusCode': 443}
[W 2026-06-02 14:58:27,317 minium assertbase#354 _log_info_when_error] config: {'debug': False, 'base_dir': '/Users/haha/greatMan/projects/wechat-mini/2026-04-26-family-party-games', 'platform': 'ide', 'app': 'wx', 'debug_mode': 'info', 'close_ide': False, 'auto_capture': 'auto', 'check_mp_foreground': False, 'auto_relaunch': False, 'device_desire': {}, 'account_info': {}, 'report_usage': True, 'remote_connect_timeout': 180, 'request_timeout': 90, 'use_push': True, 'full_reset': False, 'outputs': './outputs', 'enable_app_log': False, 'enable_network_panel': False, 'project_path': '/Users/haha/greatMan/projects/wechat-mini/2026-04-26-family-party-games', 'dev_tool_path': '/Applications/wechatwebdevtools.app/Contents/MacOS/cli', 'test_port': 20034, 'mock_native_modal': {}, 'mock_request': [], 'auto_authorize': False, 'audits': None, 'teardown_snapshot': False, 'mock_images_dir': '', 'mock_images': {}, 'need_perf': False, 'appid': None, 'enable_h5': True, 'autofix': False, 'tcb_cli': 'npx -p @cloudbase/cli@3.4.0 tcb', 'cloud_env_id': 'cloud1-d9g01no7m292bc511-d5e875d', 'framework_capture': True, 'error_capture': False, 'assert_capture': True, 'create_time': '20260602145626', 'case_output': './outputs/20260602145626/test_01_homepage/20260602145811354796'}
[W 2026-06-02 14:58:27,317 minium assertbase#355 _log_info_when_error] build info: {'version': '1.6.0', 'revision': '33ce5b50b34ec18c51c054a7cc1bdfb3ab0a451b', 'branch': 'master', 'update_at': '2024-10-09 21:08:56'}
[W 2026-06-02 14:58:27,317 minium minitest#1029 _log_info_when_error] mini: 基础库3.15.2, 开发者工具2.01.2510290
[W 2026-06-02 14:58:27,317 minium minitest#1031 _log_info_when_error] native: <minium.native.wx_native.idenative.IdeNative object at 0x105398980>
[W 2026-06-02 14:58:27,319 minium minitest#825 run] 第1次重试
[I 2026-06-02 14:58:27,320 minium minitest#432 _miniSetUp] =========Current case: test_01_homepage=========
[W 2026-06-02 14:58:27,320 minium minitest#434 _miniSetUp] 第1次重试
[I 2026-06-02 14:58:27,320 minium minitest#435 _miniSetUp] package info: .Users.haha.greatMan.projects.wechat-mini.2026-04-26-family-party-games.tests.test_gesture_final, case info: GestureGuessTest.test_01_homepage
[I 2026-06-02 14:58:27,320 minium basenative#59 wrapper] call BaseNative.check_connection
[I 2026-06-02 14:58:27,320 minium basenative#63 wrapper] call BaseNative.check_connection end True
[I 2026-06-02 14:58:27,321 minium minitest#897 capture] capture setup.png
[I 2026-06-02 14:58:27,383 minium minitest#487 _miniSetUp] =========case: test_01_homepage start=========
[I 2026-06-02 14:58:27,384 minium minitest#788 _callTestMethod] call test method
[I 2026-06-02 14:58:29,919 minium wx_minium#571 _app_initialized_callback] receive App.initialized
[I 2026-06-02 14:58:29,920 minium wx_minium#579 _relaunch] start instantiate app 6267760640
[I 2026-06-02 14:58:29,933 minium.App7616 app#545 release] release app <minium.miniprogram.base_driver.app.App object at 0x10530e490>
[I 2026-06-02 14:58:29,971 minium wx_minium#893 _instantiate_app] new app instanst <minium.miniprogram.base_driver.app.App object at 0x10530f750>, whether should relaunch: False
[I 2026-06-02 14:58:30,271 minium wx_minium#608 _relaunch] end instantiate app, cost: 0.35009264945983887
[E 2026-06-02 14:58:34,874 minium minitest#793 _callTestMethod] test exception
Traceback (most recent call last):
  File "/opt/anaconda3/lib/python3.13/site-packages/minium/framework/minitest.py", line 789, in _callTestMethod
    method()
    ~~~~~~^^
  File "/Users/haha/greatMan/projects/wechat-mini/2026-04-26-family-party-games/tests/test_gesture_final.py", line 225, in test_01_homepage
    room_id, room_code = self._cloud_create_room()
                         ~~~~~~~~~~~~~~~~~~~~~~~^^
  File "/Users/haha/greatMan/projects/wechat-mini/2026-04-26-family-party-games/tests/test_gesture_final.py", line 142, in _cloud_create_room
    raise RuntimeError(f"cloud create failed: {r}")
RuntimeError: cloud create failed: {'errorCode': 1, 'errorMessage': "Error: Cannot find module '../roomService/joinPlayerPatch'\nRequire stack:\n- /var/user/index.js\n- /data/scf/frame/node18/userFunction.js\n- /data/scf/frame/node18/runtime.js", 'requestId': '13ab9fbf-0f0d-4b9c-aba2-308978ecadcf', 'statusCode': 443}
[I 2026-06-02 14:58:34,874 minium minitest#796 _callTestMethod] end test method
[I 2026-06-02 14:58:34,875 minium minitest#897 capture] capture teardown.png
[I 2026-06-02 14:58:34,985 minium basenative#59 wrapper] call BaseNative.get_start_up
[I 2026-06-02 14:58:34,985 minium basenative#63 wrapper] call BaseNative.get_start_up end 
[E 2026-06-02 14:58:34,994 minium assertbase#390 _get_stack_info] <bound method GestureGuessTest.test_01_homepage of <__main__.GestureGuessTest testMethod=test_01_homepage>>
Traceback (most recent call last):
  File "/opt/anaconda3/lib/python3.13/site-packages/minium/framework/libs/unittest/case.py", line 43, in testPartExecutor
    yield
  File "/opt/anaconda3/lib/python3.13/site-packages/minium/framework/libs/unittest/case.py", line 125, in run
    self._callTestMethod(testMethod)
    ~~~~~~~~~~~~~~~~~~~~^^^^^^^^^^^^
  File "/opt/anaconda3/lib/python3.13/site-packages/minium/framework/minitest.py", line 789, in _callTestMethod
    method()
    ~~~~~~^^
  File "/Users/haha/greatMan/projects/wechat-mini/2026-04-26-family-party-games/tests/test_gesture_final.py", line 225, in test_01_homepage
    room_id, room_code = self._cloud_create_room()
                         ~~~~~~~~~~~~~~~~~~~~~~~^^
  File "/Users/haha/greatMan/projects/wechat-mini/2026-04-26-family-party-games/tests/test_gesture_final.py", line 142, in _cloud_create_room
    raise RuntimeError(f"cloud create failed: {r}")
RuntimeError: cloud create failed: {'errorCode': 1, 'errorMessage': "Error: Cannot find module '../roomService/joinPlayerPatch'\nRequire stack:\n- /var/user/index.js\n- /data/scf/frame/node18/userFunction.js\n- /data/scf/frame/node18/runtime.js", 'requestId': '13ab9fbf-0f0d-4b9c-aba2-308978ecadcf', 'statusCode': 443}
[W 2026-06-02 14:58:34,994 minium assertbase#354 _log_info_when_error] config: {'debug': False, 'base_dir': '/Users/haha/greatMan/projects/wechat-mini/2026-04-26-family-party-games', 'platform': 'ide', 'app': 'wx', 'debug_mode': 'info', 'close_ide': False, 'auto_capture': 'auto', 'check_mp_foreground': False, 'auto_relaunch': False, 'device_desire': {}, 'account_info': {}, 'report_usage': True, 'remote_connect_timeout': 180, 'request_timeout': 90, 'use_push': True, 'full_reset': False, 'outputs': './outputs', 'enable_app_log': False, 'enable_network_panel': False, 'project_path': '/Users/haha/greatMan/projects/wechat-mini/2026-04-26-family-party-games', 'dev_tool_path': '/Applications/wechatwebdevtools.app/Contents/MacOS/cli', 'test_port': 20034, 'mock_native_modal': {}, 'mock_request': [], 'auto_authorize': False, 'audits': None, 'teardown_snapshot': False, 'mock_images_dir': '', 'mock_images': {}, 'need_perf': False, 'appid': None, 'enable_h5': True, 'autofix': False, 'tcb_cli': 'npx -p @cloudbase/cli@3.4.0 tcb', 'cloud_env_id': 'cloud1-d9g01no7m292bc511-d5e875d', 'framework_capture': True, 'error_capture': False, 'assert_capture': True, 'create_time': '20260602145626', 'case_output': './outputs/20260602145626/test_01_homepage/20260602145827319726'}
[W 2026-06-02 14:58:34,994 minium assertbase#355 _log_info_when_error] build info: {'version': '1.6.0', 'revision': '33ce5b50b34ec18c51c054a7cc1bdfb3ab0a451b', 'branch': 'master', 'update_at': '2024-10-09 21:08:56'}
[W 2026-06-02 14:58:34,994 minium minitest#1029 _log_info_when_error] mini: 基础库3.15.2, 开发者工具2.01.2510290
[W 2026-06-02 14:58:34,994 minium minitest#1031 _log_info_when_error] native: <minium.native.wx_native.idenative.IdeNative object at 0x105398980>
[I 2026-06-02 14:58:35,007 minium minitest#432 _miniSetUp] =========Current case: test_02_click_game=========
[I 2026-06-02 14:58:35,007 minium minitest#435 _miniSetUp] package info: .Users.haha.greatMan.projects.wechat-mini.2026-04-26-family-party-games.tests.test_gesture_final, case info: GestureGuessTest.test_02_click_game
[I 2026-06-02 14:58:35,007 minium basenative#59 wrapper] call BaseNative.check_connection
[I 2026-06-02 14:58:35,007 minium basenative#63 wrapper] call BaseNative.check_connection end True
[I 2026-06-02 14:58:35,007 minium minitest#897 capture] capture setup.png
[I 2026-06-02 14:58:35,085 minium minitest#487 _miniSetUp] =========case: test_02_click_game start=========
[I 2026-06-02 14:58:35,085 minium minitest#788 _callTestMethod] call test method
[I 2026-06-02 14:58:37,544 minium wx_minium#571 _app_initialized_callback] receive App.initialized
[I 2026-06-02 14:58:37,544 minium wx_minium#579 _relaunch] start instantiate app 6267760640
[I 2026-06-02 14:58:37,556 minium.App2416 app#545 release] release app <minium.miniprogram.base_driver.app.App object at 0x10530f750>
[I 2026-06-02 14:58:37,594 minium wx_minium#893 _instantiate_app] new app instanst <minium.miniprogram.base_driver.app.App object at 0x10530f610>, whether should relaunch: False
[I 2026-06-02 14:58:37,915 minium wx_minium#608 _relaunch] end instantiate app, cost: 0.3707399368286133
[E 2026-06-02 14:58:43,106 minium minitest#793 _callTestMethod] test exception
Traceback (most recent call last):
  File "/opt/anaconda3/lib/python3.13/site-packages/minium/framework/minitest.py", line 789, in _callTestMethod
    method()
    ~~~~~~^^
  File "/Users/haha/greatMan/projects/wechat-mini/2026-04-26-family-party-games/tests/test_gesture_final.py", line 239, in test_02_click_game
    room_id, room_code = self._cloud_create_room()
                         ~~~~~~~~~~~~~~~~~~~~~~~^^
  File "/Users/haha/greatMan/projects/wechat-mini/2026-04-26-family-party-games/tests/test_gesture_final.py", line 142, in _cloud_create_room
    raise RuntimeError(f"cloud create failed: {r}")
RuntimeError: cloud create failed: {'errorCode': 1, 'errorMessage': "Error: Cannot find module '../roomService/joinPlayerPatch'\nRequire stack:\n- /var/user/index.js\n- /data/scf/frame/node18/userFunction.js\n- /data/scf/frame/node18/runtime.js", 'requestId': '6256a931-7d11-49e9-b91b-638027bff34d', 'statusCode': 443}
[I 2026-06-02 14:58:43,106 minium minitest#796 _callTestMethod] end test method
[I 2026-06-02 14:58:43,115 minium minitest#897 capture] capture teardown.png
[I 2026-06-02 14:58:43,229 minium basenative#59 wrapper] call BaseNative.get_start_up
[I 2026-06-02 14:58:43,229 minium basenative#63 wrapper] call BaseNative.get_start_up end 
[E 2026-06-02 14:58:43,231 minium assertbase#390 _get_stack_info] <bound method GestureGuessTest.test_02_click_game of <__main__.GestureGuessTest testMethod=test_02_click_game>>
Traceback (most recent call last):
  File "/opt/anaconda3/lib/python3.13/site-packages/minium/framework/libs/unittest/case.py", line 43, in testPartExecutor
    yield
  File "/opt/anaconda3/lib/python3.13/site-packages/minium/framework/libs/unittest/case.py", line 125, in run
    self._callTestMethod(testMethod)
    ~~~~~~~~~~~~~~~~~~~~^^^^^^^^^^^^
  File "/opt/anaconda3/lib/python3.13/site-packages/minium/framework/minitest.py", line 789, in _callTestMethod
    method()
    ~~~~~~^^
  File "/Users/haha/greatMan/projects/wechat-mini/2026-04-26-family-party-games/tests/test_gesture_final.py", line 239, in test_02_click_game
    room_id, room_code = self._cloud_create_room()
                         ~~~~~~~~~~~~~~~~~~~~~~~^^
  File "/Users/haha/greatMan/projects/wechat-mini/2026-04-26-family-party-games/tests/test_gesture_final.py", line 142, in _cloud_create_room
    raise RuntimeError(f"cloud create failed: {r}")
RuntimeError: cloud create failed: {'errorCode': 1, 'errorMessage': "Error: Cannot find module '../roomService/joinPlayerPatch'\nRequire stack:\n- /var/user/index.js\n- /data/scf/frame/node18/userFunction.js\n- /data/scf/frame/node18/runtime.js", 'requestId': '6256a931-7d11-49e9-b91b-638027bff34d', 'statusCode': 443}
[W 2026-06-02 14:58:43,231 minium assertbase#354 _log_info_when_error] config: {'debug': False, 'base_dir': '/Users/haha/greatMan/projects/wechat-mini/2026-04-26-family-party-games', 'platform': 'ide', 'app': 'wx', 'debug_mode': 'info', 'close_ide': False, 'auto_capture': 'auto', 'check_mp_foreground': False, 'auto_relaunch': False, 'device_desire': {}, 'account_info': {}, 'report_usage': True, 'remote_connect_timeout': 180, 'request_timeout': 90, 'use_push': True, 'full_reset': False, 'outputs': './outputs', 'enable_app_log': False, 'enable_network_panel': False, 'project_path': '/Users/haha/greatMan/projects/wechat-mini/2026-04-26-family-party-games', 'dev_tool_path': '/Applications/wechatwebdevtools.app/Contents/MacOS/cli', 'test_port': 20034, 'mock_native_modal': {}, 'mock_request': [], 'auto_authorize': False, 'audits': None, 'teardown_snapshot': False, 'mock_images_dir': '', 'mock_images': {}, 'need_perf': False, 'appid': None, 'enable_h5': True, 'autofix': False, 'tcb_cli': 'npx -p @cloudbase/cli@3.4.0 tcb', 'cloud_env_id': 'cloud1-d9g01no7m292bc511-d5e875d', 'framework_capture': True, 'error_capture': False, 'assert_capture': True, 'create_time': '20260602145626', 'case_output': './outputs/20260602145626/test_02_click_game/20260602145834999626'}
[W 2026-06-02 14:58:43,231 minium assertbase#355 _log_info_when_error] build info: {'version': '1.6.0', 'revision': '33ce5b50b34ec18c51c054a7cc1bdfb3ab0a451b', 'branch': 'master', 'update_at': '2024-10-09 21:08:56'}
[W 2026-06-02 14:58:43,232 minium minitest#1029 _log_info_when_error] mini: 基础库3.15.2, 开发者工具2.01.2510290
[W 2026-06-02 14:58:43,232 minium minitest#1031 _log_info_when_error] native: <minium.native.wx_native.idenative.IdeNative object at 0x105398980>
[W 2026-06-02 14:58:43,241 minium minitest#825 run] 第1次重试
[I 2026-06-02 14:58:43,242 minium minitest#432 _miniSetUp] =========Current case: test_02_click_game=========
[W 2026-06-02 14:58:43,242 minium minitest#434 _miniSetUp] 第1次重试
[I 2026-06-02 14:58:43,242 minium minitest#435 _miniSetUp] package info: .Users.haha.greatMan.projects.wechat-mini.2026-04-26-family-party-games.tests.test_gesture_final, case info: GestureGuessTest.test_02_click_game
[I 2026-06-02 14:58:43,242 minium basenative#59 wrapper] call BaseNative.check_connection
[I 2026-06-02 14:58:43,242 minium basenative#63 wrapper] call BaseNative.check_connection end True
[I 2026-06-02 14:58:43,243 minium minitest#897 capture] capture setup.png
[I 2026-06-02 14:58:43,324 minium minitest#487 _miniSetUp] =========case: test_02_click_game start=========
[I 2026-06-02 14:58:43,324 minium minitest#788 _callTestMethod] call test method
[I 2026-06-02 14:58:45,736 minium wx_minium#571 _app_initialized_callback] receive App.initialized
[I 2026-06-02 14:58:45,737 minium wx_minium#579 _relaunch] start instantiate app 6267760640
[I 2026-06-02 14:58:45,753 minium.App2096 app#545 release] release app <minium.miniprogram.base_driver.app.App object at 0x10530f610>
[I 2026-06-02 14:58:45,795 minium wx_minium#893 _instantiate_app] new app instanst <minium.miniprogram.base_driver.app.App object at 0x10530fed0>, whether should relaunch: False
[I 2026-06-02 14:58:46,127 minium wx_minium#608 _relaunch] end instantiate app, cost: 0.3899540901184082
[E 2026-06-02 14:58:50,986 minium minitest#793 _callTestMethod] test exception
Traceback (most recent call last):
  File "/opt/anaconda3/lib/python3.13/site-packages/minium/framework/minitest.py", line 789, in _callTestMethod
    method()
    ~~~~~~^^
  File "/Users/haha/greatMan/projects/wechat-mini/2026-04-26-family-party-games/tests/test_gesture_final.py", line 239, in test_02_click_game
    room_id, room_code = self._cloud_create_room()
                         ~~~~~~~~~~~~~~~~~~~~~~~^^
  File "/Users/haha/greatMan/projects/wechat-mini/2026-04-26-family-party-games/tests/test_gesture_final.py", line 142, in _cloud_create_room
    raise RuntimeError(f"cloud create failed: {r}")
RuntimeError: cloud create failed: {'errorCode': 1, 'errorMessage': "Error: Cannot find module '../roomService/joinPlayerPatch'\nRequire stack:\n- /var/user/index.js\n- /data/scf/frame/node18/userFunction.js\n- /data/scf/frame/node18/runtime.js", 'requestId': '78561042-27d3-4cca-99d7-7250f3651f12', 'statusCode': 443}
[I 2026-06-02 14:58:50,986 minium minitest#796 _callTestMethod] end test method
[I 2026-06-02 14:58:50,987 minium minitest#897 capture] capture teardown.png
[I 2026-06-02 14:58:51,101 minium basenative#59 wrapper] call BaseNative.get_start_up
[I 2026-06-02 14:58:51,101 minium basenative#63 wrapper] call BaseNative.get_start_up end 
[E 2026-06-02 14:58:51,104 minium assertbase#390 _get_stack_info] <bound method GestureGuessTest.test_02_click_game of <__main__.GestureGuessTest testMethod=test_02_click_game>>
Traceback (most recent call last):
  File "/opt/anaconda3/lib/python3.13/site-packages/minium/framework/libs/unittest/case.py", line 43, in testPartExecutor
    yield
  File "/opt/anaconda3/lib/python3.13/site-packages/minium/framework/libs/unittest/case.py", line 125, in run
    self._callTestMethod(testMethod)
    ~~~~~~~~~~~~~~~~~~~~^^^^^^^^^^^^
  File "/opt/anaconda3/lib/python3.13/site-packages/minium/framework/minitest.py", line 789, in _callTestMethod
    method()
    ~~~~~~^^
  File "/Users/haha/greatMan/projects/wechat-mini/2026-04-26-family-party-games/tests/test_gesture_final.py", line 239, in test_02_click_game
    room_id, room_code = self._cloud_create_room()
                         ~~~~~~~~~~~~~~~~~~~~~~~^^
  File "/Users/haha/greatMan/projects/wechat-mini/2026-04-26-family-party-games/tests/test_gesture_final.py", line 142, in _cloud_create_room
    raise RuntimeError(f"cloud create failed: {r}")
RuntimeError: cloud create failed: {'errorCode': 1, 'errorMessage': "Error: Cannot find module '../roomService/joinPlayerPatch'\nRequire stack:\n- /var/user/index.js\n- /data/scf/frame/node18/userFunction.js\n- /data/scf/frame/node18/runtime.js", 'requestId': '78561042-27d3-4cca-99d7-7250f3651f12', 'statusCode': 443}
[W 2026-06-02 14:58:51,104 minium assertbase#354 _log_info_when_error] config: {'debug': False, 'base_dir': '/Users/haha/greatMan/projects/wechat-mini/2026-04-26-family-party-games', 'platform': 'ide', 'app': 'wx', 'debug_mode': 'info', 'close_ide': False, 'auto_capture': 'auto', 'check_mp_foreground': False, 'auto_relaunch': False, 'device_desire': {}, 'account_info': {}, 'report_usage': True, 'remote_connect_timeout': 180, 'request_timeout': 90, 'use_push': True, 'full_reset': False, 'outputs': './outputs', 'enable_app_log': False, 'enable_network_panel': False, 'project_path': '/Users/haha/greatMan/projects/wechat-mini/2026-04-26-family-party-games', 'dev_tool_path': '/Applications/wechatwebdevtools.app/Contents/MacOS/cli', 'test_port': 20034, 'mock_native_modal': {}, 'mock_request': [], 'auto_authorize': False, 'audits': None, 'teardown_snapshot': False, 'mock_images_dir': '', 'mock_images': {}, 'need_perf': False, 'appid': None, 'enable_h5': True, 'autofix': False, 'tcb_cli': 'npx -p @cloudbase/cli@3.4.0 tcb', 'cloud_env_id': 'cloud1-d9g01no7m292bc511-d5e875d', 'framework_capture': True, 'error_capture': False, 'assert_capture': True, 'create_time': '20260602145626', 'case_output': './outputs/20260602145626/test_02_click_game/20260602145843241610'}
[W 2026-06-02 14:58:51,104 minium assertbase#355 _log_info_when_error] build info: {'version': '1.6.0', 'revision': '33ce5b50b34ec18c51c054a7cc1bdfb3ab0a451b', 'branch': 'master', 'update_at': '2024-10-09 21:08:56'}
[W 2026-06-02 14:58:51,104 minium minitest#1029 _log_info_when_error] mini: 基础库3.15.2, 开发者工具2.01.2510290
[W 2026-06-02 14:58:51,104 minium minitest#1031 _log_info_when_error] native: <minium.native.wx_native.idenative.IdeNative object at 0x105398980>
[I 2026-06-02 14:58:51,118 minium minitest#432 _miniSetUp] =========Current case: test_03_create_room=========
[I 2026-06-02 14:58:51,118 minium minitest#435 _miniSetUp] package info: .Users.haha.greatMan.projects.wechat-mini.2026-04-26-family-party-games.tests.test_gesture_final, case info: GestureGuessTest.test_03_create_room
[I 2026-06-02 14:58:51,118 minium basenative#59 wrapper] call BaseNative.check_connection
[I 2026-06-02 14:58:51,118 minium basenative#63 wrapper] call BaseNative.check_connection end True
[I 2026-06-02 14:58:51,119 minium minitest#897 capture] capture setup.png
[I 2026-06-02 14:58:51,184 minium minitest#487 _miniSetUp] =========case: test_03_create_room start=========
[I 2026-06-02 14:58:51,184 minium minitest#788 _callTestMethod] call test method
[I 2026-06-02 14:58:53,816 minium wx_minium#571 _app_initialized_callback] receive App.initialized
[I 2026-06-02 14:58:53,816 minium wx_minium#579 _relaunch] start instantiate app 6267760640
[I 2026-06-02 14:58:53,827 minium.App4336 app#545 release] release app <minium.miniprogram.base_driver.app.App object at 0x10530fed0>
[I 2026-06-02 14:58:53,857 minium wx_minium#893 _instantiate_app] new app instanst <minium.miniprogram.base_driver.app.App object at 0x10530da90>, whether should relaunch: False
[I 2026-06-02 14:58:54,179 minium wx_minium#608 _relaunch] end instantiate app, cost: 0.36216092109680176
[E 2026-06-02 14:58:58,726 minium minitest#793 _callTestMethod] test exception
Traceback (most recent call last):
  File "/opt/anaconda3/lib/python3.13/site-packages/minium/framework/minitest.py", line 789, in _callTestMethod
    method()
    ~~~~~~^^
  File "/Users/haha/greatMan/projects/wechat-mini/2026-04-26-family-party-games/tests/test_gesture_final.py", line 246, in test_03_create_room
    room_id, room_code = self._cloud_create_room()
                         ~~~~~~~~~~~~~~~~~~~~~~~^^
  File "/Users/haha/greatMan/projects/wechat-mini/2026-04-26-family-party-games/tests/test_gesture_final.py", line 142, in _cloud_create_room
    raise RuntimeError(f"cloud create failed: {r}")
RuntimeError: cloud create failed: {'errorCode': 1, 'errorMessage': "Error: Cannot find module '../roomService/joinPlayerPatch'\nRequire stack:\n- /var/user/index.js\n- /data/scf/frame/node18/userFunction.js\n- /data/scf/frame/node18/runtime.js", 'requestId': '6920fa08-0662-49eb-8baa-9a9eec5792a7', 'statusCode': 443}
[I 2026-06-02 14:58:58,726 minium minitest#796 _callTestMethod] end test method
[I 2026-06-02 14:58:58,727 minium minitest#897 capture] capture teardown.png
[I 2026-06-02 14:58:58,795 minium basenative#59 wrapper] call BaseNative.get_start_up
[I 2026-06-02 14:58:58,796 minium basenative#63 wrapper] call BaseNative.get_start_up end 
[E 2026-06-02 14:58:58,797 minium assertbase#390 _get_stack_info] <bound method GestureGuessTest.test_03_create_room of <__main__.GestureGuessTest testMethod=test_03_create_room>>
Traceback (most recent call last):
  File "/opt/anaconda3/lib/python3.13/site-packages/minium/framework/libs/unittest/case.py", line 43, in testPartExecutor
    yield
  File "/opt/anaconda3/lib/python3.13/site-packages/minium/framework/libs/unittest/case.py", line 125, in run
    self._callTestMethod(testMethod)
    ~~~~~~~~~~~~~~~~~~~~^^^^^^^^^^^^
  File "/opt/anaconda3/lib/python3.13/site-packages/minium/framework/minitest.py", line 789, in _callTestMethod
    method()
    ~~~~~~^^
  File "/Users/haha/greatMan/projects/wechat-mini/2026-04-26-family-party-games/tests/test_gesture_final.py", line 246, in test_03_create_room
    room_id, room_code = self._cloud_create_room()
                         ~~~~~~~~~~~~~~~~~~~~~~~^^
  File "/Users/haha/greatMan/projects/wechat-mini/2026-04-26-family-party-games/tests/test_gesture_final.py", line 142, in _cloud_create_room
    raise RuntimeError(f"cloud create failed: {r}")
RuntimeError: cloud create failed: {'errorCode': 1, 'errorMessage': "Error: Cannot find module '../roomService/joinPlayerPatch'\nRequire stack:\n- /var/user/index.js\n- /data/scf/frame/node18/userFunction.js\n- /data/scf/frame/node18/runtime.js", 'requestId': '6920fa08-0662-49eb-8baa-9a9eec5792a7', 'statusCode': 443}
[W 2026-06-02 14:58:58,797 minium assertbase#354 _log_info_when_error] config: {'debug': False, 'base_dir': '/Users/haha/greatMan/projects/wechat-mini/2026-04-26-family-party-games', 'platform': 'ide', 'app': 'wx', 'debug_mode': 'info', 'close_ide': False, 'auto_capture': 'auto', 'check_mp_foreground': False, 'auto_relaunch': False, 'device_desire': {}, 'account_info': {}, 'report_usage': True, 'remote_connect_timeout': 180, 'request_timeout': 90, 'use_push': True, 'full_reset': False, 'outputs': './outputs', 'enable_app_log': False, 'enable_network_panel': False, 'project_path': '/Users/haha/greatMan/projects/wechat-mini/2026-04-26-family-party-games', 'dev_tool_path': '/Applications/wechatwebdevtools.app/Contents/MacOS/cli', 'test_port': 20034, 'mock_native_modal': {}, 'mock_request': [], 'auto_authorize': False, 'audits': None, 'teardown_snapshot': False, 'mock_images_dir': '', 'mock_images': {}, 'need_perf': False, 'appid': None, 'enable_h5': True, 'autofix': False, 'tcb_cli': 'npx -p @cloudbase/cli@3.4.0 tcb', 'cloud_env_id': 'cloud1-d9g01no7m292bc511-d5e875d', 'framework_capture': True, 'error_capture': False, 'assert_capture': True, 'create_time': '20260602145626', 'case_output': './outputs/20260602145626/test_03_create_room/20260602145851112736'}
[W 2026-06-02 14:58:58,797 minium assertbase#355 _log_info_when_error] build info: {'version': '1.6.0', 'revision': '33ce5b50b34ec18c51c054a7cc1bdfb3ab0a451b', 'branch': 'master', 'update_at': '2024-10-09 21:08:56'}
[W 2026-06-02 14:58:58,797 minium minitest#1029 _log_info_when_error] mini: 基础库3.15.2, 开发者工具2.01.2510290
[W 2026-06-02 14:58:58,797 minium minitest#1031 _log_info_when_error] native: <minium.native.wx_native.idenative.IdeNative object at 0x105398980>
[W 2026-06-02 14:58:58,799 minium minitest#825 run] 第1次重试
[I 2026-06-02 14:58:58,800 minium minitest#432 _miniSetUp] =========Current case: test_03_create_room=========
[W 2026-06-02 14:58:58,800 minium minitest#434 _miniSetUp] 第1次重试
[I 2026-06-02 14:58:58,800 minium minitest#435 _miniSetUp] package info: .Users.haha.greatMan.projects.wechat-mini.2026-04-26-family-party-games.tests.test_gesture_final, case info: GestureGuessTest.test_03_create_room
[I 2026-06-02 14:58:58,800 minium basenative#59 wrapper] call BaseNative.check_connection
[I 2026-06-02 14:58:58,800 minium basenative#63 wrapper] call BaseNative.check_connection end True
[I 2026-06-02 14:58:58,801 minium minitest#897 capture] capture setup.png
[I 2026-06-02 14:58:58,860 minium minitest#487 _miniSetUp] =========case: test_03_create_room start=========
[I 2026-06-02 14:58:58,860 minium minitest#788 _callTestMethod] call test method
[I 2026-06-02 14:59:01,354 minium wx_minium#571 _app_initialized_callback] receive App.initialized
[I 2026-06-02 14:59:01,354 minium wx_minium#579 _relaunch] start instantiate app 6267760640
[I 2026-06-02 14:59:01,364 minium.App5056 app#545 release] release app <minium.miniprogram.base_driver.app.App object at 0x10530da90>
[I 2026-06-02 14:59:01,393 minium wx_minium#893 _instantiate_app] new app instanst <minium.miniprogram.base_driver.app.App object at 0x10530d950>, whether should relaunch: False
[I 2026-06-02 14:59:01,723 minium wx_minium#608 _relaunch] end instantiate app, cost: 0.36867284774780273
[E 2026-06-02 14:59:06,259 minium minitest#793 _callTestMethod] test exception
Traceback (most recent call last):
  File "/opt/anaconda3/lib/python3.13/site-packages/minium/framework/minitest.py", line 789, in _callTestMethod
    method()
    ~~~~~~^^
  File "/Users/haha/greatMan/projects/wechat-mini/2026-04-26-family-party-games/tests/test_gesture_final.py", line 246, in test_03_create_room
    room_id, room_code = self._cloud_create_room()
                         ~~~~~~~~~~~~~~~~~~~~~~~^^
  File "/Users/haha/greatMan/projects/wechat-mini/2026-04-26-family-party-games/tests/test_gesture_final.py", line 142, in _cloud_create_room
    raise RuntimeError(f"cloud create failed: {r}")
RuntimeError: cloud create failed: {'errorCode': 1, 'errorMessage': "Error: Cannot find module '../roomService/joinPlayerPatch'\nRequire stack:\n- /var/user/index.js\n- /data/scf/frame/node18/userFunction.js\n- /data/scf/frame/node18/runtime.js", 'requestId': '82df60f5-fa09-485f-b52a-e34e07eeabce', 'statusCode': 443}
[I 2026-06-02 14:59:06,260 minium minitest#796 _callTestMethod] end test method
[I 2026-06-02 14:59:06,263 minium minitest#897 capture] capture teardown.png
[I 2026-06-02 14:59:06,400 minium basenative#59 wrapper] call BaseNative.get_start_up
[I 2026-06-02 14:59:06,401 minium basenative#63 wrapper] call BaseNative.get_start_up end 
[E 2026-06-02 14:59:06,402 minium assertbase#390 _get_stack_info] <bound method GestureGuessTest.test_03_create_room of <__main__.GestureGuessTest testMethod=test_03_create_room>>
Traceback (most recent call last):
  File "/opt/anaconda3/lib/python3.13/site-packages/minium/framework/libs/unittest/case.py", line 43, in testPartExecutor
    yield
  File "/opt/anaconda3/lib/python3.13/site-packages/minium/framework/libs/unittest/case.py", line 125, in run
    self._callTestMethod(testMethod)
    ~~~~~~~~~~~~~~~~~~~~^^^^^^^^^^^^
  File "/opt/anaconda3/lib/python3.13/site-packages/minium/framework/minitest.py", line 789, in _callTestMethod
    method()
    ~~~~~~^^
  File "/Users/haha/greatMan/projects/wechat-mini/2026-04-26-family-party-games/tests/test_gesture_final.py", line 246, in test_03_create_room
    room_id, room_code = self._cloud_create_room()
                         ~~~~~~~~~~~~~~~~~~~~~~~^^
  File "/Users/haha/greatMan/projects/wechat-mini/2026-04-26-family-party-games/tests/test_gesture_final.py", line 142, in _cloud_create_room
    raise RuntimeError(f"cloud create failed: {r}")
RuntimeError: cloud create failed: {'errorCode': 1, 'errorMessage': "Error: Cannot find module '../roomService/joinPlayerPatch'\nRequire stack:\n- /var/user/index.js\n- /data/scf/frame/node18/userFunction.js\n- /data/scf/frame/node18/runtime.js", 'requestId': '82df60f5-fa09-485f-b52a-e34e07eeabce', 'statusCode': 443}
[W 2026-06-02 14:59:06,402 minium assertbase#354 _log_info_when_error] config: {'debug': False, 'base_dir': '/Users/haha/greatMan/projects/wechat-mini/2026-04-26-family-party-games', 'platform': 'ide', 'app': 'wx', 'debug_mode': 'info', 'close_ide': False, 'auto_capture': 'auto', 'check_mp_foreground': False, 'auto_relaunch': False, 'device_desire': {}, 'account_info': {}, 'report_usage': True, 'remote_connect_timeout': 180, 'request_timeout': 90, 'use_push': True, 'full_reset': False, 'outputs': './outputs', 'enable_app_log': False, 'enable_network_panel': False, 'project_path': '/Users/haha/greatMan/projects/wechat-mini/2026-04-26-family-party-games', 'dev_tool_path': '/Applications/wechatwebdevtools.app/Contents/MacOS/cli', 'test_port': 20034, 'mock_native_modal': {}, 'mock_request': [], 'auto_authorize': False, 'audits': None, 'teardown_snapshot': False, 'mock_images_dir': '', 'mock_images': {}, 'need_perf': False, 'appid': None, 'enable_h5': True, 'autofix': False, 'tcb_cli': 'npx -p @cloudbase/cli@3.4.0 tcb', 'cloud_env_id': 'cloud1-d9g01no7m292bc511-d5e875d', 'framework_capture': True, 'error_capture': False, 'assert_capture': True, 'create_time': '20260602145626', 'case_output': './outputs/20260602145626/test_03_create_room/20260602145858799450'}
[W 2026-06-02 14:59:06,402 minium assertbase#355 _log_info_when_error] build info: {'version': '1.6.0', 'revision': '33ce5b50b34ec18c51c054a7cc1bdfb3ab0a451b', 'branch': 'master', 'update_at': '2024-10-09 21:08:56'}
[W 2026-06-02 14:59:06,402 minium minitest#1029 _log_info_when_error] mini: 基础库3.15.2, 开发者工具2.01.2510290
[W 2026-06-02 14:59:06,402 minium minitest#1031 _log_info_when_error] native: <minium.native.wx_native.idenative.IdeNative object at 0x105398980>
[I 2026-06-02 14:59:06,418 minium minitest#432 _miniSetUp] =========Current case: test_04_verify_room_code=========
[I 2026-06-02 14:59:06,418 minium minitest#435 _miniSetUp] package info: .Users.haha.greatMan.projects.wechat-mini.2026-04-26-family-party-games.tests.test_gesture_final, case info: GestureGuessTest.test_04_verify_room_code
[I 2026-06-02 14:59:06,418 minium basenative#59 wrapper] call BaseNative.check_connection
[I 2026-06-02 14:59:06,418 minium basenative#63 wrapper] call BaseNative.check_connection end True
[I 2026-06-02 14:59:06,419 minium minitest#897 capture] capture setup.png
[I 2026-06-02 14:59:06,501 minium minitest#487 _miniSetUp] =========case: test_04_verify_room_code start=========
[I 2026-06-02 14:59:06,501 minium minitest#788 _callTestMethod] call test method
[I 2026-06-02 14:59:07,505 minium page#716 _get_elements_by_css] try to get elements: text
[I 2026-06-02 14:59:08,935 minium wx_minium#571 _app_initialized_callback] receive App.initialized
[I 2026-06-02 14:59:08,935 minium wx_minium#579 _relaunch] start instantiate app 6267760640
[E 2026-06-02 14:59:08,938 minium.Conn3056 connection#668 __on_message] [fdd9f761-0d70-4b5d-8e9c-eb17d41408e5]: page destroyed
[I 2026-06-02 14:59:08,943 minium page#716 _get_elements_by_css] try to get elements: text
[I 2026-06-02 14:59:08,945 minium.App4736 app#545 release] release app <minium.miniprogram.base_driver.app.App object at 0x10530d950>
[I 2026-06-02 14:59:08,949 minium page#749 _get_elements_by_css] find elements success: [<minium.miniprogram.base_driver.element.BaseElement object at 0x1052bfa10>, <minium.miniprogram.base_driver.element.BaseElement object at 0x1053f0410>, <minium.miniprogram.base_driver.element.BaseElement object at 0x1053f0e10>, <minium.miniprogram.base_driver.element.BaseElement object at 0x10538f100>, <minium.miniprogram.base_driver.element.BaseElement object at 0x10538e520>, <minium.miniprogram.base_driver.element.BaseElement object at 0x105455a30>, <minium.miniprogram.base_driver.element.BaseElement object at 0x1053e9150>, <minium.miniprogram.base_driver.element.BaseElement object at 0x1053e9f20>, <minium.miniprogram.base_driver.element.BaseElement object at 0x105333850>, <minium.miniprogram.base_driver.element.BaseElement object at 0x105333450>, <minium.miniprogram.base_driver.element.BaseElement object at 0x10543aa80>, <minium.miniprogram.base_driver.element.BaseElement object at 0x10543a990>, <minium.miniprogram.base_driver.element.BaseElement object at 0x1053f97f0>, <minium.miniprogram.base_driver.element.BaseElement object at 0x1053f98d0>, <minium.miniprogram.base_driver.element.BaseElement object at 0x105450ae0>, <minium.miniprogram.base_driver.element.BaseElement object at 0x1053822d0>, <minium.miniprogram.base_driver.element.BaseElement object at 0x105382450>, <minium.miniprogram.base_driver.element.BaseElement object at 0x1053fd650>]
[I 2026-06-02 14:59:08,982 minium wx_minium#893 _instantiate_app] new app instanst <minium.miniprogram.base_driver.app.App object at 0x1053f0a50>, whether should relaunch: False
[I 2026-06-02 14:59:09,017 minium minitest#796 _callTestMethod] end test method
[I 2026-06-02 14:59:09,017 minium minitest#897 capture] capture teardown.png
[I 2026-06-02 14:59:09,113 minium basenative#59 wrapper] call BaseNative.get_start_up
[I 2026-06-02 14:59:09,113 minium basenative#63 wrapper] call BaseNative.get_start_up end 
[I 2026-06-02 14:59:09,116 minium minitest#432 _miniSetUp] =========Current case: test_05_verify_members=========
[I 2026-06-02 14:59:09,117 minium minitest#435 _miniSetUp] package info: .Users.haha.greatMan.projects.wechat-mini.2026-04-26-family-party-games.tests.test_gesture_final, case info: GestureGuessTest.test_05_verify_members
[I 2026-06-02 14:59:09,117 minium basenative#59 wrapper] call BaseNative.check_connection
[I 2026-06-02 14:59:09,117 minium basenative#63 wrapper] call BaseNative.check_connection end True
[W 2026-06-02 14:59:09,117 minium minitest#379 _check_debug_connection] app is relaunching, wait for it
[W 2026-06-02 14:59:09,117 minium wx_minium#1145 wait_app_relaunch] app is relaunching, wait 123.85633206367493 seconds for it
[I 2026-06-02 14:59:11,552 minium wx_minium#571 _app_initialized_callback] receive App.initialized
[I 2026-06-02 14:59:11,553 minium wx_minium#576 _relaunch] other thread relaunching app
[E 2026-06-02 15:00:38,991 minium wx_minium#606 _relaunch] [019eb5b2-b2ce-4ba3-a56a-dffa4ed2ed02][call App.callWxMethod] receive from remote timeout
Traceback (most recent call last):
  File "/opt/anaconda3/lib/python3.13/site-packages/minium/miniprogram/wx_minium.py", line 604, in _relaunch
    self._inject()
    ~~~~~~~~~~~~^^
  File "/opt/anaconda3/lib/python3.13/site-packages/minium/miniprogram/wx_minium.py", line 359, in _inject
    self.app.call_wx_method("getSetting")
    ~~~~~~~~~~~~~~~~~~~~~~~^^^^^^^^^^^^^^
  File "/opt/anaconda3/lib/python3.13/site-packages/minium/miniprogram/base_driver/minium_log.py", line 148, in wrapper
    result = func(*args, **kwargs)
  File "/opt/anaconda3/lib/python3.13/site-packages/minium/miniprogram/base_driver/app.py", line 757, in call_wx_method
    return self._call_wx_method(method=method, args=args, plugin_appid=plugin_appid)
           ~~~~~~~~~~~~~~~~~~~~^^^^^^^^^^^^^^^^^^^^^^^^^^^^^^^^^^^^^^^^^^^^^^^^^^^^^
  File "/opt/anaconda3/lib/python3.13/site-packages/minium/miniprogram/base_driver/minium_object.py", line 162, in _call_wx_method
    return self.connection.send("App.callWxMethod", params)
           ~~~~~~~~~~~~~~~~~~~~^^^^^^^^^^^^^^^^^^^^^^^^^^^^
  File "/opt/anaconda3/lib/python3.13/site-packages/minium/miniprogram/base_driver/connection.py", line 457, in send
    return self._receive_response(cmd)
           ~~~~~~~~~~~~~~~~~~~~~~^^^^^
  File "/opt/anaconda3/lib/python3.13/site-packages/minium/miniprogram/base_driver/connection.py", line 501, in _receive_response
    raise MiniTimeoutError(
        f"[{cmd.id}][{cmd.desc}] receive from remote timeout"
    )
minium.framework.exception.MiniTimeoutError: [019eb5b2-b2ce-4ba3-a56a-dffa4ed2ed02][call App.callWxMethod] receive from remote timeout
[I 2026-06-02 15:00:38,999 minium wx_minium#608 _relaunch] end instantiate app, cost: 90.0641176700592
[W 2026-06-02 15:00:39,000 minium wx_minium#1152 wait_app_relaunch] app is relaunch complete
[I 2026-06-02 15:00:39,000 minium minitest#897 capture] capture setup.png
[I 2026-06-02 15:00:39,105 minium minitest#487 _miniSetUp] =========case: test_05_verify_members start=========
[I 2026-06-02 15:00:39,105 minium minitest#788 _callTestMethod] call test method
[I 2026-06-02 15:00:39,105 minium page#716 _get_elements_by_css] try to get elements: view
[E 2026-06-02 15:00:39,107 minium.Conn3056 connection#668 __on_message] [2a70f0a8-4d9a-41cd-9653-abc93560b13b]: page destroyed
[I 2026-06-02 15:00:39,113 minium page#716 _get_elements_by_css] try to get elements: view
[I 2026-06-02 15:00:39,129 minium page#749 _get_elements_by_css] find elements success: [<minium.miniprogram.base_driver.element.BaseElement object at 0x1053feaf0>, <minium.miniprogram.base_driver.element.BaseElement object at 0x1053e4ff0>, <minium.miniprogram.base_driver.element.BaseElement object at 0x1054622b0>, <minium.miniprogram.base_driver.element.BaseElement object at 0x105462490>, <minium.miniprogram.base_driver.element.BaseElement object at 0x1054623f0>, <minium.miniprogram.base_driver.element.BaseElement object at 0x105462670>, <minium.miniprogram.base_driver.element.BaseElement object at 0x105462530>, <minium.miniprogram.base_driver.element.BaseElement object at 0x1054625d0>, <minium.miniprogram.base_driver.element.BaseElement object at 0x105462350>, <minium.miniprogram.base_driver.element.BaseElement object at 0x105462710>, <minium.miniprogram.base_driver.element.BaseElement object at 0x1054627b0>, <minium.miniprogram.base_driver.element.BaseElement object at 0x105462850>, <minium.miniprogram.base_driver.element.BaseElement object at 0x1054628f0>, <minium.miniprogram.base_driver.element.BaseElement object at 0x105462990>, <minium.miniprogram.base_driver.element.BaseElement object at 0x105462a30>, <minium.miniprogram.base_driver.element.BaseElement object at 0x105462ad0>, <minium.miniprogram.base_driver.element.BaseElement object at 0x105462b70>, <minium.miniprogram.base_driver.element.BaseElement object at 0x105462c10>, <minium.miniprogram.base_driver.element.BaseElement object at 0x105462cb0>, <minium.miniprogram.base_driver.element.BaseElement object at 0x105462d50>, <minium.miniprogram.base_driver.element.BaseElement object at 0x105462df0>, <minium.miniprogram.base_driver.element.BaseElement object at 0x105462e90>, <minium.miniprogram.base_driver.element.BaseElement object at 0x105462f30>, <minium.miniprogram.base_driver.element.BaseElement object at 0x105462fd0>, <minium.miniprogram.base_driver.element.BaseElement object at 0x105463070>, <minium.miniprogram.base_driver.element.BaseElement object at 0x105463110>, <minium.miniprogram.base_driver.element.BaseElement object at 0x1054631b0>, <minium.miniprogram.base_driver.element.BaseElement object at 0x105463250>, <minium.miniprogram.base_driver.element.BaseElement object at 0x1054632f0>, <minium.miniprogram.base_driver.element.BaseElement object at 0x105463390>, <minium.miniprogram.base_driver.element.BaseElement object at 0x105463430>, <minium.miniprogram.base_driver.element.BaseElement object at 0x1054634d0>, <minium.miniprogram.base_driver.element.BaseElement object at 0x105463570>, <minium.miniprogram.base_driver.element.BaseElement object at 0x105463610>, <minium.miniprogram.base_driver.element.BaseElement object at 0x1054636b0>, <minium.miniprogram.base_driver.element.BaseElement object at 0x105463750>, <minium.miniprogram.base_driver.element.BaseElement object at 0x1054637f0>, <minium.miniprogram.base_driver.element.BaseElement object at 0x105463890>, <minium.miniprogram.base_driver.element.BaseElement object at 0x105463930>, <minium.miniprogram.base_driver.element.BaseElement object at 0x1054639d0>, <minium.miniprogram.base_driver.element.BaseElement object at 0x105463a70>, <minium.miniprogram.base_driver.element.BaseElement object at 0x105463b10>, <minium.miniprogram.base_driver.element.BaseElement object at 0x105463bb0>, <minium.miniprogram.base_driver.element.BaseElement object at 0x105463c50>, <minium.miniprogram.base_driver.element.BaseElement object at 0x105463cf0>, <minium.miniprogram.base_driver.element.BaseElement object at 0x105463d90>, <minium.miniprogram.base_driver.element.BaseElement object at 0x105463e30>, <minium.miniprogram.base_driver.element.BaseElement object at 0x105463ed0>, <minium.miniprogram.base_driver.element.BaseElement object at 0x105463f70>, <minium.miniprogram.base_driver.element.BaseElement object at 0x1054a4050>, <minium.miniprogram.base_driver.element.BaseElement object at 0x1054a40f0>, <minium.miniprogram.base_driver.element.BaseElement object at 0x1054a4190>, <minium.miniprogram.base_driver.element.BaseElement object at 0x1054a4230>, <minium.miniprogram.base_driver.element.BaseElement object at 0x105462210>, <minium.miniprogram.base_driver.element.BaseElement object at 0x105462030>, <minium.miniprogram.base_driver.element.BaseElement object at 0x105461e50>, <minium.miniprogram.base_driver.element.BaseElement object at 0x105461d10>, <minium.miniprogram.base_driver.element.BaseElement object at 0x1054604b0>, <minium.miniprogram.base_driver.element.BaseElement object at 0x105460550>, <minium.miniprogram.base_driver.element.BaseElement object at 0x105460370>, <minium.miniprogram.base_driver.element.BaseElement object at 0x105460410>, <minium.miniprogram.base_driver.element.BaseElement object at 0x105460230>, <minium.miniprogram.base_driver.element.BaseElement object at 0x105460050>, <minium.miniprogram.base_driver.element.BaseElement object at 0x105376350>, <minium.miniprogram.base_driver.element.BaseElement object at 0x105436cb0>, <minium.miniprogram.base_driver.element.BaseElement object at 0x105437a70>, <minium.miniprogram.base_driver.element.BaseElement object at 0x105437890>, <minium.miniprogram.base_driver.element.BaseElement object at 0x1054379d0>, <minium.miniprogram.base_driver.element.BaseElement object at 0x1054372f0>, <minium.miniprogram.base_driver.element.BaseElement object at 0x105437430>, <minium.miniprogram.base_driver.element.BaseElement object at 0x105436e90>, <minium.miniprogram.base_driver.element.BaseElement object at 0x105437390>, <minium.miniprogram.base_driver.element.BaseElement object at 0x105437110>, <minium.miniprogram.base_driver.element.BaseElement object at 0x105437610>, <minium.miniprogram.base_driver.element.BaseElement object at 0x105435270>, <minium.miniprogram.base_driver.element.BaseElement object at 0x105436850>, <minium.miniprogram.base_driver.element.BaseElement object at 0x105436ad0>, <minium.miniprogram.base_driver.element.BaseElement object at 0x105435f90>, <minium.miniprogram.base_driver.element.BaseElement object at 0x1054374d0>, <minium.miniprogram.base_driver.element.BaseElement object at 0x105437070>, <minium.miniprogram.base_driver.element.BaseElement object at 0x105435ef0>, <minium.miniprogram.base_driver.element.BaseElement object at 0x105436210>, <minium.miniprogram.base_driver.element.BaseElement object at 0x105436030>, <minium.miniprogram.base_driver.element.BaseElement object at 0x105435db0>, <minium.miniprogram.base_driver.element.BaseElement object at 0x105435c70>, <minium.miniprogram.base_driver.element.BaseElement object at 0x105436a30>, <minium.miniprogram.base_driver.element.BaseElement object at 0x1054365d0>, <minium.miniprogram.base_driver.element.BaseElement object at 0x105434a50>, <minium.miniprogram.base_driver.element.BaseElement object at 0x105435770>, <minium.miniprogram.base_driver.element.BaseElement object at 0x1054351d0>, <minium.miniprogram.base_driver.element.BaseElement object at 0x105434190>, <minium.miniprogram.base_driver.element.BaseElement object at 0x1054353b0>, <minium.miniprogram.base_driver.element.BaseElement object at 0x105435e50>, <minium.miniprogram.base_driver.element.BaseElement object at 0x1054359f0>, <minium.miniprogram.base_driver.element.BaseElement object at 0x1054342d0>, <minium.miniprogram.base_driver.element.BaseElement object at 0x1054345f0>, <minium.miniprogram.base_driver.element.BaseElement object at 0x105434730>, <minium.miniprogram.base_driver.element.BaseElement object at 0x105434410>, <minium.miniprogram.base_driver.element.BaseElement object at 0x105434b90>, <minium.miniprogram.base_driver.element.BaseElement object at 0x1054347d0>, <minium.miniprogram.base_driver.element.BaseElement object at 0x105434370>, <minium.miniprogram.base_driver.element.BaseElement object at 0x102ebc190>, <minium.miniprogram.base_driver.element.BaseElement object at 0x1053e4eb0>, <minium.miniprogram.base_driver.element.BaseElement object at 0x1053e5bd0>, <minium.miniprogram.base_driver.element.BaseElement object at 0x1053e60d0>, <minium.miniprogram.base_driver.element.BaseElement object at 0x1053e7a70>, <minium.miniprogram.base_driver.element.BaseElement object at 0x1053e7e30>, <minium.miniprogram.base_driver.element.BaseElement object at 0x1053e7cf0>, <minium.miniprogram.base_driver.element.BaseElement object at 0x1053e7b10>, <minium.miniprogram.base_driver.element.BaseElement object at 0x1053e7ed0>, <minium.miniprogram.base_driver.element.BaseElement object at 0x1053e7bb0>, <minium.miniprogram.base_driver.element.BaseElement object at 0x1053e7930>, <minium.miniprogram.base_driver.element.BaseElement object at 0x1053e7890>, <minium.miniprogram.base_driver.element.BaseElement object at 0x1053e79d0>, <minium.miniprogram.base_driver.element.BaseElement object at 0x1053e6a30>, <minium.miniprogram.base_driver.element.BaseElement object at 0x1053e65d0>, <minium.miniprogram.base_driver.element.BaseElement object at 0x1053a2c10>, <minium.miniprogram.base_driver.element.BaseElement object at 0x1053a2f30>, <minium.miniprogram.base_driver.element.BaseElement object at 0x1054a42d0>, <minium.miniprogram.base_driver.element.BaseElement object at 0x1054a4370>, <minium.miniprogram.base_driver.element.BaseElement object at 0x1054a4410>, <minium.miniprogram.base_driver.element.BaseElement object at 0x1054a44b0>, <minium.miniprogram.base_driver.element.BaseElement object at 0x1054a4550>, <minium.miniprogram.base_driver.element.BaseElement object at 0x1054a45f0>, <minium.miniprogram.base_driver.element.BaseElement object at 0x1054a4690>, <minium.miniprogram.base_driver.element.BaseElement object at 0x1054a4730>, <minium.miniprogram.base_driver.element.BaseElement object at 0x1054a47d0>, <minium.miniprogram.base_driver.element.BaseElement object at 0x1054a4870>, <minium.miniprogram.base_driver.element.BaseElement object at 0x1054a4910>, <minium.miniprogram.base_driver.element.BaseElement object at 0x1054a49b0>, <minium.miniprogram.base_driver.element.BaseElement object at 0x1054a4a50>, <minium.miniprogram.base_driver.element.BaseElement object at 0x1054a4af0>, <minium.miniprogram.base_driver.element.BaseElement object at 0x1054a4b90>, <minium.miniprogram.base_driver.element.BaseElement object at 0x1054a4c30>, <minium.miniprogram.base_driver.element.BaseElement object at 0x1054a4cd0>, <minium.miniprogram.base_driver.element.BaseElement object at 0x1054a4d70>, <minium.miniprogram.base_driver.element.BaseElement object at 0x1054a4e10>, <minium.miniprogram.base_driver.element.BaseElement object at 0x1054a4eb0>, <minium.miniprogram.base_driver.element.BaseElement object at 0x1054a4f50>, <minium.miniprogram.base_driver.element.BaseElement object at 0x1054a4ff0>, <minium.miniprogram.base_driver.element.BaseElement object at 0x1054a5090>, <minium.miniprogram.base_driver.element.BaseElement object at 0x1054a5130>, <minium.miniprogram.base_driver.element.BaseElement object at 0x1054a51d0>, <minium.miniprogram.base_driver.element.BaseElement object at 0x1054a5270>, <minium.miniprogram.base_driver.element.BaseElement object at 0x1054a5310>, <minium.miniprogram.base_driver.element.BaseElement object at 0x1054a53b0>, <minium.miniprogram.base_driver.element.BaseElement object at 0x1054a5450>, <minium.miniprogram.base_driver.element.BaseElement object at 0x1054a54f0>, <minium.miniprogram.base_driver.element.BaseElement object at 0x1054a5590>, <minium.miniprogram.base_driver.element.BaseElement object at 0x1054a5630>, <minium.miniprogram.base_driver.element.BaseElement object at 0x1054a56d0>, <minium.miniprogram.base_driver.element.BaseElement object at 0x1054a5770>, <minium.miniprogram.base_driver.element.BaseElement object at 0x1054a5810>, <minium.miniprogram.base_driver.element.BaseElement object at 0x1054a58b0>, <minium.miniprogram.base_driver.element.BaseElement object at 0x1054a5950>, <minium.miniprogram.base_driver.element.BaseElement object at 0x1054a59f0>, <minium.miniprogram.base_driver.element.BaseElement object at 0x1054a5a90>, <minium.miniprogram.base_driver.element.BaseElement object at 0x1054a5b30>, <minium.miniprogram.base_driver.element.BaseElement object at 0x1054a5bd0>, <minium.miniprogram.base_driver.element.BaseElement object at 0x1054a5c70>, <minium.miniprogram.base_driver.element.BaseElement object at 0x1054a5d10>, <minium.miniprogram.base_driver.element.BaseElement object at 0x1054a5db0>, <minium.miniprogram.base_driver.element.BaseElement object at 0x1054a5e50>, <minium.miniprogram.base_driver.element.BaseElement object at 0x1054a5ef0>, <minium.miniprogram.base_driver.element.BaseElement object at 0x1054a5f90>]
[I 2026-06-02 15:00:39,222 minium minitest#897 capture] capture assertGreater-success.png
[I 2026-06-02 15:00:41,880 minium minitest#796 _callTestMethod] end test method
[I 2026-06-02 15:00:41,881 minium minitest#897 capture] capture teardown.png
[I 2026-06-02 15:00:44,236 minium wx_minium#571 _app_initialized_callback] receive App.initialized
[I 2026-06-02 15:00:44,236 minium wx_minium#579 _relaunch] start instantiate app 6267760640
[I 2026-06-02 15:00:44,250 minium.App4784 app#545 release] release app <minium.miniprogram.base_driver.app.App object at 0x1053f0a50>
[I 2026-06-02 15:00:44,310 minium basenative#59 wrapper] call BaseNative.get_start_up
[I 2026-06-02 15:00:44,310 minium basenative#63 wrapper] call BaseNative.get_start_up end 
[I 2026-06-02 15:00:44,313 minium wx_minium#893 _instantiate_app] new app instanst <minium.miniprogram.base_driver.app.App object at 0x10530d1d0>, whether should relaunch: False
[I 2026-06-02 15:00:44,316 minium minitest#432 _miniSetUp] =========Current case: test_06_game_interface=========
[I 2026-06-02 15:00:44,317 minium minitest#435 _miniSetUp] package info: .Users.haha.greatMan.projects.wechat-mini.2026-04-26-family-party-games.tests.test_gesture_final, case info: GestureGuessTest.test_06_game_interface
[I 2026-06-02 15:00:44,317 minium basenative#59 wrapper] call BaseNative.check_connection
[I 2026-06-02 15:00:44,317 minium basenative#63 wrapper] call BaseNative.check_connection end True
[W 2026-06-02 15:00:44,317 minium minitest#379 _check_debug_connection] app is relaunching, wait for it
[W 2026-06-02 15:00:44,317 minium wx_minium#1145 wait_app_relaunch] app is relaunching, wait 123.85633206367493 seconds for it
[I 2026-06-02 15:00:46,754 minium wx_minium#571 _app_initialized_callback] receive App.initialized
[I 2026-06-02 15:00:46,755 minium wx_minium#576 _relaunch] other thread relaunching app
[E 2026-06-02 15:02:14,328 minium wx_minium#606 _relaunch] [253cee89-a8cc-4c90-81a7-37ce1850e353][call App.callWxMethod] receive from remote timeout
Traceback (most recent call last):
  File "/opt/anaconda3/lib/python3.13/site-packages/minium/miniprogram/wx_minium.py", line 604, in _relaunch
    self._inject()
    ~~~~~~~~~~~~^^
  File "/opt/anaconda3/lib/python3.13/site-packages/minium/miniprogram/wx_minium.py", line 359, in _inject
    self.app.call_wx_method("getSetting")
    ~~~~~~~~~~~~~~~~~~~~~~~^^^^^^^^^^^^^^
  File "/opt/anaconda3/lib/python3.13/site-packages/minium/miniprogram/base_driver/minium_log.py", line 148, in wrapper
    result = func(*args, **kwargs)
  File "/opt/anaconda3/lib/python3.13/site-packages/minium/miniprogram/base_driver/app.py", line 757, in call_wx_method
    return self._call_wx_method(method=method, args=args, plugin_appid=plugin_appid)
           ~~~~~~~~~~~~~~~~~~~~^^^^^^^^^^^^^^^^^^^^^^^^^^^^^^^^^^^^^^^^^^^^^^^^^^^^^
  File "/opt/anaconda3/lib/python3.13/site-packages/minium/miniprogram/base_driver/minium_object.py", line 162, in _call_wx_method
    return self.connection.send("App.callWxMethod", params)
           ~~~~~~~~~~~~~~~~~~~~^^^^^^^^^^^^^^^^^^^^^^^^^^^^
  File "/opt/anaconda3/lib/python3.13/site-packages/minium/miniprogram/base_driver/connection.py", line 457, in send
    return self._receive_response(cmd)
           ~~~~~~~~~~~~~~~~~~~~~~^^^^^
  File "/opt/anaconda3/lib/python3.13/site-packages/minium/miniprogram/base_driver/connection.py", line 501, in _receive_response
    raise MiniTimeoutError(
        f"[{cmd.id}][{cmd.desc}] receive from remote timeout"
    )
minium.framework.exception.MiniTimeoutError: [253cee89-a8cc-4c90-81a7-37ce1850e353][call App.callWxMethod] receive from remote timeout
[I 2026-06-02 15:02:14,335 minium wx_minium#608 _relaunch] end instantiate app, cost: 90.09907388687134
[W 2026-06-02 15:02:14,336 minium wx_minium#1152 wait_app_relaunch] app is relaunch complete
[I 2026-06-02 15:02:14,363 minium minitest#897 capture] capture setup.png
[I 2026-06-02 15:02:19,537 minium wx_minium#571 _app_initialized_callback] receive App.initialized
[I 2026-06-02 15:02:19,537 minium wx_minium#579 _relaunch] start instantiate app 6267760640
[I 2026-06-02 15:02:19,566 minium.App2816 app#545 release] release app <minium.miniprogram.base_driver.app.App object at 0x10530d1d0>
[I 2026-06-02 15:02:19,608 minium wx_minium#893 _instantiate_app] new app instanst <minium.miniprogram.base_driver.app.App object at 0x1053f1090>, whether should relaunch: False
[I 2026-06-02 15:02:19,929 minium wx_minium#608 _relaunch] end instantiate app, cost: 0.3918750286102295
[W 2026-06-02 15:03:44,367 minium.App2816 app#682 screen_shot] 截图指令响应失败, 可能因为开发者工具不在前台导致
[W 2026-06-02 15:03:44,370 minium minitest#929 capture] /Users/haha/greatMan/projects/wechat-mini/2026-04-26-family-party-games/outputs/20260602145626/test_06_game_interface/20260602150044315311/images/setup.png not exists
[I 2026-06-02 15:03:44,370 minium minitest#487 _miniSetUp] =========case: test_06_game_interface start=========
[I 2026-06-02 15:03:44,370 minium minitest#788 _callTestMethod] call test method
[I 2026-06-02 15:03:45,375 minium page#716 _get_elements_by_css] try to get elements: button
[I 2026-06-02 15:03:45,411 minium page#749 _get_elements_by_css] find elements success: [<minium.miniprogram.base_driver.element.BaseElement object at 0x1054a7570>, <minium.miniprogram.base_driver.element.BaseElement object at 0x1054a7750>, <minium.miniprogram.base_driver.element.BaseElement object at 0x1054a74d0>, <minium.miniprogram.base_driver.element.BaseElement object at 0x1054a7930>, <minium.miniprogram.base_driver.element.BaseElement object at 0x1054a77f0>, <minium.miniprogram.base_driver.element.BaseElement object at 0x1054a7890>, <minium.miniprogram.base_driver.element.BaseElement object at 0x1054a6f30>, <minium.miniprogram.base_driver.element.BaseElement object at 0x1054a79d0>, <minium.miniprogram.base_driver.element.BaseElement object at 0x1054a7a70>, <minium.miniprogram.base_driver.element.BaseElement object at 0x1054a7b10>, <minium.miniprogram.base_driver.element.BaseElement object at 0x1054a7bb0>, <minium.miniprogram.base_driver.element.BaseElement object at 0x1054a7c50>, <minium.miniprogram.base_driver.element.BaseElement object at 0x1054a7cf0>, <minium.miniprogram.base_driver.element.BaseElement object at 0x1054a7d90>, <minium.miniprogram.base_driver.element.BaseElement object at 0x1054a7e30>, <minium.miniprogram.base_driver.element.BaseElement object at 0x1054a7ed0>, <minium.miniprogram.base_driver.element.BaseElement object at 0x1054a7f70>, <minium.miniprogram.base_driver.element.BaseElement object at 0x1054e8050>, <minium.miniprogram.base_driver.element.BaseElement object at 0x1054e80f0>, <minium.miniprogram.base_driver.element.BaseElement object at 0x1054e8190>, <minium.miniprogram.base_driver.element.BaseElement object at 0x1054e8230>, <minium.miniprogram.base_driver.element.BaseElement object at 0x1054e82d0>, <minium.miniprogram.base_driver.element.BaseElement object at 0x1054e8370>, <minium.miniprogram.base_driver.element.BaseElement object at 0x1054e8410>, <minium.miniprogram.base_driver.element.BaseElement object at 0x1054e84b0>, <minium.miniprogram.base_driver.element.BaseElement object at 0x1054e8550>, <minium.miniprogram.base_driver.element.BaseElement object at 0x1054e85f0>, <minium.miniprogram.base_driver.element.BaseElement object at 0x1054e8690>, <minium.miniprogram.base_driver.element.BaseElement object at 0x1054e8730>, <minium.miniprogram.base_driver.element.BaseElement object at 0x1054e87d0>]
[I 2026-06-02 15:03:45,424 minium minitest#897 capture] capture assertGreater-success.png
[W 2026-06-02 15:05:15,430 minium.App6384 app#682 screen_shot] 截图指令响应失败, 可能因为开发者工具不在前台导致
[W 2026-06-02 15:05:15,431 minium minitest#929 capture] /Users/haha/greatMan/projects/wechat-mini/2026-04-26-family-party-games/outputs/20260602145626/test_06_game_interface/20260602150044315311/images/assertGreater-success.png not exists
[I 2026-06-02 15:05:15,537 minium minitest#796 _callTestMethod] end test method
[I 2026-06-02 15:05:15,538 minium minitest#897 capture] capture teardown.png
[W 2026-06-02 15:05:17,541 minium.App6384 app#682 screen_shot] 截图指令响应失败, 可能因为开发者工具不在前台导致
[W 2026-06-02 15:05:17,541 minium minitest#929 capture] /Users/haha/greatMan/projects/wechat-mini/2026-04-26-family-party-games/outputs/20260602145626/test_06_game_interface/20260602150044315311/images/teardown.png not exists
[I 2026-06-02 15:05:17,541 minium basenative#59 wrapper] call BaseNative.get_start_up
[I 2026-06-02 15:05:17,542 minium basenative#63 wrapper] call BaseNative.get_start_up end 
[I 2026-06-02 15:05:17,547 minium minitest#432 _miniSetUp] =========Current case: test_07_performance=========
[I 2026-06-02 15:05:17,547 minium minitest#435 _miniSetUp] package info: .Users.haha.greatMan.projects.wechat-mini.2026-04-26-family-party-games.tests.test_gesture_final, case info: GestureGuessTest.test_07_performance
[I 2026-06-02 15:05:17,547 minium basenative#59 wrapper] call BaseNative.check_connection
[I 2026-06-02 15:05:17,547 minium basenative#63 wrapper] call BaseNative.check_connection end True
[I 2026-06-02 15:05:17,548 minium minitest#897 capture] capture setup.png
[W 2026-06-02 15:05:19,551 minium.App6384 app#682 screen_shot] 截图指令响应失败, 可能因为开发者工具不在前台导致
[W 2026-06-02 15:05:19,551 minium minitest#929 capture] /Users/haha/greatMan/projects/wechat-mini/2026-04-26-family-party-games/outputs/20260602145626/test_07_performance/20260602150517546020/images/setup.png not exists
[I 2026-06-02 15:05:19,551 minium minitest#487 _miniSetUp] =========case: test_07_performance start=========
[I 2026-06-02 15:05:19,551 minium minitest#788 _callTestMethod] call test method
[I 2026-06-02 15:05:20,056 minium minitest#796 _callTestMethod] end test method
[I 2026-06-02 15:05:20,057 minium minitest#897 capture] capture teardown.png
[I 2026-06-02 15:05:20,357 minium wx_minium#571 _app_initialized_callback] receive App.initialized
[I 2026-06-02 15:05:20,357 minium wx_minium#579 _relaunch] start instantiate app 6267760640
[I 2026-06-02 15:05:20,380 minium.App6384 app#545 release] release app <minium.miniprogram.base_driver.app.App object at 0x1053f1090>
[I 2026-06-02 15:05:20,415 minium wx_minium#893 _instantiate_app] new app instanst <minium.miniprogram.base_driver.app.App object at 0x1053f0e10>, whether should relaunch: False
[I 2026-06-02 15:05:20,672 minium wx_minium#608 _relaunch] end instantiate app, cost: 0.31438326835632324
[W 2026-06-02 15:05:22,062 minium.App6384 app#682 screen_shot] 截图指令响应失败, 可能因为开发者工具不在前台导致
[W 2026-06-02 15:05:22,062 minium minitest#929 capture] /Users/haha/greatMan/projects/wechat-mini/2026-04-26-family-party-games/outputs/20260602145626/test_07_performance/20260602150517546020/images/teardown.png not exists
[I 2026-06-02 15:05:22,062 minium basenative#59 wrapper] call BaseNative.get_start_up
[I 2026-06-02 15:05:22,062 minium basenative#63 wrapper] call BaseNative.get_start_up end 
[I 2026-06-02 15:05:22,070 minium minitest#432 _miniSetUp] =========Current case: test_08_network=========
[I 2026-06-02 15:05:22,070 minium minitest#435 _miniSetUp] package info: .Users.haha.greatMan.projects.wechat-mini.2026-04-26-family-party-games.tests.test_gesture_final, case info: GestureGuessTest.test_08_network
[I 2026-06-02 15:05:22,070 minium basenative#59 wrapper] call BaseNative.check_connection
[I 2026-06-02 15:05:22,070 minium basenative#63 wrapper] call BaseNative.check_connection end True
[I 2026-06-02 15:05:22,070 minium minitest#897 capture] capture setup.png
[I 2026-06-02 15:05:24,571 minium wx_minium#571 _app_initialized_callback] receive App.initialized
[I 2026-06-02 15:05:24,571 minium wx_minium#579 _relaunch] start instantiate app 6267760640
[I 2026-06-02 15:05:24,578 minium.App5744 app#545 release] release app <minium.miniprogram.base_driver.app.App object at 0x1053f0e10>
[I 2026-06-02 15:05:24,608 minium wx_minium#893 _instantiate_app] new app instanst <minium.miniprogram.base_driver.app.App object at 0x1053f0cd0>, whether should relaunch: False
[I 2026-06-02 15:05:24,900 minium wx_minium#608 _relaunch] end instantiate app, cost: 0.3289060592651367
[W 2026-06-02 15:06:52,077 minium.App5744 app#682 screen_shot] 截图指令响应失败, 可能因为开发者工具不在前台导致
[W 2026-06-02 15:06:52,078 minium minitest#929 capture] /Users/haha/greatMan/projects/wechat-mini/2026-04-26-family-party-games/outputs/20260602145626/test_08_network/20260602150522068604/images/setup.png not exists
[I 2026-06-02 15:06:52,078 minium minitest#487 _miniSetUp] =========case: test_08_network start=========
[I 2026-06-02 15:06:52,078 minium minitest#788 _callTestMethod] call test method
[I 2026-06-02 15:06:52,079 minium minitest#796 _callTestMethod] end test method
[I 2026-06-02 15:06:52,080 minium minitest#897 capture] capture teardown.png
[W 2026-06-02 15:08:22,086 minium.App5424 app#682 screen_shot] 截图指令响应失败, 可能因为开发者工具不在前台导致
[W 2026-06-02 15:08:22,088 minium minitest#929 capture] /Users/haha/greatMan/projects/wechat-mini/2026-04-26-family-party-games/outputs/20260602145626/test_08_network/20260602150522068604/images/teardown.png not exists
[I 2026-06-02 15:08:22,089 minium basenative#59 wrapper] call BaseNative.get_start_up
[I 2026-06-02 15:08:22,089 minium basenative#63 wrapper] call BaseNative.get_start_up end 
[I 2026-06-02 15:10:44,282 minium minitest#202 init_miniprogram] start init miniprogram
[I 2026-06-02 15:10:44,289 minium basenative#59 wrapper] call IdeNative.start_wechat
[I 2026-06-02 15:10:44,292 minium basenative#63 wrapper] call IdeNative.start_wechat end None
[I 2026-06-02 15:10:44,297 minium wx_minium#738 launch_dev_tool] Starting dev tool and launch MiniProgram project ...
[I 2026-06-02 15:10:44,300 minium minium_object#83 _do_shell] de shell: /Applications/wechatwebdevtools.app/Contents/MacOS/cli auto --project "/Users/haha/greatMan/projects/wechat-mini/2026-04-26-family-party-games" --auto-port 23856
[I 2026-06-02 15:10:45,530 minium minium_object#101 _do_shell] err:
- initialize

✖ #initialize-error: Error: EPERM: operation not permitted, open '/Users/haha/Library/Application Support/微信开发者工具/50a7d9210159a32f006158795f893857/Default/.cli'

[I 2026-06-02 15:10:45,535 minium minium_object#102 _do_shell] out:
[error] Please ensure that the IDE has been properly installed

[I 2026-06-02 15:11:08,958 minium minitest#202 init_miniprogram] start init miniprogram
[I 2026-06-02 15:11:08,960 minium basenative#59 wrapper] call IdeNative.start_wechat
[I 2026-06-02 15:11:08,960 minium basenative#63 wrapper] call IdeNative.start_wechat end None
[I 2026-06-02 15:11:08,961 minium wx_minium#738 launch_dev_tool] Starting dev tool and launch MiniProgram project ...
[I 2026-06-02 15:11:08,967 minium minium_object#83 _do_shell] de shell: /Applications/wechatwebdevtools.app/Contents/MacOS/cli auto --project "/Users/haha/greatMan/projects/wechat-mini/2026-04-26-family-party-games" --auto-port 20034
[I 2026-06-02 15:11:14,633 minium minium_object#101 _do_shell] err:
- initialize

✔ IDE server has started, listening on http://127.0.0.1:23856
- preparing
- Fetching AppID () permissions
✔ Using AppID: wx73314ee6734cdfa0
✔ auto

[I 2026-06-02 15:11:14,633 minium minium_object#102 _do_shell] out:

[I 2026-06-02 15:11:19,639 minium wx_minium#835 connect_dev_tool] Trying to connect Dev tool ...
[I 2026-06-02 15:11:19,744 minium.Conn2640 connection#352 _connect] connect to WebChatTools successfully
[E 2026-06-02 15:11:59,071 minium.Conn2640 connection#642 _on_error] Connection to remote host was lost.
[W 2026-06-02 15:11:59,072 minium.Conn2640 connection#562 reconnect] connection reconnect
[I 2026-06-02 15:11:59,073 minium.Conn2640 connection#377 _ws_run_forever] websocket run forever shutdown
[I 2026-06-02 15:11:59,363 minium.Conn2640 connection#352 _connect] connect to WebChatTools successfully
[E 2026-06-02 15:12:52,752 minium wx_minium#848 connect_dev_tool] [40407600-afa5-4959-9d04-1ecf3cf4647c][call App.callWxMethod] command timeout cause by connection error: Connection to remote host was lost.
Traceback (most recent call last):
  File "/opt/anaconda3/lib/python3.13/site-packages/minium/miniprogram/wx_minium.py", line 841, in connect_dev_tool
    self._instantiate_app(not self.start_cmd or should_relaunch)
    ~~~~~~~~~~~~~~~~~~~~~^^^^^^^^^^^^^^^^^^^^^^^^^^^^^^^^^^^^^^^
  File "/opt/anaconda3/lib/python3.13/site-packages/minium/miniprogram/wx_minium.py", line 878, in _instantiate_app
    self._get_system_info()
    ~~~~~~~~~~~~~~~~~~~~~^^
  File "/opt/anaconda3/lib/python3.13/site-packages/minium/miniprogram/wx_minium.py", line 533, in _get_system_info
    system_info = self.get_system_info()
  File "/opt/anaconda3/lib/python3.13/site-packages/minium/miniprogram/base_driver/minium_log.py", line 148, in wrapper
    result = func(*args, **kwargs)
  File "/opt/anaconda3/lib/python3.13/site-packages/minium/miniprogram/wx_minium.py", line 909, in get_system_info
    self._call_wx_method("getSystemInfoSync")
    ~~~~~~~~~~~~~~~~~~~~^^^^^^^^^^^^^^^^^^^^^
  File "/opt/anaconda3/lib/python3.13/site-packages/minium/miniprogram/base_driver/minium_object.py", line 162, in _call_wx_method
    return self.connection.send("App.callWxMethod", params)
           ~~~~~~~~~~~~~~~~~~~~^^^^^^^^^^^^^^^^^^^^^^^^^^^^
  File "/opt/anaconda3/lib/python3.13/site-packages/minium/miniprogram/base_driver/connection.py", line 457, in send
    return self._receive_response(cmd)
           ~~~~~~~~~~~~~~~~~~~~~~^^^^^
  File "/opt/anaconda3/lib/python3.13/site-packages/minium/miniprogram/base_driver/connection.py", line 498, in _receive_response
    raise MiniTimeoutCauseByConnectionBreakError(
        f"[{cmd.id}][{cmd.desc}] command timeout cause by {cmd.reason}"
    )
minium.framework.exception.MiniTimeoutCauseByConnectionBreakError: [40407600-afa5-4959-9d04-1ecf3cf4647c][call App.callWxMethod] command timeout cause by connection error: Connection to remote host was lost.
[I 2026-06-02 15:12:52,792 minium wx_minium#835 connect_dev_tool] Trying to connect Dev tool ...
[I 2026-06-02 15:12:52,918 minium.Conn0896 connection#352 _connect] connect to WebChatTools successfully
[E 2026-06-02 15:12:52,918 minium.Conn2640 connection#739 destroy] 断开连接
[I 2026-06-02 15:12:58,100 minium wx_minium#893 _instantiate_app] new app instanst <minium.miniprogram.base_driver.app.App object at 0x106361160>, whether should relaunch: False
[I 2026-06-02 15:12:58,102 minium basenative#59 wrapper] call IdeNative.send
[W 2026-06-02 15:12:58,105 minium idenative#77 _send] handle clickCoverView error: clickCoverView failed
[I 2026-06-02 15:12:58,105 minium basenative#63 wrapper] call IdeNative.send end False
[I 2026-06-02 15:12:58,899 minium minitest#218 init_miniprogram] end init miniprogram
[I 2026-06-02 15:12:58,901 minium minitest#432 _miniSetUp] =========Current case: test_01_homepage=========
[I 2026-06-02 15:12:58,901 minium minitest#435 _miniSetUp] package info: .Users.haha.greatMan.projects.wechat-mini.2026-04-26-family-party-games.tests.test_gesture_final, case info: GestureGuessTest.test_01_homepage
[I 2026-06-02 15:12:58,901 minium basenative#59 wrapper] call BaseNative.check_connection
[I 2026-06-02 15:12:58,901 minium basenative#63 wrapper] call BaseNative.check_connection end True
[I 2026-06-02 15:12:58,902 minium minitest#897 capture] capture setup.png
[I 2026-06-02 15:12:59,369 minium.Conn2640 connection#377 _ws_run_forever] websocket run forever shutdown
[I 2026-06-02 15:13:02,072 minium wx_minium#571 _app_initialized_callback] receive App.initialized
[I 2026-06-02 15:13:02,072 minium wx_minium#579 _relaunch] start instantiate app 6289567744
[I 2026-06-02 15:13:02,080 minium.App3984 app#545 release] release app <minium.miniprogram.base_driver.app.App object at 0x106361160>
[I 2026-06-02 15:13:02,111 minium wx_minium#893 _instantiate_app] new app instanst <minium.miniprogram.base_driver.app.App object at 0x1062d5d10>, whether should relaunch: False
[I 2026-06-02 15:13:02,474 minium wx_minium#608 _relaunch] end instantiate app, cost: 0.40147924423217773
[W 2026-06-02 15:14:28,908 minium.App3984 app#682 screen_shot] 截图指令响应失败, 可能因为开发者工具不在前台导致
[W 2026-06-02 15:14:28,909 minium minitest#929 capture] /Users/haha/greatMan/projects/wechat-mini/2026-04-26-family-party-games/outputs/20260602151108/test_01_homepage/20260602151258899644/images/setup.png not exists
[I 2026-06-02 15:14:28,909 minium minitest#487 _miniSetUp] =========case: test_01_homepage start=========
[I 2026-06-02 15:14:28,909 minium minitest#788 _callTestMethod] call test method
[E 2026-06-02 15:14:33,898 minium minitest#793 _callTestMethod] test exception
Traceback (most recent call last):
  File "/opt/anaconda3/lib/python3.13/site-packages/minium/framework/minitest.py", line 789, in _callTestMethod
    method()
    ~~~~~~^^
  File "/Users/haha/greatMan/projects/wechat-mini/2026-04-26-family-party-games/tests/test_gesture_final.py", line 225, in test_01_homepage
    room_id, room_code = self._cloud_create_room()
                         ~~~~~~~~~~~~~~~~~~~~~~~^^
  File "/Users/haha/greatMan/projects/wechat-mini/2026-04-26-family-party-games/tests/test_gesture_final.py", line 142, in _cloud_create_room
    raise RuntimeError(f"cloud create failed: {r}")
RuntimeError: cloud create failed: {'roomCode': '701008', 'ok': 1}
[I 2026-06-02 15:14:33,923 minium minitest#796 _callTestMethod] end test method
[I 2026-06-02 15:14:33,927 minium minitest#897 capture] capture teardown.png
[W 2026-06-02 15:16:03,929 minium.App3536 app#682 screen_shot] 截图指令响应失败, 可能因为开发者工具不在前台导致
[W 2026-06-02 15:16:03,929 minium minitest#929 capture] /Users/haha/greatMan/projects/wechat-mini/2026-04-26-family-party-games/outputs/20260602151108/test_01_homepage/20260602151258899644/images/teardown.png not exists
[I 2026-06-02 15:16:03,929 minium basenative#59 wrapper] call BaseNative.get_start_up
[I 2026-06-02 15:16:03,930 minium basenative#63 wrapper] call BaseNative.get_start_up end 
[E 2026-06-02 15:16:03,936 minium assertbase#390 _get_stack_info] <bound method GestureGuessTest.test_01_homepage of <__main__.GestureGuessTest testMethod=test_01_homepage>>
Traceback (most recent call last):
  File "/opt/anaconda3/lib/python3.13/site-packages/minium/framework/libs/unittest/case.py", line 43, in testPartExecutor
    yield
  File "/opt/anaconda3/lib/python3.13/site-packages/minium/framework/libs/unittest/case.py", line 125, in run
    self._callTestMethod(testMethod)
    ~~~~~~~~~~~~~~~~~~~~^^^^^^^^^^^^
  File "/opt/anaconda3/lib/python3.13/site-packages/minium/framework/minitest.py", line 789, in _callTestMethod
    method()
    ~~~~~~^^
  File "/Users/haha/greatMan/projects/wechat-mini/2026-04-26-family-party-games/tests/test_gesture_final.py", line 225, in test_01_homepage
    room_id, room_code = self._cloud_create_room()
                         ~~~~~~~~~~~~~~~~~~~~~~~^^
  File "/Users/haha/greatMan/projects/wechat-mini/2026-04-26-family-party-games/tests/test_gesture_final.py", line 142, in _cloud_create_room
    raise RuntimeError(f"cloud create failed: {r}")
RuntimeError: cloud create failed: {'roomCode': '701008', 'ok': 1}
[W 2026-06-02 15:16:03,937 minium assertbase#354 _log_info_when_error] config: {'debug': False, 'base_dir': '/Users/haha/greatMan/projects/wechat-mini/2026-04-26-family-party-games', 'platform': 'ide', 'app': 'wx', 'debug_mode': 'info', 'close_ide': False, 'auto_capture': 'auto', 'check_mp_foreground': False, 'auto_relaunch': False, 'device_desire': {}, 'account_info': {}, 'report_usage': True, 'remote_connect_timeout': 180, 'request_timeout': 90, 'use_push': True, 'full_reset': False, 'outputs': './outputs', 'enable_app_log': False, 'enable_network_panel': False, 'project_path': '/Users/haha/greatMan/projects/wechat-mini/2026-04-26-family-party-games', 'dev_tool_path': '/Applications/wechatwebdevtools.app/Contents/MacOS/cli', 'test_port': 20034, 'mock_native_modal': {}, 'mock_request': [], 'auto_authorize': False, 'audits': None, 'teardown_snapshot': False, 'mock_images_dir': '', 'mock_images': {}, 'need_perf': False, 'appid': None, 'enable_h5': True, 'autofix': False, 'tcb_cli': 'npx -p @cloudbase/cli@3.4.0 tcb', 'cloud_env_id': 'cloud1-d9g01no7m292bc511-d5e875d', 'framework_capture': True, 'error_capture': False, 'assert_capture': True, 'create_time': '20260602151108', 'case_output': './outputs/20260602151108/test_01_homepage/20260602151258899644'}
[W 2026-06-02 15:16:03,937 minium assertbase#355 _log_info_when_error] build info: {'version': '1.6.0', 'revision': '33ce5b50b34ec18c51c054a7cc1bdfb3ab0a451b', 'branch': 'master', 'update_at': '2024-10-09 21:08:56'}
[W 2026-06-02 15:16:03,937 minium minitest#1029 _log_info_when_error] mini: 基础库3.15.2, 开发者工具2.01.2510290
[W 2026-06-02 15:16:03,937 minium minitest#1031 _log_info_when_error] native: <minium.native.wx_native.idenative.IdeNative object at 0x106360980>
[W 2026-06-02 15:16:03,949 minium minitest#825 run] 第1次重试
[I 2026-06-02 15:16:03,952 minium minitest#432 _miniSetUp] =========Current case: test_01_homepage=========
[W 2026-06-02 15:16:03,952 minium minitest#434 _miniSetUp] 第1次重试
[I 2026-06-02 15:16:03,952 minium minitest#435 _miniSetUp] package info: .Users.haha.greatMan.projects.wechat-mini.2026-04-26-family-party-games.tests.test_gesture_final, case info: GestureGuessTest.test_01_homepage
[I 2026-06-02 15:16:03,952 minium basenative#59 wrapper] call BaseNative.check_connection
[I 2026-06-02 15:16:03,952 minium basenative#63 wrapper] call BaseNative.check_connection end True
[I 2026-06-02 15:16:03,952 minium minitest#897 capture] capture setup.png
[W 2026-06-02 15:16:05,958 minium.App3536 app#682 screen_shot] 截图指令响应失败, 可能因为开发者工具不在前台导致
[W 2026-06-02 15:16:05,958 minium minitest#929 capture] /Users/haha/greatMan/projects/wechat-mini/2026-04-26-family-party-games/outputs/20260602151108/test_01_homepage/20260602151603950198/images/setup.png not exists
[I 2026-06-02 15:16:05,958 minium minitest#487 _miniSetUp] =========case: test_01_homepage start=========
[I 2026-06-02 15:16:05,958 minium minitest#788 _callTestMethod] call test method
[I 2026-06-02 15:16:08,148 minium wx_minium#571 _app_initialized_callback] receive App.initialized
[I 2026-06-02 15:16:08,149 minium wx_minium#579 _relaunch] start instantiate app 6288994304
[I 2026-06-02 15:16:08,158 minium.App3536 app#545 release] release app <minium.miniprogram.base_driver.app.App object at 0x1062d5d10>
[I 2026-06-02 15:16:08,191 minium wx_minium#893 _instantiate_app] new app instanst <minium.miniprogram.base_driver.app.App object at 0x1062d5bd0>, whether should relaunch: False
[I 2026-06-02 15:16:08,515 minium wx_minium#608 _relaunch] end instantiate app, cost: 0.3658459186553955
[E 2026-06-02 15:16:10,375 minium minitest#793 _callTestMethod] test exception
Traceback (most recent call last):
  File "/opt/anaconda3/lib/python3.13/site-packages/minium/framework/minitest.py", line 789, in _callTestMethod
    method()
    ~~~~~~^^
  File "/Users/haha/greatMan/projects/wechat-mini/2026-04-26-family-party-games/tests/test_gesture_final.py", line 225, in test_01_homepage
    room_id, room_code = self._cloud_create_room()
                         ~~~~~~~~~~~~~~~~~~~~~~~^^
  File "/Users/haha/greatMan/projects/wechat-mini/2026-04-26-family-party-games/tests/test_gesture_final.py", line 142, in _cloud_create_room
    raise RuntimeError(f"cloud create failed: {r}")
RuntimeError: cloud create failed: {'roomCode': '312806', 'ok': 1}
[I 2026-06-02 15:16:10,375 minium minitest#796 _callTestMethod] end test method
[I 2026-06-02 15:16:10,377 minium minitest#897 capture] capture teardown.png
[W 2026-06-02 15:17:40,380 minium.App3216 app#682 screen_shot] 截图指令响应失败, 可能因为开发者工具不在前台导致
[W 2026-06-02 15:17:40,381 minium minitest#929 capture] /Users/haha/greatMan/projects/wechat-mini/2026-04-26-family-party-games/outputs/20260602151108/test_01_homepage/20260602151603950198/images/teardown.png not exists
[I 2026-06-02 15:17:40,381 minium basenative#59 wrapper] call BaseNative.get_start_up
[I 2026-06-02 15:17:40,381 minium basenative#63 wrapper] call BaseNative.get_start_up end 
[E 2026-06-02 15:17:40,384 minium assertbase#390 _get_stack_info] <bound method GestureGuessTest.test_01_homepage of <__main__.GestureGuessTest testMethod=test_01_homepage>>
Traceback (most recent call last):
  File "/opt/anaconda3/lib/python3.13/site-packages/minium/framework/libs/unittest/case.py", line 43, in testPartExecutor
    yield
  File "/opt/anaconda3/lib/python3.13/site-packages/minium/framework/libs/unittest/case.py", line 125, in run
    self._callTestMethod(testMethod)
    ~~~~~~~~~~~~~~~~~~~~^^^^^^^^^^^^
  File "/opt/anaconda3/lib/python3.13/site-packages/minium/framework/minitest.py", line 789, in _callTestMethod
    method()
    ~~~~~~^^
  File "/Users/haha/greatMan/projects/wechat-mini/2026-04-26-family-party-games/tests/test_gesture_final.py", line 225, in test_01_homepage
    room_id, room_code = self._cloud_create_room()
                         ~~~~~~~~~~~~~~~~~~~~~~~^^
  File "/Users/haha/greatMan/projects/wechat-mini/2026-04-26-family-party-games/tests/test_gesture_final.py", line 142, in _cloud_create_room
    raise RuntimeError(f"cloud create failed: {r}")
RuntimeError: cloud create failed: {'roomCode': '312806', 'ok': 1}
[W 2026-06-02 15:17:40,384 minium assertbase#354 _log_info_when_error] config: {'debug': False, 'base_dir': '/Users/haha/greatMan/projects/wechat-mini/2026-04-26-family-party-games', 'platform': 'ide', 'app': 'wx', 'debug_mode': 'info', 'close_ide': False, 'auto_capture': 'auto', 'check_mp_foreground': False, 'auto_relaunch': False, 'device_desire': {}, 'account_info': {}, 'report_usage': True, 'remote_connect_timeout': 180, 'request_timeout': 90, 'use_push': True, 'full_reset': False, 'outputs': './outputs', 'enable_app_log': False, 'enable_network_panel': False, 'project_path': '/Users/haha/greatMan/projects/wechat-mini/2026-04-26-family-party-games', 'dev_tool_path': '/Applications/wechatwebdevtools.app/Contents/MacOS/cli', 'test_port': 20034, 'mock_native_modal': {}, 'mock_request': [], 'auto_authorize': False, 'audits': None, 'teardown_snapshot': False, 'mock_images_dir': '', 'mock_images': {}, 'need_perf': False, 'appid': None, 'enable_h5': True, 'autofix': False, 'tcb_cli': 'npx -p @cloudbase/cli@3.4.0 tcb', 'cloud_env_id': 'cloud1-d9g01no7m292bc511-d5e875d', 'framework_capture': True, 'error_capture': False, 'assert_capture': True, 'create_time': '20260602151108', 'case_output': './outputs/20260602151108/test_01_homepage/20260602151603950198'}
[W 2026-06-02 15:17:40,384 minium assertbase#355 _log_info_when_error] build info: {'version': '1.6.0', 'revision': '33ce5b50b34ec18c51c054a7cc1bdfb3ab0a451b', 'branch': 'master', 'update_at': '2024-10-09 21:08:56'}
[W 2026-06-02 15:17:40,384 minium minitest#1029 _log_info_when_error] mini: 基础库3.15.2, 开发者工具2.01.2510290
[W 2026-06-02 15:17:40,385 minium minitest#1031 _log_info_when_error] native: <minium.native.wx_native.idenative.IdeNative object at 0x106360980>
[I 2026-06-02 15:17:40,387 minium minitest#432 _miniSetUp] =========Current case: test_02_click_game=========
[I 2026-06-02 15:17:40,387 minium minitest#435 _miniSetUp] package info: .Users.haha.greatMan.projects.wechat-mini.2026-04-26-family-party-games.tests.test_gesture_final, case info: GestureGuessTest.test_02_click_game
[I 2026-06-02 15:17:40,387 minium basenative#59 wrapper] call BaseNative.check_connection
[I 2026-06-02 15:17:40,387 minium basenative#63 wrapper] call BaseNative.check_connection end True
[I 2026-06-02 15:17:40,388 minium minitest#897 capture] capture setup.png
[W 2026-06-02 15:17:42,389 minium.App3216 app#682 screen_shot] 截图指令响应失败, 可能因为开发者工具不在前台导致
[W 2026-06-02 15:17:42,389 minium minitest#929 capture] /Users/haha/greatMan/projects/wechat-mini/2026-04-26-family-party-games/outputs/20260602151108/test_02_click_game/20260602151740386016/images/setup.png not exists
[I 2026-06-02 15:17:42,389 minium minitest#487 _miniSetUp] =========case: test_02_click_game start=========
[I 2026-06-02 15:17:42,389 minium minitest#788 _callTestMethod] call test method
[I 2026-06-02 15:17:45,059 minium wx_minium#571 _app_initialized_callback] receive App.initialized
[I 2026-06-02 15:17:45,059 minium wx_minium#579 _relaunch] start instantiate app 6288994304
[I 2026-06-02 15:17:45,067 minium.App3216 app#545 release] release app <minium.miniprogram.base_driver.app.App object at 0x1062d5bd0>
[I 2026-06-02 15:17:45,098 minium wx_minium#893 _instantiate_app] new app instanst <minium.miniprogram.base_driver.app.App object at 0x1062d56d0>, whether should relaunch: False
[I 2026-06-02 15:17:45,406 minium wx_minium#608 _relaunch] end instantiate app, cost: 0.3464241027832031
[E 2026-06-02 15:17:47,413 minium minitest#793 _callTestMethod] test exception
Traceback (most recent call last):
  File "/opt/anaconda3/lib/python3.13/site-packages/minium/framework/minitest.py", line 789, in _callTestMethod
    method()
    ~~~~~~^^
  File "/Users/haha/greatMan/projects/wechat-mini/2026-04-26-family-party-games/tests/test_gesture_final.py", line 239, in test_02_click_game
    room_id, room_code = self._cloud_create_room()
                         ~~~~~~~~~~~~~~~~~~~~~~~^^
  File "/Users/haha/greatMan/projects/wechat-mini/2026-04-26-family-party-games/tests/test_gesture_final.py", line 142, in _cloud_create_room
    raise RuntimeError(f"cloud create failed: {r}")
RuntimeError: cloud create failed: {'roomCode': '506037', 'ok': 1}
[I 2026-06-02 15:17:47,414 minium minitest#796 _callTestMethod] end test method
[I 2026-06-02 15:17:47,414 minium minitest#897 capture] capture teardown.png
[W 2026-06-02 15:19:17,420 minium.App1936 app#682 screen_shot] 截图指令响应失败, 可能因为开发者工具不在前台导致
[W 2026-06-02 15:19:17,420 minium minitest#929 capture] /Users/haha/greatMan/projects/wechat-mini/2026-04-26-family-party-games/outputs/20260602151108/test_02_click_game/20260602151740386016/images/teardown.png not exists
[I 2026-06-02 15:19:17,421 minium basenative#59 wrapper] call BaseNative.get_start_up
[I 2026-06-02 15:19:17,421 minium basenative#63 wrapper] call BaseNative.get_start_up end 
[E 2026-06-02 15:19:17,426 minium assertbase#390 _get_stack_info] <bound method GestureGuessTest.test_02_click_game of <__main__.GestureGuessTest testMethod=test_02_click_game>>
Traceback (most recent call last):
  File "/opt/anaconda3/lib/python3.13/site-packages/minium/framework/libs/unittest/case.py", line 43, in testPartExecutor
    yield
  File "/opt/anaconda3/lib/python3.13/site-packages/minium/framework/libs/unittest/case.py", line 125, in run
    self._callTestMethod(testMethod)
    ~~~~~~~~~~~~~~~~~~~~^^^^^^^^^^^^
  File "/opt/anaconda3/lib/python3.13/site-packages/minium/framework/minitest.py", line 789, in _callTestMethod
    method()
    ~~~~~~^^
  File "/Users/haha/greatMan/projects/wechat-mini/2026-04-26-family-party-games/tests/test_gesture_final.py", line 239, in test_02_click_game
    room_id, room_code = self._cloud_create_room()
                         ~~~~~~~~~~~~~~~~~~~~~~~^^
  File "/Users/haha/greatMan/projects/wechat-mini/2026-04-26-family-party-games/tests/test_gesture_final.py", line 142, in _cloud_create_room
    raise RuntimeError(f"cloud create failed: {r}")
RuntimeError: cloud create failed: {'roomCode': '506037', 'ok': 1}
[W 2026-06-02 15:19:17,427 minium assertbase#354 _log_info_when_error] config: {'debug': False, 'base_dir': '/Users/haha/greatMan/projects/wechat-mini/2026-04-26-family-party-games', 'platform': 'ide', 'app': 'wx', 'debug_mode': 'info', 'close_ide': False, 'auto_capture': 'auto', 'check_mp_foreground': False, 'auto_relaunch': False, 'device_desire': {}, 'account_info': {}, 'report_usage': True, 'remote_connect_timeout': 180, 'request_timeout': 90, 'use_push': True, 'full_reset': False, 'outputs': './outputs', 'enable_app_log': False, 'enable_network_panel': False, 'project_path': '/Users/haha/greatMan/projects/wechat-mini/2026-04-26-family-party-games', 'dev_tool_path': '/Applications/wechatwebdevtools.app/Contents/MacOS/cli', 'test_port': 20034, 'mock_native_modal': {}, 'mock_request': [], 'auto_authorize': False, 'audits': None, 'teardown_snapshot': False, 'mock_images_dir': '', 'mock_images': {}, 'need_perf': False, 'appid': None, 'enable_h5': True, 'autofix': False, 'tcb_cli': 'npx -p @cloudbase/cli@3.4.0 tcb', 'cloud_env_id': 'cloud1-d9g01no7m292bc511-d5e875d', 'framework_capture': True, 'error_capture': False, 'assert_capture': True, 'create_time': '20260602151108', 'case_output': './outputs/20260602151108/test_02_click_game/20260602151740386016'}
[W 2026-06-02 15:19:17,427 minium assertbase#355 _log_info_when_error] build info: {'version': '1.6.0', 'revision': '33ce5b50b34ec18c51c054a7cc1bdfb3ab0a451b', 'branch': 'master', 'update_at': '2024-10-09 21:08:56'}
[W 2026-06-02 15:19:17,427 minium minitest#1029 _log_info_when_error] mini: 基础库3.15.2, 开发者工具2.01.2510290
[W 2026-06-02 15:19:17,427 minium minitest#1031 _log_info_when_error] native: <minium.native.wx_native.idenative.IdeNative object at 0x106360980>
[W 2026-06-02 15:19:17,452 minium minitest#825 run] 第1次重试
[I 2026-06-02 15:19:17,461 minium minitest#432 _miniSetUp] =========Current case: test_02_click_game=========
[W 2026-06-02 15:19:17,461 minium minitest#434 _miniSetUp] 第1次重试
[I 2026-06-02 15:19:17,461 minium minitest#435 _miniSetUp] package info: .Users.haha.greatMan.projects.wechat-mini.2026-04-26-family-party-games.tests.test_gesture_final, case info: GestureGuessTest.test_02_click_game
[I 2026-06-02 15:19:17,461 minium basenative#59 wrapper] call BaseNative.check_connection
[I 2026-06-02 15:19:17,461 minium basenative#63 wrapper] call BaseNative.check_connection end True
[I 2026-06-02 15:19:17,462 minium minitest#897 capture] capture setup.png
[W 2026-06-02 15:19:19,472 minium.App1936 app#682 screen_shot] 截图指令响应失败, 可能因为开发者工具不在前台导致
[W 2026-06-02 15:19:19,472 minium minitest#929 capture] /Users/haha/greatMan/projects/wechat-mini/2026-04-26-family-party-games/outputs/20260602151108/test_02_click_game/20260602151917452470/images/setup.png not exists
[I 2026-06-02 15:19:19,472 minium minitest#487 _miniSetUp] =========case: test_02_click_game start=========
[I 2026-06-02 15:19:19,472 minium minitest#788 _callTestMethod] call test method
[I 2026-06-02 15:19:21,164 minium wx_minium#571 _app_initialized_callback] receive App.initialized
[I 2026-06-02 15:19:21,164 minium wx_minium#579 _relaunch] start instantiate app 6288994304
[I 2026-06-02 15:19:21,174 minium.App1936 app#545 release] release app <minium.miniprogram.base_driver.app.App object at 0x1062d56d0>
[I 2026-06-02 15:19:21,211 minium wx_minium#893 _instantiate_app] new app instanst <minium.miniprogram.base_driver.app.App object at 0x1062d7ed0>, whether should relaunch: False
[I 2026-06-02 15:19:21,543 minium wx_minium#608 _relaunch] end instantiate app, cost: 0.3787100315093994
[E 2026-06-02 15:19:23,998 minium minitest#793 _callTestMethod] test exception
Traceback (most recent call last):
  File "/opt/anaconda3/lib/python3.13/site-packages/minium/framework/minitest.py", line 789, in _callTestMethod
    method()
    ~~~~~~^^
  File "/Users/haha/greatMan/projects/wechat-mini/2026-04-26-family-party-games/tests/test_gesture_final.py", line 239, in test_02_click_game
    room_id, room_code = self._cloud_create_room()
                         ~~~~~~~~~~~~~~~~~~~~~~~^^
  File "/Users/haha/greatMan/projects/wechat-mini/2026-04-26-family-party-games/tests/test_gesture_final.py", line 142, in _cloud_create_room
    raise RuntimeError(f"cloud create failed: {r}")
RuntimeError: cloud create failed: {'roomCode': '071461', 'ok': 1}
[I 2026-06-02 15:19:23,998 minium minitest#796 _callTestMethod] end test method
[I 2026-06-02 15:19:24,002 minium minitest#897 capture] capture teardown.png
[W 2026-06-02 15:20:54,011 minium.App2176 app#682 screen_shot] 截图指令响应失败, 可能因为开发者工具不在前台导致
[W 2026-06-02 15:20:54,012 minium minitest#929 capture] /Users/haha/greatMan/projects/wechat-mini/2026-04-26-family-party-games/outputs/20260602151108/test_02_click_game/20260602151917452470/images/teardown.png not exists
[I 2026-06-02 15:20:54,012 minium basenative#59 wrapper] call BaseNative.get_start_up
[I 2026-06-02 15:20:54,012 minium basenative#63 wrapper] call BaseNative.get_start_up end 
[E 2026-06-02 15:20:54,015 minium assertbase#390 _get_stack_info] <bound method GestureGuessTest.test_02_click_game of <__main__.GestureGuessTest testMethod=test_02_click_game>>
Traceback (most recent call last):
  File "/opt/anaconda3/lib/python3.13/site-packages/minium/framework/libs/unittest/case.py", line 43, in testPartExecutor
    yield
  File "/opt/anaconda3/lib/python3.13/site-packages/minium/framework/libs/unittest/case.py", line 125, in run
    self._callTestMethod(testMethod)
    ~~~~~~~~~~~~~~~~~~~~^^^^^^^^^^^^
  File "/opt/anaconda3/lib/python3.13/site-packages/minium/framework/minitest.py", line 789, in _callTestMethod
    method()
    ~~~~~~^^
  File "/Users/haha/greatMan/projects/wechat-mini/2026-04-26-family-party-games/tests/test_gesture_final.py", line 239, in test_02_click_game
    room_id, room_code = self._cloud_create_room()
                         ~~~~~~~~~~~~~~~~~~~~~~~^^
  File "/Users/haha/greatMan/projects/wechat-mini/2026-04-26-family-party-games/tests/test_gesture_final.py", line 142, in _cloud_create_room
    raise RuntimeError(f"cloud create failed: {r}")
RuntimeError: cloud create failed: {'roomCode': '071461', 'ok': 1}
[W 2026-06-02 15:20:54,015 minium assertbase#354 _log_info_when_error] config: {'debug': False, 'base_dir': '/Users/haha/greatMan/projects/wechat-mini/2026-04-26-family-party-games', 'platform': 'ide', 'app': 'wx', 'debug_mode': 'info', 'close_ide': False, 'auto_capture': 'auto', 'check_mp_foreground': False, 'auto_relaunch': False, 'device_desire': {}, 'account_info': {}, 'report_usage': True, 'remote_connect_timeout': 180, 'request_timeout': 90, 'use_push': True, 'full_reset': False, 'outputs': './outputs', 'enable_app_log': False, 'enable_network_panel': False, 'project_path': '/Users/haha/greatMan/projects/wechat-mini/2026-04-26-family-party-games', 'dev_tool_path': '/Applications/wechatwebdevtools.app/Contents/MacOS/cli', 'test_port': 20034, 'mock_native_modal': {}, 'mock_request': [], 'auto_authorize': False, 'audits': None, 'teardown_snapshot': False, 'mock_images_dir': '', 'mock_images': {}, 'need_perf': False, 'appid': None, 'enable_h5': True, 'autofix': False, 'tcb_cli': 'npx -p @cloudbase/cli@3.4.0 tcb', 'cloud_env_id': 'cloud1-d9g01no7m292bc511-d5e875d', 'framework_capture': True, 'error_capture': False, 'assert_capture': True, 'create_time': '20260602151108', 'case_output': './outputs/20260602151108/test_02_click_game/20260602151917452470'}
[W 2026-06-02 15:20:54,015 minium assertbase#355 _log_info_when_error] build info: {'version': '1.6.0', 'revision': '33ce5b50b34ec18c51c054a7cc1bdfb3ab0a451b', 'branch': 'master', 'update_at': '2024-10-09 21:08:56'}
[W 2026-06-02 15:20:54,015 minium minitest#1029 _log_info_when_error] mini: 基础库3.15.2, 开发者工具2.01.2510290
[W 2026-06-02 15:20:54,015 minium minitest#1031 _log_info_when_error] native: <minium.native.wx_native.idenative.IdeNative object at 0x106360980>
[I 2026-06-02 15:20:54,017 minium minitest#432 _miniSetUp] =========Current case: test_03_create_room=========
[I 2026-06-02 15:20:54,017 minium minitest#435 _miniSetUp] package info: .Users.haha.greatMan.projects.wechat-mini.2026-04-26-family-party-games.tests.test_gesture_final, case info: GestureGuessTest.test_03_create_room
[I 2026-06-02 15:20:54,017 minium basenative#59 wrapper] call BaseNative.check_connection
[I 2026-06-02 15:20:54,018 minium basenative#63 wrapper] call BaseNative.check_connection end True
[I 2026-06-02 15:20:54,018 minium minitest#897 capture] capture setup.png
[W 2026-06-02 15:20:56,018 minium.App2176 app#682 screen_shot] 截图指令响应失败, 可能因为开发者工具不在前台导致
[W 2026-06-02 15:20:56,019 minium minitest#929 capture] /Users/haha/greatMan/projects/wechat-mini/2026-04-26-family-party-games/outputs/20260602151108/test_03_create_room/20260602152054016930/images/setup.png not exists
[I 2026-06-02 15:20:56,019 minium minitest#487 _miniSetUp] =========case: test_03_create_room start=========
[I 2026-06-02 15:20:56,019 minium minitest#788 _callTestMethod] call test method
[I 2026-06-02 15:20:57,078 minium wx_minium#571 _app_initialized_callback] receive App.initialized
[I 2026-06-02 15:20:57,079 minium wx_minium#579 _relaunch] start instantiate app 6288994304
[I 2026-06-02 15:20:57,089 minium.App2176 app#545 release] release app <minium.miniprogram.base_driver.app.App object at 0x1062d7ed0>
[I 2026-06-02 15:20:57,123 minium wx_minium#893 _instantiate_app] new app instanst <minium.miniprogram.base_driver.app.App object at 0x106550cd0>, whether should relaunch: False
[I 2026-06-02 15:20:57,498 minium wx_minium#608 _relaunch] end instantiate app, cost: 0.41869091987609863
[E 2026-06-02 15:20:59,560 minium minitest#793 _callTestMethod] test exception
Traceback (most recent call last):
  File "/opt/anaconda3/lib/python3.13/site-packages/minium/framework/minitest.py", line 789, in _callTestMethod
    method()
    ~~~~~~^^
  File "/Users/haha/greatMan/projects/wechat-mini/2026-04-26-family-party-games/tests/test_gesture_final.py", line 246, in test_03_create_room
    room_id, room_code = self._cloud_create_room()
                         ~~~~~~~~~~~~~~~~~~~~~~~^^
  File "/Users/haha/greatMan/projects/wechat-mini/2026-04-26-family-party-games/tests/test_gesture_final.py", line 142, in _cloud_create_room
    raise RuntimeError(f"cloud create failed: {r}")
RuntimeError: cloud create failed: {'roomCode': '372405', 'ok': 1}
[I 2026-06-02 15:20:59,560 minium minitest#796 _callTestMethod] end test method
[I 2026-06-02 15:20:59,561 minium minitest#897 capture] capture teardown.png
[W 2026-06-02 15:22:29,574 minium.App4432 app#682 screen_shot] 截图指令响应失败, 可能因为开发者工具不在前台导致
[W 2026-06-02 15:22:29,574 minium minitest#929 capture] /Users/haha/greatMan/projects/wechat-mini/2026-04-26-family-party-games/outputs/20260602151108/test_03_create_room/20260602152054016930/images/teardown.png not exists
[I 2026-06-02 15:22:29,575 minium basenative#59 wrapper] call BaseNative.get_start_up
[I 2026-06-02 15:22:29,575 minium basenative#63 wrapper] call BaseNative.get_start_up end 
[E 2026-06-02 15:22:29,578 minium assertbase#390 _get_stack_info] <bound method GestureGuessTest.test_03_create_room of <__main__.GestureGuessTest testMethod=test_03_create_room>>
Traceback (most recent call last):
  File "/opt/anaconda3/lib/python3.13/site-packages/minium/framework/libs/unittest/case.py", line 43, in testPartExecutor
    yield
  File "/opt/anaconda3/lib/python3.13/site-packages/minium/framework/libs/unittest/case.py", line 125, in run
    self._callTestMethod(testMethod)
    ~~~~~~~~~~~~~~~~~~~~^^^^^^^^^^^^
  File "/opt/anaconda3/lib/python3.13/site-packages/minium/framework/minitest.py", line 789, in _callTestMethod
    method()
    ~~~~~~^^
  File "/Users/haha/greatMan/projects/wechat-mini/2026-04-26-family-party-games/tests/test_gesture_final.py", line 246, in test_03_create_room
    room_id, room_code = self._cloud_create_room()
                         ~~~~~~~~~~~~~~~~~~~~~~~^^
  File "/Users/haha/greatMan/projects/wechat-mini/2026-04-26-family-party-games/tests/test_gesture_final.py", line 142, in _cloud_create_room
    raise RuntimeError(f"cloud create failed: {r}")
RuntimeError: cloud create failed: {'roomCode': '372405', 'ok': 1}
[W 2026-06-02 15:22:29,578 minium assertbase#354 _log_info_when_error] config: {'debug': False, 'base_dir': '/Users/haha/greatMan/projects/wechat-mini/2026-04-26-family-party-games', 'platform': 'ide', 'app': 'wx', 'debug_mode': 'info', 'close_ide': False, 'auto_capture': 'auto', 'check_mp_foreground': False, 'auto_relaunch': False, 'device_desire': {}, 'account_info': {}, 'report_usage': True, 'remote_connect_timeout': 180, 'request_timeout': 90, 'use_push': True, 'full_reset': False, 'outputs': './outputs', 'enable_app_log': False, 'enable_network_panel': False, 'project_path': '/Users/haha/greatMan/projects/wechat-mini/2026-04-26-family-party-games', 'dev_tool_path': '/Applications/wechatwebdevtools.app/Contents/MacOS/cli', 'test_port': 20034, 'mock_native_modal': {}, 'mock_request': [], 'auto_authorize': False, 'audits': None, 'teardown_snapshot': False, 'mock_images_dir': '', 'mock_images': {}, 'need_perf': False, 'appid': None, 'enable_h5': True, 'autofix': False, 'tcb_cli': 'npx -p @cloudbase/cli@3.4.0 tcb', 'cloud_env_id': 'cloud1-d9g01no7m292bc511-d5e875d', 'framework_capture': True, 'error_capture': False, 'assert_capture': True, 'create_time': '20260602151108', 'case_output': './outputs/20260602151108/test_03_create_room/20260602152054016930'}
[W 2026-06-02 15:22:29,578 minium assertbase#355 _log_info_when_error] build info: {'version': '1.6.0', 'revision': '33ce5b50b34ec18c51c054a7cc1bdfb3ab0a451b', 'branch': 'master', 'update_at': '2024-10-09 21:08:56'}
[W 2026-06-02 15:22:29,578 minium minitest#1029 _log_info_when_error] mini: 基础库3.15.2, 开发者工具2.01.2510290
[W 2026-06-02 15:22:29,578 minium minitest#1031 _log_info_when_error] native: <minium.native.wx_native.idenative.IdeNative object at 0x106360980>
[W 2026-06-02 15:22:29,581 minium minitest#825 run] 第1次重试
[I 2026-06-02 15:22:29,581 minium minitest#432 _miniSetUp] =========Current case: test_03_create_room=========
[W 2026-06-02 15:22:29,582 minium minitest#434 _miniSetUp] 第1次重试
[I 2026-06-02 15:22:29,582 minium minitest#435 _miniSetUp] package info: .Users.haha.greatMan.projects.wechat-mini.2026-04-26-family-party-games.tests.test_gesture_final, case info: GestureGuessTest.test_03_create_room
[I 2026-06-02 15:22:29,582 minium basenative#59 wrapper] call BaseNative.check_connection
[I 2026-06-02 15:22:29,582 minium basenative#63 wrapper] call BaseNative.check_connection end True
[I 2026-06-02 15:22:29,582 minium minitest#897 capture] capture setup.png
[W 2026-06-02 15:22:31,589 minium.App4432 app#682 screen_shot] 截图指令响应失败, 可能因为开发者工具不在前台导致
[W 2026-06-02 15:22:31,589 minium minitest#929 capture] /Users/haha/greatMan/projects/wechat-mini/2026-04-26-family-party-games/outputs/20260602151108/test_03_create_room/20260602152229581352/images/setup.png not exists
[I 2026-06-02 15:22:31,589 minium minitest#487 _miniSetUp] =========case: test_03_create_room start=========
[I 2026-06-02 15:22:31,589 minium minitest#788 _callTestMethod] call test method
[I 2026-06-02 15:22:33,038 minium wx_minium#571 _app_initialized_callback] receive App.initialized
[I 2026-06-02 15:22:33,039 minium wx_minium#579 _relaunch] start instantiate app 6288994304
[I 2026-06-02 15:22:33,044 minium.App4432 app#545 release] release app <minium.miniprogram.base_driver.app.App object at 0x106550cd0>
[I 2026-06-02 15:22:33,073 minium wx_minium#893 _instantiate_app] new app instanst <minium.miniprogram.base_driver.app.App object at 0x1065507d0>, whether should relaunch: False
[I 2026-06-02 15:22:33,407 minium wx_minium#608 _relaunch] end instantiate app, cost: 0.3683509826660156
[E 2026-06-02 15:22:38,193 minium minitest#793 _callTestMethod] test exception
Traceback (most recent call last):
  File "/opt/anaconda3/lib/python3.13/site-packages/minium/framework/minitest.py", line 789, in _callTestMethod
    method()
    ~~~~~~^^
  File "/Users/haha/greatMan/projects/wechat-mini/2026-04-26-family-party-games/tests/test_gesture_final.py", line 246, in test_03_create_room
    room_id, room_code = self._cloud_create_room()
                         ~~~~~~~~~~~~~~~~~~~~~~~^^
  File "/Users/haha/greatMan/projects/wechat-mini/2026-04-26-family-party-games/tests/test_gesture_final.py", line 142, in _cloud_create_room
    raise RuntimeError(f"cloud create failed: {r}")
RuntimeError: cloud create failed: {'roomCode': '905569', 'ok': 1}
[I 2026-06-02 15:22:38,194 minium minitest#796 _callTestMethod] end test method
[I 2026-06-02 15:22:38,197 minium minitest#897 capture] capture teardown.png
[W 2026-06-02 15:24:08,202 minium.App3152 app#682 screen_shot] 截图指令响应失败, 可能因为开发者工具不在前台导致
[W 2026-06-02 15:24:08,203 minium minitest#929 capture] /Users/haha/greatMan/projects/wechat-mini/2026-04-26-family-party-games/outputs/20260602151108/test_03_create_room/20260602152229581352/images/teardown.png not exists
[I 2026-06-02 15:24:08,204 minium basenative#59 wrapper] call BaseNative.get_start_up
[I 2026-06-02 15:24:08,205 minium basenative#63 wrapper] call BaseNative.get_start_up end 
[E 2026-06-02 15:24:08,221 minium assertbase#390 _get_stack_info] <bound method GestureGuessTest.test_03_create_room of <__main__.GestureGuessTest testMethod=test_03_create_room>>
Traceback (most recent call last):
  File "/opt/anaconda3/lib/python3.13/site-packages/minium/framework/libs/unittest/case.py", line 43, in testPartExecutor
    yield
  File "/opt/anaconda3/lib/python3.13/site-packages/minium/framework/libs/unittest/case.py", line 125, in run
    self._callTestMethod(testMethod)
    ~~~~~~~~~~~~~~~~~~~~^^^^^^^^^^^^
  File "/opt/anaconda3/lib/python3.13/site-packages/minium/framework/minitest.py", line 789, in _callTestMethod
    method()
    ~~~~~~^^
  File "/Users/haha/greatMan/projects/wechat-mini/2026-04-26-family-party-games/tests/test_gesture_final.py", line 246, in test_03_create_room
    room_id, room_code = self._cloud_create_room()
                         ~~~~~~~~~~~~~~~~~~~~~~~^^
  File "/Users/haha/greatMan/projects/wechat-mini/2026-04-26-family-party-games/tests/test_gesture_final.py", line 142, in _cloud_create_room
    raise RuntimeError(f"cloud create failed: {r}")
RuntimeError: cloud create failed: {'roomCode': '905569', 'ok': 1}
[W 2026-06-02 15:24:08,223 minium assertbase#354 _log_info_when_error] config: {'debug': False, 'base_dir': '/Users/haha/greatMan/projects/wechat-mini/2026-04-26-family-party-games', 'platform': 'ide', 'app': 'wx', 'debug_mode': 'info', 'close_ide': False, 'auto_capture': 'auto', 'check_mp_foreground': False, 'auto_relaunch': False, 'device_desire': {}, 'account_info': {}, 'report_usage': True, 'remote_connect_timeout': 180, 'request_timeout': 90, 'use_push': True, 'full_reset': False, 'outputs': './outputs', 'enable_app_log': False, 'enable_network_panel': False, 'project_path': '/Users/haha/greatMan/projects/wechat-mini/2026-04-26-family-party-games', 'dev_tool_path': '/Applications/wechatwebdevtools.app/Contents/MacOS/cli', 'test_port': 20034, 'mock_native_modal': {}, 'mock_request': [], 'auto_authorize': False, 'audits': None, 'teardown_snapshot': False, 'mock_images_dir': '', 'mock_images': {}, 'need_perf': False, 'appid': None, 'enable_h5': True, 'autofix': False, 'tcb_cli': 'npx -p @cloudbase/cli@3.4.0 tcb', 'cloud_env_id': 'cloud1-d9g01no7m292bc511-d5e875d', 'framework_capture': True, 'error_capture': False, 'assert_capture': True, 'create_time': '20260602151108', 'case_output': './outputs/20260602151108/test_03_create_room/20260602152229581352'}
[W 2026-06-02 15:24:08,223 minium assertbase#355 _log_info_when_error] build info: {'version': '1.6.0', 'revision': '33ce5b50b34ec18c51c054a7cc1bdfb3ab0a451b', 'branch': 'master', 'update_at': '2024-10-09 21:08:56'}
[W 2026-06-02 15:24:08,223 minium minitest#1029 _log_info_when_error] mini: 基础库3.15.2, 开发者工具2.01.2510290
[W 2026-06-02 15:24:08,223 minium minitest#1031 _log_info_when_error] native: <minium.native.wx_native.idenative.IdeNative object at 0x106360980>
[I 2026-06-02 15:24:08,227 minium minitest#432 _miniSetUp] =========Current case: test_04_verify_room_code=========
[I 2026-06-02 15:24:08,228 minium minitest#435 _miniSetUp] package info: .Users.haha.greatMan.projects.wechat-mini.2026-04-26-family-party-games.tests.test_gesture_final, case info: GestureGuessTest.test_04_verify_room_code
[I 2026-06-02 15:24:08,228 minium basenative#59 wrapper] call BaseNative.check_connection
[I 2026-06-02 15:24:08,228 minium basenative#63 wrapper] call BaseNative.check_connection end True
[I 2026-06-02 15:24:08,228 minium minitest#897 capture] capture setup.png
[W 2026-06-02 15:24:10,231 minium.App3152 app#682 screen_shot] 截图指令响应失败, 可能因为开发者工具不在前台导致
[W 2026-06-02 15:24:10,232 minium minitest#929 capture] /Users/haha/greatMan/projects/wechat-mini/2026-04-26-family-party-games/outputs/20260602151108/test_04_verify_room_code/20260602152408226014/images/setup.png not exists
[I 2026-06-02 15:24:10,232 minium minitest#487 _miniSetUp] =========case: test_04_verify_room_code start=========
[I 2026-06-02 15:24:10,232 minium minitest#788 _callTestMethod] call test method
[I 2026-06-02 15:24:11,234 minium page#716 _get_elements_by_css] try to get elements: text
[I 2026-06-02 15:24:14,038 minium wx_minium#571 _app_initialized_callback] receive App.initialized
[I 2026-06-02 15:24:14,038 minium wx_minium#579 _relaunch] start instantiate app 6288994304
[E 2026-06-02 15:24:14,041 minium.Conn0896 connection#668 __on_message] [7acaf7f4-d0fd-445d-806e-f65e0e083c2d]: page destroyed
[I 2026-06-02 15:24:14,047 minium page#716 _get_elements_by_css] try to get elements: text
[I 2026-06-02 15:24:14,048 minium.App3152 app#545 release] release app <minium.miniprogram.base_driver.app.App object at 0x1065507d0>
[I 2026-06-02 15:24:14,053 minium page#749 _get_elements_by_css] find elements success: [<minium.miniprogram.base_driver.element.BaseElement object at 0x10628ba10>, <minium.miniprogram.base_driver.element.BaseElement object at 0x106551090>, <minium.miniprogram.base_driver.element.BaseElement object at 0x1065511d0>, <minium.miniprogram.base_driver.element.BaseElement object at 0x10635e520>, <minium.miniprogram.base_driver.element.BaseElement object at 0x10635d940>, <minium.miniprogram.base_driver.element.BaseElement object at 0x10659dc70>, <minium.miniprogram.base_driver.element.BaseElement object at 0x106549260>, <minium.miniprogram.base_driver.element.BaseElement object at 0x106549bf0>, <minium.miniprogram.base_driver.element.BaseElement object at 0x1062ff650>, <minium.miniprogram.base_driver.element.BaseElement object at 0x1062ff250>, <minium.miniprogram.base_driver.element.BaseElement object at 0x10656b020>, <minium.miniprogram.base_driver.element.BaseElement object at 0x10656a030>, <minium.miniprogram.base_driver.element.BaseElement object at 0x1065590f0>, <minium.miniprogram.base_driver.element.BaseElement object at 0x1065598d0>, <minium.miniprogram.base_driver.element.BaseElement object at 0x106332f70>, <minium.miniprogram.base_driver.element.BaseElement object at 0x10634dcd0>, <minium.miniprogram.base_driver.element.BaseElement object at 0x10634ce90>, <minium.miniprogram.base_driver.element.BaseElement object at 0x1060f3cd0>]
[I 2026-06-02 15:24:14,084 minium wx_minium#893 _instantiate_app] new app instanst <minium.miniprogram.base_driver.app.App object at 0x106550f50>, whether should relaunch: False
[I 2026-06-02 15:24:14,109 minium minitest#796 _callTestMethod] end test method
[I 2026-06-02 15:24:14,117 minium minitest#897 capture] capture teardown.png
[I 2026-06-02 15:24:14,437 minium wx_minium#608 _relaunch] end instantiate app, cost: 0.3983039855957031
[W 2026-06-02 15:25:44,125 minium.App5072 app#682 screen_shot] 截图指令响应失败, 可能因为开发者工具不在前台导致
[W 2026-06-02 15:25:44,126 minium minitest#929 capture] /Users/haha/greatMan/projects/wechat-mini/2026-04-26-family-party-games/outputs/20260602151108/test_04_verify_room_code/20260602152408226014/images/teardown.png not exists
[I 2026-06-02 15:25:44,126 minium basenative#59 wrapper] call BaseNative.get_start_up
[I 2026-06-02 15:25:44,126 minium basenative#63 wrapper] call BaseNative.get_start_up end 
[I 2026-06-02 15:25:44,130 minium minitest#432 _miniSetUp] =========Current case: test_05_verify_members=========
[I 2026-06-02 15:25:44,130 minium minitest#435 _miniSetUp] package info: .Users.haha.greatMan.projects.wechat-mini.2026-04-26-family-party-games.tests.test_gesture_final, case info: GestureGuessTest.test_05_verify_members
[I 2026-06-02 15:25:44,130 minium basenative#59 wrapper] call BaseNative.check_connection
[I 2026-06-02 15:25:44,130 minium basenative#63 wrapper] call BaseNative.check_connection end True
[I 2026-06-02 15:25:44,131 minium minitest#897 capture] capture setup.png
[W 2026-06-02 15:25:46,137 minium.App5072 app#682 screen_shot] 截图指令响应失败, 可能因为开发者工具不在前台导致
[W 2026-06-02 15:25:46,138 minium minitest#929 capture] /Users/haha/greatMan/projects/wechat-mini/2026-04-26-family-party-games/outputs/20260602151108/test_05_verify_members/20260602152544128868/images/setup.png not exists
[I 2026-06-02 15:25:46,138 minium minitest#487 _miniSetUp] =========case: test_05_verify_members start=========
[I 2026-06-02 15:25:46,138 minium minitest#788 _callTestMethod] call test method
[I 2026-06-02 15:25:46,138 minium page#716 _get_elements_by_css] try to get elements: view
[I 2026-06-02 15:25:47,031 minium wx_minium#571 _app_initialized_callback] receive App.initialized
[I 2026-06-02 15:25:47,031 minium wx_minium#579 _relaunch] start instantiate app 6288994304
[E 2026-06-02 15:25:47,034 minium.Conn0896 connection#668 __on_message] [39bce667-de62-412c-8bef-f6ae92f63e2b]: page destroyed
[I 2026-06-02 15:25:47,039 minium page#716 _get_elements_by_css] try to get elements: view
[I 2026-06-02 15:25:47,041 minium.App5072 app#545 release] release app <minium.miniprogram.base_driver.app.App object at 0x106550f50>
[I 2026-06-02 15:25:47,054 minium page#749 _get_elements_by_css] find elements success: [<minium.miniprogram.base_driver.element.BaseElement object at 0x106561700>, <minium.miniprogram.base_driver.element.BaseElement object at 0x1065a22b0>, <minium.miniprogram.base_driver.element.BaseElement object at 0x1065a2c10>, <minium.miniprogram.base_driver.element.BaseElement object at 0x1065a3b10>, <minium.miniprogram.base_driver.element.BaseElement object at 0x1065b8c30>, <minium.miniprogram.base_driver.element.BaseElement object at 0x1065b91d0>, <minium.miniprogram.base_driver.element.BaseElement object at 0x1065b9130>, <minium.miniprogram.base_driver.element.BaseElement object at 0x1065b93b0>, <minium.miniprogram.base_driver.element.BaseElement object at 0x1065b9270>, <minium.miniprogram.base_driver.element.BaseElement object at 0x1065b9310>, <minium.miniprogram.base_driver.element.BaseElement object at 0x1065b9090>, <minium.miniprogram.base_driver.element.BaseElement object at 0x1065b9450>, <minium.miniprogram.base_driver.element.BaseElement object at 0x1065b94f0>, <minium.miniprogram.base_driver.element.BaseElement object at 0x1065b9590>, <minium.miniprogram.base_driver.element.BaseElement object at 0x1065b9630>, <minium.miniprogram.base_driver.element.BaseElement object at 0x1065b96d0>, <minium.miniprogram.base_driver.element.BaseElement object at 0x1065b9770>, <minium.miniprogram.base_driver.element.BaseElement object at 0x1065b9810>, <minium.miniprogram.base_driver.element.BaseElement object at 0x1065b98b0>, <minium.miniprogram.base_driver.element.BaseElement object at 0x1065b9950>, <minium.miniprogram.base_driver.element.BaseElement object at 0x1065b99f0>, <minium.miniprogram.base_driver.element.BaseElement object at 0x1065b9a90>, <minium.miniprogram.base_driver.element.BaseElement object at 0x1065b9b30>, <minium.miniprogram.base_driver.element.BaseElement object at 0x1065b9bd0>, <minium.miniprogram.base_driver.element.BaseElement object at 0x1065b9c70>, <minium.miniprogram.base_driver.element.BaseElement object at 0x1065b9d10>, <minium.miniprogram.base_driver.element.BaseElement object at 0x1065b9db0>, <minium.miniprogram.base_driver.element.BaseElement object at 0x1065b9e50>, <minium.miniprogram.base_driver.element.BaseElement object at 0x1065b9ef0>, <minium.miniprogram.base_driver.element.BaseElement object at 0x1065b9f90>, <minium.miniprogram.base_driver.element.BaseElement object at 0x1065ba030>, <minium.miniprogram.base_driver.element.BaseElement object at 0x1065ba0d0>, <minium.miniprogram.base_driver.element.BaseElement object at 0x1065ba170>, <minium.miniprogram.base_driver.element.BaseElement object at 0x1065ba210>, <minium.miniprogram.base_driver.element.BaseElement object at 0x1065ba2b0>, <minium.miniprogram.base_driver.element.BaseElement object at 0x1065ba350>, <minium.miniprogram.base_driver.element.BaseElement object at 0x1065ba3f0>, <minium.miniprogram.base_driver.element.BaseElement object at 0x1065ba490>, <minium.miniprogram.base_driver.element.BaseElement object at 0x1065ba530>, <minium.miniprogram.base_driver.element.BaseElement object at 0x1065ba5d0>, <minium.miniprogram.base_driver.element.BaseElement object at 0x1065ba670>, <minium.miniprogram.base_driver.element.BaseElement object at 0x1065ba710>, <minium.miniprogram.base_driver.element.BaseElement object at 0x1065ba7b0>, <minium.miniprogram.base_driver.element.BaseElement object at 0x1065ba850>, <minium.miniprogram.base_driver.element.BaseElement object at 0x1065ba8f0>, <minium.miniprogram.base_driver.element.BaseElement object at 0x1065ba990>, <minium.miniprogram.base_driver.element.BaseElement object at 0x1065baa30>, <minium.miniprogram.base_driver.element.BaseElement object at 0x1065baad0>, <minium.miniprogram.base_driver.element.BaseElement object at 0x1065bab70>, <minium.miniprogram.base_driver.element.BaseElement object at 0x106502c10>, <minium.miniprogram.base_driver.element.BaseElement object at 0x1065a3930>, <minium.miniprogram.base_driver.element.BaseElement object at 0x1065a3f70>, <minium.miniprogram.base_driver.element.BaseElement object at 0x1065a39d0>, <minium.miniprogram.base_driver.element.BaseElement object at 0x1065a2f30>, <minium.miniprogram.base_driver.element.BaseElement object at 0x1065a3e30>, <minium.miniprogram.base_driver.element.BaseElement object at 0x1065a3c50>, <minium.miniprogram.base_driver.element.BaseElement object at 0x1065a2df0>, <minium.miniprogram.base_driver.element.BaseElement object at 0x1065a3ed0>, <minium.miniprogram.base_driver.element.BaseElement object at 0x1065a3610>, <minium.miniprogram.base_driver.element.BaseElement object at 0x1065a36b0>, <minium.miniprogram.base_driver.element.BaseElement object at 0x1065a3570>, <minium.miniprogram.base_driver.element.BaseElement object at 0x1065a37f0>, <minium.miniprogram.base_driver.element.BaseElement object at 0x1065a2e90>, <minium.miniprogram.base_driver.element.BaseElement object at 0x1065a16d0>, <minium.miniprogram.base_driver.element.BaseElement object at 0x1065a2170>, <minium.miniprogram.base_driver.element.BaseElement object at 0x1065a28f0>, <minium.miniprogram.base_driver.element.BaseElement object at 0x1065a2d50>, <minium.miniprogram.base_driver.element.BaseElement object at 0x1065a3390>, <minium.miniprogram.base_driver.element.BaseElement object at 0x1065a3750>, <minium.miniprogram.base_driver.element.BaseElement object at 0x1065a32f0>, <minium.miniprogram.base_driver.element.BaseElement object at 0x1065a1130>, <minium.miniprogram.base_driver.element.BaseElement object at 0x1065a1450>, <minium.miniprogram.base_driver.element.BaseElement object at 0x1065a23f0>, <minium.miniprogram.base_driver.element.BaseElement object at 0x1065a1ef0>, <minium.miniprogram.base_driver.element.BaseElement object at 0x1065a25d0>, <minium.miniprogram.base_driver.element.BaseElement object at 0x1065a2cb0>, <minium.miniprogram.base_driver.element.BaseElement object at 0x1065a2850>, <minium.miniprogram.base_driver.element.BaseElement object at 0x1065a0cd0>, <minium.miniprogram.base_driver.element.BaseElement object at 0x1065a19f0>, <minium.miniprogram.base_driver.element.BaseElement object at 0x1065a1630>, <minium.miniprogram.base_driver.element.BaseElement object at 0x1065a1770>, <minium.miniprogram.base_driver.element.BaseElement object at 0x1065a1d10>, <minium.miniprogram.base_driver.element.BaseElement object at 0x1065a20d0>, <minium.miniprogram.base_driver.element.BaseElement object at 0x1065a1db0>, <minium.miniprogram.base_driver.element.BaseElement object at 0x1065a0a50>, <minium.miniprogram.base_driver.element.BaseElement object at 0x1065a13b0>, <minium.miniprogram.base_driver.element.BaseElement object at 0x1065a0550>, <minium.miniprogram.base_driver.element.BaseElement object at 0x1065a0af0>, <minium.miniprogram.base_driver.element.BaseElement object at 0x1065a0b90>, <minium.miniprogram.base_driver.element.BaseElement object at 0x1065a00f0>, <minium.miniprogram.base_driver.element.BaseElement object at 0x1065a0370>, <minium.miniprogram.base_driver.element.BaseElement object at 0x1065a05f0>, <minium.miniprogram.base_driver.element.BaseElement object at 0x1065a0910>, <minium.miniprogram.base_driver.element.BaseElement object at 0x1065a09b0>, <minium.miniprogram.base_driver.element.BaseElement object at 0x1065a0230>, <minium.miniprogram.base_driver.element.BaseElement object at 0x106547f70>, <minium.miniprogram.base_driver.element.BaseElement object at 0x106546170>, <minium.miniprogram.base_driver.element.BaseElement object at 0x106547b10>, <minium.miniprogram.base_driver.element.BaseElement object at 0x106546210>, <minium.miniprogram.base_driver.element.BaseElement object at 0x106547d90>, <minium.miniprogram.base_driver.element.BaseElement object at 0x106547c50>, <minium.miniprogram.base_driver.element.BaseElement object at 0x106547cf0>, <minium.miniprogram.base_driver.element.BaseElement object at 0x106547ed0>, <minium.miniprogram.base_driver.element.BaseElement object at 0x106546850>, <minium.miniprogram.base_driver.element.BaseElement object at 0x106546710>, <minium.miniprogram.base_driver.element.BaseElement object at 0x106544b90>, <minium.miniprogram.base_driver.element.BaseElement object at 0x106545450>, <minium.miniprogram.base_driver.element.BaseElement object at 0x102a88190>, <minium.miniprogram.base_driver.element.BaseElement object at 0x1065b8ff0>, <minium.miniprogram.base_driver.element.BaseElement object at 0x1065b8eb0>, <minium.miniprogram.base_driver.element.BaseElement object at 0x1065b8e10>, <minium.miniprogram.base_driver.element.BaseElement object at 0x1065b84b0>, <minium.miniprogram.base_driver.element.BaseElement object at 0x1065b8870>, <minium.miniprogram.base_driver.element.BaseElement object at 0x1065b85f0>, <minium.miniprogram.base_driver.element.BaseElement object at 0x1065b8190>, <minium.miniprogram.base_driver.element.BaseElement object at 0x1065bac10>, <minium.miniprogram.base_driver.element.BaseElement object at 0x1065bad50>, <minium.miniprogram.base_driver.element.BaseElement object at 0x1065badf0>, <minium.miniprogram.base_driver.element.BaseElement object at 0x1065bae90>, <minium.miniprogram.base_driver.element.BaseElement object at 0x1065baf30>, <minium.miniprogram.base_driver.element.BaseElement object at 0x1065bafd0>, <minium.miniprogram.base_driver.element.BaseElement object at 0x1065bb070>, <minium.miniprogram.base_driver.element.BaseElement object at 0x1065bb110>, <minium.miniprogram.base_driver.element.BaseElement object at 0x1065bb1b0>, <minium.miniprogram.base_driver.element.BaseElement object at 0x1065bb250>, <minium.miniprogram.base_driver.element.BaseElement object at 0x1065bb2f0>, <minium.miniprogram.base_driver.element.BaseElement object at 0x1065bb390>, <minium.miniprogram.base_driver.element.BaseElement object at 0x1065bb430>, <minium.miniprogram.base_driver.element.BaseElement object at 0x1065bb4d0>, <minium.miniprogram.base_driver.element.BaseElement object at 0x1065bb570>, <minium.miniprogram.base_driver.element.BaseElement object at 0x1065bb610>, <minium.miniprogram.base_driver.element.BaseElement object at 0x1065bb6b0>, <minium.miniprogram.base_driver.element.BaseElement object at 0x1065bb750>, <minium.miniprogram.base_driver.element.BaseElement object at 0x1065bb7f0>, <minium.miniprogram.base_driver.element.BaseElement object at 0x1065bb890>, <minium.miniprogram.base_driver.element.BaseElement object at 0x1065bb930>, <minium.miniprogram.base_driver.element.BaseElement object at 0x1065bb9d0>, <minium.miniprogram.base_driver.element.BaseElement object at 0x1065bba70>, <minium.miniprogram.base_driver.element.BaseElement object at 0x1065bbb10>, <minium.miniprogram.base_driver.element.BaseElement object at 0x1065bbbb0>, <minium.miniprogram.base_driver.element.BaseElement object at 0x1065bbc50>, <minium.miniprogram.base_driver.element.BaseElement object at 0x1065bbcf0>, <minium.miniprogram.base_driver.element.BaseElement object at 0x1065bbd90>, <minium.miniprogram.base_driver.element.BaseElement object at 0x1065bbe30>, <minium.miniprogram.base_driver.element.BaseElement object at 0x1065bbed0>, <minium.miniprogram.base_driver.element.BaseElement object at 0x1065bbf70>, <minium.miniprogram.base_driver.element.BaseElement object at 0x1065dc050>, <minium.miniprogram.base_driver.element.BaseElement object at 0x1065dc0f0>, <minium.miniprogram.base_driver.element.BaseElement object at 0x1065dc190>, <minium.miniprogram.base_driver.element.BaseElement object at 0x1065dc230>, <minium.miniprogram.base_driver.element.BaseElement object at 0x1065dc2d0>, <minium.miniprogram.base_driver.element.BaseElement object at 0x1065dc370>, <minium.miniprogram.base_driver.element.BaseElement object at 0x1065dc410>, <minium.miniprogram.base_driver.element.BaseElement object at 0x1065dc4b0>, <minium.miniprogram.base_driver.element.BaseElement object at 0x1065dc550>, <minium.miniprogram.base_driver.element.BaseElement object at 0x1065dc5f0>, <minium.miniprogram.base_driver.element.BaseElement object at 0x1065dc690>, <minium.miniprogram.base_driver.element.BaseElement object at 0x1065dc730>, <minium.miniprogram.base_driver.element.BaseElement object at 0x1065dc7d0>, <minium.miniprogram.base_driver.element.BaseElement object at 0x1065dc870>, <minium.miniprogram.base_driver.element.BaseElement object at 0x1065dc910>, <minium.miniprogram.base_driver.element.BaseElement object at 0x1065dc9b0>, <minium.miniprogram.base_driver.element.BaseElement object at 0x1065dca50>, <minium.miniprogram.base_driver.element.BaseElement object at 0x1065dcaf0>, <minium.miniprogram.base_driver.element.BaseElement object at 0x1065dcb90>]
[I 2026-06-02 15:25:47,075 minium wx_minium#893 _instantiate_app] new app instanst <minium.miniprogram.base_driver.app.App object at 0x1065516d0>, whether should relaunch: False
[I 2026-06-02 15:25:47,101 minium minitest#897 capture] capture assertGreater-success.png
[I 2026-06-02 15:25:47,436 minium wx_minium#608 _relaunch] end instantiate app, cost: 0.40482425689697266
[W 2026-06-02 15:27:17,104 minium.App6992 app#682 screen_shot] 截图指令响应失败, 可能因为开发者工具不在前台导致
[W 2026-06-02 15:27:17,105 minium minitest#929 capture] /Users/haha/greatMan/projects/wechat-mini/2026-04-26-family-party-games/outputs/20260602151108/test_05_verify_members/20260602152544128868/images/assertGreater-success.png not exists
[I 2026-06-02 15:27:17,106 minium minitest#796 _callTestMethod] end test method
[I 2026-06-02 15:27:17,108 minium minitest#897 capture] capture teardown.png
[W 2026-06-02 15:27:19,113 minium.App6992 app#682 screen_shot] 截图指令响应失败, 可能因为开发者工具不在前台导致
[W 2026-06-02 15:27:19,113 minium minitest#929 capture] /Users/haha/greatMan/projects/wechat-mini/2026-04-26-family-party-games/outputs/20260602151108/test_05_verify_members/20260602152544128868/images/teardown.png not exists
[I 2026-06-02 15:27:19,114 minium basenative#59 wrapper] call BaseNative.get_start_up
[I 2026-06-02 15:27:19,114 minium basenative#63 wrapper] call BaseNative.get_start_up end 
[I 2026-06-02 15:27:19,196 minium minitest#432 _miniSetUp] =========Current case: test_06_game_interface=========
[I 2026-06-02 15:27:19,196 minium minitest#435 _miniSetUp] package info: .Users.haha.greatMan.projects.wechat-mini.2026-04-26-family-party-games.tests.test_gesture_final, case info: GestureGuessTest.test_06_game_interface
[I 2026-06-02 15:27:19,196 minium basenative#59 wrapper] call BaseNative.check_connection
[I 2026-06-02 15:27:19,196 minium basenative#63 wrapper] call BaseNative.check_connection end True
[I 2026-06-02 15:27:19,203 minium minitest#897 capture] capture setup.png
[W 2026-06-02 15:27:21,204 minium.App6992 app#682 screen_shot] 截图指令响应失败, 可能因为开发者工具不在前台导致
[W 2026-06-02 15:27:21,205 minium minitest#929 capture] /Users/haha/greatMan/projects/wechat-mini/2026-04-26-family-party-games/outputs/20260602151108/test_06_game_interface/20260602152719190091/images/setup.png not exists
[I 2026-06-02 15:27:21,205 minium minitest#487 _miniSetUp] =========case: test_06_game_interface start=========
[I 2026-06-02 15:27:21,205 minium minitest#788 _callTestMethod] call test method
[I 2026-06-02 15:27:22,045 minium wx_minium#571 _app_initialized_callback] receive App.initialized
[I 2026-06-02 15:27:22,045 minium wx_minium#579 _relaunch] start instantiate app 6271594496
[I 2026-06-02 15:27:22,057 minium.App6992 app#545 release] release app <minium.miniprogram.base_driver.app.App object at 0x1065516d0>
[I 2026-06-02 15:27:22,091 minium wx_minium#893 _instantiate_app] new app instanst <minium.miniprogram.base_driver.app.App object at 0x1062d7890>, whether should relaunch: False
[I 2026-06-02 15:27:22,214 minium page#716 _get_elements_by_css] try to get elements: button
[I 2026-06-02 15:27:22,227 minium page#749 _get_elements_by_css] find elements success: [<minium.miniprogram.base_driver.element.BaseElement object at 0x1065de490>, <minium.miniprogram.base_driver.element.BaseElement object at 0x1065de3f0>, <minium.miniprogram.base_driver.element.BaseElement object at 0x1065de670>, <minium.miniprogram.base_driver.element.BaseElement object at 0x1065de530>, <minium.miniprogram.base_driver.element.BaseElement object at 0x1065de5d0>, <minium.miniprogram.base_driver.element.BaseElement object at 0x1065de350>, <minium.miniprogram.base_driver.element.BaseElement object at 0x1065de710>, <minium.miniprogram.base_driver.element.BaseElement object at 0x1065de7b0>, <minium.miniprogram.base_driver.element.BaseElement object at 0x1065de850>, <minium.miniprogram.base_driver.element.BaseElement object at 0x1065de8f0>, <minium.miniprogram.base_driver.element.BaseElement object at 0x1065de990>, <minium.miniprogram.base_driver.element.BaseElement object at 0x1065dea30>, <minium.miniprogram.base_driver.element.BaseElement object at 0x1065dead0>, <minium.miniprogram.base_driver.element.BaseElement object at 0x1065deb70>, <minium.miniprogram.base_driver.element.BaseElement object at 0x1065dec10>, <minium.miniprogram.base_driver.element.BaseElement object at 0x1065decb0>, <minium.miniprogram.base_driver.element.BaseElement object at 0x1065ded50>, <minium.miniprogram.base_driver.element.BaseElement object at 0x1065dedf0>, <minium.miniprogram.base_driver.element.BaseElement object at 0x1065dee90>, <minium.miniprogram.base_driver.element.BaseElement object at 0x1065def30>, <minium.miniprogram.base_driver.element.BaseElement object at 0x1065defd0>, <minium.miniprogram.base_driver.element.BaseElement object at 0x1065df070>, <minium.miniprogram.base_driver.element.BaseElement object at 0x1065df110>, <minium.miniprogram.base_driver.element.BaseElement object at 0x1065df1b0>, <minium.miniprogram.base_driver.element.BaseElement object at 0x1065df250>, <minium.miniprogram.base_driver.element.BaseElement object at 0x1065df2f0>, <minium.miniprogram.base_driver.element.BaseElement object at 0x1065df390>, <minium.miniprogram.base_driver.element.BaseElement object at 0x1065df430>, <minium.miniprogram.base_driver.element.BaseElement object at 0x1065df4d0>, <minium.miniprogram.base_driver.element.BaseElement object at 0x1065df570>]
[I 2026-06-02 15:27:22,237 minium minitest#897 capture] capture assertGreater-success.png
[I 2026-06-02 15:27:22,414 minium wx_minium#608 _relaunch] end instantiate app, cost: 0.3684229850769043
[W 2026-06-02 15:28:52,246 minium.App0576 app#682 screen_shot] 截图指令响应失败, 可能因为开发者工具不在前台导致
[W 2026-06-02 15:28:52,248 minium minitest#929 capture] /Users/haha/greatMan/projects/wechat-mini/2026-04-26-family-party-games/outputs/20260602151108/test_06_game_interface/20260602152719190091/images/assertGreater-success.png not exists
[I 2026-06-02 15:28:52,369 minium minitest#796 _callTestMethod] end test method
[I 2026-06-02 15:28:52,370 minium minitest#897 capture] capture teardown.png
[W 2026-06-02 15:28:54,372 minium.App0576 app#682 screen_shot] 截图指令响应失败, 可能因为开发者工具不在前台导致
[W 2026-06-02 15:28:54,373 minium minitest#929 capture] /Users/haha/greatMan/projects/wechat-mini/2026-04-26-family-party-games/outputs/20260602151108/test_06_game_interface/20260602152719190091/images/teardown.png not exists
[I 2026-06-02 15:28:54,373 minium basenative#59 wrapper] call BaseNative.get_start_up
[I 2026-06-02 15:28:54,373 minium basenative#63 wrapper] call BaseNative.get_start_up end 
[I 2026-06-02 15:28:54,443 minium minitest#432 _miniSetUp] =========Current case: test_07_performance=========
[I 2026-06-02 15:28:54,443 minium minitest#435 _miniSetUp] package info: .Users.haha.greatMan.projects.wechat-mini.2026-04-26-family-party-games.tests.test_gesture_final, case info: GestureGuessTest.test_07_performance
[I 2026-06-02 15:28:54,443 minium basenative#59 wrapper] call BaseNative.check_connection
[I 2026-06-02 15:28:54,443 minium basenative#63 wrapper] call BaseNative.check_connection end True
[I 2026-06-02 15:28:54,444 minium minitest#897 capture] capture setup.png
[W 2026-06-02 15:28:56,445 minium.App0576 app#682 screen_shot] 截图指令响应失败, 可能因为开发者工具不在前台导致
[W 2026-06-02 15:28:56,445 minium minitest#929 capture] /Users/haha/greatMan/projects/wechat-mini/2026-04-26-family-party-games/outputs/20260602151108/test_07_performance/20260602152854429080/images/setup.png not exists
[I 2026-06-02 15:28:56,445 minium minitest#487 _miniSetUp] =========case: test_07_performance start=========
[I 2026-06-02 15:28:56,445 minium minitest#788 _callTestMethod] call test method
[I 2026-06-02 15:28:56,953 minium minitest#796 _callTestMethod] end test method
[I 2026-06-02 15:28:56,955 minium minitest#897 capture] capture teardown.png
[I 2026-06-02 15:28:58,108 minium wx_minium#571 _app_initialized_callback] receive App.initialized
[I 2026-06-02 15:28:58,108 minium wx_minium#579 _relaunch] start instantiate app 6271594496
[I 2026-06-02 15:28:58,122 minium.App0576 app#545 release] release app <minium.miniprogram.base_driver.app.App object at 0x1062d7890>
[I 2026-06-02 15:28:58,158 minium wx_minium#893 _instantiate_app] new app instanst <minium.miniprogram.base_driver.app.App object at 0x1062d7610>, whether should relaunch: False
[I 2026-06-02 15:28:58,487 minium wx_minium#608 _relaunch] end instantiate app, cost: 0.3783259391784668
[W 2026-06-02 15:28:58,964 minium.App0576 app#682 screen_shot] 截图指令响应失败, 可能因为开发者工具不在前台导致
[W 2026-06-02 15:28:58,964 minium minitest#929 capture] /Users/haha/greatMan/projects/wechat-mini/2026-04-26-family-party-games/outputs/20260602151108/test_07_performance/20260602152854429080/images/teardown.png not exists
[I 2026-06-02 15:28:58,964 minium basenative#59 wrapper] call BaseNative.get_start_up
[I 2026-06-02 15:28:58,964 minium basenative#63 wrapper] call BaseNative.get_start_up end 
[I 2026-06-02 15:28:59,014 minium minitest#432 _miniSetUp] =========Current case: test_08_network=========
[I 2026-06-02 15:28:59,015 minium minitest#435 _miniSetUp] package info: .Users.haha.greatMan.projects.wechat-mini.2026-04-26-family-party-games.tests.test_gesture_final, case info: GestureGuessTest.test_08_network
[I 2026-06-02 15:28:59,015 minium basenative#59 wrapper] call BaseNative.check_connection
[I 2026-06-02 15:28:59,015 minium basenative#63 wrapper] call BaseNative.check_connection end True
[I 2026-06-02 15:28:59,020 minium minitest#897 capture] capture setup.png
[I 2026-06-02 15:29:02,060 minium wx_minium#571 _app_initialized_callback] receive App.initialized
[I 2026-06-02 15:29:02,060 minium wx_minium#579 _relaunch] start instantiate app 6271594496
[I 2026-06-02 15:29:02,068 minium.App9936 app#545 release] release app <minium.miniprogram.base_driver.app.App object at 0x1062d7610>
[I 2026-06-02 15:29:02,098 minium wx_minium#893 _instantiate_app] new app instanst <minium.miniprogram.base_driver.app.App object at 0x106551590>, whether should relaunch: False
[I 2026-06-02 15:29:02,394 minium wx_minium#608 _relaunch] end instantiate app, cost: 0.334094762802124
[W 2026-06-02 15:30:29,031 minium.App9936 app#682 screen_shot] 截图指令响应失败, 可能因为开发者工具不在前台导致
[W 2026-06-02 15:30:29,033 minium minitest#929 capture] /Users/haha/greatMan/projects/wechat-mini/2026-04-26-family-party-games/outputs/20260602151108/test_08_network/20260602152858997435/images/setup.png not exists
[I 2026-06-02 15:30:29,033 minium minitest#487 _miniSetUp] =========case: test_08_network start=========
[I 2026-06-02 15:30:29,034 minium minitest#788 _callTestMethod] call test method
[I 2026-06-02 15:30:29,034 minium minitest#796 _callTestMethod] end test method
[I 2026-06-02 15:30:29,048 minium minitest#897 capture] capture teardown.png
[W 2026-06-02 15:31:59,052 minium.App6672 app#682 screen_shot] 截图指令响应失败, 可能因为开发者工具不在前台导致
[W 2026-06-02 15:31:59,053 minium minitest#929 capture] /Users/haha/greatMan/projects/wechat-mini/2026-04-26-family-party-games/outputs/20260602151108/test_08_network/20260602152858997435/images/teardown.png not exists
[I 2026-06-02 15:31:59,053 minium basenative#59 wrapper] call BaseNative.get_start_up
[I 2026-06-02 15:31:59,054 minium basenative#63 wrapper] call BaseNative.get_start_up end 
[I 2026-06-02 16:05:29,353 minium minitest#202 init_miniprogram] start init miniprogram
[I 2026-06-02 16:05:29,354 minium basenative#59 wrapper] call IdeNative.start_wechat
[I 2026-06-02 16:05:29,355 minium basenative#63 wrapper] call IdeNative.start_wechat end None
[I 2026-06-02 16:05:29,355 minium wx_minium#738 launch_dev_tool] Starting dev tool and launch MiniProgram project ...
[I 2026-06-02 16:05:29,356 minium minium_object#83 _do_shell] de shell: /Applications/wechatwebdevtools.app/Contents/MacOS/cli auto --project "/Users/haha/greatMan/projects/wechat-mini/2026-04-26-family-party-games" --auto-port 20034
[I 2026-06-02 16:05:35,519 minium minium_object#101 _do_shell] err:
- initialize

✔ IDE server has started, listening on http://127.0.0.1:23856
- preparing
- Fetching AppID () permissions
✔ Using AppID: wx73314ee6734cdfa0
✔ auto

[I 2026-06-02 16:05:35,519 minium minium_object#102 _do_shell] out:

[I 2026-06-02 16:05:40,519 minium wx_minium#835 connect_dev_tool] Trying to connect Dev tool ...
[I 2026-06-02 16:05:40,697 minium.Conn9920 connection#352 _connect] connect to WebChatTools successfully
[E 2026-06-02 16:06:30,078 minium.Conn9920 connection#642 _on_error] Connection to remote host was lost.
[W 2026-06-02 16:06:30,079 minium.Conn9920 connection#562 reconnect] connection reconnect
[I 2026-06-02 16:06:30,080 minium.Conn9920 connection#377 _ws_run_forever] websocket run forever shutdown
[I 2026-06-02 16:06:30,218 minium.Conn9920 connection#352 _connect] connect to WebChatTools successfully
[E 2026-06-02 16:07:13,707 minium wx_minium#848 connect_dev_tool] [34ebe0d6-8417-49b2-a7f1-f63b435ef59c][call App.callWxMethod] command timeout cause by connection error: Connection to remote host was lost.
Traceback (most recent call last):
  File "/opt/anaconda3/lib/python3.13/site-packages/minium/miniprogram/wx_minium.py", line 841, in connect_dev_tool
    self._instantiate_app(not self.start_cmd or should_relaunch)
    ~~~~~~~~~~~~~~~~~~~~~^^^^^^^^^^^^^^^^^^^^^^^^^^^^^^^^^^^^^^^
  File "/opt/anaconda3/lib/python3.13/site-packages/minium/miniprogram/wx_minium.py", line 878, in _instantiate_app
    self._get_system_info()
    ~~~~~~~~~~~~~~~~~~~~~^^
  File "/opt/anaconda3/lib/python3.13/site-packages/minium/miniprogram/wx_minium.py", line 533, in _get_system_info
    system_info = self.get_system_info()
  File "/opt/anaconda3/lib/python3.13/site-packages/minium/miniprogram/base_driver/minium_log.py", line 148, in wrapper
    result = func(*args, **kwargs)
  File "/opt/anaconda3/lib/python3.13/site-packages/minium/miniprogram/wx_minium.py", line 909, in get_system_info
    self._call_wx_method("getSystemInfoSync")
    ~~~~~~~~~~~~~~~~~~~~^^^^^^^^^^^^^^^^^^^^^
  File "/opt/anaconda3/lib/python3.13/site-packages/minium/miniprogram/base_driver/minium_object.py", line 162, in _call_wx_method
    return self.connection.send("App.callWxMethod", params)
           ~~~~~~~~~~~~~~~~~~~~^^^^^^^^^^^^^^^^^^^^^^^^^^^^
  File "/opt/anaconda3/lib/python3.13/site-packages/minium/miniprogram/base_driver/connection.py", line 457, in send
    return self._receive_response(cmd)
           ~~~~~~~~~~~~~~~~~~~~~~^^^^^
  File "/opt/anaconda3/lib/python3.13/site-packages/minium/miniprogram/base_driver/connection.py", line 498, in _receive_response
    raise MiniTimeoutCauseByConnectionBreakError(
        f"[{cmd.id}][{cmd.desc}] command timeout cause by {cmd.reason}"
    )
minium.framework.exception.MiniTimeoutCauseByConnectionBreakError: [34ebe0d6-8417-49b2-a7f1-f63b435ef59c][call App.callWxMethod] command timeout cause by connection error: Connection to remote host was lost.
[I 2026-06-02 16:07:13,761 minium wx_minium#835 connect_dev_tool] Trying to connect Dev tool ...
[I 2026-06-02 16:07:13,842 minium.Conn8176 connection#352 _connect] connect to WebChatTools successfully
[E 2026-06-02 16:07:13,842 minium.Conn9920 connection#739 destroy] 断开连接
[I 2026-06-02 16:07:13,844 minium.Conn9920 connection#377 _ws_run_forever] websocket run forever shutdown
[I 2026-06-02 16:07:13,935 minium wx_minium#893 _instantiate_app] new app instanst <minium.miniprogram.base_driver.app.App object at 0x10779d160>, whether should relaunch: False
[I 2026-06-02 16:07:13,937 minium basenative#59 wrapper] call IdeNative.send
[W 2026-06-02 16:07:13,939 minium idenative#77 _send] handle clickCoverView error: clickCoverView failed
[I 2026-06-02 16:07:13,939 minium basenative#63 wrapper] call IdeNative.send end False
[I 2026-06-02 16:07:14,768 minium minitest#218 init_miniprogram] end init miniprogram
[I 2026-06-02 16:07:14,775 minium minitest#432 _miniSetUp] =========Current case: test_01_homepage=========
[I 2026-06-02 16:07:14,776 minium minitest#435 _miniSetUp] package info: .Users.haha.greatMan.projects.wechat-mini.2026-04-26-family-party-games.tests.test_gesture_final, case info: GestureGuessTest.test_01_homepage
[I 2026-06-02 16:07:14,776 minium basenative#59 wrapper] call BaseNative.check_connection
[I 2026-06-02 16:07:14,776 minium basenative#63 wrapper] call BaseNative.check_connection end True
[I 2026-06-02 16:07:14,777 minium minitest#897 capture] capture setup.png
[I 2026-06-02 16:07:14,972 minium minitest#487 _miniSetUp] =========case: test_01_homepage start=========
[I 2026-06-02 16:07:14,972 minium minitest#788 _callTestMethod] call test method
[I 2026-06-02 16:07:17,849 minium wx_minium#571 _app_initialized_callback] receive App.initialized
[I 2026-06-02 16:07:17,850 minium wx_minium#579 _relaunch] start instantiate app 6230568960
[I 2026-06-02 16:07:17,875 minium.App1264 app#545 release] release app <minium.miniprogram.base_driver.app.App object at 0x10779d160>
[I 2026-06-02 16:07:17,900 minium wx_minium#893 _instantiate_app] new app instanst <minium.miniprogram.base_driver.app.App object at 0x107712ad0>, whether should relaunch: False
[I 2026-06-02 16:07:18,381 minium wx_minium#608 _relaunch] end instantiate app, cost: 0.5314559936523438
[I 2026-06-02 16:07:27,965 minium.App4336 app#950 relaunch] ReLaunch: /packageGames/gesture/gesture?config=%7B%22roomId%22%3A%20%2210f00cf26a1e8f3f017e1f0a532ae4bb%22%2C%20%22roomCode%22%3A%20%22476095%22%7D
[I 2026-06-02 16:07:30,030 minium.App4336 app#1226 _on_route_changed] Route changed, {'name': 'onAppRouteDone', 'args': [{'path': 'packageGames/gesture/gesture', 'query': {'config': '%257B%2522roomId%2522%253A%2520%252210f00cf26a1e8f3f017e1f0a532ae4bb%2522%252C%2520%2522roomCode%2522%253A%2520%2522476095%2522%257D'}, 'openType': 'reLaunch', 'timeStamp': 1780387649996, 'webviewId': 5, 'routeEventId': '5_1780387649910', 'renderer': 'webview'}, 1780387649997]}
[I 2026-06-02 16:07:30,031 minium.Conn8176 connection#704 _handle_async_msg] received async msg: 7575c76e-b90b-45bb-99e2-2de33b5c0359
[I 2026-06-02 16:07:33,037 minium page#716 _get_elements_by_css] try to get elements: text
[I 2026-06-02 16:07:33,060 minium page#749 _get_elements_by_css] find elements success: [<minium.miniprogram.base_driver.element.BaseElement object at 0x1076c3a10>, <minium.miniprogram.base_driver.element.BaseElement object at 0x1077134d0>]
[I 2026-06-02 16:07:33,080 minium page#716 _get_elements_by_css] try to get elements: view
[I 2026-06-02 16:07:33,083 minium page#749 _get_elements_by_css] find elements success: [<minium.miniprogram.base_driver.element.BaseElement object at 0x107711d10>, <minium.miniprogram.base_driver.element.BaseElement object at 0x107796780>, <minium.miniprogram.base_driver.element.BaseElement object at 0x107795a70>, <minium.miniprogram.base_driver.element.BaseElement object at 0x10774deb0>, <minium.miniprogram.base_driver.element.BaseElement object at 0x1076dfdf0>, <minium.miniprogram.base_driver.element.BaseElement object at 0x1076df790>, <minium.miniprogram.base_driver.element.BaseElement object at 0x107736450>, <minium.miniprogram.base_driver.element.BaseElement object at 0x107735a50>, <minium.miniprogram.base_driver.element.BaseElement object at 0x107743e30>, <minium.miniprogram.base_driver.element.BaseElement object at 0x107743f20>]
[I 2026-06-02 16:07:33,109 minium page#716 _get_elements_by_css] try to get elements: text
[I 2026-06-02 16:07:33,112 minium page#749 _get_elements_by_css] find elements success: [<minium.miniprogram.base_driver.element.BaseElement object at 0x107747a10>, <minium.miniprogram.base_driver.element.BaseElement object at 0x107747930>]
[I 2026-06-02 16:07:33,118 minium page#716 _get_elements_by_css] try to get elements: view
[I 2026-06-02 16:07:33,121 minium page#749 _get_elements_by_css] find elements success: [<minium.miniprogram.base_driver.element.BaseElement object at 0x107768fc0>, <minium.miniprogram.base_driver.element.BaseElement object at 0x1077853d0>, <minium.miniprogram.base_driver.element.BaseElement object at 0x107785490>, <minium.miniprogram.base_driver.element.BaseElement object at 0x10752fc20>, <minium.miniprogram.base_driver.element.BaseElement object at 0x10752fcd0>, <minium.miniprogram.base_driver.element.BaseElement object at 0x1077eb1b0>, <minium.miniprogram.base_driver.element.BaseElement object at 0x1077eac10>, <minium.miniprogram.base_driver.element.BaseElement object at 0x1077eaa30>, <minium.miniprogram.base_driver.element.BaseElement object at 0x1077eacb0>, <minium.miniprogram.base_driver.element.BaseElement object at 0x1077eb110>]
[I 2026-06-02 16:07:33,145 minium page#716 _get_elements_by_css] try to get elements: text
[I 2026-06-02 16:07:33,147 minium page#749 _get_elements_by_css] find elements success: [<minium.miniprogram.base_driver.element.BaseElement object at 0x1077eacb0>, <minium.miniprogram.base_driver.element.BaseElement object at 0x1077eab70>]
[I 2026-06-02 16:07:33,151 minium page#716 _get_elements_by_css] try to get elements: view
[I 2026-06-02 16:07:33,154 minium page#749 _get_elements_by_css] find elements success: [<minium.miniprogram.base_driver.element.BaseElement object at 0x1077eaad0>, <minium.miniprogram.base_driver.element.BaseElement object at 0x1077e9450>, <minium.miniprogram.base_driver.element.BaseElement object at 0x1077eadf0>, <minium.miniprogram.base_driver.element.BaseElement object at 0x1077ead50>, <minium.miniprogram.base_driver.element.BaseElement object at 0x1077eb070>, <minium.miniprogram.base_driver.element.BaseElement object at 0x1077eaf30>, <minium.miniprogram.base_driver.element.BaseElement object at 0x1077ea350>, <minium.miniprogram.base_driver.element.BaseElement object at 0x1077eb250>, <minium.miniprogram.base_driver.element.BaseElement object at 0x1077eb2f0>, <minium.miniprogram.base_driver.element.BaseElement object at 0x1077eb390>]
[E 2026-06-02 16:07:33,181 minium minitest#793 _callTestMethod] test exception
Traceback (most recent call last):
  File "/opt/anaconda3/lib/python3.13/site-packages/minium/framework/minitest.py", line 789, in _callTestMethod
    method()
    ~~~~~~^^
  File "/Users/haha/greatMan/projects/wechat-mini/2026-04-26-family-party-games/tests/test_gesture_final.py", line 231, in test_01_homepage
    self.fail("进入游戏页失败（未见口令/回合信息）")
    ~~~~~~~~~^^^^^^^^^^^^^^^^^^^^^^^^^^^^^^^^^^^^^^^
  File "/opt/anaconda3/lib/python3.13/unittest/case.py", line 732, in fail
    raise self.failureException(msg)
AssertionError: 进入游戏页失败（未见口令/回合信息）
[I 2026-06-02 16:07:33,185 minium minitest#796 _callTestMethod] end test method
[I 2026-06-02 16:07:33,186 minium minitest#897 capture] capture teardown.png
[W 2026-06-02 16:09:03,191 minium.App4336 app#682 screen_shot] 截图指令响应失败, 可能因为开发者工具不在前台导致
[W 2026-06-02 16:09:03,193 minium minitest#929 capture] /Users/haha/greatMan/projects/wechat-mini/2026-04-26-family-party-games/outputs/20260602160529/test_01_homepage/20260602160714768520/images/teardown.png not exists
[I 2026-06-02 16:09:03,193 minium basenative#59 wrapper] call BaseNative.get_start_up
[I 2026-06-02 16:09:03,193 minium basenative#63 wrapper] call BaseNative.get_start_up end 
[E 2026-06-02 16:09:03,199 minium assertbase#390 _get_stack_info] <bound method GestureGuessTest.test_01_homepage of <__main__.GestureGuessTest testMethod=test_01_homepage>>
Traceback (most recent call last):
  File "/opt/anaconda3/lib/python3.13/site-packages/minium/framework/libs/unittest/case.py", line 43, in testPartExecutor
    yield
  File "/opt/anaconda3/lib/python3.13/site-packages/minium/framework/libs/unittest/case.py", line 125, in run
    self._callTestMethod(testMethod)
    ~~~~~~~~~~~~~~~~~~~~^^^^^^^^^^^^
  File "/opt/anaconda3/lib/python3.13/site-packages/minium/framework/minitest.py", line 789, in _callTestMethod
    method()
    ~~~~~~^^
  File "/Users/haha/greatMan/projects/wechat-mini/2026-04-26-family-party-games/tests/test_gesture_final.py", line 231, in test_01_homepage
    self.fail("进入游戏页失败（未见口令/回合信息）")
    ~~~~~~~~~^^^^^^^^^^^^^^^^^^^^^^^^^^^^^^^^^^^^^^^
AssertionError: 进入游戏页失败（未见口令/回合信息）
[W 2026-06-02 16:09:03,199 minium assertbase#354 _log_info_when_error] config: {'debug': False, 'base_dir': '/Users/haha/greatMan/projects/wechat-mini/2026-04-26-family-party-games', 'platform': 'ide', 'app': 'wx', 'debug_mode': 'info', 'close_ide': False, 'auto_capture': 'auto', 'check_mp_foreground': False, 'auto_relaunch': False, 'device_desire': {}, 'account_info': {}, 'report_usage': True, 'remote_connect_timeout': 180, 'request_timeout': 90, 'use_push': True, 'full_reset': False, 'outputs': './outputs', 'enable_app_log': False, 'enable_network_panel': False, 'project_path': '/Users/haha/greatMan/projects/wechat-mini/2026-04-26-family-party-games', 'dev_tool_path': '/Applications/wechatwebdevtools.app/Contents/MacOS/cli', 'test_port': 20034, 'mock_native_modal': {}, 'mock_request': [], 'auto_authorize': False, 'audits': None, 'teardown_snapshot': False, 'mock_images_dir': '', 'mock_images': {}, 'need_perf': False, 'appid': None, 'enable_h5': True, 'autofix': False, 'tcb_cli': 'npx -p @cloudbase/cli@3.4.0 tcb', 'cloud_env_id': 'cloud1-d9g01no7m292bc511-d5e875d', 'framework_capture': True, 'error_capture': False, 'assert_capture': True, 'create_time': '20260602160529', 'case_output': './outputs/20260602160529/test_01_homepage/20260602160714768520'}
[W 2026-06-02 16:09:03,199 minium assertbase#355 _log_info_when_error] build info: {'version': '1.6.0', 'revision': '33ce5b50b34ec18c51c054a7cc1bdfb3ab0a451b', 'branch': 'master', 'update_at': '2024-10-09 21:08:56'}
[W 2026-06-02 16:09:03,199 minium minitest#1029 _log_info_when_error] mini: 基础库3.15.2, 开发者工具2.01.2510290
[W 2026-06-02 16:09:03,199 minium minitest#1031 _log_info_when_error] native: <minium.native.wx_native.idenative.IdeNative object at 0x10779c980>
[W 2026-06-02 16:09:03,229 minium minitest#825 run] 第1次重试
[I 2026-06-02 16:09:03,230 minium minitest#432 _miniSetUp] =========Current case: test_01_homepage=========
[W 2026-06-02 16:09:03,230 minium minitest#434 _miniSetUp] 第1次重试
[I 2026-06-02 16:09:03,230 minium minitest#435 _miniSetUp] package info: .Users.haha.greatMan.projects.wechat-mini.2026-04-26-family-party-games.tests.test_gesture_final, case info: GestureGuessTest.test_01_homepage
[I 2026-06-02 16:09:03,230 minium basenative#59 wrapper] call BaseNative.check_connection
[I 2026-06-02 16:09:03,230 minium basenative#63 wrapper] call BaseNative.check_connection end True
[I 2026-06-02 16:09:03,231 minium minitest#897 capture] capture setup.png
[W 2026-06-02 16:09:05,236 minium.App4336 app#682 screen_shot] 截图指令响应失败, 可能因为开发者工具不在前台导致
[W 2026-06-02 16:09:05,237 minium minitest#929 capture] /Users/haha/greatMan/projects/wechat-mini/2026-04-26-family-party-games/outputs/20260602160529/test_01_homepage/20260602160903229779/images/setup.png not exists
[I 2026-06-02 16:09:05,237 minium minitest#487 _miniSetUp] =========case: test_01_homepage start=========
[I 2026-06-02 16:09:05,237 minium minitest#788 _callTestMethod] call test method
[I 2026-06-02 16:09:06,459 minium wx_minium#571 _app_initialized_callback] receive App.initialized
[I 2026-06-02 16:09:06,459 minium wx_minium#579 _relaunch] start instantiate app 6229995520
[I 2026-06-02 16:09:06,483 minium.App4336 app#545 release] release app <minium.miniprogram.base_driver.app.App object at 0x107712ad0>
[I 2026-06-02 16:09:06,508 minium wx_minium#893 _instantiate_app] new app instanst <minium.miniprogram.base_driver.app.App object at 0x107711bd0>, whether should relaunch: False
[I 2026-06-02 16:09:06,817 minium wx_minium#608 _relaunch] end instantiate app, cost: 0.35819005966186523
[I 2026-06-02 16:09:14,492 minium.App0496 app#950 relaunch] ReLaunch: /packageGames/gesture/gesture?config=%7B%22roomId%22%3A%20%2293eed62b6a1e8faa005ebdb34f7f70cb%22%2C%20%22roomCode%22%3A%20%22217516%22%7D
[I 2026-06-02 16:09:15,390 minium.Conn8176 connection#704 _handle_async_msg] received async msg: e4f74781-c7d7-4163-982e-458bb5e8535a
[I 2026-06-02 16:09:15,390 minium.App0496 app#1226 _on_route_changed] Route changed, {'name': 'onAppRouteDone', 'args': [{'path': 'packageGames/gesture/gesture', 'query': {'config': '%257B%2522roomId%2522%253A%2520%252293eed62b6a1e8faa005ebdb34f7f70cb%2522%252C%2520%2522roomCode%2522%253A%2520%2522217516%2522%257D'}, 'openType': 'reLaunch', 'timeStamp': 1780387755384, 'webviewId': 6, 'routeEventId': '6_1780387755178', 'renderer': 'webview'}, 1780387755385]}
[I 2026-06-02 16:09:18,395 minium page#716 _get_elements_by_css] try to get elements: text
[W 2026-06-02 16:09:18,408 minium page#747 _get_elements_by_css] Could not found any element 'text' you need
[I 2026-06-02 16:09:18,409 minium page#716 _get_elements_by_css] try to get elements: view
[I 2026-06-02 16:09:18,422 minium page#749 _get_elements_by_css] find elements success: [<minium.miniprogram.base_driver.element.BaseElement object at 0x1078647d0>, <minium.miniprogram.base_driver.element.BaseElement object at 0x107864d70>, <minium.miniprogram.base_driver.element.BaseElement object at 0x1078651d0>, <minium.miniprogram.base_driver.element.BaseElement object at 0x107864b90>, <minium.miniprogram.base_driver.element.BaseElement object at 0x107865450>, <minium.miniprogram.base_driver.element.BaseElement object at 0x107864ff0>, <minium.miniprogram.base_driver.element.BaseElement object at 0x107864370>, <minium.miniprogram.base_driver.element.BaseElement object at 0x107864f50>, <minium.miniprogram.base_driver.element.BaseElement object at 0x107864c30>, <minium.miniprogram.base_driver.element.BaseElement object at 0x1078653b0>, <minium.miniprogram.base_driver.element.BaseElement object at 0x107865310>, <minium.miniprogram.base_driver.element.BaseElement object at 0x107865090>, <minium.miniprogram.base_driver.element.BaseElement object at 0x107864e10>, <minium.miniprogram.base_driver.element.BaseElement object at 0x107864cd0>, <minium.miniprogram.base_driver.element.BaseElement object at 0x1078654f0>, <minium.miniprogram.base_driver.element.BaseElement object at 0x107865590>]
[I 2026-06-02 16:09:18,486 minium page#716 _get_elements_by_css] try to get elements: text
[W 2026-06-02 16:09:18,489 minium page#747 _get_elements_by_css] Could not found any element 'text' you need
[I 2026-06-02 16:09:18,489 minium page#716 _get_elements_by_css] try to get elements: view
[I 2026-06-02 16:09:18,493 minium page#749 _get_elements_by_css] find elements success: [<minium.miniprogram.base_driver.element.BaseElement object at 0x107864ff0>, <minium.miniprogram.base_driver.element.BaseElement object at 0x107864c30>, <minium.miniprogram.base_driver.element.BaseElement object at 0x107864f50>, <minium.miniprogram.base_driver.element.BaseElement object at 0x107865090>, <minium.miniprogram.base_driver.element.BaseElement object at 0x107865450>, <minium.miniprogram.base_driver.element.BaseElement object at 0x107865310>, <minium.miniprogram.base_driver.element.BaseElement object at 0x1078653b0>, <minium.miniprogram.base_driver.element.BaseElement object at 0x107864e10>, <minium.miniprogram.base_driver.element.BaseElement object at 0x107864cd0>, <minium.miniprogram.base_driver.element.BaseElement object at 0x1078654f0>, <minium.miniprogram.base_driver.element.BaseElement object at 0x107864690>, <minium.miniprogram.base_driver.element.BaseElement object at 0x107865630>, <minium.miniprogram.base_driver.element.BaseElement object at 0x1078642d0>, <minium.miniprogram.base_driver.element.BaseElement object at 0x1078656d0>, <minium.miniprogram.base_driver.element.BaseElement object at 0x107865770>, <minium.miniprogram.base_driver.element.BaseElement object at 0x107865810>]
[I 2026-06-02 16:09:18,533 minium page#716 _get_elements_by_css] try to get elements: text
[W 2026-06-02 16:09:18,536 minium page#747 _get_elements_by_css] Could not found any element 'text' you need
[I 2026-06-02 16:09:18,536 minium page#716 _get_elements_by_css] try to get elements: view
[I 2026-06-02 16:09:18,538 minium page#749 _get_elements_by_css] find elements success: [<minium.miniprogram.base_driver.element.BaseElement object at 0x107865090>, <minium.miniprogram.base_driver.element.BaseElement object at 0x1078654f0>, <minium.miniprogram.base_driver.element.BaseElement object at 0x107865310>, <minium.miniprogram.base_driver.element.BaseElement object at 0x107865450>, <minium.miniprogram.base_driver.element.BaseElement object at 0x107864e10>, <minium.miniprogram.base_driver.element.BaseElement object at 0x107864cd0>, <minium.miniprogram.base_driver.element.BaseElement object at 0x1078653b0>, <minium.miniprogram.base_driver.element.BaseElement object at 0x107864690>, <minium.miniprogram.base_driver.element.BaseElement object at 0x107865630>, <minium.miniprogram.base_driver.element.BaseElement object at 0x1078642d0>, <minium.miniprogram.base_driver.element.BaseElement object at 0x1078656d0>, <minium.miniprogram.base_driver.element.BaseElement object at 0x107865770>, <minium.miniprogram.base_driver.element.BaseElement object at 0x1078651d0>, <minium.miniprogram.base_driver.element.BaseElement object at 0x107865590>, <minium.miniprogram.base_driver.element.BaseElement object at 0x1078647d0>, <minium.miniprogram.base_driver.element.BaseElement object at 0x1078658b0>]
[E 2026-06-02 16:09:18,574 minium minitest#793 _callTestMethod] test exception
Traceback (most recent call last):
  File "/opt/anaconda3/lib/python3.13/site-packages/minium/framework/minitest.py", line 789, in _callTestMethod
    method()
    ~~~~~~^^
  File "/Users/haha/greatMan/projects/wechat-mini/2026-04-26-family-party-games/tests/test_gesture_final.py", line 231, in test_01_homepage
    self.fail("进入游戏页失败（未见口令/回合信息）")
    ~~~~~~~~~^^^^^^^^^^^^^^^^^^^^^^^^^^^^^^^^^^^^^^^
  File "/opt/anaconda3/lib/python3.13/unittest/case.py", line 732, in fail
    raise self.failureException(msg)
AssertionError: 进入游戏页失败（未见口令/回合信息）
[I 2026-06-02 16:09:18,575 minium minitest#796 _callTestMethod] end test method
[I 2026-06-02 16:09:18,576 minium minitest#897 capture] capture teardown.png
[W 2026-06-02 16:10:48,581 minium.App0496 app#682 screen_shot] 截图指令响应失败, 可能因为开发者工具不在前台导致
[W 2026-06-02 16:10:48,583 minium minitest#929 capture] /Users/haha/greatMan/projects/wechat-mini/2026-04-26-family-party-games/outputs/20260602160529/test_01_homepage/20260602160903229779/images/teardown.png not exists
[I 2026-06-02 16:10:48,584 minium basenative#59 wrapper] call BaseNative.get_start_up
[I 2026-06-02 16:10:48,584 minium basenative#63 wrapper] call BaseNative.get_start_up end 
[E 2026-06-02 16:10:48,607 minium assertbase#390 _get_stack_info] <bound method GestureGuessTest.test_01_homepage of <__main__.GestureGuessTest testMethod=test_01_homepage>>
Traceback (most recent call last):
  File "/opt/anaconda3/lib/python3.13/site-packages/minium/framework/libs/unittest/case.py", line 43, in testPartExecutor
    yield
  File "/opt/anaconda3/lib/python3.13/site-packages/minium/framework/libs/unittest/case.py", line 125, in run
    self._callTestMethod(testMethod)
    ~~~~~~~~~~~~~~~~~~~~^^^^^^^^^^^^
  File "/opt/anaconda3/lib/python3.13/site-packages/minium/framework/minitest.py", line 789, in _callTestMethod
    method()
    ~~~~~~^^
  File "/Users/haha/greatMan/projects/wechat-mini/2026-04-26-family-party-games/tests/test_gesture_final.py", line 231, in test_01_homepage
    self.fail("进入游戏页失败（未见口令/回合信息）")
    ~~~~~~~~~^^^^^^^^^^^^^^^^^^^^^^^^^^^^^^^^^^^^^^^
AssertionError: 进入游戏页失败（未见口令/回合信息）
[W 2026-06-02 16:10:48,608 minium assertbase#354 _log_info_when_error] config: {'debug': False, 'base_dir': '/Users/haha/greatMan/projects/wechat-mini/2026-04-26-family-party-games', 'platform': 'ide', 'app': 'wx', 'debug_mode': 'info', 'close_ide': False, 'auto_capture': 'auto', 'check_mp_foreground': False, 'auto_relaunch': False, 'device_desire': {}, 'account_info': {}, 'report_usage': True, 'remote_connect_timeout': 180, 'request_timeout': 90, 'use_push': True, 'full_reset': False, 'outputs': './outputs', 'enable_app_log': False, 'enable_network_panel': False, 'project_path': '/Users/haha/greatMan/projects/wechat-mini/2026-04-26-family-party-games', 'dev_tool_path': '/Applications/wechatwebdevtools.app/Contents/MacOS/cli', 'test_port': 20034, 'mock_native_modal': {}, 'mock_request': [], 'auto_authorize': False, 'audits': None, 'teardown_snapshot': False, 'mock_images_dir': '', 'mock_images': {}, 'need_perf': False, 'appid': None, 'enable_h5': True, 'autofix': False, 'tcb_cli': 'npx -p @cloudbase/cli@3.4.0 tcb', 'cloud_env_id': 'cloud1-d9g01no7m292bc511-d5e875d', 'framework_capture': True, 'error_capture': False, 'assert_capture': True, 'create_time': '20260602160529', 'case_output': './outputs/20260602160529/test_01_homepage/20260602160903229779'}
[W 2026-06-02 16:10:48,608 minium assertbase#355 _log_info_when_error] build info: {'version': '1.6.0', 'revision': '33ce5b50b34ec18c51c054a7cc1bdfb3ab0a451b', 'branch': 'master', 'update_at': '2024-10-09 21:08:56'}
[W 2026-06-02 16:10:48,609 minium minitest#1029 _log_info_when_error] mini: 基础库3.15.2, 开发者工具2.01.2510290
[W 2026-06-02 16:10:48,609 minium minitest#1031 _log_info_when_error] native: <minium.native.wx_native.idenative.IdeNative object at 0x10779c980>
[I 2026-06-02 16:10:48,618 minium minitest#432 _miniSetUp] =========Current case: test_02_click_game=========
[I 2026-06-02 16:10:48,618 minium minitest#435 _miniSetUp] package info: .Users.haha.greatMan.projects.wechat-mini.2026-04-26-family-party-games.tests.test_gesture_final, case info: GestureGuessTest.test_02_click_game
[I 2026-06-02 16:10:48,618 minium basenative#59 wrapper] call BaseNative.check_connection
[I 2026-06-02 16:10:48,618 minium basenative#63 wrapper] call BaseNative.check_connection end True
[I 2026-06-02 16:10:48,619 minium minitest#897 capture] capture setup.png
[W 2026-06-02 16:10:50,621 minium.App0496 app#682 screen_shot] 截图指令响应失败, 可能因为开发者工具不在前台导致
[W 2026-06-02 16:10:50,621 minium minitest#929 capture] /Users/haha/greatMan/projects/wechat-mini/2026-04-26-family-party-games/outputs/20260602160529/test_02_click_game/20260602161048612329/images/setup.png not exists
[I 2026-06-02 16:10:50,621 minium minitest#487 _miniSetUp] =========case: test_02_click_game start=========
[I 2026-06-02 16:10:50,621 minium minitest#788 _callTestMethod] call test method
[I 2026-06-02 16:10:53,078 minium wx_minium#571 _app_initialized_callback] receive App.initialized
[I 2026-06-02 16:10:53,079 minium wx_minium#579 _relaunch] start instantiate app 6229995520
[I 2026-06-02 16:10:53,101 minium.App0496 app#545 release] release app <minium.miniprogram.base_driver.app.App object at 0x107711bd0>
[I 2026-06-02 16:10:53,144 minium wx_minium#893 _instantiate_app] new app instanst <minium.miniprogram.base_driver.app.App object at 0x107713250>, whether should relaunch: False
[I 2026-06-02 16:10:53,463 minium wx_minium#608 _relaunch] end instantiate app, cost: 0.382875919342041
[I 2026-06-02 16:10:53,634 minium.App6256 app#950 relaunch] ReLaunch: /packageGames/gesture/gesture?config=%7B%22roomId%22%3A%20%226cb23a706a1e900d00cd47177a788162%22%2C%20%22roomCode%22%3A%20%22108150%22%7D
[I 2026-06-02 16:10:54,597 minium.App6256 app#1226 _on_route_changed] Route changed, {'name': 'onAppRouteDone', 'args': [{'path': 'packageGames/gesture/gesture', 'query': {'config': '%257B%2522roomId%2522%253A%2520%25226cb23a706a1e900d00cd47177a788162%2522%252C%2520%2522roomCode%2522%253A%2520%2522108150%2522%257D'}, 'openType': 'reLaunch', 'timeStamp': 1780387854595, 'webviewId': 8, 'routeEventId': '8_1780387854433', 'renderer': 'webview'}, 1780387854596]}
[I 2026-06-02 16:10:54,598 minium.Conn8176 connection#704 _handle_async_msg] received async msg: 5c43f1ba-82df-44f4-aea3-8370df2c8449
[I 2026-06-02 16:10:57,603 minium minitest#796 _callTestMethod] end test method
[I 2026-06-02 16:10:57,607 minium minitest#897 capture] capture teardown.png
[W 2026-06-02 16:12:27,618 minium.App6256 app#682 screen_shot] 截图指令响应失败, 可能因为开发者工具不在前台导致
[W 2026-06-02 16:12:27,618 minium minitest#929 capture] /Users/haha/greatMan/projects/wechat-mini/2026-04-26-family-party-games/outputs/20260602160529/test_02_click_game/20260602161048612329/images/teardown.png not exists
[I 2026-06-02 16:12:27,620 minium basenative#59 wrapper] call BaseNative.get_start_up
[I 2026-06-02 16:12:27,620 minium basenative#63 wrapper] call BaseNative.get_start_up end 
[I 2026-06-02 16:12:27,671 minium minitest#432 _miniSetUp] =========Current case: test_03_create_room=========
[I 2026-06-02 16:12:27,671 minium minitest#435 _miniSetUp] package info: .Users.haha.greatMan.projects.wechat-mini.2026-04-26-family-party-games.tests.test_gesture_final, case info: GestureGuessTest.test_03_create_room
[I 2026-06-02 16:12:27,671 minium basenative#59 wrapper] call BaseNative.check_connection
[I 2026-06-02 16:12:27,671 minium basenative#63 wrapper] call BaseNative.check_connection end True
[I 2026-06-02 16:12:27,686 minium minitest#897 capture] capture setup.png
[W 2026-06-02 16:12:29,687 minium.App6256 app#682 screen_shot] 截图指令响应失败, 可能因为开发者工具不在前台导致
[W 2026-06-02 16:12:29,687 minium minitest#929 capture] /Users/haha/greatMan/projects/wechat-mini/2026-04-26-family-party-games/outputs/20260602160529/test_03_create_room/20260602161227655881/images/setup.png not exists
[I 2026-06-02 16:12:29,688 minium minitest#487 _miniSetUp] =========case: test_03_create_room start=========
[I 2026-06-02 16:12:29,688 minium minitest#788 _callTestMethod] call test method
[I 2026-06-02 16:12:30,235 minium wx_minium#571 _app_initialized_callback] receive App.initialized
[I 2026-06-02 16:12:30,236 minium wx_minium#579 _relaunch] start instantiate app 6229995520
[I 2026-06-02 16:12:30,243 minium.App6256 app#545 release] release app <minium.miniprogram.base_driver.app.App object at 0x107713250>
[I 2026-06-02 16:12:30,270 minium wx_minium#893 _instantiate_app] new app instanst <minium.miniprogram.base_driver.app.App object at 0x107712210>, whether should relaunch: False
[I 2026-06-02 16:12:30,610 minium wx_minium#608 _relaunch] end instantiate app, cost: 0.3742520809173584
[I 2026-06-02 16:12:33,336 minium minitest#796 _callTestMethod] end test method
[I 2026-06-02 16:12:33,337 minium minitest#897 capture] capture teardown.png
[W 2026-06-02 16:14:03,348 minium.App2096 app#682 screen_shot] 截图指令响应失败, 可能因为开发者工具不在前台导致
[W 2026-06-02 16:14:03,348 minium minitest#929 capture] /Users/haha/greatMan/projects/wechat-mini/2026-04-26-family-party-games/outputs/20260602160529/test_03_create_room/20260602161227655881/images/teardown.png not exists
[I 2026-06-02 16:14:03,349 minium basenative#59 wrapper] call BaseNative.get_start_up
[I 2026-06-02 16:14:03,349 minium basenative#63 wrapper] call BaseNative.get_start_up end 
[I 2026-06-02 16:14:03,359 minium minitest#432 _miniSetUp] =========Current case: test_04_verify_room_code=========
[I 2026-06-02 16:14:03,359 minium minitest#435 _miniSetUp] package info: .Users.haha.greatMan.projects.wechat-mini.2026-04-26-family-party-games.tests.test_gesture_final, case info: GestureGuessTest.test_04_verify_room_code
[I 2026-06-02 16:14:03,359 minium basenative#59 wrapper] call BaseNative.check_connection
[I 2026-06-02 16:14:03,359 minium basenative#63 wrapper] call BaseNative.check_connection end True
[I 2026-06-02 16:14:03,360 minium minitest#897 capture] capture setup.png
[W 2026-06-02 16:14:05,362 minium.App2096 app#682 screen_shot] 截图指令响应失败, 可能因为开发者工具不在前台导致
[W 2026-06-02 16:14:05,363 minium minitest#929 capture] /Users/haha/greatMan/projects/wechat-mini/2026-04-26-family-party-games/outputs/20260602160529/test_04_verify_room_code/20260602161403356207/images/setup.png not exists
[I 2026-06-02 16:14:05,363 minium minitest#487 _miniSetUp] =========case: test_04_verify_room_code start=========
[I 2026-06-02 16:14:05,363 minium minitest#788 _callTestMethod] call test method
[I 2026-06-02 16:14:05,905 minium wx_minium#571 _app_initialized_callback] receive App.initialized
[I 2026-06-02 16:14:05,906 minium wx_minium#579 _relaunch] start instantiate app 6229995520
[I 2026-06-02 16:14:05,911 minium.App2096 app#545 release] release app <minium.miniprogram.base_driver.app.App object at 0x107712210>
[I 2026-06-02 16:14:05,937 minium wx_minium#893 _instantiate_app] new app instanst <minium.miniprogram.base_driver.app.App object at 0x107712350>, whether should relaunch: False
[I 2026-06-02 16:14:06,269 minium wx_minium#608 _relaunch] end instantiate app, cost: 0.36283421516418457
[I 2026-06-02 16:14:06,376 minium page#716 _get_elements_by_css] try to get elements: text
[I 2026-06-02 16:14:06,382 minium page#749 _get_elements_by_css] find elements success: [<minium.miniprogram.base_driver.element.BaseElement object at 0x107867250>, <minium.miniprogram.base_driver.element.BaseElement object at 0x107867570>, <minium.miniprogram.base_driver.element.BaseElement object at 0x1078674d0>, <minium.miniprogram.base_driver.element.BaseElement object at 0x107867750>, <minium.miniprogram.base_driver.element.BaseElement object at 0x107867610>, <minium.miniprogram.base_driver.element.BaseElement object at 0x1078676b0>, <minium.miniprogram.base_driver.element.BaseElement object at 0x1078671b0>, <minium.miniprogram.base_driver.element.BaseElement object at 0x1078677f0>, <minium.miniprogram.base_driver.element.BaseElement object at 0x107867890>, <minium.miniprogram.base_driver.element.BaseElement object at 0x107867930>, <minium.miniprogram.base_driver.element.BaseElement object at 0x1078679d0>, <minium.miniprogram.base_driver.element.BaseElement object at 0x107867a70>, <minium.miniprogram.base_driver.element.BaseElement object at 0x107867b10>, <minium.miniprogram.base_driver.element.BaseElement object at 0x107867bb0>, <minium.miniprogram.base_driver.element.BaseElement object at 0x107867c50>, <minium.miniprogram.base_driver.element.BaseElement object at 0x107867cf0>, <minium.miniprogram.base_driver.element.BaseElement object at 0x107867d90>, <minium.miniprogram.base_driver.element.BaseElement object at 0x107867e30>]
[I 2026-06-02 16:14:06,424 minium minitest#796 _callTestMethod] end test method
[I 2026-06-02 16:14:06,427 minium minitest#897 capture] capture teardown.png
[W 2026-06-02 16:15:36,437 minium.App2416 app#682 screen_shot] 截图指令响应失败, 可能因为开发者工具不在前台导致
[W 2026-06-02 16:15:36,440 minium minitest#929 capture] /Users/haha/greatMan/projects/wechat-mini/2026-04-26-family-party-games/outputs/20260602160529/test_04_verify_room_code/20260602161403356207/images/teardown.png not exists
[I 2026-06-02 16:15:36,440 minium basenative#59 wrapper] call BaseNative.get_start_up
[I 2026-06-02 16:15:36,440 minium basenative#63 wrapper] call BaseNative.get_start_up end 
[I 2026-06-02 16:15:36,465 minium minitest#432 _miniSetUp] =========Current case: test_05_verify_members=========
[I 2026-06-02 16:15:36,466 minium minitest#435 _miniSetUp] package info: .Users.haha.greatMan.projects.wechat-mini.2026-04-26-family-party-games.tests.test_gesture_final, case info: GestureGuessTest.test_05_verify_members
[I 2026-06-02 16:15:36,466 minium basenative#59 wrapper] call BaseNative.check_connection
[I 2026-06-02 16:15:36,466 minium basenative#63 wrapper] call BaseNative.check_connection end True
[I 2026-06-02 16:15:36,469 minium minitest#897 capture] capture setup.png
[W 2026-06-02 16:15:38,472 minium.App2416 app#682 screen_shot] 截图指令响应失败, 可能因为开发者工具不在前台导致
[W 2026-06-02 16:15:38,472 minium minitest#929 capture] /Users/haha/greatMan/projects/wechat-mini/2026-04-26-family-party-games/outputs/20260602160529/test_05_verify_members/20260602161536454162/images/setup.png not exists
[I 2026-06-02 16:15:38,472 minium minitest#487 _miniSetUp] =========case: test_05_verify_members start=========
[I 2026-06-02 16:15:38,472 minium minitest#788 _callTestMethod] call test method
[I 2026-06-02 16:15:38,472 minium page#716 _get_elements_by_css] try to get elements: view
[I 2026-06-02 16:15:39,149 minium wx_minium#571 _app_initialized_callback] receive App.initialized
[I 2026-06-02 16:15:39,150 minium wx_minium#579 _relaunch] start instantiate app 6229995520
[E 2026-06-02 16:15:39,154 minium.Conn8176 connection#668 __on_message] [d96abac0-ee20-4367-8ed0-f3a1a4942759]: page destroyed
[I 2026-06-02 16:15:39,161 minium page#716 _get_elements_by_css] try to get elements: view
[I 2026-06-02 16:15:39,165 minium.App2416 app#545 release] release app <minium.miniprogram.base_driver.app.App object at 0x107712350>
[I 2026-06-02 16:15:39,171 minium page#749 _get_elements_by_css] find elements success: [<minium.miniprogram.base_driver.element.BaseElement object at 0x107867430>, <minium.miniprogram.base_driver.element.BaseElement object at 0x107864690>, <minium.miniprogram.base_driver.element.BaseElement object at 0x107866d50>, <minium.miniprogram.base_driver.element.BaseElement object at 0x1078660d0>, <minium.miniprogram.base_driver.element.BaseElement object at 0x107866cb0>, <minium.miniprogram.base_driver.element.BaseElement object at 0x107884230>, <minium.miniprogram.base_driver.element.BaseElement object at 0x107884190>, <minium.miniprogram.base_driver.element.BaseElement object at 0x107884410>, <minium.miniprogram.base_driver.element.BaseElement object at 0x1078842d0>, <minium.miniprogram.base_driver.element.BaseElement object at 0x107884370>, <minium.miniprogram.base_driver.element.BaseElement object at 0x1078840f0>, <minium.miniprogram.base_driver.element.BaseElement object at 0x1078844b0>, <minium.miniprogram.base_driver.element.BaseElement object at 0x107884550>, <minium.miniprogram.base_driver.element.BaseElement object at 0x1078845f0>, <minium.miniprogram.base_driver.element.BaseElement object at 0x107884690>, <minium.miniprogram.base_driver.element.BaseElement object at 0x107884730>, <minium.miniprogram.base_driver.element.BaseElement object at 0x1078847d0>, <minium.miniprogram.base_driver.element.BaseElement object at 0x107884870>, <minium.miniprogram.base_driver.element.BaseElement object at 0x107884910>, <minium.miniprogram.base_driver.element.BaseElement object at 0x1078849b0>, <minium.miniprogram.base_driver.element.BaseElement object at 0x107884a50>, <minium.miniprogram.base_driver.element.BaseElement object at 0x107884af0>, <minium.miniprogram.base_driver.element.BaseElement object at 0x107884b90>, <minium.miniprogram.base_driver.element.BaseElement object at 0x107884c30>, <minium.miniprogram.base_driver.element.BaseElement object at 0x107884cd0>, <minium.miniprogram.base_driver.element.BaseElement object at 0x107884d70>, <minium.miniprogram.base_driver.element.BaseElement object at 0x107884e10>, <minium.miniprogram.base_driver.element.BaseElement object at 0x107884eb0>, <minium.miniprogram.base_driver.element.BaseElement object at 0x107884f50>, <minium.miniprogram.base_driver.element.BaseElement object at 0x107884ff0>, <minium.miniprogram.base_driver.element.BaseElement object at 0x107885090>, <minium.miniprogram.base_driver.element.BaseElement object at 0x107885130>, <minium.miniprogram.base_driver.element.BaseElement object at 0x1078851d0>, <minium.miniprogram.base_driver.element.BaseElement object at 0x107885270>, <minium.miniprogram.base_driver.element.BaseElement object at 0x107885310>, <minium.miniprogram.base_driver.element.BaseElement object at 0x1078853b0>, <minium.miniprogram.base_driver.element.BaseElement object at 0x107885450>, <minium.miniprogram.base_driver.element.BaseElement object at 0x1078854f0>, <minium.miniprogram.base_driver.element.BaseElement object at 0x107885590>, <minium.miniprogram.base_driver.element.BaseElement object at 0x107885630>, <minium.miniprogram.base_driver.element.BaseElement object at 0x1078856d0>, <minium.miniprogram.base_driver.element.BaseElement object at 0x107885770>, <minium.miniprogram.base_driver.element.BaseElement object at 0x107885810>, <minium.miniprogram.base_driver.element.BaseElement object at 0x1078858b0>, <minium.miniprogram.base_driver.element.BaseElement object at 0x107885950>, <minium.miniprogram.base_driver.element.BaseElement object at 0x1078859f0>, <minium.miniprogram.base_driver.element.BaseElement object at 0x107885a90>, <minium.miniprogram.base_driver.element.BaseElement object at 0x107885b30>, <minium.miniprogram.base_driver.element.BaseElement object at 0x107885bd0>, <minium.miniprogram.base_driver.element.BaseElement object at 0x107885c70>, <minium.miniprogram.base_driver.element.BaseElement object at 0x107885d10>, <minium.miniprogram.base_driver.element.BaseElement object at 0x107885db0>, <minium.miniprogram.base_driver.element.BaseElement object at 0x107885e50>, <minium.miniprogram.base_driver.element.BaseElement object at 0x107885ef0>, <minium.miniprogram.base_driver.element.BaseElement object at 0x107885f90>, <minium.miniprogram.base_driver.element.BaseElement object at 0x107886030>, <minium.miniprogram.base_driver.element.BaseElement object at 0x1078860d0>, <minium.miniprogram.base_driver.element.BaseElement object at 0x107886170>, <minium.miniprogram.base_driver.element.BaseElement object at 0x107886210>, <minium.miniprogram.base_driver.element.BaseElement object at 0x1078862b0>, <minium.miniprogram.base_driver.element.BaseElement object at 0x107886350>, <minium.miniprogram.base_driver.element.BaseElement object at 0x1078863f0>, <minium.miniprogram.base_driver.element.BaseElement object at 0x107886490>, <minium.miniprogram.base_driver.element.BaseElement object at 0x107886530>, <minium.miniprogram.base_driver.element.BaseElement object at 0x1078865d0>, <minium.miniprogram.base_driver.element.BaseElement object at 0x107886670>, <minium.miniprogram.base_driver.element.BaseElement object at 0x107886710>, <minium.miniprogram.base_driver.element.BaseElement object at 0x1078867b0>, <minium.miniprogram.base_driver.element.BaseElement object at 0x107886850>, <minium.miniprogram.base_driver.element.BaseElement object at 0x1078868f0>, <minium.miniprogram.base_driver.element.BaseElement object at 0x107886990>, <minium.miniprogram.base_driver.element.BaseElement object at 0x107886a30>, <minium.miniprogram.base_driver.element.BaseElement object at 0x107886ad0>, <minium.miniprogram.base_driver.element.BaseElement object at 0x107886b70>, <minium.miniprogram.base_driver.element.BaseElement object at 0x107886c10>, <minium.miniprogram.base_driver.element.BaseElement object at 0x107886cb0>, <minium.miniprogram.base_driver.element.BaseElement object at 0x107886d50>, <minium.miniprogram.base_driver.element.BaseElement object at 0x107886df0>, <minium.miniprogram.base_driver.element.BaseElement object at 0x107886e90>, <minium.miniprogram.base_driver.element.BaseElement object at 0x107886f30>, <minium.miniprogram.base_driver.element.BaseElement object at 0x107886fd0>, <minium.miniprogram.base_driver.element.BaseElement object at 0x107887070>, <minium.miniprogram.base_driver.element.BaseElement object at 0x107887110>, <minium.miniprogram.base_driver.element.BaseElement object at 0x1078871b0>, <minium.miniprogram.base_driver.element.BaseElement object at 0x107887250>, <minium.miniprogram.base_driver.element.BaseElement object at 0x1078872f0>, <minium.miniprogram.base_driver.element.BaseElement object at 0x107887390>, <minium.miniprogram.base_driver.element.BaseElement object at 0x107887430>, <minium.miniprogram.base_driver.element.BaseElement object at 0x1078874d0>, <minium.miniprogram.base_driver.element.BaseElement object at 0x107887570>, <minium.miniprogram.base_driver.element.BaseElement object at 0x107887610>, <minium.miniprogram.base_driver.element.BaseElement object at 0x1078876b0>, <minium.miniprogram.base_driver.element.BaseElement object at 0x107887750>, <minium.miniprogram.base_driver.element.BaseElement object at 0x1078877f0>, <minium.miniprogram.base_driver.element.BaseElement object at 0x107887890>, <minium.miniprogram.base_driver.element.BaseElement object at 0x107887930>, <minium.miniprogram.base_driver.element.BaseElement object at 0x1078879d0>, <minium.miniprogram.base_driver.element.BaseElement object at 0x107887a70>, <minium.miniprogram.base_driver.element.BaseElement object at 0x107887b10>, <minium.miniprogram.base_driver.element.BaseElement object at 0x107887bb0>, <minium.miniprogram.base_driver.element.BaseElement object at 0x107887c50>, <minium.miniprogram.base_driver.element.BaseElement object at 0x107887cf0>, <minium.miniprogram.base_driver.element.BaseElement object at 0x107887d90>, <minium.miniprogram.base_driver.element.BaseElement object at 0x107887e30>, <minium.miniprogram.base_driver.element.BaseElement object at 0x107887ed0>, <minium.miniprogram.base_driver.element.BaseElement object at 0x107887f70>, <minium.miniprogram.base_driver.element.BaseElement object at 0x107894050>, <minium.miniprogram.base_driver.element.BaseElement object at 0x1078940f0>, <minium.miniprogram.base_driver.element.BaseElement object at 0x107894190>, <minium.miniprogram.base_driver.element.BaseElement object at 0x107894230>, <minium.miniprogram.base_driver.element.BaseElement object at 0x1078942d0>, <minium.miniprogram.base_driver.element.BaseElement object at 0x107894370>, <minium.miniprogram.base_driver.element.BaseElement object at 0x107894410>, <minium.miniprogram.base_driver.element.BaseElement object at 0x1078944b0>, <minium.miniprogram.base_driver.element.BaseElement object at 0x107894550>, <minium.miniprogram.base_driver.element.BaseElement object at 0x1078945f0>, <minium.miniprogram.base_driver.element.BaseElement object at 0x107894690>, <minium.miniprogram.base_driver.element.BaseElement object at 0x107894730>, <minium.miniprogram.base_driver.element.BaseElement object at 0x1078947d0>, <minium.miniprogram.base_driver.element.BaseElement object at 0x107894870>, <minium.miniprogram.base_driver.element.BaseElement object at 0x107894910>, <minium.miniprogram.base_driver.element.BaseElement object at 0x1078949b0>, <minium.miniprogram.base_driver.element.BaseElement object at 0x107894a50>, <minium.miniprogram.base_driver.element.BaseElement object at 0x107894af0>, <minium.miniprogram.base_driver.element.BaseElement object at 0x107894b90>, <minium.miniprogram.base_driver.element.BaseElement object at 0x107894c30>, <minium.miniprogram.base_driver.element.BaseElement object at 0x107894cd0>, <minium.miniprogram.base_driver.element.BaseElement object at 0x107894d70>, <minium.miniprogram.base_driver.element.BaseElement object at 0x107894e10>, <minium.miniprogram.base_driver.element.BaseElement object at 0x107894eb0>, <minium.miniprogram.base_driver.element.BaseElement object at 0x107894f50>, <minium.miniprogram.base_driver.element.BaseElement object at 0x107894ff0>, <minium.miniprogram.base_driver.element.BaseElement object at 0x107895090>, <minium.miniprogram.base_driver.element.BaseElement object at 0x107895130>, <minium.miniprogram.base_driver.element.BaseElement object at 0x1078951d0>, <minium.miniprogram.base_driver.element.BaseElement object at 0x107895270>, <minium.miniprogram.base_driver.element.BaseElement object at 0x107895310>, <minium.miniprogram.base_driver.element.BaseElement object at 0x1078953b0>, <minium.miniprogram.base_driver.element.BaseElement object at 0x107895450>, <minium.miniprogram.base_driver.element.BaseElement object at 0x1078954f0>, <minium.miniprogram.base_driver.element.BaseElement object at 0x107895590>, <minium.miniprogram.base_driver.element.BaseElement object at 0x107895630>, <minium.miniprogram.base_driver.element.BaseElement object at 0x1078956d0>, <minium.miniprogram.base_driver.element.BaseElement object at 0x107895770>, <minium.miniprogram.base_driver.element.BaseElement object at 0x107895810>, <minium.miniprogram.base_driver.element.BaseElement object at 0x1078958b0>, <minium.miniprogram.base_driver.element.BaseElement object at 0x107895950>, <minium.miniprogram.base_driver.element.BaseElement object at 0x1078959f0>, <minium.miniprogram.base_driver.element.BaseElement object at 0x107895a90>, <minium.miniprogram.base_driver.element.BaseElement object at 0x107895b30>, <minium.miniprogram.base_driver.element.BaseElement object at 0x107895bd0>, <minium.miniprogram.base_driver.element.BaseElement object at 0x107895c70>, <minium.miniprogram.base_driver.element.BaseElement object at 0x107895d10>, <minium.miniprogram.base_driver.element.BaseElement object at 0x107895db0>, <minium.miniprogram.base_driver.element.BaseElement object at 0x107895e50>, <minium.miniprogram.base_driver.element.BaseElement object at 0x107895ef0>, <minium.miniprogram.base_driver.element.BaseElement object at 0x107895f90>, <minium.miniprogram.base_driver.element.BaseElement object at 0x107896030>, <minium.miniprogram.base_driver.element.BaseElement object at 0x1078960d0>, <minium.miniprogram.base_driver.element.BaseElement object at 0x107896170>, <minium.miniprogram.base_driver.element.BaseElement object at 0x107896210>, <minium.miniprogram.base_driver.element.BaseElement object at 0x1078962b0>, <minium.miniprogram.base_driver.element.BaseElement object at 0x107896350>, <minium.miniprogram.base_driver.element.BaseElement object at 0x1078963f0>, <minium.miniprogram.base_driver.element.BaseElement object at 0x107896490>]
[I 2026-06-02 16:15:39,191 minium wx_minium#893 _instantiate_app] new app instanst <minium.miniprogram.base_driver.app.App object at 0x1077f4050>, whether should relaunch: False
[I 2026-06-02 16:15:39,315 minium minitest#897 capture] capture assertGreater-success.png
[I 2026-06-02 16:15:39,462 minium wx_minium#608 _relaunch] end instantiate app, cost: 0.31252479553222656
[W 2026-06-02 16:17:09,326 minium.App7344 app#682 screen_shot] 截图指令响应失败, 可能因为开发者工具不在前台导致
[W 2026-06-02 16:17:09,327 minium minitest#929 capture] /Users/haha/greatMan/projects/wechat-mini/2026-04-26-family-party-games/outputs/20260602160529/test_05_verify_members/20260602161536454162/images/assertGreater-success.png not exists
[I 2026-06-02 16:17:09,327 minium minitest#796 _callTestMethod] end test method
[I 2026-06-02 16:17:09,328 minium minitest#897 capture] capture teardown.png
[W 2026-06-02 16:17:11,335 minium.App7344 app#682 screen_shot] 截图指令响应失败, 可能因为开发者工具不在前台导致
[W 2026-06-02 16:17:11,335 minium minitest#929 capture] /Users/haha/greatMan/projects/wechat-mini/2026-04-26-family-party-games/outputs/20260602160529/test_05_verify_members/20260602161536454162/images/teardown.png not exists
[I 2026-06-02 16:17:11,335 minium basenative#59 wrapper] call BaseNative.get_start_up
[I 2026-06-02 16:17:11,335 minium basenative#63 wrapper] call BaseNative.get_start_up end 
[I 2026-06-02 16:17:11,347 minium minitest#432 _miniSetUp] =========Current case: test_06_game_interface=========
[I 2026-06-02 16:17:11,347 minium minitest#435 _miniSetUp] package info: .Users.haha.greatMan.projects.wechat-mini.2026-04-26-family-party-games.tests.test_gesture_final, case info: GestureGuessTest.test_06_game_interface
[I 2026-06-02 16:17:11,347 minium basenative#59 wrapper] call BaseNative.check_connection
[I 2026-06-02 16:17:11,347 minium basenative#63 wrapper] call BaseNative.check_connection end True
[I 2026-06-02 16:17:11,348 minium minitest#897 capture] capture setup.png
[W 2026-06-02 16:17:13,354 minium.App7344 app#682 screen_shot] 截图指令响应失败, 可能因为开发者工具不在前台导致
[W 2026-06-02 16:17:13,354 minium minitest#929 capture] /Users/haha/greatMan/projects/wechat-mini/2026-04-26-family-party-games/outputs/20260602160529/test_06_game_interface/20260602161711345876/images/setup.png not exists
[I 2026-06-02 16:17:13,354 minium minitest#487 _miniSetUp] =========case: test_06_game_interface start=========
[I 2026-06-02 16:17:13,354 minium minitest#788 _callTestMethod] call test method
[I 2026-06-02 16:17:14,362 minium page#716 _get_elements_by_css] try to get elements: button
[I 2026-06-02 16:17:16,511 minium wx_minium#571 _app_initialized_callback] receive App.initialized
[I 2026-06-02 16:17:16,512 minium wx_minium#579 _relaunch] start instantiate app 6229995520
[E 2026-06-02 16:17:16,512 minium.Conn8176 connection#668 __on_message] [8e2131e4-41a1-4808-a9f2-ceabe3eb74a7]: page destroyed
[I 2026-06-02 16:17:16,525 minium page#716 _get_elements_by_css] try to get elements: button
[I 2026-06-02 16:17:16,528 minium.App7344 app#545 release] release app <minium.miniprogram.base_driver.app.App object at 0x1077f4050>
[I 2026-06-02 16:17:16,534 minium page#749 _get_elements_by_css] find elements success: [<minium.miniprogram.base_driver.element.BaseElement object at 0x1077a6a30>, <minium.miniprogram.base_driver.element.BaseElement object at 0x107867cf0>, <minium.miniprogram.base_driver.element.BaseElement object at 0x1078660d0>, <minium.miniprogram.base_driver.element.BaseElement object at 0x107866d50>, <minium.miniprogram.base_driver.element.BaseElement object at 0x1078677f0>, <minium.miniprogram.base_driver.element.BaseElement object at 0x107866cb0>, <minium.miniprogram.base_driver.element.BaseElement object at 0x107867ed0>, <minium.miniprogram.base_driver.element.BaseElement object at 0x107867a70>, <minium.miniprogram.base_driver.element.BaseElement object at 0x107867bb0>, <minium.miniprogram.base_driver.element.BaseElement object at 0x1078671b0>, <minium.miniprogram.base_driver.element.BaseElement object at 0x107867610>, <minium.miniprogram.base_driver.element.BaseElement object at 0x1078676b0>, <minium.miniprogram.base_driver.element.BaseElement object at 0x107867750>, <minium.miniprogram.base_driver.element.BaseElement object at 0x107867570>, <minium.miniprogram.base_driver.element.BaseElement object at 0x107867e30>, <minium.miniprogram.base_driver.element.BaseElement object at 0x107867250>, <minium.miniprogram.base_driver.element.BaseElement object at 0x1078672f0>, <minium.miniprogram.base_driver.element.BaseElement object at 0x107866ad0>, <minium.miniprogram.base_driver.element.BaseElement object at 0x1078674d0>, <minium.miniprogram.base_driver.element.BaseElement object at 0x107866fd0>, <minium.miniprogram.base_driver.element.BaseElement object at 0x107867390>, <minium.miniprogram.base_driver.element.BaseElement object at 0x107866f30>, <minium.miniprogram.base_driver.element.BaseElement object at 0x107865770>, <minium.miniprogram.base_driver.element.BaseElement object at 0x107866530>, <minium.miniprogram.base_driver.element.BaseElement object at 0x107864cd0>, <minium.miniprogram.base_driver.element.BaseElement object at 0x107866030>, <minium.miniprogram.base_driver.element.BaseElement object at 0x107865e50>, <minium.miniprogram.base_driver.element.BaseElement object at 0x107866a30>, <minium.miniprogram.base_driver.element.BaseElement object at 0x107865ef0>, <minium.miniprogram.base_driver.element.BaseElement object at 0x107865c70>]
[I 2026-06-02 16:17:16,540 minium minitest#897 capture] capture assertGreater-success.png
[I 2026-06-02 16:17:16,573 minium wx_minium#893 _instantiate_app] new app instanst <minium.miniprogram.base_driver.app.App object at 0x107713d90>, whether should relaunch: False
[I 2026-06-02 16:17:16,917 minium wx_minium#608 _relaunch] end instantiate app, cost: 0.4046800136566162
[W 2026-06-02 16:17:18,551 minium.App7344 app#682 screen_shot] 截图指令响应失败, 可能因为开发者工具不在前台导致
[W 2026-06-02 16:17:18,551 minium minitest#929 capture] /Users/haha/greatMan/projects/wechat-mini/2026-04-26-family-party-games/outputs/20260602160529/test_06_game_interface/20260602161711345876/images/assertGreater-success.png not exists
[I 2026-06-02 16:17:18,655 minium minitest#796 _callTestMethod] end test method
[I 2026-06-02 16:17:18,656 minium minitest#897 capture] capture teardown.png
[I 2026-06-02 16:17:54,251 minium basenative#59 wrapper] call BaseNative.get_start_up
[I 2026-06-02 16:17:54,251 minium basenative#63 wrapper] call BaseNative.get_start_up end 
[I 2026-06-02 16:17:54,256 minium minitest#432 _miniSetUp] =========Current case: test_07_performance=========
[I 2026-06-02 16:17:54,256 minium minitest#435 _miniSetUp] package info: .Users.haha.greatMan.projects.wechat-mini.2026-04-26-family-party-games.tests.test_gesture_final, case info: GestureGuessTest.test_07_performance
[I 2026-06-02 16:17:54,257 minium basenative#59 wrapper] call BaseNative.check_connection
[I 2026-06-02 16:17:54,257 minium basenative#63 wrapper] call BaseNative.check_connection end True
[I 2026-06-02 16:17:54,257 minium minitest#897 capture] capture setup.png
[I 2026-06-02 16:17:54,418 minium minitest#487 _miniSetUp] =========case: test_07_performance start=========
[I 2026-06-02 16:17:54,418 minium minitest#788 _callTestMethod] call test method
[I 2026-06-02 16:17:54,921 minium minitest#796 _callTestMethod] end test method
[I 2026-06-02 16:17:54,922 minium minitest#897 capture] capture teardown.png
[I 2026-06-02 16:17:55,957 minium basenative#59 wrapper] call BaseNative.get_start_up
[I 2026-06-02 16:17:55,957 minium basenative#63 wrapper] call BaseNative.get_start_up end 
[I 2026-06-02 16:17:55,986 minium minitest#432 _miniSetUp] =========Current case: test_08_network=========
[I 2026-06-02 16:17:55,986 minium minitest#435 _miniSetUp] package info: .Users.haha.greatMan.projects.wechat-mini.2026-04-26-family-party-games.tests.test_gesture_final, case info: GestureGuessTest.test_08_network
[I 2026-06-02 16:17:55,986 minium basenative#59 wrapper] call BaseNative.check_connection
[I 2026-06-02 16:17:55,986 minium basenative#63 wrapper] call BaseNative.check_connection end True
[I 2026-06-02 16:17:55,997 minium minitest#897 capture] capture setup.png
[I 2026-06-02 16:17:58,332 minium wx_minium#571 _app_initialized_callback] receive App.initialized
[I 2026-06-02 16:17:58,333 minium wx_minium#579 _relaunch] start instantiate app 6229995520
[I 2026-06-02 16:17:58,347 minium.App9136 app#545 release] release app <minium.miniprogram.base_driver.app.App object at 0x107713d90>
[I 2026-06-02 16:17:58,391 minium wx_minium#893 _instantiate_app] new app instanst <minium.miniprogram.base_driver.app.App object at 0x1077f4b90>, whether should relaunch: False
[I 2026-06-02 16:17:58,512 minium minitest#487 _miniSetUp] =========case: test_08_network start=========
[I 2026-06-02 16:17:58,512 minium minitest#788 _callTestMethod] call test method
[I 2026-06-02 16:17:58,512 minium minitest#796 _callTestMethod] end test method
[I 2026-06-02 16:17:58,515 minium minitest#897 capture] capture teardown.png
[I 2026-06-02 16:18:00,905 minium wx_minium#571 _app_initialized_callback] receive App.initialized
[I 2026-06-02 16:18:00,905 minium wx_minium#576 _relaunch] other thread relaunching app
[E 2026-06-02 16:19:28,402 minium wx_minium#606 _relaunch] [c38de14d-5b42-4a52-999a-8f63bee34342][call App.callWxMethod] receive from remote timeout
Traceback (most recent call last):
  File "/opt/anaconda3/lib/python3.13/site-packages/minium/miniprogram/wx_minium.py", line 604, in _relaunch
    self._inject()
    ~~~~~~~~~~~~^^
  File "/opt/anaconda3/lib/python3.13/site-packages/minium/miniprogram/wx_minium.py", line 359, in _inject
    self.app.call_wx_method("getSetting")
    ~~~~~~~~~~~~~~~~~~~~~~~^^^^^^^^^^^^^^
  File "/opt/anaconda3/lib/python3.13/site-packages/minium/miniprogram/base_driver/minium_log.py", line 148, in wrapper
    result = func(*args, **kwargs)
  File "/opt/anaconda3/lib/python3.13/site-packages/minium/miniprogram/base_driver/app.py", line 757, in call_wx_method
    return self._call_wx_method(method=method, args=args, plugin_appid=plugin_appid)
           ~~~~~~~~~~~~~~~~~~~~^^^^^^^^^^^^^^^^^^^^^^^^^^^^^^^^^^^^^^^^^^^^^^^^^^^^^
  File "/opt/anaconda3/lib/python3.13/site-packages/minium/miniprogram/base_driver/minium_object.py", line 162, in _call_wx_method
    return self.connection.send("App.callWxMethod", params)
           ~~~~~~~~~~~~~~~~~~~~^^^^^^^^^^^^^^^^^^^^^^^^^^^^
  File "/opt/anaconda3/lib/python3.13/site-packages/minium/miniprogram/base_driver/connection.py", line 457, in send
    return self._receive_response(cmd)
           ~~~~~~~~~~~~~~~~~~~~~~^^^^^
  File "/opt/anaconda3/lib/python3.13/site-packages/minium/miniprogram/base_driver/connection.py", line 501, in _receive_response
    raise MiniTimeoutError(
        f"[{cmd.id}][{cmd.desc}] receive from remote timeout"
    )
minium.framework.exception.MiniTimeoutError: [c38de14d-5b42-4a52-999a-8f63bee34342][call App.callWxMethod] receive from remote timeout
[I 2026-06-02 16:19:28,413 minium wx_minium#608 _relaunch] end instantiate app, cost: 90.07985401153564
[W 2026-06-02 16:19:28,520 minium.App0224 app#682 screen_shot] 截图指令响应失败, 可能因为开发者工具不在前台导致
[W 2026-06-02 16:19:28,520 minium minitest#929 capture] /Users/haha/greatMan/projects/wechat-mini/2026-04-26-family-party-games/outputs/20260602160529/test_08_network/20260602161755961476/images/teardown.png not exists
[I 2026-06-02 16:19:28,520 minium basenative#59 wrapper] call BaseNative.get_start_up
[I 2026-06-02 16:19:28,520 minium basenative#63 wrapper] call BaseNative.get_start_up end 
[I 2026-06-02 16:19:57,962 minium minitest#202 init_miniprogram] start init miniprogram
[I 2026-06-02 16:19:57,969 minium basenative#59 wrapper] call IdeNative.start_wechat
[I 2026-06-02 16:19:57,969 minium basenative#63 wrapper] call IdeNative.start_wechat end None
[I 2026-06-02 16:19:57,970 minium wx_minium#738 launch_dev_tool] Starting dev tool and launch MiniProgram project ...
[I 2026-06-02 16:19:57,971 minium minium_object#83 _do_shell] de shell: /Applications/wechatwebdevtools.app/Contents/MacOS/cli auto --project "/Users/haha/greatMan/projects/wechat-mini/2026-04-26-family-party-games" --auto-port 20034
[I 2026-06-02 16:20:02,564 minium minium_object#101 _do_shell] err:
- initialize

✔ IDE server has started, listening on http://127.0.0.1:23856
- preparing
- Fetching AppID () permissions
✔ Using AppID: wx73314ee6734cdfa0
✔ auto

[I 2026-06-02 16:20:02,565 minium minium_object#102 _do_shell] out:

[I 2026-06-02 16:20:07,570 minium wx_minium#835 connect_dev_tool] Trying to connect Dev tool ...
[I 2026-06-02 16:20:07,731 minium.Conn1136 connection#352 _connect] connect to WebChatTools successfully
[E 2026-06-02 16:21:00,278 minium.Conn1136 connection#642 _on_error] Connection to remote host was lost.
[W 2026-06-02 16:21:00,285 minium.Conn1136 connection#562 reconnect] connection reconnect
[I 2026-06-02 16:21:00,285 minium.Conn1136 connection#377 _ws_run_forever] websocket run forever shutdown
[I 2026-06-02 16:21:00,537 minium.Conn1136 connection#352 _connect] connect to WebChatTools successfully
[E 2026-06-02 16:21:40,736 minium wx_minium#848 connect_dev_tool] [72f74377-278f-4d1e-aef7-78c3fc037bad][call App.callWxMethod] command timeout cause by connection error: Connection to remote host was lost.
Traceback (most recent call last):
  File "/opt/anaconda3/lib/python3.13/site-packages/minium/miniprogram/wx_minium.py", line 841, in connect_dev_tool
    self._instantiate_app(not self.start_cmd or should_relaunch)
    ~~~~~~~~~~~~~~~~~~~~~^^^^^^^^^^^^^^^^^^^^^^^^^^^^^^^^^^^^^^^
  File "/opt/anaconda3/lib/python3.13/site-packages/minium/miniprogram/wx_minium.py", line 878, in _instantiate_app
    self._get_system_info()
    ~~~~~~~~~~~~~~~~~~~~~^^
  File "/opt/anaconda3/lib/python3.13/site-packages/minium/miniprogram/wx_minium.py", line 533, in _get_system_info
    system_info = self.get_system_info()
  File "/opt/anaconda3/lib/python3.13/site-packages/minium/miniprogram/base_driver/minium_log.py", line 148, in wrapper
    result = func(*args, **kwargs)
  File "/opt/anaconda3/lib/python3.13/site-packages/minium/miniprogram/wx_minium.py", line 909, in get_system_info
    self._call_wx_method("getSystemInfoSync")
    ~~~~~~~~~~~~~~~~~~~~^^^^^^^^^^^^^^^^^^^^^
  File "/opt/anaconda3/lib/python3.13/site-packages/minium/miniprogram/base_driver/minium_object.py", line 162, in _call_wx_method
    return self.connection.send("App.callWxMethod", params)
           ~~~~~~~~~~~~~~~~~~~~^^^^^^^^^^^^^^^^^^^^^^^^^^^^
  File "/opt/anaconda3/lib/python3.13/site-packages/minium/miniprogram/base_driver/connection.py", line 457, in send
    return self._receive_response(cmd)
           ~~~~~~~~~~~~~~~~~~~~~~^^^^^
  File "/opt/anaconda3/lib/python3.13/site-packages/minium/miniprogram/base_driver/connection.py", line 498, in _receive_response
    raise MiniTimeoutCauseByConnectionBreakError(
        f"[{cmd.id}][{cmd.desc}] command timeout cause by {cmd.reason}"
    )
minium.framework.exception.MiniTimeoutCauseByConnectionBreakError: [72f74377-278f-4d1e-aef7-78c3fc037bad][call App.callWxMethod] command timeout cause by connection error: Connection to remote host was lost.
[I 2026-06-02 16:21:40,791 minium wx_minium#835 connect_dev_tool] Trying to connect Dev tool ...
[I 2026-06-02 16:21:40,866 minium.Conn3008 connection#352 _connect] connect to WebChatTools successfully
[E 2026-06-02 16:21:40,866 minium.Conn1136 connection#739 destroy] 断开连接
[I 2026-06-02 16:21:46,067 minium wx_minium#893 _instantiate_app] new app instanst <minium.miniprogram.base_driver.app.App object at 0x10491d160>, whether should relaunch: False
[I 2026-06-02 16:21:46,067 minium basenative#59 wrapper] call IdeNative.send
[W 2026-06-02 16:21:46,069 minium idenative#77 _send] handle clickCoverView error: clickCoverView failed
[I 2026-06-02 16:21:46,069 minium basenative#63 wrapper] call IdeNative.send end False
[I 2026-06-02 16:21:46,933 minium minitest#218 init_miniprogram] end init miniprogram
[I 2026-06-02 16:21:46,936 minium minitest#432 _miniSetUp] =========Current case: test_01_homepage=========
[I 2026-06-02 16:21:46,936 minium minitest#435 _miniSetUp] package info: .Users.haha.greatMan.projects.wechat-mini.2026-04-26-family-party-games.tests.test_gesture_final, case info: GestureGuessTest.test_01_homepage
[I 2026-06-02 16:21:46,936 minium basenative#59 wrapper] call BaseNative.check_connection
[I 2026-06-02 16:21:46,936 minium basenative#63 wrapper] call BaseNative.check_connection end True
[I 2026-06-02 16:21:46,938 minium minitest#897 capture] capture setup.png
[I 2026-06-02 16:21:50,098 minium wx_minium#571 _app_initialized_callback] receive App.initialized
[I 2026-06-02 16:21:50,099 minium wx_minium#579 _relaunch] start instantiate app 6317486080
[I 2026-06-02 16:21:50,113 minium.App2480 app#545 release] release app <minium.miniprogram.base_driver.app.App object at 0x10491d160>
[I 2026-06-02 16:21:50,148 minium wx_minium#893 _instantiate_app] new app instanst <minium.miniprogram.base_driver.app.App object at 0x10488efd0>, whether should relaunch: False
[I 2026-06-02 16:21:50,429 minium wx_minium#608 _relaunch] end instantiate app, cost: 0.3299698829650879
[I 2026-06-02 16:21:50,544 minium.Conn1136 connection#377 _ws_run_forever] websocket run forever shutdown
[W 2026-06-02 16:23:16,944 minium.App2480 app#682 screen_shot] 截图指令响应失败, 可能因为开发者工具不在前台导致
[W 2026-06-02 16:23:16,945 minium minitest#929 capture] /Users/haha/greatMan/projects/wechat-mini/2026-04-26-family-party-games/outputs/20260602161957/test_01_homepage/20260602162146933664/images/setup.png not exists
[I 2026-06-02 16:23:16,946 minium minitest#487 _miniSetUp] =========case: test_01_homepage start=========
[I 2026-06-02 16:23:16,947 minium minitest#788 _callTestMethod] call test method
[I 2026-06-02 16:23:22,162 minium.App0448 app#950 relaunch] ReLaunch: /packageGames/gesture/gesture?config=%7B%22roomId%22%3A%20%2293eed62b6a1e92fa005f0ea702c64ed2%22%2C%20%22roomCode%22%3A%20%22135807%22%7D
[I 2026-06-02 16:23:23,422 minium.App0448 app#1226 _on_route_changed] Route changed, {'name': 'onAppRouteDone', 'args': [{'path': 'packageGames/gesture/gesture', 'query': {'config': '%257B%2522roomId%2522%253A%2520%252293eed62b6a1e92fa005f0ea702c64ed2%2522%252C%2520%2522roomCode%2522%253A%2520%2522135807%2522%257D'}, 'openType': 'reLaunch', 'timeStamp': 1780388603381, 'webviewId': 5, 'routeEventId': '5_1780388603283', 'renderer': 'webview'}, 1780388603382]}
[I 2026-06-02 16:23:23,422 minium.Conn3008 connection#704 _handle_async_msg] received async msg: 4753f035-ddb8-48cb-b367-1f22c82d57fb
[I 2026-06-02 16:23:26,426 minium page#716 _get_elements_by_css] try to get elements: button
[I 2026-06-02 16:23:26,439 minium page#749 _get_elements_by_css] find elements success: [<minium.miniprogram.base_driver.element.BaseElement object at 0x104843cb0>]
[I 2026-06-02 16:23:26,440 minium minitest#796 _callTestMethod] end test method
[I 2026-06-02 16:23:26,441 minium minitest#897 capture] capture teardown.png
[W 2026-06-02 16:24:56,442 minium.App0448 app#682 screen_shot] 截图指令响应失败, 可能因为开发者工具不在前台导致
[W 2026-06-02 16:24:56,443 minium minitest#929 capture] /Users/haha/greatMan/projects/wechat-mini/2026-04-26-family-party-games/outputs/20260602161957/test_01_homepage/20260602162146933664/images/teardown.png not exists
[I 2026-06-02 16:24:56,444 minium basenative#59 wrapper] call BaseNative.get_start_up
[I 2026-06-02 16:24:56,444 minium basenative#63 wrapper] call BaseNative.get_start_up end 
[I 2026-06-02 16:24:56,452 minium minitest#432 _miniSetUp] =========Current case: test_02_click_game=========
[I 2026-06-02 16:24:56,452 minium minitest#435 _miniSetUp] package info: .Users.haha.greatMan.projects.wechat-mini.2026-04-26-family-party-games.tests.test_gesture_final, case info: GestureGuessTest.test_02_click_game
[I 2026-06-02 16:24:56,453 minium basenative#59 wrapper] call BaseNative.check_connection
[I 2026-06-02 16:24:56,453 minium basenative#63 wrapper] call BaseNative.check_connection end True
[I 2026-06-02 16:24:56,453 minium minitest#897 capture] capture setup.png
[W 2026-06-02 16:24:58,453 minium.App0448 app#682 screen_shot] 截图指令响应失败, 可能因为开发者工具不在前台导致
[W 2026-06-02 16:24:58,454 minium minitest#929 capture] /Users/haha/greatMan/projects/wechat-mini/2026-04-26-family-party-games/outputs/20260602161957/test_02_click_game/20260602162456451743/images/setup.png not exists
[I 2026-06-02 16:24:58,454 minium minitest#487 _miniSetUp] =========case: test_02_click_game start=========
[I 2026-06-02 16:24:58,454 minium minitest#788 _callTestMethod] call test method
[I 2026-06-02 16:25:00,019 minium wx_minium#571 _app_initialized_callback] receive App.initialized
[I 2026-06-02 16:25:00,019 minium wx_minium#579 _relaunch] start instantiate app 6316912640
[I 2026-06-02 16:25:00,027 minium.App0448 app#545 release] release app <minium.miniprogram.base_driver.app.App object at 0x10488efd0>
[I 2026-06-02 16:25:00,055 minium wx_minium#893 _instantiate_app] new app instanst <minium.miniprogram.base_driver.app.App object at 0x10488f250>, whether should relaunch: False
[I 2026-06-02 16:25:00,378 minium wx_minium#608 _relaunch] end instantiate app, cost: 0.35923194885253906
[I 2026-06-02 16:25:01,614 minium.App1088 app#950 relaunch] ReLaunch: /packageGames/gesture/gesture?config=%7B%22roomId%22%3A%20%2293eed62b6a1e935d005f17c22f98149b%22%2C%20%22roomCode%22%3A%20%22638220%22%7D
[I 2026-06-02 16:25:02,530 minium.App1088 app#1226 _on_route_changed] Route changed, {'name': 'onAppRouteDone', 'args': [{'path': 'packageGames/gesture/gesture', 'query': {'config': '%257B%2522roomId%2522%253A%2520%252293eed62b6a1e935d005f17c22f98149b%2522%252C%2520%2522roomCode%2522%253A%2520%2522638220%2522%257D'}, 'openType': 'reLaunch', 'timeStamp': 1780388702527, 'webviewId': 6, 'routeEventId': '6_1780388702290', 'renderer': 'webview'}, 1780388702528]}
[I 2026-06-02 16:25:02,531 minium.Conn3008 connection#704 _handle_async_msg] received async msg: 32deb767-c01f-4500-8463-e5204a6f9706
[I 2026-06-02 16:25:05,533 minium minitest#796 _callTestMethod] end test method
[I 2026-06-02 16:25:05,534 minium minitest#897 capture] capture teardown.png
[W 2026-06-02 16:26:35,538 minium.App1088 app#682 screen_shot] 截图指令响应失败, 可能因为开发者工具不在前台导致
[W 2026-06-02 16:26:35,538 minium minitest#929 capture] /Users/haha/greatMan/projects/wechat-mini/2026-04-26-family-party-games/outputs/20260602161957/test_02_click_game/20260602162456451743/images/teardown.png not exists
[I 2026-06-02 16:26:35,539 minium basenative#59 wrapper] call BaseNative.get_start_up
[I 2026-06-02 16:26:35,539 minium basenative#63 wrapper] call BaseNative.get_start_up end 
[I 2026-06-02 16:26:35,544 minium minitest#432 _miniSetUp] =========Current case: test_03_create_room=========
[I 2026-06-02 16:26:35,544 minium minitest#435 _miniSetUp] package info: .Users.haha.greatMan.projects.wechat-mini.2026-04-26-family-party-games.tests.test_gesture_final, case info: GestureGuessTest.test_03_create_room
[I 2026-06-02 16:26:35,544 minium basenative#59 wrapper] call BaseNative.check_connection
[I 2026-06-02 16:26:35,544 minium basenative#63 wrapper] call BaseNative.check_connection end True
[I 2026-06-02 16:26:35,545 minium minitest#897 capture] capture setup.png
[W 2026-06-02 16:26:37,546 minium.App1088 app#682 screen_shot] 截图指令响应失败, 可能因为开发者工具不在前台导致
[W 2026-06-02 16:26:37,547 minium minitest#929 capture] /Users/haha/greatMan/projects/wechat-mini/2026-04-26-family-party-games/outputs/20260602161957/test_03_create_room/20260602162635543733/images/setup.png not exists
[I 2026-06-02 16:26:37,547 minium minitest#487 _miniSetUp] =========case: test_03_create_room start=========
[I 2026-06-02 16:26:37,547 minium minitest#788 _callTestMethod] call test method
[I 2026-06-02 16:26:41,002 minium minitest#796 _callTestMethod] end test method
[I 2026-06-02 16:26:41,012 minium minitest#897 capture] capture teardown.png
[I 2026-06-02 16:26:42,048 minium wx_minium#571 _app_initialized_callback] receive App.initialized
[I 2026-06-02 16:26:42,048 minium wx_minium#579 _relaunch] start instantiate app 6316912640
[I 2026-06-02 16:26:42,061 minium.App1088 app#545 release] release app <minium.miniprogram.base_driver.app.App object at 0x10488f250>
[I 2026-06-02 16:26:42,111 minium wx_minium#893 _instantiate_app] new app instanst <minium.miniprogram.base_driver.app.App object at 0x10488d1d0>, whether should relaunch: False
[I 2026-06-02 16:26:42,427 minium wx_minium#608 _relaunch] end instantiate app, cost: 0.3788447380065918
[W 2026-06-02 16:26:43,023 minium.App1088 app#682 screen_shot] 截图指令响应失败, 可能因为开发者工具不在前台导致
[W 2026-06-02 16:26:43,023 minium minitest#929 capture] /Users/haha/greatMan/projects/wechat-mini/2026-04-26-family-party-games/outputs/20260602161957/test_03_create_room/20260602162635543733/images/teardown.png not exists
[I 2026-06-02 16:26:43,024 minium basenative#59 wrapper] call BaseNative.get_start_up
[I 2026-06-02 16:26:43,024 minium basenative#63 wrapper] call BaseNative.get_start_up end 
[I 2026-06-02 16:26:43,049 minium minitest#432 _miniSetUp] =========Current case: test_04_verify_room_code=========
[I 2026-06-02 16:26:43,049 minium minitest#435 _miniSetUp] package info: .Users.haha.greatMan.projects.wechat-mini.2026-04-26-family-party-games.tests.test_gesture_final, case info: GestureGuessTest.test_04_verify_room_code
[I 2026-06-02 16:26:43,049 minium basenative#59 wrapper] call BaseNative.check_connection
[I 2026-06-02 16:26:43,049 minium basenative#63 wrapper] call BaseNative.check_connection end True
[I 2026-06-02 16:26:43,056 minium minitest#897 capture] capture setup.png
[I 2026-06-02 16:26:46,090 minium wx_minium#571 _app_initialized_callback] receive App.initialized
[I 2026-06-02 16:26:46,091 minium wx_minium#579 _relaunch] start instantiate app 6316912640
[I 2026-06-02 16:26:46,103 minium.App2768 app#545 release] release app <minium.miniprogram.base_driver.app.App object at 0x10488d1d0>
[I 2026-06-02 16:26:46,147 minium wx_minium#893 _instantiate_app] new app instanst <minium.miniprogram.base_driver.app.App object at 0x10488d6d0>, whether should relaunch: False
[I 2026-06-02 16:26:46,468 minium wx_minium#608 _relaunch] end instantiate app, cost: 0.37758684158325195
[W 2026-06-02 16:28:13,062 minium.App2768 app#682 screen_shot] 截图指令响应失败, 可能因为开发者工具不在前台导致
[W 2026-06-02 16:28:13,063 minium minitest#929 capture] /Users/haha/greatMan/projects/wechat-mini/2026-04-26-family-party-games/outputs/20260602161957/test_04_verify_room_code/20260602162643032308/images/setup.png not exists
[I 2026-06-02 16:28:13,063 minium minitest#487 _miniSetUp] =========case: test_04_verify_room_code start=========
[I 2026-06-02 16:28:13,064 minium minitest#788 _callTestMethod] call test method
[I 2026-06-02 16:28:14,070 minium page#716 _get_elements_by_css] try to get elements: text
[I 2026-06-02 16:28:14,101 minium page#749 _get_elements_by_css] find elements success: [<minium.miniprogram.base_driver.element.BaseElement object at 0x10488dd10>, <minium.miniprogram.base_driver.element.BaseElement object at 0x10488fed0>, <minium.miniprogram.base_driver.element.BaseElement object at 0x1049163f0>, <minium.miniprogram.base_driver.element.BaseElement object at 0x1049155b0>, <minium.miniprogram.base_driver.element.BaseElement object at 0x1048cf1d0>, <minium.miniprogram.base_driver.element.BaseElement object at 0x10496caf0>, <minium.miniprogram.base_driver.element.BaseElement object at 0x10496c160>, <minium.miniprogram.base_driver.element.BaseElement object at 0x1048b6750>, <minium.miniprogram.base_driver.element.BaseElement object at 0x1048b6850>, <minium.miniprogram.base_driver.element.BaseElement object at 0x1049896d0>, <minium.miniprogram.base_driver.element.BaseElement object at 0x104988aa0>, <minium.miniprogram.base_driver.element.BaseElement object at 0x1048c3af0>, <minium.miniprogram.base_driver.element.BaseElement object at 0x10497c670>, <minium.miniprogram.base_driver.element.BaseElement object at 0x1048ebc70>, <minium.miniprogram.base_driver.element.BaseElement object at 0x104905610>, <minium.miniprogram.base_driver.element.BaseElement object at 0x104905790>, <minium.miniprogram.base_driver.element.BaseElement object at 0x1046afee0>, <minium.miniprogram.base_driver.element.BaseElement object at 0x104984050>]
[I 2026-06-02 16:28:14,163 minium minitest#796 _callTestMethod] end test method
[I 2026-06-02 16:28:14,168 minium minitest#897 capture] capture teardown.png
[W 2026-06-02 16:29:44,170 minium.App4048 app#682 screen_shot] 截图指令响应失败, 可能因为开发者工具不在前台导致
[W 2026-06-02 16:29:44,171 minium minitest#929 capture] /Users/haha/greatMan/projects/wechat-mini/2026-04-26-family-party-games/outputs/20260602161957/test_04_verify_room_code/20260602162643032308/images/teardown.png not exists
[I 2026-06-02 16:29:44,171 minium basenative#59 wrapper] call BaseNative.get_start_up
[I 2026-06-02 16:29:44,171 minium basenative#63 wrapper] call BaseNative.get_start_up end 
[I 2026-06-02 16:29:44,193 minium minitest#432 _miniSetUp] =========Current case: test_05_verify_members=========
[I 2026-06-02 16:29:44,194 minium minitest#435 _miniSetUp] package info: .Users.haha.greatMan.projects.wechat-mini.2026-04-26-family-party-games.tests.test_gesture_final, case info: GestureGuessTest.test_05_verify_members
[I 2026-06-02 16:29:44,194 minium basenative#59 wrapper] call BaseNative.check_connection
[I 2026-06-02 16:29:44,194 minium basenative#63 wrapper] call BaseNative.check_connection end True
[I 2026-06-02 16:29:44,196 minium minitest#897 capture] capture setup.png
[W 2026-06-02 16:29:46,203 minium.App4048 app#682 screen_shot] 截图指令响应失败, 可能因为开发者工具不在前台导致
[W 2026-06-02 16:29:46,203 minium minitest#929 capture] /Users/haha/greatMan/projects/wechat-mini/2026-04-26-family-party-games/outputs/20260602161957/test_05_verify_members/20260602162944192901/images/setup.png not exists
[I 2026-06-02 16:29:46,203 minium minitest#487 _miniSetUp] =========case: test_05_verify_members start=========
[I 2026-06-02 16:29:46,204 minium minitest#788 _callTestMethod] call test method
[I 2026-06-02 16:29:46,204 minium page#716 _get_elements_by_css] try to get elements: view
[I 2026-06-02 16:29:47,075 minium wx_minium#571 _app_initialized_callback] receive App.initialized
[I 2026-06-02 16:29:47,075 minium wx_minium#579 _relaunch] start instantiate app 6316912640
[E 2026-06-02 16:29:47,077 minium.Conn3008 connection#668 __on_message] [aff1961e-0571-4205-a358-cdb0039f8143]: page destroyed
[I 2026-06-02 16:29:47,092 minium page#716 _get_elements_by_css] try to get elements: view
[I 2026-06-02 16:29:47,099 minium.App4048 app#545 release] release app <minium.miniprogram.base_driver.app.App object at 0x10488d6d0>
[I 2026-06-02 16:29:47,112 minium page#749 _get_elements_by_css] find elements success: [<minium.miniprogram.base_driver.element.BaseElement object at 0x1049a8cd0>, <minium.miniprogram.base_driver.element.BaseElement object at 0x1049a8050>, <minium.miniprogram.base_driver.element.BaseElement object at 0x1049a9f90>, <minium.miniprogram.base_driver.element.BaseElement object at 0x1049aa170>, <minium.miniprogram.base_driver.element.BaseElement object at 0x1049aa3f0>, <minium.miniprogram.base_driver.element.BaseElement object at 0x1049aa350>, <minium.miniprogram.base_driver.element.BaseElement object at 0x1049aa2b0>, <minium.miniprogram.base_driver.element.BaseElement object at 0x1049aa210>, <minium.miniprogram.base_driver.element.BaseElement object at 0x1049a9a90>, <minium.miniprogram.base_driver.element.BaseElement object at 0x1049aa490>, <minium.miniprogram.base_driver.element.BaseElement object at 0x1049aa530>, <minium.miniprogram.base_driver.element.BaseElement object at 0x1049aa5d0>, <minium.miniprogram.base_driver.element.BaseElement object at 0x1049aa670>, <minium.miniprogram.base_driver.element.BaseElement object at 0x1049aa710>, <minium.miniprogram.base_driver.element.BaseElement object at 0x1049aa7b0>, <minium.miniprogram.base_driver.element.BaseElement object at 0x1049aa850>, <minium.miniprogram.base_driver.element.BaseElement object at 0x1049aa8f0>, <minium.miniprogram.base_driver.element.BaseElement object at 0x1049aa990>, <minium.miniprogram.base_driver.element.BaseElement object at 0x1049aaa30>, <minium.miniprogram.base_driver.element.BaseElement object at 0x1049aaad0>, <minium.miniprogram.base_driver.element.BaseElement object at 0x1049aab70>, <minium.miniprogram.base_driver.element.BaseElement object at 0x1049aac10>, <minium.miniprogram.base_driver.element.BaseElement object at 0x1049aacb0>, <minium.miniprogram.base_driver.element.BaseElement object at 0x1049aad50>, <minium.miniprogram.base_driver.element.BaseElement object at 0x1049aadf0>, <minium.miniprogram.base_driver.element.BaseElement object at 0x1049aae90>, <minium.miniprogram.base_driver.element.BaseElement object at 0x1049aaf30>, <minium.miniprogram.base_driver.element.BaseElement object at 0x1049aafd0>, <minium.miniprogram.base_driver.element.BaseElement object at 0x1049ab070>, <minium.miniprogram.base_driver.element.BaseElement object at 0x1049ab110>, <minium.miniprogram.base_driver.element.BaseElement object at 0x1049ab1b0>, <minium.miniprogram.base_driver.element.BaseElement object at 0x1049ab250>, <minium.miniprogram.base_driver.element.BaseElement object at 0x1049ab2f0>, <minium.miniprogram.base_driver.element.BaseElement object at 0x1049ab390>, <minium.miniprogram.base_driver.element.BaseElement object at 0x1049ab430>, <minium.miniprogram.base_driver.element.BaseElement object at 0x1049ab4d0>, <minium.miniprogram.base_driver.element.BaseElement object at 0x1049ab570>, <minium.miniprogram.base_driver.element.BaseElement object at 0x1049ab610>, <minium.miniprogram.base_driver.element.BaseElement object at 0x1049ab6b0>, <minium.miniprogram.base_driver.element.BaseElement object at 0x1049ab750>, <minium.miniprogram.base_driver.element.BaseElement object at 0x1049ab7f0>, <minium.miniprogram.base_driver.element.BaseElement object at 0x1049ab890>, <minium.miniprogram.base_driver.element.BaseElement object at 0x1049ab930>, <minium.miniprogram.base_driver.element.BaseElement object at 0x1049ab9d0>, <minium.miniprogram.base_driver.element.BaseElement object at 0x1049aba70>, <minium.miniprogram.base_driver.element.BaseElement object at 0x1049abb10>, <minium.miniprogram.base_driver.element.BaseElement object at 0x1049abbb0>, <minium.miniprogram.base_driver.element.BaseElement object at 0x1049abc50>, <minium.miniprogram.base_driver.element.BaseElement object at 0x1049abcf0>, <minium.miniprogram.base_driver.element.BaseElement object at 0x1049abd90>, <minium.miniprogram.base_driver.element.BaseElement object at 0x1049abe30>, <minium.miniprogram.base_driver.element.BaseElement object at 0x1049abed0>, <minium.miniprogram.base_driver.element.BaseElement object at 0x1049abf70>, <minium.miniprogram.base_driver.element.BaseElement object at 0x1049c0050>, <minium.miniprogram.base_driver.element.BaseElement object at 0x1049c00f0>, <minium.miniprogram.base_driver.element.BaseElement object at 0x1049c0190>, <minium.miniprogram.base_driver.element.BaseElement object at 0x1049c0230>, <minium.miniprogram.base_driver.element.BaseElement object at 0x1049c02d0>, <minium.miniprogram.base_driver.element.BaseElement object at 0x1049c0370>, <minium.miniprogram.base_driver.element.BaseElement object at 0x1049c0410>, <minium.miniprogram.base_driver.element.BaseElement object at 0x1049c04b0>, <minium.miniprogram.base_driver.element.BaseElement object at 0x1049c0550>, <minium.miniprogram.base_driver.element.BaseElement object at 0x1049c05f0>, <minium.miniprogram.base_driver.element.BaseElement object at 0x1049c0690>, <minium.miniprogram.base_driver.element.BaseElement object at 0x1049c0730>, <minium.miniprogram.base_driver.element.BaseElement object at 0x1049c07d0>, <minium.miniprogram.base_driver.element.BaseElement object at 0x1049c0870>, <minium.miniprogram.base_driver.element.BaseElement object at 0x1049c0910>, <minium.miniprogram.base_driver.element.BaseElement object at 0x1049c09b0>, <minium.miniprogram.base_driver.element.BaseElement object at 0x1049c0a50>, <minium.miniprogram.base_driver.element.BaseElement object at 0x1049c0af0>, <minium.miniprogram.base_driver.element.BaseElement object at 0x1049c0b90>, <minium.miniprogram.base_driver.element.BaseElement object at 0x1049c0c30>, <minium.miniprogram.base_driver.element.BaseElement object at 0x1049c0cd0>, <minium.miniprogram.base_driver.element.BaseElement object at 0x1049c0d70>, <minium.miniprogram.base_driver.element.BaseElement object at 0x1049c0e10>, <minium.miniprogram.base_driver.element.BaseElement object at 0x1049c0eb0>, <minium.miniprogram.base_driver.element.BaseElement object at 0x1049c0f50>, <minium.miniprogram.base_driver.element.BaseElement object at 0x1049c0ff0>, <minium.miniprogram.base_driver.element.BaseElement object at 0x1049c1090>, <minium.miniprogram.base_driver.element.BaseElement object at 0x1049c1130>, <minium.miniprogram.base_driver.element.BaseElement object at 0x1049c11d0>, <minium.miniprogram.base_driver.element.BaseElement object at 0x1049c1270>, <minium.miniprogram.base_driver.element.BaseElement object at 0x1049c1310>, <minium.miniprogram.base_driver.element.BaseElement object at 0x1049c13b0>, <minium.miniprogram.base_driver.element.BaseElement object at 0x1049c1450>, <minium.miniprogram.base_driver.element.BaseElement object at 0x1049c14f0>, <minium.miniprogram.base_driver.element.BaseElement object at 0x1049c1590>, <minium.miniprogram.base_driver.element.BaseElement object at 0x1049c1630>, <minium.miniprogram.base_driver.element.BaseElement object at 0x1049c16d0>, <minium.miniprogram.base_driver.element.BaseElement object at 0x1049c1770>, <minium.miniprogram.base_driver.element.BaseElement object at 0x1049c1810>, <minium.miniprogram.base_driver.element.BaseElement object at 0x1049c18b0>, <minium.miniprogram.base_driver.element.BaseElement object at 0x1049c1950>, <minium.miniprogram.base_driver.element.BaseElement object at 0x1049c19f0>, <minium.miniprogram.base_driver.element.BaseElement object at 0x1049c1a90>, <minium.miniprogram.base_driver.element.BaseElement object at 0x1049c1b30>, <minium.miniprogram.base_driver.element.BaseElement object at 0x1049c1bd0>, <minium.miniprogram.base_driver.element.BaseElement object at 0x1049c1c70>, <minium.miniprogram.base_driver.element.BaseElement object at 0x1049c1d10>, <minium.miniprogram.base_driver.element.BaseElement object at 0x1049c1db0>, <minium.miniprogram.base_driver.element.BaseElement object at 0x1049c1e50>, <minium.miniprogram.base_driver.element.BaseElement object at 0x1049c1ef0>, <minium.miniprogram.base_driver.element.BaseElement object at 0x1049c1f90>, <minium.miniprogram.base_driver.element.BaseElement object at 0x1049c2030>, <minium.miniprogram.base_driver.element.BaseElement object at 0x1049c20d0>, <minium.miniprogram.base_driver.element.BaseElement object at 0x1049c2170>, <minium.miniprogram.base_driver.element.BaseElement object at 0x1049c2210>, <minium.miniprogram.base_driver.element.BaseElement object at 0x1049c22b0>, <minium.miniprogram.base_driver.element.BaseElement object at 0x1049c2350>, <minium.miniprogram.base_driver.element.BaseElement object at 0x1049c23f0>, <minium.miniprogram.base_driver.element.BaseElement object at 0x1049c2490>, <minium.miniprogram.base_driver.element.BaseElement object at 0x1049c2530>, <minium.miniprogram.base_driver.element.BaseElement object at 0x1049c25d0>, <minium.miniprogram.base_driver.element.BaseElement object at 0x1049c2670>, <minium.miniprogram.base_driver.element.BaseElement object at 0x1049c2710>, <minium.miniprogram.base_driver.element.BaseElement object at 0x1049c27b0>, <minium.miniprogram.base_driver.element.BaseElement object at 0x1049c2850>, <minium.miniprogram.base_driver.element.BaseElement object at 0x1049c28f0>, <minium.miniprogram.base_driver.element.BaseElement object at 0x1049c2990>, <minium.miniprogram.base_driver.element.BaseElement object at 0x1049c2a30>, <minium.miniprogram.base_driver.element.BaseElement object at 0x1049c2ad0>, <minium.miniprogram.base_driver.element.BaseElement object at 0x1049c2b70>, <minium.miniprogram.base_driver.element.BaseElement object at 0x1049c2c10>, <minium.miniprogram.base_driver.element.BaseElement object at 0x1049c2cb0>, <minium.miniprogram.base_driver.element.BaseElement object at 0x1049c2d50>, <minium.miniprogram.base_driver.element.BaseElement object at 0x1049c2df0>, <minium.miniprogram.base_driver.element.BaseElement object at 0x1049c2e90>, <minium.miniprogram.base_driver.element.BaseElement object at 0x1049c2f30>, <minium.miniprogram.base_driver.element.BaseElement object at 0x1049c2fd0>, <minium.miniprogram.base_driver.element.BaseElement object at 0x1049c3070>, <minium.miniprogram.base_driver.element.BaseElement object at 0x1049c3110>, <minium.miniprogram.base_driver.element.BaseElement object at 0x1049c31b0>, <minium.miniprogram.base_driver.element.BaseElement object at 0x1049c3250>, <minium.miniprogram.base_driver.element.BaseElement object at 0x1049c32f0>, <minium.miniprogram.base_driver.element.BaseElement object at 0x1049c3390>, <minium.miniprogram.base_driver.element.BaseElement object at 0x1049c3430>, <minium.miniprogram.base_driver.element.BaseElement object at 0x1049c34d0>, <minium.miniprogram.base_driver.element.BaseElement object at 0x1049c3570>, <minium.miniprogram.base_driver.element.BaseElement object at 0x1049c3610>, <minium.miniprogram.base_driver.element.BaseElement object at 0x1049c36b0>, <minium.miniprogram.base_driver.element.BaseElement object at 0x1049c3750>, <minium.miniprogram.base_driver.element.BaseElement object at 0x1049c37f0>, <minium.miniprogram.base_driver.element.BaseElement object at 0x1049c3890>, <minium.miniprogram.base_driver.element.BaseElement object at 0x1049c3930>, <minium.miniprogram.base_driver.element.BaseElement object at 0x1049c39d0>, <minium.miniprogram.base_driver.element.BaseElement object at 0x1049c3a70>, <minium.miniprogram.base_driver.element.BaseElement object at 0x1049c3b10>, <minium.miniprogram.base_driver.element.BaseElement object at 0x1049c3bb0>, <minium.miniprogram.base_driver.element.BaseElement object at 0x1049c3c50>, <minium.miniprogram.base_driver.element.BaseElement object at 0x1049c3cf0>, <minium.miniprogram.base_driver.element.BaseElement object at 0x1049c3d90>, <minium.miniprogram.base_driver.element.BaseElement object at 0x1049c3e30>, <minium.miniprogram.base_driver.element.BaseElement object at 0x1049c3ed0>, <minium.miniprogram.base_driver.element.BaseElement object at 0x1049c3f70>, <minium.miniprogram.base_driver.element.BaseElement object at 0x1049c8050>, <minium.miniprogram.base_driver.element.BaseElement object at 0x1049c80f0>, <minium.miniprogram.base_driver.element.BaseElement object at 0x1049c8190>, <minium.miniprogram.base_driver.element.BaseElement object at 0x1049c8230>, <minium.miniprogram.base_driver.element.BaseElement object at 0x1049c82d0>, <minium.miniprogram.base_driver.element.BaseElement object at 0x1049c8370>, <minium.miniprogram.base_driver.element.BaseElement object at 0x1049c8410>, <minium.miniprogram.base_driver.element.BaseElement object at 0x1049c84b0>, <minium.miniprogram.base_driver.element.BaseElement object at 0x1049c8550>, <minium.miniprogram.base_driver.element.BaseElement object at 0x1049c85f0>]
[I 2026-06-02 16:29:47,133 minium wx_minium#893 _instantiate_app] new app instanst <minium.miniprogram.base_driver.app.App object at 0x10488ed50>, whether should relaunch: False
[I 2026-06-02 16:29:47,169 minium minitest#897 capture] capture assertGreater-success.png
[I 2026-06-02 16:29:47,446 minium wx_minium#608 _relaunch] end instantiate app, cost: 0.3705897331237793
[W 2026-06-02 16:31:17,171 minium.App9808 app#682 screen_shot] 截图指令响应失败, 可能因为开发者工具不在前台导致
[W 2026-06-02 16:31:17,173 minium minitest#929 capture] /Users/haha/greatMan/projects/wechat-mini/2026-04-26-family-party-games/outputs/20260602161957/test_05_verify_members/20260602162944192901/images/assertGreater-success.png not exists
[I 2026-06-02 16:31:17,173 minium minitest#796 _callTestMethod] end test method
[I 2026-06-02 16:31:17,174 minium minitest#897 capture] capture teardown.png
[W 2026-06-02 16:31:19,179 minium.App9808 app#682 screen_shot] 截图指令响应失败, 可能因为开发者工具不在前台导致
[W 2026-06-02 16:31:19,180 minium minitest#929 capture] /Users/haha/greatMan/projects/wechat-mini/2026-04-26-family-party-games/outputs/20260602161957/test_05_verify_members/20260602162944192901/images/teardown.png not exists
[I 2026-06-02 16:31:19,180 minium basenative#59 wrapper] call BaseNative.get_start_up
[I 2026-06-02 16:31:19,180 minium basenative#63 wrapper] call BaseNative.get_start_up end 
[I 2026-06-02 16:31:19,254 minium minitest#432 _miniSetUp] =========Current case: test_06_game_interface=========
[I 2026-06-02 16:31:19,255 minium minitest#435 _miniSetUp] package info: .Users.haha.greatMan.projects.wechat-mini.2026-04-26-family-party-games.tests.test_gesture_final, case info: GestureGuessTest.test_06_game_interface
[I 2026-06-02 16:31:19,255 minium basenative#59 wrapper] call BaseNative.check_connection
[I 2026-06-02 16:31:19,255 minium basenative#63 wrapper] call BaseNative.check_connection end True
[I 2026-06-02 16:31:19,260 minium minitest#897 capture] capture setup.png
[W 2026-06-02 16:31:21,262 minium.App9808 app#682 screen_shot] 截图指令响应失败, 可能因为开发者工具不在前台导致
[W 2026-06-02 16:31:21,262 minium minitest#929 capture] /Users/haha/greatMan/projects/wechat-mini/2026-04-26-family-party-games/outputs/20260602161957/test_06_game_interface/20260602163119244753/images/setup.png not exists
[I 2026-06-02 16:31:21,262 minium minitest#487 _miniSetUp] =========case: test_06_game_interface start=========
[I 2026-06-02 16:31:21,262 minium minitest#788 _callTestMethod] call test method
[I 2026-06-02 16:31:22,273 minium page#716 _get_elements_by_css] try to get elements: button
[I 2026-06-02 16:31:23,064 minium wx_minium#571 _app_initialized_callback] receive App.initialized
[I 2026-06-02 16:31:23,065 minium wx_minium#579 _relaunch] start instantiate app 6316912640
[E 2026-06-02 16:31:23,065 minium.Conn3008 connection#668 __on_message] [b226acf5-a064-48f0-853d-6707d152f8a4]: page destroyed
[I 2026-06-02 16:31:23,075 minium page#716 _get_elements_by_css] try to get elements: button
[I 2026-06-02 16:31:23,077 minium.App9808 app#545 release] release app <minium.miniprogram.base_driver.app.App object at 0x10488ed50>
[I 2026-06-02 16:31:23,082 minium page#749 _get_elements_by_css] find elements success: [<minium.miniprogram.base_driver.element.BaseElement object at 0x10496a170>, <minium.miniprogram.base_driver.element.BaseElement object at 0x1049c8690>, <minium.miniprogram.base_driver.element.BaseElement object at 0x1049ca670>, <minium.miniprogram.base_driver.element.BaseElement object at 0x1049c8730>, <minium.miniprogram.base_driver.element.BaseElement object at 0x1049ca8f0>, <minium.miniprogram.base_driver.element.BaseElement object at 0x1049ca850>, <minium.miniprogram.base_driver.element.BaseElement object at 0x1049caad0>, <minium.miniprogram.base_driver.element.BaseElement object at 0x1049ca990>, <minium.miniprogram.base_driver.element.BaseElement object at 0x1049caa30>, <minium.miniprogram.base_driver.element.BaseElement object at 0x1049ca7b0>, <minium.miniprogram.base_driver.element.BaseElement object at 0x1049cab70>, <minium.miniprogram.base_driver.element.BaseElement object at 0x1049cac10>, <minium.miniprogram.base_driver.element.BaseElement object at 0x1049cacb0>, <minium.miniprogram.base_driver.element.BaseElement object at 0x1049cad50>, <minium.miniprogram.base_driver.element.BaseElement object at 0x1049cadf0>, <minium.miniprogram.base_driver.element.BaseElement object at 0x1049cae90>, <minium.miniprogram.base_driver.element.BaseElement object at 0x1049caf30>, <minium.miniprogram.base_driver.element.BaseElement object at 0x1049cafd0>, <minium.miniprogram.base_driver.element.BaseElement object at 0x1049cb070>, <minium.miniprogram.base_driver.element.BaseElement object at 0x1049cb110>, <minium.miniprogram.base_driver.element.BaseElement object at 0x1049cb1b0>, <minium.miniprogram.base_driver.element.BaseElement object at 0x1049cb250>, <minium.miniprogram.base_driver.element.BaseElement object at 0x1049cb2f0>, <minium.miniprogram.base_driver.element.BaseElement object at 0x1049cb390>, <minium.miniprogram.base_driver.element.BaseElement object at 0x1049cb430>, <minium.miniprogram.base_driver.element.BaseElement object at 0x1049cb4d0>, <minium.miniprogram.base_driver.element.BaseElement object at 0x1049cb570>, <minium.miniprogram.base_driver.element.BaseElement object at 0x1049cb610>, <minium.miniprogram.base_driver.element.BaseElement object at 0x1049cb6b0>, <minium.miniprogram.base_driver.element.BaseElement object at 0x1049cb750>]
[I 2026-06-02 16:31:23,083 minium minitest#897 capture] capture assertGreater-success.png
[I 2026-06-02 16:31:23,121 minium wx_minium#893 _instantiate_app] new app instanst <minium.miniprogram.base_driver.app.App object at 0x104974b90>, whether should relaunch: False
[I 2026-06-02 16:31:23,447 minium wx_minium#608 _relaunch] end instantiate app, cost: 0.38131093978881836
[W 2026-06-02 16:31:25,094 minium.App9808 app#682 screen_shot] 截图指令响应失败, 可能因为开发者工具不在前台导致
[W 2026-06-02 16:31:25,094 minium minitest#929 capture] /Users/haha/greatMan/projects/wechat-mini/2026-04-26-family-party-games/outputs/20260602161957/test_06_game_interface/20260602163119244753/images/assertGreater-success.png not exists
[I 2026-06-02 16:31:25,260 minium minitest#796 _callTestMethod] end test method
[I 2026-06-02 16:31:25,261 minium minitest#897 capture] capture teardown.png
[W 2026-06-02 16:32:55,268 minium.App1440 app#682 screen_shot] 截图指令响应失败, 可能因为开发者工具不在前台导致
[W 2026-06-02 16:32:55,269 minium minitest#929 capture] /Users/haha/greatMan/projects/wechat-mini/2026-04-26-family-party-games/outputs/20260602161957/test_06_game_interface/20260602163119244753/images/teardown.png not exists
[I 2026-06-02 16:32:55,269 minium basenative#59 wrapper] call BaseNative.get_start_up
[I 2026-06-02 16:32:55,270 minium basenative#63 wrapper] call BaseNative.get_start_up end 
[I 2026-06-02 16:32:55,285 minium minitest#432 _miniSetUp] =========Current case: test_07_performance=========
[I 2026-06-02 16:32:55,285 minium minitest#435 _miniSetUp] package info: .Users.haha.greatMan.projects.wechat-mini.2026-04-26-family-party-games.tests.test_gesture_final, case info: GestureGuessTest.test_07_performance
[I 2026-06-02 16:32:55,285 minium basenative#59 wrapper] call BaseNative.check_connection
[I 2026-06-02 16:32:55,285 minium basenative#63 wrapper] call BaseNative.check_connection end True
[I 2026-06-02 16:32:55,286 minium minitest#897 capture] capture setup.png
[W 2026-06-02 16:32:57,294 minium.App1440 app#682 screen_shot] 截图指令响应失败, 可能因为开发者工具不在前台导致
[W 2026-06-02 16:32:57,294 minium minitest#929 capture] /Users/haha/greatMan/projects/wechat-mini/2026-04-26-family-party-games/outputs/20260602161957/test_07_performance/20260602163255283993/images/setup.png not exists
[I 2026-06-02 16:32:57,294 minium minitest#487 _miniSetUp] =========case: test_07_performance start=========
[I 2026-06-02 16:32:57,294 minium minitest#788 _callTestMethod] call test method
[I 2026-06-02 16:32:57,809 minium minitest#796 _callTestMethod] end test method
[I 2026-06-02 16:32:57,811 minium minitest#897 capture] capture teardown.png
[W 2026-06-02 16:32:59,816 minium.App1440 app#682 screen_shot] 截图指令响应失败, 可能因为开发者工具不在前台导致
[W 2026-06-02 16:32:59,816 minium minitest#929 capture] /Users/haha/greatMan/projects/wechat-mini/2026-04-26-family-party-games/outputs/20260602161957/test_07_performance/20260602163255283993/images/teardown.png not exists
[I 2026-06-02 16:32:59,816 minium basenative#59 wrapper] call BaseNative.get_start_up
[I 2026-06-02 16:32:59,816 minium basenative#63 wrapper] call BaseNative.get_start_up end 
[I 2026-06-02 16:32:59,832 minium minitest#432 _miniSetUp] =========Current case: test_08_network=========
[I 2026-06-02 16:32:59,832 minium minitest#435 _miniSetUp] package info: .Users.haha.greatMan.projects.wechat-mini.2026-04-26-family-party-games.tests.test_gesture_final, case info: GestureGuessTest.test_08_network
[I 2026-06-02 16:32:59,832 minium basenative#59 wrapper] call BaseNative.check_connection
[I 2026-06-02 16:32:59,833 minium basenative#63 wrapper] call BaseNative.check_connection end True
[I 2026-06-02 16:32:59,833 minium minitest#897 capture] capture setup.png
[W 2026-06-02 16:33:01,843 minium.App1440 app#682 screen_shot] 截图指令响应失败, 可能因为开发者工具不在前台导致
[W 2026-06-02 16:33:01,844 minium minitest#929 capture] /Users/haha/greatMan/projects/wechat-mini/2026-04-26-family-party-games/outputs/20260602161957/test_08_network/20260602163259831574/images/setup.png not exists
[I 2026-06-02 16:33:01,844 minium minitest#487 _miniSetUp] =========case: test_08_network start=========
[I 2026-06-02 16:33:01,844 minium minitest#788 _callTestMethod] call test method
[I 2026-06-02 16:33:01,844 minium minitest#796 _callTestMethod] end test method
[I 2026-06-02 16:33:01,845 minium minitest#897 capture] capture teardown.png
[I 2026-06-02 16:33:03,140 minium wx_minium#571 _app_initialized_callback] receive App.initialized
[I 2026-06-02 16:33:03,141 minium wx_minium#579 _relaunch] start instantiate app 6299512832
[I 2026-06-02 16:33:03,163 minium.App1440 app#545 release] release app <minium.miniprogram.base_driver.app.App object at 0x104974b90>
[I 2026-06-02 16:33:03,187 minium wx_minium#893 _instantiate_app] new app instanst <minium.miniprogram.base_driver.app.App object at 0x10488de50>, whether should relaunch: False
[I 2026-06-02 16:33:03,508 minium wx_minium#608 _relaunch] end instantiate app, cost: 0.366455078125
[W 2026-06-02 16:33:03,856 minium.App1440 app#682 screen_shot] 截图指令响应失败, 可能因为开发者工具不在前台导致
[W 2026-06-02 16:33:03,856 minium minitest#929 capture] /Users/haha/greatMan/projects/wechat-mini/2026-04-26-family-party-games/outputs/20260602161957/test_08_network/20260602163259831574/images/teardown.png not exists
[I 2026-06-02 16:33:03,856 minium basenative#59 wrapper] call BaseNative.get_start_up
[I 2026-06-02 16:33:03,856 minium basenative#63 wrapper] call BaseNative.get_start_up end 
