date,open,high,low,close,volume,amount,turn,pctChg
2010-01-04,7.4380824000,7.5089212800,7.1344872000,7.2255657600,7964791,114499107.6700,1.669248,-2.658500
2010-01-05,7.2103860000,7.2356856000,6.9270304800,7.1091876000,8872761,123492020.3000,1.859539,-1.610600
2010-01-06,7.0788280800,7.0788280800,6.8308920000,6.9169106400,10438128,142477233.1200,2.187606,-2.704600
2010-01-07,6.9270304800,6.9422102400,6.7600531200,6.7853527200,7019645,94577002.7200,1.471166,-1.902000
2010-01-08,6.7347535200,6.9017308800,6.7347535200,6.8308920000,7151199,96308474.5500,1.498737,0.671100
2010-01-11,6.8308920000,6.9320904000,6.7246336800,6.9320904000,7830382,105892686.9200,1.641079,1.481500
2010-01-12,6.9270304800,7.1091876000,6.9270304800,7.1091876000,5428047,75325095.5100,1.137601,2.554700
2010-01-13,6.9877495200,7.2407455200,6.9573900000,7.1850864000,8027846,113422699.9400,1.682463,1.067600
2010-01-14,7.1749665600,7.4836216800,7.0737681600,7.4583220800,8458807,122387664.9600,1.772783,3.802800
2010-01-15,7.4482022400,7.5544605600,7.3115844000,7.5038613600,6495661,95545638.6100,1.361350,0.610600
2010-01-18,7.4886816000,7.9288946400,7.4380824000,7.8175764000,9374277,143789848.0300,1.964646,4.180700
2010-01-19,7.8428760000,8.2932088800,7.7416776000,8.1363513600,11574887,184107611.7100,2.425846,4.077700
2010-01-20,8.0958720000,8.0958720000,7.5342208800,7.5898800000,8411245,130953091.6700,1.762815,-6.716400
2010-01-21,7.6303593600,7.7315577600,7.4178427200,7.6252994400,5042889,75756887.5700,1.056880,0.466700
2010-01-22,7.5392808000,7.6809585600,7.1850864000,7.2862848000,5933340,87056954.4800,1.243500,-4.445900
2010-01-25,7.2862848000,7.2862848000,7.2862848000,7.2862848000,0,0.0000,,0.000000
2010-01-26,7.2559252800,7.4380824000,7.0990677600,7.1901463200,6372386,91552996.9800,1.335514,-1.319400
2010-01-27,7.1800264800,7.2862848000,7.0383487200,7.0383487200,3869875,54439094.8400,0.811042,-2.111200
2010-01-28,7.0181090400,7.3318240800,6.9725697600,7.3318240800,6238108,88093359.2600,1.307372,4.169700
2010-01-29,7.3419439200,7.5645804000,7.2559252800,7.5392808000,5299890,78077491.2600,1.110742,2.829500
2010-02-01,7.5898800000,7.7922768000,7.3925431200,7.7011982400,6359944,95505851.5300,1.332907,2.147700
2010-02-02,7.6910784000,7.8681756000,7.4279625600,7.4988014400,5518213,84205448.5700,1.156498,-2.628100
2010-02-03,7.4684419200,7.6657788000,7.1446070400,7.5190411200,4757845,69805856.2100,0.997141,0.269900
2010-02-04,7.4735018400,7.7922768000,7.4178427200,7.6961383200,6151454,92946834.6300,1.289212,2.355300
2010-02-05,7.5747002400,7.9137148800,7.4988014400,7.8428760000,8078358,124174007.1100,1.693049,1.906600
2010-02-08,7.8378160800,8.0503327200,7.6708387200,7.8428760000,6556945,102328876.5000,1.374194,0.000000
2010-02-09,7.7366176800,7.9845537600,7.6961383200,7.8226363200,3665213,57005140.2900,0.768149,-0.258100
2010-02-10,7.8276962400,8.0806922400,7.5898800000,8.0705724000,7507980,117143373.0300,1.573510,3.169500
2010-02-11,8.0705724000,8.1768307200,7.9592541600,8.1211716000,5291968,84401876.0800,1.109082,0.627000
2010-02-12,8.1262315200,8.2021303200,8.0452728000,8.1009319200,5266159,84651272.5200,1.103673,-0.249200
2010-02-22,8.0756323200,8.1262315200,7.7973367200,7.8074565600,2250571,35151191.7700,0.471671,-3.622700
2010-02-23,7.7973367200,7.8327561600,7.4633820000,7.5898800000,3185975,47880680.7700,0.667711,-2.786800
2010-02-24,7.5645804000,8.1768307200,7.4988014400,7.9946736000,4266833,66525169.3400,0.894236,5.333300
2010-02-25,7.9946736000,8.0857521600,7.9693740000,8.0452728000,4277552,67735710.6300,0.896482,0.632900
2010-02-26,8.0402128800,8.1818906400,7.9845537600,8.1211716000,3709976,59181373.5600,0.777531,0.943400
2010-03-01,8.2071902400,8.2830890400,7.9946736000,8.0250331200,3304845,53164230.2900,0.692624,-1.183800
2010-03-02,8.0250331200,8.0908120800,7.8631156800,7.8631156800,2588783,40529846.9800,0.542553,-2.017700
2010-03-03,7.8529958400,7.9339545600,7.8276962400,7.9238347200,2426423,37799826.4200,0.508526,0.772200
2010-03-04,7.9288946400,7.9592541600,7.7163780000,7.7163780000,2572936,39686236.2000,0.539232,-2.618100
2010-03-05,7.6303593600,7.8175764000,7.6303593600,7.7467375200,1699931,25937725.7800,0.356269,0.393400
2010-03-08,7.7922768000,7.9339545600,7.7821569600,7.7922768000,1023944,15880326.0700,0.214597,0.587900
2010-03-09,7.8175764000,7.8175764000,7.6657788000,7.7517974400,1228531,18714694.5200,0.257474,-0.519500
2010-03-10,7.7517974400,7.7568573600,7.4583220800,7.5190411200,3410273,51045326.4000,0.714719,-3.002600
2010-03-11,7.5139812000,7.6101196800,7.3925431200,7.4583220800,2044866,30224155.1700,0.428560,-0.807500
2010-03-12,7.4684419200,7.6303593600,7.4684419200,7.5139812000,1326998,19808780.5400,0.278110,0.746300
2010-03-15,7.5139812000,7.6202395200,7.1850864000,7.2306256800,3021106,43969623.6300,0.633158,-3.771000
2010-03-16,7.2205058400,7.2609852000,7.0231689600,7.1648467200,2370133,33395144.2200,0.496729,-0.909700
2010-03-17,7.2761649600,7.5747002400,7.1749665600,7.5139812000,2983624,43600255.1900,0.625303,4.872900
2010-03-18,7.5241010400,7.5645804000,7.3571236800,7.4380824000,1581418,23239907.5800,0.331431,-1.010100
2010-03-19,7.4431423200,7.4532621600,7.3621836000,7.4026629600,1247830,18235565.3300,0.261518,-0.476200
2010-03-22,7.3874832000,7.4937415200,7.3115844000,7.4482022400,1509879,22095671.4900,0.316438,0.615200
2010-03-23,7.4482022400,7.5241010400,7.3470038400,7.4785617600,1855842,27307336.9100,0.388944,0.407600
2010-03-24,7.4532621600,7.5392808000,7.4229026400,7.4785617600,1514038,22442680.1900,0.317310,0.000000
2010-03-25,7.5139812000,7.5139812000,7.1648467200,7.2205058400,2676945,38455440.6900,0.561030,-3.450600
2010-03-26,7.2053260800,7.3976030400,7.1800264800,7.3115844000,1549732,22420032.1200,0.324790,1.261400
2010-03-29,7.3368840000,7.4633820000,7.2559252800,7.4431423200,3218353,46687213.7300,0.674497,1.799300
2010-03-30,7.4380824000,7.6202395200,7.3166443200,7.5797601600,3893124,57717680.9200,0.815915,1.835500
2010-03-31,7.5898800000,7.7669772000,7.5241010400,7.7011982400,3665422,55799081.0400,0.768193,1.602100
2010-04-01,7.7011982400,7.7922768000,7.6252994400,7.6607188800,2562018,38951080.4500,0.536944,-0.525600
2010-04-02,7.6708387200,7.8428760000,7.5544605600,7.8428760000,4164704,63522955.1200,0.872832,2.377800
2010-04-06,7.8428760000,7.9187748000,7.6455391200,7.9187748000,3732936,57329866.0500,0.782343,0.967700
2010-04-07,7.8428760000,7.8428760000,7.5747002400,7.5949399200,4285021,64990656.1600,0.898048,-4.089500
2010-04-08,7.6354192800,7.7011982400,7.5190411200,7.5898800000,3352173,50291094.0100,0.702543,-0.066600
2010-04-09,7.5898800000,7.5898800000,7.5898800000,7.5898800000,0,0.0000,,0.000000
2010-04-12,7.6303593600,7.6910784000,7.3621836000,7.4127828000,4224032,62398960.1100,0.885266,-2.333300
2010-04-13,7.4279625600,7.5848200800,7.4279625600,7.5696403200,2578966,38305486.7200,0.540495,2.116000
2010-04-14,7.5898800000,7.7619172800,7.4482022400,7.7163780000,3543142,53562780.6700,0.742566,1.938500
2010-04-15,7.7113180800,7.7922768000,7.5898800000,7.7163780000,2357784,35900430.3800,0.494140,0.000000
2010-04-16,7.7163780000,7.8276962400,7.5291609600,7.7872168800,3422974,52340957.6600,0.717381,0.918000
2010-04-19,7.7821569600,7.8378160800,7.4785617600,7.4836216800,2611054,39333976.1000,0.547220,-3.898600
2010-04-20,7.4127828000,7.6860184800,7.3773633600,7.6455391200,3092761,46096851.4000,0.648176,2.163600
2010-04-21,7.6404792000,8.2324898400,7.6151796000,8.1565910400,9385818,149751336.2500,1.967064,6.684300
2010-04-22,8.1970704000,8.2780291200,7.9744339200,8.2324898400,5082804,82012326.2400,1.065246,0.930500
2010-04-23,8.2324898400,8.2729692000,7.8631156800,8.0958720000,6238442,99655376.1600,1.307442,-1.659500
2010-04-26,8.1414112800,8.5209052800,8.0199732000,8.3994672000,6425975,105791534.9900,1.346745,3.750000
2010-04-27,8.4247668000,8.7030624000,8.0958720000,8.5512648000,3828594,63040751.4700,0.802390,1.807200
2010-04-28,8.5462048800,8.5968040800,8.3488680000,8.3741676000,1757051,29318457.9700,0.368240,-2.071000
2010-04-29,8.3589878400,8.4500664000,8.0452728000,8.1717708000,2696014,43586059.6600,0.565026,-2.416900
2010-04-30,8.1464712000,8.1464712000,7.6404792000,7.8681756000,1905848,29547396.9100,0.399424,-3.715200
2010-05-04,7.8175764000,8.0402128800,7.6961383200,7.9440744000,1699886,26586339.9200,0.356259,0.964600
2010-05-05,7.9440744000,8.2932088800,7.7568573600,8.1970704000,2508441,40021094.6000,0.525715,3.184700
2010-05-06,8.2982688000,8.3944072800,7.9238347200,7.9238347200,3397164,55240908.6100,0.711972,-3.333300
2010-05-07,7.6910784000,8.2476696000,7.5949399200,8.1211716000,2996732,47674085.9700,0.628050,2.490400
2010-05-10,8.1110517600,8.2375497600,7.4886816000,7.9541942400,2432276,38123943.4500,0.509752,-2.056100
2010-05-11,8.3235684000,8.3235684000,7.5392808000,7.5392808000,1836725,28188241.5700,0.384938,-5.216300
2010-05-12,7.5089212800,7.5089212800,7.0889479200,7.1344872000,4107339,58741107.1800,0.860809,-5.369100
2010-05-13,7.1854446000,7.3638067000,6.9561219000,7.3026539800,1739737,24553164.5900,0.364611,2.357100
2010-05-14,7.2618855000,7.4606318400,7.1446761200,7.2822697400,2325622,33303052.7300,0.487400,-0.279100
2010-05-17,7.1344840000,7.2720776200,6.9816022000,6.9816022000,2978023,41503461.5000,0.624129,-4.128800
2010-05-18,6.9816022000,7.1344840000,6.5841095200,6.8694888800,4583498,61245548.7100,0.960602,-1.605800
2010-05-19,6.8592967600,7.0529470400,6.8185282800,7.0070825000,1557322,21350361.0000,0.326381,2.003000
2010-05-20,6.9714100800,7.2516933800,6.9561219000,7.1242918800,2139897,30013169.4600,0.448476,1.672700
2010-05-21,6.9765061400,7.4708239600,6.6758386000,7.4453436600,1674328,23934798.9100,0.350903,4.506400
2010-05-24,7.4606318400,7.9498536000,7.4606318400,7.8428363400,3218570,49339377.8700,0.674543,5.338800
2010-05-25,7.8428363400,7.8988930000,7.6950506000,7.7562033200,1125054,17188817.8200,0.235787,-1.104600
2010-05-26,7.7562033200,7.8377402800,7.6186097000,7.6848584800,1069339,16184543.1000,0.224110,-0.919800
2010-05-27,7.6848584800,7.7867796800,7.5829372800,7.6950506000,1409222,21279604.8000,0.295342,0.132600
2010-05-28,7.7867796800,7.8377402800,7.5370727400,7.5472648600,1550516,23268334.2500,0.324955,-1.920500
2010-05-31,7.4912082000,7.6746663600,7.4249594200,7.4249594200,886354,13110161.9800,0.185761,-1.620500
2010-06-01,7.3892870000,7.5370727400,7.2720776200,7.4657279000,1578514,22851605.0000,0.330822,0.549100
2010-06-02,7.4657279000,7.4912082000,7.2669815600,7.4453436600,641132,9294866.6400,0.134367,-0.273000
2010-06-03,7.4453436600,7.7205309000,7.4453436600,7.5931294000,1231629,18400803.1200,0.258123,1.984900
2010-06-04,7.5014003200,7.8479324000,7.4453436600,7.8071639200,1347061,20336273.0900,0.282315,2.818800
2010-06-07,7.6644742400,8.0772551000,7.6288018200,8.0262945000,2993124,46988519.9200,0.627294,2.806800
2010-06-08,7.9345654200,8.0874472200,7.8785087600,8.0466787400,1312002,20500582.6700,0.274967,0.254000
2010-06-09,8.0619669200,8.0874472200,7.9039890600,8.0517748000,1846164,29074567.0500,0.386916,0.063333
2010-06-10,8.0823511600,8.2301369000,7.9498536000,7.9549496600,1962650,31280555.2800,0.411329,-1.202500
2010-06-11,7.9600457200,8.1027354000,7.9039890600,7.9906220800,663572,10392981.4400,0.139070,0.448400
2010-06-17,8.0772551000,8.0772551000,7.6440900000,7.6950506000,2074869,31791603.1600,0.434848,-3.699000
2010-06-18,7.6950506000,7.7460112000,7.1344840000,7.4810160800,1982319,29093370.9800,0.415451,-2.781500
2010-06-21,7.3638067000,7.8479324000,7.3638067000,7.7612993800,899553,13419140.2300,0.188527,3.746600
2010-06-22,7.7969718000,7.7969718000,7.6797624200,7.7001466600,347345,5260624.8300,0.072796,-0.787900
2010-06-23,7.6542821200,7.7358190800,7.5931294000,7.6695703000,349640,5247485.4700,0.073277,-0.397100
2010-06-24,7.6746663600,7.8275481600,7.6491860600,7.8173560400,467288,7131858.0200,0.097933,1.926900
2010-06-25,7.7969718000,7.7969718000,7.5370727400,7.6186097000,245588,3690206.4600,0.051470,-2.542400
2010-06-28,7.5421688000,7.7205309000,7.4402476000,7.5676491000,463566,6912320.3600,0.097153,-0.668900
2010-06-29,7.6440900000,7.6440900000,7.1599643000,7.2364052000,788534,11382174.8000,0.165260,-4.377100
2010-06-30,7.2669815600,7.4300554800,7.1446761200,7.3383264000,645727,9269639.6100,0.135320,1.408500
2010-07-01,7.4402476000,7.5523609200,7.2822697400,7.2975579200,598633,8682810.1500,0.125450,-0.555600
2010-07-02,7.4300554800,7.4300554800,7.0580431000,7.2669815600,1297811,18279984.6000,0.271971,-0.419000
2010-07-05,7.2109249000,7.3943830600,7.1854446000,7.3536145800,462839,6661062.1600,0.096993,1.192100
2010-07-06,7.2822697400,7.6440900000,7.2822697400,7.5676491000,502543,7424163.7000,0.105314,2.910600
2010-07-07,7.5931294000,7.8887008800,7.4504397200,7.8785087600,1221134,18576609.6500,0.255903,4.107700
2010-07-08,7.8479324000,8.0823511600,7.8224521000,7.8734127000,1806661,28174889.6000,0.377433,-0.064700
2010-07-09,7.8988930000,8.1536960000,7.8224521000,8.0517748000,2031466,31767872.0800,0.424397,2.265400
2010-07-12,7.9753339000,8.0874472200,7.9294693600,8.0008142000,1131500,17710979.4800,0.236384,-0.632900
2010-07-13,8.0008142000,8.1180235800,7.8122599800,8.0110063200,1095632,17230349.4500,0.228890,0.127400
2010-07-14,8.0110063200,8.1485999400,7.8937969400,7.9294693600,710580,11185076.5000,0.148449,-1.017800
2010-07-15,7.8530284600,7.9957181400,7.6440900000,7.8937969400,982227,14984817.2600,0.205199,-0.449900
2010-07-16,7.8428363400,7.9498536000,7.6440900000,7.9498536000,460379,7059322.3300,0.096179,0.710140
2010-07-19,7.8836048200,8.0925432800,7.8173560400,8.0670629800,695280,10949237.5600,0.145252,1.474400
2010-07-20,8.0364866200,8.1740802400,8.0364866200,8.1282157000,924671,14721296.2400,0.193175,0.758100
2010-07-21,8.1078314600,8.3218659800,8.0415826800,8.1333117600,1249728,20082593.5700,0.261083,0.062700
2010-07-22,8.1027354000,8.2760014400,8.1027354000,8.1791763000,995119,15925196.4600,0.207892,0.563900
2010-07-23,8.2046566000,8.2301369000,8.0925432800,8.1435038800,1672664,26780840.6300,0.349439,-0.436100
2010-07-26,8.2046566000,8.4084990000,8.1791763000,8.3473462800,1165686,19041298.0700,0.243526,2.503100
2010-07-27,8.3116738600,8.5511886800,8.3116738600,8.3830187000,3828969,63426364.7800,0.799917,0.427400
2010-07-28,8.2963856800,8.5002280800,8.2556172000,8.3983068800,1847256,30323944.9000,0.385914,0.182400
2010-07-29,8.3983068800,8.5002280800,8.1791763000,8.2046566000,1890298,30770500.7900,0.394906,-2.305800
2010-07-30,8.2097526600,8.2760014400,8.0161023800,8.1333117600,2250653,35815418.6300,0.470188,-0.869600
2010-08-02,8.1282157000,8.6021492800,8.1078314600,8.4237871800,5149292,84485425.5500,1.075748,3.571400
2010-08-03,8.4237871800,8.5613808000,8.3065778000,8.4237871800,2984859,49484496.2500,0.623572,0.000000
2010-08-04,8.4237871800,8.5511886800,8.3116738600,8.5409965600,1929083,31950758.8300,0.403008,1.391400
2010-08-05,8.5868611000,9.1983883000,8.5868611000,8.8722404600,8679634,151591950.7600,1.813278,3.878300
2010-08-06,8.8926247000,9.0047380200,8.8059916800,8.9639695400,3292090,57589789.0900,0.687756,1.033900
2010-08-09,8.9639695400,9.0964671000,8.8569522800,9.0047380200,1865637,32971750.4900,0.389754,0.454800
2010-08-10,9.0455065000,9.0455065000,8.6531098800,8.6633020000,2666003,46224498.0700,0.556960,-3.791700
2010-08-11,8.6633020000,8.7703192600,8.6225335200,8.7601271400,1310225,22348293.1200,0.273721,1.117600
2010-08-12,8.6633020000,8.9384892400,8.5715729200,8.6123414000,1437623,24783259.6300,0.300336,-1.687000
2010-08-13,8.6174374600,9.4735755400,8.6174374600,9.2085804200,6215319,109798931.3600,1.298454,6.923100
2010-08-16,9.1780040600,9.8557800400,9.0251222600,9.6825140000,3647912,68617497.1400,0.762092,5.146700
2010-08-17,9.6621297600,9.8048194400,9.5653046200,9.6723218800,3437151,65103001.5700,0.718061,-0.105300
2010-08-18,9.6825140000,9.7793391400,9.5551125000,9.6723218800,1757642,33279313.8100,0.367192,0.000000
2010-08-19,9.6417455200,9.7589549000,9.2136764800,9.4990558400,2650567,49473799.4500,0.553735,-1.791400
2010-08-20,9.4837676600,9.4837676600,9.1219474000,9.1627158800,2856882,51860130.3700,0.596836,-3.540800
2010-08-23,9.1576198200,9.6162652200,9.1576198200,9.5602085600,2114790,38915245.4100,0.441805,4.338200
2010-08-24,9.5551125000,9.6723218800,9.3308858600,9.5805928000,1584104,29666580.3200,0.330938,0.213200
2010-08-25,9.5805928000,9.7742430800,9.3818464600,9.5296322000,3609201,68514369.2600,0.754005,-0.531900
2010-08-26,9.5551125000,9.6264573400,9.3767504000,9.5092479600,1868316,34888350.5700,0.390313,-0.213900
2010-08-27,9.5092479600,9.6213612800,9.4022307000,9.5754967400,1170553,21813297.4800,0.244542,0.696700
2010-08-30,9.6264573400,9.8608761000,9.6060731000,9.8099155000,1792113,34401155.0000,0.374394,2.448100
2010-08-31,9.7844352000,10.0901988000,9.6825140000,9.7538588400,1230824,23781713.5500,0.257134,-0.571400
2010-09-01,9.7538588400,9.8353958000,9.3971346400,9.4786716000,4402924,81970381.5500,0.919823,-2.821300
2010-09-02,9.4786716000,9.7079943000,9.4226149400,9.6723218800,2907763,54892330.6800,0.607466,2.043000
2010-09-03,9.6723218800,9.7844352000,9.3716543400,9.6825140000,2572045,47958464.1000,0.537331,0.105400
2010-09-06,9.6315534000,9.7334746000,9.4226149400,9.5856888600,2946931,55267384.7600,0.615649,-1.000000
2010-09-07,9.5907849200,9.5907849200,9.2391567800,9.4837676600,5228875,95683510.9500,1.092374,-1.063300
2010-09-08,9.3716543400,9.5704006800,9.2799252600,9.5653046200,4019384,74227998.7600,0.839697,0.859752
2010-09-09,9.5347282600,9.5856888600,9.2085804200,9.2340607200,2290076,41988922.1200,0.478424,-3.463000
2010-09-10,9.3003095000,9.4888637200,8.9537774200,9.4073267600,3714695,67311434.9600,0.776044,1.876400
2010-09-13,9.3461740400,9.8353958000,9.3461740400,9.7844352000,3908115,74282963.0100,0.816451,4.008700
2010-09-14,9.8404918600,10.0851027400,9.8404918600,9.9729894200,3586103,70323241.4300,0.749179,1.927100
2010-09-15,9.9780854800,9.9780854800,9.6825140000,9.6876100600,1201668,23097837.6500,0.251043,-2.861500
2010-09-16,9.6876100600,9.6876100600,9.2340607200,9.4837676600,1443940,26858957.1400,0.301656,-2.104200
2010-09-17,9.4939597800,9.6468415800,9.4837676600,9.5500164400,897211,16801457.1900,0.187438,0.698500
2010-09-20,9.5500164400,9.7283785400,9.5296322000,9.5754967400,847709,15979702.9100,0.177096,0.266800
2010-09-21,9.5805928000,9.9067406400,9.5805928000,9.8608761000,2065939,39796856.3300,0.431599,2.980300
2010-09-27,9.8863564000,10.1207751600,9.8099155000,10.0086618400,2128366,41800540.3700,0.444641,1.498700
2010-09-28,10.0086618400,10.2074081800,9.8455879200,9.8863564000,1600058,31607829.0100,0.334271,-1.222000
2010-09-29,9.8608761000,10.0800066800,9.8353958000,9.9016445800,1570758,30615379.7100,0.328150,0.154600
2010-09-30,9.8761642800,9.9882776000,9.7895312600,9.8404918600,959461,18628508.2100,0.200443,-0.617600
2010-10-08,9.8710682200,10.0901988000,9.7844352000,10.0290460800,1556376,30435020.9800,0.325145,1.916100
2010-10-11,10.0341421400,10.1819278800,9.3257898000,9.4786716000,5395821,101203348.6200,1.127251,-5.487800
2010-10-12,9.4124228200,9.8252036800,9.1372355800,9.5296322000,8443675,154382047.2300,1.763983,0.537600
2010-10-13,9.4022307000,9.6774179400,9.0404104400,9.3105016200,12261022,221346665.3700,2.561472,-2.299500
2010-10-14,9.2697331400,9.4226149400,8.7397429000,8.7652232000,8739736,154495198.9700,1.825834,-5.856600
2010-10-15,8.7652232000,8.7652232000,8.7652232000,8.7652232000,0,0.0000,,0.000000
2010-10-18,8.6683980600,8.7142626000,8.2454250800,8.4900359600,8344670,138829262.7600,1.743300,-3.139500
2010-10-19,8.5562847400,8.9639695400,8.5053241400,8.9079128800,9193400,157909814.3700,1.920610,4.922000
2010-10-20,8.8671444000,9.3308858600,8.7142626000,9.2646370800,11242119,203578224.1000,2.348611,4.004600
2010-10-21,9.2646370800,9.3461740400,9.0556986200,9.1423316400,3751941,67160170.7700,0.783825,-1.320100
2010-10-22,9.1729080000,9.2901173800,8.9232010600,9.0607946800,3498281,62259091.0900,0.730832,-0.891900
2010-10-25,8.9945459000,9.3767504000,8.9945459000,9.3206937400,5423309,98591530.2600,1.132993,2.868400
2010-10-26,9.4022307000,9.6876100600,9.4022307000,9.5958809800,6510415,122353794.4600,1.360103,2.952400
2010-10-27,9.5041519000,9.7844352000,9.4277110000,9.6060731000,3208033,60306854.8300,0.670196,0.106200
2010-10-28,9.6060731000,9.6060731000,9.4073267600,9.4277110000,1500763,27892960.8900,0.313527,-1.856800
2010-10-29,9.4226149400,9.5551125000,9.2748292000,9.4786716000,2172546,40238250.4900,0.453871,0.540500
2010-11-01,9.4837676600,9.7130903600,9.3767504000,9.6774179400,3544223,66603906.0800,0.740430,2.096800
2010-11-02,9.6825140000,9.9016445800,9.5653046200,9.8353958000,3793648,72903885.1400,0.792538,1.632400
2010-11-03,9.8455879200,10.0035657800,9.4837676600,9.4939597800,2296640,43842720.5500,0.479795,-3.471500
2010-11-04,9.4786716000,9.7997233800,9.4633834200,9.7079943000,1315701,24957006.0200,0.274865,2.254400
2010-11-05,9.7130903600,9.8252036800,9.5602085600,9.6621297600,3372781,64172425.3300,0.704614,-0.472400
2010-11-08,9.6621297600,9.6621297600,9.3257898000,9.5958809800,6623060,123271218.2900,1.383635,-0.685700
2010-11-09,9.6315534000,9.9526051800,9.4124228200,9.8404918600,5438336,102592320.3600,1.136133,2.549100
2010-11-10,9.7691470200,10.4265387600,9.7232824800,10.3908663400,7988817,160703617.8300,1.668958,5.593000
2010-11-11,10.3704821000,10.4978836000,10.1921200000,10.4163466400,3683282,75066860.8200,0.769481,0.245200
2010-11-12,10.2940412000,10.2940412000,9.5296322000,9.7589549000,3395005,66679303.9100,0.709257,-6.311200
2010-11-15,9.7589549000,10.3144254400,9.7589549000,9.9475091200,3830650,75579971.4400,0.800268,1.932100
2010-11-16,10.2940412000,10.9412408200,10.1921200000,10.3704821000,9356342,194978800.9300,1.954650,4.252000
2010-11-17,9.9424130600,10.8036472000,9.9424130600,10.0901988000,6231072,128003836.5600,1.301745,-2.702700
2010-11-18,10.0392382000,10.4214427000,9.6927061200,10.1921200000,2736728,54640450.2300,0.571735,1.010100
2010-11-19,10.3704821000,10.6507654000,10.1411594000,10.5386520800,2763444,56654012.7300,0.577316,3.400000
2010-11-22,10.5386520800,10.8036472000,10.3450018000,10.6405732800,2776420,57721838.0500,0.580027,0.967100
2010-11-23,10.5998048000,10.5998048000,10.0392382000,10.4520190600,2934049,59292322.3500,0.612957,-1.772000
2010-11-24,10.4520190600,10.7272063000,10.3602899800,10.4978836000,3542772,73054695.9100,0.740127,0.438800
2010-11-25,10.4673072400,11.0074896000,10.2991372600,11.0074896000,3799071,80664318.1700,0.793671,4.854400
2010-11-26,10.9565290000,10.9769132400,10.5488442000,10.7679747800,2805553,59058597.8900,0.586113,-2.175900
2010-11-29,10.6252851000,10.7526866000,10.3653860400,10.5998048000,2829577,58510919.5500,0.591132,-1.561800
2010-11-30,10.6099969200,10.7272063000,10.2430806000,10.2685609000,2204002,45137819.2500,0.460442,-3.125000
2010-12-01,10.2685609000,10.4214427000,10.0392382000,10.2176003000,1436287,28711982.9700,0.300057,-0.496300
2010-12-02,10.2176003000,10.2176003000,10.2176003000,10.2176003000,0,0.0000,,0.000000
2010-12-03,10.1411594000,10.3297136200,9.9271248800,9.9526051800,1779473,35082249.2600,0.371753,-2.593500
2010-12-06,9.9577012400,10.0800066800,9.5551125000,9.8761642800,1662798,32026482.2300,0.347378,-0.768000
2010-12-07,9.8863564000,9.9831815400,9.6417455200,9.8812603400,2700446,52121820.0600,0.564155,0.051600
2010-12-08,9.8353958000,10.0137579000,9.7232824800,9.9780854800,2123226,41198987.5000,0.443567,0.979900
2010-12-09,9.8710682200,9.9780854800,9.5958809800,9.8761642800,1990895,38067130.8300,0.415921,-1.021500
2010-12-10,9.6876100600,9.7844352000,9.4277110000,9.5551125000,3423055,64435729.8900,0.715117,-3.250800
2010-12-13,9.5551125000,9.7844352000,9.5551125000,9.7793391400,2852444,54159886.8300,0.595909,2.346700
2010-12-14,9.8099155000,9.9627973000,9.7181864200,9.9577012400,1494273,28912139.4900,0.312171,1.823900
2010-12-15,9.9271248800,9.9780854800,9.7844352000,9.8353958000,1359644,26362898.6500,0.284046,-1.228200
2010-12-16,9.8353958000,9.8608761000,9.6264573400,9.6315534000,1249675,23838439.9700,0.261072,-2.072500
2010-12-17,9.6060731000,9.9627973000,9.5856888600,9.8761642800,1990844,38372561.6200,0.415911,2.539700
2010-12-20,9.9627973000,9.9831815400,9.2646370800,9.8353958000,2866934,53990853.0500,0.598936,-0.412800
2010-12-21,9.8659721600,9.8863564000,9.3257898000,9.5551125000,8411903,156308252.5100,1.757346,-2.849700
2010-12-22,9.5143440200,9.5296322000,9.4022307000,9.4939597800,5661312,104985727.2900,1.182715,-0.640000
2010-12-23,9.4582873600,9.6825140000,9.4277110000,9.5296322000,3375670,63583626.4100,0.705217,0.375700
2010-12-24,9.4328070600,9.5296322000,9.2646370800,9.4022307000,1987101,36586097.1000,0.415129,-1.336900
2010-12-27,9.3869425200,9.5296322000,9.0964671000,9.3003095000,1588169,29173315.6400,0.331787,-1.084000
2010-12-28,9.2493489000,9.4277110000,9.0709868000,9.0709868000,2634192,47546754.7800,0.550314,-2.465800
2010-12-29,8.9181050000,9.3665582800,8.9181050000,9.2136764800,3444269,61742602.3400,0.719548,1.573000
2010-12-30,9.2238686000,9.4124228200,9.1219474000,9.4022307000,3391149,61684198.3900,0.708451,2.046500
2010-12-31,9.4022307000,9.8863564000,9.1423316400,9.8863564000,6543193,119771865.8300,1.366950,5.149100
2011-01-04,9.6315534000,10.1972160600,9.5398243200,10.1258712200,10768040,211009850.4600,2.249571,2.422700
2011-01-05,10.1258712200,10.4214427000,9.7079943000,10.2736569600,16946434,332080759.3800,3.540310,1.459500
2011-01-06,10.0749106200,10.3704821000,9.7742430800,9.8761642800,11938510,234505850.4100,2.494096,-3.869000
2011-01-07,9.8353958000,9.8353958000,9.4328070600,9.5500164400,6861576,129292054.7000,1.433464,-3.302400
2011-01-10,9.4735755400,9.4990558400,8.9741616600,9.1168513400,7917893,143330806.3700,1.654141,-4.535800
2011-01-11,8.9741616600,9.2850213200,8.9181050000,9.2136764800,2884482,51966646.0100,0.602602,1.062000
2011-01-12,9.2136764800,9.2442528400,9.0200262000,9.0862749800,1706022,30510255.0800,0.356408,-1.382700
2011-01-13,9.0760828600,9.2238686000,9.0506025600,9.0760828600,1512977,27072304.7600,0.316079,-0.112200
2011-01-14,9.0709868000,9.1168513400,8.9079128800,8.9130089400,1764273,31092082.1200,0.368577,-1.796700
2011-01-17,8.8416641000,8.8773365200,8.4084990000,8.6887823000,2621790,44533706.5200,0.547723,-2.515700
2011-01-18,8.6887823000,8.9945459000,8.5868611000,8.9792577200,2689787,46975167.2500,0.561928,3.343100
2011-01-19,8.9945459000,9.2085804200,8.9435853000,9.1729080000,3480427,62363764.3900,0.727102,2.156600
2011-01-20,9.1219474000,9.2646370800,8.7703192600,8.7754153200,2455238,43521442.2700,0.512928,-4.333300
2011-01-21,8.6938783600,8.9435853000,8.5104202000,8.6021492800,3848503,65821432.0600,0.803998,-1.974400
2011-01-24,8.6021492800,8.6582059400,8.1587920600,8.2097526600,2877856,47390208.7600,0.601218,-4.561600
2011-01-25,8.2148487200,8.3626344600,8.1078314600,8.1536960000,2552984,41302612.0000,0.533349,-0.682800
2011-01-26,8.2709053800,8.4390753600,8.2352329600,8.3779226400,1895342,31112958.9800,0.395959,2.750000
2011-01-27,8.3116738600,8.7142626000,8.3116738600,8.5104202000,2176877,36615590.1300,0.454775,1.581500
2011-01-28,8.5562847400,8.8773365200,8.4696517200,8.7703192600,1420116,24302347.0900,0.296679,3.053900
2011-01-31,8.7703192600,8.9181050000,8.7295507800,8.8875286400,872759,15194587.8000,0.182330,1.336400
2011-02-01,8.8824325800,9.0302183200,8.8671444000,8.8926247000,1034806,18173674.8100,0.216183,0.057300
2011-02-09,8.8314719800,8.9181050000,8.6633020000,8.6785901800,725700,12505907.8900,0.151607,-2.406900
2011-02-10,8.6633020000,8.8926247000,8.6021492800,8.8926247000,1159879,19946027.3000,0.242312,2.466200
2011-02-11,8.8875286400,9.1831001200,8.8671444000,9.0506025600,2969109,52742186.4400,0.620282,1.776500
2011-02-14,9.0506025600,9.2085804200,9.0047380200,9.1423316400,2439966,43737743.2300,0.509738,1.013500
2011-02-15,9.1219474000,9.2187725400,8.8671444000,8.9843537800,3618266,63722465.9300,0.755899,-1.728000
2011-02-16,8.9079128800,9.0098340800,8.7550310800,8.8620483400,2865322,49754600.2600,0.598600,-1.361300
2011-02-17,8.9028168200,8.9588734800,8.5562847400,8.6429177600,4869530,82885688.0800,1.017302,-2.472700
2011-02-18,8.6633020000,8.8365680400,8.6276295800,8.7856074400,8100914,138643874.1100,1.692377,1.650900
2011-02-21,8.7193586600,8.9486813600,8.7193586600,8.9232010600,4448883,77548620.5300,0.929424,1.566100
2011-02-22,8.9282971200,8.9690656000,8.6633020000,8.7907035000,3191983,55178723.5000,0.666843,-1.484900
2011-02-23,8.7907035000,9.1321395200,8.7142626000,9.1219474000,6035893,105659219.4700,1.260969,3.768100
2011-02-24,9.1015631600,9.1015631600,8.9079128800,9.0098340800,2600735,45895560.5600,0.543324,-1.229100
2011-02-25,8.9537774200,9.1474277000,8.9232010600,9.1168513400,3105952,55165000.1900,0.648870,1.187800
2011-02-28,9.0302183200,9.4124228200,8.6633020000,9.2799252600,4883417,88869413.2800,1.020204,1.788700
2011-03-01,9.2136764800,9.5041519000,9.2085804200,9.3054055600,5029591,92927049.4600,1.050741,0.274581
2011-03-02,9.3155976800,9.8863564000,9.3155976800,9.8404918600,10719922,203538297.0500,2.239518,5.750300
2011-03-03,9.9016445800,9.9016445800,9.5704006800,9.6417455200,3505405,66862725.1900,0.732321,-2.019700
2011-03-04,9.6366494600,9.7487627800,9.3665582800,9.7079943000,3495535,65742738.2300,0.730259,0.687100
2011-03-07,9.6825140000,9.8863564000,9.5296322000,9.6315534000,5859435,111019839.2600,1.224105,-0.787400
2011-03-08,9.6315534000,9.6825140000,9.3105016200,9.5296322000,4894418,90410704.1200,1.022502,-1.058200
2011-03-09,9.4888637200,9.5907849200,9.2748292000,9.5347282600,4856822,89649895.1000,1.014647,0.053500
2011-03-10,9.4277110000,9.4888637200,9.2238686000,9.2595410200,3572418,65380297.2500,0.746320,-2.886200
2011-03-11,9.2238686000,9.3869425200,9.2136764800,9.2493489000,2261289,41260881.1600,0.472410,-0.110100
2011-03-14,9.2340607200,9.4277110000,9.2085804200,9.4277110000,4200669,76921971.4700,0.877569,1.928400
2011-03-15,9.3257898000,9.5041519000,9.2289646600,9.4226149400,3468475,63798812.9800,0.724605,-0.054100
2011-03-16,9.4022307000,9.5653046200,9.3818464600,9.5041519000,2312559,43143366.1800,0.483121,0.865300
2011-03-17,9.4379031200,9.4379031200,8.8467601600,9.1831001200,7181352,129071326.1900,1.500269,-3.378000
2011-03-18,9.1729080000,9.2136764800,8.8569522800,8.9639695400,6783416,119470681.0200,1.417136,-2.386200
2011-03-21,8.9537774200,9.1881961800,8.8977207600,9.1219474000,7539067,134468801.9700,1.575000,1.762400
2011-03-22,9.0709868000,9.1729080000,8.9945459000,9.0455065000,979177,17429257.7800,0.204562,-0.838000
2011-03-23,9.0455065000,9.0455065000,9.0455065000,9.0455065000,0,0.0000,,0.000000
2011-03-24,9.1117552800,9.1983883000,9.0455065000,9.1372355800,2119639,37888457.8700,0.442818,1.014100
2011-03-25,9.1423316400,9.1729080000,8.9181050000,9.0709868000,3759974,66595055.9400,0.785503,-0.725000
2011-03-28,9.0709868000,9.0964671000,8.7142626000,8.7754153200,5745312,99611129.8700,1.200264,-3.258400
2011-03-29,8.7754153200,8.8314719800,8.6378217000,8.7957995600,3360630,57670650.0500,0.702075,0.232300
2011-03-30,8.7856074400,8.8620483400,8.5613808000,8.6123414000,3180571,54272974.9200,0.664459,-2.085700
2011-03-31,8.6174374600,8.7244547200,8.6174374600,8.6734941200,1626483,27687594.6600,0.339792,0.710100
2011-04-01,8.6734941200,8.8620483400,8.5613808000,8.7499350200,4332741,73883276.5800,0.905161,0.881300
2011-04-06,8.7040704800,8.7040704800,8.5104202000,8.5766689800,3046383,51242928.9700,0.636425,-1.980200
2011-04-07,8.5868611000,8.6378217000,8.3626344600,8.4186911200,4960097,82136842.0700,1.036223,-1.841900
2011-04-08,8.7652232000,9.0658907400,8.7142626000,8.9079128800,13059613,227179245.4000,2.728307,5.811100
2011-04-11,8.8926247000,8.9435853000,8.7907035000,8.8416641000,3999253,69568490.3500,0.835491,-0.743700
2011-04-12,8.8416641000,8.8416641000,8.8416641000,8.8416641000,0,0.0000,,0.000000
2011-04-13,8.8416641000,8.8416641000,8.8416641000,8.8416641000,0,0.0000,,0.000000
2011-04-14,8.8416641000,8.8416641000,8.8416641000,8.8416641000,0,0.0000,,0.000000
2011-04-15,9.0723297000,9.3286102000,9.0108223800,9.0723297000,6853122,122285352.0500,1.431698,2.608700
2011-04-18,9.1235858000,9.3286102000,9.0723297000,9.2517260500,10102621,182415907.0800,2.110557,1.977400
2011-04-19,9.1697162900,9.4567504500,9.0620784800,9.3849919100,7729966,140371375.3900,1.614881,1.440400
2011-04-20,9.3747406900,9.6976541200,9.3747406900,9.6207699700,7434161,138706755.7300,1.553084,2.512300
2011-04-21,9.5695138700,9.6874029000,9.5080065500,9.5848907000,7099112,132776919.1400,1.483088,-0.372900
2011-04-22,9.5951419200,9.7284077800,9.4106199600,9.6720260700,4935499,92447358.9400,1.031084,0.909100
2011-04-25,9.6874029000,10.1743358500,9.6361468000,9.9949395000,10073045,193966816.5000,2.104378,3.338600
2011-04-26,10.0205675500,10.0205675500,9.7950407100,9.8667992500,4407424,85233657.2400,0.920763,-1.282100
2011-04-27,9.8411712000,9.9949395000,9.4721272800,9.5541370400,4387032,82381742.4000,0.916503,-3.168800
2011-04-28,9.5900163100,9.6361468000,9.3439870300,9.5285089900,2902967,53630499.6700,0.606464,-0.268200
2011-04-29,9.5285089900,9.8411712000,9.3849919100,9.7386590000,3402493,63918389.2100,0.710821,2.205500
2011-05-03,9.5900163100,9.8719248600,9.5900163100,9.8514224200,1786599,34120500.9500,0.373242,1.157900
2011-05-04,9.8411712000,9.8514224200,9.6669004600,9.6771516800,3368523,64068720.8800,0.703724,-1.769000
2011-05-05,9.5387602100,10.0359443800,9.5387602100,9.9898138900,4864383,93942937.1900,1.016227,3.230900
2011-05-06,9.9180553500,10.3947370800,9.8411712000,10.1025773100,4852721,96304506.3900,1.013791,1.128800
2011-05-09,10.1025773100,10.3178529300,9.9744370600,10.1435821900,4021745,79783224.2000,0.840190,0.405900
2011-05-10,10.0923260900,10.1640846300,9.8462968100,9.9385577900,2343636,45515407.0600,0.489613,-2.021200
2011-05-11,9.9436834000,10.1640846300,9.8924273000,10.0513212100,2350406,46130363.0400,0.491028,1.134600
2011-05-12,9.9949395000,10.2460943900,9.8975529100,10.0461956000,3040051,59891817.6400,0.635103,-0.051000
2011-05-13,9.9078041300,10.1487078000,9.6771516800,10.0923260900,3103813,59804952.7300,0.648423,0.459200
2011-05-16,9.9846882800,9.9898138900,9.7437846100,9.8360455900,3993117,76629465.1900,0.834209,-2.539400
2011-05-17,9.7642870500,9.8155431500,9.5336346000,9.5490114300,3406026,64064730.0400,0.711559,-2.918200
2011-05-18,9.5285089900,9.7386590000,9.5028809400,9.6925285100,2935556,55218750.0400,0.613272,1.503000
2011-05-19,9.7079053400,9.8616736400,9.5746394800,9.6617748500,2359242,44781510.8800,0.492874,-0.317300
2011-05-20,9.6207699700,9.6874029000,9.4567504500,9.4567504500,2917064,54219500.6700,0.609409,-2.122000
2011-05-23,9.4413736200,9.5285089900,9.1594650700,9.2260980000,2832184,51166366.6400,0.591677,-2.439000
2011-05-24,9.2260980000,9.3132333700,9.0467016500,9.2260980000,1679486,30162177.3300,0.350864,0.000000
2011-05-25,9.2209723900,9.2209723900,8.8724309100,8.9646918900,4685971,82241381.0700,0.978955,-2.833300
2011-05-26,8.9851943300,9.0723297000,8.8673053000,8.9185614000,1262207,22145137.1700,0.263690,-0.514600
2011-05-27,9.1235858000,9.1235858000,8.8160492000,8.8621796900,836298,14531235.2000,0.174713,-0.632200
2011-05-30,8.7442906600,9.0364504300,8.7442906600,8.8160492000,1178345,20522735.7700,0.246170,-0.520500
2011-05-31,8.8365516400,9.0620784800,8.8006723700,9.0518272600,1464200,25530959.7900,0.305889,2.674400
2011-06-01,9.0518272600,9.2363492200,8.9185614000,9.2363492200,2824110,49975106.4100,0.589990,2.038500
2011-06-02,9.1235858000,9.3286102000,9.0005711600,9.1748419000,2900858,52073688.4200,0.606024,-0.665900
2011-06-03,9.1133345800,9.2927309300,9.0877065300,9.2773541000,2234987,40116349.6600,0.466915,1.117300
2011-06-07,9.2363492200,9.3234845900,9.1287114100,9.2619772700,1987434,35725184.4200,0.415198,-0.165700
2011-06-08,9.2363492200,9.2773541000,9.0723297000,9.1492138500,2046602,36515810.3200,0.427559,-1.217500
2011-06-09,9.1440882400,9.2158467800,9.1235858000,9.1543394600,2526658,45196061.0800,0.527849,0.056000
2011-06-10,9.0928321400,9.1902187300,8.9544406700,9.0672040900,3855806,67831724.7300,0.805523,-0.951800
2011-06-13,8.9851943300,9.0467016500,8.9698175000,8.9800687200,785818,13774592.5000,0.164167,-0.961000
2011-06-14,8.9954455500,9.2671028800,8.9800687200,9.2517260500,2620725,46961525.7400,0.547500,3.025100
2011-06-15,9.2260980000,9.3029821500,9.2004699500,9.2466004400,1382231,24925281.9300,0.288764,-0.055400
2011-06-16,9.2260980000,9.2260980000,8.9698175000,9.0210736000,1341936,23821226.8900,0.280346,-2.439000
2011-06-17,9.0364504300,9.1184601900,8.9493150600,9.0415760400,680100,11978102.6200,0.142081,0.227300
2011-06-20,9.0620784800,9.0620784800,8.7135370000,8.7596674900,1304925,22467011.9500,0.272614,-3.117900
2011-06-21,8.8211748100,9.1645906800,8.7596674900,9.0979577500,3697557,64276183.0900,0.772463,3.861900
2011-06-22,9.0108223800,9.0877065300,8.9390638400,9.0159479900,517933,9092550.4000,0.108202,-0.901400
2011-06-23,9.1082089700,9.2107211700,8.9698175000,9.0928321400,2261879,40128122.3100,0.472533,0.852800
2011-06-24,9.0723297000,9.3798663000,9.0723297000,9.2363492200,3056189,55098117.8000,0.638474,1.578400
2011-06-27,9.2363492200,9.5848907000,9.2363492200,9.3439870300,2179620,40139665.7600,0.455348,1.165400
2011-06-28,9.3696150800,9.4823785000,9.2055955600,9.3337358100,1626159,29603647.4600,0.339724,-0.109700
2011-06-29,9.3849919100,9.3849919100,9.1030833600,9.2517260500,2941246,52791820.7100,0.614461,-0.878600
2011-06-30,9.2260980000,9.6874029000,9.1389626300,9.3286102000,6479402,117967575.7600,1.353624,0.831000
2011-07-01,9.4208711800,9.5285089900,9.3593638600,9.3849919100,2579922,47438702.4700,0.538976,0.604400
2011-07-04,9.3901175200,9.5643882600,9.3542382500,9.5285089900,4480314,82700981.4800,0.935991,1.529200
2011-07-05,9.4362480100,9.5490114300,9.3901175200,9.4362480100,2688807,49610857.5600,0.561724,-0.968300
2011-07-06,9.4362480100,9.4875041100,9.2466004400,9.3029821500,3086630,56202970.7300,0.644833,-1.412300
2011-07-07,9.3286102000,9.6874029000,9.2568516600,9.4772528900,7171140,133047090.1300,1.498136,1.873300
2011-07-08,9.4567504500,9.7079053400,9.4567504500,9.6258955800,4407017,82738959.6900,0.920678,1.568420
2011-07-11,9.5951419200,9.8719248600,9.5541370400,9.7694126600,3501408,66612589.4300,0.731485,1.490900
2011-07-12,9.6669004600,9.9693114500,9.6105187500,9.9180553500,5602260,108011015.9500,1.170378,1.521500
2011-07-13,9.8821760800,10.0564468200,9.7899151000,9.9436834000,5026080,97271896.0200,1.050007,0.258400
2011-07-14,9.9334321800,10.0205675500,9.8514224200,9.9385577900,3810650,73969506.8100,0.796090,-0.051500
2011-07-15,9.9334321800,10.0461956000,9.8924273000,10.0000651100,2434715,47404406.8600,0.508641,0.618900
2011-07-18,9.9949395000,10.3486065900,9.9846882800,10.2255919500,7242038,144261200.9200,1.512947,2.255300
2011-07-19,10.0666980400,10.2153407300,10.0205675500,10.0461956000,2005527,39607190.3500,0.418978,-1.754400
2011-07-20,10.0564468200,10.1384565800,9.7284077800,9.8411712000,2299781,44288086.0900,0.480451,-2.040800
2011-07-21,9.8924273000,10.0974517000,9.7489102200,9.9180553500,3396074,66267939.5600,0.709480,0.781200
2011-07-22,9.9334321800,10.0718236500,9.9334321800,10.0000651100,1604914,31328716.6100,0.335285,0.826900
2011-07-25,10.0000651100,10.0461956000,9.4772528900,9.7284077800,2524468,48129583.9100,0.527391,-2.716600
2011-07-26,9.5848907000,9.7899151000,9.5848907000,9.7386590000,2890453,54564565.8200,0.603850,0.105400
2011-07-27,9.7232821700,9.8309199800,9.6053931400,9.8309199800,1710952,32490521.6800,0.357438,0.947400
2011-07-28,9.7284077800,9.8873016900,9.6156443600,9.7540358300,1907051,36262170.0600,0.398405,-0.782100
2011-07-29,9.7796638800,9.8257943700,9.4823785000,9.4823785000,2628709,49370426.1200,0.549168,-2.785100
2011-08-01,9.4670016700,9.6361468000,9.4670016700,9.6156443600,1441224,26951981.8900,0.301089,1.405400
2011-08-02,9.5336346000,9.7130309500,9.4721272800,9.6720260700,1474137,27427865.9300,0.307965,0.586400
2011-08-03,9.5848907000,9.8667992500,9.5592626500,9.6412724100,2664255,50490643.2300,0.556594,-0.318000
2011-08-04,9.6412724100,10.1743358500,9.6412724100,10.0666980400,7168540,139527334.5900,1.497593,4.412500
2011-08-05,9.8616736400,10.5331285500,9.7899151000,10.4818724500,12749231,254225505.3000,2.663465,4.124200
2011-08-08,10.1999639000,10.5331285500,9.9693114500,10.3281041500,6418954,128574431.4000,1.340995,-1.467000
2011-08-09,10.1487078000,10.4818724500,9.6105187500,10.2768480500,5492998,109547579.3700,1.147552,-0.496300
2011-08-10,10.3793602500,10.5587566000,10.1589590200,10.5587566000,6971161,140381598.6900,1.456358,2.743100
2011-08-11,10.3537322000,11.3173468800,10.3332297600,11.2763420000,9347958,199962304.0700,1.952899,6.796100
2011-08-12,11.3686029800,11.5736273800,11.0661919900,11.2199602900,6491601,142875912.0500,1.356172,-0.500000
2011-08-15,11.2353371200,11.6197578700,11.1482017500,11.1738298000,7671833,171185345.6900,1.602737,-0.411100
2011-08-16,11.1379505300,11.5736273800,11.0713176000,11.3788542000,5144094,113219116.0600,1.074662,1.834900
2011-08-17,11.2917188300,11.3275981000,10.9585541800,10.9688054000,3399318,73431651.1400,0.710158,-3.603600
2011-08-18,10.9175493000,11.1020712600,10.5690078200,10.7022736800,4623943,97880733.1600,0.965996,-2.429900
2011-08-19,10.5126261100,11.3737285900,10.5126261100,11.3583517600,10285303,223149980.6500,2.148721,6.130300
2011-08-22,11.4044822500,11.5736273800,10.8150371000,10.8970468600,4368905,95798540.5800,0.912716,-4.061400
2011-08-23,10.9021724700,11.2814676100,10.6920224600,11.0200615000,3572673,77188874.0400,0.746374,1.128900
2011-08-24,11.0098102800,11.1994578500,10.8047858800,10.9380517400,1950629,42014625.9100,0.407509,-0.744200
2011-08-25,10.9380517400,11.4557383500,10.9175493000,11.2609651700,9941772,218534117.8400,2.076954,2.952200
2011-08-26,11.1738298000,11.4198590800,11.1738298000,11.4044822500,4881505,107659473.5400,1.019804,1.274468
2011-08-29,11.3173468800,11.8452847100,11.2199602900,11.5018688400,5552319,125791488.6000,1.159945,0.853900
2011-08-30,11.4916176200,11.7017676300,11.2507139500,11.2609651700,2878368,64710525.5500,0.601325,-2.094500
2011-08-31,11.2609651700,11.3532261500,10.9585541800,11.1943322400,2319140,50347215.1200,0.484496,-0.591700
2011-09-01,11.2763420000,11.3275981000,10.9688054000,11.0559407700,1859326,40327533.9300,0.388435,-1.236300
2011-09-02,10.9534285700,11.0559407700,10.6458919700,10.7227761200,3382580,70938984.3900,0.706661,-3.013400
2011-09-05,10.6458919700,10.7894090500,10.5433797700,10.5485053800,2162412,45053310.4800,0.451753,-1.625200
2011-09-06,10.5177517200,10.8201627100,10.5177517200,10.6612688000,1966090,40947738.9700,0.410739,1.069000
2011-09-07,10.7432785600,11.0200615000,10.5382541600,10.9688054000,2237757,47212302.4100,0.467494,2.884600
2011-09-08,11.0200615000,11.0559407700,10.5843846500,10.7637810000,3395676,71118826.4900,0.709397,-1.869157
2011-09-09,10.7637810000,10.7689066100,10.3076017100,10.5075005000,3703914,75505066.5200,0.773791,-2.381000
2011-09-13,10.3127273200,10.3537322000,10.1487078000,10.2409687800,2053111,40969936.3500,0.428919,-2.536600
2011-09-14,10.3024761000,10.3281041500,10.1077029200,10.2768480500,1986894,39672539.3200,0.415086,0.350400
2011-09-15,10.3486065900,10.4459931800,10.2563456100,10.2922248800,1170918,23708089.1900,0.244619,0.149600
2011-09-16,10.3332297600,10.4357419600,10.2512200000,10.3486065900,1084599,21860586.9800,0.226586,0.547800
2011-09-19,10.2614712200,10.3434809800,9.9488090100,9.9488090100,1204042,23648433.8300,0.251539,-3.863300
2011-09-20,9.9488090100,10.1640846300,9.8257943700,10.0205675500,1491990,28986361.9900,0.311694,0.721300
2011-09-21,9.9539346200,10.4562444000,9.9539346200,10.3281041500,1965419,39347498.2100,0.410599,3.069100
2011-09-22,10.3024761000,10.3024761000,10.0205675500,10.0410699900,1587554,31414335.5500,0.331659,-2.779200
2011-09-23,9.8667992500,9.9744370600,9.6822772900,9.7642870500,1618270,30914243.8100,0.338076,-2.756500
2011-09-26,9.7027797300,9.7950407100,9.3081077600,9.3183589800,4169605,77450367.7800,0.871080,-4.566900
2011-09-27,9.4567504500,9.6361468000,9.3337358100,9.5592626500,2653299,49177407.3000,0.554306,2.585300
2011-09-28,9.6463980200,9.7181565600,9.2260980000,9.3183589800,2304997,42849243.2700,0.481541,-2.520100
2011-09-29,9.3183589800,9.5592626500,9.1389626300,9.2978565400,1365166,24879727.8900,0.285199,-0.220000
2011-09-30,9.4311224000,9.4311224000,9.1235858000,9.2004699500,1343847,24234406.0800,0.280746,-1.047400
2011-10-10,9.2517260500,9.3132333700,8.9698175000,9.0210736000,1684558,29818514.5900,0.351924,-1.949900
2011-10-11,9.2517260500,9.3286102000,8.7135370000,9.0210736000,1930887,33932822.8400,0.403385,0.000000
2011-10-12,8.9083101800,9.3029821500,8.7186626100,9.2260980000,2424464,43208798.3300,0.506499,2.272700
2011-10-13,9.2260980000,9.6258955800,9.1235858000,9.6002675300,2537472,46921868.5500,0.530108,4.055600
2011-10-14,9.4772528900,9.7027797300,9.4772528900,9.5746394800,1332253,24931251.7700,0.278323,-0.267000
2011-10-17,9.6361468000,9.8616736400,9.5438858200,9.7386590000,2067491,39353417.2000,0.431923,1.713100
2011-10-18,9.7386590000,9.7386590000,9.4875041100,9.5131321600,1454226,27243576.8200,0.303805,-2.315800
2011-10-19,9.5131321600,9.6002675300,9.3798663000,9.4311224000,1089583,20134884.9900,0.227627,-0.862100
2011-10-20,9.4157455700,9.4670016700,9.1235858000,9.2107211700,1354821,24416025.5800,0.283038,-2.337000
2011-10-21,9.2722284900,9.3286102000,9.0979577500,9.0979577500,1668434,30034297.6700,0.348556,-1.224300
2011-10-24,9.0979577500,9.2260980000,8.7955467600,9.2260980000,3138905,55175093.2900,0.655754,1.408500
2011-10-25,9.1645906800,9.4823785000,9.0723297000,9.4772528900,3093645,56448810.9400,0.646299,2.722200
2011-10-26,9.4054943500,9.9488090100,9.3901175200,9.6874029000,4112153,78088266.7600,0.859077,2.217400
2011-10-27,9.7386590000,10.0974517000,9.6002675300,9.8462968100,3756298,72536708.9700,0.784735,1.640200
2011-10-28,10.0461956000,10.1333309700,9.9026785200,10.0564468200,1876509,36741298.6600,0.392025,2.134300
2011-10-31,10.0564468200,10.1282053600,9.9949395000,10.0410699900,1142607,22483348.4400,0.238704,-0.152900
2011-11-01,9.9385577900,10.0256931600,9.8565480300,9.9795626700,1958485,37952916.0200,0.409151,-0.612600
2011-11-02,9.8155431500,10.2255919500,9.6925285100,10.1897126800,2916441,56684128.4700,0.609279,2.105800
2011-11-03,10.1897126800,10.3844858600,10.1538334100,10.3076017100,2028433,40707565.7900,0.423764,1.156900
2011-11-04,10.4357419600,10.4613700100,10.1538334100,10.3024761000,1033201,20834422.4900,0.215848,-0.049700
2011-11-07,10.4049883000,10.4049883000,10.0923260900,10.1077029200,1559074,31073263.9100,0.325709,-1.890500
2011-11-08,10.1077029200,10.2768480500,9.8924273000,10.0000651100,1713329,33625424.7800,0.357935,-1.064900
2011-11-09,9.8975529100,10.0820748700,9.8975529100,10.0718236500,2080404,40521252.9300,0.434621,0.717600
2011-11-10,9.9436834000,10.1435821900,9.8462968100,9.9590602300,1644159,31984932.0300,0.343484,-1.119600
2011-11-11,10.0103163300,10.0103163300,9.6771516800,9.7130309500,2234749,42943710.0500,0.466865,-2.470400
2011-11-14,9.7899151000,9.9436834000,9.6361468000,9.9078041300,4108375,78436032.1900,0.858288,2.005300
2011-11-15,9.8924273000,9.8924273000,9.6412724100,9.7027797300,4550533,86271275.8200,0.950660,-2.069300
2011-11-16,9.7027797300,9.7335333900,9.2876053200,9.2978565400,5545237,102435828.0500,1.158466,-4.173300
2011-11-17,9.3183589800,9.3747406900,9.1953443400,9.1953443400,4008444,72601615.9500,0.837411,-1.102500
2011-11-18,9.1953443400,9.4003687400,9.0210736000,9.3747406900,3550327,63622462.2900,0.741705,1.950900
2011-11-21,9.3696150800,9.3747406900,9.1235858000,9.2568516600,2063735,37130316.7900,0.431139,-1.257500
2011-11-22,9.1748419000,9.2568516600,9.1235858000,9.2055955600,1155698,20697291.8500,0.241439,-0.553700
2011-11-23,9.1799675100,9.3644894700,9.1748419000,9.3081077600,2301400,41749007.3500,0.480790,1.113600
2011-11-24,9.2363492200,9.4618760600,9.1697162900,9.4003687400,2308375,42157199.3100,0.482247,0.991200
2011-11-25,9.3644894700,9.4311224000,9.2107211700,9.2363492200,1359315,24659452.7300,0.283977,-1.744800
2011-11-28,9.2363492200,9.2927309300,8.9390638400,9.0210736000,4234457,74631981.5400,0.884628,-2.330700
2011-11-29,9.0774553100,9.1902187300,8.9390638400,9.1492138500,1898527,33597239.8300,0.396625,1.420500
2011-11-30,9.1594650700,9.2004699500,8.7289138300,8.8468028600,2936784,51385480.5600,0.613529,-3.305300
2011-12-01,9.0467016500,9.1235858000,8.7494162700,8.8006723700,6952340,121367286.9200,1.452426,-0.521400
2011-12-02,8.7391650500,8.7391650500,8.2419808800,8.3701211300,7869312,129008444.7300,1.643992,-4.892300
2011-12-05,8.3649955200,8.3649955200,7.9498211100,7.9703235500,5047691,80332699.8600,1.054522,-4.776500
2011-12-06,8.0267052600,8.2419808800,7.7755503700,8.0984638000,4461261,69104947.5400,0.932010,1.607700
2011-12-07,8.0984638000,8.1445942900,7.9446955000,7.9703235500,2094868,32843410.6000,0.437643,-1.582300
2011-12-08,7.9959516000,8.0215796500,7.7806759800,7.8729369600,2016852,30989759.2600,0.421344,-1.221900
2011-12-09,7.8678113500,8.0113284300,7.7960528100,7.8934394000,2960846,45868087.8300,0.618556,0.260400
2011-12-12,7.9139418400,8.0369564800,7.7909272000,7.9344442800,1830815,28225120.6000,0.382479,0.519500
2011-12-13,7.8831881800,7.8831881800,7.5961540200,7.6064052400,2733343,41274752.0700,0.571028,-4.134400
2011-12-14,7.6064052400,7.6627869500,7.4065064500,7.4833906000,1920406,28208675.2500,0.401196,-1.617300
2011-12-15,7.4372601100,7.6320332900,7.2271101000,7.4218832800,2696461,38889597.0600,0.563323,-0.821900
2011-12-16,7.3091198600,7.6730381700,7.3091198600,7.6525357300,2766469,40396702.3000,0.577948,3.107700
2011-12-19,7.6320332900,7.7345454900,7.4218832800,7.6679125600,1947632,28774279.8500,0.406883,0.200900
2011-12-20,7.6679125600,7.8626857400,7.5448979200,7.7345454900,3887362,59000496.5800,0.812116,0.869000
2011-12-21,7.8421833000,7.8421833000,7.2271101000,7.2988686400,5407064,79819516.2300,1.129600,-5.632900
2011-12-22,7.2527381500,7.2886174200,6.9503271600,7.2681149800,3163615,43893300.0700,0.660917,-0.421300
2011-12-23,7.2373613200,7.3347479100,7.1194722900,7.2629893700,2319722,32707422.5100,0.484617,-0.070500
2011-12-26,7.2168588800,7.3039942500,7.1604771700,7.1604771700,2514892,35558987.4500,0.525391,-1.411400
2011-12-27,7.1245979000,7.1245979000,6.9349503300,6.9554527700,1978730,27017642.6700,0.413380,-2.863300
2011-12-28,6.8426893500,7.0733418000,6.7658052000,7.0733418000,2662644,35680688.7100,0.556258,1.694900
2011-12-29,7.0630905800,7.0835930200,6.9195735000,7.0528393600,3464078,47386933.2200,0.723687,-0.289900
2011-12-30,7.0682161900,7.3091198600,7.0272113100,7.2424869300,4296064,60338601.0500,0.897499,2.689000
2012-01-04,7.3091198600,7.3962552300,7.1143466800,7.1245979000,3413642,48229304.5100,0.713150,-1.627700
2012-01-05,7.1194722900,7.1194722900,6.7401771500,6.7555539800,3488181,46943259.8800,0.728722,-5.179900
2012-01-06,6.6889210500,6.9195735000,6.6427905600,6.9041966700,3377170,44482429.4500,0.705531,2.200300
2012-01-09,6.9093222800,7.2681149800,6.7914332500,7.2373613200,2972504,41129602.8200,0.620991,4.825500
2012-01-10,7.2373613200,7.2373613200,7.2373613200,7.2373613200,0,0.0000,,0.000000
2012-01-11,7.5346467000,7.7499223200,7.4782649900,7.6832893900,8961671,133244398.6800,1.872199,6.161500
2012-01-12,7.5859028000,7.6422845100,7.3706271800,7.4167576700,6038038,88516947.7600,1.261417,-3.469000
2012-01-13,7.4116320600,7.4116320600,6.9657039900,7.0220857000,5381551,75102326.4300,1.124270,-5.321400
2012-01-16,6.9144478900,6.9913320400,6.8016844700,6.8734430100,3328492,44712051.3800,0.695361,-2.116800
2012-01-17,6.8734430100,7.2322357100,6.8683174000,7.2271101000,3381196,46596579.2200,0.706372,5.145400
2012-01-18,7.2322357100,7.4116320600,7.0733418000,7.0733418000,4410357,62242239.2800,0.921376,-2.127700
2012-01-19,7.0835930200,7.2834918100,7.0733418000,7.2168588800,2449642,34469666.2400,0.511759,2.029000
2012-01-20,7.2681149800,7.5141442600,7.2014820500,7.4475113300,4868760,70308128.3700,1.017141,3.196000
2012-01-30,7.4731393800,7.4833906000,7.3039942500,7.3091198600,2124884,30592592.4300,0.443913,-1.858200
2012-01-31,7.2886174200,7.3962552300,7.2322357100,7.3296223000,1274891,18186106.9900,0.266340,0.280500
2012-02-01,7.3501247400,7.5090186500,7.2527381500,7.3296223000,3530374,51117344.7200,0.737537,0.000000
2012-02-02,7.3347479100,7.6371589000,7.3347479100,7.6217820700,3731883,54737468.2100,0.779634,3.986000
2012-02-03,7.6269076800,7.7242942700,7.5448979200,7.6576613400,4531359,67821747.9100,0.946654,0.470700
2012-02-06,7.6627869500,7.8626857400,7.6269076800,7.8473089100,3608665,54711805.9700,0.753893,2.476600
2012-02-07,7.8165552500,7.8524345200,7.7089174400,7.8421833000,3483197,52752127.2700,0.727681,-0.065300
2012-02-08,7.7806759800,7.8780625700,7.6269076800,7.8473089100,4762593,72315895.8300,0.994962,0.065400
2012-02-09,7.8473089100,7.8934394000,7.7550479300,7.7550479300,3607958,55101319.2000,0.753745,-1.175700
2012-02-10,7.7601735400,7.8114296400,7.6474101200,7.6781637800,2548735,38455364.2900,0.532461,-0.991400
2012-02-13,7.6064052400,7.7909272000,7.5654003600,7.7858015900,3417815,51542079.7300,0.714022,1.401900
2012-02-14,7.7499223200,7.8421833000,7.7037918300,7.8011784200,2440399,37092264.4800,0.509828,0.197500
2012-02-15,7.7909272000,7.8165552500,7.6832893900,7.8165552500,3051655,46317111.5600,0.637527,0.197100
2012-02-16,7.8268064700,7.9293186700,7.7499223200,7.8165552500,2729321,41908283.8600,0.570187,0.000000
2012-02-17,7.8934394000,7.9190674500,7.7447967100,7.8780625700,2658415,40634394.0700,0.555374,0.786900
2012-02-20,7.9600723300,7.9805747700,7.7909272000,7.7909272000,3150963,48427957.2700,0.658273,-1.106100
2012-02-21,7.7755503700,7.8216808600,7.6269076800,7.7601735400,2338134,35152472.5800,0.488464,-0.394700
2012-02-22,7.7755503700,7.9344442800,7.6935406100,7.9190674500,4432556,67596148.3100,0.926013,2.047600
2012-02-23,7.9190674500,8.1753479500,7.8934394000,8.0472077000,5046890,79383545.3900,1.054355,1.618100
2012-02-24,8.0728357500,8.1753479500,8.0010772100,8.1087150200,3111624,49293365.4300,0.650055,0.764300
2012-02-27,8.1189662400,8.2676089300,8.0472077000,8.2112272200,5730956,91492699.8600,1.197264,1.264200
2012-02-28,8.1907247800,8.2112272200,7.9703235500,8.0318308700,3556533,56002418.4100,0.743002,-2.184800
2012-02-29,8.0318308700,8.0523333100,7.8575601300,7.8831881800,3153810,48847931.7600,0.658868,-1.850700
2012-03-01,7.8780625700,7.9395698900,7.7806759800,7.8114296400,2572981,39361371.8300,0.537526,-0.910300
2012-03-02,7.8626857400,7.9446955000,7.7909272000,7.9395698900,7312448,111881826.2900,1.527657,1.640400
2012-03-05,7.9651979400,7.9651979400,7.7652991500,7.7909272000,7643241,117114875.3200,1.596763,-1.872200
2012-03-06,7.7396711000,7.7755503700,7.5961540200,7.6115308500,8100023,121039810.0500,1.692190,-2.302600
2012-03-07,7.5602747500,7.8370576900,7.4936418200,7.6832893900,8643750,129748393.2800,1.805781,0.942800
2012-03-08,7.6935406100,7.8421833000,7.6884150000,7.7652991500,5756597,87285073.4800,1.202621,1.067400
2012-03-09,7.8114296400,8.0984638000,7.6935406100,8.0933381900,8779203,135781540.0700,1.834079,4.224400
2012-03-12,8.0984638000,8.3547443000,8.0420820900,8.3137394200,13032879,209652530.0200,2.722722,2.723200
2012-03-13,8.3137394200,8.4316284500,8.2624833200,8.3393674700,6044323,98301435.3300,1.262730,0.308300
2012-03-14,8.3547443000,8.4060004000,7.8421833000,7.9754491600,7014603,111958182.4800,1.465433,-4.363900
2012-03-15,8.0472077000,8.4675077200,7.8934394000,8.4008747900,9418114,150772788.6600,1.967555,5.334200
2012-03-16,8.4060004000,8.7699187100,8.3957491800,8.6981601700,12619533,210452436.7000,2.636370,3.538700
2012-03-19,8.7032857800,8.7391650500,8.4982613800,8.7135370000,10265254,172846766.3700,2.144533,0.176800
2012-03-20,8.6520296800,8.6571552900,8.3547443000,8.3906235700,4982861,82533765.9000,1.040979,-3.705900
2012-03-21,8.4675077200,8.4828845500,8.0267052600,8.2214784400,7671290,122355495.3200,1.602623,-2.015900
2012-03-22,8.2009760000,8.2778601500,8.0984638000,8.2163528300,3857410,61521073.2500,0.805859,-0.062300
2012-03-23,8.2112272200,8.2112272200,7.8985650100,7.9857003800,3631381,56822244.4500,0.758638,-2.807200
2012-03-26,7.9857003800,8.0984638000,7.8063040300,8.0984638000,3456523,53560413.2700,0.722108,1.412100
2012-03-27,8.0984638000,8.2419808800,7.9446955000,8.0010772100,3556468,55972310.9300,0.742988,-1.202500
2012-03-28,7.9959516000,7.9959516000,7.3808784000,7.6627869500,8673923,130729386.1400,1.812085,-4.228100
2012-03-29,7.6884150000,7.7396711000,7.3347479100,7.3808784000,6440595,94772077.1600,1.345516,-3.678900
2012-03-30,7.3398735200,7.4577625500,7.2681149800,7.3552503500,2345893,33654289.8200,0.490085,-0.347200
2012-04-05,7.3655015700,7.5705259700,7.3655015700,7.5500235300,5743499,83974922.0500,1.199885,2.648100
2012-04-06,7.5346467000,7.5961540200,7.4731393800,7.5346467000,2709819,39892100.6800,0.566113,-0.203700
2012-04-09,7.5192698700,7.5192698700,7.3398735200,7.3552503500,3229602,46754501.5900,0.674702,-2.381000
2012-04-10,7.3244966900,7.6627869500,7.3193710800,7.5859028000,5965566,87421998.1300,1.246277,3.135900
2012-04-11,7.5500235300,7.8883137900,7.4833906000,7.7294198800,5055556,76246144.9600,1.056165,1.891900
2012-04-12,7.7242942700,7.8831881800,7.6115308500,7.8421833000,3461377,52383899.5100,0.723123,1.458900
2012-04-13,7.8421833000,7.9190674500,7.8011784200,7.8934394000,3301474,50661812.4100,0.689717,0.653600
2012-04-16,7.7909272000,7.8934394000,7.7652991500,7.7960528100,3009201,45910539.5000,0.628658,-1.233800
2012-04-17,7.7806759800,7.8883137900,7.5859028000,7.6627869500,3521006,53201711.9800,0.735580,-1.709400
2012-04-18,7.6525357300,7.8114296400,7.6371589000,7.7755503700,3752454,56732064.9900,0.783932,1.471600
2012-04-19,7.7755503700,7.8063040300,7.7037918300,7.7499223200,2819913,42559055.9100,0.589113,-0.329600
2012-04-20,7.7499223200,7.8268064700,7.6679125600,7.7806759800,3079958,46637968.7900,0.643440,0.396800
2012-04-23,7.7755503700,7.8114296400,7.7140430500,7.7447967100,2534415,38389941.3000,0.529469,-0.461100
2012-04-24,7.6679125600,7.7345454900,7.3398735200,7.4936418200,5453477,79587834.2100,1.139296,-3.242900
2012-04-25,7.5090186500,7.6166564600,7.4833906000,7.5859028000,7513517,110767489.6300,1.569662,1.231200
2012-04-26,7.5961540200,7.7550479300,7.5910284100,7.6371589000,8032593,120371740.5000,1.678104,0.675700
2012-04-27,7.6115308500,7.6884150000,7.4577625500,7.5090186500,5269574,77511884.0800,1.100876,-1.677900
2012-05-02,7.6269076800,7.6422845100,7.4423857200,7.5038930400,7295658,107051635.2800,1.524149,-0.068300
2012-05-03,7.4987674300,7.6269076800,7.4731393800,7.6269076800,4130295,61082602.3400,0.862867,1.639300
2012-05-04,7.6371589000,7.7601735400,7.6115308500,7.7447967100,5262287,78951119.1800,1.099354,1.545700
2012-05-07,7.6884150000,7.8575601300,7.6832893900,7.8575601300,5569305,84730029.1200,1.163494,1.456000
2012-05-08,7.8678113500,7.8883137900,7.7601735400,7.8011784200,4288773,65358191.4700,0.895975,-0.717500
2012-05-09,7.7396711000,7.7499223200,7.6064052400,7.6422845100,6443327,96389052.3800,1.346087,-2.036800
2012-05-10,7.6217820700,7.6986662200,7.5961540200,7.6525357300,1982206,29610455.0900,0.414106,0.134100
2012-05-11,7.6525357300,7.7242942700,7.5500235300,7.5602747500,3154175,46824374.4700,0.658944,-1.205600
2012-05-14,7.5961540200,7.6217820700,7.4577625500,7.5397723100,3687114,54247722.4800,0.770282,-0.271200
2012-05-15,7.4372601100,7.5295210900,7.3860040100,7.5090186500,2643772,38452092.9200,0.552315,-0.407900
2012-05-16,7.4833906000,7.5602747500,7.3296223000,7.3347479100,2743582,39875617.7800,0.573167,-2.320800
2012-05-17,7.3398735200,7.4680137700,7.3398735200,7.4321345000,1820562,26339358.5000,0.380337,1.327700
2012-05-18,7.3603759600,7.4116320600,7.2527381500,7.2783662000,1981703,28302718.2700,0.414001,-2.069000
2012-05-21,7.2937430300,7.3244966900,7.0220857000,7.1707283900,3802699,53147516.2700,0.794429,-1.478900
2012-05-22,7.1758540000,7.2168588800,7.0682161900,7.2117332700,5482116,76338001.6600,1.145279,0.571800
2012-05-23,7.2117332700,7.2117332700,7.2117332700,7.2117332700,0,0.0000,,0.000000
2012-05-24,7.1348491200,7.1553515600,6.9708296000,6.9862064300,5207027,71608166.5900,1.087809,-3.127200
2012-05-25,6.9964576500,7.0015832600,6.6632930000,6.7145491000,8791080,116288629.0600,1.836560,-3.888500
2012-05-28,6.6632930000,6.8426893500,6.6120369000,6.8170613000,5084046,66473961.2500,1.062117,1.526700
2012-05-29,6.8068100800,6.9452015500,6.7504283700,6.9195735000,5154848,68745319.2800,1.076909,1.503800
2012-05-30,6.8939454500,6.9913320400,6.8375637400,6.9195735000,3480076,46904465.7100,0.727029,0.000000
2012-05-31,6.8683174000,6.9041966700,6.7965588600,6.8375637400,3649682,48699176.9600,0.762462,-1.185200
2012-06-01,6.8529405700,7.0938442400,6.8221869100,7.0374625300,5904902,80770500.6300,1.233604,2.923500
2012-06-04,6.9195735000,7.0477137500,6.8939454500,6.9246991100,5554357,75610562.6500,1.160371,-1.602300
2012-06-05,6.9144478900,6.9913320400,6.8375637400,6.9195735000,2936073,39546099.6900,0.613380,-0.074000
2012-06-06,6.9452015500,6.9605783800,6.7914332500,6.8170613000,2510179,33519991.1100,0.524406,-1.481500
2012-06-07,6.8785686200,6.9041966700,6.6735442200,6.7401771500,3031125,40034529.1400,0.633238,-1.127800
2012-06-08,6.7811820300,6.7914332500,6.5197759200,6.5607808000,4372430,56461095.7100,0.913452,-2.661600
2012-06-11,6.5761576300,7.1502259500,6.5659064100,7.0682161900,12313042,165878840.9200,2.572340,7.734400
2012-06-12,7.0220857000,7.0733418000,6.8990710600,6.9503271600,4205071,57139319.1600,0.878489,-1.667900
2012-06-13,6.9759552100,7.2424869300,6.9503271600,7.1297235100,6552030,91141864.1800,1.368796,2.581100
2012-06-14,7.0989698500,7.2271101000,7.0784674100,7.0989698500,5569326,77823338.7700,1.163498,-0.431300
2012-06-15,7.1040954600,7.1348491200,6.9298247200,7.0220857000,2491535,34178988.9400,0.520511,-1.083000
2012-06-18,7.1194722900,7.1348491200,6.9708296000,7.0374625300,4686266,64421943.0000,0.979016,0.219000
2012-06-19,7.0374625300,7.0528393600,6.9452015500,6.9605783800,2738008,37341330.6400,0.572002,-1.092500
2012-06-20,7.0067088700,7.2783662000,6.9964576500,7.0733418000,7781115,108346826.2300,1.625567,1.620000
2012-06-21,7.0220857000,7.0323369200,6.7811820300,6.9041966700,3595696,48293335.0400,0.751183,-2.391300
2012-06-25,6.8221869100,6.8836942300,6.5761576300,6.5966600700,3816962,50369312.6100,0.797408,-4.454300
2012-06-26,6.6120369000,6.6632930000,6.5351527500,6.6120369000,5401231,69450247.2600,1.040959,0.233100
2012-06-27,6.6325393400,6.6786698300,6.5402783600,6.5864088500,5305963,68428700.6700,1.022598,-0.387600
2012-06-28,6.6222881200,6.6530417800,6.1661088300,6.3455051800,6735560,84541192.1800,1.298119,-3.657600
2012-06-29,6.2788722500,6.4326405500,6.1558576100,6.4326405500,5921619,72614884.6800,1.141251,1.373200
2012-07-02,6.4480173800,6.6581673900,6.4275149400,6.6171625100,4645921,59758024.1200,0.895391,2.868500
2012-07-03,6.6017856800,6.7299259300,6.5864088500,6.6786698300,2786491,36234802.6700,0.537030,0.929500
2012-07-04,6.6786698300,6.7299259300,6.6171625100,6.7094234900,2071164,26945603.6700,0.399168,0.460500
2012-07-05,6.6325393400,6.7145491000,6.4172637200,6.4685198200,2722026,34630358.8800,0.524606,-3.590500
2012-07-06,6.4840422000,6.5849913600,6.3675624000,6.5383994400,3803790,31649137.0600,0.488727,1.080400
2012-07-09,6.5228688000,7.0897371600,6.4296849600,6.7247671200,15162840,132703249.0200,1.948184,2.850400
2012-07-10,6.6937058400,7.0198492800,6.6781752000,6.8257162800,8996192,79595586.0500,1.155868,1.501200
2012-07-11,6.8334816000,6.9654920400,6.7713590400,6.8723082000,6204857,54998559.9800,0.797226,0.682600
2012-07-12,6.8800735200,7.0120839600,6.7713590400,6.9421960800,6391042,56630219.3700,0.821147,1.016900
2012-07-13,6.9499614000,7.0664412000,6.8800735200,7.0431452400,8548252,77156640.1900,1.098315,1.454100
2012-07-16,7.0353799200,7.0664412000,6.6315832800,6.7713590400,5873321,51669318.9100,0.754628,-3.858900
2012-07-17,6.7170018000,6.8723082000,6.6781752000,6.8567775600,2515551,21974551.3500,0.323208,1.261500
2012-07-18,6.7558284000,7.0276146000,6.7558284000,6.9111348000,4966136,44320617.7500,0.638070,0.792800
2012-07-19,6.9111348000,7.1285637600,6.8878388400,7.0742065200,6306723,57299569.5500,0.810314,2.359600
2012-07-20,7.0819718400,7.1130331200,6.8956041600,7.0043186400,3386626,30425961.7300,0.435128,-0.987900
2012-07-23,6.9189001200,6.9189001200,6.7247671200,6.7480630800,4475348,39229541.1000,0.575011,-3.658500
2012-07-24,6.7170018000,6.8567775600,6.6781752000,6.7868896800,1264131,11035302.2200,0.162421,0.575400
2012-07-25,6.7868896800,6.8567775600,6.6937058400,6.7325324400,1496703,13056767.8200,0.192303,-0.800900
2012-07-26,6.7325324400,6.7558284000,6.6393486000,6.6471139200,1753100,15085176.7800,0.225246,-1.268700
2012-07-27,6.6781752000,6.7092364800,6.3520317600,6.4374502800,4622290,38455935.6800,0.593891,-3.154200
2012-07-30,6.4219196400,6.5461647600,6.3675624000,6.3986236800,3114044,25972078.1700,0.400105,-0.603100
2012-07-31,6.3830930400,6.5073381600,6.2200213200,6.2355519600,4035326,32909269.9300,0.518475,-2.548500
2012-08-01,6.2200213200,6.3597970800,6.1268374800,6.2122560000,5128826,41390352.7900,0.658973,-0.373600
2012-08-02,6.1811947200,6.2355519600,5.9870617200,6.0491842800,4636774,36381565.9100,0.595752,-2.625000
2012-08-03,6.0724802400,6.1501334400,5.9637657600,6.1501334400,5525197,43006529.2300,0.709900,1.668800
2012-08-06,6.1190721600,6.3365011200,6.0647149200,6.2899092000,9309240,73983951.9900,1.196089,2.272700
2012-08-07,6.2899092000,6.3597970800,6.2122560000,6.3442664400,6287769,50761491.4700,0.807878,0.864200
2012-08-08,6.3520317600,6.3520317600,6.2200213200,6.2510826000,4082666,32930378.4700,0.524558,-1.468800
2012-08-09,6.2899092000,6.3597970800,6.2200213200,6.3442664400,7893360,63924127.2300,1.014171,1.490700
2012-08-10,6.3520317600,6.4918075200,6.2821438800,6.4529809200,6833370,56454865.9400,0.877980,1.713600
2012-08-13,6.4529809200,6.5306341200,6.3365011200,6.3520317600,5068981,42006541.7100,0.651284,-1.564400
2012-08-14,6.3520317600,6.4063890000,6.2743785600,6.3986236800,4639571,37856549.0700,0.596111,0.733500
2012-08-15,6.3986236800,6.3986236800,6.1889600400,6.2588479200,5568788,44910034.9200,0.715501,-2.184500
2012-08-16,6.2122560000,6.2976745200,6.1889600400,6.2510826000,4150780,33351405.6400,0.533309,-0.124100
2012-08-17,6.2510826000,6.2899092000,6.2122560000,6.2666132400,1647956,13274462.8900,0.211736,0.248400
2012-08-20,6.2277866400,6.2666132400,6.1423681200,6.2277866400,2392602,19124790.9200,0.307411,-0.619600
2012-08-21,6.2122560000,6.3753277200,6.1811947200,6.3132051600,3609665,29356815.2600,0.463785,1.371600
2012-08-22,6.3054398400,6.3442664400,6.2433172800,6.3287358000,3088550,25044279.4300,0.396830,0.246000
2012-08-23,6.2976745200,6.3675624000,6.2277866400,6.2976745200,1926665,15592978.5200,0.247546,-0.490800
2012-08-24,6.2588479200,6.2821438800,6.1656640800,6.1734294000,2018369,16153273.2500,0.259328,-1.972900
2012-08-27,6.0724802400,6.1346028000,5.9637657600,6.0025923600,2467048,19121732.5700,0.316976,-2.767300
2012-08-28,6.0103576800,6.0414189600,5.8861125600,5.9482351200,4810242,36831125.7000,0.618040,-0.905600
2012-08-29,5.9404698000,5.9948270400,5.8239900000,5.8861125600,3165472,24058173.2400,0.406713,-1.044400
2012-08-30,5.8783472400,5.8783472400,5.4512546400,5.5289078400,8515544,61595864.3900,1.094112,-6.068602
2012-08-31,5.5133772000,5.5910304000,5.4046627200,5.5289078400,3482113,24678119.6300,0.447396,0.000000
2012-09-03,5.4978465600,5.6376223200,5.4590199600,5.5832650800,2942518,21083213.2500,0.378067,0.983100
2012-09-04,5.5910304000,5.7773980800,5.5133772000,5.5444384800,6223725,45270121.0900,0.799650,-0.695400
2012-09-05,5.5289078400,5.7308061600,5.4978465600,5.6686836000,4316171,31327973.9300,0.554559,2.240900
2012-09-06,5.6686836000,5.7075102000,5.5910304000,5.6376223200,3850243,27951426.3900,0.494695,-0.547900
2012-09-07,5.6686836000,6.0336536400,5.6686836000,5.9171738400,7673875,57696536.5500,0.985971,4.958700
2012-09-10,5.9016432000,6.0258883200,5.8628166000,6.0181230000,10032425,76771337.0300,1.289007,1.706000
2012-09-11,5.9792964000,6.0802455600,5.9171738400,6.0414189600,5137331,39609282.5900,0.660065,0.387100
2012-09-12,6.0569496000,6.0802455600,5.9792964000,6.0491842800,4248918,32963746.9800,0.545918,0.128500
2012-09-13,6.0647149200,6.1501334400,5.9792964000,5.9792964000,5017332,39150006.0800,0.644647,-1.155300
2012-09-14,6.0569496000,6.0569496000,5.8628166000,5.9249391600,5668461,43503115.7100,0.728307,-0.909100
2012-09-17,5.9094085200,5.9482351200,5.6298570000,5.6453876400,5538094,41286232.3500,0.711557,-4.718200
2012-09-18,5.5910304000,5.6842142400,5.5832650800,5.6298570000,2617267,18988176.0800,0.336277,-0.275100
2012-09-19,5.6453876400,5.6997448800,5.6220916800,5.6686836000,1230084,8970156.8900,0.158046,0.689700
2012-09-20,5.6531529600,5.7851634000,5.6143263600,5.6531529600,5614018,41344161.4300,0.721312,-0.274000
2012-09-21,5.5910304000,5.6842142400,5.5366731600,5.6453876400,3182392,23031650.5800,0.408887,-0.137400
2012-09-24,5.6453876400,5.6919795600,5.5133772000,5.6531529600,5401829,38910510.4300,0.694049,0.137600
2012-09-25,5.6531529600,5.7230408400,5.6143263600,5.6531529600,5219076,38108323.6100,0.670568,0.000000
2012-09-26,5.6531529600,5.7075102000,5.4900812400,5.5056118800,2585648,18614676.0200,0.332215,-2.609900
2012-09-27,5.4823159200,5.6531529600,5.4745506000,5.6376223200,4427626,31608860.5500,0.568880,2.397700
2012-09-28,5.6298570000,5.7463368000,5.5910304000,5.7308061600,4194838,30740446.7400,0.538970,1.652900
2012-10-08,5.7541021200,5.7696327600,5.5987957200,5.5987957200,2683557,19598370.2800,0.344794,-2.303500
2012-10-09,5.6376223200,5.7696327600,5.6143263600,5.7463368000,7936905,58456788.4900,1.019766,2.635200
2012-10-10,5.7385714800,5.8162246800,5.6919795600,5.8084593600,3867987,28673070.1100,0.496975,1.081100
2012-10-11,5.7851634000,5.9792964000,5.7385714800,5.8006940400,8183538,61605335.6500,1.051455,-0.133700
2012-10-12,5.8084593600,5.8938778800,5.7541021200,5.7851634000,3609780,27008345.7500,0.463799,-0.267700
2012-10-15,5.7851634000,5.8084593600,5.6220916800,5.6997448800,3243105,23709160.7500,0.416687,-1.476500
2012-10-16,5.6919795600,5.7075102000,5.5677344400,5.5987957200,9086212,65786574.1700,1.167434,-1.771100
2012-10-17,5.6143263600,5.6298570000,5.4978465600,5.6143263600,6752605,48405156.0100,0.867603,0.277400
2012-10-18,5.5910304000,5.6997448800,5.5677344400,5.6609182800,3828311,27811890.7600,0.491877,0.829900
2012-10-19,5.6686836000,5.7308061600,5.6220916800,5.6686836000,9282427,67788200.4500,1.192644,0.137177
2012-10-22,5.6376223200,5.8239900000,5.5910304000,5.7696327600,7929971,58609151.2900,1.018875,1.780800
2012-10-23,5.7463368000,5.9327044800,5.6842142400,5.6842142400,5417203,40388427.1000,0.696025,-1.480500
2012-10-24,5.6686836000,5.6686836000,5.4357240000,5.5133772000,13196414,93964242.2700,1.695530,-3.005500
2012-10-25,5.5133772000,5.5599691200,5.4201933600,5.4434893200,6654132,46990422.2800,0.854950,-1.267600
2012-10-26,5.4590199600,5.4667852800,5.2415910000,5.2571216400,6810779,46503472.2900,0.875077,-3.423700
2012-10-29,5.2571216400,5.2726522800,5.1561724800,5.2648869600,2505721,16838776.0900,0.321945,0.147700
2012-10-30,5.2648869600,5.2648869600,5.1561724800,5.1794684400,3938656,26359761.9400,0.506055,-1.622400
2012-10-31,5.1794684400,5.2182950400,5.1484071600,5.1794684400,3265842,21802390.5000,0.419609,0.000000
2012-11-01,5.1794684400,5.3037135600,5.1794684400,5.2881829200,4660770,31601551.3300,0.598835,2.099000
2012-11-02,5.2881829200,5.3114788800,5.2571216400,5.2726522800,4705947,31994035.3700,0.604639,-0.293700
2012-11-05,5.2881829200,5.3270095200,5.2493563200,5.2804176000,2916719,19814924.0200,0.374752,0.147300
2012-11-06,5.2881829200,5.3037135600,5.1484071600,5.2260603600,3457250,23154722.6200,0.444202,-1.029400
2012-11-07,5.2493563200,5.2571216400,5.1949990800,5.2338256800,1905887,12835159.2500,0.244876,0.148600
2012-11-08,5.2027644000,5.2338256800,5.1406418400,5.1406418400,2272755,15129571.7800,0.292013,-1.780400
2012-11-09,5.1484071600,5.1949990800,5.1251112000,5.1717031200,3300052,21968863.6300,0.424004,0.604200
2012-11-12,5.1717031200,5.2260603600,5.1717031200,5.1949990800,3186155,21334285.8100,0.409370,0.450500
2012-11-13,5.1949990800,5.2338256800,5.0629886400,5.0707539600,3378052,22320682.8300,0.434026,-2.391600
2012-11-14,5.0707539600,5.0707539600,4.9542741600,5.0008660800,3004770,19356086.6000,0.386065,-1.378300
2012-11-15,4.9698048000,4.9698048000,4.7446105200,4.7756718000,5315795,33337435.6000,0.682995,-4.503100
2012-11-16,4.7523758400,4.7912024400,4.6980186000,4.7368452000,3578052,21809261.4300,0.459723,-0.813000
2012-11-19,4.7446105200,4.7679064800,4.6436613600,4.6902532800,4542620,27401679.0900,0.583655,-0.983600
2012-11-20,4.6980186000,4.7213145600,4.6281307200,4.6281307200,2750287,16535190.7500,0.353368,-1.324500
2012-11-21,4.6281307200,4.6591920000,4.4728243200,4.6126000800,9151520,53559310.8600,1.175825,-0.335600
2012-11-22,4.5504775200,4.5660081600,4.4417630400,4.4961202800,9120240,52793378.7700,1.171806,-2.525300
2012-11-23,4.5038856000,4.5660081600,4.4650590000,4.5271815600,6665654,38802221.6100,0.856431,0.690800
2012-11-26,4.5194162400,4.5737734800,4.4728243200,4.5116509200,4848718,28285500.3800,0.622983,-0.343100
2012-11-27,4.4883549600,4.5038856000,4.3019872800,4.3019872800,7546948,42381929.0400,0.969663,-4.647200
2012-11-28,4.2942219600,4.3019872800,4.1699768400,4.1932728000,5478771,29787716.3700,0.703935,-2.527100
2012-11-29,4.1932728000,4.2476300400,4.1156196000,4.1233849200,3573152,19273398.1500,0.459093,-1.666700
2012-11-30,4.1233849200,4.2243340800,4.1233849200,4.2243340800,5626222,30278520.6800,0.722880,2.448200
2012-12-03,4.2165687600,4.2476300400,4.0767930000,4.0845583200,5730667,30657336.2100,0.736300,-3.308800
2012-12-04,4.0612623600,4.2010381200,3.9991398000,4.1932728000,6918820,36449766.3000,0.888958,2.661600
2012-12-05,4.1699768400,4.4728243200,4.1544462000,4.3408138800,16100768,89939863.3200,2.068693,3.518500
2012-12-06,4.3641098400,4.4417630400,4.3097526000,4.3718751600,9668681,54544862.7300,1.242272,0.715600
2012-12-07,4.3796404800,4.4961202800,4.3252832400,4.4961202800,13510147,76903338.7200,1.735839,2.841900
2012-12-10,4.5194162400,4.8222637200,4.5194162400,4.7368452000,24910930,150631704.4500,3.200659,5.354100
2012-12-11,4.6980186000,4.8222637200,4.6514266800,4.7057839200,13213986,80560729.0900,1.697787,-0.655700
2012-12-12,4.6747226400,4.7601411600,4.6203654000,4.6747226400,13193112,79768397.9000,1.695105,-0.660100
2012-12-13,4.6591920000,4.6747226400,4.5427122000,4.5582428400,8437052,49864613.1300,1.084027,-2.491700
2012-12-14,4.5349468800,4.8921516000,4.5349468800,4.8766209600,15699633,96229586.6000,2.017154,6.984700
2012-12-17,4.9076822400,5.1484071600,4.9076822400,5.1095805600,20935917,135604155.6500,2.689933,4.777100
2012-12-18,5.0707539600,5.1484071600,4.9698048000,5.0241620400,10129503,66061951.9200,1.301480,-1.671700
2012-12-19,5.0008660800,5.1095805600,4.9465088400,5.0241620400,9621605,62233616.4000,1.236223,0.000000
2012-12-20,4.9698048000,5.3037135600,4.9620394800,5.2338256800,20260747,135247144.2400,2.603184,4.173100
2012-12-21,5.2338256800,5.4046627200,5.1872337600,5.2959482400,12384645,84748988.6600,1.591230,1.186900
2012-12-24,5.2493563200,5.3503054800,5.2493563200,5.3114788800,8974381,61324321.9200,1.153065,0.293300
2012-12-25,5.2804176000,5.4667852800,5.2182950400,5.4046627200,13407975,93174620.8500,1.722712,1.754400
2012-12-26,5.4046627200,5.4745506000,5.3270095200,5.4745506000,12201493,84995425.9200,1.567698,1.293100
2012-12-27,5.4745506000,5.4823159200,5.2648869600,5.2804176000,13522061,93542810.5400,1.737370,-3.546100
2012-12-28,5.2726522800,5.3270095200,5.1639378000,5.2804176000,16552105,112194379.2500,2.126683,0.000000
2012-12-31,5.3580708000,5.4900812400,5.2338256800,5.4279586800,27467567,189802855.2500,3.529146,2.794100
2013-01-04,5.4823159200,5.8162246800,5.4823159200,5.8162246800,32480778,236236140.2300,4.173264,7.153100
2013-01-07,5.8239900000,6.2743785600,5.7696327600,6.0258883200,37613411,293105060.8300,4.832726,3.604800
2013-01-08,5.9560004400,6.1113068400,5.8317553200,6.0724802400,21380781,164582078.1000,2.747091,0.773200
2013-01-09,5.9948270400,6.0647149200,5.9327044800,5.9792964000,11447684,88130872.0900,1.470846,-1.534500
2013-01-10,5.9792964000,5.9792964000,5.9792964000,5.9792964000,0,0.0000,,0.000000
2013-01-11,5.8861125600,6.0103576800,5.4434893200,5.6919795600,29337950,216571537.2900,3.769461,-4.805200
2013-01-14,5.6143263600,5.8938778800,5.5910304000,5.8705819200,19503526,145872985.5800,2.505893,3.137800
2013-01-15,5.8783472400,6.0025923600,5.8084593600,5.8938778800,15525657,118039323.2700,1.994800,0.396800
2013-01-16,5.8938778800,5.8938778800,5.6453876400,5.6686836000,21930442,161829233.4100,2.817714,-3.820800
2013-01-17,5.6531529600,5.7541021200,5.6143263600,5.7075102000,9904682,72373969.5200,1.272594,0.684900
2013-01-18,5.6919795600,5.7851634000,5.5832650800,5.7385714800,12901600,94705731.5500,1.657651,0.544200
2013-01-21,5.7618674400,6.1035415200,5.7385714800,6.0647149200,20323410,154837281.6800,2.611235,5.683400
2013-01-22,6.0802455600,6.1734294000,5.9404698000,6.0258883200,16171313,125821261.3200,2.077757,-0.640200
2013-01-23,5.9792964000,6.0181230000,5.7773980800,5.9404698000,11599908,87818606.2500,1.490404,-1.417500
2013-01-24,5.9016432000,5.9560004400,5.5211425200,5.6376223200,19375634,143652308.5100,2.489461,-5.098000
2013-01-25,5.6376223200,5.6609182800,5.3658361200,5.4201933600,15283550,107736355.9200,1.963693,-3.856700
2013-01-28,5.4201933600,5.5522038000,5.4046627200,5.5366731600,21334026,150120588.3700,2.741084,2.149000
2013-01-29,5.5366731600,5.6453876400,5.4201933600,5.6143263600,17311747,123158086.3500,2.224285,1.402500
2013-01-30,5.5832650800,5.6065610400,5.4978465600,5.5444384800,13838191,98850058.0100,1.777988,-1.244800
2013-01-31,5.5832650800,5.6764489200,5.5832650800,5.6298570000,13221053,95743119.7800,1.698695,1.540600
2013-02-01,5.6376223200,5.6764489200,5.5522038000,5.6686836000,12467674,90460366.4200,1.601898,0.689700
2013-02-04,5.6764489200,5.8162246800,5.6298570000,5.7618674400,18914164,139556760.6800,2.430170,1.643800
2013-02-05,5.7618674400,5.7773980800,5.6531529600,5.7773980800,13394671,98519958.0600,1.721002,0.269500
2013-02-06,5.8162246800,5.9404698000,5.8162246800,5.8783472400,18860718,142210146.5300,2.423303,1.747300
2013-02-07,5.9016432000,5.9016432000,5.7385714800,5.8239900000,13276565,99165880.1200,1.705828,-0.924700
2013-02-08,5.8162246800,5.9560004400,5.8162246800,5.9016432000,13784339,104812055.1100,1.771069,1.333300
2013-02-18,5.9404698000,5.9404698000,5.7929287200,5.8239900000,11718449,88167959.4500,1.505635,-1.315800
2013-02-19,5.8084593600,5.8084593600,5.4900812400,5.5133772000,18870392,136239637.4100,2.424546,-5.333300
2013-02-20,5.5056118800,5.5832650800,5.4900812400,5.5832650800,10488772,74809160.3600,1.347641,1.267600
2013-02-21,5.5366731600,5.7075102000,5.4823159200,5.5677344400,18209179,131297044.6100,2.339590,-0.278200
2013-02-22,5.5599691200,5.6997448800,5.5522038000,5.5754997600,9983170,72483439.9000,1.282679,0.139500
2013-02-25,5.6220916800,5.6453876400,5.5522038000,5.5754997600,6741766,48485812.9900,0.866210,0.000000
2013-02-26,5.5832650800,5.6220916800,5.4978465600,5.5444384800,11248109,80472030.1500,1.445203,-0.557100
2013-02-27,5.5366731600,5.6298570000,5.5211425200,5.5522038000,8454069,60773562.9500,1.086214,0.140100
2013-02-28,5.5910304000,5.6686836000,5.4978465600,5.6143263600,10330264,74516094.7800,1.327275,1.118900
2013-03-01,5.6143263600,5.6609182800,5.5599691200,5.5910304000,8236858,59410804.9400,1.058305,-0.414900
2013-03-04,5.5754997600,5.5754997600,5.3658361200,5.3736014400,11520759,80767310.7100,1.480235,-3.888900
2013-03-05,5.3658361200,5.4357240000,5.3037135600,5.3425401600,11935066,82383911.3200,1.533466,-0.578000
2013-03-06,5.3658361200,5.4745506000,5.3192442000,5.4279586800,9623514,66951028.1100,1.236469,1.598800
2013-03-07,5.4434893200,5.4900812400,5.3580708000,5.3968974000,8367003,58449444.5500,1.075027,-0.572200
2013-03-08,5.3891320800,5.4046627200,5.2415910000,5.2804176000,8107576,55487375.6200,1.041695,-2.158300
2013-03-11,5.2804176000,5.2881829200,4.9232128800,4.9698048000,28613633,186560342.5400,3.676397,-5.882400
2013-03-12,4.9775701200,5.0474580000,4.7290798800,4.9387435200,20178145,126706945.2900,2.592571,-0.625000
2013-03-13,4.8610903200,4.8999169200,4.7368452000,4.7756718000,13766530,85015811.1000,1.768780,-3.301900
2013-03-14,4.7834371200,4.9232128800,4.7834371200,4.8455596800,10786587,67474684.7500,1.385905,1.463400
2013-03-15,4.8766209600,4.9387435200,4.7912024400,4.8610903200,9993465,62814779.6400,1.284002,0.320500
2013-03-18,4.8377943600,4.8533250000,4.6436613600,4.6591920000,11045088,67569848.0000,1.419118,-4.153400
2013-03-19,4.6747226400,4.7213145600,4.5970694400,4.6980186000,10370131,62407036.0000,1.332397,0.833300
2013-03-20,4.7057839200,4.8766209600,4.6824879600,4.8610903200,12710108,78694744.0000,1.633047,3.471100
2013-03-21,4.8610903200,4.8999169200,4.8067330800,4.8455596800,10292099,64352416.0000,1.322371,-0.319500
2013-03-22,4.8766209600,5.0396926800,4.8455596800,4.9542741600,14279963,91178936.0000,1.834748,2.243600
2013-03-25,4.9309782000,4.9853354400,4.8610903200,4.8999169200,7104500,44932616.0000,0.912815,-1.097200
2013-03-26,4.8843862800,4.8843862800,4.7523758400,4.7989677600,7484250,46334672.0000,0.961607,-2.060200
2013-03-27,4.8144984000,4.8766209600,4.7601411600,4.7912024400,7245055,44835868.0000,0.930875,-0.161800
2013-03-28,4.7756718000,4.7756718000,4.6126000800,4.6281307200,9792669,58998376.0000,1.258202,-3.403600
2013-03-29,4.6358960400,4.7057839200,4.6281307200,4.6436613600,9473783,56866480.0000,1.217231,0.335600
2013-04-01,4.6514266800,4.6980186000,4.6436613600,4.6980186000,5285113,31825530.0000,0.679053,1.170600
2013-04-02,4.6980186000,4.7523758400,4.6514266800,4.6669573200,4987543,30189662.0000,0.640820,-0.661200
2013-04-03,4.6824879600,4.7057839200,4.6358960400,4.6669573200,4089225,24596320.0000,0.525400,0.000000
2013-04-08,4.6358960400,4.7057839200,4.5582428400,4.7057839200,5564169,33234966.0000,0.714907,0.831900
2013-04-09,4.6980186000,4.7912024400,4.6980186000,4.7834371200,6887632,42179860.0000,0.884951,1.650200
2013-04-10,4.7834371200,4.9076822400,4.7679064800,4.8766209600,12775040,79817736.0000,1.641390,1.948100
2013-04-11,4.8766209600,4.8999169200,4.8144984000,4.8300290400,6593199,41252896.0000,0.847121,-0.955400
2013-04-12,4.8144984000,4.8688556400,4.7756718000,4.8067330800,6400933,39726460.0000,0.822418,-0.482311
2013-04-15,4.7912024400,4.7989677600,4.6436613600,4.6747226400,9559118,57722112.0000,1.228195,-2.746400
2013-04-16,4.6203654000,4.7135492400,4.5970694400,4.7057839200,6099502,36611896.0000,0.783689,0.664451
2013-04-17,4.7135492400,4.7213145600,4.6358960400,4.6824879600,4158806,25028596.0000,0.534341,-0.495000
2013-04-18,4.6902532800,4.7057839200,4.6358960400,4.6669573200,5005482,30039856.0000,0.643125,-0.331700
2013-04-19,4.6669573200,4.7601411600,4.6669573200,4.7601411600,13833808,84138192.0000,1.777425,1.996670
2013-04-22,4.7523758400,4.8610903200,4.7523758400,4.8144984000,10828656,67017084.0000,1.391310,1.141900
2013-04-23,4.8455596800,4.8455596800,4.6747226400,4.6980186000,8765472,53458124.0000,1.126224,-2.419300
2013-04-24,4.6980186000,4.7756718000,4.6747226400,4.7523758400,7958973,48446424.0000,1.022602,1.157000
2013-04-25,4.7446105200,4.7756718000,4.6980186000,4.7057839200,7275362,44397488.0000,0.934768,-0.980400
2013-04-26,4.7135492400,4.7523758400,4.6358960400,4.6436613600,7001022,42186036.0000,0.899520,-1.320131
2013-05-02,4.6358960400,4.6514266800,4.5815388000,4.6203654000,5363913,31836608.0000,0.689178,-0.501700
2013-05-03,4.6281307200,4.7290798800,4.6203654000,4.7057839200,7709942,46613852.0000,0.990605,1.848742
2013-05-06,4.7135492400,4.7601411600,4.6980186000,4.7523758400,12184423,74166056.0000,1.565505,0.990100
2013-05-07,4.7523758400,4.7912024400,4.7368452000,4.7756718000,8451304,51795720.0000,1.085858,0.490200
2013-05-08,4.7912024400,4.7989677600,4.7368452000,4.7601411600,7401441,45360824.0000,0.950968,-0.325200
2013-05-09,4.7601411600,4.7679064800,4.6824879600,4.7135492400,9001468,54655012.0000,1.156546,-0.978800
2013-05-10,4.7057839200,4.7368452000,4.6669573200,4.7213145600,7586521,45993248.0000,0.974747,0.164700
2013-05-13,4.7213145600,4.7213145600,4.6591920000,4.7057839200,8644866,52245148.0000,1.110728,-0.328900
2013-05-14,4.6902532800,4.6980186000,4.6281307200,4.6514266800,6291491,37710864.0000,0.808357,-1.155100
2013-05-15,4.6591920000,5.1173458800,4.6436613600,5.0474580000,50294839,321180896.0000,6.462088,8.514200
2013-05-16,5.0008660800,5.1095805600,4.9698048000,5.0629886400,23543515,152837600.0000,3.024968,0.307700
2013-05-17,5.0474580000,5.1949990800,5.0241620400,5.1095805600,21776167,143145184.0000,2.797892,0.920200
2013-05-20,5.1328765200,5.2881829200,5.1251112000,5.1717031200,21590766,144512784.0000,2.774071,1.215800
2013-05-21,5.1639378000,5.2493563200,5.1406418400,5.2182950400,18458234,123589984.0000,2.371590,0.900900
2013-05-22,5.2260603600,5.2415910000,5.1251112000,5.1406418400,14805859,98551184.0000,1.902318,-1.488100
2013-05-23,5.1251112000,5.3037135600,5.1095805600,5.1949990800,18837859,126450976.0000,2.420366,1.057400
2013-05-24,5.2027644000,5.2571216400,5.0552233200,5.1794684400,14553014,96403184.0000,1.869831,-0.299000
2013-05-27,5.1639378000,5.1794684400,5.0862846000,5.1561724800,11816333,78058552.0000,1.518211,-0.449800
2013-05-28,5.1794684400,5.3425401600,5.1717031200,5.3192442000,23208575,157448032.0000,2.981933,3.162700
2013-05-29,5.3503054800,5.3580708000,5.2571216400,5.2571216400,16031341,109267192.0000,2.059773,-1.167900
2013-05-30,5.2571216400,5.3270095200,5.2027644000,5.2493563200,12386512,83839608.0000,1.591470,-0.147700
2013-05-31,5.2493563200,5.3114788800,5.1561724800,5.1872337600,12251709,82653064.0000,1.574150,-1.183438
2013-06-03,5.1717031200,5.2338256800,5.1173458800,5.1561724800,8725314,58128160.0000,1.121064,-0.598800
2013-06-04,5.1328765200,5.1561724800,4.9465088400,5.0008660800,13022852,84579264.0000,1.673230,-3.012000
2013-06-05,4.9931007600,5.0629886400,4.9542741600,5.0396926800,7556002,48740276.0000,0.970826,0.776400
2013-06-06,5.0086314000,5.0163967200,4.8533250000,4.8610903200,9081025,57771852.0000,1.166767,-3.543900
2013-06-07,4.8688556400,4.8999169200,4.7601411600,4.7756718000,10794521,67141504.0000,1.386925,-1.757200
2013-06-13,4.7523758400,4.7523758400,4.5660081600,4.6281307200,9069375,54276264.0000,1.165271,-3.089400
2013-06-14,4.6281307200,4.7446105200,4.6281307200,4.6980186000,5692073,34331716.0000,0.731341,1.510100
2013-06-17,4.7135492400,4.7446105200,4.6126000800,4.7368452000,5746987,34561308.0000,0.738397,0.826400
2013-06-18,4.7057839200,4.7601411600,4.6824879600,4.7213145600,4085192,24817026.0000,0.524882,-0.327900
2013-06-19,4.7135492400,4.7135492400,4.5893041200,4.6669573200,4728213,28305892.0000,0.607500,-1.151300
2013-06-20,4.6436613600,4.6902532800,4.5815388000,4.5970694400,4192212,24971076.0000,0.538633,-1.497500
2013-06-21,4.5338825000,4.5338825000,4.4075025000,4.4785912500,9450578,53319416.0000,1.214249,-2.577300
2013-06-24,4.4785912500,4.4785912500,4.0757550000,4.2337300000,8292660,45477484.0000,1.065475,-5.467400
2013-06-25,4.2258312500,4.2732237500,3.8071975000,4.1863375000,10979528,56683192.0000,1.410695,-1.119400
2013-06-26,4.1863375000,4.2179325000,4.1073500000,4.1626412500,5872142,30904138.0000,0.754477,-0.566000
2013-06-27,4.1784387500,4.2258312500,4.0678562500,4.0836537500,6849214,35979440.0000,0.880015,-1.897500
2013-06-28,4.0678562500,4.1468437500,3.9967675000,4.0915525000,6496164,33582692.0000,0.834654,0.193400
2013-07-01,4.0915525000,4.1626412500,4.0362612500,4.1547425000,4884876,25312408.0000,0.627630,1.544400
2013-07-02,4.1468437500,4.1547425000,4.0678562500,4.1389450000,4819746,25086418.0000,0.619262,-0.380200
2013-07-03,4.1073500000,4.1310462500,3.9493750000,4.0678562500,8486800,43290144.0000,1.090420,-1.717600
2013-07-04,4.0441600000,4.1310462500,3.9730712500,4.0836537500,8661748,44497652.0000,1.112898,0.388300
2013-07-05,4.0678562500,4.1310462500,4.0599575000,4.0757550000,5840254,30293904.0000,0.750381,-0.193400
2013-07-08,4.0204637500,4.0204637500,3.9177800000,3.9177800000,6515147,32637504.0000,0.837094,-3.876000
2013-07-09,3.9098812500,3.9493750000,3.8703875000,3.9335775000,3066805,15225792.0000,0.394036,0.403200
2013-07-10,3.9335775000,4.1310462500,3.9335775000,4.1310462500,8592167,44262364.0000,1.103958,5.020100
2013-07-11,4.1231475000,4.3127175000,4.1073500000,4.2574262500,11833381,63349528.0000,1.520403,3.059300
2013-07-12,4.2495275000,4.2732237500,4.1389450000,4.1468437500,6744657,35956140.0000,0.866582,-2.597400
2013-07-15,4.1705400000,4.3127175000,4.1468437500,4.2574262500,6503798,34958180.0000,0.835636,2.666700
2013-07-16,4.2574262500,4.3206162500,4.1863375000,4.2969200000,5797963,31249102.0000,0.744947,0.927600
2013-07-17,4.2890212500,4.3206162500,4.1863375000,4.1942362500,5890905,31671604.0000,0.756889,-2.389700
2013-07-18,4.1547425000,4.2021350000,4.1231475000,4.1468437500,5385972,28313904.0000,0.692013,-1.129900
2013-07-19,4.1310462500,4.1863375000,4.0204637500,4.0204637500,5755889,29937684.0000,0.739541,-3.047600
2013-07-22,4.0046662500,4.0836537500,3.9651725000,4.0836537500,3145816,16060828.0000,0.404188,1.571700
2013-07-23,4.0915525000,4.1784387500,4.0520587500,4.1784387500,4904404,25746152.0000,0.630139,2.321100
2013-07-24,4.1705400000,4.1784387500,4.0836537500,4.1389450000,4998026,26093328.0000,0.642168,-0.945200
2013-07-25,4.1389450000,4.1547425000,4.0836537500,4.0915525000,4270624,22234650.0000,0.548708,-1.145000
2013-07-26,4.0678562500,4.0994512500,4.0204637500,4.0362612500,3397099,17430094.0000,0.436474,-1.351400
2013-07-29,4.0125650000,4.0125650000,3.9414762500,3.9651725000,4119026,20723302.0000,0.529230,-1.761300
2013-07-30,3.9888687500,4.0599575000,3.9335775000,4.0362612500,3728972,18874728.0000,0.479114,1.792800
2013-07-31,4.0362612500,4.0599575000,3.9888687500,4.0046662500,4307538,21948816.0000,0.553451,-0.782800
2013-08-01,4.0204637500,4.0757550000,3.9967675000,4.0757550000,8047970,41127336.0000,1.034038,1.775100
2013-08-02,4.0836537500,4.0994512500,4.0599575000,4.0678562500,6783221,35050432.0000,0.871537,-0.193800
2013-08-05,4.0678562500,4.1705400000,4.0520587500,4.1626412500,7304211,38054008.0000,0.938476,2.330100
2013-08-06,4.1231475000,4.2890212500,4.1231475000,4.2574262500,12000674,64221368.0000,1.541898,2.277000
2013-08-07,4.2179325000,4.2574262500,4.1705400000,4.1942362500,9000441,47964112.0000,1.156415,-1.484200
2013-08-08,4.1942362500,4.2337300000,4.1547425000,4.1942362500,5169542,27453836.0000,0.664205,0.000000
2013-08-09,4.1942362500,4.3285150000,4.1942362500,4.2732237500,11350073,61358952.0000,1.458306,1.883200
2013-08-12,4.2732237500,4.4469962500,4.2732237500,4.3996037500,19939378,111014536.0000,2.561896,2.957500
2013-08-13,4.4390975000,4.4390975000,4.3680087500,4.4075025000,8865358,49345356.0000,1.139059,0.179500
2013-08-14,4.4075025000,4.5259837500,4.3996037500,4.4390975000,12143149,68705752.0000,1.560204,0.716800
2013-08-15,4.4390975000,4.4627937500,4.2969200000,4.3127175000,9295580,51450292.0000,1.194336,-2.847000
2013-08-16,4.3048187500,4.4311987500,4.2653250000,4.3048187500,10834244,59399736.0000,1.392030,-0.183200
2013-08-19,4.2732237500,4.3996037500,4.2653250000,4.3759075000,6319032,34867092.0000,0.811896,1.651400
2013-08-20,4.3838062500,4.4075025000,4.3127175000,4.3206162500,8271422,45662912.0000,1.062748,-1.263500
2013-08-21,4.3127175000,4.3917050000,4.2890212500,4.3680087500,5879705,32384708.0000,0.755450,1.096900
2013-08-22,4.3522112500,4.3996037500,4.3285150000,4.3601100000,7646673,42266532.0000,0.982477,-0.180800
2013-08-23,4.3601100000,4.3838062500,4.2416287500,4.3285150000,7496051,41001580.0000,0.963125,-0.724600
2013-08-26,4.3443125000,4.3996037500,4.3127175000,4.3917050000,9600852,53181148.0000,1.233558,1.459900
2013-08-27,4.3996037500,4.4075025000,4.3601100000,4.3996037500,8606234,47765904.0000,1.105766,0.179900
2013-08-28,4.3759075000,4.4785912500,4.3443125000,4.4075025000,11260058,62748816.0000,1.446740,0.179500
2013-08-29,4.4075025000,4.4943887500,4.3996037500,4.4785912500,13328076,75130752.0000,1.712448,1.612900
2013-08-30,4.4864900000,4.5259837500,4.4154012500,4.4390975000,13782267,78170488.0000,1.770804,-0.881800
2013-09-02,4.4627937500,4.4706925000,4.3364137500,4.3917050000,10576076,58493120.0000,1.358859,-1.067600
2013-09-03,4.3917050000,4.4548950000,4.3759075000,4.4548950000,8960108,50084888.0000,1.151233,1.438800
2013-09-04,4.4548950000,4.4943887500,4.4311987500,4.4706925000,10853779,61341296.0000,1.394540,0.354600
2013-09-05,4.4706925000,4.4706925000,4.3917050000,4.3917050000,6945679,38904700.0000,0.892410,-1.766800
2013-09-06,4.3838062500,4.4233000000,4.3601100000,4.3838062500,7858753,43613964.0000,1.009726,-0.179900
2013-09-09,4.4075025000,4.4864900000,4.3759075000,4.4627937500,13732088,77164656.0000,1.764357,1.801800
2013-09-10,4.4864900000,4.5496800000,4.4627937500,4.5496800000,20829777,118877920.0000,2.676299,1.946900
2013-09-11,4.5812750000,4.6839587500,4.5496800000,4.6207687500,28303645,165368837.0000,3.636573,1.562500
2013-09-12,4.6049712500,4.7629462500,4.5891737500,4.7392500000,21448028,127868008.0000,2.755734,2.564100
2013-09-13,4.7471487500,4.9130225000,4.6839587500,4.7629462500,31344021,190386157.0000,4.027214,0.500000
2013-09-16,4.7629462500,4.7787437500,4.6128700000,4.6839587500,18122457,107055044.0000,2.328451,-1.658400
2013-09-17,4.6918575000,4.7550475000,4.6049712500,4.6286675000,12664691,74939312.0000,1.627214,-1.180400
2013-09-18,4.6286675000,4.6997562500,4.5970725000,4.6918575000,12155922,71613616.0000,1.561845,1.365200
2013-09-23,4.6918575000,4.7471487500,4.6602625000,4.7313512500,15523701,92568141.0000,1.994551,0.841800
2013-09-24,4.7392500000,4.7550475000,4.5970725000,4.6918575000,11623962,68787403.0000,1.493496,-0.834700
2013-09-25,4.6997562500,5.1578837500,4.6918575000,5.1578837500,86988269,559286736.0000,11.176624,9.932700
2013-09-26,5.1578837500,5.2605675000,4.9762125000,4.9920100000,50745440,329167792.0000,6.519991,-3.215900
2013-09-27,4.9920100000,5.1262887500,4.8419337500,4.8972250000,28936563,182603782.0000,3.717893,-1.898700
2013-09-30,4.9367187500,5.0630987500,4.8182375000,5.0473012500,19219378,120814314.0000,2.469388,3.064500
2013-10-08,5.0236050000,5.1657825000,4.8972250000,5.0473012500,26584886,169473009.0000,3.415740,0.000000
2013-10-09,4.9841112500,5.0236050000,4.8972250000,4.9841112500,18389332,115499530.0000,2.362740,-1.252000
2013-10-10,4.9841112500,5.2131750000,4.9288200000,5.0630987500,25148035,162289059.0000,3.231127,1.584800
2013-10-11,5.1262887500,5.5686187500,5.0867950000,5.4501375000,60645649,417339760.0000,7.792012,7.644300
2013-10-14,5.3790487500,5.7265937500,5.3711500000,5.5686187500,36795064,258992181.0000,4.727587,2.173900
2013-10-15,5.5686187500,5.7660875000,5.4659350000,5.6002137500,29179300,207729356.0000,3.749081,0.567400
2013-10-16,5.5291250000,5.6949987500,5.2921625000,5.3316562500,23339677,161078220.0000,2.998781,-4.795500
2013-10-17,5.3474537500,5.6555050000,5.1420862500,5.1657825000,25317866,171939417.0000,3.252947,-3.111100
2013-10-18,5.1657825000,5.3079600000,5.1104912500,5.2842637500,15293885,100873037.0000,1.965024,2.293600
2013-10-21,5.3711500000,5.5212262500,5.3000612500,5.4975300000,22891223,156914230.0000,2.941162,4.035900
2013-10-22,5.4738337500,5.5133275000,5.2052762500,5.2921625000,24806318,166996752.0000,3.187222,-3.735600
2013-10-23,5.3079600000,5.3553525000,4.9051237500,4.9920100000,29490055,190046682.0000,3.789008,-5.671600
2013-10-24,5.0078075000,5.0552000000,4.9051237500,5.0315037500,12195900,77197637.0000,1.566981,0.791100
2013-10-25,5.0394025000,5.0394025000,4.8182375000,4.8972250000,12455400,77509810.0000,1.600323,-2.668800
2013-10-28,4.8735287500,4.9446175000,4.8340350000,4.8972250000,7283479,45043323.0000,0.935812,0.000000
2013-10-29,4.9051237500,4.9604150000,4.5970725000,4.7155537500,20730758,124655889.0000,2.663576,-3.709700
2013-10-30,4.7313512500,4.8261362500,4.6602625000,4.8103387500,12201421,73241001.0000,1.567691,2.010100
2013-10-31,4.7866425000,4.7866425000,4.6997562500,4.7471487500,7151007,42940600.0000,0.918792,-1.313600
2013-11-01,4.7550475000,4.8024400000,4.6839587500,4.7629462500,4865068,29207079.0000,0.625085,0.332800
2013-11-04,4.7708450000,4.8735287500,4.7629462500,4.8182375000,6552034,40085105.0000,0.841833,1.160900
2013-11-05,4.8103387500,4.9525162500,4.7471487500,4.9209212500,8510312,52260634.0000,1.093441,2.131100
2013-11-06,4.9130225000,4.9209212500,4.7945412500,4.8182375000,9988092,61416556.0000,1.283313,-2.086700
2013-11-07,4.7787437500,5.0315037500,4.7313512500,4.8972250000,16510006,102202307.0000,2.121276,1.639300
2013-11-08,4.8024400000,4.8893262500,4.7234525000,4.7471487500,11860170,71740662.0000,1.523845,-3.064500
2013-11-11,4.7234525000,4.7629462500,4.6760600000,4.7234525000,6761399,40524508.0000,0.868733,-0.499200
2013-11-12,4.7234525000,4.7708450000,4.6760600000,4.7471487500,6302844,37748279.0000,0.809816,0.501700
2013-11-13,4.7313512500,4.7313512500,4.5417812500,4.5496800000,10396125,60727336.0000,1.335739,-4.159700
2013-11-14,4.5259837500,4.5891737500,4.4706925000,4.5575787500,7180895,41210193.0000,0.922632,0.173600
2013-11-15,4.5654775000,4.6997562500,4.5417812500,4.6286675000,9002616,52953961.0000,1.156695,1.559800
2013-11-18,4.8735287500,5.0157062500,4.8103387500,4.8656300000,20420129,125991966.0000,2.623665,5.119500
2013-11-19,4.8735287500,4.9130225000,4.8182375000,4.8814275000,11916527,73579498.0000,1.531086,0.324700
2013-11-20,4.8814275000,4.9288200000,4.8656300000,4.9209212500,7996432,49558913.0000,1.027416,0.809100
2013-11-21,4.9130225000,4.9130225000,4.8498325000,4.8893262500,6504473,40180897.0000,0.835722,-0.642100
2013-11-22,4.8972250000,4.9209212500,4.7787437500,4.8182375000,8278878,50766136.0000,1.063706,-1.454000
2013-11-25,4.7866425000,4.8577312500,4.7313512500,4.7550475000,9638729,58598806.0000,1.238425,-1.311500
2013-11-26,4.7629462500,4.7866425000,4.7076550000,4.7471487500,5919490,35581285.0000,0.760561,-0.166100
2013-11-27,4.7392500000,4.8893262500,4.7234525000,4.8340350000,7004094,42762658.0000,0.899916,1.830300
2013-11-28,4.8419337500,4.9051237500,4.8340350000,4.8577312500,9368662,57792634.0000,1.203726,0.490200
2013-11-29,4.8814275000,4.9288200000,4.8498325000,4.8814275000,8861358,54765645.0000,1.138545,0.487800
2013-12-02,4.7787437500,4.8419337500,4.6681612500,4.6918575000,11510983,69284227.0000,1.478980,-3.883500
2013-12-03,4.6918575000,4.8577312500,4.6760600000,4.8419337500,7273341,44053041.0000,0.934510,3.198700
2013-12-04,4.8498325000,4.9999087500,4.8261362500,4.9367187500,15509460,97020976.0000,1.992722,1.957600
2013-12-05,4.9367187500,5.0630987500,4.9051237500,5.0078075000,15177439,95886267.0000,1.950062,1.440000
2013-12-06,5.0157062500,5.1499850000,5.0157062500,5.0473012500,18438222,118717102.0000,2.369021,0.788600
2013-12-09,5.0788962500,5.1025925000,5.0157062500,5.0946937500,10558167,67659557.0000,1.356558,0.939000
2013-12-10,5.0630987500,5.2921625000,5.0630987500,5.1815800000,26305645,174200272.0000,3.379862,1.705400
2013-12-11,5.1815800000,5.2763650000,4.9999087500,5.0709975000,18724690,121403358.0000,2.405828,-2.134100
2013-12-12,5.0630987500,5.2447700000,5.0473012500,5.1183900000,11849767,77244982.0000,1.522509,0.934600
2013-12-13,5.0946937500,5.1736812500,5.0552000000,5.0867950000,6869613,44454878.0000,0.882637,-0.617300
2013-12-16,5.0630987500,5.1262887500,4.9288200000,4.9446175000,11108714,70383233.0000,1.427295,-2.795000
2013-12-17,5.0157062500,5.0236050000,4.8735287500,4.9367187500,7552652,47178197.0000,0.970397,-0.159700
2013-12-18,4.9604150000,4.9841112500,4.9209212500,4.9446175000,4209831,26396694.0000,0.540897,0.160000
2013-12-19,4.9762125000,5.0078075000,4.8419337500,4.8972250000,7333108,45738584.0000,0.942189,-0.958500
2013-12-20,4.8972250000,4.9130225000,4.7945412500,4.8182375000,5904092,36182240.0000,0.758583,-1.612900
2013-12-23,4.8261362500,4.8577312500,4.7234525000,4.8419337500,8711322,52790126.0000,1.119268,0.491800
2013-12-24,4.8419337500,4.9446175000,4.7787437500,4.8814275000,7142896,44110159.0000,0.917750,0.815700
2013-12-25,4.8814275000,4.9209212500,4.8498325000,4.9209212500,5799759,35967287.0000,0.745178,0.809100
2013-12-26,4.9288200000,4.9367187500,4.7550475000,4.8735287500,8503469,52052951.0000,1.092562,-0.963100
2013-12-27,4.8656300000,4.9841112500,4.8419337500,4.9841112500,7289902,45341557.0000,0.936638,2.269000
2013-12-30,4.9999087500,5.0315037500,4.9209212500,4.9288200000,7637290,47941089.0000,0.981272,-1.109400
2013-12-31,4.9209212500,4.9762125000,4.8656300000,4.9525162500,9646710,60000009.0000,1.239449,0.480800
2014-01-02,4.9367187500,4.9446175000,4.8735287500,4.9130225000,5083456,31562220.0000,0.653143,-0.797400
2014-01-03,4.9051237500,4.9051237500,4.7629462500,4.7866425000,8651317,52646407.0000,1.111557,-2.572300
2014-01-06,4.7787437500,4.7787437500,4.5259837500,4.5575787500,11074900,64942377.0000,1.422949,-4.785500
2014-01-07,4.4943887500,4.5891737500,4.4943887500,4.5259837500,5857522,33620451.0000,0.752599,-0.693200
2014-01-08,4.5180850000,4.6049712500,4.5180850000,4.5338825000,6519011,37638801.0000,0.837589,0.174500
2014-01-09,4.5180850000,4.5970725000,4.4943887500,4.4943887500,4266895,24554407.0000,0.548228,-0.871100
2014-01-10,4.4469962500,4.4864900000,4.3048187500,4.3443125000,6968549,38670916.0000,0.895348,-3.339200
2014-01-13,4.3601100000,4.3917050000,4.2811225000,4.3206162500,4248178,23274179.0000,0.545823,-0.545500
2014-01-14,4.3443125000,4.3838062500,4.3048187500,4.3759075000,5270772,29020025.0000,0.677210,1.279700
2014-01-15,4.3917050000,4.4075025000,4.3443125000,4.3996037500,3985179,22077786.0000,0.512032,0.541500
2014-01-16,4.3996037500,4.4390975000,4.3680087500,4.3838062500,4092532,22826976.0000,0.525825,-0.359100
2014-01-17,4.3759075000,4.3759075000,4.2732237500,4.2890212500,3707841,20215750.0000,0.476399,-2.162200
2014-01-20,4.3048187500,4.3127175000,4.2258312500,4.2969200000,2945969,15925296.0000,0.378510,0.184200
2014-01-21,4.2811225000,4.3759075000,4.2653250000,4.3680087500,3438658,18917044.0000,0.441813,1.654400
2014-01-22,4.3680087500,4.5496800000,4.3443125000,4.5022875000,6726746,38035024.0000,0.864280,3.074100
2014-01-23,4.4864900000,4.5259837500,4.4469962500,4.4943887500,4410297,25086815.0000,0.566653,-0.175400
2014-01-24,4.5022875000,4.5970725000,4.4864900000,4.5575787500,6681021,38606225.0000,0.858405,1.406000
2014-01-27,4.5417812500,4.5417812500,4.4627937500,4.4627937500,7327500,41668818.0000,0.941467,-2.079700
2014-01-28,4.4627937500,4.5101862500,4.4233000000,4.4627937500,3508804,19847819.0000,0.450826,0.000000
2014-01-29,4.4627937500,4.5417812500,4.4548950000,4.5338825000,3793582,21664869.0000,0.487415,1.592900
2014-01-30,4.5338825000,4.5338825000,4.4390975000,4.4548950000,3272785,18559183.0000,0.420501,-1.742200
2014-02-07,4.4075025000,4.4785912500,4.3759075000,4.4706925000,3072569,17228092.0000,0.394776,0.354600
2014-02-10,4.4627937500,4.5812750000,4.4627937500,4.5654775000,10082888,57894076.0000,1.295491,2.120100
2014-02-11,4.5417812500,4.6918575000,4.5417812500,4.5970725000,10295399,60253453.0000,1.322795,0.692000
2014-02-12,4.6365662500,4.6760600000,4.6049712500,4.6444650000,8020392,47051047.0000,1.030493,1.030900
2014-02-13,4.6286675000,4.6997562500,4.6049712500,4.6207687500,10172177,59876966.0000,1.306963,-0.510200
2014-02-14,4.6365662500,4.7313512500,4.6128700000,4.7313512500,15445821,91397890.0000,1.984543,2.393200
2014-02-17,4.7392500000,4.8103387500,4.7313512500,4.7866425000,11089372,67062874.0000,1.424808,1.168600
2014-02-18,4.7945412500,4.8024400000,4.6997562500,4.7234525000,10455980,62839206.0000,1.343427,-1.320100
2014-02-19,4.7392500000,4.8814275000,4.6839587500,4.7313512500,20296150,122831340.0000,2.607733,0.167200
2014-02-20,4.7629462500,4.8735287500,4.7076550000,4.8103387500,25077516,152817564.0000,3.222063,1.669400
2014-02-21,4.8024400000,4.8024400000,4.6128700000,4.6523637500,13054620,77694140.0000,1.677311,-3.284100
2014-02-24,4.6128700000,4.6523637500,4.4864900000,4.5101862500,15156858,86886367.0000,1.947416,-3.056000
2014-02-25,4.4943887500,4.5891737500,4.3601100000,4.3759075000,11916845,67849038.0000,1.531125,-2.977200
2014-02-26,4.3838062500,4.4311987500,4.3285150000,4.3996037500,5199488,28914422.0000,0.668052,0.541500
2014-02-27,4.4075025000,4.4548950000,4.3285150000,4.3443125000,11105905,61819160.0000,1.426932,-1.256700
2014-02-28,4.3364137500,4.3838062500,4.2732237500,4.3838062500,8131681,44629839.0000,1.044792,0.909100
2014-03-03,4.3917050000,4.4785912500,4.3601100000,4.4627937500,11149497,62616092.0000,1.432533,1.801800
2014-03-04,4.4469962500,4.4943887500,4.3917050000,4.4785912500,12027075,67708361.0000,1.545288,0.354000
2014-03-05,4.4785912500,4.6128700000,4.4627937500,4.5259837500,12771260,73387346.0000,1.640904,1.058200
2014-03-06,4.5259837500,4.5970725000,4.4627937500,4.5338825000,7720408,44264010.0000,0.991950,0.174500
2014-03-07,4.5417812500,4.5812750000,4.4627937500,4.4706925000,5577218,31942428.0000,0.716584,-1.393700
2014-03-10,4.4706925000,4.4706925000,4.3127175000,4.3285150000,7628805,42260143.0000,0.980180,-3.180200
2014-03-11,4.3285150000,4.4943887500,4.3048187500,4.4233000000,14334635,80310040.0000,1.841773,2.189800
2014-03-12,4.4154012500,4.5101862500,4.3601100000,4.4469962500,9514961,53460165.0000,1.222521,0.535700
2014-03-13,4.4390975000,4.4943887500,4.4311987500,4.4469962500,7637703,43119127.0000,0.981324,0.000000
2014-03-14,4.4390975000,4.4548950000,4.3838062500,4.4075025000,4083065,22810640.0000,0.524609,-0.888100
2014-03-17,4.4233000000,4.4627937500,4.3838062500,4.4548950000,4027670,22575505.0000,0.517492,1.075300
2014-03-18,4.4548950000,4.4864900000,4.4311987500,4.4469962500,5597554,31571443.0000,0.719197,-0.177300
2014-03-19,4.5338825000,4.6760600000,4.5022875000,4.5654775000,16238591,94254694.0000,2.086401,2.664300
2014-03-20,4.5101862500,4.5733762500,4.3838062500,4.3838062500,16231417,91707721.0000,2.085479,-3.979200
2014-03-21,4.3917050000,4.4864900000,4.2969200000,4.4390975000,18657637,103661949.0000,2.397210,1.261300
2014-03-24,4.4390975000,4.5180850000,4.4075025000,4.4706925000,16513261,93108118.0000,2.121692,0.711700
2014-03-25,4.4548950000,4.5259837500,4.4469962500,4.5101862500,16708922,94968685.0000,2.146831,0.883400
2014-03-26,4.5259837500,4.5417812500,4.4233000000,4.4627937500,8638230,48990657.0000,1.109875,-1.050800
2014-03-27,4.4548950000,4.4943887500,4.3759075000,4.4233000000,11237557,63166566.0000,1.443848,-0.885000
2014-03-28,4.4154012500,4.6207687500,4.3996037500,4.5496800000,25585278,146735571.0000,3.287302,2.857100
2014-03-31,4.5496800000,4.6286675000,4.5180850000,4.5812750000,21660236,125502279.0000,2.782996,0.694400
2014-04-01,4.5575787500,4.6128700000,4.5338825000,4.6128700000,12742545,73937786.0000,1.637215,0.689700
2014-04-02,4.5970725000,4.6286675000,4.5575787500,4.5891737500,10902684,63342859.0000,1.400822,-0.513700
2014-04-03,4.5891737500,4.5970725000,4.5022875000,4.5259837500,9556621,55081700.0000,1.227874,-1.376900
2014-04-04,4.5101862500,4.5575787500,4.4864900000,4.5417812500,6548563,37604077.0000,0.841386,0.349000
2014-04-08,4.5417812500,4.6049712500,4.5180850000,4.6049712500,12239994,70868535.0000,1.572645,1.391300
2014-04-09,4.6049712500,4.6049712500,4.5575787500,4.5891737500,10580404,61364492.0000,1.359414,-0.343100
2014-04-10,4.6049712500,4.6286675000,4.5575787500,4.6128700000,13639925,79408362.0000,1.752514,0.516400
2014-04-11,4.5970725000,4.6681612500,4.5812750000,4.6365662500,15782286,92519635.0000,2.027773,0.513700
2014-04-14,4.6365662500,4.6444650000,4.6049712500,4.6286675000,8353840,48905570.0000,1.073336,-0.170400
2014-04-15,4.6286675000,4.6365662500,4.5496800000,4.5496800000,10223464,59275259.0000,1.313553,-1.706500
2014-04-16,4.5338825000,4.6444650000,4.5338825000,4.6049712500,8542600,49589298.0000,1.097588,1.215300
2014-04-17,4.6128700000,4.6207687500,4.5654775000,4.5733762500,5603222,32550298.0000,0.719925,-0.686100
2014-04-18,4.5970725000,4.5970725000,4.5575787500,4.5733762500,6393106,37037981.0000,0.821413,0.000000
2014-04-21,4.5575787500,4.5733762500,4.4548950000,4.4548950000,8729458,50000328.0000,1.121597,-2.590700
2014-04-22,4.4390975000,4.4864900000,4.4154012500,4.4785912500,6796932,38320591.0000,0.873298,0.531900
2014-04-23,4.4785912500,4.4785912500,4.4390975000,4.4548950000,4747027,26774662.0000,0.609918,-0.529100
2014-04-24,4.4627937500,4.4943887500,4.4390975000,4.4548950000,5232833,29565636.0000,0.672336,0.000000
2014-04-25,4.4390975000,4.4785912500,4.3680087500,4.3680087500,6265525,35036704.0000,0.805020,-1.950300
2014-04-28,4.3364137500,4.3443125000,4.2653250000,4.2732237500,6913912,37573666.0000,0.888328,-2.170000
2014-04-29,4.2732237500,4.3364137500,4.2732237500,4.3364137500,3896923,21211481.0000,0.500693,1.478700
2014-04-30,4.3364137500,4.3601100000,4.3206162500,4.3601100000,4695805,25814332.0000,0.603336,0.546500
2014-05-05,4.3443125000,4.3996037500,4.3364137500,4.3917050000,3978519,22020007.0000,0.511177,0.724600
2014-05-06,4.3680087500,4.4233000000,4.3680087500,4.3917050000,3085272,17170238.0000,0.396408,0.000000
2014-05-07,4.3601100000,4.3917050000,4.3364137500,4.3364137500,3920798,21662883.0000,0.503760,-1.259000
2014-05-08,4.3364137500,4.3996037500,4.3364137500,4.3838062500,5040549,27921098.0000,0.647630,1.092900
2014-05-09,4.3917050000,4.4311987500,4.3522112500,4.4154012500,4257436,23688415.0000,0.547013,0.720700
2014-05-12,4.4469962500,4.5338825000,4.4154012500,4.5101862500,6916958,39266692.0000,0.888719,2.146700
2014-05-13,4.4943887500,4.5180850000,4.4706925000,4.4785912500,3998599,22722444.0000,0.513756,-0.700500
2014-05-14,4.5259837500,4.5496800000,4.4627937500,4.4785912500,3610702,20570195.0000,0.463918,0.000000
2014-05-15,4.4785912500,4.4864900000,4.3996037500,4.3996037500,3699926,20803966.0000,0.475382,-1.763700
2014-05-16,4.3917050000,4.4469962500,4.3443125000,4.4390975000,4273816,23783316.0000,0.549117,0.897700
2014-05-19,4.3996037500,4.4390975000,4.3680087500,4.3917050000,2642875,14721236.0000,0.339567,-1.067600
2014-05-20,4.4233000000,4.4469962500,4.3759075000,4.3917050000,2597159,14542046.0000,0.333694,0.000000
2014-05-21,4.3759075000,4.4390975000,4.3680087500,4.4311987500,2145974,11977427.0000,0.275724,0.899300
2014-05-22,4.4311987500,4.4785912500,4.4075025000,4.4154012500,3025918,17004337.0000,0.388782,-0.356500
2014-05-23,4.4075025000,4.4469962500,4.3838062500,4.4469962500,3319790,18563749.0000,0.426540,0.715600
2014-05-26,4.4469962500,4.4706925000,4.4311987500,4.4706925000,4779832,26931284.0000,0.614133,0.532900
2014-05-27,4.4627937500,4.4706925000,4.4154012500,4.4233000000,3086360,17376364.0000,0.396548,-1.060100
2014-05-28,4.4233000000,4.4785912500,4.4154012500,4.4627937500,4821894,27201803.0000,0.619537,0.892900
2014-05-29,4.4548950000,4.4706925000,4.4075025000,4.4154012500,4750709,26717376.0000,0.610391,-1.061900
2014-05-30,4.4233000000,4.4390975000,4.3917050000,4.4154012500,2777660,15524444.0000,0.356885,0.000000
2014-06-03,4.4154012500,4.4390975000,4.3917050000,4.3917050000,2502598,13968199.0000,0.321544,-0.536700
2014-06-04,4.3917050000,4.3996037500,4.3048187500,4.3285150000,4683429,25772612.0000,0.601746,-1.438800
2014-06-05,4.3285150000,4.3759075000,4.3127175000,4.3680087500,3158900,17349076.0000,0.405868,0.912400
2014-06-06,4.3680087500,4.3680087500,4.3127175000,4.3364137500,2644608,14499372.0000,0.339790,-0.723300
2014-06-09,4.3285150000,4.3522112500,4.2969200000,4.3048187500,4023250,22025526.0000,0.516924,-0.728600
2014-06-10,4.3127175000,4.3759075000,4.2969200000,4.3443125000,6152471,33806141.0000,0.790495,0.917400
2014-06-11,4.3443125000,4.3601100000,4.3206162500,4.3522112500,3934061,21602803.0000,0.505464,0.181800
2014-06-12,4.3522112500,4.3522112500,4.3127175000,4.3285150000,3821124,20924184.0000,0.490954,-0.544500
2014-06-13,4.3206162500,4.3601100000,4.3127175000,4.3522112500,4482054,24633415.0000,0.575873,0.547400
2014-06-16,4.3443125000,4.3759075000,4.3443125000,4.3680087500,4210882,23261565.0000,0.541031,0.363000
2014-06-17,4.3680087500,4.3680087500,4.3127175000,4.3206162500,4483584,24615319.0000,0.576069,-1.085000
2014-06-18,4.3285150000,4.3285150000,4.2811225000,4.2890212500,4353553,23713932.0000,0.559153,-0.731300
2014-06-19,4.2969200000,4.3127175000,4.1784387500,4.1942362500,5850974,31382747.0000,0.751476,-2.209900
2014-06-20,4.1942362500,4.2100337500,4.1468437500,4.1705400000,7328389,38721141.0000,0.941229,-0.565000
2014-06-23,4.1705400000,4.1942362500,4.1389450000,4.1784387500,5709397,30106804.0000,0.733292,0.189400
2014-06-24,4.1705400000,4.1942362500,4.1389450000,4.1863375000,5089431,26880663.0000,0.653666,0.189000
2014-06-25,4.1705400000,4.2416287500,4.1626412500,4.1705400000,12482609,66275757.0000,1.603217,-0.377400
2014-06-26,4.1705400000,4.2021350000,4.1626412500,4.1863375000,8875141,47040723.0000,1.139888,0.378800
2014-06-27,4.1863372800,4.2272194800,4.1781608400,4.2026901600,8013814,41227980.0000,1.029263,0.390600
2014-06-30,4.2108666000,4.2435723600,4.2026901600,4.2272194800,5041275,26044725.0000,0.647481,0.583700
2014-07-01,4.2272194800,4.2435723600,4.2190430400,4.2353959200,4550634,23560974.0000,0.584465,0.193400
2014-07-02,4.2435723600,4.2762781200,4.2353959200,4.2599252400,6374339,33157615.0000,0.818695,0.579200
2014-07-03,4.2681016800,4.2844545600,4.2517488000,4.2762781200,6387922,33336486.0000,0.820439,0.383900
2014-07-04,4.2762781200,4.2844545600,4.2435723600,4.2681016800,4899025,25553052.0000,0.629211,-0.191200
2014-07-07,4.2599252400,4.3008074400,4.2517488000,4.3008074400,5955241,31154876.0000,0.764868,0.766300
2014-07-08,4.3008074400,4.3253367600,4.2681016800,4.2926310000,6918394,36393538.0000,0.888571,-0.190100
2014-07-09,4.2926310000,4.3089838800,4.2435723600,4.2681016800,6441574,33680004.0000,0.827330,-0.571400
2014-07-10,4.2599252400,4.2926310000,4.2435723600,4.2762781200,5746237,30022173.0000,0.738024,0.191600
2014-07-11,4.2681016800,4.3089838800,4.2599252400,4.3008074400,5803321,30495143.0000,0.745356,0.573600
2014-07-14,4.2926310000,4.4234540400,4.2926310000,4.3989247200,11852471,63222406.0000,1.522285,2.281400
2014-07-15,4.3825718400,4.5133948800,4.3825718400,4.5133948800,17577537,95735037.0000,2.257589,2.602200
2014-07-16,4.4888655600,4.5788064000,4.4643362400,4.4970420000,17428710,96546611.0000,2.238475,-0.362300
2014-07-17,4.4970420000,4.5379242000,4.4725126800,4.5379242000,7994537,44067143.0000,1.026787,0.909100
2014-07-18,4.4970420000,4.5869828400,4.4970420000,4.5461006400,8316671,46171472.0000,1.068160,0.180200
2014-07-21,4.5379242000,4.5706299600,4.5052184400,4.5052184400,5769442,31988845.0000,0.741004,-0.899300
2014-07-22,4.5052184400,4.5215713200,4.4561598000,4.4970420000,10372669,56953251.0000,1.332225,-0.181500
2014-07-23,4.4970420000,4.5133948800,4.3907482800,4.3907482800,8807644,47906401.0000,1.131219,-2.363600
2014-07-24,4.4071011600,4.5052184400,4.3989247200,4.4725126800,12227148,66469708.0000,1.570407,1.862200
2014-07-25,4.4806891200,4.5951592800,4.4398069200,4.5788064000,22307886,124184128.0000,2.865137,2.376600
2014-07-28,4.5951592800,4.7423352000,4.5706299600,4.6932765600,26716787,152589337.0000,3.431399,2.500000
2014-07-29,4.6851001200,4.7586880800,4.6523943600,4.7096294400,14628337,84156638.0000,1.878806,0.348400
2014-07-30,4.7178058800,4.7913938400,4.6851001200,4.7423352000,20040556,116310501.0000,2.573930,0.694400
2014-07-31,4.7178058800,4.7832174000,4.7014530000,4.7505116400,11461483,66583987.0000,1.472068,0.172400
2014-08-01,4.7423352000,4.8404524800,4.6687472400,4.6851001200,12320218,71779414.0000,1.582360,-1.376900
2014-08-04,4.6932765600,4.8240996000,4.6932765600,4.7832174000,8985278,52375526.0000,1.154034,2.094200
2014-08-05,4.7750409600,4.8240996000,4.7423352000,4.7832174000,10943572,64005658.0000,1.405549,0.000000
2014-08-06,4.7832174000,4.8240996000,4.7259823200,4.8077467200,9800963,57274391.0000,1.258797,0.512800
2014-08-07,4.7668645200,4.7995702800,4.7014530000,4.7096294400,9577273,55660365.0000,1.230067,-2.040800
2014-08-08,4.7096294400,4.7259823200,4.6360414800,4.6605708000,13130282,74984249.0000,1.686402,-1.041700
2014-08-11,4.6769236800,4.7341587600,4.6605708000,4.7259823200,10948552,63016015.0000,1.406189,1.403500
2014-08-12,4.7178058800,4.7341587600,4.6851001200,4.7259823200,9964680,57491961.0000,1.279824,0.000000
2014-08-13,4.7341587600,4.7423352000,4.6523943600,4.7096294400,12217382,70284220.0000,1.569152,-0.346000
2014-08-14,4.7096294400,4.7913938400,4.6932765600,4.7259823200,10989043,63787232.0000,1.411389,0.347200
2014-08-15,4.7341587600,4.7995702800,4.7096294400,4.7668645200,9772669,56970099.0000,1.255163,0.865000
2014-08-18,4.7750409600,4.9876284000,4.7668645200,4.9712755200,23728451,142366415.0000,3.047589,4.288200
2014-08-19,4.9712755200,4.9794519600,4.8731582400,4.9058640000,14810969,89194551.0000,1.902262,-1.315800
2014-08-20,4.9058640000,4.9630990800,4.8976875600,4.9140404400,9564754,57660092.0000,1.228459,0.166700
2014-08-21,4.9303933200,4.9549226400,4.8568053600,4.9467462000,9868250,59320698.0000,1.267439,0.665600
2014-08-22,4.9385697600,5.0203341600,4.9058640000,4.9958048400,13996181,85262738.0000,1.797614,0.991700
2014-08-25,4.9876284000,5.0121577200,4.9385697600,4.9549226400,8100233,49277301.0000,1.040362,-0.818300
2014-08-26,4.9222168800,4.9385697600,4.8159231600,4.8322760400,11045044,65581633.0000,1.418582,-2.475200
2014-08-27,4.8240996000,4.9058640000,4.8077467200,4.8813346800,7526579,44771020.0000,0.966684,1.015200
2014-08-28,4.8731582400,4.9630990800,4.8649818000,4.8976875600,8755242,52686881.0000,1.124489,0.335000
2014-08-29,4.8813346800,5.0203341600,4.8731582400,5.0121577200,10194763,61908652.0000,1.309375,2.337200
2014-09-01,5.0366870400,5.1593336400,5.0203341600,5.0857456800,13426809,83875946.0000,1.724486,1.468200
2014-09-02,5.1102750000,5.1266278800,5.0530399200,5.1184514400,11039968,68780988.0000,1.417930,0.643100
2014-09-03,5.1184514400,5.1593336400,5.0775692400,5.1020985600,15046557,94298276.0000,1.932520,-0.319500
2014-09-04,5.0857456800,5.1348043200,5.0203341600,5.1266278800,12985572,80870535.0000,1.667816,0.480800
2014-09-05,5.1348043200,5.1348043200,5.0203341600,5.1266278800,11654478,72589632.0000,1.496855,0.000000
2014-09-09,5.1266278800,5.1675100800,5.0693928000,5.1511572000,14625110,91743238.0000,1.878391,0.478500
2014-09-10,5.1429807600,5.1511572000,5.0530399200,5.1266278800,11951082,74684594.0000,1.534950,-0.476200
2014-09-11,5.1348043200,5.2002158400,5.0612163600,5.1020985600,18942378,118750797.0000,2.432884,-0.478500
2014-09-12,5.0857456800,5.1102750000,5.0530399200,5.1020985600,13684244,85111133.0000,1.757550,0.000000
2014-09-15,5.1020985600,5.2329216000,5.0939221200,5.1675100800,17680687,111648048.0000,2.270838,1.282100
2014-09-16,5.1920394000,5.3310388800,5.0039812800,5.0285106000,40125755,255670521.0000,5.153594,-2.689900
2014-09-17,5.0693928000,5.1102750000,5.0121577200,5.0775692400,20988497,130091434.0000,2.695680,0.975600
2014-09-18,5.0612163600,5.1593336400,5.0612163600,5.1511572000,10327464,64757857.0000,1.326419,1.449300
2014-09-19,5.1593336400,5.2738038000,5.1184514400,5.2410980400,16034663,102168667.0000,2.059429,1.746000
2014-09-22,5.2492744800,5.2738038000,5.1348043200,5.1675100800,12846009,81664141.0000,1.649891,-1.404100
2014-09-23,5.1429807600,5.2165687200,5.1266278800,5.1756865200,11265715,71119884.0000,1.446924,0.158200
2014-09-24,5.1511572000,5.3719210800,5.1429807600,5.3228624400,29560782,190796865.0000,3.796670,2.843600
2014-09-25,5.4373326000,5.4618619200,5.2574509200,5.2901566800,27685636,181442624.0000,3.555834,-0.614400
2014-09-26,5.2492744800,5.3473917600,5.2492744800,5.3310388800,9628076,62538641.0000,1.236592,0.772800
2014-09-29,5.3146860000,5.4863912400,5.3065095600,5.4373326000,20473688,135711491.0000,2.629560,1.993900
2014-09-30,5.4373326000,5.4618619200,5.3800975200,5.4128032800,10867974,72003439.0000,1.395840,-0.451100
2014-10-08,5.4291561600,5.4700383600,5.3719210800,5.4455090400,11884895,78984847.0000,1.526449,0.604200
2014-10-09,5.4455090400,5.4782148000,5.2819802400,5.3555682000,20662680,135880003.0000,2.653833,-1.651600
2014-10-10,5.3473917600,5.3882739600,5.2656273600,5.2983331200,17417019,113317407.0000,2.236973,-1.068700
2014-10-13,5.2819802400,5.4455090400,5.2247451600,5.4373326000,18813601,122733237.0000,2.416345,2.623500
2014-10-14,5.4291561600,5.4700383600,5.3228624400,5.3719210800,13941338,92026472.0000,1.790570,-1.203000
2014-10-15,5.3637446400,5.4945676800,5.3146860000,5.4700383600,15154341,100519236.0000,1.946364,1.826500
2014-10-16,5.4291561600,5.6989786800,5.4046268400,5.6172142800,33533593,228681417.0000,4.306922,2.690600
2014-10-17,5.5518027600,5.6826258000,5.3719210800,5.5027441200,20071746,135514939.0000,2.577936,-2.037800
2014-10-20,5.5109205600,5.6662729200,5.4618619200,5.6417436000,17155528,116849799.0000,2.203388,2.526000
2014-10-21,5.6335671600,5.6580964800,5.5272734400,5.5845085200,14767081,101191009.0000,1.896626,-1.014500
2014-10-22,5.5518027600,5.5845085200,5.3882739600,5.4291561600,14058099,94556514.0000,1.805567,-2.781800
2014-10-23,5.3800975200,5.4373326000,5.1675100800,5.2083922800,15882786,102746312.0000,2.039922,-4.066300
2014-10-24,5.2083922800,5.2656273600,5.1675100800,5.1675100800,8085221,51507100.0000,1.038434,-0.784900
2014-10-27,5.1675100800,5.2819802400,5.1348043200,5.2574509200,7050874,45163145.0000,0.905586,1.740500
2014-10-28,5.2738038000,5.3882739600,5.2738038000,5.3800975200,10888092,71169040.0000,1.398424,2.332800
2014-10-29,5.3800975200,5.4455090400,5.3473917600,5.3964504000,14421785,95197754.0000,1.852277,0.304000
2014-10-30,5.3964504000,5.4863912400,5.3719210800,5.4128032800,11303147,75243500.0000,1.451732,0.303000
2014-10-31,5.4209797200,5.4618619200,5.3719210800,5.4209797200,12197793,80726133.0000,1.566636,0.151100
2014-11-03,5.4209797200,5.5109205600,5.4128032800,5.4863912400,11118259,74471604.0000,1.427985,1.206600
2014-11-04,5.4863912400,5.5027441200,5.3719210800,5.4455090400,14426829,95788686.0000,1.852925,-0.745200
2014-11-05,5.5027441200,5.6172142800,5.4782148000,5.5109205600,21032863,142828003.0000,2.701378,1.201200
2014-11-06,5.4945676800,5.5518027600,5.3964504000,5.4863912400,10694411,71468054.0000,1.373548,-0.445100
2014-11-07,5.4700383600,5.5272734400,5.3555682000,5.3719210800,13137279,87541862.0000,1.687300,-2.086400
2014-11-10,5.3964504000,5.4455090400,5.3473917600,5.4373326000,9613561,63560235.0000,1.234728,1.217700
2014-11-11,5.4455090400,5.4700383600,5.2165687200,5.2738038000,15167930,99192019.0000,1.948109,-3.007500
2014-11-12,5.2574509200,5.3800975200,5.2329216000,5.3719210800,10266030,66634783.0000,1.318528,1.860500
2014-11-13,5.3637446400,5.3964504000,5.2410980400,5.2983331200,9325959,60452183.0000,1.197789,-1.369900
2014-11-14,5.2983331200,5.3228624400,5.2492744800,5.3065095600,5062094,32731562.0000,0.650155,0.154300
2014-11-17,5.3065095600,5.3637446400,5.2738038000,5.3146860000,5320459,34697107.0000,0.683339,0.154100
2014-11-18,5.3146860000,5.3637446400,5.3146860000,5.3392153200,6471720,42241747.0000,0.831202,0.461500
2014-11-19,5.3473917600,5.3637446400,5.3146860000,5.3555682000,5927273,38704288.0000,0.761276,0.306300
2014-11-20,5.3473917600,5.3555682000,5.3228624400,5.3473917600,4880456,31880626.0000,0.626826,-0.152700
2014-11-21,5.3473917600,5.4536854800,5.3310388800,5.4128032800,13581402,89774530.0000,1.744342,1.223200
2014-11-24,5.4536854800,5.5518027600,5.4046268400,5.5190970000,22253930,149329808.0000,2.858207,1.963700
2014-11-25,5.4945676800,5.5845085200,5.4945676800,5.5518027600,16836399,114192473.0000,2.162401,0.592600
2014-11-26,5.5599792000,5.6008614000,5.4945676800,5.5681556400,14131822,96164602.0000,1.815035,0.294600
2014-11-27,5.5763320800,5.7235080000,5.5681556400,5.6744493600,28747611,199522002.0000,3.692230,1.909000
2014-11-28,5.6826258000,5.6908022400,5.5190970000,5.5845085200,18238819,125057789.0000,2.342522,-1.585000
2014-12-01,5.5763320800,5.6580964800,5.5190970000,5.5518027600,12370091,84476442.0000,1.588766,-0.585700
2014-12-02,5.5518027600,5.6826258000,5.5109205600,5.6826258000,16168626,111332315.0000,2.076634,2.356400
2014-12-03,5.6908022400,5.7643902000,5.6253907200,5.6580964800,22546782,156787749.0000,2.895820,-0.431700
2014-12-04,5.6744493600,5.8298017200,5.6499200400,5.7889195200,23728565,167638479.0000,3.047603,2.312100
2014-12-05,5.7807430800,5.9360954400,5.5763320800,5.6908022400,29076229,205727452.0000,3.734436,-1.694900
2014-12-08,5.6662729200,5.7643902000,5.6090378400,5.7398608800,23832329,166264628.0000,3.060930,0.862100
2014-12-09,5.7398608800,6.0096834000,5.6662729200,5.6826258000,37366244,266858915.0000,4.799173,-0.997200
2014-12-10,5.6662729200,5.9033896800,5.6580964800,5.8870368000,20670935,147135195.0000,2.654893,3.597100
2014-12-11,5.8461546000,6.2876823600,5.8298017200,6.2059179600,33430194,249591022.0000,4.293642,5.416700
2014-12-12,6.2059179600,6.2549766000,6.0914478000,6.1650357600,16159833,121463608.0000,2.075505,-0.658800
2014-12-15,6.1323300000,6.3530938800,6.0750949200,6.2222708400,20740727,157536196.0000,2.663857,0.928400
2014-12-16,6.2222708400,6.3285645600,6.1813886400,6.2468001600,13825060,105788054.0000,1.775636,0.394200
2014-12-17,6.2549766000,6.2795059200,6.0260362800,6.0750949200,16877013,126047997.0000,2.167617,-2.748700
2014-12-18,6.0996242400,6.1650357600,6.0015069600,6.0423891600,11211114,83385635.0000,1.439911,-0.538400
2014-12-19,6.0423891600,6.0750949200,5.7725666400,5.8870368000,18826392,135550932.0000,2.417987,-2.571000
2014-12-22,5.9115661200,5.9851540800,5.5599792000,5.7889195200,29198333,207574508.0000,3.750119,-1.666700
2014-12-23,5.7725666400,5.8461546000,5.6662729200,5.7153315600,16646426,117718699.0000,2.138001,-1.271200
2014-12-24,5.7398608800,6.1078006800,5.7398608800,6.0750949200,34983372,255588106.0000,4.493126,6.294700
2014-12-25,6.0505656000,6.3367410000,6.0015069600,6.1977415200,30934832,234454577.0000,3.973148,2.018800
2014-12-26,6.1650357600,6.3122116800,6.1568593200,6.2059179600,20340408,154983732.0000,2.612442,0.131900
2014-12-29,6.2386237200,6.6965043600,6.1895650800,6.5329755600,35982990,283559488.0000,4.621513,5.270100
2014-12-30,6.4512111600,7.1135028000,6.4430347200,6.7619158800,46596366,389021056.0000,5.984653,3.504400
2014-12-31,6.7210336800,6.9499740000,6.5820342000,6.7782687600,27272733,225676064.0000,3.502822,0.241800
2015-01-05,6.7128572400,7.3996782000,6.6310928400,7.2034436400,38453307,329428144.0000,4.938819,6.272600
2015-01-06,7.1135028000,7.3996782000,6.9745033200,7.2770316000,31613774,279154656.0000,4.060371,1.021600
2015-01-07,7.1952672000,7.2361494000,6.9172682400,6.9908562000,19890620,171692671.0000,2.554687,-3.932600
2015-01-08,6.9908562000,7.0072090800,6.7864452000,6.9417975600,19704016,165677463.0000,2.530720,-0.701800
2015-01-09,6.8845624800,7.1543850000,6.8027980800,6.8027980800,22380906,190787780.0000,2.874531,-2.002400
2015-01-12,6.6637986000,6.7455630000,6.5820342000,6.6719750400,11661829,95081336.0000,1.497808,-1.923100
2015-01-13,6.6719750400,6.8191509600,6.6719750400,6.7700923200,9200837,76004608.0000,1.181726,1.470600
2015-01-14,6.8273274000,6.8763860400,6.4920933600,6.5656813200,14561624,118475731.0000,1.870248,-3.019300
2015-01-15,6.5656813200,6.8027980800,6.5002698000,6.7619158800,10489528,85424105.0000,1.347241,2.988800
2015-01-16,6.7700923200,6.8518567200,6.6474457200,6.6801514800,11256177,92544558.0000,1.445707,-1.209200
2015-01-19,6.5247991200,6.5247991200,6.0096834000,6.0423891600,23095403,177550463.0000,2.966299,-9.547100
2015-01-20,6.0832713600,6.3367410000,6.0832713600,6.2549766000,14234687,108236627.0000,1.828257,3.518300
2015-01-21,6.2631530400,6.5411520000,6.2059179600,6.4757404800,15985775,124715549.0000,2.053161,3.529400
2015-01-22,6.4675640400,6.5575048800,6.4103289600,6.5002698000,10405236,82661960.0000,1.336415,0.378800
2015-01-23,6.5166226800,6.5411520000,6.3367410000,6.4512111600,11413884,89677671.0000,1.465962,-0.754700
2015-01-26,6.4266818400,6.6637986000,6.3694467600,6.6637986000,16228944,129361344.0000,2.084393,3.295300
2015-01-27,6.6392692800,6.9745033200,6.6065635200,6.8763860400,23041450,192016665.0000,2.959370,3.190200
2015-01-28,6.8682096000,6.9581504400,6.7292101200,6.7864452000,15194209,126833707.0000,1.951495,-1.308000
2015-01-29,6.7455630000,6.7537394400,6.5902106400,6.6392692800,11242945,91343252.0000,1.444008,-2.168700
2015-01-30,6.6310928400,6.6965043600,6.5575048800,6.6147399600,6962171,56410939.0000,0.894199,-0.369500
2015-02-02,6.5411520000,6.8027980800,6.4675640400,6.7292101200,10516419,85542748.0000,1.350695,1.730500
2015-02-03,6.7864452000,6.8273274000,6.6719750400,6.7455630000,9335467,76982929.0000,1.199017,0.243000
2015-02-04,6.7782687600,6.8027980800,6.6065635200,6.6065635200,8027335,65752816.0000,1.031005,-2.060600
2015-02-05,6.7046808000,6.7046808000,6.4675640400,6.4839169200,9003568,72522688.0000,1.156389,-1.856400
2015-02-06,6.4430347200,6.5084462400,6.2549766000,6.2958588000,8436581,65824610.0000,1.083567,-2.900400
2015-02-09,6.2876823600,6.4021525200,6.2549766000,6.2876823600,6281782,48554766.0000,0.806812,-0.129900
2015-02-10,6.2876823600,6.3857996400,6.2631530400,6.3776232000,10231074,79044408.0000,1.314046,1.430400
2015-02-11,6.4021525200,6.4757404800,6.3530938800,6.3857996400,7745394,60659553.0000,0.994793,0.128200
2015-02-12,6.4103289600,6.4512111600,6.3203881200,6.3939760800,12758033,99625671.0000,1.638601,0.128000
2015-02-13,6.4266818400,6.6065635200,6.4266818400,6.4920933600,14028654,111952338.0000,1.801795,1.534500
2015-02-16,6.5247991200,6.5738577600,6.4757404800,6.5247991200,20091335,160055135.0000,2.580466,0.503800
2015-02-17,6.5329755600,6.5820342000,6.4021525200,6.4512111600,24005356,189721514.0000,3.083170,-1.127800
2015-02-25,6.4757404800,6.4839169200,6.3040352400,6.4103289600,35898578,279793200.0000,4.610698,-0.633700
2015-02-26,6.3857996400,6.5411520000,6.3612703200,6.5329755600,30872720,242868463.0000,3.965193,1.913300
2015-02-27,6.5329755600,6.7619158800,6.5002698000,6.7292101200,32288867,261672450.0000,4.147078,3.003800
2015-03-02,6.7619158800,6.9254446800,6.6637986000,6.8845624800,31020619,259125841.0000,3.984188,2.308600
2015-03-03,6.8600331600,7.0562677200,6.7537394400,6.7700923200,30183329,255170061.0000,3.876649,-1.662700
2015-03-04,6.8027980800,6.9417975600,6.7782687600,6.9172682400,20893915,175272055.0000,2.683547,2.173900
2015-03-05,6.9336211200,7.2279729600,6.8355038400,7.1135028000,32230292,277028912.0000,4.139555,2.836900
2015-03-06,7.5223248000,7.8248530800,7.3587960000,7.8248530800,27302159,256487621.0000,3.506601,10.000000
2015-03-09,7.9883818800,8.2418515200,7.2852080400,7.5386776800,87109882,820275904.0000,11.188112,-3.657300
2015-03-10,7.4323839600,8.2909101600,7.4078546400,8.2909101600,96393402,939840448.0000,12.380458,9.978300
2015-03-11,8.4217332000,8.8877902800,8.1927928800,8.3317923600,94859691,988211152.0000,12.183473,0.493100
2015-03-12,8.0946756000,8.5198504800,8.0292640800,8.1600871200,52854502,530130384.0000,6.788462,-2.060800
2015-03-13,8.0864991600,8.2500279600,7.8739117200,8.1682635600,40753495,400162944.0000,5.234247,0.100200
2015-03-16,8.1764400000,8.5034976000,8.0537934000,8.3481452400,49472203,502174768.0000,6.354050,2.202200
2015-03-17,8.3563216800,8.4380860800,8.1273813600,8.3481452400,50817694,513420320.0000,6.526861,0.000000
2015-03-18,8.3072630400,8.3890274400,8.2173222000,8.3563216800,38641679,392442848.0000,4.963013,0.097900
2015-03-19,8.3563216800,8.5934384400,8.2582044000,8.4380860800,41666802,430231440.0000,5.351550,0.978500
2015-03-20,8.4789682800,8.6833792800,8.3481452400,8.3890274400,35794809,371536640.0000,4.597370,-0.581400
2015-03-23,8.3236159200,8.5116740400,8.1519106800,8.4380860800,45782084,465004000.0000,5.880103,0.584800
2015-03-24,8.5034976000,8.6424970800,8.0864991600,8.3154394800,53355141,546159568.0000,6.852762,-1.453500
2015-03-25,8.2909101600,8.2909101600,8.1028520400,8.1437342400,38557106,385089440.0000,4.952150,-2.064900
2015-03-26,8.1600871200,8.2663808400,8.1028520400,8.1355578000,27038434,270371632.0000,3.472729,-0.100400
2015-03-27,8.1600871200,8.3154394800,8.1355578000,8.2254986400,23916303,240392205.0000,3.071733,1.105500
2015-03-30,8.3317923600,8.4953211600,8.2745572800,8.4626154000,38785933,399696224.0000,4.981540,2.882700
2015-03-31,8.4789682800,8.5689091200,8.3072630400,8.3563216800,30754153,317235680.0000,3.949964,-1.256000
2015-04-01,8.5034976000,9.1903185600,8.4953211600,9.1903185600,91362183,1012933328.0000,11.734264,9.980400
2015-04-02,9.1494363600,9.2475536400,8.9286724800,9.0594955200,60918264,674868736.0000,7.824145,-1.423500
2015-04-03,8.9940840000,9.4683175200,8.9613782400,9.2393772000,51866248,585536240.0000,6.661534,1.985600
2015-04-07,9.2475536400,9.4192588800,9.1167306000,9.2312007600,39481235,446544064.0000,5.070842,-0.088500
2015-04-08,9.2312007600,9.2966122800,8.8550845200,8.9123196000,42371604,467772272.0000,5.442072,-3.454400
2015-04-09,8.8959667200,9.0431426400,8.5198504800,8.7324379200,33649972,358890048.0000,4.321894,-2.018300
2015-04-10,8.7324379200,9.0431426400,8.7324379200,8.9777311200,26540532,289426128.0000,3.408780,2.809000
2015-04-13,9.1003777200,9.3620238000,8.9940840000,9.2066714400,40547135,455031040.0000,5.207743,2.550100
2015-04-14,9.2066714400,9.3783766800,9.0349662000,9.1903185600,33660034,377648656.0000,4.323186,-0.177600
2015-04-15,9.1576128000,9.1903185600,8.6915557200,8.7242614800,27451779,298714960.0000,3.525818,-5.071200
2015-04-16,8.6588499600,8.8714374000,8.5034976000,8.7569672400,23877391,254202024.0000,3.066735,0.374900
2015-04-17,8.8714374000,8.9777311200,8.6915557200,8.9041431600,31752555,342807328.0000,4.078196,1.680700
2015-04-20,8.9123196000,9.0676719600,8.6997321600,8.7733201200,35208823,382030976.0000,4.522108,-1.469200
2015-04-21,8.7487908000,9.0431426400,8.7160850400,9.0349662000,28466050,310157952.0000,3.656088,2.982300
2015-04-22,9.0758484000,9.2720829600,9.0349662000,9.1657892400,37915446,423928848.0000,4.869738,1.448000
2015-04-23,9.1576128000,9.8035515600,9.0840248400,9.4846704000,55092268,638995584.0000,7.075873,3.479000
2015-04-24,9.2884358400,10.3513730400,9.2393772000,10.1224327200,61925221,740795840.0000,7.953476,6.724100
2015-04-27,10.1142562800,10.4004316800,9.8362573200,9.9670803600,43427145,533349088.0000,5.577642,-1.534700
2015-04-28,9.9752568000,10.1633149200,9.2393772000,9.3702002400,41441670,487304448.0000,5.322634,-5.988500
2015-04-29,9.3456709200,9.6890814000,9.3374944800,9.5582583600,23375851,272621232.0000,3.002319,2.007000
2015-04-30,9.6318463200,9.7790222400,9.3211416000,9.3211416000,27914956,325448960.0000,3.585307,-2.480800
2015-05-04,9.3293180400,9.4029060000,9.0022604400,9.2393772000,21379153,239997404.0000,2.745869,-0.877200
2015-05-05,9.2393772000,9.5255526000,9.0104368800,9.0676719600,24990629,282684640.0000,3.209716,-1.858400
2015-05-06,9.1167306000,9.2066714400,8.5852620000,8.6670264000,23989024,262587514.0000,3.081073,-4.418400
2015-05-07,8.6670264000,8.7733201200,8.3236159200,8.4544389600,24464750,253027573.0000,3.142174,-2.452800
2015-05-08,8.5689091200,8.7406143600,8.4299096400,8.6915557200,24586471,258212142.0000,3.157807,2.804600
2015-05-11,8.7651436800,8.9613782400,8.7160850400,8.9532018000,29983806,324178528.0000,3.851023,3.010300
2015-05-12,8.9940840000,9.0104368800,8.8305552000,8.9777311200,26117698,285139312.0000,3.354473,0.274000
2015-05-13,8.9859075600,9.4356117600,8.8550845200,9.2720829600,39894068,449623216.0000,5.123865,3.278700
2015-05-14,9.2884358400,9.4601410800,9.1249070400,9.3947295600,36864519,417909232.0000,4.734760,1.322700
2015-05-15,9.4029060000,9.4356117600,9.0104368800,9.1412599200,27324417,307333696.0000,3.509460,-2.698000
2015-05-18,9.0676719600,9.1984950000,8.9286724800,9.0022604400,23869204,264035031.0000,3.065684,-1.520600
2015-05-19,9.0104368800,9.2230243200,9.0104368800,9.2230243200,24475653,273359392.0000,3.143574,2.452300
2015-05-20,9.2639065200,9.5337290400,9.1821421200,9.5173761600,39202711,451357216.0000,5.035070,3.191500
2015-05-21,9.5664348000,10.1224327200,9.4274353200,10.0079625600,42309460,502291888.0000,5.434091,5.154600
2015-05-22,10.0733740800,10.3431966000,9.6481992000,10.0979034000,61994969,756067168.0000,7.962434,0.898700
2015-05-25,10.0897269600,10.4985489600,9.9016688400,10.3840788000,48804878,612086848.0000,6.268341,2.834000
2015-05-26,10.3840788000,10.9564296000,10.1878442400,10.8092536800,56631226,734421600.0000,7.273532,4.094500
2015-05-27,10.9237238400,11.8394851200,10.6048426800,11.5451332800,57691445,799176320.0000,7.409703,6.807900
2015-05-28,11.5614861600,11.7658971600,10.3922552400,10.5476076000,55342097,758287392.0000,7.107960,-8.640200
2015-05-29,10.5394311600,10.8910180800,9.8362573200,10.7111364000,42306012,544565344.0000,5.433648,1.550400
2015-06-01,10.8583123200,11.7331914000,10.7520186000,11.7331914000,43797255,599813728.0000,5.625178,9.542000
2015-06-02,11.9376024000,12.4527181200,11.7740736000,12.1828956000,40654041,601812976.0000,5.221474,3.832700
2015-06-03,12.2646600000,12.4281888000,11.6514270000,11.9294259600,33667322,495939920.0000,4.324122,-2.080500
2015-06-04,11.9376024000,12.0193668000,10.8828416400,11.6514270000,34414125,481846416.0000,4.420039,-2.330400
2015-06-05,11.8558380000,12.1420134000,11.4470160000,11.7658971600,37044569,534951232.0000,4.757885,0.982500
2015-06-08,11.7168385200,12.5835411600,11.4878982000,12.4200123600,52785827,778191888.0000,6.779641,5.559400
2015-06-09,12.4281888000,13.2294799200,12.0602490000,12.8124814800,49310353,761521136.0000,6.333263,3.160000
2015-06-10,12.9187752000,13.5728904000,12.5017767600,12.9351280800,58460679,937955072.0000,7.508501,0.957200
2015-06-11,13.0823040000,14.2270056000,12.6734820000,14.2270056000,52364919,852720736.0000,6.725581,9.987400
2015-06-12,14.6358276000,15.6497061600,14.2678878000,15.6497061600,78196026,1441875776.0000,10.043245,10.000000
2015-06-15,15.6497061600,15.6905883600,14.7339448800,14.8075328400,54040128,998522320.0000,6.940740,-5.381400
2015-06-16,14.3905344000,14.5458867600,13.4093616000,14.1125354400,37474858,640599136.0000,4.813150,-4.693500
2015-06-17,13.9244773200,14.7175920000,13.2703621200,14.4968281200,31005184,531367104.0000,3.982206,2.723100
2015-06-18,14.4722988000,14.4886516800,13.5728904000,13.6137726000,25105073,432384944.0000,3.224415,-6.091400
2015-06-19,13.2131270400,13.2948914400,12.2564835600,12.2564835600,28089599,435954944.0000,3.607737,-9.970000
2015-06-23,12.1011312000,12.3464244000,11.1036055200,12.0847783200,27738680,398572016.0000,3.562667,-1.400900
2015-06-24,12.2646600000,12.6653055600,11.8640144400,12.3300715200,27932167,420552272.0000,3.587517,2.029800
2015-06-25,12.5617687800,12.6445208800,11.6101196300,11.8087246700,26405987,393017328.0000,3.391500,-4.228200
2015-06-26,11.3784137500,11.3784137500,10.6253696400,10.6253696400,30111319,394521888.0000,3.867401,-10.021000
2015-06-29,11.0474053500,11.0887814000,9.5661427600,9.5661427600,34558774,418896144.0000,4.438617,-9.968800
2015-06-30,9.5330419200,10.2860860300,8.6062184000,10.1371322500,43186559,490727024.0000,5.546618,5.968900
2015-07-01,9.8474999000,10.4102141800,9.3096112500,9.3427120900,33429655,404675440.0000,4.293500,-7.836700
2015-07-02,9.2682352000,9.4337394000,8.4076133600,8.4076133600,37266539,395940240.0000,4.786286,-10.008900
2015-07-03,7.9607520200,8.4158885700,7.5635419400,7.5635419400,49696405,464355296.0000,6.382702,-10.039400
2015-07-06,8.3165860500,8.3165860500,6.8104978300,7.0256532900,66914342,592251760.0000,8.594069,-7.111600
2015-07-07,6.8435986700,6.8435986700,6.3222604400,6.3222604400,51314836,399386992.0000,6.590564,-10.011800
2015-07-08,6.3222604400,6.3222604400,6.3222604400,6.3222604400,0,0.0000,,0.000000
2015-07-09,6.3222604400,6.3222604400,6.3222604400,6.3222604400,0,0.0000,,0.000000
2015-07-10,6.3222604400,6.3222604400,6.3222604400,6.3222604400,0,0.0000,,0.000000
2015-07-13,6.3222604400,6.3222604400,6.3222604400,6.3222604400,0,0.0000,,0.000000
2015-07-14,6.9511764000,6.9511764000,6.9511764000,6.9511764000,762501,6405008.0000,0.097931,9.947600
2015-07-15,7.6462940400,7.6462940400,7.4559642100,7.6462940400,108495956,1001143520.0000,13.934557,10.000000
2015-07-16,7.1580566500,8.0435041200,6.9594516100,7.7124957200,73668416,675824608.0000,9.461521,0.865800
2015-07-17,7.7455965600,8.4407142000,7.5966427800,8.2917604200,58491588,571960416.0000,7.512302,7.510700
2015-07-20,8.2172835300,8.6558696600,8.0931553800,8.3579621000,68200723,690074064.0000,8.759284,0.798400
2015-07-21,8.1924579000,8.8296490700,8.1097058000,8.6475944500,67013859,690752400.0000,8.606850,3.465300
2015-07-22,8.6062184000,8.8296490700,8.3165860500,8.6806952900,57808837,601310880.0000,7.424613,0.382800
2015-07-23,8.6889705000,9.1606574700,8.5896679800,9.0613549500,58621082,632511312.0000,7.528933,4.385100
2015-07-24,9.0696301600,9.2682352000,8.6227688200,8.7386217600,57424339,625497024.0000,7.375231,-3.561600
2015-07-27,8.4572646200,8.7468969700,7.8614495000,7.8614495000,45708729,462394656.0000,5.870550,-10.037900
2015-07-28,7.4476890000,7.9276511800,7.0753045500,7.6131932000,54605686,490428144.0000,7.013220,-3.157900
2015-07-29,7.7042205100,8.0683297500,7.2408087500,8.0600545400,39211714,362878224.0000,5.036113,5.869600
2015-07-30,8.0269537000,8.2503843700,7.8200734500,7.8283486600,34748036,338307920.0000,4.462825,-2.874700
2015-07-31,7.6793948800,7.9855776500,7.6711196700,7.8697247100,28991388,273863136.0000,3.723477,0.528500
2015-08-03,7.7786974000,7.9193759700,7.4642394200,7.8862751300,29605158,272509888.0000,3.802305,0.210300
2015-08-04,7.9028255500,8.5565671400,7.8779999200,8.4903654600,32416826,320574096.0000,4.163419,7.660000
2015-08-05,8.5151910900,8.5648423500,8.0683297500,8.1841826900,32305922,325290800.0000,4.149175,-3.606200
2015-08-06,7.9855776500,8.1345314300,7.9028255500,8.0021280700,21797056,210807354.0000,2.799481,-2.224500
2015-08-07,8.1262562200,8.3662373100,8.0931553800,8.2834852100,27478502,274084960.0000,3.529171,3.516000
2015-08-10,8.3910629400,9.0530797400,8.2834852100,8.8048234400,50804856,531530384.0000,6.525065,6.293700
2015-08-11,9.1027310000,9.4833906600,8.9372268000,9.3096112500,67861434,760576816.0000,8.715708,5.733100
2015-08-12,9.0282541100,9.1854831000,8.8627499100,9.1772078900,50480069,549471760.0000,6.483351,-1.422200
2015-08-13,9.0199789000,9.7399221700,8.9289515900,9.7399221700,58191051,663107152.0000,7.473703,6.131700
2015-08-14,9.7812982200,10.0709305700,9.4751154500,9.8309494800,51861768,613186944.0000,6.660808,0.934600
2015-08-17,9.8309494800,10.5922688000,9.7316469600,10.5922688000,49013765,599853760.0000,6.295028,7.744100
2015-08-18,10.6584704800,10.6584704800,9.5330419200,9.5413171300,53953492,650145440.0000,6.929457,-9.921900
2015-08-19,9.1937583100,10.0130041000,8.5896679800,9.9219767900,49940122,553389120.0000,6.414004,3.989600
2015-08-20,9.5661427600,9.9302520000,9.1937583100,9.2103087300,34965632,404535968.0000,4.490772,-7.172600
2015-08-21,8.9289515900,9.1027310000,8.3248612600,8.3414116800,28135738,297558656.0000,3.613582,-9.434000
2015-08-24,7.5635419400,7.8697247100,7.5056154700,7.5056154700,21509200,196269758.0000,2.762510,-10.019800
2015-08-25,6.7525713600,7.0091028700,6.7525713600,6.7525713600,61487084,505061312.0000,7.897025,-10.033100
2015-08-26,6.7856722000,7.2490839600,6.6284432100,6.8435986700,38011762,318572016.0000,4.881998,1.348000
2015-08-27,7.0173780800,7.3152856400,6.7029201000,7.2656343800,29766759,253157682.0000,3.823060,6.166900
2015-08-28,7.3980377400,7.8035230300,7.2077079100,7.7455965600,30616781,276469872.0000,3.932232,6.605900
2015-08-31,7.5800923600,7.7124957200,7.1166806000,7.1166806000,21549833,192227655.0000,2.767729,-8.119700
2015-09-01,7.1084053900,7.1166806000,6.4050125400,6.4215629600,24204300,193226360.0000,3.108652,-9.767400
2015-09-02,6.0160776700,6.7360209400,5.9995272500,6.6036175800,25977452,202332933.0000,3.336385,2.835000
2015-09-07,6.6698192600,6.9925524500,6.5787919500,6.6698192600,16141092,132887153.0000,2.073063,1.002500
2015-09-08,6.6367184200,7.0256532900,6.4546638000,7.0256532900,13057805,106850194.0000,1.677065,5.335000
2015-09-09,7.0339285000,7.4145881600,6.9760020300,7.2821848000,20580690,179637059.0000,2.643258,3.651400
2015-09-10,7.1415062300,7.4890650500,7.1166806000,7.2077079100,15627538,137610410.0000,2.007105,-1.022700
2015-09-11,7.2077079100,7.3152856400,7.0173780800,7.2325335400,12295033,106771624.0000,1.579099,0.344400
2015-09-14,7.3814873200,7.3814873200,6.5125902700,6.5125902700,18892965,158605732.0000,2.426497,-9.954200
2015-09-15,6.3801869100,6.5953423700,5.8588486800,5.8588486800,24266800,180409184.0000,3.116679,-10.038100
2015-09-16,5.9167751500,6.4463885900,5.8836743100,6.4463885900,21169993,157597620.0000,2.718944,10.028200
2015-09-17,6.3801869100,6.6367184200,6.2477835500,6.2477835500,17239927,134787043.0000,2.214191,-3.080900
2015-09-18,6.8766995100,6.8766995100,6.8766995100,6.8766995100,10496597,87226721.0000,1.348119,10.066200
2015-09-21,6.9925524500,7.5221658900,6.8849747200,7.4642394200,37657207,330237680.0000,4.836461,8.543900
2015-09-22,7.2821848000,7.4973402600,7.1994327000,7.3070104300,30485836,269473424.0000,3.915414,-2.106400
2015-09-23,7.1332310200,7.3483864800,7.0753045500,7.2325335400,18348888,160422406.0000,2.356619,-1.019300
2015-09-24,7.2904600100,7.5718171500,7.2408087500,7.3649369000,19619344,175456297.0000,2.519789,1.830700
2015-09-25,7.3649369000,7.3649369000,6.8766995100,6.9346259800,15502376,133175242.0000,1.991030,-5.842700
2015-09-28,6.9511764000,7.1580566500,6.8684243000,7.1249558100,8473758,72270807.0000,1.088318,2.744600
2015-09-29,6.9594516100,7.0670293400,6.8766995100,6.9180755600,9258455,77951132.0000,1.189099,-2.903600
2015-09-30,6.9677268200,7.0587541300,6.8270482500,6.9180755600,6795616,57071414.0000,0.872787,0.000000
2015-10-08,7.1580566500,7.2573591700,7.0753045500,7.1084053900,21208023,183320810.0000,2.723829,2.751200
2015-10-09,7.1580566500,7.3235608500,7.1084053900,7.2573591700,17622095,154110657.0000,2.263274,2.095500
2015-10-12,7.3483864800,7.6545692500,7.2821848000,7.5635419400,25435021,230734676.0000,3.266719,4.218900
2015-10-13,7.4642394200,7.7373213500,7.4228633700,7.6959453000,21471098,197481403.0000,2.757617,1.750500
2015-10-14,7.6793948800,7.6793948800,7.4394137900,7.4725146300,18197119,166206097.0000,2.337127,-2.903200
2015-10-15,7.4476890000,7.7621469800,7.3732121100,7.7455965600,24321869,224325711.0000,3.123752,3.654500
2015-10-16,7.7621469800,7.9855776500,7.5800923600,7.8945503400,30063231,282131424.0000,3.861138,1.923100
2015-10-19,7.9028255500,7.9773024400,7.6545692500,7.7869726100,24781848,234593064.0000,3.182829,-1.362700
2015-10-20,7.7621469800,8.1262562200,7.7290461400,8.0683297500,24374929,234219475.0000,3.130567,3.613200
2015-10-21,8.0186784900,8.3000356300,7.2656343800,7.3070104300,35887636,339446016.0000,4.609189,-9.435900
2015-10-22,7.3401112700,8.0352289100,7.3401112700,8.0352289100,32564278,303479568.0000,4.182357,9.966000
2015-10-23,8.1593570600,8.5979431900,8.0352289100,8.4407142000,46739280,472365744.0000,6.002907,5.046300
2015-10-26,8.5234663000,8.5565671400,8.2090083200,8.3745125200,25822744,260927734.0000,3.316515,-0.784300
2015-10-27,8.3083108400,8.5317415100,7.8697247100,8.4738150400,20422505,203240553.0000,2.622942,1.185800
2015-10-28,8.4158885700,8.5731175600,8.0931553800,8.1510818500,17672954,177741339.0000,2.269806,-3.808600
2015-10-29,8.2090083200,8.3827877300,8.1179810100,8.2503843700,14728109,146804278.0000,1.891588,1.218300
2015-10-30,8.2172835300,8.5069158800,8.0683297500,8.2669347900,17583554,176826858.0000,2.258324,0.200600
2015-11-02,8.1262562200,8.3000356300,7.9442016000,7.9938528600,12343060,121065583.0000,1.585267,-3.303300
2015-11-03,8.0766049600,8.1428066400,7.9028255500,7.9607520200,11492449,111490287.0000,1.476020,-0.414100
2015-11-04,8.0104032800,8.3414116800,8.0021280700,8.3248612600,18741598,186224727.0000,2.407056,4.573800
2015-11-05,8.3579621000,8.4655398300,8.2586595800,8.4407142000,31008000,313647168.0000,3.982478,1.391600
2015-11-06,8.4489894100,8.6227688200,8.3827877300,8.5979431900,28657354,294338816.0000,3.680575,1.862800
2015-11-09,8.5317415100,8.5896679800,8.3745125200,8.4572646200,30376161,311764960.0000,3.901328,-1.636200
2015-11-10,8.4738150400,8.6558696600,8.2090083200,8.3745125200,29826810,304070256.0000,3.830773,-0.978500
2015-11-11,8.3662373100,8.5731175600,8.3083108400,8.5234663000,25928273,263416973.0000,3.330069,1.778700
2015-11-12,8.5648423500,8.5648423500,8.2090083200,8.3000356300,28437149,286574864.0000,3.652294,-2.621400
2015-11-13,8.2255587400,8.2586595800,8.0683297500,8.2338339500,18472150,182320218.0000,2.372450,-0.797600
2015-11-16,8.0931553800,8.3745125200,8.0600545400,8.3496868900,12353299,122846275.0000,1.586582,1.407000
2015-11-17,8.3993381500,8.4324389900,8.2172835300,8.2586595800,24502269,247252670.0000,3.146922,-1.090200
2015-11-18,8.3000356300,8.3165860500,8.1179810100,8.1510818500,11408422,113499964.0000,1.465228,-1.302600
2015-11-19,8.1593570600,8.2917604200,8.1262562200,8.2917604200,10423976,103578097.0000,1.338792,1.725900
2015-11-20,8.2917604200,8.3248612600,8.2090083200,8.2503843700,23134733,231324101.0000,2.971284,-0.499000
2015-11-23,8.2752100000,8.4158885700,8.2007331100,8.2586595800,22566814,226980095.0000,2.898344,0.100300
2015-11-24,8.2503843700,8.4241637800,8.2090083200,8.4076133600,17308102,174405769.0000,2.222947,1.803600
2015-11-25,8.4076133600,8.4820902500,8.3579621000,8.4324389900,19518525,198292721.0000,2.506840,0.295300
2015-11-26,8.4489894100,8.4738150400,8.3000356300,8.3000356300,20831585,210907535.0000,2.675481,-1.570200
2015-11-27,8.2669347900,8.2917604200,7.4725146300,7.5718171500,24894455,238598983.0000,3.197292,-8.773700
2015-11-30,7.5800923600,7.7042205100,7.1663318600,7.5469915200,17813689,160833134.0000,2.287881,-0.327900
2015-12-01,7.5304411000,7.8117982400,7.4725146300,7.7373213500,13174883,122016949.0000,1.692101,2.521900
2015-12-02,7.7373213500,7.8448990800,7.5635419400,7.8117982400,12440654,116132781.0000,1.597802,0.962600
2015-12-03,7.8035230300,8.0517793300,7.7621469800,7.9938528600,14132825,135821435.0000,1.815134,2.330500
2015-12-04,8.0104032800,8.1759074800,7.9028255500,8.1014305900,16050980,156421393.0000,2.061490,1.345800
2015-12-07,8.1097058000,8.3414116800,8.1097058000,8.2338339500,17354181,172981765.0000,2.228865,1.634300
2015-12-08,8.2090083200,8.2338339500,7.9276511800,7.9359263900,14998782,146278734.0000,1.926352,-3.618100
2015-12-09,7.9276511800,8.0848801700,7.8862751300,8.0600545400,9326131,90210965.0000,1.197791,1.564100
2015-12-10,8.0931553800,8.3414116800,7.9855776500,8.1262562200,16074992,159056001.0000,2.064574,0.821400
2015-12-11,8.1097058000,8.5482919300,8.1097058000,8.5069158800,31988841,324220960.0000,4.108451,4.684300
2015-12-14,8.4820902500,8.5482919300,8.2834852100,8.5151910900,23174891,235800924.0000,2.976441,0.097300
2015-12-15,8.5151910900,8.7303465500,8.4407142000,8.4655398300,24785895,257209645.0000,3.183349,-0.583100
2015-12-16,8.5482919300,8.5896679800,8.2752100000,8.3331364700,17621210,179777674.0000,2.263160,-1.564000
2015-12-17,8.4241637800,8.9786028500,8.3745125200,8.8048234400,39188060,412465280.0000,5.033075,5.660400
2015-12-18,8.8296490700,9.6819957000,8.7799978100,9.3592625100,61227639,683346656.0000,7.863704,6.297000
2015-12-21,9.4585650300,10.0792057800,9.2682352000,9.8557751100,58115954,685006992.0000,7.464058,5.305000
2015-12-22,10.0543801500,10.3274620800,9.7564725900,9.7895734300,57041099,692115856.0000,7.326010,-0.671700
2015-12-23,9.8309494800,10.7660482100,9.7316469600,10.7660482100,36849029,462932176.0000,4.732664,9.974600
2015-12-24,10.6750209000,10.7577730000,9.7481973800,9.8640503200,65894123,801454208.0000,8.463038,-8.378200
2015-12-25,9.7564725900,9.8309494800,9.3592625100,9.6406196500,42867513,496891904.0000,5.505641,-2.265100
2015-12-28,9.6323444400,9.6406196500,9.1192814200,9.1523822600,38771230,440235072.0000,4.979540,-5.064400
2015-12-29,9.1937583100,9.3261616700,8.9455020100,9.1854831000,25424974,281553392.0000,3.265428,0.361700
2015-12-30,9.2351343600,9.6819957000,9.1441070500,9.4668402400,27288368,308048688.0000,3.504751,3.063100
2015-12-31,9.5082162900,9.5247667100,9.0199789000,9.0448045300,21040134,234710199.0000,2.702266,-4.458000
2016-01-04,9.0944557900,9.1192814200,8.1428066400,8.1428066400,18552334,191965726.0000,2.382748,-9.972600
2016-01-05,7.6131932000,8.1593570600,7.6131932000,7.9028255500,25141993,239461524.0000,3.229084,-2.947200
2016-01-06,7.9359263900,8.3993381500,7.8366238700,8.2669347900,22284648,217155111.0000,2.862104,4.607300
2016-01-07,8.2586595800,8.2586595800,7.4559642100,7.4807898400,6023788,57513934.0000,0.773658,-9.509500
2016-01-08,7.8200734500,7.9442016000,7.0504789200,7.6876700900,25881859,240199427.0000,3.324108,2.765500
2016-01-11,7.5138906800,7.5800923600,6.9180755600,6.9180755600,21463364,188411209.0000,2.756623,-10.010800
2016-01-12,6.9429011900,7.1746070700,6.7194705200,6.9925524500,19711182,166807141.0000,2.531584,1.076600
2016-01-13,7.0422037100,7.1332310200,6.6284432100,6.6863696800,17467938,146285274.0000,2.243475,-4.378700
2016-01-14,6.4794894300,7.0256532900,6.4050125400,6.9594516100,17882950,145298798.0000,2.296777,4.084200
2016-01-15,6.8601490900,6.9842772400,6.5622415300,6.6036175800,15559983,127708760.0000,1.998429,-5.113000
2016-01-18,6.4463885900,6.9180755600,6.3801869100,6.7360209400,16766089,135920947.0000,2.153334,2.005000
2016-01-19,6.7277457300,7.0918549700,6.7277457300,7.0091028700,20775660,173658533.0000,2.668299,4.054100
2016-01-20,6.9263507700,7.0422037100,6.7442961500,6.8766995100,20510624,171130294.0000,2.634259,-1.889000
2016-01-21,6.7691217800,6.9511764000,6.5953423700,6.6036175800,15037361,123278967.0000,1.931307,-3.971100
2016-01-22,6.7194705200,6.7773969900,6.5291406900,6.7111953100,14318738,115192999.0000,1.839011,1.629100
2016-01-25,6.8022226200,6.9842772400,6.7111953100,6.9842772400,14079313,116298698.0000,1.808261,4.069000
2016-01-26,6.8270482500,6.8849747200,6.2891596000,6.2891596000,17895533,142629218.0000,2.298393,-9.952600
2016-01-27,6.3388108600,6.4050125400,5.8009222100,6.1650314500,16827474,124307712.0000,2.161218,-1.973700
2016-01-28,6.0491785100,6.2064075000,5.9333255700,5.9912520400,11757026,86759053.0000,1.510001,-2.818800
2016-01-29,6.0574537200,6.4298381700,5.9995272500,6.2726091800,12688969,95520405.0000,1.629694,4.696100
2016-02-01,6.2229579200,6.3139852300,6.1484810300,6.2395083400,9464292,71357997.0000,1.215536,-0.527700
2016-02-02,6.2808843900,6.4546638000,6.2560587600,6.3801869100,10099701,77868689.0000,1.297144,2.254600
2016-02-03,6.2560587600,6.4463885900,6.2395083400,6.4050125400,7554582,57777799.0000,0.970264,0.389100
2016-02-04,6.4215629600,6.5539663200,6.4215629600,6.4877646400,10080190,79095494.0000,1.294638,1.292000
2016-02-05,6.4877646400,6.5291406900,6.3553612800,6.3719117000,8888654,69430491.0000,1.141604,-1.785700
2016-02-15,6.0988297700,6.3719117000,6.0657289300,6.3057100200,6689949,50514972.0000,0.859216,-1.039000
2016-02-16,6.3884621200,6.6449936300,6.3553612800,6.5953423700,12587170,99357954.0000,1.616619,4.593200
2016-02-17,6.7691217800,6.9842772400,6.6780944700,6.8435986700,19654516,162292549.0000,2.524306,3.764100
2016-02-18,6.8932499300,6.9263507700,6.6532688400,6.7608465700,16255331,133685317.0000,2.087735,-1.209200
2016-02-19,6.7773969900,6.8518738800,6.6449936300,6.7773969900,11128947,91030252.0000,1.429334,0.244800
2016-02-22,6.8518738800,6.9760020300,6.7939474100,6.9429011900,16136955,134951842.0000,2.072532,2.442000
2016-02-23,6.9429011900,7.0008276600,6.7608465700,6.8518738800,11378999,94538730.0000,1.461449,-1.311100
2016-02-24,6.7939474100,6.9760020300,6.7277457300,6.9346259800,12365439,102564654.0000,1.588141,1.207700
2016-02-25,6.9429011900,6.9429011900,6.2395083400,6.2477835500,18743326,147352101.0000,2.407278,-9.904500
2016-02-26,6.3139852300,6.3553612800,6.1071049800,6.2643339700,10017779,75860264.0000,1.286622,0.264900
2016-02-29,6.2808843900,6.2808843900,5.8091974200,5.9167751500,10481045,75249808.0000,1.346121,-5.548200
2016-03-01,5.9747016200,6.1402058200,5.8753991000,6.1236554000,8008613,58061062.0000,1.028577,3.496500
2016-03-02,6.1071049800,6.4712142200,6.0822793500,6.4463885900,12826547,97664394.0000,1.647363,5.270300
2016-03-03,6.4132877500,6.5291406900,6.3967373300,6.4132877500,11292776,88196900.0000,1.450375,-0.513500
2016-03-04,6.4050125400,6.4298381700,6.1153801900,6.2064075000,10689213,81116709.0000,1.372857,-3.225800
2016-03-07,6.2560587600,6.4050125400,6.2560587600,6.3470860700,7919742,60716990.0000,1.017163,2.266700
2016-03-08,6.3719117000,6.3801869100,6.1071049800,6.3470860700,8452100,63717876.0000,1.085536,0.000000
2016-03-09,6.2064075000,6.3057100200,6.1567562400,6.2064075000,5863625,44078683.0000,0.753088,-2.216400
2016-03-10,6.2808843900,6.3553612800,6.1815818700,6.2229579200,6831554,51800963.0000,0.877403,0.266700
2016-03-11,6.1981322900,6.3057100200,6.1319306100,6.2891596000,6390582,48100330.0000,0.820767,1.063800
2016-03-14,6.3719117000,6.5622415300,6.3553612800,6.4712142200,11225131,87914275.0000,1.441687,2.894700
2016-03-15,6.4629390100,6.5456911100,6.3801869100,6.4215629600,8080431,63151997.0000,1.037801,-0.767300
2016-03-16,6.4298381700,6.5208654800,6.2726091800,6.3139852300,6481493,49828871.0000,0.832443,-1.675300
2016-03-17,6.3388108600,6.5208654800,6.3057100200,6.4877646400,12604797,98176753.0000,1.618883,2.752300
2016-03-18,6.4877646400,6.7194705200,6.4794894300,6.6698192600,23671880,189564549.0000,3.040272,2.806100
2016-03-21,6.7360209400,6.8353234600,6.6863696800,6.8104978300,19207725,157035439.0000,2.466923,2.109200
2016-03-22,6.8022226200,6.8022226200,6.6615440500,6.7111953100,13426226,109340779.0000,1.724382,-1.458100
2016-03-23,6.7277457300,6.7691217800,6.6780944700,6.7525713600,11210030,91120065.0000,1.439748,0.616500
2016-03-24,6.7029201000,6.7691217800,6.6284432100,6.6615440500,10903094,88085299.0000,1.400327,-1.348000
2016-03-25,6.6367184200,6.8104978300,6.6367184200,6.7442961500,10859672,88298198.0000,1.394750,1.242200
2016-03-28,6.7773969900,6.8353234600,6.6036175800,6.6698192600,12784355,104126747.0000,1.641944,-1.104300
2016-03-29,6.6449936300,6.6698192600,6.4546638000,6.5125902700,9233849,73256921.0000,1.185939,-2.357300
2016-03-30,6.5622415300,6.7360209400,6.5622415300,6.7277457300,8430338,67808406.0000,1.082741,3.303700
2016-03-31,6.8518738800,7.1994327000,6.8022226200,7.0918549700,33431890,283901968.0000,4.293788,5.412000
2016-04-01,6.9511764000,7.0173780800,6.7939474100,6.9429011900,14328454,119592884.0000,1.840259,-2.100300
2016-04-05,6.9760020300,7.1001301800,6.8849747200,7.0670293400,14651454,124277436.0000,1.881743,1.787800
2016-04-06,7.0339285000,7.1994327000,6.9760020300,7.0670293400,16064060,137685585.0000,2.063170,0.000000
2016-04-07,7.1166806000,7.4063129500,7.0504789200,7.1166806000,23655569,205839937.0000,3.038177,0.702600
2016-04-08,7.0670293400,7.0670293400,6.8353234600,6.9429011900,12339299,103261433.0000,1.584784,-2.441900
2016-04-11,6.9925524500,7.1497814400,6.9925524500,7.0670293400,12499747,106876134.0000,1.605391,1.787800
2016-04-12,7.0753045500,7.1332310200,6.9180755600,6.9925524500,9164446,77709602.0000,1.177025,-1.053900
2016-04-13,7.0256532900,7.1911574900,7.0256532900,7.0422037100,19158322,164669547.0000,2.460578,0.710100
2016-04-14,7.0753045500,7.1828822800,7.0504789200,7.1746070700,13664507,117559739.0000,1.754986,1.880100
2016-04-15,7.1249558100,7.2159831200,7.0670293400,7.1166806000,11387159,98092261.0000,1.462497,-0.807400
2016-04-18,7.1166806000,7.1166806000,6.9098003500,6.9511764000,9504908,80038252.0000,1.220752,-2.325600
2016-04-19,7.0753045500,7.0753045500,6.9429011900,7.0091028700,9255348,78411851.0000,1.188700,0.833300
2016-04-20,7.0256532900,7.0587541300,6.5291406900,6.6615440500,16994833,138447313.0000,2.182712,-4.958700
2016-04-21,6.7029201000,6.7111953100,6.4546638000,6.5539663200,10191546,81832809.0000,1.308940,-1.614900
2016-04-22,6.5125902700,6.5787919500,6.4712142200,6.5622415300,6445334,50880082.0000,0.827799,0.126300
2016-04-25,6.5622415300,6.5787919500,6.4215629600,6.5374159000,4761554,37474513.0000,0.611545,-0.378300
2016-04-26,6.5291406900,6.7360209400,6.5208654800,6.7194705200,7915990,63502658.0000,1.016681,2.784800
2016-04-27,6.7194705200,6.7277457300,6.6118927900,6.6284432100,6086102,49095598.0000,0.781662,-1.354700
2016-04-28,6.6284432100,6.6780944700,6.5291406900,6.6449936300,6830435,54580133.0000,0.877259,0.249700
2016-04-29,6.6367184200,6.6780944700,6.6284432100,6.6532688400,3631094,29200065.0000,0.466356,0.124500
2016-05-03,6.6615440500,6.9429011900,6.5870671600,6.9015251400,13465533,111252315.0000,1.729431,3.731300
2016-05-04,6.8849747200,6.9263507700,6.7939474100,6.8932499300,8892309,73865646.0000,1.142074,-0.119900
2016-05-05,6.9098003500,6.9346259800,6.8353234600,6.9263507700,9898562,82502210.0000,1.271311,0.480200
2016-05-06,6.9346259800,6.9594516100,6.6284432100,6.6532688400,11491450,94269281.0000,1.475892,-3.942700
2016-05-09,6.6118927900,6.6201680000,6.2064075000,6.2808843900,10544728,81893416.0000,1.354300,-5.597000
2016-05-10,6.2891596000,6.3636364900,6.2726091800,6.2974348100,4448547,33984470.0000,0.571344,0.263500
2016-05-11,6.3636364900,6.4381133800,6.3057100200,6.3139852300,5890621,45317809.0000,0.756555,0.262800
2016-05-12,6.2808843900,6.3139852300,6.1236554000,6.2974348100,5174913,38862868.0000,0.664634,-0.262100
2016-05-13,6.2808843900,6.3305356500,6.0740041400,6.1733066600,5785809,43609674.0000,0.743094,-1.971100
2016-05-16,6.1815818700,6.3305356500,6.1319306100,6.3222604400,5209792,39333480.0000,0.669114,2.412900
2016-05-17,6.3057100200,6.3719117000,6.2312331300,6.3139852300,4637046,35351159.0000,0.595554,-0.130900
2016-05-18,6.3388108600,6.3636364900,6.0988297700,6.1898570800,9438413,71211515.0000,1.212212,-1.965900
2016-05-19,6.1402058200,6.3139852300,6.1236554000,6.1650314500,8043425,60407526.0000,1.033048,-0.401100
2016-05-20,6.1236554000,6.2477835500,6.1153801900,6.2395083400,4748644,35508559.0000,0.609887,1.208100
2016-05-23,6.2146827100,6.3719117000,6.2064075000,6.3222604400,5326259,40580570.0000,0.684072,1.326300
2016-05-24,6.3305356500,6.3305356500,6.1898570800,6.2477835500,3550608,26803699.0000,0.456018,-1.178000
2016-05-25,6.2808843900,6.3388108600,6.2146827100,6.2477835500,4013743,30476170.0000,0.515501,0.000000
2016-05-26,6.2312331300,6.2808843900,6.1319306100,6.2643339700,4095960,30722295.0000,0.526060,0.264900
2016-05-27,6.2560587600,6.2891596000,6.2146827100,6.2643339700,3459878,26164083.0000,0.444366,0.000000
2016-05-30,6.2643339700,6.2808843900,6.1650314500,6.2146827100,3620079,27229431.0000,0.464941,-0.792600
2016-05-31,6.2477835500,6.4794894300,6.2395083400,6.4794894300,10903343,84212850.0000,1.400359,4.261000
2016-06-01,6.4794894300,6.5208654800,6.4381133800,6.4463885900,8354144,65309415.0000,1.072955,-0.510900
2016-06-02,6.4546638000,6.5374159000,6.3967373300,6.5291406900,10567677,82621152.0000,1.357248,1.283700
2016-06-03,6.5291406900,6.5953423700,6.4381133800,6.5374159000,10609330,83462091.0000,1.362597,0.126700
2016-06-06,6.5374159000,6.5705167400,6.4546638000,6.5043150600,7748389,60821849.0000,0.995156,-0.506300
2016-06-07,6.4794894300,6.5291406900,6.4381133800,6.5208654800,6240570,48883074.0000,0.801501,0.254500
2016-06-08,6.4960398500,6.5043150600,6.4050125400,6.4712142200,6677566,52104246.0000,0.857626,-0.761400
2016-06-13,6.3967373300,6.4215629600,6.2229579200,6.2229579200,8285956,63522470.0000,1.064198,-3.836300
2016-06-14,6.2229579200,6.2726091800,6.1898570800,6.2477835500,5125656,38619068.0000,0.658308,0.398900
2016-06-15,6.1981322900,6.4132877500,6.1733066600,6.3884621200,7918699,60637383.0000,1.017029,2.251700
2016-06-16,6.3884621200,6.4215629600,6.3057100200,6.3139852300,5168391,39753103.0000,0.663797,-1.165800
2016-06-17,6.3388108600,6.5622415300,6.3305356500,6.5374159000,13687097,106687651.0000,1.757887,3.538700
2016-06-20,6.5208654800,6.5456911100,6.4381133800,6.4960398500,5469129,42871599.0000,0.702421,-0.632900
2016-06-21,6.5208654800,6.6284432100,6.5043150600,6.5374159000,11268925,89482795.0000,1.447312,0.636900
2016-06-22,6.5539663200,6.5870671600,6.5208654800,6.5870671600,6242359,49492163.0000,0.801730,0.759500
2016-06-23,6.5870660800,6.6122716900,6.4778417700,6.5030473800,5297699,41177190.0000,0.680404,-1.275500
2016-06-24,6.5282529900,6.5954679500,6.3350099800,6.4190286800,8674700,66775452.0000,1.114125,-1.292000
2016-06-27,6.3854212000,6.5450567300,6.3686174600,6.5366548600,5385032,41639934.0000,0.691621,1.832500
2016-06-28,6.4778417700,6.6458791700,6.4778417700,6.6374773000,9336976,73131160.0000,1.199184,1.542400
2016-06-29,6.6458791700,6.6878885200,6.5954679500,6.6458791700,7835559,61891973.0000,1.006351,0.126600
2016-06-30,6.6626829100,6.8223184400,6.6206735600,6.7971128300,13512531,108177719.0000,1.735467,2.275600
2016-07-01,6.7467016100,6.8307203100,6.7382997400,6.8139165700,8840692,71521119.0000,1.135444,0.247200
2016-07-04,6.7467016100,6.8979352700,6.7214960000,6.8643277900,11839809,96465211.0000,1.520633,0.739800
2016-07-05,6.9063371400,6.9231408800,6.8223184400,6.8811315300,11084904,90737336.0000,1.423677,0.244800
2016-07-06,6.8643277900,7.0323651900,6.8475240500,6.8727296600,11691576,96180147.0000,1.501595,-0.122100
2016-07-07,6.8643277900,6.8811315300,6.7467016100,6.8139165700,8967096,72668759.0000,1.151679,-0.855800
2016-07-08,6.8139165700,6.9231408800,6.7635053500,6.8727296600,8178012,66868947.0000,1.050334,0.863100
2016-07-11,6.8475240500,7.0155614500,6.8391221800,6.8811315300,10230693,84261749.0000,1.313968,0.122200
2016-07-12,6.8811315300,6.9651502300,6.7971128300,6.9651502300,12170449,99890779.0000,1.563098,1.221000
2016-07-13,6.9651502300,7.0323651900,6.9399446200,7.0239633200,12617180,104898254.0000,1.620473,0.844400
2016-07-14,6.9903558400,7.1835988500,6.9735521000,7.0995801500,14989988,126704310.0000,1.925222,1.076600
2016-07-15,7.1079820200,7.1331876300,6.9735521000,7.0071595800,7650345,64055750.0000,0.982564,-1.301800
2016-07-18,6.9903558400,7.0239633200,6.9147390100,6.9483464900,5698269,47218946.0000,0.731851,-0.839300
2016-07-19,6.9399446200,6.9735521000,6.8727296600,6.9735521000,4944102,40791153.0000,0.634990,0.362800
2016-07-20,6.9819539700,7.0155614500,6.9315427500,6.9651502300,4369263,36220939.0000,0.561161,-0.120500
2016-07-21,6.9651502300,7.0407670600,6.9063371400,6.9315427500,8303896,68925465.0000,1.066502,-0.482500
2016-07-22,6.9315427500,6.9567483600,6.8139165700,6.8475240500,5690328,46645980.0000,0.730831,-1.212100
2016-07-25,6.8475240500,7.0995801500,6.8391221800,7.0911782800,17006870,141799161.0000,2.184258,3.558300
2016-07-26,7.0407670600,7.2928231600,7.0323651900,7.1751969800,19854657,169702596.0000,2.550011,1.184800
2016-07-27,7.1415895000,7.3012250300,6.8895334000,7.0155614500,19389745,164490266.0000,2.490300,-2.224800
2016-07-28,7.0491689300,7.0575708000,6.9315427500,6.9987577100,9356771,77979252.0000,1.201726,-0.239500
2016-07-29,7.0239633200,7.1331876300,6.6542810400,6.6794866500,24551640,201264997.0000,3.153262,-4.561800
2016-08-01,6.6794866500,6.6794866500,6.3686174600,6.4778417700,19544649,150609361.0000,2.510195,-3.018900
2016-08-02,6.4694399000,6.5366548600,6.4442342900,6.5366548600,6833215,52833351.0000,0.877616,0.907900
2016-08-03,6.5282529900,6.6206735600,6.4526361600,6.5954679500,12009262,93912908.0000,1.542396,0.899700
2016-08-04,6.5786642100,6.6710847800,6.5534586000,6.6290754300,7521642,59286409.0000,0.966034,0.509600
2016-08-05,6.6542810400,6.8391221800,6.6374773000,6.7130941300,11248282,90437924.0000,1.444661,1.267400
2016-08-08,6.7130941300,6.8727296600,6.6794866500,6.8727296600,12344665,99997721.0000,1.585473,2.378000
2016-08-09,6.8559259200,6.9063371400,6.7971128300,6.8559259200,8378543,68157551.0000,1.076089,-0.244500
2016-08-10,6.8391221800,6.8643277900,6.7719072200,6.8055147000,6954949,56452315.0000,0.893251,-0.735300
2016-08-11,6.7887109600,6.8391221800,6.7382997400,6.7467016100,5748627,46488047.0000,0.738318,-0.864200
2016-08-12,6.7887109600,7.0407670600,6.7887109600,7.0155614500,14997636,123576648.0000,1.926205,3.985100
2016-08-15,7.0575708000,7.2760194200,6.9819539700,7.1751969800,31803751,269990528.0000,4.084679,2.275400
2016-08-16,7.2508138100,7.8725521900,7.2508138100,7.5028699100,43486771,392699520.0000,5.585175,4.566700
2016-08-17,7.4188512100,7.6793091800,7.3432343800,7.5364773900,21093204,188766855.0000,2.709082,0.447900
2016-08-18,7.4608605600,7.8557484500,7.4272530800,7.6709073100,30145187,275327552.0000,3.871663,1.783700
2016-08-19,7.6120942200,7.6961129200,7.4776643000,7.5868886100,17291089,155568304.0000,2.220762,-1.095300
2016-08-22,7.5700848700,7.5952904800,7.4104493400,7.4188512100,13591279,121116841.0000,1.745581,-2.214800
2016-08-23,7.4104493400,7.5112717800,7.3348325100,7.4188512100,9696107,85961326.0000,1.245309,0.000000
2016-08-24,7.4356549500,7.4692624300,7.3768418600,7.4188512100,8108077,71650072.0000,1.041352,0.000000
2016-08-25,7.3264306400,7.3516362500,7.1247857600,7.2760194200,14087878,121321945.0000,1.809361,-1.925300
2016-08-26,7.2760194200,7.3852437300,7.2508138100,7.2592156800,10420460,90800300.0000,1.338340,-0.230900
2016-08-29,7.2760194200,7.3012250300,7.2256082000,7.2760194200,7724570,66758041.0000,0.992097,0.231500
2016-08-30,7.2760194200,7.3096269000,7.2172063300,7.2508138100,7769865,67218999.0000,0.997914,-0.346400
2016-08-31,7.2592156800,7.3684399900,7.2004025900,7.3516362500,11020745,95575579.0000,1.415437,1.390500
2016-09-01,7.3096269000,7.3432343800,7.1920007200,7.2088044600,9290848,80335535.0000,1.193260,-1.942900
2016-09-02,7.2088044600,7.2592156800,7.1583932400,7.1835988500,5643119,48386306.0000,0.724768,-0.349600
2016-09-05,7.2004025900,7.2340100700,7.1499913700,7.1835988500,6128092,52494468.0000,0.787055,0.000000
2016-09-06,7.1835988500,7.3516362500,7.1499913700,7.3432343800,9765584,84451319.0000,1.254232,2.222217
2016-09-07,7.3264306400,7.3852437300,7.2760194200,7.3012250300,9808873,85485649.0000,1.259792,-0.572085
2016-09-08,7.3096269000,7.3348325100,7.2844212900,7.3264306400,4782090,41588484.0000,0.614182,0.345232
2016-09-09,7.3264306400,7.3264306400,7.1499913700,7.1583932400,10106569,86965564.0000,1.298026,-2.293576
2016-09-12,7.0575708000,7.0827764100,6.8895334000,6.8895334000,10191361,84809807.0000,1.308916,-3.755876
2016-09-13,6.9147390100,6.9735521000,6.8391221800,6.9483464900,6563844,54033194.0000,0.843020,0.853666
2016-09-14,6.9063371400,6.9987577100,6.9063371400,6.9567483600,5211042,43160273.0000,0.669274,0.120910
2016-09-19,6.9483464900,7.0911782800,6.9483464900,7.0743745400,5190530,43546297.0000,0.666640,1.690825
2016-09-20,7.0743745400,7.0995801500,6.9063371400,7.0491689300,4519458,37780515.0000,0.580452,-0.356291
2016-09-21,7.0239633200,7.0743745400,7.0071595800,7.0491689300,4395514,36866303.0000,0.564533,0.000000
2016-09-22,7.0827764100,7.1499913700,7.0659726700,7.1331876300,8657262,73330405.0000,1.111886,1.191888
2016-09-23,7.1247857600,7.1499913700,7.0575708000,7.1247857600,5838451,49303822.0000,0.749855,-0.117788
2016-09-26,7.0911782800,7.1163838900,6.9147390100,6.9147390100,6250198,52221769.0000,0.802737,-2.948113
2016-09-27,6.8895334000,7.0323651900,6.8727296600,7.0239633200,4717393,39105209.0000,0.605873,1.579588
2016-09-28,7.0491689300,7.0659726700,6.9987577100,7.0155614500,4001197,33507757.0000,0.513889,-0.119609
2016-09-29,7.0323651900,7.1331876300,7.0239633200,7.1163838900,6038231,50981136.0000,0.775513,1.437124
2016-09-30,7.0911782800,7.1415895000,7.0827764100,7.1163838900,4926253,41711346.0000,0.632698,0.000000
2016-10-10,7.1415895000,7.2844212900,7.1163838900,7.2760194200,9653129,83085911.0000,1.239789,2.243206
2016-10-11,7.2676175500,7.3432343800,7.2424119400,7.3096269000,8763357,76272577.0000,1.125512,0.461893
2016-10-12,7.3096269000,7.3180287700,7.2592156800,7.3096269000,6042275,52424550.0000,0.776033,0.000000
2016-10-13,7.3264306400,7.3600381200,7.2844212900,7.3432343800,8653169,75557270.0000,1.111360,0.459770
2016-10-14,7.3432343800,7.3432343800,7.2088044600,7.2844212900,6051942,52350370.0000,0.777274,-0.800912
2016-10-17,7.2592156800,7.3012250300,7.1667951100,7.1835988500,6329885,54645149.0000,0.812972,-1.384082
2016-10-18,7.1835988500,7.3936456000,7.1751969800,7.3852437300,10657797,92808460.0000,1.368822,2.807015
2016-10-19,7.3852437300,7.4356549500,7.2592156800,7.3012250300,9355731,81735068.0000,1.201009,-1.137661
2016-10-20,7.3180287700,7.3516362500,7.2592156800,7.3012250300,5655063,49165904.0000,0.725949,0.000000
2016-10-21,7.3012250300,7.3096269000,7.1835988500,7.2424119400,7086628,61149462.0000,0.909721,-0.805520
2016-10-24,7.2508138100,7.3684399900,7.2256082000,7.3432343800,8930382,77826325.0000,1.146406,1.392110
2016-10-25,7.3432343800,7.4440568200,7.3264306400,7.4272530800,9191019,80914812.0000,1.179864,1.144169
2016-10-26,7.4524586900,7.5952904800,7.4020474700,7.5532811300,17428858,155915832.0000,2.237368,1.696828
2016-10-27,7.5532811300,7.5868886100,7.4776643000,7.5028699100,11604821,103746640.0000,1.489728,-0.667402
2016-10-28,7.5028699100,7.5448792600,7.3348325100,7.3516362500,9931670,87895096.0000,1.274943,-2.015681
2016-10-31,7.3180287700,7.3936456000,7.2760194200,7.3516362500,6837801,59695841.0000,0.877778,0.000000
2016-11-01,7.3600381200,7.4440568200,7.3096269000,7.4104493400,7713830,67698160.0000,0.990236,0.799996
2016-11-02,7.3852437300,7.4860661700,7.3768418600,7.3936456000,9898600,87556519.0000,1.270698,-0.226752
2016-11-03,7.3684399900,7.5196736500,7.3432343800,7.4860661700,10145173,89978557.0000,1.302351,1.249996
2016-11-04,7.4692624300,7.5364773900,7.4356549500,7.4776643000,7251662,64634161.0000,0.930906,-0.112236
2016-11-07,7.4860661700,7.5532811300,7.4020474700,7.5364773900,7332955,65466442.0000,0.941342,0.786524
2016-11-08,7.5028699100,7.5784867400,7.4944680400,7.5700848700,8270730,74277794.0000,1.061726,0.445930
2016-11-09,7.5700848700,7.5952904800,7.3432343800,7.4272530800,11624220,103215392.0000,1.492218,-1.886793
2016-11-10,7.4776643000,7.5784867400,7.4776643000,7.5616830000,11402593,102419025.0000,1.463767,1.809953
2016-11-11,7.5532811300,7.5784867400,7.4608605600,7.5280755200,11552477,103247629.0000,1.483008,-0.444444
2016-11-14,7.5028699100,7.5700848700,7.4944680400,7.5364773900,11680476,104712472.0000,1.499440,0.111610
2016-11-15,7.5364773900,7.6288979600,7.5112717800,7.6120942200,11217909,101053728.0000,1.440059,1.003346
2016-11-16,7.6204960900,7.6541035700,7.5364773900,7.5616830000,7476598,67374917.0000,0.959782,-0.662256
2016-11-17,7.5616830000,7.7717297500,7.4776643000,7.7549260100,21111630,192286201.0000,2.710131,2.555550
2016-11-18,7.7297204000,7.7969353600,7.6625054400,7.6961129200,16168037,148666411.0000,2.075514,-0.758393
2016-11-21,7.6877110500,7.9649727600,7.6288979600,7.9481690200,25771172,240412585.0000,3.308283,3.275111
2016-11-22,7.9817765000,8.3598606500,7.8809540600,7.9985802400,32033419,309394736.0000,4.112177,0.634254
2016-11-23,7.9901783700,8.3178513000,7.8305428400,8.0573933300,34554321,332634416.0000,4.435788,0.735291
2016-11-24,7.9565708900,8.0321877200,7.7633278800,7.8389447100,25737637,240587070.0000,3.303978,-2.711160
2016-11-25,7.7969353600,7.8557484500,7.6288979600,7.8137391000,15019508,138307006.0000,1.928076,-0.321541
2016-11-28,7.8137391000,7.8893559300,7.7465241400,7.7885334900,12397920,115333414.0000,1.591539,-0.322578
2016-11-29,7.7717297500,7.8473465800,7.6709073100,7.6961129200,11592291,107142550.0000,1.488119,-1.186630
2016-11-30,7.6961129200,7.7633278800,7.5784867400,7.6288979600,10843518,98945850.0000,1.391998,-0.873362
2016-12-01,7.6372998300,7.9565708900,7.6372998300,7.9397671500,20111850,187762542.0000,2.581787,4.074889
2016-12-02,7.8809540600,8.0489914600,7.6877110500,7.7549260100,17521245,164076045.0000,2.249228,-2.328045
2016-12-05,7.3516362500,7.5196736500,7.2844212900,7.4944680400,23756465,209060360.0000,3.049652,-3.358608
2016-12-06,7.3852437300,7.5112717800,7.3012250300,7.3768418600,13110844,115193779.0000,1.683058,-1.569511
2016-12-07,7.3348325100,7.5952904800,7.3012250300,7.5868886100,15036408,134049839.0000,1.930246,2.847381
2016-12-08,7.6877110500,7.8053372300,7.5280755200,7.5280755200,17309200,157628834.0000,2.222007,-0.775191
2016-12-09,7.5868886100,7.9649727600,7.4608605600,7.7717297500,24601984,227798871.0000,3.158192,3.236607
2016-12-12,7.7885334900,7.8137391000,7.3012250300,7.3180287700,18639842,166600830.0000,2.392824,-5.837838
2016-12-13,7.4776643000,7.5196736500,7.3180287700,7.4440568200,14569137,128676685.0000,1.870261,1.722154
2016-12-14,7.4944680400,7.7045147900,7.4440568200,7.5868886100,16815716,151744558.0000,2.158658,1.918737
2016-12-15,7.6036923500,7.8641503200,7.5616830000,7.8053372300,23133301,213043444.0000,2.969655,2.879294
2016-12-16,7.8641503200,7.9565708900,7.7129166600,7.8389447100,20186667,187979917.0000,2.591392,0.430570
2016-12-19,7.9817765000,7.9901783700,7.6709073100,7.7885334900,12801311,118565408.0000,1.643323,-0.643081
2016-12-20,7.8305428400,7.9313652800,7.6709073100,7.8977578000,18971073,176694258.0000,2.435344,1.402364
2016-12-21,7.9817765000,7.9817765000,7.7129166600,7.8053372300,15058231,139800435.0000,1.933047,-1.170209
2016-12-22,7.8389447100,7.8557484500,7.6961129200,7.7633278800,15999627,148293098.0000,2.053895,-0.538215
2016-12-23,7.8641503200,8.0489914600,7.7297204000,7.7717297500,35842642,337385936.0000,4.601172,0.108228
2016-12-26,7.7717297500,7.7717297500,7.2508138100,7.4608605600,20397577,180063481.0000,2.618467,-3.999999
2016-12-27,7.5616830000,7.5616830000,7.4104493400,7.4188512100,11462080,101868942.0000,1.471404,-0.563065
2016-12-28,7.3600381200,7.4944680400,7.3600381200,7.4272530800,8173417,72252151.0000,1.049233,0.113253
2016-12-29,7.4020474700,7.4272530800,7.2256082000,7.2340100700,12802355,111273944.0000,1.643457,-2.601815
2016-12-30,7.2088044600,7.3096269000,7.2088044600,7.2508138100,6300429,54382861.0000,0.808795,0.232293
2017-01-03,7.2844212900,7.3684399900,7.2424119400,7.3516362500,7059596,61559228.0000,0.906251,1.390497
2017-01-04,7.3936456000,7.4188512100,7.3096269000,7.3936456000,8706924,76419926.0000,1.117720,0.571431
2017-01-05,7.4188512100,7.4860661700,7.3684399900,7.4188512100,10466524,92386850.0000,1.343603,0.340906
2017-01-06,7.4104493400,7.4860661700,7.3096269000,7.3348325100,12972250,113958793.0000,1.665267,-1.132507
2017-01-09,7.3180287700,7.4776643000,7.3096269000,7.4692624300,10775698,95015947.0000,1.383292,1.832770
2017-01-10,7.4608605600,7.8893559300,7.4524586900,7.6457017000,29946363,274074096.0000,3.844258,2.362205
2017-01-11,7.5700848700,7.6372998300,7.4776643000,7.4944680400,13529605,121461492.0000,1.736815,-1.978025
2017-01-12,7.4776643000,7.5280755200,7.4104493400,7.4104493400,7332580,65056338.0000,0.941294,-1.121081
2017-01-13,7.3936456000,7.4524586900,7.2424119400,7.2928231600,8494887,74340650.0000,1.090501,-1.587295
2017-01-16,7.2760194200,7.3348325100,6.6458791700,6.9399446200,12085916,101224018.0000,1.551487,-4.838710
2017-01-17,6.8811315300,7.0743745400,6.8391221800,7.0323651900,6317189,52215089.0000,0.810947,1.331715
2017-01-18,7.0407670600,7.1079820200,7.0071595800,7.0407670600,4586619,38600115.0000,0.588791,0.119477
2017-01-19,7.0743745400,7.2172063300,7.0323651900,7.0911782800,7143618,60775007.0000,0.917037,0.715984
2017-01-20,7.0827764100,7.2172063300,7.0491689300,7.1583932400,4681205,39837352.0000,0.600933,0.947878
2017-01-23,7.1751969800,7.2172063300,7.1079820200,7.1751969800,6077189,51849503.0000,0.780138,0.234736
2017-01-24,7.1583932400,7.1920007200,7.1163838900,7.1499913700,3719083,31637617.0000,0.477424,-0.351285
2017-01-25,7.1583932400,7.1835988500,7.1079820200,7.1751969800,2934194,25022440.0000,0.376667,0.352523
2017-01-26,7.1835988500,7.2256082000,7.1667951100,7.1835988500,3867826,33080181.0000,0.496518,0.117099
2017-02-03,7.1835988500,7.2172063300,7.1583932400,7.1835988500,2471000,21127099.0000,0.317206,0.000000
2017-02-06,7.1835988500,7.2340100700,7.1331876300,7.2340100700,4354049,37292663.0000,0.558936,0.701748
2017-02-07,7.2172063300,7.2592156800,7.1751969800,7.2256082000,6492038,55782157.0000,0.833392,-0.116136
2017-02-08,7.2256082000,7.3348325100,7.1835988500,7.3264306400,7975398,69103337.0000,1.023813,1.395347
2017-02-09,7.3264306400,7.4608605600,7.2928231600,7.4524586900,10846507,95704244.0000,1.392382,1.720179
2017-02-10,7.4524586900,7.5280755200,7.4104493400,7.4608605600,12439986,110523578.0000,1.596939,0.112742
2017-02-13,7.4356549500,7.4692624300,7.3852437300,7.4440568200,6644227,58718331.0000,0.852929,-0.225230
2017-02-14,7.4524586900,7.4944680400,7.4188512100,7.4776643000,5574354,49481563.0000,0.715588,0.451467
2017-02-15,7.4776643000,7.5868886100,7.4440568200,7.4860661700,9418030,84173204.0000,1.209006,0.112362
2017-02-16,7.4860661700,7.6204960900,7.4440568200,7.5868886100,8290915,74601202.0000,1.064317,1.346800
2017-02-17,7.6120942200,7.6457017000,7.4608605600,7.4776643000,9097031,81442954.0000,1.167799,-1.439647
2017-02-20,7.4692624300,7.6793091800,7.4608605600,7.6793091800,11134776,100910175.0000,1.429387,2.696637
2017-02-21,7.6961129200,7.8305428400,7.6625054400,7.7129166600,15984715,147477256.0000,2.051981,0.437636
2017-02-22,7.7297204000,7.8893559300,7.6961129200,7.8053372300,20119470,186400508.0000,2.582766,1.198253
2017-02-23,7.7549260100,7.9397671500,7.7129166600,7.7297204000,20521551,190789090.0000,2.634381,-0.968785
2017-02-24,7.7297204000,7.7717297500,7.6372998300,7.7213185300,7947583,72865393.0000,1.020243,-0.108698
2017-02-27,7.6541035700,7.8725521900,7.6120942200,7.8641503200,15191124,140672151.0000,1.950107,1.849838
2017-02-28,7.8221409700,7.8557484500,7.7129166600,7.7633278800,9065098,83835569.0000,1.163700,-1.282050
2017-03-01,7.7633278800,7.7717297500,7.6625054400,7.6709073100,6119666,56218885.0000,0.785590,-1.190472
2017-03-02,7.6877110500,7.7213185300,7.5700848700,7.6288979600,6882127,62512935.0000,0.883469,-0.547647
2017-03-03,7.6036923500,7.6541035700,7.5784867400,7.6457017000,3229353,29312275.0000,0.414557,0.220269
2017-03-06,7.6625054400,7.7801316200,7.6204960900,7.7381222700,7503556,68990901.0000,0.963242,1.208787
2017-03-07,7.7717297500,7.8725521900,7.6877110500,7.8305428400,11006559,102293375.0000,1.412928,1.194350
2017-03-08,7.8641503200,8.2086269900,7.8389447100,7.9649727600,25663931,245541682.0000,3.294516,1.716737
2017-03-09,7.9145615400,7.9985802400,7.7297204000,7.8053372300,9712748,90463503.0000,1.246840,-2.004215
2017-03-10,7.8221409700,8.1414120300,7.7717297500,7.8137391000,19975734,190001562.0000,2.564314,0.107645
2017-03-13,7.7801316200,8.0573933300,7.7549260100,7.9901783700,12727414,119742714.0000,1.633837,2.258065
2017-03-14,7.9397671500,8.1078045500,7.8473465800,7.8641503200,10364954,98391923.0000,1.330564,-1.577293
2017-03-15,7.8221409700,8.0153839800,7.7885334900,7.9397671500,11426382,107547339.0000,1.466821,0.961540
2017-03-16,7.9313652800,7.9817765000,7.7885334900,7.9817765000,18164122,169890251.0000,2.331755,0.529103
2017-03-17,7.9313652800,7.9313652800,7.6793091800,7.7213185300,12191580,113602427.0000,1.565051,-3.263162
2017-03-20,7.7297204000,7.7717297500,7.5364773900,7.6457017000,13113464,118979029.0000,1.683394,-0.979317
2017-03-21,7.6120942200,7.7045147900,7.6120942200,7.6457017000,6622026,60325472.0000,0.850079,0.000000
2017-03-22,7.6036923500,7.6204960900,7.5532811300,7.6204960900,6944903,62630989.0000,0.891527,-0.329678
2017-03-23,7.6120942200,7.7549260100,7.5868886100,7.7129166600,8723403,79800845.0000,1.119836,1.212796
2017-03-24,7.7129166600,7.7381222700,7.6625054400,7.7297204000,6994513,64118911.0000,0.897896,0.217860
2017-03-27,7.7297204000,7.7465241400,7.6204960900,7.6457017000,6940547,63376280.0000,0.890968,-1.086950
2017-03-28,7.6877110500,7.6877110500,7.5532811300,7.5952904800,6375424,57665314.0000,0.818422,-0.659345
2017-03-29,7.6036923500,7.6288979600,7.5448792600,7.5616830000,6356065,57320203.0000,0.815937,-0.442478
2017-03-30,7.5868886100,7.6372998300,7.4356549500,7.4776643000,8010692,72032676.0000,1.028344,-1.111115
2017-03-31,7.4944680400,7.5364773900,7.3432343800,7.3852437300,7698539,68123218.0000,0.988273,-1.235951
2017-04-05,7.4104493400,7.6625054400,7.3852437300,7.5616830000,8299521,74383123.0000,1.065422,2.389079
2017-04-06,7.5532811300,7.6120942200,7.5112717800,7.5700848700,5300373,47635611.0000,0.680417,0.111114
2017-04-07,7.5784867400,7.5784867400,7.5028699100,7.5280755200,4390720,39363595.0000,0.563643,-0.554941
2017-04-10,7.5196736500,7.5448792600,7.4104493400,7.4104493400,6921515,61430818.0000,0.888525,-1.562504
2017-04-11,7.4272530800,7.4860661700,7.3768418600,7.4608605600,5234948,46292779.0000,0.672018,0.680277
2017-04-12,7.4692624300,7.4692624300,7.2676175500,7.4188512100,4139223,36560507.0000,0.531358,-0.563065
2017-04-13,7.4104493400,7.4776643000,7.3936456000,7.4104493400,4424965,39160152.0000,0.568039,-0.113253
2017-04-14,7.4104493400,7.4272530800,7.2256082000,7.2424119400,5529950,48147387.0000,0.709888,-2.267571
2017-04-17,7.2592156800,7.3012250300,7.2004025900,7.2424119400,5297509,45643922.0000,0.680049,0.000000
2017-04-18,7.2424119400,7.2592156800,7.1415895000,7.2004025900,4478990,38366652.0000,0.574974,-0.580049
2017-04-19,7.1835988500,7.3012250300,7.1415895000,7.2844212900,7429281,63843759.0000,0.953708,1.166866
2017-04-20,7.3180287700,7.4356549500,7.2424119400,7.4272530800,11245521,98150308.0000,1.443604,1.960785
2017-04-21,7.4188512100,7.6288979600,7.4020474700,7.5616830000,14011487,125921752.0000,1.798675,1.809953
2017-04-24,7.5532811300,7.5616830000,7.3096269000,7.4356549500,9746362,85887545.0000,1.251155,-1.666662
2017-04-25,7.4356549500,7.6541035700,7.4020474700,7.5616830000,11918065,107226256.0000,1.529939,1.694911
2017-04-26,7.5868886100,7.5868886100,7.4692624300,7.5196736500,6879132,61651784.0000,0.883084,-0.555558
2017-04-27,7.4860661700,7.5448792600,7.3264306400,7.5364773900,9222194,81584218.0000,1.183866,0.223469
2017-04-28,7.4944680400,7.5952904800,7.4524586900,7.4692624300,7887722,70557138.0000,1.012558,-0.891861
2017-05-02,7.4188512100,7.4440568200,7.2088044600,7.3264306400,10434437,90505674.0000,1.339484,-1.912262
2017-05-03,7.3180287700,7.5028699100,7.2340100700,7.4944680400,11668795,102452209.0000,1.497940,2.293576
2017-05-04,7.4440568200,7.5448792600,7.3516362500,7.5028699100,9508843,84568094.0000,1.220664,0.112110
2017-05-05,7.4440568200,7.5700848700,7.4104493400,7.4524586900,6085458,54102428.0000,0.781199,-0.671897
2017-05-08,7.3768418600,7.5448792600,7.1667951100,7.2424119400,8915069,77994998.0000,1.144440,-2.818489
2017-05-09,7.1751969800,7.3348325100,7.1667951100,7.2508138100,7730301,66517581.0000,0.992350,0.116012
2017-05-10,7.2508138100,7.3096269000,6.7887109600,6.8895334000,5979029,50922867.0000,0.767537,-4.982622
2017-05-11,6.8895334000,7.0239633200,6.6290754300,6.9819539700,12027314,98182677.0000,1.543964,1.341471
2017-05-12,6.9315427500,7.0239633200,6.9063371400,7.0071595800,4934479,40950745.0000,0.633446,0.361008
2017-05-15,7.0071595800,7.1163838900,6.9315427500,7.0239633200,4062273,33819502.0000,0.521480,0.239802
2017-05-16,6.9567483600,7.0827764100,6.8223184400,7.0659726700,6498182,53853398.0000,0.834181,0.598088
2017-05-17,7.0491689300,7.1079820200,7.0071595800,7.0407670600,5421472,45560173.0000,0.695962,-0.356715
2017-05-18,6.9987577100,7.0575708000,6.9315427500,6.9567483600,3561746,29664039.0000,0.457227,-1.193322
2017-05-19,6.9651502300,6.9651502300,6.8643277900,6.8895334000,4385108,35980784.0000,0.562923,-0.966183
2017-05-22,6.8643277900,6.9315427500,6.6962903900,6.7467016100,4603066,37315683.0000,0.590902,-2.073172
2017-05-23,6.7719072200,6.8139165700,6.6794866500,6.6794866500,4183614,33587611.0000,0.537057,-0.996263
2017-05-24,6.6626829100,6.7382997400,6.5954679500,6.6374773000,6600624,52302605.0000,0.847332,-0.628927
2017-05-25,6.6458791700,6.7551034800,6.6122716900,6.7382997400,4988986,39682004.0000,0.640443,1.518992
2017-05-26,6.7130941300,6.7635053500,6.7046922600,6.7214960000,2746261,22030163.0000,0.352542,-0.249382
2017-05-31,6.7887109600,6.8727296600,6.7635053500,6.7803090900,5394929,43791558.0000,0.692555,0.874996
2017-06-01,6.7803090900,6.7971128300,6.6122716900,6.6206735600,5413878,43284301.0000,0.694987,-2.354394
2017-06-02,6.5954679500,6.7298978700,6.5870660800,6.6878885200,4288374,33993430.0000,0.550505,1.015227
2017-06-05,6.7298978700,6.7803090900,6.6878885200,6.7551034800,2915041,23414414.0000,0.374208,1.005024
2017-06-06,6.7214960000,6.7887109600,6.7130941300,6.7803090900,2765607,22248609.0000,0.355025,0.373131
2017-06-07,6.7719072200,6.9231408800,6.7719072200,6.9063371400,6437539,52579996.0000,0.826396,1.858743
2017-06-08,6.9147390100,6.9147390100,6.8475240500,6.8811315300,3060604,25058491.0000,0.392894,-0.364972
2017-06-09,6.8811315300,6.9063371400,6.8055147000,6.8727296600,4177976,34121471.0000,0.536333,-0.122091
2017-06-12,6.8559259200,6.8643277900,6.7551034800,6.7887109600,4656508,37709345.0000,0.597763,-1.222499
2017-06-13,6.7887109600,6.8895334000,6.7887109600,6.8643277900,3709797,30256458.0000,0.476232,1.113863
2017-06-14,6.8643277900,6.9063371400,6.8391221800,6.8643277900,2722206,22274003.0000,0.349454,0.000000
2017-06-15,6.8895334000,6.9483464900,6.8643277900,6.9147390100,3589610,29544947.0000,0.460803,0.734388
2017-06-16,6.9399446200,6.9399446200,6.8307203100,6.8643277900,3096014,25299589.0000,0.397440,-0.729034
2017-06-19,6.8643277900,6.9399446200,6.8475240500,6.9315427500,3649418,30016670.0000,0.468481,0.979191
2017-06-20,6.9399446200,6.9651502300,6.9147390100,6.9315427500,2309397,19068882.0000,0.296461,0.000000
2017-06-21,6.9483464900,6.9651502300,6.9063371400,6.9567483600,3603167,29766286.0000,0.462544,0.363633
2017-06-22,6.9567515700,6.9653084600,6.8540688900,6.8540688900,4354698,35267772.0000,0.559019,-1.476013
2017-06-23,6.8711826700,6.9054102300,6.7684999900,6.8626257800,4720190,37696133.0000,0.605938,0.124847
2017-06-26,6.8455120000,6.9909791300,6.8369551100,6.9909791300,5013389,40584774.0000,0.643576,1.870319
2017-06-27,6.9909791300,7.0337635800,6.9481946800,6.9909791300,3779292,30907773.0000,0.485153,0.000000
2017-06-28,6.9567515700,7.0252066900,6.9481946800,6.9909791300,2563524,20922262.0000,0.329083,0.000000
2017-06-29,7.0080929100,7.0679911400,6.9909791300,7.0337635800,3081177,25319088.0000,0.395535,0.611997
2017-06-30,7.0252066900,7.0679911400,6.9995360200,7.0594342500,2835083,23328702.0000,0.363950,0.364960
2017-07-03,7.0679911400,7.1706738200,7.0679911400,7.1535600400,4493564,37460543.0000,0.576855,1.333329
2017-07-04,7.1535600400,7.2134582700,7.1193324800,7.1877876000,4277892,35844383.0000,0.549168,0.478469
2017-07-05,7.1792307100,7.2733565000,7.1621169300,7.2647996100,4774184,40429067.0000,0.612879,1.071430
2017-07-06,7.2391289400,7.2904702800,7.1792307100,7.2819133900,5318091,45011950.0000,0.682702,0.235577
2017-07-07,7.2819133900,7.2990271700,7.2049013800,7.2819133900,3425424,29083959.0000,0.439734,0.000000
2017-07-10,7.2562427200,7.2990271700,7.1706738200,7.2562427200,5296978,44741494.0000,0.679992,-0.352534
2017-07-11,7.2391289400,7.4616080800,7.2049013800,7.3589254000,8159157,70092126.0000,1.047420,1.415104
2017-07-12,7.2904702800,7.5557338700,7.1450031500,7.2990271700,6675898,57197222.0000,0.857009,-0.813961
2017-07-13,7.2391289400,7.3418116200,7.1792307100,7.2134582700,3906350,33050185.0000,0.501472,-1.172326
2017-07-14,7.2220151600,7.2562427200,7.1877876000,7.2220151600,3731486,31470927.0000,0.479024,0.118615
2017-07-17,7.2220151600,7.2305720500,6.8711826700,6.8968533400,6362608,52030630.0000,0.816791,-4.502360
2017-07-18,6.9054102300,7.0166498000,6.8968533400,6.9909791300,3608809,29311773.0000,0.463276,1.364760
2017-07-19,6.9653084600,7.1107755900,6.9481946800,7.1022187000,3836131,31587150.0000,0.492458,1.591189
2017-07-20,7.0679911400,7.1706738200,7.0679911400,7.1278893700,3806138,31737769.0000,0.488607,0.361443
2017-07-21,7.1193324800,7.1963444900,7.0936618100,7.1450031500,4551690,38096337.0000,0.584317,0.240101
2017-07-24,7.1450031500,7.2904702800,7.1022187000,7.2733565000,6868324,58053043.0000,0.881711,1.796403
2017-07-25,7.2391289400,7.2733565000,7.1107755900,7.1963444900,4654847,39075727.0000,0.597559,-1.058825
2017-07-26,7.1963444900,7.3161409500,7.1278893700,7.2990271700,5812266,49030144.0000,0.746141,1.426871
2017-07-27,7.2819133900,7.2990271700,7.1877876000,7.2391289400,7905232,66884139.0000,1.014823,-0.820630
2017-07-28,7.2391289400,7.2904702800,7.1963444900,7.2305720500,3167732,26804823.0000,0.406653,-0.118206
2017-07-31,7.2391289400,7.3674822900,7.2049013800,7.3332547300,8489602,72599688.0000,1.089840,1.420117
2017-08-01,7.3075840600,7.3931529600,7.2904702800,7.3503685100,5166051,44316366.0000,0.663184,0.233378
2017-08-02,7.3161409500,7.3760391800,7.2220151600,7.2733565000,5119688,43700831.0000,0.657232,-1.047732
2017-08-03,7.2647996100,7.3246978400,7.2476858300,7.2904702800,3432204,29242749.0000,0.440604,0.235299
2017-08-04,7.2990271700,7.3246978400,7.2220151600,7.2305720500,4501902,38224234.0000,0.577925,-0.821604
2017-08-07,7.2220151600,7.2562427200,7.1877876000,7.2391289400,4306708,36358329.0000,0.552867,0.118346
2017-08-08,7.2562427200,7.2562427200,7.2049013800,7.2305720500,3116563,26310134.0000,0.400084,-0.118206
2017-08-09,7.2305720500,7.2305720500,7.1535600400,7.1706738200,4486835,37635466.0000,0.575991,-0.828399
2017-08-10,7.1621169300,7.1963444900,7.1022187000,7.1535600400,5253582,43910527.0000,0.674421,-0.238669
2017-08-11,7.1107755900,7.1621169300,7.0337635800,7.0337635800,3722243,30963035.0000,0.477838,-1.674634
2017-08-14,7.0594342500,7.1706738200,7.0594342500,7.1535600400,3236380,26985470.0000,0.415466,1.703156
2017-08-15,7.1706738200,7.2049013800,7.1364462600,7.1792307100,2807069,23529572.0000,0.360353,0.358860
2017-08-16,7.1450031500,7.2476858300,7.0765480300,7.2049013800,4306504,36129999.0000,0.552841,0.357565
2017-08-17,7.1877876000,7.2562427200,7.1877876000,7.2476858300,3660527,30913744.0000,0.469915,0.593827
2017-08-18,7.2220151600,7.2733565000,7.2049013800,7.2305720500,3640467,30832688.0000,0.467340,-0.236133
2017-08-21,7.2391289400,7.3332547300,7.2134582700,7.3246978400,6257509,53174670.0000,0.803299,1.301782
2017-08-22,7.3503685100,7.3503685100,7.2049013800,7.2305720500,4079466,34560463.0000,0.523696,-1.285054
2017-08-23,7.3246978400,7.5215063100,7.3246978400,7.3503685100,14624827,126702745.0000,1.877441,1.656809
2017-08-24,7.2733565000,7.3075840600,7.1364462600,7.1535600400,8849848,74565423.0000,1.136086,-2.677538
2017-08-25,7.1450031500,7.2391289400,7.1193324800,7.2220151600,4073322,34226137.0000,0.522907,0.956937
2017-08-28,7.2391289400,7.3246978400,7.2049013800,7.3161409500,4836424,41182290.0000,0.620869,1.303325
2017-08-29,7.2904702800,7.4102667400,7.2904702800,7.4102667400,8690682,75010835.0000,1.115654,1.286546
2017-08-30,7.3845960700,7.4530511900,7.3589254000,7.4017098500,6311956,54730681.0000,0.810288,-0.115476
2017-08-31,7.3845960700,7.4273805200,7.3760391800,7.3931529600,3082742,26677082.0000,0.395743,-0.115599
2017-09-01,7.4102667400,7.4359374100,7.3418116200,7.4273805200,6641160,57314033.0000,0.852549,0.462962
2017-09-04,7.4273805200,7.6070752100,7.4017098500,7.5557338700,10679396,94198750.0000,1.370952,1.728106
2017-09-05,7.5043925300,7.5985183200,7.4616080800,7.5043925300,7897004,69428382.0000,1.013766,-0.679496
2017-09-06,7.4872787500,7.5043925300,7.4273805200,7.5043925300,5496491,47956205.0000,0.705604,0.000000
2017-09-07,7.5129494200,7.5300632000,7.3845960700,7.3931529600,6768100,58936968.0000,0.868845,-1.482327
2017-09-08,7.4102667400,7.4359374100,7.3760391800,7.4188236300,5073889,43930450.0000,0.651353,0.347219
2017-09-11,7.4188236300,7.4958356400,7.3674822900,7.4359374100,4729060,40973653.0000,0.607086,0.230675
2017-09-12,7.4359374100,7.4616080800,7.3246978400,7.3332547300,6706753,57762852.2200,0.860970,-1.380896
2017-09-13,7.3418116200,7.8723388000,7.3246978400,7.7268716700,14560836,129150422.0600,1.869226,5.367562
2017-09-14,7.5129494200,7.6327458800,7.3589254000,7.3931529600,19520936,171048662.7500,2.505972,-4.318930
2017-09-15,7.4017098500,7.6327458800,7.3418116200,7.5814045400,13343688,116944149.7100,1.712977,2.546288
2017-09-18,7.5300632000,7.6070752100,7.5043925300,7.5899614300,7539606,66634264.6400,0.967886,0.112869
2017-09-19,7.5899614300,7.7610992300,7.5557338700,7.6498596600,15190746,136434290.0700,1.950090,0.789174
2017-09-20,7.6413027700,7.7953267900,7.6241889900,7.6926441100,11300702,102147878.0400,1.450711,0.559286
2017-09-21,7.6669734400,8.0691472700,7.6669734400,7.9236801400,26183205,242573657.7800,3.361231,3.003342
2017-09-22,7.9236801400,8.0862610500,7.7953267900,8.0605903800,17991652,167749329.9800,2.309652,1.727860
2017-09-25,8.0006921500,8.1119317200,7.7867699000,7.8466681300,11219639,104004539.0600,1.440305,-2.653928
2017-09-26,7.8552250200,7.9921352600,7.8124405700,7.9407939200,8557425,79197664.1900,1.098547,1.199560
2017-09-27,7.9493508100,8.0862610500,7.8381112400,7.8466681300,8982941,83457242.3200,1.153172,-1.185341
2017-09-28,7.8295543500,8.2317281800,7.8124405700,8.1376023900,17954070,169168222.6300,2.304828,3.707744
2017-09-29,8.1033748300,8.3258539700,8.0434766000,8.1033748300,13174437,125773871.8400,1.691249,-0.420610
2017-10-09,8.2231712900,8.2573988500,8.0006921500,8.0434766000,9473356,89343878.2900,1.216128,-0.739183
2017-10-10,8.0520334900,8.0777041600,7.9407939200,8.0605903800,8323427,77752508.9700,1.068508,0.212771
2017-10-11,8.0605903800,8.0777041600,7.7696561200,7.8209974600,12825040,118353812.3900,1.646396,-2.972396
2017-10-12,7.8552250200,7.8637819100,7.7354285600,7.8124405700,9321174,84873607.5000,1.196592,-0.109412
2017-10-13,7.8124405700,7.8381112400,7.7610992300,7.7953267900,5429082,49502369.5800,0.696950,-0.219063
2017-10-16,7.7696561200,8.0092490400,7.7696561200,7.8894525800,11214271,103734867.3800,1.439616,1.207471
2017-10-17,7.8637819100,8.0178059300,7.7525423400,8.0178059300,7452265,68617238.1600,0.956674,1.626894
2017-10-18,7.9579077000,8.0092490400,7.8209974600,7.8381112400,4569867,42295223.6800,0.586650,-2.241196
2017-10-19,7.8295543500,7.8295543500,7.5215063100,7.5300632000,8647508,77255995.7900,1.110111,-3.930127
2017-10-20,7.5129494200,7.6755303300,7.4872787500,7.6413027700,3847700,34190683.5600,0.493943,1.477274
2017-10-23,7.6413027700,7.6755303300,7.5814045400,7.6498596600,4016015,35821465.6500,0.515550,0.111974
2017-10-24,7.6498596600,7.7354285600,7.5471769800,7.6926441100,3686417,33022913.3400,0.473238,0.559286
2017-10-25,7.6926441100,7.7439854500,7.6498596600,7.6926441100,3244369,29206109.9300,0.416491,0.000000
2017-10-26,7.6755303300,7.6840872200,7.5557338700,7.6584165500,7906455,70357650.0300,1.014980,-0.444938
2017-10-27,7.6840872200,7.7696561200,7.5557338700,7.7183147800,6788478,60801556.9100,0.871461,0.782130
2017-10-30,7.7097578900,7.7183147800,7.4359374100,7.4872787500,7796750,68636465.5200,1.000896,-2.993353
2017-10-31,7.5471769800,7.6241889900,7.4616080800,7.5300632000,6589248,58039465.3100,0.845885,0.571431
2017-11-01,7.5300632000,7.5642907600,7.3332547300,7.3503685100,9312517,80785436.6900,1.195481,-2.386364
2017-11-02,7.3418116200,7.3760391800,7.2220151600,7.3246978400,4731980,40318777.4200,0.607461,-0.349240
2017-11-03,7.3246978400,7.4188236300,7.2904702800,7.3246978400,4261332,36603635.4400,0.547042,0.000000
2017-11-06,7.3589254000,7.5043925300,7.3246978400,7.4444943000,6580603,57235559.7400,0.844775,1.635507
2017-11-07,7.4444943000,7.4787218600,7.3931529600,7.4273805200,5255301,45604506.1200,0.674642,-0.229879
2017-11-08,7.4188236300,7.4872787500,7.4102667400,7.4701649700,4902588,42653567.2600,0.629363,0.576028
2017-11-09,7.4359374100,7.4701649700,7.3845960700,7.4616080800,5697562,49446882.9900,0.731416,-0.114539
2017-11-10,7.4701649700,7.4701649700,7.2904702800,7.3674822900,5190885,44856800.0000,0.666372,-1.261475
2017-11-13,7.3931529600,7.4102667400,7.3246978400,7.3845960700,3367040,28963472.1300,0.432239,0.232293
2017-11-14,7.3931529600,7.3931529600,7.2904702800,7.2990271700,3412501,29264731.5800,0.438075,-1.158753
2017-11-15,7.2819133900,7.3246978400,7.2134582700,7.2733565000,3312710,28122050.3300,0.425264,-0.351697
2017-11-16,7.2819133900,7.2819133900,7.1364462600,7.1450031500,5341047,44853226.0700,0.685649,-1.764701
2017-11-17,7.1535600400,7.1706738200,6.9139671200,6.9310809000,5851317,48057166.3100,0.751154,-2.994012
2017-11-20,6.9396377900,7.0423204700,6.9139671200,7.0337635800,3735439,30486024.0300,0.479532,1.481480
2017-11-21,7.0423204700,7.0851049200,6.9738653500,6.9909791300,3358486,27525145.3600,0.431141,-0.608275
2017-11-22,6.9995360200,7.1450031500,6.9481946800,6.9653084600,4290757,35199017.7500,0.550820,-0.367194
2017-11-23,6.9824222400,7.0252066900,6.8882964500,6.9054102300,2556166,20823998.9000,0.328144,-0.859959
2017-11-24,6.9054102300,6.9824222400,6.8626257800,6.9396377900,2369266,19140861.3700,0.304151,0.495663
2017-11-27,6.9310809000,7.0166498000,6.8797395600,6.9567515700,3268777,26496212.3600,0.419624,0.246615
2017-11-28,6.9481946800,6.9909791300,6.9054102300,6.9653084600,4359455,35411220.5800,0.559639,0.123004
2017-11-29,6.9310809000,7.0080929100,6.8797395600,6.9995360200,4879479,39553693.2100,0.626396,0.491400
2017-11-30,7.0166498000,7.0423204700,6.8455120000,6.8968533400,5421215,44014161.6100,0.695941,-1.466991
2017-12-01,6.9139671200,7.0594342500,6.8626257800,7.0423204700,6776998,55153505.8500,0.869987,2.109170
2017-12-04,7.0080929100,7.0080929100,6.8968533400,6.9054102300,4249073,34423089.1100,0.545469,-1.944105
2017-12-05,6.8968533400,6.9225240100,6.6401466400,6.6743742000,7907830,62417446.6700,1.015156,-3.345719
2017-12-06,6.6487035300,6.7342724300,6.6230328600,6.7171586500,4570385,35668896.7800,0.586717,0.641022
2017-12-07,6.6914879800,6.7257155400,6.6658173100,6.6914879800,3549071,27767747.8500,0.455607,-0.382162
2017-12-08,6.6743742000,6.9225240100,6.6658173100,6.8198413300,6244491,49675157.3300,0.801627,1.918154
2017-12-11,6.8198413300,6.8882964500,6.7770568800,6.8882964500,4657182,37274867.9200,0.597859,1.003769
2017-12-12,6.8797395600,6.8797395600,6.7428293200,6.7428293200,3842400,30573165.6600,0.493263,-2.111802
2017-12-13,6.7513862100,6.8112844400,6.7171586500,6.7941706600,2032122,16073503.1000,0.260871,0.761421
2017-12-14,6.8283982200,7.1706738200,6.7684999900,7.1535600400,15804683,129568832.7300,2.028903,5.289668
2017-12-15,7.1022187000,7.3760391800,7.0423204700,7.1450031500,18250858,153958102.7600,2.342927,-0.119609
2017-12-18,7.1621169300,7.2049013800,6.9396377900,6.9995360200,6262963,51590258.5800,0.803999,-2.035929
2017-12-19,7.0594342500,7.0851049200,6.9653084600,6.9995360200,4898733,40180903.8900,0.628868,0.000000
2017-12-20,6.9824222400,7.0423204700,6.9139671200,6.9824222400,5815210,47416770.8100,0.746519,-0.244504
2017-12-21,6.9567515700,6.9567515700,6.7684999900,6.9054102300,5495808,44057499.3600,0.705516,-1.102943
2017-12-22,6.8626257800,6.9225240100,6.8626257800,6.9054102300,2239865,18033008.6400,0.287539,0.000000
2017-12-25,6.9139671200,6.9481946800,6.7770568800,6.7856137700,3949079,31521444.4700,0.506957,-1.734819
2017-12-26,6.7856137700,6.9995360200,6.7684999900,6.9653084600,4638427,37441044.3700,0.595451,2.648178
2017-12-27,6.9396377900,6.9738653500,6.8711826700,6.8797395600,2372200,19178949.0000,0.304528,-1.228506
2017-12-28,6.8797395600,6.9396377900,6.8797395600,6.9139671200,3386760,27361409.9000,0.434770,0.497512
2017-12-29,6.9225240100,6.9310809000,6.8455120000,6.9054102300,3747977,30142629.8600,0.481141,-0.123765
2018-01-02,6.7513862100,6.8369551100,6.6572604200,6.7513862100,12524430,98402210.6900,1.607805,-2.230481
2018-01-03,6.7428293200,6.8369551100,6.7000448700,6.8112844400,10327067,81710744.2300,1.325722,0.887201
2018-01-04,6.8112844400,6.9139671200,6.7684999900,6.8369551100,6948843,55478844.1300,0.892048,0.376881
2018-01-05,6.8112844400,6.8540688900,6.7856137700,6.8455120000,5598349,44593588.3000,0.718680,0.125159
2018-01-08,6.8455120000,6.9567515700,6.8112844400,6.9396377900,8393903,67766335.8300,1.077555,1.374996
2018-01-09,6.9310809000,6.9310809000,6.8626257800,6.8968533400,5232138,42158060.0600,0.671668,-0.616513
2018-01-10,6.8626257800,6.9139671200,6.7599431000,6.7770568800,5253056,41820312.7500,0.674353,-1.736977
2018-01-11,6.7770568800,6.8540688900,6.7257155400,6.8369551100,3709947,29453900.8900,0.476259,0.883834
2018-01-12,6.8027275500,6.8797395600,6.8027275500,6.8455120000,5156000,41260745.5900,0.661894,0.125159
2018-01-15,6.8540688900,6.8797395600,6.7086017600,6.7086017600,4244202,33679630.8600,0.544843,-1.999998
2018-01-16,6.7086017600,6.8112844400,6.7000448700,6.7941706600,4923997,38960879.2000,0.632111,1.275509
2018-01-17,6.8112844400,6.8540688900,6.7599431000,6.8455120000,3862149,30696373.5800,0.495798,0.755667
2018-01-18,6.8626257800,6.9139671200,6.8283982200,6.8968533400,3679422,29582064.5600,0.472340,0.750005
2018-01-19,6.8968533400,6.9054102300,6.8369551100,6.8711826700,3368444,27022375.0000,0.432419,-0.372217
2018-01-22,6.8711826700,6.9738653500,6.8283982200,6.9738653500,5868671,47393843.8700,0.753382,1.494395
2018-01-23,6.9653084600,6.9995360200,6.8540688900,6.8882964500,6147708,49628029.2100,0.789203,-1.226987
2018-01-24,6.8882964500,6.9054102300,6.8540688900,6.9054102300,5081678,40843978.5600,0.652353,0.248441
2018-01-25,6.9054102300,6.9396377900,6.8882964500,6.9310809000,4127518,33354350.5800,0.529864,0.371756
2018-01-26,6.9054102300,6.9481946800,6.8882964500,6.8968533400,3221517,26028675.1800,0.413558,-0.493827
2018-01-29,6.8968533400,6.9054102300,6.7770568800,6.7856137700,4132810,32974277.3600,0.530543,-1.612910
2018-01-30,6.7856137700,6.9824222400,6.7856137700,6.8968533400,9239927,74725631.9400,1.186162,1.639352
2018-01-31,6.8455120000,6.9481946800,6.8027275500,6.9225240100,6036117,48501828.3600,0.774878,0.372205
2018-02-01,6.9054102300,6.9225240100,6.5374639600,6.5374639600,7809990,61312554.4800,1.002596,-5.562426
2018-02-02,6.4861226200,6.6230328600,6.4262243900,6.4861226200,4288154,32646809.3400,0.550486,-0.785340
2018-02-05,6.4433381700,6.4861226200,6.3577692700,6.3919968300,5205740,38993727.8800,0.668279,-1.451189
2018-02-06,6.3320986000,6.3406554900,5.9042541000,5.9128109900,8271991,59099377.1400,1.061905,-7.496653
2018-02-07,6.0154936700,6.1866314700,5.9213678800,6.1181763500,11283987,79903275.3500,1.448565,3.473231
2018-02-08,6.1096194600,6.3748830500,6.0925056800,6.3406554900,7976441,58464445.5600,1.023964,3.636360
2018-02-09,6.2294159200,6.3149848200,6.1780745800,6.2037452500,6752129,49223100.2400,0.866795,-2.159242
2018-02-12,6.2465297000,6.4347812800,6.2294159200,6.3149848200,5297133,39369204.9300,0.680012,1.793105
2018-02-13,6.3149848200,6.4433381700,6.3149848200,6.3748830500,1573238,11729903.3200,0.201962,0.948505
2018-02-14,6.3320986000,6.4262243900,6.3320986000,6.3492123800,1712958,12772899.0700,0.219898,-0.402681
2018-02-22,6.4005537200,6.5289070700,6.3663261600,6.4604519500,2974675,22415281.7000,0.381870,1.752023
2018-02-23,6.4604519500,6.5117932900,6.4176675000,6.4861226200,2400851,18127414.5600,0.308206,0.397347
2018-02-26,6.4946795100,6.6914879800,6.4775657300,6.6315897500,4025433,30983729.4100,0.516759,2.242745
2018-02-27,6.5973621900,6.6572604200,6.4775657300,6.5203501800,3483960,26733224.6900,0.447248,-1.677421
2018-02-28,6.5117932900,6.7086017600,6.4861226200,6.6487035300,3442100,26610364.8500,0.441875,1.968505
2018-03-01,6.6487035300,6.7000448700,6.5631346300,6.5973621900,2972500,23052681.9500,0.381590,-0.772200
2018-03-02,6.5631346300,6.6658173100,6.5374639600,6.5973621900,2801075,21560917.5000,0.359584,0.000000
2018-03-05,6.5888053000,6.6230328600,6.5289070700,6.6144759700,2147581,16519719.7200,0.275693,0.259403
2018-03-06,6.5888053000,6.6829310900,6.5631346300,6.6829310900,2805461,21734042.1300,0.360147,1.034928
2018-03-07,6.6572604200,6.6914879800,6.5888053000,6.5973621900,1479045,11468857.7000,0.189870,-1.280409
2018-03-08,6.5716915200,6.6487035300,6.5716915200,6.6230328600,1662552,12837005.9900,0.213428,0.389102
2018-03-09,6.5973621900,6.8369551100,6.5973621900,6.7856137700,5480522,42953112.7800,0.703554,2.454781
2018-03-12,6.7599431000,6.7599431000,6.6743742000,6.7342724300,5552216,43525138.5900,0.712758,-0.756620
2018-03-13,6.7171586500,6.7257155400,6.6572604200,6.6743742000,3501493,27339682.4000,0.449499,-0.889450
2018-03-14,6.6743742000,6.7000448700,6.6401466400,6.6487035300,2347726,18290379.8500,0.301386,-0.384618
2018-03-15,6.6487035300,6.7000448700,6.6230328600,6.7000448700,3525850,27463784.0800,0.452626,0.772200
2018-03-16,6.7000448700,6.7513862100,6.6743742000,6.6914879800,3355454,26332027.4000,0.430752,-0.127711
2018-03-19,6.6914879800,6.7513862100,6.6487035300,6.7428293200,2095375,16451368.1000,0.268991,0.767263
2018-03-20,6.7171586500,6.7342724300,6.6230328600,6.6487035300,2157931,16790532.3600,0.277021,-1.395941
2018-03-21,6.6487035300,6.7000448700,6.5203501800,6.5374639600,3087761,23905157.0900,0.396387,-1.673103
2018-03-22,6.5374639600,6.6487035300,6.4176675000,6.5716915200,4592301,35031012.6000,0.589530,0.523560
2018-03-23,6.3748830500,6.4518950600,6.1866314700,6.2807572600,5227120,38564839.4000,0.671024,-4.427079
2018-03-26,6.3149848200,6.3406554900,6.0753919000,6.3235417100,3377418,24735964.8400,0.433571,0.681195
2018-03-27,6.3663261600,6.4604519500,6.3663261600,6.4433381700,2813048,21128126.6200,0.361121,1.894457
2018-03-28,6.4005537200,6.4347812800,6.3064279300,6.3406554900,2282801,16984625.4500,0.293051,-1.593630
2018-03-29,6.3577692700,6.4176675000,6.3149848200,6.3492123800,3427225,25459515.6200,0.439965,0.134956
2018-03-30,6.3577692700,6.3748830500,6.2893141500,6.2978710400,3489301,25834222.7900,0.447934,-0.808625
2018-04-02,6.2978710400,6.4262243900,6.2550865900,6.3748830500,3090182,22981500.2800,0.396698,1.222822
2018-04-03,6.3064279300,6.3834399400,6.2550865900,6.3663261600,3244840,24030407.0700,0.416552,-0.134225
2018-04-04,6.3834399400,6.5117932900,6.3406554900,6.3834399400,5328091,40177946.6500,0.683986,0.268817
2018-04-09,6.3919968300,6.4518950600,6.2550865900,6.2893141500,3695350,27425506.0200,0.474385,-1.474533
2018-04-10,6.3235417100,6.3320986000,6.2123021400,6.2978710400,3354712,24543842.0500,0.430656,0.136057
2018-04-11,6.2893141500,6.3235417100,6.2807572600,6.2978710400,2011541,14819162.2400,0.258229,0.000000
2018-04-12,6.2893141500,6.3064279300,6.2465297000,6.2636434800,1884593,13807171.7200,0.241932,-0.543478
2018-04-13,6.2722003700,6.2893141500,5.9898230000,6.2123021400,2993805,21698802.2800,0.384325,-0.819671
2018-04-16,6.1866314700,6.2037452500,6.1181763500,6.1524039100,2091511,15028041.3200,0.268495,-0.964190
2018-04-17,6.1524039100,6.1524039100,6.0326074500,6.0839487900,2425074,17253382.5200,0.311315,-1.112655
2018-04-18,6.1267332400,6.1951883600,6.0925056800,6.1695176900,2547726,18297633.6500,0.327061,1.406468
2018-04-19,6.1524039100,6.1866314700,6.1181763500,6.1524039100,2250902,16187585.5500,0.288956,-0.277392
2018-04-20,6.1267332400,6.2550865900,6.0839487900,6.0839487900,2947419,21269235.5900,0.378346,-1.112655
2018-04-23,6.0411643400,6.1010625700,5.9128109900,5.9555954400,3041472,21325568.9300,0.390419,-2.109706
2018-04-24,5.9641523300,6.0753919000,5.9641523300,6.0497212300,1851729,13060217.7100,0.237698,1.580462
2018-04-25,6.0497212300,6.0582781200,6.0240505600,6.0582781200,1656410,11693529.4000,0.212625,0.141439
2018-04-26,6.1010625700,6.1010625700,5.9213678800,5.9727092200,3121300,21834184.0000,0.400666,-1.412428
2018-04-27,6.0154936700,6.0411643400,5.9213678800,5.9555954400,1945960,13572739.8000,0.249794,-0.286533
2018-05-02,5.9555954400,5.9983798900,5.9042541000,5.9470385500,1842662,12818429.8000,0.236534,-0.143681
2018-05-03,5.9213678800,5.9727092200,5.7930145300,5.9384816600,3277947,22542394.6600,0.420774,-0.143881
2018-05-04,5.9299247700,5.9470385500,5.9042541000,5.9128109900,1716083,11874590.5600,0.220285,-0.432280
2018-05-07,5.9128109900,6.0326074500,5.9128109900,5.9983798900,3205632,22431265.9400,0.411492,1.447183
2018-05-08,6.0069367800,6.0668350100,5.9898230000,6.0411643400,3608895,25403662.5500,0.463256,0.713263
2018-05-09,6.0326074500,6.0411643400,5.9555954400,6.0069367800,2520101,17682957.5200,0.323493,-0.566572
2018-05-10,6.0069367800,6.0326074500,5.9812661100,6.0154936700,2672715,18753637.0000,0.343084,0.142453
2018-05-11,6.0240505600,6.0326074500,5.9384816600,5.9555954400,2533100,17701120.3600,0.325162,-0.995735
2018-05-14,5.9555954400,5.9812661100,5.9384816600,5.9641523300,2181412,15201759.2900,0.280017,0.143675
2018-05-15,5.9470385500,5.9983798900,5.9384816600,5.9983798900,1722514,12009776.4600,0.221111,0.573894
2018-05-16,5.9812661100,6.0582781200,5.9727092200,6.0240505600,2954866,20802254.0000,0.379302,0.427956
2018-05-17,6.0411643400,6.0411643400,5.9641523300,5.9727092200,2015878,14139682.8800,0.258769,-0.852272
2018-05-18,5.9641523300,6.0326074500,5.9641523300,6.0240505600,1609815,11296805.0000,0.206644,0.859598
2018-05-21,6.0411643400,6.0925056800,6.0240505600,6.0839487900,3285607,23289040.4100,0.421758,0.994321
2018-05-22,6.0753919000,6.1096194600,6.0582781200,6.1010625700,2293645,16305013.4000,0.294424,0.281294
2018-05-23,6.1010625700,6.1267332400,6.0411643400,6.0668350100,3037393,21611292.9200,0.389896,-0.561009
2018-05-24,6.0326074500,6.0668350100,5.9983798900,6.0069367800,2734579,19276677.9500,0.351025,-0.987309
2018-05-25,6.0069367800,6.0326074500,5.9641523300,5.9727092200,2011494,14094521.9400,0.258206,-0.569800
2018-05-28,5.9555954400,5.9983798900,5.9384816600,5.9641523300,2087173,14569449.4100,0.267920,-0.143270
2018-05-29,5.9898230000,6.1096194600,5.9641523300,6.0240505600,3852813,27230141.4400,0.494567,1.004307
2018-05-30,5.9983798900,5.9983798900,5.7844576400,5.8101283100,3720794,25607030.3300,0.477620,-3.551136
2018-05-31,5.8529127600,6.2208590300,5.8186852000,6.1780745800,9408603,66499236.8400,1.207737,6.332840
2018-06-01,6.1181763500,6.1352901300,5.9299247700,6.0154936700,7361835,52113072.2500,0.945003,-2.631573
2018-06-04,6.0154936700,6.0411643400,5.9384816600,5.9470385500,2864800,20054754.0000,0.367741,-1.137986
2018-06-05,5.9470385500,6.0411643400,5.9470385500,6.0411643400,3171072,22201143.5400,0.407055,1.582736
2018-06-06,6.0326074500,6.0326074500,5.9898230000,6.0240505600,3383753,23748457.0300,0.434356,-0.283286
2018-06-07,6.0154936700,6.0326074500,5.8871403200,5.9299247700,4028602,28048424.8400,0.517132,-1.562502
2018-06-08,5.9213678800,5.9299247700,5.8101283100,5.8443558700,3298333,22546034.4000,0.423391,-1.443000
2018-06-11,5.8443558700,5.8443558700,5.7074456300,5.7074456300,2954657,19934486.3200,0.379275,-2.342604
2018-06-12,5.7502300800,5.7502300800,5.6646611800,5.7331163000,3368590,22468091.3100,0.432410,0.449771
2018-06-13,5.7331163000,5.7502300800,5.6389905100,5.6475474000,2354987,15647365.5500,0.302298,-1.492536
2018-06-14,5.6475474000,5.7331163000,5.6389905100,5.6646611800,2026201,13468686.1100,0.260094,0.303030
2018-06-15,5.6732180700,5.7245594100,5.5020802700,5.5534216100,2996000,19602958.4000,0.384582,-1.963748
2018-06-19,5.4849664900,5.5191940500,5.0314513200,5.1341340000,4702966,28958504.7800,0.603697,-7.550074
2018-06-20,5.1341340000,5.2368166800,5.0400082100,5.1769184500,3149956,18972005.7900,0.404345,0.833337
2018-06-21,5.1854753400,5.1940322300,5.0400082100,5.0656788800,3498202,20922288.8600,0.449047,-2.148762
2018-06-22,5.0305618200,5.1534725800,5.0305618200,5.0832378600,3046704,17676247.1200,0.391091,0.346620
2018-06-25,5.1359139000,5.1710312600,5.0744585200,5.1007965400,2289200,13329790.9900,0.293854,0.345423
2018-06-26,5.0920172000,5.1271345600,5.0042238000,5.1007965400,3385311,19530238.1600,0.434556,0.000000
2018-06-27,5.1095758800,5.1095758800,5.0130031400,5.0305618200,2194746,12661883.5800,0.281729,-1.376935
2018-06-28,5.0305618200,5.0656791800,4.9164304000,4.9427684200,2268500,12954735.2200,0.291196,-1.745199
2018-06-29,4.9427684200,5.0656791800,4.9427684200,5.0481205000,2139887,12215447.4400,0.274687,2.131437
2018-07-02,5.0481205000,5.0568998400,4.9164304000,4.9515477600,2151401,12229857.7200,0.276165,-1.913046
2018-07-03,4.9515477600,5.0217824800,4.8900923800,5.0130031400,3308399,18743001.3300,0.424683,1.241138
2018-07-04,5.0042238000,5.0130031400,4.9164304000,5.0042238000,2572410,14583342.0000,0.330208,-0.175135
2018-07-05,4.9603271000,4.9954444600,4.8637543600,4.9076510600,1881802,10555986.2800,0.241558,-1.929819
2018-07-06,4.9164304000,5.0130031400,4.7935196400,4.9954444600,5877707,33168066.7700,0.754493,1.788907
2018-07-09,4.9954444600,5.0393411600,4.9778857800,5.0393411600,4377302,24978204.5300,0.561893,0.878730
2018-07-10,5.0217824800,5.0656791800,5.0042238000,5.0481205000,3307101,18987341.0500,0.424517,0.174220
2018-07-11,5.0217824800,5.0217824800,4.7408436000,4.8022989800,4773254,26376921.9500,0.612720,-4.869569
2018-07-12,4.7759609600,4.9515477600,4.7759609600,4.9252097400,3636836,20267815.4500,0.466843,2.559421
2018-07-13,4.9164304000,4.9515477600,4.8725337000,4.9164304000,1966596,11023060.6500,0.252442,-0.178257
2018-07-16,4.9339890800,5.0130031400,4.9076510600,4.9866651200,3121658,17682890.8600,0.400712,1.428570
2018-07-17,4.9778857800,4.9954444600,4.9339890800,4.9778857800,1522858,8608037.1900,0.195482,-0.176052
2018-07-18,4.9778857800,5.0217824800,4.9691064400,4.9691064400,2298393,13068584.9200,0.295034,-0.176371
2018-07-19,4.9515477600,4.9866651200,4.8637543600,4.8988717200,2322469,13043605.0900,0.298124,-1.413426
2018-07-20,4.8988717200,4.9778857800,4.8637543600,4.9603271000,2993332,16846781.2500,0.384240,1.254483
2018-07-23,4.9691064400,5.0217824800,4.9339890800,5.0130031400,5633164,32036614.7600,0.723102,1.061946
2018-07-24,5.0130031400,5.1446932400,4.9866651200,5.1183552200,7814934,45259758.9300,1.003165,2.101574
2018-07-25,5.1007965400,5.2237073000,5.0656791800,5.1534725800,6201010,36279815.4000,0.795994,0.686106
2018-07-26,5.1534725800,5.3115007000,5.1534725800,5.1973692800,7781578,46301895.3000,0.998884,0.851792
2018-07-27,5.1798106000,5.2324866400,5.1359139000,5.1885899400,3903901,23073170.9100,0.501125,-0.168923
2018-07-30,5.1534725800,5.2061486200,5.0217824800,5.0832378600,5215978,30230015.7400,0.669550,-2.030455
2018-07-31,5.0656791800,5.1007965400,5.0305618200,5.0744585200,2414799,13943185.2200,0.309976,-0.172707
2018-08-01,5.0920172000,5.1183552200,4.9954444600,4.9954444600,3144700,18118533.0000,0.403670,-1.557096
2018-08-02,4.9954444600,5.0042238000,4.7320642600,4.8461956800,5154831,28483438.3300,0.661701,-2.987699
2018-08-03,4.7935196400,4.8637543600,4.7935196400,4.8198576600,1897089,10434657.6100,0.243520,-0.543482
2018-08-06,4.8286370000,4.8374163400,4.7145055800,4.7496229400,2215798,12049222.2000,0.284431,-1.457194
2018-08-07,4.7671816200,4.8637543600,4.7232849200,4.8637543600,2977332,16307516.0600,0.382186,2.402960
2018-08-08,4.8637543600,4.8637543600,4.7847403000,4.7847403000,2303700,12685881.8500,0.295715,-1.624551
2018-08-09,4.7847403000,4.9076510600,4.7671816200,4.8725337000,3385312,18738314.6500,0.434556,1.834869
2018-08-10,4.8813130400,4.8988717200,4.8461956800,4.8813130400,1950907,10839245.9900,0.250429,0.180176
2018-08-13,4.8549750200,4.8725337000,4.7935196400,4.8637543600,1850303,10185482.5900,0.237514,-0.359712
2018-08-14,4.8461956800,4.8988717200,4.8374163400,4.8725337000,1777007,9862920.7800,0.228106,0.180510
2018-08-15,4.8637543600,4.8725337000,4.7584022800,4.7759609600,2308886,12618957.9800,0.296381,-1.981984
2018-08-16,4.6969469000,4.7496229400,4.6618295400,4.7057262400,3315596,17773946.7200,0.425607,-1.470587
2018-08-17,4.7408436000,4.7847403000,4.5301394400,4.5564774600,3901800,20662877.4500,0.500855,-3.171643
2018-08-20,4.5652568000,4.5915948200,4.4335667000,4.5389187800,3811656,19557215.8200,0.489284,-0.385356
2018-08-21,4.5301394400,4.6179328400,4.5301394400,4.5740361400,2296140,11951187.9700,0.294744,0.773694
2018-08-22,4.5564774600,4.5740361400,4.5125807600,4.5301394400,1321332,6829594.7600,0.169613,-0.959696
2018-08-23,4.5476981200,4.5740361400,4.4686840600,4.5652568000,2984424,15397048.3600,0.383096,0.775193
2018-08-24,4.5476981200,4.6881675600,4.5213601000,4.5564774600,2809900,14622966.2600,0.360693,-0.192303
2018-08-27,4.5476981200,4.6267121800,4.5476981200,4.6179328400,2941960,15393938.8800,0.377645,1.348751
2018-08-28,4.6267121800,4.6618295400,4.6003741600,4.6530502000,2442343,12907272.1800,0.313512,0.760455
2018-08-29,4.6354915200,4.6530502000,4.6091535000,4.6179328400,1270800,6697578.0000,0.163126,-0.754716
2018-08-30,4.6179328400,4.6442708600,4.5564774600,4.5652568000,1712900,8952820.0000,0.219877,-1.140692
2018-08-31,4.5652568000,4.6091535000,4.5564774600,4.5652568000,1535883,8010186.4300,0.197154,0.000000
2018-09-03,4.5389187800,4.5740361400,4.4599047200,4.5389187800,2252743,11575958.8800,0.289174,-0.576918
2018-09-04,4.5301394400,4.6003741600,4.5213601000,4.5915948200,2018443,10498265.1700,0.259098,1.160540
2018-09-05,4.5740361400,4.6003741600,4.5301394400,4.5476981200,2469079,12855404.8900,0.316944,-0.956027
2018-09-06,4.5301394400,4.5652568000,4.4774634000,4.5038014200,1854696,9532411.6700,0.238078,-0.965245
2018-09-07,4.4774634000,4.5476981200,4.4686840600,4.5038014200,1499884,7700276.4400,0.192533,0.000000
2018-09-10,4.5038014200,4.5038014200,4.3545526400,4.3633319800,2713485,13672324.5100,0.348317,-3.118915
2018-09-11,4.3896700000,4.3984493400,4.3369939600,4.3633319800,1577411,7845472.6700,0.202485,0.000000
2018-09-12,4.3808906600,4.3896700000,4.3457733000,4.3545526400,1532500,7631792.0000,0.196720,-0.201202
2018-09-13,4.3896700000,4.4072286800,4.3721113200,4.4072286800,2176705,10896014.9500,0.279413,1.209676
2018-09-14,4.4072286800,4.4599047200,4.3896700000,4.4335667000,2818714,14220241.7400,0.361825,0.597614
2018-09-17,4.4247873600,4.4774634000,4.3633319800,4.4686840600,3378001,17048413.0700,0.433618,0.792078
2018-09-18,4.4335667000,4.4862427400,4.3896700000,4.4774634000,2580900,13068473.0000,0.331298,0.196459
2018-09-19,4.4686840600,4.5389187800,4.4599047200,4.5125807600,3811060,19576359.4000,0.489207,0.784313
2018-09-20,4.4950220800,4.5564774600,4.4862427400,4.5476981200,3567600,18417974.9100,0.457956,0.778209
2018-09-21,4.5389187800,4.6618295400,4.5389187800,4.6618295400,6215027,32725579.3400,0.797793,2.509655
2018-09-25,4.6179328400,4.6530502000,4.5740361400,4.6267121800,2351089,12350891.9900,0.301798,-0.753295
2018-09-26,4.6179328400,4.6530502000,4.6003741600,4.6179328400,2621200,13822239.0000,0.336471,-0.189749
2018-09-27,4.6091535000,4.6442708600,4.5828154800,4.6179328400,3055728,16061981.5000,0.392249,0.000000
2018-09-28,4.6179328400,4.6706088800,4.6179328400,4.6267121800,3199591,16937000.4300,0.410716,0.190109
2018-10-08,4.5652568000,4.6003741600,4.5125807600,4.5389187800,2880423,14965325.4700,0.369746,-1.897531
2018-10-09,4.5389187800,4.5652568000,4.4950220800,4.5038014200,1530301,7891031.1700,0.196437,-0.773694
2018-10-10,4.5125807600,4.5476981200,4.4774634000,4.4950220800,1156194,5926946.1300,0.148415,-0.194936
2018-10-11,4.3896700000,4.4160080200,4.0472757400,4.0999517800,6912558,32896863.4900,0.887332,-8.789059
2018-10-12,4.0823931000,4.1262898000,3.9682616800,4.0911724400,3735200,17314308.4800,0.479470,-0.214138
2018-10-15,4.1175104600,4.1262898000,3.9945997000,4.0033790400,1859565,8584205.0500,0.238703,-2.145921
2018-10-16,4.0033790400,4.0297170600,3.8365715800,3.8716889400,2469401,11070549.5200,0.316985,-3.289476
2018-10-17,3.8980269600,3.9419236600,3.8453509200,3.8980269600,1477200,6555857.0000,0.189621,0.680277
2018-10-18,3.8980269600,3.8980269600,3.7838955400,3.7838955400,2375121,10351268.4300,0.304883,-2.927930
2018-10-19,3.7663368600,3.8804682800,3.7224401600,3.8629096000,2941787,12738447.7000,0.377623,2.088171
2018-10-22,3.8804682800,4.0648344200,3.8716889400,4.0384964000,7487003,33955255.6900,0.961070,4.545450
2018-10-23,4.0121583800,4.0297170600,3.9155856400,3.9331443200,3242931,14687296.8800,0.416279,-2.608693
2018-10-24,3.9243649800,4.0033790400,3.9155856400,3.9770410200,2067430,9328900.6000,0.265386,1.116076
2018-10-25,3.9068063000,3.9682616800,3.8716889400,3.9594823400,3243909,14486293.3500,0.416405,-0.441501
2018-10-26,3.9682616800,4.0209377200,3.9682616800,3.9945997000,3111431,14154014.9000,0.399399,0.886917
2018-10-29,3.9419236600,3.9419236600,3.8716889400,3.9068063000,2592347,11534002.9900,0.332767,-2.197810
2018-10-30,3.9068063000,3.9419236600,3.8365715800,3.9243649800,2994047,13282291.1500,0.384331,0.449438
2018-10-31,3.9068063000,4.0121583800,3.8892476200,3.9858203600,3750710,16936744.2000,0.481461,1.565999
2018-11-01,3.9858203600,4.0384964000,3.9770410200,3.9858203600,3132211,14290722.4900,0.402067,0.000000
2018-11-02,4.0121583800,4.0911724400,3.9945997000,4.0736137600,4175280,19246075.5700,0.535961,2.202641
2018-11-05,4.0560550800,4.1087311200,4.0384964000,4.0823931000,3957097,18335090.3600,0.507953,0.215522
2018-11-06,4.0823931000,4.0823931000,4.0121583800,4.0736137600,2517401,11585330.5700,0.323147,-0.215059
2018-11-07,4.0648344200,4.1350691400,4.0560550800,4.0823931000,3384840,15790241.6000,0.434496,0.215522
2018-11-08,4.0911724400,4.1175104600,4.0560550800,4.0911724400,2796133,13023457.3600,0.358926,0.215048
2018-11-09,4.0472757400,4.0736137600,4.0209377200,4.0472757400,1703900,7849174.0000,0.218721,-1.072955
2018-11-12,4.0472757400,4.1877451800,4.0297170600,4.1701865000,4762241,22377966.7000,0.611306,3.036873
2018-11-13,4.1262898000,4.3282146200,4.1087311200,4.3106559400,9122589,44104561.0400,1.171023,3.368418
2018-11-14,4.3018766000,4.3369939600,4.2316418800,4.2492005600,5813817,28360923.1300,0.746292,-1.425656
2018-11-15,4.2579799000,4.3106559400,4.2404212200,4.2843179200,3976066,19353840.4200,0.510388,0.826446
2018-11-16,4.2930972600,4.4247873600,4.2755385800,4.3808906600,8983261,44729605.5800,1.153138,2.254091
2018-11-19,4.3457733000,4.4160080200,4.3282146200,4.3984493400,3609367,17967146.0000,0.463317,0.400811
2018-11-20,4.3545526400,4.3896700000,4.2755385800,4.3018766000,3994400,19629767.0000,0.512742,-2.195611
2018-11-21,4.2755385800,4.3106559400,4.2404212200,4.2930972600,2180500,10604398.0000,0.279900,-0.204086
2018-11-22,4.3106559400,4.3369939600,4.2667592400,4.2930972600,2296400,11251809.0000,0.294778,0.000000
2018-11-23,4.2667592400,4.3896700000,4.1262898000,4.1438484800,5795168,28196089.4400,0.743898,-3.476484
2018-11-26,4.2140832000,4.2404212200,4.1526278200,4.1614071600,1953017,9337531.5800,0.250699,0.423728
2018-11-27,4.1789658400,4.2404212200,4.1438484800,4.1789658400,1580700,7559510.0000,0.202907,0.421951
2018-11-28,4.1789658400,4.2667592400,4.1087311200,4.2404212200,2687278,12829424.7600,0.344953,1.470582
2018-11-29,4.2667592400,4.2930972600,4.1262898000,4.1438484800,2292247,11023519.4600,0.294245,-2.277436
2018-11-30,4.1438484800,4.1701865000,4.0560550800,4.1526278200,1738835,8157446.4900,0.223206,0.211869
2018-12-03,4.2579799000,4.3106559400,4.2140832000,4.2667592400,3024269,14676732.3200,0.388211,2.748417
2018-12-04,4.2667592400,4.3369939600,4.2579799000,4.3106559400,3297930,16127081.0100,0.423339,1.028801
2018-12-05,4.2667592400,4.3018766000,4.2316418800,4.2667592400,1839200,8938177.0000,0.236089,-1.018324
2018-12-06,4.2667592400,4.2667592400,4.1965245200,4.1965245200,1692000,8123398.0000,0.217194,-1.646089
2018-12-07,4.1965245200,4.2140832000,4.1526278200,4.1877451800,1303691,6213250.2200,0.167349,-0.209210
2018-12-10,4.1877451800,4.1877451800,4.1175104600,4.1526278200,1281922,6051606.4000,0.164554,-0.838574
2018-12-11,4.1438484800,4.1701865000,4.1175104600,4.1438484800,1348400,6360896.0000,0.173088,-0.211421
2018-12-12,4.1614071600,4.1614071600,4.1087311200,4.1262898000,1370600,6447439.0000,0.175937,-0.423728
2018-12-13,4.1350691400,4.1965245200,4.1087311200,4.1701865000,2526923,11961232.9400,0.324369,1.063834
2018-12-14,4.1701865000,4.1701865000,4.0472757400,4.0648344200,1717400,8035836.0000,0.220454,-2.526314
2018-12-17,4.0560550800,4.0823931000,3.9945997000,4.0472757400,1855649,8533210.1500,0.238201,-0.431965
2018-12-18,4.0384964000,4.0472757400,3.9682616800,3.9945997000,1832100,8344477.0000,0.235178,-1.301517
2018-12-19,4.0121583800,4.0209377200,3.9594823400,3.9682616800,2127246,9676358.9200,0.273064,-0.659345
2018-12-20,3.9858203600,4.0209377200,3.9507030000,3.9770410200,1590048,7216357.9200,0.204107,0.221244
2018-12-21,3.9594823400,3.9770410200,3.8804682800,3.9331443200,2198014,9844409.0200,0.282148,-1.103757
2018-12-24,3.9243649800,3.9594823400,3.9155856400,3.9507030000,1940372,8700808.5600,0.249076,0.446428
2018-12-25,3.9331443200,3.9331443200,3.7575575200,3.8453509200,3671290,15968421.7200,0.471266,-2.666664
2018-12-26,3.8453509200,3.8716889400,3.8102335600,3.8453509200,2394072,10483591.1000,0.307315,0.000000
2018-12-27,3.8980269600,3.9155856400,3.7838955400,3.7926748800,2267100,9934113.0000,0.291017,-1.369862
2018-12-28,3.8277922400,3.8365715800,3.7838955400,3.8014542200,1194100,5181139.3000,0.153281,0.231476
2019-01-02,3.8102335600,3.8277922400,3.7751162000,3.8102335600,2210487,9580862.7400,0.283750,0.230952
2019-01-03,3.8190129000,3.8453509200,3.7926748800,3.8190129000,2003854,8712000.3600,0.257225,0.230409
2019-01-04,3.7926748800,3.9068063000,3.7838955400,3.9068063000,4098340,18011084.2500,0.526084,2.298849
2019-01-07,3.9068063000,3.9770410200,3.8804682800,3.9594823400,14811613,66092392.4300,1.901295,1.348324
2019-01-08,3.9331443200,3.9507030000,3.8980269600,3.9243649800,4815367,21483280.0700,0.618125,-0.886928
2019-01-09,3.9155856400,3.9945997000,3.9155856400,3.9243649800,7501400,33793229.7900,0.962919,0.000000
2019-01-10,3.9243649800,3.9507030000,3.8980269600,3.9068063000,3367300,15064958.0000,0.432244,-0.447427
2019-01-11,3.9243649800,3.9507030000,3.8980269600,3.9419236600,3602600,16112995.0000,0.462448,0.898876
2019-01-14,3.9331443200,3.9770410200,3.9243649800,3.9419236600,3109088,13961473.4500,0.399099,0.000000
2019-01-15,3.9419236600,3.9945997000,3.9243649800,3.9858203600,4874757,22036121.2100,0.625749,1.113590
2019-01-16,3.9770410200,4.0648344200,3.9682616800,4.0209377200,6309677,28868444.4700,0.809943,0.881056
2019-01-17,3.9945997000,4.0209377200,3.9507030000,3.9770410200,4507727,20448819.0400,0.578635,-1.091697
2019-01-18,3.9770410200,4.0209377200,3.9682616800,4.0033790400,3627521,16516850.9700,0.465647,0.662246
2019-01-21,4.0209377200,4.0472757400,3.9858203600,4.0033790400,2945138,13464161.2800,0.378053,0.000000
2019-01-22,3.9945997000,4.0033790400,3.9243649800,3.9594823400,2695045,12167198.2600,0.345950,-1.096485
2019-01-23,3.9507030000,3.9770410200,3.9331443200,3.9507030000,2987500,13458189.0000,0.383491,-0.221735
2019-01-24,3.9945997000,4.0384964000,3.9682616800,4.0033790400,4656300,21258648.0000,0.597707,1.333332
2019-01-25,4.0033790400,4.0472757400,3.9594823400,3.9770410200,4170759,19025236.6800,0.535380,-0.657889
2019-01-28,4.0033790400,4.0384964000,3.9155856400,3.9507030000,9378412,42352880.0800,1.203862,-0.662256
2019-01-29,3.9419236600,4.2930972600,3.9331443200,4.1526278200,29833353,139701425.7500,3.829564,5.111112
2019-01-30,4.0823931000,4.0823931000,3.8102335600,3.8453509200,22598764,101304495.5400,2.900894,-7.399575
2019-01-31,3.8804682800,3.8892476200,3.6785434600,3.6873228000,10108600,43297153.6800,1.297592,-4.109596
2019-02-01,3.7224401600,3.7926748800,3.7136608200,3.7663368600,4270400,18247158.0000,0.548171,2.142861
2019-02-11,3.7751162000,3.8716889400,3.7399988400,3.8629096000,5152867,22439292.8900,0.661449,2.564106
2019-02-12,3.8629096000,3.9507030000,3.8365715800,3.9331443200,7417532,32950010.3300,0.952153,1.818180
2019-02-13,3.9331443200,3.9945997000,3.9155856400,3.9770410200,9960342,44884306.6400,1.278561,1.116076
2019-02-14,3.9682616800,4.0121583800,3.9507030000,3.9770410200,7285876,33029324.6600,0.935253,0.000000
2019-02-15,3.9594823400,3.9945997000,3.9594823400,3.9682616800,5008308,22677570.5300,0.642892,-0.220756
2019-02-18,3.9770410200,4.0736137600,3.9770410200,4.0736137600,9308859,42740847.5400,1.194933,2.654865
2019-02-19,4.0648344200,4.1701865000,4.0033790400,4.1175104600,11931478,55437768.9800,1.531586,1.077590
2019-02-20,4.0823931000,4.1262898000,4.0560550800,4.0999517800,6262014,29217161.2200,0.803825,-0.426439
2019-02-21,4.1175104600,4.1438484800,4.0472757400,4.0560550800,7180096,33540604.7400,0.921674,-1.070668
2019-02-22,4.0560550800,4.1350691400,4.0297170600,4.1350691400,7447451,34646136.2500,0.955993,1.948055
2019-02-25,4.1526278200,4.3194352800,4.1438484800,4.3018766000,14057697,67916743.2300,1.804519,4.033972
2019-02-26,4.2930972600,4.4247873600,4.2843179200,4.3984493400,15649769,77661117.0800,2.008885,2.244901
2019-02-27,4.3896700000,4.4686840600,4.3282146200,4.3721113200,10820064,54334178.6900,1.388919,-0.598807
2019-02-28,4.3808906600,4.4335667000,4.3545526400,4.4335667000,7717782,38652442.9800,0.990694,1.405626
2019-03-01,4.4160080200,4.4599047200,4.3106559400,4.3984493400,8352449,41599625.5300,1.072164,-0.792078
2019-03-04,4.4072286800,4.5038014200,4.3808906600,4.4423460400,11271535,57097168.3100,1.446873,0.997998
2019-03-05,4.4423460400,4.6969469000,4.4072286800,4.6530502000,15085215,78371784.3300,1.936416,4.743088
2019-03-06,4.6706088800,4.7232849200,4.5476981200,4.6881675600,9840922,51999915.1400,1.263232,0.754716
2019-03-07,4.6618295400,4.7496229400,4.6267121800,4.7232849200,13993372,74737088.6200,1.796262,0.749063
2019-03-08,4.6354915200,4.6793882200,4.4335667000,4.4423460400,11674171,60640350.3600,1.498557,-5.947958
2019-03-11,4.4511253800,4.6003741600,4.4335667000,4.5915948200,8708959,44869198.2700,1.117927,3.359685
2019-03-12,4.6354915200,4.6881675600,4.5564774600,4.6793882200,18950795,99734387.9300,2.432622,1.912044
2019-03-13,4.6618295400,4.6706088800,4.5213601000,4.5476981200,13328578,69872615.6300,1.710925,-2.814261
2019-03-14,4.5301394400,4.5828154800,4.4335667000,4.4774634000,11694548,59692012.6400,1.501173,-1.544400
2019-03-15,4.5038014200,4.6003741600,4.4599047200,4.4862427400,15994749,82357647.2500,2.053169,0.196083
2019-03-18,4.4862427400,4.6354915200,4.4774634000,4.6354915200,16405841,85175569.8400,2.105939,3.326812
2019-03-19,4.6267121800,4.6706088800,4.5828154800,4.6267121800,12564760,66230908.6500,1.612878,-0.189398
2019-03-20,4.6354915200,4.7408436000,4.6179328400,4.7232849200,16785666,89448869.7000,2.154695,2.087289
2019-03-21,4.7232849200,4.8374163400,4.7057262400,4.7496229400,14909804,80982379.9400,1.913900,0.557616
2019-03-22,4.7847403000,4.8637543600,4.7232849200,4.8198576600,12608539,68810867.5900,1.618497,1.478742
2019-03-25,4.7584022800,4.8637543600,4.7232849200,4.7496229400,7945657,43259304.3300,1.019946,-1.457194
2019-03-26,4.7847403000,4.7935196400,4.5828154800,4.6003741600,10501049,55843247.4700,1.347969,-3.142330
2019-03-27,4.6179328400,4.6442708600,4.5301394400,4.6179328400,6828496,35659953.9800,0.876541,0.381688
2019-03-28,4.5740361400,4.6354915200,4.5038014200,4.5213601000,6293599,32830347.7500,0.807879,-2.091257
2019-03-29,4.5652568000,4.6793882200,4.5038014200,4.6618295400,8328749,43730808.4600,1.069121,3.106793
2019-04-01,4.6793882200,4.8110783200,4.6618295400,4.8110783200,13119319,71289563.3000,1.684064,3.201508
2019-04-02,4.8022989800,4.8900923800,4.7935196400,4.8461956800,13389566,73821056.9200,1.718754,0.729926
2019-04-03,4.8374163400,5.1710312600,4.7759609600,4.9427684200,16964594,96087272.0700,2.177663,1.992756
2019-04-04,4.9515477600,5.1446932400,4.9515477600,5.1095758800,18498869,106324997.1100,2.374611,3.374779
2019-04-08,5.1271345600,5.3115007000,5.1007965400,5.3115007000,24808950,147397341.9600,3.184605,3.951890
2019-04-09,5.2676040000,5.2939420200,5.0744585200,5.1095758800,19308154,113047118.6700,2.478495,-3.801653
2019-04-10,5.1095758800,5.1359139000,5.0217824800,5.0920172000,12184361,70532436.1200,1.564048,-0.343642
2019-04-11,5.1007965400,5.1359139000,5.0217824800,5.0656791800,8714522,50482519.6000,1.118641,-0.517245
2019-04-12,5.0217824800,5.1271345600,5.0217824800,5.1095758800,7217724,41734380.8200,0.926504,0.866554
2019-04-15,5.1622519200,5.2851626800,5.1095758800,5.1095758800,13262819,78539113.9500,1.702484,0.000000
2019-04-16,5.0832378600,5.2237073000,5.0130031400,5.1885899400,9786065,57286599.2300,1.256190,1.546386
2019-04-17,5.1885899400,5.3115007000,5.1446932400,5.2149279600,8502425,50524587.3400,1.091415,0.507618
2019-04-18,5.2149279600,5.2412659800,5.1622519200,5.1973692800,5403405,31987449.9000,0.693609,-0.336700
2019-04-19,5.1973692800,5.2061486200,5.0832378600,5.1534725800,6061383,35489841.7000,0.778071,-0.844598
2019-04-22,5.1710312600,5.2324866400,5.1271345600,5.1622519200,7522969,44405256.6200,0.965687,0.170362
2019-04-23,5.2149279600,5.2149279600,5.0217824800,5.0481205000,5845759,33876621.4700,0.750392,-2.210886
2019-04-24,5.0481205000,5.1622519200,5.0217824800,5.1534725800,5909638,34211533.1600,0.758592,2.086955
2019-04-25,5.1183552200,5.1622519200,4.8110783200,4.8286370000,9682759,55157106.8400,1.242929,-6.303235
2019-04-26,4.8286370000,4.9339890800,4.8198576600,4.8461956800,6209054,34476858.2700,0.797026,0.363636
2019-04-29,4.8461956800,4.8813130400,4.6969469000,4.7408436000,6236913,34125545.2100,0.800602,-2.173911
2019-04-30,4.7232849200,4.8637543600,4.7232849200,4.8022989800,4070200,22286781.0000,0.522472,1.296291
2019-05-06,4.7408436000,4.7408436000,4.4335667000,4.4862427400,8358359,43472934.2600,1.072922,-6.581347
2019-05-07,4.4950220800,4.6267121800,4.4950220800,4.6179328400,5589108,29235976.7900,0.717447,2.935423
2019-05-08,4.5828154800,4.7759609600,4.5389187800,4.6706088800,6715707,35878037.7300,0.862063,1.140683
2019-05-09,4.6354915200,4.7232849200,4.5652568000,4.6003741600,3637000,19211737.0000,0.466864,-1.503767
2019-05-10,4.6354915200,4.7408436000,4.5915948200,4.7145055800,5047582,26993565.2200,0.647934,2.480918
2019-05-13,4.6969469000,4.7759609600,4.6793882200,4.6969469000,3307419,17742661.2000,0.424557,-0.372439
2019-05-14,4.6267121800,4.7496229400,4.6267121800,4.6969469000,3520637,18880625.6200,0.451927,0.000000
2019-05-15,4.7584022800,4.9164304000,4.6969469000,4.8900923800,7440800,40739502.1200,0.955140,4.112154
2019-05-16,4.9515477600,4.9515477600,4.8110783200,4.8549750200,6983533,38568982.3900,0.896442,-0.718132
2019-05-17,4.8374163400,4.8374163400,4.6442708600,4.6793882200,4736818,25637477.9400,0.608043,-3.616642
2019-05-20,4.7408436000,4.7408436000,4.4072286800,4.6091535000,3963975,20754643.1100,0.508836,-1.500937
2019-05-21,4.6091535000,4.6881675600,4.5915948200,4.6706088800,2903759,15382130.9700,0.372742,1.333337
2019-05-22,4.6969469000,4.7145055800,4.6267121800,4.6618295400,2872300,15266327.0000,0.368703,-0.187974
2019-05-23,4.6442708600,4.6530502000,4.5652568000,4.5652568000,2202514,11549251.9400,0.282726,-2.071566
2019-05-24,4.5476981200,4.6179328400,4.5301394400,4.5564774600,1855500,9645247.0000,0.238182,-0.192303
2019-05-27,4.6179328400,4.6793882200,4.5476981200,4.6442708600,2969247,15617760.4000,0.381148,1.926780
2019-05-28,4.6618295400,4.6793882200,4.6267121800,4.6354915200,2251347,11929378.9900,0.288995,-0.189031
2019-05-29,4.6442708600,4.6881675600,4.6179328400,4.6354915200,1671900,8859117.0000,0.214614,0.000000
2019-05-30,4.6179328400,4.6354915200,4.5828154800,4.6267121800,1908404,10021685.2000,0.244973,-0.189398
2019-05-31,4.6267121800,4.6618295400,4.5915948200,4.6267121800,1777441,9384425.3000,0.228162,0.000000
2019-06-03,4.6091535000,4.6442708600,4.5476981200,4.5564774600,2947816,15396039.3600,0.378397,-1.518025
2019-06-04,4.5564774600,4.5652568000,4.5125807600,4.5301394400,1375136,7094691.0000,0.176520,-0.578039
2019-06-05,4.5828154800,4.6003741600,4.5476981200,4.5476981200,1508000,7844194.9800,0.193575,0.387597
2019-06-06,4.5652568000,4.5652568000,4.4862427400,4.4950220800,2393200,12347002.0000,0.307204,-1.158300
2019-06-10,4.5125807600,4.5652568000,4.5038014200,4.5125807600,1902100,9813827.0000,0.244163,0.390625
2019-06-11,4.5125807600,4.6179328400,4.5125807600,4.6091535000,3405815,17803900.1500,0.437188,2.140080
2019-06-12,4.6091535000,4.6267121800,4.5652568000,4.5740361400,2390030,12494558.5000,0.306797,-0.761904
2019-06-13,4.5564774600,4.6267121800,4.5301394400,4.5915948200,2727100,14197209.0000,0.350065,0.383877
2019-06-14,4.6179328400,4.6267121800,4.5564774600,4.5652568000,2415929,12661681.1700,0.310121,-0.573618
2019-06-17,4.5652568000,4.6003741600,4.5564774600,4.6003741600,1827613,9535503.2700,0.234602,0.769230
2019-06-18,4.5828154800,4.6179328400,4.5652568000,4.5828154800,1596993,8347773.7500,0.204998,-0.381679
2019-06-19,4.6354915200,4.6706088800,4.6091535000,4.6354915200,2211900,11682766.0000,0.283931,1.149433
2019-06-20,4.6179328400,4.7057262400,4.6179328400,4.6969469000,3818740,20337044.7100,0.490193,1.325752
2019-06-21,4.7150119800,4.7692075200,4.6969468000,4.7330771600,3302545,17309180.6300,0.423932,0.769230
2019-06-24,4.7421097500,4.9137289600,4.7330771600,4.8414682400,4387356,23379590.2100,0.563184,2.290083
2019-06-25,4.8414682400,4.8414682400,4.7240445700,4.7782401100,3472229,18314234.7800,0.445713,-1.305973
2019-06-26,4.7511423400,4.8053378800,4.7150119800,4.7421097500,1776033,9351693.8300,0.227981,-0.756143
2019-06-27,4.7421097500,4.7963052900,4.7330771600,4.7601749300,2302500,12142883.0000,0.295561,0.380952
2019-06-28,4.7872727000,4.7872727000,4.6608164400,4.6879142100,2358101,12272227.1600,0.302698,-1.518025
2019-07-01,4.7421097500,4.7872727000,4.7330771600,4.7782401100,3618500,19083164.0000,0.464489,1.926780
2019-07-02,4.7692075200,4.7782401100,4.7240445700,4.7511423400,2684450,14117061.9200,0.344590,-0.567103
2019-07-03,4.7330771600,4.7511423400,4.6969468000,4.7150119800,2424185,12675491.5000,0.311181,-0.760465
2019-07-04,4.7059793900,4.7782401100,4.6879142100,4.7240445700,2904865,15223787.4000,0.372884,0.191575
2019-07-05,4.7150119800,4.7511423400,4.6969468000,4.7421097500,1566450,8198221.5000,0.201078,0.382409
2019-07-08,4.7421097500,4.7421097500,4.5162950000,4.5524253600,4103307,20929283.4900,0.526722,-4.000000
2019-07-09,4.5704905400,4.5795231300,4.3627409700,4.4169365100,8907899,43980285.5300,1.143464,-2.976192
2019-07-10,4.4259691000,4.4711320500,4.4079039200,4.4350016900,4109700,20193729.0000,0.527542,0.408998
2019-07-11,4.4530668700,4.4891972300,4.3898387400,4.3988713300,2491462,12260310.9400,0.319817,-0.814663
2019-07-12,4.4169365100,4.4440342800,4.3988713300,4.4169365100,1729445,8476501.0500,0.222001,0.410677
2019-07-15,4.4530668700,4.4801646400,4.3537083800,4.4440342800,2275500,11153703.0000,0.292095,0.613501
2019-07-16,4.4350016900,4.4801646400,4.4350016900,4.4620994600,1873403,9256953.7900,0.240480,0.406504
2019-07-17,4.4440342800,4.5072624100,4.4440342800,4.4801646400,2361200,11715896.0000,0.303096,0.404858
2019-07-18,4.4711320500,4.4801646400,4.3898387400,4.3988713300,2218300,10848277.0000,0.284752,-1.814519
2019-07-19,4.3988713300,4.4711320500,4.3988713300,4.4169365100,1707000,8389038.9800,0.219119,0.410677
2019-07-22,4.4169365100,4.4350016900,4.2633824800,4.2814476600,3375800,16231109.1600,0.433335,-3.067487
2019-07-23,4.2904802500,4.3537083800,4.2904802500,4.3266106100,2315447,11111008.1300,0.297223,1.054856
2019-07-24,4.3356432000,4.4440342800,4.3356432000,4.4079039200,2514509,12274942.8800,0.322775,1.878918
2019-07-25,4.4079039200,4.4259691000,4.3627409700,4.3808061500,1666303,8092444.4900,0.213895,-0.614758
2019-07-26,4.3808061500,4.3988713300,4.3537083800,4.3898387400,1894400,9184749.0000,0.243200,0.206200
2019-07-29,4.3808061500,4.4169365100,4.3537083800,4.3898387400,2859201,13872689.8400,0.367022,0.000000
2019-07-30,4.4169365100,4.4440342800,4.3898387400,4.4350016900,3189082,15620113.4800,0.409400,1.028800
2019-07-31,4.4259691000,4.4620994600,4.4169365100,4.4440342800,2360301,11594346.9100,0.303000,0.203700
2019-08-01,4.4079039200,4.4259691000,4.2904802500,4.3446757900,5929408,28605151.4800,0.761100,-2.235800
2019-08-02,4.2904802500,4.3175780200,4.2453173000,4.2724150700,3287952,15550377.6000,0.422100,-1.663200
2019-08-05,4.2633824800,4.2724150700,4.1730565800,4.1820891700,3217500,14986084.0000,0.413000,-2.114200
2019-08-06,4.1098284500,4.1278936300,4.0014373700,4.0827306800,4815223,21665720.3900,0.618100,-2.375800
2019-08-07,4.0917632700,4.1188610400,4.0285351400,4.0375677300,3308409,14856239.3200,0.424700,-1.106200
2019-08-08,4.0375677300,4.0736980900,4.0285351400,4.0375677300,3165235,14202868.8000,0.406300,0.000000
2019-08-09,4.0556329100,4.0736980900,3.9382092400,3.9653070100,4915702,21762372.7400,0.631000,-1.789700
2019-08-12,3.9833721900,4.1278936300,3.9743396000,4.1098284500,5030912,22575753.8700,0.645800,3.644700
2019-08-13,4.0827306800,4.0827306800,3.9743396000,3.9924047800,4434902,19723388.8600,0.569300,-2.857100
2019-08-14,4.0375677300,4.0736980900,4.0375677300,4.0466003200,2772621,12451168.0800,0.355900,1.357500
2019-08-15,4.0104699600,4.1459588100,3.9743396000,4.1098284500,4300704,19332617.7600,0.552100,1.562500
2019-08-16,4.0827306800,4.1278936300,4.0736980900,4.1098284500,4573829,20752775.6500,0.587100,0.000000
2019-08-19,4.1098284500,4.1820891700,4.0736980900,4.1640239900,8059919,36835408.0600,1.034600,1.318700
2019-08-20,4.1549914000,4.1730565800,4.1188610400,4.1369262200,5457820,25046686.9600,0.700600,-0.650800
2019-08-21,4.1278936300,4.1369262200,4.1007958600,4.1098284500,3576840,16305032.6000,0.459100,-0.655000
2019-08-22,4.1188610400,4.1278936300,4.0827306800,4.1188610400,2943840,13381061.5000,0.377900,0.219800
2019-08-23,4.1188610400,4.1549914000,4.1007958600,4.1369262200,3467700,15835955.0000,0.445100,0.438600
2019-08-26,4.0646655000,4.0736980900,4.0375677300,4.0646655000,4254965,19104242.9500,0.546200,-1.746700
2019-08-27,4.0736980900,4.1369262200,3.9743396000,4.1098284500,5906496,26742610.9100,0.758200,1.111100
2019-08-28,4.1098284500,4.1911217600,4.1098284500,4.1459588100,7854497,36158635.2400,1.008200,0.879100
2019-08-29,4.1369262200,4.1730565800,4.1007958600,4.1278936300,4158315,19006251.6800,0.533800,-0.435700
2019-08-30,4.1369262200,4.1459588100,4.0195025500,4.0556329100,4042150,18307936.5000,0.518900,-1.750600
2019-09-02,4.0466003200,4.1278936300,4.0285351400,4.1188610400,4469222,20219734.8400,0.573700,1.559000
2019-09-03,4.1188610400,4.1369262200,4.0827306800,4.1098284500,3728941,16958105.9300,0.478700,-0.219300
2019-09-04,4.0917632700,4.1459588100,4.0917632700,4.1459588100,4342625,19842255.0000,0.557400,0.879100
2019-09-05,4.1640239900,4.2272521200,4.1549914000,4.1730565800,7205225,33416824.5000,0.924900,0.653600
2019-09-06,4.1820891700,4.2091869400,4.1549914000,4.1911217600,3846700,17808610.0000,0.493800,0.432900
2019-09-09,4.2091869400,4.2633824800,4.1820891700,4.2543498900,5799652,27082752.3200,0.744500,1.508600
2019-09-10,4.2362847100,4.2453173000,4.1911217600,4.2362847100,4545600,21263935.0000,0.583500,-0.424600
2019-09-11,4.2362847100,4.2633824800,4.2091869400,4.2182195300,4588300,21508079.2400,0.589000,-0.426400
2019-09-12,4.2272521200,4.2724150700,4.2091869400,4.2543498900,5551000,26062735.0400,0.712600,0.856500
2019-09-16,4.2543498900,4.2724150700,4.2272521200,4.2453173000,4311700,20288249.0000,0.553500,-0.212300
2019-09-17,4.2182195300,4.2362847100,4.1188610400,4.1369262200,4748300,21927891.0000,0.609500,-2.553200
2019-09-18,4.1459588100,4.1640239900,4.1278936300,4.1369262200,3173880,14562681.6000,0.407400,0.000000
2019-09-19,4.1459588100,4.1459588100,4.1098284500,4.1369262200,3825095,17472759.2500,0.491000,0.000000
2019-09-20,4.1278936300,4.1640239900,4.1278936300,4.1459588100,3225600,14792062.0000,0.414100,0.218300
2019-09-23,4.1369262200,4.1369262200,4.0646655000,4.0827306800,3233673,14632902.5300,0.415100,-1.525100
2019-09-24,4.0827306800,4.1188610400,4.0736980900,4.1007958600,2845640,12913494.3000,0.365300,0.442500
2019-09-25,4.0736980900,4.1007958600,4.0285351400,4.0375677300,3027602,13600989.9400,0.388600,-1.541900
2019-09-26,4.0466003200,4.0646655000,3.9743396000,4.0014373700,3790044,16840456.4800,0.486500,-0.894900
2019-09-27,4.0195025500,4.0556329100,3.9924047800,4.0285351400,2646251,11816538.9600,0.339700,0.677200
2019-09-30,4.0285351400,4.0556329100,3.9833721900,4.0014373700,2375900,10543267.0000,0.305000,-0.672700
2019-10-08,3.9924047800,4.0556329100,3.9924047800,4.0014373700,2500100,11142198.0000,0.320900,0.000000
2019-10-09,4.0014373700,4.0375677300,3.9743396000,4.0285351400,1994750,8858992.0000,0.256100,0.677200
2019-10-10,4.0285351400,4.0917632700,4.0195025500,4.0827306800,3136484,14099063.6800,0.402600,1.345300
2019-10-11,4.0827306800,4.1188610400,4.0556329100,4.0917632700,2320082,10505424.1800,0.297800,0.221200
2019-10-14,4.1188610400,4.1549914000,4.0917632700,4.1098284500,5480400,25040896.0000,0.703500,0.441500
2019-10-15,4.1188610400,4.1188610400,4.0736980900,4.0736980900,2485600,11249194.0000,0.319100,-0.879100
2019-10-16,4.0917632700,4.1007958600,4.0556329100,4.0556329100,1876915,8470247.6900,0.240900,-0.443500
2019-10-17,4.0736980900,4.0736980900,4.0375677300,4.0556329100,1256500,5639681.0000,0.161300,0.000000
2019-10-18,4.0466003200,4.0646655000,3.9743396000,3.9924047800,3415550,15170952.6300,0.438400,-1.559000
2019-10-21,3.9743396000,4.0014373700,3.9562744200,3.9924047800,1736939,7652143.6000,0.223000,0.000000
2019-10-22,3.9833721900,4.0195025500,3.9833721900,4.0195025500,1561500,6907379.0000,0.200400,0.678700
2019-10-23,4.0195025500,4.0285351400,3.9924047800,3.9924047800,1746500,7761330.0200,0.224200,-0.674200
2019-10-24,3.9924047800,4.0556329100,3.9924047800,4.0466003200,2646681,11806908.0200,0.339700,1.357500
2019-10-25,4.0375677300,4.0466003200,3.9924047800,4.0285351400,2262863,10063108.6100,0.290500,-0.446400
2019-10-28,4.0285351400,4.0917632700,4.0285351400,4.0917632700,2689244,12101460.5200,0.345200,1.569500
2019-10-29,4.0917632700,4.0917632700,4.0375677300,4.0466003200,1541042,6925287.7400,0.197800,-1.103800
2019-10-30,4.0466003200,4.0466003200,3.9924047800,4.0195025500,1790111,7954028.6600,0.229800,-0.669600
2019-10-31,4.0195025500,4.0195025500,3.9743396000,3.9833721900,1592981,7046621.2300,0.204500,-0.898900
2019-11-01,3.9833721900,4.0375677300,3.9743396000,4.0285351400,2061213,9151573.9700,0.264600,1.133800
2019-11-04,4.0195025500,4.0646655000,4.0104699600,4.0195025500,1862687,8322069.7000,0.239100,-0.224200
2019-11-05,4.0195025500,4.0375677300,3.9924047800,4.0195025500,2019895,8980182.2500,0.259300,0.000000
2019-11-06,4.0195025500,4.0285351400,3.9743396000,3.9924047800,2254477,9979945.1200,0.289400,-0.674200
2019-11-07,3.9833721900,4.0104699600,3.9743396000,4.0014373700,1535091,6779231.2200,0.197100,0.226200
2019-11-08,4.0014373700,4.0195025500,3.9924047800,4.0014373700,1983108,8790034.4400,0.254600,0.000000
2019-11-11,4.0014373700,4.0014373700,3.9020788800,3.9201440600,2833300,12416471.0000,0.363700,-2.031600
2019-11-12,3.9201440600,3.9291766500,3.8749811100,3.9111114700,1351852,5839831.1200,0.173500,-0.230400
2019-11-13,3.9111114700,3.9111114700,3.8659485200,3.8749811100,1259691,5420099.3000,0.161700,-0.923800
2019-11-14,3.8749811100,3.9020788800,3.8569159300,3.8749811100,1226585,5274709.6500,0.157500,0.000000
2019-11-15,3.8930462900,3.8930462900,3.8207855700,3.8298181600,1257565,5365928.9500,0.161400,-1.165500
2019-11-18,3.8117529800,3.8569159300,3.8117529800,3.8478833400,1384300,5882324.5000,0.177700,0.471700
2019-11-19,3.8478833400,3.8930462900,3.8298181600,3.8749811100,1064485,4560758.9500,0.136600,0.704200
2019-11-20,3.8930462900,3.8930462900,3.8478833400,3.8569159300,1141642,4886623.9200,0.146500,-0.466200
2019-11-21,3.8569159300,3.8659485200,3.8298181600,3.8478833400,1082951,4617452.7500,0.139000,-0.234200
2019-11-22,3.8659485200,3.8930462900,3.8478833400,3.8569159300,1099900,4709172.0000,0.141200,0.234700
2019-11-25,3.8659485200,3.9111114700,3.8478833400,3.9111114700,1567919,6750091.7000,0.201300,1.405200
2019-11-26,3.9111114700,3.9201440600,3.8930462900,3.9111114700,1494400,6461989.0000,0.191800,0.000000
2019-11-27,3.9111114700,3.9382092400,3.8840137000,3.9111114700,1242600,5394457.0000,0.159500,0.000000
2019-11-28,3.9111114700,3.9291766500,3.8840137000,3.8930462900,1188769,5139617.3900,0.152600,-0.461900
2019-11-29,3.9111114700,3.9201440600,3.8930462900,3.9201440600,769400,3326648.3700,0.098800,0.696100
2019-12-02,3.9201440600,3.9472418300,3.9020788800,3.9291766500,1376022,5979899.0400,0.176600,0.230400
2019-12-03,3.9201440600,3.9382092400,3.8930462900,3.9382092400,931400,4044166.0000,0.119600,0.229900
2019-12-04,3.9291766500,4.0466003200,3.9111114700,4.0466003200,4395429,19368801.1800,0.564200,2.752300
2019-12-05,4.0375677300,4.0917632700,4.0104699600,4.0375677300,5708688,25561130.2800,0.732800,-0.223200
2019-12-06,4.1640239900,4.4440342800,4.1640239900,4.4440342800,38131047,186860461.2900,4.894700,10.067100
2019-12-09,4.4259691000,4.6608164400,4.2995128400,4.4530668700,48322203,238077343.5500,6.202900,0.203200
2019-12-10,4.4530668700,4.5162950000,4.3717735600,4.5072624100,29678079,146045651.8300,3.809600,1.217000
2019-12-11,4.6608164400,4.8234030600,4.5072624100,4.5614579500,37034017,189433751.8500,4.753900,1.202400
2019-12-12,4.5885557200,4.6427512600,4.3356432000,4.3356432000,31161817,153517906.6300,4.000100,-4.950500
2019-12-13,4.3085454300,4.4169365100,4.2814476600,4.3898387400,22489515,108372440.6200,2.886900,1.250000
2019-12-16,4.3446757900,4.4259691000,4.2904802500,4.4079039200,17125042,82778033.5700,2.198300,0.411500
2019-12-17,4.3898387400,4.5524253600,4.3356432000,4.4891972300,24261102,119494242.2900,3.114300,1.844300
2019-12-18,4.4530668700,4.5795231300,4.4440342800,4.5614579500,18671833,93402170.2500,2.396800,1.609700
2019-12-19,4.5433927700,4.5433927700,4.4801646400,4.5072624100,8728219,43521163.6200,1.120400,-1.188100
2019-12-20,4.5072624100,4.5343601800,4.3988713300,4.4079039200,8422700,41697416.0400,1.081200,-2.204400
2019-12-23,4.4169365100,4.5614579500,4.3537083800,4.3627409700,8919000,43862364.0000,1.144900,-1.024600
2019-12-24,4.3898387400,4.5253275900,4.3085454300,4.4891972300,11049946,54232173.5200,1.418400,2.898500
2019-12-25,4.4891972300,4.6517838500,4.4530668700,4.5975883100,17649237,89239869.1900,2.265500,2.414500
2019-12-26,4.5614579500,4.5885557200,4.5162950000,4.5704905400,8453116,42572703.9000,1.085100,-0.589400
2019-12-27,4.5614579500,4.6156534900,4.4982298200,4.4982298200,9186600,46363414.5400,1.179200,-1.581000
2019-12-30,4.4620994600,4.4801646400,4.3898387400,4.4259691000,9449756,46321962.9600,1.213000,-1.606400
2019-12-31,4.4350016900,4.4530668700,4.3988713300,4.4530668700,6090236,29874951.8200,0.781800,0.612200
2020-01-02,4.4801646400,4.5343601800,4.4620994600,4.5072624100,6778072,33752444.1000,0.870100,1.217000
2020-01-03,4.5524253600,4.5524253600,4.4620994600,4.5162950000,6214492,30951600.2400,0.797700,0.200400
2020-01-06,4.5072624100,4.5072624100,4.4350016900,4.4530668700,10126527,50145278.2900,1.299900,-1.400000
2020-01-07,4.4530668700,4.5795231300,4.4440342800,4.5614579500,11971186,59615491.2100,1.536700,2.434100
2020-01-08,4.5343601800,4.5614579500,4.4259691000,4.4350016900,8612521,42727252.5300,1.105500,-2.772300
2020-01-09,4.4620994600,4.4891972300,4.4350016900,4.4620994600,5971117,29461226.1000,0.766500,0.611000
2020-01-10,4.4711320500,4.6517838500,4.4711320500,4.6066209000,19017857,96470162.6800,2.441200,3.238900
2020-01-13,4.5795231300,5.0672829900,4.5795231300,5.0672829900,41190272,225803920.2600,5.287400,10.000000
2020-01-14,4.9769570900,5.0040548600,4.8505008300,4.8866311900,28591274,155464062.5300,3.670100,-3.565100
2020-01-15,4.8775986000,4.8775986000,4.7421097500,4.7782401100,14509500,76956719.1700,1.862500,-2.218100
2020-01-16,4.7872727000,4.8414682400,4.7421097500,4.7782401100,8363458,44314308.0800,1.073600,0.000000
2020-01-17,4.8324356500,4.8505008300,4.6788816200,4.6969468000,7704187,40366327.0000,0.988900,-1.701300
2020-01-20,4.7872727000,4.8053378800,4.6788816200,4.7330771600,8151516,42788512.5700,1.046400,0.769200
2020-01-21,4.6969468000,4.6969468000,4.5614579500,4.5975883100,9732856,49789010.5100,1.249400,-2.862600
2020-01-22,4.5885557200,4.6517838500,4.4620994600,4.6066209000,8104269,40920876.7300,1.040300,0.196500
2020-01-23,4.5614579500,4.5704905400,4.3085454300,4.3356432000,10963127,53663956.0600,1.407300,-5.882300
2020-02-03,3.9020788800,3.9020788800,3.9020788800,3.9020788800,6219800,26869536.0000,0.798400,-10.000000
2020-02-04,3.7485248500,3.9291766500,3.7304596700,3.8930462900,9446967,40224573.2900,1.212700,-0.231500
2020-02-05,3.8749811100,4.0104699600,3.8569159300,3.9833721900,9273824,40714595.3600,1.190400,2.320200
2020-02-06,3.9743396000,4.0466003200,3.9743396000,4.0195025500,8825896,39241944.3200,1.132900,0.907000
2020-02-07,4.0195025500,4.0195025500,3.9291766500,3.9743396000,6417266,28209682.4000,0.823800,-1.123600
2020-02-10,3.9743396000,4.2272521200,3.9653070100,4.2001543500,11299864,51797827.0200,1.450500,5.681800
2020-02-11,4.2001543500,4.2001543500,4.1188610400,4.1549914000,5104840,23473761.0200,0.655300,-1.075300
2020-02-12,4.1188610400,4.2001543500,4.1188610400,4.1911217600,4556390,20976437.6900,0.584900,0.869600
2020-02-13,4.1820891700,4.1820891700,4.0646655000,4.0736980900,4787569,21785913.5700,0.614600,-2.801700
2020-02-14,4.0646655000,4.1007958600,4.0375677300,4.0827306800,3433314,15480724.2800,0.440700,0.221700
2020-02-17,4.1007958600,4.2362847100,4.0917632700,4.1820891700,8129447,37596792.1300,1.043500,2.433600
2020-02-18,4.1820891700,4.2182195300,4.1549914000,4.2001543500,6042061,28001639.8500,0.775600,0.432000
2020-02-19,4.1911217600,4.2001543500,4.1369262200,4.1369262200,6456100,29808040.0000,0.828700,-1.505400
2020-02-20,4.1459588100,4.2182195300,4.1459588100,4.2091869400,10914905,50659694.7000,1.401100,1.746700
2020-02-21,4.2091869400,4.2633824800,4.1911217600,4.2272521200,10890886,50878639.8200,1.398000,0.429200
2020-02-24,4.2182195300,4.2272521200,4.1549914000,4.2091869400,8925637,41481227.3900,1.145700,-0.427400
2020-02-25,4.1278936300,4.1459588100,4.0466003200,4.1278936300,9154379,41608053.2500,1.175100,-1.931300
2020-02-26,4.0917632700,4.2182195300,4.0556329100,4.1459588100,8994000,41451976.0000,1.154500,0.437600
2020-02-27,4.1730565800,4.2091869400,4.1188610400,4.1459588100,11616562,53588046.9600,1.491200,0.000000
2020-02-28,4.0466003200,4.1278936300,3.8659485200,3.8840137000,17877762,78965612.5300,2.294900,-6.318100
2020-03-02,3.8840137000,4.0466003200,3.8840137000,4.0195025500,11066750,48842869.5000,1.420600,3.488400
2020-03-03,4.0646655000,4.1007958600,3.9924047800,4.0285351400,9519732,42680091.5200,1.222000,0.224700
2020-03-04,4.0104699600,4.1730565800,3.9924047800,4.1730565800,11963459,54229751.5800,1.535700,3.587400
2020-03-05,4.1820891700,4.2904802500,4.1549914000,4.2633824800,15331646,71861020.4200,1.968000,2.164500
2020-03-06,4.2272521200,4.3808061500,4.2001543500,4.2904802500,16408259,77974693.1300,2.106200,0.635600
2020-03-09,4.2453173000,4.2543498900,4.1369262200,4.1459588100,11070650,51333621.5000,1.421100,-3.368400
2020-03-10,4.1098284500,4.2814476600,4.0466003200,4.2001543500,11721081,53831796.1200,1.504600,1.307200
2020-03-11,4.2182195300,4.3266106100,4.1820891700,4.2453173000,13157623,62172549.1200,1.689000,1.075300
2020-03-12,4.2453173000,4.2453173000,4.1549914000,4.1911217600,6764273,31414111.7100,0.868300,-1.276600
2020-03-13,4.0195025500,4.1549914000,4.0014373700,4.1278936300,8087080,36551341.9800,1.038100,-1.508600
2020-03-16,4.1640239900,4.2272521200,4.0195025500,4.0466003200,11873596,54428203.2400,1.524200,-1.969400
2020-03-17,4.1369262200,4.1911217600,3.9743396000,4.1369262200,7922282,35722746.0600,1.016900,2.232100
2020-03-18,4.1278936300,4.1820891700,3.9924047800,3.9924047800,8605113,39174532.6700,1.104600,-3.493400
2020-03-19,4.0466003200,4.3898387400,4.0466003200,4.2904802500,38097116,180761758.0100,4.890300,7.466100
2020-03-20,4.2272521200,4.4169365100,4.1549914000,4.3988713300,33220610,157099776.7100,4.264400,2.526300
2020-03-23,4.2995128400,4.6969468000,4.2362847100,4.2724150700,26699422,129578873.3400,3.427300,-2.874700
2020-03-24,4.3537083800,4.4079039200,4.1549914000,4.2362847100,17313190,81541309.9400,2.222400,-0.845700
2020-03-25,4.3266106100,4.3717735600,4.2453173000,4.3266106100,15865035,75642292.1500,2.036500,2.132200
2020-03-26,4.2814476600,4.2995128400,4.1820891700,4.2091869400,11865440,55605371.7100,1.523100,-2.714000
2020-03-27,4.2633824800,4.4711320500,4.2272521200,4.3898387400,24255478,116998571.2300,3.113600,4.291900
2020-03-30,4.2543498900,4.4891972300,4.2453173000,4.4530668700,25966690,126752733.6000,3.333200,1.440300
2020-03-31,4.4350016900,4.5614579500,4.3717735600,4.5072624100,24982587,123246182.9500,3.206900,1.217000
2020-04-01,4.4620994600,4.5524253600,4.2724150700,4.3446757900,21658440,105516401.5900,2.780200,-3.607200
2020-04-02,4.2453173000,4.2904802500,4.1007958600,4.2633824800,13491707,62781919.5500,1.731900,-1.871100
2020-04-03,4.2272521200,4.2633824800,4.1007958600,4.1188610400,11493565,53084796.4000,1.475400,-3.389800
2020-04-07,4.1730565800,4.2091869400,4.1369262200,4.1640239900,14103592,65251073.3700,1.810400,1.096500
2020-04-08,4.1369262200,4.1911217600,4.1188610400,4.1640239900,11296261,51976899.1000,1.450000,0.000000
2020-04-09,4.1640239900,4.2453173000,4.1640239900,4.1911217600,10897091,50691916.1500,1.398800,0.650800
2020-04-10,4.1911217600,4.2001543500,4.0556329100,4.0827306800,9993722,45427713.3000,1.282800,-2.586200
2020-04-13,4.0646655000,4.1278936300,4.0466003200,4.1098284500,5442787,24693378.7400,0.698700,0.663700
2020-04-14,4.1188610400,4.1459588100,4.1007958600,4.1369262200,4478244,20429369.5200,0.574900,0.659300
2020-04-15,4.1459588100,4.1459588100,4.0285351400,4.0556329100,5820632,26317888.5300,0.747200,-1.965100
2020-04-16,4.0375677300,4.0736980900,3.9924047800,4.0646655000,6156744,27441845.3600,0.790300,0.222700
2020-04-17,4.0736980900,4.0736980900,4.0375677300,4.0375677300,4806300,21557399.3100,0.617000,-0.666700
2020-04-20,4.0375677300,4.0646655000,4.0104699600,4.0466003200,2974053,13291902.3800,0.381800,0.223700
2020-04-21,4.0556329100,4.0556329100,3.9833721900,4.0104699600,5129862,22786054.6600,0.658500,-0.892900
2020-04-22,4.0104699600,4.0827306800,3.9833721900,4.0736980900,5494695,24619030.8000,0.705300,1.576600
2020-04-23,4.0556329100,4.1549914000,4.0556329100,4.0917632700,8948154,40566977.1200,1.148600,0.443500
2020-04-24,4.1007958600,4.1188610400,3.9833721900,4.0014373700,6346879,28371512.6600,0.814700,-2.207500
2020-04-27,3.9924047800,4.1007958600,3.9924047800,4.0736980900,5791300,26107641.5000,0.743400,1.805900
2020-04-28,4.0556329100,4.0736980900,3.8840137000,4.0104699600,6855447,30239817.1600,0.880000,-1.552100
2020-04-29,3.9833721900,4.0466003200,3.9653070100,4.0195025500,4217050,18745143.0000,0.541300,0.225200
2020-04-30,4.0195025500,4.0827306800,4.0195025500,4.0556329100,6103318,27409373.0500,0.783500,0.898900
2020-05-06,4.0285351400,4.1098284500,3.9924047800,4.1007958600,6053784,27170153.7700,0.777100,1.113600
2020-05-07,4.0827306800,4.1007958600,4.0466003200,4.0827306800,5936087,26772416.5700,0.762000,-0.440500
2020-05-08,4.1007958600,4.1369262200,4.0646655000,4.1098284500,6786482,30840814.8900,0.871100,0.663700
2020-05-11,4.1098284500,4.1278936300,4.0917632700,4.1188610400,3179052,14455738.0700,0.408100,0.219800
2020-05-12,4.1188610400,4.1730565800,4.1007958600,4.1369262200,4333525,19845031.4600,0.556300,0.438600
2020-05-13,4.1188610400,4.1459588100,4.0917632700,4.1369262200,2940650,13419174.0000,0.377500,0.000000
2020-05-14,4.1188610400,4.2091869400,4.0917632700,4.1640239900,6141176,28236886.0300,0.788300,0.655000
2020-05-15,4.1911217600,4.2001543500,4.1278936300,4.1459588100,3854001,17761927.5900,0.494700,-0.433800
2020-05-18,4.1459588100,4.1820891700,4.0917632700,4.1549914000,3491850,16014744.5000,0.448200,0.217900
2020-05-19,4.1640239900,4.1911217600,4.1369262200,4.1911217600,4600000,21229173.0000,0.590500,0.869600
2020-05-20,4.1640239900,4.1730565800,4.1007958600,4.1278936300,4390965,20039735.2500,0.563600,-1.508600
2020-05-21,4.1369262200,4.2814476600,4.1098284500,4.2091869400,10356543,48287627.8000,1.329400,1.969400
2020-05-22,4.2091869400,4.2814476600,4.1369262200,4.2362847100,9982513,46423842.2800,1.281400,0.643800
2020-05-25,4.2272521200,4.3808061500,4.2091869400,4.3717735600,13092201,62580396.7300,1.680600,3.198300
2020-05-26,4.3446757900,4.3808061500,4.2995128400,4.3627409700,7548434,36288142.1300,0.969000,-0.206600
2020-05-27,4.3537083800,4.4891972300,4.3085454300,4.3808061500,12367072,60164683.2400,1.587500,0.414100
2020-05-28,4.3808061500,4.4079039200,4.2724150700,4.3175780200,7418606,35529027.8500,0.952300,-1.443300
2020-05-29,4.3446757900,4.5253275900,4.3085454300,4.4711320500,15334331,75553618.4000,1.968400,3.556500
2020-06-01,4.4982298200,4.5433927700,4.4259691000,4.5162950000,13338767,66305457.3800,1.712200,1.010100
2020-06-02,4.5253275900,4.8053378800,4.5072624100,4.7240445700,20999106,108984813.7700,2.695600,4.600000
2020-06-03,4.7421097500,4.9227615500,4.5795231300,4.7782401100,20346596,106080321.5200,2.611800,1.147200
2020-06-04,4.7421097500,4.9317941400,4.6608164400,4.7963052900,21521052,114315537.8700,2.762600,0.378100
2020-06-05,4.7692075200,4.7692075200,4.5524253600,4.5704905400,14898219,76217155.6300,1.912400,-4.708100
2020-06-08,4.5885557200,4.5885557200,4.4259691000,4.4530668700,9983049,49533242.4200,1.281500,-2.569200
2020-06-09,4.4620994600,4.5343601800,4.4259691000,4.5253275900,7115159,35392637.1200,0.913300,1.622700
2020-06-10,4.5795231300,4.7421097500,4.5614579500,4.6156534900,12685817,65046418.6400,1.628400,1.996000
2020-06-11,4.5704905400,4.6427512600,4.4891972300,4.5162950000,9967048,50397024.1100,1.279400,-2.152600
2020-06-12,4.4350016900,4.9679245000,4.4259691000,4.9679245000,30609547,162576892.0000,3.929200,10.000000
2020-06-15,5.0401852200,5.4014888200,4.8775986000,5.2118044300,45442884,260207586.8300,5.833300,4.909100
2020-06-16,5.2209663000,5.2759238400,5.0560936800,5.1293704000,28721813,161621455.9700,3.686900,-1.581700
2020-06-17,5.1476895800,5.4499560500,5.1110512200,5.1660087600,28602957,163800133.4900,3.671600,0.714300
2020-06-18,5.0927320400,5.1751683500,4.9736573700,5.0102957300,19295737,106492071.6600,2.476900,-3.014200
2020-06-19,5.2209663000,5.5140731800,5.1385299900,5.5140731800,18717153,109865600.7900,2.402600,10.054800
2020-06-22,5.8346588300,6.0636485800,5.6056690800,5.6881053900,65624930,421130108.4400,8.424000,3.156100
2020-06-23,5.5140731800,5.6331478500,5.2484450700,5.2484450700,46770737,275645981.9900,6.003700,-7.729500
2020-06-24,5.2667642500,5.3034026100,5.0011361400,5.0011361400,26567329,148113086.0100,3.410300,-4.712000
2020-06-29,5.1018916300,5.1018916300,4.9461786000,5.0744128600,12864332,70546408.5100,1.651300,1.465200
2020-06-30,5.0652532700,5.1751683500,5.0469340900,5.1018916300,16315244,90914608.6200,2.094300,0.541500
2020-07-01,5.0744128600,5.1110512200,4.9736573700,5.0286149100,15845082,87285240.0400,2.034000,-1.436300
2020-07-02,5.0652532700,5.2759238400,4.9919765500,5.2209663000,26347287,148366521.9500,3.382100,3.825100
2020-07-03,5.2118067100,5.2759238400,5.0927320400,5.1660087600,21587731,121875009.0300,2.771100,-1.052600
2020-07-06,5.2209663000,5.4133176900,5.1202108100,5.3492005600,25941781,149889313.2100,3.330000,3.546100
2020-07-07,5.3949985100,5.8804567800,5.3949985100,5.6514670300,52634817,329159901.2900,6.756500,5.650700
2020-07-08,5.5049135900,5.8987759600,5.4957540000,5.8071800600,40181462,250330985.4900,5.157900,2.755300
2020-07-09,5.8712971900,6.3384362800,5.8712971900,6.2102020200,45607609,304187421.6900,5.854400,6.940100
2020-07-10,6.1002869400,6.4575109500,5.8987759600,6.0453294000,43782922,292019033.5100,5.620200,-2.654900
2020-07-13,6.0270102200,6.4117130000,5.9903718600,6.2102020200,34517604,232128947.5900,4.430900,2.727300
2020-07-14,6.1644040700,6.2102020200,5.7247437500,5.8712971900,30872338,200083629.0000,3.962900,-5.457200
2020-07-15,5.8987759600,5.9995314500,5.6056690800,5.6789458000,18319557,115322999.9200,2.351600,-3.276100
2020-07-16,5.6972649800,6.1552444800,5.6972649800,5.7980204700,41135372,268077727.9700,5.280300,2.096800
2020-07-17,5.7613821100,6.2834787400,5.5873499000,6.1735636600,38533139,250743477.0500,4.946300,6.477100
2020-07-20,6.2285212000,6.5399472600,5.9812122700,6.0911273500,40987905,276031532.4200,5.261400,-1.335300
2020-07-21,6.1186061200,6.7048198800,6.0636485800,6.6407027500,53388405,372992112.9000,6.853200,9.022600
2020-07-22,6.4117130000,6.4575109500,6.1277657100,6.3292766900,43160595,295935641.7700,5.540300,-4.689700
2020-07-23,6.3567554600,6.8513733200,6.1827232500,6.6315431600,39314667,277200577.5800,5.046600,4.775700
2020-07-24,6.5033089000,6.6223835700,5.9812122700,6.1827232500,32349187,222180068.4100,4.152500,-6.768000
2020-07-27,6.0819677600,6.1735636600,5.8804567800,5.9262547300,16365067,106903745.1400,2.100700,-4.148100
2020-07-28,5.9537335000,5.9903718600,5.7247437500,5.9903718600,17556764,112318348.0500,2.253700,1.081900
2020-07-29,5.9445739100,6.1369253000,5.8438184200,6.0819677600,17645629,116089065.7500,2.265100,1.529100
2020-07-30,6.0728081700,6.1552444800,5.9995314500,6.1369253000,17016613,112915856.0900,2.184300,0.903600
2020-07-31,6.0819677600,6.1644040700,5.8896163700,6.0819677600,20319707,134272047.5500,2.608300,-0.895500
2020-08-03,6.1277657100,6.4483513600,6.0178506300,6.3659150500,24629121,167010690.0300,3.161500,4.668700
2020-08-04,6.2926383300,6.3292766900,6.1094465300,6.1369253000,14923412,101191947.2200,1.915600,-3.597100
2020-08-05,6.0911273500,6.1827232500,6.0178506300,6.0453294000,12899450,85511283.7600,1.655800,-1.492500
2020-08-06,6.0453294000,6.0728081700,5.7888608800,5.8621376000,14389369,92556385.7800,1.847100,-3.030300
2020-08-07,5.8438184200,5.8621376000,5.6148286700,5.6972649800,11142268,69744168.6200,1.430300,-2.812500
2020-08-10,5.6972649800,5.7705417000,5.6331478500,5.7339033400,6665933,41608911.2500,0.855700,0.643100
2020-08-11,5.7339033400,5.8254992400,5.6423074400,5.6606266200,7795577,48857159.9800,1.000700,-1.278000
2020-08-12,5.6148286700,5.6514670300,5.3492005600,5.4499560500,13536788,80701558.9100,1.737700,-3.721700
2020-08-13,5.4499560500,5.6239882600,5.4407964600,5.5415519500,7470492,45036160.2000,0.959000,1.680700
2020-08-14,5.5140731800,5.5598711300,5.4499560500,5.5507115400,4607501,27726227.9400,0.591400,0.165300
2020-08-17,5.6239882600,5.6972649800,5.5598711300,5.6697862100,6903807,42457050.0700,0.886200,2.145200
2020-08-18,5.7155841600,5.8987759600,5.6423074400,5.8438184200,10417368,65872835.7800,1.337200,3.069500
2020-08-19,5.7980204700,5.8163396500,5.6514670300,5.6514670300,7034469,43870505.9800,0.903000,-3.291500
2020-08-20,5.6881053900,5.7339033400,5.6239882600,5.6423074400,4365210,27005848.7200,0.560300,-0.162100
2020-08-21,5.6972649800,5.7155841600,5.6148286700,5.6423074400,3362787,20817221.5300,0.431700,0.000000
2020-08-24,5.6972649800,5.7064245700,5.5323923600,5.5781903100,4591642,28017880.5200,0.589400,-1.136400
2020-08-25,5.5781903100,5.6056690800,5.4499560500,5.4865944100,5610842,33810968.9000,0.720200,-1.642000
2020-08-26,5.4499560500,5.4774348200,5.2667642500,5.2667642500,6723503,39249150.6400,0.863100,-4.006700
2020-08-27,5.2667642500,5.3125622000,5.1660087600,5.2942430200,4587382,26266362.6200,0.588900,0.521700
2020-08-28,5.2850834300,5.3583601500,5.2209663000,5.3492005600,3981362,23036882.8100,0.511100,1.038100
2020-08-31,5.3492005600,5.4133176900,5.3217217900,5.3858389200,5258712,30851748.4400,0.675000,0.684900
2020-09-01,5.3492005600,5.3583601500,5.2850834300,5.3125622000,3089961,17920925.8000,0.396600,-1.360500
2020-09-02,5.2392854800,5.3949985100,5.2392854800,5.3400409700,3592056,20959306.6300,0.461100,0.517200
2020-09-03,5.3492005600,5.3583601500,5.2484450700,5.2850834300,4017222,23295675.6000,0.515700,-1.029200
2020-09-04,5.2301258900,5.2301258900,5.1110512200,5.2026471200,6169122,34732141.7600,0.791900,-1.559800
2020-09-07,5.2118067100,5.2667642500,5.0011361400,5.0744128600,6241792,34955855.2600,0.801200,-2.464800
2020-09-08,5.0744128600,5.1660087600,5.0194553200,5.1293704000,4472941,24800404.5000,0.574200,1.083000
2020-09-09,5.0927320400,5.1385299900,4.9919765500,5.0652532700,4410717,24410497.1000,0.566200,-1.250000
2020-09-10,5.0835724500,5.1202108100,4.9278594200,4.9278594200,4900500,26898103.0000,0.629100,-2.712500
2020-09-11,4.9003806500,5.0194553200,4.8912210600,5.0011361400,3485325,18840516.0000,0.447400,1.487000
2020-09-14,4.9919765500,5.0560936800,4.9278594200,4.9919765500,2929800,15965867.0000,0.376100,-0.183200
2020-09-15,5.0102957300,5.0194553200,4.9553381900,5.0102957300,2009600,10951615.0000,0.258000,0.367000
2020-09-16,5.0194553200,5.0194553200,4.9186998300,4.9461786000,2303681,12462293.5900,0.295700,-1.279700
2020-09-17,4.9461786000,4.9828169600,4.8820614700,4.9736573700,3372981,18184970.3900,0.433000,0.555600
2020-09-18,4.9736573700,5.1110512200,4.9461786000,5.0927320400,5390701,29699036.5400,0.692000,2.394100
2020-09-21,5.2118067100,5.3858389200,5.1110512200,5.2484450700,10186049,58320291.2100,1.307500,3.057600
2020-09-22,5.2576046600,5.3034026100,5.0927320400,5.1293704000,6123900,34777617.0000,0.786100,-2.268800
2020-09-23,5.1110512200,5.1476895800,5.0744128600,5.0927320400,2940651,16383689.5400,0.377500,-0.714300
2020-09-24,5.0927320400,5.0927320400,4.9003806500,4.9278594200,3825150,20746113.4000,0.491000,-3.237400
2020-09-25,4.9461786000,4.9736573700,4.8912210600,4.9278594200,1910646,10291292.9900,0.245300,0.000000
2020-09-28,4.9278594200,4.9644977800,4.8912210600,4.9370190100,1801363,9674144.3300,0.231200,0.185900
2020-09-29,4.9553381900,4.9828169600,4.9003806500,4.9644977800,1925834,10416774.9300,0.247200,0.556600
2020-09-30,4.9919765500,4.9919765500,4.8820614700,4.9186998300,1644500,8848633.0000,0.211100,-0.922500
2020-10-09,4.9828169600,5.0469340900,4.9736573700,5.0102957300,2075906,11360914.7000,0.266500,1.862200
2020-10-12,5.0744128600,5.1202108100,5.0011361400,5.1202108100,3730506,20687373.1800,0.478900,2.193800
2020-10-13,5.1110512200,5.1110512200,5.0560936800,5.0927320400,2222000,12316053.0000,0.285200,-0.536700
2020-10-14,5.1018916300,5.1293704000,5.0469340900,5.0560936800,1889852,10477000.0200,0.242600,-0.719400
2020-10-15,5.0469340900,5.0835724500,4.9461786000,4.9736573700,3124301,17042973.4500,0.401100,-1.630400
2020-10-16,4.9553381900,4.9736573700,4.9278594200,4.9553381900,1796319,9699555.4500,0.230600,-0.368300
2020-10-19,4.9644977800,5.0102957300,4.8545827000,4.8729018800,3026900,16294773.0000,0.388500,-1.663600
2020-10-20,4.8545827000,4.8912210600,4.7721463900,4.8637422900,2847175,14981687.7500,0.365500,-0.188000
2020-10-21,4.8637422900,4.9095402400,4.8271039300,4.8729018800,1979004,10502750.1000,0.254000,0.188300
2020-10-22,4.8729018800,4.8820614700,4.8087847500,4.8271039300,1275500,6725902.0000,0.163700,-0.939800
2020-10-23,4.8271039300,4.8545827000,4.7629868000,4.7813059800,1445812,7574156.6400,0.185600,-0.948800
2020-10-26,4.7813059800,4.8087847500,4.6988696700,4.7721463900,1308600,6814160.0000,0.168000,-0.191600
2020-10-27,4.7629868000,4.8087847500,4.7355080300,4.7629868000,1884986,9786494.7200,0.242000,-0.191900
2020-10-28,4.7629868000,4.7813059800,4.6988696700,4.7813059800,1790050,9260634.5000,0.229800,0.384600
2020-10-29,4.7538272100,4.7813059800,4.6897100800,4.7629868000,1849199,9584554.8300,0.237400,-0.383100
2020-10-30,4.7446676200,4.7721463900,4.4881991000,4.5156778700,7203600,36372847.5900,0.924700,-5.192300
2020-11-02,4.5156778700,4.5706354100,4.4515607400,4.5523162300,3475105,17087017.9700,0.446100,0.811400
2020-11-03,4.5523162300,4.6439121300,4.5339970500,4.6255929500,3120384,15692775.2800,0.400500,1.609700
2020-11-04,4.6530717200,4.6530717200,4.5523162300,4.5889545900,2517800,12607307.0000,0.323200,-0.792100
2020-11-05,4.5889545900,4.7355080300,4.5889545900,4.7080292600,3994460,20338081.0300,0.512700,2.594800
2020-11-06,4.7263484400,4.7355080300,4.6713909000,4.6897100800,2349513,12048621.5600,0.301600,-0.389100
2020-11-09,4.7355080300,4.7904655700,4.7171888500,4.7171888500,3728065,19305611.4000,0.478600,0.585900
2020-11-10,4.7263484400,4.7904655700,4.6072737700,4.6347525400,4305920,22026273.2100,0.552700,-1.747600
2020-11-11,4.6347525400,4.6622313100,4.6072737700,4.6530717200,1864178,9443843.2400,0.239300,0.395300
2020-11-12,4.6439121300,4.6622313100,4.6072737700,4.6164333600,1973901,9971059.0600,0.253400,-0.787400
2020-11-13,4.6164333600,4.6164333600,4.5706354100,4.6072737700,2021685,10136934.1900,0.259500,-0.198400
2020-11-16,4.6255929500,4.6713909000,4.6072737700,4.6713909000,2292229,11637674.2400,0.294200,1.391700
2020-11-17,4.6713909000,4.6713909000,4.6347525400,4.6439121300,1851776,9395026.9000,0.237700,-0.588200
2020-11-18,4.6439121300,4.7080292600,4.6439121300,4.6805504900,3062179,15618248.6000,0.393100,0.789000
2020-11-19,4.6897100800,4.7171888500,4.6530717200,4.7080292600,3062487,15705721.4200,0.393100,0.587100
2020-11-20,4.7080292600,4.7813059800,4.6897100800,4.7629868000,3370630,17407112.8000,0.432700,1.167300
2020-11-23,4.7629868000,4.7813059800,4.7171888500,4.7629868000,3635091,18826260.0500,0.466600,0.000000
2020-11-24,4.7721463900,4.7996251600,4.7355080300,4.7721463900,2977603,15535083.6000,0.382200,0.192300
2020-11-25,4.7721463900,4.7996251600,4.7538272100,4.7629868000,2627687,13693689.5400,0.337300,-0.191900
2020-11-26,4.7904655700,4.7904655700,4.7080292600,4.7171888500,2742100,14154617.0000,0.352000,-0.961500
2020-11-27,4.7080292600,4.9644977800,4.6988696700,4.9003806500,8281937,43822521.3700,1.063100,3.883500
2020-11-30,4.9003806500,5.0286149100,4.8454231100,4.9553381900,8262578,44351164.2000,1.060600,1.121500
2020-12-01,4.9278594200,4.9919765500,4.8912210600,4.9736573700,3939336,21265480.5200,0.505700,0.369700
2020-12-02,4.9644977800,4.9828169600,4.9003806500,4.9828169600,3545975,19138868.7700,0.455200,0.184200
2020-12-03,4.9278594200,4.9736573700,4.9003806500,4.9278594200,2712938,14593294.0600,0.348200,-1.102900
2020-12-04,4.9278594200,4.9461786000,4.8454231100,4.9003806500,5413415,28861306.5500,0.694900,-0.557600
2020-12-07,4.8912210600,4.8912210600,4.7813059800,4.8362635200,4303800,22621367.0000,0.552500,-1.308400
2020-12-08,4.8362635200,4.8637422900,4.7629868000,4.7904655700,2646315,13898455.7500,0.339700,-0.947000
2020-12-09,4.7904655700,4.7996251600,4.6255929500,4.6347525400,4281500,22028511.0000,0.549600,-3.250500
2020-12-10,4.6347525400,4.7171888500,4.6072737700,4.6622313100,2143201,10934482.1200,0.275100,0.592900
2020-12-11,4.6988696700,4.6988696700,4.5614758200,4.6072737700,2892575,14572912.7700,0.371300,-1.178800
2020-12-14,4.5981141800,4.6897100800,4.5614758200,4.6713909000,2686000,13618320.0000,0.344800,1.391700
2020-12-15,4.6439121300,4.6713909000,4.6072737700,4.6530717200,1717550,8691387.1200,0.220500,-0.392200
2020-12-16,4.6439121300,4.6530717200,4.5797950000,4.5981141800,2531107,12710818.2100,0.324900,-1.181100
2020-12-17,4.5981141800,4.6347525400,4.4973586900,4.6255929500,3186830,15910519.2500,0.409100,0.597600
2020-12-18,4.6255929500,4.6530717200,4.5706354100,4.6164333600,2267033,11396881.3400,0.291000,-0.198000
2020-12-21,4.6164333600,4.6347525400,4.5614758200,4.6255929500,2308431,11621626.9300,0.296300,0.198400
2020-12-22,4.6255929500,4.6255929500,4.5523162300,4.5614758200,2999476,15002821.2100,0.385000,-1.386100
2020-12-23,4.5614758200,4.5889545900,4.4973586900,4.5065182800,2963876,14696525.8200,0.380500,-1.204800
2020-12-24,4.5065182800,4.5156778700,4.3966032000,4.4149223800,3385522,16436281.2900,0.434600,-2.032500
2020-12-25,4.3966032000,4.4698799200,4.3966032000,4.4332415600,1946315,9423085.3000,0.249800,0.414900
2020-12-28,4.4515607400,4.4515607400,4.3416456600,4.3416456600,2654607,12656775.0700,0.340800,-2.066100
2020-12-29,4.3416456600,4.4424011500,4.3416456600,4.4240819700,2303610,11067560.2000,0.295700,1.898700
2020-12-30,4.4149223800,4.4332415600,4.3691244300,4.4057627900,1936047,9303964.1300,0.248500,-0.414100
2020-12-31,4.3966032000,4.4515607400,4.3782840200,4.4149223800,3796853,18265836.5500,0.487400,0.207900
2021-01-04,4.4149223800,4.5797950000,4.3966032000,4.5431566400,4962766,24314008.7500,0.637000,2.904600
2021-01-05,4.5339970500,4.5523162300,4.4790395100,4.5248374600,2226823,10987705.0900,0.285800,-0.403200
2021-01-06,4.5339970500,4.6988696700,4.5065182800,4.6805504900,6455247,32468826.9800,0.828600,3.441300
2021-01-07,4.6439121300,4.6713909000,4.5248374600,4.5339970500,3312406,16578201.3900,0.425200,-3.131100
2021-01-08,4.5156778700,4.5156778700,4.4240819700,4.4698799200,2903101,14166475.9900,0.372700,-1.414100
2021-01-11,4.4698799200,4.4698799200,4.3233264800,4.3416456600,3550135,16968296.4400,0.455700,-2.868900
2021-01-12,4.3966032000,4.4973586900,4.3599648400,4.4607203300,3057590,14779363.9100,0.392500,2.742600
2021-01-13,4.4515607400,4.5981141800,4.3782840200,4.5248374600,4309312,21103141.4500,0.553200,1.437400
2021-01-14,4.4973586900,4.5614758200,4.4607203300,4.5065182800,2709300,13337147.0200,0.347800,-0.404900
2021-01-15,4.4790395100,4.6072737700,4.4790395100,4.5523162300,2974512,14836364.5200,0.381800,1.016300
2021-01-18,4.5523162300,4.5706354100,4.4698799200,4.5156778700,3432236,16940396.7400,0.440600,-0.804800
2021-01-19,4.4790395100,4.5431566400,4.3966032000,4.5065182800,6195953,30117849.4000,0.795300,-0.202800
2021-01-20,4.4881991000,4.4881991000,4.3874436100,4.4332415600,4648588,22483852.9400,0.596700,-1.626000
2021-01-21,4.4332415600,4.4607203300,4.3966032000,4.4149223800,2596322,12530111.4800,0.333300,-0.413200
2021-01-22,4.4240819700,4.4240819700,4.3416456600,4.3508052500,2316500,11037894.0000,0.297400,-1.452300
2021-01-25,4.3508052500,4.3508052500,4.2042518100,4.2134114000,3222465,14962666.2500,0.413700,-3.157900
2021-01-26,4.2042518100,4.2408901700,4.1676134500,4.1950922200,1504886,6891017.9600,0.193200,-0.434800
2021-01-27,4.1950922200,4.2042518100,4.1218155000,4.1584538600,1819813,8250227.7600,0.233600,-0.873400
2021-01-28,4.1401346800,4.1767730400,4.0943367300,4.1126559100,1725529,7784047.3700,0.221500,-1.101300
2021-01-29,4.1309750900,4.1492942700,4.0485387800,4.0576983700,1806200,8036066.0000,0.231900,-1.336300
2021-02-01,4.0302196000,4.1034963200,4.0210600100,4.0851771400,1736793,7708967.1200,0.222900,0.677200
2021-02-02,4.0943367300,4.1584538600,4.0576983700,4.1218155000,1646613,7398283.2400,0.211400,0.896900
2021-02-03,4.1309750900,4.1401346800,4.0393791900,4.0485387800,1535954,6843986.2700,0.197200,-1.777800
2021-02-04,4.0302196000,4.0576983700,3.9294641100,3.9386237000,2078800,9019132.0000,0.266800,-2.714900
2021-02-05,3.9661024700,4.0302196000,3.8928257500,3.9477832900,2450450,10630740.9900,0.314600,0.232600
2021-02-08,3.9661024700,4.0210600100,3.9477832900,4.0027408300,1490500,6506921.0000,0.191300,1.392100
2021-02-09,4.0027408300,4.0393791900,3.9935812400,4.0210600100,1938600,8506328.0000,0.248800,0.457700
2021-02-10,4.0210600100,4.0576983700,4.0119004200,4.0485387800,1353378,5971577.7600,0.173700,0.683400
2021-02-18,4.0760175500,4.1676134500,4.0668579600,4.1492942700,2843817,12814001.9900,0.365000,2.488700
2021-02-19,4.1676134500,4.2317305800,4.1218155000,4.2225709900,3426707,15639801.1600,0.439900,1.766000
2021-02-22,4.2317305800,4.3233264800,4.2042518100,4.2134114000,5817053,27050439.6900,0.746700,-0.216900
2021-02-23,4.2042518100,4.2317305800,4.1676134500,4.1950922200,3040088,13929644.4000,0.390200,-0.434800
2021-02-24,4.1950922200,4.2134114000,4.1401346800,4.1584538600,2427531,11063100.9000,0.311600,-0.873400
2021-02-25,4.1767730400,4.1859326300,4.1309750900,4.1676134500,2287199,10399167.4600,0.293600,0.220300
2021-02-26,4.1492942700,4.1676134500,4.1218155000,4.1584538600,2070850,9369707.0000,0.265800,-0.219800
2021-03-01,4.1401346800,4.1859326300,4.1401346800,4.1859326300,1736800,7914948.8400,0.222900,0.660800
2021-03-02,4.1950922200,4.2042518100,4.1401346800,4.1584538600,2320018,10563845.1600,0.297800,-0.656500
2021-03-03,4.1584538600,4.1859326300,4.1492942700,4.1859326300,2109441,9600104.5500,0.270800,0.660800
2021-03-04,4.1767730400,4.2225709900,4.1584538600,4.1767730400,1873800,8555148.0000,0.240500,-0.218800
2021-03-05,4.1676134500,4.2225709900,4.1492942700,4.2042518100,2774500,12698712.0000,0.356100,0.657900
2021-03-08,4.2225709900,4.2500497600,4.1950922200,4.2317305800,3223451,14861526.0900,0.413800,0.653600
2021-03-09,4.2225709900,4.2317305800,4.0851771400,4.1218155000,3708051,16744768.0100,0.476000,-2.597400
2021-03-10,4.1492942700,4.1492942700,4.0760175500,4.0760175500,1983750,8894689.5200,0.254600,-1.111100
2021-03-11,4.0943367300,4.1492942700,4.0668579600,4.1309750900,1466868,6572540.0000,0.188300,1.348300
2021-03-12,4.1309750900,4.1492942700,4.0943367300,4.1309750900,1872551,8432799.5000,0.240400,0.000000
2021-03-15,4.1309750900,4.2317305800,4.1218155000,4.2134114000,3412398,15619731.8400,0.438000,1.995600
2021-03-16,4.2042518100,4.2592093500,4.1859326300,4.2500497600,2764200,12745546.0000,0.354800,0.869600
2021-03-17,4.2408901700,4.2683689400,4.2042518100,4.2317305800,2732475,12620054.0000,0.350800,-0.431000
2021-03-18,4.2225709900,4.2500497600,4.1676134500,4.1950922200,4621912,21214423.9400,0.593300,-0.865800
2021-03-19,4.1859326300,4.2225709900,4.1676134500,4.1767730400,2759885,12650920.5000,0.354300,-0.436700
2021-03-22,4.1767730400,4.2592093500,4.1767730400,4.2408901700,3140650,14482763.5000,0.403200,1.535100
2021-03-23,4.2500497600,4.2500497600,4.1676134500,4.2042518100,4413050,20311204.0000,0.566500,-0.863900
2021-03-24,4.2042518100,4.2500497600,4.1859326300,4.2042518100,3807000,17553335.0000,0.488700,0.000000
2021-03-25,4.2134114000,4.2408901700,4.1584538600,4.1767730400,4350436,19897118.4400,0.558400,-0.653600
2021-03-26,4.1767730400,4.1950922200,4.1126559100,4.1859326300,3859079,17519502.9400,0.495400,0.219300
2021-03-29,4.1676134500,4.2225709900,4.1676134500,4.1950922200,2747436,12592019.2400,0.352700,0.218800
2021-03-30,4.1950922200,4.2042518100,4.0943367300,4.1218155000,3814615,17232188.5000,0.489700,-1.746700
2021-03-31,4.1218155000,4.1676134500,4.0943367300,4.1492942700,2368200,10687535.0000,0.304000,0.666700
2021-04-01,4.1401346800,4.1492942700,4.1309750900,4.1492942700,1409400,6369728.0000,0.180900,0.000000
2021-04-02,4.1676134500,4.1767730400,4.1218155000,4.1492942700,2383651,10808264.3600,0.306000,0.000000
2021-04-06,4.1492942700,4.2042518100,4.1401346800,4.1950922200,2968736,13538858.6500,0.381100,1.103800
2021-04-07,4.1950922200,4.2500497600,4.1676134500,4.2317305800,4167936,19219998.9600,0.535000,0.873400
2021-04-08,4.2225709900,4.2592093500,4.1859326300,4.1950922200,3643100,16812189.0000,0.467600,-0.865800
2021-04-09,4.1950922200,4.2592093500,4.1767730400,4.2500497600,3073200,14189101.0000,0.394500,1.310000
2021-04-12,4.2592093500,4.2775285300,4.2134114000,4.2500497600,4129568,19172480.0200,0.530100,0.000000
2021-04-13,4.2225709900,4.3691244300,4.2134114000,4.3233264800,8741945,41137021.5400,1.122200,1.724100
2021-04-14,4.3233264800,4.6713909000,4.2866881200,4.5065182800,21257442,104133569.9900,2.728700,4.237300
2021-04-15,4.4607203300,4.8087847500,4.4424011500,4.6072737700,20318921,103265602.9400,2.608200,2.235800
2021-04-16,4.5614758200,4.6439121300,4.5523162300,4.5797950000,11375771,57016406.0800,1.460300,-0.596400
2021-04-19,4.5523162300,4.5706354100,4.4790395100,4.4973586900,10159697,50183712.3000,1.304200,-1.800000
2021-04-20,4.4881991000,4.5339970500,4.4515607400,4.4881991000,6529638,32025600.5800,0.838200,-0.203700
2021-04-21,4.4515607400,4.5156778700,4.3966032000,4.4332415600,6007784,29188865.2600,0.771200,-1.224500
2021-04-22,4.4332415600,4.4607203300,4.3508052500,4.3782840200,5108700,24479310.0000,0.655800,-1.239700
2021-04-23,4.3508052500,4.3691244300,4.2683689400,4.3050073000,5956950,28001373.0000,0.764700,-1.673600
2021-04-26,4.3141668900,4.3782840200,4.3141668900,4.3416456600,4461253,21156964.4600,0.572700,0.851100
2021-04-27,4.3416456600,4.7721463900,4.3416456600,4.7721463900,24539032,124492462.5700,3.150000,9.915600
2021-04-28,4.6897100800,4.7721463900,4.5889545900,4.6072737700,23793850,121203370.5000,3.054300,-3.454900
2021-04-29,4.7080292600,4.7446676200,4.5981141800,4.6439121300,12258846,62131417.2700,1.573600,0.795200
2021-04-30,4.5981141800,4.6530717200,4.5156778700,4.5248374600,8910439,44409879.0500,1.143800,-2.564100
2021-05-06,4.5523162300,4.7446676200,4.4973586900,4.6530717200,9543173,48508986.4300,1.225000,2.834000
2021-05-07,4.6164333600,4.6805504900,4.5889545900,4.5981141800,6695069,33860004.3800,0.859400,-1.181100
2021-05-10,4.6439121300,4.7721463900,4.5981141800,4.7263484400,11738964,60189471.5800,1.506900,2.788800
2021-05-11,4.7263484400,4.8637422900,4.6897100800,4.7080292600,8446881,43813686.2400,1.084300,-0.387600
2021-05-12,4.6530717200,4.8271039300,4.6347525400,4.7721463900,8710455,44685292.5500,1.118100,1.361900
2021-05-13,4.7171888500,4.7355080300,4.6347525400,4.6713909000,6760675,34549098.7500,0.867800,-2.111300
2021-05-14,4.6805504900,4.6988696700,4.6072737700,4.6713909000,7013900,35692415.0000,0.900300,0.000000
2021-05-17,4.6622313100,4.6622313100,4.4698799200,4.4973586900,9865700,48851001.7000,1.266400,-3.725500
2021-05-18,4.5065182800,4.5523162300,4.4973586900,4.5339970500,3830192,18929691.4800,0.491700,0.814700
2021-05-19,4.5339970500,4.5431566400,4.4149223800,4.4240819700,7166575,34906624.5000,0.919900,-2.424200
2021-05-20,4.4698799200,4.4790395100,4.3233264800,4.3508052500,10115619,48294548.8600,1.298500,-1.656300
2021-05-21,4.3691244300,4.6805504900,4.3508052500,4.4973586900,15157780,75144660.0000,1.945700,3.368400
2021-05-24,4.5065182800,4.6164333600,4.4973586900,4.5248374600,11502900,57165759.2000,1.476600,0.611000
2021-05-25,4.5248374600,4.5889545900,4.4515607400,4.5248374600,7539700,37102798.0000,0.967800,0.000000
2021-05-26,4.5248374600,4.5339970500,4.4515607400,4.5156778700,7666728,37659680.1000,0.984100,-0.202400
2021-05-27,4.5156778700,4.5248374600,4.4515607400,4.4881991000,6497600,31847890.7200,0.834100,-0.608500
2021-05-28,4.4973586900,4.5614758200,4.4790395100,4.5065182800,11731556,57849016.0800,1.505900,0.408200
2021-05-31,4.5065182800,4.5706354100,4.4240819700,4.5706354100,14180786,69722779.0000,1.820300,1.422800
2021-06-01,4.5981141800,4.6164333600,4.4881991000,4.5156778700,12488248,61677082.7000,1.603100,-1.202400
2021-06-02,4.4973586900,4.5523162300,4.4332415600,4.4332415600,11208556,54960620.5200,1.438800,-1.825600
2021-06-03,4.4332415600,4.4698799200,4.4149223800,4.4149223800,9221274,44688065.8800,1.183700,-0.413200
2021-06-04,4.4057627900,4.4424011500,4.3874436100,4.4057627900,5319907,25615004.7400,0.682900,-0.207500
2021-06-07,4.3966032000,4.4424011500,4.3874436100,4.4240819700,4113965,19821399.0000,0.528100,0.415800
2021-06-08,4.4149223800,4.4332415600,4.3508052500,4.3691244300,5022053,24032846.7600,0.644700,-1.242200
2021-06-09,4.3691244300,4.4240819700,4.3508052500,4.3966032000,4194992,20141534.6000,0.538500,0.628900
2021-06-10,4.3691244300,4.3966032000,4.3141668900,4.3416456600,7454000,35378930.0800,0.956800,-1.250000
2021-06-11,4.3233264800,4.3416456600,4.2958477100,4.2958477100,6171342,29118614.8200,0.792200,-1.054900
2021-06-15,4.3050073000,4.3141668900,4.1950922200,4.2317305800,8240500,38002366.0000,1.057800,-1.492500
2021-06-16,4.2595704900,4.2781307100,4.1946097200,4.2038898300,6481400,29539788.0000,0.832000,-0.657900
2021-06-17,4.1760495000,4.2038898300,4.1482091700,4.1667693900,7339400,32978751.0000,0.942100,-0.883000
2021-06-18,4.1667693900,4.1760495000,4.1110887300,4.1574892800,7949500,35440375.7000,1.020400,-0.222700
2021-06-21,4.1296489500,4.1574892800,4.1110887300,4.1389290600,7605218,33920000.1200,0.976200,-0.446400
2021-06-22,4.1389290600,4.2038898300,4.1389290600,4.1853296100,10699396,48181689.4700,1.373400,1.121100
2021-06-23,4.1760495000,4.2131699400,4.1574892800,4.1760495000,8608569,38752982.3600,1.105000,-0.221700
2021-06-24,4.1667693900,4.1853296100,4.1389290600,4.1667693900,6466247,28986847.5600,0.830000,-0.222200
2021-06-25,4.1574892800,4.1946097200,4.1203688400,4.1760495000,10322854,46178128.9800,1.325100,0.222700
2021-06-28,4.1667693900,4.2317301600,4.1574892800,4.2038898300,8687268,39283902.3400,1.115100,0.666700
2021-06-29,4.1853296100,4.2781307100,4.1667693900,4.2224500500,10090741,45836865.1900,1.295300,0.441500
2021-06-30,4.2410102700,4.2502903800,4.1853296100,4.2131699400,7715850,35015512.0000,0.990400,-0.219800
2021-07-01,4.1946097200,4.2038898300,4.1296489500,4.1296489500,8231875,36980092.5000,1.056700,-1.982400
2021-07-02,4.1110887300,4.1482091700,4.1018086200,4.1203688400,4447860,19777787.3000,0.571000,-0.224700
2021-07-05,4.1203688400,4.1760495000,4.1110887300,4.1667693900,4847100,21691418.0000,0.622200,1.126100
2021-07-06,4.1760495000,4.1853296100,4.1296489500,4.1760495000,3816100,17089987.0000,0.489900,0.222700
2021-07-07,4.1667693900,4.1853296100,4.1482091700,4.1667693900,5448500,24459460.0000,0.699400,-0.222200
2021-07-08,4.1667693900,4.1760495000,4.1110887300,4.1203688400,4893944,21772595.7900,0.628200,-1.113600
2021-07-09,4.1018086200,4.1296489500,4.0832484000,4.1203688400,4424900,19552839.0000,0.568000,0.000000
2021-07-12,4.1296489500,4.1853296100,4.1296489500,4.1389290600,5188600,23204550.0000,0.666000,0.450500
2021-07-13,4.1389290600,4.1574892800,4.1203688400,4.1574892800,3920060,17495198.2000,0.503200,0.448400
2021-07-14,4.1667693900,4.1667693900,4.0925285100,4.1018086200,9881153,43832289.1700,1.268400,-1.339300
2021-07-15,4.1110887300,4.1296489500,4.0832484000,4.1203688400,3850244,17035205.8400,0.494200,0.452500
2021-07-16,4.1110887300,4.1296489500,4.1018086200,4.1110887300,3529201,15655104.4300,0.453000,-0.225200
2021-07-19,4.1110887300,4.1203688400,4.0646881800,4.0739682900,4009480,17627514.6100,0.514700,-0.902900
2021-07-20,4.0646881800,4.0739682900,3.9904473000,4.0368478500,6564300,28442829.0000,0.842600,-0.911200
2021-07-21,4.0368478500,4.0646881800,4.0182876300,4.0368478500,5683190,24742684.7000,0.729500,0.000000
2021-07-22,4.0275677400,4.0646881800,4.0182876300,4.0554080700,4172100,18201023.0000,0.535600,0.459800
2021-07-23,4.0554080700,4.0554080700,4.0090075200,4.0275677400,5397000,23428598.0000,0.692800,-0.686500
2021-07-26,4.0182876300,4.0182876300,3.9069263100,3.9347666400,7798228,33307288.2800,1.001000,-2.304100
2021-07-27,3.9254865300,3.9626069700,3.8976462000,3.9069263100,4844801,20561181.2300,0.621900,-0.707500
2021-07-28,3.9162064200,3.9162064200,3.7955649900,3.8326854300,6390405,26450060.6000,0.820300,-1.900200
2021-07-29,3.8419655400,3.8698058700,3.8234053200,3.8512456500,4110226,17032853.9100,0.527600,0.484300
2021-07-30,3.8512456500,3.8883660900,3.8141252100,3.8883660900,3775231,15666962.1800,0.484600,0.963900
2021-08-02,3.8790859800,3.9440467500,3.8326854300,3.9254865300,5520692,23141080.8800,0.708700,0.954700
2021-08-03,3.9162064200,3.9626069700,3.8976462000,3.9347666400,4216200,17872828.0000,0.541200,0.236400
2021-08-04,3.9254865300,3.9440467500,3.9069263100,3.9347666400,3074960,13021238.8400,0.394700,0.000000
2021-08-05,3.9254865300,3.9626069700,3.8976462000,3.9626069700,4494695,19026100.4900,0.577000,0.707500
2021-08-06,3.9533268600,3.9997274100,3.9162064200,3.9533268600,5258500,22411540.0000,0.675000,-0.234200
2021-08-09,3.9718870800,4.0275677400,3.9626069700,3.9904473000,6216733,26715735.5700,0.798000,0.939000
2021-08-10,3.9997274100,4.0554080700,3.9811671900,4.0368478500,5830779,25290861.4200,0.748500,1.162800
2021-08-11,4.0275677400,4.1203688400,4.0182876300,4.0925285100,6179132,27119712.7200,0.793200,1.379300
2021-08-12,4.0925285100,4.1482091700,4.0554080700,4.1296489500,8251113,36518541.1400,1.059200,0.907000
2021-08-13,4.1296489500,4.1667693900,4.0925285100,4.1203688400,6950067,30950366.0300,0.892100,-0.224700
2021-08-16,4.1296489500,4.1296489500,4.0182876300,4.0554080700,9809029,42895613.2300,1.259100,-1.576600
2021-08-17,4.0461279600,4.0554080700,3.9347666400,3.9440467500,11271777,48543025.7600,1.446900,-2.746000
2021-08-18,3.9440467500,3.9904473000,3.9347666400,3.9811671900,4164400,17786799.0000,0.534600,0.941200
2021-08-19,3.9626069700,3.9811671900,3.9347666400,3.9440467500,4283489,18249589.2500,0.549900,-0.932400
2021-08-20,3.9440467500,3.9533268600,3.8883660900,3.9347666400,4887248,20623826.7900,0.627400,-0.235300
2021-08-23,3.9347666400,3.9626069700,3.9254865300,3.9440467500,6155889,26170861.8100,0.790200,0.235800
2021-08-24,3.9533268600,3.9718870800,3.9347666400,3.9626069700,4298292,18321037.0000,0.551800,0.470600
2021-08-25,3.9626069700,4.0368478500,3.9162064200,4.0275677400,7549567,32570028.8100,0.969100,1.639300
2021-08-26,4.0090075200,4.0739682900,4.0090075200,4.0275677400,5954425,25921824.8300,0.764300,0.000000
2021-08-27,4.0275677400,4.0461279600,3.9904473000,4.0182876300,3673154,15876931.2800,0.471500,-0.230400
2021-08-30,4.0090075200,4.0275677400,3.9811671900,3.9997274100,4501217,19436619.4400,0.577800,-0.461900
2021-08-31,3.9997274100,4.0739682900,3.9811671900,4.0461279600,6191630,26957763.1000,0.794800,1.160100
2021-09-01,4.0554080700,4.1203688400,4.0461279600,4.0646881800,7342200,32252962.0000,0.942500,0.458700
2021-09-02,4.0646881800,4.1203688400,4.0646881800,4.1018086200,6588626,29093602.9200,0.845800,0.913200
2021-09-03,4.1018086200,4.1760495000,4.1018086200,4.1296489500,7863104,35075572.5700,1.009300,0.678700
2021-09-06,4.1110887300,4.1667693900,4.1018086200,4.1574892800,5286673,23639257.0800,0.678600,0.674200
2021-09-07,4.1574892800,4.2038898300,4.1389290600,4.1760495000,5944935,26760560.9900,0.763100,0.446400
2021-09-08,4.1946097200,4.3152511500,4.1667693900,4.2874108200,14529602,66708773.1300,1.865100,2.666700
2021-09-09,4.2874108200,4.2966909300,4.2410102700,4.2688506000,7219700,33142824.7500,0.926800,-0.432900
2021-09-10,4.2595704900,4.2966909300,4.1667693900,4.2224500500,8729695,39860899.9500,1.120600,-1.087000
2021-09-13,4.2224500500,4.2502903800,4.2038898300,4.2410102700,6265200,28554270.0000,0.804200,0.439600
2021-09-14,4.2410102700,4.3152511500,4.1667693900,4.2038898300,7695069,35056861.1900,0.987800,-0.875300
2021-09-15,4.2038898300,4.2410102700,4.1667693900,4.2224500500,5269755,23896225.9600,0.676500,0.441500
2021-09-16,4.2131699400,4.2688506000,4.1667693900,4.1667693900,7112427,32445871.7700,0.913000,-1.318700
2021-09-17,4.1760495000,4.2502903800,4.1389290600,4.1667693900,7646256,34442294.6800,0.981500,0.000000
2021-09-22,4.1203688400,4.1574892800,4.0739682900,4.1574892800,5510962,24441822.7000,0.707400,-0.222700
2021-09-23,4.1574892800,4.2502903800,4.1482091700,4.1946097200,8080674,36598152.4800,1.037300,0.892900
2021-09-24,4.1946097200,4.2317301600,4.1296489500,4.1482091700,5147484,23167378.1600,0.660800,-1.106200
2021-09-27,4.1482091700,4.1574892800,4.0182876300,4.0554080700,6701392,29475156.4500,0.860200,-2.237100
2021-09-28,4.0554080700,4.0832484000,4.0182876300,4.0739682900,3430377,14980350.7400,0.440300,0.457700
2021-09-29,4.0461279600,4.0646881800,3.9626069700,3.9626069700,4960501,21415245.2900,0.636800,-2.733500
2021-09-30,3.9718870800,4.0368478500,3.9718870800,4.0275677400,3801850,16412637.5000,0.488000,1.639300
2021-10-08,4.0461279600,4.1203688400,4.0182876300,4.1110887300,6670473,29310740.0100,0.856300,2.073700
2021-10-11,4.1110887300,4.1389290600,4.0554080700,4.0832484000,3594500,15849987.0000,0.461400,-0.677200
2021-10-12,4.0832484000,4.0832484000,3.9997274100,4.0368478500,3538000,15385737.0000,0.454200,-1.136400
2021-10-13,4.0368478500,4.0554080700,3.9904473000,4.0275677400,3691397,16003384.0700,0.473800,-0.229900
2021-10-14,4.0275677400,4.0925285100,3.9997274100,4.0925285100,4779871,20841238.4600,0.613600,1.612900
2021-10-15,4.0925285100,4.1018086200,3.9811671900,3.9997274100,5944500,25752895.0000,0.763100,-2.267600
2021-10-18,3.9904473000,4.0182876300,3.9626069700,4.0090075200,4021242,17300381.6000,0.516200,0.232000
2021-10-19,4.0090075200,4.0090075200,3.9718870800,3.9811671900,4398000,18929957.0000,0.564600,-0.694400
2021-10-20,3.9904473000,3.9997274100,3.9533268600,3.9626069700,3550800,15187252.0000,0.455800,-0.466200
2021-10-21,3.9626069700,3.9811671900,3.9347666400,3.9626069700,3939496,16787950.9200,0.505700,0.000000
2021-10-22,3.9626069700,3.9718870800,3.9162064200,3.9254865300,4020150,17057002.0000,0.516000,-0.936800
2021-10-25,3.9254865300,3.9347666400,3.8605257600,3.8790859800,4610000,19295302.0000,0.591800,-1.182000
2021-10-26,3.8883660900,3.8976462000,3.8512456500,3.8883660900,3740102,15643806.2100,0.480100,0.239200
2021-10-27,3.8976462000,3.8976462000,3.8048451000,3.8234053200,4838087,20005340.6000,0.621000,-1.670600
2021-10-28,3.8234053200,3.8419655400,3.7770047700,3.7862848800,3872900,15854623.0000,0.497100,-0.970900
2021-10-29,3.7862848800,3.8698058700,3.7862848800,3.8512456500,3434017,14200139.0500,0.440800,1.715700
2021-11-01,3.8605257600,3.8790859800,3.8234053200,3.8605257600,2670495,11098016.8100,0.342800,0.241000
2021-11-02,3.8605257600,3.8698058700,3.7677246600,3.8048451000,4149514,17062299.0400,0.532700,-1.442300
2021-11-03,3.7862848800,3.8419655400,3.7862848800,3.8234053200,2767722,11374308.9800,0.355300,0.487800
2021-11-04,3.8234053200,3.8512456500,3.8048451000,3.8419655400,4353661,18001366.9600,0.558900,0.485400
2021-11-05,3.8326854300,3.8605257600,3.8141252100,3.8234053200,3505296,14489724.5200,0.450000,-0.483100
2021-11-08,3.8234053200,3.8605257600,3.8141252100,3.8419655400,2446700,10125486.0000,0.314100,0.485400
2021-11-09,3.8605257600,3.8698058700,3.8234053200,3.8698058700,2172901,9009924.1300,0.278900,0.724600
2021-11-10,3.8605257600,3.8698058700,3.8234053200,3.8605257600,2894566,11976596.1600,0.371600,-0.239800
2021-11-11,3.8512456500,3.9069263100,3.8419655400,3.8883660900,3720972,15574401.2600,0.477600,0.721200
2021-11-12,3.8976462000,3.9069263100,3.8605257600,3.8790859800,2496109,10448567.6700,0.320400,-0.238700
2021-11-15,3.8883660900,3.9254865300,3.8605257600,3.9162064200,3329530,13974840.1300,0.427400,0.956900
2021-11-16,3.9162064200,3.9347666400,3.8790859800,3.8883660900,3174250,13371815.5000,0.407500,-0.710900
2021-11-17,3.8976462000,3.9254865300,3.8790859800,3.9069263100,2477647,10409033.4000,0.318000,0.477300
2021-11-18,3.9069263100,3.9162064200,3.8512456500,3.8512456500,3786362,15826420.4000,0.486000,-1.425200
2021-11-19,3.8512456500,3.8976462000,3.8419655400,3.8883660900,2940701,12257577.1400,0.377500,0.963900
2021-11-22,3.8883660900,3.8976462000,3.8512456500,3.8698058700,2787433,11632526.6100,0.357800,-0.477300
2021-11-23,3.8698058700,3.9069263100,3.8605257600,3.9069263100,3174431,13281124.2700,0.407500,0.959200
2021-11-24,3.9069263100,3.9069263100,3.8698058700,3.8883660900,2692985,11270086.3000,0.345700,-0.475100
2021-11-25,3.8790859800,3.9162064200,3.8790859800,3.8976462000,3280815,13769366.3100,0.421100,0.238700
2021-11-26,3.8883660900,3.8976462000,3.8512456500,3.8512456500,4149200,17296654.6200,0.532600,-1.190500
2021-11-29,3.8326854300,3.8419655400,3.7955649900,3.8048451000,4334400,17831554.0000,0.556400,-1.204800
2021-11-30,3.8048451000,3.8605257600,3.8048451000,3.8419655400,3110750,12868175.4400,0.399300,0.975600
2021-12-01,3.8512456500,3.9162064200,3.8326854300,3.9069263100,5175000,21660187.2800,0.664300,1.690800
2021-12-02,3.9069263100,3.9162064200,3.8790859800,3.8976462000,2718500,11418103.0000,0.349000,-0.237500
2021-12-03,3.8883660900,3.9162064200,3.8790859800,3.9069263100,3250331,13663369.5100,0.417200,0.238100
2021-12-06,3.8976462000,3.9254865300,3.8883660900,3.8976462000,4867731,20481388.8900,0.624800,-0.237500
2021-12-07,3.8976462000,3.9162064200,3.8698058700,3.9069263100,4815411,20225264.6000,0.618100,0.238100
2021-12-08,3.9069263100,3.9162064200,3.8790859800,3.8976462000,3160300,13280569.0000,0.405700,-0.237500
2021-12-09,3.8976462000,3.9440467500,3.8883660900,3.9347666400,6110180,25850877.6000,0.784300,0.952400
2021-12-10,3.9254865300,3.9347666400,3.9069263100,3.9162064200,3911252,16522715.4400,0.502100,-0.471700
2021-12-13,3.9347666400,3.9440467500,3.9069263100,3.9254865300,4130950,17481513.5500,0.530300,0.237000
2021-12-14,3.9069263100,3.9254865300,3.8790859800,3.8976462000,5502277,23097043.1100,0.706300,-0.709200
2021-12-15,3.8790859800,3.9718870800,3.8790859800,3.9347666400,8777765,37186180.7800,1.126800,0.952400
2021-12-16,3.9254865300,3.9626069700,3.9254865300,3.9533268600,7350626,31233625.2400,0.943600,0.471700
2021-12-17,3.9626069700,3.9997274100,3.9533268600,3.9718870800,6470737,27712731.1200,0.830600,0.469500
2021-12-20,3.9533268600,4.0739682900,3.9533268600,4.0090075200,11422590,49491085.0000,1.466300,0.934600
2021-12-21,3.9997274100,4.1760495000,3.9997274100,4.1389290600,14918800,65883082.8600,1.915100,3.240700
2021-12-22,4.1296489500,4.1853296100,4.0739682900,4.0925285100,9590303,42470542.2500,1.231100,-1.121100
2021-12-23,4.0832484000,4.0925285100,3.9997274100,4.0182876300,7215547,31422537.2900,0.926200,-1.814100
2021-12-24,4.0368478500,4.2224500500,3.9718870800,4.1110887300,20771867,91610015.6500,2.666400,2.309500
2021-12-27,4.0739682900,4.1389290600,4.0368478500,4.1203688400,11434260,50407635.9600,1.467800,0.225700
2021-12-28,4.1110887300,4.1482091700,4.0554080700,4.0739682900,6542431,28773515.6500,0.839800,-1.126100
2021-12-29,4.0832484000,4.1018086200,4.0554080700,4.0646881800,4328287,19002837.0600,0.555600,-0.227800
2021-12-30,4.0554080700,4.0925285100,4.0368478500,4.0554080700,5565400,24381999.0000,0.714400,-0.228300
2021-12-31,4.0554080700,4.1203688400,4.0461279600,4.0925285100,7932402,34928510.8200,1.018200,0.915300
2022-01-04,4.1203688400,4.2595704900,4.1110887300,4.2131699400,16711200,75502806.0000,2.145100,2.947800
2022-01-05,4.2131699400,4.2224500500,4.1389290600,4.1853296100,6240731,28094165.7900,0.801100,-0.660800
2022-01-06,4.1667693900,4.2410102700,4.1574892800,4.2317301600,7551710,34208563.2000,0.969400,1.108600
2022-01-07,4.2224500500,4.2595704900,4.1760495000,4.1853296100,8647042,39279967.7200,1.110000,-1.096500
2022-01-10,4.1853296100,4.2595704900,4.1667693900,4.2317301600,7354441,33499543.7800,0.944100,1.108600
2022-01-11,4.2224500500,4.2688506000,4.1946097200,4.2131699400,6925042,31570078.9400,0.888900,-0.438600
2022-01-12,4.2317301600,4.2688506000,4.1946097200,4.2317301600,9012142,41073271.9100,1.156800,0.440500
2022-01-13,4.2502903800,4.3152511500,4.2131699400,4.2688506000,13131200,60469415.0000,1.685600,0.877200
2022-01-14,4.2502903800,4.2781307100,4.1574892800,4.1667693900,12801235,58118479.0100,1.643200,-2.391300
2022-01-17,4.2038898300,4.3338113700,4.1853296100,4.2781307100,12830926,59007329.0200,1.647000,2.672600
2022-01-18,4.2595704900,4.3059710400,4.1946097200,4.2131699400,7657301,34824505.5400,0.982900,-1.518400
2022-01-19,4.2038898300,4.2874108200,4.1853296100,4.2781307100,10652701,48750365.5600,1.367400,1.541900
2022-01-20,4.2874108200,4.2966909300,4.1946097200,4.2131699400,7466600,34074416.0000,0.958500,-1.518400
2022-01-21,4.2038898300,4.2410102700,4.1482091700,4.1946097200,6629202,29904646.9600,0.851000,-0.440500
2022-01-24,4.2131699400,4.2131699400,4.0461279600,4.0739682900,9445050,41846741.5000,1.212400,-2.876100
2022-01-25,4.0646881800,4.1110887300,3.9162064200,3.9162064200,9985451,42922630.2200,1.281800,-3.872400
2022-01-26,3.9162064200,4.0182876300,3.8976462000,3.9997274100,6970533,29827791.9200,0.894800,2.132700
2022-01-27,3.9997274100,3.9997274100,3.9069263100,3.9254865300,5698736,24214165.5600,0.731500,-1.856100
2022-01-28,3.9533268600,4.0925285100,3.9254865300,4.0461279600,8001951,34701558.8300,1.027200,3.073300
2022-02-07,4.0832484000,4.1296489500,4.0275677400,4.1018086200,6481600,28535560.0000,0.832000,1.376100
2022-02-08,4.0925285100,4.2781307100,4.0925285100,4.2317301600,11458993,52101263.7800,1.470900,3.167400
2022-02-09,4.2410102700,4.2502903800,4.1946097200,4.2317301600,7070548,32188796.4400,0.907600,0.000000
2022-02-10,4.2131699400,4.2688506000,4.1946097200,4.2502903800,5858450,26755086.0000,0.752000,0.438600
2022-02-11,4.2317301600,4.2781307100,4.1760495000,4.2410102700,7434117,33912217.5200,0.954300,-0.218300
2022-02-14,4.2224500500,4.3802119200,4.2038898300,4.3245312600,18548709,86418027.3600,2.381000,1.969400
2022-02-15,4.3616517000,4.3709318100,4.2502903800,4.2688506000,13228800,61149767.0000,1.698100,-1.287600
2022-02-16,4.2688506000,4.4637329100,4.2502903800,4.3523715900,14953393,70141024.6700,1.919500,1.956500
2022-02-17,4.4544528000,4.4637329100,4.2410102700,4.2874108200,11725647,54385658.6900,1.505200,-1.492500
2022-02-18,4.3059710400,4.3059710400,4.2224500500,4.2781307100,7039872,32341014.1700,0.903700,-0.216500
2022-02-21,4.2966909300,4.3059710400,4.2410102700,4.2688506000,7970400,36642822.0000,1.023100,-0.216900
2022-02-22,4.2688506000,4.2874108200,4.1760495000,4.1946097200,8639102,39279558.1400,1.109000,-1.739100
2022-02-23,4.2131699400,4.2224500500,4.1760495000,4.1946097200,7790200,35226459.0000,1.000000,0.000000
2022-02-24,4.1853296100,4.2131699400,4.0554080700,4.1018086200,10894400,48535334.0000,1.398500,-2.212400
2022-02-25,4.1203688400,4.2131699400,4.1203688400,4.1574892800,8497400,38206483.0000,1.090800,1.357500
2022-02-28,4.1853296100,4.2038898300,4.0925285100,4.1110887300,6801900,30285136.0000,0.873100,-1.116100
2022-03-01,4.1389290600,4.1760495000,4.1203688400,4.1574892800,5460735,24425400.0000,0.701000,1.128700
2022-03-02,4.1296489500,4.2224500500,4.1296489500,4.1853296100,4996000,22532273.0000,0.641300,0.669600
2022-03-03,4.1946097200,4.2874108200,4.1853296100,4.2688506000,8591239,39316771.0000,1.102800,1.995600
2022-03-04,4.2595704900,4.2595704900,4.1853296100,4.2131699400,5353393,24357999.0000,0.687200,-1.304300
2022-03-07,4.1946097200,4.2688506000,4.1853296100,4.2038898300,6849900,31168138.0000,0.879300,-0.220300
2022-03-08,4.1853296100,4.2131699400,4.0832484000,4.1110887300,7456900,33292639.0000,0.957200,-2.207500
2022-03-09,4.1018086200,4.1296489500,3.8605257600,3.9811671900,11262298,48634704.0000,1.445700,-3.160300
2022-03-10,4.0739682900,4.1296489500,4.0368478500,4.0554080700,8243433,36276281.0000,1.058200,1.864800
2022-03-11,4.0368478500,4.1203688400,3.9533268600,4.1110887300,6074800,26429092.0000,0.779800,1.373000
2022-03-14,4.0832484000,4.1296489500,4.0090075200,4.0090075200,6440790,28274479.0000,0.826800,-2.483100
2022-03-15,3.9904473000,3.9997274100,3.7677246600,3.7770047700,11590106,48463460.0000,1.487800,-5.787000
2022-03-16,3.8234053200,3.9069263100,3.7491644400,3.8883660900,9384439,38723416.0000,1.204600,2.948400
2022-03-17,3.9254865300,3.9718870800,3.8790859800,3.8976462000,6995840,29597943.0000,0.898000,0.238700
2022-03-18,3.8790859800,3.9997274100,3.8790859800,3.9811671900,7003341,29885760.8900,0.899000,2.142900
2022-03-21,3.9997274100,4.0368478500,3.9718870800,4.0182876300,5294451,22828070.8100,0.679600,0.932400
2022-03-22,4.0090075200,4.1203688400,3.9904473000,4.1018086200,7286567,31975315.4600,0.935300,2.078500
2022-03-23,4.0925285100,4.1203688400,4.0368478500,4.0646881800,4222400,18517914.0000,0.542000,-0.905000
2022-03-24,4.0368478500,4.0739682900,3.9811671900,4.0090075200,4835900,20974194.0000,0.620800,-1.369900
2022-03-25,3.9997274100,4.1110887300,3.9997274100,4.0832484000,7830863,34412267.0000,1.005200,1.851900
2022-03-28,4.0739682900,4.1203688400,4.0182876300,4.0925285100,5286600,23235176.0000,0.678600,0.227300
2022-03-29,4.0832484000,4.1482091700,4.0554080700,4.1018086200,6543229,28924460.8900,0.839900,0.226800
2022-03-30,4.1110887300,4.1389290600,4.0739682900,4.1110887300,6081152,26900046.3600,0.780600,0.226200
2022-03-31,4.1110887300,4.2595704900,4.1110887300,4.2131699400,16957500,76843543.1100,2.176800,2.483100
2022-04-01,4.1946097200,4.2781307100,4.1760495000,4.2688506000,11743248,53777138.8000,1.507400,1.321600
2022-04-06,4.2781307100,4.3616517000,4.2410102700,4.3245312600,16152500,75212336.0000,2.073400,1.304300
2022-04-07,4.3245312600,4.3338113700,4.2224500500,4.2410102700,11531715,53011375.5000,1.480300,-1.931300
2022-04-08,4.2038898300,4.3152511500,4.1667693900,4.2688506000,11106800,50767367.0000,1.425700,0.656500
2022-04-11,4.3245312600,4.5936544500,4.2966909300,4.3894920300,43892409,209712066.5500,5.634300,2.826100
2022-04-12,4.3152511500,4.7514163200,4.3152511500,4.7328561000,67655776,333318554.7500,8.684600,7.822400
2022-04-13,4.7328561000,4.8998980800,4.4730130200,4.5008533500,64785323,323440273.9500,8.316200,-4.902000
2022-04-14,4.5101334600,4.5658141200,4.3894920300,4.4451726900,37493128,179916752.9600,4.812800,-1.237100
2022-04-15,4.3616517000,4.7699765400,4.3616517000,4.4822931300,43521903,215363487.6100,5.586700,0.835100
2022-04-18,4.4358925800,4.7328561000,4.4080522500,4.6400550000,45780476,226355384.0000,5.876600,3.519700
2022-04-19,4.5008533500,4.6771754400,4.4358925800,4.6307748900,38548141,189266323.2900,4.948200,-0.200000
2022-04-20,4.6029345600,4.8349373100,4.5843743400,4.6864555500,59972241,303403666.7600,7.698300,1.202400
2022-04-21,4.6214947800,4.7328561000,4.4358925800,4.6029345600,45046645,221644106.6500,5.782400,-1.782200
2022-04-22,4.5843743400,4.6400550000,4.3709318100,4.5286936800,49488392,239851262.8100,6.352600,-1.612900
2022-04-25,4.2966909300,4.4173323600,4.0739682900,4.0739682900,40254268,182868408.3200,5.167200,-10.041000
2022-04-26,4.0925285100,4.2966909300,4.0925285100,4.1110887300,32375745,146601116.3400,4.155900,0.911200
2022-04-27,3.9347666400,4.0368478500,3.8419655400,3.9904473000,28349232,120330042.7700,3.639100,-2.934500
2022-04-28,3.9718870800,4.2224500500,3.8048451000,3.9254865300,27428572,118096496.7300,3.520900,-1.627900
2022-04-29,3.9811671900,4.1946097200,3.9347666400,4.1389290600,30369966,134461666.3900,3.898400,5.437400
2022-05-05,4.1760495000,4.2874108200,4.1203688400,4.1853296100,22381459,101377309.9500,2.873000,1.121100
2022-05-06,4.1018086200,4.2131699400,4.0832484000,4.0925285100,19946759,88836166.3700,2.560500,-2.217300
2022-05-09,4.0832484000,4.3059710400,4.0646881800,4.2502903800,20568804,93443047.2000,2.640300,3.854900
2022-05-10,4.2038898300,4.3245312600,4.1760495000,4.3152511500,23212454,106151818.8600,2.979700,1.528400
2022-05-11,4.2966909300,4.4822931300,4.2781307100,4.3338113700,23881356,112225891.9100,3.065500,0.430100
2022-05-12,4.3430914800,4.5008533500,4.2688506000,4.4730130200,26319180,125263992.2000,3.378500,3.212000
2022-05-13,4.4358925800,4.5658141200,4.4266124700,4.5194135700,21743445,105571188.0600,2.791100,1.037300
2022-05-16,4.5194135700,4.5750942300,4.4358925800,4.5658141200,20279777,98691399.6500,2.603200,1.026700
2022-05-17,4.5008533500,4.5565340100,4.4173323600,4.4451726900,15681530,75544460.8800,2.013000,-2.642300
2022-05-18,4.4358925800,4.6307748900,4.4080522500,4.4915732400,18813876,92150618.9500,2.415000,1.043800
2022-05-19,4.4358925800,4.5472539000,4.3894920300,4.4451726900,15166841,72970001.9500,1.946900,-1.033100
2022-05-20,4.4358925800,4.4730130200,4.3802119200,4.4173323600,11967100,57040941.0000,1.536200,-0.626300
2022-05-23,4.4173323600,4.4730130200,4.3709318100,4.4080522500,10129168,48083057.6700,1.300200,-0.210100
2022-05-24,4.4266124700,4.4266124700,4.2317301600,4.2595704900,18185700,84245119.0000,2.334400,-3.368400
2022-05-25,4.2131699400,4.5843743400,4.2038898300,4.5472539000,33792975,163056576.2000,4.337800,6.753800
2022-05-26,4.6029345600,4.6678953300,4.5286936800,4.5658141200,41683573,206090760.6800,5.350700,0.408200
2022-05-27,4.5658141200,4.6029345600,4.5008533500,4.5565340100,24552290,120510132.6200,3.151700,-0.203300
2022-05-30,4.5472539000,4.6400550000,4.4915732400,4.5472539000,19041200,93419952.0000,2.444200,-0.203700
2022-05-31,4.5379737900,4.5843743400,4.4730130200,4.5472539000,17705246,86407711.6400,2.272700,0.000000
2022-06-01,4.5472539000,4.6122146700,4.4822931300,4.5565340100,23325354,114346725.0600,2.994200,0.204100
2022-06-02,4.5472539000,4.5658141200,4.4080522500,4.4266124700,18617691,89246314.2400,2.389900,-2.851300
2022-06-06,4.4358925800,4.4358925800,4.3059710400,4.3802119200,18562669,87065490.3000,2.382800,-1.048200
2022-06-07,4.3802119200,4.4266124700,4.2781307100,4.4080522500,17327340,81310169.6000,2.224200,0.635600
2022-06-08,4.3987721400,4.4080522500,4.2595704900,4.3523715900,15643840,73135977.0000,2.008100,-1.263200
2022-06-09,4.3245312600,4.3616517000,4.2595704900,4.2966909300,12318899,57116544.7500,1.581300,-1.279300
2022-06-10,4.2688506000,4.3338113700,4.2410102700,4.2966909300,18473901,85533099.6200,2.371400,0.000000
2022-06-13,4.2595704900,4.2874108200,4.1296489500,4.1853296100,18033000,81504271.0000,2.314800,-2.591800
2022-06-14,4.1667693900,4.2502903800,4.1296489500,4.2502903800,14901460,67409871.8000,1.912800,1.552100
2022-06-15,4.2224500500,4.3338113700,4.2131699400,4.2781307100,17666165,81628434.8500,2.267700,0.655000
2022-06-16,4.3439457600,4.3439457600,4.2311160000,4.2687259200,13189846,59997181.8400,1.693100,-0.219800
2022-06-17,4.2311160000,4.2593234400,4.1935060800,4.2029085600,12219838,54817840.8600,1.568600,-1.541900
2022-06-20,4.1935060800,4.2311160000,4.1747011200,4.2123110400,8591705,38481446.3500,1.102900,0.223700
2022-06-21,4.2123110400,4.2499209600,4.1464936800,4.2029085600,11574600,51748676.7600,1.485800,-0.223200
2022-06-22,4.1841036000,4.2029085600,4.0994812800,4.0994812800,11049003,48698246.4900,1.418300,-2.460900
2022-06-23,4.1276887200,4.1747011200,4.0524688800,4.1747011200,11967329,52389057.0500,1.536200,1.834900
2022-06-24,4.1652986400,4.1841036000,4.1276887200,4.1652986400,11635668,51343004.6000,1.493600,-0.225200
2022-06-27,4.1652986400,4.2499209600,4.1370912000,4.2123110400,13266836,59468322.9200,1.703000,1.128700
2022-06-28,4.1935060800,4.2875308800,4.1841036000,4.2687259200,16077862,72903820.7200,2.063800,1.339300
2022-06-29,4.2781284000,4.3063358400,4.2029085600,4.2123110400,11197944,50726681.0200,1.437400,-1.321600
2022-06-30,4.2217135200,4.3627507200,4.2217135200,4.3157383200,22926411,105025526.5900,2.943000,2.455400
2022-07-01,4.2969333600,4.3157383200,4.2405184800,4.2593234400,11582491,52650292.4300,1.486800,-1.307200
2022-07-04,4.2499209600,4.2875308800,4.2217135200,4.2405184800,11247869,50799255.3700,1.443800,-0.441500
2022-07-05,4.2499209600,4.2499209600,4.1464936800,4.1935060800,13549165,60501920.2500,1.739200,-1.108600
2022-07-06,4.1747011200,4.2311160000,4.0994812800,4.1841036000,13423462,59309760.1600,1.723100,-0.224200
2022-07-07,4.2029085600,4.2593234400,4.1841036000,4.1841036000,9245319,41461433.8800,1.186800,0.000000
2022-07-08,4.2029085600,4.2217135200,4.1652986400,4.2029085600,7557063,33718767.5400,0.970100,0.449400
2022-07-11,4.1935060800,4.2405184800,4.1841036000,4.2311160000,9723625,43580680.7600,1.248200,0.671100
2022-07-12,4.2405184800,4.2875308800,4.2029085600,4.2499209600,14689944,66320002.7200,1.885700,0.444400
2022-07-13,4.2311160000,4.2781284000,4.2217135200,4.2687259200,9573767,43371244.2700,1.228900,0.442500
2022-07-14,4.2687259200,4.2781284000,4.1747011200,4.1935060800,12304814,55122421.2300,1.579500,-1.762100
2022-07-15,4.1935060800,4.1935060800,3.9866515200,4.0336639200,18875309,81975149.9200,2.422900,-3.811700
2022-07-18,4.0430664000,4.1841036000,4.0336639200,4.1558961600,16588467,72998729.9200,2.129400,3.030300
2022-07-19,4.1652986400,4.1841036000,4.1370912000,4.1747011200,7693257,34088373.1800,0.987500,0.452500
2022-07-20,4.1747011200,4.1935060800,4.1652986400,4.1841036000,7056742,31367570.1000,0.905800,0.225200
2022-07-21,4.1841036000,4.2029085600,4.1088837600,4.1652986400,10706214,47354789.2800,1.374300,-0.449400
2022-07-22,4.1652986400,4.1841036000,4.1088837600,4.1370912000,7809700,34424882.7500,1.002500,-0.677200
2022-07-25,4.1370912000,4.1747011200,4.1182862400,4.1464936800,7229600,31891853.0000,0.928000,0.227300
2022-07-26,4.1464936800,4.1652986400,4.1182862400,4.1558961600,5957031,26230366.7800,0.764700,0.226800
2022-07-27,4.1464936800,4.1747011200,4.0994812800,4.1088837600,7951500,34860676.0000,1.020700,-1.131200
2022-07-28,4.1370912000,4.1747011200,4.1182862400,4.1464936800,8473814,37383415.7300,1.087700,0.915300
2022-07-29,4.1652986400,4.1652986400,4.1088837600,4.1276887200,6504235,28567019.2700,0.834900,-0.453500
2022-08-01,4.1182862400,4.1370912000,4.0900788000,4.1182862400,8032234,35103183.9000,1.031100,-0.227800
2022-08-02,4.0994812800,4.0994812800,3.9020292000,3.9678465600,15295232,64670678.3900,1.963400,-3.653000
2022-08-03,3.9678465600,4.0054564800,3.9020292000,3.9114316800,9072900,38170315.0000,1.164600,-1.421800
2022-08-04,3.9396391200,3.9772490400,3.9020292000,3.9772490400,7623066,31974524.5400,0.978500,1.682700
2022-08-05,3.9772490400,4.0336639200,3.9584440800,4.0242614400,6297795,26757493.8000,0.808400,1.182000
2022-08-08,4.0242614400,4.0524688800,3.9960540000,4.0336639200,6771864,29068267.5600,0.869300,0.233600
2022-08-09,4.0336639200,4.0618713600,3.9960540000,4.0336639200,6377000,27319834.0000,0.818600,0.000000
2022-08-10,4.0336639200,4.0430664000,4.0054564800,4.0148589600,4348477,18627452.0600,0.558200,-0.466200
2022-08-11,4.0242614400,4.0994812800,4.0242614400,4.0900788000,7522800,32657976.2000,0.965700,1.873500
2022-08-12,4.0806763200,4.1182862400,4.0618713600,4.1088837600,4974500,21692969.5000,0.638600,0.459800
2022-08-15,4.0900788000,4.1088837600,4.0242614400,4.0336639200,10708785,46099079.2000,1.374600,-1.830700
2022-08-16,4.0336639200,4.0618713600,4.0148589600,4.0430664000,7238388,31057955.6400,0.929200,0.233100
2022-08-17,4.0618713600,4.0900788000,4.0336639200,4.0618713600,8139025,35076447.9100,1.044800,0.465100
2022-08-18,4.0524688800,4.0524688800,3.9866515200,3.9866515200,6981693,29782552.1800,0.896200,-1.851900
2022-08-19,4.0054564800,4.0430664000,3.9960540000,3.9960540000,6879522,29359105.7200,0.883100,0.235800
2022-08-22,3.9866515200,4.0242614400,3.9302366400,4.0054564800,8163884,34674555.8400,1.048000,0.235300
2022-08-23,4.0054564800,4.0242614400,3.9678465600,4.0148589600,6102637,25946245.6200,0.783400,0.234700
2022-08-24,4.0242614400,4.0524688800,3.9584440800,3.9678465600,8002460,34102223.4000,1.027200,-1.171000
2022-08-25,3.9960540000,4.0148589600,3.9490416000,4.0148589600,6952563,29496447.3400,0.892500,1.184800
2022-08-26,4.0242614400,4.0336639200,3.9866515200,3.9960540000,6263200,26760427.0000,0.804000,-0.468400
2022-08-29,3.9584440800,4.0430664000,3.9396391200,4.0430664000,7475254,31878875.6200,0.959600,1.176500
2022-08-30,4.0242614400,4.1088837600,4.0242614400,4.0994812800,12546935,54362466.6300,1.610600,1.395300
2022-08-31,4.1088837600,4.1182862400,4.0242614400,4.0336639200,8430566,36456453.8000,1.082200,-1.605500
2022-09-01,4.0336639200,4.1276887200,4.0242614400,4.0900788000,10217280,44390457.2000,1.311500,1.398600
2022-09-02,4.0806763200,4.1370912000,4.0618713600,4.0806763200,10017453,43637613.8700,1.285900,-0.229900
2022-09-05,4.0806763200,4.1370912000,4.0712738400,4.1276887200,7203795,31491497.1000,0.924700,1.152100
2022-09-06,4.1558961600,4.1652986400,4.1182862400,4.1464936800,7786325,34324432.2500,0.999500,0.455600
2022-09-07,4.1464936800,4.1464936800,4.0900788000,4.1276887200,7193400,31419262.0000,0.923400,-0.453500
2022-09-08,4.1182862400,4.2217135200,4.1088837600,4.1652986400,13655545,60499732.3700,1.752900,0.911200
2022-09-09,4.1747011200,4.2311160000,4.1464936800,4.1747011200,10019915,44563212.8800,1.286200,0.225700
2022-09-13,4.2029085600,4.2405184800,4.1841036000,4.2123110400,9876336,44273318.6400,1.267800,0.900900
2022-09-14,4.1747011200,4.2875308800,4.1558961600,4.2593234400,21137862,95379555.4700,2.713400,1.116100
2022-09-15,4.2405184800,4.2687259200,4.1841036000,4.2217135200,16714750,75084680.3200,2.145600,-0.883000
2022-09-16,4.1747011200,4.2217135200,4.0900788000,4.1182862400,12982501,57092360.8200,1.666500,-2.449900
2022-09-19,4.1088837600,4.1841036000,4.0242614400,4.1464936800,12887200,56139451.4800,1.654300,0.684900
2022-09-20,4.1464936800,4.2875308800,4.1276887200,4.2405184800,17394551,78081559.4900,2.232900,2.267600
2022-09-21,4.2593234400,4.3815556800,4.1747011200,4.3439457600,26839359,122559149.6400,3.445200,2.439000
2022-09-22,4.2781284000,4.3251408000,4.1935060800,4.1935060800,15409063,69620445.9800,1.978000,-3.463200
2022-09-23,4.2123110400,4.2875308800,4.1370912000,4.1558961600,16005500,71533836.6000,2.054500,-0.896900
2022-09-26,4.1276887200,4.1464936800,3.9302366400,3.9490416000,17877738,76533387.5000,2.294900,-4.977400
2022-09-27,3.9490416000,4.1276887200,3.9490416000,4.1182862400,18657776,80372530.8600,2.395000,4.285700
2022-09-28,4.1182862400,4.1558961600,4.0524688800,4.0524688800,12905735,56236759.2400,1.656600,-1.598200
2022-09-29,4.0900788000,4.1182862400,3.9302366400,3.9584440800,11957867,50900223.1100,1.535000,-2.320200
2022-09-30,3.9584440800,4.0148589600,3.8926267200,3.9208341600,10089271,42241827.2000,1.295100,-0.950100
2022-10-10,3.9396391200,3.9584440800,3.8362118400,3.8456143200,9558100,39653111.0700,1.226900,-1.918500
2022-10-11,3.8456143200,3.8644192800,3.7515895200,3.8362118400,9226803,37327447.2600,1.184400,-0.244500
2022-10-12,3.8268093600,3.9020292000,3.7797969600,3.8926267200,9109562,37241248.7200,1.169400,1.470600
2022-10-13,3.8738217600,3.9020292000,3.8456143200,3.8644192800,7157757,29467119.2700,0.918800,-0.724600
2022-10-14,3.8832242400,3.9396391200,3.8738217600,3.9114316800,7578584,31586971.0000,0.972800,1.216500
2022-10-17,3.9678465600,4.2405184800,3.9490416000,4.2029085600,32002782,139533944.7800,4.108000,7.451900
2022-10-18,4.1747011200,4.2405184800,4.1370912000,4.1464936800,17419200,77511114.0000,2.236000,-1.342300
2022-10-19,4.1370912000,4.1747011200,4.0618713600,4.0712738400,10986363,47907679.7900,1.410300,-1.814100
2022-10-20,4.0524688800,4.1088837600,4.0054564800,4.0242614400,11659073,50077810.4400,1.496600,-1.154700
2022-10-21,4.0336639200,4.4285680800,4.0336639200,4.2593234400,79994816,369718186.0100,10.268500,5.841100
2022-10-24,4.1841036000,4.3439457600,4.1558961600,4.2029085600,59886477,272367982.4700,7.687300,-1.324500
2022-10-25,4.2123110400,4.3063358400,4.1747011200,4.2687259200,37448875,168960806.0300,4.807100,1.566000
2022-10-26,4.2311160000,4.2969333600,4.1935060800,4.2593234400,24734111,111852806.1600,3.175000,-0.220300
2022-10-27,4.2593234400,4.2875308800,4.1652986400,4.1935060800,21744137,97149997.9200,2.791200,-1.545300
2022-10-28,4.1652986400,4.2029085600,4.0430664000,4.0806763200,21889927,96018586.6400,2.809900,-2.690600
2022-10-31,4.0524688800,4.0900788000,3.9772490400,4.0618713600,20131239,86458944.0900,2.584200,-0.460800
2022-11-01,4.0712738400,4.2311160000,4.0618713600,4.2217135200,19387093,85410386.4100,2.488600,3.935200
2022-11-02,4.2311160000,4.4003606400,4.2123110400,4.3439457600,27895878,128622902.0000,3.580900,2.895300
2022-11-03,4.3063358400,4.3815556800,4.3063358400,4.3439457600,15696424,72475924.5000,2.014900,0.000000
2022-11-04,4.3533482400,4.4191656000,4.3063358400,4.3815556800,16184846,75117516.2900,2.077600,0.865800
2022-11-07,4.4097631200,4.4473730400,4.3627507200,4.4097631200,13855170,64887135.3100,1.778500,0.643800
2022-11-08,4.4379705600,4.4661780000,4.3345432800,4.3627507200,10788311,50122768.1700,1.384800,-1.066100
2022-11-09,4.3815556800,4.4473730400,4.3439457600,4.3627507200,9724722,45405289.9800,1.248300,0.000000
2022-11-10,4.3533482400,4.4473730400,4.3063358400,4.4191656000,11222262,52510520.7800,1.440500,1.293100
2022-11-11,4.4755804800,4.4849829600,4.4191656000,4.4379705600,14540930,68750812.3100,1.866500,0.425500
2022-11-14,4.4191656000,4.4567755200,4.3721532000,4.3815556800,11339725,53179571.8500,1.455600,-1.271200
2022-11-15,4.4285680800,4.4473730400,4.3627507200,4.4003606400,12237000,57191253.0000,1.570800,0.429200
2022-11-16,4.4003606400,4.4849829600,4.4003606400,4.4285680800,14399850,68048232.9400,1.848400,0.641000
2022-11-17,4.4097631200,4.4661780000,4.3721532000,4.4097631200,9340698,43889321.4800,1.199000,-0.424600
2022-11-18,4.4285680800,4.5696052800,4.4097631200,4.4849829600,21909812,104868927.4700,2.812500,1.705800
2022-11-21,4.4755804800,4.5131904000,4.3815556800,4.3909581600,14004987,65980174.9600,1.797800,-2.096400
2022-11-22,4.4097631200,4.4849829600,4.3439457600,4.3909581600,14910665,70045721.4400,1.914000,0.000000
2022-11-23,4.3909581600,4.4003606400,4.3157383200,4.3533482400,9592086,44434052.3200,1.231300,-0.856500
2022-11-24,4.3533482400,4.4003606400,4.3251408000,4.3439457600,9596017,44451621.4600,1.231800,-0.216000
2022-11-25,4.3533482400,4.3909581600,4.3157383200,4.3439457600,10474821,48497849.0200,1.344600,0.000000
2022-11-28,4.3345432800,4.3909581600,4.2687259200,4.3815556800,10242979,47261260.2700,1.314800,0.865800
2022-11-29,4.3815556800,4.5602028000,4.3721532000,4.5413978400,19558549,93418886.0200,2.510600,3.648100
2022-11-30,4.5508003200,4.6166176800,4.5225928800,4.5884102400,15584148,75661182.9800,2.000500,1.035200
2022-12-01,4.6824350400,4.8516796800,4.6166176800,4.6448251200,26241230,130859041.5500,3.368500,1.229500
2022-12-02,4.6542276000,4.6918375200,4.6072152000,4.6354226400,14199600,70039504.0000,1.822700,-0.202400
2022-12-05,4.6636300800,4.7482524000,4.6542276000,4.6918375200,14753155,73723568.5200,1.893800,1.217000
2022-12-06,4.6918375200,4.8704846400,4.6448251200,4.7858623200,22918648,116643607.8400,2.942000,2.004000
2022-12-07,4.7670573600,4.8610821600,4.7388499200,4.8140697600,17823589,90866143.8800,2.287900,0.589400
2022-12-08,4.8046672800,4.8892896000,4.7670573600,4.8610821600,18385273,94668697.7900,2.360000,0.976600
2022-12-09,4.8328747200,4.8798871200,4.7388499200,4.8140697600,16477601,84224417.1100,2.115200,-0.967100
2022-12-12,4.7952648000,4.8516796800,4.7200449600,4.7482524000,12456545,63095333.8000,1.599000,-1.367200
2022-12-13,4.7388499200,4.8798871200,4.7200449600,4.8328747200,15372338,78799696.4900,1.973300,1.782200
2022-12-14,4.7670573600,4.9457044800,4.7576548800,4.8610821600,15322776,79464030.9600,1.966900,0.583700
2022-12-15,4.8798871200,4.9739119200,4.7576548800,4.8046672800,13326254,68548776.6400,1.710600,-1.160500
2022-12-16,4.8046672800,4.8798871200,4.7106424800,4.8516796800,13040921,66667884.6900,1.674000,0.978500
2022-12-19,4.8046672800,4.8610821600,4.7012400000,4.7294474400,14639561,74069864.1200,1.879200,-2.519400
2022-12-20,4.7952648000,4.7952648000,4.6448251200,4.6730325600,10350346,51639604.9200,1.328600,-1.192800
2022-12-21,4.6824350400,4.9833144000,4.6824350400,4.8892896000,29178973,150908950.0000,3.745600,4.627800
2022-12-22,4.8892896000,4.9174970400,4.7106424800,4.7576548800,23756667,122170529.6500,3.049500,-2.692300
2022-12-23,4.7482524000,4.7764598400,4.5790077600,4.6448251200,18816020,93182367.9400,2.415300,-2.371500
2022-12-26,4.6260201600,4.7670573600,4.6260201600,4.7012400000,11693996,58464404.2800,1.501100,1.214600
2022-12-27,4.7482524000,4.9080945600,4.7012400000,4.8328747200,15323536,78536777.0000,1.967000,2.800000
2022-12-28,4.7952648000,4.8892896000,4.7482524000,4.7952648000,12774105,65298313.4500,1.639800,-0.778200
2022-12-29,4.7576548800,5.1337540800,4.7482524000,5.0303268000,41240060,219527980.5200,5.293800,4.902000
2022-12-30,4.9833144000,5.1525590400,4.9268995200,5.1243516000,58312749,313835181.2400,7.485300,1.869200
2023-01-03,5.0679367200,5.1055466400,4.8892896000,4.9174970400,54836850,289118979.9100,7.039100,-4.036700
2023-01-04,4.9080945600,4.9645094400,4.8328747200,4.9457044800,33645998,176045404.1800,4.319000,0.573600
2023-01-05,4.8986920800,4.9080945600,4.7576548800,4.7670573600,33350263,170455613.0100,4.281000,-3.612200
2023-01-06,4.7764598400,4.7952648000,4.5131904000,4.5319953600,35684609,174226641.3800,4.580700,-4.931000
2023-01-09,4.5602028000,4.7106424800,4.5508003200,4.6354226400,29803338,147326939.2000,3.825700,2.282200
2023-01-10,4.6448251200,4.7012400000,4.5884102400,4.6448251200,19175314,94843006.3200,2.461400,0.202800
2023-01-11,4.6166176800,4.6730325600,4.4191656000,4.4191656000,23257900,111242956.5000,2.985500,-4.858300
2023-01-12,4.4285680800,4.4849829600,4.3721532000,4.4097631200,14899071,70058289.6200,1.912500,-0.212800
2023-01-13,4.4003606400,4.4755804800,4.3909581600,4.4661780000,12456400,58815559.4400,1.599000,1.279300
2023-01-16,4.4849829600,4.9174970400,4.4097631200,4.9174970400,46079843,233335289.8600,5.915000,10.105300
2023-01-17,5.4064260000,5.4064260000,4.9927168800,5.1713640000,142847043,797557925.1600,18.336600,5.162500
2023-01-18,4.9174970400,4.9457044800,4.7106424800,4.7388499200,115168320,589434398.9200,14.783600,-8.363600
2023-01-19,4.7482524000,4.8046672800,4.6636300800,4.6636300800,51655406,259023908.5800,6.630800,-1.587300
2023-01-20,4.6918375200,4.7200449600,4.6636300800,4.6918375200,29056596,145045456.0800,3.729900,0.604800
2023-01-30,4.7576548800,4.8610821600,4.7388499200,4.8046672800,41959858,214621122.5000,5.386200,2.404800
2023-01-31,4.7858623200,5.0961441600,4.7294474400,5.0773392000,54461907,289003960.6300,6.991000,5.675100
2023-02-01,5.0961441600,5.1055466400,4.9363020000,4.9927168800,36360139,192810391.9600,4.667400,-1.666700
2023-02-02,5.0115218400,5.0491317600,4.9363020000,5.0021193600,26085570,138468045.6500,3.348500,0.188300
2023-02-03,5.0021193600,5.0209243200,4.9174970400,4.9645094400,18008837,94987560.3600,2.311700,-0.751900
2023-02-06,4.9457044800,4.9833144000,4.8986920800,4.9363020000,16932937,89089019.7800,2.173600,-0.568200
2023-02-07,4.9174970400,4.9551069600,4.8798871200,4.9268995200,15286500,79893438.0000,1.962300,-0.190500
2023-02-08,4.9363020000,4.9551069600,4.8234722400,4.8328747200,13487251,69877696.4700,1.731300,-1.908400
2023-02-09,4.8328747200,4.8516796800,4.8046672800,4.8328747200,14742710,75638563.0600,1.892500,0.000000
2023-02-10,4.8328747200,4.8986920800,4.8234722400,4.8516796800,13766300,71113430.0000,1.767100,0.389100
2023-02-13,4.8516796800,4.9457044800,4.8328747200,4.9268995200,16203939,84371207.9700,2.080000,1.550400
2023-02-14,4.9268995200,4.9363020000,4.8610821600,4.8798871200,11751310,61052581.3000,1.508500,-0.954200
2023-02-15,4.8892896000,4.8986920800,4.7952648000,4.8234722400,14582681,75005078.5700,1.871900,-1.156100
2023-02-16,4.8234722400,4.9174970400,4.7200449600,4.7670573600,18495040,95255562.6800,2.374100,-1.169600
2023-02-17,4.7858623200,4.9363020000,4.7764598400,4.7858623200,16421908,84582767.3800,2.108000,0.394500
2023-02-20,4.8046672800,4.8704846400,4.7294474400,4.8610821600,13903800,71103106.0000,1.784800,1.571700
2023-02-21,4.8422772000,4.9268995200,4.8328747200,4.9080945600,14331108,74553162.6800,1.839600,0.967100
2023-02-22,4.8986920800,4.9457044800,4.8704846400,4.9174970400,11315701,59174177.2200,1.452500,0.191600
2023-02-23,4.9363020000,5.0115218400,4.8986920800,4.9363020000,18812029,99047055.0000,2.414800,0.382400
2023-02-24,4.9174970400,4.9833144000,4.9080945600,4.9551069600,11215526,59001115.7600,1.439700,0.381000
2023-02-27,4.9457044800,4.9551069600,4.8704846400,4.8798871200,11083638,57901732.6000,1.422800,-1.518000
2023-02-28,4.8798871200,4.9833144000,4.8798871200,4.9645094400,10769574,56660925.7200,1.382400,1.734100
2023-03-01,4.9833144000,4.9927168800,4.9268995200,4.9645094400,11929838,62898538.2600,1.531400,0.000000
2023-03-02,4.9645094400,4.9833144000,4.8892896000,4.9268995200,11202222,58818822.2800,1.438000,-0.757600
2023-03-03,4.9268995200,4.9645094400,4.8892896000,4.9551069600,11196853,58788166.3100,1.437300,0.572500
2023-03-06,4.9551069600,5.0021193600,4.9268995200,4.9927168800,14488038,76700157.9700,1.859800,0.759000
2023-03-07,4.9927168800,4.9927168800,4.8516796800,4.8610821600,11769800,61605670.0000,1.510800,-2.636500
2023-03-08,4.8516796800,4.9080945600,4.8422772000,4.8892896000,7493300,38876611.0000,0.961900,0.580300
2023-03-09,4.8704846400,4.9080945600,4.8046672800,4.8328747200,8358601,43050653.6200,1.073000,-1.153800
2023-03-10,4.8046672800,4.8422772000,4.7482524000,4.7576548800,9551000,48526494.0000,1.226000,-1.556400
2023-03-13,4.7482524000,4.8046672800,4.7200449600,4.7858623200,7832145,39649102.7200,1.005400,0.592900
2023-03-14,4.7670573600,4.8140697600,4.6542276000,4.6824350400,9805293,49238849.3300,1.258700,-2.161100
2023-03-15,4.7012400000,4.7670573600,4.6918375200,4.7294474400,7018900,35305280.0000,0.901000,1.004000
2023-03-16,4.7106424800,4.7294474400,4.6448251200,4.6636300800,8124700,40480867.0000,1.042900,-1.391700
2023-03-17,4.6730325600,4.7388499200,4.6636300800,4.6730325600,8019065,40105752.6500,1.029400,0.201600
2023-03-20,4.6260201600,4.6824350400,4.5790077600,4.5978127200,12497228,61392327.9200,1.604200,-1.609700
2023-03-21,4.6260201600,4.7764598400,4.5790077600,4.7670573600,14117428,70577979.3200,1.812200,3.681000
2023-03-22,4.8140697600,4.8140697600,4.7388499200,4.7670573600,7589102,38454658.1600,0.974200,0.000000
2023-03-23,4.7670573600,4.7670573600,4.7106424800,4.7294474400,7380008,37172069.1600,0.947300,-0.789000
2023-03-24,4.7388499200,4.7576548800,4.6824350400,4.7200449600,7277219,36525327.7600,0.934100,-0.198800
2023-03-27,4.7294474400,4.7670573600,4.6448251200,4.7012400000,9863702,49370242.9400,1.266200,-0.398400
2023-03-28,4.7294474400,4.7858623200,4.6730325600,4.7294474400,11043087,55732065.7400,1.417500,0.600000
2023-03-29,4.7482524000,4.7952648000,4.6542276000,4.6636300800,10214808,51146833.3200,1.311200,-1.391700
2023-03-30,4.6730325600,4.7294474400,4.6166176800,4.7012400000,10653650,52976976.1400,1.367600,0.806500
2023-03-31,4.7012400000,4.8516796800,4.6824350400,4.8422772000,16172950,82571286.5000,2.076000,3.000000
2023-04-03,4.8328747200,4.9268995200,4.8046672800,4.8892896000,15033600,77802985.0000,1.929800,0.970900
2023-04-04,4.8798871200,4.8892896000,4.7952648000,4.8234722400,8163769,41978932.1000,1.047900,-1.346200
2023-04-06,4.8422772000,4.8610821600,4.7294474400,4.7576548800,10003847,50722445.9600,1.284100,-1.364500
2023-04-07,4.7482524000,4.7764598400,4.7200449600,4.7388499200,8131680,41052119.2000,1.043800,-0.395300
2023-04-10,4.7106424800,4.7294474400,4.2687259200,4.2875308800,51532280,241332625.3200,6.615000,-9.523800
2023-04-11,4.2875308800,4.2969333600,4.2029085600,4.2593234400,25775760,116207117.1900,3.308700,-0.657900
2023-04-12,4.2593234400,4.3627507200,4.2499209600,4.3439457600,23518862,108215813.3400,3.019000,1.986800
2023-04-13,4.3345432800,4.4473730400,4.3251408000,4.4379705600,15827407,74194731.9500,2.031700,2.164500
2023-04-14,4.4567755200,4.4567755200,4.3533482400,4.3533482400,11675062,54415328.7000,1.498700,-1.906800
2023-04-17,4.3345432800,4.3909581600,4.3157383200,4.3815556800,11193706,51905444.9600,1.436900,0.647900
2023-04-18,4.3815556800,4.3909581600,4.3157383200,4.3627507200,10694890,49524247.6800,1.372900,-0.429200
2023-04-19,4.3533482400,4.3815556800,4.3157383200,4.3533482400,10203495,47158553.5200,1.309800,-0.215500
2023-04-20,4.3533482400,4.3909581600,4.3157383200,4.3533482400,10630296,49197795.8200,1.364600,0.000000
2023-04-21,4.3533482400,4.4379705600,4.2969333600,4.3063358400,12914424,59828304.1200,1.657800,-1.079900
2023-04-24,4.3157383200,4.3627507200,4.2123110400,4.3251408000,12403550,56682005.5000,1.592200,0.436700
2023-04-25,4.3345432800,4.3345432800,4.2217135200,4.3251408000,11857450,53947207.0000,1.522100,0.000000
2023-04-26,4.3533482400,4.4473730400,4.3345432800,4.4191656000,20224388,94546875.8400,2.596100,2.173900
2023-04-27,4.4191656000,4.4661780000,4.4003606400,4.4285680800,14070319,66479601.4900,1.806100,0.212800
2023-04-28,4.4285680800,4.5978127200,4.4191656000,4.5884102400,17248619,83175588.0100,2.214100,3.609300
2023-05-04,4.5696052800,4.6918375200,4.5602028000,4.6824350400,19965943,98915620.5100,2.562900,2.049200
2023-05-05,4.6918375200,4.7012400000,4.6166176800,4.6918375200,14931617,74039174.4900,1.916700,0.200800
2023-05-08,4.6824350400,4.7388499200,4.6354226400,4.7106424800,13664134,68371232.6800,1.754000,0.400800
2023-05-09,4.7388499200,4.7670573600,4.6824350400,4.6824350400,11839043,59580912.0100,1.519700,-0.598800
2023-05-10,4.6824350400,4.7482524000,4.6542276000,4.6918375200,9891054,49395362.3600,1.269700,0.200800
2023-05-11,4.7106424800,4.7952648000,4.6918375200,4.7670573600,11642775,58806486.0000,1.494500,1.603200
2023-05-12,4.7670573600,4.7670573600,4.7106424800,4.7482524000,7961858,40142414.3200,1.022000,-0.394500
2023-05-15,4.7482524000,4.7764598400,4.6166176800,4.7012400000,11406758,56743057.5800,1.464200,-0.990100
2023-05-16,4.7012400000,4.7106424800,4.5978127200,4.6260201600,9058958,44749648.2000,1.162900,-1.600000
2023-05-17,4.6260201600,4.6730325600,4.5978127200,4.6636300800,7321511,36181325.9200,0.939800,0.813000
2023-05-18,4.6636300800,4.6824350400,4.6260201600,4.6448251200,5960700,29470054.0000,0.765100,-0.403200
2023-05-19,4.6448251200,4.6448251200,4.5602028000,4.5790077600,7266400,35460135.1600,0.932800,-1.417000
2023-05-22,4.5790077600,4.6166176800,4.5225928800,4.5508003200,6578658,31873712.7200,0.844500,-0.616000
2023-05-23,4.5602028000,4.5884102400,4.4755804800,4.4755804800,7402200,35714367.0000,0.950200,-1.652900
2023-05-24,4.5037879200,4.5037879200,4.4191656000,4.4567755200,7145800,33924329.0000,0.917300,-0.420200
2023-05-25,4.4473730400,4.4661780000,4.3533482400,4.4191656000,9411258,44051845.6000,1.208100,-0.843900
2023-05-26,4.4191656000,4.4473730400,4.3533482400,4.4285680800,7563000,35356048.0000,0.970800,0.212800
2023-05-29,4.4285680800,4.4567755200,4.3533482400,4.3533482400,8306200,38843336.0000,1.066200,-1.698500
2023-05-30,4.3721532000,4.3909581600,4.3157383200,4.3815556800,7645700,35411381.0000,0.981400,0.647900
2023-05-31,4.4003606400,4.4003606400,4.3627507200,4.3721532000,6787700,31606319.0000,0.871300,-0.214600
2023-06-01,4.3627507200,4.4379705600,4.3345432800,4.4097631200,9434600,44138874.8000,1.211100,0.860200
2023-06-02,4.4097631200,4.5225928800,4.4097631200,4.5131904000,10980420,52406570.0000,1.409500,2.345400
2023-06-05,4.5131904000,4.5884102400,4.4755804800,4.5790077600,11509196,55648777.9000,1.477400,1.458300
2023-06-06,4.5790077600,4.5978127200,4.5037879200,4.5037879200,10058553,48683462.5300,1.291200,-1.642700
2023-06-07,4.5037879200,4.6072152000,4.5037879200,4.5978127200,9636562,46842393.5600,1.237000,2.087700
2023-06-08,4.5978127200,4.6072152000,4.5413978400,4.5884102400,8201600,39929256.0000,1.052800,-0.204500
2023-06-09,4.5884102400,4.6354226400,4.5696052800,4.5978127200,7578000,37168780.0000,0.972800,0.204900
2023-06-12,4.5884102400,4.6260201600,4.5508003200,4.5978127200,6394498,31227321.2400,0.820800,0.000000
2023-06-13,4.5978127200,4.6354226400,4.5790077600,4.5978127200,5567538,27249023.0600,0.714700,0.000000
2023-06-14,4.6072152000,4.6730325600,4.5790077600,4.6354226400,7837600,38686200.0000,1.006100,0.818000
2023-06-15,4.6166176800,4.6448251200,4.5319953600,4.6354226400,10449400,51018086.9800,1.341300,0.000000
2023-06-16,4.5884102400,4.6448251200,4.5602028000,4.5790077600,9555000,46727371.0000,1.226500,-1.217000
2023-06-19,4.5790077600,4.5978127200,4.4567755200,4.4849829600,8781962,41961842.5000,1.127300,-2.053400
2023-06-20,4.4943854400,4.4943854400,4.3815556800,4.4097631200,10185500,47864255.0000,1.307500,-1.677100
2023-06-21,4.4003606400,4.4379705600,4.3345432800,4.3439457600,8501821,39543806.2600,1.091300,-1.492500
2023-06-26,4.3251408000,4.3439457600,4.2217135200,4.2311160000,10869471,49395040.7900,1.395300,-2.597400
2023-06-27,4.2405184800,4.3533482400,4.2405184800,4.3439457600,9234841,42439605.4300,1.185400,2.666700
2023-06-28,4.3725901200,4.4012315400,4.3057601400,4.3821372600,6637200,30256098.0000,0.852000,0.879100
2023-06-29,4.3916844000,4.4394201000,4.3725901200,4.4107786800,5598263,25885624.8000,0.718600,0.653600
2023-06-30,4.4203258200,4.4967029400,4.4012315400,4.4680615200,5733500,26839999.0000,0.736000,1.298700
2023-07-03,4.5253443600,4.5444386400,4.4680615200,4.5253443600,8298100,39198555.0000,1.065200,1.282100
2023-07-04,4.5348915000,4.5348915000,4.4680615200,4.5157972200,6236654,29408373.8800,0.800600,-0.211000
2023-07-05,4.5062500800,4.5444386400,4.4871558000,4.4871558000,6505873,30805308.5200,0.835100,-0.634200
2023-07-06,4.4967029400,4.5253443600,4.4680615200,4.5062500800,4235250,19941397.5000,0.543700,0.425500
2023-07-07,4.4967029400,4.5539857800,4.4680615200,4.5444386400,6959663,33020461.2500,0.893400,0.847500
2023-07-10,4.5444386400,4.6017214800,4.5253443600,4.5539857800,7318508,34981927.1200,0.939400,0.210100
2023-07-11,4.5730800600,4.6399100400,4.5444386400,4.6303629000,7276600,35052092.0000,0.934100,1.677100
2023-07-12,4.6303629000,4.6494571800,4.5539857800,4.5635329200,7231600,34729257.0000,0.928300,-1.443300
2023-07-13,4.7831171400,5.0217956400,4.7735700000,4.8022114200,72340249,372337184.8200,9.286000,5.230100
2023-07-14,4.8976828200,5.0695313400,4.8213057000,4.9645128000,63811580,331738798.3100,8.191200,3.379700
2023-07-17,4.9549656600,5.0408899200,4.9072299600,4.9931542200,33493432,174544357.3900,4.299400,0.576900
2023-07-18,5.0217956400,5.1745498800,4.9836070800,5.1268141800,33817070,180784119.0900,4.340900,2.676900
2023-07-19,5.0981727600,5.2222855800,5.0695313400,5.2031913000,27883715,150974220.8300,3.579300,1.489800
2023-07-20,5.3463984000,5.6519068800,5.2318327200,5.2891155600,55651644,311582204.4700,7.143700,1.651400
2023-07-21,5.3654926800,5.4705112200,5.2604741400,5.2986627000,37768219,210897590.5800,4.848100,0.180500
2023-07-24,5.2031913000,5.3654926800,5.1172670400,5.2795684200,29990500,166110954.0600,3.849700,-0.360400
2023-07-25,5.3368512600,5.4036812400,5.3177569800,5.3463984000,24287799,136177039.4800,3.117700,1.265800
2023-07-26,5.3654926800,5.4036812400,5.2986627000,5.3750398200,17390500,97442318.0000,2.232300,0.535700
2023-07-27,5.3654926800,5.4036812400,5.3273041200,5.3654926800,18273025,102601261.5000,2.345600,-0.177600
2023-07-28,5.3177569800,5.4896055000,5.3177569800,5.4227755200,24245500,137710448.0000,3.112300,1.067600
2023-07-31,5.4323226600,5.6614540200,5.4036812400,5.6328126000,26732117,155611757.0000,3.431500,3.873200
2023-08-01,5.6519068800,5.6900954400,5.5468883400,5.5755297600,21899700,128264368.3700,2.811200,-1.016900
2023-08-02,5.5373412000,5.6137183200,5.5086997800,5.5564354800,12466300,72568052.0000,1.600200,-0.342500
2023-08-03,5.5277940600,5.7760197000,5.4991526400,5.5659826200,13991158,81467552.6300,1.796000,0.171800
2023-08-04,5.5850769000,5.6423597400,5.5182469200,5.5277940600,10167359,59343056.3200,1.305100,-0.686100
2023-08-07,5.5182469200,5.6232654600,5.4991526400,5.5373412000,12695400,73702920.3800,1.629600,0.172700
2023-08-08,5.5468883400,5.5564354800,5.4418698000,5.4800583600,11410000,65715981.0700,1.464600,-1.034500
2023-08-09,5.4609640800,5.4991526400,5.3750398200,5.4132283800,10909313,62012495.3200,1.400400,-1.219500
2023-08-10,5.4227755200,5.4418698000,5.3654926800,5.4036812400,9906100,55995412.0000,1.271600,-0.176400
2023-08-11,5.4227755200,5.4418698000,5.2986627000,5.3273041200,12004000,67226965.1200,1.540900,-1.413400
2023-08-14,5.2891155600,5.5086997800,5.2700212800,5.4323226600,24962632,141874539.0400,3.204300,1.971300
2023-08-15,5.5086997800,5.7569254200,5.4991526400,5.5850769000,32642141,192377393.9300,4.190100,2.812000
2023-08-16,5.6041711800,5.6423597400,5.4132283800,5.4800583600,20056088,115166864.2400,2.574500,-1.880300
2023-08-17,5.4323226600,5.5564354800,5.3654926800,5.4991526400,16276975,93194173.0000,2.089400,0.348400
2023-08-18,5.4896055000,5.6041711800,5.3845869600,5.4036812400,14201018,81768775.7300,1.822900,-1.736100
2023-08-21,5.4323226600,5.6137183200,5.3845869600,5.3845869600,12533543,71539759.9200,1.608900,-0.353400
2023-08-22,5.4418698000,5.4418698000,5.3273041200,5.3941341000,12431600,69979873.0000,1.595800,0.177300
2023-08-23,5.3941341000,5.4323226600,5.2986627000,5.3368512600,9842641,55197495.9900,1.263500,-1.061900
2023-08-24,5.3463984000,5.3845869600,5.2795684200,5.3082098400,7274501,40536366.5400,0.933800,-0.536700
2023-08-25,5.3082098400,5.4036812400,5.2413798600,5.2604741400,10392062,57722082.6200,1.334000,-0.899300
2023-08-28,5.4800583600,5.4896055000,5.3082098400,5.3368512600,13765108,77757271.1200,1.767000,1.451900
2023-08-29,5.3177569800,5.3654926800,5.2700212800,5.3368512600,11483722,64025977.7600,1.474100,0.000000
2023-08-30,5.3273041200,5.3654926800,5.2031913000,5.2127384400,10862807,59810380.2900,1.394400,-2.325600
2023-08-31,5.1840970200,5.2318327200,5.1459084600,5.1745498800,8888657,48260427.4400,1.141000,-0.732600
2023-09-01,5.2031913000,5.4036812400,5.1840970200,5.3654926800,18097952,101322910.6200,2.323100,3.690000
2023-09-04,5.3845869600,5.4991526400,5.3368512600,5.4609640800,17309193,98298901.6400,2.221900,1.779400
2023-09-05,5.4418698000,5.4514169400,5.3463984000,5.3654926800,9652325,54478580.5000,1.239000,-1.748300
2023-09-06,5.3368512600,5.3750398200,5.2318327200,5.2604741400,11732500,64963809.0000,1.506000,-1.957300
2023-09-07,5.2700212800,5.3273041200,5.2222855800,5.2318327200,9474480,52407649.6000,1.216200,-0.544500
2023-09-08,5.2318327200,5.2700212800,5.1936441600,5.2222855800,5862848,32095354.4600,0.752600,-0.182500
2023-09-11,5.2413798600,5.3273041200,5.2127384400,5.2891155600,7675853,42469104.2600,0.985300,1.279700
2023-09-12,5.2795684200,5.2795684200,5.1936441600,5.2031913000,6017941,33002915.9100,0.772500,-1.624500
2023-09-13,5.2127384400,5.2700212800,5.1650027400,5.2031913000,6597945,35980597.3500,0.846900,0.000000
2023-09-14,5.2031913000,5.2031913000,5.1363613200,5.1554556000,6776353,36619837.1000,0.869800,-0.917400
2023-09-15,5.1745498800,5.2891155600,5.1554556000,5.2318327200,9006100,49390862.0000,1.156100,1.481500
2023-09-18,5.2318327200,5.3368512600,5.2127384400,5.3273041200,10250700,56719748.0000,1.315800,1.824800
2023-09-19,5.3273041200,5.3559455400,5.2795684200,5.2891155600,7064683,39282696.9900,0.906900,-0.716800
2023-09-20,5.2795684200,5.2891155600,5.1840970200,5.2031913000,7645600,41920880.0000,0.981400,-1.624500
2023-09-21,5.2222855800,5.2222855800,5.0886256200,5.1172670400,8336002,44911093.7200,1.070100,-1.651400
2023-09-22,5.1077199000,5.2222855800,5.1077199000,5.2031913000,10219300,55452202.0000,1.311800,1.679100
2023-09-25,5.1936441600,5.2604741400,5.1459084600,5.1650027400,8399800,45633196.0000,1.078200,-0.733900
2023-09-26,5.1554556000,5.2127384400,5.1363613200,5.1459084600,6966700,37730934.0000,0.894300,-0.369700
2023-09-27,5.1459084600,5.1840970200,5.0695313400,5.1459084600,6807100,36636137.0000,0.873800,0.000000
2023-09-28,5.1554556000,5.2222855800,5.1363613200,5.1936441600,7678285,41787223.5500,0.985600,0.927600
2023-10-09,5.2318327200,5.2318327200,4.9740599400,4.9931542200,16666200,87886035.0000,2.139400,-3.860300
2023-10-10,5.0122485000,5.1077199000,5.0122485000,5.0217956400,12553094,66455639.9400,1.611400,0.573600
2023-10-11,5.0790784800,5.0790784800,4.9645128000,4.9740599400,10588585,55404525.0000,1.359200,-0.950600
2023-10-12,5.0313427800,5.0504370600,4.9740599400,4.9931542200,7908300,41483034.0000,1.015200,0.383900
2023-10-13,4.9549656600,4.9931542200,4.8594942600,4.8785885400,11746000,60359897.0000,1.507800,-2.294500
2023-10-16,4.8976828200,4.9454185200,4.8594942600,4.8881356800,11770000,60341035.0000,1.510900,0.195700
2023-10-17,4.8881356800,4.9645128000,4.8785885400,4.9358713800,7125800,36796398.0000,0.914700,0.976600
2023-10-18,4.9167771000,4.9358713800,4.8308528400,4.8308528400,9938328,50579814.0800,1.275700,-2.127700
2023-10-19,4.8308528400,4.8976828200,4.8117585600,4.8403999800,8350700,42521724.8500,1.071900,0.197600
2023-10-20,4.8403999800,4.8499471200,4.7640228600,4.8022114200,8689400,43742889.0000,1.115400,-0.789000
2023-10-23,4.8022114200,4.8403999800,4.6780986000,4.7162871600,8196700,40736916.0000,1.052200,-1.789300
2023-10-24,4.7162871600,4.8785885400,4.7162871600,4.8594942600,10601700,53550749.0000,1.360900,3.036400
2023-10-25,4.7926642800,4.8308528400,4.4680615200,4.5253443600,50300943,239377608.6400,6.456900,-6.876200
2023-10-26,4.4871558000,4.5062500800,4.4012315400,4.4203258200,38387039,178451889.5700,4.927600,-2.320700
2023-10-27,4.4107786800,4.5157972200,4.3916844000,4.4967029400,27719645,129972003.4200,3.558200,1.727900
2023-10-30,4.4871558000,4.5348915000,4.4680615200,4.5062500800,22600722,106355328.3300,2.901100,0.212300
2023-10-31,4.5157972200,4.5635329200,4.4871558000,4.5157972200,20023602,94882098.4200,2.570300,0.211900
2023-11-01,4.5444386400,4.5635329200,4.5062500800,4.5635329200,17805655,84719171.0500,2.285600,1.057100
2023-11-02,4.5635329200,4.5921743400,4.5157972200,4.5348915000,13012562,62049543.5000,1.670400,-0.627600
2023-11-03,4.5348915000,4.6017214800,4.5253443600,4.5635329200,14454800,69197054.6600,1.855500,0.631600
2023-11-06,4.5730800600,4.6399100400,4.5539857800,4.6399100400,14520980,69934409.0000,1.864000,1.673600
2023-11-07,4.6303629000,4.6399100400,4.5730800600,4.6303629000,11904000,57446307.0000,1.528100,-0.205800
2023-11-08,4.6112686200,4.6685514600,4.6112686200,4.6303629000,10276100,49940766.0000,1.319100,0.000000
2023-11-09,4.6399100400,4.6590043200,4.5730800600,4.5921743400,10365000,50021598.0000,1.330500,-0.824700
2023-11-10,4.5826272000,4.5921743400,4.5348915000,4.5730800600,9226501,44138108.7900,1.184400,-0.415800
2023-11-13,4.5730800600,4.6303629000,4.5635329200,4.6017214800,11821125,56809540.0000,1.517400,0.626300
2023-11-14,4.6017214800,4.6208157600,4.5635329200,4.5826272000,10994100,52832734.0000,1.411300,-0.414900
2023-11-15,4.6112686200,4.6208157600,4.5730800600,4.5921743400,9246500,44483606.0000,1.186900,0.208300
2023-11-16,4.5826272000,4.6112686200,4.5539857800,4.5921743400,10543895,50648529.0500,1.353500,0.000000
2023-11-17,4.5826272000,4.6303629000,4.5635329200,4.6112686200,14074813,67888417.7800,1.806700,0.415800
2023-11-20,4.6208157600,4.6876457400,4.6017214800,4.6876457400,16912016,82196034.6000,2.170900,1.656300
2023-11-21,4.6876457400,4.9263242400,4.6590043200,4.8881356800,45413565,229197298.8000,5.829500,4.277000
2023-11-22,4.8308528400,5.0599842000,4.7735700000,4.9549656600,64288034,332770894.1100,8.252300,1.367200
2023-11-23,4.9072299600,4.9263242400,4.7926642800,4.8308528400,51155587,259810230.0400,6.566600,-2.504800
2023-11-24,4.8594942600,4.8785885400,4.8022114200,4.8213057000,30314750,153379003.5000,3.891400,-0.197600
2023-11-27,4.8308528400,4.8403999800,4.6780986000,4.7353814400,28612119,141593707.0800,3.672800,-1.782200
2023-11-28,4.7258343000,4.8117585600,4.6685514600,4.7640228600,23402962,116401166.9500,3.004100,0.604800
2023-11-29,4.7640228600,4.7640228600,4.6685514600,4.7067400200,18020889,88801311.1400,2.313300,-1.202400
2023-11-30,4.6876457400,4.7449285800,4.6399100400,4.7258343000,18711200,92140776.0000,2.401900,0.405700
2023-12-01,4.7162871600,4.8499471200,4.7067400200,4.7831171400,25595867,128651640.8700,3.285600,1.212100
2023-12-04,4.7831171400,4.8499471200,4.7640228600,4.7926642800,16868214,84728393.2800,2.165300,0.199600
2023-12-05,4.7926642800,4.8499471200,4.7640228600,4.7640228600,17770500,89421724.0000,2.281100,-0.597600
2023-12-06,4.7353814400,4.8499471200,4.7353814400,4.8308528400,20254500,101937914.0000,2.600000,1.402800
2023-12-07,4.8117585600,4.8881356800,4.7544757200,4.8690414000,31510300,159555171.2800,4.044800,0.790500
2023-12-08,4.8594942600,4.8690414000,4.7544757200,4.7735700000,27958900,140563002.0000,3.588900,-1.960800
2023-12-11,4.7449285800,4.8403999800,4.6876457400,4.8403999800,22224822,111539460.1200,2.852900,1.400000
2023-12-12,4.8403999800,5.0122485000,4.8308528400,4.9931542200,38517073,199652703.1700,4.944300,3.155800
2023-12-13,5.0122485000,5.1554556000,4.9836070800,5.0217956400,46165485,244689532.5800,5.926000,0.573600
2023-12-14,5.0790784800,5.2413798600,5.0408899200,5.1554556000,42519547,227670800.5200,5.458000,2.661600
2023-12-15,5.1936441600,5.2222855800,5.0217956400,5.1363613200,47400718,253242370.6200,6.084600,-0.370400
2023-12-18,5.0886256200,5.1077199000,4.8785885400,4.8976828200,35782466,186154261.2300,4.593200,-4.646800
2023-12-19,4.8881356800,4.9263242400,4.7353814400,4.7926642800,25035345,126060823.3900,3.213700,-2.144200
2023-12-20,4.7831171400,4.8117585600,4.7067400200,4.7162871600,17872443,88917034.4200,2.294200,-1.593600
2023-12-21,4.6876457400,4.8499471200,4.6399100400,4.8117585600,22804124,113528177.6600,2.927300,2.024300
2023-12-22,4.8403999800,4.8403999800,4.6971928800,4.7258343000,18997530,94788497.2200,2.438600,-1.785700
2023-12-25,4.7162871600,4.7162871600,4.5539857800,4.6017214800,16904699,81693568.1700,2.170000,-2.626300
2023-12-26,4.6208157600,4.6399100400,4.5826272000,4.5826272000,11402385,55021816.0000,1.463700,-0.414900
2023-12-27,4.5730800600,4.7544757200,4.5444386400,4.7258343000,15403514,75189655.6100,1.977300,3.125000
2023-12-28,4.6971928800,4.8213057000,4.6399100400,4.7544757200,16033615,79312309.0500,2.058200,0.606100
2023-12-29,4.7258343000,4.7926642800,4.6971928800,4.7640228600,11549177,57532903.4800,1.482500,0.200800
2024-01-02,4.7640228600,4.8499471200,4.7449285800,4.8022114200,11081497,55718677.2200,1.422500,0.801600
2024-01-03,4.7926642800,4.8785885400,4.7735700000,4.8690414000,14213250,72017845.0000,1.824500,1.391700
2024-01-04,4.8594942600,4.8881356800,4.8117585600,4.8690414000,9682450,49171646.5000,1.242900,0.000000
2024-01-05,4.8690414000,4.9263242400,4.8022114200,4.8308528400,15576086,79427193.0400,1.999400,-0.784300
2024-01-08,4.8213057000,4.8881356800,4.7544757200,4.7640228600,14351600,72501861.0000,1.842200,-1.383400
2024-01-09,4.7640228600,4.8594942600,4.7449285800,4.8308528400,16674997,84135120.8200,2.140500,1.402800
2024-01-10,4.8403999800,4.9072299600,4.7449285800,4.8785885400,22002797,111782565.7000,2.824400,0.988100
2024-01-11,4.8690414000,4.9740599400,4.8499471200,4.9454185200,24505144,126425433.8200,3.145600,1.369900
2024-01-12,4.9263242400,5.0122485000,4.8403999800,4.8499471200,19889300,102584569.0000,2.553100,-1.930500
2024-01-15,4.8499471200,4.9836070800,4.8403999800,4.9740599400,20280005,105092963.1500,2.603200,2.559100
2024-01-16,4.9645128000,5.0027013600,4.8403999800,4.8976828200,23386015,120280481.8000,3.002000,-1.535500
2024-01-17,4.8690414000,4.9358713800,4.6494571800,4.6780986000,24209149,121411078.4500,3.107600,-4.483400
2024-01-18,4.6303629000,4.6590043200,4.4298729600,4.6017214800,26946958,127505098.0100,3.459100,-1.632700
2024-01-19,4.5730800600,4.6208157600,4.5253443600,4.5730800600,13105100,62762214.0000,1.682200,-0.622400
2024-01-22,4.5635329200,4.5635329200,4.2580244400,4.2962130000,18362000,84690994.0000,2.357000,-6.054300
2024-01-23,4.2675715800,4.3725901200,4.1721001800,4.3248544200,17621300,78517493.0000,2.262000,0.666700
2024-01-24,4.3439487000,4.5444386400,4.3153072800,4.5348915000,26090763,120933710.9200,3.349100,4.856500
2024-01-25,4.5539857800,4.6971928800,4.5253443600,4.6971928800,18849745,91114120.0500,2.419700,3.578900
2024-01-26,4.6876457400,4.7926642800,4.6494571800,4.6971928800,19121360,94677938.2000,2.454500,0.000000
2024-01-29,4.7544757200,4.7544757200,4.5730800600,4.5826272000,14524359,70646094.9700,1.864400,-2.439000
2024-01-30,4.5826272000,4.6590043200,4.4489672400,4.4776086600,14214000,67669006.0000,1.824600,-2.291700
2024-01-31,4.4680615200,4.4871558000,4.2866658600,4.3057601400,16777300,76982729.0000,2.153600,-3.838000
2024-02-01,4.2866658600,4.2866658600,4.0957230600,4.1911944600,17992843,78970576.3700,2.309700,-2.660800
2024-02-02,4.1911944600,4.5539857800,4.0957230600,4.2484773000,27405777,123540816.7400,3.517900,1.366700
2024-02-05,4.2389301600,4.2580244400,3.8379502800,3.8665917000,32191154,133775446.6500,4.132200,-8.988800
2024-02-06,3.8284031400,4.1530059000,3.6470074800,4.0002516600,26663572,107704476.3600,3.422700,3.456800
2024-02-07,3.9907045200,4.0957230600,3.8379502800,3.9429688200,22688844,94120141.5800,2.912500,-1.432000
2024-02-08,3.9716102400,4.1721001800,3.9429688200,4.1530059000,23095658,98340647.7200,2.964700,5.326900
2024-02-19,4.1816473200,4.5635329200,4.1243644800,4.4012315400,33137381,151434279.9100,4.253700,5.977000
2024-02-20,4.3153072800,4.4776086600,4.2484773000,4.3916844000,25219874,116161282.0000,3.237400,-0.216900
2024-02-21,4.3916844000,4.4967029400,4.3534958400,4.4012315400,27466738,127895190.7000,3.525800,0.217400
2024-02-22,4.3821372600,4.4585143800,4.3534958400,4.4298729600,16384308,75784935.6900,2.103200,0.650800
2024-02-23,4.4298729600,4.4585143800,4.3725901200,4.4585143800,15107821,69913391.7500,1.939300,0.646600
2024-02-26,4.4394201000,4.5348915000,4.4012315400,4.4203258200,21730230,101310713.8800,2.789400,-0.856500
2024-02-27,4.4298729600,4.4967029400,4.3725901200,4.4871558000,20782908,96951352.5800,2.667800,1.511900
2024-02-28,4.4776086600,4.5348915000,4.2771187200,4.2866658600,25445714,118112423.9400,3.266300,-4.468100
2024-02-29,4.2675715800,4.3534958400,4.2484773000,4.3344015600,17808477,80567534.8100,2.286000,1.113600
2024-03-01,4.3439487000,4.3725901200,4.2771187200,4.3153072800,15345300,69264025.0000,1.969800,-0.440500
2024-03-04,4.3153072800,4.3153072800,4.1816473200,4.2771187200,15137028,67131219.8800,1.943100,-0.885000
2024-03-05,4.2293830200,4.2389301600,4.1530059000,4.1816473200,17226137,75578221.4600,2.211200,-2.232100
2024-03-06,4.1625530400,4.2389301600,4.1530059000,4.2007416000,14978029,65916423.0200,1.922700,0.456600
2024-03-07,4.2102887400,4.2866658600,4.1911944600,4.2198358800,17131172,76066275.3400,2.199000,0.454500
2024-03-08,4.2198358800,4.2484773000,4.1721001800,4.2484773000,13091077,57780253.8800,1.680400,0.678700
2024-03-11,4.2389301600,4.3439487000,4.2293830200,4.3153072800,14615905,65858899.4000,1.876200,1.573000
2024-03-12,4.3344015600,4.3630429800,4.2771187200,4.3534958400,13894990,62915658.3000,1.783600,0.885000
2024-03-13,4.3534958400,4.3534958400,4.3057601400,4.3344015600,10871900,49292429.0000,1.395600,-0.438600
2024-03-14,4.3344015600,4.4203258200,4.3153072800,4.3821372600,16187280,74092575.6000,2.077900,1.101300
2024-03-15,4.3725901200,4.4298729600,4.3153072800,4.4298729600,16251000,74675594.4500,2.086100,1.089300
2024-03-18,4.4203258200,4.4489672400,4.4107786800,4.4394201000,14972047,69510933.7100,1.921900,0.215500
2024-03-19,4.4680615200,4.4680615200,4.4107786800,4.4203258200,16286300,75653543.0000,2.090600,-0.430100
2024-03-20,4.4203258200,4.4585143800,4.4012315400,4.4489672400,12480575,57937569.7500,1.602100,0.647900
2024-03-21,4.4489672400,4.4680615200,4.4012315400,4.4585143800,13884148,64630107.7600,1.782200,0.214600
2024-03-22,4.4394201000,4.4489672400,4.3630429800,4.3821372600,13297700,61267353.0000,1.707000,-1.713100
2024-03-25,4.3725901200,4.4012315400,4.3057601400,4.3057601400,11997567,54723774.8600,1.540100,-1.742900
2024-03-26,4.3153072800,4.3439487000,4.2293830200,4.3057601400,9795567,43986142.5000,1.257400,0.000000
2024-03-27,4.2962130000,4.3057601400,4.2102887400,4.2102887400,8868010,39599334.9000,1.138300,-2.217300
2024-03-28,4.2102887400,4.3248544200,4.2007416000,4.2962130000,13210962,59190407.0700,1.695800,2.040800
2024-03-29,4.2962130000,4.4298729600,4.2866658600,4.3630429800,15401598,70161630.8600,1.977000,1.555600
2024-04-01,4.3630429800,4.4203258200,4.3630429800,4.4107786800,12308313,56695927.8000,1.580000,1.094100
2024-04-02,4.4203258200,4.4394201000,4.3916844000,4.4298729600,12882761,59642425.7500,1.653700,0.432900
2024-04-03,4.4203258200,4.5062500800,4.4107786800,4.4967029400,17446009,81537532.1200,2.239500,1.508600
2024-04-08,4.4967029400,4.5826272000,4.4680615200,4.4776086600,19364540,91688685.4400,2.485700,-0.424600
2024-04-09,4.4489672400,4.6971928800,4.4012315400,4.6112686200,30329739,144567830.7100,3.893300,2.985100
2024-04-10,4.5826272000,4.6399100400,4.5348915000,4.6303629000,22175310,106910499.7900,2.846500,0.414100
2024-04-11,4.5921743400,4.6685514600,4.5444386400,4.6303629000,21471044,103950670.8000,2.756100,0.000000
2024-04-12,4.6399100400,4.7258343000,4.5921743400,4.7067400200,33364621,163002175.5600,4.282900,1.649500
2024-04-15,4.6112686200,4.6303629000,4.3821372600,4.4489672400,39048651,183689196.7500,5.012500,-5.476700
2024-04-16,4.4107786800,4.4489672400,4.1721001800,4.1911944600,25232000,112568772.0000,3.238900,-5.794000
2024-04-17,4.2293830200,4.3725901200,4.2293830200,4.3725901200,18872681,85612191.9700,2.422600,4.328000
2024-04-18,4.3630429800,4.4107786800,4.3344015600,4.3439487000,13413100,61388160.0000,1.721800,-0.655000
2024-04-19,4.3248544200,4.3916844000,4.3057601400,4.3439487000,12183407,55420137.7800,1.563900,0.000000
2024-04-22,4.3248544200,4.3439487000,4.2580244400,4.3057601400,9653792,43485745.3300,1.239200,-0.879100
2024-04-23,4.2962130000,4.3344015600,4.2771187200,4.3248544200,9086212,41045155.2400,1.166400,0.443500
2024-04-24,4.3057601400,4.3248544200,4.2580244400,4.2866658600,13339226,59775345.2900,1.712300,-0.883000
2024-04-25,4.2771187200,4.3153072800,4.2484773000,4.2962130000,8561500,38430260.0000,1.099000,0.222700
2024-04-26,4.2771187200,4.3439487000,4.2771187200,4.3439487000,11718854,52903361.9600,1.504300,1.111100
2024-04-29,4.3248544200,4.4489672400,4.3153072800,4.4489672400,18183641,83893107.8500,2.334100,2.417600
2024-04-30,4.4871558000,4.4967029400,4.4107786800,4.4680615200,17038900,79645959.0000,2.187200,0.429200
2024-05-06,4.5253443600,4.5539857800,4.5062500800,4.5444386400,16474402,78110178.5000,2.114700,1.709400
2024-05-07,4.5444386400,4.6780986000,4.5253443600,4.5730800600,16833681,80725453.2000,2.160900,0.630300
2024-05-08,4.5539857800,4.5730800600,4.4967029400,4.5253443600,11530300,54733642.0000,1.480100,-1.043800
2024-05-09,4.5062500800,4.5921743400,4.5062500800,4.5730800600,10783729,51521521.6400,1.384300,1.054900
2024-05-10,4.5730800600,4.6208157600,4.5539857800,4.6112686200,14991473,72089534.3400,1.924400,0.835100
2024-05-13,4.5826272000,4.6017214800,4.5348915000,4.5826272000,14024098,67082330.4400,1.800200,-0.621100
2024-05-14,4.5730800600,4.6494571800,4.5730800600,4.6303629000,10485273,50770322.1100,1.345900,1.041700
2024-05-15,4.6303629000,4.6685514600,4.5921743400,4.6208157600,9105300,44202149.0000,1.168800,-0.206200
2024-05-16,4.6303629000,4.7067400200,4.6303629000,4.6780986000,13702800,67107230.0000,1.759000,1.239700
2024-05-17,4.6685514600,4.7162871600,4.6017214800,4.7162871600,16168915,78928365.5000,2.075500,0.816300
2024-05-20,4.7162871600,4.7353814400,4.6494571800,4.6590043200,12706808,62328357.9600,1.631100,-1.214600
2024-05-21,4.6590043200,4.6780986000,4.6208157600,4.6494571800,9512900,46311751.9900,1.221100,-0.204900
2024-05-22,4.6590043200,4.6780986000,4.6208157600,4.6494571800,8817879,42942917.9400,1.131900,0.000000
2024-05-23,4.6399100400,4.6399100400,4.4967029400,4.5444386400,13797099,65752540.2100,1.771100,-2.258700
2024-05-24,4.5348915000,4.6017214800,4.5062500800,4.5348915000,9762200,46670504.0000,1.253100,-0.210100
2024-05-27,4.5635329200,4.6112686200,4.5253443600,4.5826272000,10276700,49070147.0000,1.319200,1.052600
2024-05-28,4.5730800600,4.5730800600,4.5062500800,4.5157972200,8322172,39521835.5600,1.068300,-1.458300
2024-05-29,4.5157972200,4.5635329200,4.4967029400,4.5348915000,7733900,36668013.0000,0.992800,0.422800
2024-05-30,4.5253443600,4.5444386400,4.4680615200,4.4871558000,8685550,40935582.0000,1.114900,-1.052600
2024-05-31,4.4871558000,4.5348915000,4.4776086600,4.5253443600,5144700,24296429.0000,0.660400,0.851100
2024-06-03,4.5157972200,4.5253443600,4.4012315400,4.4585143800,11733232,54818368.2600,1.506100,-1.476800
2024-06-04,4.4203258200,4.4871558000,4.3725901200,4.4585143800,10799727,50149079.0900,1.386300,0.000000
2024-06-05,4.4394201000,4.4489672400,4.2866658600,4.2962130000,17901111,81531242.2600,2.297900,-3.640300
2024-06-06,4.3057601400,4.3153072800,4.0670816400,4.1434587600,22210297,97075163.0200,2.851000,-3.555600
2024-06-07,4.1625530400,4.2675715800,4.1434587600,4.2484773000,14130500,62306142.0000,1.813900,2.534600
2024-06-11,4.2293830200,4.2293830200,4.1339116200,4.1721001800,9519800,41644760.0000,1.222000,-1.797800
2024-06-12,4.1721001800,4.2102887400,4.1434587600,4.2007416000,10538510,46168577.6000,1.352800,0.686500
2024-06-13,4.2007416000,4.2102887400,4.1243644800,4.1434587600,7828702,34086547.6600,1.004900,-1.363600
2024-06-14,4.1434587600,4.1530059000,4.0957230600,4.1434587600,9003210,38943618.2000,1.155700,0.000000
2024-06-17,4.1148173400,4.1530059000,4.0670816400,4.0766287800,10164879,43725599.3300,1.304800,-1.612900
2024-06-18,4.0766287800,4.1148173400,4.0670816400,4.1052702000,7152400,30679054.0000,0.918100,0.702600
2024-06-19,4.1052702000,4.1243644800,4.0670816400,4.1148173400,7224427,31043721.1000,0.927400,0.232600
2024-06-20,4.1052702000,4.1148173400,3.9907045200,4.0097988000,9472500,40140109.0000,1.215900,-2.552200
2024-06-21,4.0097988000,4.0670816400,3.9811573800,4.0288930800,5366700,22674187.0000,0.688900,0.476200
2024-06-24,4.0097988000,4.0097988000,3.8761388400,3.9047802600,8310350,34175428.0000,1.066800,-3.080600
2024-06-25,3.8952331200,3.9716102400,3.8856859800,3.9429688200,10364300,42732318.0000,1.330400,0.978000
2024-06-26,3.9429688200,4.0097988000,3.9143274000,4.0097988000,7465449,31021554.8200,0.958300,1.694900
2024-06-27,4.0002516600,4.0193459400,3.9238745400,3.9334216800,6035802,25102247.2600,0.774800,-1.904800
2024-06-28,3.9334216800,4.0097988000,3.9143274000,3.9620631000,7335702,30535035.3000,0.941600,0.728200
2024-07-01,3.9620631000,4.0384402200,3.9525159600,4.0288930800,7301689,30573296.8400,0.937300,1.686700
2024-07-02,4.0384402200,4.1052702000,4.0097988000,4.0766287800,8025200,34255064.0000,1.030200,1.184800
2024-07-03,4.0861759200,4.2007416000,4.0766287800,4.1243644800,16141927,70241210.9900,2.072100,1.171000
2024-07-04,4.1052702000,4.1339116200,4.0002516600,4.0193459400,11378500,48367736.0000,1.460600,-2.546300
2024-07-05,4.0193459400,4.0766287800,3.9811573800,4.0670816400,7858500,33274366.0000,1.008800,1.187600
2024-07-08,4.0479873600,4.0670816400,3.9525159600,3.9620631000,7255272,30303285.8000,0.931300,-2.582200
2024-07-09,3.9620631000,4.0002516600,3.8570445600,3.9811573800,10937566,45123749.2200,1.404000,0.481900
2024-07-10,3.9716102400,3.9716102400,3.9143274000,3.9334216800,6558000,27063239.0000,0.841800,-1.199000
2024-07-11,4.0413203600,4.0511293900,3.9726571500,4.0315113300,12989700,53204345.0000,1.667400,2.493800
2024-07-12,4.0315113300,4.1197926000,4.0217023000,4.0707474500,12304460,51160466.0000,1.579500,0.973200
2024-07-15,4.0805564800,4.0903655100,4.0315113300,4.0609384200,6709100,27718429.0000,0.861200,-0.241000
2024-07-16,4.0511293900,4.0609384200,4.0217023000,4.0413203600,4445700,18306286.0000,0.570700,-0.483100
2024-07-17,4.0413203600,4.1001745400,4.0217023000,4.0707474500,7816095,32378823.2500,1.003300,0.728200
2024-07-18,4.0511293900,4.1001745400,3.9922752100,4.0903655100,6988100,28876306.0000,0.897000,0.481900
2024-07-19,4.0511293900,4.0511293900,4.0020842400,4.0315113300,7927900,32569956.0000,1.017700,-1.438800
2024-07-22,4.0315113300,4.0315113300,3.9824661800,4.0020842400,6982500,28465732.0000,0.896300,-0.729900
2024-07-23,3.9922752100,4.0413203600,3.9628481200,3.9726571500,6851824,28009944.4000,0.879500,-0.735300
2024-07-24,3.9726571500,3.9726571500,3.9236120000,3.9334210300,6133724,24664122.0000,0.787400,-0.987700
2024-07-25,3.9138029700,3.9726571500,3.9039939400,3.9432300600,5340450,21436093.5000,0.685500,0.249400
2024-07-26,3.9432300600,3.9922752100,3.9334210300,3.9922752100,6005222,24333489.2200,0.770900,1.243800
2024-07-29,3.9824661800,4.0413203600,3.9530390900,4.0217023000,6763539,27570493.9500,0.868200,0.737100
2024-07-30,4.0118932700,4.1394106600,4.0020842400,4.1099835700,9855382,40878597.9800,1.265100,2.195100
2024-07-31,4.0903655100,4.2276919300,4.0903655100,4.2080738700,10820387,46113916.8600,1.389000,2.386600
2024-08-01,4.2080738700,4.2178829000,4.1394106600,4.1590287200,10368400,44121897.0000,1.330900,-1.165500
2024-08-02,4.1197926000,4.1884558100,4.1099835700,4.1296016300,6830006,28868990.4400,0.876700,-0.707500
2024-08-05,4.1197926000,4.1982648400,4.1001745400,4.1197926000,10176913,43107863.7300,1.306400,-0.237500
2024-08-06,4.1590287200,4.2276919300,4.1492196900,4.2178829000,11409713,48740544.7700,1.464600,2.381000
2024-08-07,4.2178829000,4.2473099900,4.1884558100,4.2080738700,8633879,37137354.7000,1.108300,-0.232600
2024-08-08,4.1884558100,4.2963551400,4.1786467800,4.2669280500,8294300,35887266.0000,1.064700,1.398600
2024-08-09,4.2767370800,4.2767370800,4.1982648400,4.1982648400,6708000,28958785.0000,0.861100,-1.609200
2024-08-12,4.1688377500,4.1982648400,4.1197926000,4.1394106600,6194000,26251370.0000,0.795100,-1.401900
2024-08-13,4.1296016300,4.1688377500,4.1001745400,4.1394106600,5582762,23498693.0200,0.716600,0.000000
2024-08-14,4.1492196900,4.1688377500,4.1099835700,4.1197926000,4369700,18428014.0000,0.560900,-0.473900
2024-08-15,4.1099835700,4.1688377500,4.0707474500,4.1590287200,7728443,32597489.5100,0.992100,0.952400
2024-08-16,4.1688377500,4.1786467800,4.1001745400,4.1099835700,5830300,24632885.0000,0.748400,-1.179200
2024-08-19,4.1296016300,4.1590287200,4.1001745400,4.1394106600,4649400,19606208.0000,0.596800,0.716000
2024-08-20,4.1394106600,4.1492196900,4.0413203600,4.0609384200,7701900,32025003.0000,0.988700,-1.895700
2024-08-21,4.0511293900,4.0805564800,4.0217023000,4.0511293900,3525600,14561657.0000,0.452600,-0.241500
2024-08-22,4.0609384200,4.0707474500,3.9824661800,3.9824661800,5697700,23347286.0000,0.731400,-1.694900
2024-08-23,3.9824661800,4.0217023000,3.9530390900,4.0118932700,5141200,20909938.0000,0.660000,0.738900
2024-08-26,4.0217023000,4.0707474500,3.9726571500,4.0511293900,5265010,21663193.3000,0.675800,0.978000
2024-08-27,4.0413203600,4.0707474500,4.0020842400,4.0217023000,4120601,16941960.1300,0.528900,-0.726400
2024-08-28,4.0609384200,4.1099835700,4.0118932700,4.0315113300,7412202,30603785.1800,0.951500,0.243900
2024-08-29,4.0315113300,4.0315113300,3.9530390900,4.0118932700,7980000,32534193.0000,1.024400,-0.486600
2024-08-30,3.9922752100,4.1099835700,3.9922752100,4.0609384200,9566600,39640915.0000,1.228000,1.222500
2024-09-02,4.0413203600,4.0805564800,3.9922752100,3.9922752100,7835862,32213425.4400,1.005900,-1.690800
2024-09-03,3.9922752100,4.0315113300,3.9628481200,3.9824661800,5945300,24188076.0000,0.763200,-0.245700
2024-09-04,3.9628481200,3.9922752100,3.9530390900,3.9726571500,4901438,19862697.4200,0.629200,-0.246300
2024-09-05,3.9824661800,4.0413203600,3.9726571500,4.0315113300,7624662,31228351.5800,0.978700,1.481500
2024-09-06,4.0315113300,4.1001745400,4.0118932700,4.0315113300,9825803,40701079.4800,1.261300,0.000000
2024-09-09,4.0315113300,4.1001745400,4.0118932700,4.0707474500,5965060,24723954.9800,0.765700,0.973200
2024-09-10,4.0805564800,4.0903655100,3.9922752100,4.0511293900,5733600,23604146.0000,0.736000,-0.481900
2024-09-11,4.0511293900,4.0511293900,3.9628481200,3.9824661800,7506500,30530398.0000,0.963600,-1.694900
2024-09-12,3.9726571500,4.0020842400,3.9530390900,3.9628481200,4717700,19140662.0000,0.605600,-0.492600
2024-09-13,3.9726571500,4.0020842400,3.9530390900,3.9530390900,5191743,21033923.9500,0.666400,-0.247500
2024-09-18,3.9628481200,4.0315113300,3.9236120000,3.9922752100,7143500,28826091.0000,0.917000,0.992600
2024-09-19,4.0020842400,4.1296016300,3.9922752100,4.1197926000,12524983,52101941.3000,1.607800,3.194100
2024-09-20,4.1197926000,4.1394106600,4.0805564800,4.1296016300,6670302,27976992.3600,0.856200,0.238100
2024-09-23,4.1296016300,4.1590287200,4.1001745400,4.1492196900,7220420,30492763.1500,0.926900,0.475100
2024-09-24,4.1590287200,4.2571190200,4.1394106600,4.2473099900,12193000,52339208.0000,1.565200,2.364100
2024-09-25,4.2767370800,4.4042544700,4.2767370800,4.2963551400,17173596,76008825.2500,2.204500,1.154700
2024-09-26,4.2963551400,4.4631086500,4.2963551400,4.4631086500,15613409,69984941.2100,2.004200,3.881300
2024-09-27,4.5415808900,4.6004350700,4.4631086500,4.5513899200,21094700,97387989.1000,2.707800,1.978000
2024-09-30,4.7868066400,5.0026053000,4.6004350700,4.9045150000,41218586,201839235.1700,5.291000,7.758600
2024-10-08,5.2282129900,5.3851574700,4.9143240300,5.1301226900,57195683,301527767.1800,7.341900,4.600000
2024-10-09,5.0222233600,5.0418414200,4.6298621600,4.7279524600,31527464,155993690.6500,4.047000,-7.839400
2024-10-10,4.7573795500,5.1791678400,4.7083344000,5.0124143300,37568348,189967861.4400,4.822500,6.016600
2024-10-11,5.0516504500,5.0712685100,4.7377614900,4.7868066400,31381454,155529358.9200,4.028300,-4.501000
2024-10-14,4.8064247000,4.8652788800,4.6985253700,4.8554698500,20194423,98786325.1100,2.592300,1.434400
2024-10-15,4.8064247000,4.8750879100,4.7769976100,4.7868066400,15487300,76114241.0000,1.988000,-1.414100
2024-10-16,4.7377614900,4.7966156700,4.7083344000,4.7671885800,10201300,49491918.0000,1.309500,-0.409800
2024-10-17,4.7671885800,4.8260427600,4.6690982800,4.6789073100,12279100,59510315.9800,1.576200,-1.851900
2024-10-18,4.6592892500,4.8064247000,4.6396711900,4.7671885800,15131510,72715787.5000,1.942400,1.886800
2024-10-21,4.7475705200,5.1006956000,4.7475705200,4.9731782100,21783600,107872741.3400,2.796300,4.321000
2024-10-22,4.8750879100,5.1301226900,4.8064247000,4.9927962700,38483080,194624186.0800,4.939900,0.394500
2024-10-23,4.9927962700,5.0516504500,4.9241330600,4.9731782100,19607599,99810743.1400,2.516900,-0.392900
2024-10-24,4.9731782100,5.0124143300,4.9437511200,5.0026053000,10197885,51764845.4400,1.309100,0.591700
2024-10-25,5.0222233600,5.2772581400,4.9927962700,5.2380220200,41829912,220755590.8200,5.369500,4.705900
2024-10-28,5.2184039600,5.5322929200,5.1987859000,5.4538206800,37614616,205896850.7600,4.828400,4.119900
2024-10-29,5.4636297100,5.4734387400,5.1497407500,5.1889768700,34748331,185894428.8000,4.460500,-4.856100
2024-10-30,5.1497407500,5.2184039600,5.0614594800,5.1301226900,20818884,108826833.5600,2.672400,-1.134200
2024-10-31,5.1399317200,5.2184039600,5.1006956000,5.1595497800,16030865,84269500.8800,2.057800,0.573600
2024-11-01,5.2576400800,5.2968762000,5.0222233600,5.1203136600,21743844,114769807.0800,2.791200,-0.760500
2024-11-04,5.1595497800,5.2085949300,5.0712685100,5.1497407500,12906147,67482838.8100,1.656700,0.574700
2024-11-05,5.1301226900,5.2282129900,5.1301226900,5.1987859000,21082400,111558560.2200,2.706200,0.952400
2024-11-06,5.1889768700,5.2085949300,4.9633691800,5.1497407500,30888486,161141667.4000,3.965000,-0.943400
2024-11-07,5.1006956000,5.3459213500,5.0712685100,5.2772581400,38051150,204394311.7400,4.884400,2.476200
2024-11-08,5.3263032900,5.3851574700,5.1693588100,5.2085949300,26570203,142034077.9000,3.410700,-1.301100
2024-11-11,5.1595497800,5.2478310500,5.1301226900,5.2478310500,16740164,88357141.6400,2.148900,0.753300
2024-11-12,5.2184039600,5.6205741900,5.2184039600,5.3753484400,46420470,256737188.8600,5.958800,2.429900
2024-11-13,5.3753484400,5.4342026200,5.2380220200,5.3459213500,20839188,113365396.6900,2.675000,-0.547400
2024-11-14,5.3263032900,5.3949665000,5.1987859000,5.2085949300,16930601,91612625.4300,2.173300,-2.568800
2024-11-15,5.2085949300,5.2870671700,5.1105046300,5.1105046300,13960697,74036478.7300,1.792100,-1.883200
2024-11-18,5.1889768700,5.3164942600,5.1497407500,5.1889768700,21664896,115571105.5600,2.781000,1.535500
2024-11-19,5.1791678400,5.2870671700,5.1399317200,5.2772581400,15320003,81530440.1100,1.966600,1.701300
2024-11-20,5.2968762000,5.3851574700,5.2576400800,5.3557303800,19192911,104335722.8000,2.463700,1.487000
2024-11-21,5.3655394100,5.4538206800,5.3164942600,5.4047755300,16963218,93154182.2000,2.177500,0.915800
2024-11-22,5.3949665000,5.6794283700,5.3655394100,5.4734387400,36471857,205200707.7000,4.681700,1.270400
2024-11-25,5.5028658300,5.9344631500,5.4832477700,5.8657999400,54395882,317544607.3000,6.982500,7.168500
2024-11-26,5.8069457600,5.9638902400,5.6401922500,5.6696193400,40210786,235767598.9100,5.161700,-3.344500
2024-11-27,5.6401922500,5.9050360600,5.4832477700,5.8854180000,32629628,189689041.0200,4.188500,3.806200
2024-11-28,5.8657999400,6.4641507700,5.8559909100,6.1698798700,50123458,318310977.6900,6.434100,4.833300
2024-11-29,6.2287340500,6.4249146500,6.0717895700,6.3856785300,40032160,255571832.5700,5.138700,3.497600
2024-12-02,6.5720501000,6.6014771900,6.1993069600,6.3464424100,43149809,277955112.9100,5.538900,-0.614400
2024-12-03,6.3268243500,6.7486126400,6.2385430800,6.5720501000,47030070,314152358.7200,6.037000,3.554900
2024-12-04,6.5230049500,6.8663210000,6.3366333800,6.4052965900,37676689,252891698.6600,4.836400,-2.537300
2024-12-05,6.3758695000,6.4739598000,6.2581611400,6.3268243500,24049358,155618835.9800,3.087100,-1.225100
2024-12-06,6.3464424100,6.5033868900,6.1796889000,6.4347236800,29359301,190049748.5600,3.768700,1.705400
2024-12-09,6.4543417400,6.6014771900,6.1306437500,6.1796889000,27735259,178592313.1100,3.560200,-3.963400
2024-12-10,6.4052965900,6.6407133100,6.1796889000,6.3758695000,34819005,228658859.0300,4.469500,3.174600
2024-12-11,6.3954875600,6.7976577900,6.3856785300,6.7976577900,37090175,252356522.1900,4.761100,6.615400
2024-12-12,6.7878487600,7.1900189900,6.5720501000,7.1605919000,55783294,393944077.0400,7.160600,5.339100
2024-12-13,7.0330745100,7.0428835400,6.6799494300,6.7191855500,49727248,346340271.2800,6.383200,-6.164400
2024-12-16,6.7191855500,7.3371544400,6.7191855500,6.9055571200,55479925,395218109.0000,7.121700,2.773700
2024-12-17,6.8761300300,6.8859390600,6.2189250200,6.2777792000,60516462,395146733.6600,7.768200,-9.090900
2024-12-18,6.3758695000,6.3758695000,6.0325534500,6.2287340500,25354191,160136877.5900,3.254600,-0.781300
2024-12-19,6.1404527800,6.2091159900,5.9933173300,6.1404527800,21102180,131071167.9800,2.708800,-1.417300
2024-12-20,6.1796889000,6.2581611400,6.0521715100,6.1306437500,18325116,114915074.8400,2.352300,-0.159700
2024-12-23,6.1306437500,6.1502618100,5.7775186700,5.8461818800,23647801,142524624.9800,3.035600,-4.640000
2024-12-24,5.8854180000,5.9540812100,5.7971367300,5.9050360600,14310766,85711912.2100,1.837000,1.006700
2024-12-25,5.9050360600,5.9246541200,5.5617200100,5.7873277000,26548624,154861718.7200,3.407900,-1.993400
2024-12-26,5.7775186700,6.0227444200,5.7775186700,5.9638902400,22338502,134598137.4600,2.867500,3.050800
2024-12-27,5.9148450900,6.2385430800,5.8559909100,6.1306437500,29717156,184967001.7400,3.814600,2.796100
2024-12-30,6.1306437500,6.3268243500,5.9835083000,6.2581611400,33453152,210036442.8200,4.294200,2.080000
2024-12-31,6.1993069600,6.6112862200,6.0815986000,6.2581611400,52780991,342980012.5500,6.775200,0.000000
2025-01-02,6.1600708400,6.8859390600,6.1012166600,6.8859390600,93107976,639404129.1100,11.951800,10.031300
2025-01-03,6.9251751800,6.9349842100,6.1993069600,6.1993069600,94202055,616377886.3200,12.092300,-9.971500
2025-01-06,5.8854180000,6.0619805400,5.5813380700,5.6401922500,68458992,402831754.4100,8.787800,-9.019000
2025-01-07,5.6107651600,5.6794283700,5.4047755300,5.5813380700,44627080,251343242.6100,5.728600,-1.043500
2025-01-08,5.5813380700,5.7382825500,5.4047755300,5.6696193400,47295500,268211454.9500,6.071100,1.581700
2025-01-09,5.5617200100,5.6205741900,5.3557303800,5.3949665000,37445900,208876610.0000,4.806700,-4.844300
2025-01-10,5.4047755300,5.4243935900,5.1006956000,5.1105046300,31542590,168561479.8000,4.049000,-5.272700
2025-01-13,5.0908865700,5.1889768700,4.9241330600,5.1399317200,20434400,105690745.0000,2.623100,0.575800
2025-01-14,5.1497407500,5.4734387400,5.1497407500,5.3949665000,26932500,146325747.0000,3.457200,4.961800
2025-01-15,5.4047755300,5.5421019500,5.3164942600,5.4342026200,25773100,142537397.0000,3.308400,0.727300
2025-01-16,5.4636297100,5.8363728500,5.4145845600,5.8265638200,45803291,265947157.9400,5.879500,7.220200
2025-01-17,5.7088554600,5.7186644900,5.5028658300,5.5519109800,33776700,191744157.0000,4.335800,-4.713800
2025-01-20,5.5911471000,5.7382825500,5.5224838900,5.6500012800,24089600,138551028.0000,3.092300,1.766800
2025-01-21,5.6401922500,5.7579006100,5.5519109800,5.7284735200,27173700,157006549.0000,3.488200,1.388900
2025-01-22,5.6794283700,5.7088554600,5.5224838900,5.5617200100,21859200,125209321.0000,2.806000,-2.911000
2025-01-23,5.6598103100,5.7382825500,5.6107651600,5.6205741900,24555839,141912407.5000,3.152100,1.058200
2025-01-24,5.6500012800,5.7480915800,5.5421019500,5.5715290400,20840100,119450086.0000,2.675100,-0.872600
2025-01-27,5.6205741900,5.6500012800,5.4538206800,5.4636297100,14115100,80012990.0000,1.811900,-1.936600
2025-02-05,5.4440116500,5.5126748600,5.2674491100,5.3164942600,19331200,105242575.0000,2.481500,-2.693000
2025-02-06,5.2968762000,5.3753484400,5.2478310500,5.3361123200,17294001,93563537.4000,2.219900,0.369000
2025-02-07,5.3753484400,5.5126748600,5.3361123200,5.4047755300,18033400,99556931.0000,2.314900,1.286800
2025-02-10,5.4047755300,5.6401922500,5.3753484400,5.6303832200,24494100,138604984.0000,3.144200,4.174200
2025-02-11,5.6892374000,5.6892374000,5.5322929200,5.6009561300,14368300,81781028.0000,1.844400,-0.522600
2025-02-12,5.6009561300,5.6598103100,5.5126748600,5.5911471000,16269070,92377247.9000,2.088400,-0.175100
2025-02-13,5.5617200100,5.6401922500,5.5126748600,5.5519109800,20282900,115441728.0000,2.603600,-0.701800
2025-02-14,5.5519109800,5.5715290400,5.4047755300,5.4440116500,21678200,120927993.0000,2.782700,-1.943500
2025-02-17,5.4440116500,5.5224838900,5.3851574700,5.4832477700,18573900,103174648.0000,2.384200,0.720700
2025-02-18,5.4832477700,5.4832477700,5.2282129900,5.2478310500,18512300,100461544.0000,2.376300,-4.293400
2025-02-19,5.2282129900,5.2870671700,5.2184039600,5.2870671700,11475430,61411254.8000,1.473000,0.747700
2025-02-20,5.2674491100,5.4047755300,5.2674491100,5.3851574700,14870067,81243190.3800,1.908800,1.855300
2025-02-21,5.3851574700,5.4145845600,5.2674491100,5.3263032900,12658300,68637996.0000,1.624900,-1.092900
2025-02-24,5.3066852300,5.4342026200,5.2870671700,5.3655394100,9976036,54602020.2000,1.280600,0.736600
2025-02-25,5.3164942600,5.4636297100,5.2772581400,5.3949665000,14997989,82612874.3100,1.925200,0.548400
2025-02-26,5.3949665000,5.4832477700,5.3753484400,5.4440116500,10584500,58609022.0000,1.358700,0.909100
2025-02-27,5.4440116500,5.6205741900,5.4243935900,5.5911471000,30781500,174003016.4200,3.951300,2.702700
2025-02-28,5.5715290400,5.5715290400,5.3361123200,5.3557303800,22482243,124232720.3000,2.885900,-4.210500
2025-03-03,5.3557303800,5.4243935900,5.2968762000,5.3655394100,14129612,77483019.0100,1.813800,0.183200
2025-03-04,5.3557303800,5.3753484400,5.2968762000,5.3557303800,10210600,55606291.1000,1.310700,-0.182800
2025-03-05,5.3557303800,5.3753484400,5.2576400800,5.3459213500,12128550,65750108.5000,1.556900,-0.183200
2025-03-06,5.3655394100,5.4243935900,5.3164942600,5.4047755300,15998915,87696619.3000,2.053700,1.100900
2025-03-07,5.3949665000,5.4538206800,5.3557303800,5.3753484400,10888190,59935134.0800,1.397700,-0.544500
2025-03-10,5.3459213500,5.4440116500,5.3361123200,5.4047755300,12248100,67385329.0000,1.572200,0.547400
2025-03-11,5.3557303800,5.4832477700,5.3066852300,5.4832477700,13334600,73379602.0000,1.711700,1.451900
2025-03-12,5.4734387400,5.5715290400,5.4342026200,5.4930568000,12226500,68449270.0000,1.569500,0.178900
2025-03-13,5.4734387400,5.4930568000,5.3949665000,5.4832477700,10492496,58230984.7600,1.346900,-0.178600
2025-03-14,5.4832477700,6.0325534500,5.4832477700,6.0325534500,36617699,217225673.7100,4.700400,10.017900
2025-03-17,5.9835083000,6.0325534500,5.8265638200,5.8559909100,52915889,317449057.7000,6.792600,-2.926800
2025-03-18,5.8559909100,5.8756089700,5.7382825500,5.8069457600,28578334,168572721.2500,3.668500,-0.837500
2025-03-19,5.7873277000,5.7971367300,5.7186644900,5.7284735200,18449105,108036604.2000,2.368200,-1.351400
2025-03-20,5.7579006100,5.8069457600,5.7186644900,5.7284735200,17740760,104078988.3000,2.277300,0.000000
2025-03-21,5.6892374000,5.7382825500,5.6500012800,5.7186644900,17411158,101084474.3200,2.235000,-0.171200
2025-03-24,5.7873277000,6.0521715100,5.7382825500,6.0325534500,63477571,380980261.3200,8.148300,5.488900
2025-03-25,5.9344631500,5.9540812100,5.7579006100,5.7775186700,36634245,217839859.2000,4.702600,-4.227600
2025-03-26,5.7480915800,5.9540812100,5.6598103100,5.9344631500,30502715,181395334.1500,3.915500,2.716500
2025-03-27,5.9148450900,6.0031263600,5.7775186700,5.7971367300,23648992,141158202.7400,3.035700,-2.314000
2025-03-28,5.7775186700,5.8069457600,5.6500012800,5.6598103100,20097264,117128256.8400,2.579800,-2.368900
2025-03-31,5.6009561300,5.6009561300,5.3753484400,5.4538206800,21541100,120558222.0000,2.765100,-3.639500
2025-04-01,5.4636297100,5.5028658300,5.4342026200,5.4440116500,15807500,88012378.0000,2.029100,-0.179900
2025-04-02,5.4145845600,5.4636297100,5.4047755300,5.4243935900,9062400,50200866.0000,1.163300,-0.360400
2025-04-03,5.3851574700,5.5813380700,5.3557303800,5.5224838900,16248763,91311434.6900,2.085800,1.808300
2025-04-07,5.3164942600,5.3361123200,4.9731782100,4.9731782100,22273500,115067669.0000,2.859100,-9.946700
2025-04-08,4.9535601500,5.4047755300,4.9535601500,5.3459213500,33822737,180015015.8200,4.341700,7.495100
2025-04-09,5.2576400800,5.5322929200,4.9829872400,5.4243935900,35476801,190336991.5600,4.554000,1.467900
2025-04-10,5.3851574700,5.9638902400,5.3851574700,5.9638902400,66885107,399575026.4300,8.585700,9.945800
2025-04-11,6.2581611400,6.4739598000,5.9736992700,6.1404527800,104348184,660861475.6200,13.394700,2.960500
2025-04-14,6.1208347200,6.2777792000,5.9442721800,6.1110256900,84746853,531243073.4600,10.878500,-0.479200
2025-04-15,6.1306437500,6.2287340500,5.9540812100,5.9835083000,48578795,300108439.5500,6.235800,-2.086700
2025-04-16,5.9246541200,6.0129353900,5.7873277000,5.9835083000,39216757,236851548.0100,5.034100,0.000000
2025-04-17,5.9246541200,6.1208347200,5.8854180000,6.0521715100,40358303,248050395.4300,5.180600,1.147500
2025-04-18,6.0914076300,6.3562514400,6.0325534500,6.2287340500,67141100,423281878.2500,8.618600,2.917300
2025-04-21,6.2091159900,6.6995674900,6.1306437500,6.3268243500,73891729,476185531.6500,9.485100,1.574800
2025-04-22,6.2091159900,6.6407133100,6.1796889000,6.6014771900,72652977,475263357.5900,9.326100,4.341100
2025-04-23,6.4739598000,6.4739598000,6.1502618100,6.1796889000,61528399,393657125.4200,7.898100,-6.389300
2025-04-24,6.1796889000,6.3268243500,5.9736992700,6.0619805400,44590363,276854141.9700,5.723900,-1.904800
2025-04-25,6.0129353900,6.1404527800,5.9344631500,5.9638902400,35176500,216693357.0000,4.515400,-1.618100
2025-04-28,6.0423624800,6.1012166600,5.7186644900,5.7186644900,37105617,221291168.2800,4.763100,-4.111800
2025-04-29,5.6401922500,5.7677096400,5.6205741900,5.7186644900,20575502,119867176.6100,2.641200,0.000000
2025-04-30,5.7284735200,5.8756089700,5.5617200100,5.5617200100,28341801,164316405.6800,3.638100,-2.744400
2025-05-06,5.6107651600,5.6598103100,5.5617200100,5.6205741900,23903500,136542857.0000,3.068400,1.058200
2025-05-07,5.7579006100,5.9638902400,5.6696193400,5.7382825500,37240700,220294444.0000,4.780400,2.094200
2025-05-08,5.6892374000,5.8069457600,5.5911471000,5.7775186700,26546600,155381494.0000,3.407700,0.683800
2025-05-09,5.7873277000,5.7873277000,5.5715290400,5.5911471000,22331500,128267258.0000,2.866600,-3.225800
2025-05-12,5.6009561300,5.6401922500,5.4832477700,5.5519109800,19027510,107369775.9000,2.442500,-0.701800
2025-05-13,5.6009561300,5.6892374000,5.5617200100,5.6303832200,22785102,130785572.4800,2.924800,1.413400
2025-05-14,5.6009561300,5.6598103100,5.5126748600,5.6500012800,15893422,90679816.8400,2.040200,0.348400
2025-05-15,5.6303832200,5.6990464300,5.5911471000,5.5911471000,17449895,100331223.3500,2.240000,-1.041700
2025-05-16,5.6009561300,5.7284735200,5.5322929200,5.6598103100,23209400,133042828.0000,2.979300,1.228100
2025-05-19,5.6696193400,5.7677096400,5.6303832200,5.7480915800,21734502,126461571.5800,2.790000,1.559800
2025-05-20,5.7382825500,5.7775186700,5.6990464300,5.7579006100,14503600,84949421.0000,1.861800,0.170600
2025-05-21,5.7480915800,5.7677096400,5.6500012800,5.7088554600,17118530,99425717.0000,2.197400,-0.851800
2025-05-22,5.7088554600,5.7186644900,5.5322929200,5.5421019500,16389700,93746587.0000,2.103900,-2.921000
2025-05-23,5.5421019500,5.5813380700,5.4440116500,5.4538206800,11998800,67413792.0000,1.540200,-1.592900
2025-05-26,5.4243935900,5.5126748600,5.4047755300,5.4930568000,10039975,55963043.7500,1.288800,0.719400
2025-05-27,5.4930568000,5.5421019500,5.4734387400,5.5421019500,9005275,50603650.5000,1.156000,0.892900
2025-05-28,5.5519109800,5.6009561300,5.5224838900,5.5519109800,10549600,59817036.0000,1.354200,0.177000
2025-05-29,5.5617200100,5.5911471000,5.4832477700,5.5715290400,12552379,71101088.1700,1.611300,0.353400
2025-05-30,5.5715290400,5.5813380700,5.4734387400,5.4734387400,9713000,54576507.0000,1.246800,-1.760600
2025-06-03,5.4243935900,5.5519109800,5.4243935900,5.5322929200,9202200,51729041.0000,1.181200,1.075300
2025-06-04,5.5322929200,5.6696193400,5.5028658300,5.6107651600,14926100,84969839.0000,1.916000,1.418400
2025-06-05,5.5911471000,5.6303832200,5.5028658300,5.5322929200,14329178,81150856.0400,1.839400,-1.398600
2025-06-06,5.5322929200,5.5322929200,5.4832477700,5.5126748600,7897478,44336107.5800,1.013800,-0.354600
2025-06-09,5.5224838900,5.5813380700,5.5028658300,5.5617200100,10139600,57357632.0000,1.301600,0.889700
2025-06-10,5.5715290400,5.5813380700,5.4440116500,5.5126748600,12443510,70066600.2000,1.597300,-0.881800
2025-06-11,5.5322929200,5.6303832200,5.5126748600,5.5911471000,13611900,77657359.0000,1.747300,1.423500
2025-06-12,5.5911471000,5.6009561300,5.5224838900,5.5519109800,8671000,49136427.0000,1.113100,-0.701800
2025-06-13,5.5421019500,5.5421019500,5.4342026200,5.4636297100,12993596,72560142.7200,1.667900,-1.590100
2025-06-16,5.4440116500,5.5421019500,5.4342026200,5.5126748600,8155296,45750966.5600,1.046900,0.897700
2025-06-17,5.5224838900,5.5322929200,5.4636297100,5.4832477700,5898600,33028229.0400,0.757200,-0.533800
2025-06-18,5.4636297100,5.4734387400,5.4047755300,5.4145845600,7728400,42738613.0000,0.992100,-1.252200
2025-06-19,5.4145845600,5.4145845600,5.2870671700,5.2968762000,9219200,50130739.0000,1.183400,-2.173900
2025-06-20,5.2772581400,5.3459213500,5.2772581400,5.2968762000,4935431,26740915.6400,0.633500,0.000000
2025-06-23,5.2674491100,5.3557303800,5.2478310500,5.3361123200,5417925,29348898.2500,0.695500,0.740700
2025-06-24,5.3459213500,5.4832477700,5.3361123200,5.4538206800,8824200,48841230.0000,1.132700,2.205900
2025-06-25,5.5715290400,5.6205741900,5.4636297100,5.5519109800,18266174,103189102.8000,2.344700,1.798600
2025-06-26,5.5224838900,5.6107651600,5.4734387400,5.5617200100,14551500,82255095.0000,1.867900,0.176700
2025-06-27,5.5617200100,5.5911471000,5.5421019500,5.5617200100,9786700,55581255.0000,1.256300,0.000000
2025-06-30,5.5715290400,5.5813380700,5.5126748600,5.5519109800,8982000,50697223.0000,1.153000,-0.176400
2025-07-01,5.5421019500,5.5617200100,5.4930568000,5.5421019500,8770100,49434674.0000,1.125800,-0.176700
2025-07-02,5.5421019500,5.5813380700,5.5224838900,5.5617200100,9759805,55312662.3500,1.252800,0.354000
2025-07-03,5.5617200100,5.5813380700,5.5421019500,5.5715290400,6248600,35450526.0000,0.802100,0.176400
2025-07-04,5.5715290400,5.5813380700,5.5028658300,5.5322929200,13379000,75596633.0000,1.717400,-0.704200
2025-07-07,5.5126748600,5.5813380700,5.5028658300,5.5715290400,7688400,43553612.0000,0.986900,0.709200
2025-07-08,5.5813380700,5.6500012800,5.5715290400,5.6009561300,13133200,75040318.0000,1.685800,0.528200
2025-07-09,5.6107651600,5.6598103100,5.6009561300,5.6205741900,14555450,83470407.5000,1.868400,0.350300
2025-07-10,5.6107651600,5.6598103100,5.6107651600,5.6500012800,12237289,70435770.6400,1.570800,0.523600
2025-07-11,5.6800000000,5.7100000000,5.6100000000,5.6700000000,14482900,82002586.0000,1.859100,0.354000
2025-07-14,5.6600000000,5.6900000000,5.6400000000,5.6800000000,11858549,67181783.3300,1.522200,0.176400
2025-07-15,5.6800000000,5.6900000000,5.5200000000,5.5500000000,14656800,81686027.0000,1.881400,-2.288700
2025-07-16,5.5600000000,5.6200000000,5.5500000000,5.6000000000,8524125,47696966.7500,1.094200,0.900900
2025-07-17,5.6100000000,5.6900000000,5.5700000000,5.6200000000,10201400,57383094.0000,1.309500,0.357100
2025-07-18,5.6200000000,5.6400000000,5.5800000000,5.6200000000,9329100,52270072.0000,1.197500,0.000000
2025-07-21,5.6300000000,5.7300000000,5.6200000000,5.7000000000,16336099,92831630.3800,2.097000,1.423500
2025-07-22,5.7100000000,5.7400000000,5.6600000000,5.7300000000,11198200,63814195.0000,1.437500,0.526300
2025-07-23,5.7200000000,5.7800000000,5.6900000000,5.7100000000,14221100,81657718.0000,1.825500,-0.349000
2025-07-24,5.7100000000,5.8000000000,5.7100000000,5.7800000000,15462350,89111208.5000,1.984800,1.225900
2025-07-25,5.7900000000,5.8000000000,5.7300000000,5.7400000000,8650300,49786721.0000,1.110400,-0.692000
2025-07-28,5.7600000000,5.8000000000,5.7300000000,5.7600000000,9031700,52081767.0000,1.159400,0.348400
2025-07-29,5.7700000000,5.7800000000,5.6200000000,5.6800000000,13061152,74014959.3200,1.676600,-1.388900
2025-07-30,5.6700000000,5.7500000000,5.6400000000,5.7100000000,13790299,78507809.3100,1.770200,0.528200
2025-07-31,5.7000000000,5.7500000000,5.6000000000,5.7300000000,26830752,151913185.3600,3.444100,0.350300
2025-08-01,5.6800000000,5.7000000000,5.5800000000,5.5800000000,23246900,130523145.0000,2.984100,-2.617800
2025-08-04,5.5500000000,5.5600000000,5.4900000000,5.5400000000,13203299,72914163.4700,1.694800,-0.716800
2025-08-05,5.5300000000,5.7300000000,5.5300000000,5.6200000000,19371500,109106709.0000,2.486600,1.444000
2025-08-06,5.6300000000,5.6400000000,5.5800000000,5.6100000000,10748575,60211519.2500,1.379700,-0.177900
2025-08-07,5.6000000000,5.6300000000,5.5800000000,5.6100000000,9242900,51825503.0000,1.186500,0.000000
2025-08-08,5.5900000000,5.6900000000,5.5900000000,5.6800000000,12656007,71588321.8500,1.624600,1.247800
2025-08-11,5.6800000000,5.7200000000,5.6400000000,5.7100000000,12173502,69268108.3200,1.562700,0.528200
2025-08-12,5.8100000000,6.2800000000,5.8100000000,6.2800000000,98018675,613269396.0800,12.582200,9.982500
2025-08-13,6.9100000000,6.9100000000,6.5000000000,6.9100000000,109653664,747428211.2300,14.075700,10.031800
2025-08-14,6.8600000000,6.9500000000,6.2200000000,6.2200000000,142774132,921385541.4500,18.327200,-9.985500
2025-08-15,6.1600000000,6.2000000000,5.9700000000,6.0800000000,84855774,513977880.2200,10.892500,-2.250800
2025-08-18,6.0700000000,6.0900000000,6.0100000000,6.0600000000,53063825,321006801.5000,6.811500,-0.328900
2025-08-19,6.0400000000,6.2000000000,6.0300000000,6.1000000000,45241797,276432195.2400,5.807500,0.660100
2025-08-20,6.0200000000,6.1900000000,5.9700000000,6.1600000000,56005313,339600395.5000,7.189100,0.983600
2025-08-21,6.1600000000,6.2000000000,6.0900000000,6.1200000000,38749368,237524282.6700,4.974100,-0.649400
2025-08-22,6.1000000000,6.1600000000,6.0600000000,6.1300000000,28067826,171528092.6200,3.602900,0.163400
2025-08-25,6.1300000000,6.2100000000,6.1000000000,6.1600000000,36890361,226707163.2800,4.735400,0.489400
2025-08-26,6.1300000000,6.2200000000,6.1000000000,6.1800000000,29488100,182122127.0000,3.785200,0.324700
2025-08-27,6.1500000000,6.2000000000,6.0200000000,6.0200000000,31439876,192229442.1900,4.035800,-2.589000
2025-08-28,6.0600000000,6.1500000000,5.9800000000,6.1200000000,30798126,187405738.8000,3.953400,1.661100
2025-08-29,6.1200000000,6.2200000000,6.0900000000,6.1700000000,34102964,210413834.0000,4.377600,0.817000
2025-09-01,6.1400000000,6.2500000000,6.0800000000,6.2100000000,33290350,206100458.0000,4.273300,0.648300
2025-09-02,6.1900000000,6.3300000000,6.1300000000,6.1900000000,46374901,288647377.1500,5.952900,-0.322100
2025-09-03,6.1500000000,6.2500000000,6.0000000000,6.0400000000,31468200,192213697.0000,4.039400,-2.423300
2025-09-04,6.0500000000,6.2200000000,5.9900000000,6.1800000000,43689696,268925178.9300,5.608200,2.317900
2025-09-05,6.2000000000,6.2200000000,6.0100000000,6.1800000000,33324900,203697115.5400,4.277800,0.000000
2025-09-08,6.1300000000,6.2200000000,6.1000000000,6.1500000000,28636746,176371605.6600,3.676000,-0.485400
2025-09-09,6.1500000000,6.2500000000,6.1100000000,6.2200000000,36260965,224296808.0700,4.654600,1.138200
2025-09-10,6.2000000000,6.4300000000,6.1800000000,6.4200000000,56761887,359852748.4900,7.286200,3.215400
2025-09-11,6.4200000000,6.5800000000,6.2700000000,6.3500000000,48724000,310514107.0000,6.254500,-1.090300
2025-09-12,6.3900000000,6.4900000000,6.3200000000,6.3700000000,37977126,242482886.9000,4.874900,0.315000
2025-09-15,6.3600000000,6.3700000000,6.2400000000,6.3000000000,26778782,168196013.7600,3.437500,-1.098900
2025-09-16,6.3300000000,6.4000000000,6.2900000000,6.4000000000,29042771,184333506.7000,3.728100,1.587300
2025-09-17,6.4400000000,6.4400000000,6.2400000000,6.2600000000,31231249,196486985.0500,4.009000,-2.187500
2025-09-18,6.2500000000,6.2800000000,6.0500000000,6.1100000000,25145645,155570142.6900,3.227800,-2.396200
2025-09-19,6.0700000000,6.1000000000,5.9800000000,6.0800000000,18050061,108974476.2100,2.317000,-0.491000
2025-09-22,6.0400000000,6.1200000000,5.9900000000,6.0200000000,14603054,88059484.3200,1.874500,-0.986800
2025-09-23,6.0100000000,6.0100000000,5.7800000000,5.9100000000,22055400,129241289.0000,2.831100,-1.827200
2025-09-24,5.8700000000,5.9400000000,5.8500000000,5.9400000000,11967267,70789878.3100,1.536200,0.507600
2025-09-25,5.9500000000,5.9500000000,5.8500000000,5.8700000000,11596200,68304066.0000,1.488500,-1.178500
2025-09-26,5.8600000000,6.0500000000,5.8300000000,5.9100000000,15332952,91198306.3000,1.968200,0.681400
2025-09-29,5.9000000000,5.9300000000,5.7800000000,5.9200000000,15273016,89385181.9200,1.960500,0.169200
2025-09-30,5.9200000000,5.9800000000,5.8900000000,5.9200000000,10026766,59455952.3800,1.287100,0.000000
2025-10-09,5.9300000000,6.0400000000,5.8700000000,6.0100000000,15460834,92187369.8200,1.984600,1.520300
2025-10-10,6.0600000000,6.4200000000,6.0400000000,6.3400000000,50205860,314515972.2400,6.444700,5.490800
2025-10-13,6.4300000000,6.9700000000,6.3700000000,6.9700000000,62033599,423695947.2800,7.963000,9.936900
2025-10-14,7.2500000000,7.6400000000,7.1000000000,7.1100000000,122130704,892881426.2000,15.677300,2.008600
2025-10-15,7.2300000000,7.6500000000,7.0000000000,7.3200000000,107385247,789661884.9200,13.784500,2.953600
2025-10-16,7.3200000000,8.0000000000,7.1300000000,7.5600000000,110168700,845044092.9000,14.141800,3.278700
2025-10-17,7.4200000000,7.8300000000,7.3100000000,7.3100000000,98761178,742085697.3000,12.677500,-3.306900
2025-10-20,7.4500000000,7.4600000000,7.1600000000,7.2100000000,73317224,532389253.1900,9.411400,-1.368000
2025-10-21,7.2400000000,7.7400000000,7.1500000000,7.4900000000,75940100,566615338.5000,9.748100,3.883500
2025-10-22,7.3800000000,8.2200000000,7.3000000000,7.8000000000,123402788,956146792.0000,15.840600,4.138900
2025-10-23,7.8600000000,7.9800000000,7.2400000000,7.3800000000,76558139,571967546.9600,9.827400,-5.384600
2025-10-24,7.4700000000,7.6200000000,7.1400000000,7.2800000000,74600466,549755239.0200,9.576100,-1.355000
2025-10-27,7.2700000000,7.3300000000,7.1200000000,7.1800000000,46566712,334847470.4600,5.977500,-1.373600
2025-10-28,7.1700000000,7.3200000000,7.0600000000,7.1000000000,35250727,251847695.7900,4.525000,-1.114200
2025-10-29,7.0700000000,7.1300000000,6.9100000000,7.0900000000,29983038,211108612.3700,3.848800,-0.140800
2025-10-30,7.0700000000,7.0700000000,6.8500000000,6.8500000000,28834523,199686224.7400,3.701300,-3.385000
2025-10-31,6.9000000000,6.9100000000,6.6300000000,6.7000000000,37938803,254625624.2700,4.870000,-2.189800
2025-11-03,6.6400000000,6.6800000000,6.5400000000,6.6300000000,26059099,171591020.9600,3.345100,-1.044800
2025-11-04,6.6100000000,6.6600000000,6.5500000000,6.6100000000,20026712,132176021.3400,2.570700,-0.301700
2025-11-05,6.5700000000,6.6900000000,6.4900000000,6.6400000000,23668553,157052263.9600,3.038200,0.453900
2025-11-06,6.6100000000,6.6500000000,6.5100000000,6.5700000000,18962890,124219920.5000,2.434200,-1.054200
2025-11-07,6.5600000000,6.5900000000,6.5100000000,6.5300000000,14117344,92381406.3000,1.812200,-0.608800
2025-11-10,6.5100000000,6.9600000000,6.4800000000,6.8300000000,53202070,358708743.8500,6.829300,4.594200
2025-11-11,6.8100000000,6.9600000000,6.7300000000,6.9400000000,43328739,297066371.2600,5.561900,1.610500
2025-11-12,6.9400000000,7.1200000000,6.8500000000,7.0200000000,45637305,319127558.5100,5.858200,1.152700
2025-11-13,6.9500000000,7.4400000000,6.7600000000,7.1600000000,59816591,422702551.0200,7.678400,1.994300
2025-11-14,7.1700000000,7.3100000000,7.0400000000,7.0400000000,44455285,318551851.2900,5.706500,-1.676000
2025-11-17,7.0600000000,7.7000000000,7.0000000000,7.4800000000,70177694,513961791.4300,9.008400,6.250000
2025-11-18,7.3500000000,7.4000000000,7.0400000000,7.1700000000,42393917,304096561.6900,5.441900,-4.144400
2025-11-19,7.1800000000,7.4200000000,7.0200000000,7.1600000000,49123606,354256921.7300,6.305800,-0.139500
2025-11-20,7.0900000000,7.8800000000,6.9100000000,7.8200000000,108863179,830770471.0200,13.974200,9.217900
2025-11-21,7.3800000000,7.4400000000,7.0400000000,7.0400000000,79450186,568428466.6200,10.198600,-9.974400
2025-11-24,6.8600000000,6.9200000000,6.3900000000,6.5100000000,69799826,460072601.5600,8.959900,-7.528400
2025-11-25,6.6000000000,6.8300000000,6.5600000000,6.7500000000,51674399,346957221.5600,6.633200,3.686600
2025-11-26,6.7200000000,6.8200000000,6.6500000000,6.7600000000,43748800,295122850.8200,5.615800,0.148100
2025-11-27,6.9300000000,7.0500000000,6.7000000000,6.7000000000,40634714,279074897.2000,5.216100,-0.887600
2025-11-28,6.8100000000,7.3300000000,6.5900000000,7.2000000000,78792840,554710988.9300,10.114300,7.462700
2025-12-01,7.2000000000,7.3400000000,7.1300000000,7.2400000000,54707641,396232201.3000,7.022600,0.555600
2025-12-02,7.1800000000,7.9600000000,7.1100000000,7.5600000000,89021130,683731929.2600,11.427200,4.419900
2025-12-03,7.6100000000,8.3200000000,7.4900000000,7.9700000000,156391906,1256601917.0400,20.075300,5.423300
2025-12-04,7.9000000000,8.3200000000,7.5100000000,7.6800000000,140415358,1102077313.3200,18.024400,-3.638600
2025-12-05,7.8000000000,8.0900000000,7.6200000000,7.7300000000,90192942,703230889.7500,11.577600,0.651000
2025-12-08,7.6900000000,8.1700000000,7.6500000000,7.9600000000,89690569,710375277.9800,11.513100,2.975400
2025-12-09,8.0700000000,8.2600000000,7.9700000000,8.0100000000,74551441,603261361.3800,9.569800,0.628100
2025-12-10,7.9600000000,8.2600000000,7.8200000000,7.9300000000,77421213,619510543.4800,9.938200,-0.998800
2025-12-11,8.0000000000,8.0400000000,7.6000000000,7.6500000000,55884910,434048300.7200,7.173700,-3.530900
2025-12-12,7.6600000000,7.7500000000,7.4000000000,7.5700000000,41879306,316541600.2800,5.375800,-1.045800
2025-12-15,7.6300000000,7.9300000000,7.4400000000,7.6200000000,50878763,388894949.7700,6.531100,0.660500
2025-12-16,7.5600000000,7.9400000000,7.4300000000,7.4700000000,60267368,461645968.2200,7.736200,-1.968500
2025-12-17,7.4700000000,7.6900000000,7.2900000000,7.5200000000,49196824,369224725.3300,6.315200,0.669300
2025-12-18,7.4500000000,7.7900000000,7.3200000000,7.5700000000,44284466,334607614.9800,5.684600,0.664900
2025-12-19,7.5800000000,8.3300000000,7.4000000000,8.3300000000,97304746,780713573.4400,12.490500,10.039600
2025-12-22,8.5100000000,9.0900000000,8.2900000000,8.7700000000,161747312,1390119293.4400,20.762700,5.282100
2025-12-23,8.6600000000,8.7500000000,8.3500000000,8.4900000000,101862527,866009954.6400,13.075600,-3.192700
2025-12-24,8.4800000000,8.6400000000,8.2900000000,8.3600000000,78201870,657748652.5100,10.038400,-1.531200
2025-12-25,8.3200000000,8.4200000000,8.1000000000,8.2300000000,69367450,570774316.2800,8.904400,-1.555000
2025-12-26,8.2600000000,8.5800000000,8.0800000000,8.1200000000,67020565,554500620.4900,8.603100,-1.336600
2025-12-29,8.1800000000,8.2600000000,7.7800000000,7.8200000000,58795310,466508499.4400,7.547300,-3.694600
2025-12-30,7.7100000000,7.9500000000,7.6500000000,7.8400000000,49935075,390093746.7000,6.409900,0.255800
2025-12-31,8.4200000000,8.6200000000,8.0700000000,8.1000000000,114957761,962076530.0100,14.756600,3.316300
2026-01-05,8.0800000000,8.1800000000,7.7500000000,7.8600000000,75794643,597894336.8400,9.729400,-2.963000
2026-01-06,7.7800000000,8.1500000000,7.7800000000,8.0400000000,57494909,460150270.9400,7.380300,2.290100
2026-01-07,8.0000000000,8.1600000000,7.9400000000,7.9800000000,47457399,380962415.6800,6.091900,-0.746300
2026-01-08,7.8500000000,7.9500000000,7.8100000000,7.8600000000,47692369,375390741.9200,6.122000,-1.503800
2026-01-09,7.8500000000,8.2700000000,7.7600000000,8.2600000000,77336942,618889184.8100,9.927400,5.089100
2026-01-12,8.2000000000,8.4000000000,8.0900000000,8.3600000000,65174886,537838229.9600,8.366200,1.210700
2026-01-13,8.3100000000,8.4900000000,7.9800000000,8.0000000000,56119820,461065697.7200,7.203800,-4.306200
2026-01-14,7.9600000000,8.1800000000,7.7400000000,7.8800000000,49858233,397666588.5500,6.400100,-1.500000
2026-01-15,7.8800000000,8.4100000000,7.8700000000,8.2800000000,71317047,584639330.8200,9.154600,5.076100
2026-01-16,8.2500000000,8.5600000000,8.1400000000,8.3800000000,69829001,584196900.6300,8.963600,1.207700
2026-01-19,8.4100000000,8.5500000000,8.3300000000,8.3700000000,48779811,410709354.6900,6.261600,-0.119300
2026-01-20,8.3800000000,9.2100000000,8.3000000000,9.2100000000,96970592,859986420.3800,12.447600,10.035800
2026-01-21,9.2000000000,9.4900000000,8.8600000000,8.9300000000,107568941,977954251.4400,13.808100,-3.040200
2026-01-22,8.8800000000,8.9800000000,8.5600000000,8.6300000000,69974521,609494850.3000,8.982300,-3.359500
2026-01-23,8.6400000000,8.6700000000,8.5600000000,8.6100000000,47551510,409671982.4300,6.104000,-0.231700
2026-01-26,8.5700000000,8.7600000000,8.4300000000,8.4900000000,49889966,428356008.0800,6.404100,-1.393700
2026-01-27,8.4100000000,8.4500000000,8.1300000000,8.3300000000,42239066,350461014.9400,5.422000,-1.884600
2026-01-28,8.3100000000,8.4900000000,8.2900000000,8.4100000000,38518292,324201879.4000,4.944400,0.960400
2026-01-29,8.4200000000,8.4600000000,8.0200000000,8.1400000000,43363381,354627597.3100,5.566300,-3.210500
2026-01-30,8.1200000000,8.2000000000,7.9800000000,8.0600000000,27595784,222377294.8300,3.542300,-0.982800
2026-02-02,8.0500000000,8.1800000000,7.9300000000,7.9800000000,21057314,170151653.3400,2.703000,-0.992600
2026-02-03,8.0700000000,8.2200000000,8.0000000000,8.2200000000,23998699,194856463.4100,3.080600,3.007500
2026-02-04,8.2200000000,8.4700000000,8.1500000000,8.4700000000,35107573,293714423.2200,4.506600,3.041400
2026-02-05,8.4700000000,8.7900000000,8.3000000000,8.6500000000,50549057,432773501.6800,6.488700,2.125100
2026-02-06,8.5000000000,8.5900000000,8.3200000000,8.3800000000,34052829,286892196.0400,4.371200,-3.121400
2026-02-09,8.4000000000,8.4300000000,8.2600000000,8.3600000000,21887286,182202153.7200,2.809600,-0.238700
2026-02-10,8.3500000000,8.3600000000,8.2000000000,8.2500000000,21490192,177171839.8900,2.758600,-1.315800
2026-02-11,8.2600000000,8.4900000000,8.1900000000,8.3000000000,20664810,172179812.2400,2.652600,0.606100
2026-02-12,8.2300000000,8.4700000000,8.1200000000,8.3600000000,32540682,269622669.3600,4.177100,0.722900
2026-02-13,8.3100000000,8.3800000000,8.0300000000,8.0300000000,26012788,213470091.6600,3.339100,-3.947400
2026-02-24,8.0700000000,8.3500000000,8.0400000000,8.2300000000,27398247,224297833.8200,3.517000,2.490700
2026-02-25,8.2100000000,8.2200000000,8.0500000000,8.0900000000,24711903,200888053.3300,3.172100,-1.701100
2026-02-26,8.0900000000,8.1000000000,7.8000000000,7.8100000000,31817618,251292486.7600,4.084300,-3.461100
2026-02-27,7.8000000000,7.8900000000,7.7900000000,7.8800000000,13842888,108571154.7200,1.776900,0.896300
2026-03-02,7.7500000000,7.7500000000,7.5000000000,7.5800000000,23944436,182191833.5700,3.073600,-3.807100
2026-03-03,7.5800000000,7.6600000000,7.3300000000,7.3400000000,22371055,167163565.6800,2.871700,-3.166200
2026-03-04,7.2600000000,7.3900000000,7.1900000000,7.2800000000,16630193,121307960.1000,2.134700,-0.817400
2026-03-05,7.4100000000,7.4700000000,7.2800000000,7.3000000000,14454803,106572394.7200,1.855500,0.274700
2026-03-06,7.2700000000,7.5400000000,7.2600000000,7.4900000000,16699201,124558126.0500,2.143600,2.602700
2026-03-09,7.2900000000,7.4100000000,7.2000000000,7.3500000000,16589853,120735866.2100,2.129600,-1.869200
2026-03-10,7.4000000000,7.4900000000,7.4000000000,7.4500000000,10019885,74581306.7200,1.286200,1.360500
2026-03-11,7.4400000000,7.4900000000,7.3600000000,7.4100000000,11100471,82324025.0200,1.424900,-0.536900
2026-03-12,7.4000000000,7.5400000000,7.3400000000,7.4700000000,13134806,97572276.8300,1.686100,0.809700
2026-03-13,7.4500000000,7.5200000000,7.3000000000,7.3200000000,12991500,96285378.0000,1.667700,-2.008000
2026-03-16,7.2600000000,7.4000000000,7.2100000000,7.3800000000,10455041,76604914.3500,1.342100,0.819700
2026-03-17,7.3800000000,7.4800000000,7.2800000000,7.3100000000,11943818,88204140.3000,1.533200,-0.948500
2026-03-18,7.2600000000,7.4500000000,7.2200000000,7.4100000000,15335302,112585112.7400,1.968500,1.368000
2026-03-19,7.3100000000,7.3500000000,7.1100000000,7.1400000000,14488173,104333811.5800,1.859800,-3.643700
2026-03-20,7.1600000000,7.2000000000,6.8300000000,6.8500000000,20579235,143454226.4000,2.641700,-4.061600
2026-03-23,6.7300000000,6.7600000000,6.3600000000,6.3800000000,23916640,156738892.5900,3.070100,-6.861300
2026-03-24,6.5100000000,6.7600000000,6.4400000000,6.7500000000,26413072,175094037.2800,3.390500,5.799400
2026-03-25,6.7600000000,6.8500000000,6.7100000000,6.8000000000,12258300,83150984.0000,1.573500,0.740700
2026-03-26,6.7800000000,6.8700000000,6.7100000000,6.7500000000,8761500,59320346.0000,1.124700,-0.735300
2026-03-27,6.6700000000,6.8200000000,6.6600000000,6.8100000000,7142620,48464444.0000,0.916900,0.888900
2026-03-30,6.7100000000,6.8400000000,6.7100000000,6.8200000000,6619180,44978453.8400,0.849700,0.146800
2026-03-31,6.8400000000,6.9300000000,6.6700000000,6.7000000000,12394072,84384923.6400,1.591000,-1.759500
2026-04-01,6.7900000000,6.8300000000,6.6200000000,6.6600000000,17790345,118848224.5300,2.283700,-0.597000
2026-04-02,6.6600000000,6.6600000000,6.5000000000,6.5400000000,8535983,56047318.2000,1.095700,-1.801800
2026-04-03,6.5300000000,6.5800000000,6.3700000000,6.3800000000,9935159,63894750.1000,1.275300,-2.446500
2026-04-07,6.3800000000,6.4800000000,6.3500000000,6.4400000000,7266081,46660838.8300,0.932700,0.940400
2026-04-08,6.5500000000,6.7200000000,6.5400000000,6.7100000000,12411182,82388241.7400,1.593200,4.192500
2026-04-09,6.6400000000,6.6800000000,6.5300000000,6.5500000000,8476282,55766864.2100,1.088100,-2.384500
2026-04-10,6.6000000000,6.7000000000,6.5900000000,6.6500000000,8853033,58966113.7700,1.136400,1.526700
2026-04-13,6.6300000000,6.6400000000,6.5600000000,6.6000000000,7457100,49143094.0000,0.957200,-0.751900
2026-04-14,6.6500000000,6.6600000000,6.5200000000,6.6300000000,11126887,73322584.2400,1.428300,0.454500
2026-04-15,6.6300000000,6.6500000000,6.5300000000,6.5500000000,7870600,51866641.0000,1.010300,-1.206600
2026-04-16,6.5700000000,6.6900000000,6.5200000000,6.6800000000,12878600,85403086.0000,1.653200,1.984700
2026-04-17,6.6800000000,6.7300000000,6.5800000000,6.7000000000,13785700,91850820.0000,1.769600,0.299400
2026-04-20,6.6500000000,6.6700000000,6.4000000000,6.4500000000,19059000,123226975.0000,2.446500,-3.731300
2026-04-21,6.4500000000,6.5400000000,6.4100000000,6.4800000000,12231305,78906866.2000,1.570100,0.465100
2026-04-22,6.4400000000,6.5200000000,6.3600000000,6.4900000000,10857021,69870609.4000,1.393700,0.154300
2026-04-23,6.4700000000,6.4700000000,6.3400000000,6.3900000000,11732483,74965186.5400,1.506000,-1.540800
2026-04-24,6.3700000000,6.3800000000,6.2400000000,6.3100000000,10337786,65209101.6100,1.327000,-1.252000
2026-04-27,6.3400000000,6.5300000000,6.2700000000,6.4600000000,14573583,93789014.8400,1.870700,2.377200
2026-04-28,6.4200000000,6.4600000000,6.2800000000,6.3600000000,11997000,76332939.0000,1.540000,-1.548000
2026-04-29,6.3700000000,6.6000000000,6.3300000000,6.5500000000,15606100,101973003.0000,2.003300,2.987400
2026-04-30,6.5400000000,6.8100000000,6.5100000000,6.6900000000,17622991,117047068.4900,2.262200,2.137400
