date,open,high,low,close,volume,amount,turn,pctChg
2016-03-28,9.8088729200,10.6997051700,9.8088729200,10.6997051700,16800,553514.0000,0.056000,43.984300
2016-03-29,11.7687038700,11.7687038700,11.7687038700,11.7687038700,7316,265790.0000,0.024387,9.990900
2016-03-30,12.9446024400,12.9446024400,12.9446024400,12.9446024400,3800,151848.0000,0.012667,9.991700
2016-03-31,14.2403584400,14.2403584400,14.2403584400,14.2403584400,14900,655004.0000,0.049667,10.010000
2016-04-01,15.6656900400,15.6656900400,15.6656900400,15.6656900400,35500,1716780.0000,0.118333,10.009100
2016-04-05,17.2335548000,17.2335548000,17.2335548000,17.2335548000,35877,1908656.0000,0.119590,10.008300
2016-04-06,18.9569102800,18.9569102800,18.9569102800,18.9569102800,67059,3924292.0000,0.223530,10.000000
2016-04-07,20.8519534300,20.8519534300,20.8519534300,20.8519534300,148876,9583148.0000,0.496253,9.996600
2016-04-08,22.9381205900,22.9381205900,22.9381205900,22.9381205900,347968,24639614.0000,1.159893,10.004700
2016-04-11,25.2316087100,25.2316087100,24.1528918400,25.2316087100,16440418,1265445248.0000,54.801393,9.998600
2016-04-12,24.9335848300,27.7291784000,24.8461213000,26.1645530300,15812539,1282174048.0000,52.708463,3.697500
2016-04-13,25.5911810000,27.6967845000,25.2704813900,26.2001863200,12880327,1050060256.0000,42.934423,0.136200
2016-04-14,26.2358196100,28.8208528300,26.0187804800,28.8208528300,10923243,934488432.0000,36.410810,10.002500
2016-04-15,29.8023880000,30.7094172000,28.8694436800,28.9180345300,14015188,1281902992.0000,46.717293,0.337200
2016-04-18,27.7226996200,28.1502991000,26.2455377800,27.2789031900,7469669,632204560.0000,24.898897,-5.668200
2016-04-19,27.5315756100,28.7657832000,27.3566485500,27.8652327800,6465379,559199136.0000,21.551263,2.149400
2016-04-20,27.6967845000,28.0790325200,25.5458295400,27.3598879400,8120092,677990112.0000,27.066973,-1.813500
2016-04-21,26.7411644500,27.2529880700,25.9507532900,25.9799078000,5214662,429028224.0000,17.382207,-5.043800
2016-04-22,25.5911810000,26.2163832700,25.3320298000,26.1289197400,4182670,333075840.0000,13.942233,0.573600
2016-04-25,25.9151200000,25.9928653600,24.6776730200,25.6235749000,4181038,327243104.0000,13.936793,-1.934100
2016-04-26,25.3935782100,27.7129814500,25.3320298000,27.3048183100,6124146,501255168.0000,20.413820,6.561300
2016-04-27,26.8869370000,27.3048183100,26.5306041000,26.5435616600,4592569,381330016.0000,15.308563,-2.788000
2016-04-28,26.4010285000,27.0974973500,25.6559688000,26.7735583500,4335482,353526688.0000,14.451607,0.866500
2016-04-29,26.4852526400,26.5046889800,25.9248381700,26.0187804800,3141891,254064187.0000,10.472970,-2.819100
2016-05-03,25.9183593900,27.0489065000,25.5523083200,26.9776399200,4382991,358395376.0000,14.609970,3.685300
2016-05-04,26.6601797000,27.1784821000,26.6245464100,26.8545431000,4277141,354691680.0000,14.257137,-0.456300
2016-05-05,26.9938368700,27.1784821000,26.5468010500,27.0003156500,4346163,360729984.0000,14.487210,0.542800
2016-05-06,27.0748216200,27.4991817100,25.7531505000,25.7563898900,6255863,515095808.0000,20.852877,-4.607100
2016-05-09,25.2769601700,25.4065357700,23.9326133200,24.0038799000,4229347,319292976.0000,14.097823,-6.804200
2016-05-10,23.9747253900,24.3245795100,23.8419104000,23.9552890500,2166546,160865611.0000,7.221820,-0.202400
2016-05-11,24.1917645200,24.2630311000,22.8538964500,22.8733327900,2914006,211046437.0000,9.713353,-4.516600
2016-05-12,22.4133394100,22.4748878200,21.7233493400,22.4101000200,2652235,181138008.0000,8.840783,-2.025200
2016-05-13,22.2546093000,22.6724906100,22.1898215000,22.3517910000,2100537,145696947.0000,7.001790,-0.260200
2016-05-16,22.4165788000,22.9607963200,22.2578486900,22.9575569300,2179142,152590315.0000,7.263807,2.710100
2016-05-17,22.9996690000,23.0158659500,22.5137605000,22.6368573200,2520728,176970221.0000,8.402427,-1.396900
2016-05-18,22.4489727000,22.4489727000,21.0236411000,21.2050469400,2687581,179604876.0000,8.958603,-6.325100
2016-05-19,21.2989892500,22.1185549200,21.2989892500,21.6067313000,2185466,146959239.0000,7.284887,1.894300
2016-05-20,21.1596954800,23.7674044300,21.0592743900,23.6345894400,4036377,280024816.0000,13.454590,9.385300
2016-05-23,23.5827592000,24.5059853500,23.2620595900,23.8710649100,4751453,351717312.0000,15.838177,1.000600
2016-05-24,23.6410682200,23.7641650400,22.9348812000,23.1648778900,3080720,220640887.0000,10.269067,-2.958300
2016-05-25,23.5017744500,24.1820463500,23.2588202000,23.4564229900,3319149,243273704.0000,11.063830,1.258600
2016-05-26,23.3074110500,24.0038799000,22.3129183200,24.0038799000,3581549,256275642.0000,11.938497,2.333900
2016-05-27,24.0621889200,24.9756969000,23.9390921000,24.2727492700,4675248,354085568.0000,15.584160,1.120100
2016-05-30,24.3278189000,26.5597586100,24.2954250000,25.7855444000,6410053,506293120.0000,21.366843,6.232500
2016-05-31,25.7855444000,27.4959423200,25.3158328500,26.9193309000,6143008,503358944.0000,20.476693,4.397000
2016-06-01,26.8318673700,28.5811379700,26.8318673700,27.3274940400,5619187,479787152.0000,18.730623,1.516200
2016-06-02,27.3015789200,27.9559357000,26.8869370000,27.8587540000,4580653,388438096.0000,15.268843,1.944000
2016-06-03,27.5672089000,30.6446294000,27.5672089000,30.6446294000,7401577,676713120.0000,24.671923,10.000000
2016-06-06,30.7742050000,31.2925074000,28.6686015000,29.7052063000,7917916,732936880.0000,26.393053,-3.065500
2016-06-07,29.3050005000,31.7352903000,28.9487532000,31.7011296000,13916028,873701120.0000,30.924507,6.719200
2016-06-08,30.7446300000,31.0471962000,28.9926741000,29.0365950000,12716425,774252112.0000,28.258722,-8.405200
2016-06-13,27.6701670000,27.7092078000,26.1329355000,26.1329355000,8097813,445468720.0000,17.995140,-10.000000
2016-06-14,25.1813160000,26.0255733000,24.5469030000,25.8401295000,6050216,315245376.0000,13.444924,-1.120400
2016-06-15,25.0251528000,27.3773610000,24.8104284000,26.7966291000,7424105,405750608.0000,16.498011,3.701600
2016-06-16,26.8893510000,27.3236799000,26.3525400000,26.5087032000,5631819,308764608.0000,12.515153,-1.074500
2016-06-17,26.6453460000,27.5481645000,26.6307057000,27.3871212000,7109447,395552080.0000,15.798771,3.313700
2016-06-20,27.3236799000,28.7681895000,26.5965450000,28.1435367000,9174400,524901200.0000,20.387556,2.761900
2016-06-21,28.2704193000,29.1244368000,27.8165700000,28.1337765000,9053792,526215920.0000,20.119538,-0.034700
2016-06-22,27.8556108000,28.6901079000,27.4652028000,28.2557790000,5739513,330765456.0000,12.754473,0.433700
2016-06-23,28.2606591000,29.6612478000,28.2606591000,29.0609955000,9017596,537426144.0000,20.039102,2.849700
2016-06-24,29.0317149000,29.0317149000,26.3623002000,27.7677690000,9852704,565079824.0000,21.894898,-4.450000
2016-06-27,27.6067257000,29.1829980000,27.3432003000,28.9389930000,7428054,435687680.0000,16.506787,4.217900
2016-06-28,28.9194726000,30.2517399000,28.2118581000,30.1590180000,10325763,620670336.0000,22.946140,4.215900
2016-06-29,30.0126150000,31.7206500000,29.5294851000,31.1984793000,12538306,790667424.0000,27.862902,3.446600
2016-06-30,30.1492578000,30.5152653000,28.8072303000,29.1829980000,10193985,620280992.0000,22.653300,-6.460200
2016-07-01,29.0853960000,30.5494260000,29.0853960000,30.1980588000,7628624,470364576.0000,16.952498,3.478300
2016-07-04,29.9638140000,31.5205659000,29.6222070000,31.1838390000,8285506,519872144.0000,18.412236,3.264400
2016-07-05,31.2228798000,32.6771496000,31.1838390000,32.1500988000,11434756,746931920.0000,25.410569,3.098600
2016-07-06,31.9890555000,32.0622570000,30.8324718000,31.6230480000,7796272,504056384.0000,17.325049,-1.639300
2016-07-07,31.4912853000,32.1500988000,30.5299056000,31.0227957000,5911132,378640160.0000,13.135849,-1.898200
2016-07-08,31.0227957000,32.1891396000,30.7446300000,31.5205659000,6692722,434231904.0000,14.872716,1.604500
2016-07-11,31.2814410000,31.3058415000,29.2317990000,29.3538015000,7919317,488070240.0000,17.598482,-6.874100
2016-07-12,29.2806000000,29.9247732000,27.8507307000,29.8662120000,5846873,347098528.0000,12.993051,1.745600
2016-07-13,29.7686100000,29.9491737000,29.2317990000,29.3684418000,4412530,267183474.0000,9.805622,-1.666700
2016-07-14,29.4318831000,29.9540538000,29.1878781000,29.8759722000,4169472,253605296.0000,9.265493,1.728200
2016-07-15,29.9198931000,30.4957449000,29.7198090000,29.7198090000,4297309,265444315.0000,9.549576,-0.522700
2016-07-18,29.2806000000,29.2806000000,28.4997840000,28.7193885000,3879284,229293680.0000,8.620631,-3.366200
2016-07-19,29.2708398000,29.2708398000,28.4997840000,28.9877940000,2539252,150228731.0000,5.642782,0.934600
2016-07-20,29.2269189000,29.2708398000,28.7925900000,28.9633935000,2306303,137054474.0000,5.125118,-0.084200
2016-07-21,29.0365950000,29.1244368000,28.0605750000,28.2069780000,3583547,210107571.0000,7.963438,-2.611600
2016-07-22,28.2069780000,28.3045800000,27.1089555000,27.2846391000,3544705,200529771.0000,7.877122,-3.269900
2016-07-25,27.1333560000,27.8019297000,27.1089555000,27.3724809000,1946675,109495601.0000,4.325944,0.321900
2016-07-26,27.3822411000,28.0849755000,27.3822411000,27.9044118000,2184246,124670670.0000,4.853880,1.943300
2016-07-27,27.9044118000,28.1581770000,25.4546016000,25.8157290000,4657272,254485025.0000,10.349493,-7.485100
2016-07-28,25.7815683000,26.0109330000,24.4005000000,25.3228389000,3168006,163862121.0000,7.040013,-1.909300
2016-07-29,25.3179588000,25.7620479000,24.7811478000,25.4643618000,2111423,109572645.0000,4.692051,0.558900
2016-08-01,25.4253210000,25.4253210000,23.9124900000,24.4493010000,2096704,104998014.0000,4.659342,-3.986200
2016-08-02,24.4493010000,24.6933060000,24.3272985000,24.5908239000,1378287,69325487.0000,3.062860,0.578800
2016-08-03,24.5469030000,25.5619638000,24.4102602000,25.3521195000,2699204,138796583.0000,5.998231,3.095900
2016-08-04,25.4009205000,25.4009205000,24.9958722000,25.3179588000,1802845,93187167.0000,4.006322,-0.134700
2016-08-05,25.3179588000,25.3960404000,24.9421911000,24.9470712000,1555069,80165655.0000,3.455709,-1.464900
2016-08-08,24.5469030000,25.3521195000,24.5371428000,25.3033185000,1763666,90440027.0000,3.919258,1.428000
2016-08-09,25.1910762000,25.6986066000,25.1910762000,25.6351653000,1987655,104226222.0000,4.417011,1.311500
2016-08-10,25.8059688000,25.9182111000,25.4546016000,25.7962086000,2322816,122353936.0000,5.161813,0.628200
2016-08-11,25.7962086000,25.8450096000,25.1569155000,25.1617956000,1848900,96617445.0000,4.108667,-2.459300
2016-08-12,25.1715558000,25.4790021000,25.1569155000,25.3911603000,1458870,75687389.0000,3.241933,0.911600
2016-08-15,25.4253210000,26.5135833000,25.2837981000,26.4403818000,3407465,181426024.0000,7.572144,4.132200
2016-08-16,26.4501420000,29.0853960000,26.4013410000,29.0853960000,6127452,355998256.0000,13.616560,10.003700
2016-08-17,29.9394135000,29.9394135000,28.5534651000,29.1195567000,7872182,470230592.0000,17.493738,0.117400
2016-08-18,29.4660438000,30.2419797000,28.9438731000,29.1049164000,6611285,401108736.0000,14.691744,-0.050300
2016-08-19,29.0853960000,29.1049164000,28.1142561000,28.8316308000,3981271,233142574.0000,8.847269,-0.939000
2016-08-22,28.7925900000,28.7974701000,27.5432844000,27.7628889000,3183082,182555449.0000,7.073516,-3.706800
2016-08-23,27.4749630000,28.0849755000,27.2846391000,27.6213660000,2886498,163682449.0000,6.414440,-0.509800
2016-08-24,27.8165700000,27.9044118000,27.3920013000,27.6116058000,1920213,108820655.0000,4.267140,-0.035300
2016-08-25,27.3285600000,27.4993635000,26.5087032000,27.2651187000,3240048,179264056.0000,7.200107,-1.254900
2016-08-26,27.4017615000,28.5485850000,27.4017615000,27.8653710000,4588442,264684573.0000,10.196538,2.201500
2016-08-29,28.4021820000,29.0853960000,27.8165700000,28.2020979000,5222424,305720544.0000,11.605387,1.208400
2016-08-30,28.2069780000,28.3094601000,27.4359222000,27.6408864000,3091208,175753374.0000,6.869351,-1.990000
2016-08-31,27.5725650000,27.9629730000,27.4261620000,27.8946516000,1750087,99496707.0000,3.889082,0.918100
2016-09-01,27.7189680000,27.8604909000,27.2309580000,27.2309580000,2467580,138839712.0000,5.483511,-2.379300
2016-09-02,27.0211137000,27.2260779000,26.8405500000,26.9283918000,1349850,74713397.0000,2.999667,-1.111100
2016-09-05,27.0991953000,27.2943993000,26.0597340000,26.2451778000,1698022,93180411.0000,3.773382,-2.537154
2016-09-06,26.2939788000,26.9332719000,25.9279713000,26.9137515000,1696049,91885250.0000,3.768998,2.547421
2016-09-07,26.8405500000,26.8405500000,26.2549380000,26.2890987000,2093606,113975117.0000,4.652458,-2.320947
2016-09-08,26.1085350000,26.5623843000,26.0987748000,26.4843027000,1031259,55830786.0000,2.291687,0.742531
2016-09-09,26.6014251000,26.7673485000,26.4208614000,26.4794226000,1283977,70008326.0000,2.853282,-0.018430
2016-09-12,25.8645300000,25.8742902000,24.9909921000,24.9958722000,2325933,121137611.0000,5.168740,-5.602649
2016-09-13,25.1373951000,25.6107648000,25.0153926000,25.2057165000,1122114,58186284.0000,2.493587,0.839516
2016-09-14,24.8445891000,25.4253210000,24.8445891000,25.2008364000,1210030,62192800.0000,2.688956,-0.019365
2016-09-19,25.2008364000,25.7278872000,25.2008364000,25.7181270000,1229159,64323101.0000,2.731464,2.052675
2016-09-20,27.2309580000,27.2699988000,26.3378997000,26.4501420000,2588250,141303479.0000,5.751667,2.846300
2016-09-21,26.4745425000,26.6258256000,26.0548539000,26.2500579000,1326685,71446942.0000,2.948189,-0.756457
2016-09-22,26.5331037000,27.2309580000,26.5331037000,26.7917490000,3012557,165761068.0000,6.694571,2.063582
2016-09-23,26.6990271000,27.2260779000,26.2110171000,26.2402977000,2086870,114689596.0000,4.637489,-2.058290
2016-09-26,26.4355017000,26.5477440000,24.8885100000,24.9568314000,2339497,122454908.0000,5.198882,-4.891205
2016-09-27,24.9714717000,25.4253210000,24.6445050000,25.4106807000,1245722,63979888.0000,2.768271,1.818538
2016-09-28,25.2789180000,25.4741220000,25.1081145000,25.2301170000,916950,47452073.0000,2.037667,-0.710580
2016-09-29,25.2301170000,25.4741220000,25.1861961000,25.2252369000,908056,47116342.0000,2.017902,-0.019346
2016-09-30,25.1813160000,25.3277190000,25.1422752000,25.2203568000,738655,38171582.0000,1.641456,-0.019343
2016-10-10,25.4155608000,26.0890146000,25.2593976000,26.0499738000,1840330,97347970.0000,4.089622,3.289475
2016-10-11,26.1573360000,26.1573360000,25.7718081000,25.9718922000,1323895,70310440.0000,2.941989,-0.299737
2016-10-12,25.9865325000,26.6307057000,25.9718922000,26.2207773000,2115274,114157241.0000,4.700609,0.958283
2016-10-13,26.3525400000,26.4403818000,25.9133310000,26.0353335000,1664278,88883168.0000,3.698396,-0.707242
2016-10-14,25.9474917000,26.8405500000,25.5717240000,26.8307898000,3469497,187065939.0000,7.709993,3.055297
2016-10-17,26.7917490000,27.0747948000,26.5965450000,26.6843868000,2910896,159881390.0000,6.468658,-0.545652
2016-10-18,26.5184634000,26.9918331000,26.4940629000,26.9771928000,1992667,109297159.0000,4.428149,1.097291
2016-10-19,26.8893510000,27.3090396000,26.7429480000,26.9771928000,3159671,174741797.0000,7.021491,0.000000
2016-10-20,26.9381520000,28.0849755000,26.8405500000,27.9288123000,5865515,333595824.0000,13.034478,3.527498
2016-10-21,27.6750471000,27.9288123000,26.8893510000,27.5579247000,3083003,173579681.0000,6.851118,-1.327972
2016-10-24,27.3773610000,27.4261620000,26.7917490000,27.3773610000,3003899,166606322.0000,6.675331,-0.655220
2016-10-25,27.0845550000,27.8068098000,27.0357540000,27.4993635000,2385331,134145981.0000,5.300736,0.445633
2016-10-26,27.4164018000,27.6213660000,26.6111853000,26.7380679000,2738077,152140971.0000,6.084616,-2.768407
2016-10-27,26.7917490000,26.8991112000,26.1573360000,26.7429480000,2231567,121673368.0000,4.959038,0.018248
2016-10-28,26.8551903000,27.1235958000,25.4058006000,26.7478281000,2216533,121733942.0000,4.925629,0.018252
2016-10-31,26.7380679000,26.7429480000,25.9133310000,26.4013410000,1643705,88540148.0000,3.652678,-1.295389
2016-11-01,26.4062211000,27.5579247000,26.4062211000,27.3139197000,3074171,170995931.0000,6.831491,3.456567
2016-11-02,27.3236799000,27.6213660000,26.7917490000,26.8454301000,3052690,169969034.0000,6.783756,-1.715210
2016-11-03,26.3037390000,27.0845550000,26.3037390000,26.5575042000,2459317,134793424.0000,5.465149,-1.072533
2016-11-04,26.5184634000,28.0947357000,26.5184634000,27.7677690000,5799645,327518144.0000,12.888100,4.557154
2016-11-07,27.6848073000,27.9824934000,27.4554426000,27.8556108000,3157277,179315333.0000,7.016171,0.316345
2016-11-08,27.9532128000,27.9629730000,25.8645300000,27.4700829000,2932878,164466671.0000,6.517507,-1.384024
2016-11-09,27.4505625000,27.6945675000,26.5770246000,27.2846391000,3653653,203612067.0000,8.119229,-0.675077
2016-11-10,27.4749630000,28.5437049000,27.3676008000,28.3533810000,6582437,380029680.0000,14.627638,3.917007
2016-11-11,28.2557790000,28.4997840000,27.9141720000,28.2362586000,4893289,282973344.0000,10.873976,-0.413077
2016-11-14,28.0654551000,29.0121945000,28.0166541000,28.1972178000,2807043,163652399.0000,6.237873,-0.138268
2016-11-15,28.1972178000,28.3924218000,27.6116058000,28.1874576000,2491778,142505167.0000,5.537284,-0.034615
2016-11-16,28.0849755000,28.4705034000,27.8165700000,27.8165700000,2356201,135797703.0000,5.236002,-1.315787
2016-11-17,27.6213660000,27.6213660000,27.0894351000,27.2016774000,2390908,133508114.0000,5.313129,-2.210523
2016-11-18,27.2553585000,28.4314626000,27.2553585000,28.0849755000,4337342,249072494.0000,9.638538,3.247215
2016-11-21,30.8959131000,30.8959131000,29.3098806000,30.1882986000,13146801,816239520.0000,29.215113,7.489142
2016-11-22,30.6372678000,32.9406750000,30.2761404000,31.0862370000,14299651,919488720.0000,31.777002,2.974459
2016-11-23,30.6031071000,30.9154335000,29.5343652000,29.7832503000,8387225,517625920.0000,18.638278,-4.191525
2016-11-24,29.7686100000,30.0614160000,28.6510671000,28.7925900000,5226008,313615136.0000,11.613351,-3.326231
2016-11-25,28.6217865000,29.4123627000,28.0849755000,29.3196408000,4945064,293175056.0000,10.989031,1.830512
2016-11-28,29.2952403000,29.5587657000,28.5534651000,28.5778656000,3104051,183612966.0000,6.897891,-2.529961
2016-11-29,28.4168223000,28.7925900000,27.7726491000,28.6413069000,3117132,181560163.0000,6.926960,0.221990
2016-11-30,28.3338606000,28.6608273000,28.1142561000,28.3924218000,1798658,104612202.0000,3.997018,-0.868970
2016-12-01,28.4412228000,29.5636458000,28.4168223000,28.8609114000,3876295,230534644.0000,8.613989,1.650050
2016-12-02,28.7389089000,28.7389089000,27.2065575000,27.4261620000,3749447,215076323.0000,8.332104,-4.971252
2016-12-05,27.0894351000,27.8946516000,26.8405500000,27.4749630000,1650441,93207455.0000,3.667647,0.177933
2016-12-06,27.2016774000,27.7921695000,27.1821570000,27.4749630000,1126927,63531565.0000,2.504282,0.000000
2016-12-07,27.4993635000,27.6018456000,27.0943152000,27.4749630000,1939440,108546412.0000,4.309867,0.000000
2016-12-08,27.5091237000,27.5481645000,26.6453460000,26.7039072000,2753706,152443832.0000,6.119347,-2.806391
2016-12-09,26.7966291000,26.7966291000,25.8791703000,26.3525400000,2801947,150681569.0000,6.226549,-1.315792
2016-12-12,26.2549380000,26.8161495000,24.5371428000,24.7909080000,3475557,179610591.0000,7.723460,-5.925927
2016-12-13,24.7421070000,25.3472394000,24.4053801000,25.1569155000,1921813,98268431.0000,4.270696,1.476378
2016-12-14,25.1617956000,27.6750471000,24.7957881000,26.3525400000,4367175,234626627.0000,9.704833,4.752669
2016-12-15,26.3525400000,26.8210296000,26.1085350000,26.6404659000,1845312,99941343.0000,4.100693,1.092593
2016-12-16,26.3623002000,27.3285600000,26.3574201000,27.0650346000,2048406,112716407.0000,4.552013,1.593696
2016-12-19,27.0357540000,27.9434526000,26.6014251000,26.9186316000,2378521,133043855.0000,5.285602,-0.540929
2016-12-20,26.8942311000,27.2602386000,26.5770246000,26.5770246000,1586935,87518350.0000,3.526522,-1.269037
2016-12-21,26.7185475000,26.7527082000,26.2549380000,26.4599022000,1082140,58625025.0000,2.404756,-0.440686
2016-12-22,26.4355017000,26.8063893000,26.4062211000,26.4501420000,758087,41259352.0000,1.684638,-0.036888
2016-12-23,26.3525400000,26.5916649000,25.3521195000,25.4741220000,1391788,73462056.0000,3.092862,-3.690037
2016-12-26,25.3814001000,25.9572519000,24.4053801000,25.9133310000,874571,45559608.0000,1.943491,1.724133
2016-12-27,25.9084509000,25.9621320000,25.6205250000,25.8498897000,691011,36539941.0000,1.535580,-0.244816
2016-12-28,25.8645300000,26.5721445000,25.6351653000,26.1963768000,1321796,70799960.0000,2.937324,1.340380
2016-12-29,25.9621320000,26.4501420000,25.9621320000,26.0597340000,808763,43596602.0000,1.797251,-0.521607
2016-12-30,26.3574201000,26.6355858000,26.0597340000,26.4794226000,1003590,54303952.0000,2.230200,1.610481
2017-01-03,26.5965450000,26.6941470000,26.4013410000,26.5135833000,803218,43600357.0000,1.784929,0.129015
2017-01-04,26.3525400000,26.5477440000,26.1573360000,26.3281395000,1319372,71094758.0000,2.931938,-0.699431
2017-01-05,26.3525400000,26.4599022000,24.4639413000,25.6107648000,1539252,81531593.0000,3.420560,-2.724747
2017-01-06,25.4790021000,25.6595658000,24.6445050000,24.9373110000,1630348,83977361.0000,3.622996,-2.629575
2017-01-09,24.8885100000,25.3765200000,24.7957881000,25.1129946000,824469,42220407.0000,1.832153,0.704502
2017-01-10,24.9861120000,25.1471553000,24.4395408000,24.6786657000,1400283,71020640.0000,3.111740,-1.729498
2017-01-11,24.6835458000,24.7909080000,24.0979338000,24.2052960000,1204813,60342995.0000,2.677362,-1.918136
2017-01-12,24.2443368000,24.3419388000,23.1511944000,23.1755949000,1705487,83065465.0000,3.789971,-4.254026
2017-01-13,23.1804750000,23.3268780000,20.8575474000,21.7164450000,2430020,109951187.0000,5.400044,-6.296065
2017-01-16,21.7164450000,21.7164450000,19.5448005000,19.5448005000,2832610,118342378.0000,6.294689,-10.000000
2017-01-17,19.5448005000,20.6428230000,19.2763950000,20.4232185000,1943195,79236564.0000,4.318211,4.494380
2017-01-18,20.4232185000,20.4232185000,19.9596090000,19.9888896000,884500,36491829.0000,1.965556,-2.126641
2017-01-19,19.9888896000,20.4476190000,19.7546448000,20.0181702000,815285,33523995.0000,1.811744,0.146488
2017-01-20,19.9108080000,20.7892260000,19.9108080000,20.5745016000,1222688,51452844.0000,2.717084,2.779131
2017-01-23,20.6233026000,20.8868280000,20.4964200000,20.7404250000,1230647,52164781.0000,2.734771,0.806452
2017-01-24,20.7648255000,20.7648255000,20.4524991000,20.5159404000,661661,27862092.0000,1.470358,-1.082351
2017-01-25,20.4866598000,20.9453892000,20.3597772000,20.7306648000,716233,30335849.0000,1.591629,1.046619
2017-01-26,20.9258688000,20.9258688000,20.6867439000,20.7648255000,576079,24487220.0000,1.280176,0.164783
2017-02-03,20.7453051000,20.8477872000,20.5013001000,20.5696215000,409719,17296926.0000,0.910487,-0.940065
2017-02-06,20.6818638000,20.9795499000,20.5354608000,20.9746698000,744973,31734123.0000,1.655496,1.969153
2017-02-07,21.1308330000,23.0340720000,21.1308330000,21.9214092000,2767219,125448691.0000,6.149376,4.513724
2017-02-08,21.9214092000,23.0340720000,21.5212410000,22.6534242000,2290968,104696677.0000,5.091040,3.339270
2017-02-09,22.4484600000,22.6534242000,22.3313376000,22.3557381000,1475801,67889498.0000,3.279558,-1.314082
2017-02-10,22.3264575000,22.5070212000,21.2284350000,22.3703784000,1875877,84182334.0000,4.168616,0.065485
2017-02-13,21.8140470000,22.5704625000,21.7213251000,22.4923809000,1253752,57463513.0000,2.786116,0.545375
2017-02-14,22.4972610000,22.5948630000,21.9604500000,22.1995749000,941190,43000772.0000,2.091533,-1.301798
2017-02-15,22.1556540000,22.9364700000,21.8677281000,22.2874167000,1782531,81739078.0000,3.961180,0.395684
2017-02-16,22.2874167000,22.5265416000,22.1166132000,22.3264575000,747085,34216035.0000,1.660189,0.175174
2017-02-17,22.3264575000,22.3508580000,21.6920445000,21.7310853000,982458,44181265.0000,2.183240,-2.666669
2017-02-20,21.7701261000,21.7701261000,21.3894783000,21.6188430000,758108,33529282.0000,1.684684,-0.516505
2017-02-21,21.5456415000,22.8339879000,21.5456415000,22.3313376000,1422052,64873923.0000,3.160116,3.295709
2017-02-22,22.1556540000,22.6095033000,21.5993226000,21.8921286000,1640423,74201398.0000,3.645384,-1.966778
2017-02-23,21.9604500000,22.1068530000,21.7164450000,21.9116490000,1262144,56664270.0000,2.804764,0.089168
2017-02-24,21.9116490000,22.3752585000,21.9116490000,22.2532560000,1331052,60608302.0000,2.957893,1.559013
2017-02-27,22.2044550000,23.1658347000,22.2044550000,22.7705466000,3731936,174248976.0000,8.293191,2.324564
2017-02-28,22.7656665000,22.9169496000,22.4533401000,22.8583884000,2205734,102810697.0000,4.901631,0.385770
2017-03-01,22.8388680000,24.3419388000,22.6095033000,23.0926332000,3154973,149539970.0000,7.011051,1.024764
2017-03-02,23.1072735000,23.2292760000,22.7412660000,22.7949471000,1545501,72483314.0000,3.434447,-1.289097
2017-03-03,22.6680645000,22.9267098000,22.5265416000,22.8144675000,1097793,51143239.0000,2.439540,0.085637
2017-03-06,23.0340720000,23.4244800000,22.9511103000,23.3073576000,1932131,91815964.0000,4.293624,2.160424
2017-03-07,23.3951994000,23.9027298000,23.3415183000,23.4244800000,2422742,117351351.0000,5.383871,0.502516
2017-03-08,23.2585566000,23.4195999000,22.8827889000,22.9999113000,1542268,73307233.0000,3.427262,-1.812498
2017-03-09,23.0633526000,23.2292760000,22.5509421000,22.6046232000,1705453,79315452.0000,3.789896,-1.718653
2017-03-10,22.5021411000,22.8388680000,22.5021411000,22.6436640000,1210311,56346396.0000,2.689580,0.172715
2017-03-13,22.5460620000,23.0828730000,22.4972610000,23.0145516000,1465604,68486421.0000,3.256898,1.637927
2017-03-14,23.0145516000,23.0779929000,22.7412660000,22.7803068000,1490695,69824453.0000,3.312656,-1.017811
2017-03-15,22.8291078000,22.8291078000,22.5216615000,22.5363018000,1167710,54124655.0000,2.594911,-1.071123
2017-03-16,22.6192635000,23.0340720000,22.6192635000,22.8388680000,1868157,87302487.0000,4.151460,1.342570
2017-03-17,22.8974292000,23.2292760000,22.7022252000,22.7412660000,2344601,110246147.0000,5.210224,-0.427352
2017-03-20,22.6973451000,22.7412660000,21.9897306000,22.2190953000,2156775,98081100.0000,4.792833,-2.296137
2017-03-21,22.1751744000,22.2190953000,21.6871644000,21.9409296000,2205836,98891442.0000,4.901858,-1.251921
2017-03-22,21.8042868000,21.8042868000,21.4382793000,21.7554858000,1835954,81349722.0000,4.079898,-0.845190
2017-03-23,21.6774042000,22.0873326000,21.6188430000,22.0434117000,1926962,86496319.0000,4.282138,1.323455
2017-03-24,21.9067689000,21.9604500000,21.2089146000,21.3357972000,3086631,135949357.0000,6.859180,-3.210089
2017-03-27,21.2772360000,21.6042027000,20.9112285000,21.4968405000,1472700,64036661.0000,3.272667,0.754799
2017-03-28,20.9844300000,21.0820320000,19.5155199000,19.7692851000,8341801,343688992.0000,11.708915,-8.036325
2017-03-29,19.5692010000,19.6131219000,19.2324741000,19.3837572000,4666198,185645861.0000,6.549679,-1.950129
2017-03-30,19.3739970000,19.3739970000,18.7005432000,18.7298238000,2668678,103908769.0000,3.745873,-3.373616
2017-03-31,18.3052551000,18.6615024000,18.3003750000,18.4174974000,2965929,112087066.0000,4.163107,-1.667534
2017-04-05,18.3491760000,18.7054233000,18.3150153000,18.6029412000,2368679,90077024.0000,3.324781,1.006882
2017-04-06,18.6175815000,18.7249437000,18.5931810000,18.7005432000,2008821,76856965.0000,2.819669,0.524661
2017-04-07,18.6907830000,18.7737447000,18.5785407000,18.5931810000,2319716,88855624.0000,3.256054,-0.574116
2017-04-10,18.5931810000,18.6956631000,17.8611660000,18.0319695000,2776173,104149806.0000,3.896757,-3.018367
2017-04-11,17.8855665000,18.2759745000,17.8758063000,18.2662143000,2066983,76791918.0000,2.901307,1.299052
2017-04-12,18.2662143000,18.3589362000,17.9636481000,18.0075690000,1826556,67755139.0000,2.563833,-1.415973
2017-04-13,17.9587680000,18.1930128000,17.8806864000,17.9490078000,1355566,50066156.0000,1.902731,-0.325211
2017-04-14,17.9831685000,17.9929287000,17.4512376000,17.5293192000,2050121,73941157.0000,2.877639,-2.338229
2017-04-17,17.1047505000,17.2706739000,16.5825798000,16.7338629000,2340900,81384719.0000,3.285789,-4.537854
2017-04-18,16.7387430000,17.0901102000,16.2995340000,16.4752176000,1473692,50397024.0000,2.068538,-1.545648
2017-04-19,16.5093783000,16.5679395000,16.1043300000,16.4996181000,2388403,80313686.0000,3.352466,0.148113
2017-04-20,16.4996181000,16.5874599000,16.0506489000,16.1580111000,2134367,71218248.0000,2.995890,-2.070395
2017-04-21,16.2312126000,16.3336947000,16.0360086000,16.1140902000,1186024,39258065.0000,1.664755,-0.271822
2017-04-24,16.0799295000,16.0799295000,15.1283100000,15.2259120000,1681129,53284931.0000,2.359706,-5.511810
2017-04-25,15.1331901000,15.3039936000,14.9819070000,15.0453483000,2762474,85869128.0000,3.877529,-1.185900
2017-04-26,15.0453483000,15.3039936000,14.6988612000,15.2844732000,4209946,128732218.0000,5.909263,1.589360
2017-04-27,15.1673508000,15.5821593000,14.7867030000,15.4552767000,3248808,101003487.0000,4.560168,1.117498
2017-04-28,15.5089578000,15.5089578000,15.2454324000,15.3527946000,1950936,61431863.0000,2.738419,-0.663091
2017-05-02,15.3235140000,15.4943175000,15.2307921000,15.3430344000,1389596,43785339.0000,1.950497,-0.063568
2017-05-03,15.2795931000,15.4650369000,15.2600727000,15.3430344000,1626539,51162564.0000,2.283081,0.000000
2017-05-04,15.3625548000,15.5187180000,15.1478304000,15.4455165000,1769493,55822565.0000,2.483737,0.667936
2017-05-05,15.4211160000,15.6407205000,15.2210319000,15.3869553000,2136865,67772846.0000,2.999397,-0.379144
2017-05-08,15.2161518000,15.3625548000,14.9819070000,15.0355881000,1419950,44190014.0000,1.993104,-2.283543
2017-05-09,15.0355881000,15.4015956000,14.8940652000,15.3332742000,1487617,46185791.0000,2.088084,1.979879
2017-05-10,15.5723991000,16.0945698000,15.4211160000,15.5235981000,4512849,146390144.0000,6.334431,1.241246
2017-05-11,15.1771110000,15.3235140000,14.6891010000,15.0990294000,2766120,84987627.0000,3.882646,-2.734986
2017-05-12,15.0307080000,15.1234299000,14.7427821000,14.8257438000,1652911,50434433.0000,2.320098,-1.809959
2017-05-15,14.9623866000,14.9623866000,14.7915831000,14.8550244000,961265,29298989.0000,1.349273,0.197503
2017-05-16,14.8257438000,15.1087896000,14.2498920000,15.0697488000,2825349,84681846.0000,3.965783,1.445462
2017-05-17,15.5577588000,16.1140902000,15.5577588000,15.6602409000,5370534,173855092.0000,7.538315,3.918397
2017-05-18,15.4211160000,16.0994499000,15.3771951000,15.9384066000,4410628,143804519.0000,6.190949,1.776253
2017-05-19,15.9091260000,16.0262484000,15.6553608000,15.8212842000,2157989,69867426.0000,3.029047,-0.734849
2017-05-22,15.8359245000,15.9823275000,15.1771110000,15.2063916000,2107884,67261697.0000,2.958718,-3.886485
2017-05-23,15.1819911000,15.2161518000,14.4499761000,14.7379020000,2213369,67495955.0000,3.106781,-3.080870
2017-05-24,14.7379020000,15.0111876000,14.5817388000,14.9477463000,1720591,52349972.0000,2.415096,1.423836
2017-05-25,14.8550244000,15.1673508000,14.6891010000,15.0843891000,1706259,52216491.0000,2.394979,0.914139
2017-05-26,15.0843891000,15.9091260000,15.0111876000,15.8603250000,3555730,113313623.0000,4.990977,5.143967
2017-05-31,16.1043300000,16.2604932000,15.6602409000,15.6651210000,3477750,113992312.0000,4.881521,-1.230774
2017-06-01,15.5235981000,15.9579270000,15.5187180000,15.5479986000,2355722,75962043.0000,3.306594,-0.747657
2017-06-02,15.6163200000,15.8944857000,15.1283100000,15.8944857000,2444694,77994774.0000,3.431479,2.228497
2017-06-05,16.0506489000,16.4898579000,15.9579270000,16.4556972000,4247851,142111106.0000,5.962469,3.530861
2017-06-06,16.3629753000,16.3629753000,16.1531310000,16.2897738000,2392401,79716157.0000,3.358078,-1.008304
2017-06-07,16.2848937000,16.7533833000,16.1580111000,16.5337788000,3864083,131213111.0000,5.423795,1.497903
2017-06-08,16.5435390000,16.7875440000,16.1872917000,16.3336947000,3156411,106061914.0000,4.430476,-1.210153
2017-06-09,16.3190544000,16.4361768000,15.9774474000,16.2604932000,2471800,81995570.0000,3.469526,-0.448167
2017-06-12,16.1580111000,16.2409728000,15.9335265000,15.9628071000,1710990,56264423.0000,2.401620,-1.830734
2017-06-13,16.0555290000,16.3336947000,15.9823275000,16.2751335000,1781301,59126579.0000,2.500312,1.956586
2017-06-14,16.2751335000,16.3971360000,16.1531310000,16.1824116000,1503226,50041929.0000,2.109993,-0.569711
2017-06-15,16.3190544000,16.9485873000,16.2946539000,16.8363450000,4446386,151897157.0000,6.241141,4.041014
2017-06-16,16.9836176000,17.1554172000,16.6203841600,16.8216351200,4077420,140666476.0000,5.723244,-0.087460
2017-06-19,16.7038296800,17.3517596000,16.7038296800,17.2584969600,3332812,116672896.0000,4.678080,2.597022
2017-06-20,17.2290456000,17.3075825600,17.0228860800,17.0572460000,2664370,93229526.0000,3.739826,-1.166097
2017-06-21,17.0866973600,17.2535884000,16.7627324000,16.9099892000,2635373,91325559.0000,3.699124,-0.863307
2017-06-22,16.9541662400,17.1554172000,16.7430981600,16.8118180000,2323825,80535240.0000,3.261822,-0.580554
2017-06-23,16.7872752000,16.9983432800,16.6792868800,16.9198063200,2247670,76954221.0000,3.154927,0.642339
2017-06-26,17.2388627200,17.3272168000,17.0277946400,17.0817888000,2284853,79768893.0000,3.207119,0.957349
2017-06-27,17.0228860800,17.1750514400,16.9099892000,17.1014230400,1735842,60221600.0000,2.436503,0.114945
2017-06-28,17.1063316000,17.1063316000,16.6302012800,16.6449269600,1835379,62885465.0000,2.576218,-2.669347
2017-06-29,16.6645612000,17.1554172000,16.6645612000,16.9639833600,2055252,70884684.0000,2.884841,1.916843
2017-06-30,16.8952635200,17.1603257600,16.8952635200,16.9983432800,2284685,79489620.0000,3.238110,0.202545
2017-07-03,16.9836176000,17.0523374400,16.6743783200,16.9001720800,1947724,66713400.0000,2.760532,-0.577536
2017-07-04,16.9296234400,17.0719716800,16.8216351200,16.8903549600,1412500,48683400.0000,2.001952,-0.058090
2017-07-05,16.8854464000,17.0572460000,16.7970923200,17.0376117600,1658777,57318054.0000,2.351004,0.871837
2017-07-06,17.1259658400,17.1259658400,16.8609036000,16.9934347200,1820941,63070147.0000,2.580841,-0.259292
2017-07-07,17.2928568800,17.9407868000,17.2928568800,17.5579191200,5588671,200362114.0000,7.920887,3.321784
2017-07-10,17.5235592000,17.5235592000,16.9836176000,17.2781312000,3856662,135589444.0000,5.466091,-1.593513
2017-07-11,17.2437712800,17.2437712800,16.7529152800,16.8461779200,2538753,87569659.0000,3.598204,-2.500003
2017-07-12,16.8854464000,16.9836176000,16.6891040000,16.9492576800,1672257,57276001.0000,2.370109,0.611885
2017-07-13,17.0277946400,17.0277946400,16.5418472000,16.6154756000,1279060,43593293.0000,1.812826,-1.969303
2017-07-14,16.5811156800,16.5811156800,16.1098939200,16.1344367200,2114270,70004914.0000,2.996579,-2.895124
2017-07-17,16.0019056000,16.0804425600,14.7256800000,14.9171138400,2726145,84085003.0000,3.863797,-7.544873
2017-07-18,14.9171138400,15.2165360000,14.7404056800,15.1281819200,1292416,39354653.0000,1.831756,1.414940
2017-07-19,15.1330904800,15.1870846400,14.8336683200,15.0889134400,1200892,36675226.0000,1.702038,-0.259572
2017-07-20,15.0938220000,15.3637928000,15.0692792000,15.2018103200,1226271,38081160.0000,1.738008,0.748209
2017-07-21,15.0790963200,15.3441585600,15.0741877600,15.1330904800,850003,26273082.0000,1.204719,-0.452048
2017-07-24,15.3883356000,15.5944951200,15.2656216000,15.4276040800,1453034,45790738.0000,2.059402,1.946158
2017-07-25,15.4276040800,15.6632149600,15.3147072000,15.5601352000,1483509,46842444.0000,2.102594,0.859053
2017-07-26,15.5650437600,15.5895865600,15.3539756800,15.4226955200,988600,31159725.0000,1.401154,-0.883283
2017-07-27,15.3687013600,15.9528200000,15.3048900800,15.7564776000,1841411,58726098.0000,2.609853,2.164222
2017-07-28,15.7613861600,16.0313569600,15.6533978400,15.6779406400,1341967,43275789.0000,1.901985,-0.498436
2017-07-31,15.7024834400,15.8301060000,15.5797694400,15.6386721600,926584,29602634.0000,1.313258,-0.250469
2017-08-01,15.6828492000,15.7270262400,15.4472383200,15.5797694400,1039038,32976792.0000,1.472640,-0.376650
2017-08-02,15.6583064000,15.6779406400,15.1183648000,15.2165360000,1272550,40111292.0000,1.803600,-2.331442
2017-08-03,15.2165360000,15.7859289600,14.9612908800,15.6975748800,2829167,88938331.0000,4.009811,3.161289
2017-08-04,15.7319348000,15.8791916000,15.5601352000,15.7024834400,1656174,52980949.0000,2.347314,0.031270
2017-08-07,15.7564776000,16.0362655200,15.7564776000,15.8251974400,1297397,42056681.0000,1.838816,0.781500
2017-08-08,15.7073920000,15.8546488000,15.5994036800,15.6681235200,960625,30643819.0000,1.361505,-0.992561
2017-08-09,15.7319348000,15.7319348000,15.5355924000,15.6141293600,530906,16883665.0000,0.752459,-0.344614
2017-08-10,15.5846780000,15.6583064000,15.1576332800,15.1772675200,1117929,34982275.0000,1.584454,-2.797860
2017-08-11,15.0840048800,15.3097986400,15.0054679200,15.1330904800,753184,23247141.0000,1.067496,-0.291074
2017-08-14,15.1281819200,15.6583064000,15.0938220000,15.6288550400,1180043,37308653.0000,1.672488,3.276031
2017-08-15,15.5601352000,15.6926663200,15.2803472800,15.4717811200,1591474,50144515.0000,2.255614,-1.005024
2017-08-16,15.5110496000,16.6841954400,15.5110496000,16.3945904000,5178247,171506095.0000,7.339189,5.964470
2017-08-17,16.5418472000,17.0179775200,16.3111448800,16.9247148800,5367613,183183524.0000,7.607579,3.233527
2017-08-18,16.6302012800,16.8854464000,16.5222129600,16.6351098400,2909669,99002081.0000,4.123907,-1.711137
2017-08-21,16.8805378400,17.1652343200,16.4142246400,16.7038296800,2566322,87524797.0000,3.637278,0.413099
2017-08-22,16.7136468000,17.5431934400,16.4436760000,16.9198063200,4008500,139369615.0000,5.681293,1.292984
2017-08-23,16.7087382400,16.7087382400,16.4485845600,16.5074872800,2070047,69873066.0000,2.933901,-2.436902
2017-08-24,16.4976701600,16.5762071200,16.3307791200,16.3504133600,1144373,38306994.0000,1.621933,-0.951530
2017-08-25,16.4142246400,17.9849638400,16.4142246400,17.5382848800,10046390,359615344.0000,14.238864,7.265080
2017-08-28,17.7591700800,18.2991116800,17.5726448000,17.8671584000,8868229,323175968.0000,12.569043,1.875181
2017-08-29,17.8818840800,18.1420377600,17.6217304000,18.0340494400,5799526,211898609.0000,8.219735,0.934066
2017-08-30,18.0585922400,18.0585922400,17.6511817600,17.6904502400,3810167,138141448.0000,5.400193,-1.905282
2017-08-31,17.6904502400,17.9162440000,17.5824619200,17.7984385600,2691095,97185782.0000,3.814120,0.610426
2017-09-01,17.7738957600,17.8327984800,17.4891992800,17.6708160000,2911878,104591400.0000,4.127038,-0.717039
2017-09-04,17.6119132800,18.2500260800,17.4941078400,18.1420377600,4993244,183006758.0000,7.076982,2.666664
2017-09-05,18.0635008000,18.4463684800,17.9162440000,18.0635008000,3595015,132861729.0000,5.095256,-0.432900
2017-09-06,18.0144152000,18.3040202400,17.8573412800,18.2500260800,2938087,108163282.0000,4.164184,1.032612
2017-09-07,18.2549346400,18.9470416000,17.9702381600,18.0389580000,4953622,186990704.0000,7.020825,-1.156537
2017-09-08,18.1125864000,18.2598432000,17.6217304000,17.7199016000,2936321,106688657.0000,4.161681,-1.768712
2017-09-11,17.6806331200,18.0389580000,17.5235592000,17.9947809600,2068028,75208377.0000,2.931040,1.551250
2017-09-12,17.9898724000,18.0144152000,17.7100844800,17.7444444000,1928776,70000666.0000,2.733676,-1.391157
2017-09-13,17.7100844800,17.9162440000,17.6708160000,17.8229813600,1216028,44070400.4200,1.723490,0.442600
2017-09-14,17.9162440000,17.9653296000,17.6806331200,17.7837128800,1415200,51367380.5000,2.005779,-0.220330
2017-09-15,17.7837128800,18.1371292000,17.7248101600,17.9211525600,2105282,77115705.4400,2.983840,0.772837
2017-09-18,17.8131642400,18.5690824800,17.7689872000,18.5052712000,4079122,152707246.6400,5.781386,3.259388
2017-09-19,18.5150883200,18.9274073600,18.2647517600,18.6770708000,4733163,179775215.1900,6.708366,0.928378
2017-09-20,18.6525280000,19.4526232800,18.4071000000,19.3299092800,6224463,240316160.7800,8.822003,3.495406
2017-09-21,19.0599384800,19.7324112000,18.9274073600,18.9323159200,6199004,243904846.4900,8.785919,-2.056885
2017-09-22,18.7997848000,20.1250960000,18.4660027200,20.0711018400,9454321,376828690.9500,13.399717,6.015037
2017-09-25,20.3705240000,20.9448255200,19.4133548000,19.4182633600,10102482,416445735.2900,14.318363,-3.252624
2017-09-26,19.4182633600,19.5655201600,18.8537789600,19.3102750400,6573528,256590530.8700,9.316737,-0.556120
2017-09-27,19.0697556000,20.8613800000,19.0501213600,20.4883294400,9835076,404170564.7800,13.939366,6.100665
2017-09-28,20.2723528000,20.7779344800,20.0612847200,20.5374150400,7337850,305835362.1400,10.400019,0.239575
2017-09-29,20.4392438400,22.2505024800,20.3459812000,21.4356815200,10125815,440156200.3800,14.351434,4.373800
2017-10-09,22.2603196000,22.5597417600,20.6699461600,20.7975687200,11765102,518254970.5600,16.674814,-2.976870
2017-10-10,20.9153741600,21.1018994400,20.2232672000,20.4686952000,6949230,290121532.5600,9.849223,-1.581303
2017-10-11,20.4588780800,20.4637866400,19.3495435200,19.4280804800,7425155,298666936.6900,10.523757,-5.083930
2017-10-12,19.4722575200,20.0661932800,19.4673489600,19.6882341600,4918524,197932201.1100,6.971080,1.339057
2017-10-13,19.3200921600,19.8207652800,19.2121038400,19.5409773600,5059678,201220720.4200,7.171140,-0.747941
2017-10-16,19.6244228800,19.9385707200,19.0844812800,19.0992069600,5601955,223614041.3100,7.939715,-2.260742
2017-10-17,19.0304871200,19.3888120000,18.7997848000,19.0353956800,3903458,151872512.6900,5.532416,-0.334107
2017-10-18,19.1875610400,19.4329890400,18.2303918400,18.2696603200,4996604,191611313.8900,7.081744,-4.022686
2017-10-19,18.2303918400,18.6230766400,17.8229813600,18.4414599200,5080220,188814254.1500,7.200254,0.940350
2017-10-20,18.3089288000,18.8783217600,18.2353004000,18.8439618400,3333154,126556772.6000,4.724117,2.182592
2017-10-23,18.6574365600,18.9372244800,18.5936252800,18.7212478400,2146486,81964053.0500,3.042239,-0.651211
2017-10-24,18.6623451200,18.7654248800,18.2205747200,18.2843860000,2630750,98565425.5000,3.728592,-2.333507
2017-10-25,17.9260611200,18.2549346400,17.8229813600,18.1125864000,3442291,126434537.1700,4.878798,-0.939593
2017-10-26,18.0536836800,18.6328937600,18.0487751200,18.5199968800,3232317,121611302.3200,4.581200,2.249317
2017-10-27,18.5887167200,18.6378023200,18.0045980800,18.0733179200,2842627,105961636.2700,4.028888,-2.411873
2017-10-30,18.1371292000,18.1862148000,17.0376117600,17.0719716800,4727591,167370379.0700,6.700469,-5.540470
2017-10-31,16.9836176000,17.4057537600,16.9836176000,17.3370339200,2400695,84127725.9500,3.402533,1.552619
2017-11-01,17.3026740000,17.6708160000,17.1848685600,17.3321253600,2660693,94544255.6600,3.771031,-0.028308
2017-11-02,17.3419424800,17.4008452000,17.0768802400,17.3272168000,2115343,73995005.9000,2.998100,-0.028327
2017-11-03,17.2683140800,17.6609988800,17.1848685600,17.6217304000,2817176,100196625.7600,3.992816,1.699723
2017-11-06,17.6315475200,17.9947809600,17.3517596000,17.9702381600,3275645,118248090.7900,4.642609,1.977713
2017-11-07,17.8966097600,17.9702381600,17.6708160000,17.8426156000,2275289,82402726.7800,3.224793,-0.710194
2017-11-08,17.8475241600,18.0978607200,17.7542615200,17.7591700800,2419585,88446720.8800,3.429306,-0.467670
2017-11-09,17.7051759200,18.0095066400,17.4744736000,17.9260611200,2502653,90274117.4100,3.547039,0.939746
2017-11-10,17.9162440000,18.7605163200,17.8524327200,18.6868879200,5793922,217635381.4400,8.211792,4.244247
2017-11-13,19.3839034400,19.3839034400,18.8046933600,18.9224988000,5446226,211160366.9900,7.718999,1.260834
2017-11-14,18.9470416000,19.2071952800,18.4905455200,18.9224988000,3773757,145111075.7400,5.348589,0.000000
2017-11-15,19.1433840000,19.7814968000,18.8488704000,19.5900629600,8136889,321328221.6400,11.532506,3.527888
2017-11-16,19.2906408000,19.4280804800,18.6574365600,18.9961272000,5192426,201701016.6700,7.359285,-3.031819
2017-11-17,18.8488704000,18.9961272000,17.1848685600,17.3075825600,5365882,198479385.1000,7.605126,-8.888895
2017-11-20,17.0817888000,17.5284677600,15.6092208000,17.5284677600,4053899,139194429.3600,5.745637,1.276236
2017-11-21,17.7395358400,19.2808236800,17.7297187200,18.4561856000,8091431,307208148.1500,11.468078,5.292634
2017-11-22,18.3580144000,18.8439618400,17.9260611200,18.3776486400,5515574,205677603.6200,7.817286,-0.425532
2017-11-23,18.3629229600,18.8685046400,17.9162440000,17.9996895200,4958039,186152566.9900,7.027085,-2.056625
2017-11-24,18.0438665600,19.7225940800,18.0438665600,19.3250007200,11593700,451947053.7500,16.431884,7.362969
2017-11-27,19.0157614400,19.0942984000,17.4450222400,17.7738957600,8098877,305241405.7200,11.489806,-8.026416
2017-11-28,17.7149930400,18.3580144000,17.4646564800,18.3334716000,4700273,172174490.3200,6.668236,3.148300
2017-11-29,18.3580144000,18.9274073600,18.1616720000,18.7752420000,5860954,222306657.3800,8.314885,2.409643
2017-11-30,18.9961272000,19.0206700000,18.2205747200,18.3138373600,4674221,176532346.8900,6.631277,-2.457513
2017-12-01,18.0635008000,19.0844812800,17.9653296000,18.9470416000,6661357,253458606.6500,9.450409,3.457510
2017-12-04,18.9028645600,19.2317380800,18.4954540800,18.8537789600,5597526,215604495.5700,7.941162,-0.492224
2017-12-05,18.6132595200,18.8194190400,17.0817888000,17.6462732000,6329481,233481452.5900,8.979580,-6.404580
2017-12-06,17.6119132800,18.1469463200,17.4253880000,18.1125864000,3616045,131307474.9200,5.130052,2.642561
2017-12-07,18.0831350400,18.3776486400,17.7738957600,18.1125864000,3824030,141159954.1700,5.425118,0.000000
2017-12-08,18.0291408800,19.3839034400,17.8720669600,18.8979560000,8052903,308269741.5900,11.424584,4.336039
2017-12-11,19.0452128000,19.6244228800,18.9470416000,19.4084462400,8597051,337765899.3900,12.196562,2.701301
2017-12-12,19.3250007200,19.6096972000,19.0844812800,19.2366466400,6168351,242137346.9500,8.750986,-0.885185
2017-12-13,19.2464637600,19.8256738400,19.1433840000,19.4624404000,8177805,324911876.1600,11.564571,1.173776
2017-12-14,19.4869832000,20.0269248000,19.2710065600,20.0269248000,8219172,329016395.0600,11.623070,2.900373
2017-12-15,19.9287536000,19.9287536000,19.1433840000,19.2071952800,6779806,269671530.2700,9.587603,-4.093133
2017-12-18,19.1335668800,19.4771660800,18.8341447200,19.3004579200,4464055,174238386.6100,6.312804,0.485557
2017-12-19,19.3102750400,19.5655201600,18.8979560000,19.5655201600,5232018,205618008.1800,7.398812,1.373349
2017-12-20,19.4378976000,19.4378976000,18.9077731200,18.9470416000,3679608,143617807.8200,5.203485,-3.161069
2017-12-21,18.9372244800,19.5164345600,18.6034424000,19.3593606400,6246882,244131647.9100,8.833973,2.176166
2017-12-22,19.3348178400,19.3544520800,18.8979560000,19.1286583200,3999016,155499059.8100,5.655173,-1.191677
2017-12-25,18.9519501600,19.0893898400,17.8426156000,17.8671584000,6060300,224764921.3000,8.570120,-6.594816
2017-12-26,17.9113354400,18.2254832800,17.8671584000,18.0880436000,2389891,87964152.3900,3.379643,1.236255
2017-12-27,18.0536836800,18.0880436000,17.1897771200,17.2977654400,4169050,150147673.1700,5.895625,-4.369055
2017-12-28,17.2977654400,17.7689872000,17.2045028000,17.3223082400,2695613,95947399.9100,3.811977,0.141882
2017-12-29,17.4253880000,17.5726448000,17.3223082400,17.4499308000,1614133,57476329.0000,2.282612,0.736748
2018-01-02,17.4744736000,17.7100844800,17.3173996800,17.6757245600,1929300,68861853.4800,2.728303,1.293950
2018-01-03,17.6315475200,18.0684093600,17.5726448000,17.9309696800,3170510,115374845.7300,4.483549,1.444045
2018-01-04,17.7935300000,18.0095066400,17.7493529600,17.8917012000,2247963,81701124.6800,3.178937,-0.218993
2018-01-05,17.8917012000,17.8917012000,17.4548393600,17.5137420800,2512248,90144055.8800,3.552673,-2.112484
2018-01-08,17.4695650400,17.4695650400,17.1161487200,17.3566681600,2363050,82981305.5000,3.341686,-0.896860
2018-01-09,17.3026740000,17.5333763200,17.0572460000,17.5088335200,2709800,95438314.0000,3.832040,0.876690
2018-01-10,17.4008452000,17.4744736000,17.0817888000,17.1897771200,1869000,65645090.4300,2.643030,-1.822253
2018-01-11,17.1897771200,17.4695650400,16.8854464000,17.3173996800,2262757,79692215.6400,3.199858,0.742428
2018-01-12,17.2437712800,17.2928568800,16.8854464000,16.9836176000,2106152,73309146.6400,2.978396,-1.927439
2018-01-15,16.8363608000,16.8363608000,16.0019056000,16.0166312800,3418964,114439411.8200,4.834898,-5.693634
2018-01-16,15.8251974400,16.3455048000,15.8251974400,16.1098939200,1615808,53016332.0800,2.284981,0.582282
2018-01-17,16.1589795200,16.3553219200,15.7073920000,16.2375164800,2082571,68145971.9400,2.945049,0.792206
2018-01-18,16.1933394400,16.3209620000,15.9871799200,16.1000768000,1163846,38273484.0200,1.645843,-0.846441
2018-01-19,16.0902596800,16.2866020800,16.0509912000,16.1589795200,1044455,34384339.3500,1.477007,0.365850
2018-01-22,16.1246196000,16.3258705600,15.8890087200,16.2571507200,1322410,43530758.4800,1.870074,0.607536
2018-01-23,16.2571507200,16.3749561600,16.1491624000,16.1786137600,987305,32643407.6700,1.396189,-0.483091
2018-01-24,16.1786137600,16.3356876800,15.9969970400,16.3209620000,1711301,56536883.6500,2.420021,0.879857
2018-01-25,16.1982480000,16.4927616000,16.1491624000,16.1540709600,1463402,48606861.8200,2.069457,-1.022557
2018-01-26,16.0509912000,16.2375164800,15.9822713600,16.0166312800,946921,31044129.9900,1.339080,-0.850801
2018-01-29,16.0264484000,16.0804425600,15.1085476800,15.2607130400,2662316,83671209.3600,3.764891,-4.719586
2018-01-30,15.1429076000,15.2950729600,15.1232733600,15.2214445600,864671,26764813.5300,1.222767,-0.257317
2018-01-31,15.3490671200,15.3490671200,14.9711080000,15.0447364000,1168966,35931103.0500,1.653083,-1.160918
2018-02-01,15.0496449600,15.2067188800,13.9893960000,14.0777500800,1831016,54395965.4600,2.589315,-6.427404
2018-02-02,13.9746703200,14.1513784800,12.6689933600,12.8064330400,4573156,121735584.9300,6.467088,-9.030684
2018-02-05,12.4530167200,12.9536898400,12.3352112800,12.9340556000,2142124,55737972.3300,3.029266,0.996551
2018-02-06,12.9095128000,12.9095128000,11.8688980800,11.8983494400,2355688,59532242.9400,3.331275,-8.007592
2018-02-07,12.2223144000,12.5021023200,11.6872813600,12.3303027200,2196188,54302346.8700,3.105720,3.630367
2018-02-08,11.9965206400,12.7573474400,11.8836237600,12.6395420000,2226402,56756788.2300,3.148447,2.507958
2018-02-09,12.2272229600,12.5953649600,12.0259720000,12.3008513600,1880333,47188080.7500,2.659056,-2.679614
2018-02-12,12.5610050400,12.8064330400,12.3744797600,12.6984447200,1628094,41841994.7000,2.302355,3.232248
2018-02-13,12.7377132000,12.7622560000,12.5610050400,12.6297248800,1196800,30818842.9600,1.692444,-0.541172
2018-02-14,12.6297248800,12.6788104800,12.4481081600,12.6100906400,869586,22161078.9800,1.229717,-0.155457
2018-02-22,12.6886276000,12.9831412000,12.6248163200,12.9733240800,1448237,37945478.9900,2.048012,2.880497
2018-02-23,12.9340556000,13.0567696000,12.7867988000,12.8113416000,1427738,37455968.5300,2.019023,-1.248581
2018-02-26,12.7180789600,13.4838143200,12.0603319200,13.4200030400,5350293,140220352.0600,7.566070,4.750957
2018-02-27,13.2040264000,13.4543629600,13.1794836000,13.1942092800,3475764,93978698.5100,4.915221,-1.682520
2018-02-28,13.0960380800,13.2972890400,12.8162501600,13.1942092800,1833837,49051992.6900,2.593304,0.000000
2018-03-01,13.0616781600,13.5230828000,13.0027754400,13.4052773600,2924896,79583988.0200,4.136216,1.599704
2018-03-02,13.2580205600,13.7292423200,13.2580205600,13.4200030400,2646150,72743808.2500,3.742030,0.109852
2018-03-05,13.3807345600,13.6408882400,13.2972890400,13.6016197600,1954200,53579676.6500,2.763515,1.353325
2018-03-06,13.6065283200,14.0777500800,13.5034485600,13.8912248000,2864626,80947285.7200,4.050986,2.129196
2018-03-07,13.9010419200,13.9010419200,13.4838143200,13.4985400000,1971296,55040422.7200,2.787691,-2.826853
2018-03-08,13.4396372800,13.6457968000,13.4396372800,13.5378084800,1339575,36893773.7400,1.894348,0.290909
2018-03-09,13.5476256000,14.3575380000,13.5476256000,14.2839096000,4080354,116369091.4600,5.770197,5.511242
2018-03-12,14.3624465600,14.6618687200,14.1464699200,14.6275088000,3909766,114730721.7800,5.528961,2.405494
2018-03-13,14.4802520000,14.6127831200,14.2888181600,14.4409835200,2075561,60951384.6800,2.935136,-1.275165
2018-03-14,14.4213492800,14.5244290400,14.1611956000,14.2937267200,1741428,50724881.7000,2.462625,-1.019712
2018-03-15,14.4017150400,14.4017150400,13.6752481600,13.9893960000,2399981,68361532.8300,3.393912,-2.129124
2018-03-16,13.9354018400,14.0286644800,13.7930536000,13.9304932800,1218975,34567368.0000,1.723803,-0.421056
2018-03-19,13.9844874400,14.1415613600,13.8323220800,13.8764991200,1314075,37503814.5000,1.858288,-0.387592
2018-03-20,13.7930536000,13.9893960000,13.5967112000,13.9893960000,1742983,49086325.6200,2.464824,0.813582
2018-03-21,14.0041216800,14.3084524000,13.7930536000,13.9599446400,2112082,60759032.8200,2.986782,-0.210524
2018-03-22,14.0335730400,14.1268356800,13.7439680000,13.8912248000,1631931,46271677.3500,2.307781,-0.492269
2018-03-23,13.0469524800,13.4003688000,12.5021023200,12.5610050400,3212955,84242415.2900,4.543572,-9.575969
2018-03-26,12.2664914400,12.7180789600,11.7314584000,12.6788104800,2194051,55064782.2700,3.102698,0.937866
2018-03-27,12.7917073600,13.1794836000,12.7917073600,13.1402151200,1940851,51679861.3600,2.744637,3.639181
2018-03-28,12.9880497600,13.4887228800,12.7622560000,13.2285692000,1803087,48666439.1500,2.549820,0.672396
2018-03-29,13.3512832000,13.6457968000,13.1942092800,13.3512832000,1585953,43280108.5500,2.242761,0.927644
2018-03-30,12.7867988000,13.2432948800,12.7818902400,13.1942092800,3284919,87194051.5100,4.645339,-1.176476
2018-04-02,13.2089349600,13.9844874400,13.0960380800,13.8225049600,4259346,118681234.6200,6.023317,4.761908
2018-04-03,13.5721684000,13.6948824000,13.1745750400,13.6212540000,2984150,81784893.5000,4.220009,-1.455965
2018-04-04,13.5868940800,13.8372306400,13.3611003200,13.5672598400,2813645,77864102.3800,3.978891,-0.396399
2018-04-09,13.4887228800,13.5770769600,12.9831412000,13.5770769600,2846200,77186988.5000,4.024929,0.072361
2018-04-10,13.6899738400,13.8175964000,13.3856431200,13.7685108000,3426997,94951868.6000,4.846258,1.409976
2018-04-11,13.8912248000,13.9108590400,13.6752481600,13.8274135200,3244849,91254705.6000,4.588675,0.427810
2018-04-12,13.7046995200,14.0875672000,13.5476256000,13.9746703200,3611494,101728029.4800,5.107162,1.064960
2018-04-13,14.1759212800,14.1759212800,13.8519563200,13.9059504800,2292348,65228739.0700,3.241704,-0.491744
2018-04-16,13.8421392000,14.1219271200,13.6850652800,13.8814076800,2247576,63495888.9800,3.178390,-0.176489
2018-04-17,13.8912248000,14.8680282400,13.7685108000,14.3084524000,7412841,214791198.5100,10.482804,3.076375
2018-04-18,14.2299154400,14.7993084000,13.6310711200,14.6520516000,8943156,259028132.5900,12.646885,2.401375
2018-04-19,14.2397325600,14.4753434400,14.1170185600,14.2790010400,5206712,151717927.4800,7.363026,-2.546064
2018-04-20,14.1415613600,14.2790010400,13.8814076800,14.0630244000,3201015,91668236.0500,4.526687,-1.512549
2018-04-23,14.0630244000,14.1955555200,13.7832364800,14.0286644800,2886076,82405640.7100,4.081319,-0.244327
2018-04-24,14.0630244000,14.3820808000,13.7979621600,14.3035438400,3449753,99329689.9300,4.878438,1.959410
2018-04-25,14.2102812000,15.2116274400,14.2004640800,14.8974796000,8558880,257857077.5400,12.103465,4.152371
2018-04-26,14.7158628800,15.0594620800,14.4998862400,14.6667772800,4567898,136578297.8300,6.459653,-1.548604
2018-04-27,14.3820808000,14.8631196800,14.3820808000,14.5391547200,3168121,93972191.6400,4.494586,-0.870142
2018-05-02,14.4066236000,14.5784232000,14.0728415200,14.2250068800,2802981,81877915.4200,3.976565,-2.160707
2018-05-03,14.3771722400,14.5195204800,13.9697617600,14.2348240000,2305188,66481479.3200,3.270350,0.069015
2018-05-04,14.1170185600,14.6029660000,13.9992131200,14.2544582400,2412334,70183643.0900,3.422357,0.137934
2018-05-07,14.1857384000,14.4557092000,14.1857384000,14.4017150400,1972638,57726073.3800,2.798564,1.033055
2018-05-08,14.4164407200,14.6176916800,14.3182695200,14.5440632800,2539815,74792182.0000,3.603213,0.988408
2018-05-09,14.6078745600,14.7207714400,14.4311664000,14.5587889600,2468405,73327149.4500,3.501905,0.101251
2018-05-10,14.5587889600,14.9514737600,14.4409835200,14.6520516000,2712800,81167767.2900,3.848626,0.640595
2018-05-11,14.6520516000,14.8582111200,14.5047948000,14.6324173600,2317363,69073062.4500,3.287623,-0.134006
2018-05-14,14.6471430400,14.8189426400,14.4164407200,14.4851605600,3505562,104605661.6200,4.973310,-1.006371
2018-05-15,14.5293376000,14.7109543200,13.9255847200,14.2593668000,3805037,109619403.0100,5.398173,-1.558797
2018-05-16,14.1857384000,14.2839096000,13.9943045600,14.1072014400,1755652,50497628.9100,2.490728,-1.067124
2018-05-17,14.1121100000,14.2250068800,13.9059504800,14.0286644800,1600264,45708215.7800,2.270281,-0.556715
2018-05-18,14.0875672000,14.1710127200,13.9697617600,14.0630244000,1237450,35458066.1600,1.755560,0.244925
2018-05-21,14.1857384000,14.4066236000,14.0973843200,14.2593668000,2245862,65309549.5200,3.186185,1.396159
2018-05-22,14.3820808000,15.1183648000,14.3820808000,14.8974796000,6563503,198565883.9500,9.311585,4.475047
2018-05-23,14.5538804000,14.9661994400,14.4998862400,14.6176916800,3636601,108638231.3400,5.159214,-1.878088
2018-05-24,14.7502228000,14.7502228000,14.4704348800,14.4851605600,2015052,59740622.0000,2.858737,-0.906650
2018-05-25,14.5047948000,14.5686060800,14.0139388000,14.0875672000,2434164,70220072.8600,3.453327,-2.744830
2018-05-28,14.0139388000,14.2004640800,13.7832364800,13.9354018400,2174262,61833100.3200,3.084607,-1.080144
2018-05-29,13.9304932800,14.0630244000,13.6752481600,13.8274135200,2225250,62765789.7600,3.156943,-0.774918
2018-05-30,13.7390594400,13.8666820000,12.7720731200,13.2629291200,2852400,77472504.5000,4.046675,-4.082355
2018-05-31,13.3071061600,13.5132656800,13.2776548000,13.3267404000,1609214,43771615.1800,2.282978,0.481122
2018-06-01,13.3267404000,13.4249116000,13.0567696000,13.1794836000,1522100,40870137.9600,2.159390,-1.104970
2018-06-04,13.3267404000,13.3267404000,12.8506100800,13.1843921600,1368100,36617963.5000,1.940912,0.037245
2018-06-05,13.1843921600,13.4838143200,13.1303980000,13.3463746400,1787218,48338125.3200,2.535511,1.228592
2018-06-06,13.3611003200,13.4936314400,13.2580205600,13.3267404000,1670750,45363931.8800,2.370279,-0.147116
2018-06-07,13.3267404000,13.5378084800,13.2334777600,13.3365575200,1459900,39607223.1800,2.071147,0.073667
2018-06-08,13.3267404000,13.4298201600,13.2040264000,13.3414660800,2498941,67782922.3200,3.545226,0.036806
2018-06-11,13.3267404000,13.4739972000,13.0764038400,13.4739972000,1704400,46280710.0000,2.418017,0.993379
2018-06-12,13.4739972000,13.6457968000,13.3856431200,13.5721684000,2309848,63569458.8800,3.276961,0.728593
2018-06-13,13.5672598400,13.7194252000,13.3021976000,13.4200030400,2036046,55851708.8600,2.888521,-1.121156
2018-06-14,13.3709174400,13.4985400000,13.2285692000,13.4396372800,2106850,57326574.5000,2.988970,0.146302
2018-06-15,13.5230828000,13.5967112000,13.0764038400,13.3267404000,3067200,83336709.6900,4.351410,-0.840028
2018-06-19,13.1942092800,13.1942092800,12.0308805600,12.9340556000,3992700,103867551.3400,5.664409,-2.946590
2018-06-20,12.8358844000,12.9585984000,12.6199077600,12.8604272000,2029650,52893577.9600,2.879447,-0.569259
2018-06-21,12.8113416000,12.9193299200,12.3155770400,12.4922852000,2657462,68526873.1000,3.770118,-2.862595
2018-06-22,12.4186568000,12.5168280000,12.1290517600,12.3499369600,1796800,45066215.5000,2.549105,-1.139493
2018-06-25,12.3597540800,12.4971937600,12.1977716000,12.2714000000,1760200,44118066.0000,2.497180,-0.635930
2018-06-26,12.1732288000,12.1732288000,11.8296296000,11.9916120800,2115900,51727162.0000,3.001809,-2.279999
2018-06-27,11.9032580000,12.0750576000,11.8296296000,11.8738066400,1759150,42708927.0000,2.495691,-0.982398
2018-06-28,11.8738066400,12.0014292000,11.7020070400,11.8247210400,1775150,42876012.5000,2.518390,-0.413396
2018-06-29,11.7952104600,12.1198492800,11.7115913700,12.0559052700,3172902,76859631.9200,4.501369,1.955072
2018-07-02,12.0460677300,12.1444431300,11.8640732400,11.8985046300,1775400,43105475.7200,2.518745,-1.305588
2018-07-03,11.9329360200,12.1001742000,11.8148855400,12.1001742000,2634300,64167174.0000,3.737259,1.694914
2018-07-04,12.1542806700,12.7396143000,12.1493619000,12.2674123800,4396266,110838691.8200,6.236944,1.382114
2018-07-05,12.0263926500,12.4149754800,11.7607790700,11.8050480000,2458412,60192721.3300,3.487728,-3.769048
2018-07-06,11.8689920100,11.9034234000,10.6245432000,11.0573949600,5208785,118138306.9100,7.389658,-6.333335
2018-07-09,10.8950755500,11.0180448000,10.7868626100,10.9344257100,1984250,44037889.0000,2.815038,-1.112100
2018-07-10,10.9688571000,11.2934959200,10.9245881700,11.0918263500,2169462,48862317.2000,3.077797,1.439495
2018-07-11,10.9196694000,11.1557703600,10.7229186000,10.8360503100,1861000,41104870.7700,2.640185,-2.305980
2018-07-12,10.9737758700,11.2492269900,10.9737758700,11.1606891300,2916850,65943016.5000,4.138110,2.995914
2018-07-13,11.1016638900,11.2492269900,11.0180448000,11.2393894500,1919800,43392174.0000,2.723604,0.705156
2018-07-16,11.2295519100,11.5050030300,11.1557703600,11.3672774700,2401711,55538631.0700,3.407287,1.137857
2018-07-17,11.3426836200,11.4558153300,11.2197143700,11.4017088600,1971400,45505942.0000,2.796808,0.302898
2018-07-18,11.4607341000,11.6082972000,11.3033334600,11.5492719600,2530144,58661859.1400,3.589493,1.294216
2018-07-19,11.6378098200,12.0165551100,11.4312214800,11.5541907300,3877850,91839373.0400,5.501472,0.042590
2018-07-20,11.4017088600,11.6033784300,11.2639833000,11.4017088600,1986850,45963096.0000,2.818727,-1.319708
2018-07-23,11.3033334600,11.5099218000,11.2541457600,11.4853279500,1492715,34641206.4000,2.117702,0.733391
2018-07-24,11.4804091800,11.6673224400,11.3869525500,11.6181347400,1681800,39556858.0000,2.385955,1.156319
2018-07-25,11.6476473600,11.8788295500,11.5394344200,11.6033784300,1845350,43820566.3800,2.617982,-0.127014
2018-07-26,11.5837033500,11.6230535100,11.3623587000,11.4459777900,1095200,25457785.5000,1.553751,-1.356506
2018-07-27,11.3721962400,11.7017538300,11.3623587000,11.4607341000,1073704,25115345.2800,1.523255,0.128916
2018-07-30,11.4558153300,11.5886221200,11.0770700400,11.1902017500,1542950,35449100.0000,2.188970,-2.360512
2018-07-31,11.1902017500,11.2590645300,10.9836134100,11.1557703600,887200,20046563.0000,1.258663,-0.307691
2018-08-01,11.1508515900,11.2984146900,10.9786946400,11.0967451200,1186300,26770507.1700,1.682994,-0.529104
2018-08-02,11.0623137300,11.1852829800,10.3343357700,10.6540558200,1487706,32216720.5600,2.103826,-3.989360
2018-08-03,10.6491370500,10.7032435200,10.4081173200,10.5851930400,852200,18210387.5000,1.205131,-0.646350
2018-08-06,10.5507616500,10.5507616500,10.2457979100,10.4917364100,1227752,25886743.0400,1.736215,-0.882902
2018-08-07,10.5163302600,10.5753555000,10.2802293000,10.5655179600,1509061,32193881.3600,2.134025,0.703233
2018-08-08,11.3082522300,11.6230535100,10.7819438400,10.8409690800,4158411,94943386.3500,5.880580,2.607083
2018-08-09,10.5753555000,11.5492719600,10.5212490300,11.1705266700,4549665,102464710.2700,6.433869,3.039919
2018-08-10,11.0278823400,11.0967451200,10.8409690800,10.9983697200,3048711,67914901.7600,4.311308,-1.541165
2018-08-13,10.8557253900,11.8050480000,10.7967001500,11.8001292300,6372110,147727324.0800,9.011063,7.289799
2018-08-14,11.5591095000,11.7411039900,11.4066276300,11.4607341000,4052712,95171348.0400,5.731107,-2.876201
2018-08-15,11.4361402500,12.3707065500,11.4361402500,12.0017988000,8233965,201025008.7000,11.643989,4.721032
2018-08-16,11.7558603000,13.0691718900,11.6968350600,12.2182246800,7090226,179191531.3300,10.026581,1.803281
2018-08-17,12.5428635000,12.8625835500,12.2526560700,12.3707065500,4471228,113505920.0100,6.322948,1.247985
2018-08-20,12.4887570300,13.4823485700,12.3461127000,13.3692168600,7277346,190679883.2600,10.291195,8.071573
2018-08-21,13.1823036000,13.9545504900,13.0150654200,13.3692168600,6655964,181620695.9900,9.412473,0.000000
2018-08-22,13.1331159000,13.8217437000,13.0839282000,13.5266175000,5352058,147237856.1200,7.568566,1.177335
2018-08-23,13.5216987300,13.8660126300,13.2855977700,13.5512113500,4088392,113283607.5600,5.781564,0.181815
2018-08-24,13.3790544000,13.7627184600,13.1626285200,13.2314913000,4701785,128458452.0500,6.648988,-2.359345
2018-08-27,13.4282421000,14.4759401100,13.4134857900,14.3628084000,6782925,195039370.5100,9.592014,8.550190
2018-08-28,14.3874022500,14.7366349200,14.0824385100,14.1660576000,4853070,141038902.7200,6.862926,-1.369868
2018-08-29,14.2988643900,14.4956151900,14.0676822000,14.3037831600,3145600,91390824.0000,4.448323,0.972225
2018-08-30,14.2103265300,14.3037831600,13.6200741300,13.9693068000,4796929,136178147.8400,6.783535,-2.338378
2018-08-31,13.8463375500,14.2152453000,13.7823935400,13.9496317200,2921229,83315649.6000,4.131030,-0.140842
2018-09-03,13.5758052000,13.8906064800,13.0839282000,13.7725560000,4096273,112020236.1400,5.792708,-1.269396
2018-09-04,13.8217437000,15.0415986600,13.7479621500,14.5448028900,5544554,163720990.0800,7.840782,5.607142
2018-09-05,14.5841530500,14.9235481800,14.2644330000,14.3136207000,5276479,156750708.8500,7.461686,-1.589447
2018-09-06,14.2250828400,15.0022485000,14.2152453000,14.6825284500,4860152,145038109.9600,6.872941,2.577320
2018-09-07,14.6825284500,14.8448478600,13.7135307600,14.2152453000,3448369,100736700.6800,4.876481,-3.182582
2018-09-10,14.0676822000,14.4513462600,13.8266624700,13.9594692600,2469229,70995393.7200,3.491838,-1.799310
2018-09-11,14.0184945000,14.8841980200,13.9348754100,14.6579346000,4055969,119860598.6200,5.735713,5.003524
2018-09-12,14.6530158300,14.9924109600,14.4070773300,14.6431782900,2496214,73986609.7900,3.529999,-0.100667
2018-09-13,14.9038731000,15.1744054500,14.2054077600,14.6628533700,4170427,123778010.8400,5.897573,0.134360
2018-09-14,14.6579346000,14.6579346000,13.7479621500,13.8709314000,3883610,111716466.9500,5.491973,-5.400868
2018-09-17,13.5216987300,14.4119961000,13.4577547200,14.2300016100,3218854,92303324.3100,4.551914,2.588651
2018-09-18,14.1414637500,14.5054527300,13.8365000100,14.4119961000,2493769,71948391.6300,3.526541,1.278946
2018-09-19,14.4070773300,14.5349653500,14.0283320400,14.2447579200,2811541,81654650.7900,3.975916,-1.160410
2018-09-20,14.1168699000,14.6530158300,14.0971948200,14.1513012900,1846950,53901524.0000,2.611848,-0.656073
2018-09-21,14.1660576000,14.2545954600,13.8365000100,14.1414637500,2622479,74846011.7900,3.708556,-0.069518
2018-09-25,14.1414637500,14.3628084000,13.9397941800,14.1070323600,1767100,50713237.5000,2.498929,-0.243477
2018-09-26,14.1070323600,14.2644330000,13.7233683000,13.7725560000,2982216,84426360.8700,4.217274,-2.370991
2018-09-27,13.7627184600,14.1758951400,13.6643430600,13.7725560000,3072154,86962258.1000,4.344460,0.000000
2018-09-28,13.8463375500,13.8610938600,13.2068974500,13.4036482500,2287235,62452780.3900,3.234473,-2.678571
2018-10-08,13.1232783600,13.1232783600,12.4100567100,12.4494068700,2713846,70334105.3200,3.837761,-7.119268
2018-10-09,12.4592444100,12.5576198100,12.1395243600,12.2969250000,2167674,54440864.7700,3.065397,-1.224810
2018-10-10,12.2969250000,12.4297317900,11.9230984800,12.2133059100,2196762,54460442.3200,3.106532,-0.680000
2018-10-11,11.7312664500,11.9230984800,10.9934509500,11.0278823400,3098000,72200088.0000,4.381009,-9.706000
2018-10-12,10.9688571000,11.5099218000,10.7425936800,11.4312214800,2728071,61999523.6100,3.857878,3.657447
2018-10-15,11.4361402500,11.9034234000,11.3279273100,11.5099218000,2784144,65824113.4500,3.937173,0.688468
2018-10-16,11.5148405700,11.5935408900,10.8311315400,11.1902017500,2443231,55716902.3100,3.455074,-2.777776
2018-10-17,11.3574399300,11.5050030300,10.6737309000,11.4508965600,3579111,81701794.5700,5.061368,2.329674
2018-10-18,11.2541457600,11.2639833000,10.8754004700,10.8999943200,2203631,49503124.7300,3.116245,-4.811000
2018-10-19,10.6147056600,11.4607341000,10.5064927200,11.3033334600,2914092,65569882.4300,4.120938,3.700360
2018-10-22,11.5689470400,12.1247680500,11.5689470400,12.0116363400,4103688,98993660.9100,5.803194,6.266321
2018-10-23,12.0263926500,12.0460677300,11.5246781100,11.6574849000,2480379,59431201.8800,3.507606,-2.948400
2018-10-24,11.6820787500,11.8935858600,11.5640282700,11.7066726000,1623801,38768146.7400,2.296284,0.421934
2018-10-25,11.0573949600,11.1459328200,10.6245432000,11.0869075800,5597490,123947143.5800,7.915641,-5.294111
2018-10-26,11.1803642100,11.4115464000,10.8901567800,11.1459328200,3295400,74898321.0500,4.660161,0.532382
2018-10-29,11.0918263500,11.7804541500,10.9442632500,11.5394344200,4029437,93791653.5200,5.698193,3.530447
2018-10-30,11.4164651700,12.2280622200,10.9245881700,12.1690369800,5362599,126803046.0000,7.583472,5.456099
2018-10-31,11.9624486400,12.4592444100,11.9329360200,12.3953004000,3557451,88562187.8000,5.030738,1.859341
2018-11-01,12.3067625400,12.7101016800,12.2083871400,12.6215638200,4302416,109298675.7100,6.084224,1.825393
2018-11-02,13.0150654200,13.1478722100,12.6068075100,13.0249029600,5048000,132360994.0100,7.138585,3.195634
2018-11-05,12.9068524800,13.0199841900,12.4051379400,12.5281071900,4136950,106275265.5000,5.850231,-3.814200
2018-11-06,12.4444881000,12.4936758000,12.1542806700,12.4543256400,3567350,89365003.5000,5.044737,-0.588927
2018-11-07,12.5428635000,13.1331159000,12.4690819500,12.8281521600,5628837,146548680.5500,7.959970,3.001581
2018-11-08,12.8281521600,12.8871774000,12.4346505600,12.6314013600,2632250,67811873.0800,3.722373,-1.533741
2018-11-09,12.4936758000,13.4774298000,12.4543256400,12.9806340300,4780233,126759022.2700,6.759924,2.764794
2018-11-12,12.9904715700,13.4184045600,12.9166900200,13.2314913000,4179692,112748860.2000,5.910675,1.932551
2018-11-13,13.0839282000,13.3790544000,12.9265275600,13.1085220500,3422280,91541505.6800,4.839587,-0.929368
2018-11-14,12.9166900200,13.2265725300,12.8920961700,12.9363651000,2193482,58207405.5600,3.101893,-1.313322
2018-11-15,12.8133958500,13.3200291600,12.8133958500,13.3200291600,3319792,88403879.6400,4.694655,2.965782
2018-11-16,13.3200291600,13.4233233300,13.1823036000,13.3987294800,2333400,63123890.0000,3.299757,0.590841
2018-11-19,13.2905165400,13.6692618300,13.2314913000,13.4282421000,3509259,96312578.3400,4.962588,0.220262
2018-11-20,13.2167349900,13.2167349900,12.7838832300,12.7888020000,4050379,106532432.0700,5.727808,-4.761902
2018-11-21,12.6609139800,12.9609589500,12.6461576700,12.9265275600,1561500,40767649.5000,2.208181,1.076926
2018-11-22,12.9314463300,13.4429984100,12.8871774000,13.2167349900,3027582,81321811.9500,4.281428,2.245054
2018-11-23,13.2118162200,13.3790544000,12.4346505600,12.6805890600,3298331,86319915.2400,4.664306,-4.056569
2018-11-26,12.5576198100,13.0593343500,12.4444881000,12.8822586300,2568719,66901822.2100,3.632531,1.590379
2018-11-27,12.8429084700,13.3790544000,12.8429084700,13.2118162200,5652650,151988418.5000,7.993645,2.558228
2018-11-28,13.2757602300,13.5561301200,13.1724660600,13.3298667000,6675905,181964413.7300,9.440672,0.893521
2018-11-29,13.2905165400,13.6003990500,12.4936758000,12.5182696500,6046272,160151320.2400,8.550282,-6.088559
2018-11-30,12.2920062300,12.4248130200,11.8689920100,12.3067625400,4379583,108729097.3700,6.193349,-1.689589
2018-12-03,12.8773398600,13.4528359500,12.6658327500,13.3397042400,7147651,189297678.4700,10.107788,8.393287
2018-12-04,13.2314913000,13.9348754100,13.2265725300,13.7479621500,6843276,190574569.6700,9.677358,3.060472
2018-12-05,13.4675922600,14.3677271700,13.3839731700,14.1070323600,7188332,205743113.9300,10.165316,2.611805
2018-12-06,13.5364550400,13.7725560000,12.8871774000,13.0593343500,8880531,241330779.7700,12.558325,-7.426782
2018-12-07,13.4282421000,13.9545504900,13.3938107100,13.7135307600,7243010,202134206.5900,10.242639,5.009416
2018-12-10,13.7332058400,14.5152902700,13.6741806000,13.8955252500,7977506,228552630.4000,11.281320,1.327119
2018-12-11,14.1955702200,14.7267973800,14.0184945000,14.3529708600,8157992,237571149.5200,11.536553,3.292037
2018-12-12,14.3234582400,14.3628084000,13.9299566400,14.2644330000,5133273,147656259.0900,7.259173,-0.616862
2018-12-13,14.2496766900,14.8104164700,14.1808139100,14.5202090400,6978822,205327813.1200,9.869040,1.793105
2018-12-14,14.3480520900,14.4611838000,13.9152003300,14.0184945000,4548010,131075916.6700,6.431528,-3.455286
2018-12-17,13.7725560000,14.2939456200,13.5266175000,14.1562200600,4103016,116292298.1100,5.802244,0.982459
2018-12-18,13.9791443400,14.1906514500,13.5659676600,13.8168249300,3860680,108551831.2700,5.459547,-2.397500
2018-12-19,13.8709314000,14.0922760500,13.5954802800,13.6643430600,2927429,82352918.6900,4.139798,-1.103594
2018-12-20,13.6003990500,14.2250828400,13.5364550400,14.2152453000,4766677,135474339.5700,6.740754,4.031673
2018-12-21,14.0922760500,14.4119961000,14.0922760500,14.2890268500,4455411,129176301.2900,6.300580,0.519030
2018-12-24,14.5300465800,14.9038731000,14.4119961000,14.7513912300,6674665,199545065.0000,9.438919,3.235802
2018-12-25,14.5005339600,16.1827533000,14.4169148700,15.7941704700,10327195,320179042.6100,14.604112,7.069026
2018-12-26,15.5728258200,15.8630332500,15.1891617600,15.2285119200,7664199,241550486.2900,10.838259,-3.581443
2018-12-27,15.3957501000,15.8384394000,15.0858675900,15.2235931500,6703994,210856938.5800,9.480394,-0.032294
2018-12-28,15.2629433100,15.4449378000,14.9235481800,15.0612737400,4602482,141707152.0400,6.508559,-1.066236
2019-01-02,15.1596491400,16.1532406800,15.0514362000,15.9663274200,7826551,248911691.7800,11.067848,6.009139
2019-01-03,15.7400640000,15.8384394000,14.9530608000,15.0563549700,6618411,205880666.2200,9.359368,-5.699317
2019-01-04,14.6825284500,15.4744504200,14.5349653500,15.2531057700,4437030,136375915.0800,6.274587,1.306761
2019-01-07,15.3318060900,16.4434481100,15.3318060900,15.9810837300,7982330,258800009.1900,11.288142,4.772659
2019-01-08,15.9860025000,16.4188542600,15.6416886000,15.8531957100,5339992,173123879.0200,7.551503,-0.800253
2019-01-09,15.7400640000,16.4188542600,15.5383944300,15.8876271000,6489766,211963441.2700,9.177445,0.217188
2019-01-10,15.9122209500,16.8664623300,15.8777895600,16.6205238300,6994778,233511768.2300,9.891604,4.613008
2019-01-11,16.6254426000,17.6042778300,16.3204788600,16.3352351700,7688682,263972705.4100,10.872882,-1.716490
2019-01-14,16.4631231900,16.7139804600,16.1384843700,16.6500364500,5091873,170329737.6800,7.200627,1.927129
2019-01-15,16.3303164000,16.6352801400,16.1384843700,16.5024733500,4486386,149595882.7000,6.344383,-0.886261
2019-01-16,16.4483668800,16.9550001900,16.3106413200,16.4385293400,3704923,125374853.0700,5.239284,-0.387485
2019-01-17,16.3303164000,16.4188542600,15.8138455500,15.9171397200,4819473,157679035.8800,6.815415,-3.171746
2019-01-18,15.9417335700,16.2811287000,15.6810387600,16.0696215900,3977951,129533139.6800,5.625384,0.957965
2019-01-21,15.9860025000,16.8713811000,15.9860025000,16.7238180000,5649470,191216152.2800,7.989148,4.071019
2019-01-22,16.6893866100,16.6943053800,16.2614536200,16.3942604100,3230681,108257060.7000,4.568639,-1.970583
2019-01-23,16.3795041000,16.5123108900,16.1138905200,16.4286918000,2082883,69034431.2900,2.945491,0.210020
2019-01-24,16.4532856500,16.6205238300,16.1335656000,16.4631231900,2877607,96163093.3900,4.069343,0.209580
2019-01-25,16.5762549000,16.5762549000,16.0745403600,16.1040529800,2965189,98447941.1800,4.193196,-2.181056
2019-01-28,16.0843779000,16.2221034600,15.1793242200,15.1793242200,5749547,181597908.4900,8.130671,-5.742214
2019-01-29,15.1006239000,15.5679070500,14.7858226200,15.4596941100,3612077,112327259.0400,5.107987,1.847050
2019-01-30,15.2875371600,15.5334756600,14.8497666300,14.8645229400,2790063,86128630.9300,3.945543,-3.849828
2019-01-31,14.9038731000,15.4842879600,14.9038731000,15.1350552900,3335937,103377798.0000,4.717486,1.819991
2019-02-01,15.1498116000,15.6810387600,15.1498116000,15.6515261400,2781511,87657586.6600,3.933449,3.412412
2019-02-11,15.7449827700,16.3057225500,15.5728258200,16.2221034600,4061615,132466455.5200,5.743697,3.645505
2019-02-12,16.1286468300,16.4434481100,15.9810837300,16.1827533000,3349664,110399223.9300,4.736898,-0.242565
2019-02-13,16.1729157600,16.7139804600,16.0548652800,16.5516610500,4948630,165965954.7100,6.998062,2.279635
2019-02-14,16.4631231900,16.5073921200,16.2024283800,16.4188542600,3503938,116338577.9000,4.955063,-0.802379
2019-02-15,16.3942604100,17.2206137700,16.3942604100,16.6795490700,4916100,168369998.9600,6.952059,1.587773
2019-02-18,16.8221934000,17.1861823800,16.8025183200,17.1271571400,5576637,192418051.7900,7.886152,2.683574
2019-02-19,17.1419134500,17.1665073000,16.5762549000,16.7828432400,4635666,158705841.3900,6.555486,-2.010341
2019-02-20,16.7975995500,17.0435380500,16.3106413200,16.8467872500,4494290,152685543.7300,6.355561,0.381011
2019-02-21,16.7238180000,17.9781043500,16.6795490700,17.2058574600,10139779,358361989.7600,14.339079,2.131386
2019-02-22,17.1665073000,18.0420483600,16.9746752700,17.9436729600,7173686,257284515.1000,10.144605,4.288165
2019-02-25,18.3519308700,18.9667771200,18.0469671300,18.6175444500,10025390,377637444.7000,14.177317,3.755480
2019-02-26,18.2978244000,18.5781942900,17.3288267100,17.8452975600,13440402,486940331.5100,19.006626,-4.147952
2019-02-27,17.7075720000,17.7075720000,17.1665073000,17.3091516300,6633040,235247959.3000,9.380055,-3.004411
2019-02-28,16.9943503500,17.4468771900,16.8910561800,17.1173196000,4129991,143942785.2600,5.840390,-1.108268
2019-03-01,17.1665073000,17.2648827000,16.6303613700,17.2156950000,4768534,163886024.1000,6.743380,0.574715
2019-03-04,17.5600089000,17.6829781500,17.2452076200,17.3632581000,6980143,248177701.8800,9.870908,0.857141
2019-03-05,17.2156950000,17.7124907700,17.0189442000,17.7124907700,6069087,215578889.0900,8.582546,2.011329
2019-03-06,17.7075720000,17.7075720000,17.2009386900,17.4173645700,6472340,228835952.0100,9.152803,-1.666200
2019-03-07,17.4370396500,17.4567147300,16.8221934000,17.0189442000,6577697,227996164.8700,9.301792,-2.287493
2019-03-08,16.7139804600,17.2058574600,16.3057225500,16.7238180000,5799726,199070598.8600,8.201631,-1.734100
2019-03-11,16.7238180000,17.4567147300,16.7238180000,17.3730956400,5229624,181610405.1900,7.395427,3.882352
2019-03-12,17.4272021100,17.6780593800,17.0976445200,17.2698014700,6310016,222435408.1400,8.923254,-0.594561
2019-03-13,17.3288267100,17.3386642500,16.4926358100,16.5713361300,4752392,162813836.0100,6.720553,-4.044437
2019-03-14,16.3401539400,16.7188992300,16.1384843700,16.3549102500,2871102,95682008.4700,4.060144,-1.306021
2019-03-15,16.5713361300,16.6106862900,16.1925908400,16.4040979500,2664415,88960246.7200,3.767859,0.300747
2019-03-18,16.4877170400,16.9107312600,16.3008037800,16.8861374100,3349202,113767855.5000,4.736244,2.938541
2019-03-19,16.7385743100,16.9500814200,16.6106862900,16.6746303000,2652008,90308840.2700,3.750314,-1.252550
2019-03-20,16.6746303000,16.8172746300,16.3795041000,16.5418235100,2347977,79020804.8600,3.320371,-0.796462
2019-03-21,16.5418235100,17.0386192800,16.5319859700,16.7828432400,3891608,133484130.6000,5.503283,1.457026
2019-03-22,16.6697115300,16.9353251100,16.5565798200,16.8271121700,2952078,100410539.5800,4.174655,0.263775
2019-03-25,16.6746303000,16.6746303000,15.7892517000,15.9663274200,5414930,178387531.6200,7.576512,-5.115464
2019-03-26,15.9614086500,16.3745853300,15.1252177500,15.1694866800,4805710,151458890.2000,6.724098,-4.990755
2019-03-27,15.2481870000,15.3170497800,14.7218786100,15.0957051300,3550409,108039559.9800,4.967694,-0.486380
2019-03-28,15.1350552900,16.1138905200,15.0809488200,15.8286018600,5168627,165389714.7000,4.523846,4.855001
2019-03-29,15.7400640000,16.0745403600,15.5777445900,15.9073021800,3902518,125528093.0000,3.415683,0.497203
2019-04-01,15.7105513800,16.2073471500,15.5826633600,16.1434031400,6056414,196279196.8700,5.300883,1.484229
2019-04-02,16.1778345300,16.1778345300,15.8187643200,15.8777895600,4303043,139563705.4100,3.766243,-1.645341
2019-04-03,15.7400640000,15.8138455500,15.3465624000,15.7056326100,3183679,100986158.1400,2.786518,-1.084258
2019-04-04,15.7351452300,15.8531957100,15.5826633600,15.7056326100,2790973,89176647.7600,2.442802,0.000000
2019-04-08,15.7400640000,15.9318960300,15.1694866800,15.3859125600,2924828,92359428.0500,2.559959,-2.035702
2019-04-09,15.4105064100,16.4040979500,15.3121310100,16.1975096100,6709265,219199636.2800,5.872291,5.274935
2019-04-10,16.2762099300,16.3795041000,15.9466523400,16.1827533000,3900712,128051505.3000,3.414102,-0.091099
2019-04-11,16.1827533000,16.1827533000,15.6564449100,15.6662824500,2761432,89036828.3200,2.416946,-3.191493
2019-04-12,15.6416886000,15.8728707900,15.3859125600,15.5285568900,1912502,60499012.2000,1.673919,-0.879123
2019-04-15,15.7400640000,16.6746303000,15.7400640000,16.0302714300,5329982,176232526.8700,4.665072,3.230917
2019-04-16,16.2319410000,17.6337904500,16.0843779000,17.6337904500,11523342,400229011.5700,10.085817,10.003060
2019-04-17,18.1945302300,18.3371745600,17.2501263900,17.3386642500,13188310,478286415.8100,11.543082,-1.673636
2019-04-18,17.1468322200,17.7420033900,16.8221934000,17.2353700800,7816305,273736842.5600,6.841229,-0.595742
2019-04-19,17.0681319000,17.5993590600,16.7730057000,17.3485017900,5883590,205383854.8400,5.149618,0.656391
2019-04-22,17.3435830200,17.9731855800,17.0337005100,17.0779694400,6146414,218312411.4000,5.379655,-1.559397
2019-04-23,17.0779694400,17.0779694400,16.5172296600,16.6303613700,4162272,142296872.2200,3.643033,-2.620967
2019-04-24,16.6598739900,17.0533755900,16.5516610500,16.7582493900,3587817,122495212.1800,3.140241,0.768998
2019-04-25,16.5024733500,17.2009386900,16.3352351700,16.5762549000,5665862,193910677.3400,4.959052,-1.085996
2019-04-26,16.4778795000,16.5270672000,15.7400640000,16.2073471500,4022571,133075636.5300,3.520760,-2.225519
2019-04-29,16.4778795000,16.5565798200,15.5974196700,15.7351452300,3610275,117411291.4400,3.159897,-2.913508
2019-04-30,15.7400640000,16.0253526600,15.1006239000,15.3022934700,3080780,97581046.6300,2.696456,-2.750857
2019-05-06,14.7071223000,14.7071223000,13.7725560000,13.7725560000,4015681,115343480.1100,3.514729,-9.996787
2019-05-07,13.7725560000,14.0676822000,13.3839731700,13.8365000100,2271592,63680330.1800,1.988213,0.464283
2019-05-08,13.5512113500,14.2054077600,13.4921861100,13.8561750900,2315761,65846145.0000,2.026872,0.142200
2019-05-09,13.8266624700,14.1660576000,13.5758052000,13.9791443400,2175845,61857867.2700,1.904411,0.887469
2019-05-10,14.1021135900,14.6333407500,13.7725560000,14.5595592000,3731505,109103904.9700,3.266004,4.152007
2019-05-13,14.3775647100,14.8104164700,14.3136207000,14.6235032100,2198991,65189461.5000,1.924669,0.439186
2019-05-14,14.4365899500,15.0022485000,14.3628084000,14.7022035300,2255642,67443257.9300,1.974253,0.538176
2019-05-15,14.9038731000,15.0120860400,14.6972847600,14.7956601600,2284379,68921738.0500,1.999405,0.635666
2019-05-16,14.7956601600,14.8546854000,14.4661025700,14.6726909100,1996400,59375258.5000,1.747351,-0.831117
2019-05-17,14.7563100000,15.0957051300,14.0676822000,14.2103265300,2813400,83801999.5000,2.462431,-3.151192
2019-05-20,14.2054077600,14.3431333200,13.5266175000,14.0676822000,3645521,103028523.4900,3.190746,-1.003804
2019-05-21,13.9643880300,14.5989093600,13.7774747700,14.3185394700,2958374,85919419.1000,2.589320,1.783217
2019-05-22,14.2988643900,14.8743604800,14.2545954600,14.5251278100,3415323,101402749.9000,2.989265,1.442803
2019-05-23,14.4119961000,14.4119961000,13.6249929000,13.7479621500,3521716,99861821.4900,3.082386,-5.350491
2019-05-24,13.7282870700,13.9102815600,13.3347854700,13.4675922600,2442800,67540226.0000,2.138063,-2.039362
2019-05-27,13.4626734900,14.1660576000,13.4626734900,14.0676822000,2596926,73171373.3200,2.272962,4.455812
2019-05-28,14.0922760500,14.2644330000,13.9693068000,14.0184945000,2516021,72428327.2800,2.202150,-0.349652
2019-05-29,14.2152453000,14.5300465800,14.1021135900,14.4759401100,3037571,88685721.3600,2.658637,3.263159
2019-05-30,14.4119961000,14.4119961000,13.9545504900,14.2152453000,2623454,75517860.9400,2.296181,-1.800886
2019-05-31,14.2152453000,14.4513462600,14.0922760500,14.1168699000,2245966,64992988.8800,1.965784,-0.692038
2019-06-03,14.1463825200,15.2973747000,13.8807689400,14.8005789300,5732086,170640917.4600,5.017014,4.843204
2019-06-04,15.1891617600,15.5777445900,14.9530608000,15.4400190300,7220311,224642517.3100,6.319585,4.320370
2019-06-05,15.6810387600,15.8679520200,15.0907863600,15.4596941100,7046456,222081805.7600,6.167418,0.127432
2019-06-06,15.6367698300,15.6466073700,14.6235032100,15.0022485000,4573498,139768155.6600,4.002959,-2.958957
2019-06-10,15.0415986600,15.8679520200,15.0071672700,15.5433132000,5719786,181179273.7800,5.006249,3.606559
2019-06-11,15.6269322900,16.0794591300,15.2776996200,16.0647028200,6526905,208621820.4700,5.712681,3.354429
2019-06-12,15.9368148000,16.3647477900,15.7990892400,16.0351902000,5455837,178413632.9300,4.775227,-0.183715
2019-06-13,15.7892517000,16.2270222300,15.6662824500,15.8482769400,3711593,119841209.2300,3.248576,-1.165636
2019-06-14,15.8630332500,15.9761649600,15.2875371600,15.4301814900,3569794,112651468.3600,3.124466,-2.638114
2019-06-17,15.3957501000,15.5826633600,15.1399740600,15.3514811700,2302272,71872802.3000,2.015066,-0.510047
2019-06-18,15.3514743600,15.6174286800,15.0855200400,15.2849857800,2959760,61511976.2100,1.727022,-0.433109
2019-06-19,15.9572592000,15.9794220600,15.5140020000,15.6174286800,5734235,122520643.2500,3.345930,2.174958
2019-06-20,15.4179629400,15.9941973000,15.0190314600,15.8833830000,6132828,129313805.1400,3.578509,1.702936
2019-06-21,15.9203211000,16.2527640000,15.7799563200,15.9129334800,6526636,140940498.0700,3.808297,0.186051
2019-06-24,15.8833830000,15.8833830000,15.4031877000,15.5952658200,3937179,83145408.1600,2.297347,-1.996287
2019-06-25,15.6986925000,16.8585488400,15.6026534400,16.3340278200,11031018,243086112.0400,6.436607,4.737092
2019-06-26,16.1788878000,17.9149785000,16.0976239800,17.2722555600,13842456,322593639.7900,8.077083,5.744000
2019-06-27,16.9989136200,17.6194737000,16.9989136200,17.3313565200,12441530,290978072.2500,7.259642,0.342172
2019-06-28,17.1909917400,17.3239689000,16.7920602600,16.9693631400,7000055,160751760.0100,4.084537,-2.088661
2019-07-01,17.7081251400,17.8632651600,17.2870308000,17.4126203400,9976911,236579890.0800,5.821535,2.612104
2019-07-02,17.3091936600,17.3239689000,16.8733240800,16.9028745600,6366925,146528214.0100,3.715105,-2.927453
2019-07-03,16.8954869400,17.4347832000,16.7034088200,17.0136888600,5127053,118666520.7700,2.991639,0.655601
2019-07-04,17.0063012400,17.0727898200,16.4448421200,16.5482688000,4772925,107655750.8800,2.785005,-2.735567
2019-07-05,16.9176498000,17.2353174600,16.7920602600,17.0432393400,6154696,142051322.3500,3.591269,2.991072
2019-07-08,16.9915260000,16.9915260000,16.1788878000,16.4226792600,5378076,120241126.9500,3.138111,-3.641093
2019-07-09,16.2970897200,16.7329593000,16.2970897200,16.6073697600,3653431,81792728.8400,2.131780,1.124606
2019-07-10,16.7034088200,16.7846726400,16.1641125600,16.4226792600,3452190,76688334.4100,2.014355,-1.112100
2019-07-11,16.8437736000,17.1023403000,16.3857411600,16.5556564200,4391128,99225186.9900,2.562226,0.809718
2019-07-12,16.5113307000,16.7329593000,16.2897021000,16.6221450000,3260665,73218138.1400,1.902600,0.401607
2019-07-15,16.6073697600,17.5529851200,16.3044773400,17.2944184200,8327558,193374161.1100,4.859136,4.044444
2019-07-16,17.3239689000,17.7007375200,17.2500927000,17.3535193800,6759988,159826208.0500,3.944458,0.341734
2019-07-17,17.4791089200,17.8337146800,17.3387441400,17.3609070000,6022683,143058979.9700,3.514240,0.042572
2019-07-18,17.1392784000,17.9371413600,17.0654022000,17.5899232200,9229231,219941346.3800,5.385263,1.319147
2019-07-19,17.5825356000,17.7450632400,17.1392784000,17.1540536400,6917194,163008677.2400,4.036188,-2.477951
2019-07-22,17.2131546000,17.2796431800,16.5482688000,16.7255716800,4914282,112288315.5700,2.867487,-2.497846
2019-07-23,16.8585488400,17.1245031600,16.7698974000,17.0801774400,4615068,105772206.0200,2.692895,2.120148
2019-07-24,17.0875650600,17.8632651600,16.9545879000,17.8632651600,10595979,252119721.9800,6.182761,4.584773
2019-07-25,17.7376756200,18.1735452000,17.6564118000,17.9888547000,9556277,232342666.7000,5.576094,0.703061
2019-07-26,17.9519166000,18.6168024000,17.9002032600,18.2326461600,9545763,236761386.0000,5.570000,1.355200
2019-07-29,18.1809328200,18.8162681400,18.1439947200,18.7128414600,9914455,249154344.4000,5.785092,2.633710
2019-07-30,18.5872519200,19.0305091200,18.3656233200,18.4321119000,9487698,239352893.6300,5.536100,-1.500200
2019-07-31,18.5281509600,18.8901443400,18.3360728400,18.4321119000,7161007,180574126.6700,4.178500,0.000000
2019-08-01,18.3360728400,18.8014929000,18.2917471200,18.7128414600,7406983,186032659.2900,4.322000,1.523000
2019-08-02,17.9666918400,18.6094147800,17.8189394400,18.3508480800,7072965,175116841.0900,4.127100,-1.934500
2019-08-05,18.3656233200,18.8236557600,18.0627309000,18.1366071000,6952588,173506789.8300,4.056800,-1.167500
2019-08-06,17.7155127600,18.3951738000,17.5529851200,18.2548090200,7849679,190750855.7100,4.580300,0.651700
2019-08-07,18.4690500000,18.5281509600,17.7302880000,17.7672261000,6914902,168540282.4500,4.034900,-2.671000
2019-08-08,17.7302880000,18.2326461600,17.5234346400,18.1218318600,5962755,144412127.1500,3.479300,1.995800
2019-08-09,18.2474214000,18.4394995200,17.0432393400,17.3609070000,7801372,188767745.8900,4.552100,-4.198900
2019-08-12,17.5825356000,18.6759033600,17.3609070000,18.6168024000,9703475,236767071.4700,5.662000,7.234000
2019-08-13,18.4616623800,19.0157338800,18.2474214000,19.0157338800,10542918,266355306.1700,6.151800,2.142900
2019-08-14,19.4294406000,19.5624177600,18.4099490400,18.5503138200,11915731,305151524.9100,6.952800,-2.447500
2019-08-15,17.8854280200,18.9123072000,17.7376756200,18.9123072000,9435622,233913829.6100,5.505700,1.951400
2019-08-16,18.9123072000,19.1560986600,18.6168024000,18.7645548000,8033641,205079141.3100,4.687600,-0.781300
2019-08-19,19.0378967400,19.6215187200,18.7793300400,19.5254796600,11141615,290670141.7500,6.501100,4.055100
2019-08-20,19.5328672800,19.7766587400,19.1043853200,19.2595253400,8767070,229665784.2000,5.115600,-1.362100
2019-08-21,19.1930367600,19.9170235200,18.9492453000,19.8726978000,10551562,278484592.1100,6.156800,3.183700
2019-08-22,20.0352254400,21.0473293800,19.7618835000,20.5966845600,13544648,375264322.2700,7.903300,3.643100
2019-08-23,20.4710950200,20.9069646000,20.1534273600,20.5966845600,9309712,258367654.4900,5.432200,0.000000
2019-08-26,20.0943264000,20.6114598000,20.0573883000,20.3381178600,6976116,192215781.7300,4.070600,-1.255400
2019-08-27,20.4637074000,20.8330884000,19.9613492400,20.0721635400,9688617,266654260.7000,5.653300,-1.307700
2019-08-28,19.7840463600,20.1977530800,19.7323330200,19.8874730400,6743300,182110856.2900,4.498600,-0.920100
2019-08-29,20.0500006800,20.3233426200,19.5771930000,19.7323330200,8608546,232212617.3500,5.742900,-0.780100
2019-08-30,19.2743005800,19.4737663200,18.3877861800,18.4986004800,17245619,443838379.9800,11.504900,-6.252300
2019-09-02,18.6168024000,18.9787957800,18.3508480800,18.7571671800,9030696,228382831.3300,6.024500,1.397800
2019-09-03,18.7571671800,19.5624177600,18.7497795600,19.2225872400,10255752,266571911.6200,6.841800,2.481300
2019-09-04,19.3555644000,19.9317987600,19.3334015400,19.6953949200,10041872,267012823.6700,6.699100,2.459600
2019-09-05,19.6732320600,20.7444369600,19.5993558600,20.1017140200,13406195,365199310.1500,8.943500,2.063000
2019-09-06,20.1682026000,20.8921893600,20.1682026000,20.5301959800,11925687,331852055.5100,7.955900,2.131600
2019-09-09,20.7665998200,22.1111466600,20.7592122000,22.0963714200,16660436,481858701.2100,11.114500,7.628600
2019-09-10,22.1480847600,22.1480847600,20.9660655600,21.2911208400,13895926,401307403.2800,9.270200,-3.644300
2019-09-11,21.3576094200,21.3797722800,20.4932578800,20.6927236200,10635422,300000531.9800,7.095100,-2.810500
2019-09-12,20.8774141200,20.9660655600,20.4784826400,20.7148864800,7513076,210485634.1500,5.012100,0.107100
2019-09-16,20.8700265000,21.0694922400,20.4193816800,20.8626388800,8422028,237474057.0500,5.618500,0.713300
2019-09-17,20.7518245800,20.8774141200,20.2273035600,20.5301959800,7714233,214826834.2000,5.146300,-1.593500
2019-09-18,20.7665998200,21.1507560600,20.5892969400,20.9291274600,9325599,263520310.2900,6.221300,1.943100
2019-09-19,20.9365150800,21.0325541400,20.5154207400,20.8552512600,7123326,199837096.6600,4.752100,-0.353000
2019-09-20,20.9069646000,21.1285932000,20.6705607600,20.8700265000,8346727,236121532.2800,5.568300,0.070800
2019-09-23,20.8183131600,21.1655313000,20.3307302400,21.1581436800,9265312,262173434.0500,6.181100,1.380500
2019-09-24,21.1581436800,21.7048275600,20.9808408000,21.4831989600,12145304,351747894.7000,8.102400,1.536300
2019-09-25,21.0694922400,21.0768798600,19.9539616200,20.1091016400,11286581,312776003.1500,7.529500,-6.396200
2019-09-26,20.1312645000,20.2420788000,19.2078120000,19.2743005800,7430426,198284924.1400,4.957000,-4.151400
2019-09-27,19.4516034600,19.9465740000,19.2299748600,19.5845806200,6571959,174699744.6000,4.384300,1.609800
2019-09-30,19.6880073000,19.9835121000,19.4663787000,19.5402549000,4108643,109564067.7800,2.741000,-0.226300
2019-10-08,19.6289063400,19.7249454000,19.0748348400,19.1339358000,3676175,96203163.9000,2.452400,-2.079400
2019-10-09,19.1413234200,19.4737663200,18.7497795600,19.4368282200,3717707,96926127.7200,2.480200,1.583000
2019-10-10,19.4368282200,20.1460397400,19.3112386800,20.0795511600,6582164,177484665.4700,4.391100,3.306700
2019-10-11,20.0500006800,20.2273035600,19.7618835000,20.0204502000,5232545,141564744.5200,3.490700,-0.294300
2019-10-14,20.2790169000,20.8257007800,19.9908997200,20.8109255400,8092362,224002904.2200,5.398600,3.948300
2019-10-15,20.4489321600,20.4489321600,19.6141311000,19.6658444400,8277265,223578152.3700,5.521900,-5.502300
2019-10-16,19.8579225600,20.1312645000,19.5624177600,19.5845806200,3707696,99448986.6800,2.473500,-0.413200
2019-10-17,19.6658444400,19.8283720800,19.4737663200,19.6880073000,2814693,74975979.9500,1.877700,0.528100
2019-10-18,19.7618835000,19.9317987600,19.1413234200,19.2004243800,4084781,107950983.3100,2.725000,-2.476500
2019-10-21,19.4663787000,19.4663787000,18.5429262000,18.7793300400,3910743,99494209.6600,2.608900,-2.193200
2019-10-22,18.9123072000,19.1708739000,18.8088805200,19.1487110400,3147134,80929500.8000,2.099500,1.967000
2019-10-23,19.1339358000,19.3777272600,18.9344700600,19.1191605600,2950240,76563566.1700,1.968200,-0.154300
2019-10-24,18.9344700600,19.2521377200,18.5798643000,18.9861834000,2951494,75546021.9100,1.969000,-0.695500
2019-10-25,18.8827567200,19.3925025000,18.7350043200,19.2521377200,3373050,87275444.3100,2.250200,1.400800
2019-10-28,19.2151996200,19.7397206400,19.2151996200,19.6289063400,4430036,117293037.4000,2.955400,1.957000
2019-10-29,19.6510692000,19.8653101800,19.3112386800,19.3186263000,5025944,133095714.0000,3.352900,-1.580700
2019-10-30,19.2521377200,19.6510692000,19.0305091200,19.3629520200,4308600,112927817.3100,2.874300,0.229400
2019-10-31,19.3703396400,19.7397206400,19.3260139200,19.4072777400,4412594,116708947.2000,2.943700,0.228900
2019-11-01,19.5033168000,20.1312645000,19.3629520200,20.1017140200,7751872,208075480.3500,5.171400,3.578200
2019-11-04,20.3159550000,20.3159550000,19.8431473200,19.9022482800,7343228,199157606.0600,4.898800,-0.992300
2019-11-05,19.9761244800,20.0869387800,19.7397206400,19.8948606600,4428005,119394635.8600,2.954000,-0.037100
2019-11-06,19.8431473200,19.9096359000,18.9787957800,19.2151996200,6436812,168990067.7300,4.294100,-3.416300
2019-11-07,19.2816882000,19.3334015400,19.0452843600,19.2521377200,3719276,96497675.2400,2.481200,0.192200
2019-11-08,19.3555644000,19.5476425200,19.1043853200,19.1634862800,4167940,108946876.1700,2.780500,-0.460500
2019-11-11,19.0083462600,19.0083462600,18.0996690000,18.2474214000,5298743,133274461.8600,3.534900,-4.780300
2019-11-12,18.3508480800,18.4394995200,17.9962423200,18.3212976000,3435103,84668407.2000,2.291600,0.404900
2019-11-13,18.2769718800,18.4616623800,18.1439947200,18.2474214000,2655430,65740898.4800,1.771500,-0.403200
2019-11-14,18.2769718800,18.6537405000,18.0036299400,18.5872519200,3690154,91919142.0500,2.461800,1.862300
2019-11-15,18.5798643000,18.8014929000,18.4099490400,18.4912128600,2926365,73732712.3700,1.952200,-0.516700
2019-11-18,18.4321119000,18.7276167000,18.3508480800,18.5133757200,2127495,53311550.6200,1.419300,0.119900
2019-11-19,18.5281509600,18.9714081600,18.4321119000,18.8827567200,3613389,91801563.0800,2.410600,1.995200
2019-11-20,18.8901443400,18.9123072000,18.5207633400,18.5281509600,2698160,68377171.2800,1.800000,-1.877900
2019-11-21,18.5281509600,18.6168024000,18.1292194800,18.2474214000,3241180,80620822.2600,2.162300,-1.515100
2019-11-22,18.3877861800,18.6759033600,17.8411023000,18.0996690000,4166701,103086841.2200,2.779700,-0.809700
2019-11-25,17.9888547000,18.1735452000,17.4347832000,17.6711870400,3416770,81630086.1800,2.279400,-2.367300
2019-11-26,17.7229003800,17.8632651600,17.5086594000,17.5677603600,1879411,44933917.9700,1.253800,-0.585300
2019-11-27,17.6564118000,17.8780404000,17.5012717800,17.7302880000,2367700,56840887.7500,1.579500,0.925100
2019-11-28,17.7302880000,17.9666918400,17.5825356000,17.9445289800,2155262,52174801.1500,1.437800,1.208300
2019-11-29,17.9519166000,18.0553432800,17.7746137200,17.9519166000,2011500,48787026.5000,1.341900,0.041200
2019-12-02,18.0848937600,18.2843595000,17.9149785000,18.1883204400,2386305,58757124.4000,1.591900,1.316900
2019-12-03,18.0257928000,18.7276167000,18.0257928000,18.6611281200,4406521,110531504.8400,2.939700,2.599500
2019-12-04,18.4616623800,18.9566329200,18.3951738000,18.8679814800,4357544,110870426.5700,2.907000,1.108500
2019-12-05,18.9049195800,19.1191605600,18.7276167000,19.0009586400,5619514,144443589.1300,3.748900,0.704800
2019-12-06,19.0600596000,19.3407891600,18.9049195800,19.2299748600,4722596,122561024.0000,3.150500,1.205300
2019-12-09,19.3407891600,19.5993558600,19.2078120000,19.4663787000,4606365,121301882.8700,3.073000,1.229300
2019-12-10,19.4368282200,19.5254796600,19.0822224600,19.4072777400,4942618,129493915.4100,3.297300,-0.303600
2019-12-11,19.3629520200,19.5402549000,19.1339358000,19.1708739000,4917444,128423802.3000,3.280500,-1.218100
2019-12-12,19.2595253400,19.4959291800,19.0969977000,19.1487110400,4450146,116116627.6900,2.968800,-0.115600
2019-12-13,19.2964634400,19.5328672800,18.9418576800,19.1413234200,5610821,145685882.7300,3.743100,-0.038600
2019-12-16,19.1782615200,19.7692711200,19.1560986600,19.7397206400,7885348,209032961.7000,5.260500,3.126200
2019-12-17,19.6880073000,19.9244111400,19.5919682400,19.7249454000,6231061,166567839.5300,4.156900,-0.074800
2019-12-18,19.7988216000,20.0869387800,19.6510692000,19.8653101800,7336213,197874423.6300,4.894100,0.711600
2019-12-19,19.7175577800,20.2420788000,19.6880073000,20.1017140200,6322984,171768841.6300,4.218200,1.190000
2019-12-20,20.1017140200,20.1017140200,19.4737663200,19.4959291800,5110975,136500672.0300,3.409600,-3.013600
2019-12-23,19.3260139200,19.7175577800,19.0526719800,19.1339358000,4533660,119156083.7100,3.024500,-1.856800
2019-12-24,19.2816882000,19.5107044200,19.1634862800,19.5107044200,2731831,71584470.9700,1.822500,1.969100
2019-12-25,19.5180920400,19.8431473200,19.3703396400,19.6584568200,4199584,111898629.1600,2.801600,0.757300
2019-12-26,19.5993558600,19.8579225600,19.4885415600,19.6880073000,3231434,85802147.1900,2.155800,0.150300
2019-12-27,19.7766587400,19.8431473200,19.1930367600,19.2004243800,5345106,141345784.6500,3.565800,-2.476500
2019-12-30,18.9787957800,19.3925025000,18.5281509600,19.2078120000,4518311,116235996.3100,3.014300,0.038500
2019-12-31,19.2447501000,19.8800854200,19.2447501000,19.7397206400,6276095,166908400.7300,4.186900,2.769200
2020-01-02,19.8505349400,20.1682026000,19.7397206400,20.0204502000,5289877,143204029.0200,3.529000,1.422200
2020-01-03,20.1682026000,20.2568540400,19.8283720800,19.9244111400,4029674,109037258.2000,2.688300,-0.479700
2020-01-06,19.7766587400,20.4341569200,19.7692711200,20.0943264000,6573646,178853886.5400,4.385400,0.852800
2020-01-07,20.1903654600,20.2273035600,19.8726978000,20.0795511600,4222969,114615814.1900,2.817200,-0.073500
2020-01-08,19.7988216000,19.9391863800,19.4368282200,19.4811539400,5873250,156679117.4000,3.918200,-2.980100
2020-01-09,19.7840463600,20.5080331200,19.7840463600,20.5006455000,9663516,265521228.0200,6.446700,5.233200
2020-01-10,20.5080331200,20.7592122000,20.2790169000,20.5301959800,7143377,198507685.9300,4.765500,0.144100
2020-01-13,20.5301959800,20.9069646000,20.3159550000,20.8478636400,6824018,190933069.1400,4.552400,1.547300
2020-01-14,20.7961503000,21.0177789000,20.3159550000,20.3972188200,6809388,189220679.6000,4.542700,-2.161600
2020-01-15,20.4563197800,20.6114598000,20.2051407000,20.3972188200,4550718,125493786.6500,3.035900,0.000000
2020-01-16,20.3972188200,20.7813750600,20.1534273600,20.2125283200,6142295,169509697.2300,4.097600,-0.905500
2020-01-17,20.3159550000,21.1138179600,20.2494664200,20.4858702600,14355348,402126148.3300,9.576700,1.352300
2020-01-20,20.6114598000,21.6974399400,20.4932578800,21.4314856200,14161363,407361291.1100,9.447300,4.615900
2020-01-21,21.0916551000,21.2320198800,20.8404760200,20.9143522200,8942570,254057156.8300,5.965800,-2.413000
2020-01-22,20.7074988600,21.3871599000,20.0204502000,21.0768798600,9900617,277080963.6300,6.604900,0.777100
2020-01-23,20.6853360000,21.0547170000,19.5771930000,20.0426130600,8989879,248098369.1100,5.997300,-4.907100
2020-02-03,18.0405680400,18.0405680400,18.0405680400,18.0405680400,1540500,37619010.0000,1.027700,-9.988900
2020-02-04,16.4005164000,17.7007375200,16.4005164000,17.3609070000,11002798,258137487.2500,7.340200,-3.767400
2020-02-05,17.4938841600,18.0553432800,17.3904574800,17.4421708200,8979986,214771917.0000,5.990700,0.468100
2020-02-06,17.4421708200,17.6564118000,17.1688288800,17.5677603600,9371432,220996999.3900,6.251900,0.720000
2020-02-07,17.4052327200,17.6933499000,17.1097279200,17.6933499000,10276110,241523593.2100,6.855400,0.714900
2020-02-10,17.4864965400,18.2843595000,17.3609070000,18.2548090200,10171374,247674702.7700,6.785500,3.173300
2020-02-11,18.4764376200,18.9492453000,18.1735452000,18.2917471200,10577682,264559180.9700,7.056600,0.202400
2020-02-12,18.2695842600,18.5724766800,18.0479556600,18.5133757200,8422755,208854100.2200,5.619000,1.211600
2020-02-13,18.5059881000,18.5059881000,18.1144442400,18.2548090200,6191394,153269129.0200,4.130400,-1.396600
2020-02-14,18.1070566200,18.6463528800,18.1070566200,18.4468871400,6954291,173581455.0200,4.639300,1.052200
2020-02-17,18.6906786000,19.3186263000,18.6759033600,19.3112386800,9986307,257672259.7400,6.662100,4.685600
2020-02-18,19.3407891600,19.6510692000,19.2078120000,19.6362939600,11047650,290938382.6700,7.370100,1.683200
2020-02-19,19.6880073000,20.0426130600,19.2743005800,19.4737663200,10289733,273408910.7000,6.864500,-0.827700
2020-02-20,19.4294406000,19.9835121000,19.3629520200,19.8726978000,10414538,278039135.6400,6.947700,2.048600
2020-02-21,19.9096359000,20.6557855200,19.8800854200,20.4858702600,12630586,348191703.4600,8.426100,3.085500
2020-02-24,21.3058960800,22.5322410000,21.3058960800,22.5322410000,20837420,626147224.6500,13.901000,9.989200
2020-02-25,23.2562277600,24.7854651000,21.7934790000,24.5416736400,37178568,1186003596.5200,24.802500,8.918000
2020-02-26,23.5517325600,24.7115889000,23.0789248800,23.6773221000,25807438,834826401.4000,17.216600,-3.522000
2020-02-27,24.0688659600,24.2757193200,22.6061172000,22.9237848600,19597571,618837661.3500,13.073900,-3.182500
2020-02-28,20.6336226600,21.3058960800,20.6336226600,20.6336226600,21414065,602668182.1300,14.285700,-9.990300
2020-03-02,20.6853360000,22.5691791000,20.5154207400,21.8821304400,22566096,655070022.6200,15.054300,6.050800
2020-03-03,22.8720715200,24.0540907200,22.1628600000,22.5026905200,23212111,726887272.1100,15.485200,2.835900
2020-03-04,22.2736743000,23.4926316000,22.2367362000,23.0124363000,16240666,505274061.0100,10.834500,2.265300
2020-03-05,24.7485270000,24.7485270000,23.0863125000,23.1897391800,21979612,710503097.9300,14.663000,0.770500
2020-03-06,22.6135048200,24.3717583800,22.5765667200,23.7142602000,17615810,564325099.0100,11.751800,2.261900
2020-03-09,24.2757193200,26.0856862200,23.9211135600,25.0218689400,29144567,1002076401.4400,19.442900,5.514000
2020-03-10,24.8445660600,27.0904025400,23.8694002200,27.0904025400,33189542,1158063790.4400,22.141400,8.266900
2020-03-11,27.2307673200,28.0729560000,25.5020642400,25.8418947600,26694332,972630261.3800,17.808300,-4.608700
2020-03-12,24.6894260400,25.4946766200,24.5564488800,25.1917842000,15963519,539696464.2500,10.649600,-2.515700
2020-03-13,23.2562277600,25.3838623200,23.2414525200,24.6155498400,15255692,505611974.1000,10.177400,-2.287400
2020-03-16,24.3791460000,24.3791460000,22.1554723800,22.1554723800,18310318,567041031.6600,12.215200,-9.994000
2020-03-17,22.3106124000,22.9237848600,20.4489321600,21.4462608600,13935242,405494521.0500,9.296500,-3.201100
2020-03-18,21.7934790000,22.2515114400,20.9512903200,20.9734531800,13208565,388517696.9500,7.758500,-2.204600
2020-03-19,21.2172446400,22.6061172000,20.9069646000,22.3106124000,14952347,438786146.8800,9.975000,6.375500
2020-03-20,22.3918762200,22.7538696000,21.9929447400,22.4066514600,11677673,353637191.2900,7.790400,0.430500
2020-03-23,21.6161761200,23.3374915800,21.4240980000,22.3475505000,14513589,446402585.5300,9.682300,-0.263800
2020-03-24,23.2783906200,23.4926316000,21.3723846600,23.1454134600,15305995,470268837.4100,10.210900,3.570200
2020-03-25,23.8841754600,23.8841754600,23.0493744000,23.0715372600,12105101,382856548.9700,8.075500,-0.319200
2020-03-26,22.6947686400,23.0863125000,22.2367362000,22.3253876400,8036067,246351908.2600,5.361000,-3.234100
2020-03-27,22.7095438800,22.9828858200,21.6826647000,21.7787037600,8977195,270512636.9000,5.988900,-2.448700
2020-03-30,21.2837332200,21.2911208400,20.1903654600,20.2420788000,10992621,306573899.4400,7.333400,-7.055600
2020-03-31,20.7074988600,20.7813750600,19.7249454000,19.9465740000,7915899,216763942.3000,5.280800,-1.459900
2020-04-01,19.9096359000,20.4563197800,19.6215187200,19.6658444400,7179307,194700347.1000,4.789500,-1.407400
2020-04-02,19.9465740000,20.6336226600,19.6953949200,20.6114598000,9761425,266520065.6300,6.512000,4.808400
2020-04-03,20.3972188200,20.6557855200,20.0721635400,20.1091016400,7013326,192823573.6800,4.678700,-2.437300
2020-04-07,20.6040721800,20.7961503000,20.4341569200,20.5966845600,7606408,212205673.9100,5.074400,2.424700
2020-04-08,20.6114598000,20.8921893600,20.3159550000,20.5523588400,8165232,228477815.3900,5.447200,-0.215200
2020-04-09,20.6483979000,21.1212055800,20.6410102800,20.7739874400,6861975,193357708.3900,4.577800,1.078400
2020-04-10,20.5301959800,20.5301959800,19.6362939600,19.7101701600,9547957,258268789.7900,6.369600,-5.120900
2020-04-13,19.3851148800,19.5771930000,19.0896100800,19.1339358000,5193649,135527422.7000,3.464800,-2.923500
2020-04-14,19.4663787000,19.5624177600,19.2151996200,19.5402549000,4642896,121868862.5400,3.097400,2.123600
2020-04-15,19.2078120000,19.7988216000,18.8458186200,19.2078120000,6288336,165500800.0700,4.195100,-1.701300
2020-04-16,19.3112386800,19.5180920400,18.7645548000,19.4294406000,5568708,144988388.7800,3.715000,1.153800
2020-04-17,19.5919682400,19.8579225600,19.3629520200,19.4663787000,6584620,174899209.4100,4.392700,0.190100
2020-04-20,19.4663787000,19.7544958800,19.4368282200,19.7471082600,4537763,120489342.6000,2.665400,1.442100
2020-04-21,19.7323330200,19.9613492400,19.4368282200,19.7988216000,4938632,131925905.1300,3.294700,0.261900
2020-04-22,19.5476425200,19.9613492400,19.5476425200,19.9465740000,3644206,97829191.3100,2.431100,0.746300
2020-04-23,19.9835121000,20.0721635400,19.3703396400,19.3777272600,4640953,123314602.3000,3.096100,-2.851900
2020-04-24,19.3777272600,19.9170235200,18.9861834000,19.1265481800,5003352,131540335.5300,3.337800,-1.296200
2020-04-27,19.1265481800,19.5771930000,18.9787957800,19.2447501000,4400039,115086243.6400,2.935300,0.618000
2020-04-28,19.2595253400,19.3407891600,18.1366071000,18.7793300400,5914640,150027082.4700,3.945800,-2.418400
2020-04-29,18.5355385800,18.8014929000,18.2991347400,18.3065223600,4447285,111495922.9100,2.612300,-2.517700
2020-04-30,18.4025614200,19.3038510600,18.4025614200,19.1560986600,6552121,168395607.4400,3.848600,4.640800
2020-05-06,19.1634862800,19.7101701600,18.9787957800,19.6953949200,6429672,168918711.1300,3.776700,2.815300
2020-05-07,20.5375836000,20.9586779400,19.9465740000,20.0500006800,11737912,324026827.1600,6.894700,1.800400
2020-05-08,20.1682026000,20.3972188200,20.0204502000,20.0352254400,7444828,203248001.0400,4.373000,-0.073700
2020-05-11,20.2346911800,20.2937921400,19.6510692000,19.7988216000,5831909,157317713.9900,3.425600,-1.179900
2020-05-12,19.7988216000,19.8800854200,19.2373624800,19.6436815800,4287916,113376635.7200,2.518700,-0.783600
2020-05-13,19.3334015400,19.6732320600,19.3334015400,19.5328672800,3048947,80556996.5900,1.790900,-0.564100
2020-05-14,19.5033168000,19.5033168000,19.2004243800,19.2816882000,3579051,93777353.4200,2.102300,-1.285900
2020-05-15,19.3555644000,19.5476425200,19.1782615200,19.2743005800,3762429,98585285.9200,2.210000,-0.038300
2020-05-18,19.2078120000,19.2669129600,18.3065223600,18.3582357000,6826048,172082085.0300,4.009500,-4.752800
2020-05-19,18.5429262000,18.6685157400,18.3582357000,18.5872519200,3297859,82593689.2300,1.937100,1.247500
2020-05-20,18.6168024000,18.6168024000,18.2030956800,18.2178709200,3784970,94018860.4500,2.223200,-1.987300
2020-05-21,18.4099490400,18.4099490400,18.0257928000,18.1439947200,2850553,70257890.0300,1.674400,-0.405500
2020-05-22,18.0996690000,18.4321119000,18.0257928000,18.1883204400,3249325,80325331.6000,1.908600,0.244300
2020-05-25,18.0553432800,18.1883204400,17.4791089200,17.5677603600,3222807,77358363.6300,1.893000,-3.411900
2020-05-26,17.6933499000,17.8928156400,17.6564118000,17.8706527800,2465985,59339609.3200,1.448500,1.724100
2020-05-27,18.0257928000,18.2326461600,17.7893889600,18.1661575800,3394460,82883311.9600,1.993900,1.653600
2020-05-28,18.1587699600,18.1883204400,17.6268613200,17.8337146800,3011850,72845671.0000,1.769100,-1.830000
2020-05-29,17.7229003800,17.8189394400,17.4791089200,17.4938841600,3028225,72198108.7500,1.778700,-1.905500
2020-06-01,17.6046984600,18.3065223600,17.6046984600,18.2548090200,5408697,132212599.2600,3.177000,4.349700
2020-06-02,18.2843595000,18.4986004800,18.1587699600,18.3656233200,4636000,115216132.1200,2.723100,0.607000
2020-06-03,18.3951738000,18.5355385800,18.0184051800,18.1587699600,5950042,146815503.0300,3.495000,-1.126300
2020-06-04,18.1883204400,18.2843595000,17.9519166000,17.9593042200,3227710,78808638.7900,1.895900,-1.098500
2020-06-05,17.9149785000,18.0922813800,17.7820013400,17.9888547000,2760040,66994592.4100,1.621200,0.164500
2020-06-08,18.1883204400,18.6685157400,18.0996690000,18.3065223600,5379378,134244865.2500,3.159800,1.765900
2020-06-09,18.2769718800,18.3065223600,17.9962423200,18.1883204400,3298166,80888614.6200,1.937300,-0.645700
2020-06-10,18.2326461600,18.2326461600,17.9297537400,17.9740794600,2723938,66455232.2600,1.600000,-1.177900
2020-06-11,18.0848937600,18.3212976000,17.9223661200,17.9740794600,3460506,84850530.7500,2.032700,0.000000
2020-06-12,17.4791089200,17.8558775400,17.4421708200,17.7229003800,3261212,78075129.5200,1.915600,-1.397500
2020-06-15,17.6416365600,17.8189394400,17.4643336800,17.4864965400,2853806,68054591.9100,1.676300,-1.333900
2020-06-16,17.7524508600,18.2400337800,17.7524508600,18.2178709200,5361583,131404417.5400,3.149300,4.182500
2020-06-17,18.2843595000,18.3803985600,18.0405680400,18.1292194800,3671876,90247784.3300,2.156800,-0.486600
2020-06-18,18.1587699600,18.6463528800,17.9519166000,18.5724766800,7392301,184277640.3500,4.342100,2.445000
2020-06-19,18.4689630000,18.5355045000,18.1880100000,18.3876345000,5357967,133069733.5800,3.147200,-0.995200
2020-06-22,18.3876345000,18.5724720000,18.2767320000,18.3950280000,5129488,127671623.9900,3.013000,0.040200
2020-06-23,18.3063060000,18.4098150000,18.0623205000,18.2323710000,3850950,94694215.2500,2.262000,-0.884200
2020-06-24,18.2323710000,18.5428980000,18.1510425000,18.3950280000,4090325,101639377.3500,2.402600,0.892100
2020-06-29,18.1362555000,18.3950280000,17.7665805000,17.8922700000,3780951,91967144.2800,2.220900,-2.733100
2020-06-30,17.8922700000,18.3063060000,17.8922700000,18.1732230000,4285258,105462548.9700,2.517100,1.570200
2020-07-01,18.3358800000,18.5946525000,18.2101905000,18.2915190000,4449503,110495784.6900,2.613600,0.650900
2020-07-02,18.3506670000,18.6020460000,18.3506670000,18.5650785000,5481530,137179732.7200,3.219800,1.495600
2020-07-03,18.6833745000,18.6907680000,18.4763565000,18.6242265000,5372639,135019969.7000,3.155800,0.318600
2020-07-06,18.8534250000,19.8589410000,18.8534250000,19.8219735000,9802736,257924320.6400,5.758000,6.431100
2020-07-07,20.3321250000,20.3395185000,19.5262335000,19.8145800000,11774262,319044501.7600,6.916000,-0.037300
2020-07-08,19.6741035000,20.1842550000,19.5779880000,20.1177135000,7784380,210427597.7300,4.572400,1.529900
2020-07-09,20.1029265000,20.9605725000,19.9772370000,20.9088180000,11468205,320543887.6000,6.736300,3.932400
2020-07-10,20.8053090000,20.8866375000,20.1842550000,20.2655835000,9741177,269809813.4500,5.721800,-3.076400
2020-07-13,20.1990420000,20.6722260000,20.1177135000,20.6056845000,8322315,230105460.7100,4.888400,1.678200
2020-07-14,20.5169625000,20.7461610000,19.7110710000,20.0881395000,9047727,247475996.7100,5.314500,-2.511700
2020-07-15,20.1768615000,20.3543055000,19.0974105000,19.1639520000,8506498,225917531.0900,4.996600,-4.600700
2020-07-16,19.1787390000,19.3413960000,18.2545515000,18.2989125000,6798632,173137692.4900,3.993400,-4.513900
2020-07-17,18.3210930000,18.4837500000,17.8553025000,18.0918945000,5096113,125275252.6800,2.993400,-1.131300
2020-07-20,18.1658295000,18.5355045000,18.0105660000,18.5059305000,4087137,101235028.2200,2.400700,2.288500
2020-07-21,18.5059305000,18.7055550000,18.2323710000,18.3432735000,3665653,91280900.7000,2.153200,-0.878900
2020-07-22,18.3654540000,18.6020460000,18.1510425000,18.3063060000,3350547,83362806.1400,1.968100,-0.201500
2020-07-23,18.2027970000,18.2027970000,17.5595625000,17.9514180000,4995324,120390855.4200,2.934200,-1.938600
2020-07-24,17.9514180000,18.2693385000,17.5152015000,17.6039235000,4367063,105109308.0800,2.565200,-1.935700
2020-07-27,17.7444000000,17.8331220000,17.5004145000,17.6926455000,2475985,59146738.2300,1.454400,0.504000
2020-07-28,17.8257285000,17.8996635000,17.6039235000,17.7000390000,1981858,47572074.8200,1.164100,0.041800
2020-07-29,17.7000390000,18.0327465000,17.6187105000,18.0105660000,2986142,72184764.5500,1.754000,1.754400
2020-07-30,18.2027970000,18.5059305000,18.0105660000,18.0401400000,3609862,88997384.6900,2.120400,0.164200
2020-07-31,18.1510425000,18.2915190000,17.9218440000,18.1510425000,2948606,72256784.6600,1.732000,0.614800
2020-08-03,18.2471580000,18.4615695000,18.2471580000,18.3802410000,3930525,97644180.4600,2.308700,1.262700
2020-08-04,18.3802410000,18.5650785000,18.1806165000,18.4467825000,3514374,86920318.7300,2.064300,0.362000
2020-08-05,18.4467825000,18.6390135000,18.2175840000,18.3432735000,2965025,73625909.4400,1.741600,-0.561100
2020-08-06,18.2989125000,18.2989125000,17.9514180000,18.0031725000,3773231,92185033.9100,2.216300,-1.854100
2020-08-07,18.0031725000,18.2397645000,17.6704650000,17.7887610000,3469938,84087061.8300,2.038200,-1.191000
2020-08-10,17.7739740000,18.0031725000,17.6926455000,17.8553025000,2601497,62841306.8000,1.528100,0.374100
2020-08-11,17.8553025000,18.0031725000,17.6113170000,17.6926455000,2897799,69734135.1700,1.702100,-0.911000
2020-08-12,17.7296130000,17.7296130000,17.3895120000,17.5078080000,2930968,69426359.4100,1.721600,-1.044700
2020-08-13,17.5152015000,17.7074325000,17.4560535000,17.5078080000,1772627,42058349.0200,1.041200,0.000000
2020-08-14,17.5078080000,17.6630715000,17.3969055000,17.5595625000,2095085,49652615.9600,1.230600,0.295600
2020-08-17,17.6704650000,17.7961545000,17.5299885000,17.7887610000,2936532,70346975.5900,1.724900,1.305300
2020-08-18,17.8626960000,17.8996635000,17.6704650000,17.6926455000,2316592,55611247.2900,1.360700,-0.540300
2020-08-19,17.6334975000,17.6556780000,17.4116925000,17.4634470000,2631179,62355481.2500,1.545500,-1.295400
2020-08-20,17.4116925000,17.4930210000,17.1159525000,17.3747250000,1717629,40301273.9800,1.008900,-0.508000
2020-08-21,17.3821185000,17.5521690000,17.1972810000,17.2268550000,2031433,47660515.7800,1.193200,-0.851100
2020-08-24,17.2416420000,17.4338730000,17.0641980000,17.3081835000,1923705,44875290.4200,1.130000,0.472100
2020-08-25,17.3155770000,17.4190860000,17.1529200000,17.1677070000,1959275,45760383.4600,1.150800,-0.811600
2020-08-26,17.1603135000,17.2786095000,16.6427685000,16.6427685000,3871925,88279949.1700,2.274300,-3.057700
2020-08-27,16.6427685000,16.8571800000,16.2878805000,16.5540465000,2772915,61961171.3900,1.628800,-0.533100
2020-08-28,16.5614400000,16.7758515000,16.4283570000,16.6945230000,1950972,43910392.9300,1.146000,0.848600
2020-08-31,16.7832450000,17.1898875000,16.6945230000,16.9015410000,2902067,66491949.9700,1.668200,1.240000
2020-09-01,16.9089345000,17.0198370000,16.7240970000,16.7906385000,1771825,40321023.5000,1.018500,-0.656200
2020-09-02,16.9459020000,17.0050500000,16.7536710000,16.9976565000,1950507,44535781.2000,1.121200,1.232900
2020-09-03,17.0272305000,17.1233460000,16.8571800000,17.0050500000,2158601,49620127.3400,1.240900,0.043500
2020-09-04,16.8349995000,17.1455265000,16.7832450000,16.9532955000,2152610,49514521.4300,1.237400,-0.304300
2020-09-07,17.0050500000,17.1455265000,16.7093100000,16.7980320000,1997248,45844779.4700,1.148100,-0.915800
2020-09-08,16.8941475000,16.9532955000,16.6797360000,16.8423930000,1654262,37659321.9700,0.950900,0.264100
2020-09-09,16.7167035000,16.8202125000,16.3248480000,16.3248480000,2607074,58205521.1100,1.498700,-3.072900
2020-09-10,16.5244725000,16.5614400000,15.5189565000,15.5263500000,3408466,73527425.3900,1.959300,-4.891300
2020-09-11,15.5411370000,15.6668265000,15.2232165000,15.4819890000,2076670,43218654.3300,1.193800,-0.285700
2020-09-14,15.7407615000,15.8590575000,15.4967760000,15.7629420000,1725465,36703784.8800,0.991900,1.814700
2020-09-15,15.7703355000,15.8073030000,15.6076785000,15.6298590000,1120199,23730308.8700,0.643900,-0.844300
2020-09-16,15.5854980000,15.7259745000,15.4598085000,15.6446460000,1565149,32987797.8900,0.899700,0.094600
2020-09-17,15.6002850000,15.8812380000,15.5337435000,15.7555485000,1227085,26057349.4000,0.705400,0.708900
2020-09-18,16.5688335000,17.3303640000,16.4875050000,17.3303640000,5673374,130861916.3400,3.261300,9.995300
2020-09-21,17.1603135000,17.4634470000,16.7832450000,16.8497865000,6509157,149666596.8900,3.741700,-2.773000
2020-09-22,16.6353750000,16.7980320000,16.4357505000,16.6353750000,2512671,56521982.9800,1.444400,-1.272500
2020-09-23,16.6353750000,16.7314905000,16.3174545000,16.3174545000,2721778,60608178.6100,1.564600,-1.911100
2020-09-24,16.4135700000,16.6871295000,16.0586820000,16.0734690000,2548049,56363701.7200,1.464700,-1.495200
2020-09-25,16.0808625000,16.3322415000,15.7703355000,15.8146965000,1816646,39092719.7700,1.044300,-1.609900
2020-09-28,15.8220900000,15.9255990000,15.5263500000,15.5485305000,1224659,25967164.6900,0.704000,-1.683000
2020-09-29,15.5633175000,15.8664510000,15.5633175000,15.6298590000,1361711,28946380.1700,0.782800,0.523100
2020-09-30,15.5633175000,15.7999095000,15.4450215000,15.6964005000,1473541,31242772.1500,0.847100,0.425700
2020-10-09,15.9034185000,16.1400105000,15.8368770000,15.8590575000,2204270,47539736.4400,1.267100,1.036300
2020-10-12,15.9625665000,16.3396350000,15.9625665000,16.3100610000,2560853,56042130.5800,1.472100,2.843800
2020-10-13,16.2213390000,16.3987830000,16.1326170000,16.2287325000,1413376,31004967.0800,0.812500,-0.498600
2020-10-14,16.1252235000,16.2213390000,16.0143210000,16.0660755000,1338450,29150458.5000,0.769400,-1.002300
2020-10-15,16.0217145000,16.2804870000,15.9847470000,16.0660755000,1375615,30031876.5000,0.790800,0.000000
2020-10-16,16.0217145000,16.0882560000,15.7629420000,15.8590575000,1366924,29366692.2300,0.785800,-1.288500
2020-10-19,16.0808625000,16.4135700000,15.9625665000,15.9699600000,1642481,35920964.6800,0.944200,0.699300
2020-10-20,15.9034185000,16.1104365000,15.7851225000,16.0660755000,1208846,26167741.0200,0.694900,0.601900
2020-10-21,16.0734690000,16.1030430000,15.7703355000,15.7925160000,1179525,25301328.5000,0.678000,-1.702700
2020-10-22,15.7111875000,15.9921405000,15.5633175000,15.8073030000,1018251,21789607.9900,0.585300,0.093600
2020-10-23,15.8368770000,15.9699600000,15.6594330000,15.7259745000,892600,19054970.7500,0.513100,-0.514500
2020-10-26,15.6668265000,15.8664510000,15.5189565000,15.6890070000,828016,17522427.8300,0.476000,-0.235100
2020-10-27,15.6594330000,15.7259745000,15.4598085000,15.6150720000,1288623,27177617.2500,0.740800,-0.471300
2020-10-28,15.7777290000,15.7777290000,15.3710865000,15.5559240000,1083035,22687612.2400,0.622600,-0.378800
2020-10-29,15.3710865000,15.5707110000,15.2749710000,15.4967760000,1295140,27099084.3700,0.744500,-0.380200
2020-10-30,15.4819890000,15.7999095000,14.9718375000,14.9718375000,2141234,44476414.0400,1.230900,-3.387400
2020-11-02,14.9570505000,14.9940180000,14.2177005000,14.3359965000,2964839,57800181.8600,1.704300,-4.246900
2020-11-03,14.2842420000,14.7500325000,14.2472745000,14.6539170000,1604650,31670037.6400,0.922400,2.217600
2020-11-04,14.6613105000,14.7870000000,14.4395055000,14.5873755000,1231888,24300412.8200,0.708100,-0.454100
2020-11-05,14.7352455000,15.7925160000,14.6317365000,15.4228410000,3598525,73821516.3100,2.068600,5.727300
2020-11-06,15.5263500000,15.6742200000,15.2675775000,15.4154475000,2629164,54961901.5700,1.511400,-0.047900
2020-11-09,15.5263500000,15.9329925000,15.5041695000,15.7629420000,3070944,65387503.2600,1.765300,2.254200
2020-11-10,15.7999095000,15.8294835000,15.5115630000,15.5707110000,1735790,36743851.7500,0.997800,-1.219500
2020-11-11,15.5781045000,15.6150720000,15.1936425000,15.1936425000,1445321,29946712.5100,0.830800,-2.421700
2020-11-12,15.1936425000,15.3710865000,15.0827400000,15.1640685000,986553,20268635.9700,0.567100,-0.194600
2020-11-13,15.1640685000,15.2158230000,14.9496570000,15.0383790000,1025506,20897250.9600,0.589500,-0.828900
2020-11-16,15.2380035000,15.2527905000,14.9792310000,15.0161985000,922857,18800233.2300,0.530500,-0.147500
2020-11-17,15.0901335000,15.0975270000,14.7352455000,14.9126895000,1455692,29220807.8400,0.836800,-0.689300
2020-11-18,14.9052960000,15.0457725000,14.8239675000,14.9126895000,866361,17512942.2400,0.498000,0.000000
2020-11-19,14.9052960000,15.0383790000,14.7574260000,14.9126895000,992623,20041119.2700,0.570600,0.000000
2020-11-20,14.9052960000,15.0161985000,14.8239675000,14.9348700000,779154,15705531.6800,0.447900,0.148700
2020-11-23,14.9274765000,15.0088050000,14.7574260000,14.9644440000,1511868,30431338.8900,0.869100,0.198000
2020-11-24,15.0679530000,15.0679530000,14.8979025000,14.9422635000,1249283,25316446.0500,0.718100,-0.148200
2020-11-25,14.9422635000,15.5041695000,14.8461480000,15.2897580000,3586199,73855634.3000,2.061500,2.325600
2020-11-26,15.1936425000,15.6742200000,15.1418880000,15.4376280000,2427944,50673012.9700,1.395700,0.967100
2020-11-27,15.5115630000,15.6520395000,15.2232165000,15.3784800000,1756884,36508594.4500,1.009900,-0.383100
2020-11-30,15.3858735000,15.4893825000,15.1344945000,15.2601840000,1687155,34876794.0800,0.969800,-0.769200
2020-12-01,15.2306100000,15.3119385000,15.1714620000,15.2823645000,1285925,26526377.8000,0.739200,0.145300
2020-12-02,15.2971515000,15.7481550000,15.2380035000,15.5854980000,2440772,51203029.4800,1.403100,1.983600
2020-12-03,15.6298590000,15.7333680000,15.4598085000,15.4893825000,1494045,31465347.5000,0.858800,-0.616700
2020-12-04,15.4893825000,15.5781045000,15.3045450000,15.4376280000,1357672,28258261.4700,0.780400,-0.334100
2020-12-07,15.4376280000,15.4524150000,15.2749710000,15.2897580000,1097755,22811772.1100,0.631000,-0.957900
2020-12-08,15.2897580000,15.3784800000,15.1640685000,15.2232165000,923637,19045491.7200,0.530900,-0.435200
2020-12-09,15.2675775000,15.2749710000,14.8831155000,14.8979025000,1520805,30918904.2100,0.874200,-2.137000
2020-12-10,14.8905090000,15.0088050000,14.7574260000,14.8609350000,1063946,21357247.0600,0.611600,-0.248100
2020-12-11,14.8461480000,14.8461480000,14.3286030000,14.4986535000,1837438,36095285.6200,1.056200,-2.437800
2020-12-14,14.4838665000,14.5725885000,14.3433900000,14.5282275000,857692,16796389.4100,0.493000,0.204000
2020-12-15,14.4912600000,14.8831155000,14.4690795000,14.6760975000,1170585,23224261.8500,0.672900,1.017800
2020-12-16,14.7722130000,14.7722130000,14.3064225000,14.3212095000,1140251,22248090.4500,0.655500,-2.418100
2020-12-17,14.2842420000,14.2842420000,13.7371230000,14.0476500000,2380177,44982468.5100,1.368200,-1.910200
2020-12-18,14.0328630000,14.1141915000,13.8554190000,13.8628125000,1278057,24096155.8700,0.734700,-1.315800
2020-12-21,13.8258450000,13.9663215000,13.7149425000,13.8775995000,1094922,20554013.9400,0.629400,0.106700
2020-12-22,13.8775995000,13.8775995000,13.1752170000,13.2343650000,2941500,53504243.0000,1.690900,-4.635100
2020-12-23,13.2121845000,13.2935130000,12.9534120000,13.1973975000,1969983,34948540.3100,1.132400,-0.279300
2020-12-24,13.2639390000,13.2639390000,12.7020330000,12.7907550000,1497900,26142567.6200,0.861100,-3.081200
2020-12-25,12.7907550000,13.0125600000,12.7463940000,12.8499030000,1138935,19839613.2500,0.654700,0.462400
2020-12-28,12.8499030000,12.9312315000,12.2362425000,12.2732100000,2131053,35752986.7800,1.225000,-4.487900
2020-12-29,12.7020330000,13.4561700000,12.4580475000,13.2047910000,4647801,82501957.0900,2.671800,7.590400
2020-12-30,13.1604300000,13.1604300000,12.7833615000,13.0643145000,2501303,43857369.4800,1.437900,-1.063800
2020-12-31,13.0125600000,13.4413830000,12.8499030000,13.3452675000,3220853,57678223.9600,1.851500,2.150500
2021-01-04,13.2343650000,13.5522855000,13.0864950000,13.3970220000,2511932,45206219.8300,1.444000,0.387800
2021-01-05,13.4044155000,13.5301050000,13.2491520000,13.3674480000,1904750,34410944.4800,1.094900,-0.220800
2021-01-06,13.3674480000,13.3896285000,13.0125600000,13.0717080000,2070074,36714053.3100,1.190000,-2.212400
2021-01-07,13.0495275000,13.0495275000,12.4210800000,12.6133110000,2938514,50212922.6400,1.689200,-3.506800
2021-01-08,12.6133110000,13.1678235000,12.4950150000,12.9829860000,2321004,40653707.5600,1.334200,2.930800
2021-01-11,12.9829860000,13.2565455000,12.7390005000,12.8277225000,1956122,34359781.3900,1.124500,-1.195900
2021-01-12,12.7020330000,13.0051665000,12.6059175000,12.8425095000,1289519,22318423.4100,0.741300,0.115300
2021-01-13,13.2343650000,13.3674480000,12.5319825000,12.6502785000,3181571,55386813.1200,1.828900,-1.496800
2021-01-14,12.5171955000,13.0864950000,12.4950150000,12.8868705000,2425611,42105264.1300,1.394300,1.870300
2021-01-15,12.8351160000,12.9829860000,12.6946395000,12.8203290000,1335517,23206125.2900,0.767700,-0.516400
2021-01-18,12.8794770000,13.0421340000,12.7020330000,12.9090510000,1778379,31063847.4700,1.022300,0.692000
2021-01-19,12.9755925000,13.1234625000,12.8425095000,13.0569210000,2377862,41874456.8800,1.366900,1.145500
2021-01-20,13.0421340000,13.0421340000,12.7094265000,12.7981485000,1762157,30540228.9300,1.013000,-1.981900
2021-01-21,12.7907550000,12.8720835000,12.5985240000,12.6354915000,2318280,39813877.9000,1.332600,-1.270900
2021-01-22,13.2787260000,13.2787260000,12.8129355000,12.8203290000,4218554,74244377.7000,2.425000,1.462800
2021-01-25,12.5763435000,12.6502785000,12.3767190000,12.4062930000,2646476,44629222.5600,1.521300,-3.229500
2021-01-26,12.4062930000,12.5837370000,12.3027840000,12.3323580000,1409400,23673717.8900,0.810200,-0.595900
2021-01-27,12.5024085000,12.6059175000,12.3693255000,12.4358670000,1332350,22538661.7000,0.765900,0.839300
2021-01-28,12.3471450000,12.4802280000,12.2140620000,12.3249645000,1273504,21279445.2100,0.732100,-0.891800
2021-01-29,12.6428850000,12.6798525000,12.2806035000,12.4950150000,1996773,33683946.1600,1.147800,1.379700
2021-02-01,12.4802280000,12.6354915000,12.2806035000,12.4728345000,1480285,24831649.8600,0.850900,-0.177500
2021-02-02,12.4876215000,12.5171955000,12.2214555000,12.2879970000,1398212,23259419.8400,0.803800,-1.481900
2021-02-03,12.2879970000,12.2879970000,11.6077950000,11.6299755000,2894445,46358517.9700,1.663900,-5.355000
2021-02-04,11.6669430000,11.6669430000,11.0237085000,11.1493980000,2892900,43891682.5000,1.663000,-4.132200
2021-02-05,11.3120550000,11.6817300000,11.0458890000,11.0902500000,1512013,23104057.7700,0.869200,-0.530500
2021-02-08,11.1272175000,11.3490225000,10.9645605000,10.9793475000,1310954,19610954.3500,0.753600,-1.000000
2021-02-09,11.0163150000,11.1863655000,10.9275930000,11.1641850000,1236105,18549190.5400,0.710600,1.683500
2021-02-10,11.1715785000,11.4377445000,11.0754630000,11.3194485000,1259300,19207611.7500,0.723900,1.390700
2021-02-18,11.3416290000,11.9331090000,11.3416290000,11.7852390000,1850804,29311299.2700,1.063900,4.115000
2021-02-19,11.7113040000,12.0661920000,11.6817300000,12.0440115000,1618581,26194830.5700,0.930400,2.195700
2021-02-22,12.1327335000,12.6207045000,12.1327335000,12.3101775000,2947838,49473466.8300,1.694500,2.209900
2021-02-23,12.3175710000,12.3767190000,12.0661920000,12.0883725000,1585566,26060072.0400,0.911500,-1.801800
2021-02-24,12.0144375000,12.2953905000,12.0144375000,12.1475205000,1260975,20775542.0000,0.724900,0.489300
2021-02-25,12.1770945000,12.2879970000,11.9700765000,12.1031595000,1399865,22903442.3500,0.804700,-0.365200
2021-02-26,11.9848635000,12.3767190000,11.9774700000,12.1105530000,1671701,27633693.5400,0.961000,0.061100
2021-03-01,12.1327335000,12.3841125000,12.0587985000,12.3471450000,1567162,25966352.8800,0.900900,1.953600
2021-03-02,12.3693255000,12.4136865000,12.1401270000,12.2436360000,1186650,19624028.5000,0.682100,-0.838300
2021-03-03,12.2436360000,12.3323580000,12.1031595000,12.2584230000,920430,15186686.6900,0.529100,0.120800
2021-03-04,12.2584230000,12.3175710000,12.0883725000,12.1105530000,1080918,17842995.7100,0.621400,-1.206300
2021-03-05,12.0735855000,12.2584230000,12.0514050000,12.1992750000,817850,13475060.0000,0.470100,0.732600
2021-03-08,12.2510295000,12.3767190000,12.0514050000,12.0661920000,1456021,24033149.1900,0.837000,-1.090900
2021-03-09,12.0218310000,12.1179465000,11.4599250000,11.6299755000,1660401,26328349.2300,0.954500,-3.615200
2021-03-10,11.7408780000,11.8961415000,11.3859900000,11.4007770000,1005452,15627298.1900,0.578000,-1.970800
2021-03-11,11.4081705000,11.6077950000,11.1346110000,11.5930080000,1030230,15949458.8000,0.592200,1.686100
2021-03-12,11.5708275000,11.6299755000,11.3490225000,11.4377445000,919607,14221407.8800,0.528600,-1.339300
2021-03-15,11.4377445000,11.5116795000,11.1715785000,11.2307265000,1169364,17868730.7700,0.672200,-1.810000
2021-03-16,11.2455135000,11.4968925000,11.2085460000,11.4229575000,1155041,17716188.1800,0.664000,1.711700
2021-03-17,11.4229575000,11.6595495000,11.4155640000,11.5782210000,1083095,16916995.2500,0.622600,1.359200
2021-03-18,11.5782210000,11.5782210000,11.3342355000,11.3785965000,969950,14990003.0000,0.557600,-1.724100
2021-03-19,11.2750875000,11.4968925000,11.1641850000,11.4081705000,872749,13438402.0800,0.501700,0.259900
2021-03-22,11.4007770000,11.6373690000,11.3859900000,11.5856145000,918650,14344852.0000,0.528100,1.555400
2021-03-23,11.6004015000,11.6817300000,11.4599250000,11.5930080000,1167200,18300720.5000,0.671000,0.063800
2021-03-24,11.5782210000,11.6743365000,11.5190730000,11.5708275000,870349,13650508.0400,0.500300,-0.191300
2021-03-25,11.5560405000,11.6595495000,11.4821055000,11.5116795000,849525,13297582.2500,0.488300,-0.511200
2021-03-26,11.5116795000,11.5930080000,11.3564160000,11.5264665000,953250,14810566.0000,0.548000,0.128500
2021-03-29,11.5264665000,11.6595495000,11.3490225000,11.4007770000,1240814,19246095.9800,0.713300,-1.090400
2021-03-30,11.3564160000,11.3638095000,11.1198240000,11.1863655000,1734412,26299331.7800,0.997000,-1.880700
2021-03-31,11.2307265000,11.2603005000,11.0976435000,11.1493980000,832653,12603333.3000,0.478600,-0.330500
2021-04-01,11.1346110000,11.4599250000,11.1050370000,11.3785965000,1003325,15314432.9600,0.576800,2.055700
2021-04-02,11.3490225000,11.4525315000,11.3046615000,11.3785965000,948675,14596699.7500,0.545300,0.000000
2021-04-06,11.4303510000,11.4377445000,11.3342355000,11.4007770000,655500,10094380.8100,0.376800,0.194900
2021-04-07,11.3933835000,11.5264665000,11.2972680000,11.5042860000,1438266,22257096.6800,0.826800,0.907900
2021-04-08,11.4599250000,11.5782210000,11.3933835000,11.3933835000,915798,14220547.9600,0.526400,-0.964000
2021-04-09,11.3194485000,11.3712030000,11.2381200000,11.2529070000,761695,11610433.4500,0.437900,-1.233000
2021-04-12,11.2603005000,11.2972680000,11.1050370000,11.1346110000,825691,12497237.6300,0.474600,-1.051200
2021-04-13,11.1198240000,11.1863655000,10.9867410000,11.0163150000,1371216,20494534.3900,0.788200,-1.062400
2021-04-14,11.0237085000,11.0976435000,10.9423800000,11.0532825000,1018312,15193631.2500,0.585400,0.335600
2021-04-15,11.0754630000,11.2898745000,11.0754630000,11.1567915000,948633,14356341.4500,0.545300,0.936500
2021-04-16,11.1493980000,11.4451380000,11.1493980000,11.3859900000,1473215,22582201.9500,0.846900,2.054300
2021-04-19,11.3859900000,11.5412535000,11.3564160000,11.5042860000,1737314,26924027.0200,0.998700,1.039000
2021-04-20,11.5042860000,11.5634340000,11.3785965000,11.3933835000,1126200,17474850.1200,0.647400,-0.964000
2021-04-21,11.3859900000,11.4229575000,11.2603005000,11.2824810000,909150,13935605.0000,0.522600,-0.973400
2021-04-22,11.2824810000,11.5190730000,11.2603005000,11.4303510000,1233765,19003164.4200,0.709200,1.310600
2021-04-23,11.4451380000,11.4451380000,11.1641850000,11.2011525000,1169900,17789641.5000,0.672500,-2.005200
2021-04-26,11.2011525000,11.3490225000,11.0458890000,11.1198240000,2110419,31852025.4200,1.213200,-0.726100
2021-04-27,11.1124305000,11.3046615000,10.9497735000,11.2972680000,1855232,27854434.2200,1.066500,1.595700
2021-04-28,11.3268420000,11.3490225000,11.1937590000,11.2307265000,1203025,18332652.7500,0.733800,-0.589000
2021-04-29,11.2824810000,11.3712030000,11.1050370000,11.2603005000,1217620,18577307.3000,0.742700,0.263300
2021-04-30,11.2233330000,11.2824810000,10.9867410000,11.0458890000,1668540,25004983.0400,1.017800,-1.904100
2021-05-06,11.0458890000,11.1493980000,11.0163150000,11.0458890000,943700,14106449.7500,0.575700,0.000000
2021-05-07,11.0828565000,11.1198240000,11.0015280000,11.0976435000,906825,13558443.2500,0.553200,0.468500
2021-05-10,11.0902500000,11.1863655000,10.9941345000,11.0606760000,819029,12271047.1700,0.499600,-0.333100
2021-05-11,11.0680695000,11.1641850000,11.0163150000,11.1420045000,886734,13305199.8600,0.540900,0.735300
2021-05-12,11.1420045000,11.2085460000,11.0606760000,11.2085460000,1264456,19101846.3600,0.771300,0.597200
2021-05-13,11.1715785000,11.4081705000,11.1715785000,11.3342355000,1855857,28441997.7400,1.132100,1.121400
2021-05-14,11.4377445000,12.0144375000,11.4377445000,11.7704520000,4402772,69730614.7400,2.685700,3.848700
2021-05-17,11.6225820000,12.0883725000,11.6225820000,12.0440115000,3710908,60036798.0000,2.263600,2.324100
2021-05-18,12.0883725000,12.1623075000,11.8517805000,11.9257155000,2228365,35943867.8000,1.359300,-0.982200
2021-05-19,11.8296000000,11.9035350000,11.6817300000,11.7260910000,2163152,34387046.2600,1.319500,-1.673900
2021-05-20,11.6891235000,12.2214555000,11.6817300000,12.1327335000,3908460,63617661.4000,2.384100,3.467800
2021-05-21,12.2732100000,13.3083000000,11.9478960000,13.2269715000,5555594,93640927.0400,3.388900,9.018900
2021-05-24,13.0643145000,13.9589280000,12.4284735000,13.4635635000,9880077,175811717.6200,6.026800,1.788700
2021-05-25,13.2417585000,14.1215850000,13.1826105000,13.6853685000,7076642,129463540.0000,4.316700,1.647400
2021-05-26,13.4487765000,13.6410075000,12.9534120000,12.9681990000,6195592,111555366.4900,3.779300,-5.240400
2021-05-27,13.0735140800,13.1261692000,12.8252828000,13.0058146400,3359282,58074504.3700,2.049100,0.290000
2021-05-28,12.9005044000,13.1036027200,12.8854600800,12.9381152000,2596211,44730127.1500,1.583700,-0.520500
2021-05-31,12.9381152000,13.0885584000,12.8177606400,13.0133368000,2110138,36306457.8400,1.287200,0.581400
2021-06-01,12.9682038400,13.3819226400,12.9005044000,13.1788243200,2598646,45520362.9200,1.585200,1.271700
2021-06-02,13.1487356800,13.2239572800,12.6974060800,13.1562578400,3254231,55973987.6400,1.985100,-0.171200
2021-06-03,13.0584697600,13.4345777600,12.9456373600,13.1487356800,3182319,56141978.1600,1.941200,-0.057200
2021-06-04,13.1186470400,13.2766124000,13.0058146400,13.0058146400,1959181,34192864.2900,1.195100,-1.087000
2021-06-07,12.9381152000,12.9832481600,12.4943077600,12.8252828000,4523360,76235247.0100,2.759200,-1.388100
2021-06-08,12.7425390400,12.9005044000,12.6221844800,12.7500612000,2596360,44049579.3700,1.583800,-0.586500
2021-06-09,12.7951941600,12.8929822400,12.4867856000,12.4943077600,2552424,43033694.1900,1.557000,-2.005900
2021-06-10,12.5620072000,12.7049282400,12.3814753600,12.6221844800,2983171,49802044.3100,1.819700,1.023500
2021-06-11,12.6748396000,12.6974060800,12.1558105600,12.2611208000,3800909,62508482.9100,2.318500,-2.860500
2021-06-15,12.2535986400,12.4491748000,12.1783770400,12.2836872800,2127323,34833402.1300,1.297700,0.184000
2021-06-16,12.2310321600,12.6071401600,12.2310321600,12.3739532000,2553923,42306766.9000,1.557900,0.734800
2021-06-17,12.4266083200,12.7575833600,12.4266083200,12.7425390400,3442239,57973121.6300,2.099700,2.978700
2021-06-18,12.7425390400,12.7500612000,12.5620072000,12.6372288000,2457375,41353437.5100,1.499000,-0.826400
2021-06-21,12.7425390400,12.7425390400,12.4867856000,12.6597952800,2126755,35695693.4500,1.297300,0.178600
2021-06-22,12.5845736800,12.6597952800,12.3814753600,12.4491748000,2231087,36971176.7100,1.360900,-1.663700
2021-06-23,12.3965196800,12.7425390400,12.3062537600,12.6597952800,2964631,49458369.6100,1.808400,1.691800
2021-06-24,12.6673174400,12.7199725600,12.3438645600,12.5845736800,2559475,42558702.7500,1.561300,-0.594200
2021-06-25,12.5770515200,12.5770515200,12.3739532000,12.4642191200,1512800,25014994.5000,0.922800,-0.956400
2021-06-28,12.4190861600,12.5920958400,12.4115640000,12.4717412800,1453896,24135807.6800,0.886900,0.060400
2021-06-29,12.4566969600,12.4566969600,12.0956332800,12.1106776000,2441381,39665221.5800,1.489200,-2.895100
2021-06-30,12.1106776000,12.4115640000,12.0956332800,12.2836872800,1518570,24756114.0500,0.926300,1.428600
2021-07-01,12.3212980800,12.3739532000,11.9151014400,11.9376679200,2153675,34706344.2500,1.313700,-2.816900
2021-07-02,11.9376679200,12.0655446400,11.8248355200,11.9000571200,1201295,19061474.0000,0.732800,-0.315100
2021-07-05,11.8699684800,12.0204116800,11.8624463200,11.9602344000,966125,15310752.3800,0.589300,0.505700
2021-07-06,11.9677565600,12.0505003200,11.8549241600,11.9527122400,1188450,18873050.2500,0.724900,-0.062900
2021-07-07,11.9451900800,12.0204116800,11.6743923200,11.7345696000,2265480,35468599.8500,1.381900,-1.825000
2021-07-08,11.7345696000,11.7872247200,11.6066928800,11.7496139200,1723171,26789223.1000,1.051100,0.128200
2021-07-09,11.7195252800,11.9301457600,11.7195252800,11.9000571200,1853400,29215510.6800,1.130600,1.280400
2021-07-12,11.9527122400,12.9305930400,11.9451900800,12.8328049600,7775143,130269985.9600,4.742800,7.838200
2021-07-13,12.8929822400,12.8929822400,12.5319185600,12.5620072000,4278658,71862101.7500,2.610000,-2.110200
2021-07-14,12.8704157600,13.1261692000,12.6522731200,12.6974060800,5815832,99519368.1000,3.547600,1.077800
2021-07-15,12.7274947200,12.9606816800,12.6597952800,12.7274947200,3783900,64223609.0400,2.308200,0.237000
2021-07-16,12.8478492800,12.8478492800,12.4867856000,12.6447509600,3458285,58357651.8800,2.109500,-0.650100
2021-07-19,12.5394407200,13.3819226400,12.4566969600,13.2766124000,7471550,129479027.3000,4.557600,4.997000
2021-07-20,13.1036027200,13.4496220800,13.0133368000,13.2164351200,4701205,82587942.5100,2.867700,-0.453300
2021-07-21,13.1036027200,13.4270556000,13.0885584000,13.2991788800,3976303,70126146.9100,2.425500,0.626100
2021-07-22,13.3067010400,13.3142232000,13.0960805600,13.1637800000,2989474,52401214.8700,1.823600,-1.018100
2021-07-23,13.1487356800,13.2916567200,13.0283811200,13.1487356800,2793454,48769975.0900,1.704000,-0.114300
2021-07-26,13.1938686400,13.3217453600,12.8628936000,12.9832481600,3522882,61307346.6400,2.148900,-1.258600
2021-07-27,13.0735140800,13.6527204000,13.0208589600,13.1261692000,6488351,115446242.0200,3.957800,1.100800
2021-07-28,13.2013908000,13.5774988000,12.5996180000,13.4420999200,7816251,138211040.7000,4.767900,2.406900
2021-07-29,13.6527204000,14.0363505600,13.4496220800,13.9009516800,9653354,177174734.5900,5.888500,3.413500
2021-07-30,13.7505084800,14.1115721600,13.5850209600,13.6226317600,7679553,140988349.4700,4.684500,-2.002200
2021-08-02,13.5774988000,14.0513948800,13.5774988000,13.9836954400,6965442,128733006.6800,4.248900,2.650500
2021-08-03,13.9159960000,14.4651136800,13.8332522400,13.9987397600,8191701,154011344.2400,4.996900,0.107600
2021-08-04,14.0664392000,14.2244045600,13.9084738400,14.1040500000,5728153,106976474.3400,3.494100,0.752300
2021-08-05,14.0589170400,14.0664392000,13.6903312000,13.7730749600,4515112,82895165.4000,2.754200,-2.346700
2021-08-06,13.7279420000,13.9009516800,13.4646664000,13.7730749600,4400104,80039260.7900,2.684000,0.000000
2021-08-09,13.7580306400,13.9836954400,13.5925431200,13.6451982400,3601741,65838801.1600,2.197000,-0.928500
2021-08-10,13.7204198400,13.7655528000,13.4571442400,13.6151096000,3330453,60020812.1700,2.031600,-0.220500
2021-08-11,13.6301539200,13.6301539200,13.2013908000,13.3292675200,4298025,76168993.3800,2.621800,-2.099400
2021-08-12,13.3142232000,13.4797107200,13.2390016000,13.2540459200,3297514,58462043.9600,2.011500,-0.564300
2021-08-13,13.2615680800,13.2916567200,12.9982924800,13.0960805600,3613430,63028702.5600,2.204200,-1.191800
2021-08-16,13.0584697600,13.2239572800,12.9682038400,13.0283811200,3301560,57479921.5200,2.013900,-0.516900
2021-08-17,13.0283811200,13.0584697600,12.5469628800,12.5920958400,4059371,69089101.5100,2.476200,-3.348700
2021-08-18,12.5920958400,12.7951941600,12.4717412800,12.7951941600,2757151,46257454.3400,1.681800,1.612900
2021-08-19,12.8027163200,13.0584697600,12.7124504000,12.9531595200,3411500,58661263.2500,2.081000,1.234600
2021-08-20,12.9381152000,12.9381152000,12.5845736800,12.7274947200,2459469,41592656.6900,1.500300,-1.742200
2021-08-23,12.7350168800,13.0810362400,12.6071401600,12.9982924800,2654327,45649322.8400,1.619100,2.127700
2021-08-24,12.9907703200,12.9982924800,12.7350168800,12.7801498400,2685709,45842319.8600,1.638300,-1.678200
2021-08-25,12.8478492800,12.9606816800,12.7350168800,12.8328049600,2067475,35241497.2500,1.261100,0.412000
2021-08-26,12.8177606400,12.9155487200,12.4341304800,12.4792634400,3318174,55618766.6600,2.024100,-2.755000
2021-08-27,12.5018299200,12.5845736800,12.2535986400,12.3889975200,2639324,43487844.3500,1.487800,-0.723300
2021-08-30,12.4717412800,12.5770515200,12.1934213600,12.2460764800,2531480,41677439.5000,1.427000,-1.153600
2021-08-31,12.2084656800,12.3062537600,11.9903230400,12.1934213600,2133610,34373487.8900,1.202700,-0.430000
2021-09-01,12.2235100000,12.4266083200,12.1633327200,12.3814753600,2936050,48083125.7500,1.655000,1.542300
2021-09-02,12.4416526400,12.4943077600,12.2460764800,12.2535986400,2461133,40345985.2400,1.387300,-1.032800
2021-09-03,12.1934213600,12.6372288000,12.1783770400,12.6146623200,3276875,54231449.7500,1.847100,2.946600
2021-09-06,12.6146623200,12.6898839200,12.4491748000,12.6372288000,2948009,49423165.0600,1.661800,0.178900
2021-09-07,12.6748396000,12.6974060800,12.4943077600,12.5920958400,2642411,44094430.0200,1.489500,-0.357100
2021-09-08,12.5620072000,12.7500612000,12.5243964000,12.7199725600,2788077,46903906.8500,1.571600,1.015500
2021-09-09,12.7199725600,12.9757260000,12.6522731200,12.7425390400,3390263,57721339.6600,1.911100,0.177400
2021-09-10,12.7425390400,12.8027163200,12.5695293600,12.6673174400,2322044,39192048.3700,1.308900,-0.590300
2021-09-13,12.5996180000,12.6297066400,12.4491748000,12.4943077600,2199504,36664885.7900,1.239800,-1.365800
2021-09-14,12.5319185600,12.7801498400,12.3664310400,12.3889975200,2896586,48532769.9500,1.632800,-0.842900
2021-09-15,12.3438645600,12.5243964000,12.1858992000,12.4190861600,1631093,26846809.8000,0.919400,0.242900
2021-09-16,12.4867856000,12.5018299200,12.0580224800,12.0881111200,2173863,35411062.6800,1.225400,-2.665100
2021-09-17,12.0881111200,12.1106776000,11.8097912000,11.9000571200,2221300,35276075.2500,1.252100,-1.555700
2021-09-22,11.8097912000,11.9602344000,11.7420917600,11.9151014400,1225825,19336725.5000,0.691000,0.126400
2021-09-23,11.9151014400,12.2912094400,11.9151014400,12.2535986400,2015100,32549209.5000,1.135900,2.840900
2021-09-24,12.3363424000,12.3363424000,12.0881111200,12.1407662400,1206675,19550218.0000,0.680200,-0.920800
2021-09-27,12.2235100000,12.4266083200,11.9000571200,11.9527122400,1801377,28988875.8500,1.015400,-1.548900
2021-09-28,11.8850128000,12.0580224800,11.8474020000,11.9602344000,1112025,17662078.0800,0.626800,0.062900
2021-09-29,11.8549241600,11.9903230400,11.6743923200,11.7044809600,1404288,22003953.5300,0.791600,-2.138400
2021-09-30,11.7120031200,11.9376679200,11.7120031200,11.8474020000,898622,14167053.9800,0.506500,1.221100
2021-10-08,12.0053673600,12.1783770400,11.9226236000,12.1031554400,1352538,21745500.3100,0.762400,2.158700
2021-10-11,12.1708548800,12.3513867200,11.9451900800,12.3062537600,2427209,39292913.6400,1.368200,1.678100
2021-10-12,12.2385543200,12.5394407200,12.1708548800,12.2385543200,2314155,37904319.8500,1.304500,-0.550100
2021-10-13,12.1407662400,12.5243964000,12.1257219200,12.4792634400,2698205,44598517.2000,1.520900,1.966800
2021-10-14,12.3739532000,12.6221844800,12.3739532000,12.4717412800,1562250,25911589.8000,0.880600,-0.060300
2021-10-15,12.4943077600,12.5770515200,12.2912094400,12.4416526400,2282200,37662241.5000,1.286400,-0.241300
2021-10-18,12.3513867200,12.3513867200,12.1257219200,12.1482884000,1909766,30940903.8400,1.076500,-2.357900
2021-10-19,12.3288202400,12.3513867200,12.1106776000,12.1558105600,1227840,19886615.9000,0.692100,0.061900
2021-10-20,12.1633327200,12.2159878400,11.8925349600,11.9000571200,1778430,28338622.8600,1.002500,-2.104000
2021-10-21,11.9000571200,11.9000571200,11.5841264000,11.6292593600,2457569,38245188.0500,1.385300,-2.275600
2021-10-22,11.7044809600,11.7571360800,11.5841264000,11.5991707200,1276950,19785196.0000,0.719800,-0.258700
2021-10-25,11.5991707200,11.6066928800,11.3434172800,11.4261610400,1659617,25159965.2900,0.935500,-1.491600
2021-10-26,11.4562496800,11.6217372000,11.3659837600,11.5766042400,1745972,26707295.6700,0.984200,1.316700
2021-10-27,11.5690820800,11.5690820800,11.1327968000,11.2080184000,2279355,34123878.1500,1.284800,-3.183900
2021-10-28,11.1704076000,11.2381070400,11.1102303200,11.1854519200,981658,14574503.5600,0.553300,-0.201300
2021-10-29,11.2681956800,11.3584616000,11.1553632800,11.2606735200,1130192,16931334.3200,0.637100,0.672500
2021-11-01,11.2757178400,11.4186388800,11.1177524800,11.3960724000,1351755,20365688.2500,0.762000,1.202400
2021-11-02,11.3885502400,11.5314712800,11.2230627200,11.3509394400,1332825,20165157.2500,0.751300,-0.396000
2021-11-03,11.3434172800,11.3960724000,11.2305848800,11.3735059200,800600,12046875.0000,0.451300,0.198800
2021-11-04,11.3735059200,11.6668701600,11.3584616000,11.6292593600,2146350,33052634.5000,1.209900,2.248700
2021-11-05,11.6819144800,11.7345696000,11.5465156000,11.5766042400,1461932,22615804.6600,0.824100,-0.452800
2021-11-08,11.5389934400,11.6367815200,11.4186388800,11.5766042400,1074135,16430707.0000,0.605500,0.000000
2021-11-09,11.6066928800,11.7120031200,11.4938604800,11.6443036800,1158084,17904339.1600,0.652800,0.584800
2021-11-10,11.7044809600,11.7721804000,11.5841264000,11.6969588000,1362641,21129250.6500,0.768100,0.452200
2021-11-11,11.5991707200,11.8474020000,11.5991707200,11.8474020000,1816325,28424183.7500,1.023800,1.286200
2021-11-12,11.8398798400,11.8699684800,11.7195252800,11.8549241600,1298914,20399526.1100,0.732200,0.063500
2021-11-15,11.8549241600,11.9828008800,11.8248355200,11.9451900800,1336100,21161675.5000,0.753100,0.761400
2021-11-16,11.9451900800,12.0053673600,11.8398798400,11.8624463200,1714300,27121993.5000,0.966300,-0.692700
2021-11-17,11.7947468800,11.9451900800,11.7345696000,11.9226236000,1804288,28361430.4700,1.017100,0.507300
2021-11-18,11.9000571200,11.9978452000,11.6292593600,11.6593480000,2008225,31480194.5000,1.132000,-2.208200
2021-11-19,11.6593480000,11.9828008800,11.6593480000,11.9451900800,1983422,31342614.0400,1.118000,2.451600
2021-11-22,11.9828008800,12.2235100000,11.8624463200,12.1708548800,2145099,34592358.3100,1.209200,1.889200
2021-11-23,12.0881111200,12.2611208000,12.0354560000,12.1558105600,1789760,28980708.9500,1.008900,-0.123600
2021-11-24,12.2535986400,13.0885584000,12.1407662400,12.8553714400,8212015,138508082.8900,4.629000,5.755000
2021-11-25,12.8027163200,12.9456373600,12.5770515200,12.6297066400,5016738,84936939.6300,2.827900,-1.755400
2021-11-26,12.7876720000,12.7876720000,12.3137759200,12.3589088800,3126825,51613325.3900,1.762600,-2.144100
2021-11-29,12.2009435200,12.2310321600,11.8850128000,11.9978452000,3021876,48392461.6700,1.703400,-2.921500
2021-11-30,12.0204116800,13.1186470400,12.0204116800,12.9456373600,9642243,162965616.1300,5.435200,7.899700
2021-12-01,13.0359032800,13.0735140800,12.5996180000,12.7199725600,5916515,100185582.3900,3.335100,-1.743200
2021-12-02,12.6146623200,12.7350168800,12.4416526400,12.5544850400,2819748,47075944.6800,1.589500,-1.301000
2021-12-03,12.5018299200,12.7124504000,12.4566969600,12.5695293600,2554137,42643283.2300,1.439700,0.119800
2021-12-06,12.6372288000,12.6372288000,12.2235100000,12.2912094400,2458764,40392537.0300,1.386000,-2.214200
2021-12-07,12.3062537600,12.4792634400,11.9752787200,12.1257219200,2523054,40650149.8100,1.422200,-1.346400
2021-12-08,12.1482884000,12.3062537600,12.0805889600,12.2159878400,1715145,27831465.7300,0.966800,0.744400
2021-12-09,12.1482884000,12.2159878400,12.0204116800,12.0881111200,2531540,40775011.0000,1.427000,-1.046800
2021-12-10,12.0881111200,12.1783770400,11.9000571200,12.0505003200,2460102,39344917.4600,1.386700,-0.311100
2021-12-13,12.1332440800,12.2761651200,12.0505003200,12.2385543200,2232442,36177943.2900,1.258400,1.560500
2021-12-14,12.1482884000,12.3062537600,12.1482884000,12.2686429600,1510928,24592598.9900,0.851700,0.245900
2021-12-15,12.2611208000,12.5620072000,12.1407662400,12.3363424000,3220433,52853880.0100,1.815300,0.551800
2021-12-16,12.2686429600,12.5620072000,12.2310321600,12.5620072000,3451109,57092797.2100,1.945300,1.829300
2021-12-17,12.5544850400,12.5544850400,12.3363424000,12.3739532000,1988358,32833351.9400,1.120800,-1.497000
2021-12-20,12.3889975200,12.4943077600,12.0956332800,12.1106776000,1730231,28067373.4500,0.975300,-2.127700
2021-12-21,12.0956332800,12.2761651200,12.0429781600,12.2385543200,1031268,16754372.7700,0.581300,1.055900
2021-12-22,12.1934213600,12.3589088800,12.1558105600,12.2159878400,1456300,23698210.0000,0.820900,-0.184400
2021-12-23,12.1332440800,12.2611208000,12.0354560000,12.0505003200,1691150,27254126.0000,0.953300,-1.354700
2021-12-24,12.0580224800,12.1332440800,11.7195252800,11.7721804000,2189475,34478537.5700,1.234200,-2.309600
2021-12-27,11.7797025600,11.9151014400,11.6217372000,11.7044809600,1740322,27182255.2700,0.981000,-0.575100
2021-12-28,11.7120031200,11.9376679200,11.7120031200,11.8173133600,1499855,23618139.2500,0.845500,0.964000
2021-12-29,11.8474020000,11.9301457600,11.7044809600,11.8699684800,868950,13649069.7500,0.489800,0.445600
2021-12-30,11.8774906400,12.0128895200,11.8097912000,11.9828008800,1265374,20127933.3300,0.713300,0.950600
2021-12-31,12.0204116800,12.0805889600,11.9000571200,12.0354560000,1170751,18701053.9900,0.659900,0.439400
2022-01-04,12.0279338400,12.2310321600,12.0279338400,12.1858992000,1519610,24565284.0000,0.856600,1.250000
2022-01-05,12.1482884000,12.2460764800,11.9376679200,12.0204116800,1950673,31153321.8900,1.099600,-1.358000
2022-01-06,11.9075792800,12.0956332800,11.9075792800,11.9903230400,1324425,21136565.7500,0.746600,-0.250300
2022-01-07,12.0354560000,12.1482884000,11.8097912000,11.8549241600,1784622,28377144.3800,1.006000,-1.129200
2022-01-10,11.8549241600,11.9978452000,11.6819144800,11.9752787200,1426718,22558869.4400,0.804200,1.015200
2022-01-11,11.9752787200,12.0730668000,11.9151014400,11.9677565600,1073580,17119871.2000,0.605200,-0.062800
2022-01-12,11.9677565600,12.1257219200,11.9602344000,12.0505003200,1561775,25024514.2500,0.880400,0.691400
2022-01-13,12.1482884000,12.2836872800,12.0730668000,12.1558105600,2774026,44911315.5200,1.563700,0.873900
2022-01-14,12.0354560000,12.2159878400,12.0053673600,12.0279338400,1390258,22371259.8700,0.783700,-1.052000
2022-01-17,12.0279338400,12.4115640000,12.0279338400,12.4040418400,3325052,54429496.0200,1.874300,3.127000
2022-01-18,12.4416526400,12.4566969600,12.2611208000,12.3363424000,2425163,39795481.9300,1.367000,-0.545800
2022-01-19,12.3212980800,12.4266083200,12.2535986400,12.3438645600,1589787,26049607.8200,0.896100,0.061000
2022-01-20,12.3137759200,12.3814753600,12.0580224800,12.0881111200,1837225,29687048.0000,1.035600,-2.071900
2022-01-21,12.0655446400,12.2235100000,11.9451900800,12.0279338400,1648700,26475219.0000,0.929400,-0.497800
2022-01-24,11.9978452000,12.2460764800,11.9602344000,12.1407662400,1412460,22746358.2200,0.796200,0.938100
2022-01-25,12.0580224800,12.1783770400,11.2606735200,11.2606735200,4625670,70904958.8200,2.607400,-7.249100
2022-01-26,11.2230627200,11.4412053600,11.1252746400,11.3584616000,1397876,20986546.7000,0.788000,0.868400
2022-01-27,11.4186388800,11.4186388800,10.9823536000,11.0274865600,1759785,25971381.0000,0.992000,-2.913900
2022-01-28,11.1327968000,11.2531513600,11.0274865600,11.1478411200,1042563,15461564.8200,0.587700,1.091400
2022-02-07,11.2832400000,11.3885502400,11.2832400000,11.3358951200,764725,11508643.5000,0.431100,1.686900
2022-02-08,11.3509394400,11.4788161600,11.3058064800,11.4788161600,801772,12165217.0000,0.451900,1.260800
2022-02-09,11.4562496800,11.8850128000,11.4412053600,11.8474020000,2612899,40676932.4700,1.472900,3.211000
2022-02-10,11.8624463200,11.8699684800,11.6443036800,11.7571360800,1570591,24519768.1600,0.885300,-0.761900
2022-02-11,11.7571360800,11.8022690400,11.5314712800,11.6217372000,1390375,21520429.3000,0.783700,-1.151600
2022-02-14,11.5916485600,11.8398798400,11.5314712800,11.6819144800,1190600,18546870.8400,0.671100,0.517800
2022-02-15,11.6518258400,11.8173133600,11.5841264000,11.6819144800,1002891,15601102.7500,0.565300,0.000000
2022-02-16,11.7797025600,11.8549241600,11.6969588000,11.7420917600,867125,13553932.5000,0.488800,0.515100
2022-02-17,11.6443036800,11.8173133600,11.5841264000,11.6443036800,891641,13871118.8900,0.502600,-0.832800
2022-02-18,11.6367815200,11.7646582400,11.5916485600,11.7420917600,1008666,15709309.4400,0.568600,0.839800
2022-02-21,11.8097912000,12.0204116800,11.8097912000,11.9527122400,1557208,24729242.3800,0.877800,1.793700
2022-02-22,11.8699684800,11.9978452000,11.7571360800,11.9451900800,1553592,24537484.1800,0.875700,-0.062900
2022-02-23,11.8850128000,12.2009435200,11.8699684800,12.1633327200,2284235,36735325.8700,1.287600,1.826200
2022-02-24,12.2084656800,12.2385543200,11.6593480000,11.8774906400,2960468,47080157.6000,1.668800,-2.350000
2022-02-25,11.9602344000,12.0805889600,11.8774906400,11.8850128000,1649082,26267491.8800,0.929600,0.063300
2022-02-28,11.8850128000,11.9828008800,11.7044809600,11.9376679200,1412633,22321139.0000,0.796300,0.443000
2022-03-01,11.9376679200,12.0354560000,11.8248355200,11.9903230400,1327360,21112485.0000,0.748200,0.441100
2022-03-02,12.0805889600,12.7801498400,11.8248355200,12.6071401600,8782622,145106691.0000,4.950700,5.144300
2022-03-03,12.3438645600,12.5243964000,12.1708548800,12.3889975200,6933163,113614140.0000,3.908100,-1.730300
2022-03-04,12.4341304800,12.4717412800,12.0956332800,12.0956332800,3386525,55259131.0000,1.908900,-2.367900
2022-03-07,12.0279338400,12.0881111200,11.6743923200,11.6819144800,3297035,51703490.0000,1.858500,-3.420400
2022-03-08,11.6743923200,11.7947468800,11.4788161600,11.4863383200,2138880,33068862.0000,1.205700,-1.674200
2022-03-09,11.4863383200,11.5841264000,10.8394325600,11.3358951200,2385731,35657796.0000,1.344800,-1.309800
2022-03-10,11.5164269600,11.6518258400,11.3584616000,11.3735059200,1521761,23316073.0000,0.857800,0.331800
2022-03-11,11.3133286400,11.5164269600,11.0876638400,11.4863383200,1060375,15893776.0000,0.597700,0.992100
2022-03-14,11.4336832000,11.4336832000,11.2155405600,11.2155405600,916900,13784734.0000,0.516800,-2.357600
2022-03-15,11.2155405600,11.2155405600,10.8469547200,10.8695212000,1696900,24820847.0000,0.956500,-3.085200
2022-03-16,10.9823536000,11.1704076000,10.6363342400,11.0876638400,1465320,21317367.0000,0.826000,2.006900
2022-03-17,11.1779297600,11.3283729600,11.1102303200,11.1327968000,1452075,21649147.0000,0.818500,0.407100
2022-03-18,11.1027081600,11.3133286400,11.0801416800,11.2381070400,930604,13863568.0800,0.524600,0.945900
2022-03-21,11.2832400000,11.3509394400,11.1327968000,11.2757178400,626903,9368791.3800,0.353400,0.334700
2022-03-22,11.2757178400,11.3509394400,11.1553632800,11.2757178400,1007203,15073743.4700,0.567700,0.000000
2022-03-23,11.2757178400,11.7496139200,11.2606735200,11.5916485600,2605975,39989176.2500,1.469000,2.801900
2022-03-24,11.6367815200,11.6443036800,11.3283729600,11.3434172800,1433960,21775430.1000,0.808300,-2.141500
2022-03-25,11.2982843200,11.4186388800,11.2155405600,11.2155405600,874200,13116290.0000,0.492800,-1.127300
2022-03-28,11.1704076000,11.4261610400,10.9071320000,11.3735059200,1067055,15931027.6000,0.601500,1.408500
2022-03-29,11.4186388800,11.4261610400,11.1704076000,11.2080184000,755500,11338679.0000,0.425900,-1.455000
2022-03-30,11.1704076000,11.3133286400,11.1704076000,11.2757178400,833300,12451116.5000,0.469700,0.604000
2022-03-31,11.2832400000,11.3133286400,11.1553632800,11.2155405600,782975,11691334.2500,0.441400,-0.533700
2022-04-01,11.2155405600,11.2305848800,11.0951860000,11.1628854400,520691,7727513.5800,0.293500,-0.469500
2022-04-06,11.2757178400,11.4938604800,11.2004962400,11.2982843200,976668,14760988.6100,0.550500,1.212900
2022-04-07,11.2907621600,11.3358951200,11.0726195200,11.0726195200,756400,11246458.5000,0.426400,-1.997300
2022-04-08,11.0876638400,11.1779297600,10.8319104000,10.8770433600,1043441,15167536.4000,0.588200,-1.766300
2022-04-11,10.9146541600,10.9146541600,10.3956251200,10.4181916000,1564410,22057769.3300,0.881800,-4.218500
2022-04-12,10.4106694400,10.5460683200,10.3053592000,10.5084575200,990977,13740952.2100,0.558600,0.866400
2022-04-13,10.5084575200,10.5084575200,10.2301376000,10.2602262400,1030295,14097780.4000,0.580800,-2.362200
2022-04-14,10.3204035200,10.4257137600,10.2903148800,10.3128813600,672900,9244777.0000,0.379300,0.513200
2022-04-15,10.3128813600,10.3128813600,9.7788080000,9.9367733600,1635975,21748564.7500,0.922200,-3.647000
2022-04-18,9.9367733600,10.0571279200,9.6434091200,9.9819063200,762950,10057560.0000,0.430100,0.454200
2022-04-19,10.0270392800,10.2075711200,9.9819063200,10.0872165600,692550,9298336.0000,0.390400,1.055000
2022-04-20,10.0044728000,10.2451819200,9.9292512000,9.9292512000,740425,9926652.0000,0.417400,-1.566000
2022-04-21,10.0044728000,10.2827927200,9.5606653600,9.5907540000,1250810,16265940.5500,0.705100,-3.409100
2022-04-22,9.6057983200,9.6810199200,9.4403108000,9.4478329600,872121,11061925.1800,0.491600,-1.490200
2022-04-25,9.1394244000,9.3124340800,8.5000408000,8.5000408000,2298449,26449680.4800,1.295600,-10.031800
2022-04-26,8.2969424800,8.3571197600,7.6500367200,7.6500367200,2967837,31290547.8500,1.672900,-10.000000
2022-04-27,7.5597708000,7.9659674400,7.3641946400,7.8531350400,2609832,26586510.4500,1.471100,2.654900
2022-04-28,7.8531350400,8.0411890400,7.6876475200,7.8456128800,1539098,16086650.6000,0.867600,-0.095800
2022-04-29,7.8531350400,8.2518095200,7.8531350400,8.1991544000,1865770,20076063.7000,1.051700,4.506200
2022-05-05,8.2066765600,8.4549078400,8.1314549600,8.3571197600,1510154,16761685.4400,0.851300,1.926600
2022-05-06,8.2743760000,8.4624300000,8.1464992800,8.4398635200,1275652,14179702.7800,0.719100,0.990100
2022-05-09,8.4323413600,8.6053510400,8.3345532800,8.5301294400,1070200,12140692.0000,0.603300,1.069500
2022-05-10,8.4398635200,8.6655283200,8.3495976000,8.6053510400,918690,10477673.6000,0.517900,0.881800
2022-05-11,8.6203953600,8.8611044800,8.5075629600,8.5150851200,1567032,18176050.2000,0.883300,-1.049000
2022-05-12,8.5075629600,8.7708385600,8.4398635200,8.6880948000,1393350,16087034.0000,0.785400,2.031800
2022-05-13,8.6956169600,8.8686266400,8.6504840000,8.8009272000,1196814,13962434.5400,0.674600,1.298700
2022-05-16,8.8761488000,8.9137596000,8.7557942400,8.7858828800,1082977,12725722.7800,0.610500,-0.170900
2022-05-17,8.7257056000,8.7783607200,8.5903067200,8.6880948000,854819,9861116.7000,0.481900,-1.113000
2022-05-18,8.7482720800,8.8611044800,8.6655283200,8.7482720800,772675,9026911.0600,0.435500,0.692600
2022-05-19,8.6504840000,8.8084493600,8.5451737600,8.7708385600,659200,7664608.0000,0.371600,0.258000
2022-05-20,8.7708385600,8.9513704000,8.7257056000,8.8084493600,899658,10570688.7300,0.507100,0.428800
2022-05-23,8.8385380000,8.9137596000,8.8234936800,8.8761488000,775828,9148598.2600,0.437300,0.768600
2022-05-24,8.8686266400,8.9363260800,8.4473856800,8.4624300000,1521654,17533836.2200,0.857700,-4.661000
2022-05-25,8.5602180800,8.7181834400,8.4323413600,8.6880948000,979022,11237993.0000,0.551900,2.666700
2022-05-26,8.7257056000,8.8987152800,8.5376516000,8.8159715200,1358479,15793615.3200,0.765800,1.471900
2022-05-27,8.8761488000,8.9739368800,8.6805726400,8.8009272000,1090626,12804722.9400,0.614800,-0.170600
2022-05-30,8.8310158400,8.8761488000,8.7106612800,8.8611044800,857375,10051397.4400,0.483300,0.683800
2022-05-31,8.8836709600,8.9814590400,8.7783607200,8.9588925600,1229304,14572239.6000,0.692900,1.103600
2022-06-01,9.0115476800,9.1996016800,8.9212817600,9.0341141600,1614976,19435972.5200,0.910300,0.839600
2022-06-02,9.0566806400,9.2372124800,8.9363260800,9.1770352000,1395294,16912375.6400,0.786500,1.582000
2022-06-06,9.1770352000,9.7261528800,9.1695130400,9.2372124800,1797262,22164429.3600,1.013100,0.655700
2022-06-07,9.3276243400,9.3276243400,9.0865225800,9.1543324500,1510191,18401060.3400,0.851300,-0.897200
2022-06-08,9.2673489000,9.2673489000,8.9132306900,9.0714537200,1224150,14738484.0000,0.690000,-0.905300
2022-06-09,9.0639192900,9.0639192900,8.7474732300,8.7851453800,1407450,16573398.2500,0.793300,-3.156100
2022-06-10,8.6721289300,9.0262471400,8.6721289300,9.0036438500,1295400,15392020.5000,0.730100,2.487100
2022-06-13,9.0413160000,9.0413160000,8.1371844000,8.2728041400,12350771,138237942.1400,5.111300,-8.117200
2022-06-14,8.2125287000,8.2426664200,7.9714269400,8.2200631300,7886138,84573256.0300,3.263600,-0.637500
2022-06-15,8.2200631300,8.5289747600,8.1974598400,8.2652697100,6306018,70094900.6500,2.609700,0.550000
2022-06-16,8.2577352800,8.5139059000,8.2577352800,8.4008894500,5313807,59388890.7700,2.199100,1.640800
2022-06-17,8.4234927400,8.4686993200,8.2049942700,8.3858205900,3664727,40618732.4600,1.516600,-0.179400
2022-06-20,8.4460960300,8.5591124800,8.3933550200,8.4385616000,3756796,42147037.3700,1.554700,0.628900
2022-06-21,8.4913026100,8.5365091900,8.3481484400,8.4159583100,3434493,38485379.1000,1.421300,-0.267900
2022-06-22,8.4762337500,8.4762337500,8.2125287000,8.2502008500,2568577,28402042.6300,1.063000,-1.969600
2022-06-23,8.2577352800,8.4008894500,8.2351319900,8.4008894500,2358103,26109409.6400,0.975900,1.826500
2022-06-24,8.4234927400,8.5289747600,8.3933550200,8.4686993200,2883955,32422725.0100,1.193500,0.807200
2022-06-27,8.4837681800,8.5440436200,8.4084238800,8.4762337500,3632747,40737891.2000,1.503400,0.089000
2022-06-28,8.4686993200,8.7550076600,8.4460960300,8.7324043700,5117650,58723380.0000,2.117900,3.022200
2022-06-29,8.7324043700,9.4557096500,8.6947322200,9.0413160000,14216756,171891035.2700,5.883500,3.537500
2022-06-30,9.0413160000,9.3050210500,8.9509028400,9.0865225800,7949268,96107655.4700,3.289800,0.500000
2022-07-01,9.0714537200,9.3954342100,9.0413160000,9.2598144700,7160284,87762134.9900,2.963300,1.907100
2022-07-04,9.2070734600,9.2372111800,8.9961094200,9.0413160000,5151160,62021182.1600,2.131800,-2.359600
2022-07-05,9.0413160000,9.1091258700,8.7700765200,8.8981618300,4087280,48225885.5400,1.691500,-1.583300
2022-07-06,8.8830929700,9.0187127100,8.7776109500,8.9056962600,2502795,29540048.3000,1.035800,0.084700
2022-07-07,8.8077486700,9.2070734600,8.8077486700,9.0488504300,4660868,55769435.5500,1.928900,1.607400
2022-07-08,8.9735061300,9.1317291600,8.9433684100,9.0111782800,3534101,42369958.2400,1.462600,-0.416300
2022-07-11,8.9659717000,9.1166603000,8.8228175300,9.0036438500,3005582,35841624.5800,1.243800,-0.083600
2022-07-12,9.0036438500,9.0036438500,8.7550076600,8.7926798100,4140542,48524214.9800,1.713500,-2.343100
2022-07-13,8.7776109500,9.1091258700,8.7550076600,9.0639192900,4724011,56468792.2500,1.955000,3.084800
2022-07-14,9.0488504300,9.1769357400,8.9659717000,9.1543324500,3968515,47933197.3100,1.642400,0.997500
2022-07-15,9.1015914400,9.1467980200,8.8680241100,8.8680241100,3556057,42531166.1700,1.471700,-3.127600
2022-07-18,8.8830929700,9.2146078900,8.8228175300,9.1543324500,6546898,79264014.9600,2.709400,3.228500
2022-07-19,9.1995390300,9.4029686400,9.1015914400,9.3276243400,7154776,87769689.3400,2.961000,1.893000
2022-07-20,9.3050210500,9.4783129400,9.2522800400,9.3652964900,4499692,55751961.5400,1.862200,0.403900
2022-07-21,9.3125554800,9.4255719300,9.2673489000,9.2673489000,3714463,46016990.9200,1.537200,-1.045900
2022-07-22,9.2824177600,9.4255719300,9.1920046000,9.3125554800,3390350,41856667.3600,1.403100,0.487800
2022-07-25,9.4783129400,9.4783129400,9.1317291600,9.2221423200,2756750,33859003.0000,1.140900,-0.970900
2022-07-26,9.2146078900,9.2673489000,9.0940570100,9.2522800400,2230700,27191186.2000,0.923200,0.326800
2022-07-27,9.1995390300,9.4105030700,9.1995390300,9.4105030700,3127993,38720745.1000,1.294500,1.710100
2022-07-28,9.4105030700,9.6817425500,9.4105030700,9.5235195200,4390386,55714723.3900,1.816900,1.201000
2022-07-29,9.4933818000,9.5837949600,9.3577620600,9.3878997800,2890425,36233228.0000,1.196200,-1.424100
2022-08-01,9.3502276300,9.5084506600,9.2673489000,9.4933818000,2754575,34526535.2500,1.140000,1.123600
2022-08-02,9.4180375000,9.4783129400,8.9659717000,9.0262471400,5340466,64584943.8300,2.210100,-4.920600
2022-08-03,9.0488504300,9.4406407900,9.0413160000,9.1015914400,4254225,52410361.2500,1.760600,0.834700
2022-08-04,9.1543324500,9.4331063600,9.1467980200,9.3803653500,3434256,42433505.9500,1.421300,3.062900
2022-08-05,9.4180375000,9.6440704000,9.3878997800,9.6290015400,4372925,55465757.9200,1.809700,2.650600
2022-08-08,9.6440704000,9.7872245700,9.5461228100,9.6440704000,4499182,57554436.2800,1.862000,0.156500
2022-08-09,9.6968114100,9.7495524200,9.5084506600,9.7194147000,3971105,50875942.7200,1.643400,0.781300
2022-08-10,9.7194147000,9.7872245700,9.6063982500,9.7495524200,3961550,51101224.5000,1.639500,0.310100
2022-08-11,9.7570868500,9.9529820300,9.7269491300,9.8776377300,5741247,75107634.0900,2.376000,1.313800
2022-08-12,9.8550344400,9.9680508900,9.6591392600,9.6817425500,4779677,62115994.6100,1.978000,-1.983200
2022-08-15,9.6666736900,9.6968114100,9.5310539500,9.5536572400,3291456,41796722.5200,1.362200,-1.323000
2022-08-16,9.5385883800,9.6817425500,9.5084506600,9.5385883800,3171850,40288784.5000,1.312700,-0.157700
2022-08-17,9.5310539500,9.6214671100,9.4933818000,9.6063982500,2669677,33892994.8400,1.104800,0.710900
2022-08-18,9.6139326800,10.5708052900,9.5310539500,10.5708052900,15750535,215052729.4400,6.518300,10.039200
2022-08-19,10.5708052900,10.6235463000,9.9529820300,9.9529820300,22202101,300849534.3100,9.188200,-5.844600
2022-08-22,10.0659984800,10.3899789700,9.8927065900,10.2016182200,15533871,210392526.6600,6.428600,2.498100
2022-08-23,9.9680508900,10.2920313800,9.8022934300,10.2543592300,10754426,144134326.4100,4.450700,0.517000
2022-08-24,10.2016182200,10.2016182200,9.6214671100,9.7043458400,11075359,144746718.1600,4.583500,-5.363700
2022-08-25,9.7043458400,9.7495524200,9.1392635900,9.2522800400,9991220,123375196.6600,4.134800,-4.658400
2022-08-26,9.1995390300,9.6214671100,9.1995390300,9.2824177600,5463434,68088725.8500,2.261000,0.325700
2022-08-29,9.1091258700,9.1844701700,8.9810405600,9.0865225800,5258205,63302753.9400,2.176100,-2.110400
2022-08-30,9.0262471400,9.4331063600,9.0262471400,9.3577620600,6929112,85328471.5200,2.867600,2.985100
2022-08-31,9.3577620600,10.2920313800,9.3577620600,10.2920313800,8372248,113312328.8200,3.464800,9.983900
2022-09-01,10.0358607600,10.2618936600,9.8248967200,10.1413427800,21509666,286562585.8200,8.901700,-1.464100
2022-09-02,9.9379131700,11.1584908300,9.9303787400,11.1584908300,37524252,545352344.7100,15.529200,10.029700
2022-09-05,11.8139862400,12.2735864700,10.8269759100,10.9550612200,52228925,809704682.9000,21.614700,-1.823100
2022-09-06,10.6687528800,12.0475535700,10.6235463000,11.7687796600,60227217,937201582.1100,24.924800,7.427800
2022-09-07,10.9249235000,10.9927333700,10.5934085800,10.5934085800,40575394,574658707.3200,16.791900,-9.987200
2022-09-08,10.0961362000,10.2468248000,9.7721557100,9.7721557100,31540695,418306901.4500,13.053000,-7.752500
2022-09-09,9.8248967200,9.9153098800,9.6666736900,9.7872245700,15766139,204736232.8000,6.524700,0.154200
2022-09-13,9.7872245700,9.8550344400,9.5536572400,9.6440704000,11978193,153784853.2900,4.957100,-1.462700
2022-09-14,9.4933818000,9.6290015400,9.4406407900,9.5913293900,8605375,109040010.2200,3.561300,-0.546900
2022-09-15,9.5988638200,9.6742081200,9.1241947300,9.2372111800,12063603,149525599.6600,4.992500,-3.692100
2022-09-16,9.2372111800,9.3878997800,9.1844701700,9.2447456100,7816910,96483681.0600,3.235000,0.081600
2022-09-19,9.1995390300,9.2598144700,9.0111782800,9.0488504300,5717409,69060569.6100,2.366100,-2.119000
2022-09-20,9.1166603000,9.2372111800,9.0563848600,9.1317291600,5298564,64255910.0800,2.192800,0.915900
2022-09-21,9.1166603000,9.1166603000,8.7625420900,8.9659717000,5666149,67113383.8300,2.344900,-1.815200
2022-09-22,8.9584372700,9.0563848600,8.7474732300,8.7776109500,6345050,74990692.1400,2.625900,-2.100800
2022-09-23,8.7700765200,8.8152831000,8.3933550200,8.4611648900,8760710,99546725.3800,3.625600,-3.605200
2022-09-26,8.3707517300,8.4385616000,8.1447188300,8.1899254100,5336727,58688284.7700,2.208600,-3.205700
2022-09-27,8.2125287000,8.3556828700,8.1823909800,8.3330795800,4866959,53503632.9400,2.014200,1.747900
2022-09-28,8.2878730000,8.3180107200,8.0317023800,8.1070466800,5394111,58203325.1500,2.232300,-2.712500
2022-09-29,8.1522532600,8.1823909800,7.8659449200,7.9412892200,4731559,50338673.9100,1.958100,-2.044600
2022-09-30,7.9563580800,8.0166335200,7.8132039100,7.8584104900,3676404,38476002.9900,1.521500,-1.043600
2022-10-10,7.9714269400,7.9714269400,7.6022398700,7.6700497400,3341864,34349098.4000,1.383000,-2.396900
2022-10-11,7.7001874600,7.7830661900,7.6248431600,7.7378596100,2884172,29533729.1000,1.193600,0.884100
2022-10-12,7.8659449200,8.2728041400,7.7679973300,8.1145811100,9369185,99962459.3400,3.877400,4.868500
2022-10-13,8.0543056700,8.3933550200,8.0241679500,8.2803385700,8304723,90812102.6500,3.436900,2.042700
2022-10-14,8.2954074300,8.4159583100,8.2878730000,8.3556828700,6173178,68416996.3700,2.554700,0.909900
2022-10-17,8.3029418600,8.5139059000,8.2878730000,8.4762337500,5250884,58909417.9200,2.173100,1.442700
2022-10-18,8.4536304600,8.6269223500,8.3933550200,8.5892502000,5145415,58290689.2800,2.129400,1.333300
2022-10-19,8.6796633600,8.8152831000,8.5289747600,8.6871977900,6627267,76425055.5500,2.742700,1.140400
2022-10-20,8.5591124800,8.7173355100,8.4762337500,8.5666469100,5087670,58094134.5100,2.105500,-1.387700
2022-10-21,8.6645945000,8.7399388000,8.5515780500,8.6419912100,3795981,43548842.7500,1.570900,0.879500
2022-10-24,8.6796633600,8.8755585400,8.5365091900,8.5967846300,5313067,61628012.6800,2.198800,-0.523100
2022-10-25,8.5365091900,8.7022666500,8.3632173000,8.4913026100,4375976,49505976.3200,1.811000,-1.227000
2022-10-26,8.4536304600,8.8077486700,8.4310271700,8.7550076600,4646107,53673330.7600,1.922800,3.105600
2022-10-27,8.8152831000,9.6214671100,8.7324043700,9.2522800400,16140160,198497276.4300,6.679500,5.679900
2022-10-28,9.1241947300,9.1920046000,8.5967846300,8.6269223500,11487450,135218281.1400,4.754000,-6.759000
2022-10-31,8.5892502000,8.8830929700,8.5289747600,8.7851453800,5415958,63141832.2600,2.241400,1.834100
2022-11-01,8.8077486700,9.1543324500,8.6721289300,9.0488504300,9186776,109411138.4500,3.801900,3.001700
2022-11-02,9.0111782800,9.2070734600,8.8981618300,9.1618668800,8354667,100647527.2700,3.457500,1.249000
2022-11-03,9.0488504300,9.1392635900,8.9659717000,9.0639192900,4340551,52058635.5500,1.796300,-1.069100
2022-11-04,9.0337815700,9.1166603000,8.9885749900,9.0789881500,5609200,67493531.0000,2.321300,0.166300
2022-11-07,9.0789881500,9.1166603000,8.9509028400,9.0036438500,4668506,55899097.6400,1.932000,-0.829900
2022-11-08,8.9885749900,9.0262471400,8.8303519600,9.0036438500,3557463,42112937.0300,1.472200,0.000000
2022-11-09,9.0036438500,9.0413160000,8.8529552500,8.8529552500,3793127,44829350.1400,1.569800,-1.673600
2022-11-10,8.8152831000,8.9961094200,8.7776109500,8.7926798100,3547591,41720878.6000,1.468200,-0.680900
2022-11-11,8.9433684100,9.0639192900,8.6947322200,8.7098010800,6481570,76579534.8000,2.682400,-0.942600
2022-11-14,8.7173355100,8.8830929700,8.5741813400,8.7851453800,4999556,58061618.0400,2.069000,0.865100
2022-11-15,8.8002142400,8.9735061300,8.7098010800,8.9659717000,4891217,57723439.7500,2.024200,2.058300
2022-11-16,8.9659717000,9.0789881500,8.9509028400,9.0413160000,5628254,67407839.8100,2.329200,0.840300
2022-11-17,9.0865225800,9.1543324500,8.9433684100,9.1241947300,6194378,74387297.2900,2.563500,0.916700
2022-11-18,9.1844701700,9.3276243400,9.0789881500,9.0865225800,6941996,84884341.5200,2.872900,-0.412900
2022-11-21,9.0413160000,9.1015914400,8.8981618300,8.9810405600,4302523,51269212.2500,1.780600,-1.160900
2022-11-22,8.9509028400,9.2146078900,8.9282995500,9.0262471400,5722227,68849756.1100,2.368100,0.503400
2022-11-23,8.9433684100,9.0111782800,8.6645945000,8.7550076600,5924797,69032622.3500,2.452000,-3.005000
2022-11-24,8.7324043700,8.9282995500,8.7098010800,8.7474732300,3490107,40654599.2600,1.444400,-0.086100
2022-11-25,8.8152831000,8.8378863900,8.5892502000,8.6043190600,3527608,40631447.0100,1.459900,-1.636500
2022-11-28,8.6043190600,8.6043190600,8.3330795800,8.4084238800,3690025,41269153.7600,1.527100,-2.276700
2022-11-29,8.4008894500,8.5892502000,8.4008894500,8.5892502000,2893315,32686304.6800,1.197400,2.150500
2022-11-30,8.5365091900,8.6043190600,8.4988370400,8.5289747600,2588790,29352331.0000,1.071400,-0.701800
2022-12-01,8.5741813400,8.7700765200,8.5741813400,8.7324043700,4150336,47862660.0000,1.717600,2.385200
2022-12-02,8.7324043700,8.8755585400,8.6947322200,8.7926798100,3240924,37884987.4600,1.341200,0.690300
2022-12-05,8.8529552500,9.0187127100,8.8077486700,8.9584372700,4134071,48903443.3800,1.710900,1.885200
2022-12-06,9.0187127100,9.1091258700,8.8906274000,8.9433684100,4765067,56891082.1100,1.972000,-0.168200
2022-12-07,8.9433684100,8.9659717000,8.8303519600,8.8529552500,2697955,31772947.7600,1.116500,-1.011000
2022-12-08,8.8228175300,8.8529552500,8.6947322200,8.6947322200,2944707,34186566.6200,1.218700,-1.787200
2022-12-09,8.7474732300,8.7776109500,8.5817157700,8.5892502000,3673161,42119173.3900,1.520100,-1.213200
2022-12-12,8.5892502000,8.6796633600,8.5741813400,8.6419912100,2001199,22927544.5400,0.828200,0.614000
2022-12-13,8.6645945000,8.6645945000,8.5214403300,8.5214403300,2262211,25709621.7300,0.936200,-1.394900
2022-12-14,8.5515780500,8.6269223500,8.4762337500,8.4913026100,1947254,22106910.6300,0.805900,-0.353700
2022-12-15,8.4837681800,8.6269223500,8.4460960300,8.5666469100,1831775,20843482.0000,0.758100,0.887300
2022-12-16,8.5214403300,8.5515780500,8.3556828700,8.3707517300,3012574,33654518.0400,1.246700,-2.286700
2022-12-19,8.4234927400,8.4234927400,8.1371844000,8.1522532600,2355519,25706144.1200,0.974800,-2.610300
2022-12-20,8.0995122500,8.2351319900,8.0769089600,8.1673221200,1515750,16426575.0000,0.627300,0.184800
2022-12-21,8.2125287000,8.2125287000,8.0241679500,8.0618401000,1822550,19585166.0000,0.754300,-1.291500
2022-12-22,8.1070466800,8.1296499700,7.9186859300,7.9412892200,2043877,21759409.8200,0.845800,-1.495300
2022-12-23,7.9111515000,8.0392368100,7.8508760600,7.9488236500,1465725,15484232.7500,0.606600,0.094900
2022-12-26,7.9563580800,8.0844433900,7.9488236500,8.0618401000,1499725,16022423.0000,0.620700,1.421800
2022-12-27,8.0769089600,8.1145811100,7.9940302300,8.0995122500,1489736,15931398.3000,0.616500,0.467300
2022-12-28,8.0769089600,8.0769089600,7.9186859300,7.9940302300,1433235,15178482.9500,0.593100,-1.302300
2022-12-29,7.9488236500,8.0467712400,7.9186859300,7.9412892200,1160953,12294389.6200,0.480500,-0.659800
2022-12-30,8.0090990900,8.0166335200,7.9337547900,8.0015646600,1141258,12098927.8000,0.472300,0.759000
2023-01-03,8.0015646600,8.3029418600,7.9488236500,8.2803385700,2862600,31128645.0000,1.184700,3.484000
2023-01-04,8.2878730000,8.4310271700,8.2577352800,8.4084238800,2550200,28379161.0000,1.055400,1.546900
2023-01-05,8.4460960300,8.4686993200,8.3632173000,8.4084238800,1843403,20591900.4800,0.762900,0.000000
2023-01-06,8.4084238800,8.4460960300,8.2954074300,8.3104762900,1916447,21277622.6400,0.793100,-1.164900
2023-01-09,8.3933550200,8.4611648900,8.3104762900,8.3406140100,1675600,18629882.0000,0.693400,0.362600
2023-01-10,8.3632173000,8.3632173000,8.2577352800,8.3330795800,1365500,15075449.0000,0.565100,-0.090300
2023-01-11,8.3029418600,8.4084238800,8.2652697100,8.2803385700,1293900,14283297.0000,0.535500,-0.632900
2023-01-12,8.4385616000,8.4988370400,8.3180107200,8.3481484400,2890248,32222301.1600,1.196100,0.818900
2023-01-13,8.5892502000,8.6419912100,8.4310271700,8.5139059000,4570948,51547455.2800,1.891700,1.985600
2023-01-16,8.4310271700,8.5817157700,8.3933550200,8.5365091900,3046870,34502250.7000,1.260900,0.265500
2023-01-17,8.6495256400,8.9810405600,8.6495256400,8.7776109500,8466214,99056625.7500,3.503700,2.824400
2023-01-18,8.7098010800,8.8906274000,8.7098010800,8.7926798100,5214612,61112492.0900,2.158000,0.171700
2023-01-19,8.8378863900,8.8755585400,8.7550076600,8.8303519600,3796618,44425773.7000,1.571200,0.428400
2023-01-20,8.8228175300,8.8906274000,8.7550076600,8.8378863900,2884328,33826619.8600,1.193700,0.085300
2023-01-30,8.9433684100,8.9659717000,8.8680241100,8.8981618300,3530274,41767396.9600,1.461000,0.682000
2023-01-31,8.8981618300,8.9207651200,8.7926798100,8.8906274000,2568470,30138719.0000,1.062900,-0.084700
2023-02-01,8.9735061300,9.1467980200,8.9358339800,9.1317291600,5771670,69333392.0000,2.388600,2.711900
2023-02-02,9.0789881500,9.4180375000,9.0789881500,9.1015914400,4603419,56001852.8900,1.905100,-0.330000
2023-02-03,9.1618668800,9.2070734600,9.0413160000,9.1920046000,4131715,50135846.2500,1.709900,0.993400
2023-02-06,9.1844701700,9.9303787400,9.1166603000,9.4481752200,11038279,139400471.4300,4.568100,2.786900
2023-02-07,9.4105030700,10.3899789700,9.3125554800,10.3899789700,9888670,132938652.4000,4.092400,9.968100
2023-02-08,11.4297303100,11.4297303100,10.7214938900,11.0454743800,59246482,879302465.0700,24.520200,6.308900
2023-02-09,10.2920313800,11.6859009300,10.1036706300,11.1961629800,57841083,837870397.5100,23.938600,1.364300
2023-02-10,11.4598680300,12.0174158500,11.1961629800,11.3167138600,58825403,908420722.7300,24.345900,1.076700
2023-02-13,10.8495792000,11.4146614500,10.8495792000,11.1509564000,38018998,561247928.1100,15.734800,-1.464700
2023-02-14,12.2660520400,12.2660520400,12.2660520400,12.2660520400,29054767,473011606.7600,12.024800,10.000000
2023-02-15,13.4564919800,13.4941641300,13.1475803500,13.4941641300,31239000,558369762.5100,12.928800,10.012300
2023-02-16,12.9592196000,13.1400459200,12.1455011600,12.1455011600,74725989,1236340924.3500,30.926700,-9.994400
2023-02-17,11.5201434700,11.5201434700,10.9324579300,10.9324579300,56939463,842211369.3800,23.565400,-9.987600
2023-02-20,10.6084774400,10.9098546400,10.6084774400,10.8345103400,29865851,425712289.5600,12.360500,-0.895900
2023-02-21,10.7742349000,10.9324579300,10.5783397200,10.6536840200,26740621,381400439.1500,11.067100,-1.669000
2023-02-22,10.5858741500,10.7516316100,10.4577888400,10.7290283200,19544302,275727975.5900,8.088800,0.707200
2023-02-23,10.6838217400,10.6988906000,10.2920313800,10.3221691000,24807618,345083281.0300,10.267100,-3.792100
2023-02-24,10.3372379600,10.6160118700,10.3071002400,10.4728577000,22233930,310100205.5000,9.201900,1.459900
2023-02-27,10.4653232700,10.6913561700,10.3824445400,10.4201166900,18128234,253698561.6800,7.502700,-0.503600
2023-02-28,10.5783397200,10.6762873100,10.3598412500,10.4879265600,15924344,221789246.3800,6.590600,0.650800
2023-03-01,10.6160118700,11.1509564000,10.5632708600,11.1283531100,41265393,595953076.1300,17.078400,6.106300
2023-03-02,11.1358875400,12.0098814200,11.0530088100,11.5276779000,51369282,787818798.6400,21.260100,3.588400
2023-03-03,11.4900057500,12.3263274800,11.1886285500,11.7687796600,48972232,768968907.3500,20.268000,2.091500
2023-03-06,11.6482287800,12.3338619100,11.5276779000,11.9872781300,46256376,739204131.6400,19.144000,1.856600
2023-03-07,11.2489039900,11.6030222000,11.2338351300,11.3016450000,38049896,574341355.9200,15.747600,-5.719700
2023-03-08,11.0756121000,11.9345371200,11.0680776700,11.7160386500,36897177,569097612.6300,15.270600,3.666700
2023-03-09,11.6406943500,11.6783665000,11.2715072800,11.4523336000,27395169,415488654.5700,11.338000,-2.250800
2023-03-10,11.3091794300,11.5879533400,11.0454743800,11.0756121000,22329550,334151313.3400,9.241500,-3.289500
2023-03-13,11.0078022300,11.4523336000,11.0078022300,11.4372647400,20279151,304543787.7900,8.392900,3.265300
2023-03-14,11.3769893000,11.4071270200,10.9324579300,11.1660252600,17555544,260662154.7800,7.265700,-2.371500
2023-03-15,11.1961629800,11.2865761400,10.9173890700,10.9851989400,14662559,214737254.8300,6.068400,-1.619400
2023-03-16,10.9550612200,11.0605432400,10.7064250300,10.7516316100,14015285,202407152.9400,5.800500,-2.126200
2023-03-17,10.9399923600,11.2790417100,10.8269759100,11.1810941200,17463311,256966709.6300,7.227500,3.994400
2023-03-20,11.1509564000,11.4523336000,11.0454743800,11.2564384200,21121699,315735942.9900,8.741600,0.673900
2023-03-21,11.0680776700,11.3317827200,10.7893037600,11.2187662700,13859381,204374601.7200,5.736000,-0.334700
2023-03-22,11.1509564000,11.6406943500,10.9399923600,11.6406943500,29370366,445790554.5900,12.155400,3.760900
2023-03-23,11.5276779000,11.7612452300,11.3393171500,11.7386419400,32067476,492359553.6100,13.271700,0.841400
2023-03-24,11.5879533400,11.6406943500,11.2413695600,11.5276779000,26498655,403307257.0900,10.966900,-1.797200
2023-03-27,11.4674024600,11.6783665000,11.2489039900,11.3920581600,19675550,298723087.9100,8.143100,-1.176500
2023-03-28,11.2941105700,11.2941105700,10.9776645100,11.0379399500,14913655,219783527.9300,6.172300,-3.108500
2023-03-29,10.9927333700,11.7386419400,10.9851989400,11.6105566300,30444621,464735047.3300,12.600000,5.187700
2023-03-30,11.7235730800,11.7612452300,11.0228710900,11.1886285500,24742850,371279742.7600,10.240300,-3.634000
2023-03-31,11.1886285500,11.4824713200,10.8947857800,11.4372647400,19141729,287093680.2800,7.922100,2.222200
2023-04-03,11.3920581600,11.8893305400,11.3393171500,11.8893305400,33815482,524690382.1500,13.995100,3.952600
2023-04-04,11.7913829500,11.9797437000,11.6180910600,11.7989173800,30829120,482570513.8000,12.759200,-0.760500
2023-04-06,11.6783665000,12.1304323000,11.6406943500,11.9797437000,31695414,501663281.1600,13.117700,1.532600
2023-04-07,12.1605700200,12.1605700200,11.6105566300,11.8064518100,19419107,304306783.2100,8.036900,-1.446500
2023-04-10,11.8064518100,11.8742616800,11.3393171500,11.3920581600,16053190,246719678.7400,6.643900,-3.509900
2023-04-11,11.3769893000,11.5427467600,11.1584908300,11.4523336000,11456327,172707742.1400,4.741400,0.529100
2023-04-12,11.3769893000,11.8064518100,11.2564384200,11.7612452300,16758285,259279583.9200,6.935700,2.697400
2023-04-13,11.7537108000,11.7537108000,10.9851989400,11.0304055200,21695319,324077021.0900,8.979000,-6.214000
2023-04-14,11.0379399500,12.1304323000,11.0379399500,11.7763140900,37153300,583803294.9600,15.376600,6.762300
2023-04-17,11.7913829500,11.8441239600,11.2263007000,11.3091794300,22619315,341676531.2400,9.361400,-3.966700
2023-04-18,11.2263007000,12.4393439300,11.2263007000,12.4393439300,44345525,726051694.9200,18.353200,9.993300
2023-04-19,12.8537375800,13.2832000900,12.5146882300,12.5448259500,73139842,1257664653.0500,30.270200,0.848000
2023-04-20,12.6804456900,13.1475803500,12.6427735400,12.8989441600,48351677,824943260.3700,20.011200,2.822800
2023-04-21,12.6653768300,14.0215742300,12.4393439300,13.2078557900,59891165,1058491221.3300,24.787000,2.394900
2023-04-24,13.0119606100,14.5263810400,13.0119606100,14.5263810400,55799198,1038402286.9000,23.093500,9.982900
2023-04-25,14.7524139400,15.2647551800,13.8181446200,14.1270562500,67414795,1293617502.9600,27.900800,-2.749000
2023-04-26,13.5619740000,14.1270562500,12.7181178400,12.7181178400,53742997,945169267.9000,22.242500,-9.973300
2023-04-27,12.2961897600,12.4167406400,11.4598680300,11.4900057500,45187005,710336508.9800,18.701400,-9.656400
2023-04-28,11.4900057500,12.2811209000,11.4146614500,12.0475535700,33636359,535858653.7700,13.921000,4.852500
2023-05-04,12.0475535700,12.1831733100,11.6331599200,11.8215206700,22750890,356393196.0600,9.415900,-1.876200
2023-05-05,11.8290551000,11.8290551000,10.8119070500,10.9249235000,34357672,507711135.2300,14.219500,-7.584400
2023-05-08,10.9475267900,11.1660252600,10.6461495900,11.0605432400,20415704,296828539.9000,8.449400,1.241400
2023-05-09,10.9927333700,11.1434219700,10.4954609900,10.5105298500,23399204,335802139.6600,9.684200,-4.972800
2023-05-10,10.5632708600,10.8872513500,10.4803921300,10.6386151600,18569098,262452753.9100,7.685200,1.218600
2023-05-11,10.5783397200,10.5783397200,10.2694280900,10.3523068200,15433543,213089346.9800,6.387400,-2.691200
2023-05-12,10.3447723900,10.4803921300,10.2694280900,10.3673756800,11628058,160156393.8000,4.812500,0.145600
2023-05-15,10.4050478300,10.4803921300,10.0057230400,10.3146346700,14127694,191211228.4400,5.847000,-0.508700
2023-05-16,10.3146346700,10.3146346700,9.9529820300,10.0207919000,11887085,158669485.5900,4.919700,-2.848800
2023-05-17,9.9529820300,10.1940837900,9.9228443100,10.1940837900,10756925,144546160.0800,4.451900,1.729300
2023-05-18,10.2091526500,10.8269759100,10.2091526500,10.7591660400,28201211,397664993.7000,11.671600,5.543200
2023-05-19,10.6160118700,10.6612184500,10.4276511200,10.5557364300,17642770,246564673.4800,7.301800,-1.890800
2023-05-22,10.5482020000,10.5482020000,10.2543592300,10.3673756800,10482289,143766909.2400,4.338300,-1.784400
2023-05-23,10.3673756800,10.3824445400,10.1112050600,10.1338083500,9648175,130769691.8900,3.993100,-2.252900
2023-05-24,10.1338083500,10.5255987100,10.1187394900,10.5180642800,16616132,229344354.4800,6.876900,3.791800
2023-05-25,10.5180642800,10.8797169200,10.2543592300,10.6084774400,16543439,231553570.6700,6.846800,0.859600
2023-05-26,10.4803921300,10.8119070500,10.4803921300,10.7742349000,18688675,265285097.3600,7.734600,1.562500
2023-05-29,10.8043726200,11.0831465300,10.7139594600,10.8721824900,20088556,291436452.2800,8.314000,0.909100
2023-05-30,10.8872513500,11.2112318400,10.6913561700,11.1810941200,20556615,299135291.0500,8.507700,2.841300
2023-05-31,11.2263007000,11.2715072800,10.9625956500,11.0906809600,16353023,240445873.3200,6.768000,-0.808600
2023-06-01,11.0304055200,11.3091794300,10.9475267900,11.3091794300,21957381,325349189.9900,9.087500,1.970100
2023-06-02,11.2263007000,11.5502811900,11.1584908300,11.2639728500,17804470,268185007.4500,7.368700,-0.399700
2023-06-05,11.3317827200,11.8968649700,11.3167138600,11.8139862400,29121001,452121244.6900,12.052200,4.882900
2023-06-06,11.6632976400,11.7386419400,11.1886285500,11.2338351300,22023192,335170474.2600,9.114700,-4.910700
2023-06-07,11.3995925900,11.7913829500,11.1886285500,11.6030222000,22084467,338346700.5700,9.140000,3.286400
2023-06-08,11.4900057500,11.6632976400,11.2715072800,11.4900057500,14159596,215007880.5600,5.860200,-0.974000
2023-06-09,11.5879533400,12.6277046800,11.4146614500,12.1455011600,36844632,587738998.2300,15.248800,5.704900
2023-06-12,12.2133110300,12.5749636700,12.1304323000,12.2359143200,33161973,542909462.4900,13.724700,0.744400
2023-06-13,12.0701568600,12.3866029200,11.9571404100,12.1982421700,22598510,364867080.4900,9.352800,-0.307900
2023-06-14,12.1681044500,12.9818228900,12.1002945800,12.9366163100,38799831,651366194.2400,16.058000,6.053100
2023-06-15,12.8612720100,13.2605968000,12.4694816500,12.5598948100,37417385,636858081.1300,15.485900,-2.912100
2023-06-16,12.3338619100,12.8688064400,12.1304323000,12.7859277100,27090362,452905838.9900,11.211800,1.799600
2023-06-19,12.6879801200,13.1325114900,12.5222226600,13.0797704800,32414052,553270769.6500,13.415100,2.298200
2023-06-20,12.9592196000,13.0571671900,12.7557899900,12.9516851700,22103929,378137293.4800,9.148100,-0.979300
2023-06-21,13.0270294700,13.0722360500,12.3639996300,12.5975669600,19787172,332923228.6900,8.189300,-2.734100
2023-06-26,12.3263274800,12.6503079700,11.8817961100,11.9043994000,23182745,374642978.9200,9.594600,-5.502400
2023-06-27,12.0023469900,13.0948393400,11.9270026900,13.0948393400,34189201,584865870.1200,14.149800,10.000000
2023-06-28,13.0948393400,14.4058301600,12.8838753000,13.8030757600,75165791,1356933686.6600,31.108700,5.408500
2023-06-29,13.2003213600,13.6373183000,13.0044261800,13.4188198300,50524359,890604137.1800,20.910400,-2.783800
2023-06-30,13.2530623700,14.7599483700,13.1852525000,14.1797972600,55620146,1026375111.9100,23.139200,5.671000
2023-07-03,14.0667808100,14.1496595400,13.4112854000,13.6900593100,35098304,639033320.5100,14.526100,-3.453800
2023-07-04,13.4715608400,13.6749904500,13.2455279400,13.6071805800,26583742,475041325.0500,11.002200,-0.605400
2023-07-05,13.4564919800,13.4640264100,12.8688064400,12.9592196000,25747852,448538430.9700,10.656200,-4.761900
2023-07-06,12.7256522700,13.2455279400,12.6578424000,12.8612720100,19586098,338179149.0900,8.106100,-0.755800
2023-07-07,12.8612745100,13.1720065400,12.3155987500,12.5505424800,19812799,330678131.4700,8.199900,-2.416000
2023-07-10,12.7400132300,12.7854862100,12.3080199200,12.5429636500,12653005,207933431.8400,5.236700,-0.060400
2023-07-11,12.5505424800,12.8082227000,12.4747541800,12.6414884400,13315684,222339333.3200,5.510900,0.785500
2023-07-12,12.6035942900,12.8233803600,11.9518149100,11.9745514000,22349120,363509299.7200,9.249600,-5.275800
2023-07-13,11.9821302300,12.1943374700,11.8987631000,12.1185491700,14950558,237924289.9100,6.187600,1.202500
2023-07-14,12.1564433200,12.4595965200,12.1261280000,12.3080199200,13376671,217749652.2700,5.536200,1.563500
2023-07-17,12.3004410900,12.4595965200,12.1412856600,12.2852834300,8938291,144940578.7000,3.699300,-0.184700
2023-07-18,12.2625469400,12.2777046000,11.8987631000,11.9518149100,10780158,171228463.4200,4.461600,-2.714400
2023-07-19,11.8987631000,12.0200243800,11.7168711800,11.7775018200,8425386,131458654.9400,3.487000,-1.458500
2023-07-20,11.8229748000,11.8381324600,11.3151931900,11.3455085100,10625670,161360432.7000,4.397600,-3.668000
2023-07-21,11.3909814900,11.4440333000,11.1181436100,11.2166684000,6728348,100073584.9300,2.784600,-1.135600
2023-07-24,11.1636165900,11.4440333000,11.1484589300,11.3000355300,5515683,82338119.9800,2.282800,0.743200
2023-07-25,11.4288756400,11.5349792600,11.2772990400,11.4895062800,7191300,108714893.0000,2.976200,1.676700
2023-07-26,11.4516121300,11.4970851100,11.1787742500,11.2318260600,6190008,91969240.3800,2.561800,-2.242700
2023-07-27,11.2469837200,11.3076143600,11.0271976500,11.0499341400,5536112,81401254.6300,2.291200,-1.619400
2023-07-28,11.0499341400,11.1560377600,10.9286728600,11.1257224400,5063220,73969214.4200,2.095500,0.685900
2023-07-31,11.1257224400,11.3303508500,11.0347764800,11.2772990400,5206809,77296221.8400,2.154900,1.362400
2023-08-01,11.2015107400,11.3379296800,11.0347764800,11.2394048900,6258047,92274404.5100,2.590000,-0.336000
2023-08-02,11.2848778700,11.3985603200,11.1484589300,11.3227720200,6209999,92493917.7500,2.570100,0.741700
2023-08-03,11.2697202100,11.3834026600,11.1484589300,11.1863530800,6242316,92492736.8800,2.583500,-1.204800
2023-08-04,11.1029859500,11.4364544700,11.1029859500,11.4364544700,9467091,141719456.1400,3.918100,2.235800
2023-08-07,11.4440333000,11.7092923500,11.4364544700,11.6335040500,12022022,183972138.1500,4.975500,1.723000
2023-08-08,11.6259252200,11.8457112900,11.5122427700,11.7775018200,11818499,183084381.4800,4.891300,1.237800
2023-08-09,11.7168711800,11.7168711800,11.3227720200,11.3303508500,8196650,124148931.8000,3.392300,-3.796700
2023-08-10,11.2545625500,11.3909814900,11.1711954200,11.3000355300,4339677,64666948.5300,1.796100,-0.267600
2023-08-11,11.3227720200,11.3530873400,10.9059363700,10.9210940300,6936150,101567145.7000,2.870600,-3.353500
2023-08-14,10.8983575400,11.0878282900,10.7922539200,11.0878282900,4160525,60150397.8000,1.721900,1.526700
2023-08-15,11.1636165900,11.2697202100,10.8680422200,10.9362516900,4351512,63417995.2800,1.801000,-1.367100
2023-08-16,10.8983575400,10.9210940300,10.6103620000,10.6330984900,6153207,87101145.6700,2.546600,-2.772000
2023-08-17,10.6785714700,10.8983575400,10.5042583800,10.8377269000,5146894,73061205.8600,2.130100,1.924400
2023-08-18,10.8225692400,10.8983575400,10.4815218900,10.5042583800,5649300,79626129.0000,2.338100,-3.076900
2023-08-21,10.4891007200,10.8604633900,10.4663642300,10.6785714700,5466200,77410995.5500,2.262300,1.659500
2023-08-22,10.6937291300,11.0347764800,10.6785714700,11.0120399900,8179824,117479961.4900,3.385400,3.122800
2023-08-23,10.8831998800,10.8831998800,10.4891007200,10.5497313600,7997317,112066405.4600,3.327100,-4.198200
2023-08-24,10.5952043400,10.6937291300,10.3829971000,10.4966795500,5853464,81478070.9200,2.435200,-0.502900
2023-08-25,10.3829971000,10.3981547600,9.9888979400,10.0798439000,7146004,96011803.4600,2.972900,-3.971100
2023-08-28,10.5952043400,10.7088867900,10.2920511400,10.3147876300,7087457,97956470.9000,2.948500,2.330800
2023-08-29,10.2541569900,10.7998327500,10.2541569900,10.7316232800,7135520,99739926.9300,2.968500,4.041100
2023-08-30,10.8756210500,11.2545625500,10.7619386000,11.1560377600,12034541,175779828.2000,5.006600,3.954800
2023-08-31,11.0196188200,11.1787742500,10.9665670100,11.0423553100,5915625,86343255.5000,2.461000,-1.019000
2023-09-01,10.9893035000,11.0650918000,10.8149904100,10.8907787100,4477600,64447427.0000,1.862800,-1.372700
2023-09-04,10.9893035000,11.2545625500,10.8983575400,11.2318260600,8195475,120000336.0000,3.409500,3.131500
2023-09-05,11.3151931900,11.4516121300,11.1711954200,11.2924567000,10728770,160049712.6000,4.463400,0.539800
2023-09-06,11.1787742500,11.5425580900,11.1333012700,11.5198216000,12557108,189297464.2700,5.224000,2.013400
2023-09-07,11.5122427700,11.5198216000,11.1939319100,11.2090895700,8859809,132694358.9200,3.685900,-2.697400
2023-09-08,11.2166684000,11.6789770300,11.1560377600,11.6259252200,12633883,191070202.2700,5.256000,3.718700
2023-09-11,11.6789770300,12.5732789700,11.5425580900,12.3534929000,31787606,505314501.8000,13.224400,6.258100
2023-09-12,12.1261280000,12.4065447100,12.0124455500,12.2170739600,21225890,342738052.7500,8.830500,-1.104300
2023-09-13,12.0882338500,13.4221079300,11.5349792600,12.8158015300,43922842,714500047.1000,18.272900,4.900700
2023-09-14,14.0966238000,14.0966238000,13.5585268700,14.0966238000,37693144,698620475.1800,15.681200,9.994100
2023-09-15,14.0966238000,14.5058806200,12.9825357900,12.9825357900,69275071,1264327370.7700,28.820000,-7.903200
2023-09-18,12.5050695000,12.8688533400,12.0730761900,12.0958126800,46885283,770653623.8700,19.505300,-6.830100
2023-09-19,12.5126483300,13.0507452600,12.2928622600,12.3459140700,43984001,733857617.4000,18.298300,2.067700
2023-09-20,12.0276032100,12.4520176900,11.8532901200,11.8532901200,31818732,506394605.9500,13.237300,-3.990200
2023-09-21,11.7471865000,12.3610717300,11.6865558600,12.0503397000,28432183,453728494.9700,11.828400,1.662400
2023-09-22,12.0124455500,12.4671753500,11.9366572500,12.4671753500,31782862,515547322.6200,13.222400,3.459100
2023-09-25,12.4292812000,12.7703285500,12.3080199200,12.5581213100,30371813,502192791.0200,12.658000,0.729500
2023-09-26,12.2852834300,12.3838082200,12.0124455500,12.0200243800,23176166,371703657.6400,9.659100,-4.284900
2023-09-27,12.0200243800,12.0427608700,11.6486617100,11.6713982000,18296593,284221392.7500,7.625400,-2.900400
2023-09-28,11.7471865000,12.4899118400,11.7168711800,12.3762293900,25808307,414088212.8800,10.756000,6.039000
2023-10-09,12.7930650400,13.2856889900,12.4520176900,12.9673781300,35053113,594117431.5000,14.609000,4.776500
2023-10-10,12.9597993000,13.2477948400,12.8385380200,13.0583240900,26720353,460321103.5200,11.136200,0.701300
2023-10-11,13.1113759000,14.3618828500,12.9976934500,14.3618828500,47252056,863548277.6700,19.693100,9.982600
2023-10-12,14.6347207300,15.3319730900,13.6873669800,14.2027274200,72678074,1375997328.0000,30.289800,-1.108200
2023-10-13,14.2330427400,15.6199686300,14.0890449700,15.6199686300,57363285,1140873729.1000,23.907100,9.978700
2023-10-16,16.1429079000,17.1812076100,15.6123898000,15.9079641700,91445144,1989567874.6100,38.111300,1.843800
2023-10-17,14.3164098700,15.3092366000,14.3164098700,14.6119842400,61407106,1199851306.9900,25.592400,-8.146700
2023-10-18,14.6119842400,14.6650360500,13.8465224100,14.3997770000,44369152,835627619.5200,18.491600,-1.452300
2023-10-19,14.1724121000,14.7787185000,13.5585268700,13.6115786800,46582942,862069299.0200,19.414200,-5.473700
2023-10-20,13.3387408000,14.0056778400,13.2477948400,13.2629525000,29983299,534342684.8600,12.496000,-2.561200
2023-10-23,13.6418940000,14.5892477500,13.6418940000,14.5892477500,13119444,249096155.4300,5.467700,10.000000
2023-10-24,15.3547095800,15.5214438400,14.4149346600,14.5361959400,62422969,1227670141.1600,26.015800,-0.363600
2023-10-25,14.3846193400,15.3395519200,14.1420967800,15.0060834000,52308239,1021752155.9700,21.800300,3.232500
2023-10-26,14.5816689200,16.3702728000,14.5816689200,15.7412299100,58961725,1207307115.3400,24.573300,4.899000
2023-10-27,15.3698672400,15.5896533100,14.7862973300,15.2182906400,36705967,734194220.5700,15.297800,-3.322100
2023-10-30,14.7787185000,15.2107118100,14.3846193400,15.1576600000,31424404,611296700.8900,13.096700,-0.398400
2023-10-31,15.1197658500,15.1349235100,14.1724121000,14.4376711500,29678923,573468669.4400,12.369200,-4.750000
2023-11-01,14.4073558300,14.6801937100,13.9450472000,14.0435719900,23443649,439084684.6000,9.770500,-2.729700
2023-11-02,13.9829413500,14.0814661400,13.3993714400,13.4372655900,27171034,488534386.0500,11.324000,-4.317300
2023-11-03,13.5282115500,13.6873669800,13.2705313300,13.5585268700,19427769,346734639.1700,8.096900,0.902400
2023-11-06,13.7025246400,14.0663084800,13.4903174000,14.0284143300,24056632,438538869.0600,10.026000,3.465600
2023-11-07,13.9450472000,14.3543040200,13.8086282600,14.2936733800,25875794,481343023.7700,10.784200,1.890900
2023-11-08,14.1420967800,14.2936733800,13.8162070900,14.0966238000,24974475,463378263.4700,10.408500,-1.378600
2023-11-09,13.9905201800,14.2330427400,13.8010494300,13.8919953900,16555967,304514715.3300,6.900000,-1.451600
2023-11-10,13.9374683700,14.0132566700,13.6343151700,13.6646304900,14550717,264436368.1500,6.064300,-1.636700
2023-11-13,13.7176823000,14.1572544400,13.7025246400,14.1345179500,20389765,376456279.0300,8.497800,3.438700
2023-11-14,14.1648332700,14.6271419000,14.0966238000,14.6271419000,30429708,581901305.6800,12.682100,3.485300
2023-11-15,14.7635608400,14.8090338200,14.2936733800,14.5210382800,21356687,407720360.0600,8.900800,-0.725400
2023-11-16,14.4755653000,14.6119842400,14.3315675300,14.3997770000,14605884,278686047.4000,6.087200,-0.835100
2023-11-17,14.4225134900,14.4452499800,14.0966238000,14.4225134900,15096073,284310465.0300,6.291500,0.157900
2023-11-20,14.4225134900,14.4300923200,14.0663084800,14.1799909300,14578704,273003598.8700,6.075900,-1.681600
2023-11-21,14.2785157200,15.0288198900,14.2482004000,14.7559820100,39086743,755436482.9500,16.290100,4.062000
2023-11-22,14.4983017900,14.4983017900,13.7555764500,14.0208355000,23232159,435432683.0600,9.682400,-4.982000
2023-11-23,14.0814661400,14.1117814600,13.4903174000,13.7176823000,16913284,306350177.3200,7.048900,-2.162200
2023-11-24,13.9450472000,14.0359931600,13.3084254800,13.4296867600,14872465,266061000.6800,6.198400,-2.099400
2023-11-27,13.2932678200,13.5888421900,13.2326371800,13.5509480400,10731781,190374366.7200,4.472700,0.902900
2023-11-28,13.5433692100,13.6570516600,12.9067474900,13.0734817500,18971504,329571187.7000,7.906700,-3.523500
2023-11-29,13.0052722800,13.1720065400,12.8991686600,13.0734817500,9438459,162734347.5500,3.933600,0.000000
2023-11-30,13.1644277100,13.2250583500,12.8612745100,13.1341123900,10195024,175630911.8600,4.248900,0.463800
2023-12-01,13.0052722800,13.6873669800,13.0052722800,13.6494728300,19263343,343395217.4200,8.028300,3.923800
2023-12-04,13.5964210200,13.7101034700,13.3311619700,13.4448444200,13788702,244857039.8800,5.746700,-1.499200
2023-12-05,13.3842137800,13.3842137800,12.8385380200,12.8385380200,13411455,230608970.2400,5.589500,-4.509600
2023-12-06,12.7703285500,12.8461168500,12.5808578000,12.6869614200,9991972,167263203.5900,4.164300,-1.180600
2023-12-07,12.6642249300,12.9446416400,12.5960154600,12.8082227000,8909400,150642683.0600,3.713100,0.955800
2023-12-08,12.7551708900,13.2326371800,12.7551708900,13.1113759000,13587534,234789876.7600,5.662800,2.366900
2023-12-11,13.1492700500,13.1492700500,12.7096979100,13.0204299400,11327667,192400474.9200,4.721000,-0.693600
2023-12-12,13.0734817500,13.3084254800,13.0128511100,13.1037970700,8452838,146486243.5400,3.522900,0.640300
2023-12-13,13.0734817500,13.1720065400,12.8233803600,12.8309591900,7231880,123201848.8000,3.014000,-2.082100
2023-12-14,12.9294839800,13.1113759000,12.8158015300,12.8385380200,7330200,125398769.8600,3.055000,0.059100
2023-12-15,12.8385380200,12.9294839800,12.5808578000,12.6035942900,8136088,135953328.4700,3.390900,-1.830000
2023-12-18,12.5657001400,12.6263307800,12.3534929000,12.3913870500,6352980,104547545.7000,2.647700,-1.683700
2023-12-19,12.3610717300,12.4823330100,12.2549681100,12.4595965200,5412302,88426131.4400,2.255700,0.550500
2023-12-20,12.4595965200,12.5278059900,12.1261280000,12.1488644900,6295461,102093351.8100,2.623700,-2.493900
2023-12-21,12.1337068300,12.4368600300,11.9745514000,12.2928622600,6832052,109898850.4600,2.847400,1.185300
2023-12-22,12.2777046000,12.4141235400,12.0200243800,12.0730761900,6154683,99164278.2500,2.565100,-1.787900
2023-12-25,12.1716009800,12.2322316200,11.9518149100,12.1109703400,4202596,66909253.8900,1.751500,0.313900
2023-12-26,12.2019163000,12.2094951300,11.7775018200,11.8305536300,4752500,74641160.0000,1.980700,-2.315400
2023-12-27,11.8760266100,12.3155987500,11.8381324600,12.2625469400,7625400,122026118.0600,3.178000,3.651500
2023-12-28,12.2549681100,12.5050695000,12.1109703400,12.4065447100,7657300,124846355.1800,3.191300,1.174300
2023-12-29,12.4065447100,12.7248555700,12.2852834300,12.7021190800,8228459,137066039.6600,3.429300,2.382400
2024-01-02,12.6339096100,12.8082227000,12.5505424800,12.5732789700,7276750,121153673.9200,3.032700,-1.014300
2024-01-03,12.5429636500,12.5808578000,12.3004410900,12.4444388600,5913500,96926607.7200,2.464600,-1.024700
2024-01-04,12.5278059900,12.6793825900,12.3610717300,12.4823330100,7068733,116952480.8100,2.946000,0.304500
2024-01-05,12.4899118400,12.4974906700,11.9063419300,11.9821302300,7904327,126665382.6800,3.294300,-4.007300
2024-01-08,12.0351820400,12.0351820400,11.6562405400,11.6562405400,5241689,81491309.9700,2.184600,-2.719800
2024-01-09,11.6865558600,11.8987631000,11.6031887300,11.6638193700,4565511,70728675.8700,1.902800,0.065000
2024-01-10,11.6486617100,11.6638193700,11.2772990400,11.4137179800,4465875,67529073.7500,1.861200,-2.144200
2024-01-11,11.4364544700,11.8153959700,11.3530873400,11.7775018200,6061088,93403316.7600,2.526100,3.187300
2024-01-12,11.7092923500,11.8002383100,11.5198216000,11.5652945800,4780200,73350128.5000,1.992200,-1.801800
2024-01-15,11.5577157500,11.6713982000,11.4364544700,11.5577157500,2878300,43899652.2500,1.199600,-0.065500
2024-01-16,11.5577157500,11.5577157500,11.2621413800,11.4212968100,4532550,67954622.0000,1.889000,-1.180300
2024-01-17,11.4895062800,11.4895062800,11.1636165900,11.1636165900,3699788,55292005.3600,1.541900,-2.256100
2024-01-18,11.1484589300,11.2924567000,10.9059363700,11.2772990400,6573753,96198681.0000,2.739700,1.018300
2024-01-19,11.2848778700,11.3985603200,11.0575129700,11.0575129700,4513973,66630262.0500,1.881300,-1.948900
2024-01-22,11.0575129700,11.1787742500,10.3147876300,10.4133124200,7441388,105445754.8200,3.101300,-5.825900
2024-01-23,10.3299452900,10.7543597700,10.3299452900,10.6255196600,5929068,82696232.1300,2.471000,2.037800
2024-01-24,10.6482561500,10.7619386000,10.2541569900,10.7240444500,6472600,90056686.0000,2.697600,0.927200
2024-01-25,10.8149904100,11.1408801000,10.5876255100,11.0954071200,8461970,122773791.0800,3.526700,3.462900
2024-01-26,11.0271976500,11.1711954200,10.8983575400,10.9210940300,6506000,94639243.0800,2.711500,-1.571000
2024-01-29,10.8907787100,10.9362516900,10.4208912500,10.4436277400,6829478,95291514.7600,2.846300,-4.372000
2024-01-30,10.3451029500,10.5648890200,10.0116344300,10.0419497500,5234114,70852668.1000,2.181400,-3.846200
2024-01-31,10.0343709200,10.1101592200,9.3901703700,9.4356433500,7893557,101073664.4300,3.289800,-6.037700
2024-02-01,9.3750127100,9.7463753800,9.2082784500,9.4735375000,7677827,96152514.6300,3.199900,0.401600
2024-02-02,9.4129068600,9.7387965500,8.5640779000,8.9354405700,9864465,118266224.9500,4.111200,-5.680000
2024-02-05,8.8293369500,8.8672311000,8.0411386300,8.0411386300,10017721,108751470.4200,4.175100,-10.008500
2024-02-06,7.7228277700,8.3139765100,7.2377826500,8.0562962900,15237956,154582925.0000,6.350700,0.188500
2024-02-07,7.9577715000,8.2685035300,7.5712511700,7.7683007500,16527692,173146114.8200,6.888200,-3.574800
2024-02-08,7.8668255400,8.5489202400,7.7683007500,8.5489202400,15067307,162985511.6400,6.279600,10.048800
2024-02-19,8.8672311000,9.4053280300,8.7990216300,9.4053280300,15140067,181258622.3400,6.309900,10.017700
2024-02-20,9.3901703700,9.7463753800,9.0263865300,9.5947987800,18027230,223629922.0500,7.513200,2.014500
2024-02-21,9.4053280300,9.9282673000,9.4053280300,9.5341681400,16347886,208729043.9100,6.813300,-0.631900
2024-02-22,9.7615330400,10.2314205000,9.6630082500,10.1404745400,19105937,251091088.1300,7.962700,6.359300
2024-02-23,10.4436277400,11.1560377600,10.2389993300,10.9589881800,28890068,410276081.9700,12.040400,8.071700
2024-02-26,10.5648890200,11.2166684000,10.4815218900,10.8983575400,25913679,371852259.5500,10.800000,-0.553300
2024-02-27,10.8528845600,11.7471865000,10.7240444500,11.7471865000,28036420,417671640.5400,11.684700,7.788600
2024-02-28,12.0048667200,12.2625469400,10.6027831700,10.7392021100,34526255,528529443.7100,14.389400,-8.580600
2024-02-29,10.6179408300,11.5198216000,10.6179408300,11.3985603200,24253169,359510770.9400,10.107900,6.139700
2024-03-01,11.3682450000,11.6335040500,11.2848778700,11.5198216000,18505624,280037230.0600,7.712500,1.063800
2024-03-04,11.5198216000,11.7699229900,11.2242472300,11.5122427700,20141387,305516155.1000,8.394300,-0.065800
2024-03-05,11.3000355300,11.6335040500,11.2394048900,11.3379296800,15828478,238911128.8300,6.596800,-1.514200
2024-03-06,11.2394048900,12.4747541800,11.2090895700,11.8381324600,36357181,572387679.5200,15.152500,4.411800
2024-03-07,11.9063419300,11.9593937400,11.2848778700,11.3682450000,23255188,355215342.1600,9.692000,-3.969300
2024-03-08,11.4591909600,12.2625469400,11.4591909600,11.9290784200,26326074,411374723.6100,10.971800,4.933300
2024-03-11,11.7017135200,11.9669725700,11.6107675600,11.9290784200,16918965,263215955.7800,7.051300,0.000000
2024-03-12,11.8987631000,11.9593937400,11.6562405400,11.8002383100,12958753,201471571.9200,5.400800,-1.080100
2024-03-13,11.8002383100,11.9366572500,11.6865558600,11.7547653300,13609693,212394602.6300,5.672100,-0.385400
2024-03-14,11.7092923500,12.2928622600,11.5425580900,11.8381324600,18523770,288786806.8100,7.720100,0.709200
2024-03-15,11.8911842700,12.3383352400,11.5198216000,12.2094951300,24916078,394858140.7900,10.384200,3.137000
2024-03-18,12.1261280000,12.2170739600,12.0200243800,12.2019163000,20645812,330371982.3700,8.604500,-0.062100
2024-03-19,12.2094951300,12.6793825900,12.0503397000,12.5657001400,26431908,431654472.2000,11.015900,2.981400
2024-03-20,12.5050695000,13.1720065400,12.4292812000,13.1037970700,33360273,567412402.8300,13.903500,4.282300
2024-03-21,12.9673781300,12.9901146200,12.6566461000,12.7551708900,20522799,346364050.9900,8.553200,-2.660500
2024-03-22,12.6566461000,13.0507452600,12.2777046000,12.8233803600,24517779,410905230.0600,10.218200,0.534800
2024-03-25,12.8688533400,13.3387408000,12.2398104500,12.2701257700,22964946,389004778.5800,9.571000,-4.314400
2024-03-26,11.9442360800,12.4974906700,11.8457112900,11.9366572500,17197911,274788564.5300,7.167500,-2.717700
2024-03-27,11.8608689500,11.9366572500,11.2015107400,11.2166684000,15940473,241518315.0000,6.643500,-6.031700
2024-03-28,11.3303508500,12.3383352400,11.3303508500,12.3383352400,24083233,387435964.8800,10.037100,10.000000
2024-03-29,12.4671753500,13.5736845300,12.4671753500,13.5736845300,44564335,763651096.6300,18.572900,10.012300
2024-04-01,14.8469279700,14.8999797800,13.3538984600,13.5130538900,71448980,1322553650.2200,29.777600,-0.446700
2024-04-02,13.3538984600,13.8541012400,12.9749569600,13.2174795200,48191899,853684969.8900,20.084800,-2.187300
2024-04-03,12.8991686600,13.1795853700,12.4217023700,12.6187519500,30306442,506339711.9500,12.630700,-4.529800
2024-04-08,12.5050695000,13.5130538900,12.5050695000,13.1644277100,35137750,603065776.4600,14.644300,4.324300
2024-04-09,12.8840110000,12.9597993000,12.1261280000,12.4292812000,28472484,465827729.2700,11.866400,-5.584300
2024-04-10,12.2398104500,12.2777046000,11.5198216000,11.6486617100,21724234,337874208.1300,9.053900,-6.280500
2024-04-11,11.4440333000,11.9518149100,11.3758238300,11.5880310700,14202740,219697870.8500,5.919200,-0.520500
2024-04-12,11.5349792600,11.9745514000,11.5274004300,11.7471865000,16557795,257847230.0200,6.900700,1.373400
2024-04-15,11.5728734100,11.6941346900,10.7619386000,10.9589881800,19935679,293561356.5800,8.308500,-6.709700
2024-04-16,10.8907787100,11.1484589300,9.8600578300,9.8600578300,19296745,258307609.6300,8.042200,-10.027700
2024-04-17,9.9585826200,10.8453057300,9.9510037900,10.8453057300,14361798,200026056.7100,5.985500,9.992300
2024-04-18,10.9210940300,11.2545625500,10.8225692400,10.9968823300,21344787,310747852.6400,8.895800,1.397600
2024-04-19,10.9210940300,11.0575129700,10.6482561500,10.7316232800,12028616,171637957.1800,5.013100,-2.412100
2024-04-22,10.4587854000,10.5724678500,9.8676366600,10.4966795500,10685504,145580941.1700,4.453400,-2.189300
2024-04-23,10.6027831700,10.7467809400,10.4663642300,10.4966795500,8161089,114107267.9100,3.401300,0.000000
2024-04-24,10.5800466800,11.0650918000,10.5497313600,11.0499341400,13318391,191950117.6200,5.550700,5.270800
2024-04-25,10.9514093500,11.1105647800,10.8680422200,10.8907787100,9335200,135158720.0000,3.890600,-1.440300
2024-04-26,10.7770962600,11.4819274500,10.7770962600,11.3530873400,15824394,235938952.6400,6.595100,4.245000
2024-04-29,11.5198216000,11.6031887300,11.4212968100,11.5728734100,11885668,180838363.5800,4.953600,1.935900
2024-04-30,11.6562405400,11.7396076700,11.3303508500,11.4970851100,9604450,145975842.8900,4.002800,-0.654900
2024-05-06,11.5349792600,11.8002383100,11.5274004300,11.6486617100,8840075,135866057.2500,3.684300,1.318400
2024-05-07,11.6486617100,11.7699229900,11.4895062800,11.6941346900,10991121,169228817.4100,4.580700,0.390400
2024-05-08,11.5652945800,11.8532901200,11.3985603200,11.4591909600,9248255,141231324.0800,3.854400,-2.009100
2024-05-09,11.5501369200,11.6183463900,11.4667697900,11.5046639400,6977512,106082109.3100,2.908000,0.396800
2024-05-10,11.5880310700,11.6031887300,11.2318260600,11.2848778700,7228350,108132133.0000,3.012500,-1.910400
2024-05-13,11.1408801000,11.1636165900,10.7998327500,10.8453057300,8753113,126359764.0400,3.648000,-3.895200
2024-05-14,10.9665670100,11.1029859500,10.7770962600,10.9135152000,6133550,88568668.2500,2.556300,0.628900
2024-05-15,10.8907787100,11.0878282900,10.7695174300,10.8528845600,5416369,78140100.8400,2.257400,-0.555600
2024-05-16,10.9514093500,11.2924567000,10.9135152000,11.0044611600,9647642,141132432.4800,4.020800,1.396600
2024-05-17,10.9893035000,11.5728734100,10.9589881800,11.3682450000,15089843,225312108.5800,6.288900,3.305800
2024-05-20,11.2394048900,11.3455085100,11.0575129700,11.3000355300,10614186,157313048.5200,4.423600,-0.600000
2024-05-21,11.2545625500,11.5274004300,11.1787742500,11.3606661700,9919431,148319837.4300,4.134100,0.536600
2024-05-22,11.2166684000,11.5274004300,11.1333012700,11.3834026600,9106492,136234834.9000,3.795300,0.200100
2024-05-23,11.3606661700,11.5577157500,11.2621413800,11.2924567000,13166468,198215854.2000,5.487300,-0.798900
2024-05-24,11.1408801000,11.4137179800,10.9210940300,10.9741458400,12481128,183100645.1600,5.201700,-2.818800
2024-05-27,10.9286728600,11.0499341400,10.5724678500,10.9059363700,9396099,133032381.4000,3.916000,-0.621500
2024-05-28,10.8301480700,10.9059363700,10.6103620000,10.6406773200,6291081,88835659.7900,2.621900,-2.432200
2024-05-29,10.8301480700,10.9286728600,10.4891007200,10.5345737000,6897355,97129619.8900,2.874600,-0.997200
2024-05-30,10.4512065700,10.7998327500,10.2541569900,10.6255196600,8265600,116066070.5000,3.444800,0.863300
2024-05-31,10.5345737000,10.9893035000,10.5345737000,10.8528845600,9820200,140362718.0000,4.092700,2.139800
2024-06-03,10.8301480700,11.4895062800,10.7543597700,11.4364544700,23641987,349804113.6200,9.853200,5.377100
2024-06-04,11.2166684000,11.4137179800,10.8453057300,11.1181436100,18112031,264572305.1100,7.548500,-2.783300
2024-06-05,11.1029859500,11.2697202100,10.7619386000,10.8528845600,11304896,164666229.1700,4.711500,-2.385800
2024-06-06,10.7770962600,11.0499341400,10.3147876300,10.3299452900,12286652,171811080.6500,5.120700,-4.818400
2024-06-07,10.4208912500,10.6558349800,10.1935263500,10.4739430600,8339546,114847297.5000,3.475600,1.394000
2024-06-11,10.4208912500,10.5876255100,10.1556322000,10.5573101900,6529250,89820591.0000,2.721200,0.795900
2024-06-12,10.5952043400,10.8149904100,10.5573101900,10.7467809400,7406020,104806065.8400,3.086600,1.794700
2024-06-13,10.7467809400,10.8756210500,10.7088867900,10.7543597700,6159392,87626526.6500,2.567000,0.070500
2024-06-14,10.6785714700,11.0271976500,10.6785714700,10.9817246700,9726059,140149460.3200,4.053500,2.114200
2024-06-17,10.8604633900,11.0347764800,10.7695174300,10.8453057300,8303856,118980782.1600,3.460800,-1.242200
2024-06-18,10.8652793600,11.2347787500,10.7654146600,11.1648734600,14933497,165924599.6200,4.790500,2.946600
2024-06-19,11.1648734600,11.2747246300,11.0550222900,11.0650087600,10679996,119138463.6900,3.426000,-0.894500
2024-06-20,10.9851170000,11.0450358200,10.5457123200,10.5856582000,10570034,113656110.4600,3.390800,-4.332100
2024-06-21,10.5556987900,10.9451711200,10.2760776300,10.7054958400,10251600,108410849.0000,3.288600,1.132100
2024-06-24,10.5856582000,10.6056311400,10.0663617600,10.0963211700,9826080,101331425.7000,3.152100,-5.690300
2024-06-25,10.1961858700,10.2960505700,9.8266864800,9.9964564700,8198943,82277489.1100,2.630100,-0.989100
2024-06-26,9.9964564700,10.4558340900,9.8866053000,10.4059017400,8655090,88568091.7500,2.776500,4.095900
2024-06-27,10.3659558600,10.4957799700,10.1462535200,10.1662264600,7189900,74269057.5000,2.306500,-2.303300
2024-06-28,10.1462535200,10.6056311400,10.1063076400,10.4258746800,10173391,106631542.1700,3.263500,2.554000
2024-07-01,10.4857935000,10.5656852600,10.2161588100,10.4358611500,7144648,74247507.9200,2.291900,0.095800
2024-07-02,10.3859288000,10.5257393800,10.2361317500,10.3260099800,5617983,58440665.4100,1.802200,-1.052600
2024-07-03,10.4458476200,10.6355905500,10.1262805800,10.2561046900,8733995,90185196.8700,2.801800,-0.677000
2024-07-04,10.1662264600,10.4158882100,9.9664970600,9.9864700000,7069920,71777229.4000,2.268000,-2.629000
2024-07-05,9.9065782400,10.1063076400,9.8067135400,10.0264158800,5473703,54564932.4900,1.755900,0.400000
2024-07-08,10.0064429400,10.0164294100,9.5670382600,9.5870112000,6923315,67342104.8500,2.220900,-4.382500
2024-07-09,9.5670382600,10.3060370400,9.5370788500,10.2261452800,11989181,119426065.4900,3.846000,6.666700
2024-07-10,10.1861994000,10.2760776300,10.0463888200,10.0863347000,6107125,62164367.0500,1.959100,-1.367200
2024-07-11,10.3160235100,10.4258746800,10.1961858700,10.3160235100,7384410,76136323.2500,2.368800,2.277200
2024-07-12,10.4158882100,10.4258746800,10.1861994000,10.2261452800,5707760,58618576.5000,1.831000,-0.871200
2024-07-15,10.1362670500,10.2660911600,9.9964564700,10.0264158800,5345330,53962839.2000,1.714700,-1.953100
2024-07-16,10.0264158800,10.3659558600,9.9465241200,10.2760776300,7432080,75748249.5900,2.384100,2.490000
2024-07-17,10.2760776300,10.2760776300,9.8866053000,9.8866053000,7690972,77119168.6000,2.467200,-3.790100
2024-07-18,9.7567811900,9.8965917700,9.4671735600,9.7767541300,8190005,78904660.9000,2.627300,-1.111100
2024-07-19,9.7867406000,9.9065782400,9.6968623700,9.8366729500,4761206,46830279.8600,1.527400,0.612900
2024-07-22,9.7467947200,10.1162941100,9.7467947200,10.0064429400,6615262,66185506.8300,2.122100,1.725900
2024-07-23,10.0364023500,10.0963211700,9.7268217800,9.7268217800,5388760,53349759.5000,1.728700,-2.794400
2024-07-24,9.7268217800,10.1462535200,9.6669029600,9.8167000100,9978526,99175535.8900,3.201000,0.924000
2024-07-25,9.6868759000,9.9165647100,9.5270923800,9.7368082500,7030677,68268169.8800,2.255400,-0.813800
2024-07-26,9.7168353100,10.0264158800,9.6868759000,9.9365376500,6815575,67771963.1000,2.186400,2.051300
2024-07-29,9.9764835300,10.3959152700,9.8866053000,10.2061723400,12135729,124398542.6200,3.893000,2.713600
2024-07-30,10.1162941100,10.4158882100,10.0663617600,10.3060370400,10055778,103486562.6900,3.225800,0.978500
2024-07-31,10.2860641000,10.4857935000,10.2561046900,10.4558340900,11299527,117600397.1300,3.624800,1.453500
2024-08-01,10.4558340900,10.6156176100,10.4158882100,10.5457123200,9980004,105281638.8500,3.201500,0.859600
2024-08-02,10.5357258500,10.7454417200,10.2760776300,10.3359964500,9459521,99024576.2500,3.034500,-1.988600
2024-08-05,10.1861994000,10.3359964500,9.8366729500,9.8366729500,9910696,99910996.2000,3.179300,-4.830900
2024-08-06,9.9664970600,10.1162941100,9.8666323600,9.9964564700,6510125,65004930.9000,2.088400,1.624400
2024-08-07,10.1262805800,10.9951034700,10.1262805800,10.9951034700,27401975,295128730.8400,8.790300,9.990000
2024-08-08,10.9951034700,11.5243863800,10.7754011300,10.8253334800,48774800,543103706.0700,15.646500,-1.544100
2024-08-09,10.7154823100,11.7840346000,10.7154823100,11.3845758000,49604822,562576803.7300,15.912800,5.166100
2024-08-12,11.1848464000,11.2347787500,10.8453064200,10.9451711200,26442987,290412028.7800,8.482700,-3.859600
2024-08-13,10.8253334800,10.9351846500,10.5856582000,10.7654146600,17133722,184105868.4000,5.496300,-1.642300
2024-08-14,10.9251981800,11.2747246300,10.6455770200,11.1948328700,31861067,352046524.5100,10.220700,3.988900
2024-08-15,11.0350493500,11.7341022500,10.9351846500,11.4345081500,35649584,406569756.8000,11.436100,2.140900
2024-08-16,11.3246569800,11.5343728500,11.1349140500,11.1449005200,26299265,296974979.1200,8.436600,-2.532800
2024-08-19,11.1149411100,11.3446299200,10.9152117100,10.9951034700,17841572,197657475.5400,5.723400,-1.344100
2024-08-20,10.9351846500,11.0350493500,10.6355905500,10.7154823100,13782739,148396354.3100,4.421400,-2.543100
2024-08-21,10.7853876000,11.0250628800,10.6156176100,10.6555634900,14335455,154938011.1500,4.598700,-0.559200
2024-08-22,10.5956446700,10.7354552500,10.1462535200,10.2061723400,17606785,182838011.7000,5.648100,-4.217400
2024-08-23,10.2061723400,10.4258746800,9.9864700000,10.2960505700,12305653,126232797.3600,3.947500,0.880600
2024-08-26,10.2960505700,10.6156176100,10.1562399900,10.4158882100,11874921,123434895.9100,3.809400,1.163900
2024-08-27,10.3459829200,10.3659558600,9.9365376500,9.9664970600,10716755,107957645.4500,3.437800,-4.314500
2024-08-28,9.8866053000,10.0763482300,9.7767541300,9.9565105900,6830080,67894676.2000,2.191000,-0.100200
2024-08-29,9.9265511800,10.1762129300,9.7867406000,10.0863347000,7330140,73618447.8000,2.351400,1.303900
2024-08-30,10.1462535200,10.9851170000,10.0064429400,10.6755364300,20823180,222090140.4600,6.645200,5.841600
2024-09-02,10.6355905500,10.7154823100,10.3060370400,10.3359964500,10713390,112800546.9000,3.418900,-3.180500
2024-09-03,10.3359964500,10.6855229000,10.2860641000,10.6655499600,14485195,152736892.9000,4.622600,3.188400
2024-09-04,10.5357258500,10.6855229000,10.4059017400,10.5157529100,9759895,102796650.9000,3.114600,-1.404500
2024-09-05,10.4758070300,10.6355905500,10.3959152700,10.5756717300,7994990,84218195.5500,2.551400,0.569800
2024-09-06,10.4957799700,10.5856582000,10.2361317500,10.2361317500,8327905,86297830.0000,2.657600,-3.210600
2024-09-09,10.2860641000,10.4158882100,10.0963211700,10.2261452800,7064090,72492502.7500,2.254300,-0.097600
2024-09-10,10.2860641000,11.2347787500,10.0364023500,10.8453064200,21634726,231624378.0600,6.904100,6.054700
2024-09-11,10.8453064200,10.9851170000,10.6455770200,10.7754011300,13239159,143272871.2800,4.224900,-0.644600
2024-09-12,10.8253334800,11.0749952300,10.5357258500,10.5656852600,11457323,122751315.3500,3.656300,-1.946200
2024-09-13,10.6156176100,10.7953740700,10.3859288000,10.3859288000,10099720,106521910.8000,3.223100,-1.701300
2024-09-18,10.4358611500,10.7354552500,10.2261452800,10.6156176100,13763113,145089430.9200,4.392100,2.211500
2024-09-19,10.6655499600,10.8253334800,10.4857935000,10.7354552500,16161880,173074159.6500,5.157600,1.128900
2024-09-20,10.7554281900,10.9551575900,10.6955093700,10.8852523000,19462896,211198966.3500,6.211100,1.395300
2024-09-23,10.8852523000,11.0350493500,10.7554281900,10.8253334800,16707579,182079433.5000,5.331800,-0.550500
2024-09-24,10.7853876000,11.0050899400,10.5856582000,11.0050899400,20456941,222195793.9800,6.528300,1.660500
2024-09-25,11.0849817000,11.2447652200,10.8552928900,11.1049546400,26879345,298323023.3200,8.577800,0.907400
2024-09-26,10.9751305300,11.2148058100,10.8952387700,11.2148058100,20001097,222040687.1600,6.382800,0.989200
2024-09-27,11.2547516900,11.8339669500,11.1848464000,11.6941563700,30142232,347269682.0800,9.619100,4.274300
2024-09-30,12.1335610500,12.8226274800,11.7940210700,12.7527221900,40558938,501902209.0900,12.943300,9.052100
2024-10-08,14.0210038800,14.0210038800,12.6728304300,13.7813286000,46430465,627884086.4800,14.817000,8.065800
2024-10-09,13.1122351100,13.8412474200,12.8126410100,12.9923974700,39042381,515443228.7100,12.459300,-5.724600
2024-10-10,13.1821404000,13.3219509800,12.5829522000,12.6328845500,20553957,264794960.7300,6.559200,-2.767100
2024-10-11,12.5629792600,12.5629792600,11.6442240200,11.8539398900,16390803,198054400.4600,5.230700,-6.166000
2024-10-14,11.7940210700,12.1635204600,11.7640616600,12.1235745800,13867870,166695404.8300,4.425600,2.274600
2024-10-15,12.1834934000,12.4830875000,11.9737775300,11.9837640000,16064257,197092233.9600,5.119200,-1.153200
2024-10-16,11.7041428400,12.0436828200,11.6941563700,11.8938857700,9589836,113983578.2700,3.056000,-0.750000
2024-10-17,11.9737775300,12.3133175100,11.9737775300,12.0436828200,14652805,178126620.6000,4.669400,1.259400
2024-10-18,11.9238451800,12.6628439600,11.8639263600,12.4031957400,21708232,269243625.3900,6.917700,2.985100
2024-10-21,12.4331551500,13.0822757000,12.4331551500,12.8625733600,24930563,319709062.4000,7.944600,3.703700
2024-10-22,13.0822757000,13.1721539300,12.6228980800,12.8026545400,19924029,255973825.2500,6.349200,-0.465800
2024-10-23,12.7127763100,14.0509632900,12.6528574900,13.5316668500,46027566,620331186.3400,14.667500,5.694200
2024-10-24,13.5416533200,13.9111527100,13.2820051000,13.4218156800,40520113,551077854.0900,12.912500,-0.811800
2024-10-25,13.4218156800,13.9411121200,13.4118292100,13.5815992000,29927193,410221168.1000,9.536900,1.190500
2024-10-28,13.6215450800,13.9610850600,13.5815992000,13.8811933000,27080145,373848341.7400,8.629600,2.205900
2024-10-29,13.9610850600,13.9810580000,13.4018427400,13.4118292100,26152194,356159527.5700,8.333900,-3.381300
2024-10-30,13.4018427400,13.8811933000,13.3019780400,13.7313962500,24862112,341373752.8900,7.922800,2.382700
2024-10-31,13.9211391800,14.2107468100,13.5815992000,13.8512338900,28450921,395838471.4700,9.066400,0.872700
2024-11-01,13.6814639000,13.7313962500,12.7327492500,12.7826816000,27636510,363221680.3200,8.806900,-7.714500
2024-11-04,12.7826816000,13.5116939100,12.7327492500,13.2919915700,17247105,227297815.4500,5.496100,3.984400
2024-11-05,13.1821404000,13.6714774300,13.1322080500,13.5815992000,18486390,249178931.7900,5.891000,2.178800
2024-11-06,13.7214097800,13.8412474200,13.3818698000,13.6415180200,19991095,273053272.1900,6.370500,0.441200
2024-11-07,13.5616262600,13.9411121200,13.3718833300,13.8013015400,17918492,246049401.3800,5.710100,1.171300
2024-11-08,14.1008956400,15.1794344000,14.0309903500,15.1794344000,43361431,648818508.9200,13.817900,9.985500
2024-11-11,15.1794344000,16.6973778400,14.8099350100,16.6973778400,86435370,1365572083.1900,27.544200,10.000000
2024-11-12,17.1867148700,18.0455512900,15.9583790600,16.2779461000,82252621,1405771071.0900,26.211300,-2.512000
2024-11-13,16.3578378600,17.5062819100,16.2679596300,16.5375943200,52621261,886787361.7000,16.768700,1.595100
2024-11-14,16.0782167000,16.3678243300,15.2693126300,15.3392179200,38680495,610304909.6900,12.326300,-7.246400
2024-11-15,15.5589202600,16.0981896400,15.2792991000,15.5089879100,37199460,584957851.9500,11.854300,1.106800
2024-11-18,15.5189743800,15.6288255500,14.3605438600,14.8998132400,28253685,420905057.6500,9.003600,-3.927900
2024-11-19,14.9197861800,15.2193802800,14.5802462000,15.2093938100,21576556,323013725.6200,6.875800,2.077700
2024-11-20,15.3791638000,16.7273372500,15.2792991000,16.7273372500,44790117,725787923.7700,14.273200,9.980300
2024-11-21,17.3664713300,18.4050642100,16.8771343000,18.4050642100,84498864,1482324133.3800,26.927100,10.029900
2024-11-22,18.0455512900,18.3451453900,17.0768637000,17.6261195500,58116219,1024631458.8600,18.519800,-4.232200
2024-11-25,17.1267960500,17.2566201600,15.9783520000,16.5475807900,37389863,612171724.3400,11.915000,-6.119000
2024-11-26,17.0568907600,17.1667419300,16.5475807900,17.0768637000,37399493,631716886.0700,11.918000,3.198600
2024-11-27,16.5775402000,17.0568907600,15.8884737700,17.0469042900,30804415,511062575.8900,9.816400,-0.175400
2024-11-28,17.2366472200,17.3564848600,16.6774049000,17.0069584100,27107874,459690973.5000,8.638400,-0.234300
2024-11-29,16.9070937100,16.9270666500,16.2879325700,16.5076349100,27798503,462145582.4600,8.858500,-2.936000
2024-12-02,16.5375943200,16.9769990000,16.4277431500,16.8371884200,23536950,393585700.2200,7.500500,1.996400
2024-12-03,16.9370531200,16.9470395900,16.1780814000,16.4077702100,20968572,345078783.8800,6.682000,-2.550400
2024-12-04,16.2879325700,16.4976484400,15.9783520000,16.2979190400,16294996,264306460.6500,5.192700,-0.669500
2024-12-05,16.1780814000,16.4577025600,16.0382708200,16.3478513900,14841727,241465792.8200,4.729600,0.306400
2024-12-06,16.3678243300,16.6274725500,16.2679596300,16.3478513900,16549344,272285971.3400,5.273800,0.000000
2024-12-09,16.3478513900,16.3478513900,15.6987308400,16.0083114100,16834421,268607377.4300,5.364600,-2.077000
2024-12-10,16.4776755000,16.7073643100,16.0682302300,16.3278784500,23368990,382653407.5000,7.447000,1.996300
2024-12-11,16.1780814000,16.5375943200,16.1281490500,16.3578378600,16203180,264523402.2500,5.163400,0.183500
2024-12-12,16.3578378600,16.5276078500,16.0682302300,16.3478513900,15984195,261007363.2000,5.093700,-0.061100
2024-12-13,16.2280137500,16.4776755000,15.8984602400,16.0582437600,16744155,269764345.6500,5.335800,-1.771500
2024-12-16,15.8085820100,15.9783520000,15.3292314500,15.5888796700,17220728,268919731.4900,5.487700,-2.922900
2024-12-17,15.4890149700,15.8585143600,15.0096644100,15.2393532200,14350868,220398486.8200,4.573200,-2.242200
2024-12-18,15.2693126300,15.3891502700,14.8798403000,15.2792991000,11906620,180829041.7000,3.794300,0.262100
2024-12-19,15.0595967600,15.4790285000,15.0196508800,15.3791638000,14317023,219421670.4300,4.562400,0.653600
2024-12-20,15.2792991000,15.9084467100,15.1095291100,15.6288255500,16395761,255514765.8300,5.224800,1.623400
2024-12-23,15.6288255500,15.7286902500,14.8898267700,15.0795697000,14691816,223823302.6900,4.681800,-3.514400
2024-12-24,15.0595967600,15.1694479300,14.6801109000,15.1095291100,13336315,199900827.2000,4.249900,0.198700
2024-12-25,15.0096644100,15.0196508800,14.6102056100,14.9097997100,10975360,162548352.9500,3.497500,-1.321900
2024-12-26,14.8498808900,15.4290961500,14.7799756000,15.3791638000,22811755,348513588.5500,7.269400,3.148000
2024-12-27,15.3991367400,16.0882031700,15.2493396900,16.0682302300,36086933,568911501.0800,11.499800,4.480500
2024-12-30,15.7786226000,15.9883384700,15.4490690900,15.6987308400,20064218,315577080.5200,6.393800,-2.299600
2024-12-31,15.6987308400,15.7786226000,14.6900973700,14.8598673600,17580727,266238897.7300,5.602400,-5.343500
2025-01-02,14.7000838400,14.9697185300,13.9910444700,14.2407062200,14971447,216104687.6800,4.770900,-4.166700
2025-01-03,14.1708009300,14.3405709200,13.1322080500,13.1521809900,15338768,208492567.5100,4.888000,-7.643800
2025-01-06,13.3818698000,13.8712068300,13.1322080500,13.3519103900,12613055,169527434.6500,4.019400,1.518600
2025-01-07,13.4817345000,13.7413827200,13.2620321600,13.7214097800,11468920,154975514.5000,3.654800,2.767400
2025-01-08,13.6914503700,13.9411121200,13.0323433500,13.8013015400,14813117,200708150.9700,4.720500,0.582200
2025-01-09,13.6315315500,14.2606791600,13.6015721400,14.2506926900,15953305,224224079.2100,5.083800,3.256200
2025-01-10,14.1108821100,14.2407062200,13.6515044900,13.8512338900,12183170,169842205.1000,3.882400,-2.803100
2025-01-13,13.4417886200,13.7613556600,13.2120998100,13.5716127300,7039384,95218323.4600,2.243200,-2.018700
2025-01-14,13.6115586100,14.1608144600,13.4517750900,14.1208685800,17835965,247468904.6800,5.683800,4.047100
2025-01-15,14.0309903500,14.2407062200,13.8712068300,13.9311256500,11041300,155302248.8000,3.518500,-1.343700
2025-01-16,13.9910444700,14.1807874000,13.7313962500,13.9910444700,10365437,144802387.0300,3.303100,0.430100
2025-01-17,13.9910444700,14.6201920800,13.8811933000,14.2606791600,17146799,245542535.0900,5.464100,1.927200
2025-01-20,14.3305844500,14.8498808900,14.2506926900,14.6401650200,17149543,250149482.0200,5.465000,2.661100
2025-01-21,14.6102056100,14.6801109000,14.1608144600,14.4604085600,13841825,199330591.9800,4.411000,-1.227800
2025-01-22,14.3605438600,15.0795697000,14.3605438600,14.5802462000,18217433,269283255.4700,5.805300,0.828700
2025-01-23,14.6801109000,15.0296373500,14.3805168000,14.3805168000,13787297,203107597.6800,4.393600,-1.369900
2025-01-24,14.2606791600,14.7799756000,14.1807874000,14.7799756000,13612017,199617768.5000,4.337700,2.777800
2025-01-27,14.7899620700,14.7899620700,14.2606791600,14.2906385700,10392410,150365312.0000,3.311700,-3.310800
2025-02-05,14.1708009300,14.9197861800,13.9910444700,14.5602732600,11461918,165993457.2800,3.652600,1.886800
2025-02-06,14.5602732600,15.2593261600,14.4304491500,15.2493396900,18212843,273076513.9100,5.803900,4.732500
2025-02-07,15.1195155800,15.2693126300,14.8099350100,15.0795697000,24274580,366898032.9700,7.735500,-1.113300
2025-02-10,15.0695832300,15.2393532200,14.9497455900,15.1994073400,14670873,221936854.8200,4.675100,0.794700
2025-02-11,15.2193802800,15.2992720400,14.9896914700,15.0895561700,12679627,192091686.0100,4.040600,-0.722700
2025-02-12,15.0895561700,15.3492043900,15.0296373500,15.3392179200,14906892,226808798.5400,4.750400,1.654500
2025-02-13,15.3392179200,15.3392179200,14.9297726500,14.9797050000,10531300,158981905.2000,3.356000,-2.343800
2025-02-14,14.8698538300,15.1095291100,14.7899620700,15.0096644100,9177843,137281008.2800,2.924700,0.200000
2025-02-17,15.0396238200,15.1794344000,14.8798403000,15.0096644100,10926353,164640951.0400,3.481900,0.000000
2025-02-18,14.9397591200,15.0595967600,14.3006250400,14.3006250400,12473875,183233527.7500,3.975000,-4.723900
2025-02-19,14.4204626800,14.7500161900,14.3505573900,14.7500161900,10117240,147918752.9000,3.224000,3.142500
2025-02-20,14.7799756000,15.7985955400,14.6501514900,15.2992720400,27310971,418829340.7300,8.703100,3.723800
2025-02-21,15.3192449800,15.4990014400,15.0795697000,15.4590555600,20061028,307767106.4200,6.392800,1.044400
2025-02-24,15.5189743800,15.7786226000,15.1894208700,15.4890149700,15753677,243829078.5400,5.020200,0.193800
2025-02-25,15.2293667500,16.2280137500,15.1894208700,15.8585143600,32572012,518590904.9400,10.379700,2.385600
2025-02-26,15.9683655300,16.0282843500,15.6787579000,15.7985955400,20566542,325007126.8000,6.553900,-0.377800
2025-02-27,16.0882031700,16.0882031700,15.5089879100,15.7486631900,19373226,306484872.6800,6.173600,-0.316100
2025-02-28,15.6088526100,15.6587849600,14.8898267700,14.9497455900,14362292,219092956.1300,4.576800,-5.072900
2025-03-03,15.0496102900,15.1794344000,14.6002191400,14.7000838400,11620625,173134908.8800,3.703100,-1.670000
2025-03-04,14.5802462000,14.8498808900,14.5303138500,14.7799756000,8967383,132476029.9400,2.857600,0.543500
2025-03-05,15.0695832300,15.7486631900,15.0695832300,15.6388120200,28934871,446920586.3500,9.220600,5.810800
2025-03-06,15.6487984900,15.9783520000,15.5788932000,15.7985955400,28467450,451166305.2800,9.071700,1.021700
2025-03-07,15.8585143600,15.9384061200,15.4590555600,15.5788932000,17200157,270630055.1500,5.481100,-1.390600
2025-03-10,15.4790285000,15.6587849600,15.3392179200,15.4590555600,11932092,184887324.2700,3.802400,-0.769200
2025-03-11,15.1594614600,15.5089879100,15.1295020500,15.4690420300,9633231,147853711.9100,3.069800,0.064600
2025-03-12,15.5289608500,15.8784873000,15.4690420300,15.6088526100,13839960,216883376.3200,4.410400,0.903800
2025-03-13,15.8485278900,16.0582437600,15.3292314500,15.6288255500,18928200,297554346.9200,6.031800,0.128000
2025-03-14,15.5788932000,15.8385414200,15.3292314500,15.7486631900,14891557,233168689.1300,4.745500,0.766800
2025-03-17,15.7586496600,16.1381355200,15.6687714300,15.9783520000,20342290,325578120.4100,6.482400,1.458500
2025-03-18,16.0083114100,16.0282843500,15.7087173100,15.8185684800,12514084,198534412.2200,3.987800,-1.000000
2025-03-19,15.9683655300,17.3964307400,15.8784873000,16.0582437600,58426326,962798120.1600,18.618600,1.515200
2025-03-20,15.6288255500,15.9184331800,15.3392179200,15.6288255500,33509191,525199321.6900,10.678300,-2.674100
2025-03-21,15.3991367400,16.2180272800,15.2093938100,15.7187037800,33333601,527084072.9600,10.622400,0.575100
2025-03-24,15.7187037800,15.9583790600,14.7500161900,15.1394885200,26361090,403301011.0000,8.400500,-3.684900
2025-03-25,15.1594614600,15.3591908600,14.6102056100,14.6900973700,15350245,229561194.0900,4.891600,-2.968300
2025-03-26,14.7000838400,15.0595967600,14.6701244300,14.8798403000,10132229,151394606.6300,3.228800,1.291600
2025-03-27,14.8199214800,14.8798403000,14.3405709200,14.3605438600,14144172,205629597.8200,4.507300,-3.489900
2025-03-28,14.3405709200,14.4204626800,14.0609497600,14.1308550500,8814280,125354330.6000,2.808800,-1.599400
2025-03-31,14.0809227000,14.1807874000,13.6714774300,14.1108821100,9025862,125942083.7600,2.876300,-0.141300
2025-04-01,14.1608144600,14.2606791600,14.0509632900,14.0809227000,7115730,100967196.3400,2.267600,-0.212300
2025-04-02,14.0909091700,15.2293667500,14.0509632900,14.7699891300,26701782,397717715.4600,8.509000,4.893600
2025-04-03,14.6201920800,14.8398944200,14.3805168000,14.5802462000,11663030,170700123.4000,3.716600,-1.284700
2025-04-07,13.5815992000,13.7313962500,13.1222215800,13.1222215800,10068715,133425038.8900,3.208600,-10.000000
2025-04-08,12.6228980800,13.0722892300,11.8139940100,12.2034663400,23738697,291455540.7000,7.564800,-7.001500
2025-04-09,11.7840346000,12.7826816000,11.0849817000,12.6628439600,17131306,206510866.8800,5.459200,3.764300
2025-04-10,12.9624380600,13.2320727500,12.8326139500,12.8326139500,13573252,177188610.9400,4.325400,1.340700
2025-04-11,12.6528574900,13.2320727500,12.5929386700,13.0822757000,10891300,142396459.3000,3.470700,1.945500
2025-04-14,13.4417886200,13.5815992000,13.2720186300,13.3718833300,8898470,119319687.2000,2.835700,2.213700
2025-04-15,13.3818698000,13.4417886200,13.0722892300,13.2420592200,6857550,90786974.6000,2.185300,-0.970900
2025-04-16,13.1621674600,13.3918562700,12.7926680700,13.0323433500,7062465,92464966.1500,2.250600,-1.583700
2025-04-17,12.9324786500,13.3019780400,12.9125057100,13.1322080500,6539350,86214946.5000,2.083900,0.766300
2025-04-18,13.0922621700,14.4504220900,13.0922621700,14.4504220900,25832951,360613887.8700,8.232100,10.038000
2025-04-21,14.8798403000,15.5589202600,14.7799756000,14.8598673600,48869469,736922957.5200,15.573200,2.833400
2025-04-22,14.8698538300,14.9297726500,14.3705303300,14.3805168000,32253459,470790882.1600,10.278200,-3.225800
2025-04-23,14.3805168000,14.5802462000,14.2606791600,14.3805168000,20589224,296811060.0500,6.561100,0.000000
2025-04-24,14.1807874000,14.7100703100,14.0309903500,14.4803815000,25302094,364256417.9800,8.063000,0.694400
2025-04-25,14.3305844500,14.7600026600,14.3305844500,14.4903679700,20690575,302398836.2000,6.593400,0.069000
2025-04-28,14.3106115100,14.7300432500,14.3106115100,14.4703950300,15834535,230823900.3000,5.046000,-0.137800
2025-04-29,14.5103409100,14.7999485400,14.4304491500,14.4304491500,12663965,184745551.5500,4.035600,-0.276100
2025-04-30,14.4703950300,15.1295020500,14.3805168000,14.5602732600,19296001,282940612.9200,6.149000,0.899700
2025-05-06,14.5403003200,14.9996779400,14.5403003200,14.9996779400,24346445,362473568.2000,7.758400,3.017800
2025-05-07,15.2093938100,15.2792991000,14.7899620700,14.9597320600,18479535,277042881.1000,5.888800,-0.266300
2025-05-08,14.9297726500,15.3292314500,14.8798403000,15.2493396900,23179075,351451357.6000,7.386400,1.935900
2025-05-09,15.4290961500,15.8485278900,15.1095291100,15.4890149700,36112737,557954233.0000,11.508000,1.571700
2025-05-12,15.5689067300,16.1281490500,15.2792991000,16.0981896400,41350708,653468410.1500,13.177200,3.932900
2025-05-13,15.9783520000,15.9783520000,15.4790285000,15.5489337900,26431920,415382525.6300,8.423000,-3.411900
2025-05-14,15.4290961500,15.7386767200,15.3492043900,15.3891502700,17443668,270603663.7800,5.558700,-1.027600
2025-05-15,15.2293667500,15.3791638000,14.9996779400,15.0196508800,14749333,223083586.3000,4.700100,-2.401000
2025-05-16,15.0296373500,15.5988661400,14.9097997100,15.4191096800,17377927,266778717.5300,5.537800,2.659600
2025-05-19,15.3292314500,15.4191096800,15.0895561700,15.3691773300,10217750,156033031.2000,3.256100,-0.323800
2025-05-20,15.2792991000,15.4191096800,15.0695832300,15.2992720400,10381560,158127934.9000,3.308300,-0.454800
2025-05-21,15.2393532200,15.2792991000,14.9996779400,15.0196508800,10229720,154553737.8000,3.259900,-1.827700
2025-05-22,14.8998132400,15.1594614600,14.7600026600,14.8199214800,8807690,131613629.8000,2.806700,-1.329800
2025-05-23,14.8299079500,14.8998132400,14.3905032700,14.3905032700,10277255,150560357.2300,3.275000,-2.897600
2025-05-26,14.4204626800,14.7100703100,14.4104762100,14.6301785500,9755760,142443236.1000,3.108900,1.665500
2025-05-27,14.4104762100,14.4903679700,14.0309903500,14.3505573900,13064520,186108993.1700,4.163300,-1.911300
2025-05-28,14.3805168000,14.5303138500,14.2107468100,14.2806521000,5248065,75332241.8500,1.672400,-0.487100
2025-05-29,14.2806521000,14.6301785500,14.2806521000,14.5602732600,6630461,96376697.0100,2.112900,1.958000
2025-05-30,14.4604085600,14.5502867900,14.2606791600,14.2706656300,6265790,90067714.2500,1.996700,-1.989000
2025-06-03,14.3405709200,14.6501514900,14.2307197500,14.2806521000,6123852,88278339.8500,1.951500,0.070000
2025-06-04,14.3705303300,14.5502867900,14.3405709200,14.4604085600,7002190,101485252.7200,2.231400,1.258700
2025-06-05,14.3905032700,14.8199214800,14.3006250400,14.7600026600,11772570,172713695.1000,3.751500,2.071800
2025-06-06,14.6500000000,15.1100000000,14.6500000000,14.7000000000,8749095,129238338.0600,2.788100,-0.406500
2025-06-09,14.6900000000,14.9700000000,14.6100000000,14.8800000000,9352853,138565968.8500,2.980500,1.224500
2025-06-10,14.8800000000,14.9900000000,14.5000000000,14.6500000000,10159745,149539223.2500,3.237600,-1.545700
2025-06-11,14.6500000000,14.7500000000,14.5300000000,14.6200000000,6236980,91381155.8500,1.987500,-0.204800
2025-06-12,14.5100000000,15.1000000000,14.5000000000,14.8600000000,14828030,221007262.5700,4.725200,1.641600
2025-06-13,14.7200000000,14.8300000000,14.3300000000,14.3700000000,10319113,149864846.4700,3.288400,-3.297400
2025-06-16,14.3000000000,14.8000000000,14.2800000000,14.6300000000,8828064,129490027.7200,2.813200,1.809300
2025-06-17,14.6600000000,14.7500000000,14.4500000000,14.5400000000,5932831,86194927.2700,1.890600,-0.615200
2025-06-18,14.4700000000,14.5900000000,14.3800000000,14.5700000000,5297995,76814199.6300,1.688300,0.206300
2025-06-19,14.5200000000,14.7300000000,14.2200000000,14.2800000000,7334210,105764913.4000,2.337200,-1.990400
2025-06-20,14.2700000000,15.1000000000,13.8800000000,14.5900000000,24924428,362887394.6900,7.942600,2.170900
2025-06-23,14.2000000000,14.5400000000,13.9800000000,14.5000000000,14899846,213012036.3300,4.748100,-0.616900
2025-06-24,14.5300000000,15.0500000000,14.5100000000,14.9800000000,15765827,234313454.7600,5.024100,3.310300
2025-06-25,15.1400000000,15.4700000000,15.0000000000,15.1600000000,15927352,240762794.0800,5.075500,1.201600
2025-06-26,15.0800000000,15.3800000000,15.0000000000,15.2500000000,17499275,266341500.8200,5.576500,0.593700
2025-06-27,15.3900000000,15.6000000000,15.1900000000,15.4100000000,25357032,391714237.4200,8.080500,1.049200
2025-06-30,15.4000000000,15.6200000000,15.3600000000,15.4900000000,14392558,222872243.5200,4.586500,0.519100
2025-07-01,15.4800000000,15.4800000000,15.2300000000,15.3800000000,10150560,155883613.5000,3.234700,-0.710100
2025-07-02,15.3600000000,15.3600000000,15.0400000000,15.1800000000,8971230,135783499.3000,2.858800,-1.300400
2025-07-03,15.0800000000,15.5500000000,15.0800000000,15.4000000000,11623696,179036365.9400,3.704100,1.449300
2025-07-04,15.3000000000,15.6200000000,15.0500000000,15.0900000000,9772858,149107939.3200,3.114300,-2.013000
2025-07-07,15.0800000000,15.0800000000,14.7700000000,14.9300000000,7935437,118355390.2300,2.528800,-1.060300
2025-07-08,14.5100000000,14.9800000000,14.0100000000,14.8200000000,30225990,439740291.1000,9.632100,-0.736800
2025-07-09,14.7800000000,15.7700000000,14.7500000000,15.5300000000,35169895,541405279.5200,11.207500,4.790800
2025-07-10,15.8900000000,15.9600000000,15.3800000000,15.4500000000,22410431,349347729.5600,7.141500,-0.515100
2025-07-11,15.4000000000,15.5000000000,15.2000000000,15.2400000000,12138533,185723753.4200,3.868200,-1.359200
2025-07-14,15.1700000000,15.2800000000,15.0700000000,15.2500000000,9242206,140493952.3000,2.945200,0.065600
2025-07-15,15.2300000000,15.9900000000,15.2300000000,15.6400000000,33794647,530395479.9100,10.769300,2.557400
2025-07-16,15.5000000000,15.8500000000,15.5000000000,15.5900000000,19350770,302973930.0500,6.166500,-0.319700
2025-07-17,15.5000000000,16.0200000000,15.5000000000,15.9000000000,24653024,391181269.6100,7.856100,1.988500
2025-07-18,16.0000000000,16.2600000000,15.7700000000,15.9800000000,24901717,399150891.2900,7.935400,0.503100
2025-07-21,15.9700000000,15.9700000000,15.6700000000,15.8500000000,17455078,275596624.8800,5.562400,-0.813500
2025-07-22,15.7800000000,16.0600000000,15.6100000000,15.7400000000,15158505,239194138.1600,4.830500,-0.694000
2025-07-23,15.6700000000,15.7600000000,15.5100000000,15.6600000000,9537385,149186838.3600,3.039300,-0.508300
2025-07-24,15.6700000000,15.7500000000,15.5500000000,15.7000000000,13530220,211472967.7600,4.311700,0.255400
2025-07-25,15.7200000000,15.9000000000,15.5900000000,15.7500000000,11502168,181088892.0100,3.665400,0.318500
2025-07-28,15.7500000000,16.2500000000,15.7000000000,16.2000000000,23060066,369845577.6700,7.348500,2.857100
2025-07-29,16.1000000000,16.2600000000,15.9200000000,16.2500000000,14344455,230835970.2400,4.571100,0.308600
2025-07-30,16.4100000000,16.4300000000,15.8900000000,16.1200000000,16283139,261661534.0400,5.188900,-0.800000
2025-07-31,16.0500000000,16.5800000000,15.8700000000,15.9200000000,24433746,396560369.9400,7.786300,-1.240700
2025-08-01,15.8800000000,16.1800000000,15.8100000000,15.9700000000,13715560,219344374.1600,4.370700,0.314100
2025-08-04,15.9700000000,16.1800000000,15.8200000000,16.1200000000,10619542,170383821.9600,3.384100,0.939300
2025-08-05,16.1600000000,16.4700000000,16.1300000000,16.4000000000,18056484,294653706.5100,5.754000,1.737000
2025-08-06,16.4600000000,16.5600000000,16.2800000000,16.4700000000,14609596,240208585.3500,4.655600,0.426800
2025-08-07,16.8800000000,17.6700000000,16.6400000000,17.0600000000,44134673,756917532.6100,14.064300,3.582300
2025-08-08,17.1400000000,18.7700000000,17.0600000000,17.9000000000,94191430,1713398791.0400,30.015800,4.923800
2025-08-11,18.0200000000,18.5600000000,17.9500000000,18.2400000000,70409560,1281062178.1600,22.437300,1.899400
2025-08-12,18.0000000000,18.2500000000,17.6200000000,17.7300000000,38006448,679185032.0000,12.111500,-2.796100
2025-08-13,17.6100000000,18.2200000000,17.3400000000,17.8500000000,38375718,679711941.7500,12.229100,0.676800
2025-08-14,17.8500000000,17.9500000000,17.0900000000,17.1300000000,30768340,533002155.0800,9.804900,-4.033600
2025-08-15,17.1400000000,17.7200000000,17.0600000000,17.2700000000,28799175,499532131.8900,9.177400,0.817300
2025-08-18,17.2000000000,17.4600000000,17.0800000000,17.1700000000,31561585,544711270.0200,10.057700,-0.579000
2025-08-19,17.2000000000,17.8500000000,16.9500000000,17.5400000000,34000800,594643127.6900,10.835000,2.154900
2025-08-20,18.3000000000,19.2900000000,18.0200000000,19.2900000000,85272038,1614357915.2600,27.173500,9.977200
2025-08-21,19.0400000000,19.1300000000,18.1800000000,18.2500000000,75197281,1389280211.8000,23.963000,-5.391400
2025-08-22,18.5000000000,18.5600000000,17.9000000000,18.1600000000,36409407,660366475.0500,11.602500,-0.493200
2025-08-25,18.1500000000,19.0000000000,17.9500000000,18.8000000000,61817823,1141065329.0100,19.699400,3.524200
2025-08-26,18.7900000000,18.8600000000,18.3500000000,18.5300000000,41858312,776983513.7300,13.338900,-1.436200
2025-08-27,18.3600000000,18.6200000000,17.6000000000,17.7300000000,31415383,572462437.3900,10.011100,-4.317300
2025-08-28,19.2300000000,19.5000000000,18.6000000000,18.8500000000,97302956,1873338835.3100,31.007400,6.317000
2025-08-29,18.0500000000,18.6000000000,17.4300000000,18.2700000000,71387917,1295104408.6600,22.749100,-3.076900
2025-09-01,18.0200000000,18.4500000000,17.8500000000,18.1600000000,42484698,768914618.5600,12.742700,-0.602100
2025-09-02,18.1400000000,18.2400000000,16.7300000000,16.8900000000,43520458,748583913.8300,13.053400,-6.993400
2025-09-03,16.9900000000,17.0800000000,16.5300000000,16.5600000000,20998968,352157248.7800,6.298400,-1.953800
2025-09-04,16.5600000000,16.9500000000,15.4600000000,15.8300000000,24746064,400022429.8500,7.422200,-4.408200
2025-09-05,15.9900000000,16.2800000000,15.7600000000,16.2300000000,15376182,246700272.6700,4.611900,2.526800
2025-09-08,16.2300000000,16.8800000000,16.0200000000,16.5500000000,24389496,399716598.5500,7.315300,1.971700
2025-09-09,16.6800000000,16.8600000000,16.0100000000,16.0300000000,19255409,314688122.4900,5.775400,-3.142000
2025-09-10,16.0300000000,16.5900000000,16.0300000000,16.4000000000,19284861,316406036.9400,5.784200,2.308200
2025-09-11,16.4100000000,17.5300000000,16.3300000000,17.2600000000,30062405,510799094.2900,9.016800,5.243900
2025-09-12,17.0500000000,17.2500000000,16.8800000000,16.8900000000,20509332,349825769.7600,6.151500,-2.143700
2025-09-15,16.8800000000,16.8800000000,16.3800000000,16.5500000000,13174553,217711544.7200,3.951500,-2.013000
2025-09-16,16.4600000000,16.7200000000,16.3600000000,16.6900000000,12364924,204928734.1300,3.708700,0.845900
2025-09-17,16.7200000000,17.0800000000,16.5000000000,16.7200000000,13488987,226587783.7900,4.045800,0.179700
2025-09-18,16.6400000000,17.2800000000,16.3900000000,16.7200000000,24425647,411164935.2200,7.326100,0.000000
2025-09-19,16.7200000000,16.8300000000,16.3600000000,16.4800000000,12923430,214679305.6000,3.876200,-1.435400
2025-09-22,16.4700000000,16.7300000000,16.2500000000,16.6200000000,13275201,219057052.0600,3.981700,0.849500
2025-09-23,16.6000000000,17.0100000000,15.8900000000,16.1600000000,15573559,252622566.7700,4.671100,-2.767700
2025-09-24,16.0800000000,16.4500000000,15.7300000000,16.4300000000,11930655,193330162.1500,3.578400,1.670800
2025-09-25,16.3600000000,16.9800000000,16.2300000000,16.7900000000,16866520,280710376.8300,5.058900,2.191100
2025-09-26,16.5800000000,16.8000000000,16.0600000000,16.0700000000,14815230,241242762.8800,4.443600,-4.288300
2025-09-29,16.0700000000,16.2700000000,15.7300000000,16.2600000000,10975454,176382328.4400,3.291900,1.182300
2025-09-30,16.2500000000,16.9100000000,16.2400000000,16.3800000000,14416368,238598241.9200,4.324000,0.738000
2025-10-09,16.5400000000,17.8800000000,16.3800000000,17.6500000000,41491913,718870586.2000,12.444900,7.753400
2025-10-10,17.6800000000,18.1800000000,17.6100000000,18.0800000000,33383749,596883471.7100,10.013000,2.436300
2025-10-13,17.4000000000,18.3700000000,17.2800000000,18.2800000000,30319278,548262817.9200,9.093900,1.106200
2025-10-14,18.2800000000,18.9600000000,18.1300000000,18.2200000000,30230964,558035295.3000,9.067400,-0.328200
2025-10-15,18.4300000000,18.8700000000,18.1100000000,18.7800000000,33695184,627451687.5800,10.106400,3.073500
2025-10-16,18.6000000000,18.7800000000,18.2800000000,18.3400000000,20571535,379655588.0600,6.170200,-2.342900
2025-10-17,18.2400000000,18.5500000000,17.6000000000,18.0600000000,26256271,474431539.5000,7.875200,-1.526700
2025-10-20,18.4300000000,19.8500000000,18.1600000000,18.7900000000,47535807,905625803.2900,14.257700,4.042100
2025-10-21,18.8100000000,19.1900000000,18.6400000000,18.7500000000,26551737,500227988.9900,7.963800,-0.212900
2025-10-22,18.5200000000,18.7200000000,17.8600000000,18.3500000000,29188102,532765528.9300,8.754600,-2.133300
2025-10-23,18.2000000000,18.3400000000,17.5500000000,18.1500000000,18122980,323877128.6000,5.435700,-1.089900
2025-10-24,18.4900000000,19.2800000000,18.4900000000,19.0600000000,35712143,677620637.7400,10.711400,5.013800
2025-10-27,19.6800000000,19.9900000000,19.2900000000,19.3300000000,33715211,658541489.6300,10.112400,1.416600
2025-10-28,19.2500000000,19.5000000000,19.0000000000,19.1400000000,18834272,362957406.6700,5.649100,-0.982900
2025-10-29,19.1400000000,19.9200000000,18.9700000000,19.4000000000,28595557,555754067.0600,8.576800,1.358400
2025-10-30,18.7000000000,19.2500000000,18.3500000000,18.9800000000,26852760,505798141.8500,8.054100,-2.164900
2025-10-31,18.9000000000,18.9100000000,18.3000000000,18.5900000000,19864658,368431573.2700,5.958100,-2.054800
2025-11-03,18.6800000000,19.7000000000,18.2700000000,19.2300000000,28262409,533052379.0900,8.476900,3.442700
2025-11-04,19.2400000000,19.3600000000,18.8500000000,19.0300000000,14061655,268078097.4100,4.217600,-1.040000
2025-11-05,18.8000000000,19.5900000000,18.6800000000,19.3500000000,24714729,478533614.2000,7.412800,1.681600
2025-11-06,19.3500000000,19.4300000000,18.9000000000,19.3000000000,22661053,433618341.4000,6.796900,-0.258400
2025-11-07,19.1100000000,20.8100000000,18.6000000000,20.3200000000,45383596,902506457.0300,13.612200,5.285000
2025-11-10,20.8000000000,21.2800000000,20.4000000000,20.5600000000,39532243,818949506.6700,11.857200,1.181100
2025-11-11,20.8000000000,21.0800000000,19.9600000000,20.0800000000,28089836,572388513.8200,8.425200,-2.334600
2025-11-12,20.0000000000,20.0000000000,18.6600000000,19.3100000000,35750852,687149312.5100,10.723000,-3.834700
2025-11-13,19.1900000000,19.9800000000,18.9000000000,19.1400000000,30089582,582964305.5300,9.025000,-0.880400
2025-11-14,19.1800000000,19.2000000000,18.3900000000,18.6800000000,19683667,368803439.2700,5.903800,-2.403300
2025-11-17,18.5500000000,18.8600000000,18.1300000000,18.7900000000,22830235,422290873.5400,6.847600,0.588900
2025-11-18,18.6500000000,18.7000000000,18.1100000000,18.2300000000,15326109,281040026.3400,4.596900,-2.980300
2025-11-19,18.1300000000,18.3300000000,17.4000000000,17.5300000000,16255932,288095466.5400,4.875700,-3.839800
2025-11-20,17.8800000000,18.4700000000,17.3000000000,18.0200000000,21709023,388399162.8800,6.511300,2.795200
2025-11-21,17.7400000000,17.9400000000,17.0300000000,17.1000000000,19030402,331334720.0600,5.707900,-5.105400
2025-11-24,17.4800000000,18.4400000000,17.4800000000,18.1700000000,29264019,528713112.8400,8.777300,6.257300
2025-11-25,18.3200000000,19.9900000000,18.3200000000,19.4500000000,64332669,1250364941.5600,19.295700,7.044600
2025-11-26,19.9500000000,20.2200000000,19.2100000000,19.6500000000,55424703,1085558650.0500,16.623900,1.028300
2025-11-27,19.8600000000,21.6200000000,19.5200000000,21.6200000000,57631738,1206777382.3600,17.285900,10.025400
2025-11-28,23.7800000000,23.7800000000,23.7800000000,23.7800000000,7318822,174041587.1600,2.195200,9.990700
2025-12-01,26.1600000000,26.1600000000,26.1600000000,26.1600000000,3086550,80744148.0000,0.925800,10.008400
2025-12-02,28.7800000000,28.7800000000,28.7800000000,28.7800000000,5059007,145598221.4600,1.517400,10.015300
2025-12-03,30.4500000000,31.5000000000,28.0200000000,28.0500000000,198873606,5944584171.7100,59.649400,-2.536500
2025-12-04,27.5700000000,30.5000000000,27.0600000000,28.1400000000,148994839,4272875563.7400,44.689000,0.320900
2025-12-05,28.0100000000,29.8000000000,27.3200000000,29.4700000000,138688551,4005797124.8400,41.597700,4.726400
2025-12-08,31.0000000000,32.4200000000,30.1800000000,32.4200000000,48308568,1521398520.4500,14.490300,10.010200
2025-12-09,32.4200000000,33.0000000000,29.5100000000,29.7300000000,151819294,4697756042.8500,45.538500,-8.297300
2025-12-10,30.0000000000,31.5000000000,29.0300000000,29.2200000000,107448180,3227511900.3800,32.229300,-1.715400
2025-12-11,29.7200000000,29.8000000000,28.0000000000,28.2700000000,87509176,2509559843.3000,26.248600,-3.251200
2025-12-12,27.5600000000,29.2000000000,27.5600000000,29.1000000000,94328650,2699672267.2800,28.294100,2.936000
2025-12-15,30.5000000000,32.0100000000,30.5000000000,32.0100000000,101202314,3186796310.6400,30.355800,10.000000
2025-12-16,35.2100000000,35.2100000000,34.4300000000,35.2100000000,50294752,1770041827.2400,15.086000,9.996900
2025-12-17,35.2100000000,35.6000000000,31.6900000000,31.6900000000,147593526,4879197513.4200,44.271000,-9.997200
2025-12-18,32.2300000000,34.1100000000,32.0300000000,32.4300000000,136806629,4517354174.8500,41.035400,2.335100
2025-12-19,34.0900000000,35.2000000000,31.5000000000,32.1400000000,122845004,4054551728.7000,36.847600,-0.894200
2025-12-22,33.5000000000,35.3500000000,31.3000000000,35.3500000000,147855231,5028065628.2600,44.349500,9.987600
2025-12-23,35.3700000000,35.6600000000,31.8200000000,32.6500000000,146963465,4945179670.7500,44.082000,-7.637900
2025-12-24,30.8800000000,35.3500000000,30.3300000000,34.7100000000,142893270,4723973290.8500,42.861100,6.309300
2025-12-25,35.8300000000,38.1800000000,35.8300000000,38.1800000000,114507103,4263224917.9400,34.346600,9.997100
2025-12-26,39.5300000000,42.0000000000,37.0100000000,42.0000000000,113930495,4554365475.3100,34.173700,10.005200
2025-12-29,43.8900000000,45.8200000000,42.1100000000,42.4800000000,149087802,6514953749.1800,44.719200,1.142900
2025-12-30,41.0300000000,42.8200000000,39.5000000000,39.7000000000,135175901,5524237974.0800,40.546300,-6.544300
2025-12-31,39.7200000000,43.6700000000,39.0200000000,42.7000000000,161523182,6756803825.8300,48.449200,7.556700
2026-01-05,43.6600000000,46.9700000000,42.0000000000,45.8100000000,154936202,6880576537.0500,46.473400,7.283400
2026-01-06,43.1100000000,49.4700000000,43.0900000000,47.3600000000,135988075,6175006936.3200,40.789900,3.383500
2026-01-07,47.0000000000,52.1000000000,47.0000000000,52.1000000000,107817153,5496049283.7500,31.915100,10.008400
2026-01-08,55.0100000000,57.3100000000,53.5100000000,57.3100000000,66481496,3716275814.8200,19.679300,10.000000
2026-01-09,57.3100000000,61.0000000000,56.7500000000,60.7800000000,132095388,7873100929.4300,39.101800,6.054800
2026-01-12,66.8600000000,66.8600000000,66.8600000000,66.8600000000,8493429,567870662.9400,2.514200,10.003300
2026-01-13,68.3800000000,73.3500000000,60.1700000000,69.9700000000,171268446,11261461253.0600,50.697500,4.651500
2026-01-14,67.8800000000,69.0000000000,62.9700000000,62.9700000000,124688804,8144147685.6200,36.909300,-10.004300
2026-01-15,56.6700000000,58.0000000000,56.6700000000,56.6700000000,20617111,1170190839.1600,6.102900,-10.004800
2026-01-16,51.0000000000,55.5500000000,51.0000000000,51.7100000000,115017753,6110231862.8800,34.046600,-8.752400
2026-01-19,50.7900000000,52.9800000000,50.1300000000,51.2700000000,72297708,3724430966.8900,21.401000,-0.850900
2026-01-20,51.6000000000,52.3500000000,46.1400000000,46.1400000000,65605654,3158406803.8000,19.420000,-10.005900
2026-01-21,46.1400000000,47.1000000000,43.9900000000,45.3000000000,63976133,2939395020.7000,18.937700,-1.820500
2026-01-22,45.7900000000,47.8600000000,44.7000000000,47.4300000000,65813135,3087414260.7700,19.481500,4.702000
2026-01-23,47.6900000000,52.1700000000,47.4500000000,52.1700000000,64786471,3258975852.8200,19.177600,9.993700
2026-01-26,53.5000000000,57.3500000000,50.8100000000,55.2500000000,140149273,7560598438.0000,41.485800,5.903800
2026-01-27,50.5000000000,55.5400000000,50.5000000000,52.7000000000,95783365,5112696980.5900,28.353000,-4.615400
2026-01-28,54.0000000000,54.0000000000,48.5000000000,50.7000000000,94957045,4794243596.0500,28.108400,-3.795100
2026-01-29,49.9800000000,50.8900000000,48.0000000000,48.2000000000,71073790,3509607303.4400,21.038700,-4.931000
2026-01-30,48.0000000000,49.7700000000,46.6000000000,46.8500000000,55189282,2636538887.9100,16.336700,-2.800800
2026-02-02,48.0500000000,50.3600000000,47.7700000000,48.0100000000,70261269,3441031922.9900,20.798200,2.476000
2026-02-03,48.5100000000,52.8100000000,48.1100000000,52.8100000000,74729305,3859699763.2500,22.120700,9.997900
2026-02-04,53.9000000000,55.0400000000,52.6400000000,52.8100000000,110339180,5950103768.1000,32.661700,0.000000
2026-02-05,51.0100000000,52.9900000000,50.3600000000,51.2500000000,61566516,3165219951.8800,18.224400,-2.954000
2026-02-06,51.2000000000,52.9900000000,49.8800000000,51.1900000000,72459029,3741559033.7300,21.448700,-0.117100
2026-02-09,51.8800000000,52.1200000000,49.6000000000,50.7000000000,60749118,3083897159.5500,17.982400,-0.957200
2026-02-10,50.3000000000,50.7000000000,47.2000000000,47.9400000000,55272266,2664859289.3700,16.361200,-5.443800
2026-02-11,47.9100000000,48.4200000000,46.2000000000,46.3100000000,42246241,1991859199.8300,12.505400,-3.400100
2026-02-12,46.3100000000,47.1700000000,45.2800000000,45.8000000000,40674715,1875908331.7600,12.040200,-1.101300
2026-02-13,46.2000000000,46.3000000000,44.6800000000,45.2200000000,31956178,1453067141.8900,9.459400,-1.266400
2026-02-24,45.6000000000,46.2700000000,44.9000000000,45.2200000000,28946776,1316484310.5100,8.568600,0.000000
2026-02-25,45.2200000000,47.3300000000,44.7100000000,47.1000000000,50728036,2346707327.7800,15.016100,4.157500
2026-02-26,46.3800000000,48.0000000000,45.3000000000,47.1700000000,44297767,2073197007.7500,13.112700,0.148600
2026-02-27,46.7000000000,48.9200000000,46.3100000000,47.9600000000,43924911,2109137358.8600,13.002300,1.674800
2026-03-02,47.0900000000,50.3500000000,47.0500000000,49.4500000000,55150740,2711973644.3100,16.325300,3.106800
2026-03-03,48.7500000000,48.8700000000,44.5100000000,44.5100000000,46519349,2137923882.1600,13.770300,-9.989900
2026-03-04,42.6200000000,44.7800000000,42.6200000000,43.3300000000,28249036,1234812854.6100,8.362000,-2.651100
2026-03-05,44.3800000000,44.5000000000,42.8700000000,43.9000000000,28526474,1243974525.0100,8.444200,1.315500
2026-03-06,43.3000000000,44.8600000000,42.8800000000,43.9000000000,25382380,1112526050.1800,7.513500,0.000000
2026-03-09,42.4300000000,43.3800000000,41.4200000000,43.0100000000,29395622,1245120485.9500,8.701400,-2.027300
2026-03-10,43.8800000000,44.5000000000,43.1300000000,43.6400000000,26068195,1139598078.0700,7.716500,1.464800
2026-03-11,44.1200000000,44.4800000000,42.9800000000,43.0800000000,25221491,1100364204.0100,7.465900,-1.283200
2026-03-12,43.0000000000,43.1600000000,41.2000000000,41.8800000000,26425347,1109934766.2800,7.822200,-2.785500
2026-03-13,41.2700000000,41.9900000000,40.2000000000,40.3100000000,24946505,1020784123.7000,7.384500,-3.748800
2026-03-16,40.3200000000,40.8000000000,39.7200000000,40.7700000000,18970239,765918250.1200,5.615400,1.141200
2026-03-17,41.1000000000,41.4900000000,39.2000000000,39.2700000000,16747787,672889729.3200,4.957500,-3.679200
2026-03-18,39.6500000000,41.9200000000,39.2700000000,41.6700000000,32592265,1328065469.9600,9.647700,6.111500
2026-03-19,40.5000000000,42.0600000000,40.5000000000,41.0800000000,27290382,1127153915.4500,8.078300,-1.415900
2026-03-20,41.6000000000,41.7000000000,39.7500000000,39.8000000000,21318546,869711460.4600,6.310500,-3.115900
2026-03-23,39.2000000000,40.8400000000,38.1300000000,38.4600000000,25675234,1015445283.9700,7.600200,-3.366800
2026-03-24,39.2000000000,39.3000000000,37.4000000000,38.7500000000,22512903,863274282.2600,6.664100,0.754000
2026-03-25,40.1400000000,40.7300000000,39.4000000000,39.9300000000,22279226,890800320.2600,6.594900,3.045200
2026-03-26,40.9100000000,42.1400000000,39.3300000000,41.8400000000,61801183,2526109567.8200,18.293900,4.783400
2026-03-27,40.1200000000,41.0000000000,38.8000000000,40.6000000000,46241383,1854115246.8900,13.688000,-2.963700
2026-03-30,39.3200000000,43.2000000000,39.3200000000,42.6700000000,55872130,2339932970.1400,16.538800,5.098500
2026-03-31,42.7000000000,46.7200000000,42.6100000000,44.5500000000,78225197,3505072886.3700,23.155600,4.405900
2026-04-01,44.6000000000,44.9400000000,42.0000000000,42.8000000000,53874619,2327718500.0500,15.947500,-3.928200
2026-04-02,42.8100000000,43.8400000000,40.9300000000,41.2200000000,35079448,1485353941.9400,10.383900,-3.691600
2026-04-03,42.0100000000,45.3400000000,41.9800000000,45.3400000000,63330111,2856261257.3600,18.746500,9.995100
2026-04-07,44.5800000000,48.7200000000,44.5300000000,47.5300000000,101456710,4686697719.0700,30.032400,4.830200
2026-04-08,46.6700000000,51.0900000000,46.5500000000,49.0700000000,89033663,4355007072.4000,26.355000,3.240100
2026-04-09,47.5000000000,48.8700000000,46.4800000000,47.3700000000,60853788,2901327519.9100,18.013400,-3.464400
2026-04-10,47.6000000000,47.9800000000,45.5100000000,45.5300000000,56260948,2599792260.3400,16.653900,-3.884300
2026-04-13,45.0600000000,45.8200000000,44.4000000000,45.2100000000,36826568,1654816041.7000,10.901100,-0.702800
2026-04-14,45.5500000000,49.0100000000,43.9000000000,48.0200000000,72767481,3364732065.2700,21.540000,6.215400
2026-04-15,47.5500000000,49.4900000000,46.5600000000,47.1400000000,65695201,3174111207.5300,19.446500,-1.832600
2026-04-16,47.4900000000,50.0000000000,46.5600000000,49.3800000000,66690023,3220798604.0600,19.741000,4.751800
2026-04-17,48.5200000000,53.0600000000,48.4000000000,51.0200000000,77837238,3924964906.4600,23.040700,3.321200
2026-04-20,50.3600000000,55.0000000000,50.2000000000,52.8800000000,78504891,4110383593.7200,23.238400,3.645600
2026-04-21,52.3300000000,53.7500000000,50.6000000000,51.1800000000,57104641,2968781516.8100,16.903600,-3.214800
2026-04-22,50.1900000000,52.8500000000,49.0100000000,52.1300000000,54005975,2785907874.2600,15.986400,1.856200
2026-04-23,51.6100000000,52.1300000000,49.0900000000,49.1000000000,47157705,2373186123.9000,13.959200,-5.812400
2026-04-24,48.5000000000,48.6700000000,45.0000000000,45.6200000000,49812489,2317684831.6600,14.745100,-7.087600
2026-04-27,45.6000000000,46.7800000000,45.0200000000,45.0500000000,35121477,1609438227.2000,10.396400,-1.249500
2026-04-28,44.6500000000,44.8900000000,41.6900000000,42.2700000000,41487146,1769386643.2600,12.280700,-6.170900
2026-04-29,42.0100000000,43.1600000000,42.0000000000,42.6000000000,24124375,1028101754.5200,7.141100,0.780700
2026-04-30,42.6100000000,44.0800000000,41.9000000000,43.6600000000,33243344,1437261340.2500,9.840400,2.488300
