date,open,high,low,close,volume,amount,turn,pctChg
2020-05-25,21.1187370800,25.3453532400,21.1187370800,25.3453532400,96968,5101540.0000,0.307200,44.009800
2020-05-26,27.8794104400,27.8794104400,27.8794104400,27.8794104400,41198,2402255.0000,0.130500,9.998100
2020-05-27,30.6668733600,30.6668733600,30.6668733600,30.6668733600,50194,3219443.0000,0.159000,9.998300
2020-05-28,33.7316482000,33.7316482000,33.7316482000,33.7316482000,97318,6865784.0000,0.308400,9.993800
2020-05-29,37.1072036400,37.1072036400,37.1072036400,37.1072036400,170656,13244612.0000,0.540700,10.007100
2020-06-01,40.8174458800,40.8174458800,38.9957934400,40.8174458800,16524624,1387022272.0000,52.359400,9.998700
2020-06-02,40.8174458800,42.7920980000,39.9711664000,40.4588528800,14354827,1232412352.0000,45.484200,-0.878500
2020-06-03,39.6842920000,40.6548837200,38.5750443200,38.6324192000,9578458,785968288.0000,30.350000,-4.514300
2020-06-04,38.2547012400,40.5353527200,37.5375152400,39.1966055200,8489896,696669136.0000,26.900800,1.460400
2020-06-05,38.7902001200,40.0667912000,38.1590764400,38.8475750000,5503749,449082912.0000,17.439000,-0.890500
2020-06-08,39.1105432000,42.7347231200,38.1590764400,42.7347231200,11346984,973163776.0000,35.953700,10.006200
2020-06-09,41.6493816400,42.2470366400,40.4062592400,41.1091015200,8888390,766678034.5600,28.163500,-3.804000
2020-06-10,42.9737851200,44.9436560000,41.3816322000,41.5346318800,9483043,852148540.7800,30.047700,1.035100
2020-06-11,42.5004423600,44.4655320000,41.5967880000,43.7244398000,9070944,814856779.4700,28.741900,5.272200
2020-06-12,42.3139740000,46.0289974800,41.5489756000,44.9723434400,8869028,811386482.2300,28.102100,2.854000
2020-06-15,49.4714902800,49.4714902800,46.3875904800,49.4714902800,11852686,1214950804.1300,37.556000,10.004300
2020-06-16,49.3902092000,49.3902092000,46.0289974800,47.0330578800,10524506,1035626829.8100,33.347600,-4.929000
2020-06-17,45.8759978000,45.8759978000,43.0550662000,44.0160954400,9687976,898853472.0900,30.697000,-6.414600
2020-06-18,43.4232216800,44.4511882800,42.5721609600,43.2702220000,6007589,544964188.9800,19.035500,-1.694500
2020-06-19,43.0311600000,43.4423466400,42.2326929200,42.5817234400,4635752,415001838.5900,14.688700,-1.591200
2020-06-22,42.7920980000,43.4423466400,41.9601622400,43.1554722400,5122306,457555104.7100,16.230400,1.347400
2020-06-23,42.9116290000,44.3173135600,42.3187552400,43.8678770000,4990566,452761551.5300,15.812900,1.650800
2020-06-24,43.7483460000,44.5515943200,42.9833476000,43.0311600000,3922297,358076515.3500,12.428100,-1.907400
2020-06-29,42.4813174000,42.8877228000,41.0230392000,41.0708516000,4848184,422647030.4600,15.361800,-4.555600
2020-06-30,41.1186640000,42.4382862400,41.1186640000,42.0366620800,3440882,301902375.5800,10.902700,2.351600
2020-07-01,42.0844744800,42.9642226400,41.6924128000,42.2279116800,3366009,297333814.8900,10.665400,0.455000
2020-07-02,42.0988182000,43.6431587200,41.8501937200,43.2941282000,4070584,365594815.4500,12.897900,2.524900
2020-07-03,43.7961584000,44.9962496400,42.9355352000,43.0263787600,4216890,385940461.5500,13.361500,-0.618400
2020-07-06,43.0598474400,43.8344083200,42.0749120000,43.6861898800,5186334,467528049.4600,16.433300,1.533500
2020-07-07,44.4559695200,46.6505586800,43.7531272400,44.8958436000,6288543,594957776.8800,19.925700,2.769000
2020-07-08,44.8958436000,46.6983710800,44.4655320000,45.9429351600,5143604,492652556.8600,16.297900,2.332300
2020-07-09,46.0911536000,49.2180845600,45.6512795200,48.4769923600,6460037,641077703.6100,20.469100,5.515700
2020-07-10,48.7686480000,50.1456451200,47.0952140000,47.2482136800,5289697,535100171.6900,16.760800,-2.534800
2020-07-13,47.2099637600,49.2228658000,46.8848394400,48.2044616800,4538873,456962194.5000,14.381700,2.023900
2020-07-14,47.8602124000,52.0677036000,46.7127148000,51.0827681600,7921341,818216111.6300,25.099300,5.971000
2020-07-15,50.0643640400,51.0158308000,47.8124000000,47.8363062000,5334768,551132294.5100,16.903600,-6.355300
2020-07-16,47.7693688400,47.7693688400,43.0550662000,43.0550662000,5296051,499919856.8200,16.780900,-9.995000
2020-07-17,42.6008484000,43.4997215200,41.1234452400,41.7258814800,3480317,306958883.5100,11.027600,-3.087200
2020-07-20,41.7736938800,42.5817234400,41.2668824400,42.3617864000,2908610,254986222.3600,9.216100,1.524000
2020-07-21,42.1322868800,42.7729730400,41.6015692400,42.5912859200,2298828,202964842.3900,7.284000,0.541800
2020-07-22,42.4574112000,43.2702220000,42.1705368000,42.6247546000,2683274,240650859.6200,8.502100,0.078600
2020-07-23,42.0796932400,42.4813174000,40.1671972400,41.3768509600,3412417,294301355.8300,10.812500,-2.927700
2020-07-24,41.0612891200,41.9649434800,38.8714812000,39.5551985200,2727028,231841389.4500,8.640800,-4.402600
2020-07-27,39.6938544800,40.0141975600,38.5367944000,39.8229479600,1739360,142695524.1900,5.511300,0.676900
2020-07-28,40.1624160000,43.8057208800,39.7655730800,43.8057208800,5990550,536600470.4200,18.981500,10.001200
2020-07-29,44.0734703200,47.4346820400,43.8057208800,46.5549338800,6201749,592257089.2800,19.650700,6.275900
2020-07-30,46.2824032000,47.8076187600,46.1628722000,46.8083396000,3990525,391708951.3100,12.644200,0.544300
2020-07-31,47.0952140000,51.1401430400,46.8944019200,50.5329255600,5563333,571977645.4800,17.627800,7.957100
2020-08-03,51.9003602000,55.5866962400,51.9003602000,55.5866962400,6145277,694666183.1500,19.471700,10.000900
2020-08-04,56.4186320000,56.4186320000,52.1202972400,54.5491671600,4626175,525307135.7000,14.658300,-1.866500
2020-08-05,54.2336053200,54.2336053200,51.9720788000,53.1530450800,3761008,416042424.5800,11.917000,-2.559400
2020-08-06,52.8374832400,55.1276972000,51.4843923200,53.0717640000,4224339,474463735.6700,13.385100,-0.152900
2020-08-07,52.8374832400,54.0232307600,49.3663030000,51.5417672000,3646602,392619314.5200,11.554500,-2.882900
2020-08-10,52.1489846800,52.5840775200,49.1176785200,51.7569230000,2535956,269223515.5500,8.035300,0.417400
2020-08-11,52.1059535200,54.8886352000,50.1552076000,50.1552076000,2700739,296524912.3400,8.557500,-3.094700
2020-08-12,49.7535834400,51.5991420800,47.7167752000,49.5240839200,2633457,272820319.6200,8.344300,-1.258300
2020-08-13,49.7248960000,50.0834890000,48.5582734400,49.5623338400,1490516,153929444.3300,4.722800,0.077200
2020-08-14,49.5432088800,50.4229570400,48.4722111200,49.7488022000,1368257,141460754.9800,4.335400,0.376200
2020-08-17,50.4420820000,51.4652673600,49.7870521200,50.2030200000,1860224,196379550.3600,5.894200,0.913000
2020-08-18,49.9639580000,51.0971118800,49.0363974400,50.6907064800,1848501,193473691.4000,5.857100,0.971400
2020-08-19,51.1449242800,52.5171401600,49.1893971200,49.1893971200,2772633,296423192.3000,8.785300,-2.961700
2020-08-20,47.8363062000,48.4626486400,46.3684655200,47.1382451600,2715902,268727619.8200,8.605500,-4.169900
2020-08-21,47.7645876000,47.7645876000,46.2011221200,46.5597151200,1574298,153719580.2200,4.988300,-1.227300
2020-08-24,46.5262464400,48.4291799600,45.4695924000,48.0514620000,1841358,181395130.0700,5.834500,3.203900
2020-08-25,48.2618365600,48.2618365600,47.2290887200,47.6689628000,1027399,102418107.7400,3.255400,-0.796000
2020-08-26,47.3629634400,48.0227745600,43.6527212000,43.8917832000,3276270,311001094.4800,10.381100,-7.923800
2020-08-27,43.8822207200,44.4655320000,42.5530360000,43.2702220000,2187062,199529051.4700,6.929900,-1.416100
2020-08-28,43.1793784400,44.5420318400,43.0741911600,44.3842509200,1218659,112019744.3000,3.861400,2.574600
2020-08-31,44.5802817600,46.1867784000,44.5755005200,44.8814998800,1627283,154427462.6600,5.156200,1.120300
2020-09-01,44.8910623600,45.8425291200,43.9874080000,45.6225920800,1285436,121202947.2200,4.073000,1.651200
2020-09-02,45.6225920800,45.9955288000,44.5229068800,44.6950315200,1169812,110255712.4700,3.706600,-2.033100
2020-09-03,44.4894382000,45.1779367600,44.0973765200,44.8145625200,962424,89851942.6400,3.049500,0.267400
2020-09-04,43.9874080000,44.3890321600,43.0359412400,44.2264700000,1078251,98854219.0400,3.416500,-1.312300
2020-09-07,43.8917832000,44.5994067200,42.1275056400,42.1275056400,1400289,126638377.3500,4.436900,-4.745900
2020-09-08,42.3187552400,43.4423466400,41.5967880000,43.0550662000,1064517,94988116.6400,3.373000,2.201800
2020-09-09,42.3091927600,42.4526299600,40.9656643200,40.9752268000,1344299,116576607.6300,4.259500,-4.830600
2020-09-10,41.3625072400,41.9027873600,40.0572287200,40.1146036000,1172200,100291963.3400,3.714200,-2.100400
2020-09-11,40.0046350800,43.3658468000,40.0046350800,42.1179431600,1544500,134017477.0000,4.893900,4.994000
2020-09-14,42.1466306000,42.4956611200,40.0572287200,40.4397279200,2383900,204281198.3400,7.553500,-3.984600
2020-09-15,40.2102284000,40.8365708400,40.0572287200,40.5257902400,1351042,114359376.7300,4.280900,0.212800
2020-09-16,40.1528535200,42.0127558800,40.1146036000,40.7887584400,1654899,141890502.4600,5.243700,0.648900
2020-09-17,40.4492904000,42.2996302800,39.6795107600,42.0701307600,2062358,178310408.0000,6.534700,3.141500
2020-09-18,41.5967880000,42.8160042000,41.2238512800,42.4908798800,1845963,163007064.9900,5.849100,1.000100
2020-09-21,42.4956611200,42.6438795600,41.5967880000,41.7306627200,1233738,108495648.2000,3.909200,-1.789100
2020-09-22,41.2334137600,41.8310687600,40.4779778400,40.7266023200,1216800,104531523.0000,3.855500,-2.406000
2020-09-23,40.8509145600,42.3044115200,40.6931336400,41.9888496800,1395252,121192127.9200,4.421000,3.099300
2020-09-24,41.5250694000,42.4335050000,40.8126646400,40.9752268000,1309400,113717052.0000,4.148900,-2.414000
2020-09-25,41.1664764000,41.5728818000,39.9616039200,40.4492904000,1148300,97400104.3200,3.638500,-1.283500
2020-09-28,40.4540716400,40.5927276000,37.5327340000,37.7192023600,2441155,197956101.7800,7.735000,-6.749400
2020-09-29,38.1542952000,38.8571374800,37.8769832800,38.2068888400,1561722,125244802.1200,4.948400,1.292900
2020-09-30,38.2499200000,38.6802316000,37.5470777200,37.6379212800,1025951,81658772.9300,3.250800,-1.489200
2020-10-09,38.7280440000,39.0914182400,38.4077009200,39.0531683200,1023509,83145971.9100,3.243100,3.760200
2020-10-12,39.4547924800,40.7266023200,39.4547924800,40.5305714800,1280902,107662093.5900,4.058600,3.783100
2020-10-13,40.6883524000,40.9035082000,40.1863222000,40.5831651200,1070079,90793592.7100,3.390600,0.129800
2020-10-14,40.5353527200,41.4629132800,40.0141975600,40.1624160000,1342220,114039124.6000,4.252900,-1.036800
2020-10-15,40.2245721200,40.7744147200,39.5551985200,39.8516354000,991520,83085955.4000,3.141700,-0.773800
2020-10-16,39.9472602000,39.9950726000,39.0627308000,39.6603858000,943200,77919823.0000,2.988600,-0.479900
2020-10-19,39.9233540000,40.3919155200,38.6228567200,38.7089190400,1099640,90447869.2000,3.484300,-2.399000
2020-10-20,38.6180754800,39.2874490800,38.1973263600,38.8858249200,993900,80638811.0000,3.149200,0.457000
2020-10-21,39.0005746800,39.0005746800,37.7813584800,37.9630456000,1197099,95544587.6000,3.793100,-2.373000
2020-10-22,38.0586704000,38.2403575200,37.6857336800,37.9821705600,715600,56884069.0000,2.267400,0.050400
2020-10-23,38.0682328800,38.3503260400,36.1127057200,36.4330488000,1666563,129297561.9700,5.280600,-4.078500
2020-10-26,36.4330488000,37.2888907600,35.9644872800,36.8394542000,873199,67109454.2200,2.766800,1.115500
2020-10-27,36.4091426000,37.9534831200,36.3756739200,37.8052646800,900833,70442775.4800,2.854400,2.621700
2020-10-28,36.0983620000,36.8155480000,35.2377388000,35.3429260800,2686944,201146326.8100,8.513800,-6.513200
2020-10-29,34.2575846000,34.9843330800,34.1476160800,34.5396777600,1263374,91626191.2200,4.003100,-2.272700
2020-10-30,34.5348965200,34.8743645600,33.3300240400,33.4113051200,1602175,113965944.9500,5.076600,-3.266900
2020-11-02,33.2296180000,33.4638987600,32.4646196000,32.8901499600,1324000,91016468.0000,4.195200,-1.559800
2020-11-03,32.9857747600,34.4392717200,32.9236186400,34.3532094000,1288798,91231215.1900,4.083600,4.448300
2020-11-04,34.4249280000,35.1803639200,34.2814908000,34.6353025600,1155411,84002673.4100,3.661000,0.821200
2020-11-05,34.9556456400,35.2281763200,34.8361146400,35.0990828400,982299,72086691.0900,3.112500,1.339000
2020-11-06,35.0943016000,35.6011130400,34.6161776000,35.1277702800,1037000,75970847.0000,3.285800,0.081700
2020-11-09,35.2186138400,36.5525798000,35.1277702800,36.3517677200,1513412,113673638.2400,4.795300,3.484400
2020-11-10,36.6051734400,36.7629543600,35.4050822000,35.5437381600,1144511,85592271.2700,3.626500,-2.222800
2020-11-11,35.3668322800,35.5437381600,34.5683652000,34.5922714000,916311,67003931.1400,2.903400,-2.676900
2020-11-12,34.8265521600,35.0369267200,34.1858660000,34.1954284800,641700,46337144.0000,2.033300,-1.147200
2020-11-13,33.9372415200,35.3668322800,33.5929922400,35.2616450000,1058711,77084110.7900,3.354600,3.118000
2020-11-16,35.6058942800,36.0314246400,35.1421140000,35.5102694800,892124,66189085.8000,2.826800,0.705100
2020-11-17,35.3381448400,35.5485194000,34.3771156000,34.8169896800,835527,60622183.3500,2.647400,-1.952300
2020-11-18,34.8074272000,34.9986768000,34.4344904800,34.7213648800,593440,43042683.4000,1.880400,-0.274600
2020-11-19,34.7070211600,35.1468952400,34.2049909600,35.0847391200,643949,46874275.0000,2.040400,1.046500
2020-11-20,34.8934895200,35.0464892000,34.5970526400,34.9938955600,674100,49105362.0000,2.135900,-0.258900
2020-11-23,35.2855512000,35.3333636000,34.7596148000,34.7930834800,728200,53305684.0000,2.307400,-0.573800
2020-11-24,34.7978647200,34.7978647200,34.2719283200,34.4010218000,793199,57113922.2200,2.513300,-1.126800
2020-11-25,34.4249280000,35.9788310000,34.3293032000,35.1660202000,1579657,116538584.2200,5.005300,2.223800
2020-11-26,35.1660202000,35.9931747200,35.0703954000,35.5102694800,1216887,90546879.4000,3.855800,0.978900
2020-11-27,35.3811760000,35.8258313200,34.9747706000,35.4242071600,879098,64940609.1000,2.785500,-0.242400
2020-11-30,35.4481133600,35.6489254400,34.5683652000,34.6161776000,1086596,79160943.2200,3.443000,-2.281000
2020-12-01,34.6448650400,35.9501435600,34.6305213200,35.8784249600,1520675,113001690.7300,4.818400,3.646400
2020-12-02,36.1079244800,37.3892968000,36.1079244800,36.4952049200,1887156,145149089.3900,5.979600,1.719100
2020-12-03,36.4569550000,37.5040465600,36.4569550000,36.9350790000,1530702,118535901.2900,4.850100,1.205300
2020-12-04,38.2451387600,40.3919155200,38.2021076000,38.6802316000,2664465,218017298.5400,8.442500,4.724900
2020-12-07,38.7280440000,39.2013867600,37.9678268400,38.0347642000,1583145,127999632.9600,5.016300,-1.668700
2020-12-08,38.2499200000,39.6651670400,37.8435146000,39.2061680000,1728576,140660609.6200,5.477100,3.079800
2020-12-09,39.4452300000,40.7361648000,38.9766684800,39.0101371600,2071988,172997849.8800,6.565200,-0.500000
2020-12-10,38.9671060000,39.4452300000,38.5272319200,39.0722932800,1233636,100589064.3000,3.908900,0.159300
2020-12-11,38.9671060000,39.0053559200,37.6809524400,38.0825766000,1416629,113013860.0800,4.488700,-2.533000
2020-12-14,38.2929511600,39.4356675200,38.0491079200,38.5607006000,964208,77928431.4900,3.055200,1.255500
2020-12-15,38.0586704000,38.4889820000,37.7717960000,38.1112640400,639033,51059022.5200,2.024800,-1.165500
2020-12-16,38.1064828000,39.8611978800,37.9821705600,39.5647610000,1712562,140769798.3500,5.426400,3.813800
2020-12-17,39.5265110800,40.0189788000,38.9718872400,39.9233540000,1319044,109312151.0300,4.179500,0.906300
2020-12-18,39.8133854800,39.9233540000,39.1153244400,39.3352614800,885611,73005667.1400,2.806100,-1.473100
2020-12-21,39.1344494000,40.8126646400,38.9862309600,40.5449152000,1312902,110459946.6400,4.160000,3.075200
2020-12-22,40.5018840400,40.7887584400,39.3496052000,39.5551985200,1297551,108983327.2100,4.111400,-2.441000
2020-12-23,39.5217298400,40.3536656000,38.4889820000,38.7710751600,1287050,105801553.6700,4.078100,-1.982400
2020-12-24,38.7806376400,39.5504172800,38.5607006000,38.8427937600,1120203,91381195.6300,3.549400,0.185000
2020-12-25,38.8427937600,39.8516354000,38.0108580000,39.6460420800,1308226,106534607.4600,4.145200,2.067900
2020-12-28,39.6269171200,40.5449152000,39.3974176000,40.2102284000,1202985,100774411.7000,3.811700,1.423100
2020-12-29,40.5210090000,41.7784751200,40.0763536800,41.7497876800,2098894,181192160.3500,6.650500,3.828800
2020-12-30,41.5681005600,41.9936309200,41.0134767200,41.0947578000,1322864,114157935.0100,4.191600,-1.568900
2020-12-31,41.1282264800,41.5920067600,40.8556958000,41.2142888000,969510,83557076.7600,3.072000,0.290900
2021-01-04,41.0947578000,42.4526299600,40.4062592400,40.5927276000,1492335,128547789.8000,4.728600,-1.508100
2021-01-05,40.4014780000,40.8604770400,39.4452300000,40.1193848400,1440290,120650706.4500,4.563700,-1.166100
2021-01-06,39.9233540000,40.5831651200,39.3926363600,39.9855101200,900443,75142554.3600,2.853100,-0.333700
2021-01-07,39.6795107600,39.8946665600,38.3072948800,38.7519502000,1324536,108270300.3200,4.196900,-3.085000
2021-01-08,38.2690449600,39.3543864400,37.3414844000,38.6372004400,1373489,109633638.0000,4.352000,-0.296100
2021-01-11,38.5893880400,40.9321956400,38.3025136400,39.6508233200,1439321,119793329.2000,4.560600,2.623400
2021-01-12,39.6508233200,40.0667912000,39.3639489200,39.6316983600,835563,69236035.0900,2.647500,-0.048200
2021-01-13,39.4117613200,40.2102284000,38.3933572000,39.4165425600,1171822,96183083.8000,3.713000,-0.542900
2021-01-14,39.4165425600,40.3536656000,38.6706691200,39.7799168000,1463785,121818653.9500,4.638100,0.921900
2021-01-15,39.7799168000,41.1186640000,39.7799168000,40.8222271200,1374872,116758460.2000,4.356400,2.620200
2021-01-18,41.0708516000,41.0708516000,39.9376977200,40.0667912000,1245327,104826195.3200,3.945900,-1.850600
2021-01-19,40.0667912000,40.5449152000,38.9001686400,39.0053559200,1323660,109661743.2000,4.194100,-2.649200
2021-01-20,39.0053559200,39.9233540000,38.8714812000,39.2922303200,885745,72690461.1800,2.806500,0.735500
2021-01-21,39.2922303200,39.3017928000,38.3933572000,38.4889820000,1391450,112568036.3000,4.408900,-2.044300
2021-01-22,38.5320131600,38.5367944000,37.0928599200,37.5327340000,1421098,112353542.4400,4.502800,-2.484500
2021-01-25,37.5231715200,37.5231715200,35.8640812400,35.8640812400,1215913,92511781.6000,3.852700,-4.445900
2021-01-26,35.8688624800,36.7199232000,35.7636752000,35.8258313200,638602,48176033.0900,2.023500,-0.106700
2021-01-27,36.0935807600,36.4617362400,35.6728316400,36.3756739200,690898,52245809.4200,2.189200,1.534800
2021-01-28,36.0266434000,36.4330488000,34.8265521600,34.9030520000,830313,61706919.6800,2.630900,-4.048400
2021-01-29,34.9604268800,35.8353938000,33.7938043200,34.1523973200,575683,41531859.2500,1.824100,-2.150700
2021-02-01,33.9563664800,34.6639900000,33.9563664800,34.4823028800,380010,27262153.0000,1.204100,0.966000
2021-02-02,34.6592087600,34.6592087600,34.0615537600,34.4153655200,401810,28948554.3000,1.273200,-0.194100
2021-02-03,34.3771156000,34.5492402400,33.0766183200,33.0957432800,759299,53090359.0400,2.405900,-3.834400
2021-02-04,33.0670558400,33.2869928800,31.1641223200,31.4175280400,1143748,76262682.0400,3.624000,-5.070800
2021-02-05,31.4414342400,32.1012453600,31.0828412400,31.3123407600,532900,35171634.0000,1.688500,-0.334800
2021-02-08,31.0828412400,32.4550571200,30.1218120000,32.0629954400,808248,52845747.8600,2.561000,2.397300
2021-02-09,31.8430584000,32.5554631600,31.4701216800,32.1825264400,927700,62349102.1600,2.939500,0.372800
2021-02-10,32.2399013200,33.0144622000,32.1060266000,32.8901499600,455611,31079192.4600,1.443600,2.198800
2021-02-18,33.4638987600,33.5643048000,32.5124320000,33.0431496400,536411,37215152.3400,1.699700,0.465200
2021-02-19,33.0335871600,34.2719283200,32.6702129200,34.1619598000,572637,40224940.2600,1.814400,3.385900
2021-02-22,35.4768008000,36.1079244800,34.6831149600,35.5819880800,1038914,77147285.5400,3.291900,4.156800
2021-02-23,35.4481133600,37.1980472000,35.1468952400,35.2998949200,1180183,89301335.8800,3.739500,-0.792800
2021-02-24,34.9030520000,35.7636752000,34.8504583600,35.0847391200,524900,38690138.0000,1.663200,-0.609500
2021-02-25,35.9310186000,35.9453623200,34.4249280000,34.5827089200,503346,36982658.3100,1.594900,-1.430900
2021-02-26,34.2193346800,34.6639900000,33.4113051200,33.6742733200,612600,43650812.0100,1.941100,-2.626800
2021-03-01,33.9037728400,36.6195171600,33.8989916000,36.4282675600,1285328,96305820.4400,4.072600,8.178300
2021-03-02,36.5047674000,36.8107667600,35.8879874400,36.6482046000,787870,59835174.3200,2.496400,0.603800
2021-03-03,36.2417992000,37.2793282800,36.1461744000,36.6577670800,568542,43693877.8800,1.801500,0.026100
2021-03-04,36.4808612000,37.1741410000,36.1557368800,36.2704866400,512232,39212689.7600,1.623000,-1.056500
2021-03-05,36.2513616800,36.7916418000,35.8545187600,36.2800491200,432137,32744866.1600,1.369300,0.026400
2021-03-08,36.2800491200,36.4904236800,35.0943016000,35.0943016000,524158,39162078.3800,1.660800,-3.268300
2021-03-09,35.2855512000,35.2855512000,31.5848714400,33.5308361200,631200,44978647.0000,2.000000,-4.455000
2021-03-10,33.6408046400,34.3245219600,31.9769331200,32.2064326400,1036512,70759775.5600,3.284300,-3.949800
2021-03-11,32.2064326400,32.4933070400,31.6661525200,32.2877137200,765248,51424508.4800,2.424700,0.252400
2021-03-12,32.0582142000,32.2781512400,31.5561840000,31.9769331200,379660,25312291.6000,1.203000,-0.962500
2021-03-15,31.9386832000,32.0295267600,31.2214972000,31.4653404400,435200,28794739.0000,1.379000,-1.599900
2021-03-16,31.7904647600,31.9769331200,31.4127468000,31.9434644400,343660,22841200.0000,1.088900,1.519500
2021-03-17,31.9673706400,32.0295267600,31.4414342400,31.9434644400,550460,36519450.2400,1.744200,0.000000
2021-03-18,31.9482456800,32.1681827200,31.6804962400,31.9386832000,410440,27428012.8000,1.300500,-0.015000
2021-03-19,31.6518088000,32.4168072000,31.5131528400,32.0343080000,493639,33113388.8200,1.564100,0.299400
2021-03-22,32.1825264400,32.8805874800,32.0534329600,32.8471188000,510600,34667975.0000,1.617900,2.537300
2021-03-23,32.8853687200,32.9905560000,32.5219944800,32.8232126000,489800,33573315.0000,1.552000,-0.072800
2021-03-24,32.7275878000,33.2822116400,32.3068386800,32.3881197600,348000,23721765.0000,1.102700,-1.325600
2021-03-25,32.3211824000,32.5698068800,31.8908708000,32.0343080000,290838,19569598.4000,0.921500,-1.092400
2021-03-26,32.0390892400,32.6558692000,32.0343080000,32.4359321600,302371,20458866.9800,0.958100,1.253700
2021-03-29,32.4359321600,32.5076507600,31.7474336000,31.7474336000,405300,27131072.0000,1.284200,-2.122600
2021-03-30,31.7809022800,31.8860895600,31.0971849600,31.1306536400,440000,28891572.0000,1.394200,-1.942800
2021-03-31,30.7433732000,31.8717458400,30.7433732000,31.5561840000,276100,18170061.0000,0.874800,1.366900
2021-04-01,31.4605592000,31.6565900400,31.1784660400,31.5274965600,247600,16274895.0000,0.784500,-0.090900
2021-04-02,31.7952460000,32.1299328000,31.5370590400,32.1012453600,302400,20198044.0000,0.958200,1.819800
2021-04-06,32.1012453600,32.4168072000,31.9721518800,32.2351200800,320912,21593366.0000,1.016800,0.417000
2021-04-07,32.0247455200,32.2351200800,31.6948399600,32.0821204000,303600,20296920.0000,0.962000,-0.474600
2021-04-08,32.0104018000,32.4168072000,31.9769331200,32.1299328000,428700,28834301.0000,1.358400,0.149000
2021-04-09,32.1777452000,32.4168072000,31.8908708000,31.9864956000,345600,23206893.0000,1.095100,-0.446400
2021-04-12,31.9864956000,31.9864956000,30.5999360000,30.6955608000,574900,37535999.0000,1.821600,-4.035900
2021-04-13,30.9967789200,30.9967789200,30.4851862400,30.5282174000,366999,23522214.2200,1.162900,-0.545200
2021-04-14,30.5903735200,30.8294355200,30.1600619200,30.7003420400,392857,25087214.7300,1.244800,0.563800
2021-04-15,30.5951547600,30.5951547600,28.8213147200,28.9408457200,1007902,61945902.4000,3.193600,-5.731200
2021-04-16,28.8356584400,29.6293442800,28.7256899200,29.3568136000,485840,29600115.8000,1.539400,1.437300
2021-04-19,29.3329074000,30.0883433200,29.1320953200,29.9114374400,477292,29678378.1100,1.512300,1.889300
2021-04-20,30.1696244000,30.1696244000,29.1942514400,29.2133764000,658200,40519878.0000,2.085600,-2.333800
2021-04-21,29.1655640000,29.2564075600,28.9265020000,29.0077830800,545276,33162111.2000,1.727700,-0.703800
2021-04-22,29.1416578000,29.5767506400,28.8834708400,29.3950635200,471977,28785949.6000,1.495500,1.335100
2021-04-23,29.3615948400,30.2652492000,29.0508142400,30.0309684400,799474,49625004.9500,2.533200,2.163300
2021-04-26,32.5124320000,32.5124320000,31.0780600000,31.3553719200,2105093,139289450.1700,6.670100,4.410100
2021-04-27,30.5999360000,31.3888406000,30.5043112000,30.6716546000,902633,58123593.2700,2.860100,-2.180500
2021-04-28,30.7481544400,32.0056205600,30.5090924400,31.5561840000,882861,58141430.9900,2.797400,2.883900
2021-04-29,31.8717458400,32.8279938400,31.7952460000,32.5124320000,1231776,83535666.4600,3.903000,3.030300
2021-04-30,31.2214972000,31.5227153200,30.8437792400,31.2454034000,1172034,76258996.4200,3.713700,-3.897100
2021-05-06,30.9537477600,31.3553719200,30.7816231200,30.8963728800,423344,27478430.9500,1.341400,-1.117100
2021-05-07,30.9107166000,31.3362469600,30.8389980000,30.8868104000,463418,30095562.8000,1.468400,-0.031000
2021-05-10,30.9919976800,31.7809022800,30.9919976800,31.3697156400,558018,36645126.9800,1.768100,1.563500
2021-05-11,31.2597471200,31.8526208800,31.2119347200,31.2406221600,477836,31454281.9600,1.514100,-0.411500
2021-05-12,31.1115286800,31.2214972000,30.7864043600,30.9728727200,474444,30735919.0000,1.503300,-0.857100
2021-05-13,30.8389980000,30.9776539600,30.5521236000,30.7433732000,396300,25474228.0000,1.255700,-0.741000
2021-05-14,30.7433732000,31.5418402800,30.6190609600,31.4031843200,451923,29434236.6600,1.431900,2.146200
2021-05-17,31.3314657200,32.6558692000,31.2119347200,32.5315569600,1104938,74044670.9200,3.501100,3.593200
2021-05-18,32.5124320000,32.6941191200,32.2733700000,32.5363382000,511939,34782380.2900,1.622100,0.014700
2021-05-19,32.7514940000,32.7514940000,32.1586202400,32.1634014800,529900,35890390.0000,1.679000,-1.146200
2021-05-20,32.5124320000,34.6639900000,32.4598383600,33.1148682400,992188,69279312.8500,3.143800,2.958200
2021-05-21,33.0718370800,33.7890230800,32.7562752400,33.3730552000,471444,32853529.5700,1.493800,0.779700
2021-05-24,33.3730552000,33.7316482000,33.0479308800,33.5595235600,521700,36481230.0000,1.653000,0.558700
2021-05-25,33.5643048000,33.8033668000,32.8471188000,33.2822116400,695600,48279442.0000,2.204100,-0.826300
2021-05-26,33.2822116400,33.7077420000,33.0001184800,33.6121172000,863933,60311119.4000,2.737400,0.991200
2021-05-27,33.6795370600,33.6795370600,32.7549629800,33.0824163000,1284898,44151969.2800,2.035600,-1.575900
2021-05-28,32.9475825800,32.9668445400,31.6185073400,31.7726030200,1988236,66117936.6800,3.149900,-3.959200
2021-05-31,31.7726030200,32.1289492800,31.4933046000,31.9170677200,1187520,39230108.9600,1.881400,0.454700
2021-06-01,32.1482112400,32.2830449600,31.7822340000,32.2830449600,1035800,34409148.0000,1.641000,1.146700
2021-06-02,32.1674732000,32.1674732000,31.1080654000,31.1273273600,1624420,53078193.5600,2.573500,-3.580000
2021-06-03,31.1369583400,31.2814230400,30.5109446400,30.5590995400,1234086,39583979.5400,1.955100,-1.825500
2021-06-04,30.5783615000,30.5879924800,30.2220152400,30.3375870000,920062,28999708.6200,1.457600,-0.724900
2021-06-07,30.3472179800,31.2525301000,30.2701701400,31.1754822600,1171578,37625535.6400,1.856100,2.761900
2021-06-08,31.2814230400,31.2814230400,30.5590995400,30.6265164000,955378,30617330.9400,1.513600,-1.760900
2021-06-09,30.6746713000,32.2637830000,30.6746713000,31.6088763600,1778334,58468939.0200,2.817400,3.207500
2021-06-10,32.4275096600,33.3520837400,31.8785438000,33.2750359000,2855384,97284218.5600,4.523700,5.271200
2021-06-11,33.4676555000,33.4772864800,32.4371406400,32.6971771000,1790468,60856460.4000,2.836600,-1.736600
2021-06-15,32.9861065000,33.2268810000,32.4564026000,32.9957374800,1584268,54003871.5200,2.509900,0.913100
2021-06-16,33.0824163000,33.0824163000,31.9748536000,32.1193183000,1124300,37770669.0000,1.781200,-2.656200
2021-06-17,32.0807943800,32.7357010200,31.9652226200,32.3215688800,1019598,34187982.5200,1.615300,0.629700
2021-06-18,32.5045575000,32.5334504400,31.8111269400,32.2445210400,1009940,33633932.2400,1.600000,-0.238400
2021-06-21,32.2059971200,32.9186896400,31.8978057600,32.8416418000,1049352,35553440.9200,1.662500,1.851900
2021-06-22,32.7742249400,32.8609037600,32.2926759400,32.4756645600,912138,30759757.1200,1.445100,-1.114400
2021-06-23,32.3119379000,32.4852955400,31.8400198800,32.0422704600,1018485,33942954.7700,1.613600,-1.334500
2021-06-24,32.1578422200,32.3311998600,31.4547806800,31.4836736200,851200,28042260.0000,1.348500,-1.743300
2021-06-25,31.4066257800,31.7340791000,31.3969948000,31.4836736200,760051,24859903.2500,1.204100,0.000000
2021-06-28,31.4740426400,31.6666622400,30.8961838400,31.2043752000,741496,24079759.0200,1.174700,-0.887100
2021-06-29,30.9636007000,31.3777328400,30.0101336800,30.1353364200,1386700,43903710.1200,2.196900,-3.425900
2021-06-30,29.8656689800,31.7340791000,29.8078831000,31.1658512800,1672120,53703495.2400,2.649100,3.419600
2021-07-01,31.1273273600,32.5527124000,30.4338968000,30.6939332600,1225721,40068191.3200,1.941900,-1.514200
2021-07-02,30.6361473800,31.5510904800,29.8560380000,29.9138238800,1454700,46162372.0000,2.304700,-2.541600
2021-07-05,29.9619787800,30.3375870000,28.7292133400,29.3167031200,1883526,57242361.2800,2.984000,-1.996100
2021-07-06,29.2589172400,29.7115733000,28.9892498000,29.5671086000,766924,23365577.7200,1.215000,0.854100
2021-07-07,29.3263341000,29.6537874200,29.1818694000,29.3552270400,700400,21355406.0000,1.109600,-0.716600
2021-07-08,29.4804297800,29.5960015400,28.9988807800,29.4322748800,957792,29093749.0600,1.517400,0.262500
2021-07-09,29.4515368400,29.4515368400,28.8929400000,29.2203933200,797248,24084517.1200,1.263100,-0.719900
2021-07-12,29.3552270400,29.7982521200,29.1529764600,29.6441564400,1158978,35449398.8200,1.836200,1.450200
2021-07-13,29.6345254600,30.4146348400,29.4900607600,30.1449674000,1117850,34880400.1600,1.771000,1.689400
2021-07-14,29.7597282000,30.3375870000,29.3648580200,29.4322748800,1015718,31296312.7400,1.609200,-2.364200
2021-07-15,29.1626074400,29.2396552800,28.2091404200,28.8158921600,1734241,51614419.9000,2.747500,-2.094200
2021-07-16,28.7388443200,28.7388443200,28.2091404200,28.3632361000,942844,27759705.7600,1.493700,-1.570900
2021-07-19,28.3632361000,28.3632361000,27.4386620200,27.5542337800,1003397,28835543.5100,1.589700,-2.852300
2021-07-20,27.3905071200,27.8624251400,27.1401016400,27.6601745600,574198,16425631.8000,0.909700,0.384500
2021-07-21,27.4579239800,28.0068898400,27.4579239800,27.7564843600,603290,17376474.8000,0.955800,0.348200
2021-07-22,27.7564843600,27.8335322000,27.4964479000,27.6409126000,561600,16126983.0000,0.889700,-0.416400
2021-07-23,27.5927577000,27.7468533800,26.9667440000,26.9956369400,986338,27953519.5200,1.562600,-2.334500
2021-07-26,26.9667440000,27.1593636000,25.7243475800,26.0614318800,1096500,30034914.1200,1.737200,-3.460600
2021-07-27,26.1192177600,27.3905071200,26.1192177600,26.7741244000,1338788,37261159.1500,2.121000,2.734700
2021-07-28,26.7259695000,27.0437918400,25.8110264000,26.3599922600,881460,24102259.5000,1.396500,-1.546800
2021-07-29,26.4081471600,26.9667440000,26.3888852000,26.5429808800,705555,19482631.3900,1.117800,0.694200
2021-07-30,26.8704342000,26.8704342000,25.9265981600,26.2540514800,646997,17588717.3000,1.025000,-1.088500
2021-08-02,26.4274091200,28.8833090200,26.0132769800,28.8833090200,1506038,43855199.3100,2.386000,10.014700
2021-08-03,29.7019423200,30.1353364200,28.6232725600,28.6810584400,3084308,94707011.0500,4.886400,-0.700200
2021-08-04,28.4210219800,29.6826803600,28.4210219800,28.8929400000,1411992,42672376.6600,2.237000,0.738800
2021-08-05,28.8929400000,30.0293956400,28.5462247200,29.5671086000,1766497,53952496.9000,2.798600,2.333300
2021-08-06,29.6923113400,30.0197646600,29.0181427400,29.2396552800,1030647,31434964.5500,1.632800,-1.107500
2021-08-09,29.1915003800,29.2396552800,28.7292133400,29.1144525400,762052,22930043.4000,1.207300,-0.428200
2021-08-10,29.1144525400,29.6537874200,28.9122019600,29.1818694000,698000,21155803.0000,1.105800,0.231600
2021-08-11,29.2781792000,29.2781792000,28.9892498000,28.9988807800,746698,22542242.6000,1.183000,-0.627100
2021-08-12,28.9699878400,29.2685482200,28.4595459000,28.5654866800,949701,28378275.3900,1.504600,-1.494500
2021-08-13,28.5654866800,28.6425345200,28.0068898400,28.2284023800,966572,28366986.6200,1.531300,-1.180000
2021-08-16,28.2958192400,29.1048215600,28.0261518000,28.4980698200,885898,26423604.3900,1.403500,0.955300
2021-08-17,28.4113910000,28.5365937400,27.3905071200,27.4675549600,1034723,30013476.4700,1.639300,-3.616100
2021-08-18,27.4675549600,28.0068898400,27.2171494800,27.9298420000,615683,17617479.8800,0.975400,1.683000
2021-08-19,27.9394729800,27.9394729800,27.0052679200,27.2845663400,981500,27818333.0000,1.555000,-2.310300
2021-08-20,27.2364114400,27.4001381000,26.7741244000,26.9282200800,690663,19381568.7400,1.094200,-1.306000
2021-08-23,27.0148989000,27.9972588600,27.0148989000,27.7853773000,906280,26032268.5700,1.435800,3.183100
2021-08-24,27.7853773000,28.6425345200,27.5446028000,28.3054502200,1056664,30877016.6800,1.674100,1.871800
2021-08-25,28.3054502200,29.1433454800,28.2187714000,28.8736780400,1193750,35714909.0000,1.891200,2.007500
2021-08-26,28.9025709800,28.9410949000,27.2460424200,27.4386620200,2128694,61639132.9200,3.372500,-4.970000
2021-08-27,27.4001381000,27.4001381000,26.8608032200,26.9860059600,966880,27168660.3600,1.531800,-1.649700
2021-08-30,26.8319102800,27.6120196600,26.8319102800,27.2267804600,1322956,37408157.3400,2.095900,0.892200
2021-08-31,27.1401016400,27.2653043800,26.6103977400,26.8222793000,932830,25940120.6000,1.477900,-1.485700
2021-09-01,26.8222793000,26.9282200800,26.1770036400,26.7259695000,1091733,30098274.1700,1.729600,-0.359100
2021-09-02,26.6778146000,26.7067075400,26.3888852000,26.6296597000,642693,17714532.3000,1.018200,-0.360400
2021-09-03,26.7548624400,27.3134592800,26.7163385200,26.9667440000,657326,18397010.1900,1.041400,1.265800
2021-09-06,26.9763749800,27.4001381000,26.6874455800,27.1689945800,766187,21552535.6100,1.213900,0.750000
2021-09-07,27.2075185000,28.5173317800,27.1786255600,27.9587349400,1368886,39811434.1700,2.168700,2.906800
2021-09-08,27.9587349400,28.2284023800,27.6601745600,27.8335322000,932850,26947004.6900,1.477900,-0.447800
2021-09-09,27.6986984800,27.8431631800,27.4194000600,27.5253408400,621649,17789499.3200,0.984900,-1.107300
2021-09-10,27.5253408400,28.4017600200,27.3327212400,28.1417235600,1311930,38079484.1400,2.078500,2.239300
2021-09-13,28.4113910000,28.6232725600,27.8527941600,27.8720561200,1026555,30014189.9200,1.626400,-0.958200
2021-09-14,27.8816871000,28.2091404200,27.5349718200,27.6216506400,785097,22730127.6400,1.243800,-0.898400
2021-09-15,27.6409126000,27.7179604400,27.4097690800,27.5831267200,528452,15092105.0400,0.837200,-0.139500
2021-09-16,27.5831267200,27.6794365200,26.7933863600,27.0052679200,920431,26014216.5900,1.458200,-2.095000
2021-09-17,27.0245298800,27.2171494800,26.6007667600,26.9282200800,469957,13120172.2500,0.744500,-0.285300
2021-09-22,26.7741244000,27.0148989000,26.4851950000,26.7644934200,419871,11635485.8000,0.665200,-0.608000
2021-09-23,26.8222793000,27.1497326200,26.8222793000,26.9667440000,438956,12304891.2600,0.695400,0.755700
2021-09-24,26.9571130200,27.1208396800,26.7356004800,26.7548624400,445860,12466855.8600,0.706400,-0.785700
2021-09-27,27.1208396800,27.3038283000,26.7259695000,26.7356004800,591065,16532286.2500,0.936400,-0.072000
2021-09-28,26.6296597000,26.7356004800,26.3503612800,26.4177781400,487728,13391567.4500,0.772700,-1.188800
2021-09-29,26.1962656000,26.3310993200,25.8495503200,25.8495503200,550540,14870683.6000,0.872200,-2.150900
2021-09-30,26.3022063800,26.3888852000,25.7243475800,25.8977052200,480123,12941058.2700,0.760700,0.186300
2021-10-08,26.0903248200,26.6970765600,26.0903248200,26.4755640200,550229,15101811.4700,0.871700,2.231300
2021-10-11,26.4851950000,27.2171494800,26.3214683400,26.7067075400,554514,15410610.8400,0.878500,0.873000
2021-10-12,26.8511722400,26.8511722400,26.1481107000,26.2636824600,424932,11628229.1100,0.673200,-1.658900
2021-10-13,26.5622428400,26.6970765600,26.2636824600,26.5622428400,275300,7560580.0000,0.436200,1.136800
2021-10-14,26.6392906800,26.6392906800,26.0036460000,26.3407303000,506880,13808682.8000,0.803000,-0.833900
2021-10-15,26.4948259800,26.8222793000,26.2925754000,26.6296597000,852886,23490742.1200,1.351200,1.096900
2021-10-18,26.7356004800,26.7356004800,26.0806938400,26.2155275600,711988,19448327.5600,1.128000,-1.555200
2021-10-19,26.4370401000,28.1802474800,26.4370401000,27.7757463200,2682908,76574749.7900,4.250500,5.951500
2021-10-20,27.4482930000,27.9876278800,27.0437918400,27.1978875200,1954126,55605636.1200,3.095900,-2.080400
2021-10-21,26.9763749800,27.2556734000,26.7259695000,26.8704342000,1087561,30378444.7500,1.723000,-1.204000
2021-10-22,26.8222793000,26.9378510600,26.6874455800,26.8415412600,648486,18036052.7400,1.027400,-0.107500
2021-10-25,26.4851950000,26.8126483200,26.1770036400,26.4851950000,646992,17729939.3200,1.025000,-1.327600
2021-10-26,26.3888852000,26.6585526400,26.2733134400,26.4948259800,586134,16089439.4100,0.928600,0.036400
2021-10-27,26.4177781400,26.9474820400,26.0325389400,26.9185891000,1059453,29091262.5200,1.678500,1.599400
2021-10-28,26.3407303000,26.3407303000,25.3583703400,25.4065252400,1540691,41131951.1300,2.440900,-5.617200
2021-10-29,25.2042746600,25.4257872000,24.7805115400,25.2716915200,728384,18970778.1800,1.154000,-0.530700
2021-11-01,25.2331676000,25.4932040600,25.0405480000,25.1561197600,625915,16419595.7800,0.991600,-0.457300
2021-11-02,25.1368578000,25.4257872000,24.6553088000,24.7997735000,773295,20057872.5600,1.225100,-1.416500
2021-11-03,24.8094044800,25.0212860400,24.7419876200,24.8864523200,398037,10274507.5200,0.630600,0.349500
2021-11-04,25.0020240800,25.2716915200,24.8768213400,25.1946436800,497780,12995742.4000,0.788600,1.238400
2021-11-05,25.2331676000,25.6761926800,25.1368578000,25.3680013200,577806,15246820.7000,0.915400,0.688100
2021-11-08,25.1464887800,25.4161562200,24.8479284000,25.1657507400,663418,17276434.2000,1.051000,-0.797300
2021-11-09,24.9538691800,25.5124660200,24.9442382000,25.4546801400,587718,15464526.8800,0.931100,1.148100
2021-11-10,25.4643111200,26.4370401000,25.2524295600,26.3407303000,1657161,45002471.4800,2.625400,3.480900
2021-11-11,26.1770036400,26.4563020600,26.0518009000,26.3118373600,1008150,27478024.5000,1.597200,-0.109700
2021-11-12,26.3118373600,26.7067075400,26.3118373600,26.6585526400,866000,23903265.0000,1.372000,1.317700
2021-11-15,26.7741244000,27.7275914200,26.6681836200,27.7275914200,1997593,56839850.9600,3.164800,4.010100
2021-11-16,27.7275914200,27.9394729800,27.4290310400,27.4290310400,1297277,37220233.8900,2.055300,-1.076800
2021-11-17,27.4001381000,27.8239012200,27.2556734000,27.6986984800,1029527,29507259.8600,1.631100,0.983100
2021-11-18,27.6698055400,28.3921290400,27.6216506400,27.6505435800,1674643,48627629.8800,2.653100,-0.173900
2021-11-19,27.6505435800,28.1224616000,27.6505435800,27.8527941600,1119486,32445061.6000,1.773600,0.731500
2021-11-22,27.9202110200,29.1915003800,27.6890675000,28.3247121800,2557967,75718774.6300,4.052500,1.694300
2021-11-23,28.1320925800,28.3921290400,27.8142702400,28.1513545400,1459148,42532261.6000,2.311700,-0.612000
2021-11-24,28.4017600200,28.5365937400,27.8431631800,28.1513545400,1019724,29817184.8000,1.615500,0.000000
2021-11-25,28.1128306200,28.2669263000,27.8527941600,28.0261518000,856919,24937914.5600,1.357600,-0.444700
2021-11-26,28.1417235600,28.2572953200,27.8527941600,27.8913180800,755900,21962233.0000,1.197600,-0.481100
2021-11-29,27.3423522200,27.7564843600,27.2171494800,27.5638647600,735827,21020030.2500,1.165800,-1.174000
2021-11-30,27.9202110200,28.4113910000,27.4868169200,27.6698055400,877600,25433305.0200,1.390400,0.384300
2021-12-01,27.9298420000,28.1224616000,27.7661153400,27.9009490600,666700,19335530.0000,1.056200,0.835400
2021-12-02,28.0550447400,28.0550447400,27.1401016400,27.1593636000,932464,26543242.6400,1.477300,-2.657900
2021-12-03,27.1882565400,27.4386620200,27.0919467400,27.1978875200,542753,15341106.9900,0.859900,0.141800
2021-12-06,27.1978875200,27.2653043800,26.4081471600,26.5429808800,1109782,30718944.0000,1.758200,-2.407900
2021-12-07,26.5718738200,26.7644934200,25.5220970000,26.0036460000,1004484,27248801.2800,1.591400,-2.031900
2021-12-08,26.1192177600,27.3038283000,26.1095867800,26.9185891000,1230679,34219759.1200,1.949700,3.518500
2021-12-09,26.9667440000,27.0534228200,26.7933863600,26.9667440000,673131,18826638.6500,1.066400,0.178900
2021-12-10,26.9667440000,26.9667440000,26.6007667600,26.8608032200,640165,17772383.5000,1.014200,-0.392900
2021-12-13,26.8608032200,27.0726847800,26.5815048000,26.8704342000,609887,17034390.4700,0.966200,0.035900
2021-12-14,26.8704342000,27.7372224000,26.6296597000,27.6505435800,1366234,38774480.4000,2.164500,2.903200
2021-12-15,27.6505435800,30.3375870000,27.5253408400,28.9025709800,5387408,162913968.5200,8.535200,4.528000
2021-12-16,28.7677372600,29.8175140800,28.3632361000,29.1240835200,3501219,105918658.8300,5.546900,0.766400
2021-12-17,29.1337145000,29.2300243000,28.5269627600,28.8255231400,2010179,60088102.0300,3.184700,-1.025100
2021-12-20,28.6232725600,29.0181427400,27.9298420000,28.0165208200,1447849,42552532.4900,2.293800,-2.806500
2021-12-21,27.7950082800,28.9025709800,27.7950082800,28.9025709800,1739411,51637503.1900,2.755700,3.162600
2021-12-22,28.9796188200,30.1353364200,28.6425345200,30.0005027000,2922944,90141565.5100,4.630800,3.798700
2021-12-23,30.0486576000,30.1738603400,29.2781792000,29.3744890000,1598362,49012934.2800,2.532300,-2.086700
2021-12-24,29.3841199800,29.5671086000,28.5751176600,28.7195823600,1261672,37811650.4000,1.998800,-2.229500
2021-12-27,28.9892498000,29.3263341000,28.3054502200,28.6136415800,1165400,34836827.2000,1.846300,-0.368900
2021-12-28,28.6040106000,30.0390266200,28.3921290400,30.0390266200,2920405,89925131.0400,4.626800,4.981500
2021-12-29,30.0486576000,31.2428991200,29.3744890000,31.0117556000,4895722,155141271.2400,7.756200,3.238200
2021-12-30,30.8961838400,34.0647762600,30.6746713000,33.9973594000,8375491,284301359.8000,13.269200,9.627300
2021-12-31,33.9877284200,33.9973594000,32.4082477000,33.2365119800,5234226,179477653.2000,8.292500,-2.238000
2022-01-04,33.2268810000,34.5559562400,32.6201292600,32.9668445400,4068989,141162346.8100,6.446400,-0.811400
2022-01-05,32.9668445400,33.6024892200,31.9844845800,32.7357010200,2798320,95074563.2000,4.433300,-0.701100
2022-01-06,32.6490222000,32.6779151400,31.6281383200,31.9459606600,2142696,71119679.8000,3.394600,-2.412500
2022-01-07,31.9266987000,32.4082477000,31.7437100800,31.7629720400,1650547,54830488.5400,2.614900,-0.572800
2022-01-10,31.5029355800,31.7340791000,30.3375870000,31.7340791000,1945081,62771740.7200,3.081600,-0.091000
2022-01-11,31.5799834200,32.4852955400,30.5109446400,30.7420881600,2044189,66450657.6900,3.238600,-3.125900
2022-01-12,30.9154458000,31.3969948000,30.7324571800,31.2043752000,1218839,39481588.7700,1.931000,1.503800
2022-01-13,31.1369583400,31.9748536000,30.8191360000,31.2043752000,1570604,51256049.4400,2.488300,0.000000
2022-01-14,31.0695414800,32.1963661400,30.8287669800,32.0326394800,2028069,66918865.5300,3.213000,2.654300
2022-01-17,31.8785438000,33.2846668800,31.8400198800,32.9668445400,3000103,101687462.0000,4.753000,2.916400
2022-01-18,32.9668445400,32.9668445400,31.4066257800,31.4933046000,2240301,74611693.3200,3.549300,-4.469800
2022-01-19,31.4933046000,32.0711634000,31.0117556000,31.4836736200,1618959,52630046.2100,2.564900,-0.030600
2022-01-20,31.0310175600,31.4740426400,28.8833090200,29.1626074400,3372631,103958248.3300,5.343200,-7.372300
2022-01-21,28.9796188200,32.0519014400,28.9796188200,31.3969948000,5153751,165444393.0300,8.165000,7.661800
2022-01-24,31.3006850000,32.2059971200,30.8287669800,31.2814230400,1544791,50059241.0400,2.447400,-0.368100
2022-01-25,31.0599105000,31.6088763600,29.4707988000,29.5671086000,2033521,63670467.8600,3.221700,-5.480300
2022-01-26,30.1353364200,30.9443387400,29.0470356800,30.5013136600,1833234,57221672.5200,2.904400,3.159600
2022-01-27,30.8191360000,30.8191360000,29.1818694000,29.2492862600,1208847,37036649.5700,1.915200,-4.104800
2022-01-28,29.2492862600,29.7597282000,29.0951905800,29.1529764600,887000,27061326.5700,1.405300,-0.329300
2022-02-07,29.7115733000,29.8464070200,28.6617964800,29.1529764600,949707,28542534.6700,1.504600,0.000000
2022-02-08,28.9025709800,29.1818694000,28.1802474800,29.1337145000,715980,21396137.6000,1.134300,-0.066100
2022-02-09,29.0855596000,30.1257054400,29.0855596000,29.9523478000,896000,27700002.4800,1.419500,2.809900
2022-02-10,29.9716097600,30.0486576000,29.2781792000,29.4707988000,952652,29189393.9900,1.509300,-1.607700
2022-02-11,29.4804297800,29.4900607600,28.4788078600,28.4884388400,1138072,33991429.5500,1.803000,-3.333300
2022-02-14,28.2187714000,28.4691768800,27.1689945800,27.3616141800,1188697,34180849.3700,1.883200,-3.955400
2022-02-15,27.5638647600,27.7083294600,27.0437918400,27.3519832000,901298,25577430.0800,1.427900,-0.035200
2022-02-16,27.6120196600,27.9202110200,27.1112087000,27.2460424200,862688,24494467.3600,1.366700,-0.387300
2022-02-17,27.2556734000,27.5157098600,26.7933863600,26.9474820400,831700,23340355.0000,1.317600,-1.095800
2022-02-18,26.9474820400,27.2364114400,26.8704342000,27.1689945800,527905,14832500.1300,0.836400,0.822000
2022-02-21,27.0630538000,27.7853773000,26.9667440000,27.6986984800,799599,22914178.3100,1.266800,1.949700
2022-02-22,27.5446028000,27.5446028000,26.8126483200,26.9474820400,862969,24201330.3400,1.367200,-2.712100
2022-02-23,26.9860059600,27.5349718200,26.8800651800,27.3327212400,633400,17922304.0000,1.003500,1.429600
2022-02-24,27.2556734000,27.3905071200,25.6087758200,26.0036460000,2109000,57982178.0000,3.341300,-4.862600
2022-02-25,26.2733134400,26.5815048000,25.6472997400,25.7243475800,1316161,35478135.3100,2.085200,-1.074100
2022-02-28,25.9747530600,26.9089581200,25.0405480000,26.7741244000,1979662,53256752.0000,3.136300,4.080900
2022-03-01,26.5815048000,26.8319102800,26.3503612800,26.4755640200,622200,17159930.0000,0.985700,-1.115100
2022-03-02,26.2925754000,26.5044569600,25.9554911000,26.0036460000,753750,20460030.0000,1.194200,-1.782500
2022-03-03,26.1962656000,26.1962656000,25.6184068000,25.6665617000,831699,22262634.0000,1.317600,-1.296300
2022-03-04,25.7436095400,25.9073362000,25.1079648600,25.2331676000,1406447,37009429.0000,2.228200,-1.688600
2022-03-07,25.2813225000,25.2813225000,24.0774500000,24.4241652800,1807920,46065855.0000,2.864300,-3.206100
2022-03-08,24.3663794000,24.7516186000,23.2106618000,23.4225433600,1443797,35670159.0000,2.287400,-4.100900
2022-03-09,23.8848304000,24.0196641200,21.8623246000,22.7772677000,1874120,44486186.0000,2.969100,-2.754900
2022-03-10,23.1143520000,23.4803292400,22.8157916200,23.1528759200,1356344,32726488.0000,2.148800,1.649000
2022-03-11,23.0469351400,23.5573770800,22.3920285000,23.5477461000,1117988,26691212.0000,1.771200,1.705500
2022-03-14,22.9987802400,23.5381151200,22.6616959400,22.6616959400,926644,22111736.0000,1.468100,-3.762800
2022-03-15,22.2764567400,22.5846481000,21.3229897200,21.3422516800,1320757,30081023.0000,2.092500,-5.822400
2022-03-16,21.8526936200,21.9586344000,20.9088575800,21.9297414600,1240600,27662813.0000,1.965500,2.752700
2022-03-17,22.1223610600,22.8061606400,22.1223610600,22.4401834000,1248100,29088669.0000,1.977300,2.327600
2022-03-18,22.4401834000,24.6842017400,22.3149806600,24.6842017400,3739039,93478239.9000,5.923700,10.000000
2022-03-21,27.1497326200,27.1497326200,25.8013954200,27.1497326200,7397480,206393035.4700,11.719700,9.988300
2022-03-22,26.0036460000,29.8560380000,25.3102154400,26.1095867800,11932290,341068447.0400,18.904100,-3.831100
2022-03-23,26.2925754000,26.8126483200,24.8671903600,24.9731311400,7169029,188213043.3100,11.357800,-4.352600
2022-03-24,24.7034637000,25.2139056400,24.1833907800,24.5204750800,3471474,88754196.5800,5.499800,-1.812600
2022-03-25,24.5686299800,24.8960833000,23.7788896200,23.8463064800,2727693,68605322.8800,4.321400,-2.749400
2022-03-28,23.7596276600,24.0774500000,23.1336139600,23.5381151200,1696869,41719710.5000,2.688300,-1.292400
2022-03-29,23.7499966800,23.7885206000,22.9987802400,23.0854590600,1615783,39137675.8200,2.559900,-1.923100
2022-03-30,23.2877096400,23.6729488400,23.1625069000,23.5862700200,1539603,37475357.2400,2.439200,2.169400
2022-03-31,23.5862700200,23.7788896200,23.3069716000,23.4032814000,1273392,31041188.7200,2.017400,-0.775800
2022-04-01,23.3069716000,25.1850127000,23.2299237600,25.0405480000,3274254,82083261.5400,5.187300,6.995900
2022-04-06,24.3182245000,25.0887029000,24.0870809800,24.7419876200,2693692,68808236.8400,4.267600,-1.192300
2022-04-07,24.8768213400,25.6280377800,24.3663794000,25.4739421000,3610000,94286105.0000,5.719300,2.958300
2022-04-08,25.3294774000,25.3294774000,24.1544978400,24.4241652800,2609598,66847975.3600,4.134300,-4.121000
2022-04-11,24.6842017400,25.4739421000,24.4915821400,24.5782609600,2520742,65337031.1400,3.993600,0.630900
2022-04-12,24.1448668600,25.3294774000,23.7788896200,25.3294774000,2571771,66397082.5200,4.074400,3.056400
2022-04-13,25.3005844600,25.3005844600,24.4626892000,24.9442382000,2032269,52456919.3800,3.219700,-1.520900
2022-04-14,24.4723201800,24.6360468400,23.2299237600,23.3166025800,2889496,71438454.2800,4.577800,-6.525100
2022-04-15,23.2684476800,23.4321743400,22.0549442000,22.1127300800,2163596,50368209.1400,3.427800,-5.163200
2022-04-18,22.1416230200,22.5268622200,21.8623246000,22.4883383000,984792,22823108.1600,1.560200,1.698600
2022-04-19,22.4883383000,22.9506253400,22.2668257600,22.6905888800,1104900,25952817.0000,1.750500,0.899400
2022-04-20,22.7291128000,23.3069716000,22.3727665400,22.5076002600,1394600,33098086.0000,2.209400,-0.806500
2022-04-21,22.5076002600,22.5076002600,21.4000375600,21.4481924600,1475540,33548120.6000,2.337700,-4.706900
2022-04-22,21.2844658000,21.6600740200,21.0629532600,21.4578234400,809184,17930010.9800,1.282000,0.044900
2022-04-25,20.9955364000,21.0725842400,19.3101149000,19.3101149000,1666431,34626519.1300,2.640100,-10.009000
2022-04-26,19.2523290200,19.4642105800,18.1832902400,18.3662788600,1316324,25888840.9200,2.085400,-4.887800
2022-04-27,18.2507071000,19.3101149000,18.0580875000,19.2812219600,1300914,25244978.4000,2.061000,4.981600
2022-04-28,19.1752811800,19.5027345000,18.8767208000,19.0886023600,877492,17479240.1000,1.390200,-0.999000
2022-04-29,19.3486388200,19.8012948800,19.2234360800,19.6375682200,1102312,22425058.5200,1.746400,2.875900
2022-05-05,19.6086752800,20.1769031000,19.3101149000,19.7820329200,1192600,24480976.0000,1.889400,0.735700
2022-05-06,19.3582698000,19.9842835000,19.1945431400,19.8398188000,1003675,20472955.5900,1.590100,0.292100
2022-05-09,19.8109258600,20.6102972000,19.7724019400,20.3695227000,956271,20108234.2800,1.515000,2.669900
2022-05-10,20.1769031000,22.4112904600,20.1287482000,22.4112904600,1875284,41856065.9400,2.971000,10.023600
2022-05-11,23.3069716000,24.0774500000,22.4787073200,22.4979692800,5631781,136386213.2800,8.922300,0.386800
2022-05-12,22.2668257600,23.4610672800,21.9971583200,22.9121014200,3510813,82478556.7600,5.562100,1.840800
2022-05-13,23.2780786600,23.8077825600,22.5364932000,23.5284841400,3735388,90432964.3000,5.917900,2.690200
2022-05-16,23.7129921600,23.7906760000,22.5380240800,22.8196280000,2505809,59278333.2000,3.969900,-3.012800
2022-05-17,22.9555747200,23.0818109600,22.3535249600,22.5186031200,1506498,34941524.7000,2.386700,-1.319100
2022-05-18,22.8293384800,23.4508092000,22.5865764800,22.7031022400,2353900,55710973.0000,3.729200,0.819300
2022-05-19,22.3826564000,23.0138376000,22.3535249600,22.6933917600,1616214,37770588.7400,2.560500,-0.042800
2022-05-20,22.7031022400,22.9167328000,22.4991821600,22.7031022400,1355916,31667389.4000,2.148200,0.042800
2022-05-23,22.9749956800,23.6838607200,22.6836812800,23.1594948000,2250630,53571692.6700,3.565600,2.010300
2022-05-24,22.8584699200,23.1109424000,21.9262638400,21.9359743200,2039440,47260614.6000,3.231100,-5.283000
2022-05-25,21.9262638400,22.4797612000,21.9262638400,22.2564201600,1187100,27193810.0000,1.880700,1.460800
2022-05-26,22.1107629600,24.4801200800,21.7029228000,24.4801200800,2883736,69198874.5600,4.568700,9.991300
2022-05-27,25.2084060800,25.7133510400,24.1790952000,24.7811449600,7316563,187610526.5400,11.591500,1.229700
2022-05-30,24.2762000000,24.9850650400,24.0528589600,24.3150419200,3715551,93585878.0200,5.886500,-1.880900
2022-05-31,24.3635943200,24.4509886400,23.7906760000,23.9266227200,2319738,57327753.4400,3.675100,-1.597400
2022-06-01,24.0819904000,24.1305428000,23.5479140000,23.8586493600,1711727,42009638.0900,2.711900,-0.284100
2022-06-02,23.8489388800,24.0237275200,23.3634148800,23.9751751200,1938800,47458816.0000,3.071600,0.488400
2022-06-06,23.9460436800,24.4606991200,23.8877808000,24.2082266400,2098260,52257142.6000,3.324200,0.972100
2022-06-07,24.2664895200,24.7520135200,23.4993616000,23.9266227200,1888000,46723323.8000,2.991100,-1.163300
2022-06-08,23.8974912800,24.2567790400,23.2274681600,23.6450188000,1600346,39092663.2700,2.535400,-1.176900
2022-06-09,23.7032816800,24.7617240000,23.3634148800,24.4606991200,3372254,84141280.0100,5.342600,3.449700
2022-06-10,24.1985161600,24.5286724800,23.5964664000,24.1888056800,2910592,72007875.1600,4.611200,-1.111600
2022-06-13,23.8974912800,24.1596742400,23.6547292800,24.0431484800,1630699,40069273.0600,2.583500,-0.602200
2022-06-14,23.7712550400,23.7712550400,22.6254184000,23.5187825600,2271205,54318861.0000,3.598200,-2.180900
2022-06-15,23.5284930400,24.2179371200,23.4410987200,23.6644397600,2082400,51131581.0000,3.299100,0.619300
2022-06-16,23.8295179200,24.7131716000,23.8295179200,24.1985161600,2629778,65832348.8700,4.166300,2.256900
2022-06-17,24.1888056800,24.3538838400,23.6547292800,24.1305428000,1619842,40096987.7200,2.566300,-0.280900
2022-06-20,24.1499637600,24.4121467200,23.9266227200,24.4121467200,1522700,38042084.0000,2.412400,1.167000
2022-06-21,24.3344628800,25.1404327200,24.0819904000,24.2179371200,3078375,77899633.7500,4.877000,-0.795500
2022-06-22,24.2664895200,24.4704096000,23.1692052800,23.2177576800,2525303,61433556.2600,4.000800,-4.129900
2022-06-23,23.3051520000,25.5385624000,23.3051520000,25.5385624000,4002989,103164081.8200,6.341900,9.995800
2022-06-24,25.8007453600,27.1893440000,25.2472480000,25.2472480000,9086695,243769757.7600,14.395900,-1.140700
2022-06-27,25.1404327200,25.6065357600,24.7617240000,24.9947755200,4007391,103129174.3000,6.348800,-1.000000
2022-06-28,25.0239069600,25.4705890400,24.7617240000,25.2958004000,3257869,84516915.0800,5.161400,1.204400
2022-06-29,25.1695641600,25.9755340000,24.6937506400,25.6259567200,5063329,132414697.3100,8.021800,1.305200
2022-06-30,26.0435073600,28.1895234400,25.0141964800,27.3738431200,7575770,206754160.6500,12.002200,6.820800
2022-07-01,27.0631077600,28.1118396000,26.2474274400,26.4707684800,5235398,146495189.5900,8.294400,-3.299000
2022-07-04,26.4804789600,26.9660029600,25.7813244000,26.1211912000,3022903,81490891.3000,4.789100,-1.320600
2022-07-05,26.0240864000,26.1503226400,25.0530384000,25.3637737600,2424900,63722446.0000,3.841700,-2.899600
2022-07-06,25.3443528000,26.7620828800,25.1210117600,26.1697436000,3712300,99182727.3000,5.881300,3.177600
2022-07-07,25.8298768000,26.0337968800,24.9268021600,25.3831947200,2762866,72188294.5900,4.288800,-3.005600
2022-07-08,25.4123261600,25.7133510400,24.8588288000,25.1113012800,1870800,48621692.0000,2.904100,-1.071200
2022-07-11,25.1501432000,26.6746885600,24.3247524000,26.5678732800,4861079,129319452.2400,7.545900,5.800500
2022-07-12,26.6843990400,27.1893440000,26.2377169600,27.0145553600,4066817,112071719.6000,6.313000,1.681300
2022-07-13,27.1407916000,29.7140688000,27.0922392000,29.7140688000,9681175,289544889.7000,15.028200,9.992800
2022-07-14,28.1603920000,28.6070740800,26.7426619200,26.7426619200,8841655,250188778.7000,13.725000,-10.000000
2022-07-15,26.1017702400,26.1017702400,25.2472480000,25.3929052000,4883763,128714864.9500,7.581100,-5.047200
2022-07-18,25.3929052000,26.1600331200,25.1501432000,26.1503226400,2952260,77982222.9400,4.582800,2.982800
2022-07-19,26.3251112800,27.1602125600,25.8395872800,26.8980296000,3630152,99107233.4300,5.635100,2.859300
2022-07-20,26.9174505600,27.4806584000,26.6358466400,27.0048448800,2895482,80424664.3200,4.494700,0.397100
2022-07-21,27.0728182400,28.4517064000,26.5096104000,28.0244452800,5477900,156166337.7800,8.503400,3.775600
2022-07-22,27.8690776000,28.3934435200,27.0922392000,27.5000793600,3102526,88355608.9800,4.816100,-1.871100
2022-07-25,27.7039994400,28.3060492000,27.0339763200,28.1506815200,3252437,93255774.6500,5.048800,2.365800
2022-07-26,28.0632872000,28.0632872000,27.4903688800,27.6748680000,2102087,60012029.5400,3.263100,-1.690200
2022-07-27,27.4321060000,27.8205252000,26.9562924800,27.5195003200,2650287,74657242.4100,4.114100,-0.561400
2022-07-28,27.5777632000,27.9176300000,27.0825287200,27.1310811200,2298687,65115142.7100,3.568300,-1.411400
2022-07-29,27.1893440000,29.8403050400,26.8106352800,29.8403050400,11057245,333071071.7700,17.164300,9.985700
2022-08-01,29.2285448000,30.0927775200,28.4517064000,28.7527312800,10233989,306896044.2600,15.886300,-3.644600
2022-08-02,28.5196797600,28.6459160000,27.2184754400,28.3351806400,5751902,166465276.8700,8.928700,-1.452200
2022-08-03,28.2283653600,29.1897028800,28.0147348000,28.5196797600,5554009,162678786.5700,8.621500,0.651100
2022-08-04,28.5002588000,29.0925980800,27.7719728000,29.0925980800,4051612,118460088.1500,6.289400,2.008900
2022-08-05,29.4713068000,29.5878325600,28.6070740800,28.7721522400,4734998,141207435.1600,7.350200,-1.101500
2022-08-08,28.7624417600,29.5101487200,28.2866282400,29.4713068000,4127129,123380396.4000,6.406600,2.430000
2022-08-09,29.3353600800,30.6656958400,29.0149142400,29.5198592000,5298854,163091498.6700,8.225500,0.164700
2022-08-10,29.0246247200,29.9179888800,28.5488112000,29.8111736000,3978327,119503415.0000,6.175600,0.986800
2022-08-11,29.5004382400,30.3452500000,29.1314400000,29.5684116000,3785469,116153079.1700,5.876200,-0.814300
2022-08-12,29.8111736000,30.0345146400,29.3547810400,30.0345146400,3208222,98343484.1300,4.980200,1.576400
2022-08-15,30.2481452000,31.3162980000,29.3450705600,29.5489906400,4505133,140038170.9500,6.993400,-1.616600
2022-08-16,29.4227544000,30.2384347200,28.8401256000,30.1024880000,3688653,112194100.4400,5.725900,1.873200
2022-08-17,29.8111736000,30.4132233600,29.7140688000,29.9568308000,3261232,100759042.9200,5.062400,-0.483900
2022-08-18,29.7723316800,29.9082784000,29.2188343200,29.2479657600,3035785,92051630.4100,4.712500,-2.366300
2022-08-19,29.2285448000,30.2287242400,29.1799924000,29.3839124800,3953885,121174940.4400,6.137700,0.464800
2022-08-22,29.6655164000,30.1024880000,29.2285448000,29.6655164000,2618065,79824029.8000,4.064000,0.958400
2022-08-23,29.7140688000,29.8597260000,28.3837330400,28.5876531200,3591900,107329447.3500,5.575700,-3.633400
2022-08-24,28.5876531200,28.5876531200,26.6067152000,26.6746885600,3494340,97818868.5500,5.424300,-6.691600
2022-08-25,26.3348217600,26.6941095200,25.0239069600,25.8298768000,3987133,105181306.6000,6.189300,-3.167100
2022-08-26,26.0143759200,26.3930846400,24.8491183200,25.0239069600,2373549,62243193.7700,3.684500,-3.120300
2022-08-29,24.3247524000,25.1307222400,24.1693847200,24.6743296800,1511624,38548809.1200,2.346500,-1.397000
2022-08-30,24.6743296800,25.0627488800,24.4704096000,24.8976707200,1447380,36997946.4000,2.246800,0.905200
2022-08-31,24.8685392800,25.1404327200,23.7324131200,23.7421236000,1573188,39074749.5000,2.442100,-4.641200
2022-09-01,23.8586493600,24.3733048000,23.7518340800,24.0334380000,1152800,28517467.0000,1.789500,1.227000
2022-09-02,24.2567790400,24.8491183200,23.9169122400,24.7131716000,1415725,35726636.5000,2.197700,2.828300
2022-09-05,24.7131716000,24.8782497600,24.1111218400,24.4606991200,895680,22573697.8000,1.390400,-1.021600
2022-09-06,24.4606991200,24.6549087200,24.2762000000,24.4898305600,1009603,25409605.5400,1.567200,0.119100
2022-09-07,24.4412781600,24.8394078400,24.3733048000,24.6257772800,877500,22259822.1200,1.362200,0.555100
2022-09-08,24.8685392800,25.1113012800,24.5578039200,24.6743296800,988328,25239330.8000,1.534200,0.197200
2022-09-09,24.7034611200,24.8394078400,24.3733048000,24.4801200800,750700,18967172.9000,1.165300,-0.787100
2022-09-13,24.5480934400,24.8102764000,24.2664895200,24.3247524000,806796,20358115.8000,1.252400,-0.634700
2022-09-14,24.2373580800,24.2373580800,23.5479140000,24.0431484800,994600,24407463.2500,1.544000,-1.157700
2022-09-15,23.9266227200,24.2664895200,22.3341040000,22.5574450400,2099637,49759280.4300,3.259300,-6.179300
2022-09-16,22.6254184000,22.8196280000,22.2467096800,22.2467096800,1143398,26553312.1000,1.774900,-1.377500
2022-09-19,22.2855516000,22.5671555200,21.8485800000,22.5283136000,1308700,29988638.0000,2.031500,1.265800
2022-09-20,22.5380240800,23.0138376000,22.3535249600,22.4312088000,668000,15495143.0000,1.037000,-0.431000
2022-09-21,22.5574450400,22.5574450400,21.8000276000,22.4603402400,696800,15956458.0000,1.081700,0.129900
2022-09-22,22.4603402400,22.6933917600,22.2175782400,22.4991821600,836598,19424790.7200,1.298700,0.172900
2022-09-23,22.5283136000,22.5477345600,21.6640808800,21.7611856800,1058200,24006984.8400,1.642700,-3.280100
2022-09-26,21.8097380800,22.0913420000,21.5572656000,21.6932123200,698800,15718865.0000,1.084800,-0.312400
2022-09-27,21.8874219200,22.1301839200,21.6932123200,22.1301839200,856429,19352684.7300,1.329500,2.014300
2022-09-28,22.1301839200,22.1593153600,21.2950826400,21.3047931200,961400,21477035.0000,1.492400,-3.729700
2022-09-29,21.5766865600,21.7029228000,20.7804272000,20.8289796000,853500,18565238.0000,1.324900,-2.233400
2022-09-30,20.5862176000,21.1494254400,20.5862176000,20.8386900800,623552,13398128.2000,0.968000,0.046600
2022-10-10,20.7901376800,20.7998481600,20.1395355200,20.1977984000,826575,17361139.6200,1.283100,-3.075500
2022-10-11,20.2560612800,20.5667966400,19.9744573600,20.2657717600,533640,11118621.8000,0.828400,0.336500
2022-10-12,20.2657717600,21.3242140800,20.1104040800,21.2465302400,1027038,21922152.4400,1.594300,4.839500
2022-10-13,21.3533455200,22.0622105600,21.2562407200,21.8582904800,1497924,33552834.3600,2.325300,2.879300
2022-10-14,21.8291590400,22.4603402400,21.8097380800,22.2078677600,1094500,24939500.0000,1.699000,1.599300
2022-10-17,22.1787363200,22.8876013600,22.0427896000,22.7128127200,1257100,29219676.0000,1.951400,2.273700
2022-10-18,22.9167328000,22.9167328000,22.5088926400,22.5962869600,954252,22271665.1600,1.481300,-0.513000
2022-10-19,22.4506297600,22.7807860800,22.3341040000,22.5283136000,821400,19081732.0000,1.275100,-0.300800
2022-10-20,22.2369992000,23.1012319200,22.1010524800,22.6351288800,1326324,30906837.4800,2.058900,0.474100
2022-10-21,22.7225232000,23.1012319200,22.2564201600,22.6448393600,1054300,24640810.0000,1.636600,0.042900
2022-10-24,22.7225232000,22.9167328000,22.0427896000,22.1107629600,995100,23078504.0000,1.544700,-2.358500
2022-10-25,22.2855516000,22.3341040000,21.7029228000,22.0233686400,843461,19146345.8700,1.309300,-0.395300
2022-10-26,22.0330791200,23.1886262400,22.0330791200,22.8876013600,1334200,31292760.7800,2.071100,3.924200
2022-10-27,22.9652852000,23.1789157600,22.8390489600,23.0235480800,831136,19685045.5200,1.290200,0.594000
2022-10-28,23.3051520000,23.3051520000,21.8680009600,22.0622105600,946600,21896879.0000,1.469400,-4.175500
2022-10-31,21.5184236800,23.4313882400,21.1688464000,22.8681804000,2768600,64412425.9900,4.297800,3.653200
2022-11-01,22.6448393600,22.9652852000,22.3341040000,22.6351288800,1891911,44038745.4100,2.936900,-1.019100
2022-11-02,23.0138376000,24.2276476000,22.6836812800,23.9848856000,3495007,84587774.4000,5.425400,5.963100
2022-11-03,23.6255978400,23.7906760000,22.9264432800,23.1594948000,2912135,69619635.8000,4.520600,-3.441300
2022-11-04,23.0138376000,25.4802995200,22.8293384800,25.4802995200,4580212,115993401.3400,7.110000,10.021000
2022-11-07,25.4900100000,28.0244452800,25.3540632800,28.0244452800,11508891,317156298.3200,17.865700,9.984800
2022-11-08,27.0728182400,28.1506815200,26.5581628000,26.6455571200,8396783,234380739.0200,13.034600,-4.920300
2022-11-09,26.1211912000,27.7719728000,25.7813244000,26.6746885600,7261830,198541462.8800,11.272800,0.109300
2022-11-10,26.3056903200,29.3450705600,26.0240864000,28.5002588000,8857775,251243420.9300,13.750200,6.843800
2022-11-11,28.1701024800,29.6169640000,27.4806584000,28.5002588000,9429396,278130712.8700,14.637600,0.000000
2022-11-14,27.8982090400,28.3060492000,26.5872942400,26.8106352800,6102861,171598971.9600,9.473700,-5.928400
2022-11-15,27.0533972800,28.2283653600,26.7135304800,28.1021291200,4674996,132974494.3700,7.257200,4.817100
2022-11-16,27.8205252000,27.8787880800,27.1505020800,27.6068946400,3522899,99647434.7200,5.468700,-1.762300
2022-11-17,27.3835536000,28.6459160000,27.2184754400,28.4031540000,5053028,146837314.5300,7.844000,2.884300
2022-11-18,28.1409710400,28.5488112000,27.1310811200,27.2573173600,4032600,116207259.9400,6.259900,-4.034200
2022-11-21,27.2670278400,27.5389212800,26.2182960000,26.9465820000,3289626,90388572.6800,5.106600,-1.140000
2022-11-22,26.8300562400,28.0438662400,26.6261361600,27.4903688800,3799028,107145840.6800,5.897400,2.018000
2022-11-23,27.4903688800,27.5292108000,25.0433279200,25.1501432000,5190877,137969265.6200,8.058000,-8.512900
2022-11-24,25.1986956000,25.7327720000,24.8588288000,25.1695641600,2592188,67267746.8800,4.023900,0.077200
2022-11-25,25.4317471200,25.4511680800,24.4412781600,24.4509886400,2327759,59362882.6300,3.613500,-2.854900
2022-11-28,24.2664895200,24.7617240000,24.0043065600,24.2276476000,1600500,39949376.0000,2.484500,-0.913400
2022-11-29,24.2373580800,26.5387418400,24.1596742400,25.7910348800,3853626,101178308.1400,5.982100,6.452900
2022-11-30,25.7910348800,26.2377169600,25.3443528000,26.1017702400,2421000,64605191.8700,3.758200,1.204800
2022-12-01,26.9562924800,28.7138893600,26.7329514400,28.7138893600,4675673,136395940.7300,7.258200,10.007400
2022-12-02,29.2673867200,29.6169640000,27.6845784800,28.9178094400,8154067,238773962.4600,12.657800,0.710200
2022-12-05,28.5682321600,29.4033334400,28.2963387200,28.6362055200,4780309,141761269.8500,7.420600,-0.973800
2022-12-06,28.4808378400,29.0731771200,27.9953138400,28.2380758400,3378600,98871566.0000,5.244700,-1.390300
2022-12-07,28.1798129600,29.4033334400,27.8982090400,28.3448911200,3677585,108231926.7000,5.708800,0.378300
2022-12-08,28.3837330400,29.0149142400,27.5777632000,29.0149142400,4142286,121242917.8200,6.430200,2.363800
2022-12-09,28.9275199200,29.6169640000,28.4905483200,29.1994133600,4685703,140750105.9900,7.273800,0.635900
2022-12-12,28.8401256000,30.3161185600,28.5585216800,28.9372304000,4544188,137728049.2800,7.054100,-0.897900
2022-12-13,28.8595465600,29.2479657600,28.3254701600,28.9469408800,2754607,81479706.5400,4.276100,0.033600
2022-12-14,28.7041788800,29.4033334400,28.0729976800,28.6556264800,3040738,89784156.2700,4.720200,-1.006400
2022-12-15,28.4517064000,28.8595465600,27.9758928800,28.1215500800,2305068,67293212.0000,3.578200,-1.863800
2022-12-16,28.1215500800,28.2283653600,27.4806584000,27.5583422400,1606048,45844192.6900,2.493100,-2.002800
2022-12-19,27.8593671200,28.0827081600,26.6067152000,26.7426619200,1826244,50744860.6100,2.834900,-2.959800
2022-12-20,27.1699230400,27.2864488000,26.4319265600,26.5581628000,1210100,33347132.9100,1.878500,-0.689900
2022-12-21,26.5096104000,26.8009248000,26.0920597600,26.5484523200,1074600,29201215.0000,1.668100,-0.036600
2022-12-22,26.6067152000,28.3546016000,26.4125056000,26.6067152000,2909830,82029365.6400,4.517000,0.219500
2022-12-23,26.8786086400,27.6554470400,26.1988750400,26.7523724000,2352396,65294202.6900,3.651700,0.547400
2022-12-26,26.7523724000,27.1796335200,26.3348217600,26.5096104000,1621771,44595510.5000,2.517500,-0.907400
2022-12-27,27.1893440000,28.6459160000,25.9269816000,26.4125056000,3584842,99544676.7000,5.564900,-0.366300
2022-12-28,26.1988750400,26.7038200000,25.2084060800,26.4998999200,3437017,91553327.1500,5.335400,0.330900
2022-12-29,26.3833741600,26.6941095200,25.8104558400,25.8881396800,1729731,46401693.8300,2.685100,-2.308500
2022-12-30,25.8784292000,26.9660029600,25.6453776800,26.6358466400,2427874,66179887.1200,3.768900,2.888200
2023-01-03,26.7038200000,27.7622623200,26.3154008000,27.3932640800,2460852,69206668.7200,3.820100,2.843600
2023-01-04,27.3058697600,27.6360260800,27.1116601600,27.5097898400,1377800,38781010.0000,2.138800,0.425400
2023-01-05,27.4321060000,27.9758928800,27.1407916000,27.6457365600,1588756,45128877.4000,2.466300,0.494200
2023-01-06,27.8011042400,27.8011042400,27.0728182400,27.1505020800,1960000,55110132.0000,3.042600,-1.791400
2023-01-09,27.4126850400,28.4225749600,27.2378964000,28.2089444000,2618769,75287226.4300,4.065200,3.898400
2023-01-10,27.9661824000,28.7235998400,27.7039994400,28.1118396000,1847400,53705499.0000,2.867800,-0.344200
2023-01-11,28.2866282400,30.9278788000,28.0632872000,30.2869871200,11000343,341386019.6300,17.076200,7.737500
2023-01-12,30.4132233600,31.2483246400,29.5295696800,29.6558059200,6763356,211650932.5600,10.499000,-2.084000
2023-01-13,30.1219089600,30.2384347200,28.8401256000,29.1314400000,3188200,96109149.0000,4.949200,-1.768200
2023-01-16,28.8595465600,29.9471203200,28.8595465600,29.2770972000,2611400,79254184.0000,4.053800,0.500000
2023-01-17,29.2868076800,29.9665412800,28.6944684000,28.7430208000,1530598,45754227.0000,2.376000,-1.824200
2023-01-18,28.9760723200,29.7917526400,28.4322854400,29.4713068000,2074735,62446966.6500,3.220700,2.533800
2023-01-19,29.3450705600,32.4232927200,29.3450705600,32.4232927200,5413789,175340486.3500,8.404000,10.016500
2023-01-20,33.3846302400,33.8216018400,31.9474792000,32.3553193600,5592910,187848721.7100,8.682100,-0.209600
2023-01-30,33.0253424800,33.7827599200,32.6077918400,33.0350529600,5011700,171011645.0000,7.779800,2.100800
2023-01-31,32.8602643200,33.2098416000,32.2679250400,32.8311328800,3167951,106645157.6800,4.917700,-0.617300
2023-02-01,32.9670796000,33.7147865600,32.7243176000,33.7147865600,3819494,131123678.6600,5.929100,2.691500
2023-02-02,33.6759446400,34.7052555200,33.2098416000,33.4428931200,4881494,170471996.7200,7.574400,-0.806500
2023-02-03,33.4817350400,35.8122502400,33.2292625600,35.1228061600,6622149,236965102.1200,10.275300,5.023200
2023-02-06,34.9577280000,35.6568825600,34.1129162400,34.3556782400,3599201,128621907.6700,5.557700,-2.184100
2023-02-07,34.5401773600,34.6567031200,33.5691293600,33.6759446400,2868200,100271603.0000,4.428900,-1.978500
2023-02-08,33.6273922400,34.0643638400,33.3457883200,33.6759446400,2580800,89625327.0000,3.985100,0.000000
2023-02-09,33.3846302400,33.8118913600,33.1904206400,33.5982608000,1784050,61618683.0000,2.754800,-0.230700
2023-02-10,33.5982608000,33.9672590400,32.7243176000,33.2389730400,2278751,77762530.6400,3.518700,-1.069400
2023-02-13,33.5108664800,34.4527830400,33.5108664800,33.8118913600,2238000,78400453.0000,3.455800,1.723600
2023-02-14,34.1517581600,34.4624935200,33.5788398400,33.7147865600,1749388,61111317.4800,2.701300,-0.287200
2023-02-15,33.7924704000,35.0159908800,33.3846302400,34.9674384800,3579724,127473322.1200,5.527600,3.715400
2023-02-16,34.9771489600,35.1033852000,33.2195520800,33.4720245600,3051073,107457813.5400,4.711300,-4.276600
2023-02-17,33.5011560000,33.7536284800,32.7728700000,33.0253424800,1630400,55678869.0400,2.517600,-1.334500
2023-02-20,32.8020014400,33.4428931200,32.3456088800,33.1418682400,1346578,45702512.0000,2.079300,0.352800
2023-02-21,33.4040512000,33.4526036000,32.5495289600,32.7631595200,1260934,42617973.5600,1.947100,-1.142700
2023-02-22,32.7631595200,33.7827599200,32.4815556000,33.3554988000,1282300,43893628.1600,1.980100,1.807900
2023-02-23,33.0738948800,33.3263673600,32.1611097600,32.3844508000,1442122,48261057.7000,2.226900,-2.911200
2023-02-24,32.5398184800,33.3652092800,32.4718451200,32.8796852800,1337200,45305519.0000,2.064800,1.529200
2023-02-27,32.8893957600,33.7633389600,32.5301080000,32.5883708800,1571100,53474768.0000,2.426000,-0.886000
2023-02-28,32.7728700000,34.0740743200,32.7728700000,33.7147865600,1959915,67663759.0300,3.026400,3.456500
2023-03-01,33.5011560000,34.5207564000,33.4137616800,33.5691293600,1953000,68063225.1800,3.015700,-0.432000
2023-03-02,33.5788398400,34.8606232000,33.4137616800,34.1226267200,2799288,98986388.8000,4.322500,1.648800
2023-03-03,33.9381276000,34.1711791200,33.1904206400,33.6273922400,1614844,55946880.0000,2.493600,-1.451300
2023-03-06,33.8216018400,34.0740743200,32.2679250400,32.4621346400,2494700,84215148.0000,3.852200,-3.465200
2023-03-07,32.4621346400,32.7728700000,31.1706408000,31.2289036800,2052734,66912685.3600,3.169700,-3.799000
2023-03-08,31.3648504000,32.0154525600,31.2191932000,31.7338486400,1402000,45738231.0000,2.164900,1.616900
2023-03-09,31.7435591200,32.5301080000,31.3162980000,32.1999516800,1106800,36404841.0000,1.709100,1.468800
2023-03-10,32.0445840000,32.4135822400,31.7532696000,31.7629800800,1151300,38046444.0000,1.777800,-1.357100
2023-03-13,32.5592394400,34.4722040000,32.5592394400,34.1808896000,4319778,150225392.6000,6.670400,7.612400
2023-03-14,33.8021808800,34.4333620800,32.7728700000,32.8991062400,3240000,111483072.3100,5.003100,-3.750000
2023-03-15,33.0156320000,33.3360778400,31.0444045600,31.0929569600,3085621,101440275.8500,4.764700,-5.490000
2023-03-16,31.1997722400,31.5299285600,30.2481452000,30.7336692000,2003638,63710833.4000,3.093900,-1.155500
2023-03-17,30.9958521600,32.5009765600,30.9764312000,32.2387936000,3153900,103357885.5000,4.870100,4.897300
2023-03-20,32.2387936000,33.5885503200,31.9474792000,32.0542944800,2093690,70529774.9500,3.233000,-0.572300
2023-03-21,32.0445840000,33.2583940000,31.7921115200,32.9573691200,1992000,66952364.5000,3.076000,2.817300
2023-03-22,33.1904206400,34.8994651200,32.7048966400,34.6081507200,4228100,149068791.0000,6.528800,5.008800
2023-03-23,34.7149660000,35.6374616000,34.0837848000,35.3946996000,3356814,121063758.1000,5.183400,2.272700
2023-03-24,35.4820939200,35.7345664000,34.2974153600,35.1325166400,2434700,87710372.0000,3.759500,-0.740700
2023-03-27,35.2393319200,37.1717174400,34.8703336800,35.7539873600,3503300,129646612.3000,5.409600,1.768900
2023-03-28,35.4918044000,35.9287760000,34.9188860800,34.9965699200,1920700,70000152.0000,2.965900,-2.118400
2023-03-29,34.9577280000,35.2587528800,34.4722040000,34.5693088000,1980200,71110588.0000,3.057700,-1.220900
2023-03-30,34.6275716800,35.2296214400,33.8798647200,34.5790192800,1838679,65561615.4600,2.839200,0.028100
2023-03-31,34.6858345600,36.7347458400,34.2391524800,36.6959039200,2972410,110150145.9000,4.589900,6.121900
2023-04-03,36.6182200800,36.7832982400,35.4820939200,36.3269056800,3273700,121721775.0000,5.055100,-1.005600
2023-04-04,36.8998240000,37.3465060800,34.9091756000,35.2587528800,3910474,143833592.7400,6.038400,-2.940400
2023-04-06,34.8606232000,35.2490424000,33.4137616800,33.5497084000,4908901,171704642.4300,7.580100,-4.847100
2023-04-07,33.7924704000,34.5110459200,33.1904206400,34.1711791200,2372442,82974668.3600,3.663400,1.852400
2023-04-10,34.1226267200,34.8412022400,32.3553193600,32.8602643200,3810360,129927548.0500,5.883800,-3.836300
2023-04-11,32.9379481600,33.6953656000,32.6272128000,33.5788398400,2295900,78701034.0000,3.545200,2.186800
2023-04-12,33.5788398400,35.7442768800,33.5788398400,35.5403568000,4402451,159044730.7200,6.798100,5.841500
2023-04-13,35.2199109600,37.0746126400,34.9771489600,35.6180406400,5908519,218727891.3500,9.123700,0.218600
2023-04-14,37.0746126400,39.1817868000,36.7347458400,39.1817868000,11450945,455492280.9300,17.682000,10.005500
2023-04-17,39.6284688800,41.3472238400,38.8613409600,39.4439697600,15540909,641395216.2500,23.997500,0.669100
2023-04-18,38.8904724000,40.9782256000,38.8904724000,39.3274440000,8056065,330309636.4500,12.439800,-0.295400
2023-04-19,39.2303392000,40.2499396000,38.4049484000,38.6574208800,6658848,268979025.3800,10.282300,-1.703700
2023-04-20,38.4146588800,39.1526553600,38.1913178400,38.4535008000,4234167,168355912.1600,6.538200,-0.527500
2023-04-21,38.6574208800,38.8322095200,36.9192449600,37.0357707200,4382142,169588593.2300,6.766700,-3.686900
2023-04-24,36.9775078400,38.4632112800,36.2200904000,36.4919838400,4521865,173823919.4000,6.982500,-1.468300
2023-04-25,36.3171952000,36.8124296800,34.8606232000,35.2684633600,5436569,199034267.0800,8.394900,-3.352800
2023-04-26,35.6180406400,36.7832982400,35.3073052800,35.5306463200,4326200,159658513.8600,6.680300,0.743400
2023-04-27,35.1033852000,35.8316712000,34.5790192800,34.9674384800,2956998,107280082.1000,4.566100,-1.585100
2023-04-28,35.1033852000,37.0746126400,34.9965699200,36.8609820800,4331498,162286565.1400,6.688500,5.415200
2023-05-04,36.5890886400,37.0940336000,34.3556782400,35.3752786400,4076398,148327539.4600,6.294600,-4.030600
2023-05-05,35.2004900000,35.4335415200,33.8604437600,35.0257013600,3778208,135326802.2400,5.834100,-0.988200
2023-05-08,35.3655681600,35.9773284000,34.7246764800,35.6860140000,3023400,110718967.0000,4.668600,1.885200
2023-05-09,35.4238310400,37.2688222400,35.3849891200,35.7345664000,3939069,146970124.2000,6.082500,0.136100
2023-05-10,34.8800441600,36.1035646400,34.0158114400,34.4430725600,3498102,126144254.9600,5.401600,-3.614100
2023-05-11,34.5790192800,35.1130956800,33.7924704000,33.8604437600,2542432,89704881.6000,3.925900,-1.691600
2023-05-12,33.8216018400,34.5693088000,33.5011560000,33.7633389600,2064769,72008994.4400,3.188300,-0.286800
2023-05-15,33.4428931200,33.9381276000,33.3263673600,33.7536284800,1724302,59767348.7400,2.662600,-0.028800
2023-05-16,33.6270059700,34.2502693300,31.9130317300,32.7505418700,3244928,108917072.3200,5.010700,-2.971700
2023-05-17,32.6823724400,33.8315142600,32.4973411300,33.6951754000,2555400,87716607.0000,3.945900,2.884300
2023-05-18,33.6854369100,34.8540557100,33.0134811000,34.2989617800,2336283,81206191.5000,3.607600,1.791900
2023-05-19,34.7274553400,35.2338568200,34.1139304700,34.9903945700,2088700,74585134.0000,3.225300,2.015900
2023-05-22,35.5649654800,36.4901220300,35.0877794700,35.4091496400,3056953,111869718.2000,4.720400,1.196800
2023-05-23,35.1754258800,35.3507187000,33.6951754000,33.7730833200,3294904,115801627.5400,5.087800,-4.620500
2023-05-24,34.3573927200,34.6982398700,33.3153742900,34.1139304700,2157298,75410370.4200,3.331200,1.009200
2023-05-25,33.8607297300,34.5229470500,32.7602803600,33.4419746600,1995208,68307989.0400,3.080900,-1.969700
2023-05-26,33.5393595600,34.7956247700,33.5393595600,34.6008549700,2184200,77049756.0000,3.372700,3.465300
2023-05-29,35.1656873900,36.5972454200,34.6787628900,35.4870575600,2979771,109096815.3900,2.249400,2.561200
2023-05-30,35.5162730300,36.7920152200,35.0098715500,36.6848918300,3721157,138452499.9400,2.809000,3.375400
2023-05-31,36.3050907200,37.2692012300,36.2953522300,36.9965235100,2640400,100107589.0000,1.993200,0.849500
2023-06-01,36.7530612600,37.6490023400,36.5388144800,37.1328623700,2909500,111318112.0400,2.196300,0.368500
2023-06-02,37.5029249900,37.7950796900,36.6946303200,37.6587408300,2763198,105862133.7700,2.085900,1.416200
2023-06-05,37.6003098900,37.9508955300,36.8894001200,37.3860631100,2198400,84587883.0000,1.659500,-0.724100
2023-06-06,37.4250170700,37.7853412000,36.9380925700,37.0646929400,2569962,98550695.7800,1.940000,-0.859600
2023-06-07,37.0744314300,37.9703725100,36.5193375000,37.2886782100,1898900,72888100.0000,1.433500,0.604300
2023-06-08,37.1036469000,37.3860631100,36.7238457900,37.0452159600,1321900,50272377.0000,0.997900,-0.652900
2023-06-09,37.3373706600,37.7171717700,36.8114922000,37.4931865000,1826478,69972217.0600,1.378800,1.209300
2023-06-12,37.8827261000,38.1554038200,36.7433227700,36.8699231400,2143169,81928530.2600,1.617800,-1.662300
2023-06-13,37.0160004900,37.9216800600,36.8309691800,37.5029249900,2199280,84787404.6400,1.660200,1.716900
2023-06-14,37.6879563000,37.8145566700,37.2107702900,37.5321404600,1757600,67673665.6000,1.326800,0.077900
2023-06-15,37.6684793200,38.4183430500,37.4444940500,37.5029249900,1642600,63770989.0000,1.240000,-0.077800
2023-06-16,37.4737095200,38.3501736200,37.0160004900,38.2722657000,2045600,79573612.0000,1.544200,2.051400
2023-06-19,38.3599121100,39.1584682900,37.9801110000,38.8176211400,1671900,66390381.0000,1.262100,1.424900
2023-06-20,38.7397132200,38.8273596300,38.1748808000,38.5936358700,1616200,63932940.0000,1.220000,-0.577000
2023-06-21,38.6033743600,38.7981441600,37.7853412000,38.0872343900,1793820,70649405.7000,1.354100,-1.312100
2023-06-26,36.0518899800,36.6751533400,34.2794848000,34.3573927200,4241091,152722722.1400,3.201500,-9.792900
2023-06-27,34.6982398700,35.6623503800,34.6982398700,35.4481036000,3120630,112976278.7600,2.355700,3.174600
2023-06-28,35.4578420900,35.6720888700,33.8899452000,35.0877794700,2401610,84917176.1600,1.812900,-1.016500
2023-06-29,35.0877794700,35.6331349100,34.4742546000,35.2922877600,1629951,58872684.1400,1.230400,0.582800
2023-06-30,35.5260115200,36.1590133700,35.0780409800,35.8376432000,2021167,73992691.2900,1.525700,1.545300
2023-07-03,35.8376432000,36.0324130000,34.8637942000,35.7694737700,2118698,77339614.2800,1.599400,-0.190200
2023-07-04,35.9642435700,36.2758752500,35.4091496400,35.8181662200,1532985,56339360.7200,1.157200,0.136100
2023-07-05,36.0129360200,36.1395363900,35.5357500100,35.5552269900,1343400,49392650.3600,1.014100,-0.734100
2023-07-06,35.2241183300,35.8084277300,34.9027481600,35.1072564500,1319368,47715295.9600,0.996000,-1.259900
2023-07-07,35.1072564500,35.1072564500,33.9094221800,34.4547776200,1546100,54592230.1200,1.167100,-1.858500
2023-07-10,34.4255621500,34.8151017500,34.0360225500,34.5424240300,1104620,39130250.7000,0.833900,0.254400
2023-07-11,34.5326855400,35.5162730300,34.2502693300,35.2630722900,1168300,41995238.0000,0.881900,2.086300
2023-07-12,35.3409802100,35.4481036000,34.6300704400,34.7469323200,1581900,56895890.0000,1.194200,-1.463700
2023-07-13,34.7566708100,36.4998605200,34.6592859100,36.3829986400,2114825,77825899.4300,1.596500,4.708500
2023-07-14,35.8863356500,36.4511680700,35.6136579300,35.7013043400,2209300,81709589.0000,1.667800,-1.873700
2023-07-17,35.6136579300,36.0226745100,34.3963466800,34.7177168500,1813500,65291226.0000,1.369000,-2.755000
2023-07-18,34.5132085600,34.7469323200,33.2179893900,33.3640667400,2436800,84367301.9000,1.839500,-3.899000
2023-07-19,33.5393595600,33.9386376500,33.3348512700,33.5004056000,1654600,57112930.0000,1.249000,0.408600
2023-07-20,33.5296210700,33.7925603000,32.8089728100,32.8284497900,1176100,39989725.0000,0.887800,-2.005800
2023-07-21,32.8479267700,33.3153742900,32.4876026400,32.6726339500,1154500,38830407.0000,0.871500,-0.474600
2023-07-24,32.7505418700,33.3932822100,32.1370170000,32.9745271400,1430746,48511711.5600,1.080000,0.924000
2023-07-25,33.4711901300,33.5880520100,32.6726339500,33.0524350600,1369900,46458769.0000,1.034100,0.236300
2023-07-26,32.8771422400,33.0621735500,31.9227702200,32.1272785100,1475158,48764737.8800,1.113600,-2.799100
2023-07-27,31.9422472000,32.4583871700,31.5721845800,31.6500925000,1205827,39632425.7400,0.910300,-1.485300
2023-07-28,31.7182619300,32.0104166300,31.4358457200,31.7572158900,840307,27406206.9700,0.634300,0.338500
2023-07-31,31.9130317300,32.8674037500,31.7474774000,32.5168181100,1838478,61394314.2800,1.387800,2.391900
2023-08-01,32.5557720700,32.5849875400,31.3676762900,31.4650611900,2230347,72503770.8600,1.683700,-3.234500
2023-08-02,31.5624460900,31.8253853200,31.3092453500,31.6987849500,1307400,42361921.0000,0.986900,0.742800
2023-08-03,31.5137536400,31.8059083400,31.1242140400,31.5916615600,1191392,38457642.5600,0.899400,-0.337900
2023-08-04,31.6890464600,32.4291717000,31.4845381700,32.2441403900,1308500,43124251.0000,0.987800,2.065400
2023-08-07,32.4291717000,32.7213264000,32.0396321000,32.4876026400,1663600,55335199.0000,1.255800,0.755100
2023-08-08,32.4876026400,32.7797573400,32.0396321000,32.2246634100,1176500,39052624.0000,0.888100,-0.809400
2023-08-09,32.0201551200,32.4681256600,31.8448623000,31.9617241800,903300,29792638.0000,0.681900,-0.816000
2023-08-10,31.8838162600,32.3025713300,31.4845381700,31.7182619300,965300,31435544.0000,0.728700,-0.761700
2023-08-11,31.9422472000,32.0201551200,31.0949985700,31.1436910200,983099,31853515.6000,0.742100,-1.811500
2023-08-14,31.1339525300,31.6208770300,30.8710133000,31.4553227000,1495207,47953045.2400,1.128700,1.000600
2023-08-15,31.4553227000,32.1370170000,30.6762435000,30.8904902800,1191200,37947055.0000,0.899200,-1.795700
2023-08-16,30.7541514200,31.0170906500,30.0821956100,30.1016725900,1095600,34123858.0000,0.827100,-2.553600
2023-08-17,30.1016725900,30.7736284000,29.5368401700,30.4717352100,1081703,33549637.2000,0.816600,1.229400
2023-08-18,30.4717352100,30.4814737000,29.5757941300,29.5757941300,1342613,41304785.9000,1.013500,-2.940200
2023-08-21,29.4297167800,30.4717352100,29.4297167800,29.5465786600,1243401,38291210.5400,0.938600,-0.098800
2023-08-22,29.9458567500,30.4619967200,29.4784092300,30.4035657800,1449331,44598278.4900,1.094100,2.900500
2023-08-23,30.5496431300,30.7249359500,29.8095178900,29.9166412800,1503300,46508020.0000,1.134800,-1.601500
2023-08-24,30.1893190000,30.5301661500,29.6244865800,29.7121329900,1708000,52514873.0000,1.289300,-0.683600
2023-08-25,29.7608254400,29.7705639300,28.5435141900,28.8454073800,2062469,61143999.1200,1.556900,-2.917100
2023-08-28,30.0335031600,30.7249359500,29.2154700000,29.4297167800,2181100,66441162.0000,1.646500,2.025700
2023-08-29,29.2252084900,30.5009506800,29.0207002000,30.1601035300,2190867,67129535.6600,1.653900,2.481800
2023-08-30,30.0919341000,31.0170906500,30.0919341000,30.9391827300,1914800,60535494.1100,1.445500,2.583100
2023-08-31,31.0365676300,31.1144755500,30.3061808800,30.7444129300,1750400,55061870.2400,1.321400,-0.629500
2023-09-01,30.9683982000,31.0463061200,30.2380114500,30.3840888000,1528876,47890152.3600,1.154100,-1.172000
2023-09-04,30.3743503100,30.8612748100,29.9069027900,30.5301661500,2500359,77805648.3100,1.887500,0.480800
2023-09-05,30.2282729600,31.3579378000,30.2282729600,31.1534295100,2611321,83429896.2100,1.971200,2.041500
2023-09-06,30.9489212200,31.2995068600,30.4912121900,31.1242140400,2680200,85277386.9300,2.023200,-0.093800
2023-09-07,31.7669543800,32.7797573400,30.7931053800,30.9391827300,4173107,135524161.5100,3.150200,-0.594500
2023-09-08,30.5885970900,32.9940041200,30.0237646700,32.5265566000,6293467,204868466.2800,4.750800,5.130600
2023-09-11,33.5004056000,34.6690244000,32.2051864300,33.2082509000,11867732,404950525.9000,8.958800,2.095800
2023-09-12,32.4291717000,32.4291717000,31.0949985700,31.3968917600,6874336,222814502.7100,5.189300,-5.454500
2023-09-13,30.9391827300,31.0170906500,29.1180851000,30.0724571200,6588983,202571434.9700,4.973900,-4.218400
2023-09-14,30.0724571200,30.0724571200,29.0791311400,29.4978862100,2970677,89792455.2000,2.242500,-1.910600
2023-09-15,29.4978862100,29.5660556400,28.5824681500,28.6603760700,3159400,93960021.0000,2.385000,-2.839200
2023-09-18,28.5435141900,29.0109617100,28.0663281800,28.8356688900,2804356,82372906.4000,2.117000,0.611600
2023-09-19,28.7577609700,29.8776873200,28.1929285500,29.1278235900,3722400,110804984.5000,2.810000,1.013200
2023-09-20,28.1442361000,28.8454073800,27.9981587500,27.9981587500,3174300,92276025.0000,2.396200,-3.878300
2023-09-21,27.8618198900,28.7188070100,27.8618198900,28.0955436500,2761800,80298398.0000,2.084800,0.347800
2023-09-22,27.9007738500,29.7997794000,27.9007738500,29.6829175200,4421900,132378646.0000,3.338000,5.649900
2023-09-25,29.6244865800,30.0529801400,29.4102398000,29.6439635600,2477300,75487404.0000,1.870100,-0.131200
2023-09-26,29.6439635600,29.8679488300,29.0791311400,29.6634405400,1973300,59911274.0000,1.489600,0.065700
2023-09-27,29.6634405400,29.9361182600,29.3615473500,29.6731790300,2329188,71086204.8900,1.758300,0.032800
2023-09-28,29.8192563800,30.2672269200,29.5660556400,30.0724571200,1862900,57370175.0000,1.406300,1.345600
2023-10-09,30.0724571200,30.4912121900,29.8192563800,30.2672269200,3074700,95492298.0000,2.321000,0.647700
2023-10-10,30.2380114500,30.6665050100,30.1795805100,30.4717352100,2327600,72807287.0000,1.757100,0.675700
2023-10-11,30.4717352100,30.6859819900,29.9263797700,30.3548733300,2242800,69935313.0000,1.693100,-0.383500
2023-10-12,30.4814737000,30.4814737000,29.9848107100,30.0529801400,2230466,69121350.6200,1.683700,-0.994500
2023-10-13,30.1308880600,30.3061808800,29.7900409100,29.8582103400,2459000,75765417.0000,1.856300,-0.648100
2023-10-16,29.7900409100,29.8776873200,29.0207002000,29.4102398000,2267200,68288310.0000,1.711500,-1.500300
2023-10-17,29.1180851000,30.2477499400,29.1180851000,30.0627186300,2524000,77517235.0000,1.905300,2.218500
2023-10-18,29.9945492000,29.9945492000,29.1570390600,29.5660556400,1535964,46456133.0000,1.159500,-1.652100
2023-10-19,29.1667775500,29.9263797700,29.0693926500,29.1862545300,1562300,47343884.1900,1.179400,-1.284600
2023-10-20,29.0207002000,29.4784092300,28.3390059000,28.4948217400,1793373,53026230.0300,1.353800,-2.369000
2023-10-23,28.2026670400,28.7188070100,27.4722802900,27.6183576400,1688900,48432790.2000,1.274900,-3.075900
2023-10-24,27.6962655600,28.4753447600,27.2288180400,28.0955436500,2060989,59066661.0900,1.555800,1.727800
2023-10-25,28.1344976100,29.6439635600,27.9494663000,29.1180851000,2089066,62370014.5100,1.577000,3.639500
2023-10-26,28.9135768100,29.9361182600,28.6214221100,29.9069027900,1939700,58786003.6600,1.464300,2.709000
2023-10-27,29.7316099700,30.3061808800,29.0986081200,30.0821956100,2056161,62812624.4600,1.552200,0.586100
2023-10-30,29.8095178900,30.9391827300,29.6537020500,30.8320593400,2118130,66297495.2100,1.598900,2.492700
2023-10-31,30.4814737000,30.7444129300,30.0432416500,30.1990574900,1741617,54196010.2100,1.314700,-2.053100
2023-11-01,30.4327812500,30.6275510500,29.5757941300,29.6829175200,1803500,55547292.6500,1.361400,-1.709100
2023-11-02,29.8582103400,29.8582103400,28.5142987200,28.5240372100,1674950,50042893.5000,1.264400,-3.904200
2023-11-03,28.8259304000,29.4881477200,28.6116836200,29.2544239600,1771990,53114554.2000,1.337600,2.560600
2023-11-06,29.4297167800,30.4814737000,29.3518088600,30.3548733300,2060390,63592127.0000,1.555400,3.761700
2023-11-07,30.1406265500,30.6762435000,30.0432416500,30.3061808800,1738090,54171512.6000,1.312100,-0.160400
2023-11-08,30.4035657800,30.8612748100,30.1016725900,30.5788586000,1604300,50314179.0000,1.211100,0.899700
2023-11-09,30.4814737000,30.7931053800,30.1406265500,30.2380114500,1414654,44115896.5400,1.067900,-1.114600
2023-11-10,30.4327812500,30.4327812500,29.8289948700,30.0821956100,1289960,39882061.8800,0.973800,-0.515300
2023-11-13,30.3159193700,31.0657831000,30.1503650400,30.9489212200,1957716,61910435.7600,1.477900,2.881200
2023-11-14,31.0755215900,31.6208770300,30.9586597100,31.3189838400,2285900,73435080.0000,1.725600,1.195700
2023-11-15,31.3968917600,31.7280004200,31.1826449800,31.2800298800,1770300,57122531.0000,1.336400,-0.124400
2023-11-16,31.3968917600,31.5332306200,30.9683982000,31.1339525300,1575400,50567905.0000,1.189200,-0.467000
2023-11-17,31.0268291400,31.2605529000,30.7833668900,31.0852600800,1994100,63519027.0000,1.505300,-0.156400
2023-11-20,31.3287223300,31.5040151500,30.7736284000,31.1047370600,2130700,68046332.0000,1.608400,0.062700
2023-11-21,31.1631680000,31.2605529000,30.5399046400,30.5691201100,1769500,56089696.0000,1.335800,-1.722000
2023-11-22,30.6762435000,30.9976136700,30.1114110800,30.1406265500,1472400,46279691.0000,1.111500,-1.401700
2023-11-23,30.0140261800,30.3256578600,29.6439635600,30.2574884300,1677300,51811354.0000,1.266200,0.387700
2023-11-24,30.1503650400,30.2964423900,29.0304386900,29.2641624500,1698700,51257205.0000,1.282300,-3.282900
2023-11-27,29.2641624500,29.8289948700,29.0986081200,29.4978862100,1428700,43332752.0000,1.078500,0.798700
2023-11-28,29.3810243300,30.0627186300,29.1083466100,29.9848107100,1631600,49938476.0000,1.231700,1.650700
2023-11-29,29.8484718500,30.4619967200,29.5368401700,29.9750722200,1239600,38269282.0000,0.935800,-0.032500
2023-11-30,29.7218714800,30.2477499400,29.2933779200,29.6829175200,1404300,42862710.0000,1.060100,-0.974700
2023-12-01,29.5757941300,30.1795805100,29.2641624500,30.0919341000,1372667,41882374.4800,1.036200,1.378000
2023-12-04,30.4814737000,30.4814737000,29.7316099700,29.7510869500,1687100,52037298.0000,1.273600,-1.132700
2023-12-05,29.7510869500,29.7510869500,28.8746228500,28.8746228500,1362588,40759302.4400,1.028600,-2.946000
2023-12-06,29.0207002000,29.3712858400,28.6116836200,28.8259304000,985900,29267798.0000,0.744200,-0.168600
2023-12-07,29.0693926500,29.3907628200,28.7285455000,29.1375620800,953100,28430238.0000,0.719500,1.081100
2023-12-08,29.0401771800,32.0493705900,28.9914847300,32.0493705900,4223078,135143415.9200,3.187900,9.993300
2023-12-11,32.3610022700,33.8899452000,31.8059083400,32.9745271400,13230443,443440915.2500,9.987500,2.886700
2023-12-12,32.6336799900,32.8868807300,31.9617241800,32.2538788800,8556154,284072674.6200,6.458900,-2.185500
2023-12-13,31.9909396500,34.4839930900,31.9519856900,33.6367444600,13073919,448640814.5000,9.869300,4.287400
2023-12-14,34.0847150000,34.6105934600,33.1985124100,33.4517131500,9780500,340435179.8100,7.383200,-0.550100
2023-12-15,33.8315142600,34.7274553400,32.9550501600,34.0068070800,7096401,246572681.8200,5.357000,1.659400
2023-12-18,34.0847150000,34.7177168500,33.4809286200,34.6592859100,5790324,202314016.6200,4.371000,1.918700
2023-12-19,33.8704682200,34.5716395000,33.3056358000,34.0360225500,4124996,144425521.4400,3.113900,-1.798300
2023-12-20,34.0360225500,34.2989617800,32.9453116700,33.0037426100,3824761,131191619.1000,2.887300,-3.032900
2023-12-21,32.9940041200,33.3348512700,32.4291717000,33.1692969400,3146424,106325298.8100,2.375200,0.501600
2023-12-22,33.0329580800,33.3835437200,31.8448623000,32.1857094500,3879561,129444768.6300,2.928600,-2.965400
2023-12-25,32.1370170000,33.2472048600,31.7766928700,33.0037426100,3891900,130845395.0000,2.937900,2.541600
2023-12-26,32.8868807300,33.3348512700,32.0591090800,32.1857094500,2166700,72287795.0000,1.635600,-2.478600
2023-12-27,32.3123098200,32.9940041200,31.8448623000,32.6142030100,2215418,73721585.3000,1.672400,1.331300
2023-12-28,32.6044645200,33.4517131500,32.2149249200,33.2472048600,2944900,99858112.0000,2.223100,1.940900
2023-12-29,33.1498199600,33.6270059700,32.4194332100,33.6270059700,3432192,117293195.1200,2.590900,1.142400
2024-01-02,33.5783135200,33.7730833200,32.6921109300,32.7505418700,2588400,88097109.0000,1.953900,-2.606400
2024-01-03,32.6921109300,32.7018494200,31.9032932400,31.9714626700,3106600,102525042.5400,2.345100,-2.378800
2024-01-04,31.9325087100,32.4778641500,31.4845381700,32.0688475700,1915000,63031843.0000,1.445600,0.304600
2024-01-05,32.1662324700,32.4194332100,31.0170906500,31.1534295100,2142300,69319502.0000,1.617200,-2.854500
2024-01-08,30.9781366900,31.4066302500,30.5691201100,30.5691201100,2161000,68886899.0000,1.631300,-1.875600
2024-01-09,31.0170906500,31.0365676300,30.0724571200,30.4425197400,2401100,75265674.0000,1.812600,-0.414100
2024-01-10,30.3451348400,30.3451348400,29.3518088600,29.4881477200,1877578,57233346.8600,1.417400,-3.135000
2024-01-11,29.4881477200,30.1893190000,29.4102398000,29.8679488300,2264100,69213821.8600,1.709100,1.288000
2024-01-12,29.7608254400,29.8582103400,29.1278235900,29.2544239600,1752900,53055242.0000,1.323200,-2.054100
2024-01-15,29.1375620800,29.2154700000,28.3779598600,28.8648843600,2580900,76318777.0000,1.948300,-1.331600
2024-01-16,28.8454073800,29.6439635600,28.5824681500,29.6147480900,2546800,76239690.0000,1.922500,2.597800
2024-01-17,29.4784092300,29.8776873200,28.5240372100,28.6116836200,2177300,65294840.0000,1.643600,-3.387000
2024-01-18,28.2416210000,28.7188070100,27.2775104900,28.0176357300,2404000,68743858.0000,1.814700,-2.076200
2024-01-19,28.0273742200,28.1150206300,26.9366633400,26.9561403200,2003076,56164471.4500,1.512100,-3.788700
2024-01-22,27.0632637100,27.2580335100,24.2585785900,24.2585785900,3444200,90682740.0000,2.600000,-10.007200
2024-01-23,24.0930242600,24.5215178200,23.7424386200,24.3072710400,5221300,129427816.0000,3.941500,0.200700
2024-01-24,24.5312563100,24.6286412100,23.6353152300,24.4241329200,4385700,108452633.0000,3.310700,0.480800
2024-01-25,24.5215178200,25.3979819200,24.0443318100,25.2519045700,3372400,86056421.8600,2.545800,3.389200
2024-01-26,25.3200740000,25.4271973900,24.5896872500,24.5896872500,2634707,67603337.7400,1.988900,-2.622400
2024-01-29,24.5409948000,24.8331495000,23.5671458000,23.6255767400,2362400,58265743.0000,1.783300,-3.920800
2024-01-30,23.6060997600,23.8787774800,23.1191752600,23.3236835500,2407461,58232341.2200,1.817400,-1.277800
2024-01-31,22.4180039800,22.8854515000,21.2980776300,21.4149395100,4445800,100288819.7000,3.356100,-8.183700
2024-02-01,21.3467700800,21.6194478000,20.7721991700,20.9669689700,4471700,97116381.0000,3.375600,-2.091900
2024-02-02,20.9961844400,21.4928474300,19.0971788900,19.9054735600,4608518,96202786.5000,3.478900,-5.062700
2024-02-05,19.7107037600,20.1781512800,17.9188216000,17.9188216000,6114221,114803016.3300,4.615500,-9.980400
2024-02-06,17.2273888100,18.6784238200,16.5846484700,18.1622838500,7085075,127699857.8300,5.348400,1.358700
2024-02-07,18.2596687500,19.5548879200,18.0064680100,18.6784238200,6372742,122256603.0800,4.810700,2.841800
2024-02-08,18.7952857000,20.1294588300,18.7076392900,20.0125969500,7840655,158323606.8700,5.918800,7.142900
2024-02-19,21.2201697100,22.0187258900,20.8890610500,22.0187258900,8866616,194285487.3800,6.693300,10.024300
2024-02-20,21.8823870300,21.8823870300,21.0253999100,21.7655251500,7518800,166492887.0000,5.675800,-1.149900
2024-02-21,21.4246780000,22.7880666000,21.2396466900,21.9505564600,6689077,152228567.8600,5.049500,0.850100
2024-02-22,22.3693115300,22.9730979100,22.0382028700,22.9730979100,6890100,159831402.0000,5.201200,4.658400
2024-02-23,23.2652526100,25.2713815500,22.7685896200,25.2713815500,8483760,207871413.6000,6.404300,10.004200
2024-02-26,25.7777830300,25.9628143400,24.3949174500,24.7260261100,14558590,372197798.5400,10.990100,-2.158000
2024-02-27,24.6481181900,25.5830132300,24.3754404700,25.5830132300,9183607,234921409.0400,6.932600,3.465900
2024-02-28,25.5440592700,26.3620924300,23.8300850300,23.8885159700,11456899,297878535.9700,8.648600,-6.623500
2024-02-29,23.6742691900,25.2421660800,23.5476688200,25.0571347700,7200944,182791249.6400,5.435900,4.892000
2024-03-01,25.2324275900,25.7777830300,24.7844570500,25.6998751100,6621000,172489268.0000,4.998100,2.565100
2024-03-04,25.8362139700,26.0991532000,24.7941955400,25.5927517200,5597400,145792103.0000,4.225400,-0.416800
2024-03-05,25.3200740000,25.6998751100,24.9402728900,25.1642581600,4788975,124511707.2200,3.615100,-1.674300
2024-03-06,25.0766117500,25.5927517200,24.8818419500,25.2713815500,4489918,116358306.1600,3.389400,0.425700
2024-03-07,25.3005970200,25.6414441700,24.5020408400,24.5312563100,4545600,116822891.0000,3.431400,-2.928700
2024-03-08,24.5409948000,24.9792268500,24.2683170800,24.9110574200,3551064,89971953.6400,2.680600,1.548200
2024-03-11,24.6189027200,25.1934736300,24.4728253700,25.1934736300,3212393,82018219.0600,2.425000,1.133700
2024-03-12,25.3882434300,26.0894147100,24.9305344000,25.7875215200,6549900,172216006.0000,4.944400,2.357900
2024-03-13,25.5830132300,26.0796762200,25.3882434300,25.7485675600,5006800,132413923.0000,3.779600,-0.151100
2024-03-14,25.6706596400,25.7583060500,24.7455030900,25.1545196700,4512000,116847072.0000,3.406000,-2.307100
2024-03-15,25.1837351400,26.2452305500,24.7844570500,25.8849064200,6694500,176206683.0000,5.053600,2.903600
2024-03-18,26.2160150800,26.4010463900,25.7193520900,26.3036614900,6612075,177344450.5000,4.991400,1.617800
2024-03-19,26.2939230000,26.6542471300,26.0017683000,26.2257535700,5058000,136390541.0000,3.818200,-0.296200
2024-03-20,26.2744460200,27.0535252200,25.9920298100,26.8198014600,6997864,191356719.4400,5.282600,2.265100
2024-03-21,27.1801255900,27.3651569000,26.3620924300,26.6834626000,7035500,193794504.0000,5.311000,-0.508400
2024-03-22,26.5860777000,26.7613705200,25.7388290700,26.2647075300,5563125,149641117.0500,4.199500,-1.569300
2024-03-25,26.2160150800,26.3426154500,25.1253042000,25.1350426900,4311300,114491824.0000,3.254500,-4.301100
2024-03-26,25.0863502400,25.4369358800,24.3072710400,24.7357646000,4204185,107445699.5000,3.173700,-1.588500
2024-03-27,24.7357646000,24.7844570500,23.1873446900,23.2262986500,4097100,99984696.0000,3.092800,-6.102400
2024-03-28,23.2944680800,24.8331495000,23.2262986500,24.4436099000,4382357,108989989.6900,3.308200,5.241100
2024-03-29,24.4630868800,24.6870721500,23.9469469100,24.6870721500,2914964,72878855.4400,2.200500,0.996000
2024-04-01,24.6091642300,25.1058272200,24.5896872500,25.0766117500,2910600,74362541.0000,2.197200,1.577900
2024-04-02,24.9694883600,25.0084423200,24.1514552000,24.4436099000,2863136,71909394.5600,2.161300,-2.524300
2024-04-03,24.2293631200,24.3072710400,23.4405454300,23.6255767400,2445900,59531340.0000,1.846400,-3.346600
2024-04-08,23.7034846600,23.8593005000,22.9730979100,22.9828364000,2196265,52488933.6000,1.657900,-2.720500
2024-04-09,23.0802213000,23.2360371400,22.5835583100,23.1776062000,3167658,74630295.4000,2.391200,0.847500
2024-04-10,23.1191752600,23.1191752600,21.9895104200,22.2524496500,3332968,76660899.4400,2.516000,-3.991600
2024-04-11,21.9408179700,22.7491126400,21.9408179700,22.2816651200,2828631,65234398.3800,2.135300,0.131300
2024-04-12,22.3887885100,22.7588511300,22.1258492800,22.2719266300,2682400,61833122.0000,2.024900,-0.043700
2024-04-15,22.4959119000,22.5738198200,20.7429837000,21.3565085700,4461532,98408783.8800,3.367700,-4.110200
2024-04-16,21.2104312200,21.5610168600,20.1489358100,20.1489358100,3792680,79953481.4000,2.862800,-5.654400
2024-04-17,20.2657976900,21.5025859200,20.2657976900,21.4733704500,4371028,94814239.5000,3.299400,6.573200
2024-04-18,21.4246780000,22.1453262600,21.1325233000,21.5707553500,4093406,91108399.1800,3.089800,0.453500
2024-04-19,21.3954625300,21.5999708200,20.7429837000,21.0838308500,3132500,67867135.0000,2.364500,-2.257300
2024-04-22,20.7137682300,21.2299082000,20.1586743000,20.9280150100,2833900,60604890.0000,2.139100,-0.739000
2024-04-23,20.9280150100,21.5220629000,20.8890610500,21.2591236700,2867464,62609179.5600,2.164400,1.582100
2024-04-24,21.3857240400,21.9602949500,21.2299082000,21.9213409900,3455200,77222374.0000,2.608100,3.115000
2024-04-25,21.7655251500,22.3206190800,21.6778787400,21.9895104200,3349900,75797649.0000,2.528600,0.311000
2024-04-26,21.7460481700,22.5932968000,21.7460481700,22.3790500200,3502636,80390935.2800,2.643900,1.771500
2024-04-29,22.6419892500,23.1970831800,22.6419892500,23.1483907300,4016800,94811311.0000,3.032000,3.437800
2024-04-30,22.7880666000,22.9536209300,22.2037572000,22.5446043500,4815400,111612686.0000,3.634800,-2.608300
2024-05-06,23.0412673400,23.1094367700,22.5738198200,22.7296356600,3720388,86882648.1600,2.808300,0.820700
2024-05-07,22.9925748900,23.0120518700,22.4861734100,22.6906817000,2999188,69859490.5700,2.263900,-0.171400
2024-05-08,22.6419892500,22.6712047200,21.9700334400,21.9797719300,2751133,62726495.1200,2.076600,-3.133000
2024-05-09,21.9992489100,22.6030352900,21.9992489100,22.5446043500,2903909,66882929.5500,2.192000,2.569800
2024-05-10,22.5543428400,22.5835583100,21.9116025000,21.9408179700,2753000,62429983.0000,2.078000,-2.678200
2024-05-13,21.9116025000,21.9408179700,21.1909542400,21.4149395100,3182625,70145396.7500,2.402300,-2.396800
2024-05-14,21.7947406200,22.3790500200,21.5707553500,21.9895104200,3362966,75580066.6400,2.538500,2.683000
2024-05-15,21.8921255200,22.0868953200,21.4441549800,21.4441549800,2940300,65587079.0000,2.219400,-2.480100
2024-05-16,21.6326192700,21.9698540500,21.5235139000,21.6227006000,2640100,57796954.7500,1.992800,0.832600
2024-05-17,21.6028632600,21.9797727200,21.4640018800,21.9599353800,2131500,46797391.0000,1.608900,1.559600
2024-05-20,21.8905046900,22.2277394700,21.6425379400,22.0591220800,2332800,51807970.0000,1.760900,0.451700
2024-05-21,22.1186341000,22.1186341000,21.7318059700,21.8309926700,1717300,37843259.0000,1.296300,-1.034200
2024-05-22,21.7714806500,22.0194474000,21.6425379400,21.9500167100,1601200,35310537.0000,1.208600,0.545200
2024-05-23,21.9896913900,21.9896913900,21.2457911400,21.2953844900,2298400,49858611.0000,1.734900,-2.982400
2024-05-24,21.2854658200,21.5929445900,20.8887190200,20.9085563600,1894323,40216566.0600,1.429900,-1.816500
2024-05-27,20.8788003500,21.0970110900,20.3332735000,20.9184750300,2397523,49782826.7000,1.809700,0.047400
2024-05-28,20.9283937000,21.0771737500,20.5514842400,20.6109962600,1678800,35149726.0000,1.267200,-1.469900
2024-05-29,20.4225415300,20.8391256700,20.4225415300,20.5812402500,1621100,33768697.0000,1.223700,-0.144400
2024-05-30,20.5911589200,20.8887190200,20.1944121200,20.7002642900,1797126,37394192.9200,1.356500,0.578300
2024-05-31,20.7002642900,21.4243272000,20.6605896100,21.2457911400,2431300,51744991.0000,1.835200,2.635400
2024-06-03,21.0970110900,21.3152218300,20.5316469000,20.7399389700,2636600,55662402.0000,1.990200,-2.381000
2024-06-04,20.6705082800,20.7101829600,20.0456320700,20.4423788700,2633000,53802029.0000,1.987500,-1.434700
2024-06-05,20.2043307900,20.7399389700,20.2043307900,20.2935988200,1986300,41041933.0000,1.499300,-0.727800
2024-06-06,20.5118095600,20.5812402500,19.2025451200,19.3711625100,3436800,68256934.0000,2.594200,-4.545500
2024-06-07,19.4901865500,19.8968520200,19.4207558600,19.7282346300,2287737,45363305.6400,1.726900,1.843300
2024-06-11,19.4604305400,20.2836801500,19.1231957600,20.1150627600,2303937,45954739.8700,1.739100,1.960800
2024-06-12,20.1150627600,20.4126228600,19.9464453700,20.1944121200,1949847,39837161.9900,1.471800,0.394500
2024-06-13,20.2340868000,20.6209149300,20.1547374400,20.4027041900,2588750,53275483.5000,1.954100,1.031400
2024-06-14,20.3828668500,20.4522975400,20.1150627600,20.3531108400,1923600,39296046.0000,1.452000,-0.243100
2024-06-17,20.5415655700,20.7597763100,20.2935988200,20.5018908900,2497000,51747115.0000,1.884800,0.731000
2024-06-18,20.4622162100,21.5631885800,20.4126228600,21.4044898600,4682610,100005802.9000,3.534600,4.402500
2024-06-19,21.6722939500,22.0591220800,21.5731072500,21.7218873000,5694400,125078419.0000,4.298300,1.482900
2024-06-20,21.9797727200,22.6046489300,21.2755471500,21.2755471500,8050700,177761414.0000,6.076900,-2.054800
2024-06-21,21.2854658200,21.5135952300,20.7696949800,20.9978243900,4118144,87556117.4800,3.108500,-1.305400
2024-06-24,20.7300203000,20.9680683800,19.7381533000,19.7778279800,4580900,93295060.0000,3.457800,-5.810100
2024-06-25,20.1547374400,21.1366857700,19.1727891100,19.3909998500,4941100,98578350.0000,3.729700,-1.955900
2024-06-26,19.2422198000,20.6308336000,18.9644970400,20.5812402500,4727200,94795784.0000,3.568200,6.138100
2024-06-27,20.5018908900,20.6308336000,19.9762013800,19.9762013800,3100231,63317918.5800,2.340100,-2.939800
2024-06-28,19.9762013800,20.5018908900,19.8075839900,19.9662827100,2852400,58014486.0000,2.153100,-0.049700
2024-07-01,19.8770146800,19.9662827100,19.1926264500,19.7877466500,3063400,60256340.0000,2.312300,-0.894200
2024-07-02,19.8075839900,20.0753880800,19.7183159600,19.7579906400,2572700,51571132.0000,1.941900,-0.150400
2024-07-03,19.5496985700,19.9067706900,19.3017318200,19.3215691600,2248465,44130534.2000,1.697200,-2.208800
2024-07-04,19.4901865500,19.6885599500,18.6470996000,18.6867742800,2904100,55760935.4600,2.192100,-3.285400
2024-07-05,18.4487262000,18.9347410300,18.3792955100,18.7363676300,2260700,42510456.0000,1.706400,0.265400
2024-07-08,18.7264489600,18.7264489600,17.8635246700,17.9726300400,2367285,43569731.1500,1.786900,-4.076200
2024-07-09,17.9825487100,18.5975062500,17.5957205800,18.5280755600,2921200,53411462.0000,2.205000,3.090500
2024-07-10,18.3892141800,19.1727891100,18.3594581700,18.8256356600,2893000,55145849.0000,2.183700,1.606000
2024-07-11,19.3414065000,19.4207558600,18.9446597000,19.4207558600,2775500,53881350.0000,2.095000,3.161200
2024-07-12,19.3810811800,19.3810811800,19.0636837400,19.1430331000,1994600,38610499.0000,1.505600,-1.430000
2024-07-15,19.1430331000,19.1430331000,18.6272622600,18.7264489600,1786907,33944716.1600,1.335700,-2.176200
2024-07-16,18.7958796500,19.1132770900,18.5379942300,19.0438464000,1868800,35499726.1200,1.396900,1.694900
2024-07-17,19.0438464000,19.0438464000,18.6074249200,18.6074249200,1763000,33342715.0000,1.317900,-2.291700
2024-07-18,18.4189701900,18.4586448700,17.8734433400,18.1114914200,2372000,43242009.0000,1.773100,-2.665200
2024-07-19,18.0222233900,18.5975062500,17.9428740300,18.4983195500,2047501,37905675.8000,1.530500,2.135800
2024-07-22,18.4983195500,18.7958796500,18.4189701900,18.7165302900,1804500,33911063.0000,1.348900,1.179600
2024-07-23,18.7264489600,18.8355543300,18.1313287600,18.2305154600,1954300,36546326.8800,1.460900,-2.596700
2024-07-24,18.2900274800,18.2900274800,17.6353952600,17.6750699400,2432400,43866047.0000,1.818200,-3.046800
2024-07-25,17.5560459000,18.0817354100,17.4667778700,17.9131180200,2049281,36728897.8300,1.531900,1.346800
2024-07-26,17.9131180200,18.2602714700,17.8536060000,18.0817354100,1639300,29918241.0000,1.225400,0.941300
2024-07-29,18.2305154600,18.5975062500,17.8436873300,18.3495395000,2155600,39560279.0000,1.611300,1.481100
2024-07-30,18.2602714700,18.9446597000,18.1214100900,18.6867742800,2238250,42014931.5000,1.673100,1.837800
2024-07-31,18.6570182700,19.3314878300,18.5677502400,19.3314878300,2374400,45669169.0000,1.774900,3.450100
2024-08-01,19.2323011300,19.5100238900,19.1529517700,19.3513251700,2323200,45268773.0000,1.736600,0.102600
2024-08-02,19.2422198000,19.4306745300,18.9149036900,18.9843343800,1930165,37269260.5000,1.442800,-1.896500
2024-08-05,19.1331144300,19.1331144300,18.1114914200,18.1114914200,2646000,49342480.0000,1.977900,-4.597700
2024-08-06,18.2999461500,18.6867742800,18.2205967900,18.4784822100,1469200,27220112.0000,1.098200,2.026300
2024-08-07,18.7264489600,18.8256356600,18.2007594500,18.5479129000,1451100,27285027.0000,1.084700,0.375700
2024-08-08,18.3991328500,18.4784822100,18.0222233900,18.3197834900,1487500,27389442.1000,1.111900,-1.229900
2024-08-09,18.2801088100,18.5082382200,18.0618980700,18.0618980700,1346044,24830504.0400,1.006200,-1.407700
2024-08-12,18.0519794000,18.2106781200,17.8139313200,17.9527927000,1175398,21319409.5800,0.878600,-0.604100
2024-08-13,18.0023860500,18.1908407800,17.8833620100,18.1511661000,1117500,20322794.0000,0.835300,1.105000
2024-08-14,18.0618980700,18.1809221100,17.8932806800,17.8932806800,955700,17327067.0000,0.714400,-1.420800
2024-08-15,17.8734433400,18.4288888600,17.6552326000,18.2602714700,1669477,30510901.1800,1.247900,2.051000
2024-08-16,18.2503528000,18.5181568900,18.2503528000,18.3792955100,1458754,27051532.9200,1.090400,0.651800
2024-08-19,18.4288888600,18.7165302900,18.2106781200,18.2503528000,1720822,31972360.9400,1.286300,-0.701600
2024-08-20,18.2701901400,18.2701901400,17.5957205800,17.6750699400,1582500,28485001.0000,1.182900,-3.152200
2024-08-21,17.6552326000,17.9924673800,17.5858019100,17.6849886100,1261884,22632689.8400,0.943300,0.056100
2024-08-22,17.6353952600,18.0718167400,17.4171845200,17.6155579200,2395216,42785494.2200,1.790400,-0.392600
2024-08-23,17.6155579200,18.4884008800,17.5163712200,18.1908407800,2970636,54084911.6400,2.220600,3.265800
2024-08-26,18.3297021600,18.9446597000,18.0718167400,18.5975062500,3918300,73138066.0000,2.929000,2.235600
2024-08-27,18.5181568900,18.5975062500,18.0916540800,18.1313287600,2273700,41875457.0000,1.699600,-2.506700
2024-08-28,18.0718167400,18.4288888600,17.7544193000,18.3495395000,1846200,33809499.0000,1.380000,1.203500
2024-08-29,18.2007594500,18.6570182700,18.1015727500,18.6272622600,1929700,36063717.0000,1.442500,1.513500
2024-08-30,18.6074249200,19.2719758100,18.4784822100,18.8355543300,3326300,63704045.5000,2.486400,1.118200
2024-09-02,18.6570182700,18.8256356600,17.8337686600,17.8635246700,3398000,62250825.0000,2.540000,-5.160600
2024-09-03,17.8536060000,18.2205967900,17.7246632900,18.2205967900,2649350,48130110.5000,1.980400,1.998900
2024-09-04,18.0916540800,18.1412474300,17.7841753100,17.9031993500,1876317,33983167.2300,1.402600,-1.742000
2024-09-05,17.8436873300,18.3495395000,17.8436873300,18.2801088100,1908240,34934463.4700,1.426400,2.105300
2024-09-06,18.2007594500,18.4288888600,17.7841753100,17.8139313200,1972900,35781003.4400,1.474800,-2.550200
2024-09-09,17.6750699400,17.8040126500,17.2287297900,17.3477538300,2211827,38851509.8600,1.653400,-2.616900
2024-09-10,17.3477538300,17.9726300400,16.9510070300,17.8040126500,2666600,46703340.5200,1.993300,2.630100
2024-09-11,17.7643379700,17.8040126500,17.5461272300,17.6849886100,1310622,23352552.9800,0.979700,-0.668500
2024-09-12,17.6849886100,17.9428740300,17.6155579200,17.6552326000,1237848,22182929.7800,0.925300,-0.168300
2024-09-13,17.7742566400,17.7742566400,17.1791364400,17.1890551100,1390166,24342811.7400,1.039200,-2.640400
2024-09-18,17.1791364400,17.2386484600,16.6137722500,16.9212510200,1569864,26691058.3200,1.173500,-1.558000
2024-09-19,17.0006003800,17.5858019100,16.9212510200,17.4866152100,2178378,38033230.8000,1.628400,3.341100
2024-09-20,17.6254765900,19.2323011300,17.5064525500,19.2323011300,6148196,117677907.4400,4.595800,9.983000
2024-09-23,20.3233548300,20.6308336000,19.5397799000,19.8075839900,14215029,286846235.2300,10.625800,2.991200
2024-09-24,19.8274213300,20.2440054700,19.2422198000,20.2241681300,11503559,230001202.5300,8.599000,2.103200
2024-09-25,20.1349001000,20.4126228600,19.8968520200,19.9563640400,9660988,196017656.7000,7.221700,-1.324200
2024-09-26,19.8670960100,20.1844934500,19.7381533000,20.1745747800,6543316,131819681.2400,4.891200,1.093400
2024-09-27,20.3134361600,21.3449778400,20.2737614800,21.0970110900,8994766,188211402.2800,6.723600,4.572300
2024-09-30,22.1186341000,23.1105011000,21.4044898600,23.0708264200,10845728,244502890.5400,8.107300,9.355900
2024-10-08,25.3719578600,25.3719578600,22.9319650400,24.7867563300,11290936,277149384.7400,8.440100,7.437700
2024-10-09,24.2015548000,24.2015548000,22.3070888300,22.3070888300,7726248,181782842.7000,5.775400,-10.004000
2024-10-10,22.5352182400,22.9319650400,21.7119686300,22.0492034100,5265175,118515620.5000,3.935800,-1.156100
2024-10-11,21.8111553300,22.0987967600,20.7300203000,21.0077430600,4453950,95320310.1000,3.329400,-4.723300
2024-10-14,21.0275804000,21.7218873000,20.6804269500,21.6326192700,4052344,86737920.5600,3.029200,2.974500
2024-10-15,21.6326192700,22.1087154300,21.2755471500,21.2755471500,4640400,101615708.1100,3.468700,-1.650600
2024-10-16,20.9978243900,23.4080612000,20.9978243900,22.8129410000,13294536,307584861.9600,9.937800,7.226100
2024-10-17,22.4161942000,22.6344049400,21.9400980400,22.0492034100,10226312,229001544.0200,7.644200,-3.347800
2024-10-18,21.8706673500,23.3584678500,21.7318059700,22.7137543000,8443238,191413229.9400,6.311400,3.013900
2024-10-21,22.8129410000,23.9535880500,22.8129410000,23.4378172100,8270156,196150456.9600,6.182000,3.187800
2024-10-22,23.3386305100,23.4378172100,22.8129410000,23.0013957300,4639664,107861830.1600,3.468200,-1.862000
2024-10-23,22.8823716900,23.2096878000,22.6641609500,22.7435103100,3768088,87172982.6400,2.816700,-1.121200
2024-10-24,22.6145676000,22.7137543000,22.2773328200,22.4161942000,2812514,63609293.9800,2.102400,-1.439200
2024-10-25,22.9815583900,22.9815583900,22.5252995700,22.7038356300,2866064,65647418.4000,2.142400,1.283200
2024-10-28,22.7137543000,22.7534289800,22.2971701600,22.7335916400,4127200,93656709.0000,3.085100,0.131100
2024-10-29,22.8922903600,22.9914770600,22.2277394700,22.2376581400,3770300,85895922.0000,2.818300,-2.181500
2024-10-30,22.0690407500,22.9022090300,21.8805860200,22.2971701600,3702100,82993941.0000,2.767300,0.267600
2024-10-31,22.1880647900,22.3963568600,21.6822126200,22.2079021300,4097650,91258837.5000,3.063000,-0.400400
2024-11-01,22.2079021300,22.2773328200,21.0374990700,21.1763604500,4584266,99008631.4800,3.426800,-4.644900
2024-11-04,21.1466044400,21.7615619800,20.8292070000,21.6425379400,2366400,51287921.0000,1.768900,2.201400
2024-11-05,21.7218873000,22.9617210500,21.5433512400,22.8129410000,5705666,129735606.6400,4.265000,5.407900
2024-11-06,22.8724530200,23.0906637600,22.4360315400,22.7633476500,4919954,113227425.7400,3.677700,-0.217400
2024-11-07,22.7633476500,23.1105011000,22.5252995700,23.1105011000,4136712,95494590.1200,3.092200,1.525100
2024-11-08,23.2394438100,23.8643200200,23.1997691300,23.2394438100,4890800,115661195.1200,3.655900,0.557900
2024-11-11,23.3187931700,24.7867563300,23.3187931700,24.3602535200,6427919,157332176.1200,4.804900,4.822900
2024-11-12,24.3999282000,24.7371629800,23.7155399700,23.9635067200,5317829,129341128.4900,3.975100,-1.628700
2024-11-13,23.7155399700,24.1420427800,23.4874105600,24.1321241100,3190612,76825684.2800,2.385000,0.703600
2024-11-14,24.1618801200,24.4197655400,23.4576545500,23.4675732200,3794476,91555664.6000,2.836400,-2.753800
2024-11-15,23.4973292300,24.3304975100,23.2096878000,23.2394438100,3912400,93961307.0000,2.924500,-0.972100
2024-11-18,23.3485491800,23.5568412500,22.1781461200,22.3269261700,3562700,81131132.0000,2.663100,-3.926600
2024-11-19,22.4757062200,23.0807450900,22.2971701600,23.0609077500,2696292,61754481.2000,2.015500,3.287400
2024-11-20,22.9319650400,23.8544013500,22.9121277000,23.6361906100,3482866,82535745.3800,2.603500,2.494600
2024-11-21,23.6262719400,23.8147266700,23.1898504600,23.5072479000,2417494,57318977.1600,1.807100,-0.545500
2024-11-22,23.4378172100,24.3007415000,22.8724530200,22.9220463700,5420100,130013312.4900,4.051600,-2.489500
2024-11-25,23.1600944500,23.3485491800,22.5451369100,23.0609077500,3599636,83324950.8800,2.690800,0.605800
2024-11-26,23.0212330700,23.3584678500,22.5848115900,22.5848115900,2454600,56711209.0500,1.834800,-2.064500
2024-11-27,22.4558688800,23.6163532700,21.8210740000,23.5865972600,3918400,89538625.0000,2.929000,4.435700
2024-11-28,23.6857839600,24.6578136200,23.6064346000,23.6461092800,4722729,114207714.8700,3.530300,0.252300
2024-11-29,23.6461092800,24.0626934200,23.3287118400,23.9337507100,3558300,85241576.0000,2.659900,1.216400
2024-12-02,23.9238320400,24.5983016000,23.7353773100,24.2908228300,5144700,125608020.0000,3.845700,1.491900
2024-12-03,24.2809041600,26.0464274200,23.8147266700,25.8083793400,11996709,305335325.2500,8.967600,6.247400
2024-12-04,25.6199246100,27.0779691000,25.0248044100,25.2430151500,10157359,263970608.4000,7.592700,-2.190600
2024-12-05,25.2231778100,25.8678913600,25.1041537700,25.8678913600,8911712,229695712.2500,6.661600,2.475400
2024-12-06,25.9274033800,26.1158581100,25.1835031300,25.5604125900,5902431,151604147.3600,4.412100,-1.188700
2024-12-09,25.5703312600,28.1194294500,24.6677322900,26.9986197400,13340257,355168698.9700,9.971900,5.626700
2024-12-10,27.5937399400,27.8714627000,26.7804090000,27.6730893000,13944749,384600575.3600,10.423800,2.498200
2024-12-11,27.7722760000,27.8615440300,26.8498396900,27.5739026000,8176476,224705764.5000,6.112000,-0.358400
2024-12-12,27.5838212700,28.0698361000,27.2267491500,27.6135772800,7521976,209522938.5400,5.622700,0.143900
2024-12-13,27.4747159000,27.4747159000,26.0067527400,26.0662647600,7758194,208249092.3700,5.799300,-5.603400
2024-12-16,26.0265900800,26.0861021000,25.0644790900,25.2430151500,5804533,148723476.5700,4.338900,-3.158300
2024-12-17,25.1140724400,25.2529338200,24.1222054400,24.2015548000,3891239,96518304.1600,2.908700,-4.125700
2024-12-18,24.5487082500,24.9057803700,24.0527747500,24.9057803700,3786552,94004711.6800,2.830500,2.909800
2024-12-19,25.0843164300,26.5820356000,25.0049670700,26.0662647600,8842588,231956794.6200,6.609900,4.659500
2024-12-20,25.4513072200,26.3836622000,25.3124458400,25.9670780600,5239908,136455608.8800,3.916900,-0.380500
2024-12-23,25.9373220500,25.9373220500,24.3205788400,24.4098468700,4240021,106865939.7300,3.169400,-5.996900
2024-12-24,24.7966750000,25.0248044100,24.1817174600,24.7570003200,2642048,65478794.7200,1.974900,1.422200
2024-12-25,24.5387895800,24.6478949500,23.8048080000,24.0825307600,2469500,60159027.2800,1.846000,-2.724400
2024-12-26,24.0031814000,24.6776509600,24.0031814000,24.4296842100,2088096,51549020.8900,1.560900,1.441500
2024-12-27,24.4296842100,24.6974883000,24.1122867700,24.2313108100,2454539,60473912.6900,1.834800,-0.812000
2024-12-30,24.2412294800,24.4594402200,23.6857839600,24.1023681000,2053300,49972416.0000,1.534900,-0.532100
2024-12-31,23.9635067200,24.1916361300,22.9815583900,22.9815583900,2712665,64232905.8500,2.027700,-4.650200
2025-01-02,22.9815583900,23.0013957300,21.7417246400,22.0095287300,2931905,66400962.4000,2.191600,-4.229600
2025-01-03,22.0888780900,22.1583087800,21.0176617300,21.0474177400,2439094,53011542.3700,1.823200,-4.371300
2025-01-06,20.8490443400,21.2457911400,20.5018908900,21.0176617300,1774750,37436480.3500,1.326600,-0.141400
2025-01-07,21.1466044400,21.5731072500,21.0176617300,21.5532699100,1869879,40142560.2500,1.397700,2.548400
2025-01-08,21.4937578900,21.5830259200,20.5514842400,21.3053031600,2333807,49778158.2900,1.744500,-1.150500
2025-01-09,21.2061164600,21.8706673500,21.0374990700,21.7218873000,2287893,50024055.6300,1.710200,1.955300
2025-01-10,21.6227006000,22.6641609500,21.4342458700,21.6524566100,3295143,73396245.5800,2.463100,-0.319600
2025-01-13,21.5334325700,21.9301793700,20.9283937000,21.8607486800,1757800,38298449.0000,1.314000,0.962000
2025-01-14,21.9301793700,23.1005824300,21.8111553300,23.0708264200,3684200,84157404.0800,2.754000,5.535400
2025-01-15,23.0311517400,23.1105011000,22.6939169600,22.7435103100,2311503,53296561.7000,1.727900,-1.418700
2025-01-16,22.7831849900,23.1600944500,21.9400980400,22.1781461200,3384200,76735546.9000,2.529700,-2.485800
2025-01-17,21.9896913900,22.4558688800,21.9500167100,22.2178208000,2132089,47687216.3400,1.593800,0.178900
2025-01-20,22.4360315400,22.5451369100,22.1186341000,22.2971701600,1766560,39825734.0000,1.320500,0.357100
2025-01-21,22.3864381900,22.5153809000,21.9896913900,22.5054622300,1896800,42545750.0000,1.417900,0.934200
2025-01-22,22.3170075000,22.4757062200,22.0194474000,22.0987967600,1510200,33845149.0000,1.128900,-1.807000
2025-01-23,22.3864381900,23.0013957300,22.3070888300,22.5451369100,2936100,67185255.0000,2.194800,2.019700
2025-01-24,22.4261128700,23.2592811500,22.4261128700,23.1997691300,3234700,74818422.0000,2.418000,2.903700
2025-01-27,23.4080612000,23.9039947000,23.0807450900,23.2394438100,3149592,74413532.3600,2.354300,0.171000
2025-02-05,23.7155399700,24.4197655400,23.6262719400,24.2610668200,5131682,125090860.3200,3.836000,4.396100
2025-02-06,24.1618801200,24.7074069700,24.1023681000,24.6974883000,5102240,125912394.6900,3.814000,1.798900
2025-02-07,24.6974883000,25.3025271700,24.4792775600,24.8760243600,5666242,142049689.1600,4.235600,0.722900
2025-02-10,24.8760243600,25.9769967300,24.7966750000,25.8579726900,7884991,204154020.4100,5.894100,3.947400
2025-02-11,25.6893553000,26.0662647600,25.4909819000,25.7091926400,4392729,114106971.1300,3.283600,-0.575400
2025-02-12,25.5901686000,26.2646381600,25.5504939200,26.0464274200,3841200,100562994.8000,2.871300,1.311700
2025-02-13,25.9373220500,26.1555327900,25.4711445600,25.5009005700,4024507,104374236.8300,3.008300,-2.094400
2025-02-14,25.5009005700,28.0499987600,25.2826898300,28.0499987600,10415898,284744852.7200,7.786000,9.996100
2025-02-17,29.7560100000,29.7560100000,27.5838212700,27.8813813700,14621877,414627128.1200,10.930000,-0.601100
2025-02-18,27.6036586100,28.1491854600,26.7208969800,26.9291890500,7147589,197247491.4100,5.342900,-3.415200
2025-02-19,26.8101650100,28.0103240800,26.7804090000,27.6234959500,6552714,181469052.6000,4.898200,2.578300
2025-02-20,28.0103240800,30.3908048800,27.6334146200,30.3908048800,13208114,389784222.0900,9.873200,10.018000
2025-02-21,31.0454371000,33.4259179000,30.6288529600,33.4259179000,23631354,773519159.1000,17.622800,9.986900
2025-02-24,33.4259179000,33.4259179000,30.0932447800,31.0950304500,20781641,652114500.8400,15.497700,-6.973300
2025-02-25,30.7478770000,33.4060805600,30.5495036000,32.5530749400,16120334,519738660.0800,12.021500,4.689000
2025-02-26,32.0373041000,32.3745388800,31.0751931100,31.4025092200,12318426,391452055.5700,9.186300,-3.534400
2025-02-27,31.4025092200,31.5413706000,29.9345460600,30.7875516800,8341296,257657561.1200,6.220400,-1.958300
2025-02-28,30.2618621700,30.8371450300,28.2186161500,28.2979655100,7653619,224993325.4200,5.707600,-8.086300
2025-03-03,28.4665829000,29.6072299500,28.0797547700,28.7244683200,5526946,161087009.9300,4.121700,1.507200
2025-03-04,28.7740616700,29.9940580800,28.5657696000,29.5477179300,6007039,178340181.1600,4.479700,2.866000
2025-03-05,29.3592632000,29.8056033500,29.0021910800,29.6171486200,4197656,124242859.0100,3.130400,0.235000
2025-03-06,29.9543834000,31.2834851800,29.8452780300,30.4602355700,6441800,197702249.0000,4.803900,2.846600
2025-03-07,30.2618621700,30.9561690700,29.7758473400,30.0436514300,4474400,137212854.0000,3.336700,-1.367600
2025-03-10,30.0337327600,30.0436514300,29.2303204900,29.4882059100,3507747,104275854.1100,2.615900,-1.848800
2025-03-11,28.9327603900,30.6189342900,28.7641430000,29.5477179300,4719900,141268751.7400,3.519800,0.201800
2025-03-12,29.7857660100,29.9147087200,29.3394258600,29.4088565500,4327500,128715396.0000,3.227200,-0.470000
2025-03-13,29.4187752200,29.4187752200,28.1293481200,28.4963389100,4006700,115330085.4400,2.987900,-3.102900
2025-03-14,28.3872335400,31.2438105000,28.3872335400,31.0255997600,8618002,260899167.5400,6.426800,8.875700
2025-03-17,31.2438105000,34.1301434700,31.2438105000,34.1301434700,11579790,389834419.7500,8.635500,10.006400
2025-03-18,34.1698181500,34.6955076600,31.7397440000,32.1960028200,21880547,715644535.3700,16.317200,-5.667000
2025-03-19,31.9381174000,31.9579547400,30.7677143400,30.8966570500,10166930,319086111.0600,7.581900,-4.035700
2025-03-20,30.9462504000,31.1942171500,30.3610488700,30.4403982300,6109300,189377730.5000,4.555900,-1.476700
2025-03-21,30.1031634500,30.1428381300,28.9922724100,29.0319470900,6331216,188431319.7200,4.721400,-4.626900
2025-03-24,29.0517844300,31.6207199600,28.8434923600,31.6207199600,13054842,401420766.5400,9.735500,8.917000
2025-03-25,31.4421839000,31.4818585800,29.2600765000,29.4187752200,7720368,234253822.0400,5.757400,-6.963600
2025-03-26,29.3691818700,30.6288529600,29.3691818700,29.5675552700,3916280,117255420.9900,2.920500,0.505700
2025-03-27,29.5675552700,31.2041358200,28.7145496500,28.7938990100,6321340,189439026.1000,4.714100,-2.616600
2025-03-28,28.6649563000,28.9426790600,27.9706494000,27.9904867400,3883000,110832260.0000,2.895700,-2.790200
2025-03-31,27.6730893000,28.3475588600,27.3060985100,28.1789414700,3475300,97844516.6000,2.591700,0.673300
2025-04-01,28.2186161500,28.4269082200,27.6036586100,27.8417066900,2758100,77638561.0000,2.056800,-1.196800
2025-04-02,27.8218693500,30.0535701000,27.8020320100,29.6964979800,7968704,235786785.6400,5.942600,6.661900
2025-04-03,29.0617031000,29.8353593600,28.5260949200,28.9922724100,3929789,115432686.4200,2.930600,-2.371400
2025-04-07,27.2763425000,27.6830079700,26.0960207700,26.0960207700,3511500,93829039.0000,2.618700,-9.989700
2025-04-08,25.8678913600,25.8678913600,23.6461092800,24.3304975100,7673800,188195932.6000,5.722600,-6.765500
2025-04-09,23.6560279500,24.7966750000,22.1186341000,24.5983016000,5735554,137255657.6900,4.277200,1.100700
2025-04-10,25.2529338200,26.2844755000,25.0942351000,25.8678913600,5216144,135811405.2000,3.889900,5.161300
2025-04-11,25.5306565800,26.7605716600,25.4314698800,26.5324422500,3452928,91665377.8400,2.575000,2.569000
2025-04-14,26.7308156500,28.3673962000,26.4431742200,27.6036586100,5901228,163938812.9800,4.400800,4.037400
2025-04-15,27.6036586100,28.3971522100,27.1969931400,27.7425199900,5012062,140291661.8200,3.737700,0.503100
2025-04-16,27.4350412200,28.2682095000,26.9986197400,28.1194294500,7071809,198324821.3400,5.273700,1.358600
2025-04-17,27.6730893000,29.1807271400,27.6730893000,28.4169895500,4932200,142427523.0000,3.678100,1.058200
2025-04-18,28.4269082200,29.3096698500,28.2682095000,29.1112964500,4664500,136533456.0000,3.478500,2.443300
2025-04-21,29.4187752200,29.4882059100,28.2880468400,29.2600765000,3761200,109817598.3000,2.804900,0.511100
2025-04-22,29.0617031000,29.3394258600,27.8020320100,28.1194294500,5270600,150376532.4600,3.930500,-3.898300
2025-04-23,28.0103240800,28.6153629500,27.6433332900,28.1293481200,4403000,124621389.0000,3.283500,0.035300
2025-04-24,27.8913000400,28.1293481200,27.2763425000,27.5441465900,2948300,82070343.0000,2.198700,-2.080400
2025-04-25,28.4269082200,28.7343869900,27.6532519600,27.8317880200,2962182,83749950.6600,2.209000,1.044300
2025-04-28,27.5540652600,28.1293481200,27.3755292000,27.5342279200,2946564,82240748.0400,2.197400,-1.069100
2025-04-29,27.0878877700,27.9706494000,26.5820356000,27.8020320100,2795400,77525158.8500,2.084600,0.972600
2025-04-30,27.8020320100,28.2682095000,27.5838212700,27.9210560500,2186900,61755648.0000,1.630900,0.428100
2025-05-06,27.5639839300,27.5639839300,25.9571593900,27.1672371300,9308641,249265700.1600,6.941800,-2.699800
2025-05-07,27.3259358500,27.8913000400,26.9589450600,27.2565051600,5569265,154297882.5000,4.153200,0.328600
2025-05-08,27.1275624500,28.0202427500,26.9787824000,27.8813813700,4579176,128083919.6000,3.414900,2.292600
2025-05-09,27.7623573300,27.7722760000,26.3836622000,26.4530928900,5504576,148641560.7200,4.105000,-5.122700
2025-05-12,26.7804090000,27.4449598900,26.7704903300,27.2366678200,3809990,104565375.8600,2.841300,2.962100
2025-05-13,27.4548785600,27.5739026000,26.9192703800,26.9787824000,2787465,76452553.2500,2.078700,-0.946800
2025-05-14,27.0581317600,27.2664238300,26.4431742200,26.5820356000,3323600,89516331.0000,2.478500,-1.470600
2025-05-15,26.4729302300,26.5522795900,25.4909819000,25.6100059400,3687364,95930879.8400,2.749800,-3.656700
2025-05-16,25.6600000000,26.2700000000,25.5300000000,25.8800000000,2042306,53018552.8200,1.523000,1.054300
2025-05-19,25.9100000000,28.4700000000,25.5300000000,28.4700000000,7717319,212122402.8700,5.755100,10.007700
2025-05-20,29.3100000000,30.9500000000,28.5900000000,29.2000000000,23577296,698055181.2200,17.582500,2.564100
2025-05-21,28.3400000000,28.6700000000,27.2200000000,27.8500000000,15235151,421659590.7900,11.361400,-4.623300
2025-05-22,27.7300000000,30.6400000000,27.5000000000,30.6400000000,22154577,658484636.9800,16.521500,10.018000
2025-05-23,30.9400000000,31.2000000000,29.1000000000,30.1300000000,25786374,781303745.0800,19.229900,-1.664500
2025-05-26,29.9800000000,30.4700000000,28.9500000000,29.2200000000,16218473,477348248.5800,12.094700,-3.020200
2025-05-27,29.5300000000,29.6000000000,28.7100000000,29.4000000000,11819893,344280245.5900,8.814500,0.616000
2025-05-28,29.2000000000,31.2800000000,29.1100000000,30.6500000000,18363651,556488329.4600,13.694500,4.251700
2025-05-29,30.0200000000,30.3500000000,29.4000000000,30.1800000000,12109131,362505030.2600,9.030200,-1.533400
2025-05-30,29.7800000000,29.9500000000,28.5000000000,28.7100000000,9621073,278912705.6000,7.174800,-4.870800
2025-06-03,28.1000000000,28.7800000000,28.0000000000,28.7700000000,5843150,165729994.0000,4.357500,0.209000
2025-06-04,28.8600000000,28.9500000000,28.3600000000,28.9200000000,5422107,155658010.7800,4.043500,0.521400
2025-06-05,28.8600000000,29.1100000000,28.4800000000,29.0800000000,5751179,165859199.1200,4.288900,0.553300
2025-06-06,28.9500000000,29.6700000000,28.6800000000,29.4700000000,7514990,219765485.2500,5.604200,1.341100
2025-06-09,29.3900000000,30.1200000000,29.1400000000,29.6900000000,7145213,212239363.8300,5.328500,0.746500
2025-06-10,29.6000000000,30.0300000000,28.2300000000,28.8000000000,8116476,235903594.1200,6.052800,-2.997600
2025-06-11,28.7200000000,29.1000000000,28.3800000000,28.5200000000,4563521,130727357.7600,3.403200,-0.972200
2025-06-12,28.3800000000,28.4300000000,27.6300000000,27.7200000000,6764057,188404036.7900,5.044200,-2.805000
2025-06-13,27.7300000000,27.7800000000,26.9400000000,27.1800000000,6050628,164703178.0900,4.512200,-1.948100
2025-06-16,26.9000000000,27.4100000000,26.8900000000,27.4000000000,2774263,75610812.2400,2.068900,0.809400
2025-06-17,27.4000000000,28.1600000000,27.2300000000,27.7700000000,4685540,129840659.4700,3.494200,1.350400
2025-06-18,27.6000000000,28.5000000000,27.1800000000,28.5000000000,6363764,176814293.9000,4.745700,2.628700
2025-06-19,28.6000000000,30.2800000000,28.5300000000,28.7700000000,15593283,457614948.8700,11.628500,0.947400
2025-06-20,28.5100000000,28.9000000000,27.3200000000,28.2800000000,8451059,237828764.5200,6.302300,-1.703200
2025-06-23,27.8600000000,28.0800000000,27.1300000000,27.7900000000,5543559,153524655.2700,4.134000,-1.732700
2025-06-24,27.7900000000,29.2900000000,27.7900000000,28.9500000000,8060007,232055906.4500,6.010700,4.174200
2025-06-25,28.9500000000,29.7400000000,28.9000000000,29.2800000000,6578000,192551510.0000,4.905500,1.139900
2025-06-26,29.2000000000,29.4700000000,28.8000000000,28.9100000000,5043350,146860278.5000,3.761000,-1.263700
2025-06-27,28.8600000000,29.1100000000,28.8000000000,28.8600000000,4074650,117833370.7100,3.038600,-0.173000
2025-06-30,28.8700000000,29.9200000000,28.7300000000,29.3100000000,5687250,167040325.5000,4.241200,1.559300
2025-07-01,29.3100000000,30.0000000000,28.8200000000,29.1200000000,4533992,132654916.1200,3.381200,-0.648200
2025-07-02,29.0100000000,29.1200000000,28.2800000000,28.7100000000,3654600,104341650.0000,2.725400,-1.408000
2025-07-03,28.7000000000,29.4300000000,28.5800000000,29.2200000000,4225300,122857929.0000,3.151000,1.776400
2025-07-04,29.2100000000,29.2200000000,28.6900000000,28.7600000000,3611300,104443807.0000,2.693100,-1.574300
2025-07-07,28.8700000000,29.9000000000,28.4400000000,29.2400000000,5979326,175085755.6600,4.459000,1.669000
2025-07-08,29.7000000000,29.9900000000,29.0000000000,29.3600000000,6139500,179911795.0000,4.578500,0.410400
2025-07-09,29.3000000000,31.0000000000,29.2000000000,30.4500000000,13826229,420259542.7800,10.310700,3.712500
2025-07-10,30.0800000000,31.0000000000,29.8400000000,30.9800000000,10943456,332819117.4000,8.160900,1.740600
2025-07-11,31.6700000000,31.7800000000,29.8100000000,29.9700000000,14920321,452701063.3200,11.126600,-3.260200
2025-07-14,29.7200000000,32.9700000000,29.7200000000,32.0700000000,22072917,707744614.8800,16.460600,7.007000
2025-07-15,31.2800000000,31.6500000000,30.3100000000,30.7400000000,15409450,476609765.7800,11.491400,-4.147200
2025-07-16,31.5000000000,32.6600000000,31.0800000000,32.1300000000,14728355,468055825.1500,10.983500,4.521800
2025-07-17,32.1700000000,34.4800000000,32.1700000000,33.4800000000,16345251,541071638.1800,12.189300,4.201700
2025-07-18,33.6700000000,34.1600000000,32.6900000000,33.0500000000,11555950,383719168.8600,8.617700,-1.284300
2025-07-21,32.7900000000,33.7900000000,32.3100000000,32.6400000000,10076908,332439233.0400,7.514700,-1.240500
2025-07-22,32.3700000000,32.4800000000,31.3200000000,31.6400000000,9544700,303393818.0000,7.117800,-3.063700
2025-07-23,31.6500000000,32.9900000000,31.3000000000,32.8000000000,10797617,346236385.3500,8.052200,3.666200
2025-07-24,32.4000000000,34.9500000000,32.0700000000,33.9200000000,13296184,447873837.3100,9.915500,3.414600
2025-07-25,34.0100000000,34.2000000000,33.4300000000,33.7400000000,6243783,210615204.0500,4.656200,-0.530700
2025-07-28,33.5000000000,33.7000000000,32.3100000000,33.1700000000,6850468,225696556.0700,5.108700,-1.689400
2025-07-29,32.8800000000,33.0300000000,32.3500000000,32.7400000000,5257275,171780894.1400,3.920500,-1.296400
2025-07-30,32.6600000000,32.6600000000,31.6800000000,32.0300000000,5368098,172243343.4800,4.003200,-2.168600
2025-07-31,31.9500000000,32.4900000000,31.6500000000,31.8200000000,4709297,151127142.4900,3.511900,-0.655600
2025-08-01,31.8800000000,32.0000000000,31.2500000000,31.8000000000,3715400,117276087.0000,2.770700,-0.062900
2025-08-04,31.7900000000,32.2900000000,31.7200000000,32.0300000000,3067209,97972756.1600,2.287300,0.723300
2025-08-05,32.3000000000,32.7200000000,32.0100000000,32.2000000000,4277209,138257249.2400,3.189700,0.530800
2025-08-06,32.0500000000,32.9000000000,31.7600000000,32.4500000000,4604300,148565183.0000,3.433600,0.776400
2025-08-07,32.1200000000,32.5800000000,31.5800000000,31.7000000000,5209647,166337351.2000,3.885000,-2.311200
2025-08-08,31.7000000000,31.7900000000,30.7900000000,31.0300000000,4459650,138479012.5000,3.325700,-2.113600
2025-08-11,31.0500000000,31.7200000000,31.0500000000,31.4900000000,3324700,104515711.0000,2.479400,1.482400
2025-08-12,31.4000000000,31.6000000000,30.6200000000,30.7200000000,4775901,147492803.5200,3.561600,-2.445200
2025-08-13,31.0100000000,31.0800000000,30.3200000000,30.8200000000,4954098,152076370.0200,3.694500,0.325500
2025-08-14,30.9500000000,31.1300000000,30.4100000000,30.6300000000,5378600,165640402.0000,4.011000,-0.616500
2025-08-15,30.8200000000,32.5000000000,30.8100000000,32.1400000000,9608000,303958903.0000,7.165000,4.929800
2025-08-18,32.4900000000,32.6800000000,31.9100000000,32.1200000000,8384500,269826531.0000,6.252600,-0.062200
2025-08-19,32.3000000000,33.0000000000,32.0000000000,32.3400000000,8200300,265846701.0000,6.115300,0.684900
2025-08-20,32.5800000000,32.8200000000,31.9300000000,32.7300000000,6502669,210801313.9100,4.849300,1.205900
2025-08-21,33.0000000000,33.0200000000,32.0700000000,32.2700000000,4794800,155885240.1200,3.575700,-1.405400
2025-08-22,32.6000000000,33.0700000000,32.3200000000,32.4300000000,6117500,199424418.0000,4.562100,0.495800
2025-08-25,33.7200000000,33.7200000000,32.3500000000,32.5300000000,7324900,239785706.0000,5.462500,0.308400
2025-08-26,32.0500000000,32.6500000000,31.6000000000,32.0100000000,6702088,215859700.7600,4.998000,-1.598500
2025-08-27,32.1200000000,32.3500000000,30.9300000000,30.9300000000,7004400,222805729.0000,5.223400,-3.373900
2025-08-28,30.7100000000,31.3000000000,29.3800000000,30.6500000000,8445700,255565455.0000,6.298300,-0.905300
2025-08-29,30.5000000000,30.8400000000,30.3000000000,30.4200000000,4315900,131751414.0000,3.218500,-0.750400
2025-09-01,30.5600000000,30.8500000000,30.2500000000,30.4600000000,3843100,117217081.0000,2.865900,0.131500
2025-09-02,30.5300000000,30.5300000000,29.3300000000,29.7700000000,4674121,139069028.5100,3.485700,-2.265300
2025-09-03,29.7700000000,30.0700000000,28.9600000000,29.1400000000,3345237,98790758.7300,2.494700,-2.116200
2025-09-04,29.1600000000,29.3600000000,28.2400000000,28.6600000000,3227900,93292258.0000,2.407200,-1.647200
2025-09-05,28.7500000000,29.3700000000,28.5200000000,29.2800000000,3301960,95964332.5000,2.462400,2.163300
2025-09-08,29.3000000000,29.7300000000,29.0400000000,29.6400000000,2985300,87644353.5000,2.226300,1.229500
2025-09-09,29.6000000000,29.8100000000,29.0400000000,29.1000000000,2571610,75515957.0000,1.917700,-1.821900
2025-09-10,29.0700000000,29.2800000000,28.9200000000,28.9700000000,1824120,53063314.0100,1.360300,-0.446700
2025-09-11,29.0500000000,29.6300000000,28.7400000000,29.4500000000,2616600,76550183.0000,1.951300,1.656900
2025-09-12,29.6000000000,29.7800000000,29.2700000000,29.3700000000,2228300,65716270.0000,1.661700,-0.271600
2025-09-15,29.9000000000,30.6900000000,29.5900000000,30.1800000000,4656756,140117912.5600,3.472700,2.757900
2025-09-16,30.0000000000,30.6600000000,29.9000000000,30.4300000000,3213869,97245305.2900,2.396700,0.828400
2025-09-17,30.3900000000,30.4200000000,30.0700000000,30.2000000000,2197569,66471977.3500,1.638800,-0.755800
2025-09-18,30.0000000000,30.1900000000,29.0600000000,29.3400000000,3786000,112748316.5500,2.823400,-2.847700
2025-09-19,29.4100000000,29.4300000000,28.6300000000,28.8300000000,2604300,75227983.0000,1.942100,-1.738200
2025-09-22,28.9300000000,29.0100000000,28.4700000000,28.6700000000,1806492,51773777.4400,1.347200,-0.555000
2025-09-23,28.6000000000,28.6000000000,27.5100000000,28.1600000000,3030000,84600152.0000,2.259600,-1.778900
2025-09-24,28.1500000000,28.8600000000,27.9900000000,28.8500000000,2391200,68093179.0000,1.783200,2.450300
2025-09-25,28.8500000000,29.1600000000,28.5900000000,28.7300000000,1993584,57599984.0000,1.486700,-0.415900
2025-09-26,27.5300000000,27.7900000000,27.0100000000,27.1000000000,5186500,141495803.0000,3.867800,-5.673500
2025-09-29,27.1900000000,27.7000000000,27.0000000000,27.1600000000,3036694,83083412.4900,2.264600,0.221400
2025-09-30,27.3300000000,27.6000000000,27.2500000000,27.4900000000,1844543,50619539.4900,1.375500,1.215000
2025-10-09,27.5900000000,27.9200000000,27.3600000000,27.6700000000,2209643,61198742.2400,1.647800,0.654800
2025-10-10,27.6000000000,28.0000000000,27.5000000000,27.7800000000,2058800,57225451.0000,1.535300,0.397500
2025-10-13,27.0000000000,27.8700000000,26.2900000000,27.8500000000,2636898,71894525.1000,1.966400,0.252000
2025-10-14,27.8000000000,27.9600000000,27.2200000000,27.3000000000,1853198,51147085.5000,1.382000,-1.974900
2025-10-15,27.4900000000,27.5800000000,26.9900000000,27.3600000000,1758607,48053893.5200,1.311500,0.219800
2025-10-16,27.4000000000,27.8600000000,27.0500000000,27.6700000000,2093069,57689253.3000,1.560900,1.133000
2025-10-17,27.6700000000,28.9700000000,27.2000000000,28.6200000000,6506376,184871855.0500,4.852100,3.433300
2025-10-20,29.0000000000,29.3000000000,28.4600000000,28.6100000000,4239450,122481130.5000,3.161500,-0.034900
2025-10-21,28.5100000000,28.8500000000,28.2500000000,28.6600000000,2691899,76787232.3000,2.007500,0.174800
2025-10-22,28.5000000000,28.9500000000,28.5000000000,28.5300000000,1808400,51913905.0000,1.348600,-0.453600
2025-10-23,28.5000000000,28.5800000000,27.7800000000,28.1700000000,2086062,58535635.2000,1.555700,-1.261800
2025-10-24,28.1800000000,28.5000000000,28.0500000000,28.3100000000,1414398,39968646.2300,1.054800,0.497000
2025-10-27,28.4800000000,29.3000000000,28.3000000000,28.7000000000,2901086,83590689.9000,2.163400,1.377600
2025-10-28,28.5800000000,28.8400000000,28.4500000000,28.6400000000,1877000,53805577.9800,1.399700,-0.209100
2025-10-29,28.6400000000,28.6600000000,28.3000000000,28.4100000000,1471000,41827200.0000,1.097000,-0.803100
2025-10-30,28.4100000000,28.5600000000,28.1300000000,28.1600000000,1988400,56259612.0000,1.482800,-0.880000
2025-10-31,28.1000000000,30.0800000000,28.1000000000,29.5100000000,7320992,215789615.4000,5.459500,4.794000
2025-11-03,29.5100000000,29.9700000000,29.3000000000,29.7700000000,3752200,111533869.0000,2.798200,0.881100
2025-11-04,29.8200000000,30.2500000000,29.5800000000,29.9300000000,3382700,101391815.1400,2.522600,0.537500
2025-11-05,29.6600000000,30.1600000000,29.6500000000,29.9400000000,2389700,71553210.0000,1.782100,0.033400
2025-11-06,29.9400000000,30.3300000000,29.5700000000,30.1700000000,3054520,91690259.2000,2.277900,0.768200
2025-11-07,30.0500000000,30.1200000000,29.3800000000,29.3800000000,2669900,79096984.0000,1.991000,-2.618500
2025-11-10,29.4000000000,30.3000000000,29.3300000000,30.1300000000,3848700,115147447.0000,2.870100,2.552800
2025-11-11,30.3000000000,30.3000000000,29.2100000000,29.3300000000,3180000,94019279.0000,2.371400,-2.655200
2025-11-12,29.2700000000,30.1300000000,28.9800000000,29.8000000000,2699600,79682936.0000,2.013200,1.602500
2025-11-13,29.8000000000,29.8000000000,29.3900000000,29.6600000000,1806900,53471688.0000,1.347500,-0.469800
2025-11-14,29.5000000000,29.8600000000,29.3000000000,29.3400000000,1462990,43345376.7000,1.091000,-1.078900
2025-11-17,29.3400000000,32.2700000000,28.8200000000,32.2700000000,15072199,470134269.1900,11.239900,9.986400
2025-11-18,32.2800000000,33.0000000000,30.3900000000,30.8000000000,16439157,513649325.6700,12.259300,-4.555300
2025-11-19,31.2000000000,31.3100000000,30.1800000000,30.5200000000,8444761,259014962.3200,6.297600,-0.909100
2025-11-20,30.5500000000,31.1700000000,29.8800000000,31.1300000000,9163602,280480533.0200,6.833600,1.998700
2025-11-21,31.0600000000,31.8800000000,30.4000000000,31.4000000000,11376589,355727828.2100,8.484000,0.867300
2025-11-24,31.3500000000,32.9700000000,30.1000000000,32.9600000000,16065660,509765164.9000,11.980800,4.968200
2025-11-25,32.5000000000,33.3600000000,31.8000000000,32.7500000000,13237859,430411108.1500,9.872000,-0.637100
2025-11-26,32.5500000000,32.7300000000,31.2900000000,31.7000000000,8592900,274650967.0000,6.408100,-3.206100
2025-11-27,31.1000000000,31.1000000000,29.5600000000,30.6300000000,8708000,264766436.0000,6.493900,-3.375400
2025-11-28,30.3500000000,30.5000000000,29.7000000000,30.0300000000,6283320,188487082.8000,4.685700,-1.958900
2025-12-01,29.9400000000,30.2000000000,29.9300000000,30.1800000000,4342193,130476126.0600,3.238100,0.499500
2025-12-02,30.2000000000,30.2800000000,29.0600000000,29.2100000000,5079859,149504313.0800,3.788200,-3.214000
2025-12-03,29.2100000000,29.2300000000,28.1600000000,28.2800000000,4842448,138301050.9500,3.611200,-3.183800
2025-12-04,28.4000000000,28.8900000000,27.9800000000,28.5100000000,3710600,105481297.0000,2.767100,0.813300
2025-12-05,28.3000000000,28.7100000000,28.1100000000,28.6100000000,2653300,75516661.0000,1.978700,0.350800
2025-12-08,28.6600000000,29.8100000000,28.6600000000,29.1600000000,4633400,136087480.0000,3.455300,1.922400
2025-12-09,29.1300000000,29.3300000000,28.5600000000,28.6600000000,3120723,90208427.6300,2.327200,-1.714700
2025-12-10,28.4800000000,29.0700000000,28.2500000000,28.9700000000,2605799,74836841.5100,1.943200,1.081600
2025-12-11,28.8300000000,28.9200000000,28.0900000000,28.1000000000,2827589,80342533.6000,2.108600,-3.003100
2025-12-12,28.0500000000,28.2700000000,27.6800000000,27.7400000000,2562500,71734289.0000,1.911000,-1.281100
2025-12-15,27.6000000000,27.8100000000,27.2800000000,27.3300000000,2439115,67213759.9000,1.818900,-1.478000
2025-12-16,27.3500000000,27.5500000000,26.9500000000,27.1500000000,2059700,55975539.0000,1.536000,-0.658600
2025-12-17,27.0000000000,27.3700000000,26.5800000000,27.1700000000,2402900,64795579.0000,1.791900,0.073700
2025-12-18,26.9900000000,27.6100000000,26.9900000000,27.2100000000,2166357,59269245.2400,1.615500,0.147200
2025-12-19,27.2000000000,27.5800000000,27.2000000000,27.5000000000,1594757,43808883.9600,1.189300,1.065800
2025-12-22,27.6700000000,29.4000000000,27.5000000000,28.3500000000,7788850,222278641.9300,5.808400,3.090900
2025-12-23,28.3500000000,28.4900000000,27.4000000000,27.4300000000,4591100,127089677.0000,3.423800,-3.245100
2025-12-24,27.2500000000,27.9500000000,27.2500000000,27.7400000000,3231869,89554688.3000,2.410100,1.130100
2025-12-25,27.7500000000,28.3400000000,27.6300000000,28.1000000000,2465800,69241468.0000,1.838800,1.297800
2025-12-26,28.1500000000,28.3000000000,27.7000000000,27.8000000000,2463500,68858729.0000,1.837100,-1.067600
2025-12-29,27.8300000000,28.0800000000,27.7100000000,27.9200000000,1899400,53018027.0000,1.416500,0.431700
2025-12-30,28.0100000000,28.2000000000,27.8800000000,27.9400000000,2211000,61944719.0000,1.648800,0.071600
2025-12-31,27.9500000000,28.3100000000,27.7800000000,28.3100000000,2850400,80116954.7900,2.125700,1.324300
2026-01-05,28.3100000000,29.6500000000,28.2000000000,29.3600000000,5970969,173858031.8400,4.452800,3.708900
2026-01-06,29.3600000000,29.9900000000,29.2100000000,29.7400000000,5139500,152364819.7000,3.832700,1.294300
2026-01-07,29.6000000000,30.5700000000,29.4300000000,29.5100000000,5250962,156806389.5200,3.915800,-0.773400
2026-01-08,29.5100000000,30.1800000000,29.3100000000,30.0500000000,4114900,122775508.0000,3.068600,1.829900
2026-01-09,30.0000000000,30.3200000000,29.7800000000,30.1200000000,3603335,108197619.6000,2.687100,0.232900
2026-01-12,30.5700000000,31.8000000000,30.2600000000,31.3900000000,7074901,218775954.2800,5.276000,4.216500
2026-01-13,31.4000000000,31.6900000000,30.6200000000,30.7200000000,5696062,177554399.5600,4.247800,-2.134400
2026-01-14,30.7200000000,31.8500000000,30.7000000000,31.3200000000,6850800,214143124.0000,5.108900,1.953100
2026-01-15,31.0500000000,31.2500000000,30.4000000000,30.8200000000,4311800,132731553.0000,3.215500,-1.596400
2026-01-16,30.8000000000,31.0500000000,30.2300000000,30.5200000000,3754900,114551982.0000,2.800200,-0.973400
2026-01-19,30.3900000000,30.7900000000,30.0000000000,30.3600000000,3035700,92412662.0000,2.263800,-0.524200
2026-01-20,30.5400000000,30.7100000000,29.8800000000,30.1600000000,2679600,80930094.0000,1.998300,-0.658800
2026-01-21,29.9800000000,30.4500000000,29.8800000000,30.3400000000,2974806,90008092.5000,2.218400,0.596800
2026-01-22,30.4900000000,30.9400000000,30.3500000000,30.7000000000,2775673,85223399.1000,2.069900,1.186600
2026-01-23,30.7300000000,31.1800000000,30.5600000000,31.0400000000,2646500,81839019.0000,1.973600,1.107500
2026-01-26,31.2300000000,31.2800000000,29.8000000000,30.1800000000,3572200,108496757.0000,2.663900,-2.770600
2026-01-27,30.0200000000,30.4100000000,29.0700000000,29.8300000000,4491300,132669109.0000,3.349300,-1.159700
2026-01-28,29.8200000000,30.4200000000,28.9400000000,28.9500000000,3710222,109304765.1200,2.766900,-2.950100
2026-01-29,28.9600000000,29.6500000000,28.4200000000,28.6800000000,3247455,94176402.3600,2.421700,-0.932600
2026-01-30,28.6000000000,28.7000000000,28.0000000000,28.3000000000,2473243,70196405.1900,1.844400,-1.325000
2026-02-02,28.4000000000,28.4800000000,27.5500000000,27.5700000000,2856020,79904560.7200,2.129800,-2.579500
2026-02-03,27.8000000000,27.9500000000,27.4700000000,27.8200000000,2367600,65625900.2700,1.765600,0.906800
2026-02-04,27.7800000000,27.8200000000,27.2100000000,27.5800000000,2701000,74143731.0000,2.014200,-0.862700
2026-02-05,27.5100000000,27.6600000000,27.2400000000,27.2400000000,2487600,68133495.0000,1.855100,-1.232800
2026-02-06,27.0300000000,27.4500000000,26.9500000000,27.2300000000,1927200,52543075.0000,1.437200,-0.036700
2026-02-09,27.5100000000,27.5700000000,27.3600000000,27.5100000000,2496843,68591461.9200,1.862000,1.028300
2026-02-10,27.6000000000,27.8900000000,27.4600000000,27.7400000000,2710929,75078199.4300,2.021600,0.836100
2026-02-11,27.6500000000,27.9200000000,27.5900000000,27.7100000000,1753900,48696881.0000,1.307900,-0.108100
2026-02-12,27.7800000000,27.8200000000,27.4800000000,27.7300000000,1849800,51204325.0000,1.379500,0.072200
2026-02-13,27.7600000000,28.4200000000,27.7200000000,28.0600000000,3870500,108797537.0000,2.886400,1.190000
2026-02-24,29.2000000000,29.2000000000,28.1000000000,28.3000000000,6145400,175209957.0000,4.582900,0.855300
2026-02-25,28.3000000000,28.8000000000,28.1700000000,28.3100000000,4018270,114187058.7900,2.996600,0.035300
2026-02-26,28.3500000000,28.3500000000,28.0200000000,28.1900000000,2889056,81271549.6200,2.154500,-0.423900
2026-02-27,28.0600000000,28.4700000000,28.0500000000,28.2700000000,2220800,62762652.0000,1.656100,0.283800
2026-03-02,27.4000000000,27.8400000000,26.4300000000,26.5400000000,6480943,174522571.6600,4.833100,-6.119600
2026-03-03,26.4900000000,26.9000000000,25.6800000000,25.7000000000,3462607,90764923.2400,2.582200,-3.165000
2026-03-04,25.4500000000,25.7800000000,25.2200000000,25.3900000000,2463600,62773297.0000,1.837200,-1.206200
2026-03-05,26.2900000000,26.6000000000,25.8200000000,25.9200000000,2566100,67198337.0000,1.913600,2.087400
2026-03-06,25.8800000000,26.2700000000,25.8100000000,26.2500000000,1803411,47177373.7300,1.344900,1.273100
2026-03-09,25.8800000000,26.4200000000,25.5100000000,26.3000000000,2567900,66526884.0000,1.915000,0.190500
2026-03-10,26.5500000000,27.1500000000,26.5500000000,26.9300000000,2795400,75292325.0000,2.084600,2.395400
2026-03-11,27.3800000000,27.3800000000,26.8200000000,26.8500000000,2259600,61132132.0000,1.685100,-0.297100
2026-03-12,26.8000000000,27.3100000000,26.6100000000,26.9000000000,2200300,59369773.0000,1.640800,0.186200
2026-03-13,26.6700000000,26.9000000000,26.2800000000,26.3200000000,2189073,58138801.6300,1.632500,-2.156100
2026-03-16,26.4500000000,28.9500000000,26.3000000000,28.9500000000,7077856,199557878.8800,5.278200,9.992400
2026-03-17,28.9500000000,29.1400000000,28.3600000000,28.5000000000,10212347,293588118.4900,7.615700,-1.554400
2026-03-18,28.3500000000,28.8800000000,28.3500000000,28.6700000000,4747454,135636647.0000,3.540400,0.596500
2026-03-19,28.3900000000,28.9000000000,28.2000000000,28.6500000000,5231797,149277757.1100,3.901500,-0.069800
2026-03-20,28.8100000000,30.3500000000,28.6400000000,29.1000000000,11448429,339964617.2300,8.537500,1.570700
2026-03-23,28.8200000000,29.3800000000,28.0100000000,28.1800000000,7726893,222172204.5700,5.762200,-3.161500
2026-03-24,28.9100000000,29.5000000000,28.1000000000,28.8000000000,5315300,152391834.6700,3.963800,2.200100
2026-03-25,28.8000000000,29.9800000000,28.6700000000,29.3700000000,7054369,207694309.2500,5.260700,1.979200
2026-03-26,29.2100000000,29.7900000000,28.8700000000,29.0800000000,5229700,152998132.0000,3.900000,-0.987400
2026-03-27,28.4500000000,29.4600000000,28.1600000000,28.7600000000,5420600,155487910.0000,4.042300,-1.100400
2026-03-30,28.3500000000,29.1900000000,28.2100000000,29.0400000000,4335600,124956891.0000,3.233200,0.973600
2026-03-31,28.8400000000,29.8400000000,28.5200000000,29.2700000000,7480037,219669314.8400,5.578100,0.792000
2026-04-01,29.6000000000,31.9400000000,29.1400000000,30.6600000000,15791856,479440341.7700,11.776600,4.748900
2026-04-02,30.0100000000,31.7300000000,30.0100000000,31.1400000000,17644832,547083559.8900,13.158400,1.565600
2026-04-03,31.0000000000,31.1000000000,29.6500000000,30.4300000000,9885098,299548128.4000,7.371700,-2.280000
2026-04-07,30.4400000000,32.5000000000,30.4400000000,31.3000000000,13043199,411138921.0100,9.726800,2.859000
2026-04-08,31.3800000000,32.9900000000,31.1500000000,32.6300000000,15531117,498325797.4200,11.582100,4.249200
2026-04-09,32.1700000000,34.2000000000,31.9500000000,33.2800000000,13733900,456792963.0000,10.241900,1.992000
2026-04-10,33.3000000000,34.6100000000,33.1500000000,34.0000000000,13157601,445623232.4600,9.812100,2.163500
2026-04-13,33.2000000000,35.1700000000,33.2000000000,34.8000000000,11744473,406011216.3900,8.758300,2.352900
2026-04-14,35.0100000000,38.2800000000,34.9300000000,38.2800000000,27293684,1030704261.6800,20.353900,10.000000
2026-04-15,37.9600000000,42.1100000000,37.3800000000,42.1100000000,29725494,1186953513.9400,21.889400,10.005200
2026-04-16,42.4200000000,46.3200000000,42.0700000000,46.3200000000,23945274,1080677385.5200,17.632900,9.997600
2026-04-17,48.0700000000,50.9500000000,48.0700000000,50.9500000000,18014774,905291330.2800,13.265800,9.995700
2026-04-20,54.0100000000,54.0500000000,48.3900000000,49.0000000000,42296369,2158115799.6200,31.146400,-3.827300
2026-04-21,48.8800000000,49.0000000000,44.1400000000,45.1500000000,25013901,1139220115.4300,18.419900,-7.857100
2026-04-22,44.4100000000,49.4600000000,44.1000000000,48.5300000000,27472031,1275100039.6400,20.230000,7.486200
2026-04-23,47.9100000000,49.8600000000,47.0000000000,49.1900000000,22843100,1104020490.6000,16.550700,1.360000
2026-04-24,49.1600000000,54.1100000000,48.7000000000,54.1100000000,21622366,1105820828.8800,15.666300,10.002000
2026-04-27,51.0100000000,52.0000000000,48.7000000000,48.7000000000,19446916,969424293.1200,14.090100,-9.998200
2026-04-28,49.7100000000,50.1700000000,46.6800000000,49.1000000000,17985850,868264619.0000,13.031500,0.821400
2026-04-29,49.0000000000,51.8000000000,45.1300000000,48.9400000000,18631500,924056603.0000,13.499300,-0.325900
2026-04-30,49.0100000000,53.8300000000,48.5000000000,53.8300000000,11784104,624391355.5000,8.538100,9.991800
