date,open,high,low,close,volume,amount,turn,pctChg
2017-09-29,11.2046918400,13.4443089000,11.2046918400,13.4443089000,16391,329721.8500,0.046831,44.019820
2017-10-09,14.7920430600,14.7920430600,14.7920430600,14.7920430600,5472,122518.0800,0.015634,10.024560
2017-10-10,16.2719080200,16.2719080200,16.2719080200,16.2719080200,7108,175070.0400,0.020309,10.004470
2017-10-11,17.8971168600,17.8971168600,17.8971168600,17.8971168600,6100,165249.0000,0.017429,9.987824
2017-10-12,19.6874892000,19.6874892000,19.6874892000,19.6874892000,9100,271180.0000,0.026000,10.003690
2017-10-13,21.6562381200,21.6562381200,21.6562381200,21.6562381200,22290,730666.2000,0.063686,9.999999
2017-10-16,23.8231832400,23.8231832400,23.8231832400,23.8231832400,35876,1293688.5600,0.102503,10.006110
2017-10-17,26.2081441800,26.2081441800,26.2081441800,26.2081441800,74884,2970648.2800,0.213954,10.011080
2017-10-18,28.8309405600,28.8309405600,28.8309405600,28.8309405600,107712,4700551.6800,0.307749,10.007570
2017-10-19,31.7113920000,31.7113920000,31.7113920000,31.7113920000,506245,24299760.0000,1.446414,9.990836
2017-10-20,31.7113920000,31.7113920000,31.7113920000,31.7113920000,0,0.0000,,0.000000
2017-10-23,31.7113920000,31.7113920000,31.7113920000,31.7113920000,0,0.0000,,0.000000
2017-10-24,33.6669278400,34.8825312000,33.0393065400,34.8825312000,17233732,899492240.7300,49.239234,9.999999
2017-10-25,32.9534215200,38.3707843200,32.3720460000,38.3179320000,22769496,1207308660.6800,65.055703,9.848487
2017-10-26,36.4681008000,36.7323624000,34.4861388000,34.4861388000,15621845,833391630.2500,44.633843,-9.999999
2017-10-27,33.3762400800,36.0056430000,32.9005692000,33.9179763600,13674143,712657932.4200,39.068980,-1.647511
2017-10-30,32.3720460000,33.2903550600,30.5288213400,30.5288213400,11871425,565164190.4800,33.918357,-9.992210
2017-10-31,29.6435449800,30.6213129000,29.1348414000,30.1126093200,8660249,392100726.4500,24.743569,-1.363335
2017-11-01,30.4825755600,31.6915723800,30.3570513000,30.7732633200,10309377,483255786.8900,29.455363,2.193945
2017-11-02,30.2447401200,31.9029816600,29.3991030000,31.4471304000,10800724,502871659.0900,30.859211,2.189774
2017-11-03,30.8921810400,31.3546388400,30.0993962400,30.8525418000,7579438,352611818.1500,21.655537,-1.890751
2017-11-06,31.4140977000,33.0327000000,31.2489342000,31.5065892600,9607495,465853455.2900,27.449986,2.119910
2017-11-07,31.5594415800,32.7618318600,30.0597570000,32.5966683600,11731105,554206728.4100,33.517443,3.459848
2017-11-08,32.2927675200,35.8536925800,32.1606367200,35.8536925800,9226867,486603647.2100,26.362477,9.991894
2017-11-09,35.6753160000,38.5029151200,34.2218772000,36.4020354000,19760057,1074909632.6500,56.457306,1.529386
2017-11-10,35.6819225400,40.0422389400,35.3515955400,38.8464552000,20982401,1217515475.2100,59.949717,6.715065
2017-11-13,38.0470638600,40.1479435800,37.3996229400,38.6350459200,16766814,984089117.5700,47.905183,-0.544217
2017-11-14,37.7894088000,38.3839974000,36.7918212600,37.2212463600,11869410,673540503.6900,33.912600,-3.659370
2017-11-15,36.7984278000,38.2848993000,36.3690027000,37.0825090200,10177768,576737025.5300,29.079337,-0.372735
2017-11-16,36.3227569200,36.6464773800,33.3762400800,33.3762400800,10230672,546301679.3900,29.230491,-9.994656
2017-11-17,31.9426209000,32.3720460000,30.0399373800,30.0399373800,9713805,452841222.1000,27.753729,-9.996039
2017-11-20,29.1876937200,30.3041989800,27.9456642000,30.0333308400,6708546,298460079.9100,19.167274,-0.021997
2017-11-21,29.7030038400,32.0417190000,29.3792833800,31.4471304000,9810281,456035174.5400,28.029374,4.707434
2017-11-22,30.7864764000,31.6321135200,29.3991030000,30.3306251400,7611307,352405975.0300,21.746591,-3.550417
2017-11-23,30.2579532000,30.9120006600,29.5312338000,29.5378403400,5820764,266250884.9200,16.630754,-2.613811
2017-11-24,29.2141198800,30.4429363200,26.6111431200,26.6375692800,7710077,335117742.5400,22.028791,-9.818831
2017-11-27,26.1618984000,26.1618984000,24.3781326000,24.7414923000,7088217,270234759.6700,20.252049,-7.118053
2017-11-28,24.9198688800,25.7390798400,24.7745250000,25.4880313200,4961908,190062372.0600,14.176880,3.017359
2017-11-29,25.4880313200,25.4880313200,23.8496094000,24.7150661400,5928969,220048125.4700,16.939911,-3.032664
2017-11-30,24.8802296400,25.6465882800,24.6622138200,25.0982454600,5053747,192706555.0300,14.439277,1.550393
2017-12-01,24.7745250000,26.1486853200,24.2195756400,25.6862275200,6184839,238408311.2500,17.670969,2.342720
2017-12-04,25.2039501000,25.3559005200,23.1228900000,23.1228900000,6649920,241733282.9200,18.999771,-9.979426
2017-12-05,22.8123826200,23.6976589800,22.5283014000,23.1228900000,4174194,146831442.4300,11.926269,0.000000
2017-12-06,22.8586284000,24.5763288000,22.8586284000,24.4111653000,6321874,229548444.9500,18.062497,5.571431
2017-12-07,24.1799364000,25.5607032600,23.6976589800,24.8802296400,7338909,274137363.9700,20.968311,1.921513
2017-12-08,24.7084596000,26.5582908000,24.5168699400,25.5871294200,7946775,308798112.3500,22.705071,2.841210
2017-12-11,25.1709174000,26.0033414400,25.1709174000,25.4814247800,4980316,191924711.4300,14.229474,-0.413116
2017-12-12,25.3492939800,25.5673098000,24.1204775400,24.1336906200,5625418,210181554.5900,16.072623,-5.289087
2017-12-13,23.9619205800,26.2940292000,23.9354944200,25.7655060000,7830388,302124539.3500,22.372537,6.761569
2017-12-14,25.6333752000,26.3534880600,25.1048520000,26.2940292000,7710410,300639418.7900,22.029743,2.051280
2017-12-15,25.8844237200,26.8820112600,25.5673098000,25.7258667600,6534941,259146968.9700,18.671260,-2.160806
2017-12-18,26.1486853200,27.8135334000,25.8381779400,26.1817180200,6147238,247626999.0500,17.563537,1.771963
2017-12-19,25.8315714000,27.4039279200,25.8315714000,27.0802074600,6970192,282723573.5600,19.914834,3.431745
2017-12-20,26.7961262400,27.0537813000,26.0694068400,26.3468815200,5275692,212009024.8000,15.073406,-2.707979
2017-12-21,25.9637022000,27.4039279200,25.9637022000,26.7895197000,6774673,275569822.7600,19.356209,1.680035
2017-12-22,26.5120450200,26.9414701200,25.9637022000,26.0892264600,4848522,193269823.2200,13.852920,-2.614051
2017-12-25,26.0826199200,26.0826199200,23.9354944200,25.0453931400,5401539,202683097.3400,15.432969,-4.001017
2017-12-26,25.1048520000,26.8159458600,25.0255735200,26.5450777200,7369153,291562177.4300,21.054723,5.987867
2017-12-27,26.3534880600,27.2189448000,25.8976368000,26.6573889000,7878402,317286801.3000,22.509720,0.423092
2017-12-28,26.1552918600,27.9324511200,25.9637022000,27.3114363600,7696221,314459229.0800,21.989203,2.453536
2017-12-29,27.0009289800,28.7252359200,26.7564870000,28.0910080800,10224898,431885325.7100,29.213994,2.854379
2018-01-02,27.7540745400,28.2099258000,27.4303540800,27.9390576600,5656268,237880083.5400,16.160766,-0.540921
2018-01-03,28.0051230600,28.0051230600,26.8225524000,27.1726990200,5794425,239646409.3000,16.555500,-2.742965
2018-01-04,26.9546832000,27.4699933200,26.6243562000,26.7564870000,4172059,170227322.9000,11.920169,-1.531731
2018-01-05,26.7630935400,27.2850102000,26.2940292000,26.3799142200,3768119,152199463.6800,10.766054,-1.407407
2018-01-08,26.2940292000,26.5318646400,25.3757201400,26.3733076800,4244249,166306628.4600,12.126426,-0.025049
2018-01-09,26.1751114800,27.7474680000,26.1024395400,27.5558783400,7440224,306235813.0900,21.257783,4.483970
2018-01-10,27.4171410000,27.4171410000,26.2147507200,26.6375692800,4848462,196955914.6100,13.852749,-3.332533
2018-01-11,26.2940292000,29.3000049000,26.2808161200,28.0117296000,9987848,426684125.8700,28.536709,5.158735
2018-01-12,27.8135334000,28.0711884600,26.9018308800,27.5823045000,6419791,266346192.1500,18.342260,-1.533022
2018-01-15,27.2850102000,27.3973213800,26.2147507200,26.6243562000,4492898,181120895.1000,12.836851,-3.473056
2018-01-16,26.3667011400,27.7342549200,26.3468815200,27.4105344600,5475597,225889141.8900,15.644563,2.952860
2018-01-17,27.8862053400,29.3528572200,27.5558783400,28.4081220000,9152469,393975471.3700,26.149911,3.639427
2018-01-18,28.0447623000,28.2429585000,27.5624848800,27.6880091400,4880118,205591392.3100,13.943194,-2.534884
2018-01-19,28.1834996400,30.3900840000,28.1438604000,28.1768931000,9226961,404557602.3800,26.362746,1.765692
2018-01-22,28.1570734800,29.3594637600,26.8291589400,29.1150217800,8167314,351473032.9500,23.335183,3.329421
2018-01-23,29.1150217800,30.0597570000,28.3156304400,28.8837928800,7112910,313012338.6600,20.322600,-0.794188
2018-01-24,28.4081220000,29.5312338000,28.0777950000,29.4982011000,6344065,277775464.8000,18.125900,2.127173
2018-01-25,29.2405460400,30.5222148000,29.0753825400,29.4255291600,7872028,356500305.8200,22.491509,-0.246362
2018-01-26,28.9366452000,29.3132179800,28.1570734800,28.2297454200,5291441,229346628.5000,15.118403,-4.063766
2018-01-29,27.9853034400,28.4741874000,26.9084374200,27.1991251800,4652388,194263152.7300,13.292537,-3.650834
2018-01-30,26.8886178000,27.3775017600,25.8381779400,26.0429806800,4291184,172392024.0000,12.260526,-4.250668
2018-01-31,25.7787190800,26.0892264600,23.7505113000,23.7703309200,4644716,173567075.5200,13.270617,-8.726532
2018-02-01,23.7835440000,24.1799364000,22.5283014000,22.7661368400,3655230,128506987.2200,10.443514,-4.224570
2018-02-02,22.7991695400,23.2550208000,21.6760577400,22.6670387400,2289107,78574703.5800,6.540306,-0.435281
2018-02-05,21.8015820000,23.0964638400,21.8015820000,22.0526305200,2071552,70366261.2600,5.918720,-2.710581
2018-02-06,21.2730588000,21.4117961400,19.8460461600,19.8460461600,3272391,102155134.2500,9.349689,-10.005990
2018-02-07,20.3943889800,20.4934870800,18.7031147400,20.0772750600,3070963,92367229.8900,8.774180,1.165108
2018-02-08,19.8526527000,21.0220102800,19.8394396200,20.4538478400,3018857,93941746.0000,8.625306,1.875616
2018-02-09,19.5355387800,19.9517508000,18.8418520800,19.1127202200,2570776,75772774.4800,7.345074,-6.556844
2018-02-12,19.4562603000,19.9715704200,19.2448510200,19.7865873000,2053935,61319339.3800,5.868386,3.525753
2018-02-13,19.9649638800,20.1433404600,19.4826864600,19.5223257000,1991596,59638854.7400,5.690274,-1.335564
2018-02-14,19.5619649400,19.8196200000,19.4232276000,19.5487518600,1287124,38257474.1300,3.677497,0.135367
2018-02-22,19.7865873000,20.2160124000,19.7073088200,20.0310292800,1603219,48577111.4600,4.580626,2.467048
2018-02-23,19.9055050200,20.7115029000,19.9055050200,20.6190113400,2280105,70150083.6300,6.514586,2.935354
2018-02-26,21.2069934000,21.5373204000,20.8370271600,21.3721569000,3278658,105299277.8200,9.367594,3.652673
2018-02-27,21.3787634400,22.0658436000,21.1607476200,21.3523372800,3510574,114634269.5900,10.030211,-0.092732
2018-02-28,20.9757645000,22.0526305200,20.5529459400,21.4250092200,3692642,118451523.8100,10.550406,0.340348
2018-03-01,21.1409280000,21.7949754600,20.9559448800,21.6430250400,3161302,102928596.4800,9.032291,1.017570
2018-03-02,21.4117961400,22.3168921200,21.3457307400,21.3721569000,3091340,102137790.0200,8.832400,-1.251526
2018-03-05,21.3721569000,22.0328109000,21.1409280000,21.9865651200,3013757,99100271.5000,8.610734,2.874808
2018-03-06,21.8610408600,22.7331041400,21.8015820000,22.2772528800,4147926,140148227.3400,11.851217,1.322123
2018-03-07,22.1319090000,22.2640398000,21.8346147000,22.0658436000,2531830,84547146.8600,7.233800,-0.948991
2018-03-08,21.9601389600,22.7000714400,21.9601389600,22.6670387400,3437665,117031734.3600,9.821900,2.724550
2018-03-09,22.4820556200,23.6910524400,22.4820556200,23.5192824000,5038405,177691899.7400,14.395443,3.759828
2018-03-12,23.7835440000,24.1006579200,23.2550208000,23.9024617200,5078989,181506605.7500,14.511397,1.629219
2018-03-13,23.6844459000,23.7174786000,22.8982676400,22.9577265000,3415405,120561392.6700,9.758300,-3.952461
2018-03-14,22.6604322000,23.4532170000,22.6075798800,22.6538256600,2601247,90635106.3500,7.432134,-1.323738
2018-03-15,22.5084817800,22.8718414800,20.5331263200,21.3391242000,4299345,139187401.4700,12.283843,-5.803446
2018-03-16,21.1937803200,22.3499248200,21.1937803200,21.4910746200,2999406,98903425.6400,8.569731,0.712073
2018-03-19,21.4646484600,22.5150883200,21.4646484600,22.2772528800,3592780,120561284.5600,10.265086,3.658170
2018-03-20,22.1979744000,23.8628224800,22.1715482400,23.1228900000,5264841,182416578.6400,15.042403,3.795963
2018-03-21,23.2021684800,23.5457085600,22.4622360000,22.7331041400,4635270,162328783.5200,13.243629,-1.685715
2018-03-22,22.9048741800,23.7306916800,22.9048741800,23.5589216400,5332688,188817653.4600,15.236251,3.632665
2018-03-23,22.1319090000,22.9841526600,21.2003868600,21.2003868600,4703506,156698177.8600,13.438589,-10.011220
2018-03-26,20.5859786400,21.9337128000,19.7535546000,21.9204997200,3582811,113069187.8100,10.236603,3.396697
2018-03-27,21.5241073200,23.6646262800,21.5241073200,23.3409058200,6372635,218239045.2600,18.207529,6.479812
2018-03-28,22.7859564600,23.7042655200,22.6009733400,23.4532170000,5692671,200203930.0000,16.264774,0.481172
2018-03-29,23.4333973800,23.7637243800,22.9907592000,23.4201843000,4059704,143681212.3700,11.599154,-0.140843
2018-03-30,23.7637243800,25.2700155000,23.2616273400,24.4904437800,7517645,276876910.5500,21.478986,4.569814
2018-04-02,24.7150661400,25.4682117000,24.1997560200,25.4351790000,7942306,298808345.7700,22.692303,3.857568
2018-04-03,24.7745250000,25.2237697200,24.4772307000,24.9859342800,5147894,193563874.1400,14.708269,-1.766235
2018-04-04,24.9330819600,25.5012444000,24.0411990600,24.2195756400,5470582,206289330.5400,15.630234,-3.067160
2018-04-09,23.8958551800,26.6441758200,23.7901505400,26.6441758200,12475983,491890417.6000,35.645666,10.010920
2018-04-10,26.1817180200,26.3733076800,24.8934427200,25.6664079000,9267708,360786429.0000,26.479166,-3.669733
2018-04-11,25.5607032600,26.8225524000,25.2568024200,26.2808161200,7373493,291105283.7800,21.067123,2.393823
2018-04-12,25.8976368000,26.7961262400,25.4417855400,25.5540967200,5219095,205469366.0800,14.911700,-2.765205
2018-04-13,25.7655060000,26.0628003000,24.8141642400,24.8207707800,3601489,138752025.5200,10.289969,-2.869702
2018-04-16,25.0784258400,25.3691136000,24.4574110800,24.9991473600,2585221,97474577.1100,7.386346,0.718660
2018-04-17,26.6243562000,27.4964194800,25.6994406000,25.9835218200,14213958,579009194.9700,40.611309,3.937637
2018-04-18,27.2057317200,27.4964194800,24.9991473600,26.7564870000,13353319,536107211.9300,38.152340,2.974823
2018-04-19,25.8051452400,26.2279638000,25.1048520000,25.2039501000,10720377,414922629.1000,30.629649,-5.802465
2018-04-20,24.6490007400,24.7018530600,22.6868583600,22.6868583600,7335309,260325405.6200,20.958026,-9.986897
2018-04-23,21.5042877000,22.3499248200,20.9163056400,21.3721569000,5267414,172906127.6800,15.049754,-5.794996
2018-04-24,21.0880756800,21.9337128000,20.9625514200,21.8015820000,3823927,124957055.2500,10.925506,2.009278
2018-04-25,21.7619427600,22.5415144800,21.6099923400,22.0460239800,3768456,126424428.0600,10.767017,1.121209
2018-04-26,22.0592370600,22.8982676400,21.3919765200,21.7355166000,3829843,128743993.6600,10.942409,-1.408443
2018-04-27,21.9204997200,22.1979744000,20.9757645000,21.1607476200,2586634,83942479.5300,7.390383,-2.644385
2018-05-02,21.1673541600,21.4646484600,19.9583573400,20.2820778000,2538352,78977011.8200,7.252434,-4.152351
2018-05-03,20.4868805400,21.1409280000,20.1499470000,21.0616495200,2849561,89506006.4600,8.141603,3.843643
2018-05-04,21.0286168200,21.5901727200,20.8172075400,21.3325176600,2679544,86421548.5000,7.655840,1.286078
2018-05-07,21.2069934000,22.1186959200,21.2069934000,21.9337128000,2375676,77987844.9600,6.787646,2.818209
2018-05-08,21.7883689200,22.0195978200,21.6826642800,21.9271062600,1916486,63287649.3100,5.475674,-0.030127
2018-05-09,21.9271062600,22.0856632200,21.6694512000,22.0328109000,1784915,59176234.0700,5.099757,0.482073
2018-05-10,23.0436115200,24.2393952600,23.0237919000,23.1361030800,9018431,323343017.6400,25.766946,5.007503
2018-05-11,22.4754490800,22.7925630000,22.0262043600,22.0460239800,5547719,187079952.3500,15.850626,-4.711598
2018-05-14,22.4093836800,23.0171853600,22.1319090000,22.2111874800,3654742,124411750.4500,10.442120,0.749176
2018-05-15,21.6628446600,22.1649417000,21.2730588000,22.0988763000,3185607,104813815.4100,9.101734,-0.505646
2018-05-16,21.8081885400,21.9931716600,21.5108942400,21.6364185000,2026649,66733571.4200,5.790426,-2.092678
2018-05-17,21.6562381200,22.1649417000,21.6364185000,21.9535324200,2103300,69912458.0600,6.009429,1.465647
2018-05-18,21.8874670200,22.6009733400,21.8147950800,22.5943668000,3591604,120977300.7000,10.261726,2.919053
2018-05-21,22.8982676400,23.2748404200,22.1913678600,22.9577265000,3963393,137082426.0500,11.323980,1.608185
2018-05-22,22.8322022400,24.5499026400,22.6604322000,23.8826421000,6747811,242150879.9100,19.279460,4.028781
2018-05-23,23.6315935800,25.0718193000,23.1361030800,24.4111653000,8637175,317953108.3900,24.677643,2.212999
2018-05-24,23.8165767000,24.2195756400,23.5919543400,23.8099701600,4234708,153091950.5800,12.099166,-2.462787
2018-05-25,23.8297897800,24.6093615000,23.3937581400,24.0874448400,4583534,166643069.9200,13.095811,1.165367
2018-05-28,24.0808029000,25.8653031700,23.6031671400,23.7889143800,4750224,175402529.2000,13.572069,-1.239330
2018-05-29,23.3709830900,24.8436933500,22.8933473300,24.4655650400,5204183,189161417.6400,14.869094,2.844396
2018-05-30,23.2781094700,25.8586693400,22.5550220000,24.5385371700,8475134,313610255.1200,24.214669,0.298266
2018-05-31,24.4257620600,25.8719370000,24.0609014100,25.8122325300,9777958,374450770.0600,27.937023,5.190587
2018-06-01,25.2085540000,25.6729221000,23.5832656500,24.7773550500,6819505,255666002.2300,19.484300,-4.009256
2018-06-04,25.0758774000,25.7856972100,24.0808029000,25.5402455000,6908709,263332163.8600,19.739169,3.078987
2018-06-05,27.1987030000,28.0942700500,25.2748923000,25.7525280600,13563932,545156052.7900,38.754091,0.831168
2018-06-06,24.8436933500,25.3544982600,24.1338735400,25.3544982600,9985065,372020884.3800,28.528757,-1.545591
2018-06-07,24.7441859000,24.8635948400,23.8154497000,23.8817880000,6371627,233342552.9600,18.204649,-5.808480
2018-06-08,24.0144646000,24.4921003600,23.7292099100,24.2466486500,4073349,148494156.0300,11.638140,1.527776
2018-06-11,23.8552526800,23.8817880000,22.9862209500,23.0923622300,4079876,143910062.6400,11.656789,-4.760596
2018-06-12,23.2117711700,23.4174199000,22.3825424200,22.8867135000,3047140,104915904.8000,8.706114,-0.890553
2018-06-13,22.5550220000,23.1719681900,21.9248081500,21.9977802800,2913498,99152519.5400,8.324280,-3.884058
2018-06-14,21.7589624000,22.3825424200,21.7523285700,22.1238230500,2186588,72832927.1500,6.247394,0.572975
2018-06-15,22.2034290100,22.3228379500,20.9761704600,20.9828042900,3089121,99703792.8000,8.826060,-5.157419
2018-06-19,20.2000123500,20.2000123500,18.8865140100,18.8865140100,3076973,90434907.5700,8.791351,-9.990515
2018-06-20,18.8798801800,19.4503895600,18.5747240000,19.1585010400,2451737,70412294.9500,7.004963,1.440112
2018-06-21,19.1054304000,19.4238542400,17.3673669400,17.4867758800,2775600,76571250.4800,7.930286,-8.725758
2018-06-22,17.3806346000,19.2381070000,17.2545918300,19.2381070000,4667312,131243860.6600,13.335177,10.015170
2018-06-25,19.2381070000,20.1005049000,19.2381070000,19.5100940300,4633149,137374732.7400,13.237569,1.413793
2018-06-26,18.9926552900,19.9479268100,18.9064155000,19.8417855300,2903262,85846661.7800,8.295034,1.700102
2018-06-27,19.7024751000,20.4852670400,19.6494044600,20.1668432000,2990574,90295061.4400,8.544497,1.638247
2018-06-28,20.1801108600,21.5533136700,20.1336740500,21.0358749300,6626508,208674548.7600,18.932880,4.309209
2018-06-29,21.1552838700,21.1552838700,20.1005049000,20.8700291800,5312040,165261145.8700,15.177257,-0.788395
2018-07-02,20.6643804500,20.6643804500,19.5830661600,20.1005049000,3368423,103223599.0800,9.624066,-3.687222
2018-07-03,20.1801108600,20.8965645000,19.8882223400,20.8965645000,3402521,105525802.8000,9.721489,3.960399
2018-07-04,20.7240849200,20.7240849200,18.9064155000,19.6029676500,3110487,93714544.7600,8.887106,-6.190478
2018-07-05,19.3376144500,20.0673357500,18.7472035800,18.8865140100,1979699,58248657.5300,5.656283,-3.654822
2018-07-06,19.2182055100,20.2663506500,18.8732463500,19.2381070000,2639802,77524028.1200,7.542291,1.861611
2018-07-09,19.5764323300,19.9412929800,19.4304880700,19.9412929800,2223502,66275646.5000,6.352863,3.655171
2018-07-10,19.9611944700,21.1287485500,19.6892074400,20.7904232200,4543418,139544663.0400,12.981194,4.258153
2018-07-11,20.2398153300,21.8717375100,19.9744621300,21.8253007000,8377138,266878218.0600,23.934680,4.977669
2018-07-12,21.7589624000,22.3493732700,21.3078619600,21.8120330400,8011289,262299960.1600,22.889397,-0.060792
2018-07-13,19.9280253200,20.8965645000,19.9280253200,20.7705217300,6606445,204027032.5000,18.875557,-4.774944
2018-07-16,20.5914083200,21.4140032400,20.2398153300,20.8700291800,4375099,137576156.6200,12.500283,0.479079
2018-07-17,20.4852670400,20.8036908800,20.1668432000,20.5118023600,2835708,87426033.4200,8.102023,-1.716462
2018-07-18,20.5648730000,22.2564996500,20.5648730000,21.1486500400,5816215,185288048.9400,16.617757,3.104784
2018-07-19,20.9562689700,21.1486500400,20.5648730000,20.7108172600,3135999,98422641.6400,8.959997,-2.070263
2018-07-20,20.4321964000,21.3874679200,20.1535755400,21.0159734400,3824368,120538460.5400,10.926766,1.473418
2018-07-23,20.7572540700,20.7970570500,19.6029676500,20.1005049000,3871620,118054905.6700,11.061771,-4.356064
2018-07-24,20.0938710700,20.5980421500,19.9479268100,20.5118023600,2527314,77527160.1000,7.220897,2.046207
2018-07-25,20.4786332100,20.7572540700,20.1071387300,20.1668432000,2047387,62992750.2000,5.849677,-1.681761
2018-07-26,20.2199138400,20.4056610800,18.9064155000,19.1850363600,2596200,76504193.0000,7.417714,-4.868420
2018-07-27,19.1717687000,19.5498970100,18.9064155000,19.1983040200,1304211,38041323.2300,3.726317,0.069158
2018-07-30,19.2513746600,19.4304880700,18.2430325000,18.5017518700,1765170,49702927.7000,5.043343,-3.628200
2018-07-31,18.4818503800,18.9395846500,18.3226384600,18.9395846500,1189430,33535119.7000,3.398371,2.366439
2018-08-01,18.9395846500,19.4503895600,18.4420474000,18.4486812300,1678739,47848170.8900,4.796397,-2.591943
2018-08-02,18.4420474000,18.6941329400,17.4469729000,17.9843131300,1562950,42550637.6800,4.465571,-2.517076
2018-08-03,17.9909469600,18.2297648400,17.4735082200,17.6990584400,935900,25075987.9600,2.674000,-1.586132
2018-08-06,17.3341977900,17.7786644000,16.6111103200,16.6840824500,1175460,30505008.6000,3.358457,-5.734635
2018-08-07,16.6111103200,17.3540992800,16.5182367000,17.3341977900,1389105,35596417.3500,3.968871,3.896619
2018-08-08,17.3408316200,17.3673669400,16.5845750000,16.6442794700,1183839,30211488.7700,3.382397,-3.980096
2018-08-09,16.6840824500,17.3673669400,16.5381381900,17.1882535300,1572802,40646031.8200,4.493720,3.268233
2018-08-10,17.3076624700,18.0705529200,17.1351828900,17.5796495000,2005004,52983368.9400,5.728583,2.277114
2018-08-13,17.3010286400,18.1899618600,16.7172516000,17.9047071700,2151608,57370512.0000,6.147451,1.849056
2018-08-14,17.7123261000,18.0108484500,17.5995509900,17.7322275900,1381100,36977156.0000,3.946000,-0.963321
2018-08-15,17.7123261000,17.9246086600,17.2081550200,17.2081550200,1202600,31914759.0000,3.436000,-2.955477
2018-08-16,17.2081550200,17.7985658900,16.7902237300,17.4204375800,1480708,38961707.3600,4.230594,1.233615
2018-08-17,17.4668743900,17.7985658900,16.5978426600,16.7305192600,1542510,39795515.4000,4.407171,-3.960399
2018-08-20,16.6376456400,17.3010286400,16.5845750000,17.2612256600,1424557,36393108.2100,4.070163,3.172090
2018-08-21,17.2943948100,17.6194524800,16.9826048000,17.4602405600,2148193,56263565.3000,6.137694,1.152956
2018-08-22,17.3142963000,17.3939022600,16.7835899000,16.8034913900,1526619,39183692.3300,4.361769,-3.761397
2018-08-23,16.8631958600,17.3142963000,16.6509133000,17.2413241700,1683104,43467900.9400,4.808869,2.605606
2018-08-24,17.1020137400,17.3474654500,16.9162665000,16.9494356500,1134000,29254095.0000,3.240000,-1.692961
2018-08-27,17.1683520400,18.6476961300,16.8631958600,17.8781718500,5099182,139283042.6200,14.569091,5.479458
2018-08-28,17.6459878000,18.0307499400,17.5265788600,17.6327201400,3559602,94947640.5600,10.170291,-1.372916
2018-08-29,17.6327201400,17.8317350400,17.3872684300,17.4337052400,1832950,48574812.7800,5.237000,-1.128665
2018-08-30,17.3474654500,17.5265788600,16.8167590500,16.8432943700,1790100,45971390.0000,5.114571,-3.386611
2018-08-31,16.8366605400,17.1351828900,16.2064466900,16.2064466900,1555300,39248627.5200,4.443714,-3.781013
2018-09-03,15.9808964700,16.2396158400,14.6342289800,15.1782030400,2319900,53264512.0000,6.628286,-6.344663
2018-09-04,15.1782030400,15.4899930500,15.1184985700,15.3307811300,1308504,30206911.3200,3.738583,1.005251
2018-09-05,14.9990896300,15.6492049700,14.9990896300,15.0720617600,1555200,36074892.0000,4.443429,-1.687587
2018-09-06,15.0786955900,15.4170209200,14.9327513300,15.2246398500,1191202,27372195.8800,3.403434,1.012330
2018-09-07,15.1384000600,15.4899930500,14.8531453700,15.0720617600,1212272,27777734.2200,3.463634,-1.002185
2018-09-10,15.0123572900,15.0123572900,13.9310430000,13.9907474700,1762076,38222342.6800,5.034503,-7.174292
2018-09-11,13.9841136400,14.5015523800,13.9841136400,14.4086787600,1647202,35551328.9000,4.706291,2.987194
2018-09-12,14.5944260000,14.7271026000,14.3688757800,14.5678906800,1399476,30812754.7600,3.998503,1.104971
2018-09-13,14.8465115400,14.9128498400,14.5944260000,14.8465115400,1351352,30099527.7200,3.861006,1.912569
2018-09-14,14.8863145200,14.8863145200,14.1300579000,14.2494668400,1260202,27575614.5200,3.600577,-4.021446
2018-09-17,13.9708459800,14.5148200400,13.9708459800,14.2428330100,1009900,21830422.0000,2.885429,-0.046556
2018-09-18,14.2162976900,14.4949185500,14.0040151300,14.4086787600,1164652,25071580.3200,3.327577,1.164415
2018-09-19,14.2627345000,14.6607643000,14.1433255600,14.4683832300,1639757,35658764.9600,4.685020,0.414365
2018-09-20,14.4484817400,15.2445413400,14.3158051400,14.6275951500,2169775,48243933.1800,6.199357,1.100412
2018-09-21,14.4949185500,14.5877921700,14.2229315200,14.5280877000,1759600,38158239.0000,5.027429,-0.680270
2018-09-25,14.4617494000,14.4949185500,14.1963962000,14.2627345000,1111302,23950364.3200,3.175149,-1.826482
2018-09-26,14.2760021600,14.4418479100,14.1300579000,14.2959036500,1294172,27921903.3000,3.697634,0.232555
2018-09-27,14.2096638600,14.3224389700,13.3406321300,13.4136042600,2292602,47576869.0800,6.550291,-6.171694
2018-09-28,13.4136042600,13.5595485200,13.1349834000,13.3406321300,1439929,29009564.7300,4.114083,-0.544009
2018-10-08,13.0421097800,13.0885465900,12.6639814700,12.7369536000,1296776,25171863.3400,1.834195,-4.525111
2018-10-09,12.9227008400,13.1946878700,12.6772491300,13.0023068000,1876131,36799837.6500,2.653651,2.083331
2018-10-10,12.9492361600,13.5064778800,12.9492361600,13.1416172300,2204100,43776601.2900,3.117539,1.071424
2018-10-11,11.8281188900,12.3322899700,11.8281188900,11.8281188900,2649200,47732526.8400,3.747100,-9.994950
2018-10-12,11.4698920700,11.4698920700,10.6472971500,11.0121578000,2943636,48753516.8600,4.163559,-6.898483
2018-10-15,10.9789886500,11.7286114400,10.9789886500,11.0453269500,1736169,29487730.3400,2.455685,0.301200
2018-10-16,11.0585946100,11.3504831300,11.0187916300,11.1448344000,1363700,22964430.7200,1.928854,0.900899
2018-10-17,11.2708771700,11.3836522800,10.7667060900,11.2576095100,1502336,25328783.9600,2.124945,1.011905
2018-10-18,11.2775110000,11.2775110000,10.6804663000,10.7534384300,1208200,19873377.0000,1.708911,-4.478493
2018-10-19,10.6671986400,11.1249329100,10.4416484200,11.0784961000,1443794,23744682.9000,2.042141,3.022836
2018-10-22,11.2642433400,11.7087099500,11.0784961000,11.6025686700,2004906,34708090.4600,2.835793,4.730533
2018-10-23,11.5627656900,11.5760333500,11.2111727000,11.2775110000,1610942,27642391.6800,2.278560,-2.801600
2018-10-24,11.1647358900,11.4566244100,11.1647358900,11.3173139800,1095070,18719266.5000,1.548897,0.352938
2018-10-25,10.8463120500,10.8993826900,10.5610573600,10.8927488600,1689700,27381864.0000,2.389958,-3.751462
2018-10-26,11.0121578000,11.9806969800,10.9723548200,11.9806969800,2591743,45301533.7800,3.665832,9.987816
2018-10-29,12.6042770000,13.1814202100,12.3919944400,13.1814202100,7713982,150309117.4400,10.910866,10.022160
2018-10-30,13.3339983000,14.2229315200,12.3521914600,13.0819127600,10989823,217092299.2900,15.544304,-0.754915
2018-10-31,12.6706153000,13.8050002300,12.5445725300,13.4733087300,9118806,181615317.2400,12.897887,2.991887
2018-11-01,13.1416172300,14.2494668400,12.9824053100,13.0752789300,6646224,132569286.7600,9.400600,-2.954212
2018-11-02,13.2411246800,13.7917325700,12.7435874300,13.5131117100,7468824,148705804.9200,10.564107,3.348563
2018-11-05,13.2543923400,13.5396470300,13.1814202100,13.4003366000,5899533,118649578.6700,8.344460,-0.834561
2018-11-06,13.2809276600,13.3207306400,12.8364610500,13.0421097800,3454131,67773761.3100,4.885617,-2.673272
2018-11-07,13.0023068000,13.7054927800,12.8629963700,13.4268719200,6737431,135343102.3300,9.529605,2.950152
2018-11-08,13.4932102200,13.4932102200,13.1880540400,13.4865763900,4235803,85227422.0200,5.991235,0.444665
2018-11-09,13.4401395800,14.0504519400,13.3008291500,13.4998440500,6242636,128986410.3200,8.829754,0.098379
2018-11-12,13.1217157400,13.7983664000,12.7634889200,13.7983664000,4906700,98536143.0000,6.940170,2.211297
2018-11-13,13.5330132000,13.9177753400,13.3671674500,13.7585634200,5079200,104586416.0000,7.184158,-0.288459
2018-11-14,13.7983664000,14.7005672800,13.5396470300,14.2162976900,8021410,171009043.7700,11.345700,3.326907
2018-11-15,14.0637196000,14.5148200400,13.9443106600,14.4617494000,5992559,128825403.8000,8.476038,1.726547
2018-11-16,14.2428330100,14.5745245100,14.1963962000,14.5214538700,4867564,105694556.8800,6.884815,0.412845
2018-11-19,14.5214538700,14.9062160100,14.2627345000,14.2826359900,3704300,80690494.0000,5.239463,-1.644581
2018-11-20,14.0172827900,14.1499593900,13.3738012800,13.5330132000,3291298,68584650.3900,4.655301,-5.248495
2018-11-21,13.2676600000,13.5330132000,13.1349834000,13.4202380900,1952898,39301710.9200,2.762232,-0.833334
2018-11-22,13.4401395800,13.6391544800,13.0354759500,13.0819127600,2512324,50535566.2800,3.553499,-2.521009
2018-11-23,13.1084480800,13.3605336200,12.4185297600,12.4848680600,2478822,48436206.1200,3.506113,-4.563893
2018-11-26,12.4848680600,12.6772491300,12.3521914600,12.5976431700,1678324,31693147.6400,2.373867,0.903295
2018-11-27,12.6573476400,13.1747863800,12.6042770000,13.0023068000,2383260,46364689.5600,3.370948,3.212220
2018-11-28,12.8961655200,13.4335057500,12.8364610500,13.2477585100,3058424,60839927.0000,4.325918,1.887750
2018-11-29,13.3406321300,13.5064778800,12.1399089000,12.3190223100,2695800,52615435.8000,3.813013,-7.010514
2018-11-30,12.3986282700,12.8298272200,11.9873308100,12.7833904100,2238224,42531188.6800,3.165805,3.769525
2018-12-03,13.2941953200,14.0637196000,13.0686451000,14.0637196000,5876427,123455210.0700,8.311778,10.015570
2018-12-04,13.9973813000,14.5877921700,13.7386619300,14.5015523800,9117801,195414329.3600,12.896465,3.113207
2018-12-05,13.9310430000,14.3622419500,13.8116340600,14.0968887500,4648334,99045001.4900,6.574730,-2.790488
2018-12-06,14.2295653500,14.4484817400,12.9426023300,13.2411246800,5382900,112279997.9700,7.613720,-6.070592
2018-12-07,13.9310430000,14.5678906800,13.9310430000,14.5678906800,2514200,54866805.0000,3.556153,10.020040
2018-12-10,15.6558388000,16.0273332800,14.8597792000,15.6890079500,15513888,365684405.9600,21.943264,7.695814
2018-12-11,15.0654279300,17.2612256600,15.0654279300,17.2612256600,16063594,388957433.2400,22.720784,10.021150
2018-12-12,16.3921939300,16.8167590500,15.7752477400,15.9211920000,12184752,299581638.4600,17.234444,-7.763261
2018-12-13,16.0007979600,16.7570545800,15.8216845500,16.2794188200,10395069,256864727.5400,14.703068,2.250004
2018-12-14,15.8548537000,15.8614875300,15.2578090000,15.2644428300,6559163,153492007.8400,9.277458,-6.234722
2018-12-17,15.1649353800,15.3042458100,14.6806657900,15.2710766600,4492290,101236886.1200,6.354017,0.043460
2018-12-18,15.2312736800,15.9012905100,15.0919632500,15.5961343300,6455214,152275667.4200,9.130430,2.128583
2018-12-19,15.7221771000,16.2595173300,15.2578090000,15.8283183800,6865807,164985747.4700,9.711184,1.488730
2018-12-20,15.5231622000,15.7619800800,15.2578090000,15.6094019900,4492030,105015012.5200,6.353649,-1.383068
2018-12-21,15.3904856000,16.6310118100,15.2710766600,15.9079243400,6560250,158733286.9000,9.278996,1.912447
2018-12-24,16.1799113700,17.4204375800,15.9941641300,16.8499282000,9231239,233379143.9200,13.056915,5.921602
2018-12-25,16.3855601000,18.2894693100,15.1649353800,17.4138037500,11614532,293240005.3800,16.427909,3.346458
2018-12-26,16.9826048000,17.2479580000,16.2263481800,16.3590247800,8747645,221454700.3300,12.372907,-6.057144
2018-12-27,16.4850675500,16.7106177700,16.0538686000,16.0737700900,5180589,127801015.4900,7.327566,-1.743716
2018-12-28,16.0671362600,16.2462496700,15.5961343300,15.6956417800,4516169,107986689.9500,6.387792,-2.352454
2019-01-02,15.6956417800,16.2064466900,15.2976119800,16.1202069000,4561601,109268253.5200,6.452052,2.704985
2019-01-03,15.9742626400,16.0140656200,14.5081862100,14.5148200400,6349391,143862821.1900,8.980751,-9.958848
2019-01-04,14.0438181100,14.7735394100,13.7917325700,14.6275951500,4440700,96005357.0000,6.281047,0.776966
2019-01-07,14.6939334500,15.2246398500,14.6939334500,14.9327513300,4107400,92832017.0000,5.809618,2.086172
2019-01-08,15.2312736800,15.5629651800,14.9791881400,15.0521602700,4189215,96164551.9400,5.925339,0.799646
2019-01-09,14.7271026000,15.5165283700,14.4484817400,15.1715692100,5309700,120965873.7400,7.510184,0.793302
2019-01-10,15.1184985700,15.5032607100,14.9261175000,15.4037532600,5186050,119276722.4800,7.335290,1.530382
2019-01-11,15.5297960300,16.4187292500,15.3307811300,15.5695990100,5267752,125042514.0200,7.450851,1.076658
2019-01-14,15.3904856000,15.6359373100,14.7934409000,15.2047383600,3525031,80265926.3000,4.985900,-2.343414
2019-01-15,14.9659204800,15.5231622000,14.8730468600,15.2047383600,2913627,66845659.1700,4.121113,0.000000
2019-01-16,15.1317662300,15.3440487900,15.0123572900,15.0189911200,2346126,53663927.9000,3.318424,-1.221643
2019-01-17,14.9327513300,15.1251324000,14.4683832300,14.4816508900,3101500,68715062.5400,4.386846,-3.577736
2019-01-18,14.4617494000,14.6673981300,14.1035225800,14.3821434400,2202302,47716922.0200,3.114996,-0.687126
2019-01-21,14.3423404600,14.7735394100,14.3091713100,14.6872996200,2817602,62174164.8800,3.985293,2.121767
2019-01-22,14.6673981300,14.8266100500,14.5479891900,14.7801732400,2069100,45959484.0000,2.926591,0.632346
2019-01-23,14.7669055800,14.7669055800,14.2627345000,14.5612568500,1789300,38946900.0000,2.530835,-1.481149
2019-01-24,14.5877921700,14.7801732400,14.4683832300,14.7470040900,2102302,46539608.2200,2.973553,1.275621
2019-01-25,14.7138349400,14.7735394100,13.9841136400,14.0040151300,2196749,47677842.3400,3.107141,-5.038232
2019-01-28,14.4086787600,14.4086787600,14.1167902400,14.1366917300,1461900,31375876.0000,2.067751,0.947413
2019-01-29,14.1167902400,14.4418479100,12.7502212600,13.5927176700,2327833,47140600.8900,3.292550,-3.847957
2019-01-30,13.5728161800,13.6656898000,12.9890391400,13.0951804200,1454429,29222737.3100,2.057184,-3.660322
2019-01-31,13.0951804200,13.2344908500,12.1465427300,12.5379387000,2066952,39746470.0000,2.923553,-4.255320
2019-02-01,12.6042770000,13.1416172300,12.5379387000,13.1283495700,1475126,28805771.5000,2.086458,4.709002
2019-02-11,13.1548848900,13.7519295900,13.1548848900,13.5794500100,1893898,38723200.1200,2.678781,3.436071
2019-02-12,13.5728161800,13.8978738500,13.4202380900,13.5993515000,2320578,47754981.5800,3.282289,0.146559
2019-02-13,13.6656898000,14.0504519400,13.5728161800,13.8846061900,3155825,66003634.5000,4.463685,2.097563
2019-02-14,13.8514370400,14.0902549200,13.6723236300,13.9310430000,2680025,56174477.3400,3.790700,0.334447
2019-02-15,13.9045076800,15.2578090000,13.7651972500,14.4484817400,4892578,106330095.0200,6.920195,3.714289
2019-02-18,14.4418479100,14.8863145200,14.2627345000,14.8531453700,4997683,110153477.3200,7.068859,2.800729
2019-02-19,14.7669055800,14.9526528200,14.6010598300,14.9261175000,4450180,99148187.2000,6.294455,0.491293
2019-02-20,15.2578090000,16.2926864800,15.2445413400,15.4435562400,8790024,207433284.3400,12.432849,3.466670
2019-02-21,15.0654279300,15.8482198700,14.9194836700,15.3573164500,7743453,179584747.3300,10.952550,-0.558424
2019-02-22,15.1251324000,15.4833592200,14.9924558000,15.4568239000,5719755,131897648.8600,8.090177,0.647946
2019-02-25,15.8813890200,16.1998128600,15.4833592200,16.0870377500,7859226,187704801.9800,11.116303,4.077257
2019-02-26,16.1467422200,17.4138037500,15.6956417800,16.6111103200,11908140,298459947.9200,16.843197,3.257736
2019-02-27,16.4518984000,16.8300267100,15.9211920000,16.0936715800,6514982,160418944.6000,9.214967,-3.115019
2019-02-28,16.1003054100,16.3059541400,15.5895005000,15.8946566800,4039493,97029166.1700,5.713569,-1.236608
2019-03-01,15.8946566800,16.3855601000,15.6956417800,16.3855601000,4456237,107829803.0500,6.303023,3.088488
2019-03-04,16.5845750000,16.7902237300,16.3523909500,16.4518984000,6168128,154300268.7100,8.724368,0.404852
2019-03-05,16.2661511600,16.8830973500,16.1865452000,16.8167590500,5836690,145146138.6800,8.255573,2.217746
2019-03-06,16.7305192600,17.9047071700,16.6840824500,17.3806346000,9244911,238728131.1200,13.076253,3.353059
2019-03-07,17.2015211900,18.0705529200,16.8366605400,17.6526216300,9927277,262572728.8600,14.041410,1.564885
2019-03-08,17.1285490600,17.4801420500,16.2528835000,16.2528835000,6686408,170520304.9900,9.457437,-7.929352
2019-03-11,16.2860526500,16.8897311800,16.2860526500,16.8565620300,4197197,105171677.4500,5.936629,3.714285
2019-03-12,17.0025062900,17.3673669400,16.8897311800,17.2214226800,5942708,153497723.4400,8.405528,2.164499
2019-03-13,18.7737389000,18.9462184800,18.1103559000,18.9462184800,9776287,275417336.3800,13.827846,10.015410
2019-03-14,19.2381070000,20.4786332100,18.4022444200,19.8484193600,18711836,546509829.8700,26.466529,4.761907
2019-03-15,19.2712761500,21.0292411000,18.6410623000,20.2066461800,13092127,385845139.5600,18.517860,1.804809
2019-03-18,19.7024751000,20.2199138400,19.2911776400,20.2199138400,8012052,238294792.0600,11.332464,0.065661
2019-03-19,20.2265476700,20.3525904400,19.4769248800,19.6029676500,7596364,226256654.2300,10.744504,-3.051182
2019-03-20,19.5167278600,19.5167278600,18.5747240000,19.0258244400,6012458,172054278.1200,8.504184,-2.944159
2019-03-21,19.0324582700,19.3376144500,18.7604712400,18.9992891200,4951394,142645847.8500,7.003386,-0.139473
2019-03-22,18.9528523100,19.2314731700,18.6145269800,19.2049378500,4288737,122140348.6100,6.066106,1.082407
2019-03-25,18.6941329400,19.3376144500,18.4420474000,18.7737389000,3500368,100098910.7600,4.951016,-2.245255
2019-03-26,19.1452333800,19.1585010400,18.0042146200,18.1700603700,3802873,106861796.6700,5.378887,-3.215547
2019-03-27,18.2430325000,18.3624414400,17.1152814000,17.7852982300,4157363,110823125.0000,5.880287,-2.117561
2019-03-28,17.6924246100,18.5680901700,17.5199450300,17.8051997200,3806016,104122991.2400,5.383332,0.111901
2019-03-29,17.8848056800,18.4420474000,17.2479580000,18.2363986700,3977707,107497165.2000,5.626177,2.421757
2019-04-01,18.5747240000,19.0258244400,18.2430325000,18.9395846500,4342627,122997792.9900,6.142330,3.855946
2019-04-02,18.9727538000,18.9860214600,18.5216533600,18.5946254900,4441349,125512325.4800,6.145070,-1.821361
2019-04-03,18.5747240000,18.5747240000,18.1169897300,18.3425399500,3294262,90824037.2300,4.557955,-1.355694
2019-04-04,18.3093708000,18.4287797400,18.1169897300,18.2297648400,2494300,68531040.0000,3.451124,-0.614829
2019-04-08,18.2496663300,19.0258244400,18.2430325000,18.3757091000,3769525,105445998.3900,5.215531,0.800587
2019-04-09,18.7803727300,20.0341666000,18.7803727300,19.4968263700,9095443,266963443.7800,12.584494,6.101078
2019-04-10,18.9064155000,19.1850363600,18.6078931500,18.8666125200,4835643,137610527.2900,6.690616,-3.232388
2019-04-11,18.5548225100,18.8400772000,17.7786644000,17.7852982300,4695200,128443304.9800,6.496299,-5.731368
2019-04-12,17.7255937600,18.1700603700,17.6526216300,17.8914395100,1880318,50786040.0400,2.601616,0.596792
2019-04-15,18.2098633500,18.5415548500,17.8118335500,17.8118335500,2356278,64757603.1700,3.260156,-0.444935
2019-04-16,17.8118335500,19.2381070000,17.3939022600,18.9793876300,5227914,144853878.3100,7.233364,6.554936
2019-04-17,18.9528523100,19.2115716800,18.5083857000,18.6742314500,4512947,127806871.9200,6.244133,-1.607833
2019-04-18,18.8069080500,19.0722612500,18.5813578300,18.8931478400,3673515,104229798.1500,5.082691,1.172291
2019-04-19,18.6742314500,18.9064155000,17.9644116400,18.5614563400,3382666,94462454.9400,4.680271,-1.755618
2019-04-22,18.6742314500,19.1717687000,18.3956105900,18.6874991100,4340908,123351553.6600,6.006099,0.679058
2019-04-23,18.7604712400,18.7604712400,17.9113410000,17.9710454700,3031215,83195781.2300,4.194002,-3.833865
2019-04-24,17.8582703600,18.5017518700,17.8582703600,18.3491737800,2225815,61187658.2000,3.079647,2.104096
2019-04-25,18.3823429300,19.1585010400,17.9644116400,18.0705529200,4639024,131079178.6100,6.418574,-1.518438
2019-04-26,17.4801420500,18.7737389000,17.4801420500,18.0771867500,4026928,111314770.2400,5.571675,0.036712
2019-04-29,18.0241161100,18.4155120800,16.5182367000,16.5248705300,4013216,104082779.6500,5.552703,-8.587156
2019-04-30,16.5248705300,17.3142963000,16.4917013800,17.0290416100,2096781,53644338.3700,2.901115,3.050984
2019-05-06,16.3192218000,16.7172516000,15.3241473000,15.3241473000,3168330,76218374.0900,4.383715,-10.011690
2019-05-07,15.4634577300,16.0273332800,15.3904856000,15.7885154000,2277690,54062365.3200,3.151422,3.030298
2019-05-08,15.2777104900,15.9808964700,15.2777104900,15.5762328400,2027880,47921772.6600,2.805783,-1.344537
2019-05-09,15.4435562400,16.0206994500,15.3904856000,15.5961343300,2206884,52421064.2100,3.053454,0.127771
2019-05-10,15.7752477400,16.3722924400,15.1649353800,16.3059541400,3248283,78158485.0800,4.494338,4.551253
2019-05-13,16.1135730700,16.4187292500,15.8548537000,16.0206994500,2084528,50603208.6400,2.884162,-1.749391
2019-05-14,15.7619800800,16.2528835000,15.6425711400,16.0074317900,2041763,49211492.5000,2.824992,-0.082818
2019-05-15,16.1865452000,16.3590247800,16.0273332800,16.2263481800,2267390,55324274.3700,3.137171,1.367592
2019-05-16,15.7885154000,15.7885154000,14.9858219700,15.2379075100,5661745,130101601.6600,7.833615,-6.091578
2019-05-17,15.1649353800,16.7636884100,14.8730468600,15.3838517700,5447647,128502446.0100,7.537388,0.957776
2019-05-20,15.7487124200,16.5514058500,15.3307811300,16.2661511600,5146553,122997223.6700,7.120793,5.735230
2019-05-21,15.9344596600,17.2081550200,15.7885154000,17.0423092700,7447977,188120658.9100,10.305053,4.771615
2019-05-22,16.7835899000,17.3408316200,16.5182367000,16.6442794700,5238030,133079013.2800,7.247361,-2.335541
2019-05-23,16.3988277600,16.7902237300,16.2595173300,16.5779411700,2986500,74252279.5900,4.132134,-0.398567
2019-05-24,16.3391232900,16.7835899000,16.1533760500,16.1666437100,2471554,61624774.4600,3.419653,-2.480988
2019-05-27,16.2860526500,16.6973501100,14.9261175000,16.6442794700,3523520,85332986.7900,4.875157,2.954449
2019-05-28,16.5845750000,16.7305192600,16.2329820100,16.2661511600,2930111,72675444.8300,4.054114,-2.271820
2019-05-29,16.2528835000,17.8914395100,16.0538686000,17.8914395100,3983139,104576845.2700,5.511088,9.991838
2019-05-30,18.8400772000,19.6825736100,18.6609637900,19.6825736100,17431086,509823809.3400,24.117725,10.011130
2019-05-31,19.9014900000,21.6528211200,19.3376144500,21.6528211200,15829738,496473265.8400,21.902093,10.010110
2019-06-03,22.4820498700,23.8154497000,19.5896999900,23.8154497000,27480707,900210205.8900,38.022424,9.987752
2019-06-04,24.2134795000,26.1969946700,24.2134795000,26.1969946700,24792586,956437192.0400,34.303128,10.000000
2019-06-05,26.2633329700,28.8173575200,26.1969946700,28.8173575200,24277330,1026514315.5300,33.590218,10.002520
2019-06-06,28.4392292100,28.4392292100,25.9382753000,25.9382753000,25007552,1005859626.6200,34.600556,-9.990792
2019-06-10,26.5353200000,28.1738760100,25.0825112300,25.1621171900,27457450,1116603217.9000,37.990246,-2.992323
2019-06-11,24.6645799400,27.6763387600,24.6645799400,27.6763387600,23820327,946170050.0500,32.957907,9.992093
2019-06-12,28.5530695400,30.4459806400,26.9889272100,28.7124725800,46611343,1357682559.3400,42.994436,3.743697
2019-06-13,29.0810921100,30.4659060200,27.8357558600,29.4895624000,38029064,1115781344.6100,35.078117,2.706456
2019-06-14,28.8918010000,29.2903086000,26.5406061600,26.5406061600,26454869,735838102.9700,24.402047,-10.000000
2019-06-17,25.8033671000,26.3015016000,24.2591501500,24.9166876900,26542872,662806613.7800,24.483221,-6.118616
2019-06-18,24.3189262900,25.0163145900,23.6215379900,23.9602694500,20340215,494902270.0900,18.761872,-3.838469
2019-06-19,24.4085905000,25.5941506100,23.9602694500,24.1097098000,25614630,635755133.0500,23.627008,0.623707
2019-06-20,23.6215379900,23.8805679300,22.1370971800,23.6315006800,27982066,648135994.3000,25.810738,-1.983477
2019-06-21,23.6713514400,24.7672473400,23.3625080500,24.1894113200,25644750,618092220.2500,23.654791,2.360883
2019-06-24,23.7909037200,26.6103449900,23.2628811500,26.6103449900,33074611,836371287.8700,30.508116,10.008230
2019-06-25,26.4011285000,26.4011285000,24.7572846500,24.7572846500,25107345,640138587.3400,23.159087,-6.963679
2019-06-26,24.7174338900,27.0785914200,23.7112022000,25.5144490900,28361194,729566844.1100,26.160446,3.058351
2019-06-27,24.7074712000,28.0648977300,24.2691128400,28.0648977300,40419574,1106885952.3400,37.283131,9.996093
2019-06-28,27.8955320000,27.8955320000,25.3550460500,26.6003823000,33069774,883228128.8100,30.503654,-5.218315
2019-07-01,27.4571736400,28.8918010000,26.7896734100,27.7959051000,33392619,920495265.5100,30.801447,4.494378
2019-07-02,26.9590391400,28.3737411200,26.7996361000,26.7996361000,21035642,579902316.4700,19.403336,-3.584229
2019-07-03,26.3015016000,26.3015016000,24.8867996200,25.1458295600,17369857,443027087.2600,16.022006,-6.171003
2019-07-04,25.1358668700,25.4546729500,24.5082174000,24.7074712000,10161856,254850268.0000,9.373325,-1.743267
2019-07-05,24.7373592700,25.3550460500,24.7273965800,25.2354937700,9123840,230413044.7000,8.415856,2.137100
2019-07-08,24.1395978700,24.8569115500,23.1234034900,23.6813141300,10914418,262649977.7600,10.067490,-6.158703
2019-07-09,23.9204186900,24.3687397400,23.7112022000,23.9602694500,8544481,206442667.0000,7.881454,1.177950
2019-07-10,24.2093367000,26.3612777400,24.0200455900,26.3612777400,23960077,615360100.3100,22.100844,10.020790
2019-07-11,26.9988899000,26.9988899000,25.6539267500,26.0424716600,22736633,598099499.4900,20.972335,-1.209372
2019-07-12,25.6937775100,25.8631432400,24.7074712000,24.7074712000,15193109,383493884.8200,14.014167,-5.126244
2019-07-15,24.3587770500,26.8793376200,24.2093367000,25.9029940000,19267885,501823169.0000,17.772752,4.838713
2019-07-16,25.9029940000,27.3675094300,25.5542998500,26.6302703700,24564709,661434339.3300,22.658558,2.807691
2019-07-17,26.3313896700,27.2280317700,25.9029940000,25.9029940000,18451603,488148524.0600,17.019811,-2.731012
2019-07-18,26.0125835900,27.3475840500,26.0125835900,26.7199345800,22804410,611223777.3100,21.034853,3.153845
2019-07-19,26.4110911900,28.6925472000,25.7834417200,27.3575467400,25536491,690879574.9300,23.554932,2.386277
2019-07-22,26.6800838200,27.0287779700,24.6676204400,25.8033671000,16226031,421598505.5000,14.966937,-5.680989
2019-07-23,25.5542998500,27.6564274400,25.5542998500,27.2479571500,22896582,620762329.6200,21.119873,5.598459
2019-07-24,27.3376213600,29.8781073100,27.0088525900,29.0013905900,33928082,972524618.2900,31.295360,6.435102
2019-07-25,28.4733680200,29.2903086000,28.1944127000,28.4932934000,22050331,632865866.4000,20.339288,-1.751976
2019-07-26,28.2940396000,29.6688908200,28.2243007700,28.2342634600,21911400,637319166.5000,20.211100,-0.909100
2019-07-29,27.8955320000,29.5692639200,27.8955320000,29.2604205300,21583016,626719227.2300,19.908236,3.634441
2019-07-30,29.0013905900,29.4895624000,28.5929203000,29.0910548000,17042530,494435704.7000,15.720100,-0.578800
2019-07-31,29.0013905900,29.8382565500,28.7722487200,29.2903086000,19710132,580336989.6200,18.180700,0.684900
2019-08-01,28.4932934000,29.1906817000,28.3936665000,29.0113532800,14787412,426469719.3600,13.640000,-0.952400
2019-08-02,28.0947858000,28.5829576100,27.0985168000,27.5966513000,17029064,476048449.4600,15.707700,-4.876400
2019-08-05,27.4970244000,28.3936665000,27.2678825300,27.6564274400,12341139,345454451.4000,11.383500,0.216600
2019-08-06,26.4011285000,26.8494495500,25.0163145900,26.5804569200,15997077,419040664.6600,14.755700,-3.890500
2019-08-07,26.9690018300,27.0586660400,26.2915389100,26.5107180900,10371630,278261936.3500,9.566800,-0.262400
2019-08-08,26.7697480300,27.3077332900,25.7834417200,27.1782183200,12227566,327570295.9600,11.278700,2.517900
2019-08-09,27.1084794900,27.3475840500,25.9627701400,26.0026209000,11477093,306499356.4000,10.586500,-4.325500
2019-08-12,26.1022478000,27.0487033500,25.9129566900,26.9789645200,9969131,264535601.5800,9.195600,3.754800
2019-08-13,26.7000092000,28.2442261500,26.1819493200,27.8058677900,17805373,489459486.4000,16.423700,3.065000
2019-08-14,28.0549350400,28.5530695400,27.2081063900,27.6962782000,14780911,413587728.3800,13.634000,-0.394100
2019-08-15,26.4907927100,27.7261662700,26.2915389100,27.4173228800,9499722,258078091.1600,8.762600,-1.007200
2019-08-16,27.3973975000,29.8681446200,26.9988899000,28.6925472000,22933901,662146682.7300,21.154300,4.651200
2019-08-19,29.0910548000,30.3862045000,28.7423606500,29.6688908200,24557237,731180487.6000,22.651700,3.402800
2019-08-20,29.5393758500,31.8706453100,28.9216890700,29.1707563200,27982934,852946923.5600,25.811500,-1.679000
2019-08-21,29.7685177200,30.4260552600,28.7822114100,30.3363910500,23685409,707152870.5600,21.847500,3.995900
2019-08-22,29.9976595900,30.8843390000,29.5891893000,29.8382565500,17531038,529147567.3800,16.170700,-1.642000
2019-08-23,29.4696370200,29.6788535100,28.2940396000,28.5431068500,16101393,466183562.7400,14.852000,-4.340600
2019-08-26,27.4472109500,28.3737411200,27.3575467400,28.0449723500,9571353,268134534.1500,8.828600,-1.745200
2019-08-27,28.1844500100,28.8120994800,27.9851962100,28.3239276700,11755314,335058508.1800,10.843100,0.994700
2019-08-28,28.3139649800,28.5331441600,27.6962782000,28.2442261500,8882034,250430209.4800,8.192800,-0.281400
2019-08-29,28.1445992500,28.4534426400,27.6962782000,27.8756066200,9548167,268341261.6300,8.807300,-1.305100
2019-08-30,27.8656439300,28.0947858000,26.5904196100,26.7498226500,12232347,334882949.2800,11.283200,-4.038600
2019-09-02,26.8394868600,27.5966513000,26.7000092000,27.4472109500,8113839,221449887.3300,7.484200,2.607100
2019-09-03,27.4472109500,28.3837038100,27.3176959800,28.2940396000,12758188,359449259.4400,11.768200,3.085300
2019-09-04,28.2940396000,28.2940396000,27.6066139900,28.0648977300,9003277,252618046.4000,8.304600,-0.809900
2019-09-05,28.5630322300,29.6888162000,27.9752335200,29.1707563200,21642458,627509762.1100,19.963100,3.940400
2019-09-06,29.1707563200,30.2467268400,28.6626591300,29.2006443900,19515483,578056245.4700,18.001100,0.102500
2019-09-09,29.7884431000,31.2728839100,29.3102339800,30.9839659000,25397989,773829004.8300,23.427200,6.107100
2019-09-10,30.3862045000,30.8544509300,29.5194504700,29.6987788900,18945782,569912018.5600,17.475600,-4.147900
2019-09-11,30.2865776000,30.2865776000,28.8220621700,28.8918010000,12299098,360374516.1800,11.344700,-2.717200
2019-09-12,28.7722487200,29.5792266100,28.7722487200,29.2006443900,10220269,300107954.8700,9.427200,1.069000
2019-09-16,29.3899355000,29.7685177200,28.8519502400,29.6688908200,9877892,291706305.2800,9.111400,1.603600
2019-09-17,29.5991519900,29.5991519900,27.9054946900,29.1508309400,9824713,284629921.9100,9.062300,-1.746100
2019-09-18,29.1906817000,32.0698991100,29.0113532800,32.0698991100,29879630,923064844.2200,27.561100,10.013700
2019-09-19,33.5742653000,34.8694150000,32.0898244900,32.2990409800,41175132,1380627650.3900,37.980100,0.714500
2019-09-20,31.6713915100,34.8694150000,31.4123615700,33.2953099800,32536062,1089718319.9300,30.011400,3.084500
2019-09-23,32.2293021500,32.4783694000,31.0038912800,31.3326600500,21533364,684157789.5600,19.862400,-5.894700
2019-09-24,31.3226973600,32.1595633200,31.0835928000,31.9304214500,17270404,548629683.1700,15.930300,1.907800
2019-09-25,31.4721377100,31.4721377100,29.9876969000,30.3961671900,13957050,428838544.5200,12.874000,-4.805000
2019-09-26,30.4957940900,31.2131077700,29.8880700000,30.9042643800,13793252,423538242.1000,12.722900,1.671600
2019-09-27,30.6850852000,32.3787425000,30.0773611100,31.9403841400,16299487,517721157.1200,15.034700,3.352700
2019-09-30,31.6813542000,32.5779963000,30.4360179500,30.7348986500,10261683,324588069.8700,9.465400,-3.774200
2019-10-08,30.6352717500,32.0798618000,30.4559433300,31.6813542000,10517208,331898053.7700,9.701100,3.079400
2019-10-09,31.4223242600,33.3849741900,31.0238166600,33.1259442500,18838243,614091114.3700,17.376400,4.559800
2019-10-10,33.1060188700,33.3550861200,32.3986678800,33.2554592200,15578469,514256614.2500,14.369600,0.391000
2019-10-11,33.1757577000,33.1757577000,31.6116153700,31.6713915100,16392480,528178915.4800,15.120500,-4.763300
2019-10-14,31.8905706900,33.7237056500,31.8905706900,33.3052726700,18339932,606296355.4200,16.916800,5.158900
2019-10-15,32.8768770000,33.0761308000,31.6813542000,32.2392648400,12932495,418660389.0600,11.929000,-3.200700
2019-10-16,32.4783694000,32.6477351300,31.0038912800,31.0537047300,12610906,399263747.6800,11.632300,-3.677400
2019-10-17,30.9441151400,31.6514661300,30.4061298800,31.4821004000,8937313,280685019.9200,8.243800,1.379500
2019-10-18,31.4920630900,31.8507199300,30.6850852000,31.7212049600,7752500,243683020.0000,7.150900,0.759500
2019-10-21,31.5418765400,31.5418765400,30.5456075400,31.2031450800,6115256,190276745.9400,5.640700,-1.633200
2019-10-22,31.2828466000,32.0698991100,31.2828466000,32.0101229700,8737013,279111976.7000,8.059000,2.586200
2019-10-23,32.0798618000,32.1097498700,30.5954209900,30.8345255500,9723579,305677558.2900,8.969100,-3.672600
2019-10-24,30.7348986500,30.7348986500,27.7560543400,27.7560543400,18414262,531628791.3500,16.985400,-9.983800
2019-10-25,26.7996361000,27.1682556300,25.7834417200,26.8992630000,10550461,283410754.6000,9.731800,-3.086900
2019-10-28,26.9889272100,27.5866886100,26.6501957500,27.2977706000,7936412,216918202.2500,7.320600,1.481500
2019-10-29,27.4970244000,27.4970244000,26.2018747000,26.2018747000,8939100,238081400.0000,8.245500,-4.014600
2019-10-30,24.5679935400,25.6638894400,24.5679935400,25.0960161100,8879900,224346970.0600,8.190800,-4.220500
2019-10-31,25.1757176300,25.5542998500,23.2429557700,24.4085905000,10372100,255447436.5000,9.567300,-2.739200
2019-11-01,24.3189262900,24.7871727200,23.9104560000,24.5480681600,6840501,167756961.5000,6.309700,0.571400
2019-11-04,24.7074712000,24.8768369300,24.4185531900,24.6078443000,5192455,128485763.1000,4.789500,0.243500
2019-11-05,24.6078443000,24.9665011400,24.0997471100,24.4285158800,5875300,144489430.0000,5.419400,-0.728700
2019-11-06,24.3089636000,24.6078443000,23.7112022000,23.9602694500,5937801,143254633.3500,5.477000,-1.916800
2019-11-07,23.8706052400,24.2491874600,23.4720976400,24.0200455900,4458751,107253201.6100,4.112800,0.249500
2019-11-08,24.0698590400,24.3886651200,23.8207917900,23.8606425500,5282450,127886481.5000,4.872500,-0.663600
2019-11-11,23.6115753000,23.6215379900,22.9341123800,22.9938885200,4744450,110637599.0000,4.376300,-3.632600
2019-11-12,23.0636273500,23.3625080500,22.9440750700,23.2529184600,4122600,95870622.5000,3.802700,1.126500
2019-11-13,23.3625080500,23.3625080500,22.6950078200,22.8643735500,4487400,103155046.0000,4.139200,-1.670900
2019-11-14,22.9440750700,23.3824334300,22.3463136700,23.3724707400,6565328,151233650.1000,6.055900,2.222200
2019-11-15,23.2031050100,24.5978816100,22.7149332000,23.7410902700,10554600,249956946.0000,9.735600,1.577200
2019-11-18,23.3625080500,24.1993740100,23.2728438400,23.9004933100,6806955,163406152.5100,6.278800,0.671400
2019-11-19,23.9403440700,24.5082174000,23.7012395100,24.4484412600,7802917,190063272.2400,7.197400,2.292600
2019-11-20,24.5779562300,24.5779562300,23.9204186900,23.9204186900,6182256,149605124.3000,5.702500,-2.159700
2019-11-21,23.6514260600,23.9104560000,23.5119484000,23.7510529600,3457608,82263304.0500,3.189300,-0.708000
2019-11-22,23.7610156500,24.0001202100,23.0437019700,23.0735900400,4628550,108893292.7600,4.269400,-2.852400
2019-11-25,23.1134408000,23.2628811500,21.9179180000,22.1470598700,5373959,120839864.0000,4.957000,-4.015500
2019-11-26,22.1968733200,22.5356047800,21.6887761300,21.6987388200,4869034,107817304.4600,4.491200,-2.024300
2019-11-27,21.7186642000,21.9079553100,21.5393357800,21.7784403400,4547909,99195683.0400,4.195000,0.367300
2019-11-28,21.6489253700,21.8780672400,21.0710893500,21.2803058400,4985450,107085107.5200,4.598600,-2.287300
2019-11-29,21.5492984700,21.5492984700,20.9216490000,21.1707162500,3426150,72546462.4700,3.160300,-0.515000
2019-12-02,21.1707162500,21.4098208100,21.0611266600,21.2902685300,3379350,72019583.5000,3.117100,0.564700
2019-12-03,21.3998581200,21.8681045500,21.1209028000,21.8681045500,5360750,115796608.5000,4.944800,2.714100
2019-12-04,21.5991119200,21.7983657200,21.5194104000,21.6688507500,3746900,81455034.5000,3.456200,-0.911200
2019-12-05,21.7385895800,22.4658659500,21.6389626800,22.3662390500,7415150,164866446.8300,6.839800,3.218400
2019-12-06,22.4957540200,22.4957540200,21.9976195200,22.3861644300,5572550,124404897.5000,5.140100,0.089100
2019-12-09,22.3762017400,22.5654928500,22.2167987000,22.2765748400,4032416,90626773.8000,3.719500,-0.489500
2019-12-10,22.1669852500,22.4857913300,21.9976195200,22.4459405700,4665453,104095302.9500,4.303400,0.760300
2019-12-11,22.6850451300,24.6875458200,22.6850451300,23.9503067600,18499586,446584535.5700,17.064100,6.702200
2019-12-12,22.5953809200,23.5019857100,22.4160525000,22.9839258300,12800380,296041322.6000,11.807100,-4.034900
2019-12-13,23.0038512100,23.2031050100,22.4857913300,22.5754555400,9554640,217754542.3000,8.813200,-1.777200
2019-12-16,22.6252689900,23.1333661800,22.5654928500,23.1134408000,9379183,214770268.0700,8.651400,2.383100
2019-12-17,23.2130677000,23.9004933100,23.0237765900,23.6414633700,12311150,291667192.0000,11.355800,2.284500
2019-12-18,23.5617618500,24.2292620800,23.3625080500,24.1495605600,11952819,287216661.4100,11.025300,2.149200
2019-12-19,24.3488143600,24.3488143600,23.5617618500,23.9901575200,7812466,187211542.9600,7.206200,-0.660100
2019-12-20,23.9901575200,24.9067250000,23.7112022000,24.3089636000,10945553,266596304.0800,10.096200,1.328900
2019-12-23,24.0598963500,24.0598963500,22.9640004500,23.0138139000,7625750,180190351.7900,7.034000,-5.327900
2019-12-24,22.9341123800,23.6414633700,22.9341123800,23.5019857100,4506619,105537297.7000,4.156900,2.121200
2019-12-25,23.5717245400,23.8407171700,23.2927692200,23.6414633700,4980200,118130161.0000,4.593800,0.593500
2019-12-26,23.8606425500,24.0698590400,23.5517991600,23.8008664100,5742945,137352283.6000,5.297300,0.674300
2019-12-27,24.0798217300,24.1595232500,23.3625080500,23.4322468800,5815805,138819300.5800,5.364500,-1.548800
2019-12-30,23.4322468800,23.4322468800,22.3762017400,23.1532915600,4399850,101531483.5000,4.058400,-1.190500
2019-12-31,23.3824334300,23.4820603300,22.9640004500,23.1134408000,3330005,77571887.9500,3.071600,-0.172100
2020-01-02,23.2130677000,23.8506798600,23.2130677000,23.7610156500,6037788,143189208.9400,5.569300,2.801700
2020-01-03,24.0499336600,24.5580308500,23.8207917900,24.2990009100,11574553,281681635.1000,10.676400,2.264100
2020-01-06,23.9004933100,24.6277696800,23.7112022000,24.3886651200,10949435,266647580.3000,10.099800,0.369000
2020-01-07,24.3488143600,24.8867996200,24.2691128400,24.7174338900,9020050,223497343.5000,8.320100,1.348000
2020-01-08,24.5381054700,24.5381054700,23.6613887500,23.7211648900,8899888,215151203.7900,8.209300,-4.030600
2020-01-09,23.9104560000,24.7473219600,23.9004933100,24.5580308500,9183632,224742367.3000,8.471000,3.527900
2020-01-10,24.7971354100,24.8369861700,24.2192993900,24.4882920200,6875403,169159272.5700,6.341900,-0.284000
2020-01-13,24.4882920200,24.4882920200,24.4882920200,24.4882920200,0,0.0000,,0.000000
2020-01-14,24.4882920200,24.4882920200,24.4882920200,24.4882920200,0,0.0000,,0.000000
2020-01-15,24.4882920200,24.4882920200,24.4882920200,24.4882920200,0,0.0000,,0.000000
2020-01-16,24.4882920200,24.4882920200,24.4882920200,24.4882920200,0,0.0000,,0.000000
2020-01-17,24.4882920200,24.4882920200,24.4882920200,24.4882920200,0,0.0000,,0.000000
2020-01-20,24.4882920200,24.4882920200,24.4882920200,24.4882920200,0,0.0000,,0.000000
2020-01-21,24.4882920200,24.4882920200,24.4882920200,24.4882920200,0,0.0000,,0.000000
2020-01-22,26.8693749300,26.8693749300,25.1059788000,25.4745983300,18144353,472601989.2000,16.736400,4.027700
2020-01-23,25.6041133000,25.7635163400,23.0138139000,23.3027319100,12186174,295535335.8400,11.240600,-8.525600
2020-02-03,20.9714624500,20.9714624500,20.9714624500,20.9714624500,584800,12310040.0000,0.539400,-10.004300
2020-02-04,18.8792975500,20.0250069000,18.8792975500,19.4870216400,10737058,209596964.0800,9.903900,-7.078400
2020-02-05,19.5667231600,21.4397088800,19.5667231600,21.0212759000,11750084,245629299.8400,10.838300,7.873200
2020-02-06,20.7223952000,21.5692238500,20.2242607000,21.0412012800,8372400,175531834.9700,7.722700,0.094800
2020-02-07,20.9216490000,21.3799327400,20.5331040900,21.0611266600,7117623,149505360.2500,6.565300,0.094700
2020-02-10,21.0810520400,21.5692238500,21.0810520400,21.3101939100,7148105,152703840.0000,6.593400,1.182600
2020-02-11,21.5293730900,22.4857913300,21.3301192900,22.0972464200,11066356,243512518.3600,10.207600,3.693300
2020-02-12,21.7684776500,22.3562763600,21.5492984700,22.1171718000,7996213,175319974.5400,7.375700,0.090200
2020-02-13,21.9278806900,22.2466867700,21.5692238500,21.6389626800,6711150,147063221.2400,6.190400,-2.162200
2020-02-14,21.7087015100,22.0474329700,21.5194104000,21.6489253700,6027655,131865875.2000,5.559900,0.046000
2020-02-17,22.0075822100,22.6053436100,21.9378433800,22.5455674700,8932742,201072692.0300,8.239600,4.141700
2020-02-18,22.5455674700,24.0897844200,22.2765748400,23.9004933100,13008024,305090812.1400,11.998600,6.009700
2020-02-19,24.6078443000,25.7037402000,24.0100829000,24.0698590400,15159264,374851666.1400,13.982900,0.708600
2020-02-20,24.0300082800,24.4085905000,23.6215379900,24.2890382200,10633205,256927670.6700,9.808100,0.910600
2020-02-21,24.3189262900,25.0860534200,24.3089636000,24.9266503800,12719040,314464100.9000,11.732100,2.625100
2020-02-24,25.7336282700,27.1782183200,25.2155683900,26.5007554000,18551508,488217699.1800,17.112000,6.314900
2020-02-25,25.0960161100,26.3812031200,24.5480681600,26.1620239400,16645408,429482917.1200,15.353800,-1.278200
2020-02-26,25.4048595000,25.8631432400,24.3388516700,24.3488143600,11027538,278048037.2300,10.171800,-6.930700
2020-02-27,24.6476950600,24.8469488600,23.8108291000,24.3986278100,6960530,170724079.0000,6.420400,0.204600
2020-02-28,23.1433288700,23.7610156500,22.2765748400,22.4559032600,8650220,200454464.9000,7.979000,-7.962400
2020-03-02,22.7547839600,24.0200455900,22.7547839600,23.8606425500,7161740,168668349.7000,6.606000,6.255500
2020-03-03,24.4982547100,25.2056057000,23.7112022000,24.0001202100,8832400,217117745.0000,8.147000,0.584500
2020-03-04,24.0300082800,24.6178069900,23.8207917900,24.3089636000,6375900,155017159.7200,5.881100,1.286800
2020-03-05,25.2056057000,25.4546729500,24.5181800900,24.6775831300,9206940,229590880.7900,8.492500,1.516400
2020-03-06,23.9602694500,24.4484412600,23.9104560000,24.1894113200,5915609,143866265.8200,5.456600,-1.978200
2020-03-09,23.8407171700,25.0561653500,23.6912768200,24.2392247700,10739809,264745462.4900,9.906400,0.205900
2020-03-10,23.6613887500,25.9926582100,23.6613887500,25.7934044100,17212972,433680769.5200,15.877300,6.411800
2020-03-11,25.9826955200,26.0823224200,24.5480681600,24.6277696800,15179550,385871757.7200,14.001700,-4.519100
2020-03-12,23.9104560000,24.3089636000,23.4123215000,24.0100829000,8841129,211513225.4300,8.155100,-2.508100
2020-03-13,22.9042243100,24.0399709700,22.4160525000,23.4920230200,7930907,185379540.1500,7.315500,-2.157700
2020-03-16,23.8008664100,24.0300082800,21.8481791700,21.8681045500,8026372,184939307.5700,7.403500,-6.912600
2020-03-17,21.9378433800,22.7149332000,20.6526563700,21.7385895800,6302662,136403115.2200,5.813600,-0.592300
2020-03-18,22.1072091100,22.2566494600,20.8120594100,20.9116863100,5783871,126393282.1300,5.335100,-3.803800
2020-03-19,20.8220221000,21.4496715700,20.4235145000,21.3998581200,5558600,117476072.5000,5.127300,2.334400
2020-03-20,21.5393357800,22.0075822100,21.3699700500,21.8083284100,4994566,108567291.0900,4.607000,1.908800
2020-03-23,20.8718355500,22.1669852500,20.7423205800,21.0312385900,4924833,106235445.0800,4.542700,-3.563300
2020-03-24,21.6887761300,21.7684776500,20.7722086500,21.7485522700,5108373,109814060.2800,4.712000,3.410700
2020-03-25,22.2267613900,22.3164256000,21.6489253700,21.9079553100,5330875,117459629.6600,4.917200,0.732900
2020-03-26,21.7585149600,21.7585149600,21.1408281800,21.3201566000,4187442,90045134.4500,3.862500,-2.683000
2020-03-27,21.5891492300,21.7286268900,21.0810520400,21.1009774200,2755207,59095717.0700,2.541400,-1.028000
2020-03-30,20.9216490000,20.9216490000,19.7360888900,19.9851561400,4687990,94652792.8000,4.324200,-5.288000
2020-03-31,20.2740741500,20.3238876000,19.6364619900,19.6364619900,3041859,60853760.4000,2.805800,-1.744800
2020-04-01,19.5268724000,19.9751934500,19.2578797700,19.2977305300,3544950,69866457.5000,3.269900,-1.725000
2020-04-02,19.2977305300,19.8157904100,19.0486632800,19.8157904100,3938499,77152111.8200,3.632900,2.684600
2020-04-03,19.7859023400,19.8755665500,19.4272455000,19.5667231600,3176420,62600022.7000,2.929900,-1.256900
2020-04-07,19.9353426900,20.1844099400,19.7859023400,20.0250069000,4012440,80605542.2000,3.701100,2.342200
2020-04-08,19.9652307600,20.6526563700,19.8058277200,20.4434398800,4824497,98249516.5500,4.450100,2.089600
2020-04-09,20.6128056100,20.9316116900,20.3537756700,20.5530294700,3969520,82232405.8000,3.661500,0.536100
2020-04-10,20.5331040900,20.5430667800,19.7261262000,19.8656038600,3415350,68632133.5000,3.150300,-3.344600
2020-04-13,19.8257531000,19.8357157900,19.3774320500,19.4670962600,2147543,42057266.7100,1.980900,-2.006000
2020-04-14,19.5467977800,19.9054546200,19.4272455000,19.9054546200,2029037,40128337.9800,1.871600,2.251800
2020-04-15,19.8755665500,20.1047084200,19.6464246800,19.7460515800,2548600,50916034.0800,2.350800,-0.800800
2020-04-16,19.5268724000,19.7560142700,19.4073201200,19.6464246800,2642600,51905353.1300,2.437500,-0.504500
2020-04-17,19.7560142700,20.1246338000,19.5766858500,19.6065739200,3123279,62185026.5800,2.880900,-0.202800
2020-04-20,19.7859023400,19.8257531000,19.4372081900,19.8257531000,2590201,51092755.5000,2.389200,1.117900
2020-04-21,19.8257531000,20.0150442100,19.5467977800,19.7460515800,2731206,54086995.4800,2.519300,-0.402000
2020-04-22,19.6065739200,19.8357157900,19.4870216400,19.7261262000,2493226,49290217.9000,2.299800,-0.100900
2020-04-23,19.8357157900,19.8954919300,19.4272455000,19.4272455000,2866720,56362438.7800,2.644300,-1.515100
2020-04-24,19.4073201200,19.5766858500,18.8095587200,18.9490363800,2853101,54830179.5600,2.631700,-2.461500
2020-04-27,19.0187752100,19.1682155600,18.3612376700,18.3712003600,3079794,57597692.0400,2.840800,-3.049400
2020-04-28,18.1719465600,18.1719465600,16.5380654000,16.8867595500,7251757,123550450.2200,6.689000,-8.080300
2020-04-29,16.7273565100,16.8469087900,16.3288489100,16.3886250500,3373370,56141656.1000,3.111600,-2.949900
2020-04-30,16.4284758100,17.3948567400,16.4185131200,17.2354537000,4093803,69977215.0800,3.776100,5.167200
2020-05-06,17.4347075000,18.1619838700,17.2454163900,18.1320958000,4855092,86466320.3200,4.478400,5.202300
2020-05-07,18.9291110000,19.2279917000,18.2914988400,18.3014615300,6145773,115428210.2000,5.668900,0.934100
2020-05-08,18.3712003600,18.7796706500,18.3712003600,18.5106780200,4318958,80677868.2200,3.983800,1.143200
2020-05-11,18.5306034000,18.8195214100,18.5306034000,18.6302303000,3118064,58351447.3600,2.876100,0.645900
2020-05-12,18.6302303000,18.6700810600,18.0822823500,18.6700810600,3011734,55624602.1600,2.778000,0.213900
2020-05-13,18.4608645700,18.6900064400,18.4409391900,18.5007153300,1825040,33972525.1000,1.683400,-0.907200
2020-05-14,18.6501556800,19.9851561400,18.0922450400,19.3475439800,9256182,179804444.6200,8.537900,4.577300
2020-05-15,19.5268724000,19.7161635100,19.0387005900,19.1981036300,4530071,87975001.6800,4.178600,-0.772400
2020-05-18,19.4670962600,19.4770589500,18.5903795400,18.6501556800,3514957,66673884.8700,3.242200,-2.854200
2020-05-19,18.9988498300,19.8755665500,18.9988498300,19.5467977800,5695613,111305926.1600,5.253600,4.807700
2020-05-20,19.2479170800,19.4372081900,18.8095587200,18.9291110000,3901461,74518574.9700,3.598700,-3.160000
2020-05-21,18.8095587200,18.9291110000,17.7834016500,17.9228793100,5603581,102211028.9800,5.168800,-5.315800
2020-05-22,17.9029043200,18.0727421400,17.2635148800,17.4133717800,3094400,54559059.5000,2.854300,-2.842800
2020-05-25,17.3933908600,17.7730283400,17.1036675200,17.6831142000,2886790,50462631.2000,2.662800,1.549100
2020-05-26,17.6831142000,18.0627516800,17.5332573000,17.9728375400,2543977,45371598.4900,2.346600,1.638400
2020-05-27,17.9228852400,18.1726467400,17.8129901800,17.9828280000,2389850,43002357.1400,2.204400,0.055600
2020-05-28,18.1726467400,19.7811108000,17.8829234000,19.7811108000,12166015,233129474.0100,11.222000,10.000000
2020-05-29,19.7811108000,20.8301091000,19.2915782600,20.1707387400,15954030,320417328.1400,14.716000,1.969700
2020-06-01,20.0508532200,20.9300137000,19.7811108000,20.5503762200,13343285,272345335.5300,12.307900,1.882100
2020-06-02,20.0808246000,20.4504716200,19.9509486200,20.0908150600,8672500,175351152.5000,7.999500,-2.236300
2020-06-03,20.3205956400,20.4504716200,19.7211680400,19.9609390800,8731100,175935816.5900,8.053600,-0.646400
2020-06-04,19.8910058600,20.2306815000,19.6911966600,19.8910058600,4762100,95091604.5000,4.392600,-0.350300
2020-06-05,19.9609390800,20.0208818400,19.5013779200,19.6812062000,4315250,85245199.5000,3.980400,-1.054700
2020-06-08,19.7911012600,20.1008055200,19.4813970000,19.7411489600,4221050,83486410.5000,3.893500,0.304600
2020-06-09,19.6812062000,19.8610344800,19.3315401000,19.7011871200,3369987,66171650.8700,3.108500,-0.202400
2020-06-10,19.8310631000,19.8310631000,18.8819694000,18.9219312400,5299372,101552900.9400,4.888200,-3.955400
2020-06-11,18.9419121600,19.1617022800,18.6022365200,18.6022365200,3976842,75216330.5800,3.668300,-1.689500
2020-06-12,18.1826372000,18.8120361800,17.9328757000,18.7421029600,3722313,68845726.4200,3.433500,0.751900
2020-06-15,18.6621792800,18.9419121600,18.4224082400,18.4323987000,2817510,52653780.8300,2.598900,-1.652400
2020-06-16,18.7620838800,19.1217404400,18.6322079000,19.0118453800,3793011,71643734.4600,3.498700,3.143600
2020-06-17,19.0518072200,19.4414351600,18.8420075600,19.0617976800,3423035,65394794.6700,3.157400,0.262700
2020-06-18,18.8819694000,19.4414351600,18.7421029600,19.3715019400,4586019,87940929.6200,4.230200,1.624700
2020-06-19,19.2616068800,19.4314447000,19.1417213600,19.2216450400,3188266,61444306.1900,2.940900,-0.773600
2020-06-22,19.2915782600,19.4614160800,18.9818740000,19.0518072200,3021373,58082999.4700,2.786900,-0.883600
2020-06-23,18.9718835400,19.0518072200,18.6322079000,18.7620838800,2822920,53111179.9000,2.603900,-1.520700
2020-06-24,18.9818740000,20.1807292000,18.9119407800,19.7311585000,9162169,179797783.0400,8.451200,5.165100
2020-06-29,19.4813970000,19.5013779200,18.9519026200,18.9818740000,5438745,104190279.9800,5.016700,-3.797500
2020-06-30,18.9818740000,19.2316355000,18.9818740000,19.1317309000,3436609,65697637.3500,3.169900,0.789500
2020-07-01,19.1517118200,19.3315401000,18.7221220400,18.9419121600,3724295,70834504.3000,3.435300,-0.992200
2020-07-02,18.8420075600,19.1716927400,18.7321125000,19.0617976800,3356809,63915321.5900,3.096300,0.632900
2020-07-03,19.0617976800,19.4414351600,19.0518072200,19.4014733200,4470272,86360502.9400,4.123400,1.782000
2020-07-06,19.7611298800,20.2606528800,19.3814924000,20.2206910400,8715997,173974191.8800,8.039700,4.222400
2020-07-07,20.1807292000,20.6203094400,19.8210726400,20.2706433400,12434197,252093118.3200,11.469300,0.247000
2020-07-08,20.2506624200,20.6902426600,19.7811108000,20.6602712800,11300445,229120755.2200,10.423600,1.922100
2020-07-09,20.6302999000,21.6493268200,20.3905288600,21.5793936000,12608013,264799064.7100,11.629700,4.448700
2020-07-10,21.4295367000,21.4694985400,20.8700709400,20.9100327800,8914165,188520391.6700,8.222500,-3.101900
2020-07-13,20.8400995600,21.4095557800,20.7002331200,21.3296321000,7436637,157958827.9700,6.859600,2.006700
2020-07-14,21.2596988800,21.5294413000,20.4005193200,20.9400041600,7895426,166413092.7400,7.282800,-1.826700
2020-07-15,21.1797752000,21.2596988800,20.0908150600,20.1707387400,5809400,120022999.5300,5.358600,-3.673700
2020-07-16,20.3605574800,20.6502808200,19.2116545800,19.2715973400,5812751,115716544.3800,5.361700,-4.457600
2020-07-17,19.3814924000,19.5013779200,18.9519026200,19.1017595200,3862103,74314990.4100,3.562400,-0.881300
2020-07-20,19.2815878000,19.6512348200,19.2616068800,19.6512348200,3307246,64479049.1000,3.050600,2.876600
2020-07-21,19.6612252800,19.8110821800,19.3515210200,19.6812062000,3172558,62247891.2200,2.926400,0.152500
2020-07-22,19.7611298800,19.9509486200,19.5813016000,19.7111775800,3379036,66831975.6400,3.116800,0.152300
2020-07-23,19.6712157400,20.9400041600,19.5113683800,20.7801568000,9814236,199787887.2200,9.052700,5.423200
2020-07-24,20.6103189800,21.0498992200,19.8610344800,19.8710249400,7401960,152084065.8100,6.827600,-4.375000
2020-07-27,20.0808246000,20.6602712800,19.9909104600,20.3805384000,4578353,93279493.5500,4.223100,2.564100
2020-07-28,20.6203094400,21.3296321000,20.4804430000,20.6003285200,7126902,148706693.7200,6.573900,1.078400
2020-07-29,20.3605574800,20.8301091000,19.9509486200,20.6902426600,6182179,125963942.2000,5.702500,0.436500
2020-07-30,20.6602712800,20.7801568000,20.0608436800,20.1107959800,4865059,98974409.1100,4.487500,-2.800600
2020-07-31,20.0608436800,20.4005193200,19.7811108000,20.1807292000,3904552,78698286.8800,3.601600,0.347700
2020-08-03,20.3305861000,22.1988021200,20.2306815000,22.1988021200,16938593,365817550.8400,15.624200,10.000000
2020-08-04,22.2787258000,24.2868082600,21.6093649800,23.3477050200,26345192,609414946.5800,24.300900,5.175500
2020-08-05,23.3576954800,25.1959401200,23.3576954800,24.5765316000,21297316,515954454.7100,19.644700,5.263200
2020-08-06,24.4266747000,24.5665411400,22.5884300600,24.0270563000,20700266,483986095.1300,19.094000,-2.235800
2020-08-07,23.3477050200,23.3776764000,22.2387639600,22.9580770800,13445202,305795501.2000,12.401900,-4.449100
2020-08-10,22.8581724800,23.0779626000,22.3286781000,22.7882392600,6868747,156092173.6900,6.335800,-0.739800
2020-08-11,22.4585540800,23.7872852600,22.4585540800,23.1279149000,12169056,282506833.2700,11.224800,1.490600
2020-08-12,22.7982297200,22.8282011000,21.1797752000,21.8391455600,9392773,205762598.3200,8.663900,-5.572400
2020-08-13,21.4794890000,22.0789166000,21.3895748600,21.4794890000,5205230,113200716.7600,4.801300,-1.646800
2020-08-14,21.1897656600,22.0889070600,21.1897656600,22.0889070600,4828376,104892220.4500,4.453700,2.837200
2020-08-17,22.2787258000,23.4276287000,21.9590310800,23.0879530600,11208794,254404566.1100,10.339000,4.522800
2020-08-18,22.9480866200,22.9480866200,22.0589356800,22.3486590200,8715425,195342817.7700,8.039100,-3.202100
2020-08-19,21.9790120000,22.8881438600,21.3895748600,21.3895748600,7282810,159894892.5600,6.717700,-4.291500
2020-08-20,21.1797752000,21.3396225600,20.6602712800,21.1697847400,3874393,81643405.3700,3.573800,-1.027600
2020-08-21,21.1697847400,21.4495176200,20.5303953000,20.9699755400,4362301,91452150.6500,4.023800,-0.943800
2020-08-24,21.0798706000,21.3396225600,20.8800614000,21.0798706000,3427520,72576519.2900,3.161600,0.524100
2020-08-25,21.1797752000,21.1897656600,20.8101281800,21.0798706000,2969493,62462169.4900,2.739100,0.000000
2020-08-26,20.8101281800,20.9499946200,19.9709295400,20.0308723000,4401800,90044469.3700,4.060200,-4.976300
2020-08-27,19.9809200000,20.4404811600,19.4214542400,20.4404811600,3632391,73232049.7700,3.350500,2.044900
2020-08-28,20.2506624200,20.6402903600,19.9809200000,20.5503762200,2915693,59055668.3000,2.689400,0.537600
2020-08-31,20.5503762200,20.7102235800,20.4304907000,20.5403857600,2689138,55431581.5200,2.480500,-0.048600
2020-09-01,20.5903380600,20.6003285200,20.0009009200,20.5204048400,2820410,57206013.5700,2.601600,-0.097300
2020-09-02,20.5503762200,20.6802522000,20.2406719600,20.4904334600,2932840,60193622.0000,2.705300,-0.146100
2020-09-03,20.2606528800,20.4205002400,20.0608436800,20.2406719600,2537450,51377700.1200,2.340600,-1.218900
2020-09-04,19.7711203400,20.4005193200,19.7711203400,20.2007101200,2548750,51477256.5000,2.351000,-0.197400
2020-09-07,20.1807292000,20.3905288600,19.8110821800,19.8710249400,2891750,58411313.8700,2.667400,-1.632000
2020-09-08,19.8310631000,20.2506624200,19.6412443600,20.0908150600,2580068,51736266.9800,2.379900,1.106100
2020-09-09,20.8600804800,21.3496130200,20.3705479400,20.5004239200,8616476,179596614.6600,7.947900,2.038800
2020-09-10,20.2606528800,20.5303953000,19.1017595200,19.1317309000,5747198,113919422.9700,5.301200,-6.676400
2020-09-11,18.8819694000,19.4514256200,18.6222174400,19.1816832000,3182458,60471861.9100,2.935500,0.261100
2020-09-14,19.4314447000,20.4404811600,19.2016641200,20.3106051800,5421448,108313306.0600,5.000800,5.885400
2020-09-15,20.3305861000,20.7102235800,19.5912920600,20.1008055200,3725391,75248468.4400,3.436300,-1.033000
2020-09-16,20.3106051800,20.3205956400,19.4614160800,19.6112729800,3268678,64366841.5600,3.015000,-2.435400
2020-09-17,19.6112729800,19.6112729800,19.6112729800,19.6112729800,0,0.0000,,0.000000
2020-09-18,18.4823510000,18.9718835400,18.2225990400,18.8120361800,6472463,120261575.9100,5.970200,-4.075400
2020-09-21,18.5522842200,18.7421029600,18.2126085800,18.5422937600,4611056,85004139.6000,4.253300,-1.433900
2020-09-22,18.3424845600,18.3524750200,17.9328757000,17.9628470800,2978372,53981985.8800,2.747300,-3.125000
2020-09-23,18.0727421400,18.1526658200,17.8829234000,17.9428661600,1736019,31295819.9200,1.601300,-0.111200
2020-09-24,17.8629424800,17.8629424800,17.0836866000,17.1536198200,3094704,53814550.0800,2.854600,-4.398700
2020-09-25,17.1536198200,17.2834958000,16.7340205000,16.8139441800,2252259,38235574.8400,2.077500,-1.980200
2020-09-28,16.8139441800,17.0637056800,16.3843544000,16.8139441800,2001019,33719491.0600,1.845700,0.000000
2020-09-29,16.9138487800,17.1436293600,16.8239346400,17.0537152200,1658600,28288196.6800,1.239500,1.426000
2020-09-30,17.1336389000,17.1336389000,16.7839728000,16.8439155600,1586006,26890934.3600,1.185300,-1.230200
2020-10-09,17.0936770600,17.2934862600,17.0836866000,17.2435339600,1825662,31470960.0000,1.364400,2.372500
2020-10-12,17.3234576400,17.7230760400,17.2535244200,17.6331619000,2839650,49962060.5000,2.122200,2.259600
2020-10-13,17.6531428200,17.9628470800,17.4733145400,17.9428661600,2611590,46445771.6000,1.951700,1.756400
2020-10-14,17.9528566200,18.0127993800,17.6331619000,17.9528566200,1999104,35586277.2800,1.494000,0.055700
2020-10-15,17.8629424800,17.8629424800,17.4333527000,17.5632286800,2044350,35925214.6600,1.527800,-2.170300
2020-10-16,17.4533336200,17.5432477600,17.1436293600,17.4533336200,1464871,25402129.2600,1.094700,-0.625700
2020-10-19,17.4733145400,17.8229806400,17.3734099400,17.4633240800,1216738,21388278.7200,0.909300,0.057200
2020-10-20,17.4433431600,17.7630378800,16.9837820000,17.6431523600,1439850,25252617.0000,1.076000,1.029700
2020-10-21,17.6831142000,17.6831142000,17.2035721200,17.2535244200,1385650,24069890.0000,1.035500,-2.208400
2020-10-22,17.1636102800,17.4333527000,17.0137533800,17.2035721200,1032000,17772023.8400,0.771200,-0.289500
2020-10-23,17.2834958000,17.5532382200,16.9937724600,17.2335435000,1127118,19353128.6100,0.842300,0.174200
2020-10-26,17.0836866000,17.1336389000,16.8638964800,16.9438201600,1104757,18769500.6400,0.825600,-1.681200
2020-10-27,16.8838774000,17.1136579800,16.6141349800,16.9737915400,858950,14579505.0000,0.641900,0.176900
2020-10-28,16.9538106200,17.1935816600,16.6441063600,16.8339251000,1443353,24310601.8700,1.078700,-0.824000
2020-10-29,16.8339251000,16.8439155600,16.4842590000,16.6341159000,1574850,26217403.5000,1.176900,-1.186900
2020-10-30,16.6041445200,16.7140395800,15.9247932400,15.9247932400,2353150,38524922.5000,1.758600,-4.264300
2020-11-02,16.0346883000,16.1046215200,15.3952988600,15.4852130000,1790000,28027285.0000,1.337700,-2.760400
2020-11-03,15.4952034600,16.3643734800,14.9856900000,16.1345929000,2432551,38917997.1000,1.817900,4.193500
2020-11-04,16.1445833600,16.2644688800,15.9148027800,16.0246978400,1361358,21890849.4800,1.017400,-0.681100
2020-11-05,16.0846406000,16.4742685400,16.0646596800,16.4243162400,2721192,44490622.1400,2.033600,2.493800
2020-11-06,16.4243162400,16.6341159000,16.2844498000,16.5941540600,2603000,42837057.5000,1.945300,1.034100
2020-11-09,16.6341159000,17.6631332800,16.5941540600,17.2635148800,5115418,87283280.6900,3.822900,4.033700
2020-11-10,17.0237438400,17.0237438400,16.5442017600,16.8838774000,4000526,67113847.0600,2.989700,-2.199100
2020-11-11,16.8738869400,16.8738869400,16.3643734800,16.4343067000,1647500,27323047.0000,1.231200,-2.662700
2020-11-12,16.4442971600,17.1636102800,16.4343067000,16.8738869400,3192200,54029028.0000,2.385600,2.674800
2020-11-13,16.7839728000,16.9538106200,16.5442017600,16.7939632600,1460500,24405335.0000,1.091500,-0.473700
2020-11-16,16.7540014200,16.8938678600,16.6441063600,16.7639918800,1364300,22931667.0000,1.019600,-0.178500
2020-11-17,16.7639918800,16.7739823400,16.4842590000,16.6441063600,1094400,18170180.5000,0.817900,-0.715100
2020-11-18,16.6840682000,16.8838774000,16.4942494600,16.5342113000,1941800,32409915.0000,1.451200,-0.660300
2020-11-19,16.5641826800,16.8339251000,16.4343067000,16.6840682000,1563000,26078222.5000,1.168100,0.906300
2020-11-20,16.8039537200,16.8039537200,16.1845452000,16.2844498000,2839168,46513291.7800,2.121800,-2.395200
2020-11-23,16.2844498000,16.2844498000,16.0246978400,16.2245070400,1606768,25961718.9000,1.200800,-0.368100
2020-11-24,16.1745547400,16.2844498000,16.1146119800,16.1445833600,1047650,16983002.5000,0.782900,-0.492600
2020-11-25,16.1445833600,16.4343067000,16.0646596800,16.1645642800,1750668,28421264.4400,1.308300,0.123800
2020-11-26,16.0946310600,16.2444879600,16.0246978400,16.0546692200,1116714,17996710.4800,0.834600,-0.679900
2020-11-27,16.1445833600,16.1845452000,15.7849268000,16.0346883000,1126800,18007208.0000,0.842100,-0.124500
2020-11-30,16.0346883000,16.2045261200,15.8948218600,16.0446787600,920600,14811050.0000,0.688000,0.062300
2020-12-01,16.0346883000,16.1146119800,15.6850222000,16.0147073800,1364150,21857740.5000,1.019500,-0.186800
2020-12-02,16.0846406000,16.4043353200,15.9847360000,16.0846406000,3677628,59364140.5800,2.748400,0.436700
2020-12-03,15.5951080600,15.8148981800,15.0855946000,15.4352607000,4673528,71968370.1400,3.492700,-4.037300
2020-12-04,15.3553370200,15.6750317400,15.2854038000,15.4852130000,1901884,29479669.1200,1.421300,0.323600
2020-12-07,15.5351653000,15.7050031200,15.1954896600,15.5251748400,2482684,38298268.6400,1.855400,0.258100
2020-12-08,15.5251748400,15.5251748400,15.3053847200,15.3053847200,1235903,19012109.2300,0.923600,-1.415700
2020-12-09,15.5251748400,15.5251748400,14.9257472400,15.0156613800,1712100,26037359.0000,1.279500,-1.893000
2020-12-10,15.2454419600,15.2854038000,14.7758903400,14.7758903400,2075501,31107271.8000,1.551100,-1.596800
2020-12-11,14.9557186200,14.9557186200,13.8867394000,14.1564818200,3844301,54574949.3900,2.873000,-4.192000
2020-12-14,14.0665676800,14.1065295200,13.6469683600,13.8867394000,2287401,31665500.8600,1.709400,-1.905400
2020-12-15,13.9366917000,13.9366917000,13.4171877800,13.4871210000,2690302,36633814.9700,2.010500,-2.877700
2020-12-16,13.4871210000,13.5770351400,13.1174739800,13.3772259400,2199326,29478718.8100,1.643600,-0.814800
2020-12-17,13.4171877800,13.9766535400,13.0875026000,13.5670446800,2852321,38554049.5700,2.131600,1.419000
2020-12-18,13.5370733000,13.5870256000,13.2373595000,13.2473499600,2152835,28850603.3000,1.608900,-2.356400
2020-12-21,13.3272736400,13.5770351400,13.1674262800,13.4171877800,1839403,24744515.0700,1.374600,1.282100
2020-12-22,13.3672354800,13.4671400800,13.0875026000,13.1174739800,2139843,28331528.4500,1.599200,-2.233800
2020-12-23,13.1474453600,13.2273690400,12.7877888000,12.9376457000,2159250,27995582.6400,1.613700,-1.370900
2020-12-24,13.0375503000,13.0375503000,12.3082467200,12.4081513200,2485695,31248673.3600,1.857600,-4.092700
2020-12-25,12.4980654600,12.8477315600,12.3382181000,12.6179509800,2059555,26048288.6700,1.539200,1.690800
2020-12-28,12.5879796000,12.7678078800,12.1983516600,12.4980654600,2596770,32480294.8300,1.940600,-0.950100
2020-12-29,12.6179509800,13.1374549000,12.4980654600,12.9276552400,3182559,41091692.6500,2.378400,3.437300
2020-12-30,12.9176647800,12.9676170800,12.6878842000,12.7478269600,2006850,25704029.5000,1.499800,-1.391000
2020-12-31,12.8677124800,13.3472545600,12.7478269600,13.0775121400,2840450,37027866.0000,2.122800,2.586200
2021-01-04,12.9776075400,13.3072927200,12.9276552400,13.2573404200,2730561,35978663.2000,2.040600,1.375100
2021-01-05,13.1774167400,13.7468729600,13.0875026000,13.3172831800,4186241,55887243.6000,3.128500,0.452100
2021-01-06,13.2873118000,13.2873118000,12.7877888000,12.8277506400,2931750,37952092.5000,2.191000,-3.675900
2021-01-07,12.6878842000,12.8177601800,12.1384089000,12.3382181000,2673860,33219929.1000,1.998300,-3.816200
2021-01-08,12.2582944200,12.7877888000,12.1384089000,12.4980654600,2333608,29317218.4200,1.744000,1.295500
2021-01-11,12.4281322400,12.6878842000,12.0285138400,12.0784661400,2510550,30900449.0000,1.876200,-3.357300
2021-01-12,12.0884566000,12.4181417800,11.9086283200,12.1883612000,1687758,20609830.0800,1.261300,0.909800
2021-01-13,12.1783707400,12.1783707400,11.6988286600,11.7487809600,2135450,25396817.0000,1.595900,-3.606600
2021-01-14,11.7487809600,12.0684756800,11.4990194600,11.8886474000,2564688,30359510.4400,1.916700,1.190500
2021-01-15,11.8686664800,12.5879796000,11.8686664800,12.3082467200,3512900,43352800.8200,2.625300,3.529400
2021-01-18,12.3182371800,12.5879796000,12.2882658000,12.4780845400,2312500,28811572.0000,1.728200,1.379900
2021-01-19,12.3981608600,12.9576266200,12.3981608600,12.7877888000,3233750,41137456.0000,2.416700,2.482000
2021-01-20,12.7977792600,12.8876934000,12.5779891400,12.6978746600,1745050,22215379.0000,1.304100,-0.703100
2021-01-21,12.6479223600,12.9276552400,12.6179509800,12.6479223600,2126750,27183434.0000,1.589400,-0.393400
2021-01-22,12.6379319000,12.7678078800,12.3182371800,12.3482085600,1820050,22670079.5000,1.360200,-2.369700
2021-01-25,12.3482085600,12.3482085600,11.8287046400,11.8386951000,2259300,27155473.0000,1.688400,-4.126200
2021-01-26,12.0085329200,12.2582944200,11.7987332600,11.9585806200,1712645,20531352.9500,1.279900,1.012700
2021-01-27,11.9885520000,12.0984470600,11.6888382000,11.7387905000,1554200,18458426.5000,1.161500,-1.837900
2021-01-28,11.5889336000,11.9385997000,11.4890290000,11.6888382000,1274450,15012030.5000,0.952400,-0.425500
2021-01-29,11.6888382000,11.8187141800,11.2392675000,11.3491625600,1710050,19561580.5000,1.278000,-2.906000
2021-02-01,11.3391721000,11.5589622200,11.1093915200,11.1993056600,1191850,13439948.0000,0.890700,-1.320400
2021-02-02,11.1893152000,11.3791339400,10.8896014000,11.0994010600,1333600,14829209.5000,0.996600,-0.892100
2021-02-03,11.1893152000,11.1893152000,10.6498303600,10.6698112800,1533200,16659538.0000,1.145800,-3.870400
2021-02-04,10.6698112800,10.8096777200,10.2102501200,10.3800879400,1903630,19906913.2200,1.422600,-2.715400
2021-02-05,10.4200497800,10.8296586400,10.1203359800,10.1303264400,1648480,17279568.9000,1.232000,-2.406200
2021-02-08,10.1802787400,10.5699066800,10.0603932200,10.1702882800,2144721,22053104.0400,1.602800,0.394500
2021-02-09,10.2602024200,10.3700974800,10.0903646000,10.2801833400,1633653,16685085.8000,1.220900,1.080600
2021-02-10,10.2602024200,10.5399353000,10.2402215000,10.3501165600,1232050,12759045.0000,0.920800,0.680300
2021-02-18,10.4500211600,10.9295632400,10.4500211600,10.8096777200,2322105,25014590.3500,1.735400,4.440200
2021-02-19,10.6997826600,11.3291816400,10.6997826600,11.3191911800,2699200,30092717.0500,2.017200,4.713500
2021-02-22,11.3491625600,12.0984470600,11.3491625600,11.6089145200,3831511,45014510.9700,2.863400,2.559600
2021-02-23,11.7687618800,11.8287046400,11.3291816400,11.6488763600,2267600,26227697.0000,1.694600,0.344200
2021-02-24,11.6089145200,11.8287046400,11.4890290000,11.7587714200,1886976,22162451.3700,1.410200,0.943400
2021-02-25,11.9385997000,11.9885520000,11.4890290000,11.4990194600,1616750,18761564.5000,1.208200,-2.209000
2021-02-26,11.3191911800,12.0784661400,11.3191911800,11.7887428000,2631000,31084219.5000,1.966200,2.519500
2021-03-01,11.7987332600,11.9785615400,11.7787523400,11.8287046400,2071755,24593017.5500,1.548300,0.339000
2021-03-02,11.8486855600,11.9485901600,11.5389813000,11.7088191200,1623000,19011787.4500,1.212900,-1.013500
2021-03-03,11.7787523400,11.8686664800,11.6189049800,11.7487809600,1480845,17364652.2000,1.106700,0.341300
2021-03-04,11.6788477400,11.8386951000,11.5389813000,11.5989240600,1900106,22216510.3000,1.420000,-1.275500
2021-03-05,11.6189049800,12.3382181000,11.6089145200,12.0085329200,4023759,48276521.9800,3.007100,3.531400
2021-03-08,12.0584852200,12.2582944200,11.7787523400,11.9086283200,2635288,31665700.0000,1.969400,-0.831900
2021-03-09,11.9785615400,11.9885520000,10.7197635800,11.4790385400,2450050,28397540.0000,1.831000,-3.607400
2021-03-10,11.5789431400,11.6388859000,10.9895060000,11.0994010600,1807806,20264445.7800,1.351000,-3.307200
2021-03-11,11.0094869200,11.2592484200,10.8995918600,11.1893152000,1565350,17401458.5000,1.169800,0.810100
2021-03-12,11.2292770400,11.2292770400,10.9895060000,11.1993056600,1580050,17520694.0000,1.180800,0.089300
2021-03-15,11.0794201400,11.0794201400,10.6598208200,10.7996872600,3511801,38112667.2900,2.624500,-3.568200
2021-03-16,10.7697158800,11.1493533600,10.7597254200,11.0694296800,3035151,33301413.9900,2.268300,2.497700
2021-03-17,11.2392675000,11.3291816400,11.1093915200,11.2392675000,2535550,28496197.5000,1.894900,1.534300
2021-03-18,11.3391721000,11.5090099200,11.1693342800,11.1693342800,2176300,24538751.5000,1.626400,-0.622200
2021-03-19,11.0694296800,11.3391721000,11.0194773800,11.1793247400,1908123,21382689.6800,1.426000,0.089400
2021-03-22,11.2792293400,11.5989240600,11.2092961200,11.4690480800,2963250,33913258.5000,2.214500,2.591600
2021-03-23,11.4990194600,11.5589622200,11.2292770400,11.3691434800,2330400,26532759.5000,1.741600,-0.871100
2021-03-24,11.4490671600,11.6788477400,11.0394583000,11.5689526800,3027812,34331938.0600,2.262800,1.757500
2021-03-25,11.5989240600,11.5989240600,10.9895060000,11.0894106000,3896156,43639339.8000,2.911700,-4.145100
2021-03-26,11.1093915200,11.1493533600,10.9295632400,11.0394583000,2079610,22952187.5000,1.554200,-0.450500
2021-03-29,11.0094869200,11.0494487600,10.8296586400,10.8796109400,1555650,17020680.5000,1.162600,-1.448000
2021-03-30,10.8796109400,10.8796109400,10.4899830000,10.4999734600,2199969,23291199.2600,1.644100,-3.489400
2021-03-31,10.4600116200,10.6298494400,10.4400307000,10.5399353000,1527900,16086360.5000,1.141800,0.380600
2021-04-01,10.5199543800,10.7397445000,10.5199543800,10.5998780600,1830060,19475147.9400,1.367700,0.568700
2021-04-02,10.5898876000,10.9195727800,10.5499257600,10.7996872600,1944176,20897416.4600,1.452900,1.885000
2021-04-06,10.8696204800,11.1193819800,10.8096777200,11.0494487600,2230350,24542686.5000,1.666800,2.312700
2021-04-07,10.9994964600,11.1193819800,10.9895060000,11.0294678400,1574150,17392613.0000,1.176400,-0.180800
2021-04-08,11.0994010600,11.0994010600,10.8896014000,10.9695250800,1729940,19037172.9400,1.292800,-0.543500
2021-04-09,10.9595346200,11.0194773800,10.7896968000,10.9895060000,1864354,20334988.5800,1.393300,0.182100
2021-04-12,10.9495441600,10.9495441600,10.6398399000,10.8696204800,1500900,16217973.0000,1.121700,-1.090900
2021-04-13,10.8096777200,10.8096777200,10.4300402400,10.4400307000,2122250,22388440.5000,1.586000,-3.952200
2021-04-14,10.4999734600,10.5699066800,10.3301356400,10.5299448400,1780800,18695205.0000,1.330800,0.861200
2021-04-15,10.3900784000,10.5998780600,10.3900784000,10.4899830000,1984350,20885615.5000,1.483000,-0.379500
2021-04-16,10.4899830000,10.9195727800,10.4899830000,10.8995918600,3156850,33981778.8000,2.359200,3.904800
2021-04-19,10.8995918600,11.1493533600,10.8995918600,11.0994010600,3285282,36418312.2500,2.455200,1.833200
2021-04-20,11.1493533600,11.2292770400,11.0194773800,11.0194773800,2033232,22598786.6000,1.519500,-0.720100
2021-04-21,11.0294678400,11.1593438200,10.8995918600,10.9195727800,1569654,17271882.6600,1.173100,-0.906600
2021-04-22,10.9295632400,11.3191911800,10.9195727800,11.1393629000,2789850,31120578.5000,2.084900,2.012800
2021-04-23,11.0894106000,11.0994010600,10.7896968000,10.8896014000,1894250,20636749.5000,1.415600,-2.242200
2021-04-26,10.9095823200,11.0694296800,10.7397445000,10.9195727800,1397819,15287918.6700,1.044600,0.275200
2021-04-27,10.9195727800,10.9195727800,10.5898876000,10.7597254200,1845800,19777126.5000,1.379400,-1.463900
2021-04-28,10.6997826600,10.8196681800,10.4700020800,10.4899830000,1892951,19995715.0100,1.414700,-2.507000
2021-04-29,10.5299448400,10.6498303600,10.4600116200,10.4600116200,1794187,18930662.0500,1.340900,-0.285700
2021-04-30,10.5299448400,10.5798971400,10.1403169000,10.2202405800,2344700,24133068.5000,1.752300,-2.292300
2021-05-06,10.2202405800,10.3501165600,10.1602978200,10.2402215000,1268961,12998845.7300,0.948300,0.195500
2021-05-07,10.2402215000,10.3700974800,10.1802787400,10.2202405800,1541800,15840759.5000,1.152200,-0.195100
2021-05-10,10.2202405800,10.3800879400,10.1802787400,10.2801833400,1751100,18044762.0000,1.308700,0.586500
2021-05-11,10.2901738000,10.4600116200,10.2701928800,10.4100593200,1812301,18814669.4100,1.354400,1.263400
2021-05-12,10.4400307000,10.4899830000,10.3001642600,10.4500211600,1484900,15456977.0000,1.109700,0.383900
2021-05-13,10.3601070200,10.5499257600,10.1702882800,10.3601070200,2266400,23622992.5000,1.693800,-0.860400
2021-05-14,10.3401261000,10.5399353000,10.3401261000,10.5099639200,2722171,28523498.8700,2.034400,1.446500
2021-05-17,10.5099639200,10.5898876000,10.2402215000,10.3401261000,2441021,25301497.7700,1.824300,-1.616000
2021-05-18,10.3401261000,10.3601070200,10.2102501200,10.3401261000,1603200,16558982.5000,1.198100,0.000000
2021-05-19,10.3401261000,10.4700020800,10.2801833400,10.3601070200,2062132,21415982.2000,1.541100,0.193200
2021-05-20,10.4300402400,10.4300402400,10.1902692000,10.2002596600,2169400,22267039.0000,1.621300,-1.542900
2021-05-21,10.2102501200,10.5898876000,10.0903646000,10.3401261000,2493250,25888899.5000,1.863300,1.371200
2021-05-24,10.3700974800,10.5798971400,10.3601070200,10.5499257600,2742171,28723920.3600,2.049300,2.029000
2021-05-25,10.5499257600,10.6298494400,10.4899830000,10.5699066800,2434000,25742291.0000,1.819000,0.189400
2021-05-26,10.6498303600,10.8796109400,10.5399353000,10.7297540400,3367632,36199131.2200,2.516700,1.512300
2021-05-27,10.6798017400,11.1493533600,10.6598208200,11.0994010600,5262142,57801674.0800,3.932600,3.445100
2021-05-28,11.0494487600,11.6688572800,10.9495441600,11.1693342800,8648754,97505101.1700,6.463500,0.630100
2021-05-31,11.0394583000,11.4690480800,11.0394583000,11.4290862400,6691406,76087162.9000,5.000700,2.325600
2021-06-01,11.3191911800,11.3791339400,11.0694296800,11.2292770400,4784606,53785470.7000,3.575700,-1.748300
2021-06-02,11.1793247400,11.4790385400,11.1093915200,11.2592484200,3631260,41007935.8000,2.713800,0.266900
2021-06-03,11.1693342800,11.4990194600,11.1293724400,11.1693342800,5422174,61475578.2900,4.052200,-0.798600
2021-06-04,11.0794201400,12.2882658000,11.0194773800,12.2882658000,10970564,129216711.6600,8.198700,10.017900
2021-06-07,12.8876934000,13.5170923800,12.4880750000,12.5480177600,23676050,307067797.5900,17.693900,2.113800
2021-06-08,12.1483993600,13.8068157200,12.1483993600,13.8068157200,23134049,303879974.7700,17.288800,10.031800
2021-06-09,13.5370733000,14.6360239000,13.2673308800,14.0465867600,27615096,385566648.5900,20.637600,1.736600
2021-06-10,13.5970160600,14.0166153800,13.2773213400,13.8068157200,15769282,216877489.5100,11.784900,-1.707000
2021-06-11,13.7668538800,13.7668538800,12.7877888000,13.0175693800,15374344,202895787.8100,11.489700,-5.716400
2021-06-15,13.0175693800,13.3072927200,12.7877888000,13.1874072000,9381712,123006299.9600,7.011300,1.304700
2021-06-16,13.0175693800,13.7668538800,12.8477315600,13.5770351400,12374656,166620506.9200,9.248000,2.954500
2021-06-17,13.4071973200,14.3562910200,13.1074835200,13.6469683600,12790874,174361179.2200,9.559000,0.515100
2021-06-18,13.6369779000,13.6369779000,13.0275598400,13.1374549000,8915532,117850691.4500,6.662900,-3.733500
2021-06-21,13.0375503000,13.4371687000,12.7078651200,13.4071973200,7813197,103034765.5200,5.839100,2.053200
2021-06-22,13.3372641000,13.5870256000,13.0075789200,13.1074835200,6450840,85051555.9000,4.820900,-2.235500
2021-06-23,13.0075789200,13.5870256000,12.8277506400,13.5170923800,9854568,131510303.2800,7.364600,3.125000
2021-06-24,13.6269874400,13.8367871000,13.1874072000,13.1874072000,8064408,108978243.8000,6.026800,-2.439000
2021-06-25,13.2673308800,13.4371687000,12.7977792600,12.9676170800,6072250,79039100.7000,4.538000,-1.666700
2021-06-28,12.8876934000,12.9776075400,12.0884566000,12.7678078800,7262850,91605441.5000,5.427800,-1.540800
2021-06-29,12.6279414400,12.7278460400,12.2882658000,12.3482085600,4879950,60739907.5000,3.646900,-3.286400
2021-06-30,12.3581990200,12.9276552400,12.3581990200,12.6778937400,5816750,74062988.5000,4.347000,2.669900
2021-07-01,12.5679986800,12.8677124800,11.9885520000,12.0884566000,5158179,63935002.2900,3.854900,-4.649300
2021-07-02,12.0085329200,12.3282276400,11.9385997000,12.1384089000,2909700,35450314.0000,2.174500,0.413200
2021-07-05,12.1384089000,12.6579128200,12.0984470600,12.6279414400,4651129,58053081.6600,3.475900,4.032900
2021-07-06,12.6279414400,12.7777983400,12.4181417800,12.6579128200,3641365,45954810.0300,2.721300,0.237300
2021-07-07,12.5580082200,13.2873118000,12.2483039600,12.9276552400,7647262,97542524.9800,5.715000,2.131000
2021-07-08,13.0675216800,13.1174739800,12.6179509800,12.6279414400,5026950,64144160.5000,3.756800,-2.318400
2021-07-09,12.4880750000,12.7578174200,12.2483039600,12.2982562600,4425400,55077048.0000,3.307200,-2.610800
2021-07-12,12.3581990200,13.5270828400,12.3581990200,13.5270828400,9396038,123996169.7800,7.022000,9.991900
2021-07-13,13.5270828400,14.2463959600,13.1973976600,13.9366917000,18753870,256047853.6600,14.015400,3.028100
2021-07-14,13.6969206600,13.9666630800,13.3872164000,13.4371687000,9670650,131950968.0000,7.227200,-3.584200
2021-07-15,13.6469683600,14.4362147000,13.1874072000,14.1664722800,16704250,231624609.4400,12.483600,5.427500
2021-07-16,14.0266058400,14.6659952800,13.7968252600,13.7968252600,11789418,166124590.3400,8.810600,-2.609300
2021-07-19,13.6070065200,14.2064341200,13.2673308800,13.8667584800,9023050,123604226.5100,6.743200,0.506900
2021-07-20,13.8567680200,13.9766535400,13.5170923800,13.6269874400,5922499,81091878.2800,4.426100,-1.729100
2021-07-21,13.6969206600,14.0166153800,13.5970160600,13.9067203200,7833400,108601652.8700,5.854100,2.052800
2021-07-22,13.9067203200,13.9067203200,13.3372641000,13.3672354800,10261262,138879283.9000,7.668600,-3.879300
2021-07-23,13.3672354800,13.5270828400,13.0974930600,13.1874072000,7951700,105613597.0000,5.942600,-1.345300
2021-07-26,12.9875980000,13.3772259400,12.6679032800,12.8876934000,5664400,73991464.5000,4.233200,-2.272700
2021-07-27,12.8876934000,14.1764627400,12.8377411000,14.1764627400,13754919,190042351.5500,10.279500,10.000000
2021-07-28,14.7359285000,15.5951080600,14.5960620600,15.5951080600,9761707,149979458.5900,7.295200,10.007000
2021-07-29,17.1536198200,17.1536198200,16.2644688800,16.7839728000,54468187,923766315.9900,40.705800,7.623300
2021-07-30,15.1155659800,15.8648504800,15.1055755200,15.1055755200,40515718,623865840.6900,30.278700,-10.000000
2021-08-02,14.3562910200,15.2953942600,14.3562910200,15.2854038000,27110793,404397898.9400,20.260800,1.190500
2021-08-03,15.0256518400,15.1055755200,14.0765581400,14.6560048200,19596944,288206062.2200,14.645400,-4.117600
2021-08-04,14.2963482600,14.8857854000,14.2863578000,14.8757949400,14430117,212281733.1200,10.784100,1.499700
2021-08-05,14.8458235600,14.8458235600,14.3163291800,14.5660906800,10915456,158832294.2800,8.157500,-2.081900
2021-08-06,14.5261288400,14.8358331000,14.0765581400,14.7059571200,15000132,218487045.9400,11.210100,0.960200
2021-08-09,14.5061479200,14.8658044800,14.3363101000,14.6560048200,9549499,139284687.2500,7.136600,-0.339700
2021-08-10,14.6560048200,14.8358331000,14.4262242400,14.6160429800,9850906,144106571.7800,7.361900,-0.272700
2021-08-11,14.6260334400,14.7259380400,14.1464913600,14.4661860800,9728250,139779694.0000,7.270200,-1.025300
2021-08-12,14.3463005600,14.6959666600,14.2963482600,14.3662814800,9071700,131783550.0000,6.779600,-0.690600
2021-08-13,14.2064341200,14.3463005600,13.7968252600,13.9666630800,10722450,150851961.5000,8.013200,-2.781600
2021-08-16,13.8168061800,14.1664722800,13.7368825000,13.9566726200,6120872,85761236.7600,4.574300,-0.071500
2021-08-17,13.8667584800,13.9566726200,13.0974930600,13.1874072000,8296200,112147783.5000,6.200000,-5.511800
2021-08-18,13.1074835200,13.5370733000,13.0375503000,13.5270828400,6978900,92647843.5000,5.215600,2.575800
2021-08-19,13.3872164000,13.8567680200,13.3372641000,13.5870256000,6449900,88093821.0000,4.820200,0.443100
2021-08-20,13.5370733000,13.8367871000,13.3372641000,13.6869302000,5917256,80914522.2800,4.422200,0.735300
2021-08-23,13.6769397400,13.9766535400,13.5570542200,13.9666630800,5477556,75881125.7200,4.093600,2.043800
2021-08-24,13.9666630800,14.0765581400,13.5970160600,13.8367871000,6457400,89215961.0000,4.882700,-0.929900
2021-08-25,13.7668538800,13.7668538800,13.3672354800,13.4571496200,6565901,88627948.4300,4.964800,-2.743700
2021-08-26,13.5270828400,13.5670446800,13.1274644400,13.1474453600,4972551,66138455.9900,3.760000,-2.301400
2021-08-27,13.1474453600,13.3772259400,12.8876934000,13.3672354800,5934000,78314728.4700,4.487000,1.671700
2021-08-30,13.2373595000,13.3572450200,12.8477315600,12.8876934000,5543800,72629801.5000,4.191900,-3.587400
2021-08-31,12.8277506400,13.0575312200,12.5180463800,12.6778937400,4660655,59272191.1500,3.524100,-1.627900
2021-09-01,12.6778937400,12.8277506400,12.5180463800,12.7178555800,3693400,46899292.0000,2.792800,0.315200
2021-09-02,12.6079605200,12.8577220200,12.6079605200,12.7977792600,3843700,49088017.0000,2.906400,0.628400
2021-09-03,12.7578174200,13.2373595000,12.7478269600,13.0675216800,5406250,70583784.5000,4.087900,2.107700
2021-09-06,13.0475407600,13.9267012400,13.0175693800,13.8068157200,10396834,141237279.1300,7.861500,5.657500
2021-09-07,13.8867394000,14.0166153800,13.6669492800,13.7868348000,8219999,113830900.9400,6.215500,-0.144700
2021-09-08,13.7768443400,13.8567680200,13.6869302000,13.8168061800,4950038,68222533.1200,3.743000,0.217400
2021-09-09,13.7468729600,13.8068157200,13.5570542200,13.5970160600,3954100,54104847.0000,2.989900,-1.590700
2021-09-10,13.6369779000,13.7268920400,13.4571496200,13.4771305400,3506923,47563236.7600,2.651700,-0.881700
2021-09-13,13.4071973200,13.4971114600,13.2973022600,13.3472545600,3196500,42757231.0000,2.417000,-0.963700
2021-09-14,13.4071973200,14.5361193000,13.3672354800,14.0965390600,14845853,209031773.9500,11.225600,5.613800
2021-09-15,13.8967298600,13.9566726200,13.6869302000,13.7968252600,7033667,97221162.0300,5.318500,-2.126200
2021-09-16,13.7968252600,14.0865486000,13.5071019200,13.6969206600,6444764,89016317.6000,4.873200,-0.724100
2021-09-17,13.6269874400,14.3363101000,13.5270828400,13.8467775600,6318100,87549449.5000,4.777400,1.094100
2021-09-22,13.5470637600,13.8367871000,13.3872164000,13.6569588200,4135550,56485771.5000,3.127100,-1.370900
2021-09-23,13.6569588200,13.9866440000,13.6269874400,13.6769397400,6473243,89506777.0500,4.894700,0.146300
2021-09-24,13.6070065200,13.6769397400,12.8477315600,12.9476361600,8257576,108456624.7000,6.243900,-5.332400
2021-09-27,13.1674262800,13.3472545600,12.6978746600,12.8277506400,4503422,58553646.3800,3.405200,-0.925900
2021-09-28,12.7478269600,12.9576266200,12.5480177600,12.8377411000,2535124,32447262.1000,1.916900,0.077900
2021-09-29,12.7078651200,12.9776075400,12.3881704000,12.4081513200,2831098,35960493.0200,2.140700,-3.346300
2021-09-30,12.5380273000,12.7877888000,12.4680940800,12.6179509800,2983364,37595827.6300,2.255900,1.690800
2021-10-08,12.6579128200,13.2073881200,12.6579128200,13.1874072000,4922850,64261279.8600,3.722400,4.513100
2021-10-11,13.1074835200,13.6369779000,12.9676170800,13.5770351400,6992150,93736518.0000,5.287100,2.954500
2021-10-12,13.4871210000,13.6369779000,13.3472545600,13.5270828400,4106700,55495404.5000,3.105300,-0.367900
2021-10-13,13.4871210000,13.7668538800,13.3772259400,13.6869302000,5299124,72287010.3000,4.006900,1.181700
2021-10-14,13.5870256000,14.0066249200,13.5670446800,13.9267012400,6066424,83933808.5400,4.587100,1.751800
2021-10-15,13.9666630800,14.3363101000,13.8367871000,13.8767489400,8271650,116243504.0000,6.254600,-0.358700
2021-10-18,13.8367871000,14.0665676800,13.8168061800,14.0166153800,5532060,77225886.0000,4.183000,1.007900
2021-10-19,14.0266058400,14.1764627400,13.9267012400,14.0266058400,4141950,58095809.0000,3.131900,0.071300
2021-10-20,14.0665676800,14.2264150400,13.8867394000,13.9866440000,4909700,69211927.0000,3.712500,-0.284900
2021-10-21,13.9866440000,14.0965390600,13.7468729600,13.8068157200,5021200,69888379.0000,3.796800,-1.285700
2021-10-22,13.9466821600,13.9466821600,13.3272736400,13.7568634200,4476450,60733773.0000,3.384900,-0.361800
2021-10-25,13.5670446800,13.6169969800,13.0175693800,13.0475407600,5405632,71085136.9400,4.087400,-5.156100
2021-10-26,13.1874072000,13.4871210000,12.9476361600,13.1374549000,4729550,62589829.5000,3.576200,0.689100
2021-10-27,13.1973976600,13.2673308800,13.0175693800,13.1674262800,3412800,44919322.5000,2.580600,0.228100
2021-10-28,13.1474453600,13.3272736400,12.5879796000,13.0475407600,5682400,73640935.0000,4.296700,-0.910500
2021-10-29,13.0475407600,13.1874072000,12.9276552400,13.0875026000,4866868,63664922.7600,3.680100,0.306300
2021-11-01,13.0675216800,14.0365963000,12.9376457000,13.9466821600,9145371,125547182.9600,6.915200,6.564900
2021-11-02,13.8767489400,14.5061479200,13.8767489400,14.1165199800,10785181,153353097.5900,8.155200,1.217800
2021-11-03,14.1065295200,14.4262242400,14.0166153800,14.1864532000,6247250,88837324.6900,4.723800,0.495400
2021-11-04,14.1664722800,14.5161383800,13.5770351400,14.0865486000,16442468,229836894.0600,12.432900,-0.704200
2021-11-05,13.9966344600,14.5461097600,13.8467775600,14.4462051600,14089598,203136853.2800,10.653800,2.553200
2021-11-08,14.4561956200,14.5461097600,14.1864532000,14.4062433200,7405236,106446134.6800,5.599400,-0.276600
2021-11-09,14.5061479200,14.5061479200,14.1464913600,14.2364055000,6085924,87051705.6000,4.601800,-1.178900
2021-11-10,14.0965390600,14.4262242400,14.0665676800,14.2663768800,5337705,76197053.4000,4.036100,0.210500
2021-11-11,14.2663768800,15.1755087400,14.2663768800,14.9756995400,13238688,197392934.2600,10.010400,4.972000
2021-11-12,14.9057663200,15.0056709200,14.6859762000,14.7958712600,7723733,114800173.2100,5.840300,-1.200800
2021-11-15,14.8358331000,15.0456327600,14.6360239000,14.8658044800,7323271,108911740.8000,5.537500,0.472700
2021-11-16,14.7858808000,15.3653274800,14.5061479200,14.6560048200,7801750,115825263.2400,5.899300,-1.411300
2021-11-17,14.4961574600,15.2854038000,14.4961574600,15.1655182800,8348132,125333847.0800,6.312400,3.476500
2021-11-18,15.2754133400,15.3253656400,14.7359285000,14.7858808000,6441950,96530693.5000,4.871100,-2.503300
2021-11-19,14.7459189600,14.9457281600,14.4661860800,14.7559094200,5936000,87258674.0000,4.488500,-0.202700
2021-11-22,14.7559094200,14.8358331000,14.4961574600,14.6160429800,5204350,76159952.5000,3.935300,-0.947900
2021-11-23,14.6260334400,15.2554324200,14.5461097600,14.7059571200,6030550,89266484.0000,4.560000,0.615200
2021-11-24,14.6460143600,16.1745547400,14.5261288400,16.1745547400,10821660,169227666.5900,8.182800,9.986400
2021-11-25,15.9847360000,16.1445833600,15.2654228800,15.3353561000,21700018,337958168.7600,16.408400,-5.188400
2021-11-26,15.0456327600,15.2354515000,14.0665676800,14.1864532000,22737354,328200705.3400,17.192800,-7.491900
2021-11-29,13.9866440000,14.2164245800,13.7968252600,14.0865486000,10528360,147811032.0000,7.961000,-0.704200
2021-11-30,14.2264150400,14.6560048200,14.1365009000,14.2463959600,10290157,147797432.1800,7.780900,1.134800
2021-12-01,13.9866440000,15.6750317400,13.9866440000,15.6750317400,16420726,252108490.5800,12.416500,10.028100
2021-12-02,16.3943448600,16.6041445200,15.7050031200,16.0147073800,31972422,513693510.6700,24.175800,2.167000
2021-12-03,16.0147073800,16.0846406000,15.4652320800,15.8348791000,14645168,230500317.1000,11.073900,-1.122900
2021-12-06,15.8948218600,16.3344021000,15.5851176000,15.8948218600,14829565,236012542.6500,11.213300,0.378500
2021-12-07,15.9547646200,16.0346883000,15.0556232200,15.2354515000,11510247,177211148.2400,8.703400,-4.148300
2021-12-08,15.4152797800,15.9347837000,15.1155659800,15.4652320800,9847203,152794479.0000,7.445900,1.508200
2021-12-09,15.4352607000,15.9247932400,15.2454419600,15.4052893200,8824000,137335536.0000,6.672200,-0.387600
2021-12-10,15.2854038000,15.4052893200,14.9257472400,15.0456327600,8649285,130873567.8300,6.540100,-2.334600
2021-12-13,15.0456327600,15.1355469000,14.8058617200,14.9157567800,6793328,101505070.4400,5.136800,-0.863200
2021-12-14,14.9057663200,15.1555278200,14.7259380400,15.0955850600,5760021,86698976.5800,4.355400,1.205600
2021-12-15,15.0356423000,15.3053847200,14.9257472400,15.1355469000,6347118,95981110.5200,4.799300,0.264700
2021-12-16,15.1455373600,15.1655182800,14.7758903400,14.8058617200,6100500,90899196.5000,4.612900,-2.178200
2021-12-17,14.7858808000,14.9657090800,14.5860716000,14.9257472400,5439100,80632079.0000,4.112800,0.809700
2021-12-20,14.8658044800,14.9357377000,14.2963482600,14.3363101000,6410650,93072865.0000,4.847400,-3.949100
2021-12-21,14.3263196400,14.8058617200,14.3063387200,14.7359285000,5883650,86302801.5000,4.448900,2.787500
2021-12-22,14.8258426400,15.0656136800,14.6959666600,14.9557186200,5459653,81518019.8800,4.128300,1.491500
2021-12-23,14.8658044800,14.9657090800,14.5161383800,14.5361193000,4224294,62062935.5200,3.194200,-2.805600
2021-12-24,14.5461097600,14.8658044800,13.9566726200,14.0166153800,6234200,89142289.0000,4.714000,-3.573900
2021-12-27,13.9866440000,13.9866440000,13.5270828400,13.5670446800,6922400,94598535.5000,5.234300,-3.207400
2021-12-28,13.6269874400,13.8467775600,13.5270828400,13.6869302000,4229600,57855381.0000,3.198200,0.883700
2021-12-29,13.6969206600,13.7268920400,13.3872164000,13.5570542200,4599550,62218082.4400,3.477900,-0.948900
2021-12-30,13.5170923800,14.0565772200,13.5170923800,13.8267966400,5645503,78345638.6100,4.268800,1.989700
2021-12-31,13.8867394000,14.0465867600,13.7368825000,13.7968252600,4132131,57232045.4000,3.124500,-0.216800
2022-01-04,13.7868348000,13.9366917000,13.7368825000,13.9067203200,4473606,62095648.5200,3.382700,0.796500
2022-01-05,13.8867394000,13.9067203200,13.3272736400,13.5170923800,5652763,76630779.3100,4.274300,-2.801700
2022-01-06,13.4971114600,13.7268920400,13.4071973200,13.6369779000,3474303,47341961.9200,2.627100,0.886900
2022-01-07,13.6169969800,13.7568634200,13.1374549000,13.1674262800,5360784,72104170.7800,4.053500,-3.443200
2022-01-10,13.1174739800,13.4971114600,13.0675216800,13.3872164000,3564363,47639438.9800,2.695200,1.669200
2022-01-11,13.3972068600,13.6769397400,13.3672354800,13.4371687000,3482213,47104202.6000,2.633100,0.373100
2022-01-12,13.4871210000,13.8267966400,13.4871210000,13.5870256000,3543800,48308062.5000,2.679600,1.115200
2022-01-13,13.6269874400,13.7169015800,13.4871210000,13.4871210000,2701155,36693946.1500,2.042500,-0.735300
2022-01-14,13.4471591600,13.6469683600,13.2873118000,13.5570542200,3200582,43372998.1000,2.420100,0.518500
2022-01-17,13.5870256000,13.8867394000,13.5370733000,13.8867394000,5546526,76493902.3600,4.194000,2.431800
2022-01-18,13.9766535400,13.9866440000,13.6369779000,13.6369779000,5352136,73795382.0000,4.047000,-1.798600
2022-01-19,13.6469683600,13.9167107800,13.5670446800,13.7968252600,3717700,51226692.0000,2.811100,1.172200
2022-01-20,13.7968252600,13.8068157200,13.0875026000,13.1074835200,6355734,84656754.2400,4.805900,-4.996400
2022-01-21,13.0375503000,13.2673308800,12.9576266200,13.1574358200,3168050,41658159.0000,2.395500,0.381100
2022-01-24,13.1274644400,13.2373595000,12.9576266200,12.9576266200,2662600,34829838.0000,2.013300,-1.518600
2022-01-25,12.9276552400,12.9776075400,12.2982562600,12.2982562600,4485055,56246002.5500,3.391400,-5.088700
2022-01-26,12.3082467200,12.4880750000,12.0584852200,12.3082467200,2486750,30484139.0000,1.880300,0.081200
2022-01-27,12.2882658000,12.3482085600,11.6388859000,11.7787523400,3543050,42492894.9100,2.679100,-4.301900
2022-01-28,11.8087237200,12.3382181000,11.8087237200,12.1983516600,3824500,46457715.0000,2.891900,3.562300
2022-02-07,12.4680940800,12.5080559200,12.1483993600,12.2882658000,2757200,33986969.5000,2.084800,0.737100
2022-02-08,12.2982562600,12.5779891400,12.1883612000,12.4880750000,2747521,34166082.5100,2.077500,1.626000
2022-02-09,12.4880750000,13.2173785800,12.4081513200,13.1574358200,7988856,102709638.9300,6.040700,5.360000
2022-02-10,12.9875980000,13.3172831800,12.7777983400,12.8377411000,7941100,103070374.0000,6.004600,-2.429800
2022-02-11,12.7378365000,12.8277506400,12.4081513200,12.4880750000,4204900,53030779.0000,3.179500,-2.723700
2022-02-14,12.4880750000,12.7877888000,12.1983516600,12.6778937400,3456113,43765522.2300,2.613300,1.520000
2022-02-15,12.7278460400,12.8677124800,12.5679986800,12.7378365000,2561950,32618924.0000,1.937200,0.472800
2022-02-16,12.8677124800,12.9376457000,12.7478269600,12.8377411000,2072200,26604193.0000,1.566900,0.784300
2022-02-17,12.8077697200,13.0275598400,12.7178555800,12.8876934000,3289200,42575935.0000,2.487100,0.389100
2022-02-18,12.8177601800,13.1574358200,12.8077697200,12.9276552400,3206800,41583956.5000,2.424800,0.310100
2022-02-21,12.9276552400,13.3672354800,12.9276552400,13.2673308800,4792721,63471631.9400,3.624000,2.627500
2022-02-22,13.2673308800,13.4371687000,13.0675216800,13.3372641000,4716450,62748425.0000,3.566300,0.527100
2022-02-23,13.2373595000,13.5470637600,13.2373595000,13.4971114600,5096225,68562763.5000,3.853500,1.198500
2022-02-24,13.5470637600,13.7268920400,12.9276552400,13.1174739800,6975200,92854893.0000,5.274300,-2.812700
2022-02-25,13.2073881200,13.4871210000,13.1774167400,13.2073881200,3780000,50481907.0000,2.858200,0.685500
2022-02-28,13.2473499600,13.2973022600,12.9776075400,13.2073881200,2615100,34465155.0000,1.977400,0.000000
2022-03-01,13.1674262800,13.2973022600,13.0875026000,13.1973976600,2471475,32641163.0000,1.868800,-0.075600
2022-03-02,13.1174739800,13.4271782400,13.0175693800,13.2373595000,2695900,35730495.0000,2.038500,0.302800
2022-03-03,13.7568634200,13.7868348000,12.9376457000,12.9975884600,8152632,108147485.0000,6.164600,-1.811300
2022-03-04,13.1074835200,13.3772259400,12.8677124800,12.9476361600,5630750,73860005.0000,4.257700,-0.384300
2022-03-07,13.0375503000,13.0875026000,12.5480177600,12.6479223600,3744500,47541873.0000,2.831400,-2.314800
2022-03-08,12.6878842000,12.7178555800,12.1883612000,12.2183325800,3150650,39118128.0000,2.382400,-3.396500
2022-03-09,12.3382181000,12.5280368400,11.5090099200,12.1084375200,4073150,49467912.0000,3.079900,-0.899400
2022-03-10,12.3881704000,12.5080559200,12.2383135000,12.2483039600,3400200,42098756.0000,2.571000,1.155100
2022-03-11,12.0684756800,12.2882658000,11.8886474000,12.2682848800,4002300,48451410.0000,3.026300,0.163100
2022-03-14,12.1883612000,12.2682848800,11.7587714200,11.7587714200,2843800,34126988.0000,2.150300,-4.153100
2022-03-15,11.7487809600,11.8187141800,11.0894106000,11.1093915200,4157000,47790319.0000,3.143300,-5.522500
2022-03-16,11.2792293400,11.5289908400,10.8995918600,11.5289908400,4349050,49060432.0000,3.288500,3.777000
2022-03-17,11.6388859000,11.8087237200,11.5489717600,11.5889336000,3545900,41502928.0000,2.681200,0.519900
2022-03-18,11.5289908400,11.7687618800,11.4990194600,11.6588668200,2486571,28990024.8600,1.880200,0.603400
2022-03-21,11.5989240600,11.8886474000,11.5989240600,11.8886474000,2932700,34514667.0000,2.217600,1.970900
2022-03-22,11.7587714200,12.1384089000,11.6189049800,12.0385043000,4099000,48358996.0000,3.099400,1.260500
2022-03-23,11.9685710800,13.2473499600,11.9186187800,13.2473499600,11409700,146890753.5000,8.627400,10.041500
2022-03-24,13.4871210000,13.4871210000,12.4780845400,12.5679986800,21320025,276438949.7500,16.121100,-5.128200
2022-03-25,12.4381227000,12.7278460400,12.1284184400,12.2782753400,12058950,148818293.0000,9.118300,-2.305200
2022-03-28,12.0784661400,12.3282276400,11.9485901600,12.2383135000,7854028,95554257.0400,5.938800,-0.325500
2022-03-29,12.3282276400,12.4581036200,11.8386951000,11.8686664800,7921400,95775288.3200,5.989700,-3.020400
2022-03-30,12.0784661400,12.2183325800,11.6988286600,11.8686664800,6269851,74707522.1100,4.740900,0.000000
2022-03-31,11.7387905000,12.0385043000,11.6988286600,11.8386951000,4921800,58640274.0000,3.721600,-0.252500
2022-04-01,11.8287046400,11.8287046400,11.3291816400,11.3691434800,6009850,69123444.5000,4.544300,-3.966200
2022-04-06,11.3791339400,11.5789431400,11.3291816400,11.5090099200,3120850,35883404.0000,2.359800,1.230200
2022-04-07,11.6488763600,11.7387905000,11.1293724400,11.1293724400,3923200,44321055.0000,2.966500,-3.298600
2022-04-08,11.1593438200,11.2192865800,10.6897922000,10.8995918600,4447282,48560725.1400,3.362800,-2.064600
2022-04-11,10.7797063400,11.0094869200,10.3101547200,10.4500211600,4386850,46832869.6200,3.317100,-4.124700
2022-04-12,10.4400307000,10.7797063400,10.4200497800,10.7597254200,3189087,33810406.1400,2.411400,2.963700
2022-04-13,10.7697158800,10.7797063400,10.5599162200,10.5898876000,2907487,31033081.8600,2.198500,-1.578500
2022-04-14,10.8096777200,10.8096777200,10.6298494400,10.7197635800,2173700,23311699.0000,1.643600,1.226400
2022-04-15,10.3700974800,10.3700974800,9.6507843600,9.6507843600,9932150,97458917.5000,7.510200,-9.972000
2022-04-18,9.3610610200,9.7606794200,9.2911278000,9.7007366600,3914050,37540561.0000,2.959600,0.517600
2022-04-19,9.6907462000,10.1303264400,9.6907462000,9.9604886200,4464050,44579275.5000,3.375500,2.677700
2022-04-20,10.0803741400,10.3001642600,9.9005458600,9.9904600000,3837399,38845765.0500,2.901600,0.300900
2022-04-21,9.9704790800,10.1103455200,9.5808511400,9.6208129800,2908850,28606185.0000,2.199500,-3.700000
2022-04-22,9.5908416000,9.7307080400,9.4210037800,9.4909370000,2451553,23418035.3300,1.853700,-1.349900
2022-04-25,9.3910324000,9.4409847000,8.5618242200,8.5917956000,4287000,38401166.0000,3.241600,-9.473700
2022-04-26,8.8915094000,9.2211945800,8.5118719200,8.6217669800,5889650,52322575.5000,4.252800,0.348800
2022-04-27,8.2721008800,9.0014044600,8.2121581200,8.9614426200,5461190,46741077.3000,3.943400,3.939700
2022-04-28,8.8215761800,8.9314712400,8.6617288200,8.7816143400,3538390,31156631.9000,2.555000,-2.006700
2022-04-29,8.8615380200,9.2411755000,8.8615380200,9.1912232000,3690923,33599939.8700,2.665100,4.664400
2022-05-05,9.1912232000,9.3410801000,9.0213853800,9.2012136600,3012173,27707729.9000,2.175000,0.108700
2022-05-06,8.9914140000,9.2311850400,8.8815189400,9.1512613600,2693550,24549744.0000,1.945000,-0.542900
2022-05-09,9.0413663000,9.3810419400,9.0113949200,9.2711468800,2896612,26880031.1700,2.091600,1.310000
2022-05-10,9.1412709000,9.5908416000,9.0913186000,9.5708606800,3511876,33147840.2100,2.535900,3.232800
2022-05-11,9.5308988400,9.8106317200,9.5009274600,9.5209083800,3565803,34612222.6000,2.574800,-0.521900
2022-05-12,9.5109179200,9.7207175800,9.4509751600,9.6607748200,2808300,26975164.0000,2.027800,1.469000
2022-05-13,9.6807557400,9.7406985000,9.5308988400,9.7007366600,2558700,24723347.0000,1.847600,0.413700
2022-05-16,9.7207175800,9.8106317200,9.5708606800,9.6907462000,2997950,29100930.5000,2.164800,-0.103000
2022-05-17,9.6108225200,9.6807557400,9.4609656200,9.6507843600,2189600,21034052.0000,1.581100,-0.412400
2022-05-18,9.7606794200,9.8705744800,9.6507843600,9.7207175800,3069300,30057533.0000,2.216300,0.724600
2022-05-19,9.5708606800,10.1702882800,9.4909370000,9.9804695400,5351000,53068024.0000,3.863800,2.672100
2022-05-20,10.1702882800,10.1902692000,9.9305172400,10.0104409200,3640200,36475553.0000,2.628500,0.300300
2022-05-23,10.0404123000,10.1503073600,9.9604886200,10.1403169000,2915900,29406026.0000,2.105500,1.297400
2022-05-24,10.1303264400,10.1702882800,9.6308034400,9.6308034400,3588150,35471150.5000,2.590900,-5.024600
2022-05-25,9.6208129800,10.0803741400,9.6108225200,10.0104409200,3786150,37377323.5000,2.733900,3.941900
2022-05-26,10.0104409200,10.1902692000,9.7107271200,10.0903646000,3838950,38374758.5000,2.772000,0.798400
2022-05-27,10.1303264400,10.1902692000,9.9704790800,10.0603932200,3466250,34943795.0000,2.502900,-0.297000
2022-05-30,10.1003550600,10.3101547200,9.9804695400,10.1403169000,3953753,39919718.2500,2.854900,0.794400
2022-05-31,10.1103455200,10.3601070200,9.9504981600,10.3401261000,4327550,44268927.5000,3.124800,1.970400
2022-06-01,10.4000688600,10.4799925400,10.2801833400,10.4200497800,3874650,40275283.0000,2.797800,0.772900
2022-06-02,10.3900784000,10.7597254200,10.2701928800,10.6997826600,4850400,51268662.0000,3.502400,2.684600
2022-06-06,10.8096777200,10.9895060000,10.7297540400,10.9695250800,4796842,52151331.8000,3.463700,2.521000
2022-06-07,10.9795155400,11.0394583000,10.7397445000,10.8096777200,3830373,41629213.6200,2.765800,-1.457200
2022-06-08,10.8096777200,11.5389813000,10.6897922000,10.8696204800,8545300,93875970.5000,6.170400,0.554500
2022-06-09,10.8196681800,11.0394583000,10.3900784000,10.4999734600,6912700,73831297.5000,4.991500,-3.400700
2022-06-10,10.6198589800,10.9295632400,10.5099639200,10.8296586400,5193328,55917107.9900,3.750000,3.139900
2022-06-13,10.7896968000,11.0494487600,10.7297540400,10.9994964600,4939903,53818766.9400,3.567000,1.568300
2022-06-14,10.9994964600,11.1793247400,10.6398399000,11.1493533600,5280475,57769793.2500,3.812900,1.362400
2022-06-15,11.1693342800,11.2292770400,10.8896014000,10.8896014000,5331150,58856701.0000,3.849500,-2.329700
2022-06-16,11.0694296800,11.8386951000,11.0194773800,11.2992102600,12415690,141150120.5000,8.965100,3.761500
2022-06-17,11.1793247400,11.5689526800,10.9495441600,11.3791339400,10286740,115890011.4000,7.427800,0.707300
2022-06-20,11.3691434800,11.4790385400,11.2092961200,11.4190957800,6905450,78365892.0000,4.986300,0.351200
2022-06-21,11.3891244000,11.5989240600,11.2792293400,11.4790385400,4749750,54386682.0000,3.429700,0.524900
2022-06-22,11.4790385400,12.4281322400,11.1893152000,12.2283230400,16294549,193442071.5000,11.766000,6.527400
2022-06-23,11.9885520000,13.4471591600,11.8886474000,13.4471591600,26106585,337634327.7200,18.851000,9.967300
2022-06-24,14.0965390600,14.7958712600,14.0166153800,14.7958712600,22528008,327814294.0500,16.267000,10.029700
2022-06-27,14.9457281600,16.2744593400,14.8058617200,16.2744593400,66516707,1057282452.3300,48.030400,9.993200
2022-06-28,15.8848314000,17.1436293600,14.9657090800,15.2354515000,62853840,992052357.5500,45.385500,-6.384300
2022-06-29,14.5860716000,15.4552416200,13.7169015800,13.8567680200,45383350,654673856.6200,32.770400,-9.049200
2022-06-30,13.4871210000,14.2563864200,13.4471591600,13.8667584800,30535640,421625728.9500,22.049200,0.072100
2022-07-01,13.8667584800,15.2554324200,13.8567680200,15.2554324200,21502413,321885524.6700,15.526500,10.014400
2022-07-04,16.2344975000,16.7839728000,15.0756041400,15.0855946000,58841499,947104319.7300,42.488200,-1.113300
2022-07-05,14.1964436600,16.5941540600,14.1964436600,16.5941540600,50551141,793901598.2500,36.501900,10.000000
2022-07-06,17.3933908600,18.2525704200,17.3933908600,18.2525704200,24611428,443240563.4000,17.771400,9.994000
2022-07-07,18.6222174400,19.5313493000,16.4942494600,16.7839728000,63074559,1114325900.2000,45.544800,-8.046000
2022-07-08,16.6740777400,18.1726467400,15.7149935800,17.7330665000,50300813,830270585.5300,36.321200,5.654800
2022-07-11,17.0137533800,17.1835912000,15.9647550800,15.9647550800,32544797,540330355.6300,23.499900,-9.971800
2022-07-12,15.7749363400,16.7440109600,15.6250794400,16.2644688800,24619180,399240557.8300,17.777000,1.877300
2022-07-13,15.7849268000,16.6241254400,14.9856900000,15.9148027800,25636799,410744819.4400,18.511800,-2.149900
2022-07-14,16.3843544000,17.2834958000,15.9747455400,16.4842590000,32132352,535194676.5600,23.202100,3.578200
2022-07-15,16.1345929000,17.4333527000,16.1246024400,17.0437247600,34737497,590856604.7600,25.083200,3.393900
2022-07-18,16.7839728000,18.7520934200,16.4442971600,18.7520934200,36473173,656027047.9500,26.336500,10.023400
2022-07-19,19.2915782600,19.2915782600,17.1935816600,17.3834004000,45639373,822806823.4000,32.955300,-7.298900
2022-07-20,17.4932954600,18.0527612200,17.2834958000,17.8429615600,29338000,519773097.6800,21.184400,2.643700
2022-07-21,17.4833050000,17.8529520200,16.8339251000,17.5732191400,23647792,412593310.5200,17.075600,-1.511800
2022-07-22,18.3324941000,19.3315401000,18.3125131800,19.3315401000,50074328,962645828.0900,36.157600,10.005700
2022-07-25,18.8819694000,20.0808246000,17.7830188000,17.9728375400,50077011,947321963.7100,36.159600,-7.028400
2022-07-26,17.6631332800,19.7711203400,17.3834004000,19.7711203400,26358132,504518631.7800,19.032700,10.005600
2022-07-27,19.9609390800,20.4404811600,18.7820648000,19.5013779200,45291202,891294909.4400,32.703900,-1.364300
2022-07-28,19.5013779200,20.8301091000,19.1916736600,20.3106051800,40834511,811708691.8300,29.485800,4.149600
2022-07-29,19.9809200000,20.2506624200,19.3015687200,19.5613206800,29047080,572317346.3100,20.974300,-3.689100
2022-08-01,19.0617976800,19.7011871200,18.8420075600,19.4214542400,19551030,378297294.6600,14.117400,-0.715000
2022-08-02,19.1217404400,19.1217404400,17.4833050000,17.5232668400,27644050,499774669.0000,19.961200,-9.773700
2022-08-03,17.8929138600,18.5622746800,16.6341159000,16.8838774000,26003077,457396857.7400,18.776300,-3.648800
2022-08-04,17.0037629200,17.3334481000,16.3943448600,16.8039537200,16214350,272736252.1700,11.708100,-0.473400
2022-08-05,16.9438201600,17.6831142000,16.5042399200,17.5332573000,24241998,417851620.1200,17.504700,4.340100
2022-08-08,17.4833050000,18.4423891600,17.1835912000,18.2625608800,22859517,408797074.3000,16.506400,4.159500
2022-08-09,18.1626562800,18.9519026200,18.0527612200,18.6721697400,22691647,419903182.4200,16.385200,2.242900
2022-08-10,18.2725513400,18.4423891600,18.0028089200,18.2225990400,16247262,295413130.8700,11.731800,-2.407700
2022-08-11,18.2525704200,18.4923414600,17.8829234000,17.9928184600,14740014,267758073.2200,10.643500,-1.261000
2022-08-12,17.8529520200,18.1426753600,17.4932954600,17.5232668400,13164801,234317761.6200,9.506000,-2.609700
2022-08-15,17.5632286800,17.9728375400,17.3933908600,17.8429615600,11462303,203401059.2500,7.667500,1.824400
2022-08-16,17.6931046600,19.2316355000,17.5832096000,18.9818740000,29220619,539796556.0800,19.546700,6.383000
2022-08-17,18.7820648000,18.7920552600,18.3424845600,18.7221220400,18656753,346771251.3200,12.480200,-1.368400
2022-08-18,18.9818740000,19.3814924000,18.5822556000,19.1816832000,23805949,454484528.0600,15.924600,2.454600
2022-08-19,19.0018549200,19.1417213600,17.9328757000,17.9428661600,19172950,354295220.5400,12.825500,-6.458300
2022-08-22,17.6531428200,17.7930092600,17.0836866000,17.3034767200,13332842,231495674.3700,8.918800,-3.563500
2022-08-23,17.1835912000,17.6031905200,17.0137533800,17.3534290200,9382559,162797012.0200,6.276300,0.288700
2022-08-24,17.3234576400,17.3534290200,16.0746501400,16.1146119800,13117360,217362901.2000,8.774700,-7.138700
2022-08-25,16.1246024400,16.3244116400,15.5851176000,15.9647550800,9521750,151404151.0000,6.369400,-0.929900
2022-08-26,16.2444879600,16.3244116400,15.6750317400,15.8049077200,6965400,111982154.0000,4.659400,-1.001300
2022-08-29,15.2854038000,15.9247932400,15.0656136800,15.7949172600,5447300,85587951.0000,3.643900,-0.063200
2022-08-30,15.7749363400,15.8848314000,15.3453465600,15.4852130000,6593700,102610600.0000,4.410800,-1.960800
2022-08-31,15.5851176000,15.5951080600,14.6560048200,14.7359285000,8697300,129987111.0000,5.817900,-4.838700
2022-09-01,14.8658044800,15.2854038000,14.8258426400,14.9557186200,6542350,98407863.5000,4.376400,1.491500
2022-09-02,14.9357377000,15.7149935800,14.9057663200,15.5951080600,8005339,123342572.3400,5.355000,4.275200
2022-09-05,15.5851176000,16.0546692200,15.2953942600,15.8648504800,7225489,114540511.2800,4.833400,1.729700
2022-09-06,15.8148981800,16.1345929000,15.7050031200,16.0147073800,6323800,100943238.0000,4.230200,0.944600
2022-09-07,16.0047169200,16.4343067000,15.9447741600,16.1345929000,7503900,122000925.0000,5.019600,0.748600
2022-09-08,15.9747455400,16.1645642800,15.7649458800,15.8148981800,5909650,93946297.5000,3.953200,-1.981400
2022-09-09,15.8248886400,15.9547646200,15.3853084000,15.4852130000,5485348,85204546.3800,3.669300,-2.084600
2022-09-13,15.6050985200,15.8348791000,15.3353561000,15.4452511600,4453600,69239006.5000,2.979200,-0.258100
2022-09-14,15.2354515000,15.4152797800,14.9357377000,15.0556232200,5290100,79982151.0000,3.538700,-2.522600
2022-09-15,15.1954896600,15.2454419600,14.0865486000,14.3363101000,7412392,107389244.8400,4.958400,-4.777700
2022-09-16,14.1864532000,14.4062433200,13.9366917000,13.9366917000,3766400,53290243.0000,2.519500,-2.787500
2022-09-19,13.8267966400,14.0765581400,13.7768443400,13.9666630800,4391200,61178791.0000,2.937400,0.215100
2022-09-20,14.0166153800,14.5061479200,14.0166153800,14.5061479200,5582900,80056654.0000,3.734600,3.862700
2022-09-21,14.3662814800,14.4262242400,13.9966344600,14.2963482600,4867750,69434711.0000,3.256200,-1.446300
2022-09-22,14.5061479200,14.5760811400,14.2463959600,14.2663768800,4952332,71302940.2800,3.312800,-0.209600
2022-09-23,14.2763673400,14.4861670000,13.7868348000,13.8367871000,5398700,75981698.0000,3.611400,-3.011200
2022-09-26,13.7468729600,14.3463005600,13.7069111200,14.0965390600,5872700,82821378.0000,3.928500,1.877300
2022-09-27,14.3463005600,14.3463005600,13.8967298600,14.2563864200,5886000,83089732.1400,3.937400,1.133900
2022-09-28,14.0865486000,14.0965390600,13.4571496200,13.4571496200,6488820,88832603.2000,4.340600,-5.606200
2022-09-29,13.6269874400,13.7368825000,13.1674262800,13.2673308800,5018350,67085651.5000,3.356900,-1.410500
2022-09-30,13.0875026000,13.4271782400,12.7678078800,12.7678078800,5388050,70354511.0000,3.604300,-3.765100
2022-10-10,12.8777029400,12.9875980000,12.4880750000,12.5679986800,3529950,45001652.0000,2.361300,-1.564900
2022-10-11,12.6479223600,13.0375503000,12.5280368400,12.9676170800,4203393,53995730.6800,2.811800,3.179700
2022-10-12,13.0475407600,13.7268920400,12.8777029400,13.7268920400,9003132,119919636.2600,6.022500,5.855200
2022-10-13,13.4771305400,14.5161383800,13.4371687000,14.1564818200,11190257,158323121.9500,7.485600,3.129500
2022-10-14,14.1864532000,14.6360239000,13.9966344600,14.5760811400,10554133,151830711.9900,7.060000,2.964000
2022-10-17,14.4262242400,14.6260334400,14.2863578000,14.5461097600,6372452,92250696.9200,4.262800,-0.205600
2022-10-18,14.5261288400,15.0855946000,14.4362147000,14.9057663200,8231382,122160636.8400,5.506300,2.472500
2022-10-19,14.8258426400,15.1155659800,14.6759857400,14.8158521800,5769501,86163421.8200,3.859400,-0.603200
2022-10-20,14.7958712600,15.0356423000,14.3962528600,14.8058617200,6695199,98605832.4100,4.478700,-0.067400
2022-10-21,14.8558140200,15.2154705800,14.8058617200,15.0256518400,6797300,102446281.0000,4.547000,1.484500
2022-10-24,15.1455373600,15.4852130000,14.7858808000,14.8458235600,8812250,133543448.9800,5.894800,-1.196800
2022-10-25,14.9856900000,14.9856900000,14.3962528600,14.8258426400,6370200,93672519.0000,4.261200,-0.134600
2022-10-26,14.9856900000,15.3353561000,14.4861670000,15.0556232200,7877947,117903553.1400,5.269800,1.549900
2022-10-27,15.0656136800,15.7849268000,14.9357377000,14.9657090800,10707700,163528052.0000,7.162800,-0.597200
2022-10-28,14.9357377000,15.0356423000,14.1664722800,14.2663768800,8007634,116446466.9200,5.356600,-4.672900
2022-10-31,14.2663768800,14.9756995400,14.1764627400,14.6959666600,6279802,92287980.0000,4.200800,3.011200
2022-11-01,14.7359285000,15.0356423000,14.6060525200,15.0056709200,6388900,95222670.5000,4.273800,2.107400
2022-11-02,15.1355469000,15.4552416200,15.0356423000,15.2154705800,7365381,112397043.2000,4.927000,1.398100
2022-11-03,15.0855946000,15.3453465600,15.0256518400,15.2854038000,5804231,88213939.8500,3.882700,0.459600
2022-11-04,15.3053847200,15.5751271400,15.1854992000,15.5751271400,7577633,117010030.9900,5.068900,1.895400
2022-11-07,15.5051939200,15.7050031200,15.3453465600,15.4152797800,6800081,105468289.0500,4.548800,-1.026300
2022-11-08,15.4752225400,15.4952034600,15.0356423000,15.2154705800,5015609,76333342.6000,3.355100,-1.296200
2022-11-09,15.3153751800,15.3453465600,15.0855946000,15.1155659800,3719750,56538777.5000,2.488300,-0.656600
2022-11-10,15.0855946000,15.1255564400,14.6360239000,14.7559094200,5966400,88491837.4200,3.991100,-2.379400
2022-11-11,15.0855946000,15.3853084000,14.6060525200,14.6560048200,7557150,112992695.0000,5.055200,-0.677000
2022-11-14,14.5461097600,14.8757949400,14.1464913600,14.1864532000,5730000,82477436.6600,3.833000,-3.203800
2022-11-15,14.2663768800,14.8957758600,14.0865486000,14.8857854000,6743595,98882753.9500,4.511000,4.929600
2022-11-16,14.9157567800,14.9557186200,14.5361193000,14.5860716000,4795600,70618603.3500,3.207900,-2.013400
2022-11-17,14.4861670000,14.7359285000,14.3163291800,14.6260334400,4655200,67334486.0000,3.114000,0.274000
2022-11-18,14.6060525200,14.7858808000,14.3063387200,14.3263196400,4593367,67061744.3700,3.072700,-2.049200
2022-11-21,14.3263196400,14.5161383800,14.1365009000,14.4761765400,4589650,65971937.0000,3.070200,1.046000
2022-11-22,14.4861670000,14.6959666600,14.2364055000,14.3063387200,4630032,67238034.8100,3.097200,-1.173200
2022-11-23,14.3063387200,14.3063387200,13.4671400800,14.0565772200,6980500,96438385.4300,4.669500,-1.745800
2022-11-24,14.0765581400,14.2763673400,13.9866440000,14.0865486000,3392769,47985803.9700,2.269500,0.213200
2022-11-25,14.1165199800,14.1664722800,13.6969206600,13.7368825000,3475173,48091406.4000,2.324700,-2.482300
2022-11-28,13.5370733000,13.5870256000,13.3772259400,13.4671400800,2825128,38079205.8800,1.889800,-1.963600
2022-11-29,13.4671400800,13.7368825000,13.4571496200,13.6269874400,2955860,40263240.7200,1.977300,1.186900
2022-11-30,13.7268920400,13.7268920400,13.4071973200,13.5670446800,2848561,38658071.2800,1.905500,-0.439900
2022-12-01,13.7069111200,14.2164245800,13.6769397400,14.1165199800,7867375,110003334.3300,5.262800,4.050100
2022-12-02,13.9866440000,14.2264150400,13.9866440000,14.0166153800,4261177,60067819.4000,2.850400,-0.707700
2022-12-05,14.0365963000,14.3862624000,14.0365963000,14.1764627400,4510345,64024569.0000,3.017100,1.140400
2022-12-06,14.0665676800,14.3463005600,13.9966344600,14.2663768800,4252560,60378525.1000,2.844700,0.634200
2022-12-07,14.1165199800,14.2963482600,14.0166153800,14.1365009000,3729210,52828812.2500,2.494600,-0.910400
2022-12-08,14.1464913600,14.2463959600,13.8567680200,13.8767489400,3182750,44654164.5000,2.129100,-1.837500
2022-12-09,13.8867394000,14.0266058400,13.6569588200,13.7169015800,3346442,46142688.0200,2.238600,-1.151900
2022-12-12,13.6669492800,13.9067203200,13.4671400800,13.8867394000,4032550,55284759.0000,2.697600,1.238200
2022-12-13,13.8667584800,13.9466821600,13.6269874400,13.6769397400,2735950,37568572.5000,1.830200,-1.510800
2022-12-14,13.6869302000,14.1065295200,13.6569588200,13.7468729600,4347757,60508673.6200,2.908400,0.511300
2022-12-15,13.5470637600,14.1065295200,13.5470637600,13.9966344600,5708956,79812270.5100,3.819000,1.816900
2022-12-16,14.0066249200,14.0865486000,13.2973022600,13.3972068600,5181250,70481445.5000,3.466000,-4.282700
2022-12-19,13.3672354800,13.3972068600,12.8876934000,12.9676170800,4275529,55803483.1600,2.860100,-3.206600
2022-12-20,12.8976838600,13.1874072000,12.8177601800,13.1174739800,2751000,35905497.5000,1.840300,1.155600
2022-12-21,13.0775121400,13.1774167400,12.7378365000,12.8277506400,2560895,33082490.8000,1.713100,-2.208700
2022-12-22,12.9776075400,13.0275598400,12.4581036200,12.4680940800,2668900,33764513.0000,1.785400,-2.803700
2022-12-23,12.5080559200,12.5979700600,12.3681894800,12.4381227000,2345575,29299003.0000,1.569100,-0.240400
2022-12-26,12.4381227000,12.9476361600,12.4381227000,12.9276552400,3382732,43333086.8000,2.262900,3.935700
2022-12-27,12.9676170800,13.0575312200,12.6978746600,13.0275598400,2921582,37687010.2000,1.954400,0.772800
2022-12-28,12.9376457000,12.9376457000,12.6978746600,12.7378365000,2011550,25687865.5500,1.345600,-2.223900
2022-12-29,12.6479223600,12.7877888000,12.5580082200,12.5580082200,1851682,23448142.9900,1.238700,-1.411800
2022-12-30,12.6179509800,12.8177601800,12.5280368400,12.5580082200,1960800,24751580.0000,1.311700,0.000000
2023-01-03,12.5580082200,13.2573404200,12.5580082200,13.2073881200,4551700,59406585.0000,3.044900,5.171000
2023-01-04,13.2173785800,13.3872164000,13.1674262800,13.3172831800,3290098,43758390.5400,2.200900,0.832100
2023-01-05,13.4371687000,13.4371687000,13.2173785800,13.3672354800,2422299,32331592.7200,1.620400,0.375100
2023-01-06,13.5670446800,13.9466821600,13.4571496200,13.6469683600,6978100,95639670.5000,4.668000,2.092700
2023-01-09,13.6469683600,15.0156613800,13.6469683600,15.0156613800,15325092,226017527.7600,10.251700,10.029300
2023-01-10,15.0156613800,15.2953942600,14.4961574600,14.8857854000,25334440,378079773.9500,16.947400,-0.864900
2023-01-11,14.8458235600,15.1755087400,14.6659952800,14.8358331000,14439701,215614953.8500,9.659400,-0.335600
2023-01-12,14.8458235600,15.0656136800,14.8258426400,14.9756995400,8954899,134051685.7200,5.990400,0.942800
2023-01-13,15.0756041400,15.0756041400,14.4861670000,14.5461097600,8358842,123062230.0500,5.591600,-2.868600
2023-01-16,14.6460143600,14.8358331000,14.3862624000,14.7459189600,5524154,81227707.3400,3.695400,1.373600
2023-01-17,14.6959666600,14.8158521800,14.5660906800,14.6060525200,3946200,57933021.0000,2.639800,-0.948500
2023-01-18,14.8658044800,14.9557186200,14.4362147000,14.6659952800,6041328,88795227.7800,4.041300,0.410400
2023-01-19,14.7059571200,14.8358331000,14.5461097600,14.7459189600,4354609,64163619.7100,2.913000,0.545000
2023-01-20,14.7059571200,15.1055755200,14.7059571200,14.8957758600,4444499,66201031.0700,2.973100,1.016300
2023-01-30,15.2854038000,15.3753179400,14.9457281600,15.0855946000,8881450,134017952.0000,5.941200,1.274300
2023-01-31,14.9856900000,15.8348791000,14.8757949400,15.4852130000,16687884,258137634.4700,11.163300,2.649000
2023-02-01,15.4452511600,15.6550508200,15.3952988600,15.6250794400,11942693,185810663.5700,7.989000,0.903200
2023-02-02,15.5151843800,15.9447741600,15.4952034600,15.8948218600,12208849,192506107.1400,8.167100,1.726300
2023-02-03,15.7849268000,15.7849268000,15.2854038000,15.5451557600,10467185,162184199.4000,7.002000,-2.199900
2023-02-06,15.4852130000,15.6350699000,15.4052893200,15.5451557600,6003490,93389786.6300,4.016000,0.000000
2023-02-07,15.4652320800,16.1246024400,15.3853084000,15.8748409400,10247670,162001919.8800,6.855200,2.120800
2023-02-08,15.7749363400,16.2544784200,15.6350699000,15.9447741600,11443251,182174399.2900,7.654900,0.440500
2023-02-09,15.6950126600,16.7240300400,15.6350699000,16.5641826800,19739079,322124571.4200,13.204400,3.884700
2023-02-10,16.4842590000,16.7040491200,16.1745547400,16.4243162400,15864781,261487568.6200,10.612700,-0.844400
2023-02-13,16.3643734800,16.4442971600,16.1445833600,16.3144211800,9382600,152860053.3300,6.276500,-0.669100
2023-02-14,16.4343067000,16.4942494600,16.2744593400,16.3443925600,8453750,138537364.5100,5.655100,0.183700
2023-02-15,16.2444879600,17.1736007400,16.1745547400,16.7739823400,18624424,312950126.8700,12.458800,2.628400
2023-02-16,16.4642780800,16.5042399200,15.7849268000,15.8748409400,16766209,272095261.7700,11.215700,-5.360300
2023-02-17,16.0147073800,16.2944402600,15.7349745000,15.7849268000,8114932,129928692.8600,5.428500,-0.566400
2023-02-20,15.9148027800,16.1146119800,15.6450603600,16.1046215200,5283950,84363787.5000,3.534700,2.025300
2023-02-21,15.9048123200,16.1146119800,15.6150889800,15.8248886400,6695774,106420410.2400,4.479100,-1.737000
2023-02-22,15.6850222000,15.8248886400,15.5051939200,15.6950126600,5462650,85584016.5000,3.654200,-0.820700
2023-02-23,15.7549554200,15.9148027800,15.5451557600,15.7249840400,4636089,72939958.4400,3.101300,0.191000
2023-02-24,15.6350699000,16.1545738200,15.6150889800,15.7849268000,7496118,119163761.9900,5.014500,0.381200
2023-02-27,15.8948218600,15.8948218600,15.5851176000,15.6350699000,4000958,62877458.3200,2.676400,-0.949400
2023-02-28,15.8448695600,16.0846406000,15.5851176000,15.8548600200,6543558,103641427.0100,4.377300,1.405800
2023-03-01,15.8348791000,16.2644688800,15.8049077200,16.2544784200,10081253,163161389.3400,6.743800,2.520500
2023-03-02,16.5741731400,16.7739823400,16.2245070400,16.3643734800,11219396,184867977.5900,7.505200,0.676100
2023-03-03,16.3643734800,16.7440109600,16.0047169200,16.2544784200,8897662,145353466.8700,5.952100,-0.671600
2023-03-06,16.2844498000,17.0836866000,16.0746501400,16.6840682000,14694880,244691275.9700,9.830100,2.642900
2023-03-07,16.7240300400,16.7839728000,15.6850222000,15.7349745000,13950876,224449312.8800,9.332400,-5.688600
2023-03-08,15.6850222000,17.3134671800,15.5451557600,16.9338297000,31650715,533866666.0900,21.172700,7.619000
2023-03-09,16.8838774000,16.8838774000,16.3943448600,16.5541922200,21102975,350704429.5100,14.116800,-2.241900
2023-03-10,16.4842590000,16.7540014200,16.0246978400,16.0646596800,13055107,212943594.9400,8.733200,-2.957200
2023-03-13,16.0746501400,16.2444879600,15.7549554200,16.1146119800,10198974,163657934.1400,6.822600,0.310900
2023-03-14,16.1046215200,16.1046215200,15.2854038000,15.6750317400,11553829,181062706.1400,7.728900,-2.727800
2023-03-15,15.7849268000,15.8248886400,15.2554324200,15.2854038000,7854369,122080342.6000,5.254200,-2.485700
2023-03-16,15.2754133400,15.4352607000,14.8857854000,14.9157567800,7171524,108433542.4200,4.797400,-2.418300
2023-03-17,15.0056709200,15.3952988600,14.8957758600,15.2953942600,6647529,101042531.3900,4.446900,2.545200
2023-03-20,15.2754133400,16.4043353200,15.2254610400,16.1146119800,15660630,249328660.4000,10.476100,5.356000
2023-03-21,15.8848314000,16.4642780800,15.7549554200,16.3344021000,9450977,152880783.8600,6.322200,1.363900
2023-03-22,16.0546692200,17.1536198200,15.9847360000,16.9038583200,14910500,248996911.0100,9.974300,3.486200
2023-03-23,16.7739823400,17.1935816600,16.7040491200,17.0137533800,11903515,202715200.3300,7.962800,0.650100
2023-03-24,17.0736961400,17.5732191400,16.8638964800,17.2735053400,16691850,286848318.5000,11.165900,1.526700
2023-03-27,17.0637056800,17.3034767200,16.6740777400,16.9138487800,10711500,181975320.0000,7.165400,-2.082100
2023-03-28,17.0537152200,17.0736961400,16.4243162400,16.4942494600,7240359,120588939.4000,4.843400,-2.480800
2023-03-29,16.4642780800,18.0627516800,16.4642780800,17.5732191400,22868152,399616998.0800,15.297500,6.541500
2023-03-30,17.2834958000,17.4133717800,16.6640872800,16.8738869400,15831309,268469114.2700,10.590300,-3.979500
2023-03-31,16.8838774000,17.2635148800,16.5042399200,17.1536198200,11534558,194578512.8600,7.716000,1.657800
2023-04-03,17.1536198200,18.2625608800,16.9737915400,17.9928184600,26042773,461443125.2100,17.421200,4.892300
2023-04-04,17.8729329400,18.3324941000,17.5332573000,17.9728375400,25630235,461239853.0500,17.145200,-0.111000
2023-04-06,17.4833050000,19.7711203400,17.3334481000,19.5613206800,45030317,848580317.3600,30.122800,8.838200
2023-04-07,19.4214542400,19.4214542400,18.6122269800,18.7820648000,30253401,571035054.0300,20.237900,-3.983700
2023-04-10,18.7820648000,19.2815878000,18.1826372000,18.7820648000,26167383,490696985.7700,17.504500,0.000000
2023-04-11,18.4723605400,18.6621792800,17.9728375400,18.3624654800,16642661,304564365.5200,11.133000,-2.234000
2023-04-12,18.0727421400,18.5622746800,17.7530474200,18.4024273200,14750969,269485374.1200,9.867600,0.217600
2023-04-13,18.2026181200,18.2225990400,17.3933908600,17.4833050000,18258640,323220885.7200,12.214000,-4.994600
2023-04-14,17.4433431600,17.6331619000,16.8938678600,17.3834004000,12803547,221388352.5900,8.564900,-0.571400
2023-04-17,17.2735053400,17.3734099400,16.7739823400,17.2735053400,10083899,172918380.9600,6.745600,-0.632200
2023-04-18,16.7040491200,16.7440109600,15.7849268000,16.5741731400,20405206,330748848.0500,13.650000,-4.048600
2023-04-19,16.4143257800,17.5532382200,16.4143257800,17.1036675200,18825711,321005338.5200,12.593400,3.194700
2023-04-20,17.1835912000,17.9328757000,17.0637056800,17.7330665000,18911350,332683809.7000,12.650600,3.679900
2023-04-21,17.7830188000,18.0827326000,17.0437247600,17.0836866000,16738007,294078370.5100,11.196800,-3.662000
2023-04-24,16.9638010800,17.8329711000,16.8638964800,17.4833050000,15845589,275649579.8700,10.599800,2.339200
2023-04-25,17.4833050000,17.8329711000,16.7440109600,17.2335435000,17588285,304400758.7500,11.765600,-1.428600
2023-04-26,17.1436293600,18.4623700800,17.0637056800,17.8629424800,21412666,381705399.0200,14.323900,3.652200
2023-04-27,17.2934862600,17.3034767200,16.0746501400,16.0746501400,19622604,320625501.7800,13.126400,-10.011200
2023-04-28,15.4252702400,16.6041445200,15.3553370200,16.3943448600,14922309,242030889.3000,9.982200,1.988800
2023-05-04,16.4742685400,16.6141349800,15.3853084000,15.6550508200,13704136,217503059.8100,9.167300,-4.509400
2023-05-05,15.5351653000,15.5851176000,14.5660906800,14.6360239000,12114438,180149416.5900,8.103900,-6.509300
2023-05-08,14.7059571200,15.0855946000,14.6160429800,14.6360239000,7852911,116348452.2900,5.253200,0.000000
2023-05-09,14.5860716000,14.6460143600,14.2264150400,14.3063387200,8003432,115341380.5000,5.353900,-2.252600
2023-05-10,14.2963482600,14.6060525200,14.0865486000,14.3562910200,5495535,78697552.0300,3.676200,0.349200
2023-05-11,14.2563864200,14.4062433200,13.9267012400,13.9466821600,6796235,95657272.4500,4.546300,-2.853200
2023-05-12,13.9666630800,14.1065295200,13.7968252600,13.8267966400,4919388,68537810.0900,3.290800,-0.859600
2023-05-15,13.7868348000,14.0565772200,13.6769397400,14.0565772200,5211547,72395959.9300,3.486200,1.661800
2023-05-16,13.9566726200,14.0166153800,13.7768443400,13.8767489400,5092150,70784492.4100,3.406400,-1.279300
2023-05-17,13.8467775600,14.3363101000,13.8068157200,14.3363101000,6831750,96803861.0000,4.570100,3.311700
2023-05-18,14.3363101000,15.4752225400,14.3363101000,15.0955850600,14201771,213485990.7400,9.500200,5.296200
2023-05-19,14.7658998800,15.0656136800,14.6659952800,15.0356423000,9002640,134544404.5200,6.022300,-0.397100
2023-05-22,14.9357377000,14.9956804600,14.6260334400,14.8957758600,5534500,81963976.0000,3.702300,-0.930200
2023-05-23,14.9057663200,15.0656136800,14.6260334400,14.6859762000,5026116,74406272.4800,3.362200,-1.408500
2023-05-24,14.6160429800,15.3253656400,14.5860716000,15.1655182800,10687114,161969702.3100,7.149100,3.265300
2023-05-25,15.0256518400,15.4352607000,14.8258426400,15.2454419600,8963103,135421341.6300,5.995800,0.527000
2023-05-26,15.0456327600,15.7649458800,15.0456327600,15.5351653000,10305675,160149841.6300,6.893900,1.900400
2023-05-29,15.5851176000,15.9647550800,15.4352607000,15.7549554200,10635655,167944670.3300,7.114700,1.414800
2023-05-30,15.8049077200,17.3334481000,15.6850222000,17.3334481000,26168786,444496361.9400,17.505500,10.019000
2023-05-31,17.9928184600,19.0717881400,17.3234576400,18.1027135200,44473341,805074221.0800,29.750200,4.438000
2023-06-01,18.8619884800,19.9109867800,18.8619884800,19.9109867800,19278164,379244559.0800,12.896000,9.989000
2023-06-02,21.8990883200,21.8990883200,21.8990883200,21.8990883200,4228150,92681048.0000,2.828400,9.984900
2023-06-05,24.0869990600,24.0869990600,21.8990883200,24.0869990600,42061635,995540135.1800,28.136900,9.990900
2023-06-06,25.9751960000,26.4946999200,24.9761500000,26.4946999200,27524942,723977712.5800,18.412700,9.995900
2023-06-07,27.7834692600,29.1421718200,27.3239081000,29.1421718200,30128783,867433857.2200,20.154500,9.992500
2023-06-08,31.5498726800,32.0593861400,30.1212369000,30.5907885200,70235520,2203042147.1000,46.983700,4.970900
2023-06-09,31.6397868200,31.9494910800,29.6916471200,30.8205691000,51236531,1578200800.1100,34.274400,0.751100
2023-06-12,30.0712846000,33.6878311200,29.5817520600,32.4190427000,56271402,1780417995.5100,37.642500,5.186400
2023-06-13,31.7596723400,32.8486324800,30.8205691000,31.4100062400,36335309,1151652903.8800,24.306300,-3.112500
2023-06-14,30.6000000000,33.3700000000,30.5500000000,32.7000000000,39141305,1256070689.7200,26.183400,4.107000
2023-06-15,32.8000000000,35.9700000000,32.8000000000,34.8700000000,43938535,1555368612.9800,29.392400,6.636100
2023-06-16,33.5000000000,38.3600000000,33.0000000000,37.4900000000,54821968,2025225709.4800,36.672900,7.513600
2023-06-19,36.0000000000,36.7500000000,34.4900000000,35.6900000000,46532708,1655137834.6600,31.127800,-4.801300
2023-06-20,35.0000000000,36.2500000000,32.7200000000,33.9300000000,35391133,1214127435.3600,23.674700,-4.931400
2023-06-21,33.9300000000,35.3700000000,32.4900000000,34.1200000000,27835162,953622787.2800,18.620200,0.560000
2023-06-26,32.8000000000,32.8200000000,30.7100000000,30.7100000000,19762822,612043758.5600,13.220200,-9.994100
2023-06-27,29.9000000000,29.9400000000,27.6400000000,29.8200000000,28729924,833745389.5700,19.218700,-2.898100
2023-06-28,28.9200000000,29.0700000000,27.1400000000,28.1500000000,24518021,687698617.4000,16.401200,-5.600300
2023-06-29,28.6000000000,30.9700000000,28.1000000000,30.5800000000,36615542,1082601066.7700,24.493800,8.632300
2023-06-30,30.4800000000,32.5600000000,29.6600000000,31.3100000000,33712680,1042401763.3200,22.551900,2.387200
2023-07-03,31.3600000000,32.6800000000,30.2800000000,31.8800000000,31023703,980748262.2900,20.753100,1.820500
2023-07-04,31.3000000000,35.0700000000,31.2500000000,33.7500000000,46880862,1592127693.4900,31.360700,5.865700
2023-07-05,33.0800000000,34.3500000000,30.7500000000,32.0000000000,45627140,1497071140.7100,30.522000,-5.185200
2023-07-06,30.9500000000,32.5600000000,29.5900000000,31.2000000000,34901733,1094522203.2900,23.347300,-2.500000
2023-07-07,31.4300000000,34.3200000000,30.5600000000,31.9300000000,51944343,1684818455.3200,34.747900,2.339700
2023-07-10,30.3000000000,30.4900000000,28.7400000000,28.7400000000,32229604,939107731.9700,21.559800,-9.990600
2023-07-11,28.0200000000,28.8100000000,27.3100000000,28.4600000000,33755494,944169160.1800,22.580600,-0.974300
2023-07-12,28.0100000000,28.3400000000,25.8100000000,25.8400000000,33184597,885626634.2400,22.198700,-9.205900
2023-07-13,26.0000000000,27.4200000000,25.7100000000,27.0000000000,30211198,804099981.8400,20.209600,4.489200
2023-07-14,27.1600000000,28.6100000000,26.7000000000,27.2000000000,29535146,812854111.7700,19.757400,0.740700
2023-07-17,27.0600000000,27.7200000000,26.0900000000,26.6200000000,22757492,614949489.4500,15.223500,-2.132400
2023-07-18,26.8500000000,26.9300000000,25.7000000000,26.1500000000,14241727,373087462.6400,9.526900,-1.765600
2023-07-19,26.1700000000,26.4400000000,25.2600000000,25.3600000000,14628358,373294816.0400,9.785600,-3.021000
2023-07-20,25.3700000000,25.5300000000,24.7000000000,24.9900000000,12053620,302384810.0100,8.063200,-1.459000
2023-07-21,24.8300000000,25.1400000000,24.3800000000,24.7300000000,10770206,266106254.5100,7.204700,-1.040400
2023-07-24,24.8000000000,26.1200000000,24.6000000000,25.5200000000,21284934,542213809.5800,14.238400,3.194500
2023-07-25,25.8000000000,26.0700000000,24.9100000000,25.3900000000,19072360,485880714.1800,12.758400,-0.509400
2023-07-26,25.4100000000,25.5000000000,24.5300000000,24.6700000000,12941143,321667138.7200,8.656900,-2.835800
2023-07-27,24.5400000000,24.8600000000,24.1400000000,24.2200000000,10039964,245197827.8200,6.716200,-1.824100
2023-07-28,24.3000000000,24.6800000000,23.6400000000,23.7000000000,12126973,290872466.8300,8.112300,-2.147000
2023-07-31,23.4000000000,24.1800000000,23.2500000000,23.9600000000,10646355,253904397.3700,7.121800,1.097000
2023-08-01,24.2000000000,24.4000000000,23.3700000000,24.0100000000,19274174,462089307.8300,12.893400,0.208700
2023-08-02,23.7100000000,24.3800000000,23.6300000000,24.2400000000,14461942,348564538.4200,9.674200,0.957900
2023-08-03,23.8900000000,24.4900000000,23.6000000000,23.9200000000,11485864,274898380.8500,7.683400,-1.320100
2023-08-04,23.9600000000,25.0300000000,23.6700000000,24.7900000000,24271399,597922028.0500,16.236200,3.637100
2023-08-07,25.2900000000,25.8500000000,24.6400000000,24.9000000000,34693787,876574858.7100,23.208200,0.443700
2023-08-08,24.9000000000,27.3900000000,24.6500000000,27.3900000000,64952447,1749929741.1100,43.449600,10.000000
2023-08-09,26.4100000000,26.6000000000,24.7200000000,24.7900000000,53223504,1354909724.8500,35.603600,-9.492500
2023-08-10,23.5500000000,23.8500000000,22.3100000000,22.3100000000,42871801,976149955.7100,28.678900,-10.004000
2023-08-11,22.3100000000,23.1800000000,22.0700000000,22.3100000000,28060071,632591321.6200,18.770600,0.000000
2023-08-14,21.8600000000,24.3600000000,21.7100000000,23.3900000000,32729088,759500102.6600,21.893900,4.840900
2023-08-15,24.0000000000,24.0300000000,22.4100000000,22.7400000000,25024198,576030418.2500,16.739800,-2.779000
2023-08-16,22.5100000000,22.9000000000,21.9800000000,22.1000000000,15460836,345583258.4700,10.342400,-2.814400
2023-08-17,22.0300000000,22.9900000000,22.0200000000,22.6700000000,17184700,386779856.1900,11.495600,2.579200
2023-08-18,22.6900000000,22.7100000000,21.6500000000,21.6700000000,15971693,352141596.8500,10.684200,-4.411100
2023-08-21,21.8000000000,23.8400000000,21.7800000000,23.0200000000,43542224,1013476057.1800,29.127300,6.229800
2023-08-22,23.0200000000,23.4700000000,22.4000000000,23.4000000000,35581818,814473859.7200,23.802300,1.650700
2023-08-23,23.0000000000,23.1200000000,22.1300000000,22.6000000000,22227668,500448566.2600,14.869100,-3.418800
2023-08-24,23.0000000000,24.8600000000,22.4500000000,24.1800000000,60999524,1475958038.7000,40.805300,6.991200
2023-08-25,22.3400000000,23.3600000000,21.7600000000,21.7600000000,40247405,906998420.3100,26.923300,-10.008300
2023-08-28,22.5500000000,22.7200000000,21.0000000000,22.0900000000,34005189,746051395.0900,22.747600,1.516500
2023-08-29,22.0000000000,23.4100000000,21.3500000000,22.9500000000,35933750,812770176.0600,24.037700,3.893200
2023-08-30,23.0300000000,23.8800000000,22.7700000000,23.6000000000,37678468,880817607.6500,25.204800,2.832200
2023-08-31,23.3200000000,23.6500000000,22.9700000000,23.3700000000,25163638,587001044.8700,16.833100,-0.974600
2023-09-01,23.4400000000,23.7300000000,23.0400000000,23.7300000000,26397132,618293881.1000,17.658200,1.540400
2023-09-04,24.4900000000,24.7300000000,23.8800000000,24.1900000000,37412793,902255533.9900,25.027100,1.938500
2023-09-05,23.9800000000,25.8600000000,23.3000000000,25.0300000000,46550342,1129775719.3700,31.139600,3.472500
2023-09-06,24.3000000000,24.9900000000,24.1600000000,24.4400000000,33570380,824860269.1700,22.456700,-2.357200
2023-09-07,24.1600000000,24.1600000000,22.7800000000,22.8500000000,25754135,602660759.0700,17.228100,-6.505700
2023-09-08,22.3500000000,23.2100000000,22.0600000000,22.6300000000,17932536,404828127.5800,11.995900,-0.962800
2023-09-11,22.4200000000,24.8900000000,22.3500000000,24.8900000000,38906542,956340213.0400,26.026300,9.986700
2023-09-12,25.6100000000,27.3800000000,25.6100000000,27.3800000000,30893387,821099724.9500,20.666000,10.004000
2023-09-13,27.3800000000,29.9700000000,26.0000000000,28.1800000000,87743839,2423494465.5800,58.695800,2.921800
2023-09-14,27.2200000000,29.3400000000,27.0000000000,27.2900000000,65103675,1825378899.2600,43.550800,-3.158300
2023-09-15,26.4200000000,29.9800000000,26.4200000000,28.9500000000,67868513,1939608486.5100,45.400300,6.082800
2023-09-18,27.3300000000,27.4000000000,26.0600000000,26.0600000000,51848356,1364646606.6400,34.683700,-9.982700
2023-09-19,25.5000000000,26.4900000000,25.4800000000,25.8400000000,33108325,861777540.4900,22.147600,-0.844200
2023-09-20,25.2600000000,27.8500000000,25.0100000000,27.1000000000,46989448,1250843189.5600,31.433300,4.876200
2023-09-21,26.4800000000,27.0400000000,26.0000000000,26.5500000000,33097089,877037008.7300,22.140100,-2.029500
2023-09-22,26.5500000000,29.1200000000,25.9000000000,28.3100000000,54311953,1512914354.9000,36.331700,6.629000
2023-09-25,28.0000000000,30.7000000000,27.9000000000,28.6800000000,58370032,1696347488.7700,39.046300,1.307000
2023-09-26,27.7700000000,28.9700000000,26.8200000000,28.1400000000,41822950,1164148826.5800,27.977200,-1.882800
2023-09-27,27.5000000000,27.9700000000,26.6800000000,27.0100000000,32145829,878686957.4900,21.503800,-4.015600
2023-09-28,27.1800000000,29.0000000000,26.6900000000,29.0000000000,43986936,1235521054.2200,29.424800,7.367600
2023-10-09,28.4600000000,30.4900000000,28.3000000000,29.3100000000,47771059,1405377106.3200,31.956200,1.069000
2023-10-10,29.3000000000,32.2400000000,28.6000000000,31.7500000000,58793813,1791436816.8800,39.329800,8.324800
2023-10-11,30.8000000000,31.3000000000,30.0100000000,30.9200000000,44085832,1354023005.4600,29.491000,-2.614200
2023-10-12,30.9200000000,32.6400000000,30.5600000000,31.9800000000,44956437,1425276508.2500,30.073400,3.428200
2023-10-13,31.1000000000,32.1400000000,30.0100000000,31.9800000000,35941011,1121786012.6600,24.042500,0.000000
2023-10-16,31.2000000000,31.5000000000,29.7700000000,29.8000000000,28340303,866348823.0800,18.958100,-6.816800
2023-10-17,29.5000000000,29.5000000000,27.1900000000,27.5100000000,30447726,849865256.3700,20.367800,-7.684600
2023-10-18,27.4000000000,27.6500000000,25.7800000000,26.0600000000,25933667,680005773.2300,17.348200,-5.270800
2023-10-19,25.5000000000,26.5200000000,25.4000000000,25.4600000000,21481550,557814343.6400,14.370000,-2.302400
2023-10-20,25.4400000000,25.7000000000,24.0100000000,24.1200000000,20334018,498676397.4400,13.602300,-5.263200
2023-10-23,23.8800000000,24.3300000000,22.8400000000,23.0000000000,18122136,423126756.9800,12.122700,-4.643400
2023-10-24,23.3000000000,25.3000000000,23.1600000000,25.3000000000,13684910,334924764.9100,9.154400,10.000000
2023-10-25,25.5400000000,26.4600000000,25.0800000000,26.0800000000,32480751,836522279.0300,21.727800,3.083000
2023-10-26,25.7900000000,26.2000000000,25.1800000000,25.6500000000,21993652,563932626.9100,14.712500,-1.648800
2023-10-27,25.3900000000,25.6600000000,24.6600000000,24.9600000000,17554905,438527158.1700,11.743300,-2.690100
2023-10-30,23.9100000000,24.8200000000,23.6800000000,24.7200000000,16410564,400010051.8600,10.977800,-0.961500
2023-10-31,24.8100000000,25.0900000000,24.0100000000,24.2000000000,14503512,354302179.7900,9.702000,-2.103600
2023-11-01,24.2000000000,24.6700000000,23.8100000000,23.9300000000,11327401,273342772.6100,7.577400,-1.115700
2023-11-02,23.9600000000,25.4500000000,23.9600000000,24.5200000000,17879476,441528480.3200,11.960400,2.465500
2023-11-03,24.0100000000,24.7900000000,23.7900000000,24.5200000000,15943162,390328043.4700,10.665100,0.000000
2023-11-06,24.5200000000,26.3100000000,24.4900000000,25.9600000000,27417382,697784682.6000,18.340700,5.872800
2023-11-07,26.0600000000,28.3800000000,25.7400000000,27.5400000000,39356860,1055222968.4800,26.327600,6.086300
2023-11-08,26.7400000000,28.6000000000,26.3600000000,28.3000000000,43471541,1197266391.9000,29.080100,2.759600
2023-11-09,28.0400000000,28.4500000000,27.5100000000,28.0700000000,30882420,864270615.1900,20.658600,-0.812700
2023-11-10,27.8000000000,28.0300000000,27.4300000000,27.9400000000,14203085,394703820.0700,9.501100,-0.463100
2023-11-13,27.7400000000,28.1500000000,26.5500000000,26.9100000000,24380969,668032862.2500,16.309500,-3.686500
2023-11-14,27.0900000000,27.8000000000,26.9200000000,27.5300000000,16700114,455391934.7500,11.171500,2.304000
2023-11-15,27.6600000000,28.2800000000,27.2700000000,27.9600000000,22138239,615711061.2700,14.809300,1.561900
2023-11-16,27.7000000000,27.7700000000,27.2000000000,27.2700000000,12998572,356206949.7400,8.695300,-2.467800
2023-11-17,27.2100000000,27.7800000000,26.8300000000,27.6100000000,14093888,384834589.4500,9.428000,1.246800
2023-11-20,27.6000000000,27.6400000000,27.0200000000,27.2800000000,11124493,304014722.9600,7.441700,-1.195200
2023-11-21,27.2800000000,27.4800000000,26.4800000000,26.5100000000,13385979,361725679.2500,8.954500,-2.822600
2023-11-22,26.2600000000,26.3500000000,25.0000000000,25.0100000000,20260904,519345415.5900,13.553400,-5.658200
2023-11-23,25.1000000000,25.3800000000,24.6100000000,25.2300000000,10207043,256402748.0400,6.827900,0.879600
2023-11-24,25.3000000000,25.3400000000,24.3900000000,24.4700000000,8326412,205272955.1100,5.569900,-3.012300
2023-11-27,24.2200000000,25.3000000000,24.2200000000,25.0300000000,11081402,274766637.0700,7.412800,2.288500
2023-11-28,24.9000000000,24.9900000000,24.4100000000,24.7000000000,7883628,194328305.3000,5.273700,-1.318400
2023-11-29,24.7000000000,24.9200000000,24.4500000000,24.5100000000,6291128,155284130.6200,4.208400,-0.769200
2023-11-30,24.5100000000,24.6700000000,24.0100000000,24.4400000000,7131006,173291351.9400,4.770200,-0.285600
2023-12-01,24.6300000000,25.6000000000,24.2800000000,25.3900000000,16519014,415207327.3700,11.050300,3.887100
2023-12-04,25.4200000000,25.7600000000,25.1900000000,25.2500000000,11160857,284092414.4500,7.466000,-0.551400
2023-12-05,25.4000000000,25.4000000000,24.0700000000,24.0700000000,10163403,248767773.8200,6.798800,-4.673300
2023-12-06,23.9900000000,24.2400000000,23.6200000000,23.6900000000,7208741,171881903.8100,4.822200,-1.578700
2023-12-07,23.6500000000,24.5000000000,23.6000000000,24.2400000000,9566435,231397932.8200,6.399400,2.321700
2023-12-08,24.1000000000,26.2000000000,24.1000000000,25.6300000000,24747856,627184325.5100,16.554900,5.734300
2023-12-11,25.1500000000,25.3100000000,24.6000000000,25.2900000000,14767712,368635124.4200,9.878800,-1.326600
2023-12-12,25.2500000000,25.2500000000,24.6200000000,24.9500000000,10470960,261185805.7000,6.988100,-1.344400
2023-12-13,24.9700000000,25.1000000000,24.7000000000,24.7100000000,7159814,178091455.7600,4.778300,-0.961900
2023-12-14,24.7300000000,25.1000000000,24.2500000000,24.3300000000,7532897,185669497.8100,5.027300,-1.537800
2023-12-15,24.3500000000,24.6000000000,23.7100000000,23.8800000000,7142711,170868396.7000,4.766900,-1.849600
2023-12-18,23.7000000000,23.9600000000,23.4200000000,23.5000000000,5841630,138237349.8700,3.898600,-1.591300
2023-12-19,23.5000000000,23.6500000000,23.0500000000,23.4200000000,5571133,129902663.8700,3.718000,-0.340400
2023-12-20,23.6500000000,23.6600000000,22.9000000000,22.9500000000,4874640,113158818.8000,3.253200,-2.006800
2023-12-21,22.8000000000,23.4800000000,22.3600000000,23.1100000000,6996425,159743314.9300,4.669300,0.697200
2023-12-22,23.0000000000,23.1900000000,22.1900000000,22.2600000000,6460600,146054392.3500,4.311700,-3.678100
2023-12-25,22.3600000000,22.6800000000,22.0800000000,22.4300000000,4128268,92443843.1000,2.755100,0.763700
2023-12-26,22.5400000000,22.5400000000,21.5400000000,21.7300000000,6364245,139074508.5600,4.247400,-3.120800
2023-12-27,21.7200000000,22.2100000000,21.7200000000,22.0600000000,5579973,122850312.6500,3.723900,1.518600
2023-12-28,21.9400000000,22.8700000000,21.7500000000,22.6000000000,7872966,176415418.1300,5.254200,2.447900
2023-12-29,22.8000000000,23.1800000000,22.5000000000,22.9200000000,7161839,164420353.4500,4.759700,1.415900
2024-01-02,22.8800000000,23.0000000000,22.5300000000,22.5300000000,4614204,104832900.3100,3.066500,-1.701600
2024-01-03,22.4000000000,22.5000000000,21.8500000000,22.2400000000,4848613,107375959.6100,3.222300,-1.287200
2024-01-04,22.2400000000,22.2400000000,21.7700000000,21.9600000000,3992342,87623780.1600,2.653300,-1.259000
2024-01-05,21.8800000000,21.9000000000,20.8800000000,21.0200000000,6616148,141074024.2200,4.397000,-4.280500
2024-01-08,21.2700000000,21.2700000000,20.4700000000,20.4700000000,4214926,87255787.9100,2.801200,-2.616600
2024-01-09,20.4800000000,21.0000000000,20.3500000000,20.5900000000,4269615,88336038.7800,2.837500,0.586200
2024-01-10,20.4700000000,20.5000000000,20.0300000000,20.1300000000,3846873,77817155.9000,2.556600,-2.234100
2024-01-11,20.1000000000,20.7900000000,20.0800000000,20.7100000000,5086443,104651518.9000,3.380400,2.881300
2024-01-12,20.6200000000,20.8000000000,20.4400000000,20.5100000000,3194690,65654338.7800,2.123100,-0.965700
2024-01-15,20.4000000000,20.6100000000,20.1300000000,20.2700000000,3556100,72226057.0000,2.363300,-1.170200
2024-01-16,20.4200000000,20.4400000000,19.8000000000,20.1000000000,4631825,92596405.4300,3.073900,-0.838700
2024-01-17,20.0400000000,20.1900000000,19.5000000000,19.5000000000,3368685,66806731.2000,2.235600,-2.985100
2024-01-18,19.5000000000,19.9500000000,19.1600000000,19.8900000000,7178334,140465345.7200,4.763900,2.000000
2024-01-19,20.0300000000,21.4500000000,19.9600000000,20.1100000000,13769728,281325714.0500,9.138200,1.106100
2024-01-22,18.8800000000,19.6700000000,18.2200000000,18.4800000000,14002687,267301745.5900,9.292800,-8.105400
2024-01-23,18.6000000000,19.6800000000,18.3300000000,19.1200000000,12308656,234833177.3200,8.168600,3.463200
2024-01-24,19.1200000000,19.3000000000,18.1300000000,18.9300000000,10477396,195658499.1200,6.953300,-0.993700
2024-01-25,18.9000000000,20.8200000000,18.8500000000,20.8200000000,10614185,217676205.0200,7.044100,9.984200
2024-01-26,20.9800000000,21.8200000000,20.6600000000,20.6800000000,29362625,624030702.5800,19.486400,-0.672400
2024-01-29,20.5000000000,20.6700000000,19.0600000000,19.1600000000,16755875,330879708.3600,11.120000,-7.350100
2024-01-30,19.0200000000,19.3500000000,18.0200000000,18.0600000000,9969383,185506505.8900,6.616100,-5.741100
2024-01-31,17.7800000000,17.9600000000,16.6800000000,16.8100000000,11863611,204787820.6800,7.873200,-6.921400
2024-02-01,16.6500000000,18.4900000000,16.1800000000,18.4900000000,12047226,211073154.0500,7.995100,9.994100
2024-02-02,18.1900000000,18.8300000000,16.8600000000,17.9500000000,19480385,351738826.7400,12.928100,-2.920500
2024-02-05,17.9400000000,18.3000000000,16.6000000000,16.6200000000,15494283,269004896.4100,10.282700,-7.409500
2024-02-06,16.1400000000,17.3100000000,14.9600000000,16.5100000000,19690932,314933401.8000,13.067800,-0.661900
2024-02-07,16.4400000000,16.9600000000,15.3500000000,15.6100000000,18153235,295099681.2200,12.047300,-5.451200
2024-02-08,15.4400000000,16.6500000000,15.4400000000,16.6300000000,14860764,240709409.9400,9.862300,6.534300
2024-02-19,17.3500000000,18.2900000000,16.9300000000,18.2900000000,17190479,304480917.4000,11.408400,9.982000
2024-02-20,18.1900000000,19.6300000000,17.5600000000,18.8800000000,24902597,468010499.7800,16.526500,3.225800
2024-02-21,18.3200000000,20.6800000000,18.1700000000,19.3000000000,27346066,527118183.8100,18.148100,2.224600
2024-02-22,19.6000000000,20.1800000000,19.1800000000,19.8000000000,22455994,441303459.1000,14.902800,2.590700
2024-02-23,20.1000000000,21.7800000000,19.7200000000,21.7800000000,18660168,392037665.4900,12.383700,10.000000
2024-02-26,21.7000000000,23.4800000000,21.1600000000,21.9900000000,38771244,869624688.8300,25.730400,0.964200
2024-02-27,21.3000000000,24.1900000000,21.3000000000,24.1900000000,25903344,590767749.7100,17.190600,10.004500
2024-02-28,24.6400000000,25.8100000000,23.0000000000,23.5000000000,49683325,1224959769.0700,32.972100,-2.852400
2024-02-29,22.3400000000,24.6600000000,22.3300000000,24.4000000000,33805272,807921041.5000,22.434700,3.829800
2024-03-01,24.1500000000,25.2500000000,23.8000000000,24.8000000000,33723800,831527517.6100,22.380600,1.639300
2024-03-04,24.4000000000,25.5500000000,23.4500000000,24.5200000000,31208784,761975030.5400,20.711600,-1.129000
2024-03-05,23.8900000000,24.6800000000,23.3200000000,23.5000000000,23976755,573896906.0300,15.912100,-4.159900
2024-03-06,23.1400000000,25.8500000000,23.1200000000,25.1500000000,48493866,1210943420.7600,32.182700,7.021300
2024-03-07,25.5000000000,25.5000000000,23.5000000000,23.5100000000,35673620,866100567.0200,23.674600,-6.520900
2024-03-08,25.8600000000,25.8600000000,25.8600000000,25.8600000000,12431842,321487434.1200,8.250300,9.995700
2024-03-11,28.4500000000,28.4500000000,28.4500000000,28.4500000000,2846763,80990407.3500,1.889200,10.015500
2024-03-12,31.3000000000,31.3000000000,31.3000000000,31.3000000000,2414960,75588248.0000,1.602700,10.017600
2024-03-13,34.4300000000,34.4300000000,33.7100000000,34.4300000000,63380461,2176757609.9700,42.062100,10.000000
2024-03-14,33.7800000000,35.7800000000,31.5100000000,32.8500000000,71724890,2416113295.9100,47.599900,-4.589000
2024-03-15,33.0600000000,36.1400000000,32.5000000000,35.0200000000,94439368,3301825906.2700,62.674200,6.605800
2024-03-18,33.3000000000,35.3000000000,33.3000000000,35.2000000000,69118548,2374791396.7100,45.870200,0.514000
2024-03-19,34.4900000000,34.8600000000,33.2000000000,34.1500000000,52906519,1800144198.1000,35.111200,-2.983000
2024-03-20,33.3600000000,35.1800000000,33.1200000000,33.7000000000,51475291,1752738509.3700,34.161300,-1.317700
2024-03-21,33.0400000000,36.8800000000,33.0100000000,34.1700000000,69231893,2420346271.1800,44.982000,1.394700
2024-03-22,33.4300000000,34.4500000000,31.9400000000,32.0800000000,48860416,1609251729.2700,31.746000,-6.116500
2024-03-25,31.5000000000,33.1300000000,31.1300000000,32.0000000000,33459003,1085619178.6900,21.739300,-0.249400
2024-03-26,31.1200000000,32.6600000000,28.8000000000,29.7000000000,44415828,1380258124.2100,28.858300,-7.187500
2024-03-27,29.7000000000,30.3000000000,28.2700000000,28.6000000000,31124888,909322512.7100,20.222800,-3.703700
2024-03-28,28.9000000000,29.9500000000,28.2200000000,28.7000000000,39634267,1154761925.3900,25.751500,0.349700
2024-03-29,28.6300000000,29.8700000000,28.3000000000,29.1600000000,34983247,1015933642.9900,22.729600,1.602800
2024-04-01,28.8300000000,29.6700000000,28.5900000000,29.2000000000,26557291,771382619.1700,17.255100,0.137200
2024-04-02,28.9500000000,29.1500000000,27.0000000000,27.3800000000,34413285,956274315.6600,22.359300,-6.232900
2024-04-03,27.4100000000,27.5700000000,25.9100000000,25.9900000000,22132575,581694815.1300,14.380200,-5.076700
2024-04-08,25.9600000000,26.6800000000,25.8000000000,26.2200000000,18624676,489598414.2300,12.101000,0.885000
2024-04-09,26.0100000000,26.2900000000,25.1100000000,25.6500000000,18946195,482882396.2700,12.309900,-2.173900
2024-04-10,25.5100000000,25.5700000000,24.2300000000,24.4800000000,15831781,391175806.5600,10.286400,-4.561400
2024-04-11,24.5100000000,25.1000000000,24.3400000000,24.4100000000,14282178,352389215.8100,9.279600,-0.285900
2024-04-12,24.6400000000,25.5500000000,24.5600000000,24.9700000000,25333515,632854504.7200,16.459900,2.294100
2024-04-15,24.2900000000,24.9600000000,22.4800000000,23.2100000000,25618621,608985653.5600,16.645200,-7.048500
2024-04-16,23.0000000000,23.3800000000,20.8900000000,20.9200000000,22662152,486177471.8900,14.724300,-9.866400
2024-04-17,21.1300000000,22.9800000000,21.1300000000,22.8500000000,21256983,475660438.9500,13.811300,9.225600
2024-04-18,22.4600000000,23.8000000000,22.2100000000,23.1500000000,19360564,446860061.8700,12.579100,1.312900
2024-04-19,23.0200000000,23.3800000000,22.3600000000,22.6800000000,13620822,309996683.5800,8.849800,-2.030200
2024-04-22,22.0000000000,22.1800000000,21.1700000000,21.8300000000,11945972,260908194.7600,7.761600,-3.747800
2024-04-23,21.4200000000,22.1900000000,21.4200000000,21.6000000000,11254466,244840091.7300,7.310700,-1.053600
2024-04-24,21.8000000000,23.7600000000,21.6300000000,23.7600000000,16793222,383389989.3600,10.908500,10.000000
2024-04-25,23.8800000000,24.4800000000,23.7600000000,23.9400000000,28175651,678314672.2700,18.302300,0.757600
2024-04-26,24.3800000000,25.3600000000,23.9600000000,24.9400000000,32889272,817518257.9100,21.364200,4.177100
2024-04-29,24.9500000000,25.5500000000,24.9400000000,25.2100000000,25288932,636760259.6300,16.427100,1.082600
2024-04-30,25.2600000000,25.5800000000,24.5800000000,24.9600000000,20680025,519891323.2100,13.433300,-0.991700
2024-05-06,25.2700000000,25.3800000000,24.8000000000,24.9500000000,14249400,356405638.5400,9.256100,-0.040100
2024-05-07,25.0000000000,25.2800000000,24.5800000000,24.8900000000,15330282,382282528.0400,9.958200,-0.240500
2024-05-08,24.7100000000,24.8500000000,24.0400000000,24.1200000000,11653018,283863099.9000,7.569500,-3.093600
2024-05-09,24.3200000000,24.4000000000,24.0200000000,24.1100000000,10276718,248424418.0900,6.675500,-0.041500
2024-05-10,24.2500000000,24.2500000000,22.8900000000,22.9700000000,16392723,380519926.6400,10.648400,-4.728300
2024-05-13,22.8500000000,22.9000000000,22.0000000000,22.1200000000,10653262,237800924.5000,6.920100,-3.700500
2024-05-14,22.2100000000,23.2900000000,22.2100000000,22.9900000000,16255668,371779644.2400,10.559300,3.933100
2024-05-15,22.8900000000,23.3000000000,22.6600000000,22.6900000000,9554900,219126479.0000,6.206700,-1.304900
2024-05-16,23.0300000000,23.5000000000,22.9100000000,23.0300000000,13325254,308667210.0900,8.655800,1.498500
2024-05-17,22.9000000000,24.1900000000,22.7900000000,23.7800000000,19170570,453328012.8400,12.452800,3.256600
2024-05-20,23.4700000000,24.1600000000,23.1400000000,24.0100000000,17298336,410888893.5100,11.236600,0.967200
2024-05-21,23.9000000000,23.9900000000,23.4500000000,23.6200000000,10874732,257091086.8000,7.064000,-1.624300
2024-05-22,23.5300000000,23.6700000000,23.2300000000,23.4800000000,8252600,193558969.0000,5.360700,-0.592700
2024-05-23,23.9000000000,23.9900000000,22.8700000000,22.9700000000,10759037,250047323.8400,6.988800,-2.172100
2024-05-24,23.1600000000,24.3800000000,22.7900000000,24.2800000000,32418420,769888344.2200,21.058300,5.703100
2024-05-27,24.5600000000,24.7000000000,23.1400000000,24.0800000000,35000781,840393010.5300,22.735700,-0.823700
2024-05-28,23.6900000000,23.8300000000,21.8800000000,22.5000000000,22170817,510606577.1800,14.401700,-6.561500
2024-05-29,22.2200000000,23.4500000000,22.2200000000,22.7000000000,14860087,339757363.7300,9.652800,0.888900
2024-05-30,22.4800000000,22.4800000000,21.5700000000,21.7100000000,13023993,285875185.9400,8.460100,-4.361200
2024-05-31,21.7400000000,23.6000000000,21.2300000000,22.3800000000,21412826,486261521.3500,13.909300,3.086100
2024-06-03,22.1000000000,22.9200000000,22.1000000000,22.4500000000,14594875,328105804.4600,9.480500,0.312800
2024-06-04,22.0200000000,24.3500000000,21.8000000000,23.7900000000,32393128,754557633.6700,21.041900,5.968800
2024-06-05,23.0700000000,23.2800000000,22.5100000000,22.5300000000,20449882,467334197.7000,13.283800,-5.296300
2024-06-06,22.8000000000,22.9500000000,21.2500000000,21.4000000000,18088420,399136962.3600,11.749800,-5.015500
2024-06-07,21.3600000000,21.6500000000,20.3800000000,20.5700000000,14631772,305285732.7600,9.504500,-3.878500
2024-06-11,20.2000000000,20.8100000000,19.8800000000,20.7500000000,9157824,186961318.9600,5.948700,0.875100
2024-06-12,20.8800000000,21.5600000000,20.8100000000,21.4200000000,12020132,256006259.4700,7.808000,3.228900
2024-06-13,21.3300000000,21.6200000000,21.1000000000,21.1100000000,9610901,205154337.6200,6.243000,-1.447200
2024-06-14,21.0100000000,22.8000000000,20.8500000000,22.3000000000,23194780,513867230.9600,15.066800,5.637100
2024-06-17,21.9100000000,22.4600000000,21.9100000000,22.0800000000,12390690,274242339.5900,8.048700,-0.986500
2024-06-18,22.0300000000,24.2900000000,22.0300000000,24.2900000000,35694246,854603401.4200,23.186200,10.009100
2024-06-19,25.0000000000,25.3400000000,24.3700000000,24.4800000000,49625915,1227152709.4600,32.235900,0.782200
2024-06-20,24.2900000000,25.5400000000,24.1000000000,24.6000000000,39194561,973641661.0900,25.459900,0.490200
2024-06-21,23.4200000000,24.0700000000,22.9700000000,23.5300000000,27321488,639952879.2800,17.747900,-4.349600
2024-06-24,23.4600000000,23.6500000000,21.7800000000,21.8700000000,23237632,524117278.7100,15.095100,-7.054800
2024-06-25,22.1600000000,23.4900000000,22.1500000000,22.3400000000,24358200,553716946.8900,15.823000,2.149100
2024-06-26,22.3700000000,22.5000000000,21.0500000000,22.1400000000,22984075,496728978.1900,14.930300,-0.895300
2024-06-27,21.9600000000,22.8100000000,21.5200000000,21.5200000000,17516927,388388453.5100,11.378900,-2.800400
2024-06-28,21.1900000000,22.0800000000,21.1700000000,21.6700000000,15772950,343806987.0000,10.246000,0.697000
2024-07-01,21.6700000000,23.2800000000,21.6700000000,22.5500000000,24383721,551400702.0900,15.839600,4.060900
2024-07-02,22.5300000000,22.5400000000,21.7800000000,21.9500000000,15537600,342906145.4000,10.093200,-2.660800
2024-07-03,21.6800000000,21.9000000000,21.2100000000,21.3300000000,9682582,207116397.9800,6.289800,-2.824600
2024-07-04,21.4900000000,21.6000000000,20.6000000000,20.6600000000,10677984,223954876.3600,6.936400,-3.141100
2024-07-05,20.5800000000,21.0400000000,20.0100000000,20.9700000000,10402151,214391992.2900,6.757200,1.500500
2024-07-08,20.9200000000,20.9200000000,20.0000000000,20.0200000000,8486100,172629144.0000,5.512500,-4.530300
2024-07-09,19.8800000000,20.7900000000,19.7000000000,20.7100000000,11671400,237545864.0000,7.581700,3.446600
2024-07-10,20.5000000000,20.9200000000,20.4000000000,20.4900000000,8685038,179449435.4600,5.641800,-1.062300
2024-07-11,20.3300000000,20.8200000000,20.1300000000,20.7600000000,13895450,285926293.0000,9.026400,1.317700
2024-07-12,20.5900000000,20.6900000000,20.0600000000,20.1400000000,9822690,199554927.0000,6.380800,-2.986500
2024-07-15,20.1100000000,20.1100000000,18.7000000000,19.0600000000,13453932,258912178.4000,8.739600,-5.362500
2024-07-16,19.1700000000,19.3300000000,18.6100000000,19.3000000000,9948047,189427468.3400,6.462200,1.259200
2024-07-17,19.1000000000,19.2000000000,18.4800000000,18.4900000000,9555390,178945158.5700,6.207100,-4.196900
2024-07-18,18.1200000000,18.1600000000,17.4200000000,18.0300000000,11352797,202182453.2100,7.374700,-2.487800
2024-07-19,17.9500000000,18.5200000000,17.8000000000,18.2700000000,8269430,150807585.4000,5.371800,1.331100
2024-07-22,18.2400000000,18.7000000000,18.0800000000,18.6100000000,8191136,150975696.5200,5.320900,1.861000
2024-07-23,18.8700000000,18.9000000000,18.0000000000,18.0200000000,7543730,138769365.5000,4.900400,-3.170300
2024-07-24,18.0000000000,18.4000000000,17.7200000000,17.8200000000,6985757,125987831.4700,4.537900,-1.109900
2024-07-25,17.5000000000,17.8200000000,17.2000000000,17.5500000000,7510297,131238946.0400,4.878700,-1.515200
2024-07-26,17.6000000000,17.9400000000,17.5500000000,17.8400000000,5638880,100251282.0000,3.663000,1.652400
2024-07-29,17.8500000000,18.2700000000,17.6900000000,18.0500000000,5936550,106882751.0000,3.856400,1.177100
2024-07-30,17.9500000000,18.2000000000,17.7800000000,18.1200000000,5356489,96561231.1000,3.479600,0.387800
2024-07-31,18.5200000000,19.9300000000,18.5100000000,19.9300000000,16568136,324759136.7400,10.762600,9.989000
2024-08-01,20.2600000000,20.5700000000,19.6000000000,19.6500000000,23005755,458425408.7500,14.944400,-1.404900
2024-08-02,19.3900000000,19.7900000000,19.0200000000,19.0800000000,13914900,269237006.4500,9.039100,-2.900800
2024-08-05,18.6300000000,19.0700000000,18.1800000000,18.1800000000,11153900,207345697.9400,7.245500,-4.717000
2024-08-06,18.6100000000,18.6800000000,18.0600000000,18.4500000000,8304600,151992573.0000,5.394600,1.485100
2024-08-07,18.4400000000,19.3000000000,18.4400000000,18.9200000000,15696300,297583133.8600,10.196200,2.547400
2024-08-08,18.5800000000,18.8800000000,18.2300000000,18.3100000000,10736451,198068507.8800,6.974300,-3.224100
2024-08-09,18.4500000000,18.6200000000,18.0200000000,18.0400000000,6571300,120001748.0000,4.268700,-1.474600
2024-08-12,17.8200000000,17.9900000000,17.5600000000,17.7000000000,5953809,105666937.8500,3.867600,-1.884700
2024-08-13,17.7500000000,17.8400000000,17.5500000000,17.8300000000,4574509,81010105.3800,2.971600,0.734500
2024-08-14,18.0400000000,18.2600000000,17.7800000000,18.1600000000,7819538,141398605.6400,5.079500,1.850800
2024-08-15,18.0400000000,18.5800000000,17.8200000000,18.4000000000,8907979,162550733.8100,5.786600,1.321600
2024-08-16,18.3500000000,20.0000000000,18.3200000000,18.8500000000,18086952,347652591.8600,11.749200,2.445700
2024-08-19,18.8500000000,19.3600000000,18.6300000000,19.0300000000,13691173,260947573.0500,8.893700,0.954900
2024-08-20,18.6500000000,18.7900000000,18.3000000000,18.4300000000,9675202,179265674.9600,6.285000,-3.152900
2024-08-21,18.1100000000,19.3500000000,17.9100000000,19.0100000000,15236659,283670238.9300,9.897700,3.147000
2024-08-22,19.0700000000,19.8000000000,18.7000000000,18.7000000000,16096580,310619007.4300,10.456300,-1.630700
2024-08-23,18.7100000000,19.9600000000,18.7100000000,19.6300000000,22324416,433578108.0200,14.501800,4.973300
2024-08-26,19.2300000000,20.2500000000,19.2300000000,19.7700000000,19094933,376324440.2300,12.404000,0.713200
2024-08-27,19.6000000000,19.6000000000,18.7900000000,18.8700000000,13467440,257220305.6000,8.748400,-4.552400
2024-08-28,18.7800000000,19.4900000000,18.2400000000,19.0900000000,12118400,227602117.0600,7.872100,1.165900
2024-08-29,18.7600000000,19.1400000000,18.3400000000,19.0000000000,10880756,205267609.7600,7.068100,-0.471500
2024-08-30,19.1100000000,19.8800000000,19.1100000000,19.5100000000,18222461,356458245.0000,11.837200,2.684200
2024-09-02,19.7600000000,19.8600000000,19.1500000000,19.2100000000,12851274,250539285.3800,8.348100,-1.537700
2024-09-03,19.2200000000,19.5000000000,18.9200000000,19.5000000000,11370037,219339038.0300,7.385900,1.509600
2024-09-04,19.5000000000,20.6800000000,19.4000000000,20.0600000000,23212946,466716403.3000,15.079000,2.871800
2024-09-05,19.7700000000,19.8900000000,19.5200000000,19.7300000000,14592284,287614346.4800,9.479100,-1.645100
2024-09-06,19.5000000000,19.5100000000,18.5200000000,18.5400000000,13508250,256403239.0100,8.774900,-6.031400
2024-09-09,18.3300000000,18.4800000000,18.0000000000,18.1800000000,7739000,141127964.0000,5.027200,-1.941700
2024-09-10,18.3300000000,18.9200000000,17.8600000000,18.8100000000,11135100,205943322.0000,7.233300,3.465300
2024-09-11,18.6900000000,19.1300000000,18.2700000000,18.6800000000,10865700,203193269.0000,7.058300,-0.691100
2024-09-12,18.6800000000,18.9600000000,18.2000000000,18.2000000000,8128200,150253505.0000,5.280000,-2.569600
2024-09-13,18.0200000000,18.3800000000,17.6900000000,17.7000000000,7073900,127582172.0000,4.595200,-2.747300
2024-09-18,17.7000000000,18.0400000000,17.4200000000,17.8000000000,5460800,96954198.0000,3.547300,0.565000
2024-09-19,17.8900000000,18.1800000000,17.6000000000,18.0200000000,6749000,120920122.0000,4.384100,1.236000
2024-09-20,18.0300000000,18.1500000000,17.8400000000,17.8600000000,5394100,96975893.0000,3.504000,-0.887900
2024-09-23,17.5100000000,17.5800000000,16.9700000000,17.0500000000,16014003,275701431.5000,9.018500,-4.535300
2024-09-24,17.1200000000,17.6200000000,16.6500000000,17.6100000000,17256557,297628973.1100,9.718300,3.284500
2024-09-25,17.6100000000,18.4700000000,17.6100000000,17.9400000000,20517667,371698744.7900,11.554800,1.873900
2024-09-26,17.9500000000,18.2800000000,17.7000000000,18.2500000000,16656544,300570518.0600,9.380400,1.728000
2024-09-27,18.5400000000,19.6800000000,18.2700000000,19.3200000000,28527069,539741011.4400,16.065400,5.863000
2024-09-30,20.3500000000,21.2300000000,19.5700000000,21.1600000000,35453083,730236970.8100,19.965900,9.523800
2024-10-08,23.2800000000,23.2800000000,20.5300000000,22.9100000000,43943343,982284417.8800,24.747300,8.270300
2024-10-09,22.3400000000,22.3400000000,20.6200000000,20.6200000000,26521619,559488639.2300,14.936000,-9.995600
2024-10-10,20.0800000000,20.6500000000,19.1200000000,19.7100000000,22523229,447391621.8600,12.684300,-4.413200
2024-10-11,19.6000000000,19.6700000000,18.2000000000,18.6000000000,15701273,296652986.9900,8.842400,-5.631700
2024-10-14,18.6000000000,19.4200000000,18.3400000000,19.4100000000,15352551,291444908.6000,8.646000,4.354800
2024-10-15,19.2600000000,20.5700000000,19.0600000000,19.7300000000,22445342,449241204.0400,12.640400,1.648600
2024-10-16,19.1000000000,19.5300000000,19.0000000000,19.2300000000,13105500,252121216.5000,7.380600,-2.534200
2024-10-17,19.3000000000,21.1500000000,19.3000000000,20.7000000000,46704946,959348559.5700,26.302600,7.644300
2024-10-18,20.7100000000,21.6400000000,20.5000000000,21.1700000000,45477442,963959399.1000,25.611300,2.270500
2024-10-21,21.2500000000,21.9100000000,20.7500000000,21.5000000000,35584846,764035024.4000,20.040100,1.558800
2024-10-22,23.6500000000,23.6500000000,23.0500000000,23.6500000000,19774848,467488517.7000,11.136500,10.000000
2024-10-23,23.7200000000,26.0200000000,23.3400000000,24.3400000000,82283483,2035267427.4700,46.339100,2.917500
2024-10-24,23.0000000000,25.5000000000,22.3900000000,24.9200000000,63965375,1530314154.3800,36.023000,2.382900
2024-10-25,24.2200000000,24.8500000000,23.8200000000,24.3700000000,41999460,1023262108.3700,23.652600,-2.207100
2024-10-28,23.7800000000,25.6800000000,23.6000000000,25.4000000000,49549874,1233995860.2800,27.904700,4.226500
2024-10-29,25.1500000000,25.1500000000,24.0400000000,24.0400000000,35815662,878867033.8100,20.170100,-5.354300
2024-10-30,24.0000000000,26.4400000000,23.7800000000,25.4400000000,49897267,1267151549.2200,28.100400,5.823600
2024-10-31,25.0800000000,27.5000000000,24.5000000000,26.4400000000,54673212,1436355944.8400,30.790000,3.930800
2024-11-01,25.8000000000,26.1500000000,23.8000000000,23.8000000000,41994619,1039588046.9900,23.649900,-9.984900
2024-11-04,23.1000000000,24.7700000000,23.0500000000,24.1700000000,21437757,514727284.7000,12.073000,1.554600
2024-11-05,23.9700000000,24.8700000000,23.6000000000,24.6600000000,25194251,617500763.5800,14.188500,2.027300
2024-11-06,24.4000000000,25.0400000000,23.8300000000,24.1100000000,27421787,669214140.8400,15.443000,-2.230300
2024-11-07,24.0300000000,26.5200000000,23.6600000000,26.5200000000,32080737,826877066.9700,18.066700,9.995900
2024-11-08,26.7900000000,27.6900000000,26.0800000000,26.1800000000,59858140,1609648523.9800,33.710000,-1.282100
2024-11-11,26.1300000000,27.5000000000,26.0000000000,27.3000000000,48081617,1291522214.5000,27.077900,4.278100
2024-11-12,27.3100000000,27.3200000000,26.0800000000,26.3900000000,26971979,717938184.0200,15.189700,-3.333300
2024-11-13,26.3100000000,26.3100000000,25.1200000000,25.8900000000,18199450,467550116.5000,10.249300,-1.894700
2024-11-14,25.9100000000,26.7800000000,25.3100000000,25.5200000000,22554234,592825595.5200,12.701700,-1.429100
2024-11-15,25.0500000000,25.6600000000,24.0500000000,24.1400000000,17915249,446384438.7600,10.089200,-5.407500
2024-11-18,24.1200000000,24.1500000000,22.0000000000,22.3900000000,19230915,437095127.3200,10.830200,-7.249400
2024-11-19,22.3000000000,23.7000000000,22.3000000000,23.4500000000,17440507,404051367.0400,9.821900,4.734300
2024-11-20,23.4300000000,23.7500000000,23.2000000000,23.7100000000,14260443,336018201.9700,8.031000,1.108700
2024-11-21,23.5500000000,23.8600000000,23.2100000000,23.7200000000,11244392,265539524.8400,6.332400,0.042200
2024-11-22,23.6900000000,24.3800000000,22.8900000000,23.0800000000,19552373,465372678.2000,11.010800,-2.698100
2024-11-25,22.8100000000,22.9800000000,22.0700000000,22.6800000000,12099449,272007763.6900,6.813800,-1.733100
2024-11-26,22.6800000000,23.4200000000,22.6800000000,22.8400000000,9839000,226737999.0000,5.540800,0.705500
2024-11-27,22.7000000000,23.0700000000,21.8800000000,23.0500000000,11026287,247470823.0400,6.209400,0.919400
2024-11-28,22.9800000000,23.8800000000,22.9000000000,23.3800000000,14719992,344628589.7600,8.289500,1.431700
2024-11-29,23.3000000000,23.5800000000,22.8100000000,23.3900000000,12071425,280565855.7700,6.798000,0.042800
2024-12-02,23.3000000000,23.8000000000,23.2100000000,23.6800000000,11658998,274860296.7000,6.565700,1.239800
2024-12-03,23.6700000000,23.8600000000,23.1500000000,23.4600000000,10275254,241334628.6400,5.786500,-0.929100
2024-12-04,23.4900000000,23.5800000000,22.7000000000,22.8300000000,9478797,219060067.5200,5.337900,-2.685400
2024-12-05,22.7600000000,23.2500000000,22.6500000000,23.2300000000,7651250,177022269.3000,4.308800,1.752100
2024-12-06,23.2300000000,23.3800000000,22.9000000000,23.2600000000,8060600,186943122.0000,4.539300,0.129100
2024-12-09,23.1500000000,23.2500000000,22.6000000000,22.9200000000,7840217,179619334.2600,4.415200,-1.461700
2024-12-10,23.4500000000,23.6000000000,22.9300000000,23.0000000000,9777707,227509948.2300,5.506300,0.349000
2024-12-11,22.9500000000,23.4800000000,22.8100000000,23.4800000000,10538005,245388342.1800,5.934400,2.087000
2024-12-12,23.4500000000,25.1700000000,23.3700000000,24.2400000000,25235616,613989455.0700,14.211300,3.236800
2024-12-13,24.0300000000,24.4800000000,23.7400000000,23.7900000000,14656800,351990041.4700,8.253900,-1.856400
2024-12-16,23.9300000000,25.0000000000,23.9300000000,24.6200000000,24827253,610706566.8600,13.981400,3.488900
2024-12-17,25.1900000000,25.5200000000,24.2800000000,24.8600000000,28015899,697823112.7100,15.777100,0.974800
2024-12-18,24.5200000000,24.8000000000,23.1200000000,24.3000000000,17839976,426835237.2000,10.046500,-2.252600
2024-12-19,23.5000000000,25.2100000000,23.5000000000,25.1500000000,25979643,646224916.7900,14.630300,3.497900
2024-12-20,25.1200000000,25.5800000000,24.5800000000,24.9100000000,24348502,611575306.0400,13.711800,-0.954300
2024-12-23,24.7600000000,25.3800000000,23.4500000000,23.4700000000,16939243,410720876.7000,9.539300,-5.780800
2024-12-24,23.3300000000,23.8800000000,22.5000000000,23.4800000000,15114493,350043314.1000,8.511700,0.042600
2024-12-25,23.1300000000,23.3200000000,22.2400000000,22.2400000000,13402309,301962470.1600,7.547500,-5.281100
2024-12-26,22.2600000000,24.4600000000,22.2100000000,24.4600000000,14195318,341243513.0600,7.994000,9.982000
2024-12-27,24.4600000000,25.0000000000,24.1000000000,24.5400000000,29856285,735370565.7700,16.813500,0.327100
2024-12-30,24.5400000000,25.5600000000,23.8300000000,25.1000000000,26864419,667771360.5000,15.128600,2.282000
2024-12-31,24.8600000000,24.9900000000,23.3500000000,23.3800000000,18628700,448654843.0000,10.490700,-6.852600
2025-01-02,23.3900000000,25.7200000000,22.5300000000,25.0000000000,47000392,1175891063.0500,26.468100,6.929000
2025-01-03,24.2800000000,24.8000000000,22.5000000000,22.5000000000,31157098,724090253.2200,17.546000,-10.000000
2025-01-06,21.5900000000,21.8500000000,20.2500000000,20.2500000000,18750892,383590184.7600,10.559500,-10.000000
2025-01-07,19.6100000000,20.8400000000,19.5100000000,20.7900000000,19762354,399687944.5200,11.129100,2.666700
2025-01-08,20.3000000000,20.5500000000,19.2200000000,20.1000000000,17880698,356159437.6000,10.069400,-3.318900
2025-01-09,19.8500000000,20.5900000000,19.7000000000,19.9900000000,12319373,248674107.2800,6.937600,-0.547300
2025-01-10,19.7800000000,20.2000000000,19.0100000000,19.0200000000,13109635,256914260.8900,7.382600,-4.852400
2025-01-13,18.8000000000,19.0000000000,18.2000000000,18.7800000000,8577700,159948354.0000,4.830500,-1.261800
2025-01-14,19.0300000000,19.9800000000,18.9300000000,19.9700000000,15420193,302148938.3300,8.683800,6.336500
2025-01-15,20.2700000000,20.4800000000,19.9100000000,20.1300000000,11755738,237256773.7800,6.620200,0.801200
2025-01-16,20.2600000000,21.0000000000,20.0100000000,20.7400000000,18344042,376350242.2900,10.330400,3.030300
2025-01-17,20.5900000000,20.8200000000,20.1400000000,20.4600000000,12255800,250206378.0000,6.901800,-1.350000
2025-01-20,20.3700000000,20.9700000000,20.3300000000,20.5700000000,11927800,246309595.0000,6.717100,0.537600
2025-01-21,20.5500000000,20.7700000000,20.1600000000,20.5300000000,8512000,173724365.0000,4.793500,-0.194500
2025-01-22,20.4000000000,21.6800000000,20.3000000000,20.8600000000,18549894,390622969.5200,10.446300,1.607400
2025-01-23,21.1000000000,21.8500000000,20.5200000000,20.6000000000,15863465,337100856.6700,8.933500,-1.246400
2025-01-24,20.3100000000,21.4500000000,20.3100000000,21.0500000000,12399068,259848945.3800,6.982500,2.184500
2025-01-27,21.0700000000,21.1700000000,19.8000000000,19.8000000000,11713188,237660066.5600,6.596200,-5.938200
2025-02-05,20.1100000000,20.1900000000,19.6100000000,20.1800000000,8470872,169211765.7600,4.770300,1.919200
2025-02-06,20.1800000000,20.8700000000,19.9600000000,20.8600000000,10420700,213858616.5600,5.868400,3.369700
2025-02-07,20.7700000000,21.4800000000,20.7700000000,21.1500000000,14371684,304383798.7000,8.093400,1.390200
2025-02-10,21.1500000000,21.8300000000,21.1500000000,21.7300000000,13155300,283062093.0000,7.408400,2.742300
2025-02-11,21.6900000000,22.0000000000,21.4300000000,21.6500000000,11804072,255992654.7600,6.647400,-0.368200
2025-02-12,21.6500000000,22.0900000000,21.5000000000,21.9500000000,9858800,215096167.5000,5.551900,1.385700
2025-02-13,22.1500000000,24.0000000000,22.1200000000,22.7900000000,35967469,828984024.7900,20.254900,3.826900
2025-02-14,22.1600000000,22.7000000000,21.8000000000,22.0000000000,22911759,506629079.3100,12.902700,-3.466400
2025-02-17,22.6300000000,22.7100000000,21.9900000000,22.3900000000,16803250,374781740.5000,9.462700,1.772700
2025-02-18,22.1500000000,22.4300000000,21.3100000000,21.4000000000,13632718,298028651.3800,7.677200,-4.421600
2025-02-19,21.4000000000,21.9400000000,21.2800000000,21.9000000000,9223372,200369376.4000,5.194100,2.336400
2025-02-20,21.8200000000,22.1700000000,21.6800000000,22.0700000000,9860500,216969494.0000,5.552900,0.776300
2025-02-21,22.1900000000,22.4700000000,21.8500000000,22.3300000000,13334824,296328735.9600,7.509500,1.178100
2025-02-24,22.2700000000,22.5700000000,21.7100000000,22.1800000000,12539900,278166557.5000,7.061800,-0.671700
2025-02-25,21.8100000000,22.5000000000,21.7600000000,22.0600000000,8723000,192785968.7800,4.912300,-0.541000
2025-02-26,22.0700000000,22.1500000000,21.7200000000,21.9500000000,10312202,225504120.3800,5.807300,-0.498600
2025-02-27,21.9500000000,22.0000000000,21.0000000000,21.4700000000,12320250,264116908.0000,6.938100,-2.186800
2025-02-28,21.2100000000,21.3800000000,19.8500000000,19.9500000000,11832663,242536042.1100,6.663500,-7.079600
2025-03-03,20.1400000000,20.4000000000,19.6800000000,19.9100000000,8139924,163406665.8600,4.584000,-0.200500
2025-03-04,19.7500000000,20.4300000000,19.7000000000,20.4100000000,7188890,144744519.2000,4.048400,2.511300
2025-03-05,20.4000000000,20.6200000000,20.1600000000,20.4700000000,6700118,136299218.1200,3.773100,0.294000
2025-03-06,20.6000000000,21.3600000000,20.5000000000,20.9100000000,10709165,224082987.9700,6.030800,2.149500
2025-03-07,20.8000000000,21.2600000000,20.5600000000,20.7800000000,9265562,193400278.0000,5.217900,-0.621700
2025-03-10,20.7800000000,20.9600000000,20.4500000000,20.8800000000,6551250,135754635.1000,3.689300,0.481200
2025-03-11,20.6600000000,20.7900000000,20.3400000000,20.5300000000,6744207,138334081.7100,3.798000,-1.676200
2025-03-12,20.7300000000,21.0700000000,20.6600000000,20.8500000000,8194623,171083717.7000,4.614800,1.558700
2025-03-13,20.7500000000,20.8000000000,20.0600000000,20.3000000000,7258212,147745928.6000,4.087400,-2.637900
2025-03-14,20.3500000000,20.6400000000,20.1600000000,20.5600000000,5882850,120544178.0000,3.312900,1.280800
2025-03-17,20.6500000000,20.9200000000,20.5800000000,20.7700000000,5734950,119146736.5000,3.229600,1.021400
2025-03-18,20.7700000000,21.1000000000,20.6200000000,20.8900000000,8054409,167850146.9800,4.535800,0.577800
2025-03-19,20.9000000000,20.9000000000,20.4000000000,20.5000000000,6337450,130050395.0000,3.568900,-1.866900
2025-03-20,20.3800000000,20.5600000000,20.2000000000,20.2300000000,4490698,91547257.6000,2.528900,-1.317100
2025-03-21,20.1600000000,20.2400000000,19.8000000000,19.8300000000,6203800,123733676.0000,3.493600,-1.977300
2025-03-24,19.9000000000,19.9100000000,18.7400000000,19.3400000000,8552219,164533194.7700,4.816200,-2.471000
2025-03-25,19.1900000000,19.3900000000,18.9200000000,19.1200000000,3983059,76239984.3600,2.243000,-1.137500
2025-03-26,19.2100000000,19.9900000000,19.0500000000,19.5500000000,7078532,138427209.5300,3.986200,2.249000
2025-03-27,19.5000000000,20.3000000000,19.0600000000,19.6100000000,8329540,163192447.9500,4.690700,0.306900
2025-03-28,19.5000000000,19.6000000000,19.0600000000,19.0600000000,4984600,96036126.0000,2.807100,-2.804700
2025-03-31,19.1400000000,19.1900000000,18.6600000000,18.9400000000,4626266,87357619.4600,2.605300,-0.629600
2025-04-01,19.1000000000,19.2700000000,18.9500000000,19.1400000000,3218350,61579632.0000,1.812400,1.056000
2025-04-02,19.4200000000,19.5500000000,18.9600000000,18.9800000000,4436900,85152239.0000,2.498600,-0.835900
2025-04-03,18.7700000000,19.0000000000,18.6100000000,18.7200000000,4250244,79771221.1600,2.393500,-1.369900
2025-04-07,17.9900000000,17.9900000000,16.8500000000,16.8500000000,4849593,82488520.5400,2.731000,-9.989300
2025-04-08,16.0000000000,16.8500000000,15.3000000000,15.7300000000,9572642,152437409.6300,5.390800,-6.646900
2025-04-09,15.3000000000,16.2900000000,14.2500000000,16.0900000000,9081502,140470152.3600,5.114200,2.288600
2025-04-10,16.4100000000,16.9300000000,16.4100000000,16.5600000000,7144145,119268966.4500,4.023200,2.921100
2025-04-11,16.3100000000,16.9900000000,16.2600000000,16.8000000000,5980395,100280028.1000,3.367800,1.449300
2025-04-14,17.3000000000,17.5100000000,17.0400000000,17.1300000000,4900800,84382769.0000,2.759900,1.964300
2025-04-15,17.1000000000,17.2500000000,16.9100000000,17.0800000000,3048106,51995032.4800,1.716500,-0.291900
2025-04-16,17.0800000000,17.0900000000,16.3600000000,16.6800000000,4020250,67097257.0000,2.264000,-2.341900
2025-04-17,16.5000000000,16.9700000000,16.5000000000,16.6700000000,3168100,53336624.0000,1.784100,-0.060000
2025-04-18,16.6700000000,17.0000000000,16.5800000000,16.9400000000,4308750,72479471.0000,2.426500,1.619700
2025-04-21,16.9400000000,17.1800000000,16.8100000000,17.0600000000,5514300,94022451.0000,3.105400,0.708400
2025-04-22,16.9000000000,17.0900000000,16.8000000000,16.9800000000,4516779,76550766.6500,2.542800,-0.468900
2025-04-23,16.9800000000,17.2300000000,16.9800000000,17.1200000000,5165350,88447368.0000,2.907900,0.824500
2025-04-24,17.1400000000,17.2000000000,16.6000000000,16.7300000000,4716500,79407524.0000,2.655200,-2.278000
2025-04-25,16.7000000000,17.1400000000,16.7000000000,16.9000000000,4165900,70622398.0000,2.345200,1.016100
2025-04-28,16.7800000000,16.9700000000,16.5600000000,16.5700000000,3014900,50295244.0000,1.697300,-1.952700
2025-04-29,16.5600000000,16.9800000000,16.4200000000,16.7300000000,3872050,65111933.5000,2.179800,0.965600
2025-04-30,16.7400000000,17.1500000000,16.7100000000,17.0600000000,4918200,83763391.5000,2.768800,1.972500
2025-05-06,17.2000000000,17.7700000000,17.2000000000,17.7600000000,5915300,104024892.0000,3.330100,4.103200
2025-05-07,17.9700000000,18.1500000000,17.5200000000,17.7400000000,5550342,98480655.6800,3.124600,-0.112600
2025-05-08,17.7100000000,18.4500000000,17.6000000000,18.4000000000,10111312,184121442.4400,5.692300,3.720400
2025-05-09,18.2900000000,18.3100000000,17.9300000000,18.0400000000,5918405,107077437.8000,3.331800,-1.956500
2025-05-12,18.1700000000,18.4000000000,18.1500000000,18.3400000000,4899500,89467193.0000,2.758200,1.663000
2025-05-13,18.4500000000,18.5700000000,18.1400000000,18.1700000000,4436800,81243620.0000,2.497700,-0.926900
2025-05-14,18.2900000000,19.5000000000,18.1600000000,18.2300000000,12272868,227226899.6600,6.909100,0.330200
2025-05-15,18.1400000000,18.2800000000,17.9000000000,18.0300000000,6612706,119326630.7000,3.722700,-1.097100
2025-05-16,17.9500000000,18.2000000000,17.8600000000,17.9400000000,4164782,75259171.7000,2.344600,-0.499200
2025-05-19,18.0000000000,18.1500000000,17.8400000000,18.0700000000,3806350,68578045.3100,2.142800,0.724600
2025-05-20,18.0200000000,18.1500000000,17.8400000000,18.1400000000,3298849,59508412.8600,1.857100,0.387400
2025-05-21,18.1300000000,18.1300000000,17.8400000000,17.9400000000,3407716,61167434.0600,1.918400,-1.102500
2025-05-22,17.9900000000,18.6600000000,17.9600000000,18.0300000000,10099112,184996796.7600,5.685400,0.501700
2025-05-23,18.5000000000,18.5000000000,17.6600000000,17.6600000000,8103300,146033207.0000,4.561800,-2.052100
2025-05-26,17.6800000000,18.0600000000,17.3800000000,18.0400000000,5621400,100675614.0000,3.164600,2.151800
2025-05-27,17.9400000000,18.0900000000,17.8000000000,18.0700000000,3650600,65438498.0000,2.055100,0.166300
2025-05-28,18.0800000000,18.2300000000,17.9600000000,18.1700000000,3946200,71358483.0000,2.221600,0.553400
2025-05-29,18.1600000000,18.4500000000,18.0500000000,18.4200000000,6584200,120803944.0000,3.706600,1.375900
2025-05-30,18.4100000000,18.4100000000,17.7800000000,17.8500000000,5810712,104385179.6400,3.271200,-3.094500
2025-06-03,17.7900000000,18.0800000000,17.7000000000,17.8700000000,3173212,56868199.6400,1.786400,0.112000
2025-06-04,17.8800000000,19.0900000000,17.8800000000,18.6300000000,14504300,269450045.0000,8.165400,4.252900
2025-06-05,18.5100000000,19.1000000000,18.2400000000,19.0700000000,14387450,270176251.5000,8.099600,2.361800
2025-06-06,19.0700000000,19.2900000000,18.9300000000,19.1100000000,10634267,202951817.6400,5.986700,0.209800
2025-06-09,19.1000000000,19.3800000000,18.9600000000,19.3000000000,8037600,154322240.0000,4.524900,0.994200
2025-06-10,19.3100000000,19.3700000000,18.7600000000,18.9900000000,7796850,148465416.5000,4.389300,-1.606200
2025-06-11,18.9100000000,19.0800000000,18.8000000000,18.8100000000,5320100,100536858.0000,2.995000,-0.947900
2025-06-12,18.7100000000,20.6900000000,18.6700000000,20.6900000000,21432943,432502688.6300,12.065900,9.994700
2025-06-13,20.3200000000,21.0600000000,19.7300000000,19.9300000000,35651857,727522331.2000,20.070600,-3.673300
2025-06-16,19.8800000000,20.5400000000,19.7000000000,20.2400000000,21578948,436089550.3200,12.148100,1.555400
2025-06-17,20.2600000000,20.2900000000,19.7000000000,19.8400000000,14815212,294752787.8600,8.340400,-1.976300
2025-06-18,19.7900000000,20.5700000000,19.4800000000,20.1700000000,19728700,394934632.0000,11.106500,1.663300
2025-06-19,20.0000000000,20.4900000000,19.9100000000,19.9800000000,17292024,349309820.3300,9.734700,-0.942000
2025-06-20,19.9000000000,20.6300000000,19.6600000000,20.3800000000,21738100,438646570.5000,12.237700,2.002000
2025-06-23,19.9000000000,20.3200000000,19.7000000000,20.2200000000,15163850,304372630.2700,8.536700,-0.785100
2025-06-24,20.2600000000,21.0500000000,20.2100000000,20.8300000000,25865369,532476348.1500,14.561200,3.016800
2025-06-25,20.8300000000,20.9300000000,20.2900000000,20.7200000000,19832346,406684833.2500,11.164800,-0.528100
2025-06-26,20.5600000000,20.8300000000,20.3200000000,20.4100000000,14591322,299245332.7000,8.214300,-1.496100
2025-06-27,20.5000000000,20.8000000000,20.0100000000,20.5300000000,15040608,307443501.2000,8.467300,0.587900
2025-06-30,20.5400000000,21.5600000000,20.4100000000,21.2400000000,24592699,519367967.8500,13.844700,3.458400
2025-07-01,21.2600000000,21.2600000000,20.7500000000,21.0400000000,16022500,336532709.5000,9.020000,-0.941600
2025-07-02,20.8700000000,20.8700000000,20.3000000000,20.3000000000,10894200,222545164.0000,6.133000,-3.517100
2025-07-03,20.2000000000,20.5700000000,20.1900000000,20.5100000000,7737118,158184408.9200,4.355700,1.034500
2025-07-04,20.5400000000,20.5400000000,19.5200000000,19.6100000000,15470949,307376634.4500,8.709500,-4.388100
2025-07-07,19.5000000000,19.6900000000,19.3200000000,19.6000000000,6655492,130051072.5400,3.746800,-0.051000
2025-07-08,19.6000000000,20.1400000000,19.4700000000,20.0900000000,10118573,201722498.0500,5.696400,2.500000
2025-07-09,20.0000000000,20.2200000000,19.7700000000,19.8400000000,7898350,157751781.5000,4.446500,-1.244400
2025-07-10,19.8400000000,21.8200000000,19.8400000000,21.0900000000,52756330,1134439488.8000,29.699700,6.300400
2025-07-11,20.4700000000,20.6400000000,20.0200000000,20.3000000000,34375991,699507451.5600,19.352300,-3.745900
2025-07-14,20.3000000000,20.8000000000,20.0400000000,20.3900000000,17212752,350505760.8600,9.690100,0.443300
2025-07-15,20.1200000000,21.4400000000,20.1200000000,20.5400000000,24042177,498461578.1000,13.534800,0.735700
2025-07-16,20.5900000000,21.4000000000,20.2500000000,20.8100000000,24843550,518851468.0000,13.985900,1.314500
2025-07-17,20.7000000000,21.7800000000,20.4500000000,21.4100000000,28056257,597543888.8900,15.794600,2.883200
2025-07-18,21.5000000000,21.6800000000,21.1000000000,21.2000000000,18126250,387320757.0000,10.204400,-0.980900
2025-07-21,21.2000000000,21.2100000000,20.7000000000,20.9400000000,13215470,275987924.2400,7.439800,-1.226400
2025-07-22,20.9700000000,21.6800000000,20.7900000000,20.9400000000,20140323,427383728.5900,11.338200,0.000000
2025-07-23,20.6000000000,21.0600000000,20.3500000000,20.7100000000,11890298,245468035.0900,6.693800,-1.098400
2025-07-24,20.6000000000,20.8400000000,20.4500000000,20.6000000000,10526292,216286101.2000,5.925900,-0.531100
2025-07-25,20.6000000000,20.6000000000,20.2400000000,20.4700000000,9406473,191948161.0900,5.295500,-0.631100
2025-07-28,20.6000000000,21.4600000000,20.4700000000,21.0800000000,17908327,376021541.0300,10.081700,2.980000
2025-07-29,21.0100000000,21.4000000000,20.9300000000,21.3700000000,16971396,360214251.7300,9.554200,1.375700
2025-07-30,21.2200000000,21.7200000000,20.9400000000,21.1500000000,11188484,236975553.5800,6.298700,-1.029500
2025-07-31,21.1500000000,21.7800000000,21.0400000000,21.1900000000,19465066,417663190.1600,10.958100,0.189100
2025-08-01,21.1000000000,23.3100000000,20.8000000000,22.7000000000,30670150,691915711.4800,17.266100,7.126000
2025-08-04,22.0100000000,23.6000000000,21.7800000000,23.0000000000,52204788,1186402454.0200,29.389300,1.321600
2025-08-05,22.7600000000,22.9500000000,22.1800000000,22.4300000000,29874565,669568288.9300,16.818200,-2.478300
2025-08-06,22.2000000000,22.4100000000,21.9700000000,22.1300000000,20720949,458661157.3700,11.665100,-1.337500
2025-08-07,22.0400000000,22.6900000000,21.8000000000,22.3300000000,24759375,551400091.6600,13.938600,0.903800
2025-08-08,22.1100000000,22.1100000000,21.6000000000,21.6800000000,15040160,327549492.6100,8.467000,-2.910900
2025-08-11,21.8700000000,22.5000000000,21.7900000000,22.1700000000,15917108,352501552.1700,8.960700,2.260100
2025-08-12,22.0800000000,22.1900000000,21.8000000000,22.0500000000,10380078,228001510.1900,5.843600,-0.541300
2025-08-13,21.9800000000,23.3700000000,21.9100000000,22.8300000000,31469028,710580667.9700,17.715800,3.537400
2025-08-14,22.6700000000,22.7300000000,21.9200000000,21.9200000000,18960202,421454491.9000,10.673900,-3.986000
2025-08-15,21.9200000000,22.3000000000,21.8300000000,21.9800000000,12897094,284607931.7200,7.260600,0.273700
2025-08-18,22.1500000000,23.0000000000,22.1400000000,22.7300000000,28735330,652429990.7300,16.176900,3.412200
2025-08-19,22.8000000000,23.7400000000,22.8000000000,23.4000000000,34137115,799581928.8000,19.217900,2.947600
2025-08-20,23.5100000000,23.9800000000,23.0400000000,23.6800000000,26053089,612700417.7600,14.666900,1.196600
2025-08-21,23.5100000000,23.8700000000,22.9300000000,23.2600000000,19300651,449920469.7400,10.865500,-1.773600
2025-08-22,23.1800000000,23.9000000000,23.0400000000,23.3900000000,21366257,501528822.5400,12.028400,0.558900
2025-08-25,23.8200000000,24.9700000000,23.2900000000,24.4800000000,41164202,997287254.6200,23.173800,4.660100
2025-08-26,24.0400000000,25.3000000000,24.0400000000,24.6200000000,31003092,765405853.8500,17.453500,0.571900
2025-08-27,24.3800000000,25.8500000000,24.2200000000,24.8800000000,41907030,1050861894.2800,23.592000,1.056100
2025-08-28,25.1800000000,26.0000000000,24.3500000000,26.0000000000,45715439,1152925137.9300,25.736000,4.501600
2025-08-29,26.5000000000,26.5000000000,24.3000000000,24.3400000000,36519735,913725455.3000,20.559200,-6.384600
2025-09-01,24.3400000000,25.1800000000,24.2000000000,24.8100000000,24178838,597545974.0400,13.611700,1.931000
2025-09-02,24.5100000000,25.4200000000,23.4200000000,23.6300000000,23159839,562815597.1800,13.038100,-4.756100
2025-09-03,23.5100000000,24.2400000000,23.0300000000,23.6900000000,16641145,395078990.6200,9.368300,0.253900
2025-09-04,24.0300000000,24.9400000000,22.0700000000,22.5400000000,23056119,537121761.1400,12.979700,-4.854400
2025-09-05,22.5800000000,23.5300000000,22.3700000000,23.5000000000,16084301,370802571.9800,9.054800,4.259100
2025-09-08,23.4400000000,23.6300000000,22.8500000000,23.4100000000,12154523,282585473.4400,6.842500,-0.383000
2025-09-09,23.2000000000,23.3100000000,22.3900000000,22.4300000000,11371600,258721099.0000,6.401800,-4.186200
2025-09-10,22.7000000000,22.7900000000,22.2300000000,22.4100000000,8011917,180338640.4300,4.510400,-0.089200
2025-09-11,22.4200000000,24.0400000000,22.2800000000,23.7000000000,21844793,510534559.4200,12.297800,5.756400
2025-09-12,23.6800000000,24.2400000000,23.3100000000,23.9100000000,15922883,379885955.3200,8.964000,0.886100
2025-09-15,23.8800000000,24.2700000000,23.4100000000,23.8800000000,10591578,252059996.8900,5.962600,-0.125500
2025-09-16,23.8700000000,24.1600000000,23.6300000000,24.1500000000,11352448,272295609.1600,6.391000,1.130700
2025-09-17,24.1400000000,24.9500000000,24.0200000000,24.4500000000,13397409,328131050.0400,7.542200,1.242200
2025-09-18,24.2100000000,25.2200000000,24.0800000000,24.5600000000,22465326,556426030.3500,12.647100,0.449900
2025-09-19,24.9000000000,25.3600000000,24.5700000000,24.9700000000,21016550,524582409.1700,11.831500,1.669400
2025-09-22,25.5000000000,25.6500000000,24.0300000000,24.7000000000,19920973,491023881.2200,11.214700,-1.081300
2025-09-23,24.9100000000,25.1700000000,23.5000000000,24.0900000000,16669773,399699523.6900,9.384400,-2.469600
2025-09-24,23.7700000000,26.5000000000,23.3300000000,24.8300000000,30315753,762093451.9400,17.066600,3.071800
2025-09-25,24.4000000000,25.3800000000,24.0500000000,25.0700000000,23289323,576372006.1700,13.111000,0.966600
2025-09-26,24.9500000000,25.0000000000,24.0700000000,24.0700000000,14689916,358102910.8100,8.269800,-3.988800
2025-09-29,23.9500000000,24.1600000000,23.5100000000,23.7600000000,10247902,243937736.8600,5.769200,-1.287900
2025-09-30,24.0100000000,24.4800000000,23.2800000000,23.5500000000,13345893,315739646.1400,7.513200,-0.883800
2025-10-09,24.0100000000,24.6900000000,23.5500000000,24.1300000000,16767069,402347463.0000,9.439200,2.462800
2025-10-10,24.0000000000,24.2600000000,23.2100000000,23.4200000000,12687587,299869431.5900,7.142600,-2.942400
2025-10-13,22.2000000000,23.1500000000,21.3400000000,23.0100000000,13397841,301444892.7400,7.542500,-1.750600
2025-10-14,23.4000000000,23.7500000000,22.4100000000,22.5900000000,11901975,274379447.0500,6.700300,-1.825300
2025-10-15,22.6000000000,23.2000000000,22.0000000000,23.0900000000,10973570,248607718.0400,6.177700,2.213400
2025-10-16,23.5600000000,23.7000000000,22.6200000000,22.7300000000,11218200,259139116.5000,6.315400,-1.559100
2025-10-17,22.8000000000,22.8000000000,21.0400000000,21.0500000000,12235007,265716657.4800,6.887800,-7.391100
2025-10-20,21.4100000000,22.2600000000,21.4100000000,21.9100000000,12287387,269122411.4600,6.917300,4.085500
2025-10-21,22.0700000000,22.4700000000,21.7100000000,22.4000000000,8465353,187461095.8300,4.765700,2.236400
2025-10-22,22.2000000000,22.5000000000,22.0500000000,22.1300000000,5796700,128703272.3600,3.263300,-1.205400
2025-10-23,22.0100000000,22.0800000000,21.4800000000,21.8800000000,5691772,123396425.7600,3.204200,-1.129700
2025-10-24,22.0000000000,22.4800000000,21.9200000000,22.4600000000,6467413,143987464.9200,3.640900,2.650800
2025-10-27,22.4100000000,22.5000000000,21.7600000000,21.8300000000,11281600,248292414.1900,6.351100,-2.805000
2025-10-28,21.6300000000,22.4000000000,21.6100000000,22.0600000000,8087196,178916267.6000,4.552800,1.053600
2025-10-29,22.3000000000,22.5800000000,21.7200000000,21.8500000000,8475310,186441747.6000,4.771300,-0.951900
2025-10-30,21.8500000000,21.8500000000,21.1200000000,21.1900000000,9046855,193559561.6900,5.093000,-3.020600
2025-10-31,21.1700000000,21.3900000000,20.9300000000,21.1800000000,6232285,132063776.5100,3.508500,-0.047200
2025-11-03,21.1800000000,21.2100000000,20.8400000000,21.2100000000,5339477,112288559.6300,3.005900,0.141600
2025-11-04,21.2100000000,21.7600000000,20.9100000000,21.0800000000,8243396,175560720.0200,4.640700,-0.612900
2025-11-05,20.7800000000,21.8600000000,20.6900000000,21.5800000000,11545869,246898924.5000,6.499900,2.371900
2025-11-06,21.6000000000,21.8900000000,21.2100000000,21.8100000000,8801900,190207793.0000,4.955100,1.065800
2025-11-07,21.5600000000,21.9100000000,21.2000000000,21.5900000000,6699459,144155515.3800,3.771500,-1.008700
2025-11-10,21.8100000000,21.8700000000,21.2600000000,21.3900000000,6255250,134334957.3100,3.521500,-0.926400
2025-11-11,21.4000000000,21.7500000000,21.2800000000,21.3900000000,6500744,139807307.2800,3.659700,0.000000
2025-11-12,21.5000000000,21.5000000000,20.8600000000,21.2800000000,5504200,116300300.6900,3.098600,-0.514300
2025-11-13,21.2900000000,21.2900000000,21.0400000000,21.1700000000,5007200,105969545.0000,2.818900,-0.516900
2025-11-14,21.0100000000,21.7300000000,20.9800000000,21.4300000000,8891657,190624611.7500,5.005700,1.228200
2025-11-17,21.3800000000,22.0500000000,21.3800000000,21.9800000000,10032200,218860695.0000,5.647700,2.566500
2025-11-18,21.9500000000,22.5000000000,21.6800000000,22.1400000000,10379600,229872724.9800,5.843300,0.727900
2025-11-19,22.0700000000,22.3800000000,21.4700000000,21.5900000000,6625323,144185884.1100,3.729800,-2.484200
2025-11-20,21.8600000000,22.1200000000,20.7100000000,21.4600000000,8924916,190207418.4200,5.024400,-0.602100
2025-11-21,21.1100000000,21.4300000000,20.7200000000,20.8800000000,8462700,178047537.0000,4.764200,-2.702700
2025-11-24,20.9000000000,21.5000000000,20.9000000000,21.4100000000,7457798,158745504.1800,4.198400,2.538300
2025-11-25,21.4500000000,22.5000000000,21.4500000000,22.0400000000,13731808,303414713.9200,7.730500,2.942600
2025-11-26,21.8600000000,22.4800000000,21.7900000000,22.1200000000,10665500,236457186.0000,6.004300,0.363000
2025-11-27,22.3300000000,22.5500000000,22.1200000000,22.1300000000,13232600,295357540.0500,7.449400,0.045200
2025-11-28,22.1000000000,22.2500000000,21.9300000000,21.9900000000,8839900,194789082.0000,4.976500,-0.632600
2025-12-01,21.9800000000,22.2600000000,21.7800000000,22.0600000000,6294281,138916918.5300,3.543400,0.318300
2025-12-02,22.0300000000,22.0300000000,21.6000000000,21.6500000000,5881681,127684715.4000,3.311200,-1.858600
2025-12-03,21.6500000000,22.3800000000,21.3600000000,21.6500000000,9224253,200872606.4100,5.192900,0.000000
2025-12-04,21.6900000000,22.9600000000,21.5900000000,22.2900000000,18929595,424932987.1200,10.656600,2.956100
2025-12-05,22.2900000000,22.6200000000,21.7200000000,22.6000000000,12516646,279582797.2700,7.046400,1.390800
2025-12-08,22.6000000000,23.5000000000,22.5600000000,23.2600000000,15703712,363281542.1800,8.840600,2.920400
2025-12-09,23.0300000000,23.6900000000,22.9200000000,23.4400000000,14652012,343647837.0400,8.248500,0.773900
2025-12-10,23.2100000000,23.8500000000,23.0500000000,23.7900000000,16466188,388894869.7800,9.269800,1.493200
2025-12-11,23.6900000000,23.9400000000,23.2600000000,23.3600000000,14176916,333864903.1100,7.981000,-1.807500
2025-12-12,23.1500000000,24.2500000000,23.0800000000,23.2900000000,17224545,404221253.8700,9.696700,-0.299700
2025-12-15,22.9000000000,23.3000000000,22.4000000000,22.4300000000,11457666,260061048.8600,6.450200,-3.692600
2025-12-16,22.4500000000,22.5000000000,21.3300000000,21.4200000000,10284800,222732719.0000,5.789900,-4.502900
2025-12-17,21.3500000000,22.6400000000,20.9500000000,22.4900000000,13391201,291755725.1400,7.538700,4.995300
2025-12-18,22.4900000000,23.2200000000,22.2000000000,22.7400000000,12435400,284568145.9400,7.000600,1.111600
2025-12-19,22.8000000000,23.4300000000,22.1700000000,22.2800000000,10401789,233990923.9200,5.855800,-2.022900
2025-12-22,22.3200000000,24.3800000000,22.3200000000,23.2500000000,16355084,379692333.4900,9.207300,4.353700
2025-12-23,23.0000000000,23.2200000000,22.5400000000,22.7000000000,10808770,245492227.2000,6.084900,-2.365600
2025-12-24,22.5800000000,23.2700000000,22.4500000000,23.1200000000,13627640,313139427.1000,7.671800,1.850200
2025-12-25,23.0500000000,23.5300000000,23.0100000000,23.2000000000,10498885,244056327.9200,5.910500,0.346000
2025-12-26,23.0200000000,23.9000000000,22.6500000000,23.6500000000,15133364,355206392.5600,8.519500,1.939700
2025-12-29,23.4500000000,23.9700000000,23.3000000000,23.5200000000,10659171,251497340.1900,6.000700,-0.549700
2025-12-30,23.3000000000,23.7300000000,23.0100000000,23.0500000000,8283414,193088052.8600,4.663200,-1.998300
2025-12-31,23.0500000000,23.2000000000,22.5600000000,22.6900000000,7592270,173131016.9400,4.274200,-1.561800
2026-01-05,22.8200000000,22.9000000000,22.3200000000,22.5400000000,9576573,215739143.9000,5.391200,-0.661100
2026-01-06,22.4500000000,22.8600000000,22.1200000000,22.6500000000,12969737,290664059.3300,7.301500,0.488000
2026-01-07,22.6800000000,22.9800000000,22.2900000000,22.5000000000,12029978,271714485.9600,6.772400,-0.662300
2026-01-08,22.3600000000,22.9000000000,22.2500000000,22.6000000000,9910084,224465110.9600,5.579000,0.444400
2026-01-09,22.4600000000,22.6700000000,22.1600000000,22.4300000000,12224102,273622900.8200,6.881700,-0.752200
2026-01-12,22.4900000000,23.1100000000,22.4900000000,23.1100000000,16295375,374043388.1300,9.173700,3.031700
2026-01-13,23.1000000000,23.1100000000,21.9000000000,21.9800000000,19498029,435742771.8200,10.976600,-4.889700
2026-01-14,22.0500000000,22.4000000000,21.7500000000,22.1300000000,12930119,285633762.9600,7.279200,0.682400
2026-01-15,22.0800000000,22.0800000000,21.4100000000,21.7800000000,10926224,236917406.6000,6.151000,-1.581600
2026-01-16,21.8400000000,22.2500000000,21.5300000000,21.9800000000,8905415,194719426.1400,5.013400,0.918300
2026-01-19,21.8900000000,22.1500000000,21.6700000000,22.1000000000,7952916,174395563.4600,4.477200,0.546000
2026-01-20,22.1300000000,22.1400000000,21.2500000000,21.4200000000,10735516,231428787.8400,6.043700,-3.076900
2026-01-21,21.2800000000,21.9900000000,21.0800000000,21.8000000000,8234943,178169581.9200,4.636000,1.774000
2026-01-22,21.7600000000,21.9600000000,21.6500000000,21.7400000000,5832770,126943289.1500,3.283600,-0.275200
2026-01-23,21.6500000000,21.8100000000,21.5300000000,21.6100000000,8687781,187810212.0300,4.890900,-0.598000
2026-01-26,21.6100000000,21.7500000000,20.8100000000,21.1000000000,10232995,216949729.3500,5.760800,-2.360000
2026-01-27,21.0900000000,21.2800000000,20.3100000000,21.2100000000,9001803,187516747.0400,5.067700,0.521300
2026-01-28,21.2200000000,21.5200000000,20.9500000000,21.1300000000,6952865,147295391.4500,3.914200,-0.377200
2026-01-29,20.8600000000,20.9900000000,20.3400000000,20.3900000000,8290169,171092362.5400,4.667000,-3.502100
2026-01-30,20.2700000000,20.6400000000,19.9100000000,20.4700000000,7051157,143217241.3900,3.969500,0.392300
2026-02-02,20.2700000000,20.9000000000,20.2300000000,20.2500000000,5863050,120797901.8000,3.300700,-1.074700
2026-02-03,20.4600000000,20.7000000000,20.3000000000,20.6900000000,5427436,111565509.6400,3.055400,2.172800
2026-02-04,20.6000000000,21.0000000000,20.5000000000,20.8300000000,5786913,119998742.7100,3.257800,0.676700
2026-02-05,20.7000000000,20.7800000000,20.4000000000,20.4300000000,4058700,83490927.0000,2.284900,-1.920300
2026-02-06,20.3100000000,20.7800000000,20.2600000000,20.5700000000,4577500,94411020.0000,2.577000,0.685300
2026-02-09,20.7700000000,21.3600000000,20.6200000000,21.3200000000,8229535,174301954.4900,4.632900,3.646100
2026-02-10,21.3000000000,21.7400000000,21.2200000000,21.2800000000,5182228,111212333.2600,2.917400,-0.187600
2026-02-11,21.2500000000,21.4200000000,21.0300000000,21.0500000000,3735100,79124617.0000,2.102700,-1.080800
2026-02-12,21.0400000000,21.2500000000,20.8900000000,21.0700000000,3916700,82719786.0000,2.204900,0.095000
2026-02-13,21.0500000000,21.2200000000,20.8500000000,20.8800000000,3370255,70992683.3000,1.897300,-0.901800
2026-02-24,21.1000000000,21.4500000000,20.9200000000,21.2900000000,4566167,97036476.5000,2.570600,1.963600
2026-02-25,21.4900000000,21.8200000000,21.2600000000,21.2900000000,5444437,116696956.3600,3.065000,0.000000
2026-02-26,21.3000000000,21.7500000000,21.2400000000,21.6600000000,6991558,150765255.3800,3.936000,1.737900
2026-02-27,21.4600000000,21.4600000000,21.0100000000,21.3400000000,6597851,139940029.3700,3.714300,-1.477400
2026-03-02,21.1000000000,21.3500000000,20.7200000000,20.7500000000,6372136,133579575.6400,3.587300,-2.764800
2026-03-03,21.0400000000,22.2200000000,20.7000000000,20.7200000000,14984594,319338885.3900,8.435700,-0.144600
2026-03-04,20.0500000000,20.7500000000,19.9500000000,20.3000000000,7856728,160357924.3500,4.423000,-2.027000
2026-03-05,20.6000000000,20.8800000000,20.3700000000,20.4300000000,6275690,129438698.7000,3.533000,0.640400
2026-03-06,20.4700000000,21.2200000000,20.2000000000,20.9100000000,8112750,168106559.7800,4.567200,2.349500
2026-03-09,20.4000000000,20.5700000000,19.4200000000,20.2400000000,11969888,238141962.9600,6.738600,-3.204200
2026-03-10,20.5900000000,21.8100000000,20.5900000000,21.5400000000,15313150,324233387.9800,8.620700,6.422900
2026-03-11,21.5600000000,22.4900000000,21.5600000000,22.0100000000,18434814,408148816.4400,10.378100,2.182000
2026-03-12,21.9200000000,22.6600000000,21.8000000000,22.0200000000,13740732,305052068.6000,7.735500,0.045400
2026-03-13,21.8300000000,22.7600000000,21.4900000000,22.0800000000,15709012,349826626.9800,8.843600,0.272500
2026-03-16,21.9500000000,22.4800000000,21.8600000000,22.4100000000,11497411,255821015.9600,6.472600,1.494600
2026-03-17,22.4100000000,22.4800000000,20.9200000000,20.9800000000,12247025,263280636.9200,6.894600,-6.381100
2026-03-18,21.3100000000,21.8100000000,20.8200000000,21.7800000000,11039033,236997752.0700,6.214500,3.813200
2026-03-19,21.7000000000,23.9600000000,21.3000000000,23.9600000000,39667833,913343902.3500,22.331400,10.009200
2026-03-20,26.3600000000,26.3600000000,24.4000000000,24.5500000000,86432444,2220957455.5300,48.658100,2.462400
2026-03-23,23.0000000000,24.1100000000,22.5900000000,22.7900000000,64718164,1506145758.4800,36.433800,-7.169000
2026-03-24,23.0000000000,23.6700000000,22.4400000000,23.5900000000,54361988,1257867991.9700,30.603700,3.510300
2026-03-25,25.9500000000,25.9500000000,25.9500000000,25.9500000000,7174100,186167895.0000,4.038700,10.004200
2026-03-26,28.0000000000,28.5500000000,27.5100000000,28.5500000000,27813432,787010913.9400,15.657900,10.019300
2026-03-27,28.4000000000,29.6300000000,26.5800000000,27.9400000000,86374315,2445013763.7100,48.625400,-2.136600
2026-03-30,27.0100000000,29.3000000000,27.0100000000,28.7800000000,61286273,1742458484.7500,34.501800,3.006400
2026-03-31,26.6100000000,27.9700000000,25.9000000000,26.1600000000,58127435,1549086011.8000,32.723500,-9.103500
2026-04-01,28.7500000000,28.7800000000,28.7500000000,28.7800000000,16014382,460811036.3900,9.015500,10.015300
2026-04-02,28.8000000000,29.8700000000,27.1000000000,27.6400000000,58674343,1649834564.4700,33.031400,-3.961100
2026-04-03,27.7500000000,28.7700000000,26.8900000000,27.0000000000,58241536,1622624259.0900,32.787700,-2.315500
2026-04-07,26.7300000000,27.9800000000,26.2200000000,26.7000000000,52256184,1408152685.4400,29.418200,-1.111100
2026-04-08,29.3700000000,29.3700000000,28.1800000000,29.3700000000,44389762,1291527976.7300,24.989700,10.000000
2026-04-09,29.9100000000,30.7900000000,28.1300000000,28.8300000000,73180711,2132481378.4000,41.197900,-1.838600
2026-04-10,28.3300000000,29.1500000000,27.8000000000,28.0700000000,45811214,1297935657.4000,25.789900,-2.636100
2026-04-13,27.5000000000,30.8800000000,27.3500000000,30.8800000000,59834820,1755867031.3600,33.684700,10.010700
2026-04-14,30.6200000000,31.9500000000,29.9800000000,30.2900000000,66823445,2061821029.7400,37.619000,-1.910600
2026-04-15,30.0600000000,31.5000000000,29.6500000000,29.8000000000,46107302,1401463726.5000,25.956600,-1.617700
2026-04-16,29.8200000000,30.7000000000,28.9400000000,30.6200000000,54130264,1622915515.3700,30.473200,2.751700
2026-04-17,30.0700000000,31.7100000000,29.8100000000,30.3800000000,53178127,1627689644.8300,29.937200,-0.783800
2026-04-20,29.5000000000,30.8000000000,29.4000000000,30.2000000000,40661112,1226143625.1800,22.890600,-0.592500
2026-04-21,29.5000000000,29.5100000000,27.9700000000,29.3000000000,39242300,1130443116.3100,22.091900,-2.980100
2026-04-22,28.8600000000,30.0800000000,28.3000000000,29.5000000000,37217425,1093400244.6700,20.952000,0.682600
2026-04-23,29.2000000000,29.5200000000,26.6200000000,27.0200000000,45016055,1243831205.7000,25.342300,-8.406800
2026-04-24,26.5200000000,27.0100000000,25.7700000000,26.0100000000,29745302,779460245.0100,16.745400,-3.738000
2026-04-27,28.5000000000,28.6100000000,28.5000000000,28.6100000000,15331770,438467611.0700,8.631200,9.996200
2026-04-28,29.6500000000,31.4700000000,29.1800000000,31.4700000000,32380026,994813534.0100,18.228700,9.996500
2026-04-29,31.5000000000,32.3400000000,30.8200000000,30.9900000000,65160392,2047869871.9900,36.682800,-1.525300
2026-04-30,31.3000000000,31.7500000000,30.1800000000,30.3900000000,34241529,1050726529.7800,19.276700,-1.936100
