date,open,high,low,close,volume,amount,turn,pctChg
2010-01-04,1.7092825600,1.7180522000,1.6662316000,1.6929391400,1186550,50253373.4900,6.448641,-0.561900
2010-01-05,1.6909460400,1.7200453000,1.6542730000,1.7100798000,1327862,56211832.4200,7.216641,1.012500
2010-01-06,1.7104784200,1.7108770400,1.6542730000,1.6562661000,1420980,59758822.8400,7.722717,-3.146900
2010-01-07,1.6538743800,1.6777915800,1.6124179000,1.6283627000,1215675,50154657.9400,6.606929,-1.684700
2010-01-08,1.6255723600,1.6255723600,1.5665766000,1.5976689600,1219160,48596026.1800,6.625870,-1.884900
2010-01-11,1.5944800000,1.6722109000,1.5777379600,1.6439088800,1547117,63400247.5200,8.408245,2.894200
2010-01-12,1.6542730000,1.6901488000,1.6391254400,1.6582592000,1312434,54844909.2100,7.132793,0.872900
2010-01-13,1.6383282000,1.7200453000,1.6355378600,1.7140660000,1954490,82815423.0400,10.622228,3.365400
2010-01-14,1.7619004000,1.8735140000,1.7619004000,1.7937900000,3090322,140855027.4300,16.795228,4.651200
2010-01-15,1.7738590000,1.8117279000,1.7260246000,1.7495431800,1736928,76729651.2300,9.439826,-2.466700
2010-01-18,1.7599073000,1.8085389400,1.7599073000,1.7981748200,1389024,62292276.7800,7.549043,2.779700
2010-01-19,1.7937900000,1.7937900000,1.7148632400,1.7284163200,1330217,58100743.1400,7.229440,-3.879400
2010-01-20,1.7156604800,1.7260246000,1.6024524000,1.6152082400,1420594,58880348.9300,7.720620,-6.549800
2010-01-21,1.6175999600,1.6574619600,1.6152082400,1.6351392400,731659,30043497.4700,3.976408,1.234000
2010-01-22,1.6136137600,1.6263696000,1.5406663000,1.5657793600,1088082,42705579.3200,5.913489,-4.241800
2010-01-25,1.5546180000,1.5904938000,1.5227284000,1.5466456000,773241,30227562.7400,4.202397,-1.222000
2010-01-26,1.5550166200,1.5916896600,1.5071822200,1.5259173600,772090,30094656.5100,4.196141,-1.340200
2010-01-27,1.5183435800,1.5546180000,1.5183435800,1.5291063200,483943,18594973.4100,2.630125,0.209000
2010-01-28,1.5227284000,1.5291063200,1.4230734000,1.4537671400,1093260,39979018.9900,5.941630,-4.927000
2010-01-29,1.4350320000,1.4948250000,1.4342347600,1.4469906000,735580,26990720.1300,3.997717,-0.466100
2010-02-01,1.3034874000,1.4465919800,1.3022915400,1.3226211600,3697006,122507144.8100,16.073939,-8.595000
2010-02-02,1.3166418600,1.3453425000,1.3034874000,1.3062777400,1443401,47642244.9400,6.275657,-1.235700
2010-02-03,1.3158446200,1.3158446200,1.1982517200,1.2751853800,1422316,44663962.6200,6.183983,-2.380200
2010-02-04,1.2604364400,1.2943191400,1.2484778400,1.2696047000,973551,31115591.0600,4.232830,-0.437600
2010-02-05,1.2476806000,1.2943191400,1.2361206200,1.2668143600,900375,28587029.4800,3.914674,-0.219800
2010-02-08,1.2747867600,1.3054805000,1.2668143600,1.2915288000,959480,31078504.5700,4.171652,1.950900
2010-02-09,1.2775771000,1.2911301800,1.2568488600,1.2787729600,489763,15608274.5400,2.129404,-0.987700
2010-02-10,1.2815633000,1.3397618200,1.2815633000,1.3325866600,1209455,39891519.3300,5.258500,4.208200
2010-02-11,1.3381673400,1.3816169200,1.3166418600,1.3792252000,1601296,54349731.6000,6.962157,3.499900
2010-02-12,1.3772321000,1.4346333800,1.3561052400,1.4162968600,1178552,41258772.4400,5.124139,2.687900
2010-02-22,1.4151010000,1.4151010000,1.3648748800,1.3648748800,992245,34467657.8000,4.314109,-3.630700
2010-02-23,1.3616859200,1.3867989800,1.3461397400,1.3864003600,832915,28538118.6100,3.621370,1.577100
2010-02-24,1.3513218000,1.4589492000,1.3353770000,1.4537671400,2901943,102505195.8200,12.617143,4.859100
2010-02-25,1.4461933600,1.4577533400,1.4242692600,1.4434030200,2348103,84764226.1900,10.209143,-0.712900
2010-02-26,1.4342347600,1.4342347600,1.4103175600,1.4115134200,1486986,53075225.1400,6.465157,-2.209300
2010-03-01,1.3951700000,1.4282554600,1.3879948400,1.4266609800,1208563,42976543.3800,5.254622,1.073100
2010-03-02,1.4270596000,1.4661243600,1.4210803000,1.4358292400,1593488,57857406.9200,6.928209,0.642600
2010-03-03,1.4354306200,1.4354306200,1.3963658600,1.4023451600,1415405,50146288.9900,6.153935,-2.332000
2010-03-04,1.3991562000,1.4119120400,1.3146487600,1.3262087400,1587664,54251157.6200,6.902887,-5.429200
2010-03-05,1.3278032200,1.3529162800,1.3210266800,1.3417549200,1052579,35403831.4900,4.576430,1.172200
2010-03-08,1.3505245600,1.3732459000,1.3353770000,1.3592942000,836622,28494602.0700,3.637487,1.307200
2010-03-09,1.3592942000,1.3592942000,1.3234184000,1.3513218000,762306,25749063.7200,3.314374,-0.586500
2010-03-10,1.3353770000,1.3704555600,1.3313908000,1.3573011000,1002329,33929187.0100,4.357952,0.442500
2010-03-11,1.3321880400,1.3549093800,1.2923260400,1.3549093800,2435952,80713303.6200,10.591096,-0.176200
2010-03-12,1.3433494000,1.4410113000,1.3353770000,1.3947713800,3791934,132888279.8900,16.486670,2.942000
2010-03-15,1.3832114000,1.4553616200,1.3832114000,1.4549630000,2899635,103264050.9100,12.607109,4.315500
2010-03-16,1.4549630000,1.4549630000,1.3943727600,1.4154996200,1960939,69785988.3100,8.525822,-2.712300
2010-03-17,1.4139051400,1.4461933600,1.3951700000,1.4418085400,2006450,71912315.9600,8.723696,1.858600
2010-03-18,1.4418085400,1.4657257400,1.4194858200,1.4529699000,2423850,87934725.1300,10.538478,0.774100
2010-03-19,1.4529699000,1.4589492000,1.4270596000,1.4402140600,1403713,50793710.6500,6.103100,-0.877900
2010-03-22,1.4350320000,1.4649285000,1.4182899600,1.4601450600,1816182,65713302.8500,7.896443,1.383900
2010-03-23,1.4418085400,1.4808733000,1.4151010000,1.4748940000,2689925,98110438.1200,11.695326,1.010100
2010-03-24,1.5123642800,1.6223834000,1.4900415600,1.6223834000,7043412,280442180.5400,30.623530,10.000000
2010-03-25,1.5857103600,1.6722109000,1.5586042000,1.6315516600,7432796,301793521.3500,32.316504,0.565100
2010-03-26,1.5777379600,1.5896965600,1.5147560000,1.5402676800,3769909,146558465.2500,16.390909,-5.594900
2010-03-29,1.5346870000,1.5390718200,1.4752926200,1.5099725600,3027898,114347054.2600,13.164774,-1.966900
2010-03-30,1.5027974000,1.5502331800,1.4912374200,1.5398690600,2255268,86923134.8300,9.805513,1.979900
2010-03-31,1.5287077000,1.6020537800,1.5219311600,1.5745490000,3126727,123818437.2700,13.594465,2.252100
2010-04-01,1.5769407200,1.6694205600,1.5769407200,1.6032496400,4387329,179814322.0700,19.075343,1.822800
2010-04-02,1.5745490000,1.6275654600,1.5590028200,1.6104248000,2124025,85051232.9900,9.234891,0.447500
2010-04-06,1.6164041000,1.6542730000,1.6160054800,1.6502868000,2240222,92032312.6000,9.740096,2.475200
2010-04-07,1.6463006000,1.7331997600,1.6267682200,1.7128701400,3622849,152952442.4300,15.751517,3.792300
2010-04-08,1.6941350000,1.7527321400,1.6295585600,1.6363351000,3243611,137521469.4100,14.102657,-4.468200
2010-04-09,1.6187958200,1.7140660000,1.6187958200,1.7060936000,2481073,104609526.4700,10.787274,4.263100
2010-04-12,1.7108770400,1.8073430800,1.7108770400,1.8037555000,3824853,168825340.3700,16.629796,5.724300
2010-04-13,1.8037555000,1.8037555000,1.8037555000,1.8037555000,0,0.0000,,0.000000
2010-04-14,1.6662316000,1.7220384000,1.6243765000,1.6781902000,3196824,134325670.9100,13.899235,-6.961300
2010-04-15,1.6658329800,1.6658329800,1.5167491000,1.5346870000,3009063,119035017.7600,13.082883,-8.551100
2010-04-16,1.4960208600,1.5940813800,1.4956222400,1.5705628000,1526520,59985928.3700,6.637043,2.337700
2010-04-19,1.5546180000,1.5944800000,1.4234720200,1.4944263800,1834236,70956681.4000,7.974939,-4.847700
2010-04-20,1.4908388000,1.5119656600,1.4143037600,1.4665229800,1383377,50340067.9500,6.014683,-1.867200
2010-04-21,1.4780829600,1.5287077000,1.4549630000,1.5219311600,1927048,72654462.1900,8.378470,3.778200
2010-04-22,1.5215325400,1.5781365800,1.5043918800,1.5438552600,2006335,78007149.1500,8.723196,1.440500
2010-04-23,1.5434566400,1.5542193800,1.4808733000,1.5059863600,1600986,60996199.3100,6.960809,-2.452900
2010-04-26,1.4669216000,1.4701105600,1.3879948400,1.3919810400,2237136,79059353.0500,9.726678,-7.570100
2010-04-27,1.3640776400,1.3860017400,1.3082708400,1.3333839000,1493601,50353556.7500,6.493917,-4.209600
2010-04-28,1.3282018400,1.4011493000,1.3158446200,1.3612873000,1571947,54186269.8600,6.834552,2.092700
2010-04-29,1.3592942000,1.3860017400,1.3238170200,1.3270059800,803151,27324763.4100,3.491961,-2.518300
2010-04-30,1.3282018400,1.3473356000,1.2620309200,1.3154460000,936521,30697908.2000,4.071830,-0.871100
2010-05-04,1.2676116000,1.3270059800,1.2560516200,1.2955150000,728675,23860245.0500,3.168152,-1.515200
2010-05-05,1.2778548000,1.3451460900,1.2561040800,1.3376692800,1750962,33645373.0300,4.478164,3.252900
2010-05-06,1.3254345000,1.3662171000,1.2690185700,1.2744562500,1561882,30450197.9700,3.994583,-4.725600
2010-05-07,1.2234780000,1.2758156700,1.2166809000,1.2241577100,1618475,29641416.8900,4.139322,-3.946700
2010-05-10,1.2248374200,1.2499866900,1.1018099100,1.1222012100,2169027,36604877.7800,5.547384,-8.328700
2010-05-11,1.1487099000,1.1691012000,1.0780200600,1.0807389000,1563794,25902921.5900,3.999473,-3.694700
2010-05-12,1.0793794800,1.1065678800,1.0345186200,1.0623867300,1105779,17478726.8500,2.828079,-1.698100
2010-05-13,1.0644258600,1.1011302000,1.0549099200,1.0977316500,1246482,19828392.6800,3.187934,3.326900
2010-05-14,1.0943331000,1.1079273000,1.0725823800,1.0990910700,1324540,21313108.1000,3.387570,0.123800
2010-05-17,1.0888954200,1.0888954200,1.0005331200,1.0032519600,1485847,22796098.4300,3.800120,-8.719900
2010-05-18,1.0012128300,1.0324794900,0.9468360300,1.0127679000,1652604,24090436.8100,4.226609,0.948500
2010-05-19,0.9937360200,1.0644258600,0.9930563100,1.0365577500,1760576,26666778.8500,4.502752,2.349000
2010-05-20,1.0195650000,1.0610273100,1.0093693500,1.0270418100,1730677,26463795.6200,4.426284,-0.918000
2010-05-21,0.9835403700,1.0705432500,0.9583911000,1.0678244100,2165419,33022858.7700,5.538156,3.970900
2010-05-24,1.0739418000,1.1317171500,1.0739418000,1.1249200500,2682912,43792721.6400,6.861668,5.346900
2010-05-25,1.1133649800,1.1555070000,1.0997707800,1.1249200500,2406705,39978158.0400,6.155256,0.000000
2010-05-26,1.1201620800,1.1351157000,1.1058881700,1.1160838200,1494804,24639736.4200,3.823028,-0.785500
2010-05-27,1.1092867200,1.1731794600,1.1065678800,1.1636635200,2438746,41139965.6000,6.237202,4.263100
2010-05-28,1.1840548200,1.1840548200,1.1459910600,1.1650229400,2217337,37876628.2300,5.670939,0.116800
2010-05-31,1.1582258400,1.1691012000,1.1011302000,1.1024896200,1913291,31981321.1200,4.893327,-5.367600
2010-06-01,1.0882157100,1.0882157100,1.0229635500,1.0603476000,1930929,29920001.7400,4.938437,-3.822400
2010-06-02,1.0569490500,1.0834577400,1.0284012300,1.0834577400,1066597,16572352.1500,2.727870,2.179500
2010-06-03,1.0827780300,1.1201620800,1.0759809300,1.0786997700,1797376,29071938.2100,4.596870,-0.439100
2010-06-04,1.0664649900,1.1283186000,1.0596678900,1.1235606300,1825181,29584235.4700,4.667982,4.158800
2010-06-07,1.0977316500,1.2357127800,1.0895751300,1.2357127800,5320309,94561217.9800,13.606928,9.981900
2010-06-08,1.3118403000,1.3410678300,1.2574635000,1.2887301600,10402093,199155114.6800,26.603818,4.290400
2010-06-09,1.2785345100,1.4171953500,1.2595026300,1.4056402800,10045285,201334261.6000,25.691266,9.071736
2010-06-10,1.3641779700,1.5463402500,1.3634982600,1.5463402500,9901645,211903193.9400,25.323900,10.009700
2010-06-11,1.5456605400,1.6924779000,1.5293475000,1.6387808100,10952917,260552727.4200,28.012575,5.978000
2010-06-17,1.6387808100,1.6387808100,1.6387808100,1.6387808100,0,0.0000,,0.000000
2010-06-18,1.6387808100,1.6387808100,1.6387808100,1.6387808100,0,0.0000,,0.000000
2010-06-21,1.4749707000,1.6809228300,1.4749707000,1.5551764800,10472059,237411240.8400,26.782760,-5.101600
2010-06-22,1.4967214200,1.5531373500,1.4552591100,1.4620562100,8775140,193195369.4600,22.442813,-5.987800
2010-06-23,1.4613765000,1.5300272100,1.4613765000,1.4878851900,6133601,134936566.9600,15.686959,1.766600
2010-06-24,1.4946822900,1.5164330100,1.4273910000,1.4586576600,5284565,112918051.7200,13.515512,-1.964400
2010-06-25,1.4545794000,1.4545794000,1.3315518900,1.3696156500,6502300,131670997.3400,16.629923,-6.104400
2010-06-28,1.3696156500,1.3696156500,1.3696156500,1.3696156500,0,0.0000,,0.000000
2010-06-29,1.3322316000,1.3478649300,1.2411504600,1.2683388600,5875443,111585579.6900,15.026708,-7.394500
2010-06-30,1.2683388600,1.3363098600,1.2662997300,1.3220359500,6833194,130658167.8200,17.476199,4.233700
2010-07-01,1.3152388500,1.3186374000,1.2370722000,1.2486272700,5222040,97396090.4900,13.355601,-5.552700
2010-07-02,1.2370722000,1.2737765400,1.1555070000,1.2173606100,5082900,90752203.3300,12.999744,-2.504100
2010-07-05,1.1765780100,1.1888127900,1.1289983100,1.1616243900,3519648,60090686.7700,9.001657,-4.578400
2010-07-06,1.1561867100,1.2126026400,1.1453113500,1.1928910500,4101176,71961977.1800,10.488941,2.691600
2010-07-07,1.1908519200,1.2425098800,1.1779374300,1.2357127800,5316350,94510827.6900,13.596803,3.589700
2010-07-08,1.2234780000,1.2370722000,1.1711403300,1.1826954000,5040762,88858011.1000,12.891974,-4.290400
2010-07-09,1.1758983000,1.2336736500,1.1453113500,1.2126026400,5050792,89133003.5100,12.917627,2.528700
2010-07-12,1.2132823500,1.2690185700,1.2132823500,1.2561040800,5649100,103379194.0800,14.447826,3.587400
2010-07-13,1.2438693000,1.3111605900,1.2098838000,1.2968866800,6775491,125695826.9500,17.328621,3.246800
2010-07-14,1.2860113200,1.3227156600,1.2703779900,1.2805736400,5226320,99341108.4700,13.366547,-1.257900
2010-07-15,1.2642606000,1.2812533500,1.1670620700,1.1724997500,4168420,75316386.5800,10.660921,-8.439500
2010-07-16,1.1493896100,1.1731794600,1.1215215000,1.1609446800,3246183,54607381.5500,8.302258,-0.985508
2010-07-19,1.1371548300,1.1894925000,1.1276388900,1.1833751100,2170727,37306748.2500,5.551731,1.932100
2010-07-20,1.1772577200,1.2268765500,1.1772577200,1.2241577100,3341206,59372441.2200,8.545284,3.446300
2010-07-21,1.2384316200,1.2493069800,1.2044461200,1.2085243800,3375613,60906246.1200,8.633281,-1.277100
2010-07-22,1.2064852500,1.2411504600,1.1881330800,1.2411504600,3371119,60472406.8900,8.621788,2.699700
2010-07-23,1.2506664000,1.3655373900,1.2506664000,1.3655373900,10592508,208824892.1400,27.090813,10.021900
2010-07-26,1.3736939100,1.4199141900,1.3288330500,1.3940852100,8735963,177787939.9400,22.342616,2.090600
2010-07-27,1.3716547800,1.3866084000,1.3458258000,1.3648576800,4528591,91062739.2600,11.582074,-2.096500
2010-07-28,1.3465055100,1.3934055000,1.3465055100,1.3934055000,4582305,92639321.2300,11.719450,2.091600
2010-07-29,1.3968040500,1.4171953500,1.3560214500,1.3696156500,4194111,84958278.2100,10.726627,-1.707300
2010-07-30,1.3628185500,1.3628185500,1.3220359500,1.3390287000,3413708,67343942.0500,8.730711,-2.233300
2010-08-02,1.3471852200,1.4049605700,1.3471852200,1.3845692700,5046821,102485686.9500,12.907471,3.401000
2010-08-03,1.3900069500,1.4029214400,1.3458258000,1.3505837700,4354122,88060413.7600,11.135862,-2.454600
2010-08-04,1.3315518900,1.3573808700,1.2914490000,1.3539823200,2962443,57804708.7400,7.576581,0.251600
2010-08-05,1.3526229000,1.3900069500,1.3322316000,1.3546620300,3383336,68072209.9700,8.653033,0.050200
2010-08-06,1.3655373900,1.3934055000,1.3492243500,1.3900069500,4368578,88760010.6200,11.172834,2.609100
2010-08-09,1.3906866600,1.4471025900,1.3906866600,1.4437040400,5438717,113136233.4400,13.909762,3.863100
2010-08-10,1.4409852000,1.4437040400,1.3533026100,1.3533026100,4302079,88702630.4400,11.002760,-6.261800
2010-08-11,1.3478649300,1.3845692700,1.3322316000,1.3804910100,2278135,45705189.2200,5.826432,2.009000
2010-08-12,1.3594200000,1.4953620000,1.3458258000,1.4294301300,6961670,146608247.1500,17.804783,3.545100
2010-08-13,1.4199141900,1.4851663500,1.4083591200,1.4647750500,5627965,119939026.3800,14.393772,2.472700
2010-08-16,1.4613765000,1.4919634500,1.4280707100,1.4688533100,4577377,98826845.7400,11.706847,0.278400
2010-08-17,1.4681736000,1.4681736000,1.4409852000,1.4593373700,3171921,67829839.1300,8.112330,-0.647800
2010-08-18,1.4749707000,1.5211909800,1.4505011400,1.4505011400,4331216,94532770.4000,11.077279,-0.605500
2010-08-19,1.4341881000,1.4532199800,1.4076794100,1.4335083900,3764278,79007984.5700,9.627309,-1.171500
2010-08-20,1.4375866500,1.4375866500,1.3512634800,1.3594200000,2878644,58741274.5300,7.362261,-5.168300
2010-08-23,1.3594200000,1.3968040500,1.3397084100,1.3845692700,2707787,54864906.6500,6.925286,1.850000
2010-08-24,1.3682562300,1.3852489800,1.3458258000,1.3798113000,1823764,36821734.8400,4.664358,-0.343600
2010-08-25,1.3723344900,1.3730142000,1.3104808800,1.3152388500,2190593,43049494.3600,5.602540,-4.679800
2010-08-26,1.3193171100,1.3308721800,1.2921287100,1.3050432000,2038809,39250988.7500,5.214345,-0.775200
2010-08-27,1.3050432000,1.3233953700,1.2928084200,1.3227156600,1361260,26291244.7300,3.481483,1.354200
2010-08-30,1.3335910200,1.3567011600,1.3118403000,1.3499040600,1947306,38343169.9800,4.980322,2.055500
2010-08-31,1.3451460900,1.3485446400,1.3186374000,1.3376692800,1884089,36885922.1200,4.818642,-0.906300
2010-09-01,1.3390287000,1.3533026100,1.2438693000,1.2683388600,3055171,58246985.4100,7.813737,-5.182900
2010-09-02,1.2690185700,1.2894098700,1.2445490100,1.2730968300,2816327,52199842.5200,7.202882,0.375100
2010-09-03,1.2751359600,1.3084417500,1.2588229200,1.2982461000,2579707,48976422.1500,6.597716,1.975400
2010-09-06,1.2962069700,1.3043634900,1.2445490100,1.2567837900,2620095,48720199.6600,6.701010,-3.193700
2010-09-07,1.2506664000,1.2710577000,1.2459084300,1.2635808900,1312874,24405642.8100,3.357734,0.540800
2010-09-08,1.2574635000,1.2914490000,1.2574635000,1.2812533500,1938155,36503868.8300,4.956918,1.398603
2010-09-09,1.2710577000,1.3356301500,1.2649403100,1.3016446500,3816209,73284747.6100,9.760125,1.591500
2010-09-10,1.2989258100,1.3315518900,1.2846519000,1.3281533400,3773581,72920768.0700,9.651102,2.036600
2010-09-13,1.3335910200,1.3451460900,1.3050432000,1.3199968200,3072066,59677567.8800,7.856946,-0.614100
2010-09-14,1.3213562400,1.3254345000,1.2730968300,1.2792142200,3108387,59063056.1300,7.949839,-3.089600
2010-09-15,1.2744562500,1.2744562500,1.1704606200,1.1772577200,4814658,84429457.1500,12.313703,-7.970200
2010-09-16,1.1691012000,1.1704606200,1.1215215000,1.1323968600,3002617,50259385.4200,7.679327,-3.810600
2010-09-17,1.1310374400,1.1419128000,1.1215215000,1.1337562800,1479613,24697135.0700,3.784176,0.120000
2010-09-20,1.1344359900,1.1419128000,1.0589881800,1.0773403500,2144083,34438117.6100,5.483588,-4.976000
2010-09-21,1.0746215100,1.0773403500,1.0406360100,1.0467534000,1611083,24871183.6600,4.120417,-2.839100
2010-09-27,1.0474331100,1.0725823800,1.0311200700,1.0664649900,1307607,20341103.4400,3.344263,1.883100
2010-09-28,1.0644258600,1.0644258600,1.0216041300,1.0270418100,1626843,24956858.5100,4.160724,-3.696600
2010-09-29,1.0236432600,1.0270418100,0.9896577600,0.9930563100,1888607,27872252.5100,4.830197,-3.309100
2010-09-30,0.9855795000,1.0182055800,0.9855795000,1.0161664500,1133466,16797730.2000,2.898890,2.327200
2010-10-08,1.0141273200,1.0589881800,1.0141273200,1.0528707900,1584213,24352554.0600,4.051696,3.612000
2010-10-11,1.0644258600,1.1065678800,1.0644258600,1.0848171600,2568414,40936164.3000,6.568834,3.034200
2010-10-12,1.0868562900,1.1194823700,1.0657852800,1.0936533900,2274090,36901992.4600,5.816087,0.814500
2010-10-13,1.0814186100,1.1126852700,1.0800591900,1.1072475900,2246284,36242853.2600,5.744972,1.243000
2010-10-14,1.1113258500,1.1167635300,1.0895751300,1.1018099100,2049707,33208543.9500,5.242217,-0.491100
2010-10-15,1.0943331000,1.0943331000,1.0372374600,1.0467534000,2366729,36892741.5500,6.053015,-4.996900
2010-10-18,1.0365577500,1.0440345600,0.9889780500,1.0154867400,2043326,30382699.9500,5.225898,-2.987000
2010-10-19,1.0216041300,1.1167635300,1.0195650000,1.1167635300,1936256,31359920.8100,4.952061,9.973200
2010-10-20,1.2282359700,1.2282359700,1.2282359700,1.2282359700,2443535,44154677.4500,6.249450,9.981700
2010-10-21,1.2336736500,1.2547446600,1.1833751100,1.2363924900,9319682,168308099.9500,23.835504,0.664100
2010-10-22,1.2214388700,1.3600997100,1.2132823500,1.3383489900,11197812,219396895.1900,28.638905,8.246300
2010-10-25,1.3730142000,1.4722518600,1.3702953600,1.4722518600,12873014,270435018.4700,32.923309,10.005100
2010-10-26,1.4940025800,1.5810054600,1.4280707100,1.4572982400,10331108,226753570.0900,26.422271,-1.015700
2010-10-27,1.4137968000,1.4831272200,1.3770924600,1.3770924600,6381926,132609928.0800,16.322061,-5.503700
2010-10-28,1.3723344900,1.3723344900,1.3227156600,1.3546620300,4874339,96280053.8800,12.466340,-1.628800
2010-10-29,1.3628185500,1.4151562200,1.3451460900,1.3723344900,6080509,124180692.6800,15.551174,1.304600
2010-11-01,1.3471852200,1.4165156400,1.3458258000,1.3866084000,7270294,148244110.1700,10.414763,1.040100
2010-11-02,1.3757330400,1.3770924600,1.3016446500,1.3036837800,7005983,136204980.0300,10.036135,-5.980400
2010-11-03,1.2860113200,1.2914490000,1.2391113300,1.2425098800,4944102,91396406.9800,7.082471,-4.692400
2010-11-04,1.2241577100,1.2642606000,1.2119229300,1.2629011800,7170339,131160198.5200,10.271576,1.641100
2010-11-05,1.2900895800,1.2900895800,1.2506664000,1.2642606000,4809589,89496488.7600,6.889780,0.107600
2010-11-08,1.2683388600,1.3125200100,1.2683388600,1.3050432000,5946738,113639094.0800,8.518757,3.225800
2010-11-09,1.2914490000,1.3172779800,1.2778548000,1.3036837800,5154546,98261899.9900,7.383934,-0.104200
2010-11-10,1.3036837800,1.3614591300,1.2900895800,1.3390287000,6989294,137526069.5200,10.012228,2.711200
2010-11-11,1.3254345000,1.3499040600,1.3043634900,1.3070823300,6515611,127498943.7000,9.333673,-2.385800
2010-11-12,1.2914490000,1.2914490000,1.1765780100,1.1765780100,6418831,116932485.2800,9.195034,-9.984400
2010-11-15,1.1765780100,1.2411504600,1.1765780100,1.2323142300,4276956,76409546.7100,6.126779,4.737100
2010-11-16,1.2323142300,1.2880504500,1.1826954000,1.2064852500,4875073,89267006.5500,6.983587,-2.096000
2010-11-17,1.1928910500,1.2336736500,1.1792968500,1.1956098900,2912431,51801401.9800,4.172084,-0.901400
2010-11-18,1.2030867000,1.2370722000,1.1983287300,1.2282359700,2509001,44936331.2700,3.594167,2.728800
2010-11-19,1.2234780000,1.2792142200,1.2234780000,1.2778548000,5162778,95540321.6600,7.395727,4.039800
2010-11-22,1.2744562500,1.3322316000,1.2662997300,1.2914490000,7927651,152191810.9200,11.356433,1.063800
2010-11-23,1.2778548000,1.2907692900,1.2234780000,1.2574635000,4001396,73908662.9400,5.732036,-2.631600
2010-11-24,1.2363924900,1.3213562400,1.2241577100,1.3172779800,5119237,97696760.4000,7.333354,4.756800
2010-11-25,1.3254345000,1.3519431900,1.2894098700,1.3240750800,5129646,98956787.3400,7.348265,0.516000
2010-11-26,1.3179576900,1.3233953700,1.2764953800,1.3036837800,3515035,67461544.8100,5.035320,-1.540000
2010-11-29,1.2921287100,1.3186374000,1.2758156700,1.3043634900,3118366,59464667.8300,4.467088,0.052100
2010-11-30,1.3016446500,1.3451460900,1.2234780000,1.2812533500,7175660,137831323.9700,10.279199,-1.771800
2010-12-01,1.2710577000,1.2710577000,1.2302751000,1.2520258200,3433657,62919647.2200,4.918745,-2.281200
2010-12-02,1.2608620500,1.2873707400,1.2384316200,1.2696982800,4296792,79911038.7200,6.155194,1.411500
2010-12-03,1.2629011800,1.3084417500,1.2472678500,1.3023243600,5450381,102814733.3900,7.807721,2.569600
2010-12-06,1.2982461000,1.2982461000,1.2221185800,1.2363924900,4457669,82387353.7100,6.385652,-5.062600
2010-12-07,1.2289156800,1.2289156800,1.1765780100,1.2187200300,3427278,60692151.2100,4.909607,-1.429400
2010-12-08,1.2166809000,1.2302751000,1.1915316300,1.2017272800,2593341,46141884.5500,3.714985,-1.394300
2010-12-09,1.2030867000,1.2187200300,1.1840548200,1.1901722100,1870473,33058745.0000,2.679470,-0.961500
2010-12-10,1.1792968500,1.2132823500,1.1657026500,1.2071649600,1692025,29747534.4200,2.423841,1.427800
2010-12-13,1.2173606100,1.2506664000,1.2071649600,1.2418301700,2972658,53944622.9400,4.258360,2.871600
2010-12-14,1.2431895900,1.2703779900,1.2309548100,1.2540649500,2771301,51014713.8300,3.969914,0.985200
2010-12-15,1.2540649500,1.2561040800,1.2302751000,1.2323142300,2200761,40228485.7000,3.152610,-1.734400
2010-12-16,1.2316345200,1.3512634800,1.2248374200,1.3165982700,9035179,174344658.9600,12.942977,6.839500
2010-12-17,1.2914490000,1.3295127600,1.2832924800,1.2982461000,4006445,76809557.3300,5.739269,-1.393900
2010-12-20,1.2982461000,1.2982461000,1.2982461000,1.2982461000,0,0.0000,,0.000000
2010-12-21,1.3050432000,1.3784518800,1.3050432000,1.3505837700,8573211,169779989.4000,12.281203,4.031400
2010-12-22,1.3281533400,1.3451460900,1.3016446500,1.3077620400,4022798,77697991.4900,5.762695,-3.170600
2010-12-23,1.2982461000,1.3050432000,1.2323142300,1.2445490100,3405918,63505478.7400,4.879009,-4.833700
2010-12-24,1.2370722000,1.2370722000,1.1928910500,1.2017272800,2261512,40187928.0700,3.239637,-3.440700
2010-12-27,1.1983287300,1.2336736500,1.1337562800,1.1412330900,2461555,42961882.5700,3.526200,-5.033900
2010-12-28,1.1419128000,1.1534678700,1.0990910700,1.1004504900,2574808,42474325.0200,3.688436,-3.573600
2010-12-29,1.1079273000,1.1317171500,1.0943331000,1.1317171500,1589249,26144721.4000,2.276614,2.841300
2010-12-30,1.1296780200,1.1296780200,1.1086070100,1.1167635300,1913407,31510429.9700,2.740973,-1.321300
2010-12-31,1.1215215000,1.1514287400,1.1188026600,1.1446316400,2095159,35167711.5600,3.001335,2.495400
2011-01-04,1.1623041000,1.1636635200,1.1453113500,1.1582258400,1856590,31497383.7600,2.659582,1.187600
2011-01-05,1.1589055500,1.1691012000,1.1439519300,1.1657026500,1912391,32679206.5500,2.739518,0.645500
2011-01-06,1.1623041000,1.1663823600,1.1283186000,1.1337562800,1718597,28877857.0900,2.461906,-2.740500
2011-01-07,1.1296780200,1.1602649700,1.1296780200,1.1419128000,1427428,24060080.1800,2.044804,0.719400
2011-01-10,1.1527881600,1.1894925000,1.1371548300,1.1425925100,2380914,40563015.2800,3.410681,0.059500
2011-01-11,1.1215215000,1.1317171500,1.0943331000,1.1181229500,1415555,23161829.8200,2.027796,-2.141600
2011-01-12,1.1181229500,1.1453113500,1.1181229500,1.1398736700,1287769,21470238.6600,1.844741,1.945300
2011-01-13,1.1691012000,1.1691012000,1.1289983100,1.1337562800,1297606,21916327.2000,1.858833,-0.536700
2011-01-14,1.1222012100,1.1222012100,1.0698635400,1.0820983200,1917234,30733518.1300,2.746455,-4.556400
2011-01-17,1.0732620900,1.0963722300,1.0317997800,1.0358780400,1399856,21795176.5700,2.005307,-4.271400
2011-01-18,1.0365577500,1.0528707900,1.0216041300,1.0467534000,874603,13402084.3600,1.252877,1.049900
2011-01-19,1.0528707900,1.0651055700,1.0447142700,1.0644258600,1098813,17073586.0600,1.574060,1.688300
2011-01-20,1.0549099200,1.0603476000,1.0032519600,1.0032519600,1281857,19450626.6500,1.836272,-5.747100
2011-01-21,1.0046113800,1.0202447100,0.9964548600,1.0107287700,997955,14860239.4900,1.429580,0.745300
2011-01-24,1.0120881900,1.0345186200,1.0114084800,1.0127679000,1026301,15411189.3200,1.470186,0.201700
2011-01-25,0.9998534100,1.0256823900,0.9910171800,1.0182055800,703980,10426837.6600,1.008458,0.536900
2011-01-26,1.0188852900,1.0406360100,1.0182055800,1.0365577500,813353,12358397.3400,1.165136,1.802400
2011-01-27,1.0270418100,1.0501519500,1.0188852900,1.0460736900,1200712,18377043.0700,1.720031,0.918000
2011-01-28,1.0413157200,1.0766606400,1.0406360100,1.0555896300,1185146,18453038.3200,1.697733,0.909700
2011-01-31,1.0481128200,1.0719026700,1.0440345600,1.0528707900,1316581,20479275.5900,1.886014,-0.257600
2011-02-01,1.0501519500,1.0596678900,1.0453939800,1.0528707900,927167,14334571.4400,1.328175,0.000000
2011-02-09,1.0453939800,1.0705432500,1.0236432600,1.0399563000,1069574,16561275.6200,1.532175,-1.226600
2011-02-10,1.0460736900,1.1439519300,1.0460736900,1.1439519300,2066295,34029867.1600,2.959987,10.000000
2011-02-11,1.2153214800,1.2363924900,1.1847345300,1.2221185800,8190215,145740945.8000,11.732558,6.833000
2011-02-14,1.2166809000,1.2166809000,1.1867736600,1.2030867000,5297803,93684636.0200,7.589151,-1.557300
2011-02-15,1.2064852500,1.2540649500,1.1888127900,1.1901722100,5403946,96529138.6500,7.741202,-1.073400
2011-02-16,1.1772577200,1.1996881500,1.1575461300,1.1894925000,3216886,55806094.4300,4.608219,-0.057100
2011-02-17,1.1894925000,1.2132823500,1.1772577200,1.1949301800,2946096,51692146.3900,4.220310,0.457100
2011-02-18,1.1894925000,1.1894925000,1.1480301900,1.1609446800,2927859,50276178.0700,4.194185,-2.844100
2011-02-21,1.1507490300,1.1820156900,1.1480301900,1.1806562700,2157814,37083709.5500,3.091088,1.697900
2011-02-22,1.1799765600,1.1996881500,1.1289983100,1.1303577300,3004302,51297307.3600,4.303690,-4.260200
2011-02-23,1.1371548300,1.1534678700,1.1255997600,1.1385142500,1662157,27846296.4900,2.381055,0.721600
2011-02-24,1.1385142500,1.1582258400,1.1303577300,1.1493896100,1589927,26808541.3200,2.277585,0.955200
2011-02-25,1.1493896100,1.1704606200,1.1351157000,1.1629838100,1969651,33627968.0000,2.821543,1.182700
2011-02-28,1.1623041000,1.1867736600,1.1561867100,1.1691012000,1938528,33399192.9100,2.776959,0.526000
2011-03-01,1.1697809100,1.1854142400,1.1568664200,1.1691012000,1959091,33708174.3900,2.806416,0.000000
2011-03-02,1.1697809100,1.1894925000,1.1561867100,1.1854142400,2712280,46879354.6900,3.885366,1.395300
2011-03-03,1.1860939500,1.1928910500,1.1201620800,1.1215215000,3009215,51029212.1900,4.310728,-5.389900
2011-03-04,1.1201620800,1.1317171500,1.1133649800,1.1289983100,1816856,30008860.5200,2.602663,0.666700
2011-03-07,1.1283186000,1.1480301900,1.1276388900,1.1446316400,1620129,27126470.6800,2.320850,1.384700
2011-03-08,1.1466707700,1.1595852600,1.1425925100,1.1575461300,1776935,30110043.4800,2.545476,1.128300
2011-03-09,1.1589055500,1.1616243900,1.1303577300,1.1419128000,2002759,33604559.9500,2.868971,-1.350600
2011-03-10,1.1425925100,1.1724997500,1.1419128000,1.1473504800,2575405,43850190.5600,3.689291,0.476200
2011-03-11,1.1357954100,1.1521084500,1.1215215000,1.1323968600,2136602,35671125.9200,3.060702,-1.303300
2011-03-14,1.1255997600,1.1378345400,1.1235606300,1.1351157000,1408544,23436934.4600,2.017752,0.240100
2011-03-15,1.1330765700,1.1330765700,1.0678244100,1.0888954200,2589712,41569031.5700,3.709786,-4.071900
2011-03-16,1.0888954200,1.1004504900,1.0848171600,1.0970519400,1475964,23741516.3700,2.114332,0.749100
2011-03-17,1.0943331000,1.0943331000,1.0671447000,1.0678244100,1569691,24846457.0100,2.248597,-2.664200
2011-03-18,1.0759809300,1.0848171600,1.0678244100,1.0773403500,998371,15815302.0400,1.430176,0.891200
2011-03-21,1.0746215100,1.0895751300,1.0739418000,1.0800591900,916227,14572236.5300,1.312504,0.252400
2011-03-22,1.0848171600,1.0848171600,1.0610273100,1.0739418000,861067,13583681.8800,1.233486,-0.566400
2011-03-23,1.0759809300,1.0909345500,1.0705432500,1.0895751300,1004288,16021878.6200,1.438652,1.455700
2011-03-24,1.0895751300,1.1024896200,1.0848171600,1.0984113600,1212465,19537996.9000,1.736867,0.811000
2011-03-25,1.0990910700,1.1065678800,1.0902548400,1.1045287500,1386848,22432575.8100,1.986673,0.556900
2011-03-28,1.1038490400,1.1419128000,1.0807389000,1.1330765700,3473434,56783125.9900,4.975726,2.584600
2011-03-29,1.1317171500,1.1317171500,1.0875360000,1.0895751300,1872687,30472673.9100,2.682641,-3.839200
2011-03-30,1.0854968700,1.1181229500,1.0739418000,1.1120055600,1722256,27778150.5300,2.467148,2.058600
2011-03-31,1.1031693300,1.1466707700,1.1031693300,1.1154041100,2837321,47095289.7500,4.064488,0.305600
2011-04-01,1.1174432400,1.1337562800,1.0895751300,1.1330765700,2201711,36023477.8600,3.153971,1.584400
2011-04-06,1.1262794700,1.1364751200,1.0956925200,1.1303577300,2341765,38600761.5400,3.354600,-0.240000
2011-04-07,1.1269591800,1.1555070000,1.1140446900,1.1473504800,3184126,53456864.3600,4.561290,1.503300
2011-04-08,1.1507490300,1.1507490300,1.1215215000,1.1398736700,3319054,55407187.3700,4.754575,-0.651700
2011-04-11,1.1323968600,1.1351157000,1.0895751300,1.0936533900,2875730,46881607.6600,4.119510,-4.054900
2011-04-12,1.1004504900,1.1215215000,1.0943331000,1.1004504900,1879625,30618402.9200,2.692580,0.621500
2011-04-13,1.1024896200,1.1160838200,1.0888954200,1.1133649800,1541373,25182061.7400,2.208031,1.173600
2011-04-14,1.1113258500,1.1249200500,1.0909345500,1.0970519400,1829648,29762270.2200,2.620988,-1.465200
2011-04-15,1.0977316500,1.1024896200,1.0719026700,1.0827780300,1750810,27879640.6700,2.508051,-1.301100
2011-04-18,1.0678244100,1.0841374500,1.0671447000,1.0773403500,1116446,17645995.5700,1.599319,-0.502200
2011-04-19,1.0739418000,1.0739418000,1.0508316600,1.0535505000,1524160,23705207.1100,2.183373,-2.208200
2011-04-20,1.0569490500,1.0705432500,1.0542302100,1.0657852800,896282,14037771.4100,1.283932,1.161300
2011-04-21,1.0637461500,1.0773403500,1.0589881800,1.0725823800,1168334,18397287.8500,1.673649,0.637800
2011-04-22,1.0657852800,1.0800591900,1.0657852800,1.0753012200,1212769,19163118.3700,1.737303,0.253500
2011-04-25,1.0773403500,1.0773403500,1.0297606500,1.0324794900,1276539,19624411.1300,1.828654,-3.982300
2011-04-26,1.0311200700,1.0392765900,1.0059708000,1.0120881900,886676,13289024.1400,1.270172,-1.975000
2011-04-27,1.0134476100,1.0297606500,0.9998534100,1.0107287700,736157,10980250.0100,1.054552,-0.134300
2011-04-28,1.0188852900,1.0229635500,0.9631490700,0.9685867500,1157649,16956572.7800,1.658343,-4.169500
2011-04-29,0.9597505200,0.9821809500,0.9597505200,0.9787824000,740152,10582038.7900,1.060275,1.052600
2011-05-03,0.9787824000,0.9957751500,0.9740244300,0.9923766000,730914,10609231.7800,1.047041,1.388900
2011-05-04,0.9937360200,0.9937360200,0.9597505200,0.9624693600,746662,10674752.5500,1.069600,-3.013700
2011-05-05,0.9583911000,1.0216041300,0.9577113900,1.0127679000,2096167,30832463.0000,3.002778,5.226000
2011-05-06,0.9998534100,1.0284012300,0.9896577600,1.0107287700,1255294,18592717.5300,1.798220,-0.201300
2011-05-09,1.0080099300,1.0379171700,1.0025722500,1.0127679000,818631,12282787.3100,1.172696,0.201700
2011-05-10,1.0127679000,1.0256823900,1.0005331200,1.0168461600,690542,10241908.6800,0.989208,0.402700
2011-05-11,1.0134476100,1.0209244200,1.0005331200,1.0168461600,767077,11424209.3500,1.098845,0.000000
2011-05-12,1.0114084800,1.0120881900,0.9930563100,1.0018925400,901897,13319605.1800,1.291976,-1.470600
2011-05-13,1.0018925400,1.0018925400,1.0018925400,1.0018925400,0,0.0000,,0.000000
2011-05-16,1.0073302200,1.0263621000,0.9978142800,1.0059708000,953162,14199008.8800,1.365413,0.407100
2011-05-17,1.0114084800,1.0114084800,0.9651882000,0.9903374700,913348,13225139.7600,1.308379,-1.554100
2011-05-18,0.9862592100,1.0012128300,0.9801418200,0.9944157300,691464,10102924.8900,0.990529,0.411800
2011-05-19,1.0012128300,1.0025722500,0.9719853000,0.9719853000,750128,10873409.5000,1.074565,-2.255600
2011-05-20,0.9747041400,0.9794621100,0.9611099400,0.9692664600,593843,8453869.0500,0.850686,-0.279700
2011-05-23,0.9631490700,0.9706258800,0.8917795200,0.8985766200,1355948,18495776.1500,1.942408,-7.293100
2011-05-24,0.8958577800,0.9577113900,0.8496375000,0.9339215400,2673790,35633670.2600,3.830229,3.933400
2011-05-25,0.9196476300,0.9305229900,0.8870215500,0.8890606800,1217192,16214758.7900,1.743639,-4.803500
2011-05-26,0.8958577800,0.9060534300,0.8761461900,0.8904201000,923835,12113681.1900,1.323402,0.152900
2011-05-27,0.8890606800,0.9040143000,0.8707085100,0.8768259000,853965,11136002.0000,1.223313,-1.526700
2011-05-30,0.8768259000,0.8768259000,0.8768259000,0.8768259000,0,0.0000,,0.000000
2011-05-31,0.8897403900,0.9074128500,0.8836230000,0.8999360400,915713,12081149.3700,1.311767,2.635700
2011-06-01,0.9060534300,0.9135302400,0.9006157500,0.9033345900,918173,12234917.6900,1.315291,0.377600
2011-06-02,0.8897403900,0.8904201000,0.8598331500,0.8747867700,930290,12001628.2600,1.332649,-3.160300
2011-06-03,0.8747867700,0.9176085000,0.8747867700,0.9074128500,1611042,21379002.7500,2.307832,3.729600
2011-06-07,0.9067331400,0.9189679200,0.8972172000,0.9108114000,628344,8409861.4700,0.900109,0.374500
2011-06-08,0.9108114000,0.9108114000,0.8924592300,0.9087722700,516037,6843530.7300,0.739228,-0.223900
2011-06-09,0.9108114000,0.9155693700,0.8856621300,0.8856621300,609358,8081279.5800,0.872911,-2.543000
2011-06-10,0.8890606800,0.8890606800,0.8632317000,0.8815838700,691971,8913182.5100,0.991255,-0.460500
2011-06-13,0.8700288000,0.8938186500,0.8625519900,0.8829432900,660762,8553351.2700,0.946548,0.154200
2011-06-14,0.8829432900,0.8931389400,0.8707085100,0.8917795200,599910,7850870.2600,0.859377,1.000800
2011-06-15,0.8890606800,0.9019751700,0.8795447400,0.8829432900,621338,8135847.0300,0.890072,-0.990900
2011-06-16,0.8775056100,0.8883809700,0.8394418500,0.8503172100,955292,12200893.3000,1.368465,-3.695200
2011-06-17,0.8428404000,0.8503172100,0.8231288100,0.8272070700,1045172,12884771.2900,1.497218,-2.717800
2011-06-20,0.8278867800,0.8469186600,0.8156520000,0.8299259100,749117,9176052.9800,1.073117,0.328700
2011-06-21,0.8333244600,0.8394418500,0.8217693900,0.8340041700,745641,9116285.7100,1.068138,0.491400
2011-06-22,0.8353635900,0.8380824300,0.8258476500,0.8285664900,683134,8363001.4400,0.978596,-0.652000
2011-06-23,0.8258476500,0.8564346000,0.8095346100,0.8503172100,1527413,18867431.8900,2.188033,2.625100
2011-06-24,0.8455592400,0.8727476400,0.8408012700,0.8625519900,1486563,18771434.6100,2.129515,1.438800
2011-06-27,0.8639114100,0.8890606800,0.8639114100,0.8727476400,1287739,16564087.1600,1.844698,1.182000
2011-06-28,0.8734273500,0.8890606800,0.8652708300,0.8849824200,1149460,14882087.7700,1.646612,1.401900
2011-06-29,0.8815838700,0.9006157500,0.8727476400,0.8781853200,1134697,14837437.4300,1.625464,-0.768000
2011-06-30,0.8836629000,0.8891429800,0.8781828200,0.8857179300,796605,10284660.8400,1.118682,0.858000
2011-07-01,0.8843479100,0.9007881500,0.8802378500,0.8959930800,1047138,13683515.7700,1.470508,1.160100
2011-07-04,0.9007881500,0.9158583700,0.8966780900,0.9117483100,1373578,18200068.4400,1.928932,1.758400
2011-07-05,0.9144883500,0.9350386500,0.9144883500,0.9247635000,1594569,21503646.6500,2.239272,1.427500
2011-07-06,0.9192834200,0.9275035400,0.9090082700,0.9254485100,1184127,15895412.4900,1.662884,0.074100
2011-07-07,0.9384637000,0.9405187300,0.9185984100,0.9206534400,1366273,18456058.9700,1.918673,-0.518100
2011-07-08,0.9302435800,0.9302435800,0.9083232600,0.9179134000,1092882,14602206.6200,1.534747,-0.297619
2011-07-11,0.9138033400,0.9233934800,0.9062682300,0.9220234600,776089,10401370.1800,1.089871,0.447800
2011-07-12,0.9124333200,0.9131183300,0.8925680300,0.9021581700,986171,13021408.5500,1.384892,-2.154500
2011-07-13,0.8973631000,0.9220234600,0.8973631000,0.9220234600,793214,10591489.7600,1.113920,2.202000
2011-07-14,0.9233934800,0.9528489100,0.9227084700,0.9480538400,1859469,25435573.1600,2.611274,2.823200
2011-07-15,0.9555889500,0.9850443800,0.9466838200,0.9549039400,1967002,27612715.0400,2.762284,0.722500
2011-07-18,0.9507938800,0.9699741600,0.9398337200,0.9446287900,1308710,18217703.4500,1.837837,-1.076000
2011-07-19,0.9384637000,0.9398337200,0.9213384500,0.9254485100,889855,12090189.3600,1.249634,-2.030500
2011-07-20,0.9322986100,0.9384637000,0.9172283900,0.9350386500,680268,9241387.7400,0.955308,1.036300
2011-07-21,0.9384637000,0.9432587700,0.9199684300,0.9199684300,1028800,14008748.4900,1.444756,-1.611700
2011-07-22,0.9199684300,0.9199684300,0.9199684300,0.9199684300,0,0.0000,,0.000000
2011-07-25,0.9165433800,0.9165433800,0.8733877500,0.8747577700,1149890,15020620.8800,1.614804,-4.914400
2011-07-26,0.8829778900,0.8829778900,0.8637976100,0.8774978100,560671,7138464.0000,0.787357,0.313200
2011-07-27,0.8720177300,0.8994181300,0.8685926800,0.8973631000,617465,8002066.6700,0.867113,2.263900
2011-07-28,0.8905130000,0.8939380500,0.8713327200,0.8891429800,478408,6175600.8200,0.671834,-0.916000
2011-07-29,0.9042132000,0.9781942800,0.9042132000,0.9781942800,3053245,43237549.4800,4.287708,10.015400
2011-08-01,0.9802493100,1.0014846200,0.9638090700,0.9884694300,6239348,89650712.4300,8.761990,1.050400
2011-08-02,0.9781942800,0.9864144000,0.9466838200,0.9713441800,3636358,50984854.2500,5.106581,-1.732500
2011-08-03,0.9507938800,0.9987445800,0.9364086700,0.9864144000,4223077,60295973.2200,5.930517,1.551500
2011-08-04,0.9898394500,1.0165548400,0.9617540400,0.9651790900,3812652,54845563.0300,5.354152,-2.152800
2011-08-05,0.9179134000,0.9377786900,0.9007881500,0.9179134000,2286455,30780054.6300,3.210896,-4.897100
2011-08-08,0.9090082700,0.9090082700,0.8261220600,0.8514674300,2204627,27868749.8100,3.095984,-7.238800
2011-08-09,0.8343421800,0.8596875500,0.8083118000,0.8500974100,1711899,20878231.4000,2.404040,-0.160900
2011-08-10,0.8658526400,0.8761277900,0.8569475100,0.8617425800,1386611,17578890.3700,1.947234,1.369900
2011-08-11,0.8377672300,0.9370936800,0.8343421800,0.9083232600,3000190,39522017.6500,4.213202,5.405400
2011-08-12,0.9096932800,0.9439437800,0.9048982100,0.9124333200,2667123,35990245.4900,3.745472,0.452500
2011-08-15,0.9124333200,0.9439437800,0.9124333200,0.9412037400,2569689,34966107.7200,3.608645,3.153200
2011-08-16,0.9384637000,0.9384637000,0.9185984100,0.9227084700,1623147,22001721.2300,2.279405,-1.965100
2011-08-17,0.9281885500,0.9507938800,0.9227084700,0.9432587700,2535492,34730643.4800,3.560621,2.227200
2011-08-18,0.9432587700,0.9432587700,0.9028431800,0.9028431800,1672133,22494529.9900,2.348196,-4.284700
2011-08-19,0.8768128000,0.9014731600,0.8713327200,0.8987331200,1235728,16028333.4500,1.735347,-0.455200
2011-08-22,0.8932530400,0.9364086700,0.8932530400,0.9206534400,1559634,20950870.7300,2.190213,2.439000
2011-08-23,0.9206534400,0.9480538400,0.9206534400,0.9480538400,2656883,36444475.4300,3.731092,2.976200
2011-08-24,0.9610690300,0.9829893500,0.9364086700,0.9377786900,2739228,38326179.5100,3.846730,-1.083800
2011-08-25,0.9466838200,0.9528489100,0.9254485100,0.9514788900,1970985,27077489.1200,2.767878,1.460900
2011-08-26,0.9480538400,0.9932645000,0.9425737600,0.9788792900,3646059,51708549.3700,5.120204,2.879767
2011-08-29,0.9699741600,0.9857293900,0.9658641000,0.9706591700,2170535,30889194.0200,3.048108,-0.839700
2011-08-30,0.9795643000,0.9829893500,0.9391487100,0.9418887500,2169918,30456025.6800,3.047242,-2.964000
2011-08-31,0.9473688300,0.9487388500,0.9213384500,0.9350386500,1276628,17361590.2400,1.792784,-0.727300
2011-09-01,0.9350386500,0.9576439800,0.9281885500,0.9453138000,1417172,19558745.8900,1.990151,1.098900
2011-09-02,0.9384637000,0.9446287900,0.9220234600,0.9384637000,877077,11943906.2800,1.231690,-0.724600
2011-09-05,0.9350386500,0.9350386500,0.9001031400,0.9007881500,954121,12726579.0400,1.339883,-4.014600
2011-09-06,0.8877729600,0.9069532400,0.8843479100,0.8959930800,658976,8620894.1800,0.925408,-0.532300
2011-09-07,0.9096932800,0.9220234600,0.8987331200,0.9206534400,877206,11691991.4400,1.231871,2.752300
2011-09-08,0.9275035400,0.9350386500,0.9048982100,0.9110633000,648883,8697419.8700,0.911234,-1.041662
2011-09-09,0.9090082700,0.9172283900,0.8953080700,0.9001031400,441155,5825338.2900,0.619519,-1.203000
2011-09-13,0.8754427800,0.8905130000,0.8733877500,0.8788678300,504530,6475927.8800,0.708517,-2.359200
2011-09-14,0.8850329200,0.8959930800,0.8720177300,0.8959930800,459930,5942887.7700,0.645885,1.948600
2011-09-15,0.8980481100,0.9083232600,0.8788678300,0.8905130000,654015,8572455.4300,0.918441,-0.611600
2011-09-16,0.8980481100,0.9028431800,0.8857179300,0.8918830200,397628,5197117.4500,0.558394,0.153800
2011-09-19,0.8946230600,0.8946230600,0.8631126000,0.8637976100,521387,6639796.1400,0.732190,-3.149000
2011-09-20,0.8631126000,0.8768128000,0.8603725600,0.8740727600,412840,5235419.8300,0.579756,1.189500
2011-09-21,0.8733877500,0.9042132000,0.8665376500,0.8980481100,930241,12113328.7100,1.306348,2.742900
2011-09-22,0.8911980100,0.9076382500,0.8733877500,0.8768128000,653484,8504478.1200,0.917695,-2.364600
2011-09-23,0.8720177300,0.8959930800,0.8617425800,0.8877729600,598891,7702437.9100,0.841030,1.250000
2011-09-26,0.8788678300,0.9090082700,0.8788678300,0.8918830200,1001326,13107506.2600,1.406174,0.463000
2011-09-27,0.9021581700,0.9131183300,0.8925680300,0.9035281900,962828,12666646.4200,1.352111,1.305700
2011-09-28,0.9144883500,0.9172283900,0.8679076700,0.8733877500,750858,9760381.8900,1.054439,-3.335900
2011-09-29,0.8637976100,0.8727027400,0.8302321200,0.8350271900,758858,9448881.6100,1.065673,-4.392200
2011-09-30,0.8363972100,0.8487273900,0.8302321200,0.8432473100,450628,5519431.4000,0.632822,0.984400
2011-10-10,0.8459873500,0.8562625000,0.8336571700,0.8370822200,328562,4031786.9400,0.461404,-0.731100
2011-10-11,0.8590025400,0.8610575700,0.8233820200,0.8384522400,417853,5162323.6800,0.586796,0.163700
2011-10-12,0.8384522400,0.8679076700,0.8268070700,0.8658526400,828665,10387961.7400,1.163704,3.268000
2011-10-13,0.8679076700,0.8953080700,0.8644826200,0.8877729600,1267220,16392117.8100,1.779572,2.531600
2011-10-14,0.8864029400,0.8918830200,0.8768128000,0.8857179300,539559,6945653.5100,0.757709,-0.231500
2011-10-17,0.8939380500,0.9055832200,0.8864029400,0.8898279900,795720,10399107.3800,1.117439,0.464000
2011-10-18,0.8911980100,0.9788792900,0.8857179300,0.9439437800,9585674,135184886.6800,13.461276,6.081600
2011-10-19,0.9309285900,0.9432587700,0.9096932800,0.9179134000,4449579,59885151.7800,6.248597,-2.757600
2011-10-20,0.9165433800,0.9281885500,0.8357122000,0.8535224600,4376458,55791848.6500,6.145912,-7.014900
2011-10-21,0.8562625000,0.8583175300,0.8240670300,0.8288621000,1920516,23538332.0200,2.697003,-2.889200
2011-10-24,0.8288621000,0.8685926800,0.8083118000,0.8596875500,2291304,28159061.0200,3.217705,3.719000
2011-10-25,0.8603725600,0.9028431800,0.8596875500,0.8905130000,2973474,38372547.3800,4.175685,3.585700
2011-10-26,0.8836629000,0.9507938800,0.8774978100,0.9138033400,4771706,63855128.9000,6.700963,2.615400
2011-10-27,0.9062682300,0.9288735600,0.9007881500,0.9042132000,3039654,40530452.9100,4.268622,-1.049500
2011-10-28,0.9199684300,0.9466838200,0.9048982100,0.9309285900,3463007,46862264.3500,4.863142,2.954500
2011-10-31,0.9302435800,0.9665491100,0.9185984100,0.9590140000,4963655,69030588.2500,6.970520,3.016900
2011-11-01,0.9453138000,0.9980595700,0.9453138000,0.9562739600,6444882,91680851.2600,9.050624,-0.285700
2011-11-02,0.9398337200,1.0254599700,0.9220234600,1.0131297900,8283069,118982293.9500,11.632012,5.945600
2011-11-03,1.0343651000,1.0823158000,1.0069647000,1.0076497100,9091614,139317321.5900,12.767461,-0.540900
2011-11-04,1.0206649000,1.0679305900,1.0151848200,1.0288850200,5695506,86477822.1800,7.998267,2.107400
2011-11-07,1.0268299900,1.0768357200,1.0069647000,1.0638205300,5268738,80999645.5800,7.398951,3.395500
2011-11-08,1.0603954800,1.0658755600,1.0069647000,1.0117597700,4562119,68732302.9500,6.406638,-4.893800
2011-11-09,1.0206649000,1.1131412500,1.0206649000,1.1028661000,9245380,145125502.5100,12.983397,9.004700
2011-11-10,1.0823158000,1.1288964800,1.0651905500,1.0686156000,9322828,148886020.6900,13.092158,-3.105600
2011-11-11,1.0686156000,1.0754657000,1.0405301900,1.0480653000,5444736,83714268.5500,7.646107,-1.923100
2011-11-14,1.0645055400,1.0782057400,1.0446402500,1.0590254600,4195426,65011000.9100,5.891686,1.045800
2011-11-15,1.0665605700,1.0761507100,1.0501203300,1.0761507100,3743467,58280769.0600,5.256995,1.617100
2011-11-16,1.0761507100,1.0761507100,1.0131297900,1.0220349200,4134303,62805610.9700,5.805851,-5.028600
2011-11-17,1.0282000100,1.0439552400,1.0206649000,1.0227199300,2971436,44688482.6100,4.172823,0.067000
2011-11-18,1.0069647000,1.0227199300,0.9816193300,0.9823043400,2754874,40187592.1900,3.868702,-3.951800
2011-11-21,0.9795643000,0.9966895500,0.9699741600,0.9953195300,1647544,23667398.1900,2.313666,1.325000
2011-11-22,0.9836743600,1.0035396500,0.9590140000,0.9768242600,3956506,56366462.2400,5.556168,-1.858200
2011-11-23,0.9795643000,0.9939495100,0.9699741600,0.9843593700,3318345,47604154.7300,4.659991,0.771400
2011-11-24,0.9706591700,0.9925794900,0.9528489100,0.9768242600,2812755,40007836.1600,3.949985,-0.765500
2011-11-25,0.9768242600,0.9918944800,0.9720291900,0.9781942800,2607076,37426026.4600,3.661148,0.140300
2011-11-28,0.9843593700,0.9850443800,0.9439437800,0.9542189300,2390000,33422846.8200,3.356305,-2.451000
2011-11-29,0.9644940800,0.9857293900,0.9562739600,0.9836743600,2457126,34790009.3800,3.450571,3.086900
2011-11-30,0.9823043400,0.9891544400,0.8850329200,0.8939380500,3751066,50949887.6700,5.267666,-9.122600
2011-12-01,0.9357236600,0.9418887500,0.9144883500,0.9151733600,2903502,39358363.1500,4.077422,2.375500
2011-12-02,0.9096932800,0.9199684300,0.8905130000,0.8939380500,1554779,20443135.7600,2.183395,-2.320400
2011-12-05,0.8980481100,0.9028431800,0.8357122000,0.8500974100,1850468,23366393.5100,2.598634,-4.904200
2011-12-06,0.8521524400,0.8822928800,0.8377672300,0.8768128000,2348507,29531676.4100,3.298036,3.142600
2011-12-07,0.8692776900,0.8980481100,0.8631126000,0.8857179300,1903570,24473382.2400,2.673206,1.015600
2011-12-08,0.8850329200,0.9213384500,0.8576325200,0.8932530400,2117409,27664232.5600,2.973503,0.850700
2011-12-09,0.8768128000,0.9096932800,0.8720177300,0.8898279900,1359584,17743957.5100,1.909280,-0.383400
2011-12-12,0.8768128000,0.9007881500,0.8768128000,0.8829778900,904108,11751849.5700,1.269650,-0.769800
2011-12-13,0.8795528400,0.8891429800,0.8391372500,0.8816078700,1964174,24856039.8900,2.758313,-0.155200
2011-12-14,0.8658526400,0.9110633000,0.8658526400,0.8864029400,1974266,25778905.8200,2.772485,0.543900
2011-12-15,0.8713327200,0.9322986100,0.8644826200,0.9048982100,3857067,51088142.3300,5.416525,2.086600
2011-12-16,0.8980481100,0.9912094700,0.8980481100,0.9905244600,6514012,90244966.0400,9.147704,9.462500
2011-12-19,0.9706591700,1.0206649000,0.9494238600,1.0062796900,6423133,91733015.9000,9.020082,1.590600
2011-12-20,0.9836743600,0.9980595700,0.9603840200,0.9638090700,3904937,55716570.0300,5.483749,-4.220600
2011-12-21,0.9733992100,1.0035396500,0.9473688300,0.9501088700,4259125,60962687.5800,5.981140,-1.421500
2011-12-22,0.9350386500,0.9966895500,0.8822928800,0.9692891500,4629078,63417228.3600,6.500669,2.018700
2011-12-23,0.9583289900,1.0055946800,0.9412037400,0.9850443800,5076133,72272408.6000,7.128474,1.625400
2011-12-26,1.0097047400,1.0501203300,0.9644940800,0.9740842200,5089038,74854795.8300,7.146596,-1.112700
2011-12-27,0.9521639000,0.9699741600,0.9124333200,0.9165433800,3764284,51573370.8600,5.286229,-5.907200
2011-12-28,0.8843479100,0.9096932800,0.8685926800,0.9028431800,2480585,32213815.6100,3.483515,-1.494800
2011-12-29,0.8891429800,0.9131183300,0.8768128000,0.8768128000,2143231,28038281.6900,3.009765,-2.883200
2011-12-30,0.8836629000,0.9124333200,0.8822928800,0.9028431800,2486757,32691023.4100,3.492182,2.968800
2012-01-04,0.9117483100,0.9179134000,0.8754427800,0.8822928800,2288284,30281970.6700,3.208636,-2.276200
2012-01-05,0.8699627000,0.8699627000,0.7939265900,0.7939265900,4076806,48968584.7300,5.716505,-10.015500
2012-01-06,0.7761163300,0.8076267900,0.7535110000,0.8014617000,2861479,32424677.9400,4.012371,0.949100
2012-01-09,0.8007766900,0.8357122000,0.7726912800,0.8309171300,2572159,30424451.8000,3.606686,3.675200
2012-01-10,0.8233820200,0.8596875500,0.8213269900,0.8562625000,2853721,35341622.4000,4.001493,3.050300
2012-01-11,0.8439323200,0.9028431800,0.8432473100,0.8665376500,3239484,41619871.0000,4.542411,1.200000
2012-01-12,0.8631126000,0.8870879500,0.8569475100,0.8631126000,2596635,33088089.7800,3.641006,-0.395300
2012-01-13,0.8631126000,0.8699627000,0.8000916800,0.8000916800,3089379,37014228.8400,4.331933,-7.301600
2012-01-16,0.7781713600,0.8158469100,0.7740613000,0.7754313200,1568742,18080521.7100,2.199693,-3.082200
2012-01-17,0.7857064700,0.8288621000,0.7781713600,0.8288621000,1699316,19972087.1000,2.382784,6.890500
2012-01-18,0.8295471100,0.8555774900,0.8042017400,0.8110518400,2042409,24834022.6800,2.863870,-2.148800
2012-01-19,0.8151619000,0.8350271900,0.7946116000,0.8247520400,1669156,19925738.8600,2.340494,1.689200
2012-01-20,0.8206419800,0.8411922800,0.8206419800,0.8343421800,1137263,13859048.6600,1.594672,1.162800
2012-01-30,0.8411922800,0.8473573700,0.8309171300,0.8316021400,1037173,12696479.3000,1.454326,-0.328400
2012-01-31,0.8220120000,0.8350271900,0.8028317200,0.8206419800,1147588,13634648.4700,1.609150,-1.318000
2012-02-01,0.8103668300,0.8425623000,0.8103668300,0.8185869500,973552,11752935.6600,1.365116,-0.250400
2012-02-02,0.8192719600,0.8459873500,0.8192719600,0.8446173300,1406180,17145440.1400,1.971748,3.179900
2012-02-03,0.8480423800,0.8624275900,0.8336571700,0.8596875500,2163065,26839666.3200,3.033054,1.784300
2012-02-06,0.8548924800,0.8747577700,0.8439323200,0.8548924800,1860673,23295316.8300,2.609039,-0.557800
2012-02-07,0.8459873500,0.8617425800,0.8329721600,0.8384522400,1323580,16355530.6500,1.855926,-1.923100
2012-02-08,0.8350271900,0.8692776900,0.8350271900,0.8685926800,2026994,25427043.6100,2.842255,3.594800
2012-02-09,0.8685926800,0.9042132000,0.8637976100,0.8932530400,3228963,42059335.4600,4.527658,2.839100
2012-02-10,0.8850329200,0.8973631000,0.8788678300,0.8911980100,1541529,19996540.7300,2.161535,-0.230100
2012-02-13,0.8836629000,0.9268185300,0.8754427800,0.9220234600,2652743,35325930.5600,3.719681,3.458900
2012-02-14,0.9220234600,0.9268185300,0.9048982100,0.9158583700,1363482,18168759.0300,1.911877,-0.668600
2012-02-15,0.9131183300,0.9727142000,0.9062682300,0.9665491100,3344498,46380463.4100,4.689661,5.534800
2012-02-16,0.9590140000,0.9686041400,0.9384637000,0.9466838200,2097979,29202122.6700,2.941790,-2.055300
2012-02-17,0.9466838200,0.9829893500,0.9192834200,0.9727142000,3498394,48699206.2300,4.905455,2.749600
2012-02-20,0.9870994100,1.0549154000,0.9740842200,1.0007996100,4789793,71043150.9700,6.716257,2.887300
2012-02-21,0.9898394500,1.0508053400,0.9768242600,1.0405301900,7007782,104370515.3300,9.826325,3.969900
2012-02-22,1.0282000100,1.0514903500,1.0220349200,1.0432702300,5016655,76047130.7600,7.034363,0.263300
2012-02-23,1.0391601700,1.0405301900,1.0124447800,1.0206649000,4235956,63409343.3900,5.939665,-2.166800
2012-02-24,1.0172398500,1.0494353200,1.0083347200,1.0131297900,4250517,63624308.9900,5.960083,-0.738300
2012-02-27,1.0124447800,1.0343651000,0.9850443800,0.9898394500,5457608,80834984.1300,7.652668,-2.298900
2012-02-28,0.9864144000,1.0055946800,0.9747692300,0.9973745600,3514869,50978167.8900,4.928556,0.761200
2012-02-29,0.9898394500,0.9980595700,0.9596990100,0.9610690300,3423899,48620284.4400,4.800998,-3.640100
2012-03-01,0.9658641000,0.9891544400,0.9617540400,0.9747692300,2439603,34829371.4600,3.420816,1.425500
2012-03-02,0.9809343200,1.0028546400,0.9747692300,0.9994295900,2682254,38797281.4100,3.761062,2.529900
2012-03-05,1.0001146000,1.0234049400,0.9884694300,1.0117597700,4566736,67192037.6000,6.403486,1.233700
2012-03-06,1.0103897500,1.0103897500,0.9768242600,0.9795643000,2731904,39546184.3800,3.830681,-3.182100
2012-03-07,0.9686041400,0.9918944800,0.9535339200,0.9692891500,2461563,34924002.9400,3.451608,-1.049000
2012-03-08,0.9720291900,1.0001146000,0.9699741600,0.9836743600,1942480,27965758.8300,2.723749,1.484100
2012-03-09,0.9918944800,1.0240899500,0.9884694300,1.0186098700,3813459,56328190.1000,5.347239,3.551500
2012-03-12,1.0192948800,1.0562854200,1.0138148000,1.0549154000,5075712,77089103.3400,7.117173,3.564200
2012-03-13,1.0542303900,1.1083461800,1.0419002100,1.0727256600,6254650,98478749.0000,8.770282,1.688300
2012-03-14,1.0816307900,1.0864258600,1.0001146000,1.0131297900,4256424,65211580.6800,5.968366,-5.555600
2012-03-15,1.0055946800,1.1097162000,1.0055946800,1.0973860200,6293373,97956953.1100,8.824579,8.316400
2012-03-16,1.0898509100,1.1789022100,1.0830008100,1.1330065400,8301134,136998832.6700,11.639866,3.245900
2012-03-19,1.1309515100,1.2234278600,1.1165663000,1.1850673000,7902235,136920887.8800,11.080529,4.594900
2012-03-20,1.1645170000,1.1973974800,1.1302665000,1.1425966800,5770304,97245815.1000,8.091131,-3.583800
2012-03-21,1.1371166000,1.1556118700,1.0795757600,1.1104012100,6209526,101362196.1100,8.707009,-2.817700
2012-03-22,1.1131412500,1.2213728300,1.1028661000,1.2193178000,8838254,152358818.2500,12.393016,9.808800
2012-03-23,1.2056176000,1.2254828900,1.1645170000,1.1994525100,5341588,93094414.8400,7.489985,-1.629200
2012-03-26,1.1857523100,1.2056176000,1.1542418500,1.1734221300,3768101,64709418.9300,5.283638,-2.170200
2012-03-27,1.1802722300,1.2398681000,1.1220463800,1.1371166000,7295060,124685719.9100,10.229147,-3.094000
2012-03-28,1.0967010100,1.1199913500,1.0508053400,1.0549154000,5302689,84074489.4600,7.435440,-7.228900
2012-03-29,1.0542303900,1.0816307900,1.0261449800,1.0740956800,4157829,63979796.6200,5.830116,1.818200
2012-03-30,1.0651905500,1.0967010100,1.0357351200,1.0871108700,3577280,55785972.8500,5.016069,1.211700
2012-04-05,1.0932759600,1.1610919500,1.0699856200,1.1597219300,4278850,70169807.1200,5.999812,6.679300
2012-04-06,1.1473917500,1.1898623700,1.1247864200,1.1713671000,4859500,81984720.6100,6.814000,1.004100
2012-04-09,1.1610919500,1.1713671000,1.1336915500,1.1357465800,3079200,51726164.0900,4.317660,-3.040900
2012-04-10,1.1247864200,1.1556118700,1.0843708300,1.1549268600,3741340,61071193.6800,5.246114,1.688800
2012-04-11,1.1371166000,1.1823272600,1.1309515100,1.1494467800,3512996,59301454.1700,4.925930,-0.474500
2012-04-12,1.1501317900,1.1576669000,1.1110862200,1.1562968800,4678040,78119458.0400,6.559556,0.595900
2012-04-13,1.1556118700,1.1987675000,1.1425966800,1.1713671000,5118998,87618665.0800,7.177869,1.303300
2012-04-16,1.1597219300,1.1967124700,1.1460217300,1.1583519100,3423663,58771180.6800,4.800667,-1.111100
2012-04-17,1.1515018100,1.1624619700,1.1062911500,1.1165663000,3787127,62327590.1800,5.310317,-3.607300
2012-04-18,1.1172513100,1.1446517100,1.1104012100,1.1439667000,2568924,42481793.5100,3.602150,2.454000
2012-04-19,1.1439667000,1.1747921500,1.1302665000,1.1302665000,2600092,43674587.2200,3.645854,-1.197600
2012-04-20,1.1165663000,1.1391716300,1.1083461800,1.1275264600,2375426,39037268.4100,3.330827,-0.242400
2012-04-23,1.1220463800,1.1220463800,1.0357351200,1.0556004100,4238953,65743406.8000,5.943868,-6.379100
2012-04-24,1.0535453800,1.0740956800,1.0007996100,1.0227199300,3775962,56728659.1100,5.294661,-3.114900
2012-04-25,1.0227199300,1.0227199300,1.0227199300,1.0227199300,0,0.0000,,0.000000
2012-04-26,1.0343651000,1.0603954800,1.0275150000,1.0391601700,2480575,37802043.5500,3.478267,1.607500
2012-04-27,1.0391601700,1.0583404500,1.0199798900,1.0480653000,1771932,26858423.2800,2.484606,0.857000
2012-05-02,1.0549154000,1.0576554400,1.0288850200,1.0460102700,2135248,32612303.6100,2.994049,-0.196100
2012-05-03,1.0412152000,1.0740956800,1.0302550400,1.0576554400,2531794,39204242.4500,3.550086,1.113300
2012-05-04,1.0617655000,1.1076611700,1.0597104700,1.0939609700,2974574,47120852.8400,4.170953,3.432600
2012-05-07,1.0932759600,1.0932759600,1.0699856200,1.0925909500,2157211,34062262.4200,3.024845,-0.125200
2012-05-08,1.1028661000,1.1097162000,1.0768357200,1.0816307900,2779994,44314375.2100,3.898113,-1.003100
2012-05-09,1.0617655000,1.0795757600,1.0562854200,1.0617655000,1465812,22818624.0400,2.055364,-1.836600
2012-05-10,1.0693006100,1.1090311900,1.0693006100,1.0768357200,2437987,38824770.4600,3.418550,1.419400
2012-05-11,1.0624505100,1.0747806900,1.0288850200,1.0323100700,2417182,37005862.4800,3.389377,-4.134900
2012-05-14,1.0453252600,1.0556004100,1.0275150000,1.0377901500,1673158,25415222.8800,2.346105,0.530900
2012-05-15,1.0275150000,1.0446402500,1.0103897500,1.0419002100,1129640,16961435.3000,1.583983,0.396000
2012-05-16,1.0419002100,1.0453252600,1.0213499100,1.0268299900,1420017,21314524.2300,1.991151,-1.446400
2012-05-17,1.0220349200,1.0508053400,1.0220349200,1.0439552400,1608505,24405298.4800,2.255449,1.667800
2012-05-18,1.0377901500,1.0377901500,1.0014846200,1.0097047400,1589751,23620612.9900,2.229152,-3.280800
2012-05-21,1.0035396500,1.0261449800,1.0007996100,1.0172398500,980158,14514879.1300,1.374379,0.746300
2012-05-22,1.0240899500,1.0329950800,1.0151848200,1.0275150000,918632,13733702.1700,1.288108,1.010100
2012-05-23,1.0282000100,1.0316250600,1.0103897500,1.0220349200,1052712,15685635.1200,1.476115,-0.533300
2012-05-24,1.0240899500,1.0521753600,1.0220349200,1.0295700300,2750237,41677673.3400,3.856387,0.737300
2012-05-25,1.0275150000,1.0405301900,0.9939495100,1.0014846200,1662194,24656892.8500,2.330732,-2.727900
2012-05-28,0.9891544400,0.9980595700,0.9624390500,0.9939495100,1745559,24903294.7100,2.447626,-0.752400
2012-05-29,0.9953195300,1.0240899500,0.9884694300,1.0069647000,1973729,29064215.0900,2.767567,1.309400
2012-05-30,1.0069647000,1.0309400500,1.0069647000,1.0192948800,1608326,23967093.6000,2.255198,1.224500
2012-05-31,1.0338330600,1.0878082800,1.0248371900,1.0691245500,4481306,68627214.0200,6.283696,4.888000
2012-06-01,1.0635886300,1.0670485800,1.0504408200,1.0587447000,1659239,25330641.3500,2.326588,-0.970900
2012-06-04,1.0366010200,1.0497488300,1.0082294300,1.0089214200,2999547,44460321.2300,4.205970,-4.705900
2012-06-05,1.0082294300,1.0199932600,1.0040774900,1.0116893800,1033832,15113913.8800,1.449641,0.274300
2012-06-06,1.0103054000,1.0227612200,0.9909296800,0.9936976400,1294148,18802793.8000,1.814657,-1.778400
2012-06-07,1.0075374400,1.0206852500,0.9881617200,0.9950816200,1187287,17219666.7500,1.664816,0.139300
2012-06-08,1.0033855000,1.0435209200,0.9895457000,1.0289891300,3264931,48237202.2800,4.578092,3.407500
2012-06-11,1.0310651000,1.0539007700,1.0248371900,1.0511328100,2184497,32934796.6500,3.063106,2.152000
2012-06-12,1.0435209200,1.0781204200,1.0379850000,1.0449049000,2958404,45406601.8600,4.148280,-0.592500
2012-06-13,1.0449049000,1.0919602200,1.0352170400,1.0788124100,3076387,47564461.8800,4.313716,3.245000
2012-06-14,1.0795044000,1.1071840000,1.0670485800,1.0712005200,3623375,57073038.1300,5.080703,-0.705600
2012-06-15,1.0767364400,1.0988801200,1.0656646000,1.0926522100,2093354,32688355.1200,2.935305,2.002600
2012-06-18,1.0954201700,1.1182558400,1.0829643500,1.1058000200,2474098,39286750.1200,3.469185,1.203300
2012-06-19,1.1002641000,1.1127199200,1.0732764900,1.0739684800,2339995,36868172.5500,3.281145,-2.878600
2012-06-20,1.0767364400,1.1265597200,1.0677405700,1.1058000200,3929929,62753091.9800,5.510554,2.963900
2012-06-21,1.1009560900,1.1175638500,1.0712005200,1.0788124100,3020426,47666688.5700,4.235247,-2.440600
2012-06-25,1.0705085300,1.0822723600,1.0345250500,1.0414449500,1627949,24892977.1900,2.282713,-3.463800
2012-06-26,1.0345250500,1.0573607200,1.0186092800,1.0483648500,1338136,20117806.2900,1.876337,0.664500
2012-06-27,1.0483648500,1.0933442000,1.0435209200,1.0753524600,2223003,34280283.4400,3.117099,2.574300
2012-06-28,1.0725845000,1.1230997700,1.0725845000,1.0968041500,2858249,45591062.7600,4.007842,1.994900
2012-06-29,1.0864243000,1.1403995200,1.0801963900,1.1279437000,2820364,45412823.3100,3.954720,2.839100
2012-07-02,1.1279437000,1.1646191700,1.1161798700,1.1383235500,2576246,42398578.7200,3.595702,0.920200
2012-07-03,1.1376315600,1.1466274300,1.1175638500,1.1244837500,1559565,25544899.6700,2.176706,-1.215800
2012-07-04,1.1279437000,1.1563152900,1.1113359400,1.1154878800,1560944,25611714.2100,2.178631,-0.800000
2012-07-05,1.1175638500,1.1535473300,1.0974961400,1.1417835000,2741456,44570533.0100,3.826288,2.357300
2012-07-06,1.1397075300,1.1480114100,1.0788124100,1.1230997700,3591746,57536619.3700,5.013050,-1.636400
2012-07-09,1.1196398200,1.1452434500,1.1002641000,1.1023400700,2538809,41225321.5300,3.543451,-1.848400
2012-07-10,1.1016480800,1.1044160400,1.0601286800,1.0857323100,2156501,33797135.6600,3.009858,-1.506600
2012-07-11,1.0795044000,1.1037240500,1.0746604700,1.0940361900,1174784,18540493.7200,1.639662,0.764800
2012-07-12,1.0968041500,1.1625432000,1.0871162900,1.1500873800,3098458,50820986.8800,4.324561,5.123300
2012-07-13,1.1542393200,1.1666951400,1.1369395700,1.1556233000,2115323,35273298.9000,2.952386,0.481300
2012-07-16,1.1632351900,1.1715390700,1.1078759900,1.1182558400,3144155,51906169.1400,4.388341,-3.233500
2012-07-17,1.1141039000,1.1521633500,1.0885002700,1.1487034000,2113894,34013105.9200,2.950391,2.722800
2012-07-18,1.1417835000,1.1729230500,1.1230997700,1.1729230500,1991966,33047852.1000,2.780215,2.108400
2012-07-19,1.1756910100,1.2165184200,1.1597752400,1.1694631000,3526984,60659324.8500,4.922660,-0.295000
2012-07-20,1.1632351900,1.1736150400,1.1431674800,1.1521633500,2114514,35422429.8600,2.951256,-1.479300
2012-07-23,1.1521633500,1.1763830000,1.1217157900,1.1729230500,1532176,25516181.9000,2.138479,1.801800
2012-07-24,1.1632351900,1.1888388200,1.1535473300,1.1639271800,1270786,21459242.3800,1.773654,-0.767000
2012-07-25,1.1542393200,1.1701550900,1.1348636000,1.1625432000,1417256,23659960.8200,1.978084,-0.118900
2012-07-26,1.1618512100,1.1881468300,1.1403995200,1.1556233000,1987651,33627569.9200,2.774192,-0.595200
2012-07-27,1.1487034000,1.1673871300,1.1182558400,1.1549313100,2349830,38560854.5700,3.279690,-0.059900
2012-07-30,1.1417835000,1.1867628500,1.1314036500,1.1348636000,2757385,46193235.1400,3.848520,-1.737600
2012-07-31,1.1279437000,1.1860708600,1.1244837500,1.1687711100,3283274,54898763.4900,4.582511,2.987800
2012-08-01,1.1632351900,1.2130584700,1.1452434500,1.2047545900,3648739,62900714.3800,5.092595,3.078700
2012-08-02,1.1985266800,1.2109825000,1.1798429500,1.2026786200,2214359,38313970.3500,3.090611,-0.172300
2012-08-03,1.2026786200,1.2794895100,1.1971427000,1.2704936400,4929388,88818588.2400,6.880015,5.638700
2012-08-06,1.2538858800,1.3473045300,1.2538858800,1.3251608500,6076506,115251614.8100,8.481063,4.302800
2012-08-07,1.3133970200,1.3459205500,1.3002492100,1.3030171700,6556745,125234397.5900,9.151340,-1.671000
2012-08-08,1.2940213000,1.3182409500,1.2808734900,1.3113210500,3002419,56306782.3600,4.190518,0.637300
2012-08-09,1.3071691100,1.3327727400,1.2912533400,1.3078611000,2830349,53693322.2900,3.950357,-0.263900
2012-08-10,1.3182409500,1.3203169200,1.2815654800,1.3009412000,1995063,37435939.4300,2.784537,-0.529100
2012-08-13,1.2884853800,1.3479965200,1.2877933900,1.3085530900,2467266,47190883.9300,3.443597,0.585100
2012-08-14,1.3140890100,1.3217009000,1.2310502100,1.2905613500,2743339,50312047.2200,3.828916,-1.374900
2012-08-15,1.2781055300,1.3099370700,1.2635737400,1.2767215500,1495919,27955971.8200,2.087875,-1.072400
2012-08-16,1.2732616000,1.3113210500,1.2538858800,1.2815654800,1257612,23312151.3500,1.755266,0.379400
2012-08-17,1.2704936400,1.3009412000,1.2621897600,1.2891773700,1131379,20905736.7800,1.579081,0.594000
2012-08-20,1.2905613500,1.3493805000,1.2635737400,1.3493805000,2637741,49992808.0300,3.681532,4.669900
2012-08-21,1.3493805000,1.4427991500,1.3459205500,1.3992037800,4756267,96519506.9700,6.638388,3.692300
2012-08-22,1.3915918900,1.4248074100,1.3825960200,1.3950518400,2607935,52816762.4900,3.639931,-0.296700
2012-08-23,1.3798280600,1.4670188000,1.3798280600,1.4393392000,2963819,61337454.8500,4.136643,3.174600
2012-08-24,1.4192714900,1.4351872600,1.3362326900,1.3479965200,3987292,79550687.6100,5.565119,-6.346200
2012-08-27,1.3320807500,1.3736001500,1.3057851300,1.3424606000,2294563,44374910.6500,3.202553,-0.410700
2012-08-28,1.3431525900,1.4033557200,1.3300047800,1.3825960200,2473627,49247563.8100,3.452475,2.989700
2012-08-29,1.3832880100,1.4358792500,1.3652962700,1.3978198000,2244903,45738696.5500,3.133242,1.101100
2012-08-30,1.3839800000,1.4075076600,1.2580378200,1.2940213000,3753130,71163815.9100,5.238295,-7.425743
2012-08-31,1.2884853800,1.3528404500,1.2801815000,1.3493805000,2087248,40075319.9600,2.913201,4.278100
2012-09-03,1.3320807500,1.4075076600,1.3320807500,1.3839800000,2973906,59391770.2100,4.150722,2.564100
2012-09-04,1.3950518400,1.3978198000,1.3646042800,1.3978198000,2519786,50252838.7800,3.516900,1.000000
2012-09-05,1.3825960200,1.4254994000,1.3722161700,1.3895159200,1599133,32301554.2000,2.231932,-0.594100
2012-09-06,1.3929758700,1.4109676100,1.3500724900,1.3895159200,1601271,31932098.1800,2.234916,0.000000
2012-09-07,1.4026637300,1.4379552200,1.3874399500,1.4192714900,3071970,63035379.5200,4.287591,2.141400
2012-09-10,1.4192714900,1.5119981500,1.4123515900,1.5016183000,3456049,73517716.1800,4.823655,5.802000
2012-09-11,1.5016183000,1.5306818800,1.4600989000,1.5009263100,2128109,46109612.7100,2.970231,-0.046100
2012-09-12,1.5016183000,1.5258379500,1.4808586000,1.4926224300,1878038,40646037.2100,2.621204,-0.553300
2012-09-13,1.4808586000,1.5085382000,1.4524870100,1.4670188000,2133080,45472884.4800,2.977169,-1.715300
2012-09-14,1.4670188000,1.5279139200,1.4573309400,1.4912384500,2060412,44404158.3600,2.875746,1.650900
2012-09-17,1.4739387000,1.4863945200,1.4068156700,1.4213474600,1759339,36514645.9400,2.455534,-4.686800
2012-09-18,1.4213474600,1.4566389500,1.3998957700,1.4282673600,1201140,24870662.9200,1.676448,0.486900
2012-09-19,1.4414151700,1.4870865100,1.4185795000,1.4656348200,1547417,32716040.2900,2.159751,2.616300
2012-09-20,1.4580229300,1.4580229300,1.3978198000,1.4061236800,1298132,26702960.6600,1.811821,-4.060400
2012-09-21,1.3902079100,1.4358792500,1.3902079100,1.4068156700,1495888,30569659.8800,2.087832,0.049200
2012-09-24,1.3964358200,1.4012797500,1.3217009000,1.3860559700,3119746,61602441.8600,4.354273,-1.475700
2012-09-25,1.3756761200,1.3812120400,1.3320807500,1.3320807500,1811120,35522604.5800,2.527805,-3.894200
2012-09-26,1.3147810000,1.3459205500,1.2580378200,1.2940213000,2921945,54361871.4200,4.078199,-2.857100
2012-09-27,1.2940213000,1.3320807500,1.2691096600,1.3050931400,2125342,40080657.7900,2.966369,0.855600
2012-09-28,1.2940213000,1.3334647300,1.2794895100,1.3217009000,1308110,24708428.4900,1.825747,1.272500
2012-10-08,1.3217009000,1.3542244300,1.3078611000,1.3459205500,1058409,20425036.8900,1.477236,1.832500
2012-10-09,1.3459205500,1.3867479600,1.3459205500,1.3819040300,953446,18841117.8100,1.330738,2.673500
2012-10-10,1.3839800000,1.4095836300,1.3680642300,1.3895159200,1064711,21374322.2200,1.486032,0.550800
2012-10-11,1.3708321900,1.3908999000,1.3438445800,1.3625283100,1067848,21038064.6100,1.490410,-1.942200
2012-10-12,1.3611443300,1.3646042800,1.3293127900,1.3521484600,1575142,30713572.0600,2.198447,-0.761800
2012-10-15,1.3320807500,1.3563004000,1.2884853800,1.3251608500,1212532,22969727.5100,1.692348,-1.995900
2012-10-16,1.3057851300,1.3452285600,1.3009412000,1.3009412000,592914,11325808.3200,0.827538,-1.827700
2012-10-17,1.3009412000,1.3210089100,1.2739535900,1.3168569700,1087186,20498882.0100,1.517401,1.223400
2012-10-18,1.3147810000,1.3376166700,1.3057851300,1.3203169200,961110,18401698.6800,1.341435,0.262700
2012-10-19,1.3203169200,1.3230848800,1.3037091600,1.3161649800,895439,16982988.5600,1.249777,-0.314463
2012-10-22,1.3092450800,1.3355407000,1.2905613500,1.3140890100,712687,13446730.2300,0.994707,-0.157700
2012-10-23,1.3078611000,1.3217009000,1.2649577200,1.2711856300,1382644,25532241.3200,1.929775,-3.264900
2012-10-24,1.2670336900,1.2774135400,1.2580378200,1.2635737400,674548,12377522.7700,0.941476,-0.598800
2012-10-25,1.2663417000,1.2663417000,1.2317422000,1.2345101600,571153,10322537.1200,0.797166,-2.300100
2012-10-26,1.2338181700,1.2476579700,1.2179024000,1.2248223000,748639,13311104.6800,1.044886,-0.784800
2012-10-29,1.2241303100,1.2358941400,1.1424754900,1.1493953900,2047396,34677861.6800,2.857579,-6.158200
2012-10-30,1.1521633500,1.1590832500,1.1307116600,1.1507793700,1349893,22425817.3800,1.644147,0.120400
2012-10-31,1.1570072800,1.2082145400,1.1459354400,1.2082145400,3507607,59964109.7000,4.272207,4.991000
2012-11-01,1.2095985200,1.2179024000,1.2040626000,1.2109825000,1594748,27903827.9200,1.942377,0.229100
2012-11-02,1.2289742400,1.2317422000,1.2047545900,1.2130584700,910886,16053644.6100,1.109444,0.171400
2012-11-05,1.2130584700,1.2172104100,1.1632351900,1.1763830000,1062219,18251299.9900,1.293765,-3.023400
2012-11-06,1.1791509600,1.1812269300,1.1334796200,1.1715390700,1822797,30310293.4100,2.220136,-0.411800
2012-11-07,1.1611592200,1.1749990200,1.1570072800,1.1736150400,724761,12245546.2800,0.882747,0.177200
2012-11-08,1.1556233000,1.1985266800,1.1431674800,1.1736150400,1228412,20961577.1100,1.496185,0.000000
2012-11-09,1.1590832500,1.1763830000,1.1535473300,1.1563152900,578799,9718492.0800,0.704968,-1.474100
2012-11-12,1.1576992700,1.1936827500,1.1521633500,1.1729230500,1031119,17488517.6100,1.255886,1.436300
2012-11-13,1.1701550900,1.1743070300,1.1341716100,1.1452434500,922369,15337830.2900,1.123430,-2.359900
2012-11-14,1.1417835000,1.1549313100,1.1037240500,1.1182558400,926067,15000057.1400,1.127934,-2.356500
2012-11-15,1.1141039000,1.1314036500,1.0815803700,1.0836563400,933182,14918053.3100,1.136600,-3.094100
2012-11-16,1.0691245500,1.0940361900,1.0670485800,1.0712005200,764137,11867161.6000,0.930706,-1.149400
2012-11-19,1.0905762400,1.0968041500,1.0622046500,1.0864243000,454927,7075454.3400,0.554094,1.421200
2012-11-20,1.0933442000,1.1030320600,1.0850403200,1.0933442000,957070,15124446.7300,1.165695,0.636900
2012-11-21,1.0912682300,1.1369395700,1.0864243000,1.1334796200,1103318,17657804.7400,1.343823,3.670900
2012-11-22,1.1320956400,1.1487034000,1.1071840000,1.1141039000,867709,14032184.3100,1.056855,-1.709400
2012-11-23,1.1230997700,1.1327876300,1.1141039000,1.1210238000,592817,9627550.7800,0.722041,0.621100
2012-11-26,1.1314036500,1.1314036500,1.0912682300,1.0912682300,611657,9769093.5200,0.744988,-2.654300
2012-11-27,1.0864243000,1.0898842500,1.0213772400,1.0296811200,1248234,18986401.3400,1.520328,-5.643600
2012-11-28,1.0213772400,1.0414449500,1.0158413200,1.0241452000,457314,6775961.3700,0.557001,-0.537600
2012-11-29,1.0220692300,1.0331410700,0.9812418200,0.9964656000,546034,7961855.3100,0.665060,-2.702700
2012-11-30,0.9978495800,1.0103054000,0.9812418200,0.9985415700,1213606,17465972.8300,1.478152,0.208300
2012-12-03,0.9999255500,1.0068454500,0.9514862500,0.9514862500,1090500,15363263.5400,1.328211,-4.712400
2012-12-04,0.9355704800,0.9950816200,0.9355704800,0.9867777400,2240058,31556821.5200,2.728353,3.709100
2012-12-05,0.9867777400,1.0421369400,0.9826258000,1.0137653500,3481879,51240651.1500,4.240871,2.734900
2012-12-06,0.9999255500,1.0296811200,0.9687860000,1.0103054000,3106499,44501971.0400,3.783664,-0.341300
2012-12-07,1.0013095300,1.0573607200,0.9867777400,1.0400609700,2609381,38881470.0200,3.178183,2.945200
2012-12-10,1.0407529600,1.0656646000,1.0262211700,1.0525167900,1704161,25818736.6800,2.075640,1.197600
2012-12-11,1.0545927600,1.0580527100,1.0255291800,1.0338330600,2053533,30854426.8000,2.501169,-1.775100
2012-12-12,1.0393689800,1.0393689800,1.0151493300,1.0262211700,954232,14109546.1200,1.162239,-0.736300
2012-12-13,1.0172253000,1.0587447000,1.0137653500,1.0303731100,1037810,15632009.1800,1.264035,0.404600
2012-12-14,1.0206852500,1.1058000200,1.0193012700,1.0898842500,2934340,45191356.1700,3.573977,5.775700
2012-12-17,1.0760444500,1.1078759900,1.0649726100,1.1071840000,1691017,26500852.0700,2.059631,1.587300
2012-12-18,1.1002641000,1.1058000200,1.0760444500,1.0815803700,1700786,26714384.9800,2.071529,-2.312500
2012-12-19,1.0829643500,1.1037240500,1.0732764900,1.0885002700,610249,9596852.2600,0.743273,0.639800
2012-12-20,1.0871162900,1.1016480800,1.0732764900,1.1002641000,1248361,19661948.8200,1.520483,1.080700
2012-12-21,1.0988801200,1.1265597200,1.0850403200,1.1078759900,2145091,34271250.4900,2.612685,0.691800
2012-12-24,1.0995721100,1.1334796200,1.0981881300,1.1265597200,1795009,28879898.4000,2.186291,1.686400
2012-12-25,1.1265597200,1.1611592200,1.1127199200,1.1604672300,2766231,45691424.2400,3.369223,3.009800
2012-12-26,1.1514713600,1.1694631000,1.1390155400,1.1673871300,1316906,22032609.9300,1.603970,0.596300
2012-12-27,1.1660031500,1.2006026500,1.1556233000,1.1812269300,3159445,53786235.9300,3.848152,1.185500
2012-12-28,1.1805349400,1.1895308100,1.1576992700,1.1833029000,1282362,21758899.2700,1.561896,0.175700
2012-12-31,1.1763830000,1.1922987700,1.1528553400,1.1687711100,1738679,29281755.0300,2.117682,-1.228100
2013-01-04,1.1625432000,1.1715390700,1.1002641000,1.1071840000,3263367,52628036.6200,3.974727,-5.269400
2013-01-07,1.1092599700,1.1196398200,1.1009560900,1.1168718600,1674526,26926982.7400,2.039545,0.875000
2013-01-08,1.1134119100,1.1922987700,1.1085679800,1.1722310600,3780004,63228899.4400,4.603982,4.956600
2013-01-09,1.1756910100,1.2608057800,1.1722310600,1.2421220500,4486049,79352103.5900,4.564374,5.962200
2013-01-10,1.2352021500,1.2525019000,1.2192863800,1.2268982700,2177584,38802761.9400,2.215604,-1.225600
2013-01-11,1.2386621000,1.2448900100,1.1798429500,1.1819189200,2651182,46316613.4200,2.697471,-3.666100
2013-01-14,1.1805349400,1.2857174200,1.1805349400,1.2635737400,2618558,47093474.8400,2.664277,6.908700
2013-01-15,1.2635737400,1.3127050300,1.2525019000,1.2884853800,2472347,45838234.2400,2.515514,1.971500
2013-01-16,1.2670336900,1.3023251800,1.2663417000,1.2801815000,1521875,28167083.3800,1.548447,-0.644500
2013-01-17,1.2801815000,1.3196249300,1.2559618500,1.2608057800,1442729,26934385.8000,1.467919,-1.513500
2013-01-18,1.2691096600,1.2933293100,1.2441980200,1.2871014000,1397843,25690356.0800,1.422249,2.085600
2013-01-21,1.2843334400,1.3445365700,1.2746455800,1.3417686100,2939858,56186842.8600,2.991187,4.247300
2013-01-22,1.3376166700,1.3431525900,1.3154729900,1.3223928900,1924992,36850842.3400,1.958602,-1.444000
2013-01-23,1.3632203000,1.4517950200,1.3618363200,1.3874399500,5547969,112063791.6400,5.644835,4.918900
2013-01-24,1.3874399500,1.4531790000,1.3639122900,1.4068156700,4409957,89855521.3500,4.486954,1.396500
2013-01-25,1.4116596000,1.4448751200,1.3908999000,1.4393392000,2873593,58962878.6700,2.923765,2.311900
2013-01-28,1.4400311900,1.4594069100,1.4019717400,1.4531790000,2745675,56698484.8200,2.793614,0.961500
2013-01-29,1.4531790000,1.4946984000,1.4296513400,1.4441831300,2018123,42273103.9200,2.053359,-0.619000
2013-01-30,1.4448751200,1.4448751200,1.4047397000,1.4171955200,1910586,39184128.3700,1.943944,-1.868700
2013-01-31,1.4165035300,1.4296513400,1.3908999000,1.4171955200,1302853,26511932.3100,1.325601,0.000000
2013-02-01,1.3971278100,1.4400311900,1.3971278100,1.4358792500,1222884,25112620.3200,1.244235,1.318400
2013-02-04,1.4434911400,1.4511030300,1.3320807500,1.3597603500,2424547,47822430.7600,2.466879,-5.301200
2013-02-05,1.3528404500,1.3839800000,1.3376166700,1.3597603500,1674781,32819752.4300,1.704022,0.000000
2013-02-06,1.3618363200,1.4102756200,1.3611443300,1.4040477100,2161579,43562065.1200,2.199320,3.257000
2013-02-07,1.4033557200,1.4102756200,1.3749841300,1.4102756200,851730,17146272.4000,0.866601,0.443600
2013-02-08,1.4171955200,1.4566389500,1.4109676100,1.4324193000,1541469,32059323.9500,1.568383,1.570200
2013-02-18,1.4331112900,1.4739387000,1.4102756200,1.4600989000,2086231,43385620.0600,2.122656,1.932400
2013-02-19,1.4580229300,1.4594069100,1.4185795000,1.4192714900,1090023,22553503.4800,1.109055,-2.796200
2013-02-20,1.4061236800,1.5362178000,1.4047397000,1.5182260600,2900278,62598428.1600,2.950916,6.972200
2013-02-21,1.5154581000,1.5638974000,1.4884704900,1.5175340700,1937332,42848057.7400,1.971157,-0.045600
2013-02-22,1.5175340700,1.5486736200,1.4974663600,1.5189180500,994174,21901979.3900,1.011532,0.091200
2013-02-25,1.6054168000,1.6607760000,1.5763532200,1.6393243100,2809180,65359251.5200,2.858228,7.927100
2013-02-26,1.6386323200,1.7230551000,1.6192566000,1.6483201800,4025032,97806647.3500,4.095308,0.548800
2013-02-27,1.6711558500,1.6808437100,1.5915770000,1.6019568500,3718204,86849421.0700,3.783123,-2.812800
2013-02-28,1.6123367000,1.6393243100,1.5784291900,1.6330964000,2316228,54066752.6600,2.356669,1.943800
2013-03-01,1.6330964000,1.6939915200,1.6171806300,1.6683878900,2779677,66890924.8000,2.828209,2.161000
2013-03-04,1.6573160500,1.7424308200,1.6427842600,1.6746158000,2806229,68876297.5200,2.855225,0.373300
2013-03-05,1.6746158000,1.7991740000,1.6746158000,1.7991740000,2936100,74120051.4700,2.987364,7.438000
2013-03-06,1.8033259400,1.8268536000,1.7721863900,1.8095538500,1862529,48174932.5400,1.895048,0.576900
2013-03-07,1.8088618600,1.8088618600,1.6628519700,1.7285910200,3477640,86953646.2700,3.538359,-4.474200
2013-03-08,1.7029873900,1.7368949000,1.6455522200,1.6552400800,1902800,46069912.8700,1.936022,-4.243400
2013-03-11,1.6607760000,1.6787677400,1.6192566000,1.6434762500,1970864,46891823.3600,2.005275,-0.710700
2013-03-12,1.6372483400,1.7140592300,1.6019568500,1.6593920200,3869298,92490513.8200,3.936855,0.968400
2013-03-13,1.6434762500,1.7368949000,1.6068007800,1.7299750000,2854861,69165408.4900,2.904706,4.253500
2013-03-14,1.7216711200,1.7555786300,1.7022954000,1.7334349500,2268989,56768933.7800,2.308605,0.200000
2013-03-15,1.7368949000,1.8316975300,1.7230551000,1.7797982800,2530273,65320966.3600,2.574451,2.674700
2013-03-18,1.7818742500,1.8662970300,1.7756463400,1.8227016600,2031925,53591720.0000,2.067402,2.410600
2013-03-19,1.8019419600,1.8227016600,1.7348189300,1.7624985300,2233848,57203728.0000,2.272850,-3.303000
2013-03-20,1.7292830100,1.8787528500,1.7292830100,1.8683730000,3560533,94366608.0000,3.622699,6.007100
2013-03-21,1.8683730000,1.9361880200,1.8545332000,1.9244241900,2542239,69564040.0000,2.586626,3.000000
2013-03-22,1.9292681200,2.0219947800,1.9098924000,1.9991591100,3027025,86804328.0000,3.079876,3.883500
2013-03-25,2.0040030400,2.0967297000,1.9984671200,2.0676661200,3163503,93689360.0000,3.218737,3.426800
2013-03-26,2.0621302000,2.0891178100,2.0067710000,2.0455224400,2429148,71756024.0000,2.471560,-1.070900
2013-03-27,2.0482904000,2.0621302000,1.9721715000,2.0302986600,3014707,87434880.0000,3.067343,-0.744200
2013-03-28,2.0233787600,2.1167974100,1.9514118000,2.0669741300,2477309,73663264.0000,2.520562,1.806400
2013-03-29,2.0614382100,2.1015736300,2.0081549800,2.0655901500,1562851,46309400.0000,1.590138,-0.067000
2013-04-01,2.0489823900,2.1797685000,1.9963911500,2.1783845200,2263012,67492736.0000,2.300943,5.460600
2013-04-02,2.1590088000,2.2752631200,2.0759700000,2.1050335800,2811945,87662992.0000,2.859077,-3.367200
2013-04-03,2.0842738800,2.1209493500,1.9846273200,2.0067710000,3239505,94791128.0000,3.293804,-4.668000
2013-04-08,1.9375720000,2.0801219400,1.9375720000,2.0745860200,2402950,70551568.0000,2.443227,3.379300
2013-04-09,2.0794299500,2.1486289500,2.0621302000,2.1264852700,1918550,58659984.0000,1.950708,2.501700
2013-04-10,2.1313292000,2.1437850200,2.0171508500,2.0441384600,2443913,72285944.0000,2.484876,-3.872400
2013-04-11,2.0621302000,2.0683581100,1.9936231900,2.0323746300,1192109,34890328.0000,1.212090,-0.575500
2013-04-12,2.0302986600,2.0565942800,2.0040030400,2.0136909000,1306635,38191068.0000,1.328536,-0.919307
2013-04-15,2.0129989100,2.0261467200,1.9410319500,1.9479518500,1178565,33667068.0000,1.198319,-3.264600
2013-04-16,1.9348040400,2.0129989100,1.9029725000,2.0123069200,1348380,38178856.0000,1.370981,3.303731
2013-04-17,2.0088469700,2.1797685000,1.9998511000,2.1597007900,2018835,60559820.0000,2.052673,7.324600
2013-04-18,2.1299452200,2.2766471000,2.1174894000,2.1590088000,2182010,69464208.0000,2.218583,-0.032000
2013-04-19,2.1465529800,2.2316677500,2.1209493500,2.1998362100,1709952,54133192.0000,1.738613,1.891026
2013-04-22,2.1991442200,2.4095091800,2.1693886500,2.3790616200,2088318,69492232.0000,2.123321,8.147200
2013-04-23,2.3666058000,2.4219650000,2.2752631200,2.3389262000,1982635,67318360.0000,2.015867,-1.687000
2013-04-24,2.3396181900,2.4897800200,2.3043267000,2.4288849000,2174944,75858784.0000,2.211399,3.846200
2013-04-25,2.4012053000,2.4814761400,2.2835670000,2.3762936600,2649950,91011424.0000,2.694367,-2.165200
2013-04-26,2.3624538600,2.3735257000,2.2766471000,2.2904869000,1935665,65048452.0000,1.968109,-3.610954
2013-05-02,2.2974068000,2.3742176900,2.2704191900,2.3493060500,1282725,43182456.0000,1.304225,2.568000
2013-05-03,2.3700657500,2.4835521100,2.2752631200,2.2974068000,3246620,111462320.0000,3.301038,-2.209131
2013-05-06,2.2974068000,2.5271474800,2.2974068000,2.5271474800,4117372,144013584.0000,4.186385,10.000000
2013-05-07,2.5396033000,2.6261020500,2.4240409700,2.4877040500,4044090,146785584.0000,4.111874,-1.560800
2013-05-08,2.4697123100,2.5326834000,2.4531045500,2.5001598700,4201927,151267296.0000,4.272357,0.500700
2013-05-09,2.4828601200,2.7458163200,2.4641763900,2.6980690100,5924219,222927024.0000,6.023517,7.915900
2013-05-10,2.6579335900,2.6918411000,2.5396033000,2.5783547400,3696342,138646016.0000,3.758298,-4.437000
2013-05-13,2.5783547400,2.5783547400,2.4219650000,2.5396033000,2993193,108576312.0000,3.043363,-1.503000
2013-05-14,2.5389113100,2.5389113100,2.4392647500,2.4565645000,2243606,80246920.0000,2.281212,-3.269800
2013-05-15,2.4669443500,2.6226421000,2.4634844000,2.5949625000,2310094,84504608.0000,2.348814,5.633800
2013-05-16,2.5603630000,2.6607015500,2.4842441000,2.5119237000,4178771,155216896.0000,4.248813,-3.200000
2013-05-17,2.5188436000,2.6364819000,2.4551805200,2.4980839000,3595833,131489600.0000,3.656104,-0.551000
2013-05-20,2.5084637500,2.5859666300,2.4807841500,2.5811227000,3256508,119783728.0000,3.311092,3.324100
2013-05-21,2.5728188200,2.6212581200,2.4842441000,2.5956544900,3397475,125352776.0000,3.454421,0.563000
2013-05-22,2.5742028000,2.5742028000,2.3361582400,2.3423861500,6578873,231820432.0000,6.689144,-9.757400
2013-05-23,2.3188584900,2.4461846500,2.2946388400,2.3361582400,4188452,142517872.0000,4.258656,-0.265900
2013-05-24,2.3423861500,2.4565645000,2.3423861500,2.4316528600,4185447,146485072.0000,4.216608,4.087700
2013-05-27,2.4219650000,2.6503217000,2.3887494800,2.6281780200,4497865,167338112.0000,4.531352,8.082000
2013-05-28,2.6274860300,2.6648534900,2.5126156900,2.5742028000,3263203,122745072.0000,3.287498,-2.053700
2013-05-29,2.5430632500,2.6261020500,2.5430632500,2.5603630000,1577695,58548892.0000,1.589441,-0.537600
2013-05-30,2.5638229500,2.5769707600,2.4925479800,2.5153836500,1355581,49550584.0000,1.365674,-1.756800
2013-05-31,2.5647556600,2.5647556600,2.3587959000,2.3608833300,2450937,86451328.0000,2.469185,-6.141082
2013-06-03,2.3657540000,2.4339433800,2.3518378000,2.3567084700,2202075,75775168.0000,2.218470,-0.176800
2013-06-04,2.3525336100,2.4116774600,2.2544244000,2.3727121000,2258210,75823840.0000,2.275023,0.679100
2013-06-05,2.3657540000,2.4527302500,2.3393132200,2.4297685200,2050752,71342536.0000,2.066020,2.404700
2013-06-06,2.4179397500,2.4179397500,2.3100892000,2.3963696400,3078270,104676688.0000,3.101188,-1.374600
2013-06-07,2.3935864000,2.4527302500,2.3309635000,2.3706246700,3583729,123075800.0000,3.610410,-1.074300
2013-06-13,2.3031311000,2.5257903000,2.2725154600,2.5257903000,3136678,109035744.0000,3.160031,6.545300
2013-06-14,2.5118741000,2.6753894500,2.4979579000,2.5605808000,3955558,146766640.0000,3.985008,1.377400
2013-06-17,2.5675389000,2.6579942000,2.5139615300,2.6023294000,3916908,145878624.0000,3.946070,1.630400
2013-06-18,2.5779760500,2.6280743700,2.4882165600,2.6280743700,2730454,100531248.0000,2.750783,0.989300
2013-06-19,2.5988503500,2.6148539800,2.5466646000,2.5744970000,1285943,47727732.0000,1.295517,-2.038700
2013-06-20,2.5522310800,2.5974587300,2.4701255000,2.5153531500,1884051,68275528.0000,1.898078,-2.297300
2013-06-21,2.4088942200,2.5021327600,2.3657540000,2.4562093000,1149901,40405948.0000,1.158462,-2.351300
2013-06-24,2.4353350000,2.4360308100,2.3066101500,2.3657540000,2700275,91971408.0000,2.720379,-3.682700
2013-06-25,2.3274844500,2.5160489600,2.1674481500,2.4534260600,4110141,141938432.0000,4.140742,3.705900
2013-06-26,2.4353350000,2.6990469900,2.4353350000,2.6990469900,2912186,108572456.0000,2.933868,10.011300
2013-06-27,2.7136590000,2.9210103800,2.6997428000,2.8006352500,4917732,197585968.0000,4.954345,3.763900
2013-06-28,2.7762819000,2.8138556400,2.6329450400,2.7115715700,3029939,119135024.0000,3.052497,-3.180100
2013-07-01,2.7143548100,2.9516260200,2.6858266000,2.8249886000,3243809,131701512.0000,3.231730,4.182700
2013-07-02,2.8041143000,2.9919830000,2.7901981000,2.8549084300,4062503,170252112.0000,4.047375,1.059100
2013-07-03,2.8569958600,2.9537134500,2.8249886000,2.8938737900,2641440,109968512.0000,2.631604,1.364900
2013-07-04,2.8542126200,2.9815458500,2.7136590000,2.7867190500,3200307,133222376.0000,3.188390,-3.702800
2013-07-05,2.7839358100,2.8041143000,2.6232037000,2.6232037000,3327697,129240008.0000,3.315306,-5.867700
2013-07-08,2.5257903000,2.7136590000,2.4736045500,2.5710179500,1804145,67933632.0000,1.797427,-1.989400
2013-07-09,2.6788685000,2.8284676500,2.6545151500,2.8284676500,3068921,122332904.0000,3.057493,10.013500
2013-07-10,2.8980486500,3.0636514300,2.8757827300,2.9676296500,4258676,181731776.0000,4.242818,4.920000
2013-07-11,2.9189229500,3.1102707000,2.8667372000,3.1102707000,3090923,134469760.0000,3.079413,4.806600
2013-07-12,3.1123581300,3.4094690000,3.0754802000,3.2216003000,2897238,135962544.0000,2.886450,3.579400
2013-07-15,3.2911813000,3.5437603300,3.2703070000,3.5437603300,2400332,120814384.0000,2.391394,10.000000
2013-07-16,3.7852064000,3.7852064000,3.4094690000,3.5695053000,4936475,253447088.0000,4.918093,0.726500
2013-07-17,3.4999243000,3.8019058400,3.4797458100,3.7295416000,4737573,249241616.0000,4.719932,4.483400
2013-07-18,3.6321282000,3.7469368500,3.5695053000,3.6662228900,2783403,146147616.0000,2.773038,-1.697800
2013-07-19,3.6641354600,3.8227801400,3.6182120000,3.6460444000,2469215,132415432.0000,2.460020,-0.550400
2013-07-22,3.5486310000,3.7573740000,3.5138405000,3.6536983100,2085054,108615352.0000,2.077290,0.209900
2013-07-23,3.6530025000,3.8617455000,3.5507184300,3.8547874000,2653356,141135472.0000,2.643476,5.503700
2013-07-24,3.8533957800,4.0725759300,3.7608530500,3.9062773400,3074234,173693616.0000,3.062786,1.335700
2013-07-25,3.9104522000,3.9194977300,3.6349114400,3.6599606000,3240598,173675872.0000,3.228531,-6.305700
2013-07-26,3.5214944100,3.7392829400,3.5110572600,3.6049916100,2285204,118199720.0000,2.276695,-1.501900
2013-07-29,3.5472393800,3.5792466400,3.3197095100,3.3955528000,4411043,216541328.0000,4.394618,-5.809700
2013-07-30,3.4101648100,3.4720919000,3.2292542100,3.2856148200,2184963,104345568.0000,2.176827,-3.237700
2013-07-31,3.3252759900,3.6140371400,3.3252759900,3.6140371400,3076894,156101328.0000,3.065437,9.995800
2013-08-01,3.6140371400,3.9661170000,3.5778550200,3.9104522000,3487710,190938976.0000,3.474723,8.201800
2013-08-02,3.9174103000,3.9313265000,3.7427619900,3.7782483000,3455536,190787392.0000,3.442669,-3.380800
2013-08-05,3.7768566800,3.8860988500,3.7712902000,3.8283466200,1330810,73226368.0000,1.325854,1.326000
2013-08-06,3.8617455000,3.9661170000,3.7573740000,3.7852064000,2403376,133419376.0000,2.394427,-1.126900
2013-08-07,3.7852064000,3.7852064000,3.4999243000,3.6182120000,3716540,191701904.0000,3.702701,-4.411800
2013-08-08,3.5903796000,3.6870971900,3.5555891000,3.6216910500,1776085,92372136.0000,1.769471,0.096200
2013-08-09,3.6189078100,3.6453485900,3.2814399600,3.4985326800,2282448,114928160.0000,2.273949,-3.400600
2013-08-12,3.4456511200,3.5124488800,3.3162304600,3.4094690000,2675460,130547360.0000,2.665497,-2.545700
2013-08-13,3.4025109000,3.6439569700,3.4025109000,3.5625472000,2241303,114824672.0000,2.232957,4.489800
2013-08-14,3.5660262500,3.7225835000,3.4936620100,3.6363030600,1926367,100514072.0000,1.919194,2.070300
2013-08-15,3.6530025000,3.8248675700,3.6376946800,3.6690061300,2129554,114630400.0000,2.121624,0.899300
2013-08-16,3.6202994300,3.8227801400,3.5486310000,3.5834215000,1788722,94543344.0000,1.782061,-2.332600
2013-08-19,3.5834215000,3.8965360000,3.5834215000,3.8895779000,3468461,187631888.0000,3.455545,8.543700
2013-08-20,3.9522008000,4.0600513500,3.8269550000,4.0586597300,2846325,160497520.0000,2.835726,4.347000
2013-08-21,4.0356980000,4.0878837500,3.8965360000,3.9939494000,1825843,104551360.0000,1.819044,-1.594400
2013-08-22,3.9939494000,4.1936468700,3.9730751000,4.1198910100,1815611,106888024.0000,1.808850,3.153300
2013-08-23,4.1011041400,4.2152169800,3.8965360000,4.0148237000,2284593,134527248.0000,2.276086,-2.550200
2013-08-26,4.0913628000,4.2444410000,3.9723792900,4.0322189500,2054842,120647504.0000,2.047190,0.433300
2013-08-27,4.0315231400,4.3001058000,3.9487217500,4.2019965900,3017268,180011424.0000,3.006033,4.210500
2013-08-28,4.1087580500,4.1922552500,3.9661170000,4.0363938100,2791067,164151888.0000,2.780674,-3.941000
2013-08-29,3.9918619700,4.0496142000,3.8826198000,3.9034941000,2179474,123451352.0000,2.171358,-3.292500
2013-08-30,3.8339131000,3.9591589000,3.7441536100,3.7497200900,1836039,101119480.0000,1.829202,-3.939400
2013-09-02,3.6982301500,3.8937527600,3.6982301500,3.7712902000,1991589,108096976.0000,1.984173,0.575200
2013-09-03,3.7719860100,3.9382846000,3.7170170200,3.9382846000,2187301,119864728.0000,2.179156,4.428000
2013-09-04,3.8972318100,3.9348055500,3.8116471800,3.8603538800,2061910,114396832.0000,2.054232,-1.978800
2013-09-05,3.8269550000,3.9522008000,3.7789441100,3.8972318100,1687962,94482944.0000,1.681677,0.955300
2013-09-06,3.9027982900,3.9932535900,3.8617455000,3.8867946600,1364830,76500800.0000,1.359748,-0.267800
2013-09-09,3.8867946600,3.9278474500,3.6182120000,3.7337164600,3495308,186799968.0000,3.482293,-3.938400
2013-09-10,3.7114505400,3.7281499800,3.5973377000,3.6237784800,2197878,114978776.0000,2.189694,-2.944500
2013-09-11,3.6112539000,3.6731809900,3.4790500000,3.5535016700,2530244,129513324.0000,2.520822,-1.939300
2013-09-12,3.5834215000,3.6182120000,3.4720919000,3.5298441300,2087946,106093188.0000,2.080171,-0.665800
2013-09-13,3.5159279300,3.6843139500,3.4720919000,3.6690061300,2047879,105694756.0000,2.040253,3.942400
2013-09-16,3.6690061300,3.8659203600,3.6321282000,3.7831189700,3334315,179246289.0000,3.321899,3.110200
2013-09-17,3.7490242800,3.8617455000,3.6738768000,3.7504159000,2535724,137869127.0000,2.526282,-0.864400
2013-09-18,3.7218876900,3.7218876900,3.5827256900,3.6112539000,3651494,190521372.0000,3.637897,-3.710600
2013-09-23,3.6126455200,3.9320223100,3.5368022300,3.9285432600,4626397,249382166.0000,4.609170,8.786100
2013-09-24,3.9132354400,3.9522008000,3.8408712000,3.9341097400,3344557,187154645.0000,3.332103,0.141700
2013-09-25,3.9522008000,4.2451368100,3.9487217500,3.9779457700,3529909,207934005.0000,3.516765,1.114300
2013-09-26,3.9382846000,3.9661170000,3.7204960700,3.7991226000,2935472,163256538.0000,2.924541,-4.495400
2013-09-27,3.7991226000,3.8373921500,3.6884888100,3.7364997000,1930078,104269507.0000,1.922891,-1.648400
2013-09-30,3.7413703700,4.0308273300,3.7358038900,3.9661170000,2557142,143691582.0000,2.547620,6.145300
2013-10-08,4.0356980000,4.1546815100,3.8791407500,4.0217818000,3552486,204763792.0000,3.539258,1.403500
2013-10-09,3.9730751000,4.2305248000,3.9229767800,4.2166086000,3617601,212833700.0000,3.604130,4.844300
2013-10-10,4.1887762000,4.3829071900,4.0043865500,4.0377854300,3687021,223115712.0000,3.673292,-4.240900
2013-10-11,4.0704885000,4.1115412900,3.8617455000,3.9654211900,3438170,196028875.0000,3.425367,-1.792200
2013-10-14,4.3620328900,4.3620328900,4.3620328900,4.3620328900,552868,34659294.0000,0.550809,10.001800
2013-10-15,4.7983057600,4.7983057600,4.7871728000,4.7983057600,2550251,175864819.0000,2.540755,10.001600
2013-10-16,4.8901526800,5.1622143900,4.8010890000,4.9993948500,9035086,644962304.0000,9.001442,4.190800
2013-10-17,4.9298138500,5.0724549000,4.7489032500,4.8324004500,3902573,273567680.0000,3.888041,-3.340300
2013-10-18,4.7990015700,5.0035697100,4.7983057600,4.8602328500,2708014,190339557.0000,2.697930,0.576000
2013-10-21,4.9402510000,5.3466040400,4.9402510000,5.2185750000,5017245,376726416.0000,4.998562,7.372900
2013-10-22,5.2185750000,5.5386476000,5.0446225000,5.1392526600,5544256,420889232.0000,5.523611,-1.520000
2013-10-23,5.1037663500,5.1761305900,4.8010890000,4.8915443000,4312890,304319840.0000,4.296830,-4.819900
2013-10-24,4.8964149700,5.0439266900,4.7454242000,4.7586445900,3357580,234939090.0000,3.345077,-2.716900
2013-10-25,4.8414459800,4.9040688800,4.5554680700,4.6055663900,4698217,315644736.0000,4.680722,-3.216800
2013-10-28,4.5318105300,4.7857811800,4.5297231000,4.7168959900,3387943,228738267.0000,3.375327,2.417300
2013-10-29,4.7328996200,4.8205716800,4.4497049500,4.5714717000,4143565,271994224.0000,4.128136,-3.083100
2013-10-30,4.5652094100,5.0286188700,4.5088488000,5.0286188700,3690798,255255907.0000,3.677055,10.000000
2013-10-31,5.1489940000,5.2533655000,4.8706700000,4.9959158000,4188060,307408592.0000,4.172465,-0.650300
2013-11-01,4.8845862000,5.1107244500,4.7878686100,4.9959158000,3104311,222035147.0000,3.092751,0.000000
2013-11-04,4.9437300500,5.0425350700,4.7315080000,4.8010890000,1966069,138881373.0000,1.958748,-3.899700
2013-11-05,4.7871728000,5.2533655000,4.7036756000,5.1851761200,3218383,231840979.0000,3.206399,8.000000
2013-11-06,5.1482981900,5.1914384100,4.9409468100,4.9409468100,2791388,204359800.0000,2.780994,-4.710100
2013-11-07,4.8706700000,5.0286188700,4.7662985000,4.7955225200,2703946,188762143.0000,2.693877,-2.943200
2013-11-08,4.7106337000,4.9938283700,4.6619270000,4.8261381600,2883988,200818460.0000,2.873249,0.638400
2013-11-11,4.8129177700,4.8671909500,4.5700800800,4.6995007400,3673370,246865908.0000,3.659691,-2.624000
2013-11-12,4.7141127500,4.8845862000,4.6848887300,4.7001965500,2728773,187898533.0000,2.718612,0.014800
2013-11-13,4.7113295100,4.8351836900,4.6605353800,4.6786264400,1975256,134499149.0000,1.967901,-0.458900
2013-11-14,4.6848887300,5.0710632800,4.6828013000,4.9332929000,3748089,263091642.0000,3.734132,5.443200
2013-11-15,4.9402510000,5.2102252800,4.8748448600,5.1142035000,4438906,322048912.0000,4.422377,3.667100
2013-11-18,5.1531688600,5.2798062800,5.0689758500,5.1573437200,3388761,252064511.0000,3.376142,0.843500
2013-11-19,5.1100286400,5.1949174600,5.0446225000,5.0710632800,2363743,173945018.0000,2.354941,-1.673000
2013-11-20,5.0446225000,5.1107244500,4.5993041000,4.8567538000,6957119,479729872.0000,6.931213,-4.226100
2013-11-21,4.7662985000,4.8324004500,4.6674934800,4.7850853700,3629452,247263049.0000,3.615937,-1.475600
2013-11-22,4.7656026900,4.7927392800,4.6264406900,4.7175918000,2764748,186910678.0000,2.754453,-1.410500
2013-11-25,4.7315080000,4.9367719500,4.7113295100,4.8588412300,3112862,216632952.0000,3.101271,2.994100
2013-11-26,4.8303130200,5.0098320000,4.7454242000,4.9959158000,3410290,240542764.0000,3.397591,2.821100
2013-11-27,5.0098320000,5.2185750000,4.9680834000,4.9819996000,3789004,277194288.0000,3.774895,-0.278600
2013-11-28,5.0237482000,5.4447132500,4.9541672000,5.2457115900,4875525,365040944.0000,4.857370,5.293300
2013-11-29,5.2220540500,5.7703523300,5.1907426000,5.6360610000,4537777,357553040.0000,4.520880,7.441300
2013-12-02,5.3577370000,5.3577370000,5.0724549000,5.1837845000,7315308,546287200.0000,7.288068,-8.024700
2013-12-03,5.0724549000,5.7021629500,5.0098320000,5.7021629500,5442618,425315280.0000,5.422351,10.000000
2013-12-04,5.6764179800,5.8719405900,5.2276205300,5.3577370000,5617487,454023856.0000,5.596569,-6.040300
2013-12-05,5.3577370000,5.3577370000,4.8219633000,4.8219633000,7627421,539739488.0000,7.599019,-10.000000
2013-12-06,4.7315080000,4.9026772600,4.6208742100,4.7238540900,4511680,308319184.0000,4.494880,-2.034600
2013-12-09,4.7315080000,4.9959158000,4.7238540900,4.9486007200,2987062,209472827.0000,2.975939,4.757700
2013-12-10,4.9743456900,5.1142035000,4.8219633000,5.0112236200,2399475,171603846.0000,2.390540,1.265500
2013-12-11,4.9945241800,5.1629102000,4.9319012800,5.0181817200,1703294,123870511.0000,1.696951,0.138900
2013-12-12,4.9854786500,5.3229465000,4.9472091000,5.2241414800,2322733,172698788.0000,2.314084,4.104300
2013-12-13,5.2116169000,5.2867643800,5.1211616000,5.1364694200,1564986,116579367.0000,1.559158,-1.678200
2013-12-16,5.2185750000,5.4203599000,5.1072454000,5.2881560000,2087259,157642539.0000,2.079487,2.953100
2013-12-17,5.2429283500,5.2526696900,4.9959158000,5.1302071300,1905160,139510664.0000,1.898066,-2.986800
2013-12-18,5.1698683000,5.3563453800,4.9861744600,5.1761305900,1673546,124239653.0000,1.667314,0.895200
2013-12-19,5.2881560000,5.6938132300,5.2192708100,5.6931174200,6080316,491708208.0000,6.057675,9.987900
2013-12-20,5.6221448000,5.6291029000,5.4168808500,5.5456057000,4331088,343645568.0000,4.314960,-2.591100
2013-12-23,5.5664800000,5.8782028800,5.5316895000,5.7884433900,3547560,291656432.0000,3.534350,4.378900
2013-12-24,5.7856601500,6.2956888800,5.7404325000,5.9651791300,4617784,401800832.0000,4.600589,3.053300
2013-12-25,6.0521553800,6.4682497600,5.8795945000,6.0535470000,5988808,529276656.0000,5.966507,1.481400
2013-12-26,6.1140824700,6.1147782800,5.4481923000,5.6033579300,7173021,594508672.0000,7.146311,-7.436800
2013-12-27,5.5010738600,5.8573285800,5.5010738600,5.8378459000,4214596,344633088.0000,4.198902,4.184800
2013-12-30,5.8420207600,6.0507637600,5.6708515000,5.9756162800,3110767,262042074.0000,3.099183,2.360000
2013-12-31,5.8830735500,5.9693539900,5.7272121100,5.8935107000,3034714,254856851.0000,2.982220,-1.374000
2014-01-02,5.8448040000,6.1947964300,5.6778096000,6.1732263200,3121033,268285003.0000,3.067046,4.746200
2014-01-03,6.1370442000,6.3666615000,6.0535470000,6.2135833000,3078744,274947472.0000,3.025489,0.653700
2014-01-06,6.2476779900,6.4939947300,6.1356525800,6.3082134600,3769753,345234784.0000,3.704545,1.523000
2014-01-07,6.2622900000,6.3659656900,6.0556344300,6.3061260300,2303523,206971063.0000,2.263677,-0.033100
2014-01-08,6.3318710000,6.7771894000,6.3318710000,6.5322642800,4335660,408955648.0000,4.260663,3.586000
2014-01-09,6.5406140000,6.6046285200,6.3527453000,6.3910148500,2694963,251119464.0000,2.648346,-2.162300
2014-01-10,6.3868399900,6.5127816000,6.2233246400,6.2970805000,2674528,243658026.0000,2.628265,-1.469800
2014-01-13,6.2622900000,6.5266978000,6.1509604000,6.4745120500,1811980,166380192.0000,1.780637,2.817700
2014-01-14,6.4571168000,6.6519436000,6.4362425000,6.6449855000,2391608,226456767.0000,2.350239,2.633000
2014-01-15,6.6700346600,6.7493570000,6.5406140000,6.5927997500,1888717,180082689.0000,1.856047,-0.785300
2014-01-16,6.6449855000,6.6449855000,6.3158673700,6.4557251800,2270397,209635625.0000,2.231124,-2.079200
2014-01-17,6.4000603800,6.6769927600,6.3436997700,6.6046285200,2038942,191065084.0000,2.003673,2.306500
2014-01-20,6.5545302000,6.7048251600,6.2274995000,6.3318710000,2826800,260898341.0000,2.777903,-4.129800
2014-01-21,6.2970805000,6.5273936100,6.1064285600,6.4849492000,2408660,219755074.0000,2.366996,2.417600
2014-01-22,6.4633790900,6.6032369000,6.3764028400,6.5580092500,1775032,165991730.0000,1.744328,1.126600
2014-01-23,6.5420056200,7.2141580800,6.5141732200,6.9636664800,3626345,359987104.0000,3.563618,6.185700
2014-01-24,7.3060050000,7.6601722900,7.0972620000,7.6601722900,5087950,554118288.0000,4.999940,10.002000
2014-01-27,7.8292541200,8.2662228000,7.7930720000,7.8626530000,3867101,444013408.0000,3.800209,2.643300
2014-01-28,7.8974435000,8.1138404100,7.6455602800,8.0477384600,4612329,522652016.0000,4.532546,2.354000
2014-01-29,8.0435636000,8.5236725000,7.9336256200,8.4206926200,3099202,365223792.0000,3.045593,4.634300
2014-01-30,8.5306306000,8.8298289000,8.2196035300,8.3692026800,3663022,448657536.0000,3.599660,-0.611500
2014-02-07,8.3413702800,9.2062621100,8.2119496200,9.2062621100,2567948,322860944.0000,2.523528,10.001700
2014-02-10,9.4003931000,9.6341852600,9.1846920000,9.3245498100,3460886,464934352.0000,3.401021,1.284900
2014-02-11,9.3238540000,9.6856752000,8.9028889500,9.5312053800,4378290,582808512.0000,4.302556,2.216300
2014-02-12,9.4630160000,9.5569503500,9.1645135100,9.4755405800,2335670,314903728.0000,2.295268,-0.584000
2014-02-13,9.3447283000,9.3913475700,8.7052789100,8.8402660500,3382965,440400288.0000,3.324448,-6.704400
2014-02-14,8.8409618600,8.9620328000,8.3852063100,8.6955375700,4137682,514788288.0000,4.066110,-1.637200
2014-02-17,8.5668127200,9.3781271800,8.5668127200,9.1394643500,3617889,467921568.0000,3.555308,5.105200
2014-02-18,9.1394643500,9.3092419900,9.0455300000,9.1568596000,2273224,299131088.0000,2.233902,0.190300
2014-02-19,9.2528813800,9.8109210000,9.2333987000,9.2723640600,3448750,469591600.0000,3.389095,1.261400
2014-02-20,9.3377702000,9.4282255000,8.6983208100,9.1116319500,2770813,361580032.0000,2.722884,-1.733500
2014-02-21,9.0455300000,9.5047646000,9.0455300000,9.2542730000,2485185,332361936.0000,2.442197,1.565500
2014-02-24,9.3934350000,9.5882618000,8.9759490000,9.2187866900,2686540,355744400.0000,2.640069,-0.383500
2014-02-25,9.2542730000,9.2542730000,8.2968384400,8.2968384400,4824037,596931312.0000,4.740592,-10.000800
2014-02-26,7.7847222800,8.0992284000,7.5050066600,8.0018150000,6183326,697733680.0000,6.076369,-3.555900
2014-02-27,7.9419753400,7.9419753400,7.2016335000,7.3268793000,7948106,842657984.0000,7.810622,-8.434800
2014-02-28,7.5133563800,7.6121614000,7.1877173000,7.4103765000,5416220,574811888.0000,5.322532,1.139600
2014-03-03,7.2364240000,7.6956586000,7.1250944000,7.5634547000,4866432,517308544.0000,4.782254,2.065700
2014-03-04,7.5154438100,7.6191195000,7.3094840500,7.3964603000,3087616,331626512.0000,3.034207,-2.207900
2014-03-05,7.3964603000,7.6859172600,7.0346391000,7.4521251000,4309666,457716864.0000,4.235119,0.752600
2014-03-06,7.5272725800,8.1973376100,7.3832399100,8.0797457200,8713495,998816048.0000,8.562772,8.422000
2014-03-07,7.9322340000,8.3413702800,7.9238842800,8.0887912500,5124447,596947488.0000,5.035806,0.112000
2014-03-10,8.0366055000,8.2369987800,7.8188169700,7.8953560700,2514000,289822432.0000,2.470514,-2.391400
2014-03-11,7.9670245000,8.0045982400,7.7234910000,7.9670245000,2406939,272534960.0000,2.365305,0.907700
2014-03-12,7.8626530000,7.9670245000,7.2364240000,7.6316440800,3967264,432133504.0000,3.898639,-4.209600
2014-03-13,7.6316440800,8.0971409700,7.3964603000,8.0421719800,3252553,368707968.0000,3.196291,5.379300
2014-03-14,8.0421719800,8.0421719800,8.0421719800,8.0421719800,0,0.0000,,0.000000
2014-03-17,8.6906669000,8.8465283400,8.2175161000,8.8465283400,6354702,783754656.0000,6.244780,10.001700
2014-03-18,8.9063680000,9.4630160000,8.8312205200,8.9578579400,6271294,822334800.0000,6.162815,1.258500
2014-03-19,9.0455300000,9.1429434000,8.8778397900,9.0761456400,3265521,424611792.0000,3.209035,1.320500
2014-03-20,9.1151110000,9.4393584600,8.8367870000,9.0580545800,4555256,595516032.0000,4.476461,-0.199300
2014-03-21,8.9759490000,9.1826045700,8.5584630000,9.0378760900,3008941,382805296.0000,2.956893,-0.222800
2014-03-24,8.9759490000,9.0371802800,8.2717892800,8.3796398300,3775004,465113280.0000,3.709705,-7.283100
2014-03-25,8.4888820000,8.5515049000,8.0978367800,8.4860987600,2407758,290289472.0000,2.366109,1.270400
2014-03-26,8.4888820000,8.6906669000,8.0713960000,8.1409770000,3523660,424923696.0000,3.462709,-4.066900
2014-03-27,8.2105580000,8.2105580000,7.4597790100,7.5008318000,4496408,503019792.0000,4.418631,-7.863200
2014-03-28,7.4451670000,7.5759792800,7.1320525000,7.2071999800,3055359,321870576.0000,3.002508,-3.914700
2014-03-31,7.2760851700,7.4291633700,7.0269851900,7.3115714800,2870153,300240640.0000,2.820506,1.448200
2014-04-01,7.3234002500,7.7575856900,7.2364240000,7.4938737000,3231281,349273760.0000,3.175387,2.493300
2014-04-02,7.5286642000,7.5495385000,6.7813642600,6.9650581000,4684256,477172016.0000,4.603229,-7.056600
2014-04-03,6.8363332500,7.2016335000,6.8265919100,6.8996519600,3275727,329395696.0000,3.219064,-0.939100
2014-04-04,6.8189380000,7.1111782000,6.7702313000,7.0353349100,3127745,314404016.0000,3.073642,1.966500
2014-04-08,6.8119799000,7.2225078000,6.7841475000,7.2085916000,2881198,292455808.0000,2.831360,2.462700
2014-04-09,7.2489485800,7.5286642000,7.1668430000,7.2823474600,2987945,315361456.0000,2.936260,1.023200
2014-04-10,7.3067008100,7.5495385000,7.1877173000,7.2503402000,3661030,389478064.0000,3.597703,-0.439500
2014-04-11,7.0555134000,7.1320525000,6.8551201200,6.8746028000,3031019,303946416.0000,2.978589,-5.182300
2014-04-14,6.8989561500,7.1237027800,6.8961729100,7.0603840700,2440271,246736158.0000,2.398060,2.702400
2014-04-15,7.0965661900,7.2503402000,7.0624715000,7.1390106000,1850856,190875478.0000,1.818840,1.113600
2014-04-16,7.1320525000,7.1877173000,7.0415972000,7.0889122800,1079642,110104291.0000,1.060967,-0.701800
2014-04-17,7.1320525000,7.3289667300,7.1320525000,7.3108756700,1887297,196918138.0000,1.854651,3.131100
2014-04-18,7.2920888000,7.5147480000,7.2225078000,7.3623656100,1426472,151832036.0000,1.401797,0.704300
2014-04-21,7.3400996900,7.6608681000,7.2579941100,7.5321432500,2205745,239711643.0000,2.167591,2.306000
2014-04-22,7.4785658800,7.6873088800,7.1668430000,7.3407955000,2580794,276572144.0000,2.536152,-2.540400
2014-04-23,7.3394038800,7.6880046900,7.3067008100,7.6692178200,2345720,254979005.0000,2.305144,4.473900
2014-04-24,7.6817424000,7.7582815000,7.3686279000,7.6720010600,2344877,253858849.0000,2.304316,0.036300
2014-04-25,7.6539100000,7.6539100000,7.3171379600,7.3547117000,2363098,252643633.0000,2.322222,-4.135700
2014-04-28,7.3060050000,7.5843290000,7.1751927200,7.3755860000,2363898,252581858.0000,2.323008,0.283800
2014-04-29,7.2990469000,7.5843290000,7.2767809800,7.4938737000,1901611,205040553.0000,1.868718,1.603800
2014-04-30,7.5063982800,7.9426711500,7.5063982800,7.9113597000,2640962,292613072.0000,2.595279,5.571000
2014-05-05,7.9322340000,8.2662228000,7.8626530000,8.2453485000,2693973,312460208.0000,2.647373,4.221600
2014-05-06,8.2105580000,8.3281498900,8.1173194600,8.2154286700,2152217,254325940.0000,2.114989,-0.362900
2014-05-07,8.2105580000,8.4206926200,8.0581756100,8.0713960000,2144359,254151913.0000,2.107267,-1.753200
2014-05-08,7.9517166800,8.1604596800,7.7930720000,7.8139463000,2177374,248960167.0000,2.139710,-3.189700
2014-05-09,7.7381030100,7.8278625000,7.4368172800,7.4521251000,1993962,217038405.0000,1.874306,-4.630500
2014-05-12,7.5161396200,7.6399938000,7.4576915800,7.5634547000,2079071,225308284.0000,1.954308,1.493900
2014-05-13,7.6448644700,7.7861139000,7.5279683900,7.6191195000,2207407,243607035.0000,2.074943,0.736000
2014-05-14,7.6323398900,8.0693085700,7.6058991100,8.0679169500,1983720,221512363.0000,1.864679,5.890400
2014-05-15,8.0672211400,8.2425652600,7.9322340000,7.9997275700,2685197,314088432.0000,2.524061,-0.845200
2014-05-16,7.9739826000,8.0707001900,7.2016335000,7.2830432700,4298715,464606928.0000,4.040754,-8.958900
2014-05-19,7.1144811500,7.4614950200,6.8301806300,7.4238670100,7870157,400597056.0000,3.700770,1.932600
2014-05-20,7.5409319300,7.7499764300,7.1075130000,7.2050671000,6603628,352721504.0000,3.105212,-2.947200
2014-05-21,7.1075130000,7.2761422300,6.8984685000,7.2050671000,3865909,197004087.0000,1.817859,0.000000
2014-05-22,7.3137702400,7.4280479000,7.2203970300,7.3346746900,4205754,221644388.0000,1.977664,1.798800
2014-05-23,7.3625472900,7.6343051400,7.1883435400,7.6203688400,4543337,242439420.0000,2.136405,3.895100
2014-05-26,7.6259433600,7.9659890800,7.5423255600,7.8252324500,6811968,378404928.0000,3.203179,2.688400
2014-05-27,7.8043280000,7.8238388200,7.5743790500,7.5980707600,4286758,235722238.0000,2.015754,-2.902900
2014-05-28,7.6134006900,8.2893112400,7.5269956300,8.2224170000,11736224,664404400.0000,5.518703,8.217200
2014-05-29,8.2112679600,8.2907048700,7.9785317500,8.0579686600,7235629,421183888.0000,3.402397,-2.000000
2014-05-30,8.0398514700,8.4035889000,7.9576273000,8.2084807000,6920542,408295968.0000,3.254234,1.867900
2014-06-03,8.1945444000,8.2711940500,7.8586795700,7.8600732000,7137107,412601136.0000,3.356069,-4.244500
2014-06-04,7.6649650000,7.8600732000,7.5256020000,7.8322006000,6130490,336642208.0000,2.882729,-0.354600
2014-06-05,7.7067739000,7.9701699700,7.6649650000,7.8600732000,7322856,412352944.0000,3.443413,0.355900
2014-06-06,7.9018821000,7.9701699700,7.5938898700,7.6733267800,5182486,288552640.0000,2.436951,-2.375900
2014-06-09,7.6579968500,7.6579968500,7.2468760000,7.2580250400,6829514,362889376.0000,3.211430,-5.412300
2014-06-10,7.3137702400,7.5214211100,7.3026212000,7.4796122100,5336088,284444912.0000,2.509179,3.053000
2014-06-11,7.3862390000,7.6092198000,7.3318874300,7.4071434500,4639268,248759279.0000,2.181515,-0.968900
2014-06-12,7.3472173600,7.4280479000,7.1994925800,7.2217906600,6462425,337722832.0000,3.038814,-2.502400
2014-06-13,7.1493219000,7.5395383000,7.1200556700,7.4601013900,5764496,304901824.0000,2.710629,3.299900
2014-06-16,7.4670695400,7.7722745100,7.3764835900,7.6691458900,5825744,317134096.0000,2.739429,2.802200
2014-06-17,7.6649650000,7.6649650000,7.4768249500,7.5256020000,3761905,204430231.0000,1.768954,-1.871700
2014-06-18,7.5186338500,7.7485828000,7.4698568000,7.6789013000,5095323,280113760.0000,2.395965,2.037000
2014-06-19,7.7304656100,7.7332528700,7.2315460700,7.3068020900,6422693,342911744.0000,3.020131,-4.845700
2014-06-20,7.2928657900,7.4141116000,7.2468760000,7.3346746900,3174990,167075045.0000,1.492970,0.381500
2014-06-23,7.3388555800,7.7179229400,7.3123766100,7.6189752100,4942880,268546144.0000,2.324282,3.876100
2014-06-24,7.5966771300,7.7764554000,7.5534746000,7.6621777400,3230397,178104329.0000,1.519024,0.567000
2014-06-25,7.6175815800,7.7625191000,7.4587077600,7.7457955400,3379127,185168024.0000,1.588961,1.091300
2014-06-26,7.7457955400,8.2642259000,7.7457955400,8.0314896900,7357940,423841168.0000,3.459911,3.688400
2014-06-27,8.0133725000,8.3575991100,7.9827126400,8.0830540000,7806878,458897344.0000,3.671014,0.642000
2014-06-30,8.1318310500,8.8913594000,8.0147661300,8.8913594000,11603505,711814448.0000,5.460557,10.000000
2014-07-01,8.9206256300,9.1561491000,8.8244651600,8.9039020700,7652440,491650784.0000,3.601204,0.141100
2014-07-02,9.0725313000,9.5909616600,8.9707963100,9.3456827800,9550212,633480272.0000,4.494287,4.961600
2014-07-03,9.3024802500,9.3024802500,9.0307224000,9.0864676000,6256455,411280128.0000,2.944260,-2.773600
2014-07-04,9.0976166400,9.1951707400,8.8634868000,8.9471046000,4908560,316423200.0000,2.309946,-1.533700
2014-07-07,8.9889135000,9.2801821700,8.7519964000,9.2397669000,5410617,350519056.0000,2.546212,3.271000
2014-07-08,9.1463936900,9.6327705600,8.9192320000,9.5031629700,7622048,509767904.0000,3.586902,2.850700
2014-07-09,9.5853871400,9.8947730000,9.3791299000,9.4627477000,6544734,451757952.0000,3.079922,-0.425300
2014-07-10,9.5184929000,9.7972189000,8.8913594000,8.9220192600,8938748,598896640.0000,4.206535,-5.714300
2014-07-11,8.9136574800,8.9331683000,8.5708245000,8.8843912500,6943670,435807472.0000,3.267660,-0.421700
2014-07-14,8.8216779000,8.8760294700,8.6112397700,8.7784753700,4854502,304768208.0000,2.284507,-1.192200
2014-07-15,8.6126334000,8.6140270300,7.9004884700,7.9436910000,19133601,1105293040.0000,9.004187,-9.509400
2014-07-16,7.9994362000,8.0969903000,7.8670413500,8.0398514700,8599828,493317168.0000,4.047040,1.210500
2014-07-17,7.9436910000,8.0217342800,7.3695154400,7.6203688400,8279801,457658480.0000,3.896437,-5.217500
2014-07-18,7.6231561000,7.8740095000,7.6078261700,7.6789013000,5610340,311352976.0000,2.640201,0.768100
2014-07-21,7.6802949300,7.7806362900,7.4071434500,7.7513700600,6269406,341754000.0000,2.950354,0.943700
2014-07-22,7.7081675300,8.0091916100,7.7039866400,7.9687763400,5899786,332282240.0000,2.776413,2.804700
2014-07-23,7.9715636000,7.9757444900,7.4740376900,7.5618363800,7882749,433293056.0000,3.709586,-5.106700
2014-07-24,7.5311765200,7.5785599400,7.1075130000,7.3444301000,7217717,379667392.0000,3.396625,-2.875000
2014-07-25,7.3374619500,7.5534746000,7.2719613400,7.5256020000,4498238,239762834.0000,2.116851,2.466800
2014-07-28,7.5646236400,7.7318592400,7.4336224200,7.6677522600,4765271,260551828.0000,2.242515,1.888900
2014-07-29,7.6677522600,7.8461369000,7.5827408300,7.7346465000,6068708,337126848.0000,2.855907,0.872400
2014-07-30,7.6454541800,7.8308069700,7.6092198000,7.7764554000,5458011,302349968.0000,2.568515,0.540500
2014-07-31,7.8182643000,7.8740095000,7.3165575000,7.5367510400,10884579,591194112.0000,5.122234,-3.082400
2014-08-01,7.4851867300,7.5632300100,7.3179511300,7.3764835900,8340516,444987888.0000,3.925009,-2.126500
2014-08-04,7.4029625600,7.5520809700,7.4001753000,7.4628886500,5343002,286975824.0000,2.514393,1.171400
2014-08-05,7.4559205000,7.7834235500,7.3012275700,7.7039866400,10199985,556758464.0000,4.800067,3.230600
2014-08-06,7.7346465000,7.8238388200,7.6273369900,7.6579968500,6084199,336572640.0000,2.863197,-0.597000
2014-08-07,7.6440605500,7.7583382100,7.5952835000,7.6161879500,5024054,276585568.0000,2.364297,-0.545900
2014-08-08,7.6231561000,8.0635431800,7.6231561000,7.9715636000,10540865,596721264.0000,4.960484,4.666100
2014-08-11,7.9436910000,8.0816603700,7.9130311400,7.9966489400,6391313,365928528.0000,3.007723,0.314700
2014-08-12,8.0273088000,8.0565750300,7.8447432700,7.8684349800,5989507,340078848.0000,2.818635,-1.603300
2014-08-13,7.8684349800,7.9032757300,7.5813472000,7.7109547900,6326153,349640576.0000,2.977059,-2.001400
2014-08-14,7.6928376000,7.7346465000,7.5966771300,7.6231561000,4755259,261430590.0000,2.237804,-1.138600
2014-08-15,7.6078261700,7.6259433600,7.4963357700,7.5674109000,7067406,382537056.0000,3.325889,-0.731300
2014-08-18,7.5688045300,7.8698286100,7.5674109000,7.8544986800,8485713,471989296.0000,3.993338,3.793700
2014-08-19,7.8963075800,8.0440323600,7.7862108100,7.8907330600,9711856,551627936.0000,4.570356,0.461300
2014-08-20,7.8767967600,7.9283610700,7.6928376000,7.7109547900,7729131,430711696.0000,3.637294,-2.278300
2014-08-21,7.7485828000,8.0133725000,7.7053802700,7.9813190100,11691010,661298064.0000,5.501737,3.506200
2014-08-22,8.0830540000,8.1248629000,7.9172120300,7.9436910000,10412417,597008688.0000,4.900037,-0.471500
2014-08-25,7.9227865500,7.9297547000,7.6384860300,7.6816885600,8943196,495903136.0000,4.208628,-3.298200
2014-08-26,7.6649650000,7.8433496400,7.6370924000,7.6928376000,5280931,292447664.0000,2.485182,0.145100
2014-08-27,7.7011993800,7.7708808800,7.6384860300,7.6802949300,3836728,211608308.0000,1.805547,-0.163000
2014-08-28,7.6872630800,7.7137420500,7.3458237300,7.4350160500,7941958,426088848.0000,3.737450,-3.193600
2014-08-29,7.3667281800,7.5465064500,7.3639409200,7.5256020000,3455720,185325456.0000,1.626246,1.218400
2014-09-01,7.5256020000,7.6440605500,7.4559205000,7.6426669200,5994945,325596384.0000,2.821194,1.555600
2014-09-02,7.6635713700,7.7207102000,7.5966771300,7.6928376000,6868912,377637968.0000,3.232479,0.656500
2014-09-03,7.7081675300,7.8670413500,7.6761140400,7.7653063600,7452998,415676288.0000,3.507347,0.942000
2014-09-04,7.7806362900,8.3520245900,7.7597318400,8.2363533000,17332619,1005347712.0000,8.156653,6.066000
2014-09-05,8.2321724100,8.2321724100,7.9994362000,8.1234692700,9658534,562339760.0000,4.545263,-1.370600
2014-09-09,8.0830540000,8.0830540000,7.9158184000,7.9743508600,7201687,412363056.0000,3.389082,-1.835600
2014-09-10,7.9297547000,8.1220756400,7.8210515600,8.0635431800,7520565,433336640.0000,3.539144,1.118500
2014-09-11,8.0635431800,8.2224170000,7.9172120300,7.9367228500,9039674,523216096.0000,4.254030,-1.572800
2014-09-12,7.9241801800,8.0245215400,7.8740095000,7.9785317500,4902901,279935808.0000,2.307283,0.526800
2014-09-15,7.9785317500,8.2056934400,7.9478718900,8.1192883800,7851434,456852224.0000,3.694850,1.764200
2014-09-16,8.1206820100,8.3617800000,7.9409037400,7.9422973700,12982617,760340480.0000,6.109561,-2.179900
2014-09-17,7.9645954500,8.0231279100,7.7430082800,7.8600732000,6562073,369107968.0000,3.088082,-1.035300
2014-09-18,7.8600732000,7.8865521700,7.7318592400,7.8252324500,5644834,314853936.0000,2.656433,-0.443300
2014-09-19,7.8182643000,7.9158184000,7.7876044400,7.8698286100,4155933,234356581.0000,1.955763,0.569900
2014-09-22,7.8809776500,7.9074566200,7.6175815800,7.6398796600,5910239,327922112.0000,2.781332,-2.921900
2014-09-23,7.6259433600,7.8015407400,7.6092198000,7.7653063600,4166536,230464282.0000,1.960753,1.641700
2014-09-24,7.7485828000,7.8168706700,7.6789013000,7.7931789600,4816160,268448480.0000,2.266463,0.358900
2014-09-25,7.7987534800,7.8349878600,7.6231561000,7.6440605500,9081304,500628144.0000,4.273621,-1.913400
2014-09-26,7.5799535700,7.6900503400,7.5256020000,7.5938898700,5272927,287127280.0000,2.481416,-0.656300
2014-09-29,7.6482414400,7.7123484200,7.6203688400,7.6705395200,4655630,256394697.0000,2.190919,1.009400
2014-09-30,7.6998057500,7.8322006000,7.6691458900,7.7931789600,6447639,359986592.0000,3.034230,1.598800
2014-10-08,7.7792426600,8.0133725000,7.7736681400,7.9729572300,7171869,408337632.0000,3.375049,2.306900
2014-10-09,7.9868935300,8.0314896900,7.7903917000,7.8433496400,6875059,388626736.0000,3.235372,-1.625600
2014-10-10,7.8419560100,7.8419560100,7.6482414400,7.6775076700,6388317,354102864.0000,3.006313,-2.114400
2014-10-13,7.6092198000,7.9994362000,7.5492937100,7.9241801800,9652121,541376608.0000,4.542245,3.212900
2014-10-14,7.8754031300,7.9381164800,7.6510287000,7.7151356800,6916312,385557968.0000,3.254785,-2.638100
2014-10-15,7.5757726800,7.6789013000,7.4977294000,7.6370924000,9484687,516211280.0000,4.463451,-1.011600
2014-10-16,7.5395383000,7.6064325400,7.5088784400,7.5116657000,6327114,342563808.0000,2.977511,-1.642300
2014-10-17,7.5005166600,7.5757726800,7.3667281800,7.4155052300,5102283,272638432.0000,2.401111,-1.280200
2014-10-20,7.4322287900,7.5492937100,7.4280479000,7.5200274800,3483337,187377800.0000,1.639243,1.409500
2014-10-21,7.5116657000,7.5200274800,7.3653345500,7.3918135200,4773179,253999255.0000,2.246237,-1.705000
2014-10-22,7.4085370800,7.5046975500,7.3778772200,7.3862390000,3113272,165995531.0000,1.465092,-0.075400
2014-10-23,7.3834517400,7.5423255600,7.3611536600,7.4503459800,5049189,270546832.0000,2.376126,0.867900
2014-10-24,7.4252606400,7.4656759100,6.7730418000,6.8218188500,10508051,533860912.0000,4.945042,-8.436200
2014-10-27,6.6754877000,6.6754877000,6.3549528000,6.4539005300,13392448,620637040.0000,6.302426,-5.393300
2014-10-28,6.5082521000,6.7800099500,6.4678368300,6.6894240000,8626618,411202816.0000,4.059648,3.649300
2014-10-29,6.6991794100,6.8148507000,6.6643386600,6.6880303700,7079325,341994688.0000,3.331499,-0.020800
2014-10-30,6.7451692000,6.8092761800,6.6504023600,6.6587641400,5844940,281414704.0000,2.750602,-0.437600
2014-10-31,6.6336788000,6.6434342100,6.4678368300,6.5612100400,6286743,295017120.0000,2.958513,-1.465000
2014-11-03,6.5779336000,6.7577118700,6.5779336000,6.6754877000,6049551,290200080.0000,2.846891,1.741700
2014-11-04,6.6740940700,6.7841908400,6.6044125700,6.7242647500,5728275,275937216.0000,2.695700,0.730700
2014-11-05,6.7033603000,6.7033603000,6.5807208600,6.6197425000,4180724,198976354.0000,1.967430,-1.554400
2014-11-06,6.6545832500,6.7618927600,6.6378596900,6.7061475600,4762104,229280356.0000,2.241025,1.305300
2014-11-07,6.7284456400,6.7549246100,6.5458801100,6.5667845600,6888455,327830144.0000,3.241676,-2.078100
2014-11-10,6.5723590800,6.6141679800,6.4106980000,6.5207947700,5625885,261639265.0000,2.647516,-0.700300
2014-11-11,6.5082521000,6.5082521000,6.0734395400,6.0887694700,11416302,512823344.0000,5.372460,-6.625400
2014-11-12,6.0455669400,6.2267388400,5.9926090000,6.1696000100,4947312,218099265.0000,2.328183,1.327500
2014-11-13,6.1751745300,6.1946853500,5.8602141500,5.8978421600,8761061,375085216.0000,4.122916,-4.404800
2014-11-14,5.9298956500,6.0344179000,5.8685759300,5.9466192100,5318160,227811664.0000,2.502702,0.827000
2014-11-17,6.0093325600,6.1696000100,5.8769377100,6.1486955600,6305230,275118576.0000,2.967213,3.398200
2014-11-18,6.1500891900,6.1918980900,6.0608968700,6.1737809000,5157729,226876222.0000,2.427204,0.408000
2014-11-19,6.1960789800,6.4385706000,6.1180357000,6.3688891000,8575330,387443920.0000,4.035512,3.160300
2014-11-20,6.2894521900,6.4789858700,6.2295261000,6.3716763600,6967185,317330944.0000,3.278726,0.043800
2014-11-21,6.3270802000,6.4525069000,6.2434624000,6.2601859600,6692252,304295232.0000,3.149344,-1.749800
2014-11-24,6.3131439000,6.3173247900,5.9926090000,6.1807490500,7188894,318000592.0000,3.383061,-1.268900
2014-11-25,6.1542700800,6.2699413700,6.1542700800,6.2504305500,5178623,231250439.0000,2.437037,1.127400
2014-11-26,6.2629732200,6.7507437200,6.2128025400,6.6866367400,14073334,665234864.0000,6.622848,6.978800
2014-11-27,6.6685195500,6.9960226000,6.5821144900,6.8357551500,14122453,697923776.0000,6.645963,2.230100
2014-11-28,6.8427233000,6.9096175400,6.6448278400,6.6936048900,10692790,517938384.0000,5.031979,-2.079500
2014-12-01,6.6629450300,6.9820863000,6.6350724300,6.9751181500,12239707,604408592.0000,5.759951,4.205700
2014-12-02,6.9820863000,7.1702263500,6.9096175400,7.0099589000,10603874,532903696.0000,4.990135,0.499500
2014-12-03,7.0183206800,7.0183206800,6.5793272300,6.9779054100,14869674,726442944.0000,6.997602,-0.457300
2014-12-04,6.9277347300,7.0378315000,6.8232124800,6.8789576800,11794754,587057072.0000,5.550558,-1.418000
2014-12-05,6.6922112600,6.8343615200,6.4483260100,6.5430928500,11443839,544142064.0000,5.385419,-4.882500
2014-12-08,6.4469323800,6.4525069000,6.2434624000,6.2560050700,12242105,554501312.0000,5.761080,-4.387600
2014-12-09,6.2016535000,6.4469323800,5.9995771500,6.2141961700,11636492,522862624.0000,5.476081,-0.668300
2014-12-10,6.2295261000,6.5904762700,6.1473019300,6.5779336000,10719250,497744992.0000,5.044431,5.853300
2014-12-11,6.4399642300,6.6030189400,6.4274215600,6.5180075100,5897491,275016720.0000,2.775333,-0.911000
2014-12-12,6.5221884000,6.7563182400,6.4678368300,6.7005730400,7968245,379479936.0000,3.749820,2.800900
2014-12-15,6.6977857800,6.8259997400,6.6587641400,6.7451692000,7957442,386741312.0000,3.744736,0.665600
2014-12-16,6.7312329000,6.8232124800,6.5291565500,6.5528482600,8233316,390822592.0000,3.874561,-2.851200
2014-12-17,6.5207947700,6.5333374400,6.3410165000,6.4218470400,7488931,344980080.0000,3.524257,-1.999100
2014-12-18,6.3549528000,6.5221884000,6.3451973900,6.3661018400,4932669,227483622.0000,2.321292,-0.868100
2014-12-19,6.3270802000,6.4106980000,6.1040994000,6.1542700800,7135853,317141280.0000,3.358100,-3.327500
2014-12-22,6.1222165900,6.1528764500,5.9229275000,6.0344179000,6194471,267575705.0000,2.915090,-1.947500
2014-12-23,6.0636841300,6.2629732200,6.0037580400,6.2030471300,5163227,228785567.0000,2.429791,2.794500
2014-12-24,6.2155898000,6.5918699000,6.2155898000,6.5249756600,10024212,467088720.0000,4.717349,5.189800
2014-12-25,6.5486673700,6.6308915400,6.3967617000,6.4943158000,7317045,340811584.0000,3.443368,-0.469900
2014-12-26,6.4734113500,6.5779336000,6.4106980000,6.4636559400,4703764,218609394.0000,2.213570,-0.472100
2014-12-29,6.5361247000,6.6559768800,6.4594750500,6.4887412800,6257760,294429856.0000,2.944874,0.388100
2014-12-30,6.5793272300,6.8636277500,6.5221884000,6.8636277500,11895479,571049376.0000,5.597959,5.777500
2014-12-31,6.8636277500,6.9472455500,6.6949985200,6.7172966000,9575823,467520224.0000,4.395093,-2.132000
2015-01-05,6.7172966000,6.7981271400,6.4106980000,6.6754877000,8439653,399377184.0000,3.873616,-0.622400
2015-01-06,6.8594468600,7.3430364700,6.8594468600,7.3430364700,14162915,727538416.0000,6.500468,10.000000
2015-01-07,7.5492937100,7.8740095000,7.4810058400,7.4963357700,21686669,1190770720.0000,9.953707,2.087700
2015-01-08,7.4210797500,8.2461087100,7.4029625600,8.1666718000,24978503,1426464448.0000,11.464586,8.942200
2015-01-09,7.9715636000,8.3589927400,7.8893394300,8.0900221500,18254002,1065805984.0000,8.378188,-0.938600
2015-01-12,8.2056934400,8.5150793000,7.9227865500,8.3380882900,15135041,897097344.0000,6.946653,3.066300
2015-01-13,8.2781622000,8.4802385500,8.0858412600,8.1429800900,10502862,618980624.0000,4.820584,-2.340000
2015-01-14,8.2056934400,8.2502896000,7.9381164800,8.1039584500,9755256,562686656.0000,4.477449,-0.479200
2015-01-15,8.2363533000,8.7101875000,8.2363533000,8.3339074000,15628505,944932464.0000,7.173142,2.837500
2015-01-16,8.3353010300,9.0418714400,8.2196297400,8.9610409000,16143397,1010369776.0000,7.409466,7.525100
2015-01-19,8.7380601000,9.2955121000,8.4384296500,8.7519964000,17685717,1133965408.0000,8.117357,-2.332800
2015-01-20,8.7715072200,9.5310355700,8.7631454400,9.4766840000,15788879,1033034912.0000,7.246750,8.280300
2015-01-21,9.4056088700,9.4752903700,9.1561491000,9.3902789400,13804812,923466560.0000,6.336107,-0.911800
2015-01-22,9.3373210000,9.8529641000,9.2467350500,9.4209388000,13120612,905581040.0000,6.022074,0.326500
2015-01-23,9.3359273700,9.3359273700,8.9345619300,8.9749772000,13371654,875550464.0000,6.137297,-4.733700
2015-01-26,9.0418714400,9.4237260600,9.0349032900,9.3442891500,9621677,641013936.0000,4.416139,4.114900
2015-01-27,9.3261719600,9.4014279800,9.1143402000,9.3247783300,8146067,541583184.0000,3.738867,-0.208800
2015-01-28,9.2272242300,9.3359273700,9.0376905500,9.0460523300,7670645,505349408.0000,3.520658,-2.989100
2015-01-29,8.9498918600,9.0362969200,8.7143683900,8.7380601000,8194520,522743392.0000,3.761105,-3.404700
2015-01-30,8.7979861900,9.0279351400,8.6558359300,8.7784753700,7193682,456928336.0000,3.301743,0.462500
2015-02-02,8.7004320900,9.2676395000,8.6864957900,9.2258306000,8982243,586227056.0000,4.122653,5.096000
2015-02-03,9.2314051200,9.8947730000,9.2049261500,9.4934075600,14760026,1016851184.0000,6.774529,2.900300
2015-02-04,9.5812062500,9.6982711700,9.3094484000,9.4961948200,8185833,557752976.0000,3.757118,0.029400
2015-02-05,9.4766840000,10.0717640100,9.3665872300,9.6968775400,12922747,907360480.0000,5.931258,2.113300
2015-02-06,9.6857285000,9.8069743100,9.4529922900,9.5324292000,6980636,480428944.0000,3.203959,-1.695900
2015-02-09,9.6021107000,9.7832826000,9.1547554700,9.1631172500,8216499,556707392.0000,3.771193,-3.874300
2015-02-10,9.1965643700,9.7804953400,9.0167861000,9.7623781500,9257816,626769344.0000,4.249135,6.539900
2015-02-11,9.7275374000,10.1275092100,9.6160470000,9.6871221300,10477242,740759216.0000,4.808825,-0.770900
2015-02-12,9.7108138400,9.9616672400,9.4766840000,9.5561209100,9126109,634244960.0000,4.188684,-1.352300
2015-02-13,9.6160470000,9.8919857400,9.3944598300,9.8097615700,13214750,917879872.0000,6.065281,2.654200
2015-02-16,9.8543577300,10.3686072000,9.7136011000,10.3114683700,13589884,982121040.0000,6.237459,5.114400
2015-02-17,10.3658199400,10.3658199400,10.0634022300,10.1316901000,8597918,628234240.0000,3.946256,-1.743500
2015-02-25,10.1442327700,10.1916161900,9.7791017100,9.8529641000,6351857,454690944.0000,2.915363,-2.751000
2015-02-26,10.0034761400,10.2752339900,9.8961666300,10.2682658400,8057751,585096624.0000,3.698331,4.215000
2015-02-27,10.3379473400,11.2953711500,10.3295855600,11.2953711500,18222069,1446132672.0000,8.363531,10.002700
2015-03-02,11.2870093700,11.8597913000,11.1490400000,11.7023111100,15832376,1308129296.0000,7.266714,3.602700
2015-03-03,11.7873225400,11.7873225400,11.0793585000,11.1420718500,11843799,969645952.0000,5.436045,-4.787400
2015-03-04,11.2187215000,11.6786194000,11.1713380800,11.4974475000,9721908,797343344.0000,4.462143,3.189500
2015-03-05,11.3441482000,11.3441482000,10.8926120800,11.0096770000,11357609,900186480.0000,5.212894,-4.242400
2015-03-06,11.0361559700,11.1351037000,10.5581408800,10.7016847700,8733750,675488272.0000,4.008600,-2.797500
2015-03-09,10.6863548400,11.1462527400,10.6097051900,11.1462527400,7534932,593304224.0000,3.458369,4.154200
2015-03-10,11.2173278700,11.5490118100,11.0793585000,11.1504336300,9206802,747216848.0000,4.225721,0.037500
2015-03-11,11.1072311000,11.1155928800,10.6612695000,11.0277941900,8238450,644104784.0000,3.781268,-1.099900
2015-03-12,10.9804107700,11.1908489000,10.7058656600,11.1490400000,6985839,549364704.0000,3.206347,1.099500
2015-03-13,11.1769126000,11.5392564000,11.1183801400,11.4277660000,7722977,627538640.0000,3.542799,2.500000
2015-03-16,11.9448027300,12.1092510700,11.4974475000,11.8430677400,16117406,1369694048.0000,7.393616,3.634200
2015-03-17,11.8319187000,12.5259464400,11.6800130300,12.0047288200,12589606,1097688096.0000,5.775291,1.365000
2015-03-18,11.9155365000,12.7935234000,11.7273964500,12.5566063000,13373908,1180594400.0000,6.135078,4.597200
2015-03-19,12.4729885000,12.8604176400,12.2639440000,12.4074878900,9345994,836829232.0000,4.287333,-1.187600
2015-03-20,12.3350191300,12.7349909400,12.1273682600,12.3879770700,13372924,1187475184.0000,6.134627,-0.157200
2015-03-23,12.3893707000,12.8757475700,12.3475618000,12.7099056000,13394575,1213867488.0000,6.144559,2.598700
2015-03-24,12.6123515000,13.2227614400,12.3712535100,12.8102469600,18535459,1703638384.0000,8.502861,0.789500
2015-03-25,12.8227896300,12.8353323000,12.3489554300,12.3893707000,15845451,1420420736.0000,7.268861,-3.285500
2015-03-26,12.2500077000,12.6792457400,11.9587390300,11.9977606700,14961221,1320514880.0000,6.863234,-3.160900
2015-03-27,11.9559517700,12.5120101400,11.9434091000,12.4367541200,10647322,934237696.0000,4.884298,3.659000
2015-03-30,12.4938929500,12.6416177300,12.1245810000,12.5161910300,10262397,913018592.0000,4.707719,0.638700
2015-03-31,12.5440636300,12.8701730500,12.3754344000,12.4576585700,9375122,850052672.0000,4.300695,-0.467700
2015-04-01,12.4047006300,12.7712253200,12.3628917300,12.6304686900,8899404,803105744.0000,4.082467,1.387200
2015-04-02,12.8213960000,13.8930974700,12.8213960000,13.7202873500,23048215,2254805536.0000,10.573020,8.628500
2015-04-03,13.5892861300,13.6143714700,13.2394850000,13.5377218200,12301049,1186865280.0000,5.642920,-1.330600
2015-04-07,13.6993829000,14.0059815000,13.4764021000,13.7551281000,11006736,1088265824.0000,5.049174,1.605900
2015-04-08,13.8429267900,13.8707993900,13.0722494000,13.1112710400,13839096,1322988224.0000,6.348476,-4.680800
2015-04-09,12.9607590000,13.2311232200,12.2514013300,13.1447181600,12702143,1164696960.0000,5.826916,0.255100
2015-04-10,13.1711971300,14.4589112500,13.0332277600,14.4589112500,19082905,1911370896.0000,8.753994,9.997900
2015-04-13,14.8421595000,15.3731325300,14.5634335000,14.9118410000,18136048,1952271184.0000,8.319638,3.132500
2015-04-14,14.8839684000,15.0233314000,14.0547585500,14.3404527000,12846202,1337791808.0000,5.893001,-3.831800
2015-04-15,14.1871534000,15.4525694400,13.7969370000,14.0756630000,15217149,1585152496.0000,6.762609,-1.846500
2015-04-16,14.2847075000,14.8658512100,13.9753216400,14.4909647400,12595327,1301925728.0000,5.597453,2.950500
2015-04-17,14.6860729400,14.7153391700,13.3370391000,13.4722212100,17613078,1734559088.0000,7.827377,-7.030200
2015-04-20,13.3788480000,13.3788480000,12.5579999300,12.5705426000,12647642,1172304208.0000,5.620702,-6.692900
2015-04-21,12.6848202600,13.8275968600,12.6848202600,13.8275968600,13471800,1304555008.0000,5.986964,10.000000
2015-04-22,14.1191480000,15.1259046400,13.8122100000,14.0546910200,43376733,2042230048.0000,8.764914,1.642600
2015-04-23,14.0516216400,15.4604670600,13.8122100000,15.4604670600,45404619,2179928928.0000,9.174678,10.002200
2015-04-24,15.0706558000,16.8815900000,14.9570887400,16.2216733000,50827684,2653304304.0000,10.270489,4.923600
2015-04-27,16.2677140000,16.4426686600,15.3131368200,15.3162062000,39947108,2052782896.0000,8.071907,-5.581800
2015-04-28,15.2241248000,15.5187852800,13.9687483800,14.6348038400,33532564,1599506832.0000,6.775753,-4.448900
2015-04-29,14.4414329000,15.9607760000,14.3953922000,15.6170054400,30756379,1533834080.0000,6.214784,6.711400
2015-04-30,15.5279934200,15.8594864600,14.9785744000,15.0154069600,31349876,1560576640.0000,6.334708,-3.852200
2015-05-04,15.0368926200,15.1013496000,14.3892534400,14.6654976400,18221810,867159872.0000,3.681988,-2.330300
2015-05-05,14.4905429800,14.9662968800,13.9656790000,14.3892534400,20447799,965668656.0000,4.131782,-1.883600
2015-05-06,14.4844042200,15.3407612400,14.4844042200,14.5979712800,28301842,1370418800.0000,5.718808,1.450500
2015-05-07,14.3953922000,14.8527298200,14.0608297800,14.4230166200,19957664,939938688.0000,4.032743,-1.198500
2015-05-08,14.7053995800,15.8656252200,14.7023302000,15.8656252200,48397727,2416618384.0000,9.779480,10.002100
2015-05-11,16.1050368600,17.2928869200,15.6569073800,16.6299008400,54768482,2944719104.0000,11.066786,4.817200
2015-05-12,16.6299008400,17.0043652000,16.1449388000,16.7618841800,43782181,2365380768.0000,8.846840,0.793700
2015-05-13,16.7618841800,16.7618841800,16.7618841800,16.7618841800,0,0.0000,,0.000000
2015-05-14,16.7618841800,16.7618841800,16.7618841800,16.7618841800,0,0.0000,,0.000000
2015-05-15,16.7618841800,16.7618841800,16.7618841800,16.7618841800,0,0.0000,,0.000000
2015-05-18,16.7618841800,16.7618841800,16.7618841800,16.7618841800,0,0.0000,,0.000000
2015-05-19,16.7618841800,16.7618841800,16.7618841800,16.7618841800,0,0.0000,,0.000000
2015-05-20,16.7618841800,16.7618841800,16.7618841800,16.7618841800,0,0.0000,,0.000000
2015-05-21,16.7618841800,16.7618841800,16.7618841800,16.7618841800,0,0.0000,,0.000000
2015-05-22,16.7618841800,16.7618841800,16.7618841800,16.7618841800,0,0.0000,,0.000000
2015-05-25,16.7618841800,16.7618841800,16.7618841800,16.7618841800,0,0.0000,,0.000000
2015-05-26,16.7618841800,16.7618841800,16.7618841800,16.7618841800,0,0.0000,,0.000000
2015-05-27,16.7618841800,16.7618841800,16.7618841800,16.7618841800,0,0.0000,,0.000000
2015-05-28,16.7618841800,16.7618841800,16.7618841800,16.7618841800,0,0.0000,,0.000000
2015-05-29,16.7618841800,16.7618841800,16.7618841800,16.7618841800,0,0.0000,,0.000000
2015-06-01,16.7618841800,16.7618841800,16.7618841800,16.7618841800,0,0.0000,,0.000000
2015-06-02,16.7618841800,16.7618841800,16.7618841800,16.7618841800,0,0.0000,,0.000000
2015-06-03,16.7618841800,16.7618841800,16.7618841800,16.7618841800,0,0.0000,,0.000000
2015-06-04,16.7618841800,16.7618841800,16.7618841800,16.7618841800,0,0.0000,,0.000000
2015-06-05,16.7618841800,16.7618841800,16.7618841800,16.7618841800,0,0.0000,,0.000000
2015-06-08,16.7618841800,16.7618841800,16.7618841800,16.7618841800,0,0.0000,,0.000000
2015-06-09,16.7618841800,16.7618841800,16.7618841800,16.7618841800,0,0.0000,,0.000000
2015-06-10,16.7618841800,16.7618841800,16.7618841800,16.7618841800,0,0.0000,,0.000000
2015-06-11,16.7618841800,16.7618841800,16.7618841800,16.7618841800,0,0.0000,,0.000000
2015-06-12,16.7618841800,16.7618841800,16.7618841800,16.7618841800,0,0.0000,,0.000000
2015-06-15,18.4377656600,18.4377656600,18.4377656600,18.4377656600,2365653,142104775.0000,0.478015,9.998200
2015-06-16,18.4162800000,20.2824630400,17.3880377000,20.2824630400,70254526,4497767680.0000,14.195971,10.005000
2015-06-17,19.9509700000,20.2793936600,18.6035121800,19.6563095200,41745362,2646948944.0000,8.435271,-3.087200
2015-06-18,19.3340246200,19.9509700000,17.6919063200,17.6919063200,33098565,2011775488.0000,6.688057,-9.993800
2015-06-19,16.9798101600,17.4954660000,16.1142450000,16.2308814400,30168772,1653886416.0000,6.096049,-8.258200
2015-06-23,16.2001876400,17.7993346200,15.7029480800,17.7103226000,33365525,1820053472.0000,6.742000,9.115000
2015-06-24,17.8024040000,18.5850959000,17.1885280000,17.7133919800,30236765,1773329312.0000,6.109788,0.017300
2015-06-25,17.8024040000,17.9405261000,15.9515678600,15.9914698000,25106756,1384547024.0000,5.073193,-9.721000
2015-06-26,15.3469000000,15.3469000000,14.3923228200,14.3923228200,24754760,1185995568.0000,5.002067,-10.000000
2015-06-29,14.7176771000,14.8251054000,12.9527836000,12.9527836000,38943860,1705345856.0000,7.869186,-10.002100
2015-06-30,12.6427762200,14.2480619600,11.8201823800,14.2480619600,41084449,1789664400.0000,8.282623,10.000000
2015-07-01,14.3033108000,15.6691849000,14.1437030400,14.5365836800,45663701,2236530112.0000,9.205800,2.025000
2015-07-02,14.4168778600,15.3960100800,13.8152793800,14.7330240000,36050183,1733486688.0000,7.267715,1.351400
2015-07-03,14.3984615800,16.2063264000,13.3548723800,15.9607760000,47958466,2390630512.0000,9.668425,8.333300
2015-07-06,17.4647722000,17.4647722000,14.3646984000,15.0399620000,49549183,2551015568.0000,9.989113,-5.769200
2015-07-07,13.9656790000,14.6286650800,13.5359658000,13.5359658000,15126248,677635504.0000,3.049451,-10.000000
2015-07-08,13.5359658000,13.5359658000,13.5359658000,13.5359658000,0,0.0000,,0.000000
2015-07-09,13.5359658000,13.5359658000,13.5359658000,13.5359658000,0,0.0000,,0.000000
2015-07-10,13.5359658000,13.5359658000,13.5359658000,13.5359658000,0,0.0000,,0.000000
2015-07-13,14.8895623800,14.8895623800,14.8895623800,14.8895623800,3468922,168277406.0000,0.699335,10.000000
2015-07-14,16.3782116800,16.3782116800,15.9607760000,16.3782116800,48122216,2554650656.0000,9.701437,9.997900
2015-07-15,16.2585058600,16.5316806800,14.7391627600,14.7391627600,39072541,1978939104.0000,7.877023,-10.007500
2015-07-16,14.7391627600,16.0160248400,13.7293367400,15.5924504000,26604740,1332650304.0000,5.363514,5.789300
2015-07-17,15.6538380000,17.1271404000,15.6538380000,16.9613938800,29565443,1607963440.0000,5.960392,8.779500
2015-07-20,17.1885280000,17.9773586600,16.6084151800,17.4187315000,33260234,1879831504.0000,6.705262,2.696300
2015-07-21,17.1885280000,18.2628110000,16.7342597600,17.4187315000,30946183,1790274384.0000,6.238749,0.000000
2015-07-22,17.4187315000,18.0418156400,16.7557454200,17.0903078400,28523662,1608698096.0000,5.750369,-1.885500
2015-07-23,16.8815900000,17.4340784000,16.5807907600,17.3665520400,26706779,1478629856.0000,5.384086,1.616400
2015-07-24,17.4187315000,18.6618304000,17.4187315000,17.7717102000,39512211,2310935840.0000,7.965660,2.333000
2015-07-27,17.8024040000,19.0976823600,17.4340784000,17.4402171600,50285088,3005013008.0000,10.137472,-1.865300
2015-07-28,16.5715826200,18.4070718600,15.8073070000,17.8330978000,47840195,2707053408.0000,9.644581,2.252700
2015-07-29,18.0479544000,18.4162800000,16.6513865000,18.2014234000,34392370,1982686464.0000,6.933500,2.065400
2015-07-30,18.1093420000,18.1093420000,16.9644632600,16.9859489200,26122971,1506565952.0000,5.266390,-6.677900
2015-07-31,16.6452477400,17.0688221800,16.2308814400,16.5132644000,22816719,1232660240.0000,4.599850,-2.782800
2015-08-03,15.9607760000,16.0927593400,14.8619379600,14.8650073400,24788628,1233720496.0000,4.997386,-9.981400
2015-08-04,15.1872922400,16.3505872600,14.9263949400,16.3505872600,20025954,1020411136.0000,4.037231,9.993800
2015-08-05,16.3874198200,16.5685132400,15.6538380000,15.7919601000,17711939,929768160.0000,3.570726,-3.416600
2015-08-06,15.4850221000,16.4089054800,15.1965003800,15.8901802600,13631456,708195776.0000,2.748101,0.622000
2015-08-07,16.0528574000,16.7281210000,15.8993884000,16.5746520000,17550087,938008912.0000,3.538097,4.307500
2015-08-10,16.6759415400,17.7041838400,16.4211830000,17.4432865400,19570719,1091318608.0000,3.945456,5.240700
2015-08-11,17.3419970000,17.6888369400,16.9767407800,17.0043652000,18461413,1040780048.0000,3.721820,-2.516300
2015-08-12,16.7588148000,17.3358582400,16.4027667200,16.4488074200,13291814,729125280.0000,2.679629,-3.267200
2015-08-13,16.2707833800,16.7250516200,15.9607760000,16.7127741000,14910915,794850912.0000,3.006040,1.604800
2015-08-14,16.8355493000,16.9000062800,16.4518768000,16.5439582000,12297704,665965984.0000,2.479217,-1.010100
2015-08-17,16.3904892000,16.3904892000,15.7305725000,15.9791922800,13652865,711801744.0000,2.752417,-3.413700
2015-08-18,16.0712736800,16.4089054800,14.5642081000,15.0092682000,18598377,946005360.0000,3.749432,-6.069900
2015-08-19,14.8987705200,15.5003690000,14.1191480000,15.4635364400,17141882,841880864.0000,3.455803,3.026600
2015-08-20,15.2271941800,15.6507686200,14.9079786600,14.9079786600,12605946,622240928.0000,2.541358,-3.592700
2015-08-21,14.6163875600,14.7360933800,13.5206189000,13.5513127000,17155082,788919248.0000,3.458464,-9.100300
2015-08-24,12.7379270000,12.7624820400,12.1977161200,12.1977161200,25582606,1026909728.0000,5.157452,-9.988700
2015-08-25,11.0190742000,12.1946467400,10.9791722600,10.9791722600,31564432,1178178064.0000,6.363388,-9.989900
2015-08-26,11.3567060000,12.0780103000,11.0866005600,11.7188928400,33091919,1258896080.0000,6.671329,6.737500
2015-08-27,12.0626634000,12.8913960000,12.0626634000,12.8913960000,22007799,903564624.0000,4.436771,10.005200
2015-08-28,13.4131906000,13.8122100000,12.8883266200,13.3978437000,20052849,866734592.0000,4.042654,3.928600
2015-08-31,13.1983340000,13.7937937200,12.6765394000,13.7262673600,17727556,765686848.0000,3.573875,2.451300
2015-09-01,13.3855661800,13.3917049400,12.3665320200,12.9650611200,20222414,846806368.0000,4.076838,-5.545600
2015-09-02,12.2836587600,13.7446836400,12.1486060400,13.4162599800,22364640,957771264.0000,4.508710,3.480100
2015-09-07,13.5052720000,14.4629185600,13.2597216000,13.2996235400,18967749,865389008.0000,3.823897,-0.869400
2015-09-08,13.1615014400,13.9595402400,13.0172405800,13.9227076800,10918305,481184048.0000,2.201130,4.685000
2015-09-09,14.0761766800,14.4751960800,13.8551813200,14.1559805600,13398243,618800096.0000,2.701085,1.675500
2015-09-10,13.9288464400,14.4015309600,13.6618103800,13.9196383000,8561416,394366336.0000,1.725981,-1.669600
2015-09-11,13.9626096200,14.2050906400,13.7293367400,13.9288464400,8339176,379980928.0000,1.681178,0.066200
2015-09-14,13.9687483800,14.1191480000,12.5353479200,12.5353479200,13132531,565628960.0000,2.647518,-10.004400
2015-09-15,12.3511851200,13.0049630600,12.3511851200,12.5844580000,10803979,446364672.0000,2.178082,0.391800
2015-09-16,12.7379270000,13.8429038000,12.5875273800,13.8429038000,10706931,463522400.0000,2.158517,10.000000
2015-09-17,13.8429038000,14.6102488000,13.5697289800,14.0301359800,15142893,703017904.0000,3.052807,1.352600
2015-09-18,14.0669685400,14.4567798000,13.8766669800,14.3247964600,12005453,554774768.0000,2.420299,2.100200
2015-09-21,14.1191480000,15.1934310000,14.0608297800,15.0154069600,13570078,656584432.0000,2.735727,4.821100
2015-09-22,14.9693662600,15.3407612400,14.5642081000,14.9908519200,11076044,536517088.0000,2.232930,-0.163500
2015-09-23,14.7299546200,15.6446298600,14.6440119800,15.1013496000,10999426,545677184.0000,2.217484,0.737100
2015-09-24,15.2394717000,15.6231442000,14.7882728400,14.8619379600,9570306,472515024.0000,1.929373,-1.585400
2015-09-25,14.7391627600,15.0430313800,14.1283561400,14.5396530600,9209088,437431616.0000,1.856552,-2.168500
2015-09-28,14.5181674000,15.9945391800,14.5181674000,15.9945391800,14218122,720305632.0000,2.866373,10.006300
2015-09-29,16.4211830000,16.7250516200,15.7919601000,16.1787019800,20820849,1105910944.0000,4.197482,1.151400
2015-09-30,16.1173143800,16.5746520000,15.6170054400,16.1787019800,11361244,595663680.0000,2.267741,0.000000
2015-10-08,16.7588148000,17.4033846000,16.4181136200,16.8140636400,12191067,672882768.0000,2.433376,3.927100
2015-10-09,16.8079248800,17.4033846000,16.6084151800,17.0964466000,8725181,485279584.0000,1.741574,1.679400
2015-10-12,17.1117935000,18.0479544000,16.9736714000,17.6028943000,14820693,850113840.0000,2.958258,2.962300
2015-10-13,17.3726908000,17.5875474000,17.0411977600,17.2560543600,12188516,685682224.0000,2.432867,-1.970400
2015-10-14,17.1578342000,17.4033846000,16.8232717800,17.0718915600,10274317,569631216.0000,2.050787,-1.067200
2015-10-15,17.4954660000,18.3518230200,17.1516954400,18.0694400600,18871732,1085128320.0000,3.766858,5.843200
2015-10-16,18.0786482000,19.8742355000,18.0786482000,18.9472827400,23163390,1441052544.0000,4.623487,4.858200
2015-10-19,19.1160986400,19.1160986400,18.1093420000,18.3610311600,17827845,1076837632.0000,3.558495,-3.094100
2015-10-20,18.3886555800,19.7391827800,18.2720191400,19.7115583600,21080615,1311023616.0000,4.207758,7.355400
2015-10-21,19.5458118400,19.7361134000,17.9712199000,18.3303373600,21810588,1334113648.0000,4.353463,-7.007200
2015-10-22,18.4500431800,19.4506610600,18.4162800000,18.8766870000,18252573,1121773376.0000,3.643272,2.980600
2015-10-23,19.0301560000,19.1866943800,18.3579617800,18.9442133600,18717402,1144771792.0000,3.736053,0.357700
2015-10-26,19.1498618200,20.0430514000,18.7938137400,19.6102688200,20893854,1316839456.0000,4.170480,3.515900
2015-10-27,19.1866943800,20.2486998600,18.7232180000,19.9479006200,19794847,1254094816.0000,3.951115,1.721700
2015-10-28,19.9663169000,20.7766332200,19.2787757800,19.3739265600,19951033,1300733904.0000,3.982290,-2.877400
2015-10-29,19.6071994400,19.6870033200,18.4930145000,18.9718377800,15893847,985675168.0000,3.172463,-2.075400
2015-10-30,18.9687684000,19.2143188000,18.4040024800,18.4960838800,14584989,891241808.0000,2.911210,-2.507700
2015-11-02,18.1093420000,19.1805556200,17.9558730000,18.5052920200,13856605,844316080.0000,2.765823,0.049800
2015-11-03,18.5605408600,18.9534215000,18.3456842600,18.5697490000,10854836,660870784.0000,2.166660,0.348300
2015-11-04,18.6925242000,20.4113770000,18.6925242000,20.3039487000,23048285,1468092032.0000,4.600511,9.338800
2015-11-05,20.0154269800,20.3591975400,19.5243261800,19.6900727000,21107143,1366720592.0000,4.213053,-3.023400
2015-11-06,19.6501707600,20.4083076200,19.6501707600,20.2425611000,15613418,1025639584.0000,3.116488,2.805900
2015-11-09,20.2548386200,20.7244537600,19.4322447800,20.3377118800,21887365,1433651456.0000,4.368788,0.470100
2015-11-10,20.1044390000,20.6814824400,19.7115583600,20.4021688600,20819589,1377090016.0000,4.155657,0.316900
2015-11-11,20.5034584000,21.9767608000,20.1075083800,21.7496266800,28854775,1999739552.0000,5.759505,6.604500
2015-11-12,21.6053658200,21.6391290000,20.6354417400,20.8932696600,20491931,1406886992.0000,4.090255,-3.937300
2015-11-13,20.5648460000,20.7121762400,19.7391827800,20.1504797000,16382367,1081439968.0000,3.269973,-3.555200
2015-11-16,19.7483909200,20.6814824400,19.6440320000,20.5556378600,13952305,915472896.0000,2.784925,2.010700
2015-11-17,20.7704944600,20.8625758600,18.7569811800,18.9749071600,42315386,2709524624.0000,8.446287,-7.690000
2015-11-18,18.8429238200,18.9534215000,18.0909257200,18.2935048000,25081044,1508645136.0000,5.006257,-3.591100
2015-11-19,18.4439044200,18.9963928200,18.4439044200,18.9595602600,15321055,936926288.0000,3.058132,3.640900
2015-11-20,19.0332253800,19.1682781000,18.6157897000,19.0270866200,16030186,988534976.0000,3.199676,0.356200
2015-11-23,18.7140098600,18.9626296400,18.2044927800,18.2597416200,18296461,1106471440.0000,3.652032,-4.032900
2015-11-24,18.2566722400,18.6464835000,18.1400358000,18.6311366000,13362673,801942304.0000,2.667232,2.034000
2015-11-25,18.6157897000,19.4874936200,18.4776676000,19.3401633800,17566827,1095908656.0000,3.506395,3.805600
2015-11-26,19.3524409000,19.4138285000,18.7539118000,18.8398544400,13577054,842755408.0000,2.710023,-2.586900
2015-11-27,18.6833160600,19.1805556200,17.8392365600,18.1369664200,13904690,840342352.0000,2.775421,-3.730900
2015-11-30,18.1400358000,19.0301560000,17.8024040000,19.0301560000,14848414,892577552.0000,2.963791,4.924700
2015-12-01,18.9933234400,18.9963928200,18.5544021000,18.7232180000,8837312,540010896.0000,1.763956,-1.612900
2015-12-02,18.6771773000,18.9687684000,17.9865668000,18.3886555800,9913123,597447040.0000,1.978691,-1.786900
2015-12-03,18.2628110000,18.8736176200,18.0019137000,18.7753974600,13579421,816709744.0000,2.710496,2.103200
2015-12-04,18.4500431800,19.0608498000,18.3119210800,18.3548924000,10685554,650288384.0000,2.132871,-2.239700
2015-12-07,18.5758877600,19.1836250000,18.5697490000,18.8429238200,13178597,812756608.0000,2.630490,2.658900
2015-12-08,18.7232180000,20.0645370600,18.2996435600,19.6286851000,20696971,1288469360.0000,4.131182,4.170100
2015-12-09,19.3708571800,20.0430514000,19.3064002000,19.4537304400,16868659,1081390128.0000,3.367038,-0.891300
2015-12-10,19.6440320000,20.9393103600,19.5028405200,20.1873122600,22504189,1492180080.0000,4.491908,3.770900
2015-12-11,20.2886018000,20.7336619000,19.6102688200,19.6992808400,16236722,1058594368.0000,3.240902,-2.417500
2015-12-14,19.3677878000,19.6900727000,18.6863854400,19.6501707600,12850139,803527312.0000,2.564929,-0.249300
2015-12-15,19.5089792800,20.0369126400,19.5089792800,19.5826444000,11915478,767583680.0000,2.378368,-0.343600
2015-12-16,19.5519506000,19.7361134000,19.0332253800,19.1375843000,14359631,903371920.0000,2.866228,-2.272700
2015-12-17,19.2695676400,19.4813548600,19.1253067800,19.4629385800,14116367,889720240.0000,2.817672,1.700100
2015-12-18,19.4752161000,20.2272142000,19.3432327600,19.8588886000,19202277,1237750208.0000,3.832836,2.034400
2015-12-21,19.6501707600,20.3315731200,19.3094695800,20.0645370600,16444129,1059119488.0000,3.282301,1.035600
2015-12-22,20.0676064400,20.7091068600,19.9264149600,20.0706758200,13115583,866761888.0000,2.617912,0.030600
2015-12-23,19.9693862800,20.1504797000,19.4015509800,19.4445223000,9778938,628209952.0000,1.951907,-3.119700
2015-12-24,19.4813548600,19.6071994400,19.1866943800,19.5181874200,8419651,531817408.0000,1.680589,0.378900
2015-12-25,19.5519506000,20.1259246600,19.5243261800,19.7391827800,10006271,647535952.0000,1.997284,1.132200
2015-12-28,20.0123576000,20.1658266000,19.0424335200,19.0424335200,13715884,871867488.0000,2.737734,-3.529800
2015-12-29,18.9841153000,19.2143188000,18.3855862000,18.9411439800,10363715,633380400.0000,2.068631,-0.531900
2015-12-30,19.0884742200,19.1529312000,18.5728183800,18.7324261400,7846627,482470992.0000,1.566212,-1.101900
2015-12-31,18.7692587000,18.9043114200,18.2965741800,18.4132106200,8614571,519743936.0000,1.710274,-1.704100
2016-01-04,18.2935048000,18.3702393000,16.5715826200,16.5715826200,12686367,713791712.0000,2.518659,-10.001700
2016-01-05,14.9141174200,17.4893272400,14.9141174200,17.1302097800,30522482,1618625296.0000,6.059712,3.371000
2016-01-06,17.1885280000,17.4862578600,16.7250516200,17.0780303200,14978563,830057056.0000,2.973735,-0.304600
2016-01-07,16.7281210000,16.7281210000,15.3714550400,15.3714550400,3657196,187773764.0000,0.726073,-9.992800
2016-01-08,16.0866205800,16.1142450000,13.8336956600,15.4543283000,22611853,1141457104.0000,4.489193,0.539100
2016-01-11,15.0430313800,15.9669147600,14.8036197400,14.8803542400,20277435,1023670256.0000,4.025734,-3.714000
2016-01-12,15.4113569800,16.3690035400,15.4113569800,16.3690035400,34488665,1807653520.0000,6.847129,10.004100
2016-01-13,16.3690035400,16.6912884400,15.9607760000,16.2431589600,22615063,1200608000.0000,4.489830,-0.768800
2016-01-14,15.6538380000,17.4831884800,15.3499693800,17.3818989400,21775609,1193377024.0000,4.323171,7.010600
2016-01-15,17.0350590000,17.3113032000,16.3966279600,16.7250516200,13538857,745493552.0000,2.687906,-3.778900
2016-01-18,16.4181136200,17.4954660000,16.2738527600,17.0350590000,13220483,738592016.0000,2.624699,1.853500
2016-01-19,16.9736714000,17.3358582400,16.6605946400,17.2867481600,12721507,706062736.0000,2.525635,1.477500
2016-01-20,17.1516954400,17.1731811000,16.6360396000,16.6605946400,11485141,631057488.0000,2.280176,-3.622200
2016-01-21,16.3444485000,17.1117935000,15.6538380000,15.7950294800,13770276,741653600.0000,2.733850,-5.195300
2016-01-22,15.9638453800,16.3659341600,15.5372015600,16.2216733000,11140734,583044400.0000,2.211800,2.701100
2016-01-25,16.3444485000,16.9122838000,16.2984078000,16.6513865000,8887159,481946096.0000,1.764392,2.649000
2016-01-26,16.6053458000,16.7833698400,15.5985891600,15.9423597200,10963878,576273200.0000,2.176689,-4.258100
2016-01-27,15.9055271600,16.2063264000,15.1627372000,16.1879101200,12932636,660585104.0000,2.567551,1.540200
2016-01-28,15.9638453800,16.2677140000,15.3775938000,15.4328426400,8818655,458129248.0000,1.750792,-4.664400
2016-01-29,15.4389814000,16.2308814400,15.1965003800,16.0221636000,10960580,562363568.0000,2.176034,3.818600
2016-02-01,15.9454291000,16.7772310800,15.8380008000,16.4518768000,12280742,658660880.0000,2.438129,2.682000
2016-02-02,16.4242523800,17.2468462200,16.4242523800,17.1731811000,12059611,668905072.0000,2.394227,4.384300
2016-02-03,17.0258508600,17.1793198600,16.6176233200,17.0872384600,8182879,449689152.0000,1.624569,-0.500500
2016-02-04,17.0841690800,17.7686408200,17.0841690800,17.4310090200,10137092,578876480.0000,2.012545,2.011900
2016-02-05,17.4371477800,17.4801191000,17.0964466000,17.1332791600,5401522,303571776.0000,1.072379,-1.708000
2016-02-15,16.7281210000,17.7563633000,16.6943578200,17.6489350000,9277849,527112336.0000,1.841957,3.009700
2016-02-16,17.6366574800,18.4868757400,17.6213105800,18.1553827000,10770931,634019792.0000,2.138382,2.869600
2016-02-17,18.1093420000,18.3733086800,17.6980450800,18.0448850200,9590981,562843984.0000,1.904124,-0.608600
2016-02-18,18.2014234000,18.2628110000,17.7809183400,17.8330978000,7444492,436099552.0000,1.477975,-1.173700
2016-02-19,17.8024040000,18.0295381200,17.5016047600,17.7594326800,8887193,512720768.0000,1.764399,-0.413100
2016-02-22,17.8668609800,17.9773586600,17.6213105800,17.8791385000,10471347,606469296.0000,2.078905,0.674000
2016-02-23,17.8607222200,18.0387462600,16.9920876800,17.2898175400,11917725,677857424.0000,2.366058,-3.296100
2016-02-24,17.2867481600,17.4617028200,16.8171330200,17.3604132800,9752724,544638784.0000,1.936235,0.408300
2016-02-25,17.4340784000,17.4340784000,15.8349314200,15.9791922800,13275884,722191952.0000,2.635697,-7.956200
2016-02-26,15.9853310400,16.7680229400,15.9853310400,16.5899989000,11835959,635017104.0000,2.349825,3.822500
2016-02-29,16.5009868800,16.5685132400,15.5310628000,15.9331515800,11383958,592195968.0000,2.260088,-3.959300
2016-03-01,16.0528574000,16.2615752400,15.0952108400,16.0221636000,18764501,958496896.0000,3.725368,0.558700
2016-03-02,16.1971182600,16.5869295200,15.7919601000,16.5746520000,14164959,749922608.0000,2.812208,3.448300
2016-03-03,16.5715826200,16.7895086000,16.2308814400,16.2400895800,10892408,584796272.0000,2.162499,-2.018500
2016-03-04,15.9791922800,16.1848407400,15.3469000000,15.3714550400,11706665,599419280.0000,2.324156,-5.348700
2016-03-07,15.5157159000,16.0682043000,15.4788833400,15.6292829600,7492975,385488016.0000,1.487601,1.677300
2016-03-08,15.6108666800,16.3168240800,14.9079786600,16.1418694200,12013436,609969776.0000,2.385060,3.279700
2016-03-09,15.9300822000,16.2677140000,15.7367112600,15.7459194000,6733672,349121056.0000,1.336854,-2.452900
2016-03-10,15.7704744400,15.9239434400,15.3775938000,15.5586872200,7050652,357679936.0000,1.398715,-1.189100
2016-03-11,15.3561081400,15.7213643600,15.2824430200,15.5617566000,4774674,242294823.0000,0.947205,0.019700
2016-03-14,15.8073070000,16.5746520000,15.7704744400,16.3291016000,11744492,623670112.0000,2.329884,4.931000
2016-03-15,16.3045465600,16.3874198200,16.0559267800,16.3076159400,6507111,344405952.0000,1.290887,-0.131600
2016-03-16,16.5378194400,16.5746520000,16.0129554600,16.1756326000,4680334,247785112.0000,0.928489,-0.809300
2016-03-17,16.2707833800,17.1271404000,16.1848407400,17.0166427200,12740089,696596304.0000,2.527392,5.199200
2016-03-18,17.0411977600,17.7226001200,17.0411977600,17.3941764600,13056666,741539568.0000,2.590194,2.218600
2016-03-21,17.5568536000,18.0111218400,17.2529849800,17.5936861600,11816953,678847824.0000,2.344259,1.147000
2016-03-22,17.5261598000,17.5261598000,17.1609035800,17.1885280000,10981052,619705520.0000,2.178432,-2.302900
2016-03-23,17.1885280000,17.5046741400,17.1302097800,17.4647722000,9179881,519140368.0000,1.821114,1.607100
2016-03-24,17.3113032000,17.7348776400,17.1885280000,17.3512051400,9152211,521806192.0000,1.815625,-0.650300
2016-03-25,17.2499156000,17.7747795800,17.2222911800,17.6888369400,9196688,527242832.0000,1.824448,1.945900
2016-03-28,17.7717102000,18.1922152600,17.4340784000,17.4923966200,9400586,547913712.0000,1.864898,-1.110500
2016-03-29,17.4340784000,17.5875474000,16.9460469800,17.0473365200,7199241,402442480.0000,1.428193,-2.544300
2016-03-30,17.1977361400,17.8024040000,17.1977361400,17.7195307400,8253734,471534512.0000,1.637384,3.943100
2016-03-31,17.8116121400,18.3241986000,17.8116121400,17.9282485800,10584148,623434288.0000,2.099694,1.177900
2016-04-01,18.0172606000,18.2014234000,17.6427962400,18.0755788200,6736788,393585760.0000,1.336451,0.821800
2016-04-05,17.9558730000,18.4132106200,17.8668609800,18.3119210800,8278281,490634800.0000,1.642254,1.307500
2016-04-06,18.3149904600,18.6157897000,18.2075621600,18.3794474400,7113162,426235888.0000,1.411116,0.368800
2016-04-07,18.3886555800,18.5083614000,17.7931958600,17.7931958600,7095751,416370208.0000,1.407662,-3.189700
2016-04-08,17.7379470200,17.7379470200,17.3604132800,17.5722005000,5297930,302804320.0000,1.051009,-1.242000
2016-04-11,17.7471551600,18.2566722400,17.7440857800,17.9405261000,7358712,433454640.0000,1.459829,2.096100
2016-04-12,17.9589423800,18.0725094400,17.7103226000,17.9528036200,4299085,250385052.0000,0.852857,0.068400
2016-04-13,17.9896361800,18.4592513200,17.9497342400,18.0448850200,7622876,452324848.0000,1.512234,0.512900
2016-04-14,18.2198396800,18.4254881400,18.0786482000,18.2689497600,7494109,446412032.0000,1.486689,1.241700
2016-04-15,18.3548924000,18.4070718600,18.0172606000,18.0786482000,4784902,283064560.0000,0.949234,-1.041700
2016-04-18,17.9558730000,17.9620117600,17.6335881000,17.8177509000,4984072,288436048.0000,0.988745,-1.443100
2016-04-19,17.8637916000,18.1001338600,17.6550737600,17.7717102000,4790605,277747168.0000,0.950365,-0.258400
2016-04-20,17.7717102000,18.0725094400,16.8508962000,17.3419970000,9104054,516983936.0000,1.806071,-2.418000
2016-04-21,17.0995159800,17.4586334400,17.0995159800,17.1578342000,4461666,252165021.0000,0.885110,-1.061900
2016-04-22,17.1394179200,17.4586334400,17.0442671400,17.4555640600,4408682,248367522.0000,0.874599,1.735200
2016-04-25,17.4831884800,17.7287388800,17.1578342000,17.6765594200,4490912,255301055.0000,0.890912,1.266000
2016-04-26,17.6489350000,17.7839877200,17.4555640600,17.7686408200,3912396,224638623.0000,0.776145,0.520900
2016-04-27,18.1062726200,19.5458118400,18.1032032400,19.1222374000,21028600,1300646160.0000,4.171675,7.617900
2016-04-28,19.1682781000,19.4414529200,18.7201486200,19.3278858600,13123315,812896240.0000,2.603416,1.075400
2016-04-29,19.3833122000,20.5995804000,19.2447500000,19.6481199600,18711321,1215702480.0000,3.711970,1.656800
2016-05-03,19.6327241600,20.3316934800,19.5557451600,19.9067694000,12511795,810597488.0000,2.482102,1.316400
2016-05-04,19.7959196400,20.2423978400,19.5526660000,19.6173283600,12167630,782714912.0000,2.413827,-1.454000
2016-05-05,19.5003202800,19.9344818400,19.2909374000,19.5711409600,10611088,673806496.0000,2.105038,-0.235400
2016-05-06,19.7035448400,19.7312572800,19.0230504800,19.1185044400,11757437,736342592.0000,2.332452,-2.312800
2016-05-09,19.1215836000,19.5218744000,18.8475383600,19.3740747200,12527862,782963712.0000,2.485290,1.336800
2016-05-10,19.2970957200,19.7250989600,18.9614672800,19.5341910400,11943293,748934736.0000,2.369322,0.826400
2016-05-11,19.6727532400,19.7066240000,18.9368340000,18.9399131600,10216535,642818192.0000,2.026766,-3.042200
2016-05-12,18.4749600000,19.1185044400,18.3456352800,19.0230504800,8350861,508219968.0000,1.656652,0.439000
2016-05-13,18.9984172000,19.6881490400,18.8752508000,19.3309664800,9613200,605092384.0000,1.907076,1.618600
2016-05-16,19.1554543600,19.7651280400,18.9737839200,19.7066240000,8403504,531822352.0000,1.667095,1.943300
2016-05-17,19.6727532400,20.1838938000,19.3987080000,19.7589697200,11612974,747856272.0000,2.303793,0.265600
2016-05-18,19.5126369200,20.1900521200,19.3248081600,19.6635157600,10668855,684040816.0000,2.116498,-0.483100
2016-05-19,19.6758324000,20.8520715200,19.6758324000,20.5102847600,18186109,1205305872.0000,3.607778,4.306300
2016-05-20,20.2608728000,20.5934220800,20.1808146400,20.5379972000,9671913,640863168.0000,1.918724,0.135100
2016-05-23,20.5379972000,21.2708372800,20.4764140000,20.6303720000,13889128,942237392.0000,2.755339,0.449800
2016-05-24,20.6611636000,20.8335965600,20.1007564800,20.3840392000,8496535,564462032.0000,1.685551,-1.194000
2016-05-25,20.4794931600,20.6303720000,19.8082362800,19.9529568000,10843050,710690768.0000,2.151055,-2.114800
2016-05-26,19.8544236800,20.2146854000,19.3432831200,20.1223106000,9875543,634190064.0000,1.959120,0.848800
2016-05-27,20.0176191600,20.1192314400,19.6327241600,19.7220198000,6430220,414159936.0000,1.275633,-1.989300
2016-05-30,19.6727532400,20.1069148000,19.3371248000,19.9375610000,6954658,447968928.0000,1.379672,1.092900
2016-05-31,20.0730440400,20.7689342000,19.9221652000,20.6488469600,14741564,982137088.0000,2.924446,3.567600
2016-06-01,20.6611636000,20.8613090000,20.4456224000,20.7350634400,12525548,840165264.0000,2.484831,0.417500
2016-06-02,20.6272928400,20.7104301600,20.3009018800,20.5995804000,7695310,512268352.0000,1.526603,-0.653400
2016-06-03,20.5934220800,21.6988405200,20.4825723200,21.2585206400,18919698,1308351344.0000,3.753308,3.198800
2016-06-06,21.2615998000,21.5602783200,21.0891668400,21.5325658800,11021959,763794496.0000,2.186547,1.289100
2016-06-07,21.5171700800,21.5171700800,20.9382880000,21.1230376000,9897851,679417168.0000,1.963546,-1.901900
2016-06-08,21.0953251600,21.6896030400,20.9105755600,21.2462040000,11248817,779776528.0000,2.231551,0.583100
2016-06-13,20.9690796000,21.5541200000,20.4517807200,20.4517807200,14046083,956481136.0000,2.786476,-3.739100
2016-06-14,20.3686434000,20.8151216000,20.3532476000,20.6211345200,6648005,444517424.0000,1.318838,0.828100
2016-06-15,20.4764140000,21.4925368000,20.3871183600,21.3662912400,10820071,744806304.0000,2.146496,3.613600
2016-06-16,21.3847662000,21.4617452000,20.5687888000,20.5995804000,11463638,782471552.0000,2.274168,-3.588400
2016-06-17,20.6611636000,20.9844754000,20.2608728000,20.4333057600,12155164,811089040.0000,2.411354,-0.807200
2016-06-20,20.3255351600,20.7812508400,19.7959196400,20.6303720000,11102268,730757056.0000,2.202479,0.964400
2016-06-21,20.6981135200,20.7535384000,20.1684980000,20.1838938000,8133601,539330640.0000,1.613552,-2.164200
2016-06-22,20.0730440400,20.4764140000,20.0176191600,20.4733348400,5466476,360170960.0000,1.084445,1.434000
2016-06-23,20.3840392000,20.4456224000,20.0145400000,20.1038356400,6516144,426457504.0000,1.292679,-1.804800
2016-06-24,20.0083816800,20.3039810400,19.5557451600,20.0053025200,7926082,514874000.0000,1.572384,-0.490100
2016-06-27,19.9837484000,20.7165884800,19.9837484000,20.6457678000,9113778,605021760.0000,1.808000,3.201500
2016-06-28,20.5379972000,20.9198130400,20.4948889600,20.7073510000,7650128,514118864.0000,1.517640,0.298300
2016-06-29,20.8397548800,20.8951797600,20.5379972000,20.6950343600,5951639,400283392.0000,1.180692,-0.059500
2016-06-30,20.7443009200,20.8890214400,20.6303720000,20.6919552000,6164722,415235360.0000,1.218062,-0.014900
2016-07-01,20.8089632800,21.2400456800,20.6642427600,20.9013380800,7017989,477937696.0000,1.386655,1.011900
2016-07-04,20.7843300000,21.2000166000,20.6950343600,21.1907791200,9337128,635974448.0000,1.844884,1.384800
2016-07-05,21.1938582800,21.3847662000,20.9321296800,20.9475254800,5527011,378052864.0000,1.092059,-1.147900
2016-07-06,20.8705464800,21.0922460000,20.6919552000,20.8212799200,7167479,485005056.0000,1.416192,-0.602700
2016-07-07,20.8151216000,20.8397548800,20.2639519600,20.3594059200,11428999,760292032.0000,2.258208,-2.218300
2016-07-08,20.3378518000,20.6180553600,20.2762686000,20.4302266000,6023937,400313056.0000,1.190245,0.347800
2016-07-11,20.4148308000,21.2769956000,20.4148308000,20.9074964000,12117507,822759808.0000,2.394248,2.336100
2016-07-12,20.9074964000,21.9882815600,20.7258259600,21.8620360000,17562177,1214999712.0000,3.470037,4.565500
2016-07-13,21.8620360000,22.6472218000,21.6280198400,22.1730311600,18139518,1305905968.0000,3.584112,1.422500
2016-07-14,21.8651151600,22.6349051600,21.8620360000,22.1822686400,12458498,901407840.0000,2.461623,0.041700
2016-07-15,22.2099810800,23.2107080800,22.1791894800,23.0013252000,16047173,1191112128.0000,3.170694,3.692400
2016-07-18,22.8473672000,23.2353413600,22.6626176000,22.8227339200,9072541,675625328.0000,1.792605,-0.776400
2016-07-19,22.6872508800,23.0721458800,22.1083688000,22.3547016000,11997104,873154672.0000,2.370458,-2.050700
2016-07-20,22.3393058000,22.6133510400,22.2623268000,22.3300683200,5910661,430137152.0000,1.167863,-0.110200
2016-07-21,22.3485432800,22.6102718800,22.1083688000,22.1761103200,7597446,553064688.0000,1.501148,-0.689500
2016-07-22,22.1699520000,22.3793348800,21.9174608800,22.0621814000,7717146,555177888.0000,1.524799,-0.513700
2016-07-25,21.9574899600,22.3177516800,21.9051442400,21.9882815600,5897192,422889184.0000,1.165202,-0.335000
2016-07-26,22.0621814000,22.9890085600,22.0467856000,22.9582169600,9505736,698229632.0000,1.878199,4.411100
2016-07-27,22.9674544400,23.0906208400,22.0159940000,22.2931184000,12359680,901812416.0000,2.442098,-2.897000
2016-07-28,22.2961975600,23.5555740000,22.2069019200,23.1706790000,16233572,1214557536.0000,3.207524,3.936500
2016-07-29,23.4077743200,23.5247824000,22.7211216400,22.9058712400,10721621,800034896.0000,2.118440,-1.142900
2016-08-01,22.8966337600,22.8997129200,22.0375481200,22.4409180800,10916312,794587984.0000,2.156909,-2.029800
2016-08-02,22.4686305200,22.7334382800,22.2407726800,22.6041135600,5924261,432464512.0000,1.170550,0.727200
2016-08-03,22.5548470000,22.5917969200,22.2192185600,22.4193639600,6202803,450898912.0000,1.225586,-0.817300
2016-08-04,22.3393058000,23.1645206800,22.2992767200,23.0937000000,9768609,724673264.0000,1.930139,3.007800
2016-08-05,22.9551378000,23.1429665600,22.6934092000,22.7796256800,5961477,442626080.0000,1.177903,-1.360000
2016-08-08,22.6318260000,23.2476580000,22.5332928800,23.2476580000,6912513,515333328.0000,1.365815,2.054600
2016-08-09,23.1953122800,23.2722912800,22.8904754400,23.1214124400,6975135,521700144.0000,1.378188,-0.543100
2016-08-10,23.0875416800,23.1552832000,22.6656967600,22.7303591200,6531138,484545264.0000,1.290460,-1.691300
2016-08-11,22.6349051600,22.8011798000,22.0159940000,22.0344689600,11509475,832959344.0000,2.274109,-3.061500
2016-08-12,22.1268437600,22.4409180800,22.0159940000,22.4132056400,6445576,466249472.0000,1.273554,1.718800
2016-08-15,22.4778680000,22.7703882000,21.7850570000,22.3331474800,15583384,1128385104.0000,3.079056,-0.357200
2016-08-16,22.3885723600,22.5086596000,21.9882815600,22.0621814000,11545631,831236928.0000,2.281253,-1.213300
2016-08-17,22.0806563600,22.4470764000,22.0806563600,22.2961975600,8415283,608215904.0000,1.662741,1.060700
2016-08-18,22.2222977200,22.2746434400,21.7481070800,21.8435610400,11243294,800730336.0000,2.221516,-2.030100
2016-08-19,21.9082234000,22.0621814000,21.8066111200,21.9359358400,5421773,386548064.0000,1.071265,0.422900
2016-08-22,21.8651151600,22.4316806000,21.8651151600,22.1360812400,8408445,606971728.0000,1.661390,0.912400
2016-08-23,22.1884269600,22.2900392400,21.8774318000,21.9636482800,5194748,372353968.0000,1.026409,-0.779000
2016-08-24,21.9636482800,22.0714188800,21.8343235600,22.0129148400,5035823,358786672.0000,0.995007,0.224300
2016-08-25,22.0036773600,22.0036773600,21.7481070800,21.9605691200,4745696,336979488.0000,0.937682,-0.237800
2016-08-26,21.9574899600,22.3146725200,21.8189277600,22.2284560400,7316095,525344592.0000,1.445557,1.219900
2016-08-29,22.2192185600,22.5640844800,22.0159940000,22.0775772000,6706362,486661376.0000,1.325082,-0.678800
2016-08-30,22.0775772000,22.1422395600,21.7173154800,21.7450279200,7942563,563808208.0000,1.569338,-1.506300
2016-08-31,21.7542654000,21.8527985200,21.1230376000,21.1415125600,13685798,947416880.0000,2.704120,-2.775400
2016-09-01,21.1969374400,21.3539746000,21.1445917200,21.1569083600,5709436,394285040.0000,1.128104,0.072800
2016-09-02,21.0953251600,21.2462040000,20.5226014000,20.6796385600,10401437,702332512.0000,2.050769,-2.255900
2016-09-05,20.6950343600,21.6742072400,20.4764140000,21.4309536000,12041221,830208080.0000,2.371267,3.633107
2016-09-06,21.4001620000,21.7049988400,21.1322750800,21.5510408400,7474387,521216656.0000,1.470545,0.560344
2016-09-07,21.6003074000,21.7357904400,21.3693704000,21.3970828400,4554930,318623040.0000,0.895542,-0.714388
2016-09-08,21.4155578000,21.4309536000,21.0768502000,21.2769956000,4303854,296742304.0000,0.845776,-0.561231
2016-09-09,21.2030957600,21.3539746000,20.5318388800,20.6919552000,10516909,710596544.0000,2.066109,-2.749640
2016-09-12,20.3470892800,20.9013380800,20.2608728000,20.5718679600,9949207,665853920.0000,1.953836,-0.580356
2016-09-13,20.6334511600,20.7781716800,20.3224560000,20.4610182000,4333355,288970128.0000,0.850495,-0.538842
2016-09-14,20.4918098000,20.6888760400,20.4579390400,20.4856514800,4911812,327978224.0000,0.962957,0.120394
2016-09-19,20.0176191600,20.4610182000,20.0114608400,20.3871183600,6259389,412884672.0000,1.225314,-0.480986
2016-09-20,20.4548598800,20.9074964000,20.3440101200,20.6211345200,5912129,397723584.0000,1.156921,1.147866
2016-09-21,20.7227468000,21.1692250000,20.7227468000,20.9998712000,7115929,485184688.0000,1.390730,1.836637
2016-09-22,21.0922460000,21.1384334000,20.8520715200,20.9044172400,4645514,315712848.0000,0.906859,-0.454542
2016-09-23,20.8767048000,20.9752379200,20.4394640800,20.4887306400,6917876,462656064.0000,1.350451,-1.988509
2016-09-26,20.6919552000,21.0275836400,20.6888760400,20.6919552000,7154644,485058560.0000,1.396671,0.991879
2016-09-27,20.7350634400,21.3878453600,20.6704010800,21.3693704000,9620051,661478544.0000,1.877947,3.273816
2016-09-28,21.2462040000,21.4586660400,21.0706918800,21.2030957600,4298590,296806448.0000,0.839135,-0.778099
2016-09-29,21.1599875200,21.7080780000,21.1599875200,21.4586660400,7288537,510306176.0000,1.422808,1.205347
2016-09-30,21.4186369600,21.8250860800,21.3632120800,21.4925368000,5454412,382405760.0000,1.064765,0.157843
2016-10-10,21.6064657200,22.0837355200,21.6064657200,21.9698066000,6001096,427145392.0000,1.171484,2.220624
2016-10-11,21.8681943200,21.9852024000,21.7049988400,21.7296321200,5241055,371129712.0000,1.023115,-1.093201
2016-10-12,21.7142363200,21.8158486000,21.5571991600,21.7019196800,3532076,248308641.0000,0.689503,-0.127528
2016-10-13,21.6711280800,21.8558776800,21.5541200000,21.6464948000,3050781,214486158.0000,0.595548,-0.255392
2016-10-14,21.2154124000,21.2154124000,19.7066240000,19.7066240000,37794864,2450771472.0000,7.378001,-8.961597
2016-10-17,19.6450408000,19.6450408000,19.0107338400,19.4880036400,21171887,1327047952.0000,4.133001,-1.109374
2016-10-18,19.3278873200,19.6665949200,19.3278873200,19.6450408000,9180646,581691008.0000,1.792170,0.805812
2016-10-19,19.6542782800,19.6912282000,19.1092669600,19.1954834400,13374763,838445184.0000,2.610911,-2.288400
2016-10-20,19.2447500000,19.3679164000,19.0322879600,19.2601458000,8816138,549613248.0000,1.721014,0.336861
2016-10-21,19.2293542000,19.2539874800,18.7459260800,18.9429923200,13211734,813297616.0000,2.579086,-1.646681
2016-10-24,18.9060424000,19.1554543600,18.8598550000,19.1185044400,10781022,665063136.0000,2.104582,0.926527
2016-10-25,19.0938711600,19.1893251200,18.9922588800,19.1308210800,6688370,414541152.0000,1.305648,0.064424
2016-10-26,19.1369794000,19.3863913600,19.0261296400,19.3063332000,10738851,670914656.0000,2.096350,0.917431
2016-10-27,19.2632249600,19.3894705200,19.2170375600,19.3094123600,6087887,381470144.0000,1.188427,0.015946
2016-10-28,19.3679164000,19.6665949200,19.2693832800,19.3894705200,10654827,675104032.0000,2.079947,0.414610
2016-10-31,19.3679164000,19.3833122000,19.0846336800,19.2632249600,7853813,489817632.0000,1.533157,-0.651103
2016-11-01,19.2755416000,19.3340456400,19.1031086400,19.1985626000,6997886,435841792.0000,1.366070,-0.335682
2016-11-02,19.1369794000,19.1954834400,19.0600004000,19.0723170400,5886456,365276080.0000,1.149105,-0.657578
2016-11-03,18.9891797200,19.0476837600,18.7459260800,18.8690924800,9380663,575859888.0000,1.831216,-1.065547
2016-11-04,18.8660133200,18.8660133200,18.2778937600,18.3302394800,17007061,1024134960.0000,3.319978,-2.855744
2016-11-07,18.2840520800,18.3210020000,17.8221780800,17.9083945600,16236688,946363776.0000,3.167994,-2.301359
2016-11-08,18.0069276800,18.4441684000,18.0069276800,18.2594188000,12176645,721743904.0000,2.375400,1.960109
2016-11-09,18.2655771200,18.5119099200,18.0130860000,18.2963687200,10948408,651100352.0000,2.135236,0.202359
2016-11-10,18.4749600000,18.5303848800,18.3240811600,18.3702685600,6743854,403037488.0000,1.314549,0.403907
2016-11-11,18.4133768000,18.4133768000,18.0161651600,18.3825852000,9912990,585174848.0000,1.931906,0.067048
2016-11-14,18.4503267200,18.6781845600,18.3887435200,18.4441684000,9154554,551021312.0000,1.783994,0.335010
2016-11-15,18.4749600000,18.7058970000,18.3148436800,18.6689470800,8548172,514408960.0000,1.665599,1.218697
2016-11-16,18.7828760000,18.9368340000,18.6289180000,18.6319971600,11375999,694991088.0000,2.216524,-0.197926
2016-11-17,18.5919680800,18.5919680800,18.0777483600,18.1300940800,10489508,619893248.0000,2.043707,-2.693765
2016-11-18,18.1023816400,18.2224688800,17.9545819600,18.1793606400,7723585,454162816.0000,1.504717,0.271739
2016-11-21,18.1023816400,18.2163105600,17.9853735600,18.0438776000,5785904,339812624.0000,1.127038,-0.745262
2016-11-22,18.1054608000,18.3764268800,18.0500359200,18.3764268800,7996076,472196976.0000,1.557405,1.843006
2016-11-23,18.3764268800,18.4688016800,18.1516482000,18.1670440000,8809929,523263520.0000,1.715843,-1.139411
2016-11-24,18.1608856800,18.2748146000,18.0900650000,18.1424107200,6753545,398753872.0000,1.315329,-0.135596
2016-11-25,18.1054608000,18.4657225200,18.0993024800,18.3949018400,9856066,586328288.0000,1.919537,1.391724
2016-11-28,18.4657225200,18.6012055600,18.2871312400,18.4564850400,8183570,490842640.0000,1.593783,0.334779
2016-11-29,18.4164559600,18.6689470800,18.3795060400,18.6135222000,11045671,666362352.0000,2.151129,0.850854
2016-11-30,18.6473929600,19.0230504800,18.5365432000,18.6751054000,14485010,885703056.0000,2.820911,0.330853
2016-12-01,18.6381554800,18.6443138000,18.3517936000,18.4041393200,9340749,559156528.0000,1.819037,-1.450950
2016-12-02,18.4010601600,18.4626433600,17.8437322000,17.8437322000,10025254,589066064.0000,1.952289,-3.045005
2016-12-05,17.8098614400,18.0715900400,17.7267241200,17.8899196000,5949855,345386800.0000,1.158619,0.258840
2016-12-06,17.9761360800,18.0223234800,17.7359616000,17.8652863200,5129966,297940400.0000,0.998890,-0.137690
2016-12-07,17.8837612800,17.9515028000,17.7544365600,17.8991570800,4027408,233470984.0000,0.784204,0.189591
2016-12-08,17.9515028000,17.9946110400,17.6928533600,17.6928533600,5539607,319955984.0000,1.078654,-1.152592
2016-12-09,17.6559034400,17.6559034400,16.9353800000,16.9353800000,17123670,954964768.0000,3.334264,-4.281238
2016-12-12,16.8737968000,16.8737968000,16.3503396000,16.5350892000,15988864,859546368.0000,3.113299,-2.363635
2016-12-13,16.7506304000,17.0246756400,16.5628016400,16.7229179600,11094137,604748976.0000,2.160214,1.135942
2016-12-14,16.6520972800,16.7721845200,16.3564979200,16.3934478400,7023815,376665920.0000,1.367410,-1.970171
2016-12-15,16.3965270000,16.7198388000,16.3595770800,16.4950601200,7677537,411923120.0000,1.494501,0.619831
2016-12-16,16.4796643200,16.8676384800,16.4365560800,16.7814220000,8939069,485856752.0000,1.739761,1.736047
2016-12-19,16.7352346000,16.8984300800,16.5350892000,16.7383137600,6376938,346000784.0000,1.241042,-0.256880
2016-12-20,16.6459389600,16.9661716000,16.6459389600,16.8553218400,6069339,332461728.0000,1.181174,0.699045
2016-12-21,16.9353800000,16.9815674000,16.7875803200,16.9138258800,4448092,243675745.0000,0.865560,0.347093
2016-12-22,16.8768759600,16.9292216800,16.7290762800,16.7567887200,3875486,211527583.0000,0.753879,-0.928458
2016-12-23,16.7383137600,16.7998969600,16.4765851600,16.4765851600,5117001,275530736.0000,0.995301,-1.672179
2016-12-26,16.3657354000,16.3657354000,15.7037160000,16.3503396000,8464346,441158080.0000,1.646377,-0.766212
2016-12-27,16.2887564000,16.4119228000,16.2579648000,16.2672022800,3521459,186722918.0000,0.684942,-0.508468
2016-12-28,16.3195480000,16.3934478400,16.1686691600,16.2240940400,3583144,189402576.0000,0.696824,-0.265007
2016-12-29,16.2302523600,16.5566433200,16.1347984000,16.5135350800,5590487,298431376.0000,1.086864,1.784024
2016-12-30,16.5658808000,16.5658808000,16.4273186000,16.5073767600,3856501,206664550.0000,0.749754,-0.037293
2017-01-03,16.5966724000,16.6890472000,16.5350892000,16.6274640000,3530231,190419793.0000,0.677205,0.727475
2017-01-04,16.5812766000,17.2340585200,16.5628016400,17.2340585200,10221262,565398208.0000,1.960746,3.648150
2017-01-05,17.2432960000,17.2956417200,16.9815674000,17.0585464000,5009684,278410128.0000,0.961008,-1.018402
2017-01-06,17.1355254000,17.1355254000,16.7506304000,16.8491635200,4375896,240055360.0000,0.839429,-1.227437
2017-01-09,16.8984300800,16.9199842000,16.6736514000,16.7106013200,4892588,266418914.0000,0.938546,-0.822370
2017-01-10,16.7383137600,16.8399260400,16.5381683600,16.6151473600,4894020,265109093.0000,0.938821,-0.571221
2017-01-11,16.5935932400,16.6798097200,16.2856772400,16.3010730400,5208901,278260960.0000,0.999224,-1.890290
2017-01-12,16.3164688400,16.5196934000,16.2641231200,16.3195480000,5633772,299415456.0000,1.080727,0.113338
2017-01-13,16.3965270000,16.3965270000,16.0147111600,16.0578194000,5196519,273437488.0000,0.996849,-1.603771
2017-01-16,15.3958000000,15.4881748000,14.4535770400,14.4535770400,26940053,1285245856.0000,5.167914,-9.990417
2017-01-17,14.4073896400,14.8600261600,14.0409696000,14.5890600800,14450391,678279952.0000,2.772021,0.937372
2017-01-18,14.4720520000,14.5582684800,14.2565108000,14.3026982000,7837177,367318288.0000,1.503407,-1.962854
2017-01-19,14.2257192000,14.4073896400,14.0409696000,14.2195608800,6639447,306363712.0000,1.273646,-0.581271
2017-01-20,14.1210277600,14.7183848000,14.1210277600,14.5675059600,11144161,525754688.0000,2.137786,2.446949
2017-01-23,14.5490310000,14.9092927200,14.5367143600,14.7060681600,7600207,363881376.0000,1.457949,0.951167
2017-01-24,14.6814348800,14.6814348800,14.4504978800,14.4689728400,4901737,231436018.0000,0.940301,-1.612221
2017-01-25,14.4443395600,14.7183848000,14.4012313200,14.6752765600,5102439,241876164.0000,0.978802,1.425831
2017-01-26,14.6752765600,15.0447757600,14.6321683200,14.9431634800,7327335,354840464.0000,1.405604,1.825428
2017-02-03,14.9524009600,15.0263008000,14.7183848000,14.7522555600,3613768,173533976.0000,0.693230,-1.277558
2017-02-06,14.7522555600,15.2418420000,14.7091473200,15.1648630000,7311250,357059200.0000,1.402518,2.796911
2017-02-07,15.0263008000,15.2541586400,14.9924300400,15.0786465200,5957291,292489712.0000,1.142788,-0.568525
2017-02-08,15.1094381200,15.1094381200,14.8969760800,15.0601715600,4588399,223543862.0000,0.880193,-0.122527
2017-02-09,15.0570924000,15.1279130800,14.9677967600,15.0878840000,6198076,302958512.0000,1.188978,0.184012
2017-02-10,15.0878840000,15.0878840000,15.0878840000,15.0878840000,0,0.0000,,0.000000
2017-02-13,15.0878840000,15.0878840000,15.0878840000,15.0878840000,0,0.0000,,0.000000
2017-02-14,15.0878840000,15.0878840000,15.0878840000,15.0878840000,0,0.0000,,0.000000
2017-02-15,15.0878840000,15.0878840000,15.0878840000,15.0878840000,0,0.0000,,0.000000
2017-02-16,15.0878840000,15.0878840000,15.0878840000,15.0878840000,0,0.0000,,0.000000
2017-02-17,15.0878840000,15.0878840000,15.0878840000,15.0878840000,0,0.0000,,0.000000
2017-02-20,15.0878840000,15.0878840000,15.0878840000,15.0878840000,0,0.0000,,0.000000
2017-02-21,15.0878840000,15.0878840000,15.0878840000,15.0878840000,0,0.0000,,0.000000
2017-02-22,15.0878840000,15.0878840000,15.0878840000,15.0878840000,0,0.0000,,0.000000
2017-02-23,15.0878840000,15.0878840000,15.0878840000,15.0878840000,0,0.0000,,0.000000
2017-02-24,15.0878840000,15.0878840000,15.0878840000,15.0878840000,0,0.0000,,0.000000
2017-02-27,15.0878840000,15.0878840000,15.0878840000,15.0878840000,0,0.0000,,0.000000
2017-02-28,15.0878840000,15.0878840000,15.0878840000,15.0878840000,0,0.0000,,0.000000
2017-03-01,15.0878840000,15.0878840000,15.0878840000,15.0878840000,0,0.0000,,0.000000
2017-03-02,15.0878840000,15.0878840000,15.0878840000,15.0878840000,0,0.0000,,0.000000
2017-03-03,15.0878840000,15.0878840000,15.0878840000,15.0878840000,0,0.0000,,0.000000
2017-03-06,15.4758581600,16.0085528400,15.3958000000,15.5620746400,19238453,980071840.0000,3.690515,3.142859
2017-03-07,15.6267370000,16.9015092400,15.5682329600,16.7075221600,26389468,1396220304.0000,5.062296,7.360502
2017-03-08,16.5966724000,16.6736514000,16.2579648000,16.3318646400,13950004,743115968.0000,2.676031,-2.248429
2017-03-09,16.3195480000,16.3195480000,16.0424236000,16.1132442800,9981628,522771776.0000,1.914777,-1.338611
2017-03-10,16.1409567200,16.2764397600,16.0085528400,16.1748274800,8670186,454079264.0000,1.663203,0.382184
2017-03-13,16.2271732000,16.6890472000,16.0177903200,16.5042976000,12955472,689855056.0000,2.485250,2.036931
2017-03-14,15.3650084000,15.6883202000,14.8538678400,14.8692636400,98008552,4796446720.0000,18.800995,-9.906713
2017-03-15,14.3180940000,14.4535770400,13.6560746000,14.2287983600,83013079,3798872896.0000,15.924411,-4.307313
2017-03-16,13.9178032000,14.1241069200,13.8285075600,14.0224946400,46897944,2130008096.0000,8.996440,-1.449899
2017-03-17,14.0563654000,14.1579776800,13.9824655600,14.0317321200,34755191,1588649248.0000,6.667093,0.065873
2017-03-20,14.0101780000,14.0101780000,13.7114994800,13.8069534400,27522281,1234815472.0000,5.279603,-1.601930
2017-03-21,13.7638452000,13.8716158000,13.6653120800,13.7053411600,24838124,1108779264.0000,4.753941,-0.735954
2017-03-22,13.6776287200,13.6776287200,13.1695673200,13.1849631200,47797343,2069488576.0000,9.142473,-3.796897
2017-03-23,13.2034380800,13.2958128800,12.9725010800,13.1172216000,27893503,1191402848.0000,5.333658,-0.513782
2017-03-24,13.0956674800,13.3666335600,13.0956674800,13.2434671600,25961888,1117711744.0000,4.962974,0.962441
2017-03-27,13.2403880000,13.2403880000,13.0217676400,13.0371634400,21053439,894899248.0000,4.024656,-1.557773
2017-03-28,13.0156093200,13.1695673200,13.0094510000,13.1264590800,14065048,599074464.0000,2.688729,0.684934
2017-03-29,13.2065172400,13.3266044800,13.0556384000,13.1757256400,22080933,947511584.0000,4.221076,0.375322
2017-03-30,13.1141424400,13.1141424400,12.3813023600,12.3874606800,39455510,1616395792.0000,7.542467,-5.982709
2017-03-31,12.3782232000,12.5229437200,12.3166400000,12.4705980000,17637813,712187776.0000,3.371712,0.671142
2017-04-05,12.4244106000,12.7230891200,12.3289566400,12.6738225600,18559099,759375040.0000,3.547829,1.629629
2017-04-06,12.7323266000,12.8031472800,12.6399518000,12.6830600400,14000518,577171520.0000,2.676393,0.072883
2017-04-07,12.6245560000,12.6830600400,12.5013896000,12.5167854000,13994876,570390416.0000,2.675314,-1.310991
2017-04-10,12.3320358000,12.4059356400,11.8855576000,11.9225075200,30266027,1188325504.0000,5.785770,-4.747848
2017-04-11,11.8578451600,12.1134154400,11.8547660000,12.1010988000,16831024,655359248.0000,3.217483,1.497929
2017-04-12,12.1010988000,12.1472862000,11.9563782800,11.9625366000,11013252,430131984.0000,2.105336,-1.145040
2017-04-13,11.9317450000,12.0918613200,11.9040325600,11.9317450000,10099135,393194032.0000,1.930589,-0.257396
2017-04-14,11.9409824800,11.9964073600,11.7716286800,11.7870244800,11846097,456837376.0000,2.264545,-1.212906
2017-04-17,11.7162038000,11.7192829600,11.3251504800,11.3621004000,17903405,665976480.0000,3.422484,-3.605009
2017-04-18,11.3928920000,11.4945042800,11.2882005600,11.3128338400,11910517,441722176.0000,2.248810,-0.433604
2017-04-19,11.3959711600,12.2211860400,11.3928920000,12.1010988000,38348209,1488033184.0000,7.240477,6.967875
2017-04-20,12.0949404800,12.0949404800,11.7315996000,11.9717740800,21340938,826236720.0000,4.029356,-1.068698
2017-04-21,11.9225075200,12.2796900800,11.9225075200,12.0302781200,22888207,900605584.0000,4.321494,0.488680
2017-04-24,12.0641488800,12.0949404800,11.4945042800,11.8239744000,15706419,602639584.0000,2.965509,-1.714866
2017-04-25,11.8239812600,11.8982291800,11.2764028500,11.3970557200,46250771,573839904.0000,2.915246,-3.610675
2017-04-26,11.3506507700,11.5548325500,11.3413697800,11.3506507700,34044150,419098528.0000,2.145847,-0.407168
2017-04-27,11.3599317600,12.4829315500,11.3599317600,12.4829315500,140966545,1854463248.0000,8.885305,9.975472
2017-04-28,12.3994026400,12.5571794700,12.2045018500,12.3529976900,98959450,1316308048.0000,6.237543,-1.040888
2017-05-02,12.3437167000,12.4643695700,12.0003200700,12.1488159100,73071790,959435936.0000,4.605810,-1.652894
2017-05-03,12.2045018500,12.6035844200,12.1116919500,12.4365266000,97615431,1297357520.0000,6.152828,2.368216
2017-05-04,12.2601877900,12.4086836300,12.0838489800,12.2416258100,62285459,822252160.0000,3.925933,-1.567164
2017-05-05,12.1580969000,12.4365266000,12.0838489800,12.1395349200,60879403,805556032.0000,3.837308,-0.833963
2017-05-08,11.9910390800,12.0652870000,11.4156177000,11.4248986900,65320032,828606816.0000,4.117207,-5.886847
2017-05-09,11.3877747300,12.0188820500,11.3599317600,11.7590143300,62476049,789602224.0000,3.937947,2.924449
2017-05-10,11.7868573000,11.9260721500,11.4434606700,11.5084276000,53945249,679513360.0000,3.400239,-2.131022
2017-05-11,11.4156177000,11.6290804700,11.0536590900,11.5269895800,54834534,674571232.0000,3.456292,0.161294
2017-05-12,11.4991466100,11.5455515600,11.1557499800,11.3135268100,48307281,589163056.0000,3.044871,-1.851856
2017-05-15,11.4156177000,11.6383614600,11.2021549300,11.2392788900,40420839,496181824.0000,2.547778,-0.656275
2017-05-16,11.1000640400,11.2021549300,10.5246426600,11.1928739400,88550536,1036330896.0000,5.581455,-0.412876
2017-05-17,11.0815020600,11.5733945300,11.0350971100,11.3135268100,70726150,865724304.0000,4.457961,1.077937
2017-05-18,11.1371880000,11.3599317600,11.1000640400,11.2764028500,41520356,502771296.0000,2.617082,-0.328138
2017-05-19,11.2949648300,11.3877747300,11.0165351300,11.0815020600,35289495,424903952.0000,2.224343,-1.728395
2017-05-22,10.9979731500,11.0722210700,10.5432046400,10.6081715700,45500599,530169264.0000,2.867962,-4.271351
2017-05-23,10.5896095900,10.7009814700,10.1162791000,10.1162791000,49218964,550374256.0000,3.102335,-4.636926
2017-05-24,10.0605931600,10.3390228600,10.0049072200,10.3018989000,36826896,405255248.0000,2.321247,1.834869
2017-05-25,10.2369319700,10.5988905800,10.0605931600,10.4318327600,47085650,524264064.0000,2.967870,1.261256
2017-05-26,10.4039897900,10.4875187000,10.3390228600,10.3575848400,28251287,316621936.0000,1.780715,-0.711743
2017-05-31,10.5710476100,10.6360145400,10.3854278100,10.4039897900,32108994,362439344.0000,2.023872,0.448030
2017-06-01,10.3297418700,10.3761468200,9.9399402900,9.9492212800,36281416,396823920.0000,2.286865,-4.371095
2017-06-02,9.9770642500,10.5524856300,9.9399402900,10.4132707800,50856871,563671856.0000,3.205575,4.664179
2017-06-05,10.4411137500,10.5988905800,10.3668658300,10.4132707800,41012082,462998976.0000,2.585045,0.000000
2017-06-06,10.4039897900,10.5617666200,10.3947088000,10.5432046400,32512287,367579984.0000,2.049292,1.247766
2017-06-07,10.5339236500,10.8866012700,10.4596757300,10.7752293900,55577577,640398736.0000,3.503127,2.200704
2017-06-08,10.7195434500,10.7937913700,10.5803286000,10.6174525600,41561326,478056352.0000,2.619664,-1.464256
2017-06-09,10.6081715700,10.6638575100,10.4782377100,10.6174525600,32646765,371766544.0000,2.056536,0.000000
2017-06-12,10.5060806800,10.5617666200,10.3575848400,10.3668658300,29194448,328880160.0000,1.838681,-2.360136
2017-06-13,10.3575848400,10.6917004800,10.3575848400,10.5988905800,34247109,389837504.0000,2.156570,2.238138
2017-06-14,10.5803286000,10.8030723600,10.4503947400,10.6917004800,46565493,534756368.0000,2.931991,0.875660
2017-06-15,10.6545765200,11.7590143300,10.6081715700,11.6662044300,208432935,2591589632.0000,13.123203,9.114576
2017-06-16,11.5084276000,11.6197994800,11.2949648300,11.3135268100,120339271,1482068288.0000,7.576286,-3.023072
2017-06-19,11.3042458200,11.4527416600,11.2671218600,11.3413697800,50168852,612972560.0000,3.158419,0.246109
2017-06-20,11.4156177000,11.4991466100,11.2764028500,11.3042458200,57878504,710233952.0000,3.643418,-0.327332
2017-06-21,11.3692127500,11.3692127500,10.9886921600,11.2021549300,55200294,664544560.0000,3.474601,-0.903125
2017-06-22,11.1371880000,11.3135268100,10.9701301800,10.9794111700,46095635,553987888.0000,2.901459,-1.988399
2017-06-23,10.9515682000,11.0536590900,10.5896095900,10.8866012700,52548041,612911424.0000,3.307133,-0.845312
2017-06-26,10.8216343400,11.2114359200,10.8030723600,11.1650309700,55801368,665623952.0000,3.511659,2.557546
2017-06-27,11.1743119600,11.3877747300,11.1093450300,11.1464689900,46510947,563208144.0000,2.926077,-0.166247
2017-06-28,11.1093450300,11.1186260200,10.9237252300,11.0165351300,34223882,405439120.0000,2.152766,-1.165698
2017-06-29,11.0258161200,11.2856838400,11.0072541400,11.1835929500,44879094,539759616.0000,2.823005,1.516430
2017-06-30,11.1371880000,11.3228078000,11.0629400800,11.2021549300,46582649,564296832.0000,2.930163,0.165971
2017-07-03,11.1835929500,11.4898656200,11.1650309700,11.4341796800,59377128,728175776.0000,3.734967,2.071251
2017-07-04,11.4898656200,11.5269895800,11.2392788900,11.2764028500,43723215,534041120.0000,2.750298,-1.379871
2017-07-05,11.2856838400,11.3506507700,11.2207169100,11.3320887900,35432319,430911536.0000,2.228780,0.493831
2017-07-06,11.2949648300,11.3413697800,10.9051632500,11.1000640400,60103605,719995744.0000,3.780665,-2.047502
2017-07-07,11.0443781000,11.0722210700,10.9051632500,10.9515682000,42740984,505706320.0000,2.688513,-1.337791
2017-07-10,10.8866012700,10.9608491900,10.7659484000,10.7752293900,37334256,436634768.0000,2.348417,-1.610174
2017-07-11,10.7566674100,10.8866012700,10.6545765200,10.7195434500,34902192,405093232.0000,2.195434,-0.516791
2017-07-12,10.6638575100,10.8680392900,10.6267335500,10.8494773100,30657669,354816400.0000,1.928443,1.212116
2017-07-13,10.8587583000,10.8958822600,10.7195434500,10.7195434500,27597042,321400432.0000,1.735922,-1.197600
2017-07-14,10.2090890000,10.2090890000,9.6522296000,9.6800725700,115968284,1239740512.0000,7.294690,-9.696969
2017-07-17,9.6522296000,9.6522296000,8.8355024800,8.9097504000,72435446,712942656.0000,4.556368,-7.957813
2017-07-18,8.8726264400,9.2624280200,8.8726264400,9.1324941600,42350145,413978432.0000,2.663928,2.499997
2017-07-19,9.1046511900,9.1232131700,8.9190313900,9.0675272300,37842380,368147568.0000,2.380379,-0.711379
2017-07-20,9.0489652500,9.2531470300,9.0118412900,9.0304032700,38034290,374763520.0000,2.392450,-0.409426
2017-07-21,9.0860892100,9.1881801000,9.0489652500,9.0768082200,25080218,246100875.0000,1.577607,0.513877
2017-07-24,9.0860892100,9.1139321800,8.9097504000,9.0768082200,27678515,269168160.0000,1.741047,0.000000
2017-07-25,9.0768082200,9.1881801000,9.0489652500,9.1324941600,25852784,253906467.0000,1.626204,0.613501
2017-07-26,9.1788991100,9.2253040600,9.0489652500,9.1046511900,25864815,254487609.0000,1.626960,-0.304875
2017-07-27,9.0860892100,9.8285684100,9.0582462400,9.6707915800,98706364,1015573088.0000,6.208873,6.218141
2017-07-28,9.6058246500,9.6893535600,9.4758907900,9.4758907900,45482417,468082368.0000,2.860956,-2.015355
2017-07-31,9.4480478200,9.6058246500,9.3923618800,9.5037337600,35588205,364097360.0000,2.238586,0.293827
2017-08-01,9.5130147500,9.9120973200,9.4387668300,9.7450395000,60156652,626887392.0000,3.784001,2.539065
2017-08-02,9.6986345500,9.7450395000,9.5408577200,9.5779816800,43667222,452461424.0000,2.746776,-1.714289
2017-08-03,9.5779816800,9.9956262300,9.5315767300,9.7264775200,60591541,639964224.0000,3.811357,1.550386
2017-08-04,9.7171965300,9.7728824700,9.6151056400,9.6243866300,34112173,355414064.0000,2.145740,-1.049615
2017-08-07,9.6800725700,9.9028163300,9.6151056400,9.6707915800,33898181,355471744.0000,2.132279,0.482162
2017-08-08,9.6707915800,9.8285684100,9.5687006900,9.7821634600,41364198,433481808.0000,2.601910,1.151630
2017-08-09,9.7450395000,9.9028163300,9.6986345500,9.7171965300,36913576,389053952.0000,2.321955,-0.664134
2017-08-10,9.6707915800,9.7636014800,9.3923618800,9.4202048500,54631075,561727840.0000,3.436429,-3.056358
2017-08-11,9.3273949500,9.5594197000,9.2253040600,9.2717090100,38641608,390710592.0000,2.430652,-1.576353
2017-08-14,9.3181139600,9.6151056400,9.3181139600,9.6058246500,47707426,488797296.0000,3.000914,3.603610
2017-08-15,9.6522296000,9.7636014800,9.5687006900,9.6986345500,39396975,410171872.0000,2.478167,0.966178
2017-08-16,9.6893535600,10.6360145400,9.6151056400,10.3575848400,153639724,1684594784.0000,9.664317,6.794259
2017-08-17,10.3575848400,10.3575848400,10.3575848400,10.3575848400,0,0.0000,,0.000000
2017-08-18,10.3575848400,10.3575848400,10.3575848400,10.3575848400,0,0.0000,,0.000000
2017-08-21,10.9422872100,11.2671218600,10.6824194900,11.0629400800,190470320,2258468208.0000,11.981052,6.810038
2017-08-22,10.9144442400,10.9794111700,10.5524856300,10.5896095900,104159655,1200232704.0000,6.551899,-4.278525
2017-08-23,10.5710476100,10.7473864200,10.3761468200,10.4318327600,70515312,802121696.0000,4.435587,-1.489922
2017-08-24,10.4225517700,10.5246426600,10.1255600900,10.1905270200,64160758,715830928.0000,4.035870,-2.313169
2017-08-25,10.1905270200,10.4689567200,10.1441220700,10.4225517700,50236463,561101312.0000,3.159997,2.276867
2017-08-28,10.4596757300,10.8309153300,10.3483038500,10.6452955300,80889045,925828304.0000,5.088120,2.137139
2017-08-29,10.5803286000,10.7195434500,10.4596757300,10.5153616700,44221126,503134912.0000,2.781618,-1.220578
2017-08-30,10.5060806800,10.6917004800,10.4689567200,10.5246426600,40203406,458517952.0000,2.528893,0.088263
2017-08-31,10.5339236500,10.6081715700,10.3668658300,10.4503947400,36188875,408581264.0000,2.276369,-0.705467
2017-09-01,10.4967996900,10.7102624600,10.3761468200,10.6452955300,55395542,629061104.0000,3.484516,1.865009
2017-09-04,10.6267335500,10.9144442400,10.5246426600,10.8866012700,75870152,881558000.0000,4.772419,2.266777
2017-09-05,10.8958822600,10.9794111700,10.7009814700,10.7566674100,49250741,573611088.0000,3.097993,-1.193516
2017-09-06,10.8680392900,11.7404523500,10.8680392900,11.4805846300,173094552,2097768896.0000,10.888073,6.729938
2017-09-07,11.3506507700,12.3344357100,11.3228078000,11.8332622500,222100911,2865138736.0000,13.970694,3.071949
2017-09-08,11.8796672000,12.0281630400,11.6105184900,12.0281630400,125052784,1591948160.0000,7.866128,1.647059
2017-09-11,11.8796672000,12.0188820500,11.7126093800,11.8889481900,81561756,1042044832.0000,5.130435,-1.157404
2017-09-12,11.8796672000,12.3065927400,11.6290804700,11.6476424500,111050919,1433157129.7800,6.985376,-2.029666
2017-09-13,11.6012375000,11.6754854200,11.3692127500,11.5548325500,63836865,790752241.7800,4.015496,-0.796816
2017-09-14,11.5362705700,11.9260721500,11.4341796800,11.6940474000,70743770,892494136.0800,4.449957,1.204824
2017-09-15,11.6105184900,11.6383614600,11.1650309700,11.1928739400,76402040,931654590.5500,4.805876,-4.285714
2017-09-18,11.1835929500,11.3042458200,11.0722210700,11.2764028500,44254903,535090206.2000,2.783742,0.746262
2017-09-19,11.2949648300,11.3135268100,10.9144442400,10.9515682000,56204874,671838109.5700,3.535425,-2.880654
2017-09-20,10.9051632500,11.3042458200,10.8866012700,11.3042458200,55998206,673075739.7000,3.522425,3.220340
2017-09-21,11.3042458200,11.4156177000,11.0907830500,11.1000640400,41598712,504534074.3900,2.616661,-1.806242
2017-09-22,11.0443781000,11.2949648300,10.8773202800,11.2021549300,39085290,466296951.8900,2.458561,0.919730
2017-09-25,11.1371880000,11.2207169100,10.9051632500,10.9330062200,30254757,360806330.9100,1.903099,-2.402651
2017-09-26,10.8866012700,11.0165351300,10.7102624600,10.8309153300,30192785,352125339.8900,1.899200,-0.933783
2017-09-27,10.8773202800,11.2578408700,10.8587583000,11.1835929500,43275951,516653822.0200,2.722164,3.256213
2017-09-28,11.1928739400,11.4434606700,11.0907830500,11.2207169100,58334803,709874176.7400,3.666054,0.331950
2017-09-29,11.2392788900,11.4063367100,11.1279070100,11.2021549300,36640102,444466283.8800,2.302649,-0.165430
2017-10-09,11.3506507700,11.8796672000,11.2578408700,11.8332622500,95350674,1190836609.3400,5.992318,5.633805
2017-10-10,11.7682953200,11.9167911600,11.6012375000,11.8796672000,82392880,1045712696.3500,5.177985,0.392158
2017-10-11,11.8425432400,11.9539151200,11.5548325500,11.6197994800,65478831,826407192.8500,4.115021,-2.187498
2017-10-12,11.6290804700,11.7311713600,11.3506507700,11.4898656200,43124031,534848306.0900,2.710132,-1.118214
2017-10-13,11.4620226500,11.5641135400,11.3784937400,11.4898656200,30530958,377330058.9100,1.918720,0.000000
2017-10-16,11.1279070100,11.1279070100,10.3390228600,10.3390228600,138934242,1574623829.2300,8.731330,-10.016150
2017-10-17,10.2276509800,10.3204608800,10.0513121700,10.1255600900,53599855,588023243.7900,3.368486,-2.064636
2017-10-18,10.1441220700,10.2647749400,9.9770642500,10.0049072200,34139884,372809356.0900,2.145523,-1.191568
2017-10-19,10.0049072200,10.1069981100,9.8471303900,9.9770642500,29482084,316425443.3000,1.852803,-0.278291
2017-10-20,9.9863452400,10.1441220700,9.9863452400,10.0977171200,19871886,215805240.6400,1.248850,1.209303
2017-10-23,10.1162791000,10.1348410800,10.0420311800,10.0884361300,19416020,210866082.5400,1.220201,-0.091914
2017-10-24,10.0977171200,10.2462129600,9.9677832600,10.2183699900,33575043,366991080.0600,2.110025,1.287952
2017-10-25,10.1905270200,10.2647749400,10.1162791000,10.1905270200,17177968,188425945.3800,1.079550,-0.272486
2017-10-26,10.1905270200,10.2090890000,10.0327501900,10.0791551400,26103775,283715533.8100,1.640493,-1.092895
2017-10-27,10.0791551400,10.2369319700,10.0513121700,10.0698741500,27056545,295899445.9500,1.700370,-0.092074
2017-10-30,10.0698741500,10.2554939500,9.5037337600,9.5779816800,45444441,479451929.2900,2.855958,-4.884799
2017-10-31,9.5872626700,9.6615105900,9.3923618800,9.5779816800,26911825,276854267.3500,1.691275,0.000000
2017-11-01,9.1603371300,9.4109238600,9.0118412900,9.3088329700,50978410,508375897.5000,3.203741,-2.810077
2017-11-02,9.2809900000,9.2809900000,9.0304032700,9.0489652500,35276754,347275054.3900,2.216969,-2.791622
2017-11-03,9.0768082200,9.1696181200,8.6498826800,8.7334115900,47428279,453329585.9600,2.980633,-3.487181
2017-11-06,8.3436100100,8.3436100100,7.8702795200,8.0187753600,99923844,870273029.3100,6.279719,-8.182779
2017-11-07,8.0280563500,8.1672712000,7.9816514000,8.1672712000,46981510,409161145.1400,2.952382,1.851850
2017-11-08,8.1579902100,8.3900149600,8.0651803100,8.2972050600,52529373,468872202.7000,3.301017,1.590902
2017-11-09,8.2322381300,8.2786430800,8.0930232800,8.2600811000,35492357,313589771.1700,2.230388,-0.447427
2017-11-10,8.2322381300,8.3343290200,8.1301472400,8.1487092200,36832759,326349438.9900,2.314620,-1.348313
2017-11-13,8.1487092200,8.2322381300,8.0558993200,8.1301472400,35952993,315352133.9500,2.259335,-0.227785
2017-11-14,8.1579902100,8.5013868400,8.0930232800,8.3900149600,73602982,660548413.3800,4.625311,3.196344
2017-11-15,8.3621719900,8.6220397100,8.3528910000,8.5013868400,58633760,536410596.9100,3.684625,1.327432
2017-11-16,8.4828248600,8.7612545600,8.3528910000,8.7241306000,62908622,581325505.6400,3.953263,2.620085
2017-11-17,8.7241306000,8.8076595100,8.4921058500,8.6870066400,57434726,533898320.1600,3.609253,-0.425532
2017-11-20,8.6684446600,8.6777256500,8.3528910000,8.6406016900,31006461,285319133.2900,1.948474,-0.534180
2017-11-21,8.7148496100,9.1139321800,8.6777256500,8.9283123800,60151512,578942011.6500,3.779975,3.329747
2017-11-22,8.8726264400,9.1046511900,8.6220397100,8.6684446600,47114579,448813629.5300,2.960722,-2.910600
2017-11-23,8.6034777300,8.6220397100,8.3714529800,8.3900149600,45526636,416024285.5900,2.860911,-3.211993
2017-11-24,8.4085769400,8.5570727800,8.3900149600,8.4364199100,25014161,228151502.2300,1.571899,0.553099
2017-11-27,8.4735438700,9.0211222800,8.4271389200,8.7890975300,59129902,559775698.0600,3.715746,4.180419
2017-11-28,8.6498826800,8.9839983200,8.6498826800,8.9654363400,40474332,385420850.1700,2.543423,2.006331
2017-11-29,8.8911884200,8.9375933700,8.7055686200,8.8169405000,32090200,304169135.2700,2.016560,-1.656313
2017-11-30,8.8355024800,8.8355024800,8.4642628800,8.5663537700,42845344,397564701.8800,2.692365,-2.842110
2017-12-01,8.5849157500,9.4202048500,8.5013868400,9.3088329700,99553395,963590634.4300,6.255781,8.667392
2017-12-04,9.1788991100,9.2067420800,8.9561553500,8.9747173300,66559440,650025067.8100,4.182492,-3.589229
2017-12-05,8.9654363400,9.1324941600,8.8355024800,9.0025603000,46301819,447830912.0000,2.909534,0.310235
2017-12-06,9.0118412900,9.3552379200,8.9468743600,9.3552379200,83128913,825762919.8400,5.223692,3.917527
2017-12-07,9.2624280200,9.6058246500,9.1881801000,9.4294858400,76360925,775451968.2400,4.798402,0.793650
2017-12-08,9.3552379200,9.6707915800,9.3088329700,9.3273949500,69145281,706521544.8800,4.344982,-1.082674
2017-12-11,9.3737999000,9.5408577200,9.1603371300,9.4294858400,55267768,558543540.5300,3.472941,1.094524
2017-12-12,9.3923618800,9.4944527700,9.2531470300,9.2624280200,38229287,385332927.0100,2.402269,-1.771657
2017-12-13,9.2995519800,9.3273949500,9.1881801000,9.3273949500,29737962,296409257.2200,1.868687,0.701409
2017-12-14,9.3366759400,9.3366759400,9.0304032700,9.1046511900,42318133,417459973.9200,2.659206,-2.388057
2017-12-15,9.1046511900,9.4202048500,9.0675272300,9.2345850500,50381931,504493509.1200,3.165902,1.427109
2017-12-18,9.2253040600,9.2531470300,8.8819074300,8.9932793100,37540690,366274153.1600,2.358886,-2.613068
2017-12-19,8.9375933700,9.2160230700,8.9375933700,9.0768082200,24815443,243337128.5400,1.559289,0.928794
2017-12-20,9.1046511900,9.1603371300,8.8540644600,8.8633454500,29444955,283578134.5000,1.850179,-2.351734
2017-12-21,8.8262214900,8.9375933700,8.5849157500,8.7241306000,32138305,302704391.4200,2.019413,-1.570686
2017-12-22,8.6962876300,8.7798165400,8.4085769400,8.4178579300,44665485,411715448.8700,2.806551,-3.510638
2017-12-25,8.5570727800,8.8540644600,8.5013868400,8.8076595100,53962058,504494832.4200,3.390690,4.630651
2017-12-26,8.7705355500,8.8633454500,8.6684446600,8.8076595100,33508968,316498975.0400,2.105519,0.000000
2017-12-27,8.8633454500,9.5965436600,8.8633454500,9.3181139600,99152945,990523466.9300,6.230226,5.795577
2017-12-28,9.3645189100,9.5501387100,9.2809900000,9.4109238600,59199381,600906301.3300,3.719763,0.996020
2017-12-29,9.4294858400,10.1534030600,9.4109238600,9.8749733600,104587826,1112652765.8600,6.571695,4.930966
2018-01-02,9.8378494000,10.1441220700,9.6707915800,9.9585022700,73831862,788649492.9200,4.639166,0.845857
2018-01-03,9.8842543500,10.1441220700,9.8378494000,9.8842543500,66051195,708425650.5500,4.150245,-0.745572
2018-01-04,9.8564113800,10.2554939500,9.8564113800,10.0605931600,65528747,712117214.7200,4.117349,1.784043
2018-01-05,10.1162791000,10.2833369200,10.0605931600,10.1348410800,54472879,596332575.5400,3.422640,0.738007
2018-01-08,9.9863452400,10.5617666200,9.9213783100,10.5060806800,91599404,1019612364.1400,5.755267,3.663000
2018-01-09,10.3111798900,10.5432046400,10.1719650400,10.2183699900,77717731,868823588.6900,4.883070,-2.738511
2018-01-10,10.1905270200,10.4782377100,10.1812460300,10.3483038500,51066749,568698271.8400,3.208567,1.271566
2018-01-11,10.3668658300,10.5246426600,10.1162791000,10.2926179100,51262820,569652516.9200,3.220886,-0.538112
2018-01-12,10.2183699900,10.2833369200,9.9677832600,10.0884361300,40907992,446079023.6200,2.570283,-1.983771
2018-01-15,10.1255600900,10.7937913700,10.1255600900,10.5896095900,96235896,1094701724.2500,6.046582,4.967801
2018-01-16,10.5339236500,10.7752293900,10.4596757300,10.6917004800,55991811,640927947.1700,3.518012,0.964072
2018-01-17,10.6545765200,10.7102624600,10.1162791000,10.3483038500,64102133,717290103.5600,4.027591,-3.211813
2018-01-18,10.3483038500,11.2299979000,10.3483038500,11.1093450300,107404133,1273766134.1900,6.748292,7.354266
2018-01-19,11.0722210700,11.2114359200,10.8866012700,11.1928739400,79986595,955775560.1500,5.025625,0.751881
2018-01-22,11.2764028500,11.8796672000,11.0258161200,11.6940474000,108760880,1355854921.5300,6.833537,4.477612
2018-01-23,11.6012375000,11.8239812600,11.4620226500,11.7218903700,59174070,742650162.3600,3.717956,0.238093
2018-01-24,11.6940474000,12.8912951100,11.6383614600,12.7056753100,147746934,1967204213.0500,9.283064,8.392712
2018-01-25,12.5478984800,13.1326008500,12.3158737300,12.4829315500,127646976,1743194602.4400,8.019856,-1.753103
2018-01-26,12.4179646200,12.6685513500,12.2787497700,12.3715596700,41371169,553595083.8700,2.598967,-0.892193
2018-01-29,12.0652870000,13.6059313400,11.9353531400,12.1859398700,216858801,2939049761.5700,13.621522,-1.500374
2018-01-30,11.8889481900,12.1209729400,10.9701301800,11.1928739400,178676279,2213842731.3400,11.222535,-8.149275
2018-01-31,11.1279070100,11.1928739400,10.7845103800,10.9701301800,87627360,1039311741.0300,5.503144,-1.990056
2018-02-01,11.0443781000,11.4063367100,10.9608491900,11.0072541400,107116124,1291650746.3400,6.726919,0.338409
2018-02-02,10.7288244400,11.3413697800,10.5896095900,11.0629400800,81054379,965015474.9200,5.090061,0.505906
2018-02-05,10.7937913700,10.9886921600,10.3947088000,10.7659484000,66803276,768699272.0600,4.194998,-2.684561
2018-02-06,10.3018989000,10.6267335500,9.6893535600,9.6893535600,107814799,1167731435.2400,6.770182,-10.000010
2018-02-07,9.9492212800,9.9956262300,8.9654363400,9.4573288100,96680665,993594938.6000,6.071019,-2.394636
2018-02-08,9.3088329700,9.9770642500,9.3088329700,9.8100064300,74164090,778018657.7500,4.657095,3.729147
2018-02-09,9.4666098000,10.3483038500,9.4202048500,9.8749733600,95021534,1021034832.8300,5.966602,0.662258
2018-02-12,10.0327501900,10.5710476100,9.9120973200,10.4411137500,64809870,719027442.2500,4.035996,5.733079
2018-02-13,10.5617666200,10.5896095900,10.1998080100,10.3483038500,46510857,520434001.6800,2.896436,-0.888892
2018-02-14,10.3575848400,10.4225517700,10.2183699900,10.3297418700,21436072,238080434.0400,1.334806,-0.179368
2018-02-22,10.4503947400,10.6452955300,10.2926179100,10.4875187000,40633502,459154450.5700,2.530213,1.527404
2018-02-23,10.3761468200,10.4503947400,10.1534030600,10.2369319700,42056797,465137166.5200,2.618840,-2.389385
2018-02-26,10.3204608800,10.7473864200,10.2276509800,10.6081715700,62038293,704948820.0500,3.863071,3.626478
2018-02-27,10.6731385000,11.6569234400,10.6731385000,11.4156177000,135754081,1645751901.8000,8.453289,7.611547
2018-02-28,11.2949648300,11.6290804700,11.0536590900,11.4991466100,90329978,1109211181.0300,5.624769,0.731708
2018-03-01,11.4620226500,11.9075101700,11.3042458200,11.8147002700,104526648,1311034810.7500,6.508784,2.744142
2018-03-02,11.6012375000,12.1302539300,11.4991466100,11.5362705700,88526296,1121791359.7200,5.512455,-2.356632
2018-03-05,11.6754854200,11.8611052200,11.3042458200,11.8332622500,71876798,896457089.7400,4.475706,2.574414
2018-03-06,11.9724771000,11.9724771000,11.3970557200,11.5084276000,78246186,984947166.0100,4.872322,-2.745101
2018-03-07,11.4527416600,11.6662044300,11.2764028500,11.4898656200,61880321,766944516.5100,3.853234,-0.161286
2018-03-08,11.4248986900,11.7404523500,11.3320887900,11.5455515600,50400743,626708635.7600,3.138410,0.484648
2018-03-09,11.5919565100,12.6963943200,11.4898656200,12.6963943200,212769819,2840571261.6400,13.246084,9.967852
2018-03-12,12.6963943200,13.2439727300,12.5757414500,13.0861959000,186040611,2586395542.9100,11.581016,3.070176
2018-03-13,12.9933860000,13.0397909500,12.6499893700,12.7427992700,108877349,1507282162.7800,6.776349,-2.624120
2018-03-14,12.6963943200,12.8077662000,12.4736505600,12.5107745200,88807497,1206937522.8400,5.527231,-1.820830
2018-03-15,12.3065927400,13.0397909500,12.2137828400,13.0212289700,110396771,1487264875.3600,6.870911,4.080120
2018-03-16,12.8634521400,12.9748240200,12.3529976900,12.3808406600,91496106,1254052379.9900,5.694565,-4.918030
2018-03-19,12.5293365000,12.8820141200,12.3251547200,12.5571794700,78069681,1066222033.9100,4.858927,1.424285
2018-03-20,12.2973117500,12.7892042200,12.0838489800,12.7427992700,80556643,1077558831.6400,5.013711,1.478195
2018-03-21,12.7427992700,12.9469810500,12.2509068000,12.2694687800,96331335,1313665720.7200,5.995502,-3.714489
2018-03-22,12.2694687800,12.5293365000,12.0003200700,12.1580969000,70010060,926888839.2300,4.357310,-0.907715
2018-03-23,11.5641135400,11.9353531400,11.0072541400,11.1835929500,101382235,1256359365.5800,6.309862,-8.015268
2018-03-26,11.1279070100,11.9353531400,11.0536590900,11.9075101700,83532724,1043177759.0500,5.198938,6.473026
2018-03-27,12.0560060100,12.6685513500,11.9631961100,12.5850224400,108172194,1444891989.3600,6.732457,5.689794
2018-03-28,12.3251547200,12.8356091700,12.2880307600,12.5850224400,83286821,1134900585.7300,5.183633,0.000000
2018-03-29,12.6314273900,12.9005761000,12.3437167000,12.8727331300,74247417,1011778780.2200,4.621036,2.286132
2018-03-30,12.9933860000,14.1349477700,12.8077662000,13.8750800500,148221593,2131060941.1600,9.225065,7.786589
2018-04-02,13.7915511400,14.3762535100,13.5038404500,13.9214850000,136903313,2043887143.7600,8.520634,0.334449
2018-04-03,13.5966503500,14.2741626200,13.4110305500,13.7080222300,159403099,2377917843.9300,9.920984,-1.533330
2018-04-04,13.8193941100,13.8193941100,13.0305099600,13.0769149100,100723778,1451446334.7400,6.268880,-4.603929
2018-04-09,13.3275016400,13.6894602500,13.0769149100,13.3831875800,94733210,1368120456.4200,5.896037,2.342086
2018-04-10,13.4388735200,13.4945594600,12.8912951100,13.2810966900,78990844,1122184426.5600,4.916259,-0.762827
2018-04-11,13.3553446100,13.6337743100,13.0490719400,13.1047578800,91162539,1310342172.7200,5.673805,-1.327747
2018-04-12,12.9933860000,13.2532537200,12.9562620400,13.0490719400,58051892,821525186.8800,3.613053,-0.424925
2018-04-13,13.2718157000,13.3089396600,12.9748240200,13.0583529300,56311614,798284340.1800,3.504741,0.071119
2018-04-16,13.0397909500,13.8750800500,12.9841050100,13.8286751000,129052556,1880855721.3000,8.032016,5.899076
2018-04-17,13.7544271800,13.8843610400,12.9469810500,13.2996586700,101875975,1474599924.0500,6.340591,-3.825501
2018-04-18,13.3182206500,14.0328568800,12.9933860000,13.8565180700,118898669,1736082333.5300,7.400055,4.187023
2018-04-19,13.8008321300,14.0514188600,13.6430553000,13.7822701500,90055648,1343151757.0800,5.604914,-0.535833
2018-04-20,13.7265842100,13.9957329200,13.1326008500,13.1697248100,96438516,1400044672.1200,6.002173,-4.444450
2018-04-23,13.2068487700,13.3182206500,11.8889481900,12.2973117500,113667834,1530400761.3100,7.074497,-6.624381
2018-04-24,12.3065927400,12.8356091700,12.2045018500,12.7427992700,78348801,1059894970.3500,4.876299,3.622638
2018-04-25,12.6221464000,12.8541711500,12.3622786800,12.4736505600,67547914,914382648.3300,4.204070,-2.112163
2018-04-26,12.5293365000,12.7613612500,12.3437167000,12.3437167000,58261502,786552724.1700,3.626099,-1.041662
2018-04-27,12.4458075900,12.4922125400,11.6940474000,12.2045018500,67498191,879982868.4000,4.200975,-1.127824
2018-05-02,12.2694687800,12.5107745200,12.1488159100,12.2509068000,49732375,661319190.4100,3.095260,0.380230
2018-05-03,12.1580969000,12.4272456100,11.5455515600,12.3994026400,80202608,1032469178.3600,4.991677,1.212120
2018-05-04,12.2416258100,12.4458075900,12.0467250200,12.1024109600,51383992,678170210.0700,3.198026,-2.395207
2018-05-07,12.2230638300,12.6963943200,12.1859398700,12.5664604600,73569190,989007418.6600,4.578053,3.834356
2018-05-08,12.6128654100,12.7335182800,12.4458075900,12.7149563000,52351150,710761773.0500,3.257651,1.181683
2018-05-09,12.6963943200,12.8356091700,12.5293365000,12.6128654100,53070769,724897370.9200,3.302285,-0.802917
2018-05-10,12.6314273900,12.6963943200,12.2137828400,12.4458075900,51589611,693041597.2000,3.209982,-1.324506
2018-05-11,12.5107745200,12.7242372900,12.4086836300,12.4922125400,52574906,712353353.2900,3.271278,0.372858
2018-05-14,12.2973117500,12.3065927400,11.3692127500,11.4898656200,129191085,1639553398.8900,8.038340,-8.023774
2018-05-15,11.4156177000,11.5641135400,11.1928739400,11.5362705700,89109558,1091934750.5800,5.544433,0.403879
2018-05-16,11.4527416600,11.7404523500,11.2485598800,11.4248986900,61551490,759149885.2900,3.829543,-0.965405
2018-05-17,11.4156177000,11.5455515600,11.2578408700,11.2578408700,40460897,494381522.1000,2.517352,-1.462228
2018-05-18,11.2949648300,11.4434606700,11.2021549300,11.3599317600,45687431,557960586.7300,2.842084,0.906840
2018-05-21,11.4434606700,11.7218903700,11.3784937400,11.5641135400,65118849,811543618.8200,4.050856,1.797388
2018-05-22,11.5641135400,11.6476424500,11.4341796800,11.5733945300,42368347,526677108.3500,2.635613,0.080259
2018-05-23,11.5084276000,11.5362705700,10.9144442400,10.9422872100,83926872,1013963633.5100,5.220849,-5.453090
2018-05-24,10.8587583000,10.9886921600,10.3204608800,10.6081715700,108760597,1244971488.1100,6.765684,-3.053432
2018-05-25,10.6081715700,10.6731385000,10.4689567200,10.4689567200,47187502,537367345.5800,2.935399,-1.312341
2018-05-28,10.4875187000,10.7937913700,10.4875187000,10.5524856300,51473001,591017400.8600,3.201987,0.797874
2018-05-29,10.6267335500,10.9330062200,10.5988905800,10.7381054300,45449732,528042055.6900,2.827297,1.759013
2018-05-30,10.5147743000,10.5426896300,10.1239596800,10.1332647900,63872529,707824130.7300,3.973326,-5.632579
2018-05-31,10.2821465500,10.3379772100,10.0960443500,10.2449261100,42100631,463268913.7100,2.618959,1.101927
2018-06-01,10.2449261100,10.3193669900,10.1053494600,10.2449261100,35814521,393476399.5500,2.227918,0.000000
2018-06-04,10.2635363300,10.4589436400,10.1890954500,10.4217232000,38707704,430850638.7700,2.407895,1.725700
2018-06-05,10.4682487500,10.6078254000,10.3472823200,10.5799100700,43261201,487609951.5200,2.691155,1.517858
2018-06-06,10.6078254000,10.6171305100,10.3751976500,10.4682487500,32846770,369985173.3300,2.043303,-1.055408
2018-06-07,10.5426896300,10.5892151800,10.3751976500,10.4496385300,27963348,314766226.5800,1.739519,-0.177782
2018-06-08,10.4496385300,10.4589436400,10.1704852300,10.3379772100,37279287,411720254.5600,2.319037,-1.068565
2018-06-11,10.2635363300,10.4403334200,10.2263158900,10.3193669900,22129164,246426353.4000,1.376592,-0.180014
2018-06-12,10.3286721000,10.4775538600,10.2077056700,10.4310283100,28367879,316073133.5500,1.764684,1.082055
2018-06-13,10.4217232000,10.4217232000,10.1890954500,10.2077056700,29235206,323261009.9900,1.818638,-2.140944
2018-06-14,10.1239596800,10.3193669900,9.5284326400,9.5749581900,66326081,701419095.4600,4.125955,-6.198727
2018-06-15,9.5563479700,9.6400939600,9.3237202200,9.4912122000,47652310,482654797.1200,2.964313,-0.874637
2018-06-19,9.2492793400,9.4353815400,8.6909727400,8.9794311500,61425503,600376701.3500,3.820908,-5.392159
2018-06-20,8.9515158200,9.2585844500,8.9142953800,9.1562282400,37373592,366473148.0600,2.324505,1.968917
2018-06-21,9.1469231300,9.1841435700,8.7281931800,8.7654136200,41496432,398027913.2200,2.580824,-4.268293
2018-06-22,8.6537523000,9.1748384600,8.5607012000,9.1562282400,41366910,401579306.7800,2.572527,4.458600
2018-06-25,9.2120589000,9.2213640100,8.9515158200,8.9701260400,37512431,366080200.2100,2.332733,-2.032518
2018-06-26,8.8491596100,9.4353815400,8.7840238400,9.4353815400,48907508,486171812.1500,3.041228,5.186722
2018-06-27,9.3795508800,9.5470428600,9.2585844500,9.4446866500,50230693,505990372.4900,3.123493,0.098612
2018-06-28,9.3888559900,9.7517552800,9.3888559900,9.5191275300,57623285,594295441.8700,3.583140,0.788177
2018-06-29,9.5284326400,10.0216034700,9.5284326400,9.9657728100,57405911,606043310.6000,3.569623,4.692087
2018-07-02,9.8355012700,9.9471625900,9.6680092900,9.8075859400,44384718,467571707.7500,2.759937,-1.587302
2018-07-03,9.8448063800,10.2170107800,9.7238399500,10.1332647900,54228952,581259951.8100,3.372073,3.320687
2018-07-04,10.0402136900,10.0774341300,9.5098224200,9.6493990700,46495405,488977924.0000,2.891184,-4.775027
2018-07-05,9.6121786300,9.8634166000,9.4632968700,9.4726019800,36826103,383107733.5900,2.289926,-1.832204
2018-07-06,9.5470428600,9.9099421500,9.3888559900,9.6400939600,49428440,514434016.1000,3.073567,1.768166
2018-07-09,9.6773144000,9.9843830300,9.6680092900,9.9285523700,40564899,430550944.0300,2.522413,2.992282
2018-07-10,9.8634166000,10.0402136900,9.8075859400,9.9471625900,30948181,329275664.4700,1.924424,0.187437
2018-07-11,9.7052297300,9.7052297300,9.1376180200,9.4632968700,54667417,556162558.1600,3.399337,-4.864355
2018-07-12,9.4726019800,9.8913319300,9.4446866500,9.7610603900,45695927,477722654.6300,2.841471,3.146507
2018-07-13,9.7517552800,9.8820268200,9.6028735200,9.6587041800,30102714,314431163.4100,1.871851,-1.048615
2018-07-16,9.7052297300,9.9006370400,9.6121786300,9.8727217100,40129280,423175384.4200,2.495325,2.215795
2018-07-17,9.7610603900,9.8448063800,9.5842633000,9.7703655000,36795213,384286370.3500,2.288005,-1.036754
2018-07-18,9.7517552800,9.9285523700,9.6866195100,9.7703655000,41224282,434460610.1000,2.563414,0.000000
2018-07-19,9.8075859400,10.2914516600,9.6493990700,10.1704852300,81529024,883266514.1000,5.069650,4.095241
2018-07-20,10.0495188000,10.3845027600,10.0122983600,10.2914516600,64907476,714155459.4100,4.036086,1.189388
2018-07-23,10.2449261100,10.3751976500,10.0774341300,10.3472823200,54957035,604793114.0800,3.417346,0.542491
2018-07-24,10.3472823200,10.4961640800,10.1984005600,10.2635363300,57957866,642930035.4400,3.603945,-0.809354
2018-07-25,10.2356210000,10.3845027600,10.0960443500,10.1518750100,36293225,398785832.1200,2.256791,-1.087941
2018-07-26,10.1611801200,10.3379772100,10.0681290200,10.1332647900,33568756,367643310.5000,2.087377,-0.183313
2018-07-27,10.0588239100,10.1797903400,9.8913319300,9.9471625900,26252992,281929025.1800,1.632467,-1.836554
2018-07-30,9.9843830300,10.0309085800,9.3144151100,9.3888559900,56510273,584008492.1500,3.513930,-5.612717
2018-07-31,9.3795508800,9.4632968700,9.2864997800,9.4446866500,28573276,288329440.4200,1.776748,0.594643
2018-08-01,9.4726019800,9.5749581900,9.1841435700,9.2120589000,30275399,305130551.0300,1.882589,-2.463054
2018-08-02,9.1748384600,9.2399742300,8.7840238400,9.0259567000,33388650,321767087.0900,2.076178,-2.020200
2018-08-03,9.0259567000,9.0910924700,8.8584647200,8.8677698300,20943050,201611027.8600,1.302284,-1.752578
2018-08-06,8.8677698300,9.0073464800,8.7933289500,8.8584647200,26962488,257693553.6700,1.676585,-0.104924
2018-08-07,8.9142953800,9.1748384600,8.8398545000,9.1562282400,30542283,296802748.4200,1.899185,3.361341
2018-08-08,9.0631771400,9.1469231300,9.0259567000,9.0445669200,23462253,228737354.6100,1.458933,-1.219511
2018-08-09,9.0445669200,9.5191275300,9.0166515900,9.3795508800,39689487,398448078.2500,2.467978,3.703700
2018-08-10,9.3795508800,9.4539917600,9.2771946700,9.4167713200,30636862,307978488.8200,1.905066,0.396825
2018-08-13,9.3051100000,9.5470428600,9.2585844500,9.4912122000,36494995,368512566.5000,2.269337,0.790513
2018-08-14,9.4539917600,9.4819070900,9.2027537900,9.3237202200,23846615,239886423.6000,1.482834,-1.764700
2018-08-15,9.3330253300,9.3702457700,8.9422107100,8.9887362600,32788822,321902949.7900,2.038879,-3.592820
2018-08-16,8.8863800500,9.7703655000,8.7747187300,9.3888559900,53879011,539557479.3500,3.350313,4.451349
2018-08-17,9.4446866500,9.5749581900,9.3144151100,9.3981611000,38204743,387284736.2800,2.375653,0.099110
2018-08-20,9.3144151100,9.7052297300,9.3144151100,9.6680092900,50244208,516347412.9400,3.124293,2.871287
2018-08-21,9.6307888500,9.6773144000,9.4260764300,9.5191275300,40634742,417087942.8500,2.526756,-1.539950
2018-08-22,9.4912122000,9.6214837400,9.3981611000,9.4074662100,21723470,221372940.5300,1.350812,-1.173020
2018-08-23,9.4912122000,9.6866195100,9.4074662100,9.5842633000,32525549,334285323.1000,1.691452,1.879333
2018-08-24,9.6121786300,9.7145348400,9.4912122000,9.5284326400,26485700,273194017.8100,1.377357,-0.582528
2018-08-27,9.6028735200,9.8541114900,9.5470428600,9.8168910500,48397153,507297129.0700,2.516835,3.027348
2018-08-28,9.7982808300,9.8355012700,9.7052297300,9.7982808300,24886310,261110044.6000,1.294182,-0.189578
2018-08-29,9.7703655000,9.8913319300,9.7052297300,9.7517552800,20274414,213080351.0500,1.054346,-0.474836
2018-08-30,9.7610603900,9.7982808300,9.3609406600,9.3888559900,29984738,306827063.5500,1.559320,-3.721368
2018-08-31,9.3609406600,9.4912122000,9.2120589000,9.2120589000,24016325,240856753.8800,1.248940,-1.883058
2018-09-03,9.1934486800,9.4446866500,9.0259567000,9.3702457700,25999205,257568745.3200,1.352057,1.717173
2018-09-04,9.3051100000,9.5284326400,9.2771946700,9.4353815400,23159899,233851164.7100,1.204402,0.695141
2018-09-05,9.3981611000,9.4819070900,9.2120589000,9.2120589000,21546255,216237958.8100,1.120487,-2.366871
2018-09-06,9.1934486800,9.5098224200,9.1655333500,9.3888559900,28971159,292424970.2000,1.506610,1.919197
2018-09-07,9.4819070900,9.6307888500,9.2306691200,9.3981611000,36182587,368052575.0800,1.881631,0.099110
2018-09-10,9.2958048900,9.3795508800,9.0817873600,9.1190078000,28987393,285200904.9900,1.507454,-2.970299
2018-09-11,9.1190078000,9.2771946700,9.1003975800,9.1748384600,12780291,126166167.8300,0.664623,0.612239
2018-09-12,9.1748384600,9.1934486800,8.6630574100,8.7002778500,58673801,554681950.5600,3.051260,-5.172407
2018-09-13,8.8119391700,8.8584647200,8.6723625200,8.7468034000,22174731,208214102.0600,1.153170,0.534751
2018-09-14,8.7747187300,8.8119391700,8.6816676300,8.7002778500,15853118,148953028.0200,0.824422,-0.531907
2018-09-17,8.6816676300,8.7654136200,8.5886165300,8.7002778500,15555621,144714820.5700,0.808951,0.000000
2018-09-18,8.7002778500,8.8491596100,8.6537523000,8.8212442800,19686222,185508261.1900,1.023758,1.390365
2018-09-19,8.8119391700,8.9887362600,8.7468034000,8.8677698300,27652500,263813533.6900,1.438035,0.527428
2018-09-20,8.8398545000,8.9142953800,8.7747187300,8.8026340600,14365307,136336133.1300,0.747050,-0.734519
2018-09-21,8.8398545000,8.9515158200,8.6537523000,8.9236004900,29067845,276281735.2600,1.511638,1.374208
2018-09-25,8.8491596100,8.9236004900,8.8212442800,8.8584647200,14092383,134390774.9200,0.732857,-0.729924
2018-09-26,8.9049902700,8.9887362600,8.8491596100,8.8956851600,23436621,224730672.8900,1.218793,0.420168
2018-09-27,8.8770749400,8.8956851600,8.5607012000,8.6072267500,31659471,295930987.8400,1.646412,-3.242682
2018-09-28,8.6444471900,8.6909727400,8.5886165300,8.6444471900,18357332,170504436.6300,0.954651,0.432432
2018-10-08,8.3745990000,8.4769552100,8.2071070200,8.2071070200,31201598,278333706.4800,1.622601,-5.059206
2018-10-09,8.2722427900,8.2908530100,8.1978019100,8.2071070200,12626060,111733000.9200,0.656603,0.000000
2018-10-10,8.2350223500,8.3280734500,8.1326661400,8.2536325700,15686275,138889147.7700,0.815746,0.566896
2018-10-11,7.9186486100,7.9744792700,7.4254777800,7.4254777800,40728973,333939038.8300,2.118061,-10.033820
2018-10-12,7.1091040400,7.3324266800,6.6810689800,6.9043916200,71766470,531599503.3700,3.732128,-7.017543
2018-10-15,6.8671711800,6.9043916200,6.5694076600,6.6345434300,46583251,337937001.8800,2.422505,-3.908355
2018-10-16,6.6438485400,6.7368996400,6.4391361200,6.4856616700,32679565,231736977.1900,1.699461,-2.244044
2018-10-17,6.5973229900,6.7741200800,6.5321872200,6.6903740900,39436247,281772066.4500,2.050834,3.156389
2018-10-18,6.6252383200,6.9043916200,6.5601025500,6.7555098600,42821167,312323688.9500,2.226863,0.973577
2018-10-19,6.6345434300,7.0811887100,6.6066281000,7.0067478300,49549278,369605916.1100,2.576750,3.719008
2018-10-22,7.2207653600,7.5371391000,7.0997989300,7.4254777800,61269229,482854422.1700,3.186232,5.976093
2018-10-23,7.3789522300,7.4254777800,7.1649347000,7.2300704700,32175610,251860126.3900,1.673253,-2.631579
2018-10-24,7.1835449200,7.3975624500,7.1742398100,7.2486806900,22459200,175497053.5900,1.167963,0.257400
2018-10-25,6.9509171700,7.2579858000,6.9136967300,7.1649347000,27893986,211156871.6800,1.450593,-1.155329
2018-10-26,7.2579858000,7.3510369000,7.1091040400,7.1835449200,24836701,193050342.7300,1.291602,0.259740
2018-10-29,7.1928500300,7.3603420100,7.1277142600,7.1835449200,21893170,170420005.2800,1.138528,0.000000
2018-10-30,7.1928500300,7.3045113500,6.8764762900,7.1928500300,32274281,246912421.5300,1.678385,0.129537
2018-10-31,7.2114602500,7.3789522300,7.1835449200,7.2765960200,30886158,241827496.1400,1.606197,1.164297
2018-11-01,7.4254777800,7.5650544300,7.3045113500,7.3138164600,43164159,344309230.4100,2.244699,0.511509
2018-11-02,7.5464442100,7.6581055300,7.4720033300,7.6488004200,55786907,453925377.2300,2.901130,4.580154
2018-11-05,7.6488004200,7.8814281700,7.5185288800,7.6674106400,47989240,396945122.9400,2.495622,0.243303
2018-11-06,7.6115799800,7.6394953100,7.4906135500,7.6115799800,25907241,210205290.8700,1.347275,-0.728149
2018-11-07,7.6208850900,7.7511566300,7.5650544300,7.5743595400,30312895,249234383.6800,1.576385,-0.488997
2018-11-08,7.6394953100,7.7139361900,7.4440880000,7.4440880000,21861453,177975124.8100,1.136878,-1.719906
2018-11-09,7.4533931100,7.5650544300,7.4068675600,7.4626982200,20126187,162119096.9600,1.046638,0.250006
2018-11-12,7.4347828900,7.7046310800,7.3975624500,7.7046310800,32878288,268838129.4400,1.709795,3.241886
2018-11-13,7.6115799800,8.0582252600,7.5743595400,7.8907332800,57097847,481072923.4600,2.969304,2.415457
2018-11-14,7.8907332800,7.9558690500,7.7139361900,7.7604617400,36354031,306078248.0200,1.890547,-1.650936
2018-11-15,7.7604617400,7.9372588300,7.7325464100,7.9186486100,34884897,293801182.8300,1.814147,2.038370
2018-11-16,7.9558690500,8.0303099300,7.8349026200,7.9465639400,38563053,328994454.8800,2.005425,0.352523
2018-11-19,7.9093435000,7.9744792700,7.7232413000,7.8442077300,30181966,253390110.6200,1.569576,-1.288052
2018-11-20,7.7511566300,7.7976821800,7.5185288800,7.5371391000,29857636,246057477.6900,1.552710,-3.914590
2018-11-21,7.4533931100,7.6022748700,7.4068675600,7.5836646500,21208077,171348322.5500,1.102900,0.617274
2018-11-22,7.5650544300,7.6301902000,7.4533931100,7.4906135500,17454066,141311543.1100,0.907677,-1.226987
2018-11-23,7.5092237700,7.5278339900,7.0439682700,7.0439682700,32714389,255017831.2200,1.701272,-5.962733
2018-11-26,7.0904938200,7.1370193700,6.9602222800,7.0160529400,17852054,134950087.3000,0.928374,-0.396304
2018-11-27,7.0997989300,7.1556295900,6.9974427200,7.0904938200,18275693,139347127.0300,0.950405,1.061007
2018-11-28,7.0811887100,7.4533931100,6.9788325000,7.4533931100,41007566,319742392.5200,2.132549,5.118115
2018-11-29,7.4906135500,7.5092237700,7.1742398100,7.2207653600,29711967,235323408.9600,1.545135,-3.121099
2018-11-30,7.2393755800,7.4626982200,7.2207653600,7.4440880000,28380200,224948199.1900,1.475878,3.092781
2018-12-03,7.6767157500,7.7697668500,7.5464442100,7.6115799800,37381559,306894883.1200,1.943982,2.250004
2018-12-04,7.5836646500,7.6581055300,7.4813084400,7.5557493200,25905714,210306125.2600,1.347195,-0.733501
2018-12-05,7.4254777800,7.5092237700,7.3696471200,7.4347828900,23036678,183876516.5100,1.197994,-1.600987
2018-12-06,7.3975624500,7.4254777800,7.2300704700,7.2579858000,21257238,167043160.2900,1.105457,-2.377967
2018-12-07,7.3045113500,7.3417317900,7.2300704700,7.2579858000,13699783,107167156.7700,0.712441,0.000000
2018-12-10,7.1742398100,7.2486806900,7.1370193700,7.1928500300,12033809,93017230.6100,0.625804,-0.897438
2018-12-11,7.2393755800,7.3324266800,7.2114602500,7.2672909100,12202678,95225155.9500,0.634585,1.034928
2018-12-12,7.3417317900,7.3882573400,7.2579858000,7.2672909100,11773980,92518691.9800,0.612291,0.000000
2018-12-13,7.3138164600,7.5371391000,7.2300704700,7.4440880000,28898770,230343121.7400,1.502845,2.432779
2018-12-14,7.4068675600,7.4068675600,7.2114602500,7.2114602500,18815858,147714980.6100,0.978496,-3.125000
2018-12-17,7.1835449200,7.3510369000,7.1556295900,7.2579858000,14981955,116915141.2200,0.779118,0.645164
2018-12-18,7.2021551400,7.3045113500,7.0718836000,7.1649347000,17351578,133600673.6100,0.902348,-1.282056
2018-12-19,7.1928500300,7.2114602500,7.0532733800,7.0532733800,11450766,87768809.6200,0.595483,-1.558440
2018-12-20,7.0718836000,7.1649347000,6.9788325000,7.1277142600,14956220,114033283.0900,0.777780,1.055408
2018-12-21,7.0811887100,7.2021551400,7.0718836000,7.1463244800,13656814,104731690.8800,0.710206,0.261096
2018-12-24,7.1463244800,7.2114602500,7.0625784900,7.1742398100,14398617,110636913.2000,0.748783,0.390628
2018-12-25,7.1184091500,7.1184091500,6.7927303000,7.0346631600,28037065,208754481.8600,1.458033,-1.945526
2018-12-26,7.0160529400,7.0811887100,6.9509171700,6.9509171700,15305867,115234313.9800,0.795963,-1.190478
2018-12-27,7.2114602500,7.5092237700,7.1742398100,7.2114602500,68821416,542879555.4600,3.578974,3.748330
2018-12-28,7.2579858000,7.4347828900,7.1742398100,7.2859011300,42163669,331356855.7200,2.192670,1.032257
2019-01-02,7.3045113500,7.6953259700,7.2765960200,7.6488004200,69509275,563495878.9300,3.614745,4.980847
2019-01-03,7.6301902000,7.6767157500,7.4813084400,7.6022748700,51498521,418987574.3300,2.678118,-0.608275
2019-01-04,7.5464442100,7.9279537200,7.5185288800,7.8162924000,72972849,604342485.2200,3.794864,2.815172
2019-01-07,7.7790719600,7.8628179500,7.7046310800,7.8535128400,56062934,469837717.8900,2.915485,0.476190
2019-01-08,7.7418515200,7.7418515200,7.4999186600,7.5743595400,51710842,421371748.4000,2.689159,-3.554494
2019-01-09,7.5464442100,7.7418515200,7.4906135500,7.5929697600,49644448,406221280.6400,2.581699,0.245694
2019-01-10,7.5929697600,7.6488004200,7.5092237700,7.5185288800,27158837,220819796.8400,1.412362,-0.980391
2019-01-11,7.5650544300,7.6022748700,7.3138164600,7.3975624500,47952991,382710050.1000,2.493737,-1.608912
2019-01-14,7.3882573400,7.4533931100,7.2300704700,7.2765960200,29889090,235438336.8800,1.554346,-1.635216
2019-01-15,7.2765960200,7.4254777800,7.2393755800,7.4068675600,30623447,241703708.5700,1.592535,1.790280
2019-01-16,7.4068675600,7.4999186600,7.3696471200,7.4440880000,39950553,319722163.1700,2.077580,0.502512
2019-01-17,7.4906135500,7.4906135500,7.2765960200,7.2765960200,25306270,200265994.9500,1.316022,-2.249998
2019-01-18,7.2672909100,7.3696471200,7.2579858000,7.3417317900,18415668,144775365.4400,0.957684,0.895137
2019-01-21,7.3603420100,7.5092237700,7.3231215700,7.4161726700,23392763,186621334.3700,1.216512,1.013941
2019-01-22,7.4161726700,7.5092237700,7.3138164600,7.3603420100,18700726,148955395.9600,0.972508,-0.752822
2019-01-23,7.3510369000,7.3789522300,7.1370193700,7.2021551400,23391277,181656222.1000,1.216435,-2.149179
2019-01-24,7.1928500300,7.3882573400,7.1370193700,7.3138164600,21675870,169744525.3100,1.127227,1.550392
2019-01-25,7.3138164600,7.3696471200,7.2393755800,7.2486806900,15609370,122471038.4700,0.811746,-0.890587
2019-01-28,7.3045113500,7.3789522300,7.2393755800,7.2579858000,19885769,156432014.6700,1.034135,0.128373
2019-01-29,7.2579858000,7.2952062400,6.9974427200,7.0439682700,21764731,165679923.2200,1.131848,-2.948718
2019-01-30,6.9788325000,7.0997989300,6.8299507400,6.8392558500,19885774,148929869.4500,1.034135,-2.906212
2019-01-31,6.9323069500,6.9602222800,6.8020354100,6.8764762900,20066589,148416420.1900,1.043539,0.544217
2019-02-01,6.9136967300,7.1556295900,6.8857814000,7.1184091500,22214539,168327961.5000,1.155240,3.518271
2019-02-11,7.1463244800,7.3975624500,7.1463244800,7.3975624500,34140188,268782813.1800,1.775419,3.921565
2019-02-12,7.4254777800,7.5929697600,7.3789522300,7.5278339900,41572418,335619850.2900,2.161923,1.761011
2019-02-13,7.5278339900,7.8162924000,7.4999186600,7.7604617400,78765988,651246830.0800,4.096129,3.090235
2019-02-14,7.7046310800,7.8442077300,7.5929697600,7.7697668500,68314303,567765556.5500,3.552602,0.119907
2019-02-15,7.7604617400,7.7604617400,7.6022748700,7.6301902000,49569329,408146503.3000,2.577793,-1.796414
2019-02-18,7.6767157500,7.9000383900,7.5743595400,7.8814281700,70774097,590058276.0200,3.680521,3.292689
2019-02-19,7.9093435000,7.9372588300,7.6581055300,7.7232413000,64632972,540936516.5200,3.361159,-2.007085
2019-02-20,7.7418515200,7.9093435000,7.6115799800,7.8628179500,63638641,531047171.7000,3.309450,1.807224
2019-02-21,7.8162924000,8.5513960900,7.7232413000,8.2443274600,140047214,1233532864.4600,7.282985,4.852069
2019-02-22,8.2815479000,9.0724822500,8.2071070200,8.9701260400,162575886,1510163928.8700,8.454561,8.803620
2019-02-25,9.2027537900,9.8168910500,8.9980413700,9.7796706100,160599082,1628756257.3100,8.351760,9.024895
2019-02-26,9.7238399500,9.7517552800,9.3330253300,9.3516355500,121045154,1233236747.2600,6.294806,-4.376784
2019-02-27,9.3609406600,9.9285523700,9.2306691200,9.4819070900,114470919,1170441951.3300,5.952921,1.393029
2019-02-28,9.4912122000,9.6680092900,9.3144151100,9.3795508800,65910289,670978460.4100,3.427584,-1.079486
2019-03-01,9.5842633000,10.3007567700,9.5842633000,9.9936881400,138165179,1471273016.7500,7.185112,6.547618
2019-03-04,10.9893349100,10.9893349100,10.7939276000,10.9893349100,236744589,2793327260.1100,12.311614,9.962762
2019-03-05,11.6779130500,12.0873378900,11.6313875000,12.0873378900,104799070,1339458209.4500,5.449948,9.991527
2019-03-06,13.2970021900,13.2970021900,13.2970021900,13.2970021900,13359551,190907983.7900,0.694747,10.007700
2019-03-07,14.6276329200,14.6276329200,14.6276329200,14.6276329200,18617413,292665732.3600,0.968176,10.007000
2019-03-08,15.3534315000,16.0885351900,15.1766344100,16.0885351900,336045536,5718024583.8200,17.475639,9.987281
2019-03-11,16.1443658500,16.4235191500,14.4787511600,14.4787511600,286963616,4645565189.4900,14.923193,-10.005790
2019-03-12,13.1202051000,14.9626168800,13.1202051000,14.2368183000,532927712,7910316609.6300,27.711915,-1.670953
2019-03-13,13.8646139000,13.8646139000,12.8131364700,13.0457642200,383317456,5414983490.3800,19.932273,-8.366011
2019-03-14,12.9434080100,13.4365788400,12.4223218500,13.2132562000,321587072,4507677700.4600,14.844393,1.283875
2019-03-15,13.2132562000,13.2318664200,12.0128970100,12.0966430000,292165088,3946995183.1900,13.486281,-8.450704
2019-03-18,12.1896941000,12.5153729500,11.9663714600,12.3106605300,237074657,3128108250.5100,10.943318,1.769227
2019-03-19,12.1524736600,13.2876970800,12.0687276700,12.8968824600,302436592,4162403425.1400,13.960411,4.761906
2019-03-20,12.5060678400,12.6549496000,12.1338634400,12.6363393800,249720035,3322266770.7600,11.527026,-2.020200
2019-03-21,12.4688474000,13.3714430700,12.3944065200,12.7480007000,301235824,4170870688.9400,13.904984,0.883652
2019-03-22,12.5153729500,12.7107802600,12.2083043200,12.5712036100,183292107,2449815193.3500,8.460726,-1.386858
2019-03-25,12.2827452000,12.9154926800,12.1989992100,12.4502371800,169968831,2300704721.3800,7.845726,-0.962251
2019-03-26,12.5991189400,12.9061875700,12.0035919000,12.0594225600,196265038,2631159172.0600,9.059554,-3.139014
2019-03-27,12.0687276700,12.1431685500,11.2870984300,11.6593028300,200985480,2498155249.2200,9.277449,-3.317904
2019-03-28,11.5848619500,11.8826254700,11.2964035400,11.3150137600,141696273,1764276326.1600,6.540671,-2.952912
2019-03-29,11.3801495300,11.9012356900,11.0730809000,11.8174897000,175236586,2180919889.7900,8.088885,4.440789
2019-04-01,11.9198459100,12.5898138300,11.8267948100,12.4223218500,211121945,2774027748.2000,9.745346,5.118115
2019-04-02,12.3292707500,12.8968824600,12.1338634400,12.3757963000,225168319,3019305343.2900,10.393724,-0.374533
2019-04-03,12.1245583300,12.7107802600,12.0966430000,12.5153729500,176223263,2356091529.6600,8.134430,1.127817
2019-04-04,12.4688474000,13.1015948800,12.3385758600,13.0736795500,233656987,3188722166.1600,10.752336,4.460969
2019-04-08,13.0643744400,13.4458839500,12.4967627300,12.5991189400,205420326,2859533930.0300,9.452953,-3.629895
2019-04-09,12.5991189400,12.9341029000,12.2920503100,12.5153729500,125127426,1696125520.9400,5.758065,-0.664698
2019-04-10,12.4130167400,12.4130167400,12.0315072300,12.1338634400,124052785,1628950829.4700,5.708613,-3.048326
2019-04-11,12.2734400900,12.4223218500,12.0966430000,12.0966430000,99437130,1307983815.7800,4.575859,-0.306748
2019-04-12,12.1338634400,12.8131364700,11.9663714600,12.7852211400,169373291,2272070322.4200,7.794154,5.692306
2019-04-15,12.9341029000,12.9341029000,12.1152532200,12.1524736600,157502715,2134226817.7900,7.247899,-4.949049
2019-04-16,11.9105408000,12.6177291600,11.6593028300,12.5060678400,142147590,1855099438.2200,6.541293,2.909641
2019-04-17,12.6084240500,13.3714430700,12.4781525100,13.0829846600,252665135,3512984495.8700,11.627046,4.613101
2019-04-18,12.9620182300,13.0364591100,12.5712036100,12.5712036100,147081599,2019594969.8600,6.768344,-3.911808
2019-04-19,12.4688474000,12.9341029000,12.3757963000,12.7573058100,126397428,1725479571.6300,5.816508,1.480383
2019-04-22,12.7759160300,12.7852211400,12.1710838800,12.1896941000,122513715,1642179786.6100,5.637789,-4.449305
2019-04-23,12.1896941000,12.4409320700,12.0035919000,12.0222021200,78702177,1035721613.5900,3.621686,-1.374048
2019-04-24,12.1154742300,12.7870016700,12.0501868400,12.6844072000,141669389,1891040841.0800,6.519287,5.508146
2019-04-25,12.5911395000,12.8149819800,11.8449979000,11.8729782100,127638405,1693240327.8100,5.873615,-6.397065
2019-04-26,11.8263443600,12.3393167100,11.7890372800,11.8823049800,109126800,1415801549.6200,5.021755,0.078556
2019-04-29,11.8636514400,11.9382656000,10.6978051900,10.6978051900,155180518,1825769996.4700,7.141037,-9.968599
2019-04-30,10.4273288600,10.6045374900,10.0635848300,10.2314666900,118326245,1311731671.7000,5.445091,-4.359198
2019-05-06,9.7931085000,10.1661793000,9.2708093800,9.3734038500,121594974,1263574846.2900,5.595510,-8.386509
2019-05-07,9.5412857100,9.6252266400,9.1309078300,9.4200377000,115615384,1166318424.7000,5.320344,0.497514
2019-05-08,9.1402346000,9.6905140300,9.0656204400,9.4573447800,92405359,935726358.5700,4.252274,0.396039
2019-05-09,9.3081164600,9.6811872600,9.2987896900,9.4107109300,75888869,774359568.0200,3.492224,-0.493098
2019-05-10,9.5226321700,10.1288722200,9.2335023000,10.0076242100,140409007,1465705940.1100,6.461287,6.342908
2019-05-13,9.7931085000,9.9423368200,9.6345534100,9.7278211100,75962616,796652576.0100,3.495618,-2.795892
2019-05-14,9.8397423500,10.2034863800,9.8397423500,9.9609903600,119466433,1282860750.0800,5.497560,2.396932
2019-05-15,10.2314666900,10.3340611600,9.9330100500,10.0822383700,95702907,1033214118.8200,4.404019,1.217229
2019-05-16,10.0635848300,10.0915651400,9.7837817300,9.9889706700,78107222,833685605.1600,3.594308,-0.925073
2019-05-17,9.9703171300,10.1475257600,9.2894629200,9.3081164600,103906886,1080569788.4100,4.781547,-6.816064
2019-05-20,9.4666715500,9.8397423500,9.3734038500,9.6625337200,90256790,930126037.0500,4.153402,3.807617
2019-05-21,9.7837817300,10.0076242100,9.5879195600,9.8863762000,83136677,878081530.1400,3.825751,2.316609
2019-05-22,9.8490691200,10.1941596100,9.7651281900,10.0356045200,99362708,1064076388.2400,4.572434,1.509433
2019-05-23,10.0169509800,10.0169509800,9.5226321700,9.6158998700,80201389,838888675.5200,3.690676,-4.182154
2019-05-24,9.6532069500,10.3900217800,9.6438801800,9.9516635900,126847884,1365323913.1400,5.837237,3.491752
2019-05-27,9.8770494300,10.3993485500,9.8024352700,10.3620414700,131568967,1434679393.8600,6.054490,4.123707
2019-05-28,10.4273288600,10.4646359400,10.0822383700,10.2967540800,98775560,1083397300.9700,4.545415,-0.630060
2019-05-29,10.1568525300,10.3060808500,10.1102186800,10.2034863800,61649728,675112087.6800,2.836973,-0.905801
2019-05-30,10.1195454500,10.1288722200,9.7931085000,9.9609903600,67613558,719111403.4800,3.111414,-2.376593
2019-05-31,9.9330100500,10.0449312900,9.7651281900,9.8024352700,50160734,532544785.1900,2.308277,-1.591761
2019-06-03,9.8117620400,9.8863762000,9.4853250900,9.6905140300,61843766,643402467.2400,2.845902,-1.141769
2019-06-04,9.7091675700,9.9516635900,9.6158998700,9.7651281900,54457139,572690869.9500,2.505987,0.769970
2019-06-05,9.8770494300,10.0262777500,9.6718604900,9.8490691200,60223629,636393749.8900,2.771348,0.859600
2019-06-06,9.8583958900,10.5392501000,9.4573447800,10.0262777500,106951718,1140929855.4100,4.921663,1.799238
2019-06-10,10.0915651400,10.3620414700,9.8583958900,10.2407934600,90816227,985893178.5500,4.179146,2.139531
2019-06-11,10.1661793000,10.6511713400,10.0262777500,10.5952107200,123105270,1372926758.9900,5.665010,3.460839
2019-06-12,10.4926162500,10.5579036400,10.2967540800,10.3154076200,83699319,933804913.6000,3.851643,-2.640838
2019-06-13,10.2594470000,10.4739627100,10.2221399200,10.2501202300,57909941,643147430.2200,2.664877,-0.632917
2019-06-14,10.4553091700,10.5299233300,9.9609903600,9.9703171300,71774572,785152267.5200,3.302894,-2.729756
2019-06-17,9.9236832800,10.1195454500,9.8397423500,9.9423368200,41368764,442223651.5200,1.903692,-0.280634
2019-06-18,9.9516635900,10.0076242100,9.6905140300,9.8397423500,38263732,403294249.7800,1.760806,-1.031892
2019-06-19,10.1661793000,10.2781005400,9.9796439000,9.9796439000,81271711,883884567.6500,3.739930,1.421797
2019-06-20,9.9516635900,10.3247343900,9.8863762000,10.2128131500,70945892,771518221.9900,3.264760,2.336449
2019-06-21,10.5019430200,10.5765571800,10.2128131500,10.3620414700,92675919,1031992055.0200,4.264724,1.461186
2019-06-24,10.4459824000,10.6045374900,10.2128131500,10.3620414700,65527779,730808954.4800,3.015432,0.000000
2019-06-25,10.2594470000,10.2967540800,9.9516635900,10.1475257600,57475255,623066237.1400,2.644874,-2.070203
2019-06-26,10.0262777500,10.1941596100,9.9982974400,10.0729116000,35828407,388138372.6800,1.648738,-0.735293
2019-06-27,10.1195454500,10.2781005400,10.0729116000,10.2594470000,60050079,656542500.6500,2.763361,1.851850
2019-06-28,10.2128131500,10.2314666900,9.9609903600,10.0542580600,50484670,544353850.1500,2.323184,-2.000002
2019-07-01,10.3154076200,10.9496279800,10.1941596100,10.7910728900,160797815,1823331112.1900,7.399531,7.328386
2019-07-02,10.6698248800,10.8377067400,10.5952107200,10.6791516500,96558307,1108424085.3100,4.443383,-1.037164
2019-07-03,10.6791516500,10.6791516500,10.3620414700,10.4180020900,68275425,768149836.6700,3.141872,-2.445413
2019-07-04,10.4459824000,10.4926162500,10.3154076200,10.3993485500,42582956,474399000.9000,1.959566,-0.179055
2019-07-05,10.3993485500,10.5112697900,10.3806950100,10.4273288600,38160662,427230140.4300,1.756063,0.269064
2019-07-08,10.3620414700,10.3713682400,9.8583958900,9.9143565100,72013074,775684193.6000,3.313870,-4.919501
2019-07-09,9.9050297400,9.9889706700,9.5412857100,9.7558014200,51343016,536990422.5100,2.362683,-1.599248
2019-07-10,9.7837817300,9.8024352700,9.5226321700,9.5879195600,34656080,358909320.1500,1.594790,-1.720844
2019-07-11,9.6718604900,9.7558014200,9.5692660200,9.6718604900,32340679,334813109.9200,1.488241,0.875488
2019-07-12,9.7091675700,9.7558014200,9.5879195600,9.6718604900,27034080,280937928.5100,1.244044,0.000000
2019-07-15,9.6438801800,10.0542580600,9.4293644700,9.9330100500,57263924,602081505.1800,2.635149,2.700094
2019-07-16,9.8957029700,10.0356045200,9.8397423500,9.8957029700,30152049,320817519.2500,1.387525,-0.375586
2019-07-17,9.9330100500,10.1102186800,9.8863762000,9.9796439000,44101498,473508503.2500,2.029446,0.848258
2019-07-18,9.8770494300,9.9330100500,9.6718604900,9.7651281900,36967891,387569007.7600,1.701174,-2.149529
2019-07-19,9.8397423500,9.9236832800,9.7371478800,9.7837817300,32932924,347136912.3900,1.515495,0.191017
2019-07-22,9.8210888100,9.8397423500,9.3827306200,9.4386912400,43958443,448280476.2800,2.022863,-3.527168
2019-07-23,9.4666715500,9.5972463300,9.4480180100,9.5879195600,24623691,251630448.7900,1.133123,1.581026
2019-07-24,9.6345534100,10.0635848300,9.6252266400,9.9609903600,71840398,764162825.5400,3.305924,3.891056
2019-07-25,10.0822383700,10.1102186800,9.8397423500,9.9703171300,51810564,553723747.4800,2.384198,0.093626
2019-07-26,9.9143565100,9.9982974400,9.8677226600,9.9143565100,30740000,327038764.8800,1.414600,-0.561300
2019-07-29,9.9050297400,10.0822383700,9.8957029700,9.9982974400,39067358,418282923.3200,1.797787,0.846662
2019-07-30,9.9423368200,10.2874273100,9.9330100500,10.1195454500,59734735,650169413.9900,2.748800,1.212700
2019-07-31,10.0729116000,10.1008919100,9.9050297400,9.9143565100,40584546,434818598.8000,1.867600,-2.027700
2019-08-01,9.8397423500,9.9703171300,9.7651281900,9.8117620400,35665121,376094598.1700,1.641200,-1.034800
2019-08-02,9.5599392500,9.6532069500,9.4293644700,9.5133054000,53253969,544564765.1400,2.450600,-3.041800
2019-08-05,9.4759983200,9.7184943400,9.4386912400,9.4480180100,39457343,404160755.1900,1.815700,-0.686300
2019-08-06,9.2428290700,9.2708093800,8.7112031800,9.0376401300,66809320,646317632.7700,3.074400,-4.343500
2019-08-07,9.1122542900,9.1309078300,8.8044708800,8.8417779600,35573212,341910806.1900,1.637000,-2.167200
2019-08-08,8.9163921200,8.9723527400,8.8511047300,8.8884118100,27507295,262960360.2100,1.265800,0.527400
2019-08-09,8.9816795100,9.0096598200,8.6272622500,8.6645693300,36745195,346010608.3000,1.690900,-2.518400
2019-08-12,8.6925496400,8.9350456600,8.5433213200,8.9070653500,45530806,425114352.9400,2.095200,2.798700
2019-08-13,8.8324511900,8.8604315000,8.6832228700,8.7298567200,27567415,259005429.4300,1.268600,-1.989500
2019-08-14,8.8884118100,9.0003330500,8.7391834900,8.7671638000,39853656,379310404.5600,1.834000,0.427400
2019-08-15,8.5153410100,8.9163921200,8.4500536200,8.9163921200,50922774,473863553.7700,2.343300,1.702100
2019-08-16,8.8697582700,9.1029275200,8.8511047300,8.9910062800,56010851,539379520.8900,2.577500,0.836800
2019-08-19,9.0096598200,9.7278211100,8.9630259700,9.5412857100,111505611,1116755792.0900,5.130800,6.120300
2019-08-20,9.5133054000,9.6252266400,9.3081164600,9.3547503100,85665896,867881099.6300,3.941800,-1.955000
2019-08-21,9.4200377000,9.6998408000,9.2894629200,9.5506124800,88887870,905150456.1000,4.090100,2.093700
2019-08-22,9.5785927900,9.5785927900,9.3454235400,9.4573447800,45928292,465471127.6000,2.113300,-0.976600
2019-08-23,9.4013841600,9.5133054000,9.2894629200,9.3267700000,41405456,416022381.7000,1.905200,-1.380700
2019-08-26,9.0469669000,9.2241755300,9.0003330500,9.1215810600,38522768,376219787.0900,1.772600,-2.200000
2019-08-27,9.1961952200,9.4666715500,9.1775416800,9.3267700000,49905970,498730290.4400,2.296400,2.249500
2019-08-28,9.2894629200,9.3547503100,9.1868684500,9.2428290700,35914735,356701915.9400,1.652600,-0.900000
2019-08-29,9.2801361500,9.5506124800,9.2148487600,9.3360967700,61779947,623203474.1400,2.842700,1.009100
2019-08-30,9.4013841600,9.6998408000,9.2521558400,9.3547503100,85955592,875486093.6000,3.955200,0.199800
2019-09-02,9.3734038500,9.6345534100,9.1215810600,9.6158998700,81060372,821166051.2500,3.729900,2.791600
2019-09-03,9.6065731000,9.8210888100,9.5133054000,9.7091675700,82445889,853258450.9800,3.793700,0.969900
2019-09-04,9.6065731000,9.7558014200,9.4946518600,9.6998408000,66859379,690492472.2300,3.076500,-0.096100
2019-09-05,9.7837817300,10.6698248800,9.7558014200,10.3247343900,243948460,2697067696.0300,11.225000,6.442300
2019-09-06,10.4553091700,10.8097264300,10.2874273100,10.4926162500,180003214,2030775971.2000,8.282700,1.626000
2019-09-09,10.6604981100,11.5278877200,10.4180020900,11.3226987800,211090954,2478142359.6700,9.713100,7.911100
2019-09-10,11.3786594000,11.5092341800,10.9589547500,11.1921240000,155536902,1865252667.6500,7.156900,-1.153200
2019-09-11,11.1454901500,11.2574113900,10.9589547500,11.1175098400,96670464,1150299497.6700,4.448200,-0.666700
2019-09-12,11.1454901500,11.7050963500,11.1081830700,11.4439467900,152059949,1867841379.8600,6.996900,2.936200
2019-09-16,11.4719271000,11.7703837400,11.3320255500,11.4532735600,118666196,1463684242.8500,5.460300,0.081500
2019-09-17,11.3600058600,11.3786594000,10.6604981100,10.7164587300,161074933,1883458942.9600,7.411700,-6.433200
2019-09-18,10.8190532000,10.8470335100,10.4553091700,10.5485768700,75669448,861337533.1600,3.481900,-1.566600
2019-09-19,10.6138642600,10.7537658100,10.4273288600,10.6978051900,72850546,829465687.2700,3.352100,1.414700
2019-09-20,10.8377067400,10.8563602800,10.5579036400,10.5765571800,65034791,744835357.3300,2.992500,-1.133400
2019-09-23,10.1848328400,10.1848328400,9.7371478800,9.9236832800,154743496,1646282341.1100,7.120400,-6.172800
2019-09-24,9.9703171300,10.2221399200,9.8957029700,10.0262777500,99722522,1077119088.1000,4.588600,1.033800
2019-09-25,9.9609903600,10.1661793000,9.8770494300,9.8863762000,77309374,828270911.3300,3.557300,-1.395300
2019-09-26,9.9423368200,9.9703171300,9.4480180100,9.4666715500,81204403,836333503.2400,3.736500,-4.245300
2019-09-27,9.5039786300,9.6625337200,9.4573447800,9.5226321700,53655125,549785347.5800,2.468900,0.591100
2019-09-30,9.5226321700,9.6065731000,9.3081164600,9.3267700000,54330489,548876809.4500,2.500000,-2.056800
2019-10-08,9.3734038500,9.4946518600,9.3081164600,9.3267700000,41182591,414884729.3900,1.895000,0.000000
2019-10-09,9.2614826100,9.4480180100,9.2148487600,9.4480180100,47338846,475096932.4000,2.178300,1.300000
2019-10-10,9.4386912400,9.6252266400,9.4013841600,9.6065731000,54331297,555394965.5300,2.500000,1.678200
2019-10-11,9.6065731000,9.8863762000,9.3920573900,9.7278211100,76167366,789149557.1600,3.504800,1.262100
2019-10-14,9.8677226600,9.9423368200,9.7464746500,9.8490691200,65452778,691067975.0800,3.011700,1.246400
2019-10-15,9.6065731000,9.6532069500,9.3734038500,9.3920573900,75362566,764710265.7600,3.467700,-4.640200
2019-10-16,9.4013841600,9.5039786300,9.3454235400,9.3640770800,36588240,369904600.2800,1.683600,-0.297900
2019-10-17,9.3360967700,9.4386912400,9.2894629200,9.3547503100,27403579,275187336.0300,1.260900,-0.099600
2019-10-18,9.3547503100,9.4293644700,9.0376401300,9.0562936700,51729735,511008530.1000,2.380300,-3.190400
2019-10-21,9.0842739800,9.0842739800,8.8417779600,9.0376401300,33193299,318357684.2100,1.527400,-0.206000
2019-10-22,9.0656204400,9.2148487600,9.0562936700,9.1961952200,32167089,315417381.2400,1.478700,1.754400
2019-10-23,9.2055219900,9.2335023000,9.0283133600,9.0469669000,26194029,255914152.5600,1.204100,-1.622700
2019-10-24,9.0469669000,9.1029275200,8.9630259700,9.0749472100,20641272,199899929.9500,0.948900,0.309300
2019-10-25,9.0656204400,9.2241755300,8.9816795100,9.2148487600,30760329,300533785.4900,1.414000,1.541600
2019-10-28,9.7931085000,9.9236832800,9.5039786300,9.6252266400,111868673,1158296532.1500,5.142500,4.453400
2019-10-29,9.5879195600,9.5879195600,9.2148487600,9.2241755300,74407384,749553430.0400,3.420400,-4.166700
2019-10-30,9.1402346000,9.1588881400,8.9630259700,8.9816795100,44182130,427820515.1100,2.031000,-2.628900
2019-10-31,9.0283133600,9.0562936700,8.8604315000,8.8884118100,33341541,319701304.6800,1.532700,-1.038400
2019-11-01,8.8417779600,9.0656204400,8.7858173400,9.0283133600,32743778,314569106.4500,1.505200,1.574000
2019-11-04,8.9910062800,9.1122542900,8.8790850400,8.9163921200,37141947,358860030.4800,1.707400,-1.239700
2019-11-05,8.8604315000,8.8604315000,8.4780339300,8.5433213200,83929340,774302470.0300,3.858100,-4.184100
2019-11-06,8.5060142400,8.6086087100,8.2541914500,8.3194788400,58147663,525880635.5900,2.673000,-2.620100
2019-11-07,8.3194788400,8.4407268500,8.2075576000,8.3940930000,37201456,333949607.2000,1.710100,0.896900
2019-11-08,8.4407268500,8.4687071600,8.2262111400,8.2448646800,43638485,389993283.7800,2.006000,-1.777800
2019-11-11,8.1982308300,8.1982308300,7.8624671100,7.8811206500,41170314,353751790.6200,1.892600,-4.411800
2019-11-12,7.9184277300,8.0210222000,7.8438135700,8.0116954300,30429020,259148362.7500,1.398800,1.656800
2019-11-13,7.9557348100,8.3754394600,7.8997741900,8.2448646800,53528040,468935397.4300,2.460600,2.910400
2019-11-14,8.1795772900,8.2541914500,7.9743883500,8.1609237500,38029015,332366629.2600,1.748200,-1.018100
2019-11-15,8.1609237500,8.3288056100,8.0303489700,8.1422702100,39285174,343852703.6900,1.805900,-0.228600
2019-11-18,8.0863095900,8.3008253000,8.0676560500,8.2355379100,28039118,246917875.8300,1.288900,1.145500
2019-11-19,8.2355379100,8.6365890200,8.1982308300,8.5713016300,67977842,618123925.4800,3.124900,4.077000
2019-11-20,8.5619748600,8.6179354800,8.3474591500,8.3567859200,50746522,459927234.1600,2.332800,-2.502700
2019-11-21,8.3101520700,8.4407268500,8.2262111400,8.3567859200,23258731,207724889.6800,1.069200,0.000000
2019-11-22,8.3381323800,8.4593803900,8.1609237500,8.1889040600,33374486,296763699.1400,1.534200,-2.008900
2019-11-25,8.1982308300,8.2355379100,8.0863095900,8.1422702100,21218997,185271342.7200,0.975400,-0.569500
2019-11-26,8.1609237500,8.2448646800,8.1142899000,8.1609237500,19047917,166612012.1700,0.875600,0.229100
2019-11-27,8.1515969800,8.2914985300,8.0303489700,8.2262111400,30095181,264513094.9800,1.383400,0.800000
2019-11-28,8.2168843700,8.2821717600,8.0863095900,8.1142899000,19216495,168454328.8200,0.883400,-1.360500
2019-11-29,8.1142899000,8.2448646800,8.0676560500,8.2448646800,22720168,198673234.0200,1.044400,1.609200
2019-12-02,8.2448646800,8.4127465400,8.2075576000,8.3101520700,29979523,267477900.9500,1.378100,0.791900
2019-12-03,8.2355379100,8.4314000800,8.1236166700,8.4314000800,32724343,292425618.9300,1.504300,1.459000
2019-12-04,8.3288056100,8.4500536200,8.3194788400,8.3940930000,26895308,241898067.3000,1.236300,-0.442500
2019-12-05,8.4220733100,8.5246677800,8.4127465400,8.4593803900,34461408,312910102.4500,1.584200,0.777800
2019-12-06,8.4780339300,8.5060142400,8.3661126900,8.4687071600,29484228,266768804.0100,1.355400,0.110300
2019-12-09,8.4966874700,8.5899551700,8.4407268500,8.4966874700,36383126,332279873.1300,1.672500,0.330400
2019-12-10,8.4500536200,8.5713016300,8.4127465400,8.5619748600,40214963,366436229.3100,1.848600,0.768400
2019-12-11,8.5339945500,8.5806284000,8.4034197700,8.4034197700,38925851,353222403.3500,1.789400,-1.851900
2019-12-12,8.3940930000,8.6925496400,8.3661126900,8.6086087100,75960080,697302055.5100,3.491800,2.441700
2019-12-13,8.6832228700,8.7018764100,8.5339945500,8.6272622500,58300926,537517671.7700,2.680000,0.216700
2019-12-16,8.6459157900,8.9257188900,8.6179354800,8.8977385800,86097200,812300512.0100,3.957800,3.135100
2019-12-17,8.9443724300,9.1215810600,8.9070653500,9.0003330500,86153460,832757591.1100,3.960400,1.153000
2019-12-18,8.9630259700,9.5412857100,8.9257188900,9.4013841600,128955813,1282085845.0200,5.928000,4.456000
2019-12-19,9.4200377000,9.6438801800,9.2521558400,9.4200377000,88840532,901629765.0400,4.083900,0.198400
2019-12-20,9.4480180100,9.4759983200,9.0096598200,9.0189865900,90740559,892907447.4200,4.171200,-4.257400
2019-12-23,8.9630259700,9.0283133600,8.6925496400,8.7018764100,56340725,535090602.3800,2.589900,-3.516000
2019-12-24,8.7391834900,8.9257188900,8.7298567200,8.9070653500,35948161,339828780.7500,1.652500,2.358000
2019-12-25,8.8884118100,8.9723527400,8.7858173400,8.8697582700,43165754,411338524.8200,1.984300,-0.418800
2019-12-26,8.9070653500,8.9070653500,8.7298567200,8.8884118100,44119827,417676001.3600,2.028100,0.210300
2019-12-27,8.9070653500,9.0936007500,8.8324511900,8.8511047300,56302785,542368115.1600,2.588200,-0.419700
2019-12-30,8.7764905700,8.9070653500,8.5619748600,8.8697582700,48102766,451978688.8800,2.211200,0.210800
2019-12-31,8.8697582700,8.9443724300,8.8044708800,8.8884118100,31253723,297482379.6400,1.436200,0.210300
2020-01-02,8.9443724300,9.2614826100,8.9257188900,9.1775416800,80685835,790672946.8500,3.707900,3.252900
2020-01-03,9.2894629200,9.2987896900,9.0936007500,9.1775416800,57297096,564606502.2400,2.633000,0.000000
2020-01-06,9.0656204400,9.3920573900,9.0376401300,9.2708093800,77236087,767641656.2400,3.549300,1.016300
2020-01-07,9.2614826100,9.5412857100,9.2428290700,9.4946518600,98327170,988050078.9100,4.518500,2.414500
2020-01-08,9.4293644700,9.4386912400,9.1122542900,9.1495613700,84121352,835379764.0600,3.865700,-3.634600
2020-01-09,9.2335023000,9.5692660200,9.2335023000,9.5319589400,117609759,1191034311.0100,5.404700,4.179400
2020-01-10,9.5692660200,9.5972463300,9.2894629200,9.4107109300,71032236,716835282.9500,3.264200,-1.272000
2020-01-13,9.3267700000,9.4573447800,9.1775416800,9.4573447800,58418160,584916079.7200,2.684600,0.495500
2020-01-14,9.4666715500,9.6345534100,9.3640770800,9.3734038500,75416591,767901819.3600,3.465700,-0.887600
2020-01-15,9.3734038500,9.4013841600,9.1868684500,9.2987896900,52158343,519159704.4500,2.396900,-0.796000
2020-01-16,9.2708093800,9.3827306200,9.1775416800,9.1868684500,46862518,465104383.5800,2.153500,-1.203600
2020-01-17,9.2148487600,9.3454235400,9.1682149100,9.1868684500,42947901,425336149.5000,1.973600,0.000000
2020-01-20,9.1961952200,9.3454235400,9.0283133600,9.2894629200,49802824,492175333.6100,2.288600,1.116700
2020-01-21,8.5153410100,8.6738961000,8.3567859200,8.3567859200,86411372,781635126.0600,3.971000,-10.040200
2020-01-22,8.0303489700,8.1609237500,7.8438135700,8.0769828200,123537986,1061983234.4600,5.677100,-3.348200
2020-01-23,7.9837151200,8.0863095900,7.5267033900,7.6479514000,86463136,724810142.7200,3.973300,-5.311800
2020-02-03,6.8831562600,6.8831562600,6.8831562600,6.8831562600,10108200,74598516.0000,0.464500,-10.000000
2020-02-04,6.2489359000,6.8458491800,6.2489359000,6.7805617900,89968691,644163942.3600,4.134400,-1.490500
2020-02-05,6.8085421000,7.1256522800,6.8085421000,6.9577704200,72651556,545266759.1700,3.338600,2.613500
2020-02-06,6.9857507300,7.4893963100,6.9018098000,7.3588215300,101134393,787355902.5000,4.647600,5.764100
2020-02-07,7.2935341400,8.0956363600,7.2655538300,8.0956363600,156937729,1332468114.4700,7.211900,10.012700
2020-02-10,8.2075576000,8.4500536200,7.8904474200,8.0116954300,162687514,1425118419.5700,7.476200,-1.036900
2020-02-11,8.0769828200,8.4873607000,7.9743883500,8.2448646800,138289263,1224848907.9500,6.355000,2.910400
2020-02-12,8.2448646800,9.0469669000,7.9837151200,8.9163921200,179488538,1669677593.6900,8.248300,8.144800
2020-02-13,8.9443724300,9.1682149100,8.6272622500,9.0283133600,159536208,1518514432.3500,7.331400,1.255200
2020-02-14,8.8604315000,8.9350456600,8.5339945500,8.6272622500,126224781,1180766448.0800,5.800600,-4.442200
2020-02-17,8.7764905700,9.0656204400,8.5992819400,8.9443724300,123379841,1171865054.8400,5.669800,3.675700
2020-02-18,8.9443724300,9.5692660200,8.8697582700,9.2521558400,147660695,1467669551.6700,6.785600,3.441100
2020-02-19,9.1868684500,9.4480180100,8.9536992000,9.0096598200,136026338,1343768045.0300,6.251000,-2.621000
2020-02-20,9.1868684500,9.3734038500,9.0562936700,9.2801361500,119401617,1181674856.3300,5.487000,3.002100
2020-02-21,9.3267700000,10.0542580600,9.2801361500,9.6998408000,189626751,1980857866.3600,8.714100,4.522600
2020-02-24,9.8024352700,10.3060808500,9.5319589400,10.0729116000,213120421,2270892045.9700,9.793800,3.846200
2020-02-25,9.7558014200,9.9236832800,9.1402346000,9.8210888100,191041965,1985209532.7800,8.779200,-2.500000
2020-02-26,9.6345534100,10.8003996600,9.3454235400,10.4459824000,351071088,3899799125.2600,16.133200,6.362800
2020-02-27,10.4553091700,10.7257855000,9.6811872600,10.1475257600,263530383,2891114933.8000,12.110300,-2.857100
2020-02-28,9.6998408000,9.9143565100,9.1309078300,9.1309078300,175370828,1777844749.7900,8.059000,-10.018400
2020-03-02,9.1309078300,9.5879195600,9.0283133600,9.3734038500,130657478,1309689552.8200,6.004300,2.655800
2020-03-03,9.5692660200,9.9330100500,9.3267700000,9.4386912400,126173947,1303494762.4900,5.798200,0.696500
2020-03-04,9.3454235400,9.6718604900,9.2148487600,9.5879195600,94397445,959560187.7000,4.338000,1.581000
2020-03-05,10.0729116000,10.1941596100,9.5692660200,9.7278211100,125271770,1320120859.7100,5.756800,1.459100
2020-03-06,9.5133054000,9.9050297400,9.4666715500,9.6158998700,84288286,877951243.3200,3.873400,-1.150500
2020-03-09,9.2614826100,9.4013841600,8.6552425600,8.6645693300,147548836,1429940647.7000,6.780500,-9.893300
2020-03-10,8.6272622500,9.2335023000,8.4873607000,9.1215810600,109957921,1045952422.0100,5.053000,5.274500
2020-03-11,9.1588881400,9.4853250900,9.0003330500,9.0376401300,107039927,1063890481.1500,4.918900,-0.920200
2020-03-12,8.9257188900,9.1868684500,8.7858173400,9.0003330500,67787067,652630251.6400,3.115100,-0.412800
2020-03-13,8.4407268500,8.9910062800,8.4407268500,8.8324511900,86963480,807972032.9800,3.996300,-1.865300
2020-03-16,8.9163921200,8.9630259700,7.9464080400,7.9743883500,150095300,1337874032.7700,6.897500,-9.714900
2020-03-17,8.0583292800,8.1702505200,7.5640104700,7.9091009600,69567046,587937223.9100,3.196900,-0.818700
2020-03-18,8.0116954300,8.0583292800,7.5826640100,7.5826640100,84396461,711760478.4700,3.878400,-4.127400
2020-03-19,7.6292978600,7.7691994100,7.4241089200,7.7132387900,84906108,690564404.2200,3.901800,1.722000
2020-03-20,7.7878529500,7.8344868000,7.5267033900,7.6199710900,70674951,579573764.9700,3.247800,-1.209200
2020-03-23,7.3588215300,7.4987230800,7.1816129000,7.2282467500,59689462,469115326.8900,2.743000,-5.140800
2020-03-24,7.3774750700,7.5640104700,7.2562270600,7.5267033900,72198993,574686570.7300,3.317800,4.129000
2020-03-25,7.6945852500,7.7412191000,7.5173766200,7.6106443200,72226834,591400753.8500,3.319100,1.115200
2020-03-26,7.6013175500,7.6666049400,7.4427624600,7.5080498500,43990837,355559270.3700,2.021600,-1.348000
2020-03-27,7.6199710900,7.6759317100,7.4800695400,7.5173766200,43677994,354951825.5400,2.007200,0.124200
2020-03-30,7.4241089200,7.4241089200,7.1629593600,7.3121876800,41355134,322528067.0300,1.900400,-2.729500
2020-03-31,7.4334356900,7.4707427700,7.2562270600,7.2748806000,29017215,228965914.1100,1.333500,-0.510200
2020-04-01,7.2469002900,7.4893963100,7.2375735200,7.2935341400,37287802,294560253.3000,1.713500,0.256400
2020-04-02,7.2189199800,7.6199710900,7.2095932100,7.6199710900,51268969,410731811.4500,2.356000,4.475700
2020-04-03,7.5733372400,7.7971797200,7.4707427700,7.6479514000,56158785,458919797.2400,2.580700,0.367200
2020-04-07,7.7971797200,7.8344868000,7.7039120200,7.7878529500,50719601,422711215.4400,2.330800,1.829300
2020-04-08,7.5733372400,7.6106443200,7.4334356900,7.4987230800,87806601,707753232.3800,4.035100,-3.712600
2020-04-09,7.5360301600,8.0210222000,7.4987230800,7.8251600300,105059266,875156241.8900,4.827900,4.353200
2020-04-10,7.7412191000,7.8344868000,7.4520892300,7.5173766200,69343182,564634557.7900,3.186600,-3.933300
2020-04-13,7.4893963100,7.4893963100,7.3681483000,7.3774750700,27102349,215258475.9100,1.245500,-1.861000
2020-04-14,7.4054553800,7.6292978600,7.4054553800,7.6013175500,33804909,272794743.5300,1.553500,3.034100
2020-04-15,7.5733372400,7.6945852500,7.5173766200,7.5267033900,41121661,335418909.0300,1.889700,-0.981600
2020-04-16,7.5267033900,7.6479514000,7.4707427700,7.6013175500,33491164,272267931.1100,1.539100,0.991300
2020-04-17,7.6479514000,7.8158332600,7.5640104700,7.6106443200,56772845,468630102.2200,2.609000,0.122700
2020-04-20,7.6759317100,7.9557348100,7.6386246300,7.8997741900,86216948,724098038.3800,3.962000,3.799000
2020-04-21,7.8717938800,8.4873607000,7.8251600300,8.3288056100,144451968,1275383789.5300,6.638200,5.430900
2020-04-22,8.2075576000,8.6272622500,8.1329434400,8.3847662300,114135728,1024451378.7400,5.245000,0.671900
2020-04-23,8.3661126900,8.3940930000,8.0863095900,8.0956363600,73527870,645497337.2300,3.331200,-3.448300
2020-04-24,8.0210222000,8.1422702100,7.6572781700,7.6759317100,77426666,650568637.5300,3.507800,-5.184300
2020-04-27,8.0116954300,8.0863095900,7.6666049400,7.6666049400,77830545,657229660.9100,3.526100,-0.121500
2020-04-28,7.5267033900,7.5360301600,6.9297901100,7.3494947600,88951130,695279957.8100,4.029900,-4.136300
2020-04-29,7.3028609100,7.4241089200,7.1536325900,7.2189199800,43738494,341550297.1800,1.981600,-1.776700
2020-04-30,7.2748806000,7.6945852500,7.2748806000,7.6479514000,63579725,512573376.3300,2.880500,5.943200
2020-05-06,7.5453569300,7.8904474200,7.5080498500,7.8904474200,60950823,507686224.3200,2.761400,3.170700
2020-05-07,7.8904474200,8.0583292800,7.7691994100,7.7971797200,56303672,475957581.3600,2.550800,-1.182000
2020-05-08,7.9370812700,8.0023686600,7.7971797200,7.9557348100,52475523,445542992.2100,2.377400,2.033500
2020-05-11,7.9557348100,8.0583292800,7.8997741900,8.0023686600,51886527,443646010.9300,2.350700,0.586200
2020-05-12,7.9930418900,8.0396757400,7.7412191000,7.9650615800,42061761,356478133.1400,1.905600,-0.466200
2020-05-13,7.9091009600,7.9184277300,7.8158332600,7.8531403400,34353304,289554114.7200,1.556400,-1.405200
2020-05-14,7.7878529500,7.8344868000,7.6199710900,7.6479514000,45734839,379097341.2000,2.072000,-2.612800
2020-05-15,7.6945852500,7.7505458700,7.5267033900,7.5640104700,46740032,381379378.8300,2.117600,-1.097600
2020-05-18,7.5640104700,7.6013175500,7.3028609100,7.3681483000,46591809,370680600.6600,2.110800,-2.589400
2020-05-19,7.4614160000,7.5173766200,7.3774750700,7.4427624600,36640208,292108769.5300,1.660000,1.012700
2020-05-20,7.4427624600,7.5826640100,7.3401679900,7.4427624600,42310874,338761941.6400,1.916900,0.000000
2020-05-21,7.4800695400,7.5080498500,7.2935341400,7.3121876800,32557495,257055191.7300,1.475000,-1.754400
2020-05-22,7.2748806000,7.3868018400,7.1816129000,7.2375735200,28265550,220576014.0300,1.280600,-1.020400
2020-05-25,7.2469002900,7.3308412200,7.2002664400,7.2562270600,19276590,150216767.2700,0.873300,0.257700
2020-05-26,7.2748806000,7.4241089200,7.2562270600,7.4241089200,26835217,211886960.0600,1.215800,2.313600
2020-05-27,7.3681483000,7.4241089200,7.2282467500,7.2562270600,32494269,254603999.6100,1.472200,-2.261300
2020-05-28,7.2562270600,7.3401679900,7.0696916600,7.2375735200,34679794,267845029.6100,1.571200,-0.257100
2020-05-29,7.2002664400,7.3215144500,7.1629593600,7.2655538300,31702931,247072905.3000,1.436300,0.386600
2020-06-01,7.4528126800,7.6494321100,7.3779100400,7.5932551300,68197075,549227678.2100,3.089700,4.510300
2020-06-02,7.5932551300,7.7805117300,7.5277153200,7.7711489000,79784590,652978345.8300,3.614600,2.342800
2020-06-03,7.7524232400,7.7805117300,7.5745294700,7.5932551300,69357546,565916571.4000,3.142200,-2.289200
2020-06-04,7.5838923000,7.6119807900,7.3123702300,7.4340870200,66654422,533065392.1400,3.019800,-2.096200
2020-06-05,7.4153613600,7.4621755100,7.3591843800,7.4434498500,34379404,272018690.8500,1.557600,0.125900
2020-06-08,7.4809011700,7.5370781500,7.3123702300,7.3310958900,47636661,376417600.8300,2.158200,-1.509400
2020-06-09,7.3404587200,7.4715383400,7.2561932500,7.4434498500,42463683,334745008.2700,1.923800,1.532600
2020-06-10,7.4715383400,7.7243347500,7.4340870200,7.6213436200,83094426,676072468.5700,3.764600,2.389900
2020-06-11,7.5838923000,7.7992373900,7.5558038100,7.5932551300,81714004,670004976.9000,3.702100,-0.368600
2020-06-12,7.4340870200,8.3516443600,7.4247241900,8.2392904000,231914605,1989090179.9900,10.506900,8.508000
2020-06-15,8.1643877600,8.3797328500,8.0988479500,8.0988479500,147851214,1300080705.2300,6.698400,-1.704600
2020-06-16,8.2299275700,8.2767417200,7.9209541800,8.0520338000,106944050,917696677.4400,4.845100,-0.578000
2020-06-17,8.0333081400,8.1737505900,7.8554143700,8.0707594600,92437560,790883780.8400,4.187900,0.232600
2020-06-18,8.0426709700,8.1269364400,7.9209541800,7.9864939900,56501062,482507194.5200,2.559800,-1.044100
2020-06-19,7.9490426700,8.0801222900,7.8835028600,8.0239453100,61710341,526642758.9600,2.795800,0.468900
2020-06-22,8.0707594600,8.4827239800,8.0707594600,8.4171841700,118647685,1049951779.3000,5.375300,4.900800
2020-06-23,8.3984585100,8.4078213400,8.1362992700,8.2112019100,70671915,619549876.1500,3.201800,-2.447200
2020-06-24,8.2112019100,8.4265470000,8.1831134200,8.2299275700,65582743,580474445.0400,2.971200,0.228000
2020-06-29,8.1082107800,8.1082107800,7.8366887100,7.8647772000,62237095,526638071.5900,2.819700,-4.436900
2020-06-30,7.9303170100,8.0333081400,7.8928656900,7.9490426700,47900395,407202905.9000,2.170100,1.071400
2020-07-01,8.0052196500,8.1269364400,7.8273258800,7.9677683300,54697629,466986676.8200,2.478100,0.235600
2020-07-02,7.9584055000,8.7636088800,7.9396798400,8.7636088800,224517952,2073419654.2700,10.171800,9.988200
2020-07-03,8.8385115200,9.2411132100,8.7355203900,9.1006707600,235138542,2256551209.1200,10.653000,3.846200
2020-07-06,9.1100335900,9.5500866000,9.1100335900,9.4283698100,172246926,1720168659.7300,7.803700,3.600800
2020-07-07,9.5126352800,10.1118564000,9.3347415100,9.3441043400,186601761,1924013632.4200,8.454000,-0.893700
2020-07-08,9.3066530200,9.7279803700,9.2879273600,9.5313609400,129115441,1310601130.7200,5.849600,2.004000
2020-07-09,9.4939096200,9.9807767800,9.4190069800,9.8309715000,164961478,1708849028.5800,7.473600,3.143400
2020-07-10,9.9245998000,10.1867590400,9.5219981100,9.6062635800,144734443,1520357688.9300,6.557200,-2.285700
2020-07-13,9.5219981100,10.4863696000,9.5219981100,10.2429360200,165491208,1799507141.0600,7.497600,6.627700
2020-07-14,10.2429360200,10.3272014900,9.6624405600,9.9152369700,129573563,1380352181.6100,5.870300,-3.199300
2020-07-15,9.9620511200,10.0463165900,9.1287592500,9.1568477400,152475522,1538975574.4500,6.923000,-7.648700
2020-07-16,9.2504760400,10.0275909300,9.0819451000,9.1942990600,185124879,1891053205.3600,8.405400,0.409000
2020-07-17,9.4845467900,9.4845467900,8.7074319000,8.9134141600,124818614,1203644782.0000,5.667200,-3.055000
2020-07-20,8.5389009600,8.6138036000,8.0801222900,8.5389009600,192509715,1712514813.7800,8.740700,-4.201700
2020-07-21,8.4171841700,8.6793434100,8.3797328500,8.4920868100,96676224,880896920.0900,4.389500,-0.548200
2020-07-22,8.4359098300,8.8291486900,8.4359098300,8.6606177500,124635136,1148799455.0900,5.658900,1.984600
2020-07-23,8.5576266200,8.6699805800,8.1924762500,8.4639983200,107871928,967949526.7200,4.897800,-2.270300
2020-07-24,8.4265470000,8.5669894500,7.9864939900,8.0333081400,98107343,863446437.4400,4.454400,-5.088500
2020-07-27,8.0613966300,8.1362992700,7.8835028600,8.0239453100,52161436,445818213.5500,2.368300,-0.116600
2020-07-28,8.0801222900,8.1643877600,7.9771311600,8.0988479500,49442254,426231719.1400,2.244900,0.933500
2020-07-29,8.0894851200,8.3984585100,7.9864939900,8.3890956800,79769905,702120315.8000,3.621900,3.583800
2020-07-30,8.4078213400,8.4452726600,8.2205647400,8.2205647400,60532806,536187630.5500,2.748400,-2.008900
2020-07-31,8.2112019100,8.5014496400,8.2112019100,8.3890956800,73189463,653037839.2000,3.323100,2.050100
2020-08-03,8.4078213400,8.6887062400,8.3516443600,8.6606177500,85569772,783292057.9200,3.885200,3.236600
2020-08-04,8.6606177500,8.6793434100,8.4733611500,8.5295381300,67946873,620354493.2100,3.085000,-1.513500
2020-08-05,8.6044407700,8.6325292600,8.4359098300,8.5576266200,49965956,455379024.7900,2.268600,0.329300
2020-08-06,8.5576266200,8.5576266200,8.2486532300,8.4546354900,71551855,641636328.9600,3.248700,-1.203500
2020-08-07,8.4265470000,8.4359098300,8.1737505900,8.2861045500,51491415,456266097.6400,2.337900,-1.993400
2020-08-10,8.2580160600,8.4452726600,8.2299275700,8.3703700200,47096163,421152353.6100,2.138300,1.016900
2020-08-11,8.3797328500,8.4171841700,8.0520338000,8.1082107800,52521836,464411530.7700,2.384700,-3.132000
2020-08-12,8.0894851200,8.1737505900,7.8460515400,8.0520338000,59216289,505783401.0900,2.688600,-0.692800
2020-08-13,8.0613966300,8.3235558700,8.0520338000,8.1831134200,47707447,418688100.4200,2.166100,1.627900
2020-08-14,8.1269364400,8.2861045500,8.0707594600,8.2580160600,31886492,278720973.6100,1.447800,0.915300
2020-08-17,8.2954673800,8.5108124700,8.2580160600,8.4452726600,57646242,517995548.4500,2.617400,2.267600
2020-08-18,8.4546354900,8.4639983200,8.3610071900,8.4265470000,37436899,336431012.1300,1.699800,-0.221700
2020-08-19,8.4265470000,8.4265470000,8.1737505900,8.2018390800,43685639,386856519.4000,1.983500,-2.666700
2020-08-20,8.1550249300,8.2861045500,8.0894851200,8.1643877600,29514572,258246111.4700,1.340100,-0.456600
2020-08-21,8.2392904000,8.3235558700,8.1362992700,8.2392904000,31682795,278792138.1400,1.438500,0.917400
2020-08-24,8.3048302100,8.5669894500,8.2018390800,8.4639983200,69434014,625049649.9500,3.152600,2.727300
2020-08-25,8.4733611500,8.7542460500,8.3703700200,8.7167947300,119721478,1102993832.7300,5.435800,2.986700
2020-08-26,8.8478743500,9.0257681200,8.4546354900,8.5389009600,99883701,928473601.5600,4.535100,-2.040800
2020-08-27,8.5295381300,9.0257681200,8.4733611500,8.9321398200,126360746,1189888814.4700,5.737200,4.605300
2020-08-28,8.8010602000,8.8666000100,8.6606177500,8.8478743500,82510684,772209011.3600,3.746300,-0.943400
2020-08-31,8.8946885000,8.9134141600,8.5389009600,8.5763522800,103626297,960706292.0100,4.705000,-3.068800
2020-09-01,8.5389009600,8.5950779400,8.3797328500,8.5669894500,75011410,679093237.6300,3.405800,-0.109200
2020-09-02,8.5108124700,9.0164052900,8.4827239800,8.9321398200,191345419,1798590793.7200,8.687800,4.262300
2020-09-03,8.8759628400,8.8759628400,8.6138036000,8.7261575600,99036599,922551697.8900,4.496600,-2.306100
2020-09-04,8.5108124700,9.0632194400,8.4827239800,8.9976796300,136692569,1289985453.3800,6.206400,3.111600
2020-09-07,9.0070424600,9.4845467900,8.9508654800,9.1006707600,201481392,1981125725.5100,9.148000,1.144600
2020-09-08,9.1193964200,9.5313609400,9.0257681200,9.5313609400,181197795,1804631967.9700,8.227100,4.732500
2020-09-09,9.3628300000,9.4096441500,8.9227769900,8.9508654800,165226436,1626645336.6400,7.501900,-6.090400
2020-09-10,9.0538566100,9.0632194400,7.8835028600,8.0520338000,168927642,1520274565.5300,7.669900,-10.041800
2020-09-11,7.9584055000,8.2486532300,7.9115913500,8.1643877600,66708401,577712149.6900,3.028800,1.395300
2020-09-14,8.2299275700,8.5108124700,8.1550249300,8.4546354900,87702834,785018900.2200,3.982000,3.555000
2020-09-15,8.4265470000,8.5857151100,8.3141930400,8.4171841700,62268300,561495643.3300,2.827200,-0.443000
2020-09-16,8.3422815300,8.4920868100,8.1737505900,8.2861045500,59888768,532666741.3900,2.719200,-1.557300
2020-09-17,8.2861045500,8.4546354900,8.1831134200,8.3329187000,53962274,481242674.4900,2.450100,0.565000
2020-09-18,8.3141930400,8.4359098300,8.1550249300,8.4171841700,64057546,568290608.3300,2.908500,1.011200
2020-09-21,8.4359098300,8.4920868100,8.2580160600,8.3048302100,51021236,456579937.3800,2.316600,-1.334800
2020-09-22,8.2018390800,8.2673788900,8.0613966300,8.0894851200,51998394,453611059.6600,2.360900,-2.593000
2020-09-23,8.1175736100,8.1550249300,8.0145824800,8.1456621000,38870258,336067298.8200,1.764900,0.694400
2020-09-24,8.0520338000,8.0613966300,7.7243347500,7.7336975800,59200105,497100144.1200,2.687900,-5.057500
2020-09-25,7.7898745600,7.8366887100,7.5370781500,7.6307064500,34490164,283351080.3000,1.566000,-1.331700
2020-09-28,7.6868834300,7.7056090900,7.4996268300,7.5183524900,26225139,212059636.9300,1.190700,-1.472400
2020-09-29,7.5838923000,7.6681577700,7.5464409800,7.5838923000,26339032,214292927.9300,1.195900,0.871700
2020-09-30,7.6213436200,7.6587949400,7.4996268300,7.5277153200,24213625,196062551.8000,1.099400,-0.740700
2020-10-09,7.6868834300,7.8086002200,7.6494321100,7.7430604100,32906742,272273016.6600,1.494100,2.860700
2020-10-12,7.7992373900,8.0145824800,7.7617860700,8.0052196500,43137480,365216712.8900,1.958600,3.385700
2020-10-13,8.0052196500,8.0052196500,7.8647772000,7.9584055000,34744890,293790994.9100,1.577500,-0.584800
2020-10-14,7.9396798400,7.9490426700,7.7898745600,7.8086002200,31122560,260519030.6600,1.413100,-1.882400
2020-10-15,7.8086002200,7.9022285200,7.6962462600,7.8273258800,31013012,258616616.5300,1.408100,0.239800
2020-10-16,7.7805117300,7.8179630500,7.6587949400,7.7243347500,26473522,218662346.5500,1.202000,-1.315800
2020-10-19,7.7524232400,7.9396798400,7.7149719200,7.7336975800,30092701,250991181.2500,1.366300,0.121200
2020-10-20,7.8273258800,7.9303170100,7.7524232400,7.9115913500,37115049,311904255.1200,1.685200,2.300200
2020-10-21,7.9115913500,7.9209541800,7.6681577700,7.7524232400,30076199,249378478.5900,1.365600,-2.011800
2020-10-22,7.7149719200,7.8366887100,7.6400692800,7.7805117300,21489948,178424382.2800,0.975700,0.362300
2020-10-23,7.7805117300,7.8460515400,7.6587949400,7.6775206000,22464881,185555337.7900,1.020000,-1.323700
2020-10-26,7.6681577700,7.6962462600,7.5464409800,7.6026179600,23859112,194044823.3000,1.083300,-0.975600
2020-10-27,7.5558038100,7.6026179600,7.4434498500,7.4809011700,30663865,245914578.6200,1.392300,-1.601000
2020-10-28,7.4809011700,7.5838923000,7.2655560800,7.5838923000,44562968,353236883.5100,2.023300,1.376700
2020-10-29,7.4434498500,7.7056090900,7.4059985300,7.6307064500,33848854,275195593.4700,1.536900,0.617300
2020-10-30,7.6307064500,7.6868834300,7.2561932500,7.2749189100,40308991,319963871.4100,1.830200,-4.662600
2020-11-02,7.2655560800,7.3498215500,7.0970251400,7.2842817400,32586386,251870391.9400,1.479500,0.128700
2020-11-03,7.3030074000,7.6400692800,7.3030074000,7.5277153200,37582193,302343959.1600,1.706400,3.341900
2020-11-04,7.5651666400,7.6119807900,7.3591843800,7.4434498500,24224074,192722864.6600,1.099900,-1.119400
2020-11-05,7.5464409800,7.6587949400,7.4340870200,7.6119807900,37591605,303451617.0600,1.706800,2.264200
2020-11-06,7.6494321100,7.7056090900,7.5183524900,7.5558038100,29341110,238050327.9700,1.332200,-0.738000
2020-11-09,7.6119807900,7.7617860700,7.5932551300,7.6868834300,70630774,579466208.2200,3.206900,1.734800
2020-11-10,7.6962462600,7.6962462600,7.4247241900,7.4809011700,46866314,377210609.3500,2.127900,-2.679700
2020-11-11,7.4621755100,7.4809011700,7.3123702300,7.3123702300,30730772,241711825.5600,1.395300,-2.252800
2020-11-12,7.3498215500,7.4153613600,7.3030074000,7.3217330600,20970787,164544287.3400,0.952200,0.128000
2020-11-13,7.3310958900,7.3966357000,7.2281047600,7.3779100400,19590446,153049935.1300,0.889500,0.767300
2020-11-16,7.4153613600,7.4340870200,7.3310958900,7.3685472100,18948730,149117823.7700,0.860300,-0.126900
2020-11-17,7.3310958900,7.3591843800,7.2468304200,7.3217330600,22815551,177547834.8600,1.035900,-0.635300
2020-11-18,7.3310958900,7.3966357000,7.3123702300,7.3591843800,21005820,165056161.6400,0.953700,0.511500
2020-11-19,7.3123702300,7.3779100400,7.2842817400,7.3779100400,19998465,156996660.1600,0.908000,0.254500
2020-11-20,7.3498215500,7.3966357000,7.3030074000,7.3310958900,22084674,172968505.7700,1.002700,-0.634500
2020-11-23,7.3591843800,7.4153613600,7.2561932500,7.3404587200,31108616,243312986.8800,1.412400,0.127700
2020-11-24,7.3310958900,7.4059985300,7.2936445700,7.3217330600,25105068,197028968.3400,1.139900,-0.255100
2020-11-25,7.3217330600,7.4247241900,7.3123702300,7.3404587200,29252059,229824860.8800,1.328200,0.255800
2020-11-26,7.3217330600,7.3498215500,7.2749189100,7.3123702300,22382696,174573265.6700,1.016300,-0.382700
2020-11-27,7.3030074000,7.3310958900,7.1625649500,7.2468304200,25073605,193933358.0200,1.138400,-0.896300
2020-11-30,7.2561932500,7.3498215500,7.2187419300,7.2374675900,25995463,202180507.6200,1.180300,-0.129200
2020-12-01,7.2187419300,7.3404587200,7.2000162700,7.3123702300,27155738,211194746.2700,1.233000,1.034900
2020-12-02,7.3217330600,7.3591843800,7.2655560800,7.3498215500,30329523,237141533.5500,1.377100,0.512200
2020-12-03,7.3685472100,7.3779100400,7.2936445700,7.2936445700,23178934,181060904.8000,1.052400,-0.764300
2020-12-04,7.3123702300,7.3123702300,7.2281047600,7.3030074000,20131707,156241573.9500,0.914100,0.128400
2020-12-07,7.3123702300,7.3123702300,7.1906534400,7.2000162700,24699591,190899597.7900,1.121500,-1.410300
2020-12-08,7.2093791000,7.2468304200,7.1157508000,7.1532021200,22380046,171304581.5200,1.016100,-0.650200
2020-12-09,7.1438392900,7.1532021200,6.9284942000,6.9378570300,35661197,267208194.6200,1.617700,-3.010500
2020-12-10,6.9378570300,6.9378570300,6.6382464700,6.6944234500,46131118,333160006.4100,2.092700,-3.508800
2020-12-11,6.6850606200,6.7225119400,6.4135385500,6.4790783600,47801201,332619963.8200,2.168400,-3.216800
2020-12-14,6.4790783600,6.6850606200,6.3948128900,6.6007951500,23965032,168409914.1100,1.087100,1.878600
2020-12-15,6.6007951500,6.6476093000,6.5165296800,6.5446181700,17862842,125384618.8900,0.810300,-0.851100
2020-12-16,6.5633438300,6.5633438300,6.3948128900,6.4229013800,20909687,144085426.3000,0.948500,-1.859800
2020-12-17,6.4229013800,6.5727066600,6.3011845900,6.5446181700,28068640,193275267.5600,1.273300,1.895000
2020-12-18,6.6007951500,6.6756977900,6.4884411900,6.5258925100,21277849,149482563.0200,0.965200,-0.286100
2020-12-21,6.4978040200,6.6007951500,6.4135385500,6.5258925100,20024375,139744790.3600,0.908400,0.000000
2020-12-22,6.4884411900,6.5165296800,6.2824589300,6.2918217600,28872406,197359351.0500,1.309700,-3.586800
2020-12-23,6.3479987400,6.4229013800,6.1420164800,6.4229013800,37521245,252476342.9400,1.702100,2.083300
2020-12-24,6.3760872300,6.4135385500,6.1981934600,6.2169191200,24607697,164668054.6800,1.116300,-3.207000
2020-12-25,6.2356447800,6.3386359100,6.1794678000,6.2824589300,19709328,132091023.1700,0.894100,1.054200
2020-12-28,6.2543704400,6.2918217600,5.9641227100,6.0296625200,41005384,265254441.2300,1.860100,-4.023800
2020-12-29,6.0390253500,6.5071668500,6.0296625200,6.3105474200,55867980,379169719.8900,2.534400,4.658400
2020-12-30,6.3667244000,6.3760872300,6.2169191200,6.2637332700,27371268,183546500.9900,1.241700,-0.741800
2020-12-31,6.2356447800,6.4884411900,6.2356447800,6.4509898700,38821832,265982012.8800,1.761100,2.989500
2021-01-04,6.4697155300,6.5165296800,6.4041757200,6.4603527000,32139784,221937220.2100,1.458000,0.145100
2021-01-05,6.4509898700,6.5727066600,6.4229013800,6.5258925100,33968281,236081745.9600,1.540900,1.014500
2021-01-06,6.5352553400,6.5352553400,6.3011845900,6.3386359100,33156174,225516824.1900,1.504100,-2.869400
2021-01-07,6.3199102500,6.3292730800,6.0483881800,6.1326536500,34662498,227525235.0600,1.572400,-3.249600
2021-01-08,6.1513793100,6.5820694900,6.0764766700,6.4322642100,56171860,385858252.8900,2.548100,4.885500
2021-01-11,6.3854500600,6.5446181700,6.3011845900,6.3292730800,33782483,231128970.4000,1.532500,-1.601200
2021-01-12,6.3292730800,6.4416270400,6.2356447800,6.3292730800,30642080,206840785.9500,1.390000,0.000000
2021-01-13,6.3199102500,6.3199102500,6.1326536500,6.1981934600,31893370,211603663.7400,1.446800,-2.071000
2021-01-14,6.1513793100,6.4322642100,6.1326536500,6.3292730800,34067420,229403641.3600,1.545400,2.114800
2021-01-15,6.3292730800,6.4697155300,6.1981934600,6.2450076100,39107777,263748873.3700,1.774100,-1.331400
2021-01-18,6.2543704400,6.3854500600,6.2075562900,6.3292730800,30320567,205101148.1800,1.375400,1.349300
2021-01-19,6.3479987400,6.5071668500,6.2824589300,6.4322642100,42949234,294498059.0500,1.948300,1.627200
2021-01-20,6.4603527000,6.4884411900,6.3199102500,6.3948128900,29458272,200754164.0700,1.336300,-0.582200
2021-01-21,6.3573615700,6.4790783600,6.3011845900,6.3948128900,34284626,234119229.0300,1.555300,0.000000
2021-01-22,6.3667244000,6.3760872300,6.1794678000,6.2169191200,35018485,233068357.6400,1.588600,-2.781800
2021-01-25,6.2075562900,6.2075562900,5.9922112000,6.0015740300,34658297,224679573.8600,1.572200,-3.463900
2021-01-26,6.0015740300,6.1420164800,5.9641227100,6.0109368600,24245126,156236809.1400,1.099800,0.156000
2021-01-27,6.0296625200,6.0858395000,5.9266713900,6.0109368600,19643425,126021561.8600,0.891100,0.000000
2021-01-28,5.9828483700,6.1701049700,5.9734855400,6.0858395000,31396460,203846004.6400,1.424200,1.246100
2021-01-29,6.0483881800,6.0952023300,5.5334325300,5.6270608300,68051729,415471148.0500,3.087100,-7.538500
2021-02-01,5.8517687500,6.2169191200,5.8517687500,6.0764766700,63673891,411617698.5300,2.888500,7.986700
2021-02-02,6.0109368600,6.1045651600,5.9266713900,6.0858395000,37308233,239511204.1300,1.692400,0.154100
2021-02-03,6.0858395000,6.0952023300,5.8049546000,5.8517687500,30952578,196465010.4100,1.404100,-3.846200
2021-02-04,5.8611315800,5.8611315800,5.6645121500,5.7300519600,26271088,160730665.2900,1.191700,-2.080000
2021-02-05,5.7394147900,5.8798572400,5.6457864900,5.6738749800,22798591,139773811.5200,1.034200,-0.980400
2021-02-08,5.6738749800,5.7581404500,5.6270608300,5.7206891300,20446432,124764410.6200,0.927500,0.825100
2021-02-09,5.7394147900,5.8236802600,5.6832378100,5.8049546000,22904383,141041339.0200,1.039000,1.473000
2021-02-10,5.8424059200,5.8892200700,5.7675032800,5.8611315800,22817498,142137941.2000,1.035100,0.967700
2021-02-18,5.9266713900,6.2356447800,5.9266713900,6.1794678000,45381750,297043085.1500,2.058700,5.431300
2021-02-19,6.1513793100,6.4509898700,6.1326536500,6.4416270400,49429449,335235937.7000,2.242300,4.242400
2021-02-22,6.4416270400,6.5633438300,6.3292730800,6.3479987400,63858919,440399652.4700,2.896900,-1.453500
2021-02-23,6.3667244000,6.4135385500,6.1701049700,6.2450076100,48954255,327339971.4400,2.220700,-1.622400
2021-02-24,6.2730961000,6.3573615700,6.1981934600,6.2730961000,42061011,282091796.5100,1.908000,0.449800
2021-02-25,6.3105474200,6.3292730800,6.1794678000,6.1981934600,28623509,189873293.0800,1.298500,-1.194000
2021-02-26,6.2075562900,6.2918217600,6.1513793100,6.2450076100,36831287,244966747.0500,1.670800,0.755300
2021-03-01,6.2730961000,6.3479987400,6.2543704400,6.3105474200,31348239,210922444.3000,1.422100,1.049500
2021-03-02,6.3386359100,6.3386359100,6.1607421400,6.2730961000,31316148,207954098.3000,1.420600,-0.593500
2021-03-03,6.2262819500,6.2730961000,6.1794678000,6.2637332700,24392103,162437392.6300,1.106500,-0.149300
2021-03-04,6.2450076100,6.3199102500,6.2075562900,6.2356447800,25087700,167508641.2700,1.138100,-0.448400
2021-03-05,6.2262819500,6.4041757200,6.2075562900,6.3854500600,42603826,288399225.4000,1.932600,2.402400
2021-03-08,6.4416270400,6.4509898700,6.3011845900,6.3105474200,32926172,224168769.7700,1.493600,-1.173000
2021-03-09,6.3105474200,6.4135385500,6.1420164800,6.2356447800,40145478,269380470.9100,1.821100,-1.186900
2021-03-10,6.2543704400,6.2730961000,5.9266713900,5.9547598800,36786310,238314444.6700,1.668700,-4.504500
2021-03-11,5.9641227100,6.0577510100,5.9079457300,6.0296625200,22014475,140954326.5600,0.998600,1.257900
2021-03-12,6.0296625200,6.0483881800,5.9079457300,5.9266713900,21438905,136022484.6300,0.972500,-1.708100
2021-03-15,5.9453970500,5.9734855400,5.8517687500,5.9173085600,18689014,118125064.7300,0.847800,-0.158000
2021-03-16,5.9173085600,6.0202996900,5.8798572400,6.0109368600,19014411,120830461.5100,0.862600,1.582300
2021-03-17,5.9922112000,6.0390253500,5.9453970500,6.0202996900,17743408,113402285.5700,0.804900,0.155800
2021-03-18,6.0015740300,6.0202996900,5.9360342200,5.9453970500,17303750,110192061.0300,0.785000,-1.244200
2021-03-19,5.9266713900,5.9922112000,5.8892200700,5.9547598800,17952245,114163536.6900,0.814400,0.157500
2021-03-22,5.9360342200,6.0015740300,5.9360342200,5.9828483700,14999170,95746066.2000,0.680400,0.471700
2021-03-23,6.0015740300,6.1045651600,5.9734855400,6.0952023300,29471250,190283579.0900,1.336900,1.877900
2021-03-24,6.0858395000,6.1139279900,6.0390253500,6.0671138400,18415379,119445918.5900,0.835400,-0.460800
2021-03-25,6.0858395000,6.2075562900,6.0671138400,6.1607421400,22617369,148371102.2200,1.026000,1.543200
2021-03-26,6.1888306300,6.1981934600,6.1045651600,6.1607421400,20120241,132104167.6400,0.912700,0.000000
2021-03-29,6.1794678000,6.2075562900,6.1232908200,6.1420164800,17366284,114109587.3200,0.787800,-0.304000
2021-03-30,6.1420164800,6.1420164800,6.0015740300,6.0202996900,18980974,122254034.8300,0.861000,-1.981700
2021-03-31,6.0109368600,6.0764766700,5.9360342200,6.0202996900,20819386,133662799.2500,0.935700,0.000000
2021-04-01,6.0202996900,6.0577510100,5.9641227100,6.0296625200,14821498,95332024.5200,0.653800,0.155500
2021-04-02,6.0296625200,6.0577510100,5.9828483700,6.0109368600,15031559,96583107.3100,0.663100,-0.310600
2021-04-06,5.9922112000,6.0483881800,5.9828483700,6.0390253500,15765741,101221182.5900,0.695500,0.467300
2021-04-07,6.0296625200,6.2075562900,5.9922112000,6.2075562900,39401349,258755273.4500,1.738200,2.790700
2021-04-08,6.1607421400,6.1794678000,6.1139279900,6.1326536500,23890268,156655377.6800,1.053900,-1.206600
2021-04-09,6.1139279900,6.1326536500,6.0296625200,6.0483881800,16940238,109765568.8300,0.747300,-1.374000
2021-04-12,6.0390253500,6.0577510100,5.9173085600,5.9266713900,20986716,133593823.0200,0.925800,-2.012400
2021-04-13,5.9173085600,5.9922112000,5.9079457300,5.9173085600,13219642,83882276.8100,0.583200,-0.158000
2021-04-14,5.9453970500,5.9547598800,5.8985829000,5.9266713900,12791799,80992503.7400,0.564300,0.158200
2021-04-15,5.9173085600,5.9266713900,5.7862289400,5.8049546000,22418944,139372745.7700,0.989000,-2.053700
2021-04-16,5.8143174300,5.9266713900,5.7955917700,5.9173085600,19664443,123585055.2800,0.867500,1.935500
2021-04-19,5.9173085600,5.9922112000,5.8985829000,5.9734855400,18386965,117134569.8000,0.811100,0.949400
2021-04-20,5.9641227100,6.0015740300,5.8985829000,5.8985829000,17312134,110034771.9800,0.763700,-1.253900
2021-04-21,5.8798572400,5.8892200700,5.8236802600,5.8517687500,13246933,82846777.3900,0.584400,-0.793700
2021-04-22,5.8424059200,5.8798572400,5.8236802600,5.8424059200,14339692,89584937.8900,0.632600,-0.160000
2021-04-23,5.8517687500,5.8704944100,5.7581404500,5.7955917700,18800052,116189477.8700,0.829400,-0.801300
2021-04-26,5.7955917700,5.8049546000,5.7206891300,5.7206891300,18432096,113446799.5400,0.813100,-1.292400
2021-04-27,5.7113263000,5.7487776200,5.6364236600,5.6457864900,17171745,103935019.3700,0.757500,-1.309300
2021-04-28,5.5896095100,5.5896095100,5.2806361200,5.3461759300,59507550,343335340.8800,2.625200,-5.306800
2021-04-29,5.3180874400,5.3929900800,5.2899989500,5.3368131000,22811045,130385702.4100,1.006300,-0.175100
2021-04-30,5.3274502700,5.3555387600,5.1308308400,5.1963706500,32747497,182423468.7400,1.444600,-2.631600
2021-05-06,5.2244591400,5.3274502700,5.1870078200,5.2150963100,19845027,111024596.9300,0.875500,0.360400
2021-05-07,5.2150963100,5.2338219700,5.1495565000,5.1682821600,22764004,126004121.2900,1.004200,-0.897700
2021-05-10,5.1776449900,5.2806361200,5.1776449900,5.2338219700,19363710,108193168.3800,0.854200,1.268100
2021-05-11,5.2338219700,5.3368131000,5.2057334800,5.3087246100,21247461,119543276.5600,0.937300,1.431100
2021-05-12,5.2899989500,5.3836272500,5.2619104600,5.3368131000,17729300,100795961.3800,0.782100,0.529100
2021-05-13,5.3180874400,5.3649015900,5.2806361200,5.2899989500,18888623,107251157.9100,0.833300,-0.877200
2021-05-14,5.2993617800,5.3649015900,5.2712732900,5.3649015900,17503946,99602232.1300,0.772200,1.415900
2021-05-17,5.3649015900,5.3836272500,5.2806361200,5.2806361200,19490821,110859452.4900,0.859800,-1.570700
2021-05-18,5.2619104600,5.3555387600,5.2057334800,5.3274502700,18657721,105172625.7100,0.823100,0.886500
2021-05-19,5.2993617800,5.2993617800,5.2431848000,5.2525476300,13026831,73300661.7500,0.574700,-1.406000
2021-05-20,5.2525476300,5.2619104600,5.1776449900,5.1776449900,15970691,88803373.8200,0.704500,-1.426000
2021-05-21,5.1776449900,5.2244591400,5.1495565000,5.1589193300,17523467,96999453.1700,0.773000,-0.361700
2021-05-24,5.0652910300,5.2338219700,5.0184768800,5.2244591400,24352404,133812962.6500,1.074300,1.270400
2021-05-25,5.2338219700,5.2712732900,5.1776449900,5.2431848000,20489766,114482425.1700,0.903900,0.358400
2021-05-26,5.2619104600,5.4585298900,5.2338219700,5.3180874400,37011479,212506212.8300,1.632700,1.428600
2021-05-27,5.3180874400,5.3929900800,5.2431848000,5.2431848000,32954985,187142287.4000,1.453800,-1.408500
2021-05-28,5.2993617800,5.3929900800,5.2525476300,5.2712732900,28246158,160162902.3400,1.246100,0.535700
2021-05-31,5.2525476300,5.3368131000,5.2431848000,5.3180874400,21120509,119573767.0000,0.931700,0.888100
2021-06-01,5.3180874400,5.4772555500,5.2806361200,5.4398042300,40657025,234939124.1000,1.793600,2.288700
2021-06-02,5.4117157400,5.4210785700,5.2899989500,5.2993617800,27220074,155258413.6800,1.200800,-2.581800
2021-06-03,5.3180874400,5.4304414000,5.2993617800,5.3461759300,24051778,137855417.9600,1.061000,0.883400
2021-06-04,5.3368131000,5.3929900800,5.3180874400,5.3742644200,20235506,115618823.9800,0.892700,0.525400
2021-06-07,5.3742644200,5.4398042300,5.3461759300,5.4210785700,23657876,136130136.4100,1.043700,0.871100
2021-06-08,5.3929900800,5.4491670600,5.3180874400,5.4398042300,34541912,199250776.3600,1.523800,0.345400
2021-06-09,5.4023529100,5.5053440400,5.4023529100,5.4491670600,30698420,178658745.8400,1.354300,0.172100
2021-06-10,5.4397852000,5.8712164400,5.4304062600,5.7211534000,95066145,574572265.8100,4.193800,4.991400
2021-06-11,5.7211534000,5.7774270400,5.5992271800,5.6273640000,69001484,416869168.8300,3.044000,-1.639300
2021-06-15,5.5992271800,5.9462479600,5.5710903600,5.8712164400,84211423,520218506.2100,3.715000,4.333300
2021-06-16,5.8337006800,6.0119005400,5.7680481000,5.8618375000,55422472,347309952.4800,2.444900,-0.159700
2021-06-17,5.8430796200,5.8805953800,5.7211534000,5.8337006800,39329963,242927944.6400,1.735000,-0.480000
2021-06-18,5.9087322000,5.9743847800,5.8055638600,5.8337006800,38148134,238518129.2200,1.682900,0.000000
2021-06-21,5.8055638600,5.8337006800,5.7117744600,5.7399112800,41278644,253118940.2000,1.821000,-1.607700
2021-06-22,5.7492902200,5.9274900800,5.7399112800,5.8243217400,41528954,258417392.6700,1.832000,1.470600
2021-06-23,5.8149428000,5.8430796200,5.6555008200,5.6930165800,40530362,246226511.4900,1.788000,-2.254400
2021-06-24,5.7211534000,5.7399112800,5.5710903600,5.5804693000,33678475,202401018.3500,1.485700,-1.976900
2021-06-25,5.5617114200,5.6555008200,5.5523324800,5.6086061200,24885943,148704599.5300,1.097800,0.504200
2021-06-28,5.6086061200,5.7023955200,5.5710903600,5.6555008200,22159946,133463880.8000,0.977600,0.836100
2021-06-29,5.6273640000,5.7023955200,5.5054377800,5.5148167200,28595766,170736676.8200,1.261500,-2.487600
2021-06-30,5.5148167200,5.5804693000,5.4397852000,5.4866799000,27420395,160551247.2700,1.209600,-0.510200
2021-07-01,5.5054377800,5.5054377800,5.3366168600,5.3366168600,26956527,155806953.3400,1.189200,-2.735000
2021-07-02,5.3647536800,5.4116483800,5.3084800400,5.3741326200,19389081,111022541.1000,0.855300,0.703000
2021-07-05,5.3928905000,5.5241956600,5.3835115600,5.4866799000,20632558,120225658.8900,0.910200,2.094200
2021-07-06,5.4773009600,5.5241956600,5.4304062600,5.4960588400,19559774,114039976.5000,0.862900,0.170900
2021-07-07,5.4773009600,5.4773009600,5.4116483800,5.4397852000,15300849,88809538.1400,0.675000,-1.023900
2021-07-08,5.4491641400,5.4679220200,5.3459958000,5.3928905000,20684393,118795386.0000,0.912500,-0.862100
2021-07-09,5.3741326200,5.4022694400,5.3178589800,5.3459958000,16229641,92618135.9200,0.716000,-0.869600
2021-07-12,5.3835115600,5.8618375000,5.3647536800,5.7961849200,94490961,573098436.1300,4.168400,8.421100
2021-07-13,5.8337006800,5.8899743200,5.7305323400,5.8337006800,88520023,548211147.9900,3.905000,0.647200
2021-07-14,5.8055638600,5.8524585600,5.6461218800,5.6742587000,45840787,279917592.5600,2.022300,-2.733100
2021-07-15,5.7023955200,5.7117744600,5.5148167200,5.5804693000,36188072,215855758.7500,1.596400,-1.652900
2021-07-16,5.5898482400,5.8055638600,5.5898482400,5.6086061200,42802456,259303034.2200,1.888200,0.504200
2021-07-19,5.5804693000,5.9087322000,5.5241956600,5.8993532600,81470444,501410580.7700,3.594000,5.183900
2021-07-20,5.8149428000,5.8430796200,5.7211534000,5.8055638600,48504305,299227202.4700,2.139800,-1.589800
2021-07-21,5.8055638600,5.8899743200,5.7586691600,5.8524585600,53183824,330975828.9400,2.346200,0.807800
2021-07-22,5.8430796200,5.9087322000,5.7586691600,5.8149428000,42777109,265564395.2100,1.887100,-0.641000
2021-07-23,5.8055638600,5.8149428000,5.6555008200,5.6742587000,41512642,252585682.5100,1.831300,-2.419400
2021-07-26,5.6742587000,5.7211534000,5.4679220200,5.5241956600,43189339,257021701.7200,1.905300,-2.644600
2021-07-27,5.5710903600,5.7023955200,5.4491641400,5.5523324800,42253267,251406626.6300,1.864000,0.509300
2021-07-28,5.4960588400,5.7492902200,5.4491641400,5.6742587000,54627212,327984322.0600,2.409900,2.195900
2021-07-29,5.7305323400,5.8149428000,5.6179850600,5.8149428000,61685918,376673083.1900,2.721300,2.479300
2021-07-30,5.7868059800,5.9556269000,5.7586691600,5.8149428000,71992830,449946824.0500,3.175900,0.000000
2021-08-02,5.7961849200,6.0681741800,5.7586691600,6.0494163000,92215213,582995472.9900,4.068000,4.032300
2021-08-03,5.9931426600,6.3026476800,5.9087322000,5.9274900800,111296978,720390864.6900,4.909800,-2.015500
2021-08-04,5.9087322000,5.9931426600,5.8243217400,5.9274900800,69867008,440670905.3700,3.082200,0.000000
2021-08-05,5.8899743200,5.8899743200,5.7774270400,5.7774270400,45526441,282973520.7900,2.008400,-2.531600
2021-08-06,5.8055638600,5.9368690200,5.7399112800,5.8805953800,48604077,302856494.1100,2.144200,1.785700
2021-08-09,5.8430796200,5.9181111400,5.7774270400,5.8149428000,41463935,257736475.0800,1.829200,-1.116400
2021-08-10,5.7774270400,5.8524585600,5.7211534000,5.7961849200,46098729,284134872.1300,2.033600,-0.322600
2021-08-11,5.7680481000,5.7868059800,5.7023955200,5.7305323400,38409523,234717817.8200,1.694400,-1.132700
2021-08-12,5.7305323400,5.8899743200,5.7211534000,5.8430796200,49670036,308529912.3800,2.191200,1.964000
2021-08-13,5.8337006800,5.8337006800,5.7023955200,5.7211534000,39369272,241503948.6500,1.736800,-2.086700
2021-08-16,5.6930165800,5.7868059800,5.6461218800,5.7399112800,32497059,198040555.2900,1.433600,0.327900
2021-08-17,5.7211534000,5.8993532600,5.6742587000,5.8899743200,73524400,456495119.6800,3.243500,2.614400
2021-08-18,5.8243217400,5.8430796200,5.6836376400,5.8149428000,57758995,354997783.2200,2.548000,-1.273900
2021-08-19,5.7586691600,6.0869320600,5.7586691600,6.0025216000,92693432,590010814.8700,4.089100,3.225800
2021-08-20,6.0025216000,6.0025216000,5.8243217400,5.8993532600,59009057,370614497.1300,2.603200,-1.718800
2021-08-23,5.9181111400,6.0212794800,5.8993532600,5.9368690200,57306813,364428722.6400,2.528100,0.635900
2021-08-24,5.9556269000,5.9650058400,5.7774270400,5.8055638600,53364927,331768786.6500,2.354200,-2.211700
2021-08-25,5.8243217400,5.8243217400,5.7399112800,5.8055638600,29860198,183998508.9800,1.317300,0.000000
2021-08-26,5.8337006800,5.8337006800,5.7305323400,5.7399112800,31570617,194013738.2800,1.392700,-1.130900
2021-08-27,5.7211534000,5.7586691600,5.6836376400,5.7492902200,29323135,178768207.5300,1.293600,0.163400
2021-08-30,5.7868059800,5.8805953800,5.7305323400,5.7680481000,34772831,214622565.9600,1.534000,0.326300
2021-08-31,5.7586691600,5.7586691600,5.5241956600,5.5523324800,54492419,324736517.1500,2.403900,-3.739800
2021-09-01,5.5523324800,5.6273640000,5.4773009600,5.5992271800,31497667,187166234.7800,1.389500,0.844600
2021-09-02,5.6179850600,5.6461218800,5.5523324800,5.6086061200,26623176,159288988.2300,1.174500,0.167500
2021-09-03,5.6273640000,5.7117744600,5.5992271800,5.6555008200,25371095,153163713.8100,1.119200,0.836100
2021-09-06,5.6648797600,5.7117744600,5.6367429400,5.6836376400,24976383,151147265.3600,1.101800,0.497500
2021-09-07,5.6836376400,5.7023955200,5.6179850600,5.6930165800,30259020,182546669.7900,1.334900,0.165000
2021-09-08,5.6836376400,6.0025216000,5.6742587000,5.9368690200,101673270,636708263.9000,4.485300,4.283400
2021-09-09,5.9462479600,6.0869320600,5.8712164400,6.0494163000,103477912,662564884.0400,4.564900,1.895700
2021-09-10,6.0212794800,6.0681741800,5.9462479600,5.9556269000,62853906,402036194.9900,2.772800,-1.550400
2021-09-13,5.9931426600,6.1244478200,5.9087322000,6.0775531200,69629931,448725082.3300,3.071700,2.047200
2021-09-14,6.0494163000,6.1338267600,5.9181111400,5.9462479600,52349842,334706702.1000,2.309300,-2.160500
2021-09-15,5.9556269000,6.3589213200,5.9274900800,6.2276161600,116359251,768371520.1100,5.132900,4.731900
2021-09-16,6.1994793400,6.2651319200,6.0306584200,6.0306584200,74182215,484844126.3400,3.272400,-3.162700
2021-09-17,6.0494163000,6.0869320600,5.8430796200,5.9087322000,51993114,328074836.7600,2.293500,-2.021800
2021-09-22,5.8524585600,5.9181111400,5.7868059800,5.8524585600,32318773,201381771.3200,1.425700,-0.952400
2021-09-23,5.8712164400,5.9462479600,5.8430796200,5.9087322000,39519378,248259246.3000,1.743300,0.961500
2021-09-24,5.8899743200,5.9462479600,5.7211534000,5.7305323400,41359513,256607894.2000,1.824500,-3.015900
2021-09-27,5.7211534000,5.8149428000,5.5617114200,5.5804693000,49188655,296022388.9800,2.164400,-2.618700
2021-09-28,5.5804693000,5.6086061200,5.5148167200,5.5710903600,29266497,173612003.1100,1.287800,-0.168100
2021-09-29,5.5335746000,5.5429535400,5.3272379200,5.3272379200,47139931,271762354.1900,2.074300,-4.377100
2021-09-30,5.3647536800,5.4304062600,5.3459958000,5.4022694400,20796978,119510077.7200,0.915100,1.408500
2021-10-08,5.4491641400,5.5804693000,5.4397852000,5.5617114200,27119234,160175459.7500,1.193300,2.951400
2021-10-11,5.6086061200,5.6461218800,5.5335746000,5.5523324800,19280034,114653555.9400,0.848400,-0.168600
2021-10-12,5.5241956600,5.5710903600,5.4679220200,5.4960588400,21004876,123370563.3600,0.924300,-1.013500
2021-10-13,5.5148167200,5.5804693000,5.4960588400,5.5429535400,15783185,93370577.6800,0.694500,0.853200
2021-10-14,5.5804693000,5.5898482400,5.4866799000,5.4866799000,13887866,81559809.7000,0.611100,-1.015200
2021-10-15,5.4960588400,5.4960588400,5.3553747400,5.4397852000,22365037,129319011.7500,0.984100,-0.854700
2021-10-18,5.4304062600,5.4679220200,5.3741326200,5.4585430800,16620295,96211825.7200,0.731300,0.344800
2021-10-19,5.4773009600,5.5241956600,5.4304062600,5.5148167200,15217033,88783825.7900,0.669600,1.030900
2021-10-20,5.5241956600,5.5617114200,5.3928905000,5.3928905000,23508357,136996311.2300,1.034400,-2.210900
2021-10-21,5.3647536800,5.3835115600,5.2428274600,5.2428274600,31878304,180584171.5600,1.402700,-2.782600
2021-10-22,5.2522064000,5.2803432200,5.2146906400,5.2334485200,14937725,83660421.4200,0.657300,-0.178900
2021-10-25,5.2334485200,5.2428274600,5.1677959400,5.2146906400,15132804,83861783.5900,0.665900,-0.358400
2021-10-26,5.2240695800,5.3178589800,5.2053117000,5.2240695800,17114541,95748542.6700,0.753100,0.179900
2021-10-27,5.2334485200,5.2615853400,4.9989750200,5.0364907800,26910392,146049759.6100,1.184100,-3.590700
2021-10-28,5.0364907800,5.0740065400,4.8582909200,4.8676698600,30112084,157613783.0900,1.325000,-3.352000
2021-10-29,4.9708382000,5.1396591200,4.9145645600,5.1396591200,39329659,211971712.1100,1.730600,5.587700
2021-11-01,5.1209012400,5.2991011000,5.0927644200,5.2615853400,31979594,178357200.3500,1.407200,2.372300
2021-11-02,5.2709642800,5.2897221600,5.1115223000,5.1302801800,30768800,170299957.5400,1.353900,-2.495500
2021-11-03,5.1302801800,5.2522064000,5.1302801800,5.1959327600,23130160,128446758.1400,1.017800,1.279700
2021-11-04,5.2240695800,5.2522064000,5.1677959400,5.1959327600,18689351,103549487.5800,0.822400,0.000000
2021-11-05,5.2053117000,5.4116483800,5.1771748800,5.3366168600,39351873,223845536.9900,1.731600,2.707600
2021-11-08,5.3272379200,5.3928905000,5.2803432200,5.3366168600,25754674,146735438.3600,1.133300,0.000000
2021-11-09,5.3647536800,5.3835115600,5.3084800400,5.3553747400,19765392,112841370.6600,0.869700,0.351500
2021-11-10,5.3928905000,5.4773009600,5.3459958000,5.4397852000,34439728,199213105.8600,1.515400,1.576200
2021-11-11,5.4585430800,5.6086061200,5.4491641400,5.5617114200,51723032,305484326.7300,2.275900,2.241400
2021-11-12,5.5992271800,5.8993532600,5.5335746000,5.8149428000,107272438,657842087.9800,4.720200,4.553100
2021-11-15,5.8430796200,5.9368690200,5.7117744600,5.8899743200,93401273,582487078.4100,4.109900,1.290300
2021-11-16,5.8899743200,6.0681741800,5.8430796200,5.8993532600,90397378,571190509.7100,3.977700,0.159200
2021-11-17,5.8805953800,6.1338267600,5.8524585600,6.0306584200,78571084,504541075.9300,3.457300,2.225800
2021-11-18,6.0400373600,6.1056899400,5.9462479600,5.9743847800,74937801,480520956.1800,3.297400,-0.933100
2021-11-19,5.9556269000,6.0681741800,5.9087322000,5.9368690200,63154113,401981752.9500,2.778900,-0.627900
2021-11-22,5.9274900800,5.9462479600,5.8055638600,5.8430796200,59153583,369615782.7800,2.602900,-1.579800
2021-11-23,5.8618375000,5.8993532600,5.7305323400,5.8055638600,49623528,307224123.6800,2.183600,-0.642100
2021-11-24,5.8337006800,5.9837637200,5.7868059800,5.9087322000,59763204,376338412.8300,2.629700,1.777100
2021-11-25,5.8712164400,5.8993532600,5.7399112800,5.7774270400,43917062,271669582.1400,1.932500,-2.222200
2021-11-26,5.7961849200,5.8055638600,5.6461218800,5.7211534000,37834153,230594874.0200,1.664800,-0.974000
2021-11-29,5.6742587000,5.7586691600,5.6461218800,5.6836376400,32647942,198012581.2000,1.436600,-0.655700
2021-11-30,5.7305323400,5.8524585600,5.7117744600,5.7492902200,47399551,292716663.1500,2.085700,1.155100
2021-12-01,5.7961849200,6.9028998400,5.7774270400,6.9028998400,239236990,1673746965.3600,10.527000,20.065300
2021-12-02,6.9404156000,7.0154471200,6.3870581400,6.4151949600,314418816,2236775803.6000,13.835200,-7.065200
2021-12-03,6.4339528400,6.4996054200,6.2557529800,6.2932687400,144956367,978539191.5600,6.378400,-1.900600
2021-12-06,6.2182372200,6.2369951000,5.9837637200,5.9837637200,124208115,804259932.7700,5.465500,-4.918000
2021-12-07,6.0494163000,6.1525846400,5.8993532600,6.0494163000,158020332,1011368725.4300,6.953300,1.097200
2021-12-08,6.0306584200,6.1150688800,5.9087322000,6.0119005400,108218828,692831899.3800,4.761900,-0.620200
2021-12-09,6.0400373600,6.1901004000,6.0025216000,6.0494163000,122756884,795922601.4000,5.401600,0.624000
2021-12-10,6.0025216000,6.2182372200,5.9462479600,6.1056899400,123396750,803600891.9500,5.429800,0.930200
2021-12-13,6.1244478200,6.4151949600,6.0212794800,6.3120266200,144426776,963513910.6500,6.355100,3.379400
2021-12-14,6.2557529800,6.3401634400,6.1619635800,6.2557529800,105269820,700648257.3600,4.632100,-0.891500
2021-12-15,6.2182372200,6.3870581400,6.1901004000,6.2651319200,93596912,626858667.7300,4.118500,0.149900
2021-12-16,6.2651319200,6.5840158800,6.1994793400,6.4151949600,130622104,889394070.6800,5.747700,2.395200
2021-12-17,6.3776792000,6.4151949600,6.2463740400,6.2463740400,90061021,606161041.3500,3.962900,-2.631600
2021-12-20,6.2651319200,6.3683002600,6.0775531200,6.0775531200,84450969,557757766.9600,3.716000,-2.702700
2021-12-21,6.0306584200,6.3495423800,6.0306584200,6.2369951000,79172289,527303947.5500,3.483800,2.623500
2021-12-22,6.3307845000,6.5652580000,6.3120266200,6.3964370800,114421879,785926218.7500,5.034800,2.556400
2021-12-23,6.3870581400,6.4808475400,6.2557529800,6.2745108600,81252709,549748447.0600,3.575300,-1.906200
2021-12-24,6.2932687400,6.3683002600,6.1525846400,6.1525846400,58779983,389656545.7300,2.586500,-1.943200
2021-12-27,6.1713425200,6.2369951000,6.0587952400,6.1150688800,50638993,331766457.6800,2.228200,-0.609800
2021-12-28,6.1150688800,6.2651319200,6.0963110000,6.1901004000,49659519,328371821.2900,2.185100,1.227000
2021-12-29,6.1713425200,6.1994793400,6.0775531200,6.1056899400,40756452,266038777.3800,1.793400,-1.363600
2021-12-30,6.1244478200,6.2932687400,6.0963110000,6.2557529800,56378151,375173943.9000,2.480800,2.457800
2021-12-31,6.3026476800,6.3776792000,6.2088582800,6.2745108600,53439004,358572173.5900,2.351400,0.299900
2022-01-04,6.2745108600,6.4996054200,6.2651319200,6.4245739000,87233341,595746475.6200,3.838500,2.391600
2022-01-05,6.3964370800,6.6027737600,6.3870581400,6.5089843600,102355288,709659480.4900,4.503900,1.313900
2022-01-06,6.4620896600,6.4620896600,6.2838898000,6.3964370800,76012147,515546008.6200,3.344700,-1.729100
2022-01-07,6.3964370800,6.4808475400,6.1994793400,6.2463740400,67744105,457116172.0900,2.980900,-2.346000
2022-01-10,6.2182372200,6.3214055600,6.0587952400,6.2838898000,46848015,310368532.6100,2.061400,0.600600
2022-01-11,6.2369951000,6.4527107200,6.2369951000,6.2651319200,51939965,350313165.8000,2.285500,-0.298500
2022-01-12,6.2745108600,6.3870581400,6.2651319200,6.3120266200,38854900,261647427.0500,1.709700,0.748500
2022-01-13,6.4433317800,6.4902264800,6.3214055600,6.3307845000,56562360,385213374.0300,2.488900,0.297200
2022-01-14,6.2463740400,6.3964370800,6.1901004000,6.2932687400,49396466,332631594.2600,2.173600,-0.592600
2022-01-17,6.3589213200,6.6965631600,6.3495423800,6.6215316400,127697194,894333185.8100,5.619000,5.216100
2022-01-18,6.5746369400,6.8841419600,6.5371211800,6.6402895200,140182034,1004409129.1600,6.168300,0.283300
2022-01-19,6.5840158800,6.8653840800,6.5558790600,6.8278683200,130499988,940300154.7200,5.742300,2.824900
2022-01-20,6.8091104400,6.8091104400,6.5933948200,6.6496684600,93794967,665941067.6900,4.127200,-2.609900
2022-01-21,6.6215316400,6.7246999800,6.4902264800,6.5465001200,75687892,530662064.4400,3.330400,-1.551500
2022-01-24,6.5652580000,6.6871842200,6.4714686000,6.5277422400,65827695,461474773.9700,2.896600,-0.286500
2022-01-25,6.4902264800,6.5183633000,5.8524585600,5.8618375000,127650902,828339339.8100,5.616900,-10.201100
2022-01-26,5.8899743200,6.0681741800,5.7586691600,5.8337006800,58653285,368023531.0800,2.580900,-0.480000
2022-01-27,5.8055638600,5.8337006800,5.4210273200,5.4304062600,78583172,464446254.6000,3.457800,-6.913200
2022-01-28,5.5429535400,5.5617114200,5.4116483800,5.4397852000,46248663,270742227.5800,2.035100,0.172700
2022-02-07,5.5523324800,5.5898482400,5.4304062600,5.5054377800,39390339,230984011.6200,1.733300,1.206900
2022-02-08,5.5148167200,5.6555008200,5.4022694400,5.6461218800,46317156,275089637.2500,2.038100,2.555400
2022-02-09,5.6555008200,5.9274900800,5.6273640000,5.8430796200,63465738,392509339.8400,2.792600,3.488400
2022-02-10,5.8055638600,5.8805953800,5.7680481000,5.8524585600,40016754,248438405.1300,1.760800,0.160500
2022-02-11,5.8149428000,5.9087322000,5.7868059800,5.8055638600,37698798,234554056.1100,1.658800,-0.801300
2022-02-14,5.7399112800,5.8430796200,5.6930165800,5.7680481000,28431531,175149289.2400,1.251100,-0.646200
2022-02-15,5.7305323400,5.8337006800,5.6930165800,5.7399112800,24999964,153367084.2800,1.100100,-0.487800
2022-02-16,5.8149428000,5.8712164400,5.7211534000,5.7586691600,27774658,171246886.7600,1.222200,0.326800
2022-02-17,5.7586691600,5.7961849200,5.6367429400,5.6648797600,39012137,237605298.2000,1.716600,-1.628700
2022-02-18,5.7586691600,5.9556269000,5.7492902200,5.9556269000,78209387,489849994.8500,3.441400,5.132500
2022-02-21,6.0587952400,6.8653840800,6.0119005400,6.6684263400,212370959,1478570438.8200,9.344800,11.968500
2022-02-22,6.4433317800,6.8747630200,6.3964370800,6.8278683200,234430991,1687739611.6200,10.315500,2.391000
2022-02-23,6.7528368000,6.9310366600,6.7246999800,6.8466262000,144260978,1049484294.7200,6.347800,0.274700
2022-02-24,6.7997315000,7.2499206200,6.4339528400,6.5652580000,202702448,1467328751.9600,8.919400,-4.109600
2022-02-25,6.7153210400,6.7528368000,6.3964370800,6.4339528400,94560921,658094432.1800,4.160900,-2.000000
2022-02-28,6.4151949600,6.5183633000,6.2932687400,6.3776792000,63827638,432969728.0000,2.808600,-0.874600
2022-03-01,6.3964370800,6.5371211800,6.3307845000,6.4339528400,66681740,457598848.0000,2.934200,0.882400
2022-03-02,6.3120266200,6.4902264800,6.2932687400,6.3964370800,61982348,422094368.0000,2.727400,-0.583100
2022-03-03,6.4714686000,6.5183633000,6.2557529800,6.2932687400,66678850,450125680.0000,2.934000,-1.612900
2022-03-04,6.2557529800,6.3307845000,6.1244478200,6.1432057000,61530529,407008592.0000,2.707500,-2.384500
2022-03-07,6.1619635800,6.1901004000,5.9274900800,5.9650058400,59741166,382833200.0000,2.628800,-2.900800
2022-03-08,5.9837637200,6.0775531200,5.8243217400,5.8618375000,79300529,503842144.0000,3.489400,-1.729600
2022-03-09,5.8524585600,5.9181111400,5.4866799000,5.8149428000,80773949,495047440.0000,3.554200,-0.800000
2022-03-10,5.9556269000,5.9837637200,5.8149428000,5.8337006800,67804912,426037760.0000,2.983600,0.322600
2022-03-11,5.6930165800,5.9274900800,5.6086061200,5.8805953800,64750297,397455184.0000,2.849200,0.803900
2022-03-14,5.8149428000,5.9462479600,5.6836376400,5.6836376400,55378445,342400784.0000,2.436800,-3.349300
2022-03-15,5.6367429400,5.7492902200,5.3553747400,5.3647536800,70065777,415536192.0000,3.083100,-5.610600
2022-03-16,5.4866799000,5.6461218800,5.3366168600,5.6179850600,69741101,408901632.0000,3.068800,4.720300
2022-03-17,5.6555008200,5.7868059800,5.6086061200,5.6367429400,62002820,376698176.0000,2.728300,0.333900
2022-03-18,5.6273640000,5.7023955200,5.5992271800,5.6742587000,38396740,231499780.0000,1.689500,0.665600
2022-03-21,5.7211534000,5.7305323400,5.5804693000,5.6273640000,45748395,275640959.3800,2.013000,-0.826400
2022-03-22,5.6273640000,5.7586691600,5.5710903600,5.7117744600,45494674,275205360.2300,2.001900,1.500000
2022-03-23,5.7117744600,5.7399112800,5.6648797600,5.6930165800,33163833,201461436.1300,1.459300,-0.328400
2022-03-24,5.7117744600,5.7492902200,5.5710903600,5.6086061200,42010747,252447159.7400,1.848600,-1.482700
2022-03-25,5.5710903600,5.6461218800,5.5523324800,5.5523324800,30967801,184917171.0800,1.362700,-1.003300
2022-03-28,5.5148167200,5.6742587000,5.4491641400,5.6742587000,34719597,207286859.5300,1.527700,2.195900
2022-03-29,5.6742587000,5.6930165800,5.5335746000,5.5617114200,31715848,188801295.3700,1.395600,-1.983500
2022-03-30,5.5992271800,5.6179850600,5.5335746000,5.6179850600,31539665,187859373.1000,1.387800,1.011800
2022-03-31,5.6273640000,5.6367429400,5.5804693000,5.5992271800,28438873,169967521.2800,1.251400,-0.333900
2022-04-01,5.5804693000,5.5804693000,5.4866799000,5.4960588400,41741367,245483004.4100,1.836700,-1.842500
2022-04-06,5.4960588400,5.5710903600,5.4773009600,5.5523324800,34212536,202308884.8500,1.505400,1.023900
2022-04-07,5.5617114200,5.5710903600,5.3553747400,5.3647536800,43875198,254613423.5100,1.930600,-3.378400
2022-04-08,5.3741326200,5.3928905000,5.1865538200,5.2053117000,41338820,231152373.6100,1.819000,-2.972000
2022-04-11,5.1959327600,5.2146906400,4.9802171400,5.0271118400,35377384,192059134.7200,1.556700,-3.423400
2022-04-12,5.0646276000,5.2240695800,5.0177329000,5.2053117000,31628175,172498628.9500,1.391700,3.544800
2022-04-13,5.1771748800,5.1771748800,5.0646276000,5.0833854800,22040418,119959846.9400,0.969800,-2.342300
2022-04-14,5.1115223000,5.1677959400,5.1021433600,5.1302801800,18159139,99361039.8100,0.799000,0.922500
2022-04-15,5.1021433600,5.1302801800,4.9708382000,5.0458697200,25238283,135648021.4300,1.110500,-1.645300
2022-04-18,5.0364907800,5.0646276000,4.9051856200,5.0646276000,18955590,101100826.9500,0.834100,0.371700
2022-04-19,5.0458697200,5.1209012400,5.0271118400,5.0833854800,16051699,86706614.6100,0.706300,0.370400
2022-04-20,5.1302801800,5.1771748800,5.0364907800,5.0458697200,23206426,126479798.2400,1.021100,-0.738000
2022-04-21,5.0083539600,5.0458697200,4.8113962200,4.8301541000,30063603,157786316.3100,1.322900,-4.275100
2022-04-22,4.7832594000,4.8489119800,4.7176068200,4.7551225800,21830817,111072186.4000,0.960600,-1.553400
2022-04-25,4.6894700000,4.6894700000,4.2486598200,4.2580387600,51809113,246283165.9100,2.279700,-10.453600
2022-04-26,4.2861755800,4.3799649800,4.0985967800,4.1267336000,35842513,162432380.6200,1.577200,-3.083700
2022-04-27,4.0798389000,4.3049334600,4.0517020800,4.2955545200,36044938,160842383.1800,1.586100,4.090900
2022-04-28,4.2486598200,4.2861755800,4.1267336000,4.2017651200,25574633,114589154.4900,1.125300,-2.183400
2022-04-29,4.3799649800,4.5487859000,4.3424492200,4.5018912000,49002567,232089683.1900,2.156000,7.142900
2022-05-05,4.5018912000,4.5675437800,4.4456175600,4.5300280200,31459608,151615735.8500,1.384100,0.625000
2022-05-06,4.4174807400,4.6613331800,4.4081018000,4.5394069600,39951061,193389493.8100,1.757700,0.207000
2022-05-09,4.5394069600,4.6331963600,4.5206490800,4.5769227200,24890206,121555748.7900,1.095100,0.826400
2022-05-10,4.5112701400,4.7269857600,4.5018912000,4.7176068200,37218507,184562819.9000,1.637500,3.073800
2022-05-11,4.7176068200,4.8770488000,4.6894700000,4.7363647000,42411384,217160800.1600,1.866000,0.397600
2022-05-12,4.7269857600,4.8770488000,4.7082278800,4.8582909200,34340776,177034427.0900,1.510900,2.574300
2022-05-13,4.8676698600,4.9051856200,4.8207751600,4.8676698600,22970332,119124611.7200,1.010600,0.193100
2022-05-16,4.8958066800,4.9145645600,4.7738804600,4.7926383400,25685843,131974318.8800,1.130100,-1.541400
2022-05-17,4.8020172800,4.8113962200,4.7269857600,4.8020172800,17830749,90772679.2100,0.784500,0.195700
2022-05-18,4.8770488000,4.9333224400,4.8113962200,4.8113962200,23441306,121660730.3800,1.031400,0.195300
2022-05-19,4.7645015200,4.8301541000,4.7363647000,4.8020172800,25068790,128028581.3600,1.103000,-0.194900
2022-05-20,4.8207751600,4.8770488000,4.7926383400,4.8489119800,17034380,87867672.9100,0.749500,0.976600
2022-05-23,4.8958066800,4.9051856200,4.8395330400,4.8770488000,15510510,80489985.6100,0.682400,0.580300
2022-05-24,4.8770488000,4.8958066800,4.6050595400,4.6050595400,31691028,159849910.4800,1.394300,-5.576900
2022-05-25,4.6331963600,4.7363647000,4.6144384800,4.6800910600,21292572,106360615.2000,0.936800,1.629300
2022-05-26,4.7176068200,4.7645015200,4.6519542400,4.7457436400,26762809,134599950.2100,1.177500,1.402800
2022-05-27,4.7457446400,4.8212236800,4.6891353600,4.7174400000,19298483,97046024.2400,0.849100,-0.596400
2022-05-30,4.7363097600,4.7740492800,4.6797004800,4.7080051200,18222419,91270484.9100,0.801700,-0.200000
2022-05-31,4.7174400000,4.8023539200,4.6325260800,4.8023539200,28068667,140601452.2200,1.234900,2.004000
2022-06-01,4.7740492800,4.8306585600,4.7551795200,4.8212236800,19433712,98969624.0900,0.855000,0.392900
2022-06-02,4.7834841600,4.8589632000,4.7551795200,4.8495283200,17276959,88199719.5900,0.760100,0.587100
2022-06-06,4.8400934400,4.9816166400,4.8212236800,4.9438771200,30495495,159352815.1300,1.341700,1.945500
2022-06-07,4.9533120000,4.9533120000,4.8212236800,4.8683980800,23772061,122806146.6700,1.045900,-1.526700
2022-06-08,4.8683980800,4.9438771200,4.7929190400,4.8872678400,25888410,133362195.1700,1.139000,0.387600
2022-06-09,4.8683980800,4.8872678400,4.7363097600,4.7740492800,22886116,116442631.7100,1.006900,-2.316600
2022-06-10,4.7457446400,4.8589632000,4.7363097600,4.8400934400,31413268,160402693.6000,1.382100,1.383400
2022-06-13,4.8117888000,4.9061376000,4.7929190400,4.8872678400,28112557,145199654.1100,1.236900,0.974700
2022-06-14,4.8400934400,4.9061376000,4.7080051200,4.8967027200,32170331,163805630.4500,1.415400,0.193100
2022-06-15,4.9155724800,4.9816166400,4.8967027200,4.9155724800,33588163,176125653.7600,1.477800,0.385400
2022-06-16,4.9061376000,5.1231398400,4.9061376000,5.0287910400,54132586,290579212.9300,2.381700,2.303300
2022-06-17,5.0004864000,5.0287910400,4.8683980800,4.9816166400,29124767,152970749.5000,1.281400,-0.938100
2022-06-20,4.9910515200,5.0665305600,4.9344422400,5.0193561600,25461295,134828920.7300,1.120200,0.757600
2022-06-21,5.0287910400,5.0759654400,4.9627468800,5.0759654400,29070322,154839824.1700,1.279000,1.127800
2022-06-22,5.0948352000,5.0948352000,4.9155724800,4.9155724800,33665681,177508671.5600,1.481200,-3.159900
2022-06-23,4.9438771200,5.0382259200,4.9250073600,5.0287910400,24284137,128328359.8900,1.068400,2.303300
2022-06-24,5.0476608000,5.0665305600,4.9816166400,5.0099212800,20116384,107068377.6300,0.885100,-0.375200
2022-06-27,5.0476608000,5.1042700800,5.0004864000,5.0193561600,26764256,143336648.8600,1.177600,0.188300
2022-06-28,5.0193561600,5.1042700800,4.9816166400,5.0948352000,26415697,141793527.3400,1.162200,1.503800
2022-06-29,5.0854003200,5.1703142400,5.0382259200,5.0570956800,31813080,171952285.4600,1.399700,-0.740700
2022-06-30,5.0948352000,5.1420096000,5.0382259200,5.0570956800,25266228,135985852.9300,1.111600,0.000000
2022-07-01,5.0854003200,5.0854003200,5.0099212800,5.0099212800,22757214,121552244.5900,1.001300,-0.932800
2022-07-04,5.0004864000,5.0287910400,4.9061376000,4.9627468800,25892520,136063135.3600,1.139200,-0.941600
2022-07-05,4.9910515200,5.0099212800,4.8400934400,4.8967027200,27670425,144091972.6700,1.217400,-1.330800
2022-07-06,4.8872678400,4.9344422400,4.8023539200,4.8400934400,19225619,99152956.2500,0.845900,-1.156100
2022-07-07,4.8589632000,4.9061376000,4.8212236800,4.8778329600,15159604,78251314.7900,0.667000,0.779700
2022-07-08,4.8967027200,5.0287910400,4.8683980800,4.9438771200,25328166,133146794.0000,1.114400,1.354000
2022-07-11,4.9155724800,4.9344422400,4.8117888000,4.8400934400,22003408,113086311.1900,0.968100,-2.099200
2022-07-12,4.8589632000,4.8683980800,4.7457446400,4.7551795200,18779063,95300478.4200,0.826200,-1.754400
2022-07-13,4.7551795200,4.8683980800,4.7551795200,4.8400934400,24776201,125902492.8400,1.090100,1.785700
2022-07-14,4.8306585600,4.8872678400,4.7834841600,4.8778329600,20192228,103764735.4300,0.888400,0.779700
2022-07-15,4.8495283200,4.8589632000,4.7551795200,4.7646144000,20042809,102006238.3900,0.881800,-2.321100
2022-07-18,4.7834841600,4.9344422400,4.7646144000,4.9250073600,24159906,125124491.0500,1.063000,3.366300
2022-07-19,4.9438771200,5.0382259200,4.8872678400,5.0287910400,30753833,162452794.9100,1.353100,2.107300
2022-07-20,5.0570956800,5.0759654400,5.0099212800,5.0476608000,26599606,142142907.8900,1.170300,0.375200
2022-07-21,5.0476608000,5.1891840000,5.0193561600,5.0759654400,34840935,188821882.2200,1.532900,0.560700
2022-07-22,5.0570956800,5.1042700800,4.9061376000,4.9721817600,27227779,143935574.5400,1.197900,-2.044600
2022-07-25,4.9438771200,4.9910515200,4.8778329600,4.9061376000,21511047,112547127.4200,0.946400,-1.328300
2022-07-26,4.9438771200,4.9910515200,4.8967027200,4.9627468800,17112964,89750528.1900,0.752900,1.153800
2022-07-27,4.9627468800,5.1042700800,4.9627468800,5.0287910400,22058671,117765451.1900,0.970500,1.330800
2022-07-28,5.0476608000,5.0948352000,5.0193561600,5.0287910400,25187078,135156462.6500,1.105700,0.000000
2022-07-29,5.0476608000,5.0570956800,4.9816166400,4.9816166400,19348960,102768224.6300,0.849400,-0.938100
2022-08-01,4.9910515200,5.0382259200,4.9438771200,5.0004864000,18915500,100356886.7900,0.830400,0.378800
2022-08-02,4.9721817600,4.9721817600,4.6985702400,4.7363097600,49409708,250299630.3500,2.169100,-5.283000
2022-08-03,4.7457446400,4.8778329600,4.7268748800,4.7457446400,32497763,165485466.6900,1.426700,0.199200
2022-08-04,4.7834841600,4.8400934400,4.7457446400,4.8212236800,19811517,100714204.1300,0.869700,1.590500
2022-08-05,4.8495283200,5.1137049600,4.8212236800,5.1042700800,49780663,263330561.2300,2.185400,5.870800
2022-08-08,5.0854003200,5.1231398400,5.0099212800,5.1137049600,31517298,169262856.9700,1.383600,0.184800
2022-08-09,5.1797491200,5.1797491200,5.0099212800,5.1137049600,29334468,157594706.7200,1.287800,0.000000
2022-08-10,5.0854003200,5.1231398400,5.0287910400,5.0476608000,21559658,115805392.3000,0.946500,-1.291500
2022-08-11,5.0854003200,5.1231398400,5.0570956800,5.1042700800,25013112,135157241.8000,1.098100,1.121500
2022-08-12,5.1137049600,5.1703142400,5.0759654400,5.1042700800,25187721,136960307.3300,1.105800,0.000000
2022-08-15,5.1137049600,5.1137049600,5.0382259200,5.0570956800,20706788,111166963.7000,0.909000,-0.924200
2022-08-16,5.0382259200,5.0854003200,5.0099212800,5.0382259200,19019897,101585263.9800,0.835000,-0.373100
2022-08-17,5.0476608000,5.0759654400,5.0099212800,5.0665305600,17852930,95596323.7600,0.783800,0.561800
2022-08-18,5.0665305600,5.0665305600,4.9910515200,5.0382259200,17450356,92914814.4000,0.766100,-0.558700
2022-08-19,5.0570956800,5.1137049600,5.0004864000,5.0099212800,26418107,141292230.7200,1.159800,-0.561800
2022-08-22,5.0382259200,5.1042700800,4.9155724800,5.0004864000,37229954,198724251.1500,1.634400,-0.188300
2022-08-23,4.9721817600,5.0193561600,4.9061376000,4.9250073600,29789214,156107121.9900,1.307800,-1.509400
2022-08-24,4.9627468800,4.9627468800,4.8023539200,4.8023539200,27813725,143286892.7700,1.221100,-2.490400
2022-08-25,4.8117888000,4.8495283200,4.7457446400,4.8117888000,22511396,114268687.1100,0.988300,0.196500
2022-08-26,4.8400934400,4.8589632000,4.7646144000,4.7646144000,18315460,93311985.6800,0.804100,-0.980400
2022-08-29,4.7174400000,4.8212236800,4.6985702400,4.7834841600,18420817,93156895.7500,0.808700,0.396000
2022-08-30,4.7929190400,4.8778329600,4.7740492800,4.8306585600,20421112,104369222.1100,0.896500,0.986200
2022-08-31,4.8023539200,4.8589632000,4.7363097600,4.7551795200,21126183,106922069.8400,0.927500,-1.562500
2022-09-01,4.7551795200,4.8212236800,4.7174400000,4.7457446400,18908667,95577194.0700,0.830100,-0.198400
2022-09-02,4.7363097600,4.8212236800,4.7363097600,4.8117888000,18426443,93684662.9400,0.808900,1.391700
2022-09-05,4.8212236800,4.8306585600,4.7646144000,4.8023539200,13552328,68852158.8900,0.595000,-0.196100
2022-09-06,4.8212236800,4.8212236800,4.7740492800,4.8117888000,15907251,80958629.9500,0.698300,0.196500
2022-09-07,4.8023539200,4.8212236800,4.7740492800,4.8023539200,16482031,83729531.8200,0.723600,-0.196100
2022-09-08,4.8023539200,4.8117888000,4.7457446400,4.7551795200,14057953,71044858.0900,0.617200,-0.982300
2022-09-09,4.7551795200,4.7929190400,4.7268748800,4.7740492800,13924996,70296890.8300,0.611300,0.396800
2022-09-13,4.7740492800,4.8306585600,4.7646144000,4.7834841600,14039299,71297724.9500,0.616300,0.197600
2022-09-14,4.7268748800,4.7646144000,4.7080051200,4.7457446400,15594990,78240721.9200,0.684600,-0.789000
2022-09-15,4.7551795200,4.7929190400,4.6230912000,4.6797004800,21274740,106212819.3400,0.934000,-1.391700
2022-09-16,4.6797004800,4.7080051200,4.5570470400,4.5570470400,19630727,96362334.7600,0.861800,-2.621000
2022-09-19,4.5853516800,4.6042214400,4.4060889600,4.4249587200,18987978,89832379.6800,0.833600,-2.898600
2022-09-20,4.4721331200,4.5570470400,4.4626982400,4.4910028800,11627680,55313475.7500,0.510500,1.492500
2022-09-21,4.4626982400,4.6042214400,4.4060889600,4.5759168000,14975273,71867123.3100,0.657400,1.890800
2022-09-22,4.5570470400,4.6042214400,4.5287424000,4.5476121600,11318919,54836333.9300,0.496900,-0.618600
2022-09-23,4.5476121600,4.5664819200,4.4343936000,4.4626982400,12187184,58034233.6600,0.535000,-1.867200
2022-09-26,4.4343936000,4.4532633600,4.3494796800,4.3589145600,13435914,62756371.0700,0.589900,-2.325600
2022-09-27,4.3683494400,4.4626982400,4.3589145600,4.4532633600,10824707,50592335.9700,0.475200,2.164500
2022-09-28,4.4343936000,4.4532633600,4.2928704000,4.3211750400,12271020,56924590.8300,0.538700,-2.966100
2022-09-29,4.3589145600,4.3966540800,4.2740006400,4.3117401600,13579916,62567695.3800,0.596200,-0.218300
2022-09-30,4.3117401600,4.3589145600,4.2834355200,4.2834355200,9200616,42169300.8200,0.405400,-0.656500
2022-10-10,4.3211750400,4.3211750400,4.1796518400,4.1890867200,14994600,67517629.3200,0.660600,-2.202600
2022-10-11,4.1985216000,4.3683494400,4.1985216000,4.3589145600,18354103,83743300.3700,0.808600,4.054100
2022-10-12,4.3400448000,4.5853516800,4.3023052800,4.5853516800,26192699,124169971.5600,1.154000,5.194800
2022-10-13,4.5759168000,4.6891353600,4.5381772800,4.6419609600,29495331,145481052.3000,1.299500,1.234600
2022-10-14,4.6513958400,4.6891353600,4.6230912000,4.6325260800,20586645,101714499.1800,0.907000,-0.203300
2022-10-17,4.6513958400,4.7363097600,4.6419609600,4.6797004800,19707994,98074939.9100,0.868300,1.018300
2022-10-18,4.7080051200,4.7174400000,4.6325260800,4.6608307200,13382290,66084840.7000,0.589600,-0.403200
2022-10-19,4.6702656000,4.6891353600,4.5853516800,4.6513958400,15973756,78616726.4800,0.703800,-0.202400
2022-10-20,4.6230912000,4.7174400000,4.6042214400,4.6513958400,15803224,78118420.6500,0.696300,0.000000
2022-10-21,4.6513958400,4.6891353600,4.6136563200,4.6419609600,10277674,50627978.5400,0.452800,-0.202800
2022-10-24,4.6797004800,4.7740492800,4.5759168000,4.6042214400,21096936,104526803.2100,0.929500,-0.813000
2022-10-25,4.5853516800,4.6325260800,4.5193075200,4.5664819200,15512057,75110576.9300,0.683400,-0.819700
2022-10-26,4.5759168000,4.8212236800,4.5664819200,4.7551795200,29901004,149963106.3300,1.317400,4.132200
2022-10-27,4.8778329600,5.1137049600,4.8400934400,5.0570956800,90788814,480694257.7300,4.000000,6.349200
2022-10-28,5.0665305600,5.1891840000,4.9816166400,5.0099212800,90270356,487621806.3400,3.977100,-0.932800
2022-10-31,5.0476608000,5.1514444800,5.0004864000,5.0854003200,54758805,295441258.8700,2.412600,1.506600
2022-11-01,5.1137049600,5.2080537600,5.0665305600,5.2080537600,62358040,341180714.6500,2.747400,2.411900
2022-11-02,5.2363584000,5.2835328000,5.1797491200,5.2174886400,45910509,253671015.5700,2.022700,0.181200
2022-11-03,5.2269235200,5.2363584000,5.1137049600,5.1797491200,41688328,228449414.9700,1.836700,-0.723300
2022-11-04,5.1891840000,5.2363584000,5.1514444800,5.2174886400,31898802,175851263.0000,1.405400,0.728600
2022-11-07,5.1891840000,5.3212723200,5.1797491200,5.1891840000,30641164,169450113.3900,1.350000,-0.542500
2022-11-08,5.1797491200,5.2646630400,5.1608793600,5.2646630400,30734868,170322500.4300,1.354100,1.454500
2022-11-09,5.2457932800,5.3684467200,5.1986188800,5.2457932800,29031292,162690009.3200,1.279100,-0.358400
2022-11-10,5.2080537600,5.3024025600,5.1797491200,5.2740979200,20831378,116370470.0700,0.917800,0.539600
2022-11-11,5.3495769600,5.4061862400,5.2269235200,5.2363584000,30876669,173447899.3600,1.360400,-0.715600
2022-11-14,5.2646630400,5.3495769600,5.2269235200,5.3307072000,27997576,157567872.5700,1.233500,1.801800
2022-11-15,5.3401420800,5.3778816000,5.2929676800,5.3212723200,25815068,146004883.3200,1.137400,-0.177000
2022-11-16,5.3307072000,5.4250560000,5.3118374400,5.4061862400,33002914,188164743.8100,1.454000,1.595700
2022-11-17,5.4061862400,5.4344908800,5.3307072000,5.4344908800,27210413,155380150.1400,1.198800,0.523600
2022-11-18,5.4533606400,5.5948838400,5.3778816000,5.4156211200,49760142,290135597.3500,2.192300,-0.347200
2022-11-21,5.4156211200,5.4533606400,5.2929676800,5.3684467200,30139346,170951812.2800,1.327900,-0.871100
2022-11-22,5.3307072000,5.4439257600,5.2552281600,5.2929676800,40882105,231093426.8500,1.801200,-1.406000
2022-11-23,5.2929676800,5.3212723200,5.1420096000,5.2080537600,32345798,178500166.5800,1.425100,-1.604300
2022-11-24,5.2552281600,5.3024025600,5.1891840000,5.1986188800,19356399,107354383.3100,0.852800,-0.181200
2022-11-25,5.2269235200,5.2269235200,5.1231398400,5.1797491200,18180748,100012818.2700,0.801000,-0.363000
2022-11-28,5.1420096000,5.1986188800,5.1042700800,5.1797491200,17977695,98337416.7400,0.792100,0.000000
2022-11-29,5.1891840000,5.2835328000,5.1703142400,5.2646630400,23498320,130815449.9300,1.035300,1.639300
2022-11-30,5.2835328000,5.2929676800,5.1703142400,5.1797491200,20600294,113985828.7600,0.907600,-1.612900
2022-12-01,5.2174886400,5.4156211200,5.2080537600,5.3590118400,45018873,255284081.3400,1.983400,3.460800
2022-12-02,5.3873164800,5.4533606400,5.3212723200,5.3495769600,27267588,155708100.9000,1.201400,-0.176100
2022-12-05,5.3684467200,5.4344908800,5.3212723200,5.3590118400,28580541,162575988.8600,1.259200,0.176400
2022-12-06,5.3495769600,5.3967513600,5.3307072000,5.3684467200,20262923,115160184.5400,0.892700,0.176100
2022-12-07,5.3590118400,5.3778816000,5.2269235200,5.2457932800,21754920,121746159.1000,0.958500,-2.284700
2022-12-08,5.2269235200,5.2740979200,5.1514444800,5.1797491200,20187529,111035030.6000,0.889400,-1.259000
2022-12-09,5.1703142400,5.2363584000,5.1231398400,5.1703142400,19238947,105622771.3200,0.847600,-0.182100
2022-12-12,5.1891840000,5.3401420800,5.1514444800,5.2835328000,26495935,148278843.4400,1.167400,2.189800
2022-12-13,5.2929676800,5.2929676800,5.1986188800,5.2269235200,19475780,107824465.5900,0.858100,-1.071400
2022-12-14,5.2174886400,5.2457932800,5.1514444800,5.1797491200,16150100,88973673.4800,0.711500,-0.902500
2022-12-15,5.1797491200,5.2740979200,5.1514444800,5.1986188800,16633143,92184952.4800,0.732800,0.364300
2022-12-16,5.1891840000,5.2080537600,5.1042700800,5.1420096000,19428566,105781931.3900,0.856000,-1.088900
2022-12-19,5.1137049600,5.1703142400,5.0193561600,5.0476608000,17662062,94901980.6400,0.778200,-1.834900
2022-12-20,5.0570956800,5.1137049600,4.9250073600,4.9721817600,19091677,101099638.0600,0.841100,-1.495300
2022-12-21,4.9910515200,5.0004864000,4.9061376000,4.9533120000,10450515,54880850.5600,0.460400,-0.379500
2022-12-22,4.9627468800,5.1608793600,4.9533120000,5.0759654400,29353565,158298847.6700,1.293300,2.476200
2022-12-23,5.0476608000,5.2080537600,5.0193561600,5.1231398400,17011400,92279591.0000,0.749500,0.929400
2022-12-26,5.1231398400,5.2174886400,5.0948352000,5.1703142400,15956562,87499479.3000,0.703000,0.920800
2022-12-27,5.1986188800,5.2269235200,5.1325747200,5.1514444800,14427093,78975613.1700,0.635600,-0.365000
2022-12-28,5.1325747200,5.2929676800,5.1137049600,5.1514444800,27847874,153148878.7500,1.226900,0.000000
2022-12-29,5.1608793600,5.2174886400,5.1231398400,5.1608793600,17230562,94563637.7400,0.759100,0.183200
2022-12-30,5.1608793600,5.2835328000,5.1420096000,5.2646630400,19645476,109277764.9900,0.865500,2.011000
2023-01-03,5.2363584000,5.3967513600,5.2363584000,5.3873164800,38035296,215417721.4900,1.675800,2.329700
2023-01-04,5.3778816000,5.4061862400,5.3401420800,5.3967513600,29701879,169288146.6100,1.308600,0.175100
2023-01-05,5.4250560000,5.4250560000,5.3590118400,5.3778816000,23872979,135973852.6400,1.051800,-0.349700
2023-01-06,5.3684467200,5.3873164800,5.2835328000,5.3118374400,24575481,138619113.9500,1.082700,-1.228100
2023-01-09,5.3401420800,5.3778816000,5.2929676800,5.3118374400,18989348,107354256.4900,0.836600,0.000000
2023-01-10,5.3307072000,5.3590118400,5.2457932800,5.3401420800,17766403,100243819.9700,0.782800,0.532900
2023-01-11,5.3495769600,5.3590118400,5.2269235200,5.2552281600,16583206,92979461.2000,0.730600,-1.590100
2023-01-12,5.2835328000,5.3118374400,5.2174886400,5.2835328000,15734641,87862003.9700,0.693200,0.538600
2023-01-13,5.2835328000,5.2929676800,5.2080537600,5.2740979200,14671858,81623035.3200,0.646400,-0.178600
2023-01-16,5.2835328000,5.3778816000,5.2740979200,5.3212723200,22520642,127687599.4700,0.992200,0.894500
2023-01-17,5.3401420800,5.3401420800,5.2835328000,5.3118374400,17029298,95860417.2100,0.750300,-0.177300
2023-01-18,5.3024025600,5.4061862400,5.3024025600,5.3684467200,20520344,116791375.4800,0.904100,1.065700
2023-01-19,5.3873164800,5.4250560000,5.3590118400,5.4061862400,25021715,143238271.1700,1.102400,0.703000
2023-01-20,5.4061862400,5.4722304000,5.3778816000,5.3967513600,27852681,159820669.5900,1.227100,-0.174500
2023-01-30,5.4533606400,5.5382745600,5.4250560000,5.4344908800,36618377,212268571.6600,1.613300,0.699300
2023-01-31,5.4250560000,5.4911001600,5.3967513600,5.4627955200,24352603,140596538.3700,1.072900,0.520800
2023-02-01,5.5194048000,5.6892326400,5.4439257600,5.6326233600,51689323,305760290.4800,2.277300,3.108800
2023-02-02,5.6986675200,5.7552768000,5.6326233600,5.6514931200,46372266,279472559.4800,2.043100,0.335000
2023-02-03,5.6609280000,5.7175372800,5.5854489600,5.6986675200,35859314,214980209.7400,1.579900,0.834700
2023-02-06,5.7081024000,5.7930163200,5.6514931200,5.7552768000,42512311,257759735.5700,1.873000,0.993400
2023-02-07,5.7175372800,5.8213209600,5.6609280000,5.7835814400,38996130,237395689.1500,1.718100,0.491800
2023-02-08,5.7835814400,6.1798464000,5.7364070400,5.8873651200,104692323,658288403.6500,4.612500,1.794500
2023-02-09,5.8118860800,5.8779302400,5.6797977600,5.8779302400,94400305,579402386.2600,4.159100,-0.160300
2023-02-10,5.8779302400,6.0854976000,5.8590604800,5.8590604800,97468075,614980430.8100,4.294300,-0.321000
2023-02-13,5.8307558400,5.9345395200,5.7741465600,5.8779302400,67046874,416082361.5500,2.954000,0.322100
2023-02-14,5.8968000000,5.9722790400,5.8118860800,5.8307558400,48409243,301570866.1200,2.132800,-0.802600
2023-02-15,5.8496256000,6.1704115200,5.8213209600,6.0760627200,94664741,603078668.8000,4.170700,4.207100
2023-02-16,5.9722790400,6.0949324800,5.8401907200,5.8873651200,81477328,516599557.1100,3.589700,-3.105600
2023-02-17,5.8968000000,5.9439744000,5.6892326400,5.6986675200,61679676,376855458.7800,2.717500,-3.205100
2023-02-20,5.7269721600,5.9345395200,5.6986675200,5.9345395200,60616235,374718635.0400,2.670600,4.139100
2023-02-21,5.9251046400,6.0288883200,5.8307558400,5.8779302400,46225852,290021261.4400,2.036600,-0.953900
2023-02-22,5.7930163200,5.9062348800,5.7458419200,5.8779302400,37592300,232086277.0000,1.656200,0.000000
2023-02-23,5.8307558400,5.8684953600,5.6703628800,5.7081024000,41442246,252816796.9800,1.825900,-2.889200
2023-02-24,5.7175372800,5.8590604800,5.6986675200,5.8401907200,50559327,310895319.1800,2.227500,2.314000
2023-02-27,5.8024512000,5.8401907200,5.6797977600,5.6986675200,36599206,222570656.4800,1.612500,-2.423300
2023-02-28,5.8118860800,5.9439744000,5.7269721600,5.8496256000,57918622,358024098.0400,2.551800,2.649000
2023-03-01,5.8496256000,6.0383232000,5.8118860800,6.0100185600,72130468,455874202.5300,3.177900,2.741900
2023-03-02,6.0194534400,6.1987161600,5.9722790400,6.0854976000,94008431,606312736.6700,4.141800,1.255900
2023-03-03,5.9722790400,6.0383232000,5.8779302400,5.9439744000,63640050,401138989.1700,2.803900,-2.325600
2023-03-06,5.9439744000,5.9911488000,5.8684953600,5.9062348800,46580539,292295050.4200,2.052300,-0.634900
2023-03-07,5.8684953600,5.9251046400,5.6703628800,5.6797977600,63169255,385916725.8600,2.783100,-3.833900
2023-03-08,5.6797977600,5.9062348800,5.6703628800,5.8968000000,58097529,359110429.5000,2.559700,3.820600
2023-03-09,5.9156697600,5.9534092800,5.7930163200,5.9156697600,39990764,249047399.6100,1.761900,0.320000
2023-03-10,5.8496256000,5.9628441600,5.8401907200,5.8873651200,39666897,248571626.9700,1.747600,-0.478500
2023-03-13,5.8307558400,6.0666278400,5.7741465600,6.0571929600,66856636,423064183.3700,2.945600,2.884600
2023-03-14,6.0383232000,6.0477580800,5.8307558400,5.9345395200,47593686,300100156.1800,2.096900,-2.024900
2023-03-15,5.9817139200,6.0005836800,5.8779302400,5.8968000000,35233238,220869288.1600,1.552300,-0.635900
2023-03-16,5.8496256000,6.0194534400,5.7647116800,5.9156697600,55029560,345135386.9800,2.424500,0.320000
2023-03-17,5.9817139200,6.4911974400,5.9722790400,6.3024998400,149212489,997276596.3300,6.574000,6.539100
2023-03-20,6.3496742400,6.4440230400,6.1515417600,6.1892812800,91231212,607836536.8500,4.019500,-1.796400
2023-03-21,6.1798464000,6.6232857600,6.0854976000,6.4817625600,145602649,992688317.7500,6.415000,4.725600
2023-03-22,6.4251532800,6.6421555200,6.3402393600,6.5761113600,135426543,935234355.0700,5.966600,1.455600
2023-03-23,6.5100672000,6.6327206400,6.4534579200,6.6044160000,115313004,798827891.7000,5.080500,0.430400
2023-03-24,6.5383718400,6.9912460800,6.5006323200,6.8780275200,180991732,1299763034.6100,7.974200,4.142900
2023-03-27,6.8119833600,6.8685926400,6.5572416000,6.7081996800,140898687,1002801131.6300,6.207700,-2.469100
2023-03-28,6.6515904000,6.7176345600,6.4911974400,6.6327206400,95741459,670866538.9600,4.218200,-1.125200
2023-03-29,6.6044160000,6.7270694400,6.4628928000,6.6327206400,88986363,624313055.6700,3.920600,0.000000
2023-03-30,6.5949811200,6.8214182400,6.4817625600,6.5006323200,106747876,750111520.1900,4.703100,-1.991500
2023-03-31,6.5383718400,6.8119833600,6.4817625600,6.7836787200,130195241,921639729.9200,5.736200,4.354100
2023-04-03,6.7270694400,6.9629414400,6.7081996800,6.9629414400,138476162,1005968302.4200,6.101000,2.642600
2023-04-04,6.9535065600,6.9723763200,6.7459392000,6.8214182400,114967107,833756971.4500,5.065200,-2.032500
2023-04-06,6.6421555200,6.7742438400,6.6138508800,6.6798950400,88693209,628820648.0600,3.907700,-2.074700
2023-04-07,6.7176345600,7.3120320000,6.6232857600,7.1799436800,169847611,1266479607.9600,7.483200,7.485900
2023-04-10,7.3120320000,7.4629900800,6.7931136000,6.8497228800,156266844,1177991188.7200,6.884800,-4.599200
2023-04-11,6.7931136000,7.0572902400,6.7836787200,6.8874624000,110636700,811220831.7400,4.874400,0.551000
2023-04-12,6.8497228800,7.2742924800,6.8402880000,7.1705088000,121706489,912876814.1100,5.362200,4.109600
2023-04-13,7.1233344000,7.3780761600,7.0101158400,7.0478553600,119657390,910635426.8300,5.271900,-1.710500
2023-04-14,7.0761600000,7.3497715200,6.9346368000,7.1044646400,118175750,892294218.2100,5.206600,0.803200
2023-04-17,7.1044646400,7.1044646400,6.6798950400,6.7176345600,117757041,846242899.1700,5.188200,-5.444900
2023-04-18,6.7553740800,6.8119833600,6.5100672000,6.7270694400,84284383,596251517.7000,3.713400,0.140400
2023-04-19,6.6987648000,7.0572902400,6.6798950400,6.8402880000,102340040,751398867.1600,4.508900,1.683000
2023-04-20,6.9723763200,7.7932108800,6.9723763200,7.3686412800,239872796,1883945988.2500,10.568300,7.724100
2023-04-21,7.3686412800,7.3969459200,6.6515904000,6.6704601600,193122202,1425329919.5300,8.508600,-9.475000
2023-04-24,6.7081996800,7.2648576000,6.7081996800,7.0289856000,192818421,1445437307.2500,8.495200,5.374800
2023-04-25,6.9912460800,8.1139968000,6.6987648000,7.7837760000,397122785,3104069251.9400,17.496500,10.738300
2023-04-26,8.0479526400,9.2839219200,7.6611225600,8.8121779200,572190593,5036634983.9000,25.209600,13.212100
2023-04-27,8.3970432000,8.4630873600,7.5762086400,7.7649062400,438824000,3733669424.6800,19.333800,-11.884400
2023-04-28,7.8309504000,8.7744384000,7.8309504000,8.4913920000,395887025,3505144951.3900,17.441100,9.356000
2023-05-04,8.5196966400,9.2178777600,8.3309990400,9.0669196800,450475413,4168772867.8600,19.846000,6.777800
2023-05-05,8.6800896000,8.6800896000,8.1045619200,8.2838246400,318738037,2847734414.8600,14.042200,-8.636800
2023-05-08,8.2083456000,8.5008268800,8.1328665600,8.2177804800,207668971,1827646318.5500,9.149000,-0.797300
2023-05-09,8.1423014400,8.1423014400,7.5007296000,7.5573388800,268666106,2209173236.2800,11.836300,-8.036700
2023-05-10,7.5573388800,7.6799923200,7.1422041600,7.2459878400,191900284,1502242918.4100,8.454300,-4.119900
2023-05-11,7.3214668800,7.4818598400,7.0572902400,7.3497715200,163665101,1266301092.6300,7.210400,1.432300
2023-05-12,7.2931622400,7.4441203200,7.1516390400,7.2082483200,109977785,849857954.1700,4.845100,-1.925500
2023-05-15,7.1799436800,7.2554227200,6.7553740800,7.1044646400,140716885,1042781425.9200,6.199400,-1.439800
2023-05-16,7.0667251200,7.0855948800,6.8308531200,6.8591577600,97033486,713514712.0600,4.274900,-3.452900
2023-05-17,6.7459392000,7.1233344000,6.7459392000,7.0101158400,110748451,820996427.7700,4.879100,2.200800
2023-05-18,7.0478553600,7.2176832000,6.9723763200,7.0761600000,128241139,966159001.0400,5.649800,0.942100
2023-05-19,7.0667251200,7.3969459200,6.9063321600,7.2176832000,150155100,1141684778.7100,6.615200,2.000000
2023-05-22,7.1988134400,7.5101644800,7.1988134400,7.3403366400,145358917,1131286995.3300,6.403900,1.699300
2023-05-23,7.2365529600,7.2554227200,6.8874624000,6.9063321600,113975512,845469509.1100,5.021300,-5.912600
2023-05-24,6.8780275200,7.0478553600,6.8497228800,6.8968972800,68440221,503748468.1100,3.015200,-0.136600
2023-05-25,6.9629414400,7.1327692800,6.6138508800,6.7270694400,108204861,784272845.6200,4.767000,-2.462400
2023-05-26,6.6987648000,6.9252019200,6.6327206400,6.7836787200,82641338,596567442.9100,3.640800,0.841500
2023-05-29,6.8402880000,7.0761600000,6.8025484800,6.9818112000,113528393,835456811.8100,5.001600,2.920700
2023-05-30,6.8874624000,7.1705088000,6.8025484800,7.1705088000,118571070,881904308.9700,5.223700,2.702700
2023-05-31,7.1799436800,7.2648576000,7.0855948800,7.1799436800,98837757,751007274.0600,4.354400,0.131600
2023-06-01,7.1233344000,7.4912947200,7.0855948800,7.3780761600,143620840,1117606484.7000,6.327300,2.759500
2023-06-02,7.3969459200,7.7271667200,7.2931622400,7.6894272000,191516239,1534392787.6500,8.437400,4.219900
2023-06-05,7.6328179200,7.7932108800,7.5290342400,7.5856435200,144973830,1172146137.6100,6.386900,-1.349700
2023-06-06,7.7837760000,7.9536038400,7.3592064000,7.4629900800,194980765,1591027524.3100,8.590000,-1.616900
2023-06-07,7.3686412800,7.6139481600,7.3025971200,7.4818598400,117953951,934894171.7800,5.196500,0.252800
2023-06-08,7.4912947200,7.4912947200,7.1327692800,7.3025971200,114652029,885075610.4700,5.051100,-2.396000
2023-06-09,7.4260518600,7.8438859800,7.3595782500,7.7774123700,202934585,1635730945.8400,8.940400,6.502000
2023-06-12,7.7679161400,8.0053218900,7.7489236800,7.8248935200,182588346,1513946581.7800,8.044100,0.610500
2023-06-13,7.7489236800,8.1857502600,7.6539613800,7.9768332000,181920546,1527210984.1300,8.014600,1.941700
2023-06-14,7.9673369700,8.1192766500,7.8059010600,8.0338105800,162290543,1363751153.4000,7.149800,0.714300
2023-06-15,8.0053218900,8.1002841900,7.8059010600,7.8438859800,143607831,1200132348.4600,6.326700,-2.364100
2023-06-16,7.8059010600,7.9198558200,7.6444651500,7.8343897500,116151441,956419705.1100,5.117100,-0.121100
2023-06-19,7.8818709000,8.1002841900,7.8438859800,8.0622992700,163330546,1374392905.4600,7.195600,2.909100
2023-06-20,7.9768332000,8.0053218900,7.7489236800,7.8153972900,122560799,1014010447.0100,5.399500,-3.062400
2023-06-21,7.8153972900,7.8248935200,7.4830292400,7.4925254700,108349373,868797269.6200,4.773400,-4.131200
2023-06-26,7.4070594000,7.5305103900,6.8752705200,6.8942629800,123467271,921486478.1800,5.439400,-7.984800
2023-06-27,6.9132554400,6.9797290500,6.8087969100,6.9227516700,75287362,547318358.0300,3.316800,0.413200
2023-06-28,6.9037592100,6.9037592100,6.4859250900,6.6948421500,95947803,670726099.0500,4.227000,-3.292200
2023-06-29,6.6378647700,6.7898044500,6.6093760800,6.7423233000,59944667,423346242.1300,2.640900,0.709200
2023-06-30,6.7138346100,6.7898044500,6.6378647700,6.7518195300,61883359,437553338.5700,2.726200,0.140800
2023-07-03,6.7708119900,6.7898044500,6.5713911600,6.6758496900,67913425,476569735.7600,2.992000,-1.125200
2023-07-04,6.6568572300,6.7233308400,6.6473610000,6.6853459200,46614840,328018032.9300,2.053600,0.142200
2023-07-05,6.6948421500,6.7803082200,6.5429024700,6.5523987000,57114691,399125322.2600,2.516200,-1.988600
2023-07-06,6.5239100100,6.7518195300,6.5144137800,6.5903836200,53148982,372199228.3800,2.341500,0.579700
2023-07-07,6.5808873900,6.6188723100,6.2960004900,6.4574364000,70359462,475416475.0300,3.099700,-2.017300
2023-07-10,6.4954213200,6.5239100100,6.4194514800,6.4384439400,33592674,228284802.6900,1.479900,-0.294100
2023-07-11,6.4384439400,6.5239100100,6.4004590200,6.4479401700,35097174,238983733.5200,1.546200,0.147500
2023-07-12,6.4194514800,6.4669326300,6.2295268800,6.2390231100,58269228,388208624.0400,2.567100,-3.240100
2023-07-13,6.2675118000,6.3814665600,6.2485193400,6.3624741000,41220532,274432331.9900,1.815900,1.978700
2023-07-14,6.3909627900,6.5334062400,6.3814665600,6.4954213200,62235360,423579348.9100,2.741700,2.089600
2023-07-17,6.5523987000,6.5998798500,6.4574364000,6.4954213200,42526388,291532775.2200,1.873500,0.000000
2023-07-18,6.4859250900,6.5334062400,6.3909627900,6.4099552500,35235889,239354308.7700,1.552300,-1.315800
2023-07-19,6.4004590200,6.5239100100,6.3909627900,6.4289477100,28374526,192724464.1500,1.250000,0.296300
2023-07-20,6.4289477100,6.4859250900,6.3149929500,6.3339854100,37654497,253874681.0400,1.658800,-1.477100
2023-07-21,6.3339854100,6.3814665600,6.2390231100,6.2580155700,31194863,206971573.5200,1.374300,-1.199400
2023-07-24,6.2105344200,6.4479401700,6.1820457300,6.3529778700,31717827,212283439.4100,1.397300,1.517500
2023-07-25,6.4194514800,6.4954213200,6.3814665600,6.4859250900,36109738,245405097.5100,1.590800,2.092700
2023-07-26,6.4859250900,6.4954213200,6.3624741000,6.3909627900,36047180,243302517.8800,1.588000,-1.464100
2023-07-27,6.3909627900,6.4194514800,6.3054967200,6.3054967200,27704730,185428737.6200,1.220500,-1.337300
2023-07-28,6.3054967200,6.4289477100,6.2295268800,6.4289477100,33625453,225340231.4200,1.478300,1.957800
2023-07-31,6.4099552500,6.5239100100,6.3624741000,6.4574364000,40904978,278351286.1200,1.798300,0.443100
2023-08-01,6.4574364000,6.5239100100,6.3909627900,6.4954213200,34147669,232493080.4400,1.501300,0.588200
2023-08-02,6.4574364000,6.5998798500,6.4194514800,6.5144137800,37143206,254763067.4600,1.633000,0.292400
2023-08-03,6.4764288600,6.5239100100,6.4479401700,6.4669326300,28392645,193580501.0100,1.248300,-0.728900
2023-08-04,6.4954213200,6.7043383800,6.4764288600,6.6568572300,77584168,540694946.8000,3.410900,2.936900
2023-08-07,6.6093760800,6.6663534600,6.5808873900,6.6188723100,41853316,291536348.4600,1.840000,-0.570600
2023-08-08,6.6188723100,6.6473610000,6.5713911600,6.5998798500,30575852,212775707.3100,1.344200,-0.286900
2023-08-09,6.5808873900,6.6853459200,6.4859250900,6.5049175500,39112204,270864394.9000,1.719500,-1.438800
2023-08-10,6.4764288600,6.5334062400,6.4289477100,6.4669326300,26339319,179656667.7200,1.158000,-0.583900
2023-08-11,6.4669326300,6.5049175500,6.2770080300,6.2770080300,42183400,283710958.2500,1.854600,-2.936900
2023-08-14,6.2010381900,6.4384439400,6.1915419600,6.4289477100,32667485,218251921.1100,1.436200,2.420600
2023-08-15,6.4384439400,6.4574364000,6.2580155700,6.3339854100,26698975,178510118.8000,1.173800,-1.477100
2023-08-16,6.3244891800,6.3434816400,6.1345645800,6.1820457300,31610477,207376892.2700,1.389700,-2.398800
2023-08-17,6.1630532700,6.2390231100,6.0585947400,6.2295268800,26536403,172501265.6300,1.166600,0.768000
2023-08-18,6.2295268800,6.2770080300,6.0111135900,6.0206098200,31256506,201618333.5000,1.374200,-3.353700
2023-08-21,6.0111135900,6.1915419600,5.9921211300,6.0396022800,29444179,189260670.7600,1.294500,0.315500
2023-08-22,6.1250683500,6.2295268800,6.0396022800,6.2200306500,41594096,268660087.8400,1.828600,2.987400
2023-08-23,6.1725495000,6.2295268800,6.0585947400,6.1345645800,32114620,207869282.5000,1.411900,-1.374000
2023-08-24,6.5903836200,6.9512403600,6.5144137800,6.7233308400,202547946,1433880599.4000,8.904800,9.597500
2023-08-25,6.6093760800,6.6568572300,6.2865042600,6.3529778700,128192038,868893147.5500,5.635800,-5.508500
2023-08-28,6.7423233000,6.8182931400,6.3814665600,6.4289477100,102730328,710772140.0000,4.516400,1.195800
2023-08-29,6.4194514800,6.7043383800,6.3909627900,6.6473610000,110138328,767359717.2400,4.842100,3.397300
2023-08-30,6.6473610000,6.7233308400,6.5618949300,6.6473610000,87580529,612090368.1900,3.850400,0.000000
2023-08-31,6.5808873900,6.6093760800,6.5334062400,6.5429024700,53924312,372565896.1000,2.370700,-1.571400
2023-09-01,6.5523987000,6.6188723100,6.5049175500,6.5429024700,38652295,266892958.4500,1.699300,0.000000
2023-09-04,6.5523987000,6.6378647700,6.4954213200,6.6378647700,47904307,330879466.3600,2.106200,1.451400
2023-09-05,6.6473610000,6.6568572300,6.4859250900,6.5049175500,48000492,331273881.0500,2.110400,-2.002900
2023-09-06,6.4954213200,6.5049175500,6.3149929500,6.4859250900,40000272,270666829.4100,1.758700,-0.292000
2023-09-07,6.4574364000,6.5334062400,6.3434816400,6.3529778700,38056207,257561756.4300,1.673200,-2.049800
2023-09-08,6.3149929500,6.4194514800,6.3149929500,6.3624741000,30471242,204273310.3500,1.339700,0.149500
2023-09-11,6.4194514800,6.5998798500,6.3624741000,6.5618949300,56426030,386363925.8100,2.480900,3.134300
2023-09-12,6.5144137800,6.6093760800,6.5144137800,6.5713911600,42035093,290215613.6300,1.848100,0.144700
2023-09-13,6.5429024700,6.5429024700,6.2865042600,6.3339854100,49894119,335111406.8500,2.193700,-3.612700
2023-09-14,6.3054967200,6.3719703300,6.2580155700,6.3054967200,31995176,212530866.8400,1.406700,-0.449800
2023-09-15,6.3339854100,6.3624741000,6.1820457300,6.1915419600,32953245,216740495.5100,1.448800,-1.807200
2023-09-18,6.1630532700,6.2295268800,6.1250683500,6.1630532700,30861377,200691541.0000,1.356900,-0.460100
2023-09-19,6.1630532700,6.1630532700,6.0111135900,6.0396022800,31287945,199713882.1900,1.375600,-2.003100
2023-09-20,6.0396022800,6.1060758900,5.9921211300,5.9921211300,25529352,162549195.7000,1.122400,-0.786200
2023-09-21,5.9826249000,6.0870834300,5.9446399800,6.0016173600,25769954,163595678.1400,1.133000,0.158500
2023-09-22,5.9921211300,6.2200306500,5.9826249000,6.2200306500,47283227,306367088.2100,2.078900,3.639200
2023-09-25,6.2010381900,6.2580155700,6.1725495000,6.2010381900,29283528,191612183.6200,1.287500,-0.305300
2023-09-26,6.2105344200,6.3054967200,6.1725495000,6.2390231100,33645354,221624461.4900,1.479300,0.612600
2023-09-27,6.2580155700,6.3149929500,6.1820457300,6.2770080300,33908113,224018415.3600,1.490800,0.608800
2023-09-28,6.3054967200,6.3719703300,6.2865042600,6.3434816400,34391953,229779100.1800,1.512100,1.059000
2023-10-09,6.3434816400,6.5808873900,6.3339854100,6.5239100100,67171096,460123733.3400,2.953300,2.844300
2023-10-10,6.5808873900,6.6758496900,6.5618949300,6.5808873900,57735766,401590420.2100,2.538400,0.873400
2023-10-11,6.5713911600,6.6758496900,6.5049175500,6.6188723100,46102251,321090227.2300,2.027000,0.577200
2023-10-12,6.6283685400,6.7233308400,6.6093760800,6.6473610000,44828261,314028224.6100,1.970900,0.430400
2023-10-13,6.6093760800,6.6568572300,6.5429024700,6.5618949300,37634564,261335674.7900,1.654700,-1.285700
2023-10-16,6.5808873900,6.6283685400,6.4859250900,6.5713911600,39334220,271825645.8200,1.729400,0.144700
2023-10-17,6.5998798500,6.6283685400,6.5049175500,6.5903836200,31818025,220279599.0800,1.398900,0.289000
2023-10-18,6.5808873900,6.5903836200,6.4194514800,6.5239100100,31806059,217818244.0600,1.398400,-1.008600
2023-10-19,6.5334062400,6.6663534600,6.4764288600,6.4859250900,39713794,275019214.4400,1.746100,-0.582200
2023-10-20,6.4194514800,6.5239100100,6.2865042600,6.3054967200,34421040,231128431.3300,1.513400,-2.781800
2023-10-23,6.2675118000,6.3149929500,6.0680909700,6.0965796600,32357670,210326999.0100,1.422700,-3.313300
2023-10-24,6.1535570400,6.2105344200,5.9921211300,6.1630532700,40961729,264393497.8100,1.800900,1.090300
2023-10-25,6.2960004900,6.7233308400,6.2770080300,6.5523987000,103868239,714404582.4300,4.566700,6.317400
2023-10-26,6.5144137800,6.9132554400,6.4764288600,6.7898044500,137664998,976842655.6100,6.052600,3.623200
2023-10-27,6.7803082200,6.7898044500,6.5903836200,6.6948421500,77176765,542806726.5700,3.393200,-1.398600
2023-10-30,6.6663534600,6.7993006800,6.6473610000,6.7613157600,77417516,548824146.0100,3.403800,0.992900
2023-10-31,6.7423233000,6.8087969100,6.5903836200,6.6568572300,60149976,422685883.1200,2.644600,-1.544900
2023-11-01,6.6473610000,6.6853459200,6.5239100100,6.5334062400,50718115,351166279.8600,2.229900,-1.854500
2023-11-02,6.5334062400,6.6283685400,6.4194514800,6.4384439400,48710863,334995151.0900,2.141600,-1.453500
2023-11-03,6.4764288600,6.6188723100,6.4384439400,6.5713911600,46181854,318873624.3400,2.030500,2.064900
2023-11-06,6.6093760800,6.7518195300,6.6093760800,6.7423233000,63549656,449084707.4800,2.794100,2.601200
2023-11-07,6.7423233000,6.8182931400,6.6948421500,6.7993006800,61943097,440674594.9000,2.723400,0.845100
2023-11-08,6.8372856000,7.0556988900,6.8182931400,6.9227516700,117852425,861903974.1900,5.181600,1.815600
2023-11-09,6.9417441300,6.9987215100,6.8467818300,6.9132554400,70038544,510603158.4200,3.079300,-0.137200
2023-11-10,6.8657742900,6.9132554400,6.7898044500,6.8087969100,53069549,381754148.8800,2.333300,-1.511000
2023-11-13,6.8467818300,7.0556988900,6.8467818300,7.0177139700,81048515,595642199.5900,3.563400,3.068300
2023-11-14,7.0367064300,7.1506611900,7.0082177400,7.0936838100,80169465,597245883.0700,3.524800,1.082500
2023-11-15,7.1696536500,7.2076385700,6.9797290500,7.0082177400,65551361,486521859.3100,2.882100,-1.204800
2023-11-16,6.9797290500,7.0936838100,6.9417441300,6.9987215100,50515853,374213951.5300,2.221000,-0.135500
2023-11-17,6.9797290500,7.0462026600,6.9417441300,7.0082177400,39711928,292199091.8100,1.746000,0.135700
2023-11-20,7.0177139700,7.0651951200,6.9702328200,7.0367064300,41444734,306286530.1800,1.822200,0.406500
2023-11-21,7.0746913500,7.1411649600,6.9322479000,6.9607365900,62346606,462425577.1600,2.741200,-1.079600
2023-11-22,6.9227516700,6.9892252800,6.8372856000,6.8372856000,44312205,322297629.1000,1.948200,-1.773500
2023-11-23,6.8372856000,6.9322479000,6.7328270700,6.9037592100,39870935,287775100.2400,1.753000,0.972200
2023-11-24,6.9132554400,6.9322479000,6.6568572300,6.6853459200,45139441,320168218.0400,1.984600,-3.163700
2023-11-27,6.6568572300,6.7708119900,6.6473610000,6.7138346100,28452146,201079537.7800,1.250900,0.426100
2023-11-28,6.6948421500,6.7423233000,6.5808873900,6.6663534600,37874663,265559982.7300,1.665200,-0.707200
2023-11-29,6.6473610000,6.7423233000,6.5808873900,6.6378647700,33950867,238016218.0700,1.492700,-0.427400
2023-11-30,6.6283685400,6.6663534600,6.4954213200,6.5713911600,32553100,225233118.0000,1.431200,-1.001400
2023-12-01,6.5713911600,6.8182931400,6.5523987000,6.7898044500,45499424,321463211.7900,2.000400,3.323700
2023-12-04,6.8182931400,7.3215933300,6.7993006800,7.0556988900,136816342,1022919204.0200,6.015300,3.916100
2023-12-05,7.0556988900,7.1031800400,6.7613157600,6.7613157600,77149828,555804645.9700,3.392000,-4.172300
2023-12-06,6.7518195300,6.9512403600,6.6283685400,6.8847667500,69054479,494224507.7200,3.036100,1.825800
2023-12-07,6.8372856000,7.0082177400,6.8182931400,6.9512403600,71034178,518925381.9800,3.123100,0.965500
2023-12-08,6.9227516700,7.3690744800,6.9037592100,7.2076385700,155252818,1181113482.4700,6.825900,3.688500
2023-12-11,7.1221725000,7.3405857900,7.0556988900,7.2931046400,93000214,704876641.7500,4.088900,1.185800
2023-12-12,7.2836084100,7.3500820200,7.1696536500,7.2266310300,63558850,483991323.8200,2.794500,-0.911500
2023-12-13,7.2171348000,7.2646159500,7.1126762700,7.1126762700,51032507,385707063.9600,2.243700,-1.576900
2023-12-14,7.1601574200,7.2646159500,7.0841875800,7.1031800400,48486191,366084119.7900,2.131800,-0.133500
2023-12-15,7.1031800400,7.1411649600,6.9702328200,7.0367064300,48031133,356749563.6100,2.111800,-0.935800
2023-12-18,7.0177139700,7.0841875800,6.9322479000,6.9512403600,40091878,294976898.8300,1.762700,-1.214600
2023-12-19,6.9512403600,7.2456234900,6.8657742900,7.1791498800,76060922,568906984.1900,3.344100,3.278700
2023-12-20,7.1981423400,7.2646159500,7.0556988900,7.0746913500,61369239,461382740.4000,2.698200,-1.455000
2023-12-21,7.0082177400,7.1886461100,6.9227516700,7.1791498800,60368909,450235041.9600,2.654200,1.476500
2023-12-22,7.1791498800,7.1886461100,6.8562780600,6.8942629800,90158990,663409080.6500,3.964000,-3.968300
2023-12-25,6.8847667500,7.1031800400,6.8657742900,7.0082177400,41285421,304402332.6100,1.815200,1.652900
2023-12-26,7.0082177400,7.0082177400,6.7708119900,6.8562780600,37571443,271137380.8300,1.651900,-2.168000
2023-12-27,6.8752705200,7.3310895600,6.8562780600,7.2076385700,102755902,774456329.4500,4.517800,5.124700
2023-12-28,7.1506611900,7.2646159500,7.1316687300,7.2076385700,74902166,568142650.4100,3.293200,0.000000
2023-12-29,7.2551197200,7.5969840000,7.2171348000,7.4545405500,119149537,937955614.0100,5.238600,3.425600
2024-01-02,7.5115179300,7.6254726900,7.3595782500,7.4925254700,106571989,845111193.8700,4.685600,0.509600
2024-01-03,7.4545405500,7.5874877700,7.4070594000,7.5684953100,74733850,590602387.8400,3.285800,1.013900
2024-01-04,7.5305103900,7.8059010600,7.3595782500,7.6729538400,103032534,824954414.7600,4.530000,1.380200
2024-01-05,7.6254726900,7.6729538400,7.4260518600,7.4735330100,65098864,516608163.5700,2.862200,-2.599000
2024-01-08,7.4450443200,7.8628784400,7.3975631700,7.6254726900,99259673,803989436.1000,4.364100,2.033000
2024-01-09,7.5969840000,7.8153972900,7.5020217000,7.5589990800,96017752,775918561.7300,4.221600,-0.871700
2024-01-10,7.5020217000,7.7774123700,7.4545405500,7.6254726900,79164932,637703655.6800,3.480600,0.879400
2024-01-11,7.6159764600,8.0528030400,7.5305103900,8.0148181200,114963174,945762171.8800,5.054500,5.105900
2024-01-12,7.9388482800,7.9768332000,7.7679161400,7.7774123700,65119881,538665556.3300,2.863100,-2.962100
2024-01-15,7.7204349900,8.1572615700,7.7014425300,8.0528030400,94440987,796947407.2700,4.152200,3.540900
2024-01-16,8.0338105800,8.2047427200,7.8913671300,8.1667578000,79786834,677899923.3800,3.507900,1.415100
2024-01-17,8.1192766500,8.6320730700,7.8913671300,7.9293520500,179983609,1578298934.0800,7.913200,-2.907000
2024-01-18,7.8913671300,8.3376899400,7.8059010600,8.2712163300,157403362,1328200197.9000,6.920500,4.311400
2024-01-19,8.2047427200,8.2142389500,7.5589990800,7.5874877700,144489423,1180311822.8900,6.352700,-8.266400
2024-01-22,7.4735330100,7.6634576100,7.1506611900,7.2456234900,101248144,788274185.7000,4.451500,-4.505600
2024-01-23,7.2931046400,7.7109387600,7.1601574200,7.5495028500,80825634,639349658.6500,3.553600,4.194000
2024-01-24,7.5589990800,7.7489236800,7.4830292400,7.7299312200,72889503,584606916.4200,3.204700,2.389900
2024-01-25,7.7299312200,7.7774123700,7.5400066200,7.6539613800,86079844,693889408.7500,3.784600,-0.982800
2024-01-26,7.6254726900,7.6729538400,7.3405857900,7.4735330100,70866606,559704075.0300,3.115800,-2.357300
2024-01-29,7.4450443200,7.4640367800,6.8562780600,6.8847667500,88777733,659261407.2700,3.903200,-7.878000
2024-01-30,7.0272102000,7.4070594000,6.9797290500,7.1981423400,95316709,727216616.8600,4.190700,4.551700
2024-01-31,7.2076385700,7.6064802300,7.0272102000,7.3690744800,113004931,877778593.9700,4.968400,2.374700
2024-02-01,7.2361272600,7.6634576100,7.2361272600,7.3975631700,96641328,762289260.0200,4.249000,0.386600
2024-02-02,7.4070594000,7.6349689200,7.2266310300,7.5210141600,108952834,859496033.0200,4.790300,1.668800
2024-02-05,7.3785707100,8.0053218900,6.9797290500,7.7394274500,121436700,958897973.6000,5.339100,2.904000
2024-02-06,7.5305103900,8.1097804200,7.5305103900,8.0622992700,117463826,971427872.5100,5.164500,4.171800
2024-02-07,7.9293520500,8.2997050200,7.8913671300,8.1952464900,112773756,968717586.5400,4.958300,1.649000
2024-02-08,8.2427276400,8.6415693000,8.0433068100,8.1572615700,140849248,1244327192.2900,6.192600,-0.463500
2024-02-19,8.4516447000,8.7840127500,8.1952464900,8.7175391400,135679114,1226035924.7100,5.965300,6.868500
2024-02-20,8.5561032300,8.7650202900,8.4421484700,8.4991258500,88053587,793126180.0800,3.871400,-2.505400
2024-02-21,8.4136597800,8.6130806100,8.3186974800,8.3281937100,94709312,843110209.8900,4.164000,-2.011200
2024-02-22,8.4516447000,8.7175391400,8.4041635500,8.4896296200,83771741,752854710.0300,3.683100,1.938400
2024-02-23,8.4706371600,8.6130806100,8.2807125600,8.6035843800,105321478,934693061.6500,4.630600,1.342300
2024-02-26,8.5181183100,8.6035843800,8.3756748600,8.4706371600,76346712,681677204.2700,3.356700,-1.545300
2024-02-27,8.4421484700,10.1514698700,8.3946673200,9.7811169000,238349448,2331334177.4300,10.479400,15.470900
2024-02-28,9.7621244400,10.3983718500,9.4582450800,9.4867337700,242847145,2539489109.8900,10.677100,-3.009700
2024-02-29,9.6196809900,9.9330565800,9.4582450800,9.7336357500,194955259,1986959488.7700,8.571500,2.602600
2024-03-01,9.7336357500,10.0280188800,9.5342149200,9.9520490400,191754796,1976454907.8800,8.430800,2.243900
2024-03-04,10.7307399000,10.9586494200,9.9805377300,10.2274397100,273485634,3002231527.2300,12.024200,2.767200
2024-03-05,10.0660038000,10.1799585600,9.5627036100,9.6291772200,228945845,2372893933.5200,10.065900,-5.849600
2024-03-06,9.4962300000,9.8096055900,9.4012677000,9.6671621400,132553930,1350469536.0600,5.827900,0.394500
2024-03-07,9.5721998400,9.7716206700,9.1828544100,9.2113431000,159476950,1582395594.0500,7.011600,-4.715100
2024-03-08,9.2588242500,9.5627036100,9.2208393300,9.5152224600,108300503,1073019563.3000,4.761600,3.299000
2024-03-11,9.3158016300,9.6386734500,9.2778167100,9.6006885300,111736936,1110491843.8900,4.912700,0.898200
2024-03-12,9.6291772200,9.7336357500,9.2683204800,9.3632827800,135377283,1345815911.6600,5.952100,-2.472800
2024-03-13,9.4867337700,9.5437111500,9.2398317900,9.4107639300,115565174,1147195398.4600,5.081000,0.507100
2024-03-14,9.2588242500,9.4202601600,9.1353732600,9.2968091700,89244795,871739909.8900,3.923800,-1.210900
2024-03-15,9.2778167100,9.6101847600,9.2208393300,9.5911923000,136924759,1363467346.7500,6.020100,3.166500
2024-03-18,9.6386734500,9.7146432900,9.4202601600,9.6766583700,135470884,1363378925.8800,5.956200,0.891100
2024-03-19,9.5816960700,9.5816960700,9.4107639300,9.4202601600,97069528,969746581.5100,4.267800,-2.649700
2024-03-20,9.4012677000,9.5721998400,9.3632827800,9.4107639300,81063802,806378116.3700,3.564100,-0.100800
2024-03-21,9.4012677000,9.8475905100,9.3822752400,9.6576659100,144266967,1469379676.2900,6.342900,2.623600
2024-03-22,9.5532073800,9.5911923000,9.1448694900,9.3158016300,139745389,1373647527.0000,6.144100,-3.539800
2024-03-25,9.4012677000,9.4392526200,9.0119222700,9.0309147300,99812954,972691363.6300,4.388400,-3.058100
2024-03-26,9.0024260400,9.1353732600,8.7460278300,8.8125014400,102995805,965335710.4900,4.528400,-2.418500
2024-03-27,8.8030052100,8.8504863600,8.4231560100,8.5940881500,96230948,873153071.2800,4.230900,-2.478400
2024-03-28,8.5940881500,8.9074637400,8.5561032300,8.7745165200,83073913,766219556.7500,3.652500,2.099400
2024-03-29,8.7175391400,8.8504863600,8.6320730700,8.8314939000,58895419,542047347.3600,2.589400,0.649400
2024-04-01,8.8789750500,9.0024260400,8.8030052100,8.9264562000,68479976,640809878.3500,3.010800,1.075300
2024-04-02,8.8789750500,8.9074637400,8.6510655300,8.7175391400,58632855,539993286.9300,2.577900,-2.340400
2024-04-03,8.7555240600,8.8694788200,8.5655994600,8.6985466800,63268725,580744796.6400,2.781700,-0.217900
2024-04-08,8.6225768400,8.8125014400,8.4801333900,8.6985466800,61872127,565402865.7400,2.720300,0.000000
2024-04-09,8.6890504500,8.7270353700,8.4991258500,8.6510655300,50644452,458814682.8500,2.226700,-0.545900
2024-04-10,8.6510655300,8.7270353700,8.3661786300,8.4326522400,63643337,569117855.7000,2.798200,-2.524700
2024-04-11,8.3566824000,8.5276145400,8.2522238700,8.2807125600,64058528,564860439.2300,2.816400,-1.801800
2024-04-12,8.2522238700,8.4611409300,8.2332314100,8.3376899400,60468694,531065074.5900,2.658600,0.688100
2024-04-15,8.4041635500,8.5371107700,8.2427276400,8.3661786300,76227099,674778503.3700,3.346200,0.341700
2024-04-16,8.3566824000,8.7460278300,8.3186974800,8.5086220800,124451266,1123214068.2300,5.463100,1.702600
2024-04-17,8.5086220800,8.8789750500,8.4421484700,8.8789750500,123292455,1139461396.5600,5.412200,4.352700
2024-04-18,8.7840127500,9.7336357500,8.6700579900,9.4012677000,197166509,1914368526.8000,8.655100,5.882400
2024-04-19,9.3063054000,9.4867337700,9.0309147300,9.1258770300,120491285,1173723976.4800,5.289200,-2.929300
2024-04-22,8.9074637400,9.1068845700,8.3756748600,8.8030052100,106081773,973876342.7900,4.656700,-3.538000
2024-04-23,8.7840127500,8.8789750500,8.5561032300,8.5561032300,71856584,658859516.2200,3.154300,-2.804700
2024-04-24,8.5561032300,8.9074637400,8.5561032300,8.9074637400,87516972,810333160.7800,3.841700,4.106500
2024-04-25,8.7840127500,9.1923506400,8.7555240600,9.1353732600,92848014,879433585.2400,4.073600,2.558600
2024-04-26,9.2113431000,9.2113431000,8.6795542200,8.9834335800,151246077,1429957522.4100,6.635700,-1.663200
2024-04-29,9.0499071900,9.3158016300,8.9644411200,9.1638619500,110828189,1068202459.5000,4.862400,2.008500
2024-04-30,9.1923506400,9.4012677000,8.9359524300,8.9834335800,96067425,924928044.5000,4.214800,-1.968900
2024-05-06,9.1163808000,9.2493280200,9.0214185000,9.0973883400,77860837,748252951.3600,3.416000,1.268500
2024-05-07,9.0309147300,9.2018468700,8.8884712800,8.9549448900,80608548,765426194.4000,3.536600,-1.565800
2024-05-08,8.9264562000,8.9264562000,8.3851710900,8.3946673200,115877519,1043046016.9900,5.084000,-6.256600
2024-05-09,8.4041635500,8.5561032300,8.3566824000,8.4611409300,63358805,566257292.4500,2.779800,0.791900
2024-05-10,8.4896296200,8.5371107700,8.2332314100,8.3756748600,66825879,586115986.9900,2.931900,-1.010100
2024-05-13,8.2902087900,8.3186974800,8.1192766500,8.2237351800,53868454,466131762.2300,2.363400,-1.814100
2024-05-14,8.2237351800,8.5371107700,8.2237351800,8.4706371600,68276903,606666142.5600,2.995600,3.002300
2024-05-15,8.4706371600,8.4706371600,8.2617201000,8.2617201000,42464448,373461990.3700,1.863100,-2.466400
2024-05-16,8.3471861700,8.4421484700,8.2807125600,8.3186974800,48109369,423740738.7800,2.110700,0.689700
2024-05-17,8.3092012500,8.4231560100,8.1762540300,8.4231560100,45969118,402428872.9800,2.016800,1.255700
2024-05-20,8.4231560100,8.4706371600,8.2997050200,8.3661786300,49798465,439440348.9800,2.184800,-0.676400
2024-05-21,8.3756748600,8.4516447000,8.2712163300,8.3092012500,43888453,385567207.3200,1.925500,-0.681000
2024-05-22,8.2617201000,8.2997050200,8.1667578000,8.2902087900,45416802,394283486.6200,1.992600,-0.228600
2024-05-23,8.3293138800,8.3684186400,7.9969234200,8.0262519900,63149845,523148117.9900,2.770600,-3.184000
2024-05-24,8.0555805600,8.1924472200,7.9871472300,7.9871472300,41459963,343140903.4100,1.819000,-0.487200
2024-05-27,7.9969234200,8.0946853200,7.8502805700,8.0849091300,51399543,418451344.2900,2.255100,1.224000
2024-05-28,8.0458043700,8.1142377000,7.9578186600,7.9969234200,37128204,304419891.0100,1.629000,-1.088300
2024-05-29,7.9675948500,8.0849091300,7.8307281900,7.8991615200,41182845,334591776.7000,1.806800,-1.222500
2024-05-30,7.8502805700,7.9871472300,7.7720710500,7.9284900900,38387090,310508928.0100,1.684200,0.371300
2024-05-31,7.9578186600,8.2022234100,7.9578186600,8.0946853200,55562795,461027182.1800,2.437700,2.096200
2024-06-03,8.1044615100,8.2022234100,7.9969234200,8.1044615100,49165181,406873479.0400,2.157100,0.120800
2024-06-04,8.1142377000,8.4075234000,8.0458043700,8.4075234000,85736697,726247702.1100,3.761600,3.739400
2024-06-05,8.3390900700,8.3977472100,8.2706567400,8.2804329300,51292588,436392559.6700,2.250400,-1.511600
2024-06-06,8.3097615000,8.4075234000,8.2022234100,8.2119996000,53353945,452757090.4400,2.340800,-0.826400
2024-06-07,8.2999853100,8.3586424500,8.0262519900,8.0555805600,48892841,407744224.0700,2.145100,-1.904800
2024-06-11,8.0164758000,8.4075234000,7.9675948500,8.3586424500,60905321,513345040.8400,2.672100,3.762100
2024-06-12,8.3977472100,8.7594662400,8.2999853100,8.6128233900,94118193,826571141.4100,4.129300,3.040900
2024-06-13,8.6519281500,8.9745424200,8.6128233900,8.8572281400,140633078,1273269869.0300,6.170100,2.837700
2024-06-14,8.8376757600,9.0820805100,8.7692424300,8.7692424300,169293508,1547392044.2900,7.427500,-0.993400
2024-06-17,8.7887948100,8.8767805200,8.5150614900,8.5346138700,101979899,901324050.4000,4.474200,-2.675600
2024-06-18,8.6030472000,8.7887948100,8.5052853000,8.6812567200,67483398,598919548.0200,2.960700,1.718200
2024-06-19,8.7692424300,8.7692424300,8.4857329200,8.4955091100,49545062,433610744.0200,2.173700,-2.139600
2024-06-20,8.4759567300,8.5150614900,8.1826710300,8.1924472200,57095720,484929924.6800,2.505000,-3.567300
2024-06-21,8.1533424600,8.4661805400,8.1337900800,8.3879710200,42568329,362853770.6200,1.867600,2.386600
2024-06-24,8.3390900700,8.4075234000,7.9969234200,8.0164758000,47261470,394257101.9400,2.073500,-4.428900
2024-06-25,8.0262519900,8.0849091300,7.7329662900,7.7818472400,50214351,404593403.3100,2.203100,-2.926800
2024-06-26,7.7818472400,7.9382662800,7.5374424900,7.9089377100,76262812,603411019.0900,3.345900,1.633200
2024-06-27,7.8209520000,7.8600567600,7.6352043900,7.6547567700,54730949,430598668.4400,2.401200,-3.213800
2024-06-28,7.6254282000,7.8502805700,7.6058758200,7.7231901000,51465689,408542892.3200,2.258000,0.894000
2024-07-01,7.6840853400,7.8698329500,7.6156520100,7.8307281900,39208521,310618773.4900,1.720200,1.392400
2024-07-02,7.8111758100,7.8991615200,7.7720710500,7.8209520000,36616037,293385063.9500,1.606500,-0.124800
2024-07-03,7.7916234300,7.8209520000,7.5472186800,7.5569948700,57060821,444781049.4600,2.503500,-3.375000
2024-07-04,7.5863234400,7.6352043900,7.3810234500,7.4005758300,41623967,318914134.7700,1.826200,-2.069900
2024-07-05,7.4299044000,7.5276663000,7.3712472600,7.4885615400,30451489,232127443.0200,1.336000,1.188900
2024-07-08,7.4885615400,7.4983377300,7.3419186900,7.3712472600,29011965,220017535.6900,1.272900,-1.566600
2024-07-09,7.2148282200,7.4592329700,7.0975139400,7.4103520200,74913316,557691730.7500,3.286700,0.530500
2024-07-10,7.3712472600,7.5472186800,7.3419186900,7.4005758300,41434916,316436303.6600,1.817900,-0.131900
2024-07-11,7.5374424900,7.5960996300,7.4592329700,7.5178901100,51814045,398478462.3000,2.273300,1.585200
2024-07-12,7.4592329700,7.4885615400,7.3419186900,7.4103520200,35986821,272501617.3300,1.578700,-1.430400
2024-07-15,7.3614710700,7.3712472600,7.2343806000,7.2637091700,28832178,215159919.6200,1.264900,-1.978900
2024-07-16,7.2637091700,7.4201282100,7.2343806000,7.3907996400,35431235,265960368.1600,1.554400,1.749700
2024-07-17,7.3907996400,7.4690091600,7.3223663100,7.3321425000,30046016,226811544.9500,1.318100,-0.793700
2024-07-18,7.2734853600,7.3321425000,7.1268425100,7.3125901200,37399710,276435953.5300,1.640700,-0.266700
2024-07-19,7.2832615500,7.3810234500,7.2148282200,7.2539329800,35399000,264140339.0000,1.552900,-0.802100
2024-07-22,7.2734853600,7.3419186900,7.1561710800,7.2050520300,35133483,259823267.1200,1.541300,-0.673900
2024-07-23,7.2050520300,7.2343806000,6.9704234700,6.9704234700,37569293,272922540.3900,1.648100,-3.256400
2024-07-24,6.9508710900,7.0877377500,6.9117663300,6.9606472800,33681890,241847110.6000,1.477600,-0.140300
2024-07-25,6.8922139500,7.0584091800,6.8628853800,6.9704234700,27151567,193129061.3600,1.189200,0.140400
2024-07-26,6.9899758500,7.1463948900,6.9801996600,7.0975139400,29101490,210784056.5000,1.274600,1.823300
2024-07-29,7.0975139400,7.1561710800,7.0584091800,7.0975139400,22446977,163127731.8500,0.983100,0.000000
2024-07-30,7.0584091800,7.1952758400,6.9801996600,7.1268425100,28246972,205192633.4500,1.237200,0.413200
2024-07-31,7.1366187000,7.3907996400,7.0975139400,7.3810234500,46421017,346655275.4600,2.033100,3.566500
2024-08-01,7.4103520200,7.4885615400,7.3125901200,7.3223663100,37866986,285774535.4900,1.658500,-0.794700
2024-08-02,7.2637091700,7.3321425000,7.0975139400,7.1268425100,35062044,258464143.0400,1.535600,-2.670200
2024-08-05,7.0388568000,7.1659472700,6.8433330000,6.8433330000,45372519,323947476.1500,1.987200,-3.978100
2024-08-06,6.9313187100,6.9899758500,6.8042282400,6.9117663300,34817782,245001548.1200,1.524900,1.000000
2024-08-07,6.9117663300,7.0486329900,6.8726615700,6.9801996600,29906192,213793308.5100,1.309800,0.990100
2024-08-08,6.9508710900,6.9997520400,6.8237806200,6.9508710900,30947839,219071270.5100,1.355400,-0.420200
2024-08-09,6.9899758500,7.0584091800,6.9313187100,6.9313187100,22106395,157801203.0600,0.968200,-0.281300
2024-08-12,6.8922139500,6.9606472800,6.8335568100,6.9215425200,24906096,175791231.7600,1.090800,-0.141000
2024-08-13,6.9019901400,7.0095282300,6.8922139500,7.0095282300,22641400,161173202.0000,0.991600,1.271200
2024-08-14,7.0095282300,7.0388568000,6.9508710900,6.9508710900,23557771,168799687.1200,1.031800,-0.836800
2024-08-15,6.9313187100,7.1561710800,6.9019901400,7.0486329900,36193343,261178071.5700,1.585200,1.406500
2024-08-16,7.0681853700,7.1366187000,7.0486329900,7.0877377500,25959900,188483800.4400,1.137000,0.554800
2024-08-19,7.0584091800,7.2148282200,7.0486329900,7.1170663200,28970325,211412276.2900,1.268800,0.413800
2024-08-20,7.0975139400,7.1463948900,6.8726615700,6.8922139500,35592297,252888093.4400,1.558900,-3.159300
2024-08-21,6.8922139500,6.9410949000,6.7651234800,6.7651234800,33010653,230693732.7600,1.445800,-1.844000
2024-08-22,6.7846758600,6.8433330000,6.6673615800,6.6966901500,30033572,206989105.6300,1.315400,-1.011600
2024-08-23,6.6869139600,6.8140044300,6.6771377700,6.7846758600,26902069,185868680.6400,1.178300,1.313900
2024-08-26,6.7846758600,6.8726615700,6.6869139600,6.8237806200,30220792,210115255.0100,1.323600,0.576400
2024-08-27,6.8042282400,6.8042282400,6.6184806300,6.6282568200,29047229,198518057.3700,1.272200,-2.865300
2024-08-28,6.6184806300,6.7748996700,6.5891520600,6.7553472900,27140716,185762165.4100,1.188700,1.917400
2024-08-29,6.7357949100,6.9019901400,6.6966901500,6.8726615700,33339473,233160180.0600,1.460200,1.736600
2024-08-30,6.8824377600,7.1366187000,6.8628853800,7.0290806100,45144749,325329025.7700,1.977200,2.276000
2024-09-02,7.0095282300,7.0681853700,6.6966901500,6.7064663400,48744021,341070052.4300,2.134900,-4.589700
2024-09-03,6.7357949100,6.8335568100,6.7064663400,6.7455711000,34278035,236893491.9300,1.501300,0.583100
2024-09-04,6.6966901500,6.7748996700,6.6575853900,6.6966901500,23487214,161178501.1600,1.028700,-0.724600
2024-09-05,6.7260187200,6.8726615700,6.7064663400,6.8042282400,28464641,197808588.1800,1.246700,1.605800
2024-09-06,6.7944520500,6.8335568100,6.6478092000,6.6575853900,25613950,176207211.0000,1.121800,-2.155200
2024-09-09,6.6380330100,6.6575853900,6.5402711100,6.6282568200,28956500,194910548.0000,1.268200,-0.440500
2024-09-10,6.6184806300,6.7846758600,6.5011663500,6.7260187200,38612207,261813531.8000,1.691100,1.474900
2024-09-11,6.6966901500,6.7064663400,6.6184806300,6.6771377700,23521431,160293450.7600,1.030200,-0.726700
2024-09-12,6.6869139600,6.7748996700,6.5304949200,6.5304949200,35338397,239841711.6600,1.547700,-2.196200
2024-09-13,6.5793758700,6.5989282500,6.3740758800,6.3838520700,44549320,294859307.8000,1.951200,-2.245500
2024-09-18,6.3740758800,6.4327330200,6.2274330300,6.4034044500,32465049,210266840.0900,1.421900,0.306300
2024-09-19,6.4816139700,6.5989282500,6.3447473100,6.5598234900,35010925,233455057.0000,1.533400,2.442700
2024-09-20,6.5598234900,6.6380330100,6.5402711100,6.5989282500,28028520,188877531.0000,1.227600,0.596100
2024-09-23,6.6087044400,6.7064663400,6.5695996800,6.6184806300,26791425,182023865.7300,1.173400,0.296300
2024-09-24,6.6575853900,6.8824377600,6.5793758700,6.8726615700,56375041,390192241.7500,2.469100,3.840500
2024-09-25,6.9410949000,7.1268425100,6.9215425200,6.9410949000,63036755,452885241.8800,2.760900,0.995700
2024-09-26,6.9215425200,7.1366187000,6.8922139500,7.1366187000,55094055,396220250.4900,2.413000,2.816900
2024-09-27,7.2246044100,8.1142377000,7.1757234600,7.8111758100,164723481,1285655308.4500,7.214500,9.452100
2024-09-30,8.0653567500,9.1700662200,7.9675948500,9.1407376500,268938636,2363121139.9500,11.778900,17.021300
2024-10-08,10.9591089900,10.9591089900,9.6784281000,10.7440328100,315277921,3343774801.4300,13.808500,17.540100
2024-10-09,10.1476852200,10.1672376000,9.0918567000,9.1114090800,259208372,2564571319.8200,11.352800,-15.195600
2024-10-10,9.3264852600,9.5611138200,8.9061090900,8.9745424200,140723950,1324387510.1300,6.163400,-1.502100
2024-10-11,8.9843186100,8.9843186100,8.3390900700,8.5052853000,111181138,980990345.9200,4.869500,-5.228800
2024-10-14,8.5150614900,8.8376757600,8.3195376900,8.7692424300,104094257,916025480.9700,4.559100,3.103400
2024-10-15,8.7203614800,8.9647662300,8.5443900600,8.5639424400,104789892,939928808.9700,4.589600,-2.341100
2024-10-16,8.4075234000,8.6910329100,8.3684186400,8.5443900600,69280245,605612571.4700,3.034300,-0.228300
2024-10-17,8.6519281500,8.8572281400,8.5834948200,8.5932710100,95912168,856994205.6300,4.200700,0.572100
2024-10-18,8.5443900600,9.2580519300,8.5150614900,8.9354376600,142769614,1294316673.0300,6.253000,3.981800
2024-10-21,8.9940948000,9.3949185900,8.9549900400,9.2189471700,143600565,1352048099.9300,6.289400,3.172900
2024-10-22,9.3069328800,9.3167090700,9.0136471800,9.1016328900,102679060,957815287.7600,4.497100,-1.272500
2024-10-23,9.0820805100,9.3753662100,9.0136471800,9.1407376500,112705989,1063994368.8300,4.936300,0.429600
2024-10-24,9.0429757500,9.0723043200,8.8963329000,8.9843186100,69502826,637918101.2900,3.044100,-1.711200
2024-10-25,9.0038709900,9.2189471700,8.9843186100,9.0918567000,77617108,721178865.2300,3.399500,1.197000
2024-10-28,9.1016328900,9.1798424100,8.9354376600,9.1602900300,91525151,849878293.7300,4.008600,0.752700
2024-10-29,9.2189471700,9.3167090700,9.0331995600,9.0625281300,106334314,996549972.9200,4.657200,-1.067200
2024-10-30,9.0234233700,9.1407376500,8.9256614700,9.0723043200,81547882,753711306.8000,3.571600,0.107900
2024-10-31,9.0820805100,9.5317852500,8.9354376600,9.4242471600,166384024,1584087093.1100,7.287300,3.879300
2024-11-01,9.3851424000,9.3949185900,8.7008091000,8.7105852900,155402951,1428038995.8000,6.806300,-7.572600
2024-11-04,8.7105852900,9.0331995600,8.7105852900,8.9843186100,76255345,696888449.8000,3.339800,3.142500
2024-11-05,8.9647662300,9.3558138300,8.9549900400,9.3069328800,120065794,1133075485.9500,5.258600,3.590900
2024-11-06,9.3460376400,9.4437995400,9.1896186000,9.2776043100,126766926,1208836862.3900,5.552100,-0.315100
2024-11-07,8.8572281400,9.2482757400,8.8572281400,9.2384995500,142510873,1313575350.5600,6.241700,-0.421500
2024-11-08,9.3753662100,9.6099947700,9.2678281200,9.3167090700,155601849,1499935321.5700,6.815000,0.846600
2024-11-11,9.3655900200,9.9521614200,9.3362614500,9.8935042800,230903488,2304423528.3600,10.113100,6.191000
2024-11-12,9.8739519000,10.3432090200,9.7077566700,10.0890280800,270012097,2766368946.3800,11.825900,1.976300
2024-11-13,10.0596995100,10.0596995100,9.6784281000,9.9228328500,151805409,1529422269.3100,6.648700,-1.647300
2024-11-14,9.8837280900,9.9228328500,9.4535757300,9.4731281100,119620410,1178237616.9100,5.239100,-4.532000
2024-11-15,9.5220090600,9.7566376200,9.2873805000,9.2971566900,107760092,1051879168.7300,4.719700,-1.857600
2024-11-18,9.2873805000,9.3949185900,8.6421519600,8.7790186200,123496222,1123728723.8400,5.408900,-5.573100
2024-11-19,8.7790186200,8.9745424200,8.6617043400,8.9647662300,74386541,671042051.2000,3.258000,2.115800
2024-11-20,8.9452138500,9.3851424000,8.8963329000,9.2580519300,103228215,966818152.1100,4.521200,3.271500
2024-11-21,9.1993947900,9.4535757300,9.1114090800,9.2482757400,94686002,898906979.7000,4.147000,-0.105600
2024-11-22,9.1798424100,9.4633519200,8.8083471900,8.8474519500,110587982,1039424381.9000,4.843500,-4.334000
2024-11-25,8.8963329000,8.9256614700,8.6128233900,8.8181233800,72558111,648307384.9800,3.177900,-0.331500
2024-11-26,8.8083471900,9.3362614500,8.6617043400,9.0136471800,126012004,1159410192.0600,5.519000,2.217300
2024-11-27,8.8474519500,9.3069328800,8.6617043400,9.2873805000,123745781,1136403105.4900,5.419800,3.036900
2024-11-28,9.3069328800,9.5611138200,9.1407376500,9.1896186000,114280487,1092891752.8700,5.005200,-1.052600
2024-11-29,9.1700662200,9.4731281100,9.0429757500,9.3362614500,132421772,1257284315.7100,5.799800,1.595700
2024-12-02,9.3753662100,9.7664138100,9.2971566900,9.5220090600,139980835,1361769703.3100,6.130900,1.989500
2024-12-03,9.4829043000,9.4829043000,9.2189471700,9.3460376400,109119152,1042115250.5600,4.779200,-1.848000
2024-12-04,9.3264852600,9.3460376400,8.9940948000,9.0429757500,92841979,870627750.4200,4.066300,-3.242700
2024-12-05,9.0331995600,9.2873805000,9.0038709900,9.2091709800,76151352,717184157.2800,3.335300,1.837800
2024-12-06,9.1993947900,9.4829043000,9.1016328900,9.3655900200,116721001,1113240671.7400,5.112100,1.698500
2024-12-09,9.3655900200,9.4633519200,9.1211852700,9.2873805000,88729224,840925711.9400,3.886100,-0.835100
2024-12-10,9.6490995300,9.6686519100,9.3558138300,9.3851424000,143143991,1392582214.3500,6.260000,1.052600
2024-12-11,9.3851424000,9.6295471500,9.3362614500,9.5904423900,120800356,1178090955.1500,5.282900,2.187500
2024-12-12,9.6197709600,9.7664138100,9.4437995400,9.5904423900,118521877,1163463355.0600,5.183200,0.000000
2024-12-13,9.5122328700,10.0205947500,9.4046947800,9.8250709500,240092446,2400580956.5500,10.499800,2.446500
2024-12-16,9.9032804700,10.2161185500,9.6979804800,10.0010423700,222304859,2268661040.0800,9.721900,1.791000
2024-12-17,9.8348471400,9.8739519000,9.3460376400,9.3753662100,142430024,1393009110.3800,6.228800,-6.256100
2024-12-18,9.3753662100,10.4409709200,9.2091709800,10.1183566500,244535916,2499126335.3800,10.694100,7.924900
2024-12-19,9.9228328500,10.9297804200,9.8739519000,10.7342566200,397433214,4264793762.7300,17.380700,6.087000
2024-12-20,10.5094042500,10.6560471000,10.3725375900,10.4996280600,253616558,2721411750.3500,11.091200,-2.185800
2024-12-23,10.5094042500,10.6951518600,9.9423852300,9.9521614200,190193105,1988112543.1000,8.317600,-5.214200
2024-12-24,10.0205947500,10.1085804600,9.7566376200,9.8935042800,134691302,1363557808.9400,5.890400,-0.589400
2024-12-25,9.8348471400,10.1085804600,9.4926804900,9.9814899900,164890285,1658713793.4400,7.211000,0.889300
2024-12-26,9.8446233300,10.4214185400,9.8348471400,10.2552233100,175450325,1836093167.6500,7.673500,2.742400
2024-12-27,10.2649995000,10.4507471100,9.8837280900,9.9423852300,174351379,1810457334.3100,7.625400,-3.050500
2024-12-30,10.1867899800,10.6755994800,10.1867899800,10.3725375900,243923590,2600865234.7800,10.668300,4.326500
2024-12-31,10.4116423500,10.8613470900,10.1867899800,10.3334328300,287412947,3089102917.5700,12.570300,-0.377000
2025-01-02,10.2649995000,10.2649995000,9.4340233500,9.6099947700,214506103,2152317385.3600,9.381600,-7.000900
2025-01-03,9.5513376300,9.6002185800,8.7985710000,8.8376757600,176297311,1635841537.1700,7.710500,-8.036600
2025-01-06,8.7496900500,8.9354376600,8.5639424400,8.7008091000,95312514,850660268.2000,4.168600,-1.548700
2025-01-07,8.8474519500,9.1798424100,8.8376757600,9.1407376500,133463558,1234391780.8600,5.837200,5.056200
2025-01-08,9.0136471800,9.3558138300,8.6225995800,9.1114090800,158487771,1452372499.7200,6.931600,-0.320900
2025-01-09,9.0136471800,9.3167090700,8.9843186100,9.0136471800,112703469,1053296874.8300,4.929200,-1.073000
2025-01-10,9.0429757500,9.0918567000,8.5150614900,8.5248376800,114068110,1026672440.1000,4.988900,-5.423000
2025-01-13,8.4759567300,8.8376757600,8.4270757800,8.6519281500,86661634,768938318.4400,3.790200,1.490800
2025-01-14,8.7496900500,9.2971566900,8.6128233900,9.2776043100,147792787,1368956061.4500,6.463900,7.231600
2025-01-15,9.2678281200,9.4437995400,9.1798424100,9.2189471700,91705295,870270773.0400,4.010800,-0.632200
2025-01-16,9.3362614500,9.4926804900,9.0625281300,9.1211852700,111968463,1057066011.3800,4.897100,-1.060400
2025-01-17,9.1407376500,9.4633519200,9.0820805100,9.2580519300,128577799,1223189201.1200,5.623500,1.500500
2025-01-20,9.3362614500,9.4633519200,9.1700662200,9.2482757400,107877591,1026952802.6600,4.718100,-0.105600
2025-01-21,9.2873805000,9.3851424000,9.1114090800,9.2776043100,85025192,804001552.1400,3.718700,0.317100
2025-01-22,9.1993947900,9.6197709600,9.1602900300,9.5122328700,162819827,1574879912.6600,7.121100,2.529000
2025-01-23,9.6979804800,10.3432090200,9.5806662000,9.8935042800,254143471,2610154182.5000,11.115200,4.008200
2025-01-24,9.8446233300,11.6141137200,9.8446233300,11.1155280300,392298694,4319546699.7300,17.157600,12.351800
2025-01-27,11.0470947000,11.1155280300,10.1574614100,10.1770137900,273530411,2916904570.9400,11.963100,-8.443300
2025-02-05,10.7049280500,12.0540422700,10.4800756800,11.9269518000,449366617,5176609228.3000,19.653500,17.195000
2025-02-06,11.6141137200,13.2760660200,11.5847851500,12.7579279500,493022721,6220204659.6300,21.562900,6.967200
2025-02-07,12.7090470000,14.1461469300,12.4939708200,13.0414374600,530669010,7150472159.3600,23.209400,2.222200
2025-02-10,13.4911422000,13.7453231400,12.9045708000,13.1783041200,428624983,5813467376.1500,18.746400,1.049500
2025-02-11,13.1685279300,14.0679374100,13.1000946000,13.4324850600,408721813,5662215164.2400,17.875900,1.928800
2025-02-12,13.2565136400,14.0581612200,13.1685279300,13.6280088600,346262124,4845538259.6000,15.144100,1.455600
2025-02-13,13.4813660100,13.5889041000,12.7579279500,13.0218850800,330864734,4435600317.7300,14.470700,-4.447600
2025-02-14,13.0609898400,14.0288326500,12.7872565200,13.5595755300,339816498,4675095821.8600,14.862200,4.129100
2025-02-17,14.0581612200,14.7522707100,13.4813660100,13.6671136200,353475309,5036828889.9700,15.459600,0.793100
2025-02-18,13.3542755400,13.6964421900,12.7774803300,12.8752422300,275724492,3719500434.4100,12.059100,-5.794000
2025-02-19,12.9632279400,13.1880803100,12.8850184200,13.0512136500,184811799,2463047458.6800,8.082900,1.366700
2025-02-20,12.9045708000,13.3249469700,12.6699422400,13.1098707900,226453615,3025592648.1200,9.904200,0.449400
2025-02-21,13.3542755400,15.5636944800,13.2174088800,15.2508564000,477209259,6994394184.7200,20.871200,16.331100
2025-02-24,14.6936135700,14.8011516600,14.1070421700,14.3709993000,337888442,4979078846.1300,14.777900,-5.769200
2025-02-25,13.7062183800,14.2048040700,13.5693517200,13.8039802800,233245725,3307047393.1300,10.201200,-3.945600
2025-02-26,13.8333088500,13.9408469400,13.3836041100,13.8528612300,201225567,2815672989.3500,8.800800,0.354100
2025-02-27,13.8528612300,13.8821898000,12.9827803200,13.2565136400,220342531,3002560272.1800,9.636900,-4.304900
2025-02-28,13.1978565000,13.5986802900,12.4744184400,12.5721803400,187204006,2493450736.7000,8.184100,-5.162200
2025-03-03,12.5819565300,13.0023327000,12.1909089300,12.6308374800,140973301,1818115552.5500,6.163000,0.466600
2025-03-04,12.3962089200,12.8947946100,12.3473279700,12.6601660500,107210124,1394022682.7800,4.687000,0.232200
2025-03-05,12.7090470000,12.9730041300,12.4939708200,12.8947946100,141967128,1855588124.3500,6.206400,1.853300
2025-03-06,13.1685279300,13.6084564800,13.0512136500,13.3738279200,217442998,2961508991.3300,9.506100,3.714900
2025-03-07,13.2467374500,13.9799517000,13.1000946000,13.4618136300,222531389,3073154350.3900,9.728500,0.657900
2025-03-10,13.2760660200,13.2760660200,12.6797184300,12.7481517600,162240506,2128646883.3100,7.092700,-5.301400
2025-03-11,12.5135232000,13.0023327000,12.4255374900,12.9436755600,108753400,1425238457.5700,4.754400,1.533700
2025-03-12,13.1098707900,13.6866660000,12.9730041300,13.3738279200,207290465,2849484331.2100,9.062200,3.323300
2025-03-13,13.2271850700,13.3347231600,12.7188231900,12.8459136600,143005679,1889952764.7600,6.251800,-3.947400
2025-03-14,12.7481517600,13.2662898300,12.5917327200,13.1294231700,128382286,1705487929.8200,5.612500,2.207000
2025-03-17,13.1294231700,13.1978565000,12.8459136600,13.0316612700,90001435,1194717883.8300,3.934600,-0.744600
2025-03-18,13.1196469800,13.6671136200,13.0121088900,13.1880803100,166710964,2282739345.0800,7.288200,1.200300
2025-03-19,13.0903184100,13.5693517200,12.8068089000,12.9241231800,120518055,1610217011.6000,5.268700,-2.001500
2025-03-20,12.8263612800,13.0316612700,12.6406136700,12.6503898600,99621276,1302861124.7100,4.355200,-2.118000
2025-03-21,12.5232993900,12.5721803400,12.0833708400,12.0931470300,123374199,1549448425.5300,5.393600,-4.404900
2025-03-24,12.1420279800,12.2397898800,11.8291899000,12.2006851200,111654008,1369667599.6700,4.881200,0.889200
2025-03-25,12.1224756000,12.1811327400,11.6141137200,11.6825470500,93100978,1124692441.0600,4.070100,-4.246800
2025-03-26,11.6825470500,11.8682946600,11.6629946700,11.7314280000,58721384,705968195.2500,2.567100,0.418400
2025-03-27,11.7607565700,11.9367279900,11.6825470500,11.7216518100,70611756,852881882.0200,3.087000,-0.083300
2025-03-28,11.6825470500,11.9073994200,11.6238899100,11.6238899100,60739390,730004164.7000,2.655400,-0.834000
2025-03-31,11.4283661100,11.7998613300,11.2328423100,11.7607565700,89959185,1056900285.8200,3.932800,1.177500
2025-04-01,11.7803089500,11.8682946600,11.6336661000,11.6434422900,60203770,722153918.9900,2.632000,-0.997500
2025-04-02,11.6336661000,11.8291899000,11.5652327700,11.7998613300,59034678,710014941.0700,2.580800,1.343400
2025-04-03,11.6727708600,11.8487422800,11.4185899200,11.5652327700,62896367,747534429.6200,2.749700,-1.988400
2025-04-07,10.4800756800,10.8906756600,9.2482757400,9.2482757400,169276389,1700749905.2900,7.400300,-20.033800
2025-04-08,9.4437995400,9.8446233300,9.3460376400,9.6002185800,145386789,1427624536.4000,6.355900,3.805500
2025-04-09,9.4144709700,10.0890280800,8.8474519500,10.0010423700,148049097,1456490005.1300,6.472300,4.175200
2025-04-10,10.3432090200,10.6755994800,10.1476852200,10.1672376000,128361246,1364012818.9900,5.611600,1.661800
2025-04-11,10.0401471300,10.4409709200,10.0108185600,10.2649995000,82847427,870196976.8500,3.621900,0.961500
2025-04-14,10.4605233000,10.6169423400,10.3334328300,10.4018661600,77945221,833656493.3000,3.407600,1.333300
2025-04-15,10.5582852000,10.6951518600,10.3920899700,10.5094042500,80615654,868168559.0400,3.523500,1.033800
2025-04-16,10.4702994900,10.7440328100,10.4116423500,10.5582852000,108129137,1169349194.5800,4.726000,0.465100
2025-04-17,10.4702994900,10.7049280500,10.4409709200,10.4409709200,75645497,818407725.1200,3.306200,-1.111100
2025-04-18,10.4214185400,10.6267185300,10.3823137800,10.5387328200,55742630,598854526.4000,2.436300,0.936300
2025-04-21,10.5485090100,10.9884375600,10.4605233000,10.9688851800,91299587,1010164799.1600,3.990400,4.081600
2025-04-22,10.8613470900,10.9200042300,10.7440328100,10.7831375700,66062360,730488498.0600,2.887400,-1.693400
2025-04-23,10.8808994700,11.0373185100,10.8124661400,10.9200042300,84318230,942437289.8200,3.685300,1.269300
2025-04-24,10.9102280400,10.9395566100,10.6853756700,10.7244804300,68486445,756050530.8600,2.993300,-1.790500
2025-04-25,10.8515709000,11.0764232700,10.8320185200,10.8906756600,76075474,852912590.4700,3.325000,1.549700
2025-04-28,10.9004518500,11.0275423200,10.8515709000,10.8613470900,60667677,677729528.5700,2.651600,-0.269300
2025-04-29,10.8026899500,11.0959756500,10.7244804300,11.0275423200,75958030,853568499.0400,3.319900,1.530200
2025-04-30,11.1644089800,11.4870232500,11.0275423200,11.3892613500,100579814,1166866863.1600,4.396100,3.280100
2025-05-06,11.5359042000,11.8096375200,11.4576946800,11.7118756200,104146957,1243237179.7900,4.552000,2.832600
2025-05-07,11.8976232300,11.9562803700,11.5456803900,11.6629946700,97983175,1172203888.5300,4.282600,-0.417400
2025-05-08,11.6043375300,11.7216518100,11.5750089600,11.6434422900,60188008,717454639.4800,2.630600,-0.167600
2025-05-09,11.6141137200,11.6141137200,11.2523946900,11.3697089700,72647906,845925595.8800,3.175200,-2.351000
2025-05-12,11.4967994400,11.5359042000,11.3794851600,11.4674708700,52032310,609474251.8100,2.274200,0.859800
2025-05-13,11.6141137200,11.6238899100,11.3403804000,11.3697089700,55739072,655029380.1200,2.436200,-0.852500
2025-05-14,11.3501565900,11.5359042000,11.2817232600,11.4381423000,60635442,708085734.0700,2.650200,0.601900
2025-05-15,11.3892613500,11.4381423000,11.0275423200,11.0470947000,55478335,632605307.9100,2.424800,-3.418800
2025-05-16,11.0177661300,11.1350804100,10.9493328000,11.0079899400,38831799,439307591.0800,1.697200,-0.354000
2025-05-19,11.0079899400,11.1350804100,10.8711232800,11.0764232700,41507033,467564322.0000,1.814200,0.621700
2025-05-20,11.0373185100,11.1350804100,10.9297804200,11.1155280300,41289081,466608336.3800,1.804600,0.353000
2025-05-21,11.1546327900,11.1937375500,10.9688851800,10.9982137500,39818085,448985513.4500,1.740300,-1.055400
2025-05-22,10.9591089900,11.0666470800,10.8808994700,10.9200042300,39593521,444059247.2600,1.730500,-0.711100
2025-05-23,10.7600000000,10.7600000000,10.4000000000,10.4100000000,84859546,896695878.4500,3.709000,-4.670300
2025-05-26,10.4500000000,10.6200000000,10.4400000000,10.6200000000,43328696,457428240.8600,1.893800,2.017300
2025-05-27,10.6100000000,10.6300000000,10.4900000000,10.5300000000,29458159,310447988.1600,1.287500,-0.847500
2025-05-28,10.5600000000,10.6400000000,10.3800000000,10.4300000000,31448597,328681721.5900,1.374500,-0.949700
2025-05-29,10.4600000000,10.7000000000,10.4100000000,10.6300000000,42814138,453995152.1800,1.871300,1.917500
2025-05-30,10.6000000000,10.6300000000,10.4000000000,10.4200000000,37938970,396550620.8700,1.658200,-1.975500
2025-06-03,10.3500000000,10.5400000000,10.3000000000,10.3600000000,34730841,362748386.2000,1.518000,-0.575800
2025-06-04,10.4000000000,10.5600000000,10.3200000000,10.4700000000,35297973,369961236.4600,1.542800,1.061800
2025-06-05,10.5100000000,10.8200000000,10.4600000000,10.7500000000,63050094,670952188.5100,2.755700,2.674300
2025-06-06,10.7400000000,10.9000000000,10.6600000000,10.7800000000,52322901,563722390.9700,2.286900,0.279100
2025-06-09,10.8500000000,10.8800000000,10.7100000000,10.7600000000,50007087,539242232.4800,2.185700,-0.185500
2025-06-10,10.7800000000,10.8300000000,10.3100000000,10.4600000000,64684203,679116997.5400,2.827200,-2.788100
2025-06-11,10.4600000000,10.5600000000,10.4000000000,10.4900000000,41462170,435003879.2900,1.812200,0.286800
2025-06-12,10.4400000000,10.6000000000,10.3600000000,10.4800000000,36843064,387314816.6000,1.610300,-0.095300
2025-06-13,10.4100000000,10.4500000000,10.2000000000,10.2400000000,54103482,555947555.0400,2.364700,-2.290100
2025-06-16,10.2000000000,10.3500000000,10.1700000000,10.2800000000,39227343,403718671.6400,1.714500,0.390600
2025-06-17,10.3000000000,10.3300000000,10.1700000000,10.2100000000,34097445,348689939.0000,1.490300,-0.680900
2025-06-18,10.2000000000,10.2700000000,10.1200000000,10.2000000000,33972600,346346594.0000,1.484800,-0.097900
2025-06-19,10.1700000000,10.2700000000,9.9800000000,10.0000000000,43072378,435219885.8200,1.882600,-1.960800
2025-06-20,9.9900000000,10.0800000000,9.8700000000,9.8900000000,38618331,383954376.6800,1.687900,-1.100000
2025-06-23,9.8100000000,10.0700000000,9.8000000000,10.0300000000,42015393,418056723.6500,1.836400,1.415600
2025-06-24,10.1200000000,10.4300000000,10.0500000000,10.4100000000,70881739,731747758.3400,3.098000,3.788600
2025-06-25,10.4200000000,10.7500000000,10.3800000000,10.6600000000,80785927,856277646.2500,3.530900,2.401500
2025-06-26,10.4700000000,10.7000000000,10.4100000000,10.5300000000,74228415,784246989.2900,3.244300,-1.219500
2025-06-27,10.5300000000,10.7000000000,10.3800000000,10.5400000000,60406995,638248096.2200,2.640200,0.095000
2025-06-30,10.5500000000,10.7800000000,10.5300000000,10.7200000000,61420017,656702517.1500,2.684500,1.707800
2025-07-01,10.6700000000,10.7000000000,10.4600000000,10.5500000000,51933188,547794165.0000,2.269800,-1.585800
2025-07-02,10.4900000000,10.5200000000,10.2900000000,10.3900000000,48040700,498999477.0000,2.099700,-1.516600
2025-07-03,10.4000000000,10.5300000000,10.3800000000,10.4900000000,36464800,381941063.0000,1.593800,0.962500
2025-07-04,10.4800000000,10.7000000000,10.4300000000,10.5300000000,68554985,726538008.3800,2.996300,0.381300
2025-07-07,10.4600000000,10.5200000000,10.3300000000,10.3800000000,48540886,505528272.3100,2.121600,-1.424500
2025-07-08,10.3500000000,10.6500000000,10.3100000000,10.6400000000,57160565,602532238.8000,2.498300,2.504800
2025-07-09,10.6400000000,10.6600000000,10.5300000000,10.5500000000,38948848,412431062.3500,1.702300,-0.845900
2025-07-10,10.5500000000,10.6200000000,10.4500000000,10.5500000000,38168815,402157986.7600,1.668200,0.000000
2025-07-11,10.3600000000,10.3900000000,10.0200000000,10.2800000000,120919955,1233590084.5200,5.285100,-2.559200
2025-07-14,10.2900000000,10.3800000000,10.2500000000,10.3100000000,52056621,536646389.0900,2.275200,0.291800
2025-07-15,10.3000000000,10.6200000000,10.2800000000,10.6200000000,98992360,1039161363.3800,4.326700,3.006800
2025-07-16,10.7000000000,10.8500000000,10.5600000000,10.6200000000,82307410,880736247.6000,3.597400,0.000000
2025-07-17,10.6100000000,10.7500000000,10.5300000000,10.7500000000,61855283,660305020.6900,2.703500,1.224100
2025-07-18,10.7800000000,10.8900000000,10.7100000000,10.7700000000,64903234,700066965.1700,2.836700,0.186000
2025-07-21,10.7200000000,10.7900000000,10.6300000000,10.7000000000,61622968,659262777.0100,2.693400,-0.650000
2025-07-22,10.6800000000,10.6900000000,10.5500000000,10.6000000000,54638546,579974506.2800,2.388100,-0.934600
2025-07-23,10.5600000000,10.8200000000,10.5400000000,10.6800000000,73623397,785751863.5700,3.217900,0.754700
2025-07-24,10.6200000000,10.8200000000,10.6100000000,10.8200000000,61115343,656063899.1400,2.671200,1.310900
2025-07-25,10.9000000000,11.0600000000,10.7800000000,10.9900000000,101072840,1105183582.4700,4.417600,1.571200
2025-07-28,11.0000000000,11.0200000000,10.7800000000,10.9300000000,78945071,861057611.7800,3.450500,-0.546000
2025-07-29,10.8800000000,10.9300000000,10.7100000000,10.9300000000,68449107,740176878.4200,2.991700,0.000000
2025-07-30,10.8900000000,10.8900000000,10.6100000000,10.7100000000,62862572,676336024.7400,2.747500,-2.012800
2025-07-31,10.7100000000,11.1900000000,10.6800000000,10.9300000000,164145281,1806490918.4100,7.174300,2.054200
2025-08-01,11.2700000000,11.3400000000,10.8300000000,11.0900000000,130932705,1448548749.8300,5.722700,1.463900
2025-08-04,10.9600000000,11.0800000000,10.9200000000,11.0800000000,77911224,856995621.1500,3.405300,-0.090200
2025-08-05,11.0700000000,11.1700000000,10.9500000000,11.0900000000,85910883,947406994.0200,3.754900,0.090300
2025-08-06,11.0800000000,11.3200000000,11.0000000000,11.3200000000,105629778,1188929618.8200,4.616800,2.073900
2025-08-07,11.2900000000,11.3700000000,11.1400000000,11.1700000000,81855381,918471449.2700,3.577700,-1.325100
2025-08-08,11.1300000000,11.1300000000,10.9200000000,10.9400000000,84174954,924688472.9700,3.679000,-2.059100
2025-08-11,10.9500000000,11.3400000000,10.9400000000,11.2500000000,91637498,1024898609.5200,4.005200,2.833600
2025-08-12,11.2600000000,11.5500000000,11.1500000000,11.4800000000,119365924,1361690720.2700,5.217100,2.044400
2025-08-13,11.5600000000,11.9000000000,11.4800000000,11.8400000000,184540586,2169964823.1200,8.065700,3.135900
2025-08-14,11.8400000000,11.8500000000,11.4900000000,11.5400000000,129275538,1506660980.1200,5.639200,-2.533800
2025-08-15,11.5800000000,12.2000000000,11.5800000000,12.2000000000,216564801,2604177527.0300,9.447000,5.719200
2025-08-18,12.4000000000,12.7700000000,12.3100000000,12.4200000000,276812931,3473333254.0600,12.075100,1.803300
2025-08-19,12.3600000000,12.6400000000,12.2000000000,12.2600000000,170188977,2102466817.9700,7.424000,-1.288200
2025-08-20,12.1300000000,12.2500000000,11.8700000000,12.2400000000,152897415,1843901094.1700,6.669700,-0.163100
2025-08-21,12.3000000000,12.3400000000,11.9300000000,12.0400000000,116652628,1412351787.6800,5.088600,-1.634000
2025-08-22,12.0400000000,12.5800000000,12.0000000000,12.5700000000,201848438,2493158368.4300,8.805000,4.402000
2025-08-25,12.8100000000,12.8200000000,12.3100000000,12.4700000000,203755874,2546675289.3900,8.888200,-0.795500
2025-08-26,12.4200000000,12.5900000000,12.3200000000,12.3500000000,116582411,1451044106.2800,5.085600,-0.962300
2025-08-27,12.4900000000,12.8000000000,12.1800000000,12.1900000000,217963401,2734182682.1000,9.508000,-1.295500
2025-08-28,12.2000000000,12.4200000000,11.8600000000,12.3700000000,175974064,2144258426.1000,7.676300,1.476600
2025-08-29,12.3300000000,12.3600000000,12.0300000000,12.1600000000,113165684,1374251008.4800,4.936500,-1.697700
2025-09-01,12.2200000000,12.5300000000,12.0000000000,12.0600000000,122615320,1494611550.8900,5.348700,-0.822400
2025-09-02,12.0300000000,12.0400000000,11.2800000000,11.3900000000,159989078,1841661963.7700,6.979000,-5.555600
2025-09-03,11.3900000000,11.5100000000,11.0800000000,11.1100000000,99703146,1125254770.8800,4.349200,-2.458300
2025-09-04,11.1600000000,11.3100000000,10.6700000000,10.8300000000,111249561,1225311853.3800,4.852900,-2.520300
2025-09-05,10.8700000000,11.2400000000,10.7300000000,11.1900000000,89156592,980478701.2400,3.889200,3.324100
2025-09-08,11.1200000000,11.2200000000,11.0500000000,11.1900000000,70481909,785898005.7700,3.074600,0.000000
2025-09-09,11.1800000000,11.1800000000,10.9000000000,10.9200000000,63065261,694387135.3200,2.751000,-2.412900
2025-09-10,11.0300000000,11.1500000000,10.9600000000,11.0100000000,56972268,629635510.8000,2.485200,0.824200
2025-09-11,11.0400000000,11.3900000000,10.9400000000,11.3900000000,100974749,1134084739.6200,4.404700,3.451400
2025-09-12,11.4500000000,11.6200000000,11.3500000000,11.3900000000,97946686,1123515613.7500,4.272600,0.000000
2025-09-15,11.3100000000,11.4700000000,11.2000000000,11.3000000000,64733924,731343010.8000,2.823800,-0.790200
2025-09-16,11.3100000000,11.5200000000,11.2800000000,11.4500000000,66672457,761184823.1100,2.908400,1.327400
2025-09-17,11.4000000000,11.5500000000,11.3100000000,11.4800000000,73786195,843103932.3000,3.218700,0.262000
2025-09-18,11.4600000000,11.8300000000,11.2700000000,11.3800000000,132176112,1532015706.7600,5.765800,-0.871100
2025-09-19,11.4200000000,11.6200000000,11.3200000000,11.3700000000,83993034,962606896.5000,3.663900,-0.087900
2025-09-22,11.2800000000,11.5300000000,11.2500000000,11.4600000000,70980459,809952603.2100,3.096300,0.791600
2025-09-23,11.4800000000,11.5000000000,10.9200000000,11.2300000000,97926843,1091602564.3700,4.271800,-2.007000
2025-09-24,11.1200000000,11.5900000000,11.0800000000,11.5800000000,101740265,1161554715.1100,4.411700,3.116700
2025-09-25,11.5800000000,11.9000000000,11.5000000000,11.7600000000,140703787,1658016225.9400,6.101300,1.554400
2025-09-26,11.6700000000,11.6700000000,11.2800000000,11.3000000000,96602704,1106557577.6500,4.188900,-3.911600
2025-09-29,11.3000000000,11.5700000000,11.1600000000,11.5000000000,80154289,912074047.0500,3.475700,1.769900
2025-09-30,11.5400000000,11.7200000000,11.4900000000,11.5400000000,75582076,876803472.6500,3.277400,0.347800
2025-10-09,11.5500000000,11.9900000000,11.5200000000,11.8700000000,125774164,1488624275.3600,5.453900,2.859600
2025-10-10,11.7400000000,11.9600000000,11.5300000000,11.9000000000,119546178,1405107250.3100,5.183800,0.252700
2025-10-13,11.4800000000,12.3500000000,11.4000000000,12.2800000000,183749176,2210856605.2600,7.967800,3.193300
2025-10-14,12.2500000000,12.3000000000,11.7500000000,11.9200000000,148972339,1793558930.3200,6.459800,-2.931600
2025-10-15,11.9800000000,12.0300000000,11.6200000000,11.9400000000,92662118,1095660334.1800,4.018100,0.167800
2025-10-16,11.8300000000,11.8400000000,11.4800000000,11.5000000000,89358552,1039882920.2600,3.874800,-3.685100
2025-10-17,11.5000000000,11.5400000000,10.8500000000,10.8900000000,103375685,1150455870.4400,4.482600,-5.304300
2025-10-20,11.0200000000,11.1400000000,10.9100000000,10.9900000000,56650168,625103985.0700,2.456500,0.918300
2025-10-21,11.0300000000,11.1500000000,10.9800000000,11.1000000000,48465777,537076953.8600,2.101600,1.000900
2025-10-22,11.0400000000,11.0700000000,10.9200000000,10.9400000000,40275304,442498050.3300,1.746400,-1.441400
2025-10-23,10.9000000000,11.0500000000,10.6800000000,11.0300000000,50204800,543044536.4000,2.177000,0.822700
2025-10-24,11.0600000000,11.1400000000,11.0300000000,11.1200000000,53689380,595131443.0800,2.328100,0.816000
2025-10-27,11.3300000000,11.8500000000,11.2700000000,11.6300000000,135699841,1571862582.1700,5.884300,4.586300
2025-10-28,11.5400000000,11.6300000000,11.4300000000,11.5000000000,71261814,823039106.8000,3.090100,-1.117800
2025-10-29,11.5600000000,11.6300000000,11.4600000000,11.6200000000,59792926,691684993.0700,2.592800,1.043500
2025-10-30,11.6000000000,11.7000000000,11.3700000000,11.3800000000,71411565,821246174.5100,3.096600,-2.065400
2025-10-31,11.3800000000,11.6700000000,11.3600000000,11.5700000000,75778083,877347133.5900,3.285900,1.669600
2025-11-03,11.5500000000,11.7400000000,11.4700000000,11.7300000000,78424031,913450537.6400,3.400700,1.382900
2025-11-04,11.6300000000,11.7100000000,11.4600000000,11.5500000000,59853685,692981888.3400,2.595400,-1.534500
2025-11-05,11.3700000000,11.4300000000,11.1700000000,11.3500000000,71583138,809531030.2600,3.104000,-1.731600
2025-11-06,11.3500000000,11.4000000000,11.2200000000,11.3400000000,48747400,552092205.3900,2.113800,-0.088100
2025-11-07,11.2900000000,11.4200000000,11.1800000000,11.2400000000,49959003,563286759.8400,2.166300,-0.881800
2025-11-10,11.3300000000,11.5500000000,11.3100000000,11.4200000000,55190322,630466723.7700,2.393200,1.601400
2025-11-11,11.4200000000,11.4600000000,11.1800000000,11.2000000000,54527239,616405328.0600,2.364400,-1.926400
2025-11-12,11.2100000000,11.2300000000,10.9500000000,11.0100000000,47159455,521325683.8700,2.045000,-1.696400
2025-11-13,11.0100000000,11.2500000000,10.9500000000,11.2400000000,42974153,477134256.9200,1.863500,2.089000
2025-11-14,10.9800000000,10.9800000000,10.6800000000,10.7000000000,95262284,1030717325.3700,4.130800,-4.804300
2025-11-17,10.6500000000,10.8000000000,10.5700000000,10.7600000000,41037627,438727043.4000,1.779500,0.560700
2025-11-18,10.7300000000,10.8300000000,10.6400000000,10.7100000000,35041748,375647807.7600,1.519500,-0.464700
2025-11-19,11.0600000000,11.1500000000,10.7600000000,10.8000000000,72653614,796306378.7500,3.150400,0.840300
2025-11-20,10.8100000000,10.8600000000,10.5200000000,10.5200000000,57382502,610427125.2900,2.488200,-2.592600
2025-11-21,10.4200000000,10.5300000000,10.1800000000,10.2000000000,54206958,558421161.5000,2.350500,-3.041800
2025-11-24,10.2500000000,10.4700000000,10.1800000000,10.4100000000,40549827,418874111.2100,1.758300,2.058800
2025-11-25,10.4500000000,10.6200000000,10.4000000000,10.4100000000,45182018,475153234.8600,1.959200,0.000000
2025-11-26,10.4100000000,10.5600000000,10.3700000000,10.4000000000,34218227,357902661.5600,1.483800,-0.096100
2025-11-27,10.4200000000,10.5100000000,10.2800000000,10.3000000000,36493096,379851893.7300,1.582400,-0.961500
2025-11-28,10.3300000000,10.4200000000,10.2800000000,10.4000000000,29327942,303646425.2400,1.271700,0.970900
2025-12-01,10.3900000000,10.5300000000,10.3200000000,10.4700000000,46105234,481468070.3300,1.999200,0.673100
2025-12-02,10.4600000000,10.4600000000,10.2800000000,10.3100000000,33450574,345674898.0700,1.450500,-1.528200
2025-12-03,10.3000000000,10.3400000000,10.0900000000,10.0900000000,40240536,408802417.9900,1.744900,-2.133900
2025-12-04,10.1100000000,10.1500000000,10.0000000000,10.1300000000,29778275,300461064.3200,1.291300,0.396400
2025-12-05,10.1200000000,10.3000000000,10.0500000000,10.2600000000,32706793,333256663.0000,1.418200,1.283300
2025-12-08,10.2900000000,10.3900000000,10.2600000000,10.3100000000,37265196,385138189.0900,1.615900,0.487300
2025-12-09,10.3100000000,10.4500000000,10.1600000000,10.1800000000,45021576,463165338.1500,1.952200,-1.260900
2025-12-10,10.0900000000,10.1500000000,9.9800000000,10.1100000000,37999516,382713658.5200,1.647800,-0.687600
2025-12-11,10.1100000000,10.1500000000,9.9500000000,9.9500000000,35026861,351340019.1500,1.518900,-1.582600
2025-12-12,9.9600000000,10.1300000000,9.9300000000,10.0900000000,44494906,447156728.0100,1.929400,1.407000
2025-12-15,10.0400000000,10.0800000000,9.9000000000,9.9000000000,35642591,355354184.9500,1.545600,-1.883100
2025-12-16,9.9100000000,9.9400000000,9.7100000000,9.7600000000,37681368,368419860.6900,1.634000,-1.414100
2025-12-17,9.7500000000,9.9300000000,9.6600000000,9.9100000000,39292550,384932891.3100,1.703800,1.536900
2025-12-18,9.8800000000,10.0300000000,9.8200000000,9.8900000000,32240344,320329683.3900,1.398000,-0.201800
2025-12-19,9.9300000000,10.0300000000,9.9200000000,9.9800000000,30051547,300412939.8600,1.303100,0.910000
2025-12-22,10.0300000000,10.1000000000,10.0000000000,10.0200000000,28345836,285037118.9800,1.229100,0.400800
2025-12-23,10.0400000000,10.1000000000,9.9500000000,10.0400000000,33462983,335545847.6100,1.451000,0.199600
2025-12-24,10.0100000000,10.1800000000,9.9700000000,10.1500000000,40488010,409621250.4300,1.755700,1.095600
2025-12-25,10.1400000000,10.2000000000,10.1100000000,10.1700000000,31903992,324226881.5300,1.383400,0.197000
2025-12-26,10.1600000000,10.2800000000,10.1300000000,10.2100000000,37844457,386501092.7000,1.641000,0.393300
2025-12-29,10.2100000000,10.2500000000,10.1100000000,10.1300000000,32449876,329689179.6600,1.407100,-0.783500
2025-12-30,10.1000000000,10.2900000000,10.0900000000,10.2600000000,39150370,400746702.7200,1.697700,1.283300
2025-12-31,10.2800000000,10.3200000000,10.2200000000,10.2500000000,35177090,361427688.5800,1.525400,-0.097500
2026-01-05,10.3100000000,10.6400000000,10.2800000000,10.5800000000,68222988,715111398.7100,2.958300,3.219500
2026-01-06,10.5700000000,10.7200000000,10.5200000000,10.6900000000,65835324,701062490.1800,2.854800,1.039700
2026-01-07,10.6700000000,10.8300000000,10.5600000000,10.6800000000,61271853,654519921.8500,2.656900,-0.093500
2026-01-08,10.6800000000,10.9300000000,10.6500000000,10.8000000000,65534853,709135009.0500,2.841800,1.123600
2026-01-09,10.8100000000,11.3900000000,10.7900000000,11.3100000000,137088466,1530808937.4200,5.944500,4.722200
2026-01-12,11.4400000000,12.2000000000,11.4200000000,12.1400000000,223112009,2650748023.9400,9.674700,7.338600
2026-01-13,12.2000000000,12.2100000000,11.6400000000,11.6900000000,172174350,2044202388.5200,7.465900,-3.706800
2026-01-14,11.7200000000,12.4100000000,11.7200000000,12.0800000000,227659884,2758127876.9700,9.871900,3.336200
2026-01-15,12.0000000000,12.1900000000,11.8000000000,11.9200000000,117738281,1408178358.2700,5.105400,-1.324500
2026-01-16,11.9800000000,12.0200000000,11.4800000000,11.6000000000,121766250,1419193870.8800,5.280100,-2.684600
2026-01-19,11.4900000000,11.6600000000,11.3900000000,11.4600000000,74753804,859689866.7400,3.241500,-1.206900
2026-01-20,11.5700000000,11.6000000000,11.1500000000,11.2600000000,74832638,845907841.8200,3.244900,-1.745200
2026-01-21,11.1600000000,11.3700000000,11.1200000000,11.2100000000,56703609,638061268.9500,2.458800,-0.444000
2026-01-22,11.2800000000,11.4200000000,11.2200000000,11.3900000000,59178363,670394428.8700,2.566100,1.605700
2026-01-23,11.3900000000,11.5500000000,11.3000000000,11.4800000000,65991618,755947972.5100,2.861600,0.790200
2026-01-26,11.6600000000,13.7800000000,11.6600000000,13.7800000000,527786118,6926671722.7500,22.886100,20.034800
2026-01-27,13.7900000000,13.8000000000,13.1200000000,13.5400000000,424606515,5672823957.4400,18.412000,-1.741700
2026-01-28,15.5800000000,16.2500000000,15.2100000000,15.5900000000,714709430,11369245927.0400,30.991600,15.140300
2026-01-29,15.3200000000,17.7600000000,14.6700000000,16.8000000000,667225381,10860208230.1600,28.932500,7.761400
2026-01-30,16.6200000000,17.2700000000,16.0800000000,16.5600000000,457866594,7604010877.7200,19.854200,-1.428600
2026-02-02,17.3000000000,17.9800000000,16.7100000000,16.8800000000,531595426,9216133146.8800,23.051300,1.932400
2026-02-03,17.3000000000,19.3100000000,17.0700000000,19.3100000000,545642973,9850800322.3000,23.660400,14.395700
2026-02-04,18.5300000000,18.6000000000,16.0300000000,16.7200000000,652425297,11160966121.2300,28.290800,-13.412700
2026-02-05,16.9200000000,18.5000000000,16.4500000000,17.9700000000,613194738,10749547809.7800,26.589600,7.476100
2026-02-06,17.7600000000,19.1200000000,17.3100000000,17.9300000000,568257419,10314318039.1200,24.641000,-0.222600
2026-02-09,18.5900000000,19.3500000000,18.2500000000,18.9000000000,523607304,9852127542.8300,22.704900,5.409900
2026-02-10,19.2400000000,20.2000000000,18.2000000000,18.6800000000,579123299,11116578547.8000,25.112200,-1.164000
2026-02-11,19.3000000000,21.2300000000,19.3000000000,20.4500000000,628616256,12841557128.5500,27.258400,9.475400
2026-02-12,20.6800000000,23.2000000000,20.0600000000,22.1200000000,605151843,12979523582.7600,26.240900,8.166300
2026-02-13,22.5100000000,24.1000000000,22.3800000000,22.5200000000,497606751,11501087097.8900,21.577500,1.808300
2026-02-24,22.5200000000,22.5400000000,20.0600000000,21.3000000000,474489249,9994621269.6400,20.575000,-5.417400
2026-02-25,21.8800000000,22.0000000000,19.8800000000,20.3500000000,422206892,8619408083.0400,18.307900,-4.460100
2026-02-26,20.5000000000,21.1000000000,19.6600000000,19.7500000000,523957800,10626884138.3500,22.720100,-2.948400
2026-02-27,20.3200000000,21.6500000000,20.0000000000,20.2000000000,617213817,12829285886.4200,26.763900,2.278500
2026-03-02,19.9000000000,20.2300000000,19.1400000000,19.4900000000,429309646,8399131732.0500,18.615900,-3.514900
2026-03-03,19.6000000000,19.6800000000,17.9300000000,18.0800000000,353007721,6559675057.1400,15.307300,-7.234500
2026-03-04,17.8700000000,18.4700000000,17.7500000000,18.0100000000,211091723,3813784466.4200,9.153500,-0.387200
2026-03-05,18.5800000000,18.5800000000,17.6600000000,17.9000000000,265516499,4773794968.0900,11.513500,-0.610800
2026-03-06,17.8100000000,18.0800000000,17.4700000000,17.8500000000,209662201,3716057322.5600,9.091500,-0.279300
2026-03-09,18.0000000000,20.2400000000,17.8100000000,20.0300000000,626705917,11820612157.4700,27.175500,12.212900
2026-03-10,20.6500000000,21.4800000000,19.4000000000,20.3900000000,568261968,11555321860.6400,24.641200,1.797300
2026-03-11,20.2000000000,20.3800000000,19.3600000000,19.3800000000,384801124,7598068184.4000,16.685900,-4.953400
2026-03-12,19.2800000000,20.5000000000,19.0000000000,19.0800000000,401955519,7910457940.3200,17.429800,-1.548000
2026-03-13,18.8900000000,19.0200000000,17.6500000000,17.7500000000,340947733,6210692175.3300,14.784300,-6.970600
2026-03-16,17.3100000000,17.5000000000,16.7500000000,17.4100000000,232524067,3976266101.0100,10.082800,-1.915500
2026-03-17,17.6000000000,17.6900000000,16.8500000000,16.9000000000,155099308,2668391857.7700,6.725500,-2.929400
2026-03-18,17.3500000000,18.5000000000,17.2100000000,18.4600000000,295321018,5295108435.5400,12.805800,9.230800
2026-03-19,17.9400000000,19.1500000000,17.9400000000,18.6300000000,303157314,5660253967.9600,13.145700,0.920900
2026-03-20,18.4500000000,18.6000000000,17.5000000000,17.5300000000,241383543,4326183991.8300,10.467000,-5.904500
2026-03-23,17.0500000000,17.4000000000,16.5200000000,16.6900000000,166611212,2828093529.2400,7.224700,-4.791800
2026-03-24,17.1700000000,17.1700000000,16.3500000000,16.9200000000,154186572,2579922124.8500,6.685900,1.378100
2026-03-25,17.2500000000,19.1800000000,17.2500000000,18.1400000000,285235117,5215587811.4400,12.368500,7.210400
2026-03-26,18.2200000000,18.4400000000,17.4000000000,17.5000000000,176502128,3154855891.1600,7.653600,-3.528100
2026-03-27,17.3100000000,17.8100000000,17.0300000000,17.4300000000,164109030,2864242324.7500,7.116200,-0.400000
2026-03-30,17.0600000000,17.6400000000,16.5200000000,17.5000000000,149359452,2558261708.3300,6.476600,0.401600
2026-03-31,17.3100000000,17.7900000000,16.8700000000,16.9000000000,148209585,2547470117.0000,6.426700,-3.428600
2026-04-01,17.6100000000,18.2000000000,17.3300000000,17.7300000000,250458355,4449921670.4100,10.860500,4.911200
2026-04-02,17.4600000000,17.5000000000,16.3200000000,16.5500000000,222553870,3723692475.1800,9.650500,-6.655400
2026-04-03,16.8800000000,16.9700000000,16.3200000000,16.5500000000,148192111,2469430437.6000,6.426000,0.000000
2026-04-07,16.4900000000,16.6900000000,15.9500000000,16.0500000000,142413697,2313016500.2300,6.175400,-3.021100
2026-04-08,16.9100000000,18.4700000000,16.9100000000,18.4200000000,354931927,6286197990.8000,15.390700,14.766400
2026-04-09,17.7000000000,18.0800000000,17.6200000000,17.9500000000,194108343,3473653599.1000,8.417000,-2.551600
2026-04-10,18.2500000000,18.3500000000,17.7100000000,17.7700000000,185508235,3325013460.4000,8.044100,-1.002800
2026-04-13,17.4400000000,18.6300000000,17.4400000000,18.1600000000,244340026,4438138805.5800,10.595200,2.194700
2026-04-14,19.1000000000,19.4800000000,18.4200000000,18.6700000000,299085678,5641327343.9500,12.969100,2.808400
2026-04-15,18.5500000000,19.1400000000,17.9500000000,18.2600000000,255492479,4709832898.9300,11.083300,-2.196000
2026-04-16,18.4900000000,19.3900000000,18.4000000000,19.1400000000,325147805,6194364296.2400,14.104900,4.819300
2026-04-17,18.6800000000,19.0700000000,18.6100000000,18.9000000000,239431836,4511006331.6400,10.386600,-1.253900
2026-04-20,18.8000000000,19.0900000000,18.5200000000,18.6600000000,213808527,4016562862.2700,9.275000,-1.269800
2026-04-21,18.4700000000,18.5200000000,17.7200000000,17.9800000000,190649545,3417974418.3900,8.270400,-3.644200
2026-04-22,18.3000000000,19.2400000000,17.8800000000,19.1300000000,349770023,6557710892.4900,15.173100,6.396000
2026-04-23,19.0100000000,19.3800000000,18.6300000000,18.9000000000,247003312,4692140179.6000,10.715000,-1.202300
2026-04-24,18.5300000000,18.6000000000,16.8000000000,17.8000000000,349610906,6119969040.7600,15.166200,-5.820100
2026-04-27,17.6500000000,17.7100000000,16.8500000000,16.8900000000,234097629,3982381901.2700,10.155200,-5.112400
2026-04-28,16.8700000000,16.8700000000,16.0500000000,16.1500000000,188540159,3071350094.3000,8.178900,-4.381300
2026-04-29,16.1700000000,16.8400000000,15.8100000000,16.4500000000,169142003,2786739002.4500,7.337400,1.857600
2026-04-30,16.3000000000,16.6600000000,15.8300000000,16.0000000000,159525939,2562298324.2600,6.920300,-2.735600
