date,open,high,low,close,volume,amount,turn,pctChg
2011-02-22,8.6299582000,8.8081127200,8.2755648000,8.4747913600,13083296,581454152.4800,65.416480,6.731004
2011-02-23,8.9460388000,9.2372160800,8.8138596400,8.9881828800,10147889,476404484.2100,50.739445,6.057900
2011-02-24,8.8847383200,9.0954587200,8.8023658000,8.9920141600,5525480,258366407.9400,27.627400,0.042600
2011-02-25,8.8081127200,8.8081127200,8.4058283200,8.5724890000,4436149,199059502.8300,22.180745,-4.665500
2011-02-28,8.4479724000,8.6893430400,8.4307316400,8.5839828400,2389166,106821628.1500,11.945830,0.134100
2011-03-01,8.6146330800,8.6299582000,8.4364785600,8.4652131600,2219221,98708602.5300,11.096105,-1.383626
2011-03-02,8.3311183600,8.5514169600,8.3081306800,8.5245980000,2220828,97267328.8000,11.104140,0.701500
2011-03-03,8.4862852000,8.5226823600,8.3521904000,8.3521904000,1663342,73046318.4900,8.316710,-2.022500
2011-03-04,8.3445278400,8.5744046400,8.3330340000,8.5418387600,1746484,77562831.1400,8.732420,2.270600
2011-03-07,8.5686577200,8.5954766800,8.4096596000,8.5035259600,1483631,65862114.7800,7.418155,-0.448500
2011-03-08,8.5322605600,8.6721022800,8.4958634000,8.5744046400,1318999,58959969.6500,6.594995,0.833500
2011-03-09,8.5858984800,8.6548615200,8.4671288000,8.5437544000,1217132,54272150.3100,6.085660,-0.357500
2011-03-10,8.5437544000,8.5782359200,8.4288160000,8.4518036800,1232538,54676689.2200,6.162690,-1.076200
2011-03-11,8.4269003600,8.5629108000,8.3924188400,8.4671288000,1341603,59442169.8400,6.708015,0.181300
2011-03-14,8.4364785600,8.5418387600,8.4058283200,8.5399231200,1125917,49850090.8700,5.629585,0.859700
2011-03-15,8.5245980000,8.5245980000,8.1567951200,8.2793960800,1930268,83835291.8600,9.651340,-3.050700
2011-03-16,8.2947212000,8.4019970400,8.2851430000,8.3445278400,1014732,44165095.3200,5.073660,0.786700
2011-03-17,8.2928055600,8.2928055600,8.1644576800,8.2372520000,1524133,65348710.5700,7.620665,-1.285600
2011-03-18,8.2985524800,8.3502747600,8.2774804400,8.3368652800,926379,40202161.6300,4.631895,1.209300
2011-03-21,8.4077439600,8.7314871200,8.4000814000,8.6242112800,2677201,120403578.7500,13.386005,3.446700
2011-03-22,8.6261269200,8.7314871200,8.5590795200,8.6395364000,1492197,67260053.8500,7.460985,0.177700
2011-03-23,8.6203800000,8.7468122400,8.6012236000,8.6912586800,1158484,52513224.4300,5.792420,0.598700
2011-03-24,8.7084994400,8.8598350000,8.6108018000,8.8138596400,1579692,71890439.6200,7.898460,1.410600
2011-03-25,8.7736312000,8.9268824000,8.6797648400,8.7180776400,1349354,61971729.9800,6.746770,-1.086700
2011-03-28,8.6970056000,8.8655819200,8.6203800000,8.7046681600,1332835,61151353.2800,6.664175,-0.153800
2011-03-29,8.6644397200,8.8311004000,8.5437544000,8.6184643600,1312890,59586934.5900,6.564450,-0.990300
2011-03-30,8.5782359200,8.6165487200,8.2429989200,8.3828406400,1376642,60093514.9400,6.883210,-2.733900
2011-03-31,8.2487458400,8.4575506000,8.2487458400,8.4134908800,594801,26073591.2100,2.974005,0.365600
2011-04-01,8.4134908800,8.6548615200,8.3809250000,8.6203800000,723291,32323104.1600,3.616455,2.459000
2011-04-06,8.6012236000,8.9460388000,8.6012236000,8.7276558400,1339900,61555806.4400,6.699500,1.244400
2011-04-07,8.7161620000,8.8655819200,8.6586928000,8.6855117600,759018,34718668.2500,3.795090,-0.482900
2011-04-08,8.9651952000,9.2697819600,8.9651952000,9.1414340800,2515121,119950974.0800,12.575605,5.249200
2011-04-11,9.0992900000,9.5532966800,9.0858805200,9.3636483200,2171651,106279806.9800,10.858255,2.430800
2011-04-12,9.2736132400,9.4843336400,9.1663374000,9.1720843200,1163436,56523598.1100,5.817180,-2.045800
2011-04-13,9.1376028000,9.8234019200,9.1376028000,9.6893071200,2110682,105296392.6300,10.553410,5.639100
2011-04-14,9.6490786800,9.7678483600,9.4862492800,9.5762843600,1068027,53504344.4100,5.340135,-1.166500
2011-04-15,9.5762843600,9.6471630400,9.1376028000,9.4728398000,1337449,65588203.8200,6.687245,-1.080200
2011-04-18,9.5801156400,9.9230152000,9.4057924000,9.5743687200,1113815,56438133.6400,5.569075,1.071800
2011-04-19,9.4019611200,9.6893071200,9.3291668000,9.3464075600,960837,47471797.3700,4.804185,-2.381000
2011-04-20,9.3291668000,9.6529099600,9.3119260400,9.5954407600,1239508,61124669.1700,6.197540,2.664500
2011-04-21,9.5954407600,9.5954407600,9.5954407600,9.5954407600,0,0.0000,,0.000000
2011-04-22,9.7103791600,9.7448606800,9.3866360000,9.5896938400,771607,38589586.6500,3.858035,-0.059900
2011-04-25,9.6165128000,9.6165128000,9.1567592000,9.2046502000,1064102,51727666.1600,5.320510,-4.015200
2011-04-26,9.1376028000,9.3425762800,9.1376028000,9.1912407200,978569,47194470.3300,4.892845,-0.145700
2011-04-27,9.2333848000,9.3023478400,8.9287980400,8.9939298000,890750,42317307.7700,4.453750,-2.146700
2011-04-28,9.0360738800,9.0973743600,8.8847383200,8.9268824000,765306,35829319.4200,3.826530,-0.745500
2011-04-29,8.9766890400,9.2142284000,8.9556170000,9.1280246000,701159,33261258.8200,3.505795,2.253200
2011-05-03,9.1280246000,9.1280246000,8.9268824000,9.0705554000,613900,28946589.0700,3.069500,-0.629600
2011-05-04,9.0437364400,9.0475677200,8.7372340400,8.8100283600,922822,42522403.5400,4.614110,-2.872200
2011-05-05,8.7583060800,8.9326293200,8.7583060800,8.8445098800,435376,20160236.6800,2.176880,0.391400
2011-05-06,8.8464255200,9.1950720000,8.8119440000,9.0897118000,692250,32735331.8500,3.461250,2.772400
2011-05-09,9.1471810000,9.2716976000,8.9996767200,9.0552302800,796044,37839111.3500,3.980220,-0.379300
2011-05-10,9.0648084800,9.1720843200,8.9996767200,9.1663374000,447813,21204281.9200,2.239065,1.227000
2011-05-11,9.1739999600,9.2199753200,9.0379895200,9.1088682000,469219,22364046.6800,2.346095,-0.627000
2011-05-12,9.1050369200,9.1050369200,8.7544748000,8.7544748000,779500,36169285.1300,3.897500,-3.890600
2011-05-13,8.7736312000,8.8119440000,8.5016103200,8.6778492000,858199,38748060.7000,4.290995,-0.875300
2011-05-16,8.6203800000,8.7870406800,8.5820672000,8.6127174400,445623,20178553.6700,2.228115,-0.750600
2011-05-17,8.5744046400,8.7410653200,8.5744046400,8.6586928000,415708,18832233.8700,2.078540,0.533800
2011-05-18,8.7123307200,8.7468122400,8.6127174400,8.7008368800,353261,15986058.1000,1.766305,0.486700
2011-05-19,8.7161620000,8.7180776400,8.4537193200,8.4652131600,490058,21976311.7400,2.450290,-2.708100
2011-05-20,8.4575506000,8.5878141200,8.4575506000,8.5744046400,511774,22766839.9000,2.558870,1.289900
2011-05-23,8.5590795200,8.5744046400,8.1989392000,8.2180956000,1919584,83494974.5500,7.678336,-4.155500
2011-05-24,8.1529638400,8.5399231200,8.0265316000,8.4671288000,1972807,85334532.7200,7.891228,3.030300
2011-05-25,8.4058283200,8.4058283200,8.0648444000,8.0744226000,1123129,48167421.9900,4.492516,-4.638000
2011-05-26,8.1414700000,8.2085174000,7.7966548000,7.7966548000,1083777,44980228.3900,4.335108,-3.440100
2011-05-27,7.9077619200,7.9364965200,7.6855476800,7.7755827600,1289765,52494528.2000,5.159060,-0.270300
2011-05-30,7.7142822800,7.9077619200,7.7104510000,7.7430168800,718563,29284911.2500,2.874252,-0.418800
2011-05-31,7.7736671200,7.9307496000,7.7047040800,7.9096775600,730353,29737870.9000,2.921412,2.152400
2011-06-01,7.9077619200,8.0610131200,7.8541240000,8.0437723600,862014,35945698.4300,3.448056,1.695300
2011-06-02,7.9384121600,8.0246159600,7.8943524400,8.0169534000,788875,32797734.3700,3.155500,-0.333400
2011-06-03,7.9882188000,8.3177088800,7.9882188000,8.2583240400,1066038,45924643.1700,4.264152,3.010800
2011-06-07,8.1989392000,8.2717335200,8.1893610000,8.2544927600,303906,13063601.6600,1.215624,-0.046400
2011-06-08,8.3330340000,8.3905032000,8.1625420400,8.2544927600,1257140,54267353.9600,5.028560,0.000000
2011-06-09,8.2161799600,8.3138776000,8.1721202400,8.2410832800,541462,23282548.9700,2.165848,-0.162500
2011-06-10,8.1989392000,8.4058283200,8.1414700000,8.3905032000,652269,28270632.8800,2.609076,1.813100
2011-06-13,8.3483591200,8.4230690800,8.2372520000,8.3253714400,361874,15760528.2200,1.447496,-0.776300
2011-06-14,8.3330340000,8.3943344800,8.3023837600,8.3790093600,393785,17165388.5600,1.575140,0.644300
2011-06-15,8.3330340000,8.3943344800,8.1433856400,8.1989392000,847848,36440581.4400,3.391392,-2.149100
2011-06-16,8.0514349200,8.1510482000,8.0514349200,8.0648444000,379929,16070161.9600,1.519716,-1.635500
2011-06-17,8.0456880000,8.1127354000,7.8828586000,7.9173401200,366379,15321369.4400,1.465516,-1.829000
2011-06-20,7.8579552800,7.9843875200,7.8158112000,7.9345808800,272386,11220689.2700,1.089544,0.217800
2011-06-21,8.0169534000,8.0610131200,7.9020150000,8.0437723600,344256,14363350.6000,1.377024,1.376100
2011-06-22,8.0456880000,8.0801695200,7.9307496000,7.9518216400,347145,14446275.9500,1.388580,-1.143100
2011-06-23,7.9115932000,8.2889742800,7.8598709200,8.2755648000,552287,23552542.2800,2.209148,4.071300
2011-06-24,8.2046861200,8.4383942000,8.1567951200,8.3905032000,703350,30710998.2000,2.813400,1.388900
2011-06-27,8.3905032000,8.5226823600,8.3521904000,8.4019970400,502890,22141110.9800,2.011560,0.137000
2011-06-28,8.3598529600,8.4249847200,8.3119619600,8.3617686000,588624,25664415.6500,2.354496,-0.478800
2011-06-29,8.3541060400,8.5207667200,8.3081306800,8.3119619600,581987,25520850.2100,2.327948,-0.595600
2011-06-30,8.2928055600,8.4422254800,8.2928055600,8.3138776000,534504,23361179.1700,2.138016,0.023000
2011-07-01,8.3541060400,8.6088861600,8.3234558000,8.5514169600,1001355,44480048.7400,4.005420,2.857100
2011-07-04,8.6108018000,8.8598350000,8.4920321200,8.8119440000,982442,44644788.8800,3.929768,3.046600
2011-07-05,9.0418208000,9.4057924000,9.0418208000,9.0628928400,1755938,83901638.5000,7.023752,2.847800
2011-07-06,8.9651952000,9.5782000000,8.9268824000,9.3579014000,1461887,71180365.4800,5.847548,3.255100
2011-07-07,9.3521544800,9.5686218000,9.2544568400,9.3349137200,1590669,78467989.8000,6.362676,-0.245600
2011-07-08,9.3483232000,9.4326113600,9.1720843200,9.2851070800,854826,41301952.9200,3.419304,-0.533549
2011-07-11,9.2333848000,9.6624881600,9.2142284000,9.4632616000,887296,43891481.5500,3.549184,1.918700
2011-07-12,9.3866360000,9.3866360000,9.1854938000,9.2506255600,852580,41340747.6100,3.410320,-2.247000
2011-07-13,9.2448786400,9.5743687200,9.2448786400,9.5207308000,903487,44724678.8800,3.613948,2.919900
2011-07-14,9.5149838800,9.8234019200,9.4824180000,9.7467763200,948794,47937425.4000,3.795176,2.374200
2011-07-15,9.7697640000,10.0877602400,9.6375848400,9.7257042800,1214685,62440142.2200,4.858740,-0.216200
2011-07-18,9.6835602000,9.9613280000,9.6835602000,9.7544388800,983629,50357276.9800,3.934516,0.295500
2011-07-19,9.6644038000,9.6644038000,9.2238066000,9.2621194000,1674776,82271039.3700,6.699104,-5.047100
2011-07-20,9.3444919200,9.5590436000,9.3061791200,9.5207308000,947831,46536163.4600,3.791324,2.792100
2011-07-21,9.5015744000,9.8981118800,9.3521544800,9.6184284400,1340330,67863137.8600,5.361320,1.026200
2011-07-22,9.6548256000,10.0379536000,9.6529099600,9.9345090400,1380543,71406088.0000,5.522172,3.286200
2011-07-25,9.9230152000,9.9996408000,9.3885516400,9.4383582800,1298506,65245117.5700,5.194024,-4.994200
2011-07-26,9.4460208400,9.5782000000,9.3579014000,9.3885516400,666251,32818622.6700,2.665004,-0.527700
2011-07-27,9.3885516400,9.8559678000,9.2908540000,9.8080768000,934285,47218961.7700,3.737140,4.468500
2011-07-28,9.7601858000,10.1509763600,9.6950540400,10.1050010000,1397387,72802791.1400,5.589548,3.027300
2011-07-29,10.0207128400,10.0935071600,9.7697640000,9.8674616400,988657,51210333.3600,3.954628,-2.350700
2011-08-01,9.8655460000,10.3387090800,9.7812578400,10.2103612000,1087594,57795292.0600,4.350376,3.475100
2011-08-02,10.1528920000,10.2984806400,9.8655460000,10.1816266000,1229190,64338818.8600,4.916760,-0.281400
2011-08-03,10.0379536000,10.2333488800,9.9421716000,9.9766531200,1158841,60842637.9700,4.635364,-2.013200
2011-08-04,10.0513630800,10.0513630800,9.7391137600,9.8080768000,960464,49291474.0900,3.841856,-1.689700
2011-08-05,9.4805023600,9.7831734800,9.3866360000,9.6471630400,1039835,52153364.6500,4.159340,-1.640600
2011-08-08,9.5245620800,9.6452474000,8.8751601200,9.2621194000,1259518,61170839.3700,5.038072,-3.991300
2011-08-09,9.0609772000,9.4766710800,8.9268824000,9.3828047200,1090014,52522107.5400,4.360056,1.303000
2011-08-10,9.5207308000,9.7276199200,9.3885516400,9.4153706000,1187811,59397358.1700,4.751244,0.347100
2011-08-11,9.2621194000,9.7314512000,9.2525412000,9.6509943200,1042898,51840886.5200,4.171592,2.502500
2011-08-12,9.7122948000,9.8559678000,9.6452474000,9.7889204000,740389,37761297.6600,2.961556,1.429100
2011-08-15,9.7908360400,10.0283754000,9.6739820000,9.7812578400,1316872,67835619.6800,5.267488,-0.078300
2011-08-16,9.8272332000,9.9996408000,9.6758976400,9.9383403200,994227,51168430.4400,3.976908,1.606000
2011-08-17,9.9191839200,10.0379536000,9.8176550000,9.9804844000,510704,26482619.8400,2.042816,0.424100
2011-08-18,9.9230152000,10.2103612000,9.8693772800,9.9230152000,955302,50030644.4600,3.821208,-0.575800
2011-08-19,9.7257042800,9.9958095200,9.6816445600,9.9632436400,661948,34065708.2500,2.647792,0.405400
2011-08-22,9.9728218400,10.0743507600,9.5820312800,9.6088502400,1256587,64326725.0600,5.026348,-3.557000
2011-08-23,9.6088502400,9.8655460000,9.5015744000,9.8655460000,906674,45897500.3800,3.626696,2.671500
2011-08-24,9.7716796400,10.4019252000,9.7333668400,10.2659147600,3195198,169139946.1200,12.780792,4.058300
2011-08-25,10.2084455600,10.2563365600,9.8176550000,9.9804844000,1915001,99873795.3500,7.660004,-2.780400
2011-08-26,9.9364246800,10.3425403600,9.9115213600,10.1050010000,1332791,69929900.1300,5.331164,1.247604
2011-08-29,10.1145792000,10.4383223600,10.0590256400,10.3252996000,1663354,89449549.9900,6.653416,2.180100
2011-08-30,10.3425403600,10.3827688000,9.9996408000,10.0226284800,985234,52408893.9300,3.940936,-2.931400
2011-08-31,10.0187972000,10.0666882000,9.6758976400,9.7563545200,853216,43798353.2400,3.412864,-2.656700
2011-09-01,9.7563545200,9.8942806000,9.6165128000,9.7065478800,461367,23526617.3200,1.845468,-0.510500
2011-09-02,9.6567412400,9.8080768000,9.5168995200,9.5858625600,497338,25029090.3400,1.989352,-1.243300
2011-09-05,9.4709241600,9.5168995200,9.4057924000,9.4057924000,431526,21297305.7600,1.726104,-1.878500
2011-09-06,9.3617326800,9.4345270000,9.2544568400,9.3080947600,516852,25204205.0300,2.067408,-1.038700
2011-09-07,9.3215042400,9.5168995200,9.3215042400,9.5130682400,507786,25067448.2500,2.031144,2.202100
2011-09-08,9.5705374400,9.6069346000,9.2008189200,9.2257222400,538412,26602393.3400,2.153648,-3.020540
2011-09-09,9.1969876400,9.3215042400,9.0073392800,9.0418208000,541769,25853754.8600,2.167076,-1.993400
2011-09-13,8.9786046800,9.1452653600,8.8828226800,8.9077260000,792088,37116626.6400,3.168352,-1.483100
2011-09-14,8.9939298000,9.0743866800,8.8119440000,9.0609772000,552584,25808719.6800,2.210336,1.720400
2011-09-15,9.0628928400,9.2161440400,9.0092549200,9.0513990000,492148,23421806.6400,1.968592,-0.105700
2011-09-16,9.1759156000,9.1759156000,8.9364606000,8.9805203200,350457,16573209.8100,1.401828,-0.783100
2011-09-19,8.9651952000,8.9651952000,8.7142463600,8.7161620000,373411,17125170.9200,1.493644,-2.943700
2011-09-20,8.7161620000,8.8847383200,8.7084994400,8.7736312000,257495,11813951.1100,1.029980,0.659300
2011-09-21,8.7736312000,9.1088682000,8.7544748000,9.1050369200,538445,25255920.3500,2.153780,3.777300
2011-09-22,9.0379895200,9.0877961600,8.7544748000,8.7563904400,530540,24724392.3000,2.122160,-3.829200
2011-09-23,8.6222956400,8.7793781200,8.6203800000,8.7161620000,358448,16283094.1800,1.433792,-0.459400
2011-09-26,8.7161620000,8.7755468400,8.5035259600,8.5322605600,397237,17857721.8500,1.588948,-2.109900
2011-09-27,8.6203800000,8.7889563200,8.5820672000,8.7084994400,315343,14259453.9500,1.261372,2.065600
2011-09-28,8.7697999200,8.8502568000,8.5839828400,8.6931743200,405478,18471352.9100,1.621912,-0.176000
2011-09-29,8.9134729200,9.0609772000,8.8311004000,8.8311004000,1626900,75930267.3600,6.507600,1.586600
2011-09-30,8.8100283600,9.0782179600,8.7084994400,9.0533146400,1182259,54725395.7600,4.729036,2.516300
2011-10-10,9.1548435600,9.3962142000,9.1146151200,9.1912407200,1206212,58443413.6700,4.824848,1.523500
2011-10-11,9.3847203600,9.4441052000,8.9747734000,9.0724710400,1040552,49955940.4700,4.162208,-1.292200
2011-10-12,9.0035080000,9.4862492800,8.9671108400,9.4479364800,1071088,52146047.6800,4.284352,4.138500
2011-10-13,9.4249488000,9.7103791600,9.3693952400,9.5398872000,1089739,54429921.9100,4.358956,0.973200
2011-10-14,9.5782000000,9.6720663600,9.3674796000,9.5111526000,759606,37528097.7700,3.038424,-0.301200
2011-10-17,9.5743687200,9.8655460000,9.5686218000,9.7889204000,1192223,60706821.7000,4.768892,2.920400
2011-10-18,9.7122948000,9.7870047600,9.2927696400,9.3540701200,1411829,69986217.7100,5.647316,-4.442300
2011-10-19,9.4057924000,9.4958274800,9.2487099200,9.4211175200,740959,36354149.0900,2.963836,0.716800
2011-10-20,9.3770578000,9.4057924000,9.2103971200,9.3291668000,642007,31161356.8900,2.568028,-0.976000
2011-10-21,9.2716976000,9.3847203600,9.1567592000,9.2046502000,564868,27252138.6900,2.259472,-1.334700
2011-10-24,9.2218909600,9.5705374400,8.9843516000,9.5494654000,989002,47875066.4200,3.956008,3.746100
2011-10-25,9.5188151600,9.8023298800,9.4824180000,9.7506076000,1085830,54754697.2500,4.343320,2.106300
2011-10-26,9.6893071200,9.7697640000,9.5992720400,9.6682350800,854649,43291890.1500,3.418596,-0.844800
2011-10-27,9.6548256000,9.9306777600,9.5647905200,9.5973564000,929535,47230734.6500,3.718140,-0.733100
2011-10-28,9.7314512000,9.8234019200,9.5571279600,9.7122948000,874503,44168069.0400,3.498012,1.197600
2011-10-31,9.7314512000,9.9421716000,9.6778132800,9.8942806000,1324604,68068438.1300,5.298416,1.873800
2011-11-01,9.8176550000,9.8617147200,9.5226464400,9.6356692000,1247916,63151670.5200,4.991664,-2.613700
2011-11-02,9.4785867200,10.0609412800,9.4555990400,10.0571100000,1620798,82997342.6100,6.483192,4.373800
2011-11-03,10.1528920000,10.2448427200,9.8866180400,9.9057744400,1578805,83020010.1400,6.315220,-1.504800
2011-11-04,9.9574967200,10.2103612000,9.9038588000,9.9191839200,1396524,73243303.1000,5.586096,0.135400
2011-11-07,9.8368114000,9.9862313200,9.8368114000,9.8904493200,512630,26491055.9300,2.050520,-0.289700
2011-11-08,9.8904493200,10.0858446000,9.7467763200,9.7697640000,672174,34796526.8600,2.688696,-1.220200
2011-11-09,9.8291488400,10.1682171200,9.7946673200,10.1663014800,1635383,85218403.1700,6.541532,4.058800
2011-11-10,10.0590256400,10.1452294400,9.9594123600,9.9804844000,1567088,82135266.1400,6.268352,-1.827800
2011-11-11,10.0073033600,10.0437005200,9.7927516800,9.8712929200,845285,43740663.7000,3.381140,-1.094000
2011-11-14,9.9536654400,10.4364067200,9.9536654400,10.3482872800,1845050,98842229.1400,7.380200,4.832100
2011-11-15,10.3195526800,10.5705015200,10.3061432000,10.4536474800,1536567,83912518.1900,6.146268,1.018100
2011-11-16,10.4038408400,10.5283574400,10.1605545600,10.2371801600,1340876,72165365.5000,5.363504,-2.070700
2011-11-17,10.2965650000,11.2601319200,10.2774086000,11.0436646000,3902373,223387179.8200,15.609492,7.878000
2011-11-18,10.8808352000,11.0206769200,10.7812219200,10.8961603200,2130872,121084751.9700,8.523488,-1.335600
2011-11-21,10.8195347200,11.3003603600,10.7965470400,11.0858086800,2355958,135821038.1300,9.423832,1.740500
2011-11-22,10.9019072400,11.0494115200,10.6356332800,10.9478826000,1427677,81102096.6100,5.710708,-1.244200
2011-11-23,10.9172323600,11.2926978000,10.9172323600,10.9842797600,1554671,90254523.1300,6.218684,0.332500
2011-11-24,10.8214503600,11.6854040000,10.7620655200,11.4651054000,2288813,135137696.0200,9.155252,4.377400
2011-11-25,11.3789016000,11.5896220000,11.2792883200,11.5129964000,1523531,90798660.4700,6.094124,0.417700
2011-11-28,11.5896220000,11.8444021200,11.3674077600,11.4057205600,1556457,94019315.0700,6.225828,-0.931800
2011-11-29,11.4574428400,11.5666343200,11.2831196000,11.4919243600,1357521,81107341.6500,5.430084,0.755800
2011-11-30,11.4497802800,11.6854040000,10.7754750000,11.1107120000,2246773,131779111.8900,8.987092,-3.317200
2011-12-01,11.5129964000,12.1164230000,11.0551584400,11.0819774000,3830792,230536163.2200,15.323168,-0.258600
2011-12-02,10.8597631600,10.9191480000,10.4402380000,10.5092010400,2948332,164112457.7300,11.793328,-5.168500
2011-12-05,10.4402380000,10.5992361200,10.2007830000,10.3482872800,1544905,84220270.0000,6.179620,-1.531200
2011-12-06,10.9191480000,11.3827328800,10.8233660000,11.3827328800,4959986,290440333.8500,19.839944,9.996300
2011-12-07,11.2448068000,11.7792703600,11.1720124800,11.6068627600,3232332,193420323.3000,12.929328,1.969000
2011-12-08,11.4938400000,12.1547358000,11.4057205600,11.9248590000,2838879,176129777.3800,11.355516,2.739700
2011-12-09,11.8578116000,12.1547358000,11.7620296000,12.0857727600,1994888,124660823.0600,7.979552,1.349400
2011-12-12,12.0110628000,12.1432419600,11.8003424000,11.8597272400,1497875,93565530.0900,5.991500,-1.870300
2011-12-13,11.7620296000,11.9689187200,11.6087784000,11.8616428800,1561018,96053907.8400,6.244072,0.016200
2011-12-14,11.8214144400,11.9152808000,10.9114854400,10.9383044000,2879322,169556032.8300,11.517288,-7.784200
2011-12-15,10.8214503600,11.2677944800,10.6911868400,10.9210636400,1920000,110501952.7000,7.680000,-0.157600
2011-12-16,11.0819774000,11.9727500000,10.9440513200,11.9420997600,2491774,148243425.2200,9.967096,9.349200
2011-12-19,11.8750523600,12.3175652000,11.6949822000,12.2869149600,2935279,185287066.9500,11.741116,2.887400
2011-12-20,12.1681452800,12.2792524000,12.0110628000,12.0378817600,1570853,99428296.7400,6.283412,-2.026800
2011-12-21,12.1087604400,12.6566334800,12.0704476400,12.2390239600,2597962,167268685.2100,10.391848,1.670900
2011-12-22,12.1202542800,12.6815368000,11.6087784000,12.5436107200,2898503,183770285.5200,11.594012,2.488700
2011-12-23,12.3712031200,12.5436107200,12.0991822400,12.3865282400,1424922,92015914.6900,5.699688,-1.252300
2011-12-26,12.3558780000,12.7907282800,12.0876884000,12.0876884000,1697884,110727178.0800,6.791536,-2.412600
2011-12-27,11.9018713200,12.3558780000,11.6221878800,11.7390419200,1968077,122995905.2100,7.872308,-2.884300
2011-12-28,11.7371262800,12.3520467200,11.5225746000,12.3520467200,2136035,132139856.6900,8.544140,5.221900
2011-12-29,12.2275301200,13.1125558000,12.2275301200,12.8731008000,2990601,198496854.5100,11.962404,4.218400
2011-12-30,12.8922572000,13.2523975200,12.7390060000,13.0761586400,2281875,154425268.4800,9.127500,1.577400
2012-01-04,12.6432240000,12.9305700000,11.9957376800,12.0302192000,3124593,203833521.6500,12.498372,-7.998800
2012-01-05,11.9306059200,12.2945775200,11.7965111200,12.1221699200,2847327,179138493.0500,11.389308,0.764300
2012-01-06,11.9727500000,12.0417130400,11.0532428000,11.8290770000,3229295,193572509.3900,12.917180,-2.417800
2012-01-09,11.5321528000,12.3041557200,11.2179878400,12.2294457600,3280834,201760529.5800,13.123336,3.384600
2012-01-10,12.0685320000,12.5244543200,11.9727500000,12.2600960000,3244909,207935270.8500,12.979636,0.250600
2012-01-11,12.1834704000,12.7926439200,12.1834704000,12.3271434000,2784039,182027218.1800,11.136156,0.546900
2012-01-12,12.2160362800,12.2984088000,11.6509224800,11.8578116000,3056702,190607877.9600,12.226808,-3.807300
2012-01-13,11.7198855200,11.8099206000,10.6720304400,10.6720304400,4045176,233673719.5300,16.180704,-10.000000
2012-01-16,10.3636124000,10.6203081600,10.1318199600,10.1912048000,2148452,116470640.4300,8.593808,-4.505500
2012-01-17,10.2831555200,10.6988494000,10.1069166400,10.5896579200,2248952,122901588.0400,8.995808,3.909800
2012-01-18,10.6107299600,10.6107299600,9.5303090000,9.5303090000,3207660,165240177.6100,12.830640,-10.003600
2012-01-19,9.3904672800,9.8521365200,9.1969876400,9.6356692000,1744153,87178669.4000,6.976612,1.105500
2012-01-20,9.6260910000,9.9134370000,9.5379715600,9.6145971600,1328288,67672965.6600,5.313152,-0.218700
2012-01-30,9.6720663600,10.4325754400,9.6720663600,10.0762664000,2193389,116023991.6700,8.773556,4.801800
2012-01-31,10.0034720800,10.2390958000,9.8751242000,10.1337356000,1157868,60870868.0600,4.631472,0.570300
2012-02-01,10.1279886800,10.4440692800,10.0571100000,10.1107479200,1410623,75726471.5300,5.642492,-0.226800
2012-02-02,10.1720484000,10.2467583600,9.9766531200,10.2256863200,1140766,60233498.4200,4.563064,1.136800
2012-02-03,10.2448427200,10.4287441600,10.1528920000,10.3482872800,1299837,70030234.5900,5.199348,1.199000
2012-02-06,10.3502029200,10.7122588800,10.3080588400,10.5302730800,1609064,88261121.8900,6.436256,1.758600
2012-02-07,10.4977072000,10.4977072000,10.2390958000,10.2831555200,1188405,64123066.6000,4.753620,-2.346700
2012-02-08,10.2410114400,10.4785508000,10.1912048000,10.4613100400,1447440,78433746.5400,5.789760,1.732500
2012-02-09,10.6720304400,11.0685679200,10.6624522400,10.7448247600,2414384,136725820.2800,9.657536,2.710100
2012-02-10,10.6413802000,10.8271972800,10.5187792400,10.6241394400,1583271,88134427.3300,6.333084,-1.123200
2012-02-13,10.6318020000,10.9881110400,10.5934892000,10.9881110400,1800371,102316971.2500,7.201484,3.425900
2012-02-14,10.9727859200,10.9727859200,10.7294996400,10.8578475200,1217338,68908894.8300,4.869352,-1.185500
2012-02-15,10.9172323600,11.0283394800,10.8578475200,10.9383044000,1345600,76888794.9700,5.382400,0.741000
2012-02-16,10.9191480000,10.9861954000,10.7908001200,10.8616788000,1170865,66493509.1600,4.683460,-0.700500
2012-02-17,10.8770039200,10.9440513200,10.5551764000,10.6471271200,1288329,72037807.6600,5.153316,-1.975300
2012-02-20,10.7620655200,11.0455802400,10.6988494000,10.8291129200,1880297,106920118.3000,7.521188,1.709200
2012-02-21,10.7658968000,10.9363887600,10.6605366000,10.9191480000,1054212,59543468.0700,4.216848,0.831400
2012-02-22,10.9229792800,11.4536115600,10.9229792800,11.3789016000,2657767,156442871.9200,10.631068,4.210500
2012-02-23,11.3731546800,11.5877063600,11.1835063200,11.3041916400,1628941,96453167.3800,6.515764,-0.656600
2012-02-24,11.2831196000,11.4670210400,11.1586030000,11.4229613200,1546736,91321399.0200,6.186944,1.050700
2012-02-27,11.4919243600,11.9593405200,11.3808172400,11.6662476000,2248879,137004719.7900,8.995516,2.129800
2012-02-28,11.6643319600,12.1643140000,11.5532248400,12.0014846000,2218487,137948288.0500,8.873948,2.873600
2012-02-29,11.9152808000,11.9727500000,11.6183566000,11.6700788800,1740569,107049194.6500,6.962276,-2.761400
2012-03-01,11.5896220000,11.7581983200,11.4172144000,11.4919243600,1046951,63296264.6700,4.187804,-1.526600
2012-03-02,11.5513092000,11.9459310400,11.5417310000,11.8444021200,1217623,74972884.0100,4.870492,3.067200
2012-03-05,11.8769680000,11.9344372000,11.6585850400,11.7428732000,1126360,69052491.2000,4.505440,-0.857200
2012-03-06,11.6624163200,12.2007111600,11.6298504400,12.0206410000,1982901,123592925.6300,7.931604,2.365400
2012-03-07,11.8673898000,12.1566514400,11.7428732000,11.7447888400,1266118,78918887.1100,5.064472,-2.294800
2012-03-08,11.8003424000,11.9689187200,11.7026447600,11.8003424000,950850,58606760.1100,3.803400,0.473000
2012-03-09,11.8961244000,12.2505178000,11.8405708400,12.2447708800,1399171,88377437.4500,5.596684,3.766200
2012-03-12,12.2409396000,12.4420818000,12.1279168400,12.1643140000,1126476,71959785.0700,4.505904,-0.657100
2012-03-13,12.1662296400,12.4497443600,12.1662296400,12.3750344000,1250755,80636154.9500,5.003020,1.732300
2012-03-14,12.4976353600,12.4976353600,11.3022760000,11.6394286400,2291853,142917875.5700,9.167412,-5.944300
2012-03-15,11.5896220000,11.8348239200,11.3712390400,11.5225746000,1590494,95993152.7600,6.361976,-1.003900
2012-03-16,11.6662476000,11.8214144400,11.4708523200,11.8175831600,1144679,69701555.5800,4.578716,2.560300
2012-03-19,11.8386552000,12.9995330400,11.8003424000,12.9401482000,3087502,203574394.6500,12.350008,9.499100
2012-03-20,12.9305700000,13.1796032000,12.7064401200,12.8041377600,2145609,144280876.1100,8.582436,-1.051100
2012-03-21,12.9842079200,13.1566155200,12.3750344000,12.8865102800,2434442,162699055.6100,9.737768,0.643300
2012-03-22,12.8386192800,13.6604288400,12.7179339600,13.4286364000,2668991,184348431.7000,10.675964,4.206900
2012-03-23,13.3328544000,13.5780563200,12.9382325600,12.9688828000,1952083,134497946.9100,7.808332,-3.423700
2012-03-26,12.8386192800,13.2619757200,12.6451396400,13.1412904000,1225397,83427844.0300,4.901588,1.329400
2012-03-27,13.1968439600,13.6623444800,12.8386192800,13.1412904000,2244737,155749580.4500,8.978948,0.000000
2012-03-28,13.0033643200,13.1776875600,12.7390060000,12.7849813600,1842761,124250538.5500,7.371044,-2.711400
2012-03-29,12.0570381600,12.0570381600,11.5072494800,11.5072494800,2622801,159529054.2500,10.491204,-9.994000
2012-03-30,11.0340864000,11.4536115600,11.0340864000,11.2524693600,1703509,99663261.2200,6.814036,-2.214100
2012-04-05,11.2639632000,11.6470912000,11.2639632000,11.5992002000,1273280,76533681.8300,5.093120,3.081400
2012-04-06,11.5704656000,11.5704656000,11.3616608400,11.5110807600,1377122,82448247.1500,5.508488,-0.759700
2012-04-09,11.4919243600,11.4919243600,11.0340864000,11.0340864000,1422655,83143007.8900,5.690620,-4.143800
2012-04-10,10.9574608000,11.2448068000,10.6088143200,11.2256504000,1719972,97440572.0200,6.879888,1.736100
2012-04-11,11.0110987200,11.2601319200,10.8999916000,11.0973025200,929822,53807125.6000,3.719288,-1.143300
2012-04-12,11.1107120000,11.4459490000,10.9497982400,11.4172144000,1603744,94076054.9400,6.414976,2.882800
2012-04-13,11.4172144000,11.4995869200,11.2582162800,11.2582162800,1688192,100178272.3900,6.752768,-1.392600
2012-04-16,11.1739281200,11.1950001600,11.0532428000,11.0934712400,891395,51717921.9000,3.565580,-1.463300
2012-04-17,11.0973025200,11.4172144000,11.0762304800,11.2601319200,1039925,61133677.0700,4.159700,1.502300
2012-04-18,11.2888665200,11.5225746000,11.2103252800,11.4689366800,1242165,73781469.2600,4.968660,1.854400
2012-04-19,11.4363708000,11.7716078000,11.3712390400,11.5244902400,1268893,76711247.8900,5.075572,0.484400
2012-04-20,11.5244902400,11.5244902400,11.5244902400,11.5244902400,0,0.0000,,0.000000
2012-04-23,11.5244902400,11.8386552000,10.9210636400,10.9248949200,1680800,98847701.4700,6.723200,-5.202800
2012-04-24,10.9114854400,11.1432778800,10.5168636000,10.7429091200,1416848,79693050.6700,5.667392,-1.665800
2012-04-25,10.7275840000,10.8808352000,10.5360200000,10.8042096000,817785,45824694.7000,3.271140,0.570600
2012-04-26,10.7486560400,10.9134010800,10.7045963200,10.7294996400,613909,34606505.1100,2.455636,-0.691500
2012-04-27,10.7429091200,11.2084096400,10.7275840000,11.0896399600,953797,54878435.8700,3.815188,3.356500
2012-05-02,11.2831196000,11.3942267200,11.0149300000,11.3463357200,976583,57256628.3700,3.906332,2.314700
2012-05-03,11.3463357200,11.6509224800,11.2831196000,11.5244902400,826027,49709639.5600,3.304108,1.570200
2012-05-04,11.6834883600,12.6777055200,11.6834883600,12.6777055200,4099200,265425701.6500,16.396800,10.006600
2012-05-07,12.8328723600,13.9190402400,12.8328723600,13.4018174400,4205253,292095777.2900,16.821012,5.711700
2012-05-08,13.5186714800,13.7926080000,13.1566155200,13.6393568000,2696295,189981652.9800,10.785180,1.772400
2012-05-09,13.5033463600,14.5875986000,13.2236629200,14.5397076000,3901318,285316847.2500,15.605272,6.601100
2012-05-10,14.3749625600,14.8462100000,14.1776516400,14.6508147200,3409532,257758105.6600,13.638128,0.764200
2012-05-11,14.3817978400,14.3817978400,13.1861614400,13.1861614400,7119888,225939845.9600,12.945251,-9.997100
2012-05-14,12.6737458400,13.1391900100,12.2125718000,12.5029406400,8197351,241566066.7100,14.904275,-5.181300
2012-05-15,12.2937042700,12.6780159700,12.2467328400,12.3876471300,4119207,120122088.6600,7.489467,-0.922100
2012-05-16,12.4346185600,12.5627224600,11.9051224400,11.9777146500,5514431,156860932.8800,10.026238,-3.309200
2012-05-17,11.9691743900,12.0801977700,11.6147536000,11.8923120500,5050253,139992667.4900,9.182278,-0.713000
2012-05-18,11.7855588000,12.2211120600,11.7129665900,11.9520938700,5361894,150725784.6900,9.748898,0.502700
2012-05-21,11.9136627000,11.9819847800,11.6190237300,11.8325302300,2741456,75673144.4100,4.984465,-1.000400
2012-05-22,11.9350133500,12.2083016700,11.8923120500,11.9947951700,3201672,90457022.4800,5.821222,1.371300
2012-05-23,11.9563640000,11.9563640000,11.3628159300,11.4183276200,5080324,138271580.4300,9.236953,-4.806000
2012-05-24,11.4567587900,11.7215068500,11.2389821600,11.4866497000,3597793,96499620.1900,6.541442,0.598400
2012-05-25,11.5378912600,11.5421613900,11.2432522900,11.3243847600,2552774,67783019.7300,4.641407,-1.412600
2012-05-28,11.2304419000,11.3457354100,10.8504003300,11.2731432000,3544970,91846653.2000,6.445400,-0.452500
2012-05-29,11.2560626800,11.4951899600,11.1108782600,11.4055172300,4567095,121037990.1300,8.303809,1.174200
2012-05-30,11.3927068400,11.5592419100,11.2133613800,11.3542756700,3929864,104757712.9800,7.145207,-0.449300
2012-05-31,11.2432522900,11.6617250300,11.1877406000,11.6531847700,4560428,122437188.3200,8.291687,2.632600
2012-06-01,11.6147536000,12.3748367400,11.6019432100,12.1271692000,7109433,201359935.4900,12.926242,4.067400
2012-06-04,11.9136627000,12.0631172500,11.3158445000,11.3884367100,4667398,128337750.3200,8.486178,-6.091500
2012-06-05,11.4439484000,11.5122704800,11.1151483900,11.2646029400,2526620,66545973.1500,4.593855,-1.087400
2012-06-06,11.3756263200,11.4994600900,11.2646029400,11.3158445000,1799805,47818179.7900,3.272373,0.454900
2012-06-07,11.4652990500,11.6531847700,11.1706600800,11.2560626800,1889687,50379198.1600,3.435795,-0.528300
2012-06-08,11.4012471000,11.4781094400,11.1194185200,11.2731432000,1670163,44170956.8000,3.036660,0.151700
2012-06-11,11.2902237200,11.8581510100,11.2133613800,11.7684782800,2715062,73908521.4200,4.936476,4.393900
2012-06-12,11.6147536000,11.7385873700,11.4695691800,11.5720523000,2215349,60167431.6400,4.027907,-1.669100
2012-06-13,11.6318341200,11.9435536100,11.5763224300,11.8752315300,2736604,75731034.8000,4.975644,2.619900
2012-06-14,11.8282601000,12.0588471200,11.6062133400,11.6062133400,2900333,80303033.3300,5.273333,-2.265400
2012-06-15,11.6702652900,11.7172367200,11.2816834600,11.4268678800,2545352,68430082.0600,4.627913,-1.545300
2012-06-18,11.5635120400,11.8239899700,11.5250808700,11.6745354200,2283289,62621192.6800,4.151435,2.167400
2012-06-19,11.6531847700,11.9520938700,11.5805925600,11.8368003600,2657003,73171633.7000,4.830915,1.389900
2012-06-20,11.8410704900,12.2766237500,11.7513977600,12.0844679000,3810373,107879968.8700,6.927951,2.092400
2012-06-21,12.0417666000,12.3620263500,11.8325302300,12.3321354400,4934265,140434260.7800,8.971391,2.049500
2012-06-25,12.2979744000,12.2979744000,11.6574549000,11.6574549000,3370337,94549091.8300,6.127885,-5.470900
2012-06-26,11.4695691800,11.6361042500,11.1663899500,11.4354081400,2336082,62229834.7700,4.247422,-1.904800
2012-06-27,11.3798964500,11.6617250300,11.3798964500,11.4012471000,1819923,49072509.2300,3.308951,-0.298700
2012-06-28,11.4652990500,11.5293510000,11.0596367000,11.0809873500,2531751,66631832.0400,4.603184,-2.809000
2012-06-29,10.9528834500,11.2731432000,10.8674808500,11.2133613800,1727794,44817458.7700,3.141444,1.194600
2012-07-02,11.3414652800,11.6147536000,11.3371951500,11.5122704800,1958686,52850078.5800,3.561247,2.665700
2012-07-03,11.5250808700,11.8069094500,11.5122704800,11.5891328200,2436546,66493825.4800,4.430084,0.667700
2012-07-04,11.5677821700,11.8069094500,11.5507016500,11.7428575000,2300425,63119407.6900,4.182591,1.326500
2012-07-05,11.7343172400,11.7343172400,11.4524886600,11.5891328200,1956798,52934623.5900,3.557815,-1.309100
2012-07-06,11.8368003600,12.1271692000,11.7001562000,12.0161458200,3819509,106700579.6700,6.944562,3.684600
2012-07-09,11.9051224400,11.9264730900,11.6574549000,11.6574549000,2395374,66150861.3100,4.355225,-2.985100
2012-07-10,11.5464315200,11.6745354200,11.2517925500,11.2944938500,2009165,53629988.4700,3.653027,-3.113600
2012-07-11,11.2517925500,11.5122704800,11.2517925500,11.4439484000,1010007,26987178.5000,1.836376,1.323300
2012-07-12,11.4866497000,11.9093925700,11.3414652800,11.8026393200,2220984,60623141.4800,4.038153,3.134300
2012-07-13,11.7812886700,11.9777146500,11.6788055500,11.7940990600,2153385,59686745.8900,3.915245,-0.072400
2012-07-16,11.7642081500,11.7940990600,11.1663899500,11.1663899500,2399482,63971897.9000,4.362695,-5.322200
2012-07-17,11.1621198200,11.4994600900,11.1621198200,11.3798964500,1305166,34620694.7400,2.373029,1.912000
2012-07-18,11.3243847600,11.3713561900,11.1450393000,11.3670860600,1270889,33523511.3300,2.310707,-0.112600
2012-07-19,11.3670860600,11.6531847700,11.2859535900,11.4695691800,1563371,42168783.2300,2.842493,0.901600
2012-07-20,11.4140574900,11.6574549000,11.4012471000,11.5848626900,1216662,32937829.6000,2.212113,1.005200
2012-07-23,11.4866497000,11.7343172400,11.3201146300,11.5934029500,1168107,31544719.6900,2.123831,0.073700
2012-07-24,11.3756263200,11.4866497000,11.2432522900,11.3329250200,1831472,48661697.5100,3.329949,-2.246800
2012-07-25,11.2603328100,11.4012471000,11.1578496900,11.1792003400,1254464,33102908.1600,2.280844,-1.356400
2012-07-26,11.1066081300,11.2304419000,10.9742341000,10.9742341000,1601398,41623788.4700,2.911633,-1.833500
2012-07-27,11.0382860500,11.1023380000,10.9315328000,10.9443431900,1044407,26860554.9400,1.898922,-0.272400
2012-07-30,10.9400730600,11.0297457900,10.5045198000,10.5344107100,1295439,32587435.9500,2.355344,-3.745600
2012-07-31,10.5173301900,10.6625146100,9.9579431600,9.9707535500,1627365,38743408.5000,2.958845,-5.350600
2012-08-01,9.8640003000,10.2013405700,9.8554600400,10.0091847200,1550416,36464094.4900,2.818938,0.385400
2012-08-02,9.9323223800,10.1116678400,9.6291431500,9.6846548400,1364336,31512497.5400,2.480611,-3.242300
2012-08-03,9.7657873100,9.9878340700,9.6077925000,9.9878340700,1456691,33552031.2900,2.648529,3.130500
2012-08-06,9.9237821200,10.3764159000,9.9067016000,10.3294444700,1664728,39758750.8500,3.026778,3.420300
2012-08-07,10.4020366800,10.8290496800,10.3337146000,10.5643016200,2125316,52646665.1600,3.864211,2.273700
2012-08-08,10.5771120100,10.6539743500,10.2568522600,10.3422548600,1365399,33230235.9200,2.482544,-2.101900
2012-08-09,10.3593353800,10.5813821400,10.3465249900,10.5045198000,1603761,39376832.1700,2.915929,1.569000
2012-08-10,10.5472211000,10.6240834400,10.3977665500,10.4788990200,1178921,28988744.8600,2.143493,-0.243900
2012-08-13,10.4532782400,10.4532782400,10.0476158900,10.0561561500,1673242,39962140.6400,3.042258,-4.034200
2012-08-14,10.0219951100,10.1543691400,9.6931951000,10.1202081000,1976931,45654397.6200,3.594420,0.636900
2012-08-15,9.9963743300,10.0903171900,9.7828678300,9.7999483500,1110869,25807446.5400,2.019762,-3.164600
2012-08-16,9.7358964000,9.8725405600,9.7358964000,9.7572470500,830688,19050821.9700,1.510342,-0.435700
2012-08-17,9.7615171800,9.8511899100,9.6974652300,9.7956782200,708618,16203713.1000,1.288396,0.393900
2012-08-20,9.6931951000,9.7785977000,9.5266600300,9.6846548400,1101509,24775970.7100,2.002744,-1.133400
2012-08-21,9.6846548400,10.0134548500,9.6718444500,9.9536730300,1753090,40754576.2400,3.187436,2.777800
2012-08-22,9.9622132900,10.1500990100,9.8341093900,10.0219951100,1992218,46770712.6000,3.622215,0.686400
2012-08-23,9.9579431600,10.5002496700,9.9579431600,10.4618185000,2837762,68322242.7300,5.159567,4.388600
2012-08-24,10.3892262900,10.5301405800,10.1714496600,10.2226912200,2235706,54283152.3600,4.064920,-2.285700
2012-08-27,10.1244782300,10.1244782300,9.7828678300,9.8682704300,1451022,33627613.6100,2.638222,-3.467000
2012-08-28,9.8255691300,10.0348055000,9.7487067900,9.9323223800,869443,20124779.0000,1.580805,0.649100
2012-08-29,9.9067016000,10.0091847200,9.7444366600,9.9024314700,1206698,27871435.1100,2.193996,-0.300900
2012-08-30,9.8768106900,10.3209042100,9.8298392600,10.0262652400,2750297,65025147.2100,5.000540,1.250535
2012-08-31,9.9921042000,9.9921042000,9.7273561400,9.7914080900,1313616,30200378.2100,2.388393,-2.342400
2012-09-03,9.7230860100,9.9835639400,9.7060054900,9.9707535500,1258434,29095107.5000,2.288062,1.831700
2012-09-04,9.9750236800,10.2056107000,9.9067016000,10.1287483600,2306044,54506698.5000,4.192807,1.584600
2012-09-05,10.0305353700,10.3892262900,9.9878340700,10.3123639500,2096681,50406718.6200,3.812147,1.812800
2012-09-06,10.3123639500,10.4361977200,10.1244782300,10.3123639500,1932659,46495306.5100,3.513925,0.000000
2012-09-07,10.3764159000,10.7052159100,10.3166340800,10.5386808400,2957583,72975732.6000,5.377424,2.194600
2012-09-10,10.4917094100,10.6667847400,10.4660886300,10.5386808400,1740746,43024024.1800,3.164993,0.000000
2012-09-11,10.4874392800,10.4874392800,10.2952834300,10.3849561600,1676898,40692660.1200,3.048905,-1.458700
2012-09-12,10.4575483700,10.5173301900,10.2568522600,10.3934964200,1224124,29705565.8000,2.225680,0.082200
2012-09-13,10.3764159000,10.4959795400,10.2483120000,10.2483120000,1191705,28937740.6900,2.166736,-1.396900
2012-09-14,10.3678756400,10.3721457700,9.9963743300,10.1031275800,1259924,29950416.2200,2.290771,-1.416700
2012-09-17,10.1159379700,10.1202081000,9.7273561400,9.7273561400,1280176,29633390.8700,2.327593,-3.719400
2012-09-18,9.6931951000,9.8469197800,9.6718444500,9.7785977000,653536,14958858.2000,1.188247,0.526800
2012-09-19,9.8212990000,9.9067016000,9.7273561400,9.8298392600,897687,20622129.6500,1.632158,0.524000
2012-09-20,9.8298392600,9.9024314700,9.2533717100,9.2576418400,1612640,35967450.2400,2.932073,-5.821000
2012-09-21,9.1893197600,9.2875327500,8.7067950700,8.8434392300,1672265,35504119.7600,3.040482,-4.474200
2012-09-24,8.7964678000,8.9459223500,8.6342028600,8.8647898800,651202,13472138.6000,1.184004,0.241400
2012-09-25,8.9373820900,9.3515847000,8.9373820900,9.0313249500,1323779,28342770.8300,2.406871,1.878600
2012-09-26,8.8989509200,8.9843535200,8.6683639000,8.6939846800,800640,16488436.9600,1.455709,-3.735200
2012-09-27,8.6470132500,9.0014340400,8.6470132500,8.8818704000,989514,20577424.8200,1.799116,2.161100
2012-09-28,8.8391691000,9.1167275500,8.8007379300,9.1167275500,910358,19222241.1300,1.655196,2.644200
2012-10-08,9.1807795000,9.1807795000,9.0484054700,9.0868366400,559385,11902547.4100,1.017064,-0.327900
2012-10-09,9.1466184600,9.3772054800,9.1167275500,9.3302340500,1049154,22860711.1500,1.907553,2.678600
2012-10-10,9.3515847000,9.3814756100,9.2234808000,9.3643950900,954309,20820903.7100,1.735107,0.366100
2012-10-11,9.3088834000,9.3387743100,9.0953769000,9.0953769000,899996,19424095.1800,1.636356,-2.872800
2012-10-12,9.1039171600,9.3003431400,8.9544626100,9.0697561200,771875,16471139.9400,1.403409,-0.281700
2012-10-15,8.9971639100,9.1594288500,8.8007379300,8.8904106600,683443,14328524.9900,1.242624,-1.977400
2012-10-16,8.9758132600,9.0398652100,8.8690600100,8.9245717000,518253,10889769.3900,0.942278,0.384200
2012-10-17,9.0355950800,9.0654859900,8.8861405300,8.9459223500,631959,13273847.4900,1.149016,0.239200
2012-10-18,8.9501924800,9.2533717100,8.9501924800,9.2192106700,1130542,24262450.1400,2.055531,3.054900
2012-10-19,9.2533717100,9.2704522300,9.1551587200,9.2106704100,614654,13257156.9400,1.117553,-0.092638
2012-10-22,9.1679691100,9.5309301600,9.1679691100,9.4156366500,1804691,39874839.0900,3.281256,2.225300
2012-10-23,9.4839587300,9.4839587300,9.2234808000,9.2277509300,1333626,29058340.7000,2.424775,-1.995500
2012-10-24,9.1594288500,9.2619119700,9.0953769000,9.1551587200,590063,12661382.4300,1.072842,-0.786700
2012-10-25,9.1209976800,9.2747223600,9.0099743000,9.0227846900,674704,14451779.3000,1.226735,-1.445900
2012-10-26,9.0868366400,9.0868366400,8.7708470200,8.7751171500,913511,18927450.6000,1.660929,-2.744900
2012-10-29,8.7708470200,8.8647898800,8.5231794800,8.5658807800,1103155,22422405.7900,2.005736,-2.384400
2012-10-30,8.5872314300,8.6640937700,8.4804781800,8.5018288300,1201383,24072317.0300,2.184333,-0.747800
2012-10-31,8.5317197400,8.5829613000,8.4505872700,8.5829613000,823141,16423727.7800,1.496620,0.954300
2012-11-01,8.5786911700,8.7281457200,8.5402600000,8.7025249400,1084324,21998466.7600,1.971498,1.393000
2012-11-02,8.7281457200,8.7921976700,8.5402600000,8.6470132500,657048,13333341.5700,1.194633,-0.637900
2012-11-05,8.6640937700,8.6683639000,8.4762080500,8.5402600000,752805,15059889.4500,1.368736,-1.234600
2012-11-06,8.5658807800,8.5658807800,8.4121561000,8.5189093500,716171,14190555.6600,1.302129,-0.250000
2012-11-07,8.5616106500,8.6555535100,8.4249664900,8.6512833800,725778,14545278.4000,1.319596,1.553900
2012-11-08,8.5616106500,8.5915015600,8.3993457100,8.3993457100,917316,18292041.3900,1.667847,-2.912100
2012-11-09,8.3395638900,8.4335067500,8.1602184300,8.1943794700,911276,17615387.7400,1.656865,-2.440300
2012-11-12,8.1986496000,8.3054028500,8.1772989500,8.2071898600,658851,12709801.1900,1.197911,0.156300
2012-11-13,8.2627015500,8.2627015500,7.9296314100,7.9552521900,960417,18127348.7100,1.746213,-3.069700
2012-11-14,7.9552521900,7.9851431000,7.8655794600,7.9424418000,570466,10588056.7600,1.037211,-0.161000
2012-11-15,7.8997405000,7.9808729700,7.8356885500,7.8442288100,603257,11165674.3600,1.096831,-1.236600
2012-11-16,7.7716366000,7.8399586800,7.7545560800,7.7972573800,471680,8609211.0100,0.857600,-0.598800
2012-11-19,7.8356885500,7.8484989400,7.7630963400,7.8484989400,611166,11171823.3500,1.111211,0.657200
2012-11-20,7.8954703700,8.0876262200,7.8954703700,7.9723327100,1068338,20008783.3700,1.942433,1.577800
2012-11-21,7.9851431000,8.1474080400,7.9168210200,8.1260573900,979843,18490910.1700,1.781533,1.928200
2012-11-22,8.1132470000,8.1345976500,8.0235742700,8.0748158300,639551,12101739.3100,1.162820,-0.630600
2012-11-23,7.9894132300,8.1815690800,7.9894132300,8.1431379100,624756,11913336.1400,1.135920,0.846100
2012-11-26,8.1431379100,8.1431379100,8.1431379100,8.1431379100,0,0.0000,,0.000000
2012-11-27,8.1431379100,8.1431379100,8.1431379100,8.1431379100,0,0.0000,,0.000000
2012-11-28,8.1431379100,8.1431379100,8.1431379100,8.1431379100,0,0.0000,,0.000000
2012-11-29,8.1431379100,8.1431379100,8.1431379100,8.1431379100,0,0.0000,,0.000000
2012-11-30,8.1431379100,8.1431379100,8.1431379100,8.1431379100,0,0.0000,,0.000000
2012-12-03,8.1431379100,8.1431379100,8.1431379100,8.1431379100,0,0.0000,,0.000000
2012-12-04,8.1431379100,8.1431379100,8.1431379100,8.1431379100,0,0.0000,,0.000000
2012-12-05,8.1431379100,8.1431379100,8.1431379100,8.1431379100,0,0.0000,,0.000000
2012-12-06,8.1431379100,8.1431379100,8.1431379100,8.1431379100,0,0.0000,,0.000000
2012-12-07,8.1431379100,8.1431379100,8.1431379100,8.1431379100,0,0.0000,,0.000000
2012-12-10,8.1431379100,8.1431379100,8.1431379100,8.1431379100,0,0.0000,,0.000000
2012-12-11,8.1431379100,8.1431379100,8.1431379100,8.1431379100,0,0.0000,,0.000000
2012-12-12,8.1431379100,8.1431379100,8.1431379100,8.1431379100,0,0.0000,,0.000000
2012-12-13,8.1431379100,8.1431379100,8.1431379100,8.1431379100,0,0.0000,,0.000000
2012-12-14,8.1431379100,8.1431379100,8.1431379100,8.1431379100,0,0.0000,,0.000000
2012-12-17,8.1431379100,8.1431379100,8.1431379100,8.1431379100,0,0.0000,,0.000000
2012-12-18,8.1431379100,8.1431379100,8.1431379100,8.1431379100,0,0.0000,,0.000000
2012-12-19,8.1431379100,8.1431379100,8.1431379100,8.1431379100,0,0.0000,,0.000000
2012-12-20,8.1431379100,8.1431379100,8.1431379100,8.1431379100,0,0.0000,,0.000000
2012-12-21,8.1431379100,8.1431379100,8.1431379100,8.1431379100,0,0.0000,,0.000000
2012-12-24,8.1431379100,8.1431379100,8.1431379100,8.1431379100,0,0.0000,,0.000000
2012-12-25,8.1431379100,8.1431379100,8.1431379100,8.1431379100,0,0.0000,,0.000000
2012-12-26,8.1431379100,8.1431379100,8.1431379100,8.1431379100,0,0.0000,,0.000000
2012-12-27,8.1431379100,8.1431379100,8.1431379100,8.1431379100,0,0.0000,,0.000000
2012-12-28,8.1431379100,8.1431379100,8.1431379100,8.1431379100,0,0.0000,,0.000000
2012-12-31,8.1431379100,8.1431379100,8.1431379100,8.1431379100,0,0.0000,,0.000000
2013-01-04,8.1431379100,8.1431379100,8.1431379100,8.1431379100,0,0.0000,,0.000000
2013-01-07,8.1431379100,8.1431379100,8.1431379100,8.1431379100,0,0.0000,,0.000000
2013-01-08,8.1431379100,8.1431379100,8.1431379100,8.1431379100,0,0.0000,,0.000000
2013-01-09,8.9587327400,8.9587327400,8.9587327400,8.9587327400,81406,1707897.8800,0.148011,10.015700
2013-01-10,9.8554600400,9.8554600400,9.8554600400,9.8554600400,746457,17228227.5600,1.357195,10.009500
2013-01-11,10.8375899400,10.8375899400,10.2696626500,10.6198133100,13308062,328898374.1100,24.196476,7.755600
2013-01-14,10.4191172000,11.2219016400,10.3379847300,10.9059120200,9457050,242709506.7600,17.194636,2.694000
2013-01-15,10.7607276000,11.2090912500,10.5728418800,10.8760211100,6546348,165812517.8500,11.902451,-0.274100
2013-01-16,10.7948886400,10.8034289000,10.4191172000,10.6027327900,4145407,103150022.0700,7.537104,-2.512800
2013-01-17,10.5258704500,10.5643016200,10.3507951200,10.3764159000,2451031,59943233.8700,4.456420,-2.134500
2013-01-18,10.4233873300,10.6070029200,10.3892262900,10.4746288900,1791782,44023090.6700,3.257785,0.946500
2013-01-21,10.5472211000,10.7906185100,10.4191172000,10.6326237000,2217306,55173424.6600,4.031465,1.508400
2013-01-22,10.6539743500,10.7863483800,10.1885301800,10.2910133000,2743140,67425214.0400,4.987527,-3.212900
2013-01-23,10.2056107000,10.2483120000,9.8426496500,10.0305353700,2775032,64982785.0400,5.045513,-2.531100
2013-01-24,10.0561561500,10.2910133000,9.4711483400,9.7785977000,2771578,64575485.8800,5.039233,-2.511700
2013-01-25,9.7572470500,9.9195119900,9.6504938000,9.7828678300,1240688,28488385.2800,2.255796,0.043700
2013-01-28,9.8597301700,10.1928003100,9.8511899100,10.1159379700,1737044,40973575.0300,3.158262,3.404600
2013-01-29,10.1629094000,10.3080938200,10.1116678400,10.1330184900,1633831,39034052.1600,2.970602,0.168800
2013-01-30,10.1885301800,10.3080938200,9.9792938100,10.2184210900,1709173,40485220.9800,3.107587,0.842800
2013-01-31,10.4404678500,10.7479172100,10.3337146000,10.6368938300,4387401,108675316.4400,7.977093,4.095300
2013-02-01,10.6539743500,10.7991587700,10.4618185000,10.5344107100,2060092,51134962.0100,3.745622,-0.963500
2013-02-04,10.5429509700,10.5600314900,10.0604262800,10.1116678400,2059093,49308142.9300,3.743805,-4.013000
2013-02-05,10.0775068000,10.3209042100,9.9835639400,10.2782029100,1120451,26688825.6000,2.037184,1.647000
2013-02-06,10.2568522600,10.5771120100,10.2483120000,10.4020366800,1172826,28680944.6900,2.132411,1.204800
2013-02-07,10.3678756400,10.4447379800,10.2141509600,10.3379847300,1189935,28696700.5400,2.163518,-0.615800
2013-02-08,10.3166340800,10.5813821400,10.3038236900,10.3849561600,1240670,30428380.1400,2.255764,0.454400
2013-02-18,10.5173301900,10.7778081200,10.5173301900,10.6966756500,2654189,66563561.7200,4.825798,3.001600
2013-02-19,10.7052159100,11.0169354000,10.6667847400,10.6753250000,2790659,70839869.6300,5.073925,-0.199600
2013-02-20,10.6112730500,10.8845613700,10.5514912300,10.8461302000,2301810,57818256.7800,4.185109,1.600000
2013-02-21,10.7948886400,10.8034289000,10.4831691500,10.5301405800,1997005,49681772.9600,3.630918,-2.913400
2013-02-22,10.5429509700,10.6027327900,10.4105769400,10.4233873300,1175978,28857498.6600,2.138142,-1.013800
2013-02-25,10.5130600600,10.5813821400,10.4020366800,10.5045198000,1021902,25099526.4600,1.858004,0.778400
2013-02-26,10.4575483700,10.7137561700,10.4276574600,10.5130600600,1790888,44447717.1700,3.256160,0.081300
2013-02-27,10.5728418800,10.7009457800,10.4319275900,10.6411639600,1437112,35586825.7800,2.612931,1.218500
2013-02-28,10.7820782500,11.1877406000,10.7820782500,10.8845613700,3880565,99890276.4500,7.055573,2.287300
2013-03-01,10.9699639700,11.6446445100,10.9358029300,11.5336211300,6365446,169490446.6800,11.573538,5.963100
2013-03-04,11.4439484000,11.4695691800,10.9827743600,11.1108782600,3889075,102274844.4500,7.071045,-3.665300
2013-03-05,11.1108782600,11.4695691800,10.9870444900,11.4183276200,2482187,65434934.5100,4.513067,2.767100
2013-03-06,11.3841665800,11.8923120500,11.2774133300,11.7898289300,4024558,110238318.4600,7.317378,3.253600
2013-03-07,11.7940990600,11.8538808800,11.1023380000,11.2048211200,3388694,91005355.1200,6.161262,-4.962000
2013-03-08,11.2987639800,11.3457354100,10.8888315000,10.8931016300,2107363,54741003.1100,3.831569,-2.782000
2013-03-11,10.9571535800,11.0980678700,10.8119691600,10.9656938400,1052530,26986080.7900,1.913691,0.666400
2013-03-12,10.9870444900,11.0596367000,10.2952834300,10.4361977200,2170785,53810529.8700,3.946882,-4.828700
2013-03-13,10.3849561600,10.4063068100,10.0561561500,10.2312314800,1837623,43837637.8000,3.341133,-1.964000
2013-03-14,10.2397717400,10.4191172000,10.1629094000,10.3166340800,1212826,29323107.9500,2.205138,0.834700
2013-03-15,10.3678756400,10.5899224000,10.1629094000,10.3294444700,1400440,34082349.0100,2.546255,0.124200
2013-03-18,10.2995535600,10.3721457700,10.1372886200,10.2483120000,1117837,26824542.0000,2.032431,-0.785400
2013-03-19,10.2440418700,10.3764159000,9.9152418600,10.3465249900,1275399,30313072.0000,2.318907,0.958300
2013-03-20,10.3465249900,10.6240834400,10.2611223900,10.5899224000,1513481,37214576.0000,2.751784,2.352500
2013-03-21,10.6027327900,10.7863483800,10.5130600600,10.6710548700,1835072,45719920.0000,3.336495,0.766100
2013-03-22,10.5856522700,10.7052159100,10.4874392800,10.5472211000,1345674,33318686.0000,2.446680,-1.160500
2013-03-25,10.5984626600,10.6112730500,10.3977665500,10.4618185000,1014931,24916082.0000,1.845329,-0.809700
2013-03-26,10.4618185000,10.4618185000,10.1629094000,10.2226912200,1362589,32699510.0000,2.477435,-2.285700
2013-03-27,10.1970704400,10.4917094100,10.1970704400,10.3764159000,901756,21872900.0000,1.639556,1.503800
2013-03-28,10.2782029100,10.2782029100,9.9921042000,9.9963743300,1118977,26461162.0000,2.034504,-3.662500
2013-03-29,9.9921042000,10.0945873200,9.8469197800,9.8640003000,1031812,24008400.0000,1.876022,-1.324200
2013-04-01,9.8255691300,10.0348055000,9.8255691300,9.9579431600,827427,19210308.0000,1.504413,0.952400
2013-04-02,9.9921042000,10.2056107000,9.8255691300,9.8768106900,1139018,26795886.0000,2.070942,-0.814800
2013-04-03,9.9109717300,10.0006444600,9.4839587300,9.5565509400,1305365,29576728.0000,2.373391,-3.242500
2013-04-08,9.3942860000,9.6504938000,9.2362911900,9.5949821100,975518,21522580.0000,1.773669,0.402100
2013-04-09,9.6077925000,10.0561561500,9.5437405500,9.9921042000,1214802,27958556.0000,2.208731,4.138900
2013-04-10,9.9494029000,9.9921042000,9.7358964000,9.8383795200,835252,19260456.0000,1.518640,-1.538500
2013-04-11,9.9792938100,9.9792938100,9.6974652300,9.7401665300,478962,11047744.0000,0.870840,-0.998300
2013-04-12,9.7401665300,9.8511899100,9.6504938000,9.7572470500,392087,8939523.0000,0.712885,0.175366
2013-04-15,9.6718444500,9.7572470500,9.4412574300,9.5053093800,668342,14917206.0000,1.215167,-2.582100
2013-04-16,9.4711483400,9.6504938000,9.2661821000,9.6419535400,438786,9805325.0000,0.797793,1.437555
2013-04-17,9.6419535400,9.8298392600,9.6376834100,9.7999483500,593373,13569801.0000,1.078860,1.638600
2013-04-18,9.7785977000,9.9408626400,9.7230860100,9.7914080900,895066,20552388.0000,1.627393,-0.087100
2013-04-19,9.6931951000,9.9921042000,9.6163327600,9.9237821200,2109522,48547684.0000,3.835495,1.351938
2013-04-22,9.8981613400,10.0689665400,9.7785977000,10.0689665400,1591358,36926168.0000,2.893378,1.463000
2013-04-23,9.9835639400,10.0775068000,9.7188158800,9.7700574400,1483470,34186104.0000,2.697218,-2.968600
2013-04-24,9.7700574400,10.0262652400,9.6846548400,9.9664834200,1394249,32314694.0000,2.534998,2.010500
2013-04-25,9.9237821200,10.0262652400,9.6931951000,9.6931951000,1474057,34018296.0000,2.680104,-2.742100
2013-04-26,9.6504938000,9.7358964000,9.3302340500,9.3302340500,1297530,28772768.0000,2.359145,-3.744495
2013-05-02,9.3515847000,9.4796886000,9.3131535300,9.4754184700,699797,15416266.0000,1.272358,1.556100
2013-05-03,9.5437405500,9.6718444500,9.4882288600,9.6120626300,921757,20760656.0000,1.675922,1.442090
2013-05-06,9.6120626300,9.9408626400,9.6077925000,9.9365925100,1592181,36834592.0000,2.894875,3.376300
2013-05-07,9.9408626400,10.1543691400,9.8896210800,9.9750236800,1527565,35835872.0000,2.777391,0.386800
2013-05-08,9.9921042000,10.1842600500,9.9664834200,10.1543691400,1907973,45036400.0000,3.469042,1.797900
2013-05-09,10.2056107000,10.4404678500,10.0775068000,10.4148470700,2594113,62268848.0000,4.716569,2.565200
2013-05-10,10.4276574600,10.5813821400,10.3294444700,10.5173301900,2704195,66370512.0000,4.916718,0.984000
2013-05-13,10.5301405800,10.6112730500,10.3593353800,10.5984626600,1945565,47816584.0000,3.537391,0.771400
2013-05-14,10.5899224000,10.5899224000,10.1629094000,10.1928003100,1924872,46470600.0000,3.499767,-3.827600
2013-05-15,10.1671795300,11.2133613800,10.1671795300,11.1151483900,4667267,117788880.0000,8.485940,9.049000
2013-05-16,11.1407691700,11.4482185300,10.8034289000,10.8888315000,5568220,144766016.0000,10.124036,-2.036100
2013-05-17,10.8888315000,11.2517925500,10.7180263000,11.0254756600,3291975,85127096.0000,5.985409,1.254900
2013-05-20,11.2005509900,11.5293510000,11.1663899500,11.3414652800,3045959,81026208.0000,5.538107,2.866000
2013-05-21,11.3329250200,11.6489146400,11.2347120300,11.4781094400,2853121,76981216.0000,5.187493,1.204818
2013-05-22,11.4354081400,11.4439484000,10.9785042300,10.9998548800,3335183,87116136.0000,6.063969,-4.166700
2013-05-23,10.9955847500,11.3713561900,10.9571535800,11.0895276100,2216795,57922948.0000,4.030536,0.815200
2013-05-24,11.1108782600,11.4311380100,11.1108782600,11.3884367100,2258714,59699776.0000,4.106753,2.695400
2013-05-27,11.3841665800,11.6958860700,11.3286548900,11.4439484000,2545594,68276536.0000,4.628353,0.487400
2013-05-28,11.4439484000,11.5165406100,10.8931016300,11.0425561800,2906770,75921600.0000,5.285036,-3.507500
2013-05-29,11.0382860500,11.0980678700,10.7436470800,10.9614237100,2665294,68234400.0000,4.845989,-0.734700
2013-05-30,11.0180488000,11.6146783200,10.9701442400,11.4578997600,3280196,84908464.0000,5.963993,4.529200
2013-05-31,11.6756477600,12.6032542400,11.5667737600,12.6032542400,10055232,286977280.0000,18.282240,9.996203
2013-06-03,12.5422848000,12.6729336000,12.1067888000,12.3811512800,5024130,143145168.0000,9.134782,-1.762300
2013-06-04,12.1634032800,12.3158268800,11.2096670400,11.3577356800,5834327,156724320.0000,10.607867,-8.265900
2013-06-05,11.3882204000,11.6495180000,11.3228960000,11.4056402400,2854559,75239872.0000,5.190107,0.421800
2013-06-06,11.4056402400,11.9282354400,11.3446708000,11.6103233600,3238255,87077840.0000,5.887736,1.794600
2013-06-07,11.6320981600,11.7104874400,11.0964380800,11.2140220000,3206376,83322704.0000,5.829775,-3.413400
2013-06-13,10.9309496000,11.1922472000,10.5477131200,11.0572434400,2176820,54506976.0000,3.957855,-1.398100
2013-06-14,11.1486976000,11.5841936000,11.0615984000,11.4535448000,2872386,75254720.0000,5.222520,3.584100
2013-06-17,11.3620906400,11.8237164000,11.2445067200,11.6059684000,3084998,81797544.0000,5.609087,1.330800
2013-06-18,11.5841936000,11.6408080800,11.1399876800,11.3577356800,2249396,58576668.0000,4.089811,-2.138800
2013-06-19,11.2270868800,11.3969303200,10.9744992000,11.2749914400,1783482,45706944.0000,3.242695,-0.728500
2013-06-20,11.2357968000,11.9456552800,11.1486976000,11.3969303200,5189412,138857120.0000,9.435295,1.081500
2013-06-21,10.8874000000,12.3201818400,10.8003008000,12.1024338400,4920968,133110160.0000,8.947215,6.190300
2013-06-24,12.0632392000,12.3506665600,11.5754836800,11.9151705600,4961574,136006880.0000,9.021044,-1.547300
2013-06-25,11.5841936000,12.1329185600,10.7567512000,12.0675941600,5184234,137837408.0000,9.425880,1.279200
2013-06-26,11.9195255200,12.8906816000,11.8890408000,12.7948724800,6886405,199350640.0000,12.520736,6.026700
2013-06-27,12.8035824000,13.0518151200,12.3158268800,12.3942161600,5577693,161734064.0000,10.141260,-3.131400
2013-06-28,12.2156628000,12.9255212800,11.9848499200,12.2722772800,4475964,128993672.0000,8.138116,-0.983800
2013-07-01,12.1024338400,13.0605250400,12.0240445600,13.0605250400,4878328,142736096.0000,8.869687,6.423000
2013-07-02,13.0431052000,13.2826280000,12.8993915200,13.2782730400,5926773,177983840.0000,10.775951,1.667200
2013-07-03,13.1955288000,13.3653722400,12.8384220800,13.0866548000,4558688,137208624.0000,8.288524,-1.443100
2013-07-04,13.0866548000,13.1040746400,12.6293840000,12.6598687200,4479560,131695552.0000,8.144655,-3.261200
2013-07-05,12.5771244800,12.9560060000,12.0763040800,12.1067888000,3844938,110713936.0000,6.990796,-4.368800
2013-07-08,11.8542011200,11.8542011200,11.3316059200,11.3882204000,3662958,97449232.0000,6.659924,-5.935300
2013-07-09,11.3838654400,11.6190332800,11.3359608800,11.5841936000,1937726,51077292.0000,3.523138,1.720800
2013-07-10,11.5406440000,11.8454912000,11.5188692000,11.8280713600,2312244,62179996.0000,4.204080,2.105300
2013-07-11,11.8280713600,12.0327544800,11.5972584800,11.8454912000,2505243,68001936.0000,4.554987,0.147300
2013-07-12,11.8324263200,12.3245368000,11.7627469600,11.9892048800,3406222,94896856.0000,6.193131,1.213200
2013-07-15,11.9369453600,12.4029260800,11.8411362400,12.3463116000,3439405,95670232.0000,6.253464,2.978600
2013-07-16,12.5640596000,12.9908456800,12.5509947200,12.7034183200,4408376,128890416.0000,8.015229,2.892400
2013-07-17,12.4813153600,12.7034183200,12.3158268800,12.3985711200,2878061,82672616.0000,5.232838,-2.399700
2013-07-18,12.3942161600,12.7948724800,12.3245368000,12.6598687200,3063548,88618288.0000,5.570087,2.107500
2013-07-19,12.6468038400,13.1302044000,12.3332467200,12.3332467200,4482084,132196952.0000,8.149244,-2.580000
2013-07-22,12.1503384000,12.6642236800,11.9892048800,12.6598687200,3064646,86098944.0000,5.572084,2.648300
2013-07-23,12.7948724800,13.1084296000,12.5640596000,12.9516510400,3859545,113938216.0000,7.017355,2.304800
2013-07-24,12.9777808000,13.4132768000,12.7208381600,13.3261776000,4462210,134470608.0000,8.113109,2.891700
2013-07-25,13.4960210400,13.4960210400,12.2374376000,12.2417925600,4528393,132255520.0000,8.233442,-8.137300
2013-07-26,12.2025979200,12.4769604000,11.7583920000,12.1503384000,2710733,75590896.0000,4.928605,-0.747100
2013-07-29,12.0675941600,12.3158268800,11.8498461600,11.8585560800,1698974,46982400.0000,3.089044,-2.401400
2013-07-30,11.8019416000,12.0109796800,11.3359608800,11.5972584800,2363743,63069760.0000,4.297715,-2.203500
2013-07-31,11.7148424000,11.8498461600,11.5624188000,11.7017775200,1323060,35670104.0000,2.405564,0.901200
2013-08-01,11.6408080800,12.2635673600,11.5798386400,12.1982429600,2337216,64889084.0000,4.249484,4.242700
2013-08-02,12.3071169600,12.5553496800,12.2156628000,12.2766322400,2353352,66993720.0000,4.278822,0.642600
2013-08-05,12.2592124000,12.6206740800,12.2025979200,12.4595405600,1555617,44416784.0000,2.828395,1.489900
2013-08-06,12.4029260800,12.6032542400,12.3071169600,12.5335748800,1986327,56854440.0000,3.611504,0.594200
2013-08-07,12.4987352000,12.5422848000,11.8672660000,11.8803308800,2589302,71823376.0000,4.707822,-5.212000
2013-08-08,11.8280713600,12.0327544800,11.6669378400,11.9630751200,1710096,46697068.0000,3.109265,0.696500
2013-08-09,11.8803308800,12.0893689600,11.6712928000,11.8542011200,1572614,42839400.0000,2.859298,-0.910100
2013-08-12,11.8193614400,11.9674300800,11.6277432000,11.7932316800,1521051,41146188.0000,2.765547,-0.514300
2013-08-13,11.8890408000,11.9761400000,11.6974225600,11.9543652000,1206492,32960756.0000,2.193622,1.366300
2013-08-14,11.9543652000,12.0066247200,11.7061324800,11.9195255200,1685913,45939528.0000,3.065296,-0.291400
2013-08-15,12.1198536800,13.0648800000,12.1198536800,12.4943802400,5823719,169241920.0000,10.588580,4.822800
2013-08-16,12.3680864000,12.6511588000,11.9761400000,11.9804949600,2912691,81915968.0000,5.295802,-4.112900
2013-08-19,11.8454912000,12.5379298400,11.7758118400,12.4769604000,2202973,61909812.0000,4.005405,4.143900
2013-08-20,12.4900252800,12.8253572000,12.3724413600,12.8079373600,3335930,96978592.0000,6.065327,2.652700
2013-08-21,12.7208381600,13.2564982400,12.5814794400,12.9690708800,4413521,131844576.0000,8.024584,1.258100
2013-08-22,12.9734258400,13.1519792000,12.7034183200,12.7426129600,2414241,71354496.0000,4.389529,-1.746100
2013-08-23,12.8514869600,13.6005400800,12.8514869600,13.2390784000,6363948,194440784.0000,11.570815,3.896100
2013-08-26,13.8966773600,14.5629862400,13.6571545600,14.5629862400,9313483,304151104.0000,16.933605,10.000000
2013-08-27,14.5020168000,15.0638066400,14.2712039200,14.8068640000,8204938,276719488.0000,14.918069,1.674600
2013-08-28,14.5586312800,16.1438367200,14.4497572800,15.1596157600,8015998,283018688.0000,14.574542,2.382400
2013-08-29,15.3076844000,15.8956040000,14.9375128000,15.2336500800,4195398,147834784.0000,7.627996,0.488400
2013-08-30,15.2467149600,15.4470431200,14.1536200000,14.4497572800,4744327,159419456.0000,8.626049,-5.145800
2013-09-02,14.3844328800,15.8956040000,14.3191084800,15.7170506400,6753146,239674912.0000,12.278447,8.770300
2013-09-03,15.5907568000,15.8781841600,15.3207492800,15.5341423200,4338369,155257792.0000,7.887944,-1.163800
2013-09-04,15.5080125600,16.2352908800,15.1334860000,15.1988104000,4445805,160236576.0000,8.083282,-2.158700
2013-09-05,15.0246120000,15.5646270400,14.9592876000,15.5646270400,2618402,92143208.0000,4.760731,2.406900
2013-09-06,15.5036576000,15.5210774400,14.9679975200,15.1988104000,2140648,74415592.0000,3.892087,-2.350300
2013-09-09,15.3207492800,15.6299514400,14.6239556800,14.8068640000,3202407,110072000.0000,5.822558,-2.578800
2013-09-10,14.7589594400,14.8155739200,14.2668489600,14.5455664000,2956211,98223608.0000,5.374929,-1.764700
2013-09-11,14.4497572800,14.6326656000,14.0011964000,14.1057154400,2724801,88731477.0000,4.954184,-3.024000
2013-09-12,14.1144253600,14.4889519200,13.9358720000,14.3408832800,1968250,64474768.0000,3.578636,1.667200
2013-09-13,14.3365283200,14.5237916000,14.0316811200,14.3670130400,2689725,88317376.0000,4.890409,0.182200
2013-09-16,14.3670130400,14.8242838400,14.2407192000,14.4541122400,2380302,79673499.0000,4.327822,0.606200
2013-09-17,14.4541122400,14.9026731200,14.4541122400,14.6326656000,2091176,70667845.0000,3.802138,1.235300
2013-09-18,14.7633144000,14.9418677600,14.5978259200,14.8504136000,2167649,73655366.0000,3.941180,1.488100
2013-09-23,14.9157380000,15.4557530400,14.9157380000,15.2902645600,2121980,74464749.0000,3.858145,2.961900
2013-09-24,15.4122034400,16.2048061600,15.2423600000,15.8476994400,4161397,151955954.0000,7.566176,3.645700
2013-09-25,15.8999589600,16.1089970400,15.4644629600,15.8476994400,2683512,97150742.0000,4.879113,0.000000
2013-09-26,15.8172147200,15.8302796000,15.1813905600,15.1813905600,1868745,66206122.0000,3.397718,-4.204500
2013-09-27,15.1552608000,15.3251042400,14.7502495200,14.8634784800,2058925,70628202.0000,3.743500,-2.094100
2013-09-30,14.8591235200,15.5384972800,14.8025090400,15.4862377600,1685841,58769713.0000,3.065165,4.189900
2013-10-08,15.6778560000,15.8520544000,15.2423600000,15.5907568000,2772527,99237148.0000,5.040958,0.674900
2013-10-09,15.4165584000,16.0610924800,15.1988104000,15.8085048000,2412814,86735609.0000,4.386935,1.396600
2013-10-10,15.7214056000,16.0044780000,15.2554248800,15.2771996800,2563109,92281619.0000,4.660198,-3.360900
2013-10-11,15.3991385600,15.5907568000,14.9375128000,15.0463868000,2141695,74407339.0000,3.893991,-1.510800
2013-10-14,15.2336500800,16.5532029600,14.9723524800,16.4617488000,5420576,200037592.0000,9.855593,9.406700
2013-10-15,16.3746496000,16.6185273600,15.9522184800,16.3746496000,2783630,104239846.0000,5.061145,-0.529100
2013-10-16,16.1743214400,16.3615847200,15.2510699200,15.4296232800,2515221,89800031.0000,4.573129,-5.771300
2013-10-17,15.4339782400,16.0262528000,15.2467149600,15.5167224800,1942011,69840610.0000,3.530929,0.564500
2013-10-18,15.4513980800,16.5488480000,15.4165584000,16.4181992000,3481554,129617407.0000,6.330098,5.809700
2013-10-21,16.4965884800,17.2369316800,16.4181992000,16.8754700000,3787616,147699278.0000,6.886575,2.785100
2013-10-22,16.8580501600,17.1541874400,15.8999589600,16.0698024000,3097263,116840859.0000,5.631387,-4.774200
2013-10-23,16.1089970400,16.2657756000,14.8939632000,15.0812264800,3988621,141053117.0000,7.252038,-6.151800
2013-10-24,15.1334860000,15.3033294400,14.8112189600,14.8939632000,1574042,54102921.0000,2.861895,-1.241700
2013-10-25,15.0028372000,15.4513980800,14.5281465600,14.7981540800,1774666,61352604.0000,3.226665,-0.643300
2013-10-28,14.8329937600,15.3251042400,14.8329937600,15.2423600000,1328163,46315666.0000,2.414842,3.001800
2013-10-29,15.4165584000,15.5733369600,14.1579749600,15.1552608000,2424575,82726340.0000,4.408318,-0.571400
2013-10-30,15.2423600000,16.6707868800,15.2423600000,16.5619128800,6125502,228612931.0000,11.137276,9.281600
2013-10-31,16.5488480000,16.5488480000,15.6386613600,15.9043139200,2919163,106953129.0000,5.307569,-3.970500
2013-11-01,15.8956040000,16.2309359200,15.2728447200,15.4513980800,2156790,77928574.0000,3.921436,-2.847800
2013-11-04,15.3730088000,15.7431804000,14.9897723200,15.7083407200,1299335,45754058.0000,2.362427,1.662900
2013-11-05,15.5036576000,15.8389895200,15.2728447200,15.7170506400,1106930,39662816.0000,2.012600,0.055400
2013-11-06,15.6778560000,15.7170506400,15.2554248800,15.2554248800,1280144,45499532.0000,2.327535,-2.937100
2013-11-07,15.0246120000,15.2162302400,14.7546044800,14.8852532800,1269433,43569099.0000,2.308060,-2.426500
2013-11-08,14.8852532800,15.0507417600,14.6675052800,14.8896082400,809342,27609246.0000,1.471531,0.029300
2013-11-11,14.7197648000,14.7197648000,14.1971696000,14.3713680000,1722684,57013482.0000,3.132153,-3.480500
2013-11-12,14.3713680000,14.6108908000,14.2407192000,14.4628221600,1146150,38033238.0000,2.083909,0.636400
2013-11-13,14.4454023200,14.5499213600,14.1100704000,14.1100704000,1076438,35390936.0000,1.957160,-2.439000
2013-11-14,14.2712039200,14.5150816800,13.6005400800,14.4584672000,2104424,68094659.0000,3.826225,2.469100
2013-11-15,14.3191084800,15.0594516800,14.2407192000,14.6762152000,2623160,89191000.0000,4.769382,1.506000
2013-11-18,14.7720243200,15.0899364000,14.7284747200,15.0855814400,1918593,65942084.0000,3.488351,2.789300
2013-11-19,15.0899364000,15.5689820000,15.0899364000,15.1988104000,1849867,64896576.0000,3.363395,0.750600
2013-11-20,14.9984822400,15.3425240800,14.9592876000,15.2510699200,1430030,49623663.0000,2.600055,0.343800
2013-11-21,15.2292951200,15.2292951200,14.4366924000,14.9113830400,1975895,67227301.0000,3.592536,-2.227300
2013-11-22,14.7937991200,14.9767074400,14.4279824800,14.4584672000,1375461,46141226.0000,2.500838,-3.037400
2013-11-25,14.3278184000,14.3278184000,13.9794216000,14.0142612800,3019226,97960165.0000,5.489502,-3.072300
2013-11-26,13.9140972000,14.6239556800,13.9140972000,14.5716961600,2134983,70533517.0000,3.881787,3.977600
2013-11-27,14.5412114400,15.2336500800,14.2624940000,15.1901004800,3037331,102745764.0000,5.522420,4.243900
2013-11-28,15.1988104000,15.1988104000,14.9462227200,14.9810624000,1734129,59897732.0000,3.152962,-1.376100
2013-11-29,14.8591235200,16.4791686400,14.8591235200,16.1917412800,8008384,297164480.0000,14.560698,8.081400
2013-12-02,15.2423600000,15.2423600000,14.5716961600,14.5716961600,5555492,188606843.0000,10.100895,-10.005400
2013-12-03,14.0926505600,14.4584672000,13.5003760000,14.2145894400,3492945,111888589.0000,6.350809,-2.450700
2013-12-04,14.0882956000,14.5368564800,13.9358720000,14.0578108800,2160631,70873521.0000,3.928420,-1.102900
2013-12-05,13.9358720000,13.9707116800,13.5439256000,13.6048950400,1772923,55974592.0000,3.223496,-3.221800
2013-12-06,13.6527996000,13.8226430400,13.5961851200,13.7790934400,1226633,38614588.0000,2.230242,1.280400
2013-12-09,13.8095781600,14.1971696000,13.8095781600,14.1579749600,1298947,41945194.0000,2.361722,2.749700
2013-12-10,14.2407192000,14.6239556800,14.0665208000,14.2450741600,1779928,58753790.0000,3.236233,0.615200
2013-12-11,14.2450741600,14.3713680000,13.9489368800,14.1187803200,918589,29713503.0000,1.670162,-0.886600
2013-12-12,14.1144253600,14.5020168000,14.0229712000,14.3060436000,1164162,38338654.0000,2.116658,1.326300
2013-12-13,14.1971696000,14.4758870400,14.0665208000,14.3931428000,1488810,48875151.0000,2.706927,0.608800
2013-12-16,14.4976618400,14.5150816800,13.6876392800,13.7747384800,1811686,58127502.0000,3.293975,-4.296500
2013-12-17,13.7790934400,13.8705476000,12.7600328000,12.9342312000,3552249,107163294.0000,6.458635,-6.101800
2013-12-18,13.0605250400,13.1563341600,12.7600328000,12.8689068000,1739407,51839620.0000,3.162558,-0.505100
2013-12-19,12.9690708800,13.1868188800,12.6380939200,12.7600328000,1503258,44608068.0000,2.733196,-0.846000
2013-12-20,12.8035824000,12.9124564000,12.6729336000,12.7818076000,906110,26574534.0000,1.647473,0.170600
2013-12-23,12.7600328000,12.8384220800,12.2722772800,12.6250290400,1359709,39068332.0000,2.472198,-1.226600
2013-12-24,12.6250290400,13.2608532000,12.4595405600,13.0213304000,1477444,44150913.0000,2.686262,3.139000
2013-12-25,13.0474601600,13.4916660800,13.0300403200,13.4394065600,1973132,60422528.0000,3.587513,3.210700
2013-12-26,13.4394065600,13.5874752000,13.0343952800,13.0518151200,1612346,49038580.0000,2.931538,-2.884000
2013-12-27,13.0213304000,13.4916660800,12.9516510400,13.4176317600,1396751,42720928.0000,2.539547,2.802800
2013-12-30,13.4176317600,13.7747384800,13.3261776000,13.4306966400,1843526,57278626.0000,3.351865,0.097400
2013-12-31,13.4306966400,13.7529636800,13.2826280000,13.3653722400,1845917,57209197.0000,3.212443,-0.486400
2014-01-02,13.2826280000,14.3191084800,13.1606891200,14.1884596800,3690887,118078454.0000,6.423239,6.158400
2014-01-03,14.1884596800,14.8417036800,14.0403910400,14.6544404000,4528395,150140033.0000,7.880751,3.284200
2014-01-06,14.4497572800,14.5891160000,13.8052232000,13.8095781600,2887828,93693932.0000,5.025678,-5.765200
2014-01-07,13.7703835200,14.1536200000,13.6658644800,14.0708757600,1781867,57144332.0000,3.100977,1.892100
2014-01-08,14.1536200000,14.7633144000,14.1536200000,14.4845969600,3611221,120752286.0000,6.284596,2.940300
2014-01-09,14.6152457600,15.3120393600,14.6152457600,14.6762152000,4801864,165532528.0000,8.356669,1.322900
2014-01-10,14.7937991200,15.2336500800,14.3278184000,14.4802420000,3212469,109036815.0000,5.590650,-1.335300
2014-01-13,14.3713680000,14.6762152000,14.1100704000,14.3278184000,2331957,76762815.0000,4.058297,-1.052600
2014-01-14,14.4541122400,15.6735010400,14.4541122400,15.4688179200,5531330,193459137.0000,9.626156,7.963500
2014-01-15,15.6996308000,16.5488480000,15.3076844000,16.2396458400,6688832,247183551.0000,11.640553,4.983100
2014-01-16,16.2004512000,16.4922335200,15.8956040000,16.0262528000,3518250,130423518.0000,6.122799,-1.314000
2014-01-17,16.0872222400,17.1933820800,16.0306077600,16.2831954400,6146650,234875409.0000,10.696995,1.603300
2014-01-20,16.1351268000,16.8406303200,15.8564093600,16.7230464000,4652352,175433816.0000,8.096473,2.701300
2014-01-21,16.4007793600,16.9756340800,16.3311000000,16.8754700000,3218189,123160873.0000,5.600604,0.911500
2014-01-22,16.8841799200,17.9990496800,16.7143364800,17.6245231200,6328896,254250337.0000,11.014157,4.438700
2014-01-23,17.4503247200,18.2385724800,17.2020920000,17.2674164000,6424399,260879915.0000,11.180361,-2.026200
2014-01-24,16.9843440000,18.0730840000,16.9843440000,18.0382443200,6945092,279667520.0000,12.086521,4.464100
2014-01-27,17.8553360000,19.7018390400,17.7682368000,19.1313392800,5379921,234040296.0000,9.362659,6.059900
2014-01-28,18.9440760000,19.9805564800,18.5956792000,19.3577972000,4499312,200878924.0000,7.830138,1.183700
2014-01-29,19.2750529600,21.2957544000,19.2750529600,21.2957544000,4110445,194719915.0000,7.153394,10.011200
2014-01-30,21.1651056000,21.7443152800,20.4596020800,20.8167088000,3265420,157290413.0000,5.680872,-2.249500
2014-02-07,20.5989608000,21.1172010400,20.4683120000,20.8602584000,2884806,137663016.0000,5.018716,0.209200
2014-02-10,20.9909072000,21.1041361600,19.3795720000,20.2418540800,6431752,294299392.0000,11.189360,-2.964500
2014-02-11,19.9805564800,19.9805564800,18.7481028000,19.0050454400,7207571,319756752.0000,12.539057,-6.110200
2014-02-12,19.0834347200,19.4971559200,18.8569768000,19.4797360800,4106569,181644250.0000,7.144224,2.497700
2014-02-13,19.4231216000,19.7149039200,18.0730840000,18.4650304000,3933433,170864025.0000,6.843019,-5.209000
2014-02-14,18.4606754400,19.2663430400,18.2298625600,19.2184384800,3820699,166038000.0000,6.646895,4.080200
2014-02-17,19.2053736000,20.4857318400,19.0747248000,20.4116975200,5034492,230979857.0000,8.758538,6.208900
2014-02-18,20.6425104000,21.2870444800,20.0328160000,20.6033157600,4057589,191579198.0000,7.059014,0.938800
2014-02-19,20.4900868000,20.8950980800,19.6844192000,19.9805564800,3877307,179159532.0000,6.745376,-3.022600
2014-02-20,19.6016749600,19.9021672000,18.9702057600,19.4057017600,2843824,126575275.0000,4.947419,-2.877100
2014-02-21,19.2271484000,19.6800642400,19.0355301600,19.3142476000,1438144,63799783.0000,2.501948,-0.471300
2014-02-24,19.1182744000,20.2070144000,19.0529500000,19.8978122400,2646921,119873609.0000,2.313622,3.021400
2014-02-25,19.6408696000,19.8891023200,17.9075955200,17.9075955200,4898061,210741298.0000,4.281299,-10.002200
2014-02-26,17.6419429600,17.8117864000,16.9320844800,17.4982292800,2657223,105988448.0000,2.322626,-2.286000
2014-02-27,17.5417788800,18.2037328000,17.0191836800,17.1585424000,2830826,115120826.0000,2.474369,-1.941300
2014-02-28,17.1585424000,17.7813016800,16.9277295200,17.7072673600,1793452,71866257.0000,1.567621,3.198000
2014-03-03,17.6985574400,18.1384084000,17.4546796800,18.0730840000,1720289,70617865.0000,1.503671,2.065900
2014-03-04,17.8553360000,18.0513092000,17.2412866400,17.4895193600,1443745,58281661.0000,1.261949,-3.228900
2014-03-05,17.6332330400,17.8117864000,17.3022560800,17.4198400000,1042620,41973335.0000,0.911334,-0.398400
2014-03-06,17.3762904000,18.8264920800,16.9407944000,18.3474464800,2764004,113342519.0000,2.415961,5.325000
2014-03-07,18.0730840000,18.6392288000,17.4198400000,17.5504888000,2937004,121151805.0000,2.567177,-4.343700
2014-03-10,17.2151568800,17.3980652000,16.0567375200,16.1089970400,2678876,102534785.0000,2.341553,-8.213400
2014-03-11,15.9827032000,16.3659396800,15.9827032000,16.1960962400,2017354,74847732.0000,1.763329,0.540700
2014-03-12,16.2309359200,16.6359472000,15.8999589600,16.3746496000,1530424,57258051.0000,1.337713,1.102400
2014-03-13,16.5052984000,16.7796608800,16.2309359200,16.5793327200,1118036,42441106.0000,0.977253,1.250000
2014-03-14,16.5401380800,18.0730840000,16.5401380800,17.3109660000,3285718,131499487.0000,2.871981,4.412900
2014-03-17,17.3762904000,18.5085800000,17.1149928000,18.2385724800,2678679,109980317.0000,2.341381,5.358500
2014-03-18,18.3692212800,18.6740684800,18.1166336000,18.4127708800,2194977,92834095.0000,1.918586,0.955100
2014-03-19,18.3561564000,18.3561564000,17.6288780800,17.9293703200,2151076,88584153.0000,1.880213,-2.625400
2014-03-20,17.7159772800,18.1601832000,17.1541874400,17.1585424000,1552001,62782299.0000,1.356574,-4.299200
2014-03-21,16.8972448000,17.7377520800,16.4573938400,17.6288780800,1989243,77895044.0000,1.738758,2.741100
2014-03-24,17.5504888000,17.6375880000,16.6751418400,16.8754700000,1646117,64566925.0000,1.438838,-4.273700
2014-03-25,16.7230464000,17.3283858400,16.5052984000,16.9495043200,845867,33012144.0000,0.739356,0.438700
2014-03-26,16.9190196000,17.7159772800,16.9190196000,17.3980652000,1226737,49046905.0000,1.072267,2.646500
2014-03-27,16.9843440000,17.3850003200,16.5488480000,16.7056265600,1238997,47877871.0000,1.082983,-3.980000
2014-03-28,16.5488480000,16.6707868800,15.5951117600,15.6081766400,2467801,90939267.0000,2.157056,-6.569300
2014-03-31,15.6778560000,15.8738292000,15.5036576000,15.6212415200,937553,33833336.0000,0.819497,0.083700
2014-04-01,15.5123675200,16.4356190400,15.5123675200,16.4225541600,1290219,47968451.0000,1.127755,5.129600
2014-04-02,16.4312640800,16.5357831200,16.0959321600,16.2396458400,1198471,44690274.0000,1.047560,-1.113800
2014-04-03,16.1002871200,16.9364394400,15.9609284000,16.7578860800,2934753,110843505.0000,2.565210,3.191200
2014-04-04,16.3746496000,16.7970807200,16.2875504000,16.7927257600,1487566,56896823.0000,1.300252,0.207900
2014-04-08,16.6185273600,17.1411225600,16.3572297600,17.1149928000,1451098,56072358.0000,1.268376,1.919100
2014-04-09,17.1367676000,17.2848362400,16.8972448000,17.1106378400,1134095,44520759.0000,0.991290,-0.025400
2014-04-10,16.6925616800,17.1193477600,16.5706228000,16.7535311200,3470682,134050283.0000,3.033655,-2.087000
2014-04-11,16.5923976000,16.5923976000,15.7475353600,16.4443289600,2840436,104860164.0000,2.482769,-1.845600
2014-04-14,16.0349627200,16.6882067200,16.0175428800,16.3702946400,1707964,64430906.0000,1.492898,-0.450200
2014-04-15,16.3746496000,16.6141724000,16.2919053600,16.3964244000,762314,28826589.0000,0.666324,0.159600
2014-04-16,16.4094892800,16.4530388800,16.2004512000,16.2483557600,593639,22202541.0000,0.518888,-0.903100
2014-04-17,16.2744855200,16.4356190400,16.2265809600,16.3267450400,400281,14976522.0000,0.349878,0.482400
2014-04-18,16.3964244000,16.9103096800,16.2875504000,16.7665960000,1473656,56555635.0000,1.288094,2.694000
2014-04-21,16.6707868800,16.8754700000,16.3833595200,16.5009434400,1006277,38537212.0000,0.879567,-1.584400
2014-04-22,16.4661037600,16.6054624800,15.3730088000,15.6081766400,2103589,76070862.0000,1.838706,-5.410400
2014-04-23,15.5907568000,15.6081766400,15.1160661600,15.3338141600,1203907,42383299.0000,1.052311,-1.757800
2014-04-24,15.2859096000,15.4426881600,15.0071921600,15.1988104000,835631,29229454.0000,0.730409,-0.880400
2014-04-25,14.7502495200,15.2336500800,14.5020168000,14.6544404000,1792683,61563088.0000,1.566949,-3.581700
2014-04-28,14.3757229600,14.6370205600,13.7834484000,14.3234634400,1900805,61822251.0000,1.661456,-2.258500
2014-04-29,14.2624940000,14.6326656000,14.2624940000,14.4889519200,582192,19374378.0000,0.508883,1.155400
2014-04-30,14.5891160000,15.0115471200,14.4845969600,14.6805701600,1005763,34223236.0000,0.879118,1.322500
2014-05-05,14.7241197600,15.0550967200,14.6805701600,14.9375128000,915574,31359820.0000,0.800285,1.750200
2014-05-06,15.0550967200,15.1552608000,14.6762152000,14.7546044800,1244988,42677881.0000,1.088220,-1.224500
2014-05-07,14.6762152000,14.8852532800,14.6239556800,14.6587953600,1106779,37527452.0000,0.967414,-0.649400
2014-05-08,14.6587953600,14.7415396000,14.2015245600,14.6457304800,1073314,35641811.0000,0.938163,-0.089100
2014-05-09,14.6457304800,14.7197648000,13.9750666400,14.5891160000,1521432,50135884.0000,1.329854,-0.386600
2014-05-12,14.5455664000,15.0159020800,14.3887878400,14.9244479200,739696,25066413.0000,0.646554,2.298500
2014-05-13,14.8939632000,15.0942913600,14.6239556800,14.7633144000,654201,22360168.0000,0.571824,-1.079700
2014-05-14,14.7676693600,15.0202570400,14.6326656000,15.0028372000,621863,21189110.0000,0.543558,1.622400
2014-05-15,15.0028372000,15.0768715200,14.6805701600,14.7328296800,566079,19272509.0000,0.494799,-1.799700
2014-05-16,14.6021808800,14.6805701600,13.8052232000,14.3670130400,2401694,77315614.0000,2.099273,-2.483000
2014-05-19,14.0970055200,14.4279824800,13.9794216000,14.3670130400,464898,15219095.0000,0.406358,0.000000
2014-05-20,14.5455664000,14.7981540800,14.3583031200,14.4584672000,922678,30980131.0000,0.806495,0.636600
2014-05-21,14.3452382400,14.8417036800,14.1144253600,14.8417036800,1883050,63145307.0000,1.645937,2.650600
2014-05-22,14.8504136000,15.3076844000,14.8504136000,14.9157380000,1556099,54127274.0000,1.360156,0.498800
2014-05-23,14.9070280800,15.4949476800,14.9070280800,15.4949476800,1282076,44866907.0000,1.120637,3.883200
2014-05-26,15.4949476800,15.7649552000,15.4296232800,15.6038216800,1451681,51938954.0000,1.268886,0.702600
2014-05-27,15.8908908200,16.1205535000,15.6038124700,15.6303120100,1343412,48124228.0000,1.174250,0.169800
2014-05-28,15.7672263000,16.5577959100,15.3255673000,16.5180466000,3631340,133490841.0000,3.174083,5.679600
2014-05-29,16.4517977500,16.5533793200,16.0233885200,16.2663009700,2538694,93742886.0000,2.219022,-1.524100
2014-05-30,16.2309682500,16.4827138800,16.0984705500,16.2883839200,2435841,89714771.0000,2.129121,0.135800
2014-06-03,16.8890401600,17.1363692000,16.4650475200,16.6240447600,3145432,119510836.0000,2.749360,2.060700
2014-06-04,16.6947102000,16.6947102000,16.1205535000,16.2088853000,1635188,60157326.0000,1.429286,-2.497300
2014-06-05,16.3104668700,16.5622125000,16.1735525800,16.4782972900,1525123,56374006.0000,1.333080,1.662100
2014-06-06,16.5136300100,16.5489627300,15.8555581000,16.0322217000,1493236,54792458.0000,1.305208,-2.707100
2014-06-09,16.0543046500,16.0543046500,15.6347286000,15.7804760700,1445964,51616892.0000,1.263889,-1.570200
2014-06-10,15.7981424300,15.9703894400,15.5817295200,15.9306401300,1551019,55545139.0000,1.355715,0.951600
2014-06-11,15.8997240000,15.9350567200,15.6965608600,15.9129737700,2011888,71939705.0000,1.758552,-0.110900
2014-06-12,15.9129737700,15.9438899000,15.4713147700,15.6788945000,1029108,36549725.0000,0.899523,-1.471000
2014-06-13,15.5684797500,16.0101387500,15.3697332000,15.9262235400,1913658,68372585.0000,1.672691,1.577500
2014-06-16,15.9438899000,16.1558862200,15.7848926600,15.8555581000,2488171,90037143.0000,2.174861,-0.443700
2014-06-17,15.6921442700,15.7142272200,15.0694050800,15.1047378000,4637960,160320962.0000,4.053950,-4.735400
2014-06-18,15.0826548500,15.1886530100,14.9148244300,14.9148244300,1209525,41086645.0000,1.057222,-1.257300
2014-06-19,14.9280742000,15.1754032400,14.3760004500,14.8618253500,1594879,53526936.0000,1.394052,-0.355300
2014-06-20,14.7204944700,15.1754032400,14.5879967700,15.1047378000,839331,28328294.0000,0.733643,1.634500
2014-06-23,15.2151525500,15.5463968000,15.1489037000,15.3432336600,2233752,77886183.0000,1.952479,1.578900
2014-06-24,15.4492318200,15.4624815900,15.2681516300,15.4050659200,1051132,36622792.0000,0.918774,0.403000
2014-06-25,15.4315654600,15.4315654600,14.8397424000,14.9854898700,1671917,56793890.0000,1.461390,-2.723600
2014-06-26,15.0517387200,15.5508133900,14.9987396400,15.4933977200,1630502,56824175.0000,1.425190,3.389300
2014-06-27,15.5022309000,15.7848926600,15.3918161500,15.7407267600,2153512,76460920.0000,1.882342,1.596300
2014-06-30,15.7009774500,15.9836392100,15.4050659200,15.8997240000,1873894,66648975.0000,1.485156,1.010100
2014-07-01,15.8334751500,15.8997240000,15.6435617800,15.8025590200,1287105,45928956.0000,1.020096,-0.611100
2014-07-02,15.7672263000,16.0719710100,15.7672263000,16.0366382900,3714016,134385316.0000,2.943546,1.481300
2014-07-03,16.0808041900,17.6398604600,16.0719710100,17.4455305000,10775801,418932704.0000,8.540369,8.785500
2014-07-04,17.2247010000,17.6486936400,17.0392042200,17.4852798100,5485415,214895228.0000,4.347469,0.227800
2014-07-07,17.4676134500,17.9622715300,17.1805351000,17.4852798100,4464106,177182697.0000,3.538030,0.000000
2014-07-08,17.4366973200,17.9446051700,17.1849516900,17.7546918000,4546625,182026075.0000,3.603431,1.540800
2014-07-09,17.9269388100,17.9578549400,17.2070346400,17.2247010000,2959082,117678213.0000,2.345222,-2.985100
2014-07-10,17.3130328000,17.3836982400,16.8625406200,16.8978733400,2184681,84286441.0000,1.731470,-1.897400
2014-07-11,16.7874585900,17.1407857900,16.4650475200,16.8316244900,2585617,97929146.0000,2.049233,-0.392000
2014-07-14,16.9994549100,17.2070346400,16.6063784000,17.1584521500,2243572,85977670.0000,1.778145,1.941700
2014-07-15,17.0392042200,17.3174493900,16.7300429200,16.8757903900,1670700,64015893.0000,1.324114,-1.647400
2014-07-16,16.7830420000,16.9552890100,15.9218069500,15.9218069500,2812321,103497332.0000,2.228907,-5.653000
2014-07-17,15.8997240000,16.1293866800,15.7672263000,15.9792226200,1320439,47633826.0000,1.046515,0.360600
2014-07-18,16.0808041900,16.2088853000,15.6568115500,15.7981424300,1511311,54417296.0000,1.197791,-1.133200
2014-07-21,15.6788945000,15.9792226200,15.1091543900,15.9527230800,1431824,50725178.0000,1.134793,0.978500
2014-07-22,16.3369664100,17.3571987000,16.1249700900,17.1275360200,3357919,128179316.0000,2.661321,7.364300
2014-07-23,17.0922033000,17.2026180500,16.5842954500,16.7609590500,2178827,82832524.0000,1.726831,-2.140300
2014-07-24,16.7609590500,17.8827729100,16.6284613500,17.5691950200,3618501,141656346.0000,2.867845,4.822100
2014-07-25,17.6663600000,18.4083471200,17.5824447900,17.6663600000,3816616,155721706.0000,3.024862,0.553000
2014-07-28,17.9092724500,18.0947692300,17.4896964000,17.8562733700,1994195,79986807.0000,1.580501,1.075000
2014-07-29,18.2405167000,18.8588393000,17.8562733700,18.7572577300,3659472,153013207.0000,2.900317,5.045800
2014-07-30,18.6335932100,19.9718199800,18.6115102600,19.5080780300,3666452,160972999.0000,2.905849,4.002800
2014-07-31,19.4329960000,19.7377407100,19.1900835500,19.4241628200,1726463,75915706.0000,1.368309,-0.430200
2014-08-01,19.5389941600,19.6096596000,18.9030052000,19.0620024400,1943782,84642339.0000,1.540546,-1.864500
2014-08-04,19.0355029000,19.3181646600,18.4215968900,18.7793406800,2686503,113483237.0000,2.129190,-1.482900
2014-08-05,19.0796688000,19.2121665000,18.1080190000,18.9825038200,3052120,128878432.0000,2.418960,1.081800
2014-08-06,18.8411729400,19.5434107500,18.3288485000,19.2960817100,1993152,85833828.0000,1.579674,1.651900
2014-08-07,19.2474992200,19.4241628200,18.5143452800,18.5938439000,1904457,81635481.0000,1.509379,-3.639300
2014-08-08,18.9471711000,18.9825038200,18.3420982700,18.7175084200,2018384,85025928.0000,1.599672,0.665100
2014-08-11,18.9030052000,19.3711637400,18.5540945900,19.3004983000,2260115,97085329.0000,1.791256,3.114700
2014-08-12,19.6979914000,19.6979914000,18.3288485000,18.6777591100,4452197,189068911.0000,3.528592,-3.226500
2014-08-13,18.4922623300,18.6821757000,18.1212687700,18.6600927500,1845355,76699477.0000,1.462537,-0.094600
2014-08-14,18.7042586500,18.7660909100,18.3862641700,18.3995139400,869287,36545917.0000,0.688954,-1.396500
2014-08-15,18.3950973500,18.8411729400,18.2405167000,18.3597646300,2191431,91874776.0000,1.736820,-0.216000
2014-08-18,18.4171803000,18.9471711000,18.4171803000,18.9030052000,1297443,54858030.0000,1.028289,2.958900
2014-08-19,18.9030052000,19.0443360800,18.6865922900,19.0310863100,1495615,63879723.0000,1.185351,0.677600
2014-08-20,19.0310863100,19.0973351600,18.3730144000,18.3862641700,1601895,67846124.0000,1.269583,-3.388300
2014-08-21,18.4657627900,18.7175084200,18.0638531000,18.5275950500,2671478,111009778.0000,2.117282,0.768700
2014-08-22,18.4613462000,18.8235065800,18.2846826000,18.7572577300,1854148,78076675.0000,1.469506,1.239600
2014-08-25,18.7660909100,18.8058402200,18.4701793800,18.7175084200,1144389,48304286.0000,0.906986,-0.211900
2014-08-26,18.5850107200,18.6380098000,18.2184337500,18.3023489600,1624103,67521534.0000,1.287184,-2.218000
2014-08-27,18.4304300700,19.1591674200,18.2890991900,18.9383379200,2200099,93816270.0000,1.743690,3.474900
2014-08-28,18.8632558900,19.3667471500,18.8632558900,19.2519158100,2222452,96700333.0000,1.761406,1.655800
2014-08-29,19.3623305600,20.2235656100,19.2430826300,20.0645683700,2428785,108460987.0000,1.924935,4.221200
2014-09-01,20.3074808200,20.4443951100,19.8658218200,20.2942310500,1882451,85861714.0000,1.491938,1.144600
2014-09-02,20.2721481000,20.4753112400,20.0999010900,20.4267287500,1926292,88710567.0000,1.526684,0.652900
2014-09-03,20.4002292100,20.6078089400,19.7863232000,20.1396504000,2291955,104514760.0000,1.816491,-1.405400
2014-09-04,20.0115692900,20.3693130800,19.7421573000,20.1838163000,1413039,64298361.0000,1.119905,0.219300
2014-09-05,20.1882328900,20.4885610100,19.8879047700,20.1926494800,1506598,68708320.0000,1.194055,0.043800
2014-09-09,20.2721481000,20.5503932700,20.1838163000,20.2721481000,1341578,61699610.0000,1.063269,0.393700
2014-09-10,20.2721481000,21.2349647200,20.1882328900,20.9478863700,2192680,103641666.0000,1.737810,3.333300
2014-09-11,20.8109720800,21.2393813100,20.7756393600,20.9788025000,1830040,86809322.0000,1.450399,0.147600
2014-09-12,21.0273849900,21.8577039100,21.0273849900,21.7384559800,1365766,66382775.0000,1.082439,3.621100
2014-09-15,21.7517057500,23.5580910600,21.7384559800,22.8779362000,2709540,138909754.0000,2.147448,5.241800
2014-09-16,22.8205205300,22.8337703000,20.7623895900,21.1377997400,7430190,364643968.0000,5.888802,-7.606200
2014-09-17,21.0229684000,21.7119564400,20.9346366000,21.5352928400,2380499,114738452.0000,1.886666,1.880500
2014-09-18,21.4116283200,21.8179546000,21.2923803900,21.4955435300,1135547,55327746.0000,0.899979,-0.184600
2014-09-19,21.4955435300,21.8179546000,21.3277131100,21.6412910000,1246225,60969011.0000,0.987696,0.678000
2014-09-22,21.6147914600,21.6147914600,20.5813094000,21.1377997400,1490376,71265791.0000,1.181199,-2.326500
2014-09-23,21.1775490500,21.5838753300,20.7623895900,21.5087933000,1178983,56851622.0000,0.934404,1.755100
2014-09-24,21.2349647200,22.5201924100,21.2040485900,22.1712818000,1782670,88563643.0000,1.412856,3.080100
2014-09-25,22.1712818000,23.2533463500,22.0167011500,22.9044357400,2111331,109497200.0000,1.673337,3.306800
2014-09-26,22.9044357400,23.7965869200,22.7454385000,23.2710127100,2043758,108331991.0000,1.619782,1.600500
2014-09-29,23.2710127100,23.2710127100,23.2710127100,23.2710127100,0,0.0000,,0.000000
2014-09-30,23.2710127100,23.2710127100,23.2710127100,23.2710127100,0,0.0000,,0.000000
2014-10-08,23.2710127100,23.2710127100,23.2710127100,23.2710127100,0,0.0000,,0.000000
2014-10-09,23.2710127100,23.2710127100,23.2710127100,23.2710127100,0,0.0000,,0.000000
2014-10-10,23.2710127100,23.2710127100,23.2710127100,23.2710127100,0,0.0000,,0.000000
2014-10-13,23.2710127100,23.2710127100,23.2710127100,23.2710127100,0,0.0000,,0.000000
2014-10-14,23.2710127100,23.2710127100,23.2710127100,23.2710127100,0,0.0000,,0.000000
2014-10-15,23.2710127100,23.2710127100,23.2710127100,23.2710127100,0,0.0000,,0.000000
2014-10-16,23.2710127100,23.2710127100,23.2710127100,23.2710127100,0,0.0000,,0.000000
2014-10-17,23.2710127100,23.2710127100,23.2710127100,23.2710127100,0,0.0000,,0.000000
2014-10-20,23.2710127100,23.2710127100,23.2710127100,23.2710127100,0,0.0000,,0.000000
2014-10-21,23.2710127100,23.2710127100,23.2710127100,23.2710127100,0,0.0000,,0.000000
2014-10-22,23.2710127100,23.2710127100,23.2710127100,23.2710127100,0,0.0000,,0.000000
2014-10-23,23.2710127100,23.2710127100,23.2710127100,23.2710127100,0,0.0000,,0.000000
2014-10-24,23.2710127100,23.2710127100,23.2710127100,23.2710127100,0,0.0000,,0.000000
2014-10-27,23.2710127100,23.2710127100,23.2710127100,23.2710127100,0,0.0000,,0.000000
2014-10-28,23.2710127100,23.2710127100,23.2710127100,23.2710127100,0,0.0000,,0.000000
2014-10-29,23.2710127100,23.2710127100,23.2710127100,23.2710127100,0,0.0000,,0.000000
2014-10-30,23.2710127100,23.2710127100,23.2710127100,23.2710127100,0,0.0000,,0.000000
2014-10-31,23.2710127100,23.2710127100,23.2710127100,23.2710127100,0,0.0000,,0.000000
2014-11-03,23.2710127100,23.2710127100,23.2710127100,23.2710127100,0,0.0000,,0.000000
2014-11-04,23.2710127100,23.2710127100,23.2710127100,23.2710127100,0,0.0000,,0.000000
2014-11-05,23.2710127100,23.2710127100,23.2710127100,23.2710127100,0,0.0000,,0.000000
2014-11-06,23.2710127100,23.2710127100,23.2710127100,23.2710127100,0,0.0000,,0.000000
2014-11-07,23.2710127100,23.2710127100,23.2710127100,23.2710127100,0,0.0000,,0.000000
2014-11-10,23.2710127100,23.2710127100,23.2710127100,23.2710127100,0,0.0000,,0.000000
2014-11-11,23.2710127100,23.2710127100,23.2710127100,23.2710127100,0,0.0000,,0.000000
2014-11-12,23.2710127100,23.2710127100,23.2710127100,23.2710127100,0,0.0000,,0.000000
2014-11-13,23.2710127100,23.2710127100,23.2710127100,23.2710127100,0,0.0000,,0.000000
2014-11-14,23.2710127100,23.2710127100,23.2710127100,23.2710127100,0,0.0000,,0.000000
2014-11-17,23.2710127100,23.2710127100,23.2710127100,23.2710127100,0,0.0000,,0.000000
2014-11-18,23.2710127100,23.2710127100,23.2710127100,23.2710127100,0,0.0000,,0.000000
2014-11-19,23.2710127100,23.2710127100,23.2710127100,23.2710127100,0,0.0000,,0.000000
2014-11-20,23.2710127100,23.2710127100,23.2710127100,23.2710127100,0,0.0000,,0.000000
2014-11-21,23.2710127100,23.2710127100,23.2710127100,23.2710127100,0,0.0000,,0.000000
2014-11-24,23.2710127100,23.2710127100,23.2710127100,23.2710127100,0,0.0000,,0.000000
2014-11-25,23.2710127100,23.2710127100,23.2710127100,23.2710127100,0,0.0000,,0.000000
2014-11-26,23.2710127100,23.2710127100,23.2710127100,23.2710127100,0,0.0000,,0.000000
2014-11-27,23.2710127100,23.2710127100,23.2710127100,23.2710127100,0,0.0000,,0.000000
2014-11-28,23.2710127100,23.2710127100,23.2710127100,23.2710127100,0,0.0000,,0.000000
2014-12-01,23.2710127100,23.2710127100,23.2710127100,23.2710127100,0,0.0000,,0.000000
2014-12-02,23.2710127100,23.2710127100,23.2710127100,23.2710127100,0,0.0000,,0.000000
2014-12-03,23.2710127100,23.2710127100,23.2710127100,23.2710127100,0,0.0000,,0.000000
2014-12-04,23.2710127100,23.2710127100,23.2710127100,23.2710127100,0,0.0000,,0.000000
2014-12-05,23.2710127100,23.2710127100,23.2710127100,23.2710127100,0,0.0000,,0.000000
2014-12-08,23.2710127100,23.2710127100,23.2710127100,23.2710127100,0,0.0000,,0.000000
2014-12-09,23.2710127100,23.2710127100,23.2710127100,23.2710127100,0,0.0000,,0.000000
2014-12-10,23.2710127100,23.2710127100,23.2710127100,23.2710127100,0,0.0000,,0.000000
2014-12-11,23.2710127100,23.2710127100,23.2710127100,23.2710127100,0,0.0000,,0.000000
2014-12-12,23.2710127100,23.2710127100,23.2710127100,23.2710127100,0,0.0000,,0.000000
2014-12-15,23.2710127100,23.2710127100,23.2710127100,23.2710127100,0,0.0000,,0.000000
2014-12-16,23.2710127100,23.2710127100,23.2710127100,23.2710127100,0,0.0000,,0.000000
2014-12-17,23.2710127100,23.2710127100,23.2710127100,23.2710127100,0,0.0000,,0.000000
2014-12-18,23.2710127100,23.2710127100,23.2710127100,23.2710127100,0,0.0000,,0.000000
2014-12-19,23.2710127100,23.2710127100,23.2710127100,23.2710127100,0,0.0000,,0.000000
2014-12-22,23.2710127100,23.2710127100,23.2710127100,23.2710127100,0,0.0000,,0.000000
2014-12-23,23.2710127100,23.2710127100,23.2710127100,23.2710127100,0,0.0000,,0.000000
2014-12-24,23.2710127100,23.2710127100,23.2710127100,23.2710127100,0,0.0000,,0.000000
2014-12-25,23.2710127100,23.2710127100,23.2710127100,23.2710127100,0,0.0000,,0.000000
2014-12-26,23.2710127100,23.2710127100,23.2710127100,23.2710127100,0,0.0000,,0.000000
2014-12-29,23.2710127100,23.2710127100,23.2710127100,23.2710127100,0,0.0000,,0.000000
2014-12-30,23.2710127100,23.2710127100,23.2710127100,23.2710127100,0,0.0000,,0.000000
2014-12-31,23.2710127100,23.2710127100,23.2710127100,23.2710127100,0,0.0000,,0.000000
2015-01-05,20.9434697800,20.9434697800,20.9434697800,20.9434697800,2026300,96087146.0000,1.605639,-10.001900
2015-01-06,18.9913370000,21.0185518100,18.8941720200,20.7756393600,11692822,517874896.0000,9.265384,-0.801300
2015-01-07,20.0778181400,20.4046458000,19.6538255000,19.6979914000,5771357,260473579.0000,4.573219,-5.187100
2015-01-08,19.4418291800,20.1705665300,19.4374125900,19.7554070700,2962045,133370688.0000,2.347122,0.291500
2015-01-09,19.9364872600,21.3277131100,19.9364872600,20.7226402800,4840256,228009233.0000,3.835415,4.896000
2015-01-12,20.6696412000,22.7454385000,20.6166421200,22.2375306500,3499504,173002509.0000,2.773005,7.310300
2015-01-13,22.1712818000,23.2312634000,21.4690439900,22.2949463200,3664584,184026831.0000,2.903814,0.258200
2015-01-14,22.0829500000,22.5996910300,21.7826218800,21.9504523000,2256413,113027370.0000,1.787980,-1.545200
2015-01-15,21.6677905400,22.3346956300,21.3983785500,21.6412910000,1638392,80848970.0000,1.298261,-1.408500
2015-01-16,21.5971251000,22.3302790400,21.2967969800,22.2154477000,2807830,138283101.0000,2.224923,2.653100
2015-01-19,21.6192080500,22.6924394200,20.8109720800,21.2923803900,3774517,187097493.0000,2.990925,-4.155100
2015-01-20,21.2923803900,22.0917831800,21.2482144900,21.7958716500,3047343,149921451.0000,2.414712,2.364700
2015-01-21,21.7737887000,22.8646864300,21.7737887000,22.2110311100,5115202,259872390.0000,4.053283,1.904800
2015-01-22,22.1094495400,22.6173573900,21.9062864000,22.1712818000,2760135,138645000.0000,2.187129,-0.179000
2015-01-23,22.4230274300,22.4230274300,21.2437979000,21.3542126500,3908540,191323479.0000,3.097124,-3.685300
2015-01-26,21.2349647200,21.9504523000,21.2040485900,21.7517057500,2483650,121874412.0000,1.968043,1.861400
2015-01-27,21.5971251000,23.9290846200,21.5971251000,23.9290846200,7958763,416238848.0000,6.306518,10.010200
2015-01-28,24.7329040000,25.6118054100,24.2912450000,24.6534053800,7258660,408293920.0000,5.751757,3.026900
2015-01-29,24.3089113600,24.6445722000,23.8319196400,24.3707436200,3637933,199283990.0000,2.882696,-1.146500
2015-01-30,24.2029132000,24.4988247300,23.0678495700,23.0810993400,3288856,176157703.0000,2.606087,-5.291800
2015-02-02,22.7763546300,24.6004063000,22.6924394200,24.5341574500,3378097,182890417.0000,2.676802,6.295400
2015-02-03,24.5562404000,25.0332321200,24.1587473000,24.5341574500,3420693,190718987.0000,2.710555,0.000000
2015-02-04,24.2956615900,24.5341574500,23.8495860000,23.9511675700,2261670,123151581.0000,1.792146,-2.376200
2015-02-05,23.8495860000,25.5278902000,23.6420062700,24.5253242700,3891584,218917127.0000,3.083688,2.397200
2015-02-06,24.2824118200,24.7329040000,23.4300099500,23.7170883000,1876469,101042421.0000,1.486913,-3.295500
2015-02-09,23.7259214800,23.9555841600,22.3832781200,22.5025260500,2603428,135853231.0000,2.062955,-5.121000
2015-02-10,22.3965278900,23.2754293000,22.0873665900,23.0545998000,1346687,69151484.0000,1.067114,2.453400
2015-02-11,23.0236836700,23.6066735500,22.7896044000,23.2224302200,1773956,93353656.0000,1.405682,0.728000
2015-02-12,22.9706845900,23.5404247000,22.4804431000,22.6482735200,3044815,156588602.0000,2.412709,-2.472400
2015-02-13,22.9441850500,23.2091804500,22.7586882700,23.1252652400,2897037,150618911.0000,2.295610,2.106100
2015-02-16,23.1561813700,24.9007344200,23.1517647800,24.3972431600,3332501,182664566.0000,2.640671,5.500400
2015-02-17,24.3177445400,25.9651326100,23.9865002900,25.5720561000,3987840,225636718.0000,3.159962,4.815400
2015-02-25,25.6206385900,26.8881999200,25.1789795900,25.5720561000,3266509,191991205.0000,2.588379,0.000000
2015-02-26,25.7928856000,25.9386330700,24.9802330400,25.4748911200,2512848,144313482.0000,1.991179,-0.380000
2015-02-27,26.0048819200,26.9765317200,26.0048819200,26.4112082000,3440918,205857359.0000,2.726581,3.675400
2015-03-02,25.6427215400,27.9702644700,25.6427215400,27.2768598400,2887298,174790582.0000,2.287893,3.277600
2015-03-03,26.8087013000,27.7361852000,26.4465409200,26.5481224900,1826438,111266147.0000,1.447268,-2.671600
2015-03-04,26.5481224900,28.3103419000,26.1329630300,28.0188469600,3347285,209009037.0000,2.652386,5.539800
2015-03-05,27.9040156200,28.6239197900,27.2415271200,27.5153557000,2270814,142612934.0000,1.799391,-1.797000
2015-03-06,27.5595216000,28.0453465000,25.7487197000,25.9695492000,3287701,196228442.0000,2.605172,-5.618000
2015-03-09,27.2503603000,27.3828580000,26.2389611900,26.5083731800,3647011,220835989.0000,2.889889,2.074800
2015-03-10,26.5083731800,28.5665041200,26.5083731800,28.2485096400,4768343,301858768.0000,3.778432,6.564500
2015-03-11,28.2087603300,28.5532543500,27.4756063900,28.1115953500,1843673,116385424.0000,1.460925,-0.484700
2015-03-12,28.0453465000,28.5753373000,26.2168782400,27.3431086900,2666158,164775811.0000,2.112662,-2.733700
2015-03-13,27.2415271200,27.6036875000,26.8970331000,27.3475252800,3057003,188233965.0000,2.422367,0.016100
2015-03-16,27.6566865800,30.0328120000,27.6478534000,29.2157428500,5954581,391309536.0000,4.718406,6.831400
2015-03-17,29.2864082900,30.0328120000,28.6636691000,28.8624156500,4645735,307105552.0000,3.681277,-1.209400
2015-03-18,28.7520009000,29.8119825000,28.7299179500,29.2819917000,2566621,169791097.0000,2.033789,1.453700
2015-03-19,29.2819917000,29.2819917000,28.7829170300,29.0479124300,2242886,147181018.0000,1.777261,-0.799400
2015-03-20,29.2334092100,30.4126387400,29.1494940000,29.5514036900,3809991,256417124.0000,3.019034,1.733300
2015-03-23,29.6794848000,30.6953005000,29.2466589800,30.4303051000,4002313,272807376.0000,3.171430,2.974100
2015-03-24,30.6511346000,31.6669503000,29.5911530000,31.3047899200,5144000,359131552.0000,4.076102,2.873700
2015-03-25,31.3047899200,31.3047899200,31.3047899200,31.3047899200,0,0.0000,,0.000000
2015-03-26,31.3047899200,31.3047899200,31.3047899200,31.3047899200,0,0.0000,,0.000000
2015-03-27,31.3047899200,31.3047899200,31.3047899200,31.3047899200,0,0.0000,,0.000000
2015-03-30,31.3047899200,31.3047899200,31.3047899200,31.3047899200,0,0.0000,,0.000000
2015-03-31,31.3047899200,31.3047899200,31.3047899200,31.3047899200,0,0.0000,,0.000000
2015-04-01,31.3047899200,31.3047899200,31.3047899200,31.3047899200,0,0.0000,,0.000000
2015-04-02,31.3047899200,31.3047899200,31.3047899200,31.3047899200,0,0.0000,,0.000000
2015-04-03,31.3047899200,31.3047899200,31.3047899200,31.3047899200,0,0.0000,,0.000000
2015-04-07,31.3047899200,31.3047899200,31.3047899200,31.3047899200,0,0.0000,,0.000000
2015-04-08,31.3047899200,31.3047899200,31.3047899200,31.3047899200,0,0.0000,,0.000000
2015-04-09,34.4361522300,34.4361522300,33.0360932000,34.4361522300,8195049,636743552.0000,6.493751,10.002800
2015-04-10,34.8910610000,36.1630389200,33.9105780200,34.6702315000,7944447,630802192.0000,6.295174,0.679700
2015-04-13,34.2285725000,35.3327200000,32.8196802900,32.9477614000,7356415,559154800.0000,5.829218,-4.968200
2015-04-14,32.6209337400,32.6386001000,30.9161300000,31.5565355500,8074895,578362624.0000,6.398541,-4.222500
2015-04-15,31.2694572000,31.2694572000,28.6195032000,28.6195032000,6801120,456646240.0000,5.389203,-9.307200
2015-04-16,28.3103419000,30.2006424200,28.0453465000,29.0169963000,4866499,320837136.0000,3.856210,1.388900
2015-04-17,29.4056562200,29.8561484000,28.6592525100,28.9286645000,5286186,349491040.0000,4.188770,-0.304400
2015-04-20,28.5753373000,29.0611622000,27.1620285000,27.3386921000,4999244,319530512.0000,3.961397,-5.496200
2015-04-21,27.1620285000,29.8119825000,27.1620285000,29.4586553000,5697625,367921472.0000,4.514794,7.754400
2015-04-22,29.5911530000,30.6423014200,29.5469871000,29.5734866400,5804867,393478304.0000,4.599773,0.389800
2015-04-23,29.5867364100,30.3861392000,28.9507474500,30.2757244500,5625366,378982816.0000,4.457536,2.374600
2015-04-24,29.6750682100,30.1211438000,28.8933317800,29.5514036900,5931690,396521344.0000,4.700267,-2.392400
2015-04-27,29.8119825000,29.9886461000,28.4428396000,28.8403327000,5667156,373549264.0000,4.490650,-2.406200
2015-04-28,28.7078350000,29.1185778700,26.5216229500,27.0383639800,6540194,407189728.0000,5.182445,-6.248100
2015-04-29,27.0251142100,28.6990018200,27.0251142100,28.3456746200,5698698,362757104.0000,4.515644,4.835000
2015-04-30,28.6504193300,29.3879898600,28.4030902900,28.5311714000,5921796,387824704.0000,4.692427,0.654400
2015-05-04,28.3103419000,29.1318276400,28.2750091800,28.7917502100,3737132,244105516.0000,2.961301,0.913300
2015-05-05,28.6636691000,28.8844986000,27.1620285000,27.5153557000,4582719,287997424.0000,3.631343,-4.433200
2015-05-06,27.7273520200,28.5311714000,27.5551050100,27.6699363500,4038814,256384151.0000,3.200353,0.561800
2015-05-07,27.6478534000,28.5267548100,27.4005243600,27.8245170000,3106646,196711142.0000,2.461704,0.558700
2015-05-08,28.1248451200,30.4656378200,28.1248451200,30.1653097000,6856486,455864016.0000,5.433075,8.412700
2015-05-11,30.1653097000,31.6713668900,29.7236507000,31.4284544400,7580080,531011920.0000,6.006450,4.187400
2015-05-12,31.4284544400,31.5300360100,30.0769779000,31.1016267800,8073454,563082912.0000,6.397399,-1.039900
2015-05-13,30.4258885100,30.5583862100,29.6750682100,29.7854829600,8057548,548051136.0000,6.384795,-4.231700
2015-05-14,29.7678166000,31.2252913000,29.5911530000,30.9161300000,6322416,432565776.0000,5.009878,3.796000
2015-05-15,30.6511346000,30.6511346000,29.5955695900,30.0372285900,4802641,325934336.0000,3.805609,-2.842900
2015-05-18,30.1167272100,33.0405097900,30.1167272100,32.8152637000,10079252,728867968.0000,7.986792,9.248600
2015-05-19,32.5944342000,34.1402407000,31.3577890000,33.6367494400,9676049,715269008.0000,7.667295,2.503400
2015-05-20,33.5660840000,36.0835403000,33.5660840000,33.9326609700,7662474,604456736.0000,6.071739,0.879700
2015-05-21,33.9282443800,36.6665301800,33.8001632700,36.6532804100,8598308,685352448.0000,6.813293,8.017700
2015-05-22,36.6797799500,37.4526832000,34.9131439500,36.4280343200,7509414,613564528.0000,5.950454,-0.614500
2015-05-25,35.0677246000,36.8785265000,34.7938960200,36.1232896100,5776153,470130752.0000,4.577020,-0.836600
2015-05-26,36.3927016000,37.7927606300,36.3927016000,37.4085173000,5761878,485659712.0000,4.565708,3.557900
2015-05-27,37.4526832000,38.8571588200,36.4457006800,36.9315255800,7166507,609275200.0000,5.678735,-1.275100
2015-05-28,36.6576970000,40.3234667000,36.3132029800,36.6576970000,8885470,772306048.0000,7.040840,-0.741500
2015-05-29,36.4192011400,40.3234667000,35.3857190800,40.2881339800,9481042,820989216.0000,7.512771,9.903600
2015-06-01,41.2951165000,42.3109322000,40.5796289200,41.6131109800,6448215,603717232.0000,5.109561,3.288800
2015-06-02,44.0245691200,45.7735387600,42.8674225400,44.9962189200,8879207,891936944.0000,7.035877,8.129900
2015-06-03,45.0492180000,46.3697784100,43.2825820000,44.1217341000,6021537,607598944.0000,4.771462,-1.943500
2015-06-04,43.8390723400,44.8239719100,39.7095606900,41.5115294100,7331129,687937920.0000,5.809182,-5.915900
2015-06-05,42.2667663000,43.5034115000,39.7051441000,41.4496971500,6528848,615108544.0000,5.173455,-0.149000
2015-06-08,41.0742870000,42.1696013200,38.1151717000,39.2546519200,6649423,598164816.0000,5.268998,-5.295700
2015-06-09,39.2767348700,40.4117985000,38.7114113500,39.7007275100,4763737,426381264.0000,3.774782,1.136400
2015-06-10,38.9917880000,40.7641420000,37.2282957700,39.8868267700,11779115,525539728.0000,4.638762,0.468700
2015-06-11,39.5943883600,39.7539002200,38.7082113600,39.1247145500,9054656,399443824.0000,3.565836,-1.910700
2015-06-12,39.7007296000,40.4096712000,38.9031703000,39.7716237600,9320735,417580256.0000,3.670621,1.653500
2015-06-15,39.7804855300,40.3653623500,35.8458596500,36.1028509800,13103483,554968336.0000,5.160314,-9.224600
2015-06-16,36.0408185900,37.8043108200,32.6556224500,35.4470800000,14147325,558904720.0000,5.571392,-1.816400
2015-06-17,35.6509007100,36.8649632000,34.2241557400,36.2535010700,8179041,330588464.0000,3.221008,2.275000
2015-06-18,36.6788660300,36.6788660300,32.7974107700,33.0100932500,9904888,387709760.0000,3.900668,-8.946500
2015-06-19,32.1682251000,32.2568428000,29.7135148100,29.8641649000,12131319,420802320.0000,4.777464,-9.530200
2015-06-23,29.9793679100,31.4415599600,28.3665257700,31.1491215500,11761094,400339232.0000,4.631665,4.302700
2015-06-24,31.4592835000,31.8846484600,29.3501822400,30.5287976500,12360857,428157600.0000,4.867859,-1.991500
2015-06-25,30.7503419000,30.9896096900,28.3222169200,28.8007525000,9218055,309018496.0000,3.630185,-5.660400
2015-06-26,27.8791284200,27.8791284200,25.9206772500,25.9206772500,8964858,268937456.0000,3.530472,-10.000000
2015-06-29,26.7979924800,26.7979924800,23.3330404100,23.3330404100,14860937,400776672.0000,5.852422,-9.982900
2015-06-30,22.3139368600,25.6636859200,21.0023949000,25.2560445000,23358633,605816720.0000,9.198920,8.241500
2015-07-01,24.6888912200,26.1422215000,23.0494637700,23.2266991700,18374680,522839632.0000,7.236177,-8.035100
2015-07-02,22.9519843000,24.3698675000,21.0910126000,22.1987338500,16715157,432786368.0000,6.582636,-4.425800
2015-07-03,21.2682480000,23.6609259000,20.0276002000,21.9771896000,16880777,417187200.0000,6.647860,-0.998000
2015-07-06,24.1749085600,24.1749085600,19.7794706400,20.7542653400,21204842,519352496.0000,8.350730,-5.564500
2015-07-07,19.7174382500,20.2048356000,18.6806111600,18.6806111600,7791777,166748900.0000,3.068499,-9.991500
2015-07-08,16.8107776900,20.2048356000,16.8107776900,19.3097968300,42271186,866676240.0000,16.646918,3.368100
2015-07-09,19.3097968300,21.2416626900,18.6097170000,21.2416626900,24694027,575429824.0000,9.724815,10.004600
2015-07-10,22.7570253600,23.3684874900,22.5975135000,23.3684874900,7770063,202778782.0000,3.059947,10.012500
2015-07-13,25.5041740600,25.7079947700,24.1926321000,25.7079947700,19819612,565892480.0000,7.805209,10.011400
2015-07-14,26.1244979600,28.0031932000,25.2560445000,26.3549039800,32117960,967875648.0000,12.648452,2.516400
2015-07-15,25.2560445000,25.6105153000,23.7229582900,23.7229582900,20123910,551444368.0000,7.925046,-9.986500
2015-07-16,21.6227188000,25.2205974200,21.5784099500,24.2812498000,14178816,377513488.0000,5.583794,2.353400
2015-07-17,24.4230381200,26.5853100000,24.3255586500,26.2308392000,13580505,393597952.0000,5.348172,8.029200
2015-07-20,26.5853100000,27.1879103600,24.9724678600,26.0801891100,16710845,495462864.0000,6.580938,-0.574300
2015-07-21,25.4775887500,26.5853100000,25.0788091000,25.9472625600,12536852,365399920.0000,4.937168,-0.509700
2015-07-22,26.0092949500,26.9131954900,25.5927917600,26.6030335400,15129079,450486752.0000,5.958019,2.527300
2015-07-23,26.4080746000,27.5512429300,26.0536038000,27.5335193900,17832194,541561840.0000,7.022539,3.497700
2015-07-24,27.7196165600,28.2070139100,26.0624655700,26.2751480500,17576665,543878160.0000,6.921909,-4.570300
2015-07-27,25.3003533500,26.4612452200,23.6520641300,23.6520641300,13001584,368427280.0000,5.120185,-9.983100
2015-07-28,21.5429628700,23.6609259000,21.2859715400,21.7999542000,13273479,330001936.0000,5.227261,-7.830600
2015-07-29,22.3759692500,23.6166170500,21.0023949000,23.6166170500,14964372,376742480.0000,5.893156,8.333300
2015-07-30,23.0406020000,23.9267790000,22.1544250000,22.3139368600,11110607,292763648.0000,4.375495,-5.515900
2015-07-31,21.6227188000,22.5886517300,21.0644272900,21.4809304800,8786939,215879351.0000,3.460406,-3.733100
2015-08-03,20.6922329500,21.0821508300,19.3452439100,19.4958940000,9155412,207450598.0000,3.605515,-9.240900
2015-08-04,19.8326412600,21.4454834000,19.8326412600,21.4454834000,10743983,251792385.0000,4.231114,10.000000
2015-08-05,21.4011745500,22.8190577500,21.2593862300,21.8442630500,12995586,322897984.0000,5.117823,1.859500
2015-08-06,21.1884920700,22.5088958000,21.0023949000,22.1544250000,9019309,223713717.0000,3.551916,1.419900
2015-08-07,22.3316604000,23.9001936900,22.3316604000,23.7495436000,11185801,292348032.0000,4.405107,7.200000
2015-08-10,23.9445025400,25.1585650300,23.5723082000,24.9015737000,12720304,351647664.0000,5.009414,4.850800
2015-08-11,24.6357206000,24.9901914000,24.0419820100,24.2546644900,13375027,370471120.0000,5.267252,-2.597900
2015-08-12,23.8913319200,24.4584852000,23.0406020000,23.0760490800,9837925,264193276.0000,3.874297,-4.859300
2015-08-13,23.0406020000,24.0508437800,22.8633666000,24.0331202400,8060897,213732224.0000,3.174481,4.147500
2015-08-14,24.1926321000,24.5027940500,23.6432023600,23.8558848400,8735471,238074129.0000,3.440137,-0.737500
2015-08-17,23.4925522700,23.7938524500,22.5532046500,23.3950728000,8897546,232562869.0000,3.503964,-1.931700
2015-08-18,23.4836905000,24.1217379400,21.0555655200,21.0555655200,11399047,292339584.0000,4.489086,-10.000000
2015-08-19,20.2845915300,21.9771896000,19.2920732900,21.6315805700,10291939,239978183.0000,4.053093,2.735700
2015-08-20,21.2948333100,23.7938524500,20.8251595000,22.2519044700,14015728,356211440.0000,5.519568,2.867700
2015-08-21,21.5163775600,21.7999542000,20.2048356000,20.2580062200,9607317,226177018.0000,3.783481,-8.960600
2015-08-24,19.3186586000,19.4958940000,18.2286608900,18.2286608900,5991470,124935460.0000,2.359515,-10.017500
2015-08-25,16.4119980400,17.2361426500,16.4031362700,16.4031362700,7730486,144839764.0000,3.044361,-10.014600
2015-08-26,16.3942745000,17.1475249500,14.8700500600,14.8877736000,14134855,254543334.0000,5.566481,-9.238300
2015-08-27,15.3308621000,15.9068771500,14.7371235100,15.8537065300,9476119,165038835.0000,3.731813,6.488100
2015-08-28,16.2790714900,17.2804515000,15.9423242300,17.2095573400,10096702,186609125.0000,3.976207,8.552300
2015-08-31,16.8373630000,16.9880130900,15.9511860000,15.9954948500,8106952,150827596.0000,3.192618,-7.054600
2015-09-01,15.9511860000,16.1284214000,14.4003762500,14.4358233300,8338868,139978229.0000,3.283950,-9.750700
2015-09-02,13.6382640300,15.3220003300,13.3989962400,14.0902143000,8149706,131769595.0000,3.209455,-2.394100
2015-09-07,14.5333028000,15.3751709500,14.4535468700,14.9320824500,9183878,155421660.0000,3.616725,5.974800
2015-09-08,14.8877736000,16.2879332600,14.7193999700,16.2702097200,9681297,168187192.0000,3.812615,8.961400
2015-09-09,16.4828922000,17.4576869000,16.3145185700,17.3247603500,12653346,243026531.0000,4.983045,6.481500
2015-09-10,16.8550865400,17.3336221200,16.5980952100,16.7664688400,8561957,163991812.0000,3.371805,-3.222500
2015-09-11,16.7930541500,17.3690692000,16.5537863600,17.0057366300,5984432,114460301.0000,2.356744,1.427100
2015-09-14,17.1032161000,17.2006955700,15.3042767900,15.3042767900,7335426,132274303.0000,2.888782,-10.005200
2015-09-15,14.6485058100,15.3042767900,13.8509465100,13.9395642100,6640204,108841663.0000,2.614995,-8.917200
2015-09-16,14.3117585500,15.3308621000,14.1167996100,15.3308621000,6576915,108900777.0000,2.590071,9.980900
2015-09-17,15.5258210400,16.8373630000,15.3220003300,15.6498858200,10994869,199953430.0000,4.329916,2.080900
2015-09-18,15.9511860000,16.8196394600,15.9157389200,16.6424040600,9802400,180077772.0000,3.860307,6.342000
2015-09-21,16.3056568000,17.8653283200,16.1461449400,17.8653283200,11026882,214470932.0000,4.342523,7.348200
2015-09-22,17.9007754000,18.0602872600,17.0145984000,17.3513456600,13376316,264413463.0000,5.267759,-2.877000
2015-09-23,16.9702895500,17.6880929200,16.7930541500,17.3424838900,9178554,178463801.0000,3.614629,-0.051100
2015-09-24,17.8210194700,17.9716695600,17.1918338000,17.5197192900,6878537,136337154.0000,2.708853,1.022000
2015-09-25,17.3424838900,17.5463046000,16.3056568000,16.4651686600,7234036,137367896.0000,2.848853,-6.019200
2015-09-28,16.5626481300,17.7855723900,16.4208598100,17.7235400000,7375551,142234064.0000,2.904584,7.642600
2015-09-29,17.2804515000,17.9007754000,16.8905336200,17.2450044200,8098036,159075388.0000,3.189107,-2.700000
2015-09-30,17.2804515000,17.5994752200,16.9259807000,17.2715897300,5139865,100137930.0000,2.024143,0.154200
2015-10-08,18.1045961100,18.9996348800,17.7412635400,18.9996348800,11074726,232534813.0000,4.361365,10.005100
2015-10-09,18.6806111600,19.1591467400,18.6097170000,18.9907731100,7837490,167286003.0000,3.086501,-0.046600
2015-10-12,19.1680085100,20.4884122400,19.0262201900,19.9921531200,11050949,247913927.0000,4.352001,5.273000
2015-10-13,19.9832913500,20.6390623300,19.4958940000,20.5770299400,8240112,188443310.0000,3.245058,2.925500
2015-10-14,20.3820710000,20.6036152500,19.5402028500,19.6997147100,8729189,197811052.0000,3.437663,-4.263600
2015-10-15,19.5136175400,20.5415828600,18.7869524000,20.5149975500,9620628,218993295.0000,3.788723,4.138600
2015-10-16,20.6745094100,21.1796303000,19.9567060400,20.5858917100,11045871,256268739.0000,4.350001,0.345600
2015-10-19,20.6036152500,20.7365418000,19.7617471000,20.1073561300,8136318,185200901.0000,3.204183,-2.324600
2015-10-20,20.0187384300,21.4011745500,19.9478442700,21.4011745500,12136015,284744144.0000,4.779313,6.434500
2015-10-21,21.5784099500,21.5784099500,19.2654879800,19.3009350600,14664625,337300512.0000,5.775111,-9.813700
2015-10-22,19.1414232000,20.8251595000,19.0793908100,20.7365418000,11213974,252510631.0000,4.416202,7.438000
2015-10-23,21.0201184400,21.4632069400,20.4352416200,21.3391421600,17211354,409458896.0000,6.778045,2.906000
2015-10-26,21.6227188000,21.8265395100,20.7897124200,21.3480039300,13261802,317248736.0000,5.222662,0.041500
2015-10-27,21.2682480000,21.7556453500,19.9478442700,21.5784099500,11447559,270447216.0000,4.508191,1.079300
2015-10-28,21.2682480000,21.5341011000,20.4086563100,20.5238593200,10302823,244564622.0000,4.057380,-4.887100
2015-10-29,20.7365418000,20.8871918900,20.1073561300,20.4441033900,6648023,153721787.0000,2.618074,-0.388600
2015-10-30,20.3732092300,20.9935331300,19.9744295800,20.4795504700,7434438,172255626.0000,2.927774,0.173400
2015-11-02,19.9389825000,20.6656476400,19.4958940000,19.5490646200,9395135,212089755.0000,3.699921,-4.543500
2015-11-03,19.7617471000,19.8415030300,19.0528055000,19.2300409000,8614524,188458626.0000,3.392507,-1.631900
2015-11-04,19.3984145300,20.7188182600,19.3806909900,20.7188182600,11000209,250632640.0000,4.332019,7.741900
2015-11-05,20.7099564900,21.0467037500,20.3111768400,20.5858917100,11371279,265074035.0000,4.478151,-0.641600
2015-11-06,20.7808506500,22.3139368600,20.7808506500,22.1632867700,16617746,404668144.0000,6.544275,7.662500
2015-11-09,22.0037749100,22.9253989900,21.2682480000,22.5177575700,16938397,422897216.0000,6.670551,1.599400
2015-11-10,22.2075956200,23.0317402300,21.8974336700,22.4025545600,13370592,338960640.0000,5.265505,-0.511600
2015-11-11,22.3759692500,24.2635262600,22.0303602200,24.0862908600,20427452,540293344.0000,8.044584,7.515800
2015-11-12,24.1483232500,24.1483232500,23.2266991700,23.7584053700,15352197,410016960.0000,6.045886,-1.361300
2015-11-13,23.1735285500,23.4748287300,22.3050750900,22.7747489000,11887367,307065776.0000,4.681393,-4.140200
2015-11-16,22.1544250000,24.9104354700,21.9771896000,24.8129560000,16997632,454234752.0000,6.693879,8.949400
2015-11-17,24.8927119300,25.0522237900,23.3950728000,23.5102758100,24350057,662779488.0000,9.589355,-5.250000
2015-11-18,23.5191375800,23.8027142200,22.7038547400,22.9519843000,9743563,256645897.0000,3.837136,-2.374700
2015-11-19,23.0317402300,24.9901914000,22.8810901400,24.6800294500,21943818,597708544.0000,8.641748,7.529000
2015-11-20,24.6800294500,25.8763684000,24.6800294500,25.4953122900,20319861,581883504.0000,8.002214,3.303400
2015-11-23,25.6991330000,26.5764482300,24.7154765300,24.8838501600,13970705,403711904.0000,5.501837,-2.398300
2015-11-24,24.5825499800,25.3003533500,24.3255586500,25.1497032600,10652412,298640112.0000,4.195052,1.068400
2015-11-25,25.1142561800,26.4966923000,24.9458825500,26.2574245100,15006510,437591008.0000,5.909750,4.404500
2015-11-26,26.2928715900,27.0992926600,25.8586448600,26.4701069900,16760451,497484736.0000,6.600474,0.810000
2015-11-27,26.2042538900,26.3903510600,23.8204377600,23.8204377600,15435273,437401504.0000,6.078602,-10.010000
2015-11-30,24.0153967000,24.8129560000,22.5797899600,24.5471029000,13983563,377357936.0000,5.506901,3.050600
2015-12-01,24.6268588300,24.9458825500,23.8913319200,24.6268588300,10145536,280725120.0000,3.995438,0.324900
2015-12-02,24.5382411300,24.6268588300,22.1632867700,23.0937726200,11306343,297814640.0000,4.452578,-6.225300
2015-12-03,23.2266991700,24.1926321000,23.1292197000,24.0597055500,7931464,212046202.0000,3.123509,4.182700
2015-12-04,23.8913319200,24.2812498000,23.2887315600,23.4836905000,8682269,233194764.0000,3.419185,-2.394100
2015-12-07,23.6343405900,23.9267790000,23.2266991700,23.8027142200,8471010,225896942.0000,3.335989,1.358500
2015-12-08,23.5279993500,24.0242584700,23.2001138600,23.3241786400,8990486,239731688.0000,3.540565,-2.010400
2015-12-09,23.3064551000,23.4305198800,22.5532046500,22.6772694300,7214777,186136797.0000,2.841269,-2.773600
2015-12-10,22.7836106700,23.4748287300,22.5088958000,23.0140166900,8174829,212368624.0000,3.219349,1.485000
2015-12-11,22.9519843000,23.2089756300,22.7038547400,22.9165372200,5280772,136572780.0000,2.079634,-0.423600
2015-12-14,22.5886517300,23.3064551000,22.2075956200,23.2975933300,6426717,164852715.0000,2.530921,1.662800
2015-12-15,23.2532844800,24.1040144000,23.2178374000,23.7140965200,7583640,203303736.0000,2.986532,1.787700
2015-12-16,23.8292995300,23.9710878500,23.6254788200,23.8027142200,6599261,177318183.0000,2.598871,0.373700
2015-12-17,23.9976731600,24.8040942300,23.9267790000,24.7775089200,11508123,317994704.0000,4.532042,4.095300
2015-12-18,24.6357206000,24.9458825500,24.0331202400,24.1749085600,8601838,236378334.0000,3.387511,-2.432000
2015-12-21,24.2103556400,24.4407616600,23.7318200600,24.2280791800,8315956,225890725.0000,3.274927,0.219900
2015-12-22,24.2103556400,24.4230381200,23.8381613000,24.1040144000,8483078,230498233.0000,3.340741,-0.512100
2015-12-23,24.1040144000,24.2280791800,23.2887315600,23.3064551000,10579769,283559792.0000,4.166444,-3.308800
2015-12-24,23.1558050100,23.3684874900,22.5088958000,23.2266991700,7566289,195512193.0000,2.979699,-0.342200
2015-12-25,23.3950728000,23.4748287300,22.8633666000,23.1469432400,6016846,157713285.0000,2.369509,-0.343400
2015-12-28,23.2355609400,23.9090554600,22.8722283700,23.2266991700,9511141,251803565.0000,3.745605,0.344600
2015-12-29,23.1646667800,23.5191375800,22.5975135000,23.5102758100,5990789,155830894.0000,2.359247,1.220900
2015-12-30,23.6166170500,24.8129560000,23.4925522700,24.8129560000,16090364,440548992.0000,6.336585,5.540900
2015-12-31,24.9015737000,24.9015737000,23.8027142200,23.9001936900,11712212,320913744.0000,4.613071,-3.678600
2016-01-04,23.7761289100,23.7761289100,21.5075157900,21.5075157900,9086426,227964403.0000,3.578857,-10.011100
2016-01-05,20.0276002000,21.2771097700,19.4249998400,20.3289003800,9914927,228376569.0000,3.905177,-5.480000
2016-01-06,20.4706887000,20.8340212700,19.9123971900,20.7099564900,6505950,150397358.0000,2.562489,1.874500
2016-01-07,20.1605267500,20.1959738300,18.6363023100,18.6540258500,2628800,56740568.0000,1.035401,-9.927300
2016-01-08,19.0882525800,19.4427233800,17.2893132700,18.3172785900,10090046,210585560.0000,3.974151,-1.805200
2016-01-11,17.6349223000,17.9716695600,16.4828922000,16.4828922000,8373837,162351601.0000,3.298191,-10.014500
2016-01-12,16.2436244100,17.0500454800,16.2347626400,16.7487453000,6262495,117660734.0000,2.466599,1.612900
2016-01-13,16.8816718500,17.0145984000,15.6055769700,15.6764711300,5678718,105643034.0000,2.236668,-6.402100
2016-01-14,15.0738707700,17.0854925600,14.9852530700,16.8462247700,7395339,134716317.0000,2.912791,7.461800
2016-01-15,16.7487453000,16.9348424700,15.7828123700,16.0752507800,5871996,109047893.0000,2.312794,-4.576500
2016-01-18,15.8802918400,17.1475249500,15.7562270600,16.7841923800,6804133,127852409.0000,2.679934,4.410200
2016-01-19,16.7664688400,17.6083369900,16.5803716700,17.5640281400,7998953,154756362.0000,3.150536,4.646200
2016-01-20,17.3690692000,17.8830518600,17.0500454800,17.2715897300,7177291,141228499.0000,2.826909,-1.665000
2016-01-21,16.9880130900,17.8919136300,16.7930541500,16.8993953900,7312575,143438719.0000,2.880193,-2.155000
2016-01-22,17.0766307900,17.4842722100,16.5360628200,17.3690692000,5529594,106529084.0000,2.177933,2.779200
2016-01-25,17.5463046000,17.7058164600,17.1209396400,17.3247603500,4184033,82553254.0000,1.647959,-0.255100
2016-01-26,17.1032161000,17.2361426500,15.5967152000,15.6498858200,5237113,97641431.0000,2.062734,-9.667500
2016-01-27,15.7739506000,15.9157389200,14.4446851000,15.9068771500,6477285,111789570.0000,2.551198,1.642100
2016-01-28,15.5169592700,16.1284214000,15.1093178500,15.2776914800,4715056,83668961.0000,1.857112,-3.955400
2016-01-29,15.3663091800,16.6335422900,15.3308621000,16.3322421100,5882850,107016207.0000,2.317069,6.902600
2016-02-01,16.3411038800,16.5892334400,16.0486654700,16.4828922000,4069103,75175827.0000,1.602691,0.922400
2016-02-02,16.5715099000,17.5463046000,16.5715099000,17.2804515000,4943105,96050745.0000,1.946933,4.838700
2016-02-03,17.1032161000,17.8476047800,16.8462247700,17.5463046000,5051187,98372398.0000,1.989503,1.538500
2016-02-04,17.5551663700,18.0602872600,17.4576869000,17.6171987600,6500907,129962276.0000,2.560502,0.404000
2016-02-05,17.7412635400,17.7412635400,17.2272808800,17.2893132700,3451761,68075789.0000,1.359540,-1.861200
2016-02-15,16.4828922000,17.3336221200,16.4208598100,17.1918338000,3093948,59037966.0000,1.218609,-0.563800
2016-02-16,17.3513456600,18.0602872600,17.2804515000,17.9893931000,5748603,115738650.0000,2.264194,4.639200
2016-02-17,17.8121577000,18.1666285000,17.5994752200,18.0248401800,5950095,120068842.0000,2.343555,0.197000
2016-02-18,18.1666285000,18.2552462000,17.6437840700,17.6969546900,5059523,102487120.0000,1.992787,-1.819100
2016-02-19,17.4399633600,18.2109373500,17.3867927400,17.9893931000,5946604,120377386.0000,2.342180,1.652500
2016-02-22,18.2552462000,18.7249200100,17.9628077900,18.7160582400,7261298,150017074.0000,2.859996,4.039400
2016-02-23,18.6983347000,18.7337817800,18.0780108000,18.3438639000,5480871,113428805.0000,2.158742,-1.988600
2016-02-24,18.2552462000,18.4324816000,17.4754104400,18.0514254900,6247127,126268931.0000,2.460546,-1.594200
2016-02-25,17.9805313300,18.0337019500,16.2436244100,16.2436244100,7257325,138773833.0000,2.858432,-10.014700
2016-02-26,16.3056568000,16.6689893700,15.9068771500,16.2967950300,4997051,92164727.0000,1.968181,0.327300
2016-02-29,16.2170391000,16.2170391000,14.6750911200,14.9763913000,6045439,103131699.0000,2.381108,-8.102200
2016-03-01,15.0650090000,15.6676093600,14.8080176700,15.5789916600,4704476,81253307.0000,1.852945,4.023700
2016-03-02,15.4815121900,16.7044364500,15.4194798000,16.5360628200,6064214,109689909.0000,2.388503,6.143300
2016-03-03,16.5537863600,16.8816718500,16.2702097200,16.3942745000,5235251,97938532.0000,2.062000,-0.857400
2016-03-04,16.3942745000,16.3942745000,15.0650090000,15.5080975000,5082308,90652130.0000,2.001761,-5.405400
2016-03-07,15.7030564400,16.3854127300,15.6676093600,15.9511860000,3727410,67537818.0000,1.468109,2.857100
2016-03-08,15.9511860000,17.0411837100,15.1713502400,17.0411837100,8732000,160637377.0000,3.439260,6.833300
2016-03-09,16.5803716700,17.2627279600,16.3854127300,16.4828922000,7292827,137914788.0000,2.872415,-3.276100
2016-03-10,16.4828922000,16.7841923800,16.1106978600,16.1904537900,4461620,82562721.0000,1.757292,-1.774200
2016-03-11,15.7739506000,16.3676891900,15.6853329000,16.2524861800,3603935,65365291.0000,1.419476,0.383100
2016-03-14,16.6601276000,17.4665486700,16.4917539700,17.1298014100,6962622,134357310.0000,2.742357,5.398000
2016-03-15,17.0145984000,17.1918338000,16.6335422900,16.7664688400,4407000,84082883.0000,1.735778,-2.121100
2016-03-16,17.0145984000,17.1652484900,16.2436244100,16.3942745000,4430779,83371096.0000,1.745144,-2.219900
2016-03-17,16.5715099000,17.4399633600,16.4828922000,17.3779309700,8641441,166663330.0000,3.403591,6.000000
2016-03-18,17.5374428300,18.4147580600,17.2627279600,18.2906932800,11874443,239705675.0000,4.676969,5.252400
2016-03-21,18.5388228400,18.7337817800,18.0868725700,18.6097170000,10484922,218688667.0000,4.129680,1.744200
2016-03-22,18.3881727500,18.6097170000,18.2375226600,18.3261403600,5509271,114477148.0000,2.169928,-1.523800
2016-03-23,18.2375226600,18.6363023100,18.1489049600,18.5565463800,6075181,126378288.0000,2.392822,1.257300
2016-03-24,18.3261403600,18.4856522200,17.9805313300,18.2995550500,6287759,129547624.0000,2.476550,-1.384900
2016-03-25,18.1754902700,18.4945139900,18.0337019500,18.4945139900,5272512,108500326.0000,2.076676,1.065400
2016-03-28,18.5831316900,18.7780906300,17.7944341600,17.8298812400,7112726,147304324.0000,2.801479,-3.593700
2016-03-29,17.7678488500,17.9273607100,17.1120778700,17.2450044200,5661849,111416717.0000,2.230024,-3.280300
2016-03-30,17.3779309700,18.1489049600,17.3779309700,18.0957343400,6983787,140207285.0000,2.750694,4.933200
2016-03-31,18.2818315100,18.3881727500,17.8298812400,17.9184989400,7439913,152032151.0000,2.930347,-0.979400
2016-04-01,17.9184989400,17.9893931000,17.2981750400,17.6969546900,5133453,101909202.0000,2.021905,-1.236400
2016-04-05,17.6880929200,18.4413433700,17.4133780500,18.3793109800,7132184,145810707.0000,2.809143,3.855800
2016-04-06,18.2552462000,18.5919934600,18.1754902700,18.4767904500,7748772,160699641.0000,3.051997,0.530400
2016-04-07,18.6008552300,18.6540258500,17.9096371700,17.9096371700,6490637,133246053.0000,2.556457,-3.069600
2016-04-08,17.7235400000,17.8476047800,17.3779309700,17.7235400000,4905317,97387415.0000,1.932050,-1.039100
2016-04-11,17.9273607100,18.2818315100,17.7235400000,18.1932138100,7353635,150109848.0000,2.896365,2.650000
2016-04-12,18.0780108000,18.1666285000,17.5463046000,17.8121577000,5478253,109810203.0000,2.157711,-2.094500
2016-04-13,17.9716695600,18.4945139900,17.9007754000,18.1577667300,9401210,194221742.0000,3.702840,1.940300
2016-04-14,18.2906932800,19.0084966500,18.2906932800,18.7603670900,10749298,226946963.0000,4.233810,3.318700
2016-04-15,18.9641878000,18.9641878000,18.4147580600,18.6008552300,7430710,156329048.0000,2.926723,-0.850300
2016-04-18,18.5210993000,18.5210993000,17.9096371700,18.0514254900,5495456,112263519.0000,2.164487,-2.953800
2016-04-19,18.2552462000,18.4058962900,18.0159784100,18.2552462000,4175084,85704999.0000,1.644434,1.129100
2016-04-20,18.3704492100,18.3793109800,16.6601276000,16.9614277800,9742421,191423123.0000,3.837233,-7.087400
2016-04-21,16.9614277800,17.0500454800,16.4828922000,16.6601276000,5079022,96636145.0000,2.000467,-1.776400
2016-04-22,16.5360628200,16.8285012300,16.4385833500,16.7841923800,3996511,75059684.0000,1.574100,0.744700
2016-04-25,16.5803716700,16.7398835300,16.1372831700,16.6512658300,3753723,69545915.0000,1.478473,-0.792000
2016-04-26,16.6158187500,16.7930541500,16.3499656500,16.7930541500,4248205,79455316.0000,1.673234,0.851500
2016-04-27,16.8285012300,16.8373630000,16.5272010500,16.5892334400,5577376,104987632.0000,2.196753,-1.213700
2016-04-28,16.6335422900,16.6335422900,16.1195596300,16.5094775100,3422337,63172006.0000,1.347951,-0.480800
2016-04-29,16.3588274200,16.5626481300,16.2259008700,16.4031362700,3315548,61287966.0000,1.305890,-0.644100
2016-05-03,16.4031362700,16.9437042400,16.2613479500,16.9437042400,8030573,151730649.0000,3.162990,3.295500
2016-05-04,16.8196394600,17.2981750400,16.8196394600,17.0323219400,8663145,167116535.0000,3.412140,0.523000
2016-05-05,17.1032161000,17.2450044200,16.9259807000,17.2006955700,4797915,92504059.0000,1.889748,0.988600
2016-05-06,17.2361426500,17.3867927400,16.5006157400,16.6778511400,8268081,157518444.0000,3.256537,-3.039700
2016-05-09,16.4828922000,16.5272010500,15.8714300700,16.0309419300,5006026,91701658.0000,1.971716,-3.878800
2016-05-10,16.0398037000,16.1550067100,15.8714300700,15.9600477700,2678843,48415880.0000,1.055112,-0.442200
2016-05-11,16.0841125500,16.3676891900,15.6853329000,15.8625683000,3566687,64396020.0000,1.404806,-0.610800
2016-05-12,15.6144387400,15.8448447600,15.4283415700,15.7739506000,3466577,61119441.0000,1.365375,-0.558700
2016-05-13,15.7385035200,15.9068771500,15.4637886500,15.5789916600,4048392,71481469.0000,1.594534,-1.236000
2016-05-16,15.4726504200,15.8359829900,15.4194798000,15.7828123700,3655599,64704878.0000,1.439825,1.308300
2016-05-17,15.8182594500,16.1106978600,15.5789916600,15.8980153800,4688975,83690980.0000,1.846840,0.729900
2016-05-18,15.7119182100,15.7296417500,15.3485856400,15.5435445800,3603009,63231745.0000,1.419112,-2.229700
2016-05-19,15.5258210400,15.9423242300,15.5258210400,15.6233005100,3662967,65214383.0000,1.442727,0.513100
2016-05-20,15.4106180300,17.1829720300,15.3663091800,16.2170391000,5817816,106438440.0000,2.291454,3.800300
2016-05-23,16.2170391000,16.6424040600,16.1638684800,16.3854127300,5304681,98352811.0000,2.089347,1.038300
2016-05-24,16.3056568000,16.3056568000,15.9068771500,15.9777713100,3434698,62242675.0000,1.352819,-2.487800
2016-05-25,16.1638684800,16.4385833500,16.0486654700,16.1106978600,3621219,66255063.0000,1.426284,0.831900
2016-05-26,16.0575272400,16.2967950300,15.5967152000,16.2170391000,4292258,77108463.0000,1.690585,0.660100
2016-05-27,16.1638684800,16.3499656500,16.0575272400,16.2702097200,3527929,64622883.0000,1.389540,0.327900
2016-05-30,16.2702097200,16.5980952100,15.8271212200,16.3765509600,4148445,76445142.0000,1.633942,0.653600
2016-05-31,16.3765509600,17.2538661900,16.3411038800,17.1829720300,8774628,168011608.0000,3.456049,4.924200
2016-06-01,17.1741102600,18.0957343400,17.0943543300,17.7058164600,12130826,241654155.0000,4.777950,3.042800
2016-06-02,17.5551663700,17.8653283200,17.4576869000,17.7146782300,7593821,151654088.0000,2.990967,0.050100
2016-06-03,17.7952440400,18.5292531000,17.7952440400,18.0458812800,11843818,241591841.0000,4.664907,1.869600
2016-06-06,19.7824393000,19.8540499400,19.4870454100,19.8540499400,17578424,389365968.0000,6.923587,10.019800
2016-06-07,20.0241252100,20.8118422500,19.1647975300,20.3821784100,34473535,765855008.0000,13.578039,2.660100
2016-06-08,19.8719526000,22.4230816500,19.8719526000,22.4230816500,36160308,872338784.0000,14.242406,10.013200
2016-06-13,22.0471257900,22.5394489400,20.7581342700,20.7581342700,27636175,669512656.0000,10.885019,-7.425100
2016-06-14,20.7581342700,21.0087715100,19.7376826500,20.4000810700,19164181,431862080.0000,7.548167,-1.724900
2016-06-15,20.0957358500,22.2440550500,20.0957358500,21.7606832300,24229648,579096992.0000,9.543295,6.669600
2016-06-16,21.7606832300,23.4077279500,21.7606832300,22.8258915000,24344776,618246784.0000,9.588640,4.895100
2016-06-17,23.0944314000,24.1327856800,22.1992984000,22.7363782000,19031369,498184864.0000,7.495857,-0.392200
2016-06-20,23.4524846000,24.9294540500,23.4524846000,24.4550335600,20279437,549389200.0000,7.987431,7.559100
2016-06-21,24.1596396700,24.6698654800,23.2913606600,24.0969803600,13765551,368728336.0000,5.421817,-1.464100
2016-06-22,23.8821484400,25.1353346400,23.3450686400,24.9026000600,14233248,389583040.0000,5.606028,3.343200
2016-06-23,25.1442859700,25.1711399600,23.8105378000,23.8284404600,15043006,411791376.0000,5.924966,-4.313400
2016-06-24,23.8552944500,24.3386662700,22.1097851000,22.8079888400,19829197,512770816.0000,7.810096,-4.282500
2016-06-27,22.9959667700,23.9716617400,22.5125949500,23.7031218400,12875406,335526192.0000,5.071217,3.924600
2016-06-28,23.4345819400,23.6046572100,22.6200109100,23.1839447000,12116181,311716128.0000,4.772182,-2.190300
2016-06-29,23.2466040100,23.8463431200,23.0944314000,23.1570907100,13253946,347154816.0000,5.220312,-0.115800
2016-06-30,23.4345819400,23.7299758300,22.8975021400,23.7210245000,10357952,271109344.0000,4.074856,2.435200
2016-07-01,23.5509492300,24.0164183900,22.8795994800,23.1928960300,10157177,265279381.0000,3.995870,-2.226400
2016-07-04,22.9154048000,23.3719226300,22.5573516000,23.1570907100,10080339,258400706.0000,3.965642,-0.154400
2016-07-05,23.1749933700,23.2645066700,22.1724444100,22.7632321900,11620517,294452880.0000,4.571554,-1.700800
2016-07-06,22.7363782000,22.9691127800,22.2619577100,22.4588869700,8861708,223572394.0000,3.486228,-1.337000
2016-07-07,22.3783250000,23.0496747500,22.1097851000,22.7363782000,12470334,315237776.0000,4.905875,1.235500
2016-07-08,22.7363782000,22.8975021400,22.2888117000,22.2977630300,7867207,198421700.0000,3.094988,-1.929100
2016-07-11,22.0381744600,22.5573516000,21.8412452000,21.8412452000,7993369,198464981.0000,3.144620,-2.047400
2016-07-12,21.8770505200,22.2530063800,21.0535281600,22.1008337700,11456342,277768272.0000,4.506967,1.188500
2016-07-13,22.3246170200,22.6916215500,21.8860018500,22.3067143600,11905751,297300192.0000,4.683766,0.931500
2016-07-14,22.2977630300,22.7990375100,22.1366390900,22.2888117000,7407688,185838974.0000,2.914211,-0.080300
2016-07-15,22.3962276600,22.5931569200,22.1097851000,22.4499356400,5791753,144472206.0000,2.278497,0.722900
2016-07-18,22.3962276600,22.5304976100,21.7069752500,21.7069752500,8057790,197623658.0000,3.169964,-3.309400
2016-07-19,21.6980239200,22.1813957400,21.6443159400,22.1097851000,6308129,154850762.0000,2.481641,1.855700
2016-07-20,22.0292231300,22.8795994800,22.0023691400,22.5573516000,10855364,273884208.0000,4.270540,2.024300
2016-07-21,22.6021082500,22.7274268700,22.2082497300,22.3604223400,7471822,187574141.0000,2.939442,-0.873000
2016-07-22,22.3335683500,22.5931569200,21.7696345600,21.8054398800,6848120,169447519.0000,2.694075,-2.482000
2016-07-25,21.7159265800,22.0829311100,21.6264132800,21.9307585000,3934416,96252257.0000,1.547814,0.574700
2016-07-26,21.9218071700,22.2440550500,21.8143912100,22.1992984000,5203703,128115648.0000,2.047156,1.224500
2016-07-27,22.2530063800,22.2977630300,20.0509792000,21.0356255000,8754976,209797805.0000,3.444239,-5.241900
2016-07-28,20.9908688500,21.0893334800,20.2747624500,20.7491829400,5252149,121403301.0000,2.066215,-1.361700
2016-07-29,20.8118422500,21.2146521000,20.4985457000,20.9908688500,5175779,120976231.0000,2.036170,1.164800
2016-08-01,20.8834528900,21.2415060900,20.1404925000,21.0893334800,5377205,124147316.0000,2.115412,0.469100
2016-08-02,20.9550635300,21.1967494400,20.8386962400,21.1072361400,2476245,58215814.0000,0.974164,0.084900
2016-08-03,21.0803821500,21.2952140700,20.8655502300,21.1698954500,2996565,70771036.0000,1.178860,0.296900
2016-08-04,21.1698954500,21.5995592900,21.0624794900,21.4473866800,4007262,95595011.0000,1.576471,1.310800
2016-08-05,21.4384353500,22.7184755400,21.4205326900,22.2888117000,9989274,248652356.0000,3.929817,3.923200
2016-08-08,22.1992984000,22.7184755400,22.1008337700,22.5931569200,8050778,201744354.0000,3.167205,1.365500
2016-08-09,22.5573516000,22.8258915000,22.2888117000,22.7363782000,6980260,176219684.0000,2.746060,0.633900
2016-08-10,22.7363782000,22.7811348500,22.3246170200,22.3425196800,6750452,169486459.0000,2.655652,-1.732300
2016-08-11,22.2888117000,22.3246170200,21.9486611600,22.0471257900,5008196,123783687.0000,1.970243,-1.322100
2016-08-12,22.0560771200,22.2530063800,21.8412452000,22.1903470700,4071866,100446581.0000,1.601887,0.649600
2016-08-15,22.1992984000,22.9959667700,21.8501965300,22.9959667700,10535866,266071026.0000,4.144848,3.630500
2016-08-16,23.0586260800,23.1391880500,22.6916215500,22.8258915000,7639576,195255772.0000,3.005437,-0.739600
2016-08-17,22.6289622400,22.8975021400,22.5394489400,22.6021082500,4376471,110819136.0000,1.721720,-0.980400
2016-08-18,22.7274268700,22.8169401700,22.1097851000,22.3514710100,7173775,179651235.0000,2.822189,-1.108900
2016-08-19,22.2261523900,22.4857409600,22.0202718000,22.3246170200,3524738,87529834.0000,1.386645,-0.120100
2016-08-22,22.1545417500,22.3962276600,21.7696345600,21.7696345600,3710872,91472875.0000,1.459871,-2.486000
2016-08-23,21.7069752500,22.0113204700,21.4831920000,21.6353646100,3667922,88915068.0000,1.442974,-0.616800
2016-08-24,21.6711699300,21.9665638200,21.6174619500,21.7517319000,2955783,71933706.0000,1.162816,0.537900
2016-08-25,21.6174619500,21.6890725900,20.9550635300,21.2952140700,4900660,116330999.0000,1.927938,-2.098800
2016-08-26,21.4384353500,21.7875372200,21.2325547600,21.4742406700,3819295,91923721.0000,1.502525,0.840700
2016-08-29,21.4473866800,21.4742406700,20.9640148600,21.1251388000,5055308,119689763.0000,1.988777,-1.625700
2016-08-30,21.1340901300,21.5458513100,21.0803821500,21.3936787000,3365274,80212220.0000,1.323911,1.271200
2016-08-31,21.3489220500,21.5189973200,21.2146521000,21.4115813600,2504409,59848640.0000,0.985244,0.083700
2016-09-01,21.3936787000,22.0829311100,21.3220680600,21.6264132800,6584062,160048756.0000,2.590194,1.003300
2016-09-02,21.5458513100,21.6174619500,20.9640148600,21.1251388000,5181677,122871023.0000,2.038491,-2.317900
2016-09-05,21.1698954500,21.2862627400,20.9282095400,20.9371608700,3183041,74922241.0000,1.252220,-0.889835
2016-09-06,21.0714308200,21.5727053000,20.8207935800,21.5727053000,4226966,100505910.0000,1.662904,3.035490
2016-09-07,21.5816566300,21.7069752500,21.2415060900,21.2773114100,3775911,90767632.0000,1.485457,-1.369294
2016-09-08,21.2773114100,21.7069752500,21.2504574200,21.4831920000,3206638,77051542.0000,1.261503,0.967604
2016-09-09,21.4652893400,21.6443159400,21.1251388000,21.1251388000,3656182,87053461.0000,1.438355,-1.666665
2016-09-12,20.7670856000,20.7670856000,20.0509792000,20.0599305300,5001280,114162851.0000,1.967522,-5.042375
2016-09-13,20.2479084600,20.4537890500,19.9883198900,20.2121031400,3388261,76529484.0000,1.332954,0.758590
2016-09-14,20.1136385100,21.3399707200,20.0688818600,20.8118422500,5664167,132222571.0000,2.228304,2.967228
2016-09-19,21.0714308200,21.1788467800,20.7581342700,20.9013555500,2742260,63966549.0000,1.078815,0.430109
2016-09-20,20.9192582100,20.9192582100,20.5880590000,20.6775723000,2118982,48988617.0000,0.833615,-1.070664
2016-09-21,20.6775723000,21.0177228400,20.6775723000,20.8924042200,2647115,61787095.0000,1.041385,1.038960
2016-09-22,20.9998201800,21.1519927900,20.6417669800,20.6865236300,3125178,73009759.0000,1.229456,-0.985431
2016-09-23,20.4358863900,20.9908688500,20.4179837300,20.7312802800,2764967,64209123.0000,1.087748,0.216353
2016-09-26,20.6775723000,21.3489220500,20.5970103300,20.9282095400,4325453,101687958.0000,1.675881,0.949911
2016-09-27,20.8655502300,21.4384353500,20.6775723000,21.4026300300,4416674,104490099.0000,1.711224,2.266898
2016-09-28,21.2683600800,21.7517319000,21.2325547600,21.4473866800,4681123,112706320.0000,1.813684,0.209114
2016-09-29,21.4205326900,21.9844664800,21.2415060900,21.8770505200,4221302,102126311.0000,1.635528,2.003345
2016-09-30,21.7606832300,21.9486611600,21.5727053000,21.7338292400,3813029,92783695.0000,1.477344,-0.654664
2016-10-10,21.8412452000,22.4499356400,21.8412452000,22.4409843100,6106624,151019379.0000,2.365989,3.253702
2016-10-11,22.2888117000,22.4678383000,22.1097851000,22.3067143600,4350928,108163283.0000,1.685751,-0.598323
2016-10-12,22.2261523900,22.3067143600,21.8054398800,21.8412452000,3986018,97898075.0000,1.544368,-2.086679
2016-10-13,22.0113204700,22.0113204700,21.5995592900,21.7964885500,3518963,85609990.0000,1.363409,-0.204915
2016-10-14,21.8860018500,22.2619577100,21.7606832300,22.0918824400,3546015,87345467.0000,1.373890,1.355236
2016-10-17,22.0829311100,22.1366390900,21.6085106200,21.6085106200,3077504,75257087.0000,1.192368,-2.188010
2016-10-18,21.5906079600,22.1903470700,21.5368999800,22.1455904200,3756013,92043346.0000,1.455253,2.485503
2016-10-19,22.1455904200,22.2619577100,21.6890725900,21.8143912100,3763306,92032928.0000,1.458079,-1.495549
2016-10-20,21.8322938700,22.5663029300,21.8054398800,22.3335683500,6594451,164404408.0000,2.554996,2.379975
2016-10-21,22.3783250000,22.7005728800,22.0739797800,22.5573516000,7564173,188872581.0000,2.930711,1.002004
2016-10-24,22.7005728800,23.1481393800,22.3962276600,22.4857409600,8377671,213653208.0000,3.245898,-0.317460
2016-10-25,22.3604223400,22.5394489400,22.1366390900,22.2709090400,4681094,116772193.0000,1.813673,-0.955421
2016-10-26,22.3604223400,23.4882899200,22.2888117000,23.0228207600,12828008,330370640.0000,4.970164,3.376206
2016-10-27,22.9154048000,23.3450686400,22.7900861800,23.1212853900,5971310,154065006.0000,2.313562,0.427685
2016-10-28,23.1123340600,23.3271659800,22.4051789900,22.4320329800,6538100,166281033.0000,2.533163,-2.981031
2016-10-31,22.3872763300,22.6916215500,22.1634930800,22.3783250000,4844269,121010229.0000,1.876894,-0.239423
2016-11-01,22.5573516000,23.1839447000,22.3962276600,23.0586260800,6019972,153584707.0000,2.332416,3.040001
2016-11-02,23.0586260800,25.1532373000,22.9154048000,24.4460822300,17759650,480888896.0000,6.880911,6.017078
2016-11-03,24.1059316900,24.7593787800,24.0611750400,24.2760069600,7586779,206514914.0000,2.939470,-0.695711
2016-11-04,24.2760069600,24.6788168100,23.3450686400,23.5061925800,8487185,225636109.0000,3.288329,-3.171094
2016-11-07,23.5688518900,23.9448077500,23.1391880500,23.5599005600,6605496,173072168.0000,2.559275,0.228482
2016-11-08,23.6583651900,24.6430114900,23.6583651900,24.2222989800,10633759,287459952.0000,4.120011,2.811549
2016-11-09,24.0164183900,24.3297149400,23.4524846000,23.6494138600,7494565,198762147.0000,2.903742,-2.365112
2016-11-10,24.0343210500,24.0343210500,23.5599005600,23.7657811500,5313190,141022391.0000,2.058576,0.492048
2016-11-11,23.7657811500,24.2581043000,23.6852191800,24.1864936600,6102498,163533711.0000,2.364390,1.770249
2016-11-14,24.1685910000,24.6161575000,23.7299758300,23.9269050900,4937259,132241272.0000,1.912923,-1.073282
2016-11-15,23.8105378000,24.1059316900,23.4077279500,23.9179537600,5133424,135626968.0000,1.988926,-0.037412
2016-11-16,24.0343210500,24.2939096200,23.5688518900,23.5867545500,5447425,145490293.0000,2.110585,-1.384727
2016-11-17,23.5061925800,23.5330465700,22.7811348500,22.8079888400,8995804,231175328.0000,3.485391,-3.301711
2016-11-18,22.7274268700,23.0586260800,22.6916215500,22.7005728800,3489195,88974463.0000,1.351876,-0.470953
2016-11-21,22.7184755400,23.1212853900,22.7184755400,22.9422587900,5548706,142112205.0000,2.149826,1.064663
2016-11-22,22.8258915000,23.1212853900,22.8079888400,23.0496747500,4097078,105146223.0000,1.587398,0.468205
2016-11-23,23.1839447000,23.5330465700,22.9333074600,23.1391880500,6182565,160352503.0000,2.395412,0.388351
2016-11-24,23.0765287400,23.7210245000,22.6021082500,23.4077279500,8951852,232440698.0000,3.468362,1.160539
2016-11-25,23.2734580000,24.5714008500,22.8975021400,24.3565689300,11958518,320330400.0000,4.633284,4.053535
2016-11-28,24.5176928700,25.0458213400,24.1238343500,24.1238343500,10551724,291306432.0000,4.088227,-0.955525
2016-11-29,23.9895644000,24.4281795700,23.9627104100,23.9716617400,6059580,163790779.0000,2.347762,-0.630798
2016-11-30,23.8552944500,25.0458213400,23.7568298200,24.9563080400,11124710,306712960.0000,4.310228,4.107537
2016-12-01,24.8667947400,25.0368700100,24.5445468600,25.0279186800,7709448,213685885.0000,2.986997,0.286944
2016-12-02,24.8846974000,24.8846974000,23.7926351400,24.1685910000,9309665,252113725.0000,3.606995,-3.433473
2016-12-05,23.6852191800,24.2402016400,23.3361173100,23.3898252900,4684100,124459588.0000,1.814837,-3.222225
2016-12-06,23.4345819400,23.6762678500,23.1212853900,23.1928960300,5344131,139302586.0000,2.070564,-0.841942
2016-12-07,23.1212853900,23.7389271600,23.1212853900,23.6494138600,3419643,89982378.0000,1.324928,1.968353
2016-12-08,23.5957058800,24.0074670600,23.3540199700,23.4166792800,3256451,86251113.0000,1.261700,-0.984104
2016-12-09,23.5688518900,23.7836838100,23.2734580000,23.5061925800,3350594,87916701.0000,1.298175,0.382264
2016-12-12,23.4345819400,23.5688518900,21.7517319000,21.8860018500,7500361,190111048.0000,2.905987,-6.892611
2016-12-13,21.7964885500,22.3156656900,21.0177228400,22.1097851000,7694472,186068832.0000,2.981195,1.022495
2016-12-14,21.9128558400,22.0918824400,21.5548026400,21.5995592900,3611677,88031616.0000,1.399331,-2.307699
2016-12-15,21.4831920000,22.1724444100,21.4473866800,21.6622186000,3872377,94175047.0000,1.500338,0.290102
2016-12-16,21.6532672700,22.6826702200,21.6443159400,22.5304976100,8100858,202329306.0000,3.138648,4.008262
2016-12-19,22.3604223400,22.7542808600,22.0023691400,22.2888117000,3821224,95054632.0000,1.480519,-1.072707
2016-12-20,22.3246170200,22.5125949500,22.1455904200,22.4230816500,2342073,58464621.0000,0.907428,0.602408
2016-12-21,22.4320329800,22.6200109100,22.2172010600,22.4588869700,2081717,52149054.0000,0.806554,0.159684
2016-12-22,22.4230816500,22.4588869700,21.8770505200,21.9844664800,2761288,68028899.0000,1.069851,-2.112398
2016-12-23,21.7785858900,21.9755151500,21.4115813600,21.4384353500,2742670,66168607.0000,1.062637,-2.483708
2016-12-26,21.4563380100,21.8054398800,20.9550635300,21.7785858900,2362369,56253605.0000,0.915291,1.586635
2016-12-27,21.7696345600,21.8949531800,21.6174619500,21.6174619500,1486546,36103473.0000,0.575957,-0.739829
2016-12-28,21.7248779100,21.9397098300,21.4831920000,21.8054398800,1662045,40413949.0000,0.643953,0.869569
2016-12-29,21.7964885500,22.2888117000,21.6174619500,22.1276877600,3467504,85511578.0000,1.343472,1.477827
2016-12-30,22.0292231300,22.4499356400,21.8860018500,22.1276877600,2427678,60044433.0000,0.940595,0.000000
2017-01-03,22.0650284500,22.4230816500,22.0023691400,22.1634930800,1803716,44783012.0000,0.698843,0.161816
2017-01-04,22.2172010600,22.3514710100,22.0202718000,22.2172010600,3580583,88964266.0000,1.387284,0.242324
2017-01-05,22.3872763300,22.6379135700,22.2440550500,22.2888117000,4324710,108420005.0000,1.675593,0.322320
2017-01-06,22.2709090400,22.3604223400,22.0202718000,22.0560771200,2777283,68607322.0000,1.076048,-1.044178
2017-01-09,21.8680991900,22.1545417500,21.7875372200,21.7964885500,2679226,65562951.0000,1.038056,-1.176944
2017-01-10,21.7964885500,22.0650284500,21.6174619500,21.6174619500,2099121,51165904.0000,0.813297,-0.821358
2017-01-11,21.5637539700,21.9576124900,21.4384353500,21.6264132800,2168700,52594294.0000,0.840255,0.041409
2017-01-12,21.4473866800,21.7069752500,21.0087715100,21.0535281600,3843608,91422052.0000,1.489192,-2.649004
2017-01-13,21.1430414600,21.1430414600,20.3016164400,20.3911297400,5499700,126128598.0000,2.130838,-3.146258
2017-01-16,20.3195191000,20.3642757500,18.3502265000,18.9231116200,7848501,169651570.0000,3.040873,-7.199303
2017-01-17,18.7977930000,19.4422887600,18.5382044300,19.1558462000,4379673,92470001.0000,1.696888,1.229897
2017-01-18,19.1379435400,19.2185055100,18.7351336900,18.7530363500,3071095,64960198.0000,1.189884,-2.102798
2017-01-19,18.6635230500,18.8962576300,18.5382044300,18.6277177300,3129679,65284391.0000,1.212583,-0.668264
2017-01-20,18.6993283700,19.7287313200,18.6456203900,19.3438241300,5311546,114564006.0000,2.057939,3.844311
2017-01-23,19.5138994000,20.3732270800,19.5138994000,20.0509792000,4497980,100974466.0000,1.742726,3.655710
2017-01-24,20.0599305300,20.2300058000,19.8271959500,19.9077579200,1706910,38097160.0000,0.661336,-0.714285
2017-01-25,19.9435632400,20.3553244200,19.8898552600,20.2389571300,1492000,33700576.0000,0.578070,1.663673
2017-01-26,20.3732270800,20.4716917100,20.1852491500,20.2300058000,1720717,39011428.0000,0.666685,-0.044229
2017-02-03,20.3016164400,20.3016164400,19.8898552600,20.1225898400,2464897,55262014.0000,0.955015,-0.530977
2017-02-06,20.1225898400,20.4537890500,19.9435632400,20.3195191000,1950763,44212795.0000,0.755816,0.978653
2017-02-07,20.2300058000,20.4090324000,20.0330765400,20.1404925000,2175894,49136179.0000,0.843042,-0.881061
2017-02-08,19.9883198900,20.6865236300,19.9883198900,20.6775723000,3832364,87460983.0000,1.484835,2.666668
2017-02-09,20.5880590000,20.7581342700,20.5074970300,20.6417669800,2346891,54032731.0000,0.909294,-0.173164
2017-02-10,20.7044262900,20.7044262900,20.4358863900,20.5880590000,1842524,42245620.0000,0.713879,-0.260188
2017-02-13,20.5164483600,20.5791076700,20.1852491500,20.4179837300,3843241,87438192.0000,1.489050,-0.826089
2017-02-14,20.4537890500,20.5253996900,20.1404925000,20.2568597900,3116992,70618587.0000,1.207667,-0.789129
2017-02-15,20.2479084600,20.3732270800,20.0420278700,20.0957358500,2354419,53188710.0000,0.912211,-0.795397
2017-02-16,20.0509792000,20.3911297400,19.9167092500,20.1852491500,3176817,71571341.0000,1.230846,0.445427
2017-02-17,20.2210544700,20.2926651100,19.7108286600,19.9883198900,2523959,56453498.0000,0.977899,-0.975607
2017-02-20,20.1315411700,20.7223289500,19.8719526000,20.5880590000,7526854,171922553.0000,2.916252,3.000448
2017-02-21,20.4985457000,21.2146521000,20.4985457000,20.9998201800,5923802,138567313.0000,2.295155,1.999996
2017-02-22,20.9729661900,21.3041654000,20.7760369300,21.0356255000,4475780,105441470.0000,1.734124,0.170507
2017-02-23,21.0356255000,21.5368999800,20.9103068800,21.3757760400,5818482,138620424.0000,2.254349,1.617018
2017-02-24,21.3757760400,21.5189973200,21.1788467800,21.3757760400,3165241,75520966.0000,1.226361,0.000000
2017-02-27,21.4473866800,21.5548026400,21.0893334800,21.1609441200,3907385,92874639.0000,1.513902,-1.005024
2017-02-28,21.1698954500,22.1992984000,21.1251388000,21.9755151500,8327627,203788617.0000,3.226508,3.849407
2017-03-01,21.9576124900,22.5125949500,21.9576124900,22.2082497300,6046940,150718650.0000,2.342865,1.059064
2017-03-02,22.1992984000,22.2619577100,21.8322938700,21.9576124900,3411860,83871201.0000,1.321913,-1.128572
2017-03-03,21.9218071700,22.4320329800,21.6980239200,22.1992984000,3031219,74822495.0000,1.174435,1.100687
2017-03-06,22.2888117000,23.1660420400,22.1097851000,22.9780641100,6918931,177302164.0000,2.680714,3.508068
2017-03-07,23.0138694300,23.3450686400,22.6021082500,22.8348428300,5257866,134452199.0000,2.037141,-0.623295
2017-03-08,22.8706481500,22.9959667700,22.5394489400,22.6916215500,3489492,88703293.0000,1.351991,-0.627204
2017-03-09,22.7363782000,22.7632321900,22.2977630300,22.5752542600,2929763,73741233.0000,1.135126,-0.512825
2017-03-10,22.5304976100,22.7721835200,22.3156656900,22.5573516000,2889216,72679138.0000,1.119416,-0.079296
2017-03-13,22.5573516000,22.9691127800,22.3514710100,22.8706481500,4411614,111695327.0000,1.709264,1.388883
2017-03-14,22.9691127800,22.9691127800,22.0202718000,22.0650284500,7277942,181752949.0000,2.819812,-3.522503
2017-03-15,22.2172010600,22.2440550500,21.8233425400,21.9934178100,4498479,110680629.0000,1.742919,-0.324543
2017-03-16,22.0292231300,23.4882899200,22.0292231300,23.3182146500,13688407,349904032.0000,5.303523,6.023604
2017-03-17,23.2913606600,23.3719226300,22.8348428300,22.8348428300,7435681,191664394.0000,2.880927,-2.072933
2017-03-20,22.7184755400,22.9422587900,22.2798603700,22.5573516000,6234598,156630088.0000,2.415572,-1.215208
2017-03-21,22.6289622400,22.6647675600,22.3067143600,22.4857409600,4710605,118082728.0000,1.825107,-0.317460
2017-03-22,22.2977630300,22.4588869700,21.9307585000,22.1634930800,5851505,144692422.0000,2.267144,-1.433123
2017-03-23,22.1992984000,22.7005728800,22.0918824400,22.5036436200,6141890,153819929.0000,2.379653,1.534730
2017-03-24,22.4678383000,22.6826702200,22.0381744600,22.3335683500,5390695,134315117.0000,2.088605,-0.755762
2017-03-27,22.3335683500,22.4409843100,22.0381744600,22.1545417500,2853924,70784416.0000,1.105742,-0.801606
2017-03-28,22.1992984000,22.5931569200,22.0560771200,22.2977630300,3759140,93792274.0000,1.456465,0.646464
2017-03-29,22.3514710100,22.4588869700,21.6174619500,21.6264132800,5826276,142371335.0000,2.257369,-3.010839
2017-03-30,21.6443159400,21.7517319000,21.0803821500,21.1788467800,4600703,110020818.0000,1.782525,-2.069536
2017-03-31,21.3041654000,21.3578733800,20.7312802800,20.9282095400,5248784,123089485.0000,2.033622,-1.183435
2017-04-05,21.0445768300,21.6443159400,21.0445768300,21.5548026400,4748435,113477138.0000,1.839764,2.994015
2017-04-06,21.5279486500,21.5906079600,21.1430414600,21.1698954500,5291006,125849054.0000,2.049981,-1.785715
2017-04-07,21.2057007700,21.3399707200,20.9461122000,21.2236034300,4316570,102028176.0000,1.672439,0.253698
2017-04-10,20.9461122000,20.9461122000,19.9435632400,19.9435632400,8860580,200375275.0000,3.432999,-6.031204
2017-04-11,19.9614659000,20.3642757500,19.8361472800,20.3016164400,3853971,86516127.0000,1.493207,1.795330
2017-04-12,20.1852491500,20.2389571300,19.8361472800,20.0420278700,3683200,82450298.0000,1.427042,-1.278664
2017-04-13,20.1762978200,20.1852491500,19.5676073800,19.6929260000,4598816,102028459.0000,1.781794,-1.741846
2017-04-14,19.7376826500,19.8540499400,19.5138994000,19.6750233400,2686329,59021235.0000,1.040808,-0.090911
2017-04-17,19.6481693500,19.9793685600,19.2364081700,19.7287313200,3147721,69366338.0000,1.219573,0.272982
2017-04-18,19.7376826500,19.8271959500,19.3617267900,19.4512400900,4247364,92608821.0000,1.645626,-1.406540
2017-04-19,19.2990674800,19.7824393000,19.2543108300,19.7287313200,3065100,66701885.0000,1.187562,1.426605
2017-04-20,19.6929260000,19.8809039300,19.2095541800,19.4959967400,3170794,69096178.0000,1.228512,-1.179674
2017-04-21,19.6034127000,19.7466339800,19.2185055100,19.2901161500,2550263,55453380.0000,0.988090,-1.056021
2017-04-24,19.2901161500,19.3706781200,18.8694036400,18.8873063000,2609497,55436074.0000,1.011040,-2.088162
2017-04-25,18.9320629500,19.1827001900,18.8067443300,18.9857709300,2452578,52125346.0000,0.950242,0.521321
2017-04-26,19.0484302400,19.3348728000,18.9052089600,19.1558462000,2627537,56081897.0000,1.018030,0.895806
2017-04-27,19.1558462000,19.9525145700,18.9320629500,19.6929260000,3969345,86497506.0000,1.537908,2.803740
2017-04-28,19.6929260000,19.8898552600,19.5676073800,19.7555853100,2918203,64282339.0000,1.130647,0.318180
2017-05-02,19.6034127000,19.9077579200,19.5676073800,19.8630012700,3520575,77799246.0000,1.364034,0.543728
2017-05-03,19.8450986100,19.8450986100,19.4243861000,19.4780940800,2876834,62907334.0000,1.114619,-1.937811
2017-05-04,19.2453595000,19.5318020600,19.2453595000,19.2632621600,1559726,33742453.0000,0.604310,-1.102940
2017-05-05,19.1558462000,19.4333374300,18.9947222600,19.0305275800,1787272,38322312.0000,0.692472,-1.208179
2017-05-08,19.0126249200,19.2453595000,18.9857709300,19.0484302400,1825383,39032070.0000,0.707238,0.094076
2017-05-09,19.0215762500,19.2632621600,18.6545717200,19.1647975300,2075196,43899832.0000,0.804027,0.610898
2017-05-10,19.1737488600,19.6571206800,19.1647975300,19.2006028500,3034675,65807521.0000,1.175774,0.186833
2017-05-11,19.1558462000,19.5676073800,18.6366690600,19.5138994000,3044948,65205560.0000,1.179754,1.631694
2017-05-12,19.5049480700,19.8361472800,19.4601914200,19.8003419600,5239696,115177274.0000,2.030101,1.467897
2017-05-15,19.8361472800,19.9525145700,19.6123640300,19.9256605800,2674609,59143820.0000,1.036267,0.632909
2017-05-16,19.9435632400,20.1404925000,19.5855100400,20.0957358500,2820372,62701901.0000,1.092743,0.853551
2017-05-17,19.9972712200,20.0957358500,19.8092932900,19.8182446200,2401103,53527072.0000,0.930299,-1.380852
2017-05-18,19.7376826500,19.9256605800,19.6481693500,19.8003419600,1607237,35503615.0000,0.622718,-0.090328
2017-05-19,19.8361472800,19.8361472800,19.5586560500,19.5676073800,1191097,26172393.0000,0.461486,-1.175408
2017-05-22,19.6034127000,19.8898552600,19.4422887600,19.6660720100,1923084,42212535.0000,0.745092,0.503196
2017-05-23,19.6034127000,19.7376826500,19.2632621600,19.6302666900,2921934,63762151.0000,1.132093,-0.182062
2017-05-24,19.5855100400,19.9167092500,19.2811648200,19.8540499400,2276089,49914080.0000,0.881862,1.139991
2017-05-25,19.7376826500,20.0957358500,19.4959967400,19.9883198900,3113609,69104983.0000,1.206356,0.676283
2017-05-26,19.8809039300,20.4179837300,19.8809039300,20.2926651100,3603746,81175405.0000,1.396258,1.522616
2017-05-31,20.5164483600,20.6686209700,20.0151738800,20.3195191000,4357981,98631139.0000,1.688484,0.132336
2017-06-01,20.1942004800,20.2926651100,19.3348728000,19.6034127000,3349825,74175770.0000,1.297877,-3.524234
2017-06-02,19.5049480700,19.6392180200,18.6903770400,19.1110895500,4326838,91844469.0000,1.676417,-2.511412
2017-06-05,19.1200408800,19.3975321100,18.9947222600,19.2274568400,2470955,52988529.0000,0.957362,0.608895
2017-06-06,19.2453595000,19.3169701400,19.0215762500,19.2453595000,2198545,47129963.0000,0.851818,0.093112
2017-06-07,19.3796294500,20.0062225500,19.2006028500,19.9704172300,3744033,82443271.0000,1.450612,3.767439
2017-06-08,20.0062225500,20.0062225500,19.7018773300,19.7376826500,2194748,48537093.0000,0.850347,-1.165398
2017-06-09,19.8361472800,19.8361472800,19.0484302400,19.3796294500,4994262,108070961.0000,1.935008,-1.814057
2017-06-12,19.1558462000,19.2811648200,18.9857709300,19.0573815700,2888442,61600067.0000,1.119116,-1.662812
2017-06-13,19.0663329000,19.3617267900,18.9857709300,19.2453595000,2674353,57299098.0000,1.036168,0.986374
2017-06-14,19.2006028500,19.2453595000,19.0752842300,19.1558462000,1509254,32271387.0000,0.584755,-0.465118
2017-06-15,19.1916515200,19.5765587100,19.0305275800,19.4691427500,4798873,103581027.0000,1.859306,1.635516
2017-06-16,19.4333374300,19.4691427500,19.1200408800,19.1468948700,2945915,63411614.0000,1.141384,-1.655175
2017-06-19,19.1468948700,19.2811648200,19.0305275800,19.2095541800,2115828,45213748.0000,0.819770,0.327254
2017-06-20,19.2901161500,19.3975321100,19.2095541800,19.2185055100,1925053,41505441.0000,0.745855,0.046599
2017-06-21,19.2364081700,19.3169701400,18.9499656100,19.3080188100,3016781,64481108.0000,1.168841,0.465768
2017-06-22,19.3080188100,19.3796294500,18.9768196000,18.9768196000,2452978,52576152.0000,0.950397,-1.715340
2017-06-23,18.9141602900,19.2274568400,18.6366690600,19.1379435400,3404423,72039308.0000,1.319031,0.849049
2017-06-26,19.1289922100,19.3527754600,18.9768196000,19.3259214700,2382718,51145790.0000,0.923175,0.982231
2017-06-27,19.2006028500,19.4154347700,19.0931868900,19.1110895500,1741774,37407689.0000,0.674844,-1.111625
2017-06-28,19.1110895500,19.1110895500,18.6993283700,18.6993283700,2864310,60268600.0000,1.109766,-2.154571
2017-06-29,18.6993283700,18.8425496500,17.9295139900,18.2159565500,5850456,119691903.0000,2.266738,-2.584964
2017-06-30,18.1174919200,18.4218371400,18.0100759600,18.3323238400,2316497,47185565.0000,0.892332,0.638817
2017-07-03,18.4218371400,18.5561070900,18.2607132000,18.5203017700,1840388,37857456.0000,0.708931,1.025396
2017-07-04,18.5740097500,18.6098150700,18.3054698500,18.5292531000,1713500,35320158.0000,0.660053,0.048334
2017-07-05,18.5292531000,18.5829610800,18.3949831500,18.5292531000,1559632,32255042.0000,0.600782,0.000000
2017-07-06,18.5292531000,18.6456203900,18.2696645300,18.4576424600,2313614,47747376.0000,0.891222,-0.386473
2017-07-07,18.4757664100,18.7657244900,18.4395216500,18.6298066400,2043888,42010471.0000,0.787321,0.932737
2017-07-10,18.7294797300,19.1462944700,18.7294797300,18.8925811500,3935712,82324568.0000,1.516066,1.410510
2017-07-11,18.8653975800,19.0194378100,18.6388678300,18.6388678300,1518192,31547116.0000,0.584819,-1.342929
2017-07-12,18.5754395000,18.6479290200,18.2764202300,18.5754395000,1862560,37952760.0000,0.717472,-0.340300
2017-07-13,18.3489097500,18.6388678300,18.2401754700,18.2854814200,1653985,33621311.0000,0.637128,-1.560974
2017-07-14,18.2854814200,18.5120111700,18.2673590400,18.4123380800,968520,19673556.0000,0.373081,0.693753
2017-07-17,18.2945426100,18.3579709400,16.8719357800,16.9716088700,3898221,75587871.0000,1.501624,-7.824804
2017-07-18,16.9353641100,17.0259760100,16.2285912900,16.5094881800,4195455,76623674.0000,1.616121,-2.722906
2017-07-19,16.6363448400,17.2706281400,16.3735703300,17.0169148200,2720744,50755406.0000,1.048051,3.073553
2017-07-20,17.0350372000,17.1800162400,16.7632015000,16.8085074500,1921719,35912717.0000,0.740261,-1.224715
2017-07-21,16.8356910200,17.1800162400,16.7178955500,16.7722626900,2005940,37514664.0000,0.772703,-0.215628
2017-07-24,16.7178955500,17.4427907500,16.6091612700,17.3884236100,3268979,61939995.0000,1.259236,3.673692
2017-07-25,17.2887505200,17.6240145500,17.1075267200,17.2615669500,2176420,41608643.0000,0.838374,-0.729553
2017-07-26,17.2615669500,17.5787086000,17.1618938600,17.5787086000,2161541,41515602.0000,0.832642,1.837272
2017-07-27,17.5787086000,18.9288259100,17.5334026500,18.8744587700,7205241,146321500.0000,2.775514,7.371136
2017-07-28,19.0013154300,19.9255568100,18.8472752000,19.7987001500,11445712,245235560.0000,4.408975,4.896786
2017-07-31,19.4815585000,19.4815585000,18.8744587700,19.0738049500,12352423,260383273.0000,4.758247,-3.661332
2017-08-01,19.0828661400,19.3547018400,18.6841737800,19.2550287500,8228558,172843882.0000,3.169703,0.950122
2017-08-02,19.1644168500,19.1644168500,18.6932349700,18.7204185400,4291171,89495743.0000,1.652992,-2.776471
2017-08-03,18.7204185400,19.2459675600,18.6026230700,18.7929080600,5366305,112021601.0000,2.067141,0.387221
2017-08-04,18.6932349700,18.8110304400,18.3217261800,18.3307873700,4045024,82999288.0000,1.558174,-2.459018
2017-08-07,18.3579709400,19.2006616100,18.3579709400,18.9288259100,5231666,109384866.0000,2.015278,3.262481
2017-08-08,18.8472752000,19.7533942000,18.7022961600,19.5631092100,8433797,180321134.0000,3.248763,3.350889
2017-08-09,19.4362525500,20.2608208400,19.3728242200,19.8711896700,13212611,291279472.0000,5.089598,1.574804
2017-08-10,19.7533942000,20.0886582300,19.3456406500,19.9164956200,7498730,163527208.0000,2.888568,0.227995
2017-08-11,19.5178032600,20.2698820300,19.5178032600,19.8440061000,8185558,180136600.0000,3.153139,-0.363967
2017-08-14,19.9889851400,20.7048191500,19.7987001500,20.4782894000,10014416,225086011.0000,3.857629,3.196351
2017-08-15,20.3876775000,20.4782894000,20.0795970400,20.3242491700,6124450,136770792.0000,2.359185,-0.752213
2017-08-16,20.2336372700,20.5145341600,19.9799239500,20.0071075200,7733762,173245162.0000,2.979104,-1.560412
2017-08-17,19.8893120500,20.4511058300,19.7987001500,20.0977194200,7778134,172520898.0000,2.996196,0.452900
2017-08-18,19.8983732400,20.2064537000,19.5631092100,19.6627823000,5773091,126401415.0000,2.223839,-2.164110
2017-08-21,19.6627823000,20.0614746600,19.5721704000,19.8349449100,4410893,96591517.0000,1.699110,0.875570
2017-08-22,19.6899658700,19.8983732400,19.4815585000,19.5631092100,4265892,92390806.0000,1.643254,-1.370485
2017-08-23,19.5268644500,19.8893120500,19.5087420700,19.6537211100,3782825,82139212.0000,1.457173,0.463179
2017-08-24,19.6265375400,19.7080882500,19.1462944700,19.2006616100,4537808,96840853.0000,1.747998,-2.305210
2017-08-25,19.1734780400,19.6446599200,19.1553556600,19.6355987300,4437838,95061775.0000,1.709489,2.265217
2017-08-28,19.5721704000,20.2970656000,19.5540480200,19.8621284800,6689086,147479271.0000,2.576687,1.153669
2017-08-29,19.8349449100,19.9980463300,19.6537211100,19.7805777700,3557700,77619135.0000,1.370453,-0.410585
2017-08-30,19.7533942000,20.0886582300,19.6718434900,19.7443330100,3491255,76495625.0000,1.344858,-0.183230
2017-08-31,19.8440061000,20.2608208400,19.7080882500,20.2517596500,5871189,129867062.0000,2.261627,2.569984
2017-09-01,20.1883313200,20.3333103600,19.9346180000,20.2064537000,4980462,110695395.0000,1.918512,-0.223719
2017-09-04,20.1067806100,20.6142072500,19.6627823000,20.4148610700,8515793,189319845.0000,3.280348,1.031397
2017-09-05,20.2608208400,20.3876775000,19.9436791900,20.0705358500,5861748,130258814.0000,2.257990,-1.686645
2017-09-06,20.0161687100,20.3876775000,19.8349449100,20.2970656000,6126096,136064496.0000,2.359819,1.128668
2017-09-07,20.3423715500,21.0491443700,20.3333103600,20.4329834500,10941184,249591860.0000,4.214627,0.669641
2017-09-08,20.3514327400,20.4420446400,19.9164956200,20.0795970400,4678401,104267930.0000,1.802156,-1.729487
2017-09-11,20.1158418000,20.4329834500,19.8258837200,19.9346180000,5028681,111389143.0000,1.937086,-0.722021
2017-09-12,19.9346180000,20.0886582300,19.4906196900,19.4996808800,6142104,133369795.6400,2.365985,-2.181816
2017-09-13,19.4996808800,19.7352718200,19.2550287500,19.7080882500,3515163,75663404.2400,1.354068,1.068771
2017-09-14,19.6537211100,19.7080882500,19.3728242200,19.4815585000,2785346,60001735.9200,1.072936,-1.149425
2017-09-15,19.4906196900,19.5359256400,19.3093958900,19.3909466000,1963947,42021509.4800,0.756527,-0.465118
2017-09-18,19.4181301700,19.8077613400,19.2640899400,19.7987001500,3903789,84451652.6000,1.503769,2.102807
2017-09-19,19.6627823000,19.7987001500,19.3184570800,19.4181301700,3729448,80639016.2300,1.436612,-1.922197
2017-09-20,19.3547018400,20.5326565400,19.3184570800,20.2970656000,10048576,222597041.5800,3.870788,4.526362
2017-09-21,20.2970656000,21.2394293600,20.2245760800,20.4329834500,15091924,345370937.1800,5.813524,0.669641
2017-09-22,20.4148610700,20.6595132000,20.0252299000,20.5960848700,8614094,193723742.0400,3.318215,0.798227
2017-09-25,20.4601670200,20.6776355800,19.4815585000,19.4815585000,7815216,173306128.4800,2.965828,-5.411349
2017-09-26,19.5359256400,19.6990270600,18.6660514000,18.9469482900,7524979,158290172.2800,2.855685,-2.744187
2017-09-27,18.9378871000,19.2369063700,18.8744587700,19.0919273300,3426847,72039693.9300,1.300468,0.765183
2017-09-28,19.1009885200,19.6627823000,18.9469482900,19.4362525500,4250536,91097702.4400,1.613053,1.803517
2017-09-29,19.4724973100,20.0433522800,19.2912735100,19.7987001500,4978912,107905986.6100,1.889468,1.864800
2017-10-09,20.1883313200,20.3786163100,19.8621284800,19.9346180000,5064213,112415129.3300,1.921839,0.686497
2017-10-10,19.9708627600,20.3242491700,19.8621284800,20.2789432200,5038000,112069596.7600,1.911891,1.727269
2017-10-11,20.1611477500,20.2608208400,19.6265375400,19.6990270600,4900360,107661695.4600,1.859658,-2.859694
2017-10-12,19.6990270600,20.1067806100,19.6718434900,19.8893120500,3297756,72297861.8400,1.251479,0.965966
2017-10-13,19.8983732400,20.3695551200,19.4362525500,20.2789432200,6690051,147589127.2600,2.538835,1.958990
2017-10-16,19.9255568100,19.9346180000,19.0556825700,19.0556825700,7148986,153950070.4400,2.712998,-6.032165
2017-10-17,19.0284990000,19.1462944700,18.7385409200,18.7385409200,3520600,73452886.0500,1.336047,-1.664291
2017-10-18,18.8653975800,18.9560094800,18.5754395000,18.5754395000,2850997,59138548.4100,1.081937,-0.870408
2017-10-19,18.6660514000,18.6660514000,18.3036038000,18.5120111700,2513911,51289638.9100,0.954014,-0.341462
2017-10-20,18.5120111700,18.9831930500,18.4395216500,18.9378871000,1821827,37797113.8500,0.691373,2.300535
2017-10-23,18.6207454500,18.6569902100,18.1948695200,18.6026230700,3754546,76327473.2300,1.424828,-1.770330
2017-10-24,18.5210723600,18.6026230700,18.3670321300,18.5845006900,1846242,37693258.6300,0.700638,-0.097421
2017-10-25,18.6116842600,18.8382140100,18.5754395000,18.6841737800,1765850,36453833.7600,0.670130,0.536327
2017-10-26,18.5754395000,18.6569902100,18.1042576200,18.2129919000,4146502,83780075.1000,1.573573,-2.521826
2017-10-27,18.2220530900,18.3760933200,17.7055652600,17.7418100200,4528929,89981847.8000,1.718702,-2.587067
2017-10-30,17.7327488300,17.8052383500,17.2343833800,17.2434445700,2716035,52140283.1700,1.030719,-2.808985
2017-10-31,17.3793624200,17.4880967000,17.3068729000,17.4156071800,1480437,28463054.2200,0.561817,0.998416
2017-11-01,17.3974848000,17.7780547800,17.3884236100,17.6058921700,2040544,39708894.6600,0.774374,1.092617
2017-11-02,17.5334026500,17.7780547800,17.4609131300,17.5605862200,2063548,40129774.2800,0.783104,-0.257340
2017-11-03,17.6874428800,17.7871159700,17.4699743200,17.5877697900,2132768,41484210.2000,0.809373,0.154802
2017-11-06,17.6240145500,18.1133188100,17.6240145500,18.0498904800,3485858,69154548.4200,1.322863,2.627513
2017-11-07,17.9411562000,18.1586247600,17.7599324000,18.1223800000,2547620,50562477.5000,0.966807,0.401606
2017-11-08,18.1314411900,18.3851545100,18.0136457200,18.0136457200,3686980,74195299.5400,1.399187,-0.600004
2017-11-09,18.1042576200,18.2129919000,17.8142995400,18.1948695200,2598963,51717664.3800,0.986291,1.006040
2017-11-10,18.2129919000,18.5391947400,18.0408292900,18.1948695200,3029071,61078053.2800,1.149515,0.000000
2017-11-13,18.2129919000,18.4395216500,17.8777278700,18.3489097500,3091033,61996011.9800,1.173029,0.846614
2017-11-14,18.4667052200,18.4757664100,17.9139726300,17.9230338200,2555452,51233772.5200,0.969779,-2.320984
2017-11-15,17.8505443000,17.9864621500,17.4699743200,17.5334026500,2163758,42372812.0300,0.821133,-2.173915
2017-11-16,17.5334026500,17.7689935900,17.5152802700,17.5515250300,1447879,28213358.9700,0.549462,0.103361
2017-11-17,17.7327488300,17.7327488300,16.7541403100,16.8991193500,3000236,56631477.8100,1.138572,-3.717094
2017-11-20,16.8719357800,16.9353641100,16.5819777000,16.8085074500,2419558,44708654.1200,0.918208,-0.536195
2017-11-21,16.9444253000,16.9625476800,16.3101420000,16.5457329400,4936559,90305712.8200,1.873395,-1.563337
2017-11-22,16.5457329400,18.2039307100,16.3282643800,18.2039307100,18377015,364565061.7800,6.973969,10.021910
2017-11-23,18.1314411900,18.8200916300,17.8324219200,18.0680128600,20052498,405712220.8200,7.609805,-0.746638
2017-11-24,17.7599324000,18.3760933200,17.6693205000,17.7780547800,10897349,217450586.0600,4.135480,-1.604813
2017-11-27,17.5334026500,17.6511981200,16.3554479500,16.7269567400,9853710,184277752.9000,3.739425,-5.912343
2017-11-28,16.7360179300,18.4032768900,16.6907119800,18.4032768900,13064159,255741305.0900,4.957771,10.021670
2017-11-29,18.3942157000,19.2731511300,18.0951964300,18.9016423400,21222922,436099050.3000,8.053974,2.708031
2017-11-30,18.7566633000,19.1553556600,18.3489097500,18.5935618800,13169224,271213286.3500,4.997643,-1.629914
2017-12-01,18.5845006900,19.4815585000,18.5845006900,18.8835199600,15861858,333935810.4400,6.019482,1.559453
2017-12-04,18.7113573500,19.2822123200,18.4576440300,18.6207454500,12031260,249331164.4900,4.565792,-1.391559
2017-12-05,18.6298066400,18.9831930500,18.0861352400,18.4848276000,12251769,250404812.2100,4.649474,-0.729925
2017-12-06,18.2854814200,19.8258837200,18.1314411900,19.6265375400,21289342,450834601.0300,8.079180,6.176472
2017-12-07,19.3909466000,19.7080882500,19.1372332800,19.4181301700,14447944,309260078.8700,5.482910,-1.061863
2017-12-08,19.2278451800,20.0705358500,19.1372332800,19.4634361200,17663404,384060165.3300,6.703158,0.233314
2017-12-11,19.3184570800,19.6990270600,19.1916004200,19.5721704000,11031987,237027912.5700,4.186574,0.558663
2017-12-12,19.4181301700,19.6265375400,19.1281720900,19.1281720900,10945397,233263941.2300,4.153714,-2.268517
2017-12-13,19.0375601900,19.6809046800,18.8744587700,19.6627823000,12126936,257775791.1500,4.602101,2.794884
2017-12-14,19.6718434900,19.6990270600,19.1191109000,19.3184570800,9836361,210672965.0100,3.732841,-1.751157
2017-12-15,19.2369063700,19.4362525500,18.7476021100,19.0284990000,10541085,221647458.3700,4.000280,-1.500937
2017-12-18,18.9378871000,19.0284990000,17.7871159700,17.8958502500,11011594,223591966.5700,4.178835,-5.952381
2017-12-19,17.9411562000,18.1676859500,17.7055652600,18.0408292900,7085036,140458775.8700,2.688729,0.810126
2017-12-20,17.9502173900,18.1767471400,17.6602593100,17.8958502500,6407124,126651713.4800,2.431466,-0.803616
2017-12-21,18.0770740500,18.6388678300,17.9230338200,18.4123380800,10126212,204551041.5500,3.842838,2.886074
2017-12-22,18.2401754700,18.4123380800,18.0951964300,18.1676859500,5021747,100977063.6900,1.905723,-1.328742
2017-12-25,18.0589516700,18.1042576200,17.3521788500,17.4427907500,6635529,129134787.5500,2.518144,-3.990021
2017-12-26,17.4337295600,17.7599324000,17.3068729000,17.6421369300,3838046,74400834.2400,1.456516,1.142854
2017-12-27,17.6421369300,17.6421369300,17.0712819600,17.1347102900,6467367,123323003.6000,2.454328,-2.876217
2017-12-28,17.1075267200,17.3974848000,17.0440983900,17.1075267200,4205831,79791981.7500,1.596088,-0.158650
2017-12-29,17.1075267200,17.6240145500,17.0712819600,17.4156071800,5916254,113751582.8800,2.245183,1.800848
2018-01-02,17.4156071800,17.5696474100,17.2253221900,17.5062190800,3908313,75186168.7800,1.483182,0.520293
2018-01-03,17.4880967000,17.7871159700,17.3340564700,17.6693205000,5979223,115986548.0200,2.269080,0.931679
2018-01-04,17.7146264500,17.8324219200,17.5515250300,17.6874428800,5805451,113301996.4300,2.203134,0.102567
2018-01-05,17.5515250300,17.6783816900,17.1165879100,17.1709550500,7541738,143989172.5600,2.862045,-2.920080
2018-01-08,17.1981386200,17.3521788500,16.8356910200,17.3521788500,5601054,105616394.5000,2.125567,1.055403
2018-01-09,17.3521788500,17.3521788500,17.0803431500,17.1709550500,3228759,61223258.4600,1.225295,-1.044380
2018-01-10,17.0894043400,17.3159340900,16.8356910200,17.1981386200,4678785,88359405.5500,1.775571,0.158305
2018-01-11,17.1347102900,17.6693205000,16.9172417300,17.4699743200,6899757,132725269.7200,2.618417,1.580617
2018-01-12,17.4880967000,17.5696474100,17.2706281400,17.2796893300,3952365,75822137.6600,1.499899,-1.089217
2018-01-15,17.2434445700,18.0317681000,16.5910388900,16.6907119800,6218560,117735302.5800,2.359907,-3.408493
2018-01-16,16.6001000800,16.7632015000,16.4460598500,16.6001000800,4482431,82150423.7700,1.701056,-0.542890
2018-01-17,16.5819777000,17.0803431500,16.2467136700,16.8175686400,5663379,104207133.7500,2.149219,1.310043
2018-01-18,16.8538134000,16.8900581600,16.6272836500,16.6725896000,2942982,54283358.8000,1.116844,-0.862068
2018-01-19,16.5638553200,16.7541403100,16.3554479500,16.4098150900,4774948,87249059.8200,1.812065,-1.576082
2018-01-22,16.4007539000,16.7632015000,15.9567555900,16.5457329400,4976668,90165101.2200,1.888616,0.828269
2018-01-23,16.4732434200,16.5547941300,16.1289182000,16.2648360500,5740983,103378426.7400,2.178669,-1.697697
2018-01-24,16.1742241500,16.6272836500,16.1470405800,16.6001000800,6531028,118610207.0200,2.478487,2.061275
2018-01-25,16.5185493700,16.8356910200,16.3916927100,16.4007539000,6564825,120396889.9300,2.491312,-1.200870
2018-01-26,16.4007539000,16.5729165100,16.2104689100,16.2376524800,4817900,86921561.0000,1.828365,-0.994477
2018-01-29,16.1923465300,16.2920196200,15.4130841900,15.4765125200,7631702,133164040.2200,2.896186,-4.687501
2018-01-30,15.4040230000,15.5127572800,14.9600246900,15.0234530200,5887620,98761986.8800,2.234317,-2.927401
2018-01-31,14.9147187400,15.1593708700,14.4072921000,14.4072921000,6996222,113857111.9100,2.655025,-4.101329
2018-02-01,14.4525980500,14.6156994700,13.7005192800,13.9632937900,6512265,101453817.1200,2.471366,-3.081760
2018-02-02,13.9179878400,14.0357833100,12.5678705300,12.8397062300,11811511,171816522.3200,4.482399,-8.046721
2018-02-05,12.6856660000,12.9121957500,12.5406869600,12.6856660000,7633413,107307465.8500,2.896835,-1.199718
2018-02-06,12.4863198200,12.5406869600,11.7886081900,11.7886081900,7634620,102528103.1600,2.897293,-7.071427
2018-02-07,12.0785662700,12.4047691100,11.6164455800,12.2326065000,8399197,112350619.3800,3.187446,3.766332
2018-02-08,12.0785662700,12.5406869600,12.0513827000,12.4138303000,5214919,71259490.2200,1.979031,1.481480
2018-02-09,11.9698319900,12.2688512600,11.8157917600,12.0785662700,6602509,87677054.2100,2.505613,-2.700729
2018-02-12,12.1873005500,12.6494212400,12.1238722200,12.5769317200,5878109,80717782.3600,2.230708,4.126033
2018-02-13,12.5044422000,12.6584824300,12.3413407800,12.3957079200,4891922,67554046.9000,1.856456,-1.440921
2018-02-14,12.3957079200,12.4863198200,12.3050960200,12.3957079200,2521674,34501314.7600,0.956960,0.000000
2018-02-22,12.5316257700,12.7400331400,12.4047691100,12.6312988600,4375404,60904107.6800,1.660440,1.900579
2018-02-23,12.5588093400,12.6494212400,12.3866467300,12.5316257700,3553794,49080130.0400,1.348644,-0.789094
2018-02-26,12.6494212400,13.6642745200,12.5769317200,13.4558671500,10268438,149433594.7800,3.896812,7.375275
2018-02-27,13.5283566700,13.7730088000,13.3652552500,13.5374178600,7102189,106342966.9600,2.695239,0.606055
2018-02-28,13.4196223900,14.0085997400,13.3561940600,13.8092535600,7798469,118139922.1900,2.959473,2.008034
2018-03-01,13.8454983200,14.8603516000,13.8092535600,14.7516173200,11667434,183693567.0000,4.427722,6.824153
2018-03-02,14.4979040000,15.2952887200,14.3891697200,14.4797816200,10096215,165615537.9800,3.831454,-1.842759
2018-03-05,14.4979040000,14.7425561300,14.2351294900,14.7425561300,7561469,120855987.8700,2.869533,1.814774
2018-03-06,15.0415754000,15.3134111000,14.7334949400,14.9237799300,11156260,184826600.8200,4.233735,1.229249
2018-03-07,14.8150456500,14.9781470700,14.3891697200,14.5885159000,6010802,97293373.3600,2.281064,-2.246502
2018-03-08,14.4979040000,14.6972501800,14.3348025800,14.5250875700,4310720,68947683.2000,1.635893,-0.434781
2018-03-09,14.6519442300,15.2227992000,14.4163532900,15.1050037300,7557671,124534504.5600,2.868092,3.992510
2018-03-12,15.2137380100,15.5580632300,15.1050037300,15.1956156300,7432078,125316236.4400,2.820430,0.599882
2018-03-13,15.1050037300,15.4312065700,14.8875351700,15.1593708700,5798268,97048576.0500,2.200409,-0.238527
2018-03-14,15.1321873000,15.1865544400,14.3710473400,14.3982309100,6074700,99124250.5200,2.305313,-5.020916
2018-03-15,14.3982309100,15.6577363200,14.3982309100,15.5671244200,10820713,179585361.9400,4.106397,8.118313
2018-03-16,15.6124303700,15.9205108300,15.3859006200,15.4130841900,11537780,199489900.9700,4.378519,-0.989523
2018-03-19,15.1774932500,15.9930003500,15.1774932500,15.6849198900,8562521,148606567.6900,3.249426,1.763664
2018-03-20,15.4946349000,15.6396139400,15.1231261100,15.4946349000,6372187,108159599.9000,2.418207,-1.213166
2018-03-21,15.4221453800,15.6667975100,14.9962694500,15.0053306400,5391769,91347768.1100,2.046145,-3.157900
2018-03-22,15.1231261100,15.3134111000,14.7697397000,15.0143918300,4144544,68678658.9300,1.572830,0.060388
2018-03-23,14.4072921000,14.7606785100,13.5283566700,13.7186416600,7860287,122453209.1400,2.982933,-8.630051
2018-03-26,13.3924388200,14.8603516000,13.3924388200,14.7878620800,6710997,105393032.6200,2.546784,7.793919
2018-03-27,15.0415754000,15.6214915600,15.0053306400,15.4312065700,11064076,186698054.4400,4.198752,4.350496
2018-03-28,15.1321873000,15.6033691800,15.0415754000,15.2499827700,8161143,137867337.6000,3.097106,-1.174402
2018-03-29,15.4221453800,16.7722626900,15.4221453800,16.0201839200,15957070,287501366.0300,6.055614,5.050507
2018-03-30,16.0926734400,16.6725896000,15.7574094100,16.6725896000,13008556,233667641.4500,4.936670,4.072394
2018-04-02,16.7088343600,17.9139726300,16.5094881800,17.2434445700,19184868,366129454.5300,7.280544,3.423919
2018-04-03,16.8538134000,17.0350372000,16.4098150900,16.8719357800,9342370,172642334.9500,3.545374,-2.154492
2018-04-04,16.9353641100,17.0259760100,16.1832853400,16.1923465300,7129486,130056926.7500,2.705598,-4.027927
2018-04-09,16.3373255700,17.3340564700,16.3101420000,16.7903850700,10662441,197088696.6300,4.046333,3.693340
2018-04-10,16.6091612700,16.6363448400,15.9476944000,16.5276105600,9485918,171008243.0500,3.599850,-1.565035
2018-04-11,16.7178955500,17.3793624200,16.5457329400,17.3249952800,13972985,264597048.9200,5.302665,4.824567
2018-04-12,17.1347102900,17.8958502500,17.0169148200,17.3521788500,12211687,236560490.6700,4.634263,0.156897
2018-04-13,17.3793624200,17.5605862200,17.0712819600,17.4699743200,6140271,117294331.7400,2.330197,0.678857
2018-04-16,17.2162610000,17.6421369300,16.9444253000,17.5334026500,6038888,115830256.1300,2.291722,0.363069
2018-04-17,17.8233607300,18.2129919000,17.0350372000,17.1256491000,12319544,240897873.3900,4.675194,-2.325585
2018-04-18,17.3159340900,18.3760933200,17.1256491000,18.2039307100,13278579,262384330.5500,5.039142,6.296299
2018-04-19,18.0770740500,18.4304604600,17.8596054900,17.9230338200,10112766,202606309.3200,3.837735,-1.543054
2018-04-20,17.8505443000,18.2401754700,17.4790355100,17.7327488300,7352652,145489067.6600,2.790288,-1.061683
2018-04-23,17.6965040700,17.8324219200,16.3282643800,16.8719357800,9507267,176340868.5000,3.607952,-4.854363
2018-04-24,16.5819777000,17.1890774300,16.4551210400,17.1890774300,7543055,140697900.3800,2.862545,1.879691
2018-04-25,16.9534864900,17.4427907500,16.8809969700,16.9444253000,5542165,104815384.8700,2.103219,-1.423292
2018-04-26,16.8900581600,17.3974848000,16.7813238800,16.7813238800,5323496,100631505.6200,2.020235,-0.962569
2018-04-27,16.9987924400,17.1800162400,16.1289182000,16.7903850700,5005096,91779396.1000,1.899404,0.053997
2018-05-02,16.7632015000,16.8538134000,15.6124303700,15.7664706000,6767642,120333578.6600,2.568280,-6.098225
2018-05-03,15.8027153600,16.6635284100,15.7211646500,16.6272836500,7174844,128855555.0500,2.722811,5.459774
2018-05-04,16.6725896000,16.8175686400,16.2014077200,16.2376524800,4168228,75940337.8800,1.581818,-2.343326
2018-05-07,16.2467136700,16.7088343600,16.2285912900,16.6363448400,3584002,65529929.2000,1.360108,2.455360
2018-05-08,16.6363448400,16.6907119800,16.1289182000,16.4007539000,4404266,79402613.4400,1.671393,-1.416123
2018-05-09,16.3735703300,16.5910388900,16.0473674900,16.1379793900,4414846,79418171.4800,1.675408,-1.602215
2018-05-10,16.1379793900,16.2195301000,15.7121034600,15.9295720200,4094475,71874358.1900,1.553829,-1.291407
2018-05-11,15.9930003500,16.3735703300,15.7574094100,16.2557748600,4610625,81883043.3500,1.749705,2.047785
2018-05-14,16.2195301000,16.6091612700,16.0383063000,16.5729165100,6591971,119477465.6600,2.501614,1.950950
2018-05-15,16.3010808100,16.5819777000,15.9567555900,16.5547941300,4522593,81379187.2700,1.716297,-0.109352
2018-05-16,16.3463867600,16.4188762800,15.9930003500,16.0473674900,3177340,56799319.8000,1.205782,-3.065141
2018-05-17,16.1379793900,16.4007539000,16.0111227300,16.2829584300,3580542,64156136.8200,1.358795,1.468098
2018-05-18,16.2104689100,16.2829584300,15.8661436900,16.1742241500,2316553,41110830.6400,0.879118,-0.667774
2018-05-21,16.1832853400,16.4732434200,16.1832853400,16.3916927100,3349830,60424842.8900,1.271241,1.344537
2018-05-22,16.3554479500,16.4369986600,16.0111227300,16.1289182000,3814678,68007960.2200,1.447648,-1.603101
2018-05-23,16.1470405800,16.3735703300,15.9476944000,15.9748779700,4017300,71584126.0000,1.524542,-0.955057
2018-05-24,16.1107958200,16.1107958200,14.9509635000,15.2046768200,7726993,130753979.0400,2.932348,-4.821319
2018-05-25,15.3134111000,15.3587170500,14.8150456500,14.8150456500,3977082,65856729.1000,1.509279,-2.562576
2018-05-28,14.8150456500,15.0687589700,14.5885159000,14.7969232700,2215752,36261352.3600,0.840865,-0.122327
2018-05-29,14.9419023100,15.0687589700,14.7697397000,14.7788008900,1594240,26224124.4000,0.605005,-0.122477
2018-05-30,14.4979040000,14.7425561300,13.9632937900,14.1263952100,5367300,85045923.5600,2.036859,-4.414465
2018-05-31,14.3982309100,14.4344756700,13.8183147500,14.2079459200,4259387,66389406.8200,1.616412,0.577294
2018-06-01,14.0810892600,14.2170071100,13.6370909500,13.8273759400,2864104,44078136.2300,1.086911,-2.678572
2018-06-04,13.8454983200,14.0992116400,13.7277028500,13.9814161700,2083466,32085559.8000,0.790663,1.114024
2018-06-05,14.1354564000,14.9237799300,14.0901504500,14.9147187400,5937366,96040063.3800,2.253195,6.675300
2018-06-06,14.8694127900,15.2227992000,14.7697397000,14.8603516000,4733998,78426959.0100,1.796524,-0.364517
2018-06-07,15.0234530200,15.0687589700,14.6156994700,14.6610054200,2801992,45654605.8000,1.063339,-1.341459
2018-06-08,14.7258327000,14.7258327000,14.2257100800,14.4665098600,2939230,45725401.1800,1.115420,-1.326595
2018-06-11,14.5313405700,14.5313405700,14.1886639600,14.2442331400,1466900,22677368.8000,0.556680,-1.536490
2018-06-12,14.2627562000,14.5035559800,14.0590025400,14.4202022100,2382974,36891233.2600,0.904325,1.235368
2018-06-13,14.4387252700,14.7814018800,14.2164485500,14.2812792600,3728925,58591481.3600,1.415105,-0.963389
2018-06-14,14.1145717200,14.5406021000,14.0867871300,14.3553715000,2096580,32413526.0000,0.795640,0.518806
2018-06-15,14.3553715000,14.5406021000,13.7996797000,13.8922950000,2904588,44261159.6500,1.102274,-3.225806
2018-06-19,13.7718951100,13.9941718300,12.5586346800,12.7346037500,4391667,62351694.7800,1.666612,-8.333334
2018-06-20,12.7531268100,13.3366032000,12.7438652800,13.1976802500,3375055,47691327.5800,1.280813,3.636364
2018-06-21,13.3180801400,13.3921723800,13.0402342400,13.0680188300,3497415,49863835.4400,1.327248,-0.982459
2018-06-22,13.1143264800,13.5496183900,13.0124496500,13.5310953300,2697539,39034171.0000,1.023700,3.543586
2018-06-25,13.5959260400,13.6792798100,13.2069417800,13.2439879000,2004891,29183786.0200,0.760844,-2.121831
2018-06-26,13.1143264800,13.7811566400,13.0124496500,13.6051875700,2803703,40874746.0900,1.063989,2.727268
2018-06-27,13.6051875700,13.8367258200,13.4940492100,13.6607567500,2521298,37224688.9100,0.956818,0.408444
2018-06-28,13.7070644000,13.9756487700,13.5125722700,13.5218338000,2193832,32610908.9600,0.832546,-1.016947
2018-06-29,13.5774029800,14.2812792600,13.5774029800,14.2349716100,3649051,55140544.7500,1.384793,5.273969
2018-07-02,14.2627562000,14.5591251600,14.0034333600,14.1794024300,4350016,67098632.8400,1.650805,-0.390367
2018-07-03,14.6702635200,14.9295863600,14.0775256000,14.7628788200,5686204,89151107.7700,2.157881,4.114952
2018-07-04,14.5776482200,14.6795250500,14.1053101900,14.2627562000,4341204,67667632.0800,1.647461,-3.387704
2018-07-05,14.3646330300,14.4850329200,13.9571257100,13.9849103000,2558253,39120609.1000,0.970842,-1.948047
2018-07-06,14.0590025400,14.4942944500,13.9015565300,14.1145717200,3740774,57461701.6300,1.419602,0.927148
2018-07-09,14.3183253800,14.5035559800,14.1330947800,14.3646330300,3166257,49031931.1300,1.201576,1.771657
2018-07-10,14.2998023200,14.4942944500,14.1794024300,14.4202022100,2386516,36877172.6400,0.905669,0.386844
2018-07-11,14.1238332500,14.1516178400,13.3458647300,13.5681414500,4009929,59483380.2700,1.521744,-5.908800
2018-07-12,13.5403568600,14.4942944500,13.5403568600,14.2349716100,5517800,84494510.0000,2.093973,4.914678
2018-07-13,13.9200795900,14.0312179500,13.3551262600,13.4106954400,8447756,124566090.0700,3.205874,-5.790504
2018-07-16,13.6051875700,14.7536172900,13.5774029800,14.7536172900,9151420,141668588.6000,3.472910,10.013820
2018-07-17,15.3278321500,15.5130627500,14.4572483300,14.9573709500,14912010,241085440.2000,5.659020,1.381038
2018-07-18,14.7999249400,14.9295863600,14.4387252700,14.4387252700,9017500,142680227.7500,3.422088,-3.467489
2018-07-19,14.4757713900,14.7628788200,14.2720177300,14.5406021000,7198043,113261483.8800,2.731615,0.705578
2018-07-20,14.6146943400,14.6517404600,14.0960486600,14.5406021000,6057701,94193010.8800,2.298862,0.000000
2018-07-23,14.4109406800,14.7628788200,14.3461099700,14.6239558700,5569546,87759870.2800,2.113610,0.573249
2018-07-24,14.5406021000,14.7906634100,14.3646330300,14.7165711700,6208340,97988973.6600,2.356028,0.633315
2018-07-25,14.6332174000,14.9573709500,14.5220790400,14.5683866900,4973138,79032647.1200,1.887277,-1.006928
2018-07-26,14.5869097500,14.6239558700,14.0219564200,14.1238332500,5379047,82515618.6900,2.041317,-3.051491
2018-07-27,14.1516178400,14.2905407900,14.0034333600,14.0867871300,2410416,36759178.6000,0.914739,-0.262295
2018-07-30,14.1238332500,14.1794024300,13.6514952200,13.6978028700,2824030,42261189.7200,1.071703,-2.761342
2018-07-31,13.6607567500,13.9571257100,13.6329721600,13.7533720500,1902692,28383875.0400,0.722060,0.405682
2018-08-01,13.9571257100,13.9663872400,13.4847876800,13.4847876800,2296355,34077314.7000,0.871453,-1.952862
2018-08-02,13.3643877900,13.5866645100,12.8364805800,13.1050649500,3467758,48988337.6400,1.315994,-2.815939
2018-08-03,13.1050649500,13.2439879000,12.8735267000,12.8827882300,2073300,29072289.8500,0.786805,-1.696111
2018-08-06,12.9013112900,13.1143264800,12.7531268100,12.9013112900,1636615,22812220.2500,0.621086,0.143785
2018-08-07,12.9568804700,13.4014339100,12.7809114000,13.3273416700,2684417,38211723.8000,1.018720,3.302226
2018-08-08,13.3180801400,13.3829108500,13.0865418900,13.1235880100,1899530,27134147.3000,0.720860,-1.528841
2018-08-09,13.0402342400,13.8089412300,12.9846650600,13.6051875700,4150470,61171170.5000,1.575079,3.669721
2018-08-10,13.5218338000,13.7626335800,13.4940492100,13.6700182800,1979149,29079143.8100,0.751075,0.476519
2018-08-13,13.4847876800,13.9293411200,13.4384800300,13.8552488800,2863192,42456884.8500,1.086564,1.355012
2018-08-14,13.8182027600,13.8922950000,13.5866645100,13.6144491000,2335047,34526596.9000,0.886137,-1.737969
2018-08-15,13.6051875700,13.6607567500,13.3921723800,13.4106954400,2275597,33159880.2600,0.863576,-1.496601
2018-08-16,13.3088186100,13.5310953300,13.0587573000,13.2254648400,1773231,25594895.8500,0.672931,-1.381214
2018-08-17,13.4106954400,13.6051875700,12.9661420000,13.0494957700,1741516,25002206.6800,0.660895,-1.330529
2018-08-20,13.0494957700,13.5496183900,12.9846650600,13.5496183900,2713302,38880001.7000,1.029682,3.832505
2018-08-21,13.5033107400,13.6051875700,13.4106954400,13.5218338000,1845574,26939846.1200,0.700384,-0.205056
2018-08-22,13.4384800300,13.5588799200,13.2069417800,13.2162033100,1604100,23118403.0400,0.608746,-2.260273
2018-08-23,13.4940492100,13.5310953300,13.1513726000,13.4199569700,2191418,31789363.5000,0.831630,1.541691
2018-08-24,13.3643877900,13.4847876800,13.2254648400,13.2810340200,1569942,22638937.1600,0.595784,-1.035194
2018-08-27,13.2810340200,13.6885413400,13.2810340200,13.6051875700,2154247,31531082.8500,0.817524,2.440721
2018-08-28,13.5496183900,13.6978028700,13.5033107400,13.5774029800,1929497,28286442.2000,0.732233,-0.204219
2018-08-29,13.6700182800,13.7255874600,13.3551262600,13.3921723800,2043800,29834251.4000,0.775610,-1.364255
2018-08-30,13.3921723800,13.4570030900,13.2254648400,13.2439879000,1651252,23748242.1600,0.626640,-1.106500
2018-08-31,13.1328495400,13.2069417800,12.6975576300,12.8735267000,2707965,37745926.8000,1.027657,-2.797207
2018-09-03,12.8735267000,12.8735267000,12.4289732600,12.7346037500,1878745,25577514.7900,0.712973,-1.079134
2018-09-04,12.6697730400,12.9568804700,12.5030655000,12.8827882300,1790354,24735946.5200,0.679429,1.163635
2018-09-05,12.8364805800,12.9105728200,12.6049423300,12.6049423300,1551356,21391442.5800,0.588730,-2.156723
2018-09-06,12.6049423300,13.0124496500,12.6049423300,12.7160806900,1864954,25813569.8800,0.707739,0.881704
2018-09-07,12.7346037500,12.9290958800,12.6049423300,12.7438652800,1595154,22009229.8000,0.605352,0.218505
2018-09-10,12.7346037500,12.7531268100,12.4845424400,12.4845424400,1550000,21124512.0000,0.588216,-2.034889
2018-09-11,12.5308500900,12.8179575200,12.4845424400,12.8086959900,1655043,22690112.6600,0.628079,2.596442
2018-09-12,12.6975576300,12.9198343500,12.6882961000,12.7716498700,890116,12301726.2000,0.337794,-0.289226
2018-09-13,12.8735267000,12.9198343500,12.7253422200,12.9198343500,1138816,15807428.7600,0.432174,1.160260
2018-09-14,12.9198343500,13.0031881200,12.6234653900,12.7531268100,1048149,14436359.2600,0.397766,-1.290318
2018-09-17,12.5678962100,12.7531268100,12.4104502000,12.4382347900,1210845,16369290.1900,0.459509,-2.469137
2018-09-18,12.4104502000,12.6697730400,12.3641425500,12.6419884500,2397400,32476493.0000,0.909799,1.638118
2018-09-19,12.5956808000,12.8735267000,12.5493731500,12.6975576300,3045976,41877287.1000,1.155930,0.439563
2018-09-20,12.7346037500,12.7809114000,12.5493731500,12.5771577400,1668116,22745996.9600,0.633040,-0.948214
2018-09-21,12.6605115100,12.7623883400,12.4289732600,12.7068191600,2121975,28889127.8100,0.805277,1.030930
2018-09-25,12.6512499800,12.9198343500,12.6512499800,12.8457421100,2857352,39512007.4200,1.084348,1.093292
2018-09-26,12.8086959900,12.9846650600,12.7346037500,12.8827882300,1770199,24574715.2000,0.671780,0.288392
2018-09-27,12.8735267000,12.8735267000,12.5030655000,12.5123270300,1851882,25369961.1200,0.702778,-2.875626
2018-09-28,12.5956808000,12.6697730400,12.5030655000,12.6049423300,1732001,23482087.4900,0.657284,0.740188
2018-10-08,12.3178349000,12.4660193800,12.1881734800,12.3641425500,1784653,23770657.8800,0.677265,-1.910355
2018-10-09,12.4197117300,12.4752809100,12.1789119500,12.2900503100,917349,12183738.8900,0.348129,-0.599250
2018-10-10,12.2900503100,12.4104502000,12.1974350100,12.2807887800,763660,10135886.0000,0.289804,-0.075360
2018-10-11,11.6787893300,11.9195891100,11.0490052900,11.0490052900,2984514,36464536.0800,1.132605,-10.030170
2018-10-12,10.9286054000,10.9471284600,10.1876830000,10.6970671500,3023889,34567053.2000,1.147548,-3.185248
2018-10-15,10.7433748000,10.7804209200,9.6690373200,9.8450063900,3916279,43133928.5900,1.486205,-7.965369
2018-10-16,9.9190986300,9.9746678100,9.5023297800,9.5393759000,2812945,29468674.3000,1.067496,-3.104421
2018-10-17,9.7153449700,9.9839293400,9.5393759000,9.9098371000,2959373,31034392.6500,1.123065,3.883492
2018-10-18,9.8172218000,9.8172218000,9.4189760100,9.5023297800,2840370,29476132.9400,1.077904,-4.112146
2018-10-19,9.2707915300,9.7153449700,9.2244838800,9.6690373200,3393359,34953776.8100,1.287760,1.754380
2018-10-22,9.6875603800,10.3821751300,9.6875603800,10.1691599400,5089601,55282133.7100,1.931474,5.172414
2018-10-23,10.0950677000,10.1876830000,9.8542679200,9.8820525100,3057526,33000458.5900,1.160313,-2.823310
2018-10-24,9.8913140400,10.0765446400,9.7986987400,9.8172218000,2044808,21872172.3500,0.775993,-0.656042
2018-10-25,9.3541453000,9.6690373200,9.1596531700,9.6134681400,3350423,33922481.9500,1.271466,-2.075474
2018-10-26,9.6134681400,9.8079602700,9.5671604900,9.6227296700,1927762,20170050.2800,0.731574,0.096341
2018-10-29,9.5949450800,9.9746678100,9.4930682500,9.8357448600,3124259,33135920.3500,1.185638,2.213662
2018-10-30,9.8264833300,9.9376216900,9.5486374300,9.8172218000,3658123,38494765.2500,1.388236,-0.188319
2018-10-31,9.8172218000,10.0487600500,9.7709141500,9.9005755700,2437564,26106748.1600,0.925041,0.849049
2018-11-01,10.2525137100,10.4006981900,10.0950677000,10.2339906500,4962554,54791204.8700,1.883260,3.367639
2018-11-02,10.4747904300,10.5581442000,10.1876830000,10.4840519600,5350145,59859706.8800,2.030348,2.443434
2018-11-05,10.4655289000,10.5581442000,10.2895598300,10.5118365500,4197251,47244993.1300,1.592832,0.265024
2018-11-06,10.5674057300,10.8267285700,10.4284827800,10.8174670400,5720433,65805166.8500,2.170871,2.907488
2018-11-07,10.7248517400,10.7804209200,10.5396211400,10.5674057300,3953183,45415948.5900,1.500210,-2.311648
2018-11-08,10.6507595000,10.7248517400,10.2988213600,10.3358674800,2929283,33199126.7800,1.111646,-2.191061
2018-11-09,10.2802983000,10.5951903200,10.2432521800,10.4284827800,2524371,28527437.4600,0.957984,0.896061
2018-11-12,10.4006981900,10.9749130500,10.4006981900,10.9563899900,5262520,61428911.6200,1.997095,5.062164
2018-11-13,10.8174670400,11.1694051800,10.7248517400,11.0304822300,5614816,66809236.0200,2.130790,0.676246
2018-11-14,11.0675283500,11.2898050700,10.9378669300,11.0582668200,4136934,49573036.3800,1.569942,0.251887
2018-11-15,11.1045744700,11.3083281300,10.9563899900,11.2990666000,4056873,48903604.8200,1.539559,2.177557
2018-11-16,11.3268511900,11.5954355600,11.1879282400,11.2434974200,5639972,68903002.2000,2.140336,-0.491799
2018-11-19,11.3175896600,11.6324816800,11.2434974200,11.4565126100,5159640,63635629.8300,1.958053,1.894560
2018-11-20,11.2990666000,12.6049423300,11.1601436500,12.0307274700,19776103,261900166.3900,7.504914,5.012125
2018-11-21,12.1696504200,12.4752809100,11.6695278000,12.0862966500,16840285,221094625.7100,6.390789,0.461897
2018-11-22,11.8547584000,11.9566352300,11.4194664900,11.5213433200,11242256,141212158.6800,4.266370,-4.674334
2018-11-23,11.3453742500,11.5676509700,10.6600210300,10.6600210300,8546146,101382487.9300,3.243212,-7.475879
2018-11-26,10.6507595000,11.7250969800,10.5118365500,11.7250969800,9421970,115307190.3700,3.575582,9.991308
2018-11-27,11.9844198200,12.5771577400,11.7621431000,11.8732814600,19730571,258273353.5000,7.487635,1.263822
2018-11-28,11.8177122800,12.8457421100,11.7621431000,12.2715272500,19063500,252788311.0300,7.234486,3.354137
2018-11-29,12.0955581800,12.5956808000,11.8547584000,11.8547584000,14958685,197045303.0500,5.676733,-3.396225
2018-11-30,11.8825429900,11.9566352300,11.0490052900,11.6973123900,12549502,155970343.2400,4.762462,-1.328126
2018-12-03,12.1326043000,12.5771577400,11.9844198200,12.1326043000,14599654,192650213.5500,5.540483,3.721301
2018-12-04,11.8547584000,12.3641425500,11.7899276900,12.2344811300,9996004,131074247.2500,3.793425,0.839692
2018-12-05,11.8825429900,12.9105728200,11.7991892200,12.5864192700,17691498,238225679.6900,6.713819,2.876610
2018-12-06,12.3734040800,12.3919271400,11.9566352300,12.1233427700,10897352,143208687.7700,4.135481,-3.679176
2018-12-07,12.2437426600,12.4197117300,11.9288506400,12.1233427700,5772246,76053650.0600,2.190533,0.000000
2018-12-10,11.9566352300,12.1140812400,11.7250969800,11.8177122800,4810910,61700304.1000,1.825712,-2.521008
2018-12-11,11.9381121700,12.0862966500,11.7991892200,11.9195891100,4298305,55398891.0900,1.631181,0.862066
2018-12-12,11.9658967600,12.0307274700,11.5769125000,11.6787893300,4922312,62301813.0800,1.867988,-2.020204
2018-12-13,11.7621431000,11.9010660500,11.6139586200,11.6973123900,3940914,50085439.6700,1.495554,0.158608
2018-12-14,11.7528815700,11.8362353400,11.4102049600,11.4379895500,4929852,61958003.3200,1.870850,-2.216942
2018-12-17,11.4009434300,11.6232201500,11.3083281300,11.4379895500,2498596,30903106.1900,0.948202,0.000000
2018-12-18,11.4194664900,11.5491279100,11.0026976400,11.2249743600,3562125,43257766.7500,1.351805,-1.862352
2018-12-19,11.2990666000,11.3546357800,11.0304822300,11.0675283500,2885698,34845903.3500,1.095105,-1.402641
2018-12-20,11.0304822300,11.1971897700,10.9008208100,11.0953129400,2801525,33513437.5000,1.063162,0.251044
2018-12-21,11.0397437600,11.1045744700,10.8915592800,11.0953129400,2333300,27722812.5400,0.885474,0.000000
2018-12-24,10.9841745800,11.3268511900,10.9378669300,11.2898050700,2976154,35981932.1400,1.129433,1.752922
2018-12-25,11.1601436500,11.2342358900,10.8174670400,11.1045744700,3617800,43003583.3800,1.372934,-1.640687
2018-12-26,11.1694051800,11.6510047400,11.1601436500,11.4287280200,5735947,70965520.4500,2.176758,2.919102
2018-12-27,11.6324816800,11.7158354500,11.1601436500,11.2064513000,4272400,52630258.0000,1.621351,-1.944893
2018-12-28,11.2064513000,11.3175896600,10.8452516300,10.9008208100,3405041,40539279.1500,1.292193,-2.727272
2019-01-02,10.9841745800,11.0212207000,10.8730362200,10.9100823400,1624572,19209854.5500,0.616515,0.084956
2019-01-03,10.9008208100,11.0397437600,10.5118365500,10.6137133800,3147320,36776819.9200,1.194389,-2.716466
2019-01-04,10.5951903200,11.0675283500,10.4747904300,11.0212207000,4135814,48465567.6400,1.569517,3.839438
2019-01-07,11.1601436500,11.4472510800,11.0490052900,11.3453742500,4384865,53385279.6400,1.664030,2.941180
2019-01-08,11.4102049600,11.5213433200,11.2157128300,11.3175896600,3147699,38567195.3500,1.194533,-0.244896
2019-01-09,11.4009434300,11.5583894400,11.2249743600,11.2805435400,4349300,53569192.0000,1.650534,-0.327332
2019-01-10,11.2805435400,11.4379895500,11.1971897700,11.2249743600,3189917,38975957.2000,1.210555,-0.492614
2019-01-11,11.2712820100,11.4842972000,11.1416205900,11.3731588400,3051187,37443131.6000,1.157907,1.320131
2019-01-14,11.4379895500,11.4842972000,11.1323590600,11.2805435400,3315473,40286952.8200,1.258202,-0.814328
2019-01-15,11.1601436500,11.6232201500,11.1323590600,11.4935587300,5868258,71960334.7800,2.226969,1.888338
2019-01-16,11.4842972000,11.5954355600,11.2342358900,11.2805435400,4299973,52966780.4200,1.631814,-1.853341
2019-01-17,11.2527589500,11.3361127200,10.6692825600,10.7526363300,7540720,88709319.7800,2.861659,-4.679808
2019-01-18,10.7248517400,10.8730362200,10.5396211400,10.7896824500,4395600,50836153.2100,1.668104,0.344530
2019-01-21,10.7896824500,11.0860514100,10.7618978600,11.0026976400,3778168,44701919.3000,1.433792,1.974253
2019-01-22,10.9286054000,11.1971897700,10.8915592800,10.9749130500,3047380,36360319.8000,1.136018,-0.252523
2019-01-23,11.0212207000,11.0675283500,10.8267285700,10.9841745800,2016800,23798722.0000,0.751833,0.084382
2019-01-24,11.0304822300,11.4102049600,10.9749130500,11.2249743600,4736522,57486014.6600,1.765704,2.192245
2019-01-25,11.1971897700,11.3916819000,11.1323590600,11.1601436500,3218246,39137059.7400,1.199714,-0.577555
2019-01-28,11.4379895500,11.4379895500,11.1323590600,11.2342358900,3053346,37199863.6300,1.138242,0.663900
2019-01-29,11.1971897700,11.2620204800,10.6507595000,10.9841745800,3588600,42269955.1500,1.337776,-2.225890
2019-01-30,10.8730362200,10.9749130500,10.6970671500,10.7526363300,2372446,27721706.3000,0.884412,-2.107926
2019-01-31,10.8730362200,10.9286054000,10.6507595000,10.6507595000,2617180,30550017.0000,0.975645,-0.947456
2019-02-01,10.7711593900,11.1879282400,10.7248517400,11.1416205900,3307746,39355100.4600,1.233078,4.608693
2019-02-11,11.1323590600,11.5769125000,11.1138360000,11.5306048500,4777728,58973230.5700,1.781065,3.491272
2019-02-12,11.4379895500,11.7343585100,11.4379895500,11.7065739200,4795368,60221426.4800,1.787641,1.526109
2019-02-13,11.7991892200,12.1881734800,11.6787893300,12.0585120600,7774974,100491741.6800,2.898394,3.006330
2019-02-14,12.0677735900,12.2437426600,11.9844198200,12.1511273600,5993500,78441638.0000,2.234287,0.768045
2019-02-15,12.1789119500,12.1881734800,11.9844198200,12.0029428800,4874099,63632927.6600,1.816991,-1.219511
2019-02-18,12.1511273600,12.5586346800,12.1048197100,12.5123270300,7125629,95189266.1900,2.656328,4.243829
2019-02-19,12.5308500900,12.5493731500,12.2344811300,12.3919271400,6634815,88435348.5600,2.473360,-0.962251
2019-02-20,12.4104502000,12.4104502000,12.0399890000,12.2252196000,5209055,68377305.7300,1.941858,-1.345294
2019-02-21,12.1789119500,12.5215885600,12.0677735900,12.1511273600,7008881,93330837.4900,2.612806,-0.606060
2019-02-22,12.1789119500,12.6234653900,12.1603888900,12.6234653900,8186425,110245339.0000,3.051777,3.887197
2019-02-25,12.7531268100,13.2902955500,12.6142038600,13.2347263700,11915853,166886167.9900,4.442051,4.842258
2019-02-26,13.2347263700,13.3273416700,12.8642651700,12.9013112900,10052827,141784642.2600,3.747543,-2.519242
2019-02-27,12.9383574100,13.1421110700,12.6605115100,12.8179575200,7183415,100208131.9400,2.677869,-0.646089
2019-02-28,12.8364805800,13.0124496500,12.7438652800,12.8735267000,4840828,67255600.0400,1.804588,0.433522
2019-03-01,12.9290958800,12.9846650600,12.5308500900,12.8086959900,6631063,90964558.6600,2.471961,-0.503595
2019-03-04,13.2717724900,13.4199569700,12.9661420000,13.0587573000,11254037,159893149.6600,4.195336,1.952281
2019-03-05,13.1143264800,14.3646330300,13.0402342400,14.3646330300,18012770,269471649.1800,6.714891,9.999999
2019-03-06,15.2537399100,15.6334626400,14.4479868000,14.9110633000,29885021,484952916.2800,11.140688,3.803998
2019-03-07,14.8462325900,16.0965391400,14.8462325900,15.5315858100,24413787,410327438.3500,9.101094,4.161491
2019-03-08,14.8184480000,16.9022922500,14.6146943400,15.5223242800,28258725,487720959.0400,10.534429,-0.059632
2019-03-11,17.0782613200,17.0782613200,16.2076775000,17.0782613200,35615866,651110843.7400,13.277061,10.023870
2019-03-12,17.5969070000,18.3193063400,17.1523535600,17.5969070000,38426035,732132735.8700,14.324650,3.036873
2019-03-13,17.0967843800,17.3468456900,15.8372163000,15.8372163000,32497813,576207628.9900,12.114698,-9.999998
2019-03-14,15.2907860300,15.6334626400,14.9110633000,15.1889092000,15763384,259518362.3300,5.876353,-4.093572
2019-03-15,15.4111859200,15.5778934600,14.9573709500,15.1426015500,10857702,179365762.0400,4.047589,-0.304873
2019-03-18,15.0870323700,15.3278321500,14.7814018800,15.2537399100,10009541,162435840.1100,3.731407,0.733938
2019-03-19,15.2352168500,15.6519857000,15.0314631900,15.3370936800,10853004,180109330.8900,4.045837,0.546449
2019-03-20,15.3093090900,15.3463552100,14.6424789300,15.0592477800,9356411,151198628.2700,3.487930,-1.811590
2019-03-21,15.0592477800,15.5501088700,15.0592477800,15.3648782700,12383119,205323334.9500,4.616241,2.029520
2019-03-22,15.3741398000,16.1984159700,15.2815245000,16.0224469000,15008075,253619844.6700,5.594785,4.279681
2019-03-25,15.5408473400,15.8927854800,15.3278321500,15.3648782700,10159099,171502506.4100,3.787160,-4.104041
2019-03-26,15.4111859200,15.5130627500,14.7073096400,14.7536172900,8368465,136327097.3400,3.119638,-3.978299
2019-03-27,14.8925402400,14.9110633000,14.2720177300,14.6702635200,8302967,130535435.0900,3.095222,-0.564973
2019-03-28,14.5406021000,15.0777708400,14.3275869100,14.3553715000,9838327,155782690.9400,3.667581,-2.146466
2019-03-29,13.6607567500,14.1238332500,13.2532494300,14.0590025400,17592687,260356443.9000,6.558290,-2.064514
2019-04-01,14.1330947800,14.7906634100,14.0960486600,14.6887865800,12870392,201208977.5800,4.797889,4.479574
2019-04-02,14.8925402400,15.1703861400,14.5406021000,14.7999249400,11498087,183966811.1200,4.286315,0.756620
2019-04-03,14.6332174000,14.7999249400,14.5498636300,14.7814018800,7418208,117486947.8600,2.765397,-0.125153
2019-04-04,14.8184480000,14.8647556500,14.3553715000,14.4757713900,10845641,170240232.6300,4.043092,-2.067669
2019-04-08,14.6239558700,14.6239558700,13.9200795900,14.1330947800,8600895,132137114.6700,3.206285,-2.367242
2019-04-09,14.2071870200,14.3553715000,14.0126948900,14.2812792600,5344191,82184321.3800,1.992234,1.048492
2019-04-10,14.1053101900,14.3275869100,13.9571257100,14.2627562000,5388262,82019629.4600,2.008663,-0.129705
2019-04-11,14.2627562000,14.2627562000,13.6144491000,13.6978028700,7934754,119367951.7200,2.957957,-3.961037
2019-04-12,13.7626335800,14.0590025400,13.7441105200,13.9386026500,5135080,77250574.8100,1.914281,1.757946
2019-04-15,14.1979254900,14.5128175100,14.0034333600,14.0219564200,8414488,129653143.8400,3.136795,0.598008
2019-04-16,13.8922950000,14.6146943400,13.7811566400,14.5776482200,9018516,139445758.7000,3.361968,3.963008
2019-04-17,14.4109406800,14.7814018800,14.4109406800,14.5683866900,8774047,138429320.8500,3.270833,-0.063534
2019-04-18,14.5035559800,14.7628788200,14.4109406800,14.6332174000,6312005,99594545.8700,2.353021,0.445014
2019-04-19,14.6239558700,14.7628788200,14.2720177300,14.6424789300,5966037,93587034.8200,2.224049,0.063293
2019-04-22,14.6239558700,14.7165711700,14.0126948900,14.0775256000,8202802,126686847.0400,3.057882,-3.858321
2019-04-23,14.0312179500,14.2071870200,13.7811566400,13.8182027600,6631150,100231734.1000,2.471993,-1.842103
2019-04-24,13.8737719400,14.4665098600,13.7163259300,14.4665098600,8404855,128496326.0400,3.133204,4.691688
2019-04-25,14.4387252700,14.4479868000,13.7533720500,13.7996797000,6752005,103058987.9600,2.517046,-4.609477
2019-04-26,13.7255874600,14.2812792600,13.7255874600,13.8830334700,7065473,107053523.6800,2.633902,0.604028
2019-04-29,13.7163259300,13.9386026500,12.9846650600,12.9939265900,9218903,132304184.8500,3.436669,-6.404270
2019-04-30,13.0031881200,13.2254648400,12.8827882300,12.9661420000,4694737,66172105.3700,1.750128,-0.213826
2019-05-06,12.5308500900,12.6605115100,11.6695278000,11.6695278000,7995229,104211818.6900,2.980502,-9.999997
2019-05-07,11.7343585100,11.9288506400,11.5398663800,11.7899276900,4103606,52117938.3800,1.529763,1.031739
2019-05-08,11.4842972000,12.0399890000,11.3916819000,11.7991892200,4831979,61627970.7000,1.801289,0.078556
2019-05-09,11.8547584000,12.2993118400,11.8547584000,11.9288506400,4781241,62181490.2800,1.782375,1.098904
2019-05-10,12.1233427700,12.5864192700,11.8547584000,12.5401116200,7428737,98711335.4900,2.769322,5.124222
2019-05-13,12.3919271400,12.5215885600,12.2252196000,12.3085733700,4267738,56977476.8400,1.590949,-1.846381
2019-05-14,12.1233427700,12.4011886700,12.1233427700,12.2530041900,3360202,44486196.4800,1.252633,-0.451470
2019-05-15,12.3641425500,12.4938039700,12.2807887800,12.4289732600,3409167,45564301.4500,1.270886,1.436134
2019-05-16,12.4660193800,12.4660193800,12.2993118400,12.4289732600,3355900,44898297.6500,1.251029,0.000000
2019-05-17,12.4845424400,13.6422336900,12.1326043000,12.5586346800,9693478,132134075.7800,3.613583,1.043222
2019-05-20,12.8086959900,13.4755261500,12.5956808000,13.4662646200,11722398,164955706.4200,4.369934,7.227135
2019-05-21,13.1976802500,13.3088186100,12.8364805800,13.1698956600,9375300,132713063.7700,3.494971,-2.200823
2019-05-22,13.2069417800,14.4387252700,13.1235880100,14.2442331400,19209069,287110542.1900,7.160853,8.157524
2019-05-23,14.3474479500,14.9855293500,13.7093665500,14.8353925500,28651919,440247499.2500,10.681006,4.150198
2019-05-24,14.3568315000,14.7884748000,13.3527916500,13.4841613500,21210782,318559920.4300,7.907062,-9.108163
2019-05-27,13.2871068000,14.5351189500,13.2871068000,14.4225163500,18087514,271593889.8600,6.742754,6.958942
2019-05-28,14.3380644000,14.6477215500,13.9908730500,14.1973111500,15277197,231858830.5800,5.695110,-1.561482
2019-05-29,14.0096401500,14.7978583500,13.8501198000,14.6101873500,17900652,275404784.3300,6.673095,2.908127
2019-05-30,14.3474479500,14.3568315000,13.7938185000,14.0847085500,12617567,189181952.2900,4.703640,-3.596657
2019-05-31,14.0002566000,14.3662150500,13.8125856000,13.8595033500,9666254,144917522.9000,3.603435,-1.598932
2019-06-03,13.8595033500,14.1503934000,13.5498462000,13.8313527000,9771170,145011134.5500,3.642546,-0.203119
2019-06-04,13.7938185000,14.0002566000,13.2120384000,13.4090929500,8966354,129889210.9400,3.342522,-3.052916
2019-06-05,13.5779968500,13.8876540000,13.4466271500,13.6061475000,8110169,118105815.9200,3.023349,1.469559
2019-06-06,13.6061475000,13.6718323500,13.1463535500,13.3340245500,7736337,110345657.8600,2.883990,-2.000000
2019-06-10,13.4653942500,13.8501198000,13.2777232500,13.7187501000,7050186,102362855.3600,2.628204,2.885291
2019-06-11,13.5592297500,14.5820367000,13.3246410000,14.5069683000,16097460,242165860.1800,6.000892,5.745555
2019-06-12,14.2160782500,14.9479951500,14.1691605000,14.6477215500,19464457,302743340.1400,7.256058,0.970243
2019-06-13,14.5257354000,14.8072419000,14.3380644000,14.5445025000,10280885,159134910.0500,3.832560,-0.704674
2019-06-14,14.5445025000,14.6289544500,13.7562843000,13.8501198000,9853779,148508683.8400,3.673341,-4.774192
2019-06-17,13.7093665500,13.9908730500,13.5592297500,13.5873804000,5247308,76701226.9500,1.956118,-1.897024
2019-06-18,13.6155310500,13.7469007500,13.3715587500,13.4935449000,4289721,61784710.4700,1.599144,-0.690604
2019-06-19,13.8032020500,14.5726531500,13.6905994500,14.4037492500,14742811,222769275.3900,5.495899,6.745481
2019-06-20,14.2066947000,14.6946393000,14.1597769500,14.4506670000,14175869,217836166.8100,5.284552,0.325728
2019-06-21,14.5445025000,14.8072419000,14.3662150500,14.6571051000,13332280,207084416.2900,4.970074,1.428573
2019-06-24,14.6195709000,14.8729267500,14.3662150500,14.6008038000,11388279,177884755.9700,4.245380,-0.384120
2019-06-25,14.5538860500,14.5538860500,13.9345717500,14.3192973000,8549363,129105700.4600,3.187074,-1.928022
2019-06-26,14.2629960000,14.4882012000,14.1128592000,14.2348453500,5996355,91507612.3500,2.235351,-0.589778
2019-06-27,14.2536124500,15.2670358500,14.2348453500,15.0699813000,23118674,366226553.6900,8.618295,5.866838
2019-06-28,14.9198445000,15.0042964500,14.4506670000,14.7134064000,15167200,237611034.7000,5.654105,-2.366122
2019-07-01,15.0418306500,15.5110081500,14.8260090000,15.5110081500,21628931,350933998.5700,8.062941,5.420921
2019-07-02,15.3421042500,15.4547068500,15.1356661500,15.4077891000,14096053,229669929.2900,5.254797,-0.665460
2019-07-03,15.2576523000,15.3421042500,14.8166254500,14.8916938500,10902905,174382676.4000,4.064440,-3.349575
2019-07-04,14.8166254500,14.9667622500,14.4694341000,14.7227899500,9242126,144183258.2200,3.445326,-1.134217
2019-07-05,14.6477215500,14.8353925500,14.5820367000,14.7509406000,6534998,102699751.0200,2.436149,0.191209
2019-07-08,14.6383380000,14.6383380000,13.2777232500,13.2871068000,14775114,216990696.7800,5.507941,-9.923667
2019-07-09,13.2308055000,13.4184765000,12.9868332000,13.2214219500,7739987,108891704.8900,2.885351,-0.494348
2019-07-10,13.2120384000,13.4278600500,13.0431345000,13.1369700000,4464400,63056095.0000,1.664261,-0.638752
2019-07-11,13.1838877500,13.3621752000,12.8554635000,12.9211483500,5460100,76092539.9700,2.035443,-1.642854
2019-07-12,12.9680661000,13.0337509500,12.8085457500,12.9586825500,3150492,43451980.5000,1.174456,0.290486
2019-07-15,12.8554635000,13.2308055000,12.4988886000,13.0994358000,5639728,77458722.2400,2.102406,1.086167
2019-07-16,13.0619016000,13.1463535500,12.8929977000,12.9492990000,3451210,47774689.4400,1.286559,-1.146131
2019-07-17,12.8742306000,13.2495726000,12.8273128500,13.0337509500,4588508,64148950.8800,1.710527,0.652175
2019-07-18,12.9399154500,12.9399154500,12.5927241000,12.6114912000,5672938,76609639.3800,2.114786,-3.239746
2019-07-19,12.6208747500,12.9399154500,12.5927241000,12.6021076500,3647289,49563027.8500,1.359655,-0.074399
2019-07-22,12.5833405500,12.6677925000,12.1141630500,12.1986150000,4586806,60260379.9600,1.709893,-3.201789
2019-07-23,12.2173821000,12.4988886000,12.2173821000,12.4425873000,3000800,39607920.0000,1.118653,2.000002
2019-07-24,12.4425873000,12.7428609000,12.4425873000,12.6771760500,4147496,55958829.8800,1.546124,1.885369
2019-07-25,12.7897786500,13.1932713000,12.7147102500,12.9680661000,6792396,94128566.9200,2.532103,2.294593
2019-07-26,12.8648470500,13.0806687000,12.7803951000,12.8648470500,3355100,46160108.0000,1.250700,-0.795900
2019-07-29,12.9774496500,13.0994358000,12.8554635000,12.9962167500,2616000,36174806.0000,0.975206,1.021155
2019-07-30,12.9492990000,13.1182029000,12.9023812500,12.9399154500,2819756,39123211.6400,1.051200,-0.433200
2019-07-31,12.8179293000,13.0243674000,12.8085457500,12.8554635000,2571260,35418385.0000,0.958500,-0.652600
2019-08-01,12.7991622000,13.0243674000,12.7803951000,12.9399154500,3111804,42795822.0000,1.160000,0.656900
2019-08-02,12.6490254000,12.6490254000,12.3299847000,12.4425873000,4755764,63080838.8400,1.772900,-3.843400
2019-08-05,12.4332037500,12.7053267000,12.3299847000,12.3299847000,3887900,51828892.0000,1.449400,-0.905000
2019-08-06,12.1798479000,12.2267656500,11.4479310000,11.7951223500,6389459,80363027.4100,2.381900,-4.337900
2019-08-07,11.8514236500,12.0015604500,11.7294375000,11.7763552500,3357738,42486612.1600,1.251700,-0.159100
2019-08-08,11.8045059000,11.9827933500,11.7857388000,11.8514236500,2441333,30908053.1400,0.910100,0.637400
2019-08-09,11.9077249500,12.0860124000,11.6543691000,11.6637526500,2785700,35098548.9900,1.038500,-1.583500
2019-08-12,11.8514236500,12.0390946500,11.6637526500,12.0390946500,2603871,32840844.3800,0.970700,3.218000
2019-08-13,11.9077249500,12.1516972500,11.8232730000,11.9452591500,2612434,33260105.5400,0.973900,-0.779400
2019-08-14,12.1235466000,12.2736834000,11.9452591500,12.0109440000,3389543,43778394.2800,1.263600,0.549900
2019-08-15,11.6262184500,12.2549163000,11.5323829500,12.2267656500,4742796,60414254.4400,1.768000,1.796900
2019-08-16,12.1423137000,12.3487518000,12.1423137000,12.1423137000,3797158,49533855.8500,1.415500,-0.690700
2019-08-19,12.2267656500,12.8085457500,12.2267656500,12.7616280000,6344888,85255493.4200,2.365300,5.100500
2019-08-20,12.7897786500,12.8836141500,12.6396418500,12.6771760500,4583472,62278332.1000,1.708600,-0.661800
2019-08-21,12.6677925000,12.8273128500,12.6302583000,12.6677925000,3980200,53966843.0000,1.483800,-0.074000
2019-08-22,12.7616280000,12.8179293000,12.5270392500,12.6677925000,3442290,46486423.5500,1.283200,0.000000
2019-08-23,12.6490254000,12.7991622000,12.5364228000,12.5927241000,3688800,49760839.0000,1.375100,-0.592600
2019-08-26,12.2830669500,12.5458063500,12.1047795000,12.5270392500,3158500,41817063.0000,1.177400,-0.521600
2019-08-27,12.5739570000,12.9962167500,12.5270392500,12.8554635000,6260722,85761663.8600,2.333900,2.621700
2019-08-28,12.8742306000,12.9211483500,12.7053267000,12.7803951000,3098700,42223849.0400,1.155100,-0.583900
2019-08-29,12.8179293000,13.0337509500,12.6959431500,12.7147102500,4533415,62156527.9000,1.690000,-0.513900
2019-08-30,12.7710115500,13.0243674000,12.3206011500,12.3769024500,7044485,95429546.4800,2.626100,-2.656800
2019-09-02,12.3769024500,13.6155310500,12.3769024500,13.1275864500,13502865,188573758.0900,5.033700,6.065200
2019-09-03,13.2589561500,13.4560107000,13.1088193500,13.3527916500,8280915,117150929.4500,3.087000,1.715500
2019-09-04,13.3527916500,13.5873804000,13.2120384000,13.5873804000,9048208,129453781.6400,3.373000,1.756900
2019-09-05,13.5967639500,13.9627224000,13.4184765000,13.5029284500,10145054,148273114.3300,3.781900,-0.621500
2019-09-06,13.6061475000,14.1128592000,13.5310791000,14.0847085500,10422801,153942026.2700,3.885500,4.308500
2019-09-09,15.3796384500,15.4922410500,15.2013510000,15.4922410500,7649438,125877741.1500,2.851600,9.993300
2019-09-10,16.8903900000,16.8903900000,14.9010774000,14.9949129000,43533772,733350193.2700,16.228700,-3.210200
2019-09-11,14.9104609500,15.1450497000,14.3192973000,14.3568315000,20026650,313680291.5600,7.465600,-4.255300
2019-09-12,14.4694341000,14.5914202500,14.1973111500,14.3474479500,9824807,150684148.1200,3.662500,-0.065400
2019-09-16,14.3849821500,14.6008038000,14.3568315000,14.4882012000,9048735,139448949.5700,3.373200,0.981000
2019-09-17,14.3568315000,14.4412834500,13.6999830000,13.8219691500,11962180,178310284.1100,4.459300,-4.598400
2019-09-18,13.8032020500,13.9158046500,13.6530652500,13.6812159000,7323716,107472952.5200,2.730200,-1.018300
2019-09-19,13.7938185000,14.0002566000,13.6624488000,13.9627224000,8318295,122495546.1300,3.100900,2.057600
2019-09-20,13.9064211000,14.2160782500,13.7938185000,14.1785440500,9537570,143000803.4000,3.555500,1.545700
2019-09-23,14.0471743500,14.2723795500,13.7656678500,14.2723795500,7955400,118431934.8100,2.965700,0.661800
2019-09-24,14.4412834500,14.8823103000,14.1691605000,14.7790912500,20672446,321573027.1500,7.706400,3.550300
2019-09-25,14.4975847500,14.5726531500,14.1222427500,14.1410098500,9872556,150930716.0900,3.680300,-4.317500
2019-09-26,14.2536124500,14.2723795500,13.6061475000,13.6155310500,8028564,118457717.6300,2.992900,-3.716000
2019-09-27,13.6342981500,14.1034756500,13.5029284500,14.0847085500,6829391,100868652.4000,2.545900,3.445900
2019-09-30,14.0471743500,14.1503934000,13.7562843000,14.0284072500,4037022,60075441.0500,1.504900,-0.399700
2019-10-08,14.0847085500,14.0847085500,13.6530652500,13.6905994500,3369671,49641186.5400,1.256200,-2.408000
2019-10-09,13.6249146000,13.7281336500,13.4278600500,13.6530652500,3852274,55713561.2300,1.436100,-0.274200
2019-10-10,13.6812159000,13.7562843000,13.4747778000,13.7093665500,4275038,62182516.8700,1.593700,0.412400
2019-10-11,13.7375172000,13.7844349500,13.4466271500,13.4935449000,3723818,53923280.2000,1.388200,-1.574300
2019-10-14,13.6905994500,13.8782704500,13.5310791000,13.6812159000,5039178,73658292.7200,1.878500,1.390800
2019-10-15,13.6812159000,13.7375172000,13.1369700000,13.1463535500,6201072,87594674.1800,2.311700,-3.909500
2019-10-16,13.1651206500,13.2683397000,13.0243674000,13.0619016000,3292900,46053801.0000,1.227500,-0.642400
2019-10-17,13.1182029000,13.1369700000,12.8648470500,12.9399154500,2809478,38960601.2800,1.047300,-0.933900
2019-10-18,12.9399154500,13.0712851500,12.7428609000,12.7897786500,2453888,33747947.3000,0.914800,-1.160300
2019-10-21,12.8179293000,12.8273128500,12.4519708500,12.7147102500,2614634,35101862.2800,0.974700,-0.586900
2019-10-22,12.7428609000,13.0431345000,12.7428609000,13.0056003000,2853036,39248719.9200,1.063600,2.287800
2019-10-23,13.0056003000,13.2589561500,12.9023812500,13.0431345000,3306159,46252670.6300,1.232500,0.288600
2019-10-24,13.0431345000,13.0806687000,12.7428609000,12.8366964000,2611660,35960554.0000,0.973600,-1.582700
2019-10-25,12.7616280000,13.1088193500,12.7616280000,13.0900522500,2501844,34557618.3400,0.932600,1.973700
2019-10-28,13.3997094000,13.6061475000,13.2777232500,13.5404626500,5543836,79518662.2700,2.066700,3.440900
2019-10-29,13.5404626500,13.5873804000,13.1745042000,13.2214219500,4282682,61026983.8400,1.596500,-2.356200
2019-10-30,13.2214219500,13.3527916500,12.9868332000,13.0337509500,3221733,45159477.0300,1.201000,-1.419400
2019-10-31,13.0994358000,13.2308055000,12.8742306000,12.9211483500,2692404,37416482.1100,1.003700,-0.863900
2019-11-01,12.9211483500,13.0712851500,12.7803951000,12.9774496500,2425830,33490205.2800,0.904300,0.435700
2019-11-04,12.4988886000,13.1557371000,12.4988886000,12.7147102500,6170010,84561491.8700,2.300100,-2.024600
2019-11-05,12.7897786500,12.9680661000,12.5176557000,12.7991622000,4435000,60139222.8000,1.653300,0.664200
2019-11-06,12.8085457500,12.8648470500,12.5082721500,12.5458063500,2687423,36280868.0600,1.001800,-1.979500
2019-11-07,12.5270392500,12.6865596000,12.5270392500,12.5927241000,1596295,21447601.6500,0.595100,0.374000
2019-11-08,12.7147102500,13.0431345000,12.6584089500,12.8085457500,3604782,49422806.1300,1.343800,1.713900
2019-11-11,12.7616280000,12.7710115500,12.2549163000,12.4144366500,4216631,55870312.6100,1.571900,-3.076900
2019-11-12,12.3956695500,12.4144366500,12.1516972500,12.3393682500,2377084,31054620.3200,0.886100,-0.604700
2019-11-13,12.2455327500,12.3581353500,12.1704643500,12.2924505000,1660764,21704540.7100,0.619100,-0.380200
2019-11-14,12.3206011500,12.6208747500,12.2455327500,12.5176557000,2704654,35828432.1900,1.008300,1.832100
2019-11-15,12.5176557000,12.6114912000,12.3862860000,12.4050531000,2162227,28802768.3800,0.806000,-0.899500
2019-11-18,12.4050531000,12.5551899000,12.3018340500,12.4425873000,1691506,22386085.5000,0.630600,0.302600
2019-11-19,12.3862860000,12.7522444500,12.3018340500,12.7240938000,4369069,58373226.6900,1.628700,2.262400
2019-11-20,12.6677925000,12.7240938000,12.3206011500,12.4801215000,3334705,44736901.5700,1.243100,-1.917400
2019-11-21,12.3487518000,12.5739570000,12.3487518000,12.4238202000,2578989,34236577.0700,0.961400,-0.451100
2019-11-22,12.3956695500,12.6208747500,12.2361492000,12.2830669500,3238325,42907311.4900,1.207200,-1.132900
2019-11-25,12.3018340500,12.3675189000,11.8983414000,12.1516972500,3094534,39863972.1500,1.153600,-1.069500
2019-11-26,12.1610808000,12.1610808000,11.9264920500,11.9452591500,2861779,36677761.5000,1.066800,-1.698800
2019-11-27,11.9264920500,12.1235466000,11.8138894500,11.9452591500,2951872,37723619.4800,1.100400,0.000000
2019-11-28,11.9921769000,12.0484782000,11.8701907500,11.8983414000,2323415,29577166.8500,0.866100,-0.392800
2019-11-29,11.8889578500,12.0109440000,11.8420401000,12.0015604500,2868858,36532170.3700,1.069500,0.867500
2019-12-02,12.0484782000,12.2455327500,11.9358756000,12.1704643500,2975734,38451516.1800,1.109300,1.407400
2019-12-03,12.1423137000,12.3675189000,12.0484782000,12.3581353500,2879351,37520961.4000,1.073400,1.542000
2019-12-04,12.3487518000,12.4425873000,12.2267656500,12.3393682500,2656033,34882465.2900,0.990100,-0.151900
2019-12-05,12.3956695500,12.6771760500,12.3112176000,12.5927241000,4211371,56252517.4600,1.569900,2.053200
2019-12-06,12.5927241000,12.6114912000,12.2079985500,12.2924505000,10366231,136411380.1300,3.864400,-2.384500
2019-12-09,12.4050531000,13.5216955500,12.3018340500,13.5216955500,18782189,261340677.2000,7.001700,10.000000
2019-12-10,13.0900522500,13.7093665500,12.8366964000,13.5592297500,31461609,442555524.4300,11.728400,0.277600
2019-12-11,13.2495726000,14.2160782500,13.1463535500,13.7281336500,24345859,352131589.5600,9.075800,1.245700
2019-12-12,13.5686133000,13.9533388500,13.4653942500,13.6155310500,18232502,266299376.0300,6.796800,-0.820200
2019-12-13,13.7469007500,13.7562843000,13.3997094000,13.5779968500,13482245,194703274.7900,5.026000,-0.275700
2019-12-16,13.5404626500,14.0284072500,13.4278600500,13.9533388500,17150688,251813669.9000,6.393500,2.764300
2019-12-17,13.8407362500,14.1503934000,13.7656678500,14.0659414500,16285420,241719293.4100,6.071000,0.807000
2019-12-18,14.0565579000,14.2536124500,13.8313527000,13.9251882000,13010908,194056325.8900,4.850300,-1.000700
2019-12-19,13.7938185000,14.1316263000,13.6624488000,14.0753250000,12894332,191055668.2500,4.806800,1.078200
2019-12-20,14.0753250000,14.0753250000,13.5029284500,13.5123120000,10600318,156255690.0300,3.951600,-4.000000
2019-12-23,13.3903258500,14.1879276000,13.3434081000,13.6624488000,13566947,199775640.3000,5.057600,1.111100
2019-12-24,13.6999830000,14.4131328000,13.5310791000,14.3755986000,20293091,306387871.8900,7.565000,5.219800
2019-12-25,14.2348453500,14.6195709000,14.1128592000,14.4975847500,17836165,272715084.7200,6.649100,0.848600
2019-12-26,14.3755986000,14.4600505500,14.1222427500,14.3755986000,12023549,182938993.5400,4.482200,-0.841400
2019-12-27,14.3099137500,14.5163518500,13.7750514000,13.7844349500,13542128,204318196.5800,5.048300,-4.112300
2019-12-30,13.7469007500,13.9721059500,13.3340245500,13.9533388500,9695506,141746709.1000,3.614300,1.225300
2019-12-31,13.9439553000,14.0659414500,13.6624488000,13.7375172000,7253366,106829278.8400,2.703900,-1.546700
2020-01-02,13.8970375500,14.3192973000,13.7562843000,14.2254618000,12010948,180880901.2900,4.477500,3.551900
2020-01-03,14.2442289000,14.8635432000,14.2442289000,14.6383380000,17085978,265956614.1900,6.369400,2.902400
2020-01-06,14.6946393000,15.0793648500,14.4037492500,15.0136800000,17050244,269918485.0900,6.356100,2.564100
2020-01-07,14.9855293500,14.9855293500,14.5914202500,14.8447761000,13747213,216388729.5700,5.124800,-1.125000
2020-01-08,14.6852557500,14.7040228500,14.2536124500,14.2817631000,12918132,199104386.0700,4.815700,-3.792700
2020-01-09,14.4694341000,14.5820367000,14.3286808500,14.5257354000,10172685,156891464.4300,3.792200,1.708300
2020-01-10,14.5445025000,14.6664886500,14.3286808500,14.3286808500,8436315,130065736.0800,3.144900,-1.356600
2020-01-13,14.2629960000,14.8166254500,13.9533388500,14.8072419000,13043860,200732827.6700,4.793800,3.339900
2020-01-14,14.6946393000,14.8072419000,14.5445025000,14.6289544500,9248308,144441746.0400,3.398900,-1.204100
2020-01-15,14.6195709000,15.1825839000,14.5820367000,15.1825839000,17870254,284760924.2300,6.567500,3.784500
2020-01-16,15.0981319500,15.2295016500,14.7227899500,14.7978583500,13723539,217951712.9600,5.043600,-2.534000
2020-01-17,14.8447761000,14.8916938500,14.3849821500,14.4506670000,11582050,179866019.4300,4.256500,-2.346200
2020-01-20,14.3662150500,14.8447761000,14.1128592000,14.8447761000,10952232,170037631.4100,4.025100,2.727300
2020-01-21,14.7415570500,15.3608713500,14.6477215500,14.9949129000,16492694,264184288.2800,6.061300,1.011400
2020-01-22,15.0136800000,15.9238843500,14.6946393000,15.5860765500,22750361,375320461.5200,8.361000,3.942400
2020-01-23,15.4171726500,16.3461441000,15.2482687500,15.6892956000,24680475,414802059.9000,9.070400,0.662200
2020-02-03,14.1222427500,14.1222427500,14.1222427500,14.1222427500,2024400,30467220.0000,0.744000,-9.988000
2020-02-04,12.7803951000,14.5163518500,12.7803951000,13.9721059500,16424012,243827930.0600,6.036000,-1.063100
2020-02-05,14.0565579000,15.2388852000,13.8032020500,14.9761458000,18511720,289306029.6800,6.803300,7.186000
2020-02-06,14.7790912500,15.4547068500,14.7134064000,15.2201181000,18159798,292126788.0100,6.673900,1.629100
2020-02-07,15.2201181000,16.2335415000,15.0230635500,15.9708021000,21087250,354187866.4500,7.749800,4.932200
2020-02-10,15.7925146500,16.7402532000,15.5860765500,15.9332679000,20783919,355028371.5200,7.638300,-0.235000
2020-02-11,16.1397060000,16.1866237500,15.5673094500,15.8112817500,15571788,263215819.6300,5.722800,-0.765600
2020-02-12,15.7362133500,16.5056644500,15.6329943000,16.2241579500,21684303,372130383.6900,7.969200,2.611300
2020-02-13,16.1490895500,16.3273770000,15.6329943000,15.6611449500,22396126,379581304.3500,8.230800,-3.470200
2020-02-14,15.7174462500,16.9842255000,15.5860765500,16.3367605500,27529590,480292629.5100,10.117400,4.314000
2020-02-17,16.3273770000,17.3783346000,16.2429250500,17.3501839500,30332677,545251860.0000,11.147600,6.203300
2020-02-18,17.2469649000,17.7818272500,16.9842255000,17.6879917500,30316371,563209863.6300,11.141600,1.947000
2020-02-19,17.6786082000,17.7255259500,17.0123761500,17.0499103500,22082948,406495624.8600,8.115700,-3.607400
2020-02-20,17.2188142500,17.3501839500,16.6182670500,17.3501839500,20008546,363540538.3400,7.353400,1.761100
2020-02-21,17.3408004000,17.8099779000,17.0592939000,17.2188142500,23793143,440705598.9800,8.744200,-0.757200
2020-02-24,16.8997735500,17.9882653500,16.8997735500,17.9413476000,26285772,491221026.0300,9.660300,4.196200
2020-02-25,17.4534030000,17.6692246500,16.1584731000,17.3314168500,26066315,476742721.1700,9.579700,-3.399600
2020-02-26,16.8903900000,17.7349095000,16.6839519000,17.2469649000,21538707,397184536.9800,7.915700,-0.487300
2020-02-27,17.6223069000,17.6973753000,16.7214861000,16.8997735500,19287758,354064469.5600,7.088500,-2.013100
2020-02-28,15.9520350000,16.1960073000,15.2107345500,15.2107345500,19738067,327977748.4500,7.254000,-9.994500
2020-03-02,15.4265562000,15.8488159500,15.2013510000,15.6986791500,11257865,186771209.9700,4.137400,3.207900
2020-03-03,15.9989527500,16.4587467000,15.6423778500,15.7549804500,13612397,232770735.0000,5.002700,0.358600
2020-03-04,15.5485423500,15.9989527500,15.3890220000,15.9145008000,10306630,172309519.7900,3.787800,1.012500
2020-03-05,16.1960073000,16.3086099000,15.6892956000,16.0271034000,11141789,189500917.5300,4.094700,0.707600
2020-03-06,16.0177198500,17.2469649000,15.9332679000,16.5338151000,20691745,366759598.1800,7.604400,3.161600
2020-03-09,16.1397060000,16.4212125000,15.1825839000,15.2388852000,17647481,295704858.6700,6.485600,-7.832000
2020-03-10,15.1544332500,16.3086099000,15.1544332500,16.2898428000,16802538,283650794.6400,6.175100,6.896600
2020-03-11,16.4212125000,16.6839519000,15.8018982000,15.8581995000,13972812,242764017.0400,5.135200,-2.649800
2020-03-12,15.3702549000,15.9145008000,15.2764194000,15.5766930000,10887445,180603033.4000,4.001300,-1.775100
2020-03-13,14.7697077000,15.7080627000,14.7415570500,15.5203917000,11974934,193888291.0300,4.400900,-0.361400
2020-03-16,15.5297752500,15.7268298000,14.0565579000,14.1222427500,14335118,226898667.3800,5.268300,-9.008500
2020-03-17,14.5445025000,14.6383380000,13.8407362500,14.3474479500,9988819,152042335.9800,3.671000,1.594700
2020-03-18,14.5351189500,14.7415570500,13.8219691500,13.8876540000,10839760,165943996.4500,3.983700,-3.204700
2020-03-19,13.9345717500,14.3568315000,13.7656678500,14.2629960000,8440636,126731565.2500,3.102000,2.702700
2020-03-20,14.4600505500,14.5351189500,14.0753250000,14.4131328000,7253028,110531969.4500,2.665600,1.052600
2020-03-23,13.9345717500,14.1691605000,13.5123120000,13.6999830000,7030812,103989818.3500,2.583900,-4.947900
2020-03-24,13.9814895000,14.1597769500,13.4935449000,14.1222427500,7790627,115801308.3300,2.863100,3.082200
2020-03-25,14.4506670000,14.4975847500,14.1691605000,14.2536124500,6710388,102328201.3000,2.466100,0.930200
2020-03-26,14.0753250000,14.2348453500,13.8782704500,13.9251882000,6172850,92104131.2700,2.268600,-2.304100
2020-03-27,14.0753250000,14.1879276000,13.6624488000,13.6999830000,5184688,76957435.0300,1.905400,-1.617200
2020-03-30,13.4747778000,13.5123120000,12.9586825500,13.2495726000,7130053,100219526.5100,2.620400,-3.287700
2020-03-31,13.5123120000,13.6530652500,13.1557371000,13.2308055000,4772939,68120774.7500,1.754100,-0.141600
2020-04-01,13.2308055000,13.6905994500,13.2308055000,13.3715587500,5855277,84051049.5600,2.151900,1.063800
2020-04-02,13.3246410000,13.9251882000,13.3152574500,13.9251882000,5839787,84910325.5000,2.146200,4.140400
2020-04-03,13.8501198000,14.0377908000,13.5592297500,13.6718323500,4745024,69512928.9200,1.743800,-1.819400
2020-04-07,14.1410098500,14.5163518500,14.0096401500,14.4882012000,10016636,152157587.6200,3.681200,5.971200
2020-04-08,14.9010774000,15.7831311000,14.7603241500,15.4734739500,23389367,380176448.8400,8.595900,6.800500
2020-04-09,15.6705285000,16.7684038500,15.3139536000,16.4493631500,33913550,581532694.6100,12.463600,6.306900
2020-04-10,15.7737475500,15.8394324000,14.8072419000,14.8353925500,21023675,337449088.8900,7.726400,-9.811800
2020-04-13,14.3286808500,14.4225163500,13.6624488000,13.7187501000,14817790,220657874.0300,5.445700,-7.526900
2020-04-14,13.9627224000,14.0565579000,13.7187501000,14.0284072500,9866576,146148492.3600,3.626100,2.257200
2020-04-15,13.9439553000,14.0940921000,13.6812159000,13.6812159000,10093839,149461331.2200,3.709600,-2.474900
2020-04-16,13.7750514000,13.9908730500,13.5873804000,13.9064211000,7523096,111054950.4000,2.764800,1.646100
2020-04-17,14.0284072500,14.3005302000,13.8876540000,13.8876540000,9728048,146124471.0600,3.575200,-0.134900
2020-04-20,13.8125856000,14.2160782500,13.8125856000,14.1785440500,7624306,114280091.4800,2.802000,2.094600
2020-04-21,14.0940921000,14.1691605000,13.8782704500,14.0940921000,6372548,95279973.0600,2.342000,-0.595600
2020-04-22,13.9814895000,14.1973111500,13.8688869000,14.1785440500,6458076,96646042.5600,2.373400,0.599200
2020-04-23,14.2160782500,14.2160782500,13.8782704500,13.9439553000,6362129,94960432.6100,2.338200,-1.654500
2020-04-24,13.8688869000,14.0096401500,13.4184765000,13.4278600500,6786287,98665762.6400,2.494000,-3.701200
2020-04-27,13.4184765000,13.6436817000,13.3340245500,13.4278600500,4113823,59157145.6000,1.511900,0.000000
2020-04-28,13.4278600500,13.4841613500,12.5739570000,12.9868332000,7975938,110553656.4900,2.931200,-3.284400
2020-04-29,12.9305319000,13.2214219500,12.8554635000,13.1369700000,4137469,57846346.3700,1.520600,1.156100
2020-04-30,13.2214219500,13.7938185000,13.1838877500,13.6905994500,7357593,106617441.8900,2.704000,4.214300
2020-05-06,13.4747778000,14.0565579000,13.4653942500,14.0190237000,8803578,129964317.0900,3.235400,2.398900
2020-05-07,13.9814895000,14.1973111500,13.8688869000,13.8876540000,8034801,119854037.8100,2.952900,-0.937100
2020-05-08,14.1316263000,14.4131328000,14.0847085500,14.2254618000,9146956,138793452.2100,3.361600,2.432400
2020-05-11,14.2629960000,14.4318999000,14.0190237000,14.1410098500,7527848,114127920.2200,2.766600,-0.593700
2020-05-12,14.1034756500,14.3099137500,13.8595033500,14.2723795500,6494296,97744859.9400,2.386700,0.929000
2020-05-13,14.1222427500,14.3192973000,14.0753250000,14.2160782500,4568729,69276137.8500,1.704700,-0.394500
2020-05-14,14.1879276000,14.4037492500,14.0377908000,14.1222427500,6207144,94064669.6900,2.316000,-0.660100
2020-05-15,14.2629960000,14.5632696000,14.1785440500,14.2911466500,8458017,129717157.6600,3.155800,1.196000
2020-05-18,14.6383380000,14.6571051000,14.1034756500,14.1597769500,8192400,125387829.3500,3.056700,-0.919200
2020-05-19,14.3568315000,14.4412834500,14.2066947000,14.3943657000,6233658,95148531.0600,2.325900,1.656700
2020-05-20,14.3662150500,14.4788176500,14.1034756500,14.1691605000,6340233,96381836.1900,2.365700,-1.564500
2020-05-21,14.2536124500,14.2817631000,13.6999830000,13.7656678500,6676453,99217551.1300,2.491100,-2.847700
2020-05-22,13.6990800000,14.0320437500,13.3756295000,13.4327090000,5455176,78155126.4100,2.035400,-2.418800
2020-05-25,13.4802752500,13.5468680000,13.2709837500,13.4517355000,3669140,51738034.8700,1.369000,0.141600
2020-05-26,13.5088150000,13.7942125000,13.4612487500,13.7751860000,4090683,58793384.7900,1.526300,2.404500
2020-05-27,13.8893450000,13.8893450000,13.4517355000,13.4993017500,4344886,61981030.5700,1.621200,-2.002800
2020-05-28,13.4993017500,13.6610270000,13.2329307500,13.5278415000,4301751,60669755.7100,1.605100,0.211400
2020-05-29,13.3756295000,13.5754077500,13.3185500000,13.3851427500,3605394,50957897.9100,1.345200,-1.054900
2020-06-01,13.5183282500,14.0320437500,13.4897885000,13.9939907500,6962320,101273201.2200,2.597800,4.548700
2020-06-02,14.1557160000,14.4411135000,14.0796100000,14.2889015000,7346807,110193586.5800,2.741200,2.107400
2020-06-03,14.3079280000,14.5172195000,14.1747425000,14.2889015000,7283333,110044751.7600,2.717600,0.000000
2020-06-04,14.4601400000,14.4601400000,14.1747425000,14.2603617500,4240110,63721413.9400,1.582100,-0.199700
2020-06-05,14.3554942500,14.4316002500,14.2223087500,14.3364677500,4666533,70338060.3400,1.741200,0.533700
2020-06-08,14.4506267500,14.4696532500,14.0415570000,14.0986365000,6989945,104422164.1100,2.608100,-1.658900
2020-06-09,14.0986365000,14.2223087500,14.0130172500,14.2223087500,4362145,64678853.2000,1.627600,0.877200
2020-06-10,14.1366895000,14.1366895000,13.5754077500,13.7085932500,9008092,130110884.1300,3.361100,-3.612000
2020-06-11,13.6990800000,13.8988582500,13.5754077500,13.6324872500,5949012,85794795.6700,2.219700,-0.555200
2020-06-12,13.4136825000,14.0320437500,13.2519572500,13.8417787500,13338636,192125824.6100,4.976900,1.535200
2020-06-15,13.5088150000,13.6990800000,13.3946560000,13.4231957500,10195524,145094682.9400,3.804100,-3.024100
2020-06-16,13.5563812500,13.7466462500,13.5183282500,13.7371330000,6838627,98161230.0600,2.551600,2.338800
2020-06-17,13.7181065000,14.0035040000,13.6800535000,13.8322655000,7582627,110085873.9400,2.829200,0.692500
2020-06-18,13.7751860000,13.9559377500,13.6420005000,13.8893450000,6373137,92683668.1100,2.377900,0.412700
2020-06-19,13.9178847500,14.1937690000,13.7466462500,14.0986365000,8621033,126609181.1700,3.216700,1.506800
2020-06-22,14.2127955000,14.3745207500,14.1176630000,14.2318220000,10309803,154269803.7400,3.846800,0.944700
2020-06-23,14.1652292500,14.2032822500,13.9844775000,14.1271762500,6175516,91419579.5400,2.304200,-0.735300
2020-06-24,14.1366895000,14.3650075000,14.0891232500,14.1937690000,7206279,107870167.1500,2.688800,0.471400
2020-06-29,14.0986365000,15.4114650000,13.9654510000,14.9928820000,20480364,320233093.3300,7.641600,5.630000
2020-06-30,15.0594747500,15.2402265000,14.8501832500,14.9262892500,13391121,211432370.8600,4.996500,-0.444200
2020-07-01,15.0309350000,15.3258457500,14.7169977500,15.1165542500,11348298,179361271.8100,4.234300,1.274700
2020-07-02,15.0594747500,15.2877927500,14.8311567500,15.2021735000,12610716,200392787.2200,4.705300,0.566400
2020-07-03,15.2402265000,15.3734120000,14.9072627500,15.2402265000,13746054,218927230.7600,5.128900,0.250300
2020-07-06,15.3163325000,15.8871275000,15.3163325000,15.7634552500,14903822,244936247.1000,5.560900,3.433200
2020-07-07,15.7634552500,16.1249587500,15.6397830000,15.6397830000,18158486,303146257.8200,6.775300,-0.784500
2020-07-08,15.6492962500,16.0869057500,15.5161107500,15.9346937500,15004886,249339154.0400,5.598600,1.885600
2020-07-09,15.8871275000,17.5329197500,15.8871275000,17.5329197500,12238836,219886346.4500,4.566500,10.029900
2020-07-10,18.0561485000,19.2833577500,17.5329197500,19.2833577500,53864809,1066742741.5300,20.098000,9.983700
2020-07-13,21.2050342500,21.2145475000,20.2441960000,21.2145475000,13315060,295335743.9100,4.968100,10.014800
2020-07-14,23.3360022500,23.3360022500,22.8413132500,23.3360022500,12990988,318577110.9200,4.847200,10.000000
2020-07-15,25.6667485000,25.6667485000,22.1658725000,24.1160887500,88874419,2279093749.9000,33.160700,3.342800
2020-07-16,23.8687442500,24.6393175000,21.7663160000,22.8222867500,45074521,1099369886.7300,16.818200,-5.364900
2020-07-17,23.7926382500,24.6202910000,20.5391067500,20.5391067500,42650589,981054390.9100,15.913700,-10.004200
2020-07-20,20.0824707500,21.0528222500,19.3594637500,20.9196367500,40782253,863944604.7200,15.216600,1.852700
2020-07-21,20.9291500000,21.2716270000,19.9778250000,20.1014972500,35733327,770641487.7500,13.332800,-3.910900
2020-07-22,19.8826925000,22.1087930000,19.8160997500,21.7187497500,44065699,988388285.9100,16.441800,8.045400
2020-07-23,20.9767162500,22.6415350000,20.5391067500,22.4988362500,30490423,682563455.8500,11.376600,3.591800
2020-07-24,21.9280412500,24.4871055000,20.7388850000,21.3952992500,35483128,842295059.2600,13.239400,-4.904900
2020-07-27,22.1658725000,23.0125517500,21.0052560000,22.0612267500,26423062,616342838.6200,9.858900,3.112500
2020-07-28,21.7948557500,22.0136605000,20.0729575000,20.7769380000,22326059,491274400.0500,8.330300,-5.821500
2020-07-29,20.9291500000,21.8329087500,20.4630007500,21.6616702500,18884587,423386527.1600,7.046200,4.258200
2020-07-30,21.4428655000,22.2324652500,20.6437525000,20.7769380000,20474961,456538909.3400,7.639600,-4.084300
2020-07-31,20.6818055000,22.8508265000,20.6818055000,22.8508265000,25356649,599352146.1800,9.461100,9.981700
2020-08-03,23.3455155000,23.9733900000,22.7556940000,23.0886577500,32552533,798509523.2300,12.146000,1.040800
2020-08-04,23.1076842500,23.6879925000,21.7758292500,22.0136605000,27381522,645059740.2500,10.216600,-4.656000
2020-08-05,22.8318000000,23.7831250000,21.5760510000,23.2979492500,31708485,757346051.0300,11.831000,5.834100
2020-08-06,22.7366675000,23.2028167500,22.0992797500,22.7842337500,24583027,583681784.9300,9.172400,-2.205000
2020-08-07,22.4512700000,22.5178627500,20.6722922500,21.1099017500,23674517,529980977.0800,8.833400,-7.348600
2020-08-10,20.8245042500,21.5665377500,19.9017190000,20.2917622500,16962726,366967443.2800,6.329100,-3.875600
2020-08-11,20.3012755000,20.8149910000,19.9017190000,20.1680900000,13358405,285332507.2300,4.984300,-0.609500
2020-08-12,19.9778250000,20.2632225000,18.7411025000,19.5877817500,13317910,271166470.4700,4.969200,-2.877400
2020-08-13,19.6924275000,19.9873382500,19.3975167500,19.9587985000,10380625,214462782.0500,3.873200,1.894100
2020-08-14,19.9873382500,20.1395502500,19.4070300000,19.9302587500,9083069,189287031.7700,3.389100,-0.143000
2020-08-17,19.9302587500,20.3773815000,19.5497287500,19.9302587500,15359190,321599650.1200,5.730800,0.000000
2020-08-18,19.8636660000,21.9280412500,19.7399937500,21.9280412500,30445145,687378841.1600,11.359700,10.023900
2020-08-19,21.4523787500,21.7758292500,20.8815837500,21.0242825000,25867110,578111036.3200,9.651500,-4.121500
2020-08-20,20.9957427500,21.8424220000,20.5486200000,21.2240607500,15644183,351741430.2700,5.837100,0.950200
2020-08-21,21.5475112500,22.0041472500,20.9576897500,21.1384415000,11872496,267739082.4200,4.429900,-0.403400
2020-08-24,21.4143257500,21.8899882500,20.7579115000,21.6902100000,14873434,336920763.3600,5.549600,2.610300
2020-08-25,22.2895447500,22.4512700000,20.7388850000,20.8815837500,15197398,340968273.8700,5.670400,-3.728100
2020-08-26,20.7388850000,21.1955210000,19.9302587500,20.0444177500,13140402,282187212.9900,4.902900,-4.009100
2020-08-27,20.1966297500,20.3964080000,19.7209672500,20.2346827500,11701908,246635100.2500,4.366200,0.949200
2020-08-28,20.1490635000,20.3583550000,19.6734010000,20.1776032500,9690281,203944514.6600,3.615600,-0.282100
2020-08-31,20.3583550000,20.7674247500,20.0158780000,20.0444177500,9276863,197571866.5900,3.461400,-0.660100
2020-09-01,20.1680900000,20.1680900000,19.3689770000,19.6163215000,10107274,209157981.2300,3.771200,-2.135700
2020-09-02,19.6924275000,19.9397720000,19.2643312500,19.7970732500,11564135,238369316.9800,4.314800,0.921400
2020-09-03,19.6543745000,19.7495070000,19.0074735000,19.2357915000,9866962,199748975.9600,3.681600,-2.835200
2020-09-04,19.1691987500,19.7875600000,18.9503940000,19.4260565000,10836071,220683707.0300,4.043100,0.989100
2020-09-07,19.4450830000,20.1490635000,19.1977385000,19.6163215000,15020520,311581100.9600,5.604400,0.979400
2020-09-08,19.7399937500,19.7495070000,18.1893340000,19.5116757500,16822965,335187226.3600,6.277000,-0.533500
2020-09-09,19.0360132500,20.7959645000,19.0360132500,19.5497287500,18248481,383889479.2200,6.808900,0.195000
2020-09-10,19.5021625000,19.6448612500,18.0751750000,18.1512810000,14770442,288102039.4700,5.201100,-7.153300
2020-09-11,18.3415460000,18.6554832500,17.5804860000,18.5793772500,7308302,139631363.3200,2.573400,2.358500
2020-09-14,18.8362350000,19.1121192500,18.4557050000,18.8933145000,8275288,163432293.6100,2.913900,1.689700
2020-09-15,18.7411025000,18.9218542500,17.9800425000,18.9028277500,10626951,206432348.1600,3.742000,0.050400
2020-09-16,18.7411025000,20.3488417500,18.5603507500,19.2928710000,15531109,320805861.8700,5.468900,2.063400
2020-09-17,19.0550397500,19.5021625000,18.8362350000,19.1406590000,9225235,185277456.1900,3.248400,-0.789000
2020-09-18,19.1501722500,19.5782685000,18.7030495000,19.4260565000,11103141,223772696.7800,3.909700,1.491100
2020-09-21,19.3594637500,19.5972950000,19.0074735000,19.1026060000,7567251,152692743.0100,2.664600,-1.665000
2020-09-22,18.8457482500,19.0740662500,18.4937580000,18.4937580000,6187835,122107354.1800,2.178900,-3.187300
2020-09-23,18.7411025000,18.8552615000,18.2844665000,18.8457482500,5430274,106409136.1800,1.912100,1.903300
2020-09-24,18.7411025000,18.8172085000,18.0751750000,18.0942015000,5168253,99615568.8800,1.819900,-3.987900
2020-09-25,18.2273870000,18.2939797500,18.0180955000,18.0656617500,3701860,70568546.8100,1.303500,-0.157700
2020-09-28,18.1703075000,18.2369002500,17.6090257500,17.7422112500,4087135,76953036.4400,1.439200,-1.790400
2020-09-29,18.0085822500,18.1988472500,17.8373437500,18.0942015000,3704854,70303848.8200,1.304600,1.983900
2020-09-30,18.0942015000,18.1703075000,17.6946450000,17.8944232500,3269153,61670753.9000,1.151200,-1.104100
2020-10-09,18.2559267500,18.5318110000,18.1037147500,18.4081387500,4577009,88473845.7300,1.611700,2.870800
2020-10-12,18.6269435000,19.0930927500,18.4747315000,19.0265000000,6787297,134951970.9200,2.390000,3.359200
2020-10-13,19.0169867500,19.1691987500,18.8362350000,19.0645530000,5671886,113357315.0300,1.997200,0.200000
2020-10-14,19.0645530000,19.6543745000,18.8552615000,19.1691987500,10442073,211543007.5600,3.676900,0.548900
2020-10-15,19.1311457500,19.3880035000,18.6554832500,18.9789337500,7133754,142793431.4000,2.512000,-0.992600
2020-10-16,18.7886687500,18.9599072500,18.2178737500,18.6174302500,7243379,141419557.4800,2.550600,-1.904800
2020-10-19,18.7411025000,18.9694205000,18.3510592500,18.5318110000,3943416,77170077.5300,1.388600,-0.459900
2020-10-20,18.6269435000,19.3784902500,18.2464135000,19.3499505000,7739374,153535529.2500,2.725200,4.414800
2020-10-21,19.1977385000,19.3404372500,18.5984037500,18.5984037500,5593358,110612842.7100,1.969600,-3.884000
2020-10-22,18.4652182500,18.5984037500,18.2083605000,18.4366785000,3474965,67244055.9700,1.223600,-0.869600
2020-10-23,18.3795990000,18.5413242500,17.7326980000,17.7707510000,5970531,113565382.4200,2.102400,-3.612000
2020-10-26,17.8183172500,18.0466352500,17.6090257500,17.7802642500,3477669,65230261.0700,1.224600,0.053500
2020-10-27,17.9610160000,18.2559267500,17.7517245000,18.2464135000,4538479,86099341.1300,1.598100,2.621700
2020-10-28,18.0846882500,18.4461917500,17.8278305000,18.3130062500,4245404,81136892.6000,1.494900,0.365000
2020-10-29,18.4271652500,18.6745097500,18.1988472500,18.2844665000,5467749,105538371.7900,1.925300,-0.155800
2020-10-30,18.1703075000,18.3510592500,17.4663270000,17.7612377500,6693418,126116529.1400,2.356900,-2.861600
2020-11-02,17.8278305000,17.8278305000,16.2296045000,16.6386742500,10834758,190055420.3000,3.815200,-6.320300
2020-11-03,16.6957537500,17.5519462500,16.6291610000,17.4282740000,8285661,149949521.3400,2.917600,4.745600
2020-11-04,17.3807077500,17.6375655000,17.1999560000,17.5138932500,5416413,99450388.8300,1.907300,0.491300
2020-11-05,17.7897775000,18.1798207500,17.5329197500,18.1703075000,9073409,171221741.8600,3.195000,3.748000
2020-11-06,18.3605725000,18.6554832500,18.1607942500,18.5698640000,9680895,187461924.5700,3.408900,2.199000
2020-11-09,19.3118975000,19.6163215000,18.8838012500,19.2167650000,18305082,368396093.4900,6.445700,3.483600
2020-11-10,19.1596855000,19.1596855000,18.1703075000,18.2369002500,12294856,239796672.1700,4.329300,-5.099000
2020-11-11,18.1703075000,18.2654400000,17.4853535000,17.5234065000,6839764,127653467.3500,2.408500,-3.912400
2020-11-12,17.6565920000,17.6756185000,17.1048235000,17.4948667500,5717626,104296910.5000,2.013300,-0.162900
2020-11-13,17.3141150000,17.4377872500,16.9430982500,17.2189825000,4591010,83164794.7400,1.616600,-1.576900
2020-11-16,17.2855752500,17.3902210000,16.8003995000,17.0382307500,3695182,66014798.2000,1.301200,-1.049700
2020-11-17,17.0382307500,17.1714162500,16.6196477500,17.1143367500,4774782,85006550.1000,1.681300,0.446700
2020-11-18,17.2950885000,17.6280522500,17.0287175000,17.1238500000,4843218,87874269.6700,1.705400,0.055600
2020-11-19,17.0287175000,18.4176520000,16.7623465000,18.0276087500,11702710,220436088.5500,4.120800,5.277800
2020-11-20,17.9705292500,18.2464135000,17.5899992500,17.7992907500,7860330,147450907.5400,2.767800,-1.266500
2020-11-23,17.9039365000,18.4366785000,17.5995125000,18.3130062500,9811801,187599417.7400,3.455000,2.886200
2020-11-24,18.3605725000,18.6269435000,18.0846882500,18.1132280000,6382169,122559105.8000,2.247300,-1.090900
2020-11-25,18.1322545000,18.4176520000,17.8658835000,17.9039365000,6169405,117513239.2200,2.172400,-1.155500
2020-11-26,17.9419895000,18.2273870000,17.7897775000,17.9229630000,4492101,84919484.0800,1.581800,0.106300
2020-11-27,17.9229630000,18.2654400000,17.6756185000,18.0561485000,3976004,74828032.2900,1.400100,0.743100
2020-11-30,18.0180955000,18.0276087500,17.2950885000,17.3141150000,6679705,123663885.5400,2.352100,-4.109600
2020-12-01,17.3521680000,17.6185390000,17.2760620000,17.3616812500,4796391,87748414.8900,1.688900,0.274700
2020-12-02,17.3521680000,18.3320327500,17.3141150000,18.2178737500,11082971,210266437.3900,3.902600,4.931500
2020-12-03,18.1893340000,19.1026060000,17.9800425000,19.0740662500,16358158,321483999.2900,5.760100,4.699700
2020-12-04,19.1311457500,19.3784902500,18.6935362500,18.9218542500,12082510,240501917.7700,4.254600,-0.798000
2020-12-07,19.3118975000,19.6163215000,18.8172085000,18.9123410000,12931086,261359195.5000,4.553400,-0.050300
2020-12-08,18.8172085000,19.3023842500,18.7696422500,18.9503940000,9044222,180823861.3000,3.184700,0.201200
2020-12-09,18.9408807500,19.1882252500,18.3605725000,18.3605725000,9393787,185144012.5900,3.307800,-3.112400
2020-12-10,18.2559267500,18.3320327500,17.7707510000,17.8088040000,7665049,145145970.7100,2.699100,-3.005200
2020-12-11,17.7897775000,17.7992907500,16.6672140000,16.8955320000,10169937,182658734.3500,3.581100,-5.128200
2020-12-14,16.9526115000,17.2189825000,16.7052670000,17.0762837500,5556917,99361898.6600,1.956700,1.069800
2020-12-15,16.9526115000,17.0762837500,16.7433200000,16.8955320000,4745765,84245071.8800,1.671100,-1.058500
2020-12-16,16.9335850000,17.0572572500,16.7623465000,16.7718597500,4288005,76126277.5200,1.509900,-0.732000
2020-12-17,16.7433200000,16.7528332500,16.0869057500,16.6672140000,5751095,99496627.8000,2.025100,-0.623900
2020-12-18,17.0287175000,17.1999560000,16.7052670000,16.8289392500,5383866,95810148.2900,1.895800,0.970300
2020-12-21,17.4187607500,17.9324762500,17.1809295000,17.4948667500,8896452,163577928.9900,3.132700,3.957000
2020-12-22,17.3046017500,17.3711945000,16.4103562500,16.4484092500,8032511,142840862.1500,2.828500,-5.981500
2020-12-23,16.3247370000,16.6862405000,16.1725250000,16.5720815000,5480011,94556904.8100,1.929700,0.751900
2020-12-24,16.5245152500,16.5245152500,15.8871275000,15.9346937500,5450113,92291714.3900,1.919100,-3.846200
2020-12-25,15.8300480000,16.1439852500,15.5541637500,15.9251805000,4019857,67369081.4000,1.415500,-0.059700
2020-12-28,15.8776142500,15.8776142500,15.1641205000,15.2212000000,5284024,85444960.0700,1.860600,-4.420500
2020-12-29,15.2497397500,15.8871275000,15.2497397500,15.8110215000,4871912,80250836.1100,1.715500,3.875000
2020-12-30,15.8110215000,16.0773925000,15.5636770000,15.7919950000,4540946,75694364.6000,1.599000,-0.120300
2020-12-31,15.6112432500,16.1249587500,15.6112432500,15.9727467500,4776750,80132738.6300,1.682000,1.144600
2021-01-04,15.9632335000,16.2961972500,15.8871275000,16.1344720000,5937039,100500875.8200,2.090600,1.012500
2021-01-05,16.0298262500,16.5625682500,15.9917732500,16.3627900000,5520410,94585577.4500,1.943900,1.415100
2021-01-06,16.4579225000,16.4579225000,15.6778360000,15.8205347500,5263939,88196736.6100,1.853600,-3.314000
2021-01-07,16.7813730000,17.2855752500,16.0298262500,16.0773925000,11127384,194457293.5900,3.918200,1.623600
2021-01-08,15.2973060000,15.8300480000,15.2687662500,15.4590312500,10437922,169617432.0900,3.675500,-3.846200
2021-01-11,15.3829252500,15.9251805000,15.0689880000,15.0975277500,7416496,120913630.8300,2.611500,-2.338500
2021-01-12,15.1450940000,15.3068192500,14.4696532500,14.7074845000,8486213,131800600.5200,2.988200,-2.583500
2021-01-13,14.6979712500,14.6979712500,14.0605835000,14.4220870000,7365822,111257126.9200,2.593700,-1.940500
2021-01-14,14.4030605000,14.7645640000,14.0510702500,14.5457592500,5896458,89740429.5200,2.076300,0.857500
2021-01-15,14.5647857500,14.8026170000,14.3935472500,14.6884580000,3634836,55812737.4900,1.279900,0.981000
2021-01-18,14.7455375000,15.0689880000,14.6504050000,14.8787230000,5270728,82623334.3800,1.856000,1.295300
2021-01-19,15.0023952500,15.1926602500,14.6599182500,15.0119085000,5277425,82626637.9800,1.858300,0.895100
2021-01-20,14.9358025000,14.9928820000,14.6979712500,14.7740772500,3102182,48252557.5800,1.092400,-1.584300
2021-01-21,14.6979712500,14.8692097500,14.4981930000,14.7455375000,5549948,85796188.0800,1.954300,-0.193200
2021-01-22,14.7455375000,14.7455375000,14.1652292500,14.2698750000,5885032,88831418.9600,2.072300,-3.225800
2021-01-25,14.1557160000,14.1557160000,13.5183282500,13.5658945000,7006291,101613724.7500,2.467100,-4.933300
2021-01-26,13.4993017500,13.9083715000,13.3946560000,13.4897885000,5508755,78670606.3600,1.939800,-0.561000
2021-01-27,13.3090367500,13.5183282500,13.2234175000,13.2804970000,4798446,67373150.1400,1.689700,-1.551500
2021-01-28,13.2043910000,13.5944342500,13.0997452500,13.2900102500,4010972,56451902.7300,1.412400,0.071600
2021-01-29,13.3756295000,14.2698750000,13.0046127500,14.0700967500,7695973,109484758.9800,2.710000,5.869700
2021-02-01,13.6990800000,14.1747425000,13.6990800000,13.7561595000,3840344,55698658.9200,1.352300,-2.231200
2021-02-02,13.5468680000,14.1937690000,13.3375765000,14.1937690000,4763756,69027641.1400,1.677400,3.181200
2021-02-03,14.2508485000,15.0214217500,14.2223087500,14.7360242500,13483821,208501749.7800,4.748000,3.820400
2021-02-04,14.4791665000,14.6123520000,13.4041692500,13.6515137500,8955559,130693335.4300,3.153500,-7.359600
2021-02-05,13.6515137500,13.7942125000,12.7477550000,13.0141260000,7583160,105324114.2600,2.670200,-4.669000
2021-02-08,12.9570465000,12.9855862500,12.4528442500,12.5289502500,8463439,112544728.5600,2.980200,-3.728100
2021-02-09,12.4813840000,12.6240827500,12.3196587500,12.5289502500,7360496,96657774.9800,2.591800,0.000000
2021-02-10,12.6240827500,12.6526225000,12.2340395000,12.3291720000,6615421,86377395.1800,2.329500,-1.594500
2021-02-18,12.5384635000,13.0521790000,12.4433310000,12.8904537500,8147234,109956403.8100,2.868900,4.552500
2021-02-19,12.8904537500,13.5658945000,12.7667815000,13.5088150000,8640949,120312518.1900,3.042700,4.797000
2021-02-22,13.5944342500,14.0130172500,13.5088150000,13.5278415000,9326912,134927682.3600,3.284200,0.140800
2021-02-23,13.3946560000,13.6324872500,13.2043910000,13.2804970000,6478181,90736996.4600,2.281100,-1.828400
2021-02-24,13.2995235000,13.6324872500,13.1473115000,13.3661162500,6525404,91974407.0200,2.297800,0.644700
2021-02-25,13.4136825000,13.4612487500,13.0046127500,13.0331525000,4798906,66292548.2100,1.689800,-2.491100
2021-02-26,12.9189935000,13.1853645000,12.8428875000,12.9570465000,5325133,72801935.8000,1.875100,-0.583900
2021-03-01,13.0712055000,13.4612487500,13.0331525000,13.3946560000,5167118,72303179.3400,1.819500,3.377400
2021-03-02,13.4422222500,14.1366895000,13.3470897500,13.7466462500,11240055,162571130.2000,3.957900,2.627800
2021-03-03,13.6039475000,14.2508485000,13.6039475000,14.0796100000,9409906,138943722.1800,3.313500,2.422100
2021-03-04,13.9654510000,14.1176630000,13.6990800000,13.8703185000,7066060,102991651.6300,2.488100,-1.486500
2021-03-05,13.7181065000,14.0320437500,13.7181065000,13.9273980000,4733349,69255706.7500,1.666700,0.411500
2021-03-08,14.0415570000,14.1366895000,13.5849210000,13.5849210000,5747644,83646616.4900,2.023900,-2.459000
2021-03-09,13.6134607500,13.7561595000,13.1282850000,13.2519572500,6199907,87626047.3900,2.183100,-2.451000
2021-03-10,13.4422222500,13.4422222500,12.7097020000,12.7762947500,5919712,80617059.9900,2.084500,-3.589400
2021-03-11,12.8428875000,13.0141260000,12.5574900000,12.8904537500,7166238,96403372.3700,2.523400,0.893500
2021-03-12,12.9285067500,12.9285067500,12.4813840000,12.6335960000,6661508,88135774.0400,2.345700,-1.992600
2021-03-15,12.5574900000,12.6050562500,12.3291720000,12.4338177500,4889625,63963634.1300,1.721800,-1.581300
2021-03-16,12.4528442500,12.8238610000,12.4338177500,12.8143477500,4557029,60657018.0600,1.604600,3.060400
2021-03-17,12.7667815000,12.9189935000,12.6335960000,12.7762947500,3677149,49320193.9600,1.294800,-0.297000
2021-03-18,12.7858080000,13.0521790000,12.6335960000,12.8428875000,4612033,62171995.3500,1.624000,0.521200
2021-03-19,12.7477550000,12.9760730000,12.6621357500,12.9380200000,4323204,58497157.7700,1.522300,0.740700
2021-03-22,12.9950995000,13.0616922500,12.8524007500,12.9570465000,4450367,60623575.2600,1.567100,0.147100
2021-03-23,13.0141260000,13.0236392500,12.7382417500,12.7858080000,5086144,68824575.0300,1.791000,-1.321600
2021-03-24,12.7477550000,12.9950995000,12.6050562500,12.8333742500,4031242,54308680.4200,1.419500,0.372000
2021-03-25,12.8238610000,13.0616922500,12.6811622500,12.9950995000,5248594,71412690.6700,1.848200,1.260200
2021-03-26,13.0712055000,13.0712055000,12.8809405000,12.9950995000,4102185,55991098.7900,1.444500,0.000000
2021-03-29,12.9950995000,13.1187717500,12.8999670000,13.0521790000,3766371,51506442.5600,1.326200,0.439200
2021-03-30,13.0331525000,13.0616922500,12.6335960000,12.6431092500,4847608,64989328.5200,1.707000,-3.134100
2021-03-31,12.6526225000,13.2709837500,12.5670032500,13.2709837500,9272525,126967732.3100,3.265100,4.966100
2021-04-01,13.1377982500,13.4422222500,13.0902320000,13.3946560000,6637031,92601509.3000,2.337100,0.931900
2021-04-02,13.4327090000,13.6800535000,13.2519572500,13.4993017500,7702829,109002839.8100,2.712400,0.781300
2021-04-06,13.9749642500,14.2127955000,13.5563812500,13.5658945000,10085232,146404821.1800,3.551300,0.493300
2021-04-07,13.9654510000,14.0320437500,13.5468680000,13.8703185000,10108473,146795572.2200,3.559500,2.244000
2021-04-08,13.6990800000,13.9464245000,13.6324872500,13.6324872500,6558113,94808317.9100,2.309300,-1.714700
2021-04-09,13.6990800000,13.8227522500,13.4897885000,13.6610270000,5257643,75441407.4400,1.851400,0.209400
2021-04-12,13.5373547500,13.5754077500,13.1092585000,13.1758512500,6902634,96475111.6800,2.430600,-3.551500
2021-04-13,13.1282850000,13.2709837500,12.8904537500,13.0046127500,4249314,58427622.2600,1.496300,-1.299600
2021-04-14,13.0141260000,13.2709837500,12.9285067500,13.2519572500,3457417,47727679.9700,1.217400,1.902000
2021-04-15,13.1568247500,13.3661162500,13.0426657500,13.2900102500,3324884,46273885.2800,1.170800,0.287200
2021-04-16,13.2043910000,13.6515137500,13.1758512500,13.5754077500,5124703,72674108.9200,1.804500,2.147500
2021-04-19,13.6515137500,13.9749642500,13.5278415000,13.8988582500,7377810,106906320.0400,2.597900,2.382600
2021-04-20,13.8893450000,14.4030605000,13.6990800000,13.9844775000,12380845,183956679.9000,4.359600,0.616000
2021-04-21,13.8608052500,13.9939907500,13.7371330000,13.8227522500,5580069,81205960.7700,1.964900,-1.156500
2021-04-22,13.9939907500,14.2318220000,13.8988582500,14.1937690000,8504516,126028626.0200,2.994700,2.684100
2021-04-23,14.1081497500,14.4696532500,13.9939907500,14.1652292500,10203362,152873822.1000,3.592900,-0.201100
2021-04-26,14.1462027500,14.4601400000,14.0130172500,14.0891232500,9567136,143404171.0200,3.368800,-0.537300
2021-04-27,14.0320437500,14.1176630000,13.5373547500,13.7846992500,7911040,114574871.8600,2.785700,-2.160700
2021-04-28,12.9950995000,13.0426657500,12.5099237500,12.5860297500,15616796,209409215.4200,5.499100,-8.695700
2021-04-29,12.5004105000,12.7572682500,12.3672250000,12.4813840000,8641877,113883464.3300,3.043000,-0.831400
2021-04-30,12.4908972500,12.5194370000,12.1103672500,12.1579335000,5626273,72505086.8000,1.981200,-2.591500
2021-05-06,12.1008540000,12.2625792500,12.1008540000,12.1769600000,2903768,37203755.5800,1.022500,0.156500
2021-05-07,12.1769600000,12.3196587500,12.0913407500,12.1008540000,3038149,38953867.2900,1.069800,-0.625000
2021-05-10,12.1008540000,12.3006322500,11.9391287500,12.3006322500,3117874,39747525.6800,1.097900,1.650900
2021-05-11,12.1959865000,12.4718707500,12.0913407500,12.3862515000,3155397,40862682.3600,1.111100,0.696100
2021-05-12,12.2911190000,12.4243045000,12.2245262500,12.3577117500,3146059,40851574.6700,1.107800,-0.230400
2021-05-13,12.2720925000,12.4052780000,12.1579335000,12.1674467500,4316105,55698128.8000,1.519800,-1.539600
2021-05-14,12.2435527500,12.3767382500,12.1579335000,12.3672250000,3274281,42292917.7700,1.153000,1.641900
2021-05-17,12.3386852500,12.5099237500,12.2245262500,12.2340395000,3928703,50926325.2400,1.383400,-1.076900
2021-05-18,12.2625792500,12.2816057500,12.0342612500,12.2150130000,3465077,44195835.9500,1.220100,-0.155500
2021-05-19,12.3101455000,12.7001887500,12.2816057500,12.6050562500,7316750,96712497.2700,2.576400,3.193100
2021-05-20,12.7097020000,12.7097020000,12.3672250000,12.4623575000,3586204,46974754.8400,1.262800,-1.132100
2021-05-21,12.4623575000,12.6145695000,12.3101455000,12.3577117500,3253030,42666743.8600,1.145500,-0.839700
2021-05-24,12.3672250000,12.9094802500,12.1769600000,12.8238610000,7599602,100596069.7600,2.676000,3.772100
2021-05-25,12.8333742500,12.9760730000,12.6145695000,12.9665597500,7651514,103065931.3000,2.694300,1.112800
2021-05-26,12.9189935000,13.2995235000,12.7382417500,12.7572682500,7989076,109164920.6800,2.813200,-1.614100
2021-05-27,12.6906755000,13.5373547500,12.6906755000,13.3375765000,13303037,185766159.4500,4.684300,4.548800
2021-05-28,13.3375765000,13.3946560000,13.0997452500,13.2995235000,7088200,98567071.5700,2.495900,-0.285300
2021-05-31,13.4897885000,13.4897885000,13.2709837500,13.4327090000,6986982,98279792.0900,2.460300,1.001400
2021-06-01,13.4231957500,13.5563812500,13.2424440000,13.4422222500,6852703,96707482.8900,2.413000,0.070800
2021-06-02,13.4517355000,13.5373547500,13.1568247500,13.2424440000,6094901,85249191.9500,2.146200,-1.486200
2021-06-03,13.2995235000,13.5088150000,13.0807187500,13.1187717500,6354246,88499252.9700,2.237500,-0.933900
2021-06-04,13.1284200000,13.3697512500,13.0898070000,13.1477265000,5485272,75055986.6400,1.931500,0.220800
2021-06-07,13.2249525000,13.7558812500,13.2249525000,13.6207357500,8036681,112996876.2200,2.829900,3.597700
2021-06-08,13.6593487500,14.0647852500,13.5435097500,13.7462280000,9689991,138850625.9000,3.412100,0.921300
2021-06-09,13.6303890000,13.8234540000,13.4952435000,13.6110825000,7253949,102291259.4300,2.554300,-0.983100
2021-06-10,13.6883085000,14.2385437500,13.5242032500,14.0647852500,12991416,187406340.5600,4.574600,3.333300
2021-06-11,14.2385437500,14.4316087500,13.7269215000,13.8813735000,14101706,206015120.6100,4.965600,-1.304000
2021-06-15,13.8813735000,14.2578502500,13.7076150000,14.1227047500,12935511,188233229.0200,4.554900,1.738500
2021-06-16,13.9972125000,15.0011505000,13.8138007500,14.9721907500,24573689,369300385.2800,8.653000,6.015000
2021-06-17,14.9625375000,15.7251442500,14.5474477500,15.3679740000,28996018,453769260.5100,10.210300,2.643500
2021-06-18,15.7927170000,17.9260852500,15.6189585000,17.0090265000,40049391,689937132.9600,14.102400,10.678400
2021-06-21,16.7966550000,17.8585125000,16.2560730000,16.9221472500,32421251,576433201.5500,11.416400,-0.510800
2021-06-22,17.0765992500,18.3411750000,16.9897200000,17.2503577500,28335665,513890583.8700,9.977700,1.939500
2021-06-23,16.8642277500,17.6847540000,16.6228965000,17.0862525000,26021869,461270156.6700,9.163000,-0.951300
2021-06-24,16.8449212500,16.9993732500,16.3429522500,16.4587912500,23284893,399006528.3300,8.199200,-3.672300
2021-06-25,16.4298315000,16.5842835000,15.5513857500,15.8216767500,19109296,315214109.3600,6.728900,-3.871000
2021-06-28,15.7927170000,16.2271132500,15.6672247500,15.7927170000,16864203,278614115.4300,5.938300,-0.183000
2021-06-29,15.7927170000,16.1016210000,15.4452000000,15.5417325000,14316197,232140195.5400,5.041100,-1.589200
2021-06-30,15.6093052500,16.2850327500,15.6093052500,15.8506365000,16319579,270479868.1300,5.746600,1.987600
2021-07-01,15.9278625000,15.9471690000,15.0204570000,15.0590700000,13379268,215299412.4000,4.711200,-4.993900
2021-07-02,15.0783765000,15.4355467500,14.9046180000,15.2617882500,11143662,175347202.8100,3.924000,1.346200
2021-07-05,15.2424817500,15.9182092500,15.2038687500,15.7541040000,13124045,212403955.8300,4.621300,3.225800
2021-07-06,15.6286117500,16.0437015000,15.4452000000,15.8699430000,11637358,189380959.7400,4.097800,0.735300
2021-07-07,15.6189585000,15.8023702500,15.2714415000,15.7637572500,9672010,156165591.9300,3.405800,-0.669100
2021-07-08,15.6286117500,15.9857820000,15.5127727500,15.7058377500,11915052,194224175.5200,4.195600,-0.367400
2021-07-09,15.5899987500,15.7347975000,15.1556025000,15.3583207500,10453037,166815994.7200,3.680800,-2.212700
2021-07-12,15.4741597500,16.3912185000,15.2521350000,16.3622587500,16136893,266916884.1400,5.682200,6.536800
2021-07-13,16.1981535000,16.4587912500,15.8120235000,15.9761287500,11687005,194305963.0400,4.115300,-2.359900
2021-07-14,16.0147417500,16.1209275000,15.4645065000,15.4741597500,7903964,128546610.8800,2.783200,-3.142000
2021-07-15,15.3293610000,15.4645065000,14.3833425000,14.7115530000,13113629,200197912.2900,4.617700,-4.928300
2021-07-16,14.9142712500,15.3100545000,14.7984322500,15.0301102500,8408406,131084601.3200,2.960800,2.165400
2021-07-19,15.0397635000,15.0976830000,14.6729400000,14.7984322500,6437614,98757916.7100,2.266900,-1.541400
2021-07-20,14.6536335000,15.2038687500,14.5764075000,15.1459492500,6469713,100349737.7600,2.278200,2.348300
2021-07-21,15.0976830000,15.5706922500,15.0590700000,15.4645065000,8054326,128645867.8000,2.836100,2.103300
2021-07-22,15.3969337500,16.2174600000,15.3100545000,16.1112742500,13598515,225190433.8700,4.788400,4.182300
2021-07-23,16.0147417500,16.0437015000,15.5803455000,15.7637572500,9485186,155215700.3800,3.340000,-2.157000
2021-07-26,15.8120235000,16.3815652500,15.1652557500,15.5417325000,10622258,173592125.8300,3.740400,-1.408500
2021-07-27,15.7734105000,17.6461410000,15.6286117500,16.3912185000,30334435,522252771.2300,10.681500,5.465800
2021-07-28,16.2367665000,17.0765992500,15.4452000000,16.7676952500,26005103,443967403.6500,9.157100,2.296800
2021-07-29,17.0379862500,17.6364877500,16.2946860000,17.4048097500,30487854,540532104.1600,10.735600,3.799700
2021-07-30,17.1827850000,17.8392060000,16.7001225000,17.3372370000,26622051,478234866.9300,9.374300,-0.388200
2021-08-02,17.6171812500,18.3315217500,16.9704135000,17.7812865000,26572743,483820912.9200,9.357000,2.561200
2021-08-03,18.0805372500,19.7698560000,17.1827850000,17.2889707500,42159961,811955208.6100,14.845600,-2.768700
2021-08-04,17.0959057500,20.7448342500,16.9028407500,20.7448342500,71345677,1456371161.3000,25.122700,19.988800
2021-08-05,20.2718250000,24.8957317500,19.9436145000,24.8957317500,80467737,1892927387.4600,28.334800,20.009300
2021-08-06,25.0984500000,29.8768087500,24.4420290000,28.0716510000,88067498,2430282971.2000,31.010900,12.756900
2021-08-09,27.0194467500,28.1392237500,25.1756760000,27.3669637500,65457315,1812521705.2300,23.049200,-2.510300
2021-08-10,27.4248832500,28.1392237500,25.0984500000,25.4073540000,61283463,1664624743.0300,21.579500,-7.160500
2021-08-11,24.8957317500,25.2915150000,23.8338742500,24.1717380000,49836181,1253319497.2500,17.548600,-4.863200
2021-08-12,24.5289082500,25.2722085000,23.8338742500,23.9979795000,50822137,1291681879.2400,17.895800,-0.718800
2021-08-13,23.4573975000,23.9593665000,22.6175647500,22.7720167500,46368726,1111524461.0100,16.327600,-5.108600
2021-08-16,23.1678000000,24.9729577500,22.3086607500,23.5346235000,62665792,1539268920.8200,22.066300,3.348900
2021-08-17,22.9747350000,23.2836390000,21.2371500000,21.4591747500,42851013,983955714.0000,15.089000,-8.818700
2021-08-18,21.7873852500,21.9611437500,21.1695772500,21.7005060000,22931939,511821149.6900,8.074900,1.124600
2021-08-19,21.5943202500,22.1349022500,20.9185927500,21.7101592500,25492018,571159844.6500,8.976400,0.044500
2021-08-20,22.0962892500,22.0962892500,20.4938497500,20.9668590000,27354754,594373688.0500,9.187600,-3.423700
2021-08-23,20.0015340000,20.6869147500,20.0015340000,20.5228095000,31212667,658998641.5200,10.483300,-2.117900
2021-08-24,20.5228095000,20.8992862500,20.0787600000,20.6289952500,24343330,517897853.8800,8.176200,0.517400
2021-08-25,20.6772615000,21.0633915000,19.8856950000,20.4166237500,24068051,505160948.0600,8.083700,-1.029500
2021-08-26,20.3876640000,20.5131562500,19.4995650000,19.5960975000,23220283,479776612.7900,7.799000,-4.018900
2021-08-27,19.6057507500,19.7022832500,19.0169025000,19.1713545000,18835088,376334070.6200,6.326100,-2.167500
2021-08-30,19.1713545000,19.5381780000,18.8238375000,19.0362090000,16059675,318166852.7800,5.393900,-0.704900
2021-08-31,19.0748220000,19.1520480000,18.4956270000,18.6307725000,13722205,265740078.5900,4.608900,-2.129800
2021-09-01,18.8914102500,19.0941285000,18.3894412500,18.6307725000,17627024,342255129.1800,5.920400,0.000000
2021-09-02,18.5728530000,18.8817570000,18.2060295000,18.7755712500,14276817,275461554.6900,4.795100,0.777200
2021-09-03,18.6307725000,20.0594535000,18.4859737500,19.7215897500,29131459,589010637.8500,9.784300,5.038600
2021-09-06,19.9339612500,19.9339612500,19.1906610000,19.5767910000,15542568,314511488.6400,5.220300,-0.734200
2021-09-07,19.5767910000,20.3104380000,19.4609520000,19.5960975000,18144222,372107017.4500,6.094100,0.098600
2021-09-08,19.3065000000,19.7602027500,19.2389272500,19.6057507500,13821423,278883540.9700,4.642200,0.049300
2021-09-09,19.6154040000,19.6926300000,18.8914102500,19.1134350000,11921766,236639239.6800,4.004100,-2.511100
2021-09-10,19.0651687500,20.9475525000,18.8334907500,20.2235587500,28972441,600325623.5100,9.730900,5.808100
2021-09-13,19.8856950000,20.7158745000,19.5864442500,20.2428652500,20844339,434173710.8400,7.001000,0.095500
2021-09-14,20.2235587500,21.9707970000,20.0208405000,21.6136267500,35742120,782815843.3500,12.004600,6.771600
2021-09-15,21.3819487500,21.5460540000,20.7255277500,21.0537382500,20268729,443350819.9900,6.807600,-2.590400
2021-09-16,20.8799797500,21.3240292500,19.5285247500,19.5381780000,19150185,403600616.5600,6.431900,-7.198500
2021-09-17,19.2871935000,19.8760417500,18.5631997500,19.3740727500,11332480,225838812.2800,3.806200,-0.839900
2021-09-22,18.9686362500,20.2332120000,18.8045310000,20.2235587500,11993139,241662239.2500,4.028100,4.384700
2021-09-23,20.6869147500,21.7198125000,19.9629210000,21.0344317500,23032123,497749819.8500,7.735800,4.009500
2021-09-24,20.6676082500,21.8935710000,20.6096887500,21.3047227500,21977768,486600533.4900,7.381600,1.285000
2021-09-27,21.0344317500,23.4573975000,20.9475525000,22.2410880000,24572728,564344650.3100,8.253200,4.395100
2021-09-28,21.7198125000,22.8395895000,21.4398682500,21.9418372500,20441383,469272921.5200,6.865600,-1.345500
2021-09-29,21.9611437500,22.5113790000,20.6579550000,20.7255277500,18680751,419725425.5200,6.274300,-5.543300
2021-09-30,21.5750137500,21.9611437500,21.0537382500,21.1213110000,13843710,306422048.5700,4.649700,1.909600
2021-10-08,21.3336825000,22.1831685000,20.9282460000,21.7391190000,13605333,304938965.8500,4.569600,2.925000
2021-10-11,21.7101592500,21.7391190000,18.5438932500,18.7273050000,23128999,474173438.8900,7.768300,-13.854400
2021-10-12,18.8721037500,19.2485805000,17.1827850000,17.7716332500,19203694,358989795.8500,6.449900,-5.103100
2021-10-13,17.6461410000,17.6654475000,17.1538252500,17.5496085000,10581650,191277866.7800,3.554000,-1.249300
2021-10-14,17.4048097500,17.9550450000,17.3082772500,17.7812865000,7454058,136622948.9600,2.503600,1.320100
2021-10-15,17.8488592500,17.8971255000,17.2020915000,17.3855032500,8591612,156168172.5700,2.885600,-2.225800
2021-10-18,17.1827850000,17.5303020000,16.8159615000,17.4241162500,7857626,140830992.6400,2.639100,0.222100
2021-10-19,17.3372370000,17.7909397500,17.2793175000,17.6171812500,6627778,120792830.3000,2.226100,1.108000
2021-10-20,17.6751007500,18.1674165000,17.3951565000,17.9067787500,9480131,175094639.6200,3.184100,1.643800
2021-10-21,18.5052802500,18.5921595000,17.5206487500,17.5496085000,10546319,196987721.8300,3.542200,-1.994600
2021-10-22,17.2793175000,17.7426735000,17.1924382500,17.3951565000,6666458,121222106.4100,2.239100,-0.880100
2021-10-25,17.3951565000,18.0129645000,17.1924382500,17.9164320000,7689778,141561459.2900,2.582800,2.996700
2021-10-26,17.7716332500,18.0998437500,17.5013422500,17.5882215000,7469659,137735333.7100,2.508800,-1.831900
2021-10-27,17.5882215000,17.7619800000,16.9511070000,17.3082772500,8381652,149918221.2900,2.815100,-1.591700
2021-10-28,17.5978747500,17.9550450000,17.2213980000,17.3951565000,8324920,152080920.2400,2.796100,0.502000
2021-10-29,17.3275837500,17.6075280000,17.0476395000,17.1827850000,6522874,117176987.2700,2.190800,-1.220900
2021-11-01,16.9414537500,17.6944072500,16.6518562500,17.5882215000,8260435,147375040.2500,2.774400,2.359600
2021-11-02,17.5496085000,18.0033112500,17.1441720000,17.2310512500,8097427,147424532.2300,2.719700,-2.030700
2021-11-03,17.3082772500,17.4241162500,16.5167107500,16.7001225000,11237169,195402185.1300,3.774200,-3.081200
2021-11-04,16.7001225000,17.0186797500,16.6518562500,16.9897200000,8461940,147809369.9400,2.842100,1.734100
2021-11-05,17.0862525000,17.9260852500,16.8545745000,17.5785682500,12696695,230435354.1700,4.264400,3.465900
2021-11-08,17.4820357500,17.5013422500,16.8256147500,17.0959057500,8949332,157908303.1900,3.005800,-2.745700
2021-11-09,17.1345187500,17.8102462500,17.1345187500,17.6654475000,10993182,199278508.3300,3.692300,3.331500
2021-11-10,17.5303020000,17.9550450000,17.4820357500,17.8778190000,10043684,184447560.4800,3.373400,1.202200
2021-11-11,17.7619800000,18.4087477500,17.6944072500,18.2639490000,13534915,253586671.1600,4.545900,2.159800
2021-11-12,18.0998437500,18.4280542500,17.9840047500,18.3797880000,9973631,188368369.3200,3.349800,0.634200
2021-11-15,18.4859737500,19.0651687500,18.0612307500,18.8431440000,14969641,289186093.8100,5.027800,2.521000
2021-11-16,18.7079985000,18.8334907500,18.0805372500,18.1770697500,10390585,197535088.5100,3.489900,-3.534800
2021-11-17,18.1094970000,18.7079985000,18.0998437500,18.7079985000,9120129,174849243.0000,3.063200,2.920900
2021-11-18,18.6404257500,19.6829767500,18.2736022500,19.2099675000,16632311,327207079.5100,5.586300,2.683200
2021-11-19,19.1906610000,19.9243080000,19.0941285000,19.0941285000,15241741,307611215.8200,5.119200,-0.603000
2021-11-22,19.1134350000,19.7119365000,18.8238375000,19.3837260000,10738245,215312947.1600,3.606600,1.516700
2021-11-23,19.2871935000,19.9436145000,19.2099675000,19.5671377500,11582077,235410065.3500,3.890100,0.946200
2021-11-24,19.5960975000,20.5131562500,19.4223390000,20.5131562500,20089287,418592163.0300,6.747400,4.834700
2021-11-25,20.8510200000,21.0440850000,19.9629210000,20.1270262500,14994510,315688640.1500,5.036200,-1.882400
2021-11-26,20.0594535000,20.6483017500,19.6443637500,19.7408962500,11636491,240981824.3200,3.908300,-1.918500
2021-11-29,19.3161532500,20.3490510000,19.1230882500,20.1173730000,11874165,244704588.2500,3.988200,1.907100
2021-11-30,20.1270262500,20.2718250000,19.4802585000,19.6540170000,10626333,217946117.9400,3.569000,-2.303300
2021-12-01,19.7891625000,20.0401470000,19.3547662500,19.7505495000,8570779,175106138.5400,2.878700,0.491200
2021-12-02,19.6347105000,19.7408962500,18.6790387500,18.7176517500,12837556,252858680.0600,4.311700,-5.229700
2021-12-03,18.8238375000,19.2678870000,18.7852245000,19.0169025000,7647983,151036282.9100,2.568700,1.598800
2021-12-06,19.3547662500,19.4899117500,18.2156827500,18.2736022500,10169168,194730856.3700,3.415500,-3.908600
2021-12-07,18.3411750000,18.5631997500,17.4723825000,17.6268345000,7958317,146537519.1600,2.672900,-3.539400
2021-12-08,17.8874722500,17.9453917500,17.6171812500,17.7619800000,5778706,106287922.8600,1.940900,0.766700
2021-12-09,17.8488592500,18.0322710000,17.6751007500,17.9067787500,6162087,114010601.8000,2.069600,0.815200
2021-12-10,17.8198995000,18.0805372500,17.7137137500,17.8488592500,4510347,83621370.1300,1.514900,-0.323500
2021-12-13,17.9550450000,18.4473607500,17.7716332500,18.2446425000,7458426,140305763.2400,2.505000,2.217400
2021-12-14,18.1288035000,19.3740727500,17.9936580000,19.1520480000,13122792,254898618.7600,4.407500,4.973500
2021-12-15,19.2678870000,20.0787600000,19.0941285000,19.6636702500,18044155,366586250.6200,6.060500,2.671400
2021-12-16,19.8470820000,20.1270262500,19.4319922500,19.8856950000,14702138,301060436.1700,4.938000,1.129100
2021-12-17,19.7891625000,20.1270262500,19.1327415000,19.1713545000,11634559,235605496.1500,3.907700,-3.592200
2021-12-20,19.1810077500,19.4126857500,17.9260852500,17.9453917500,11906395,226491828.6900,3.999000,-6.394800
2021-12-21,17.7812865000,18.1191502500,17.6944072500,17.8971255000,7956284,147276126.2900,2.672300,-0.269000
2021-12-22,17.8392060000,18.0901905000,17.7812865000,17.9646982500,5998669,111391521.9500,2.014800,0.377600
2021-12-23,18.0612307500,18.1094970000,17.5496085000,17.7619800000,5404862,99473519.8300,1.815300,-1.128400
2021-12-24,17.9067787500,17.9164320000,17.0476395000,17.0765992500,7653647,137202964.2300,2.570600,-3.858700
2021-12-27,17.0090265000,17.3758500000,16.9511070000,17.1731317500,3849669,68527918.9200,1.293000,0.565300
2021-12-28,17.1731317500,17.5013422500,17.0476395000,17.3661967500,3975103,71359494.0400,1.335100,1.124200
2021-12-29,17.3758500000,17.8295527500,17.0959057500,17.6075280000,5006830,90273668.3800,1.681600,1.389700
2021-12-30,17.4820357500,17.7619800000,17.3758500000,17.6268345000,5549118,101349709.3800,1.863800,0.109600
2021-12-31,17.6751007500,17.7426735000,17.5303020000,17.5978747500,3587765,65521084.0600,1.205000,-0.164300
2022-01-04,17.6075280000,17.6654475000,17.4820357500,17.6654475000,5086937,92541640.5300,1.708500,0.384000
2022-01-05,17.6171812500,17.6461410000,16.7773485000,16.9897200000,6462173,114818498.5100,2.170400,-3.825100
2022-01-06,16.8545745000,17.1441720000,16.7387355000,17.0379862500,5876017,103120630.7100,1.973600,0.284100
2022-01-07,16.9800667500,17.1538252500,16.4587912500,16.4587912500,7985644,138976825.6700,2.682100,-3.399400
2022-01-10,16.5360172500,16.7966550000,16.1788470000,16.6904692500,5242054,89912730.0100,1.760600,1.407600
2022-01-11,16.6904692500,17.0090265000,16.6228965000,16.7194290000,4224137,73626804.7000,1.418800,0.173500
2022-01-12,16.9221472500,17.1152122500,16.7290822500,17.0283330000,4614026,81321812.5700,1.549700,1.847600
2022-01-13,16.9704135000,17.0862525000,16.7290822500,16.7676952500,3545841,61793750.3000,1.190900,-1.530600
2022-01-14,16.6518562500,16.9028407500,16.5939367500,16.8063082500,2614658,45469126.3400,0.878200,0.230300
2022-01-17,16.8545745000,17.2889707500,16.8545745000,17.2793175000,5284948,93942979.5200,1.775000,2.814500
2022-01-18,17.3661967500,17.5689150000,17.1345187500,17.1924382500,6024375,108337671.8000,2.023400,-0.502800
2022-01-19,17.1731317500,17.3565435000,16.9800667500,17.1055590000,3719820,66205515.6700,1.249400,-0.505300
2022-01-20,17.0379862500,17.1731317500,16.2174600000,16.2946860000,7120224,121949866.7900,2.391500,-4.740400
2022-01-21,16.2560730000,16.4008717500,15.9278625000,15.9278625000,3955747,65939262.6800,1.328600,-2.251200
2022-01-24,15.8506365000,16.0919677500,15.8506365000,15.9664755000,2144580,35504672.3000,0.720300,0.242400
2022-01-25,15.9568222500,16.0630080000,14.8660050000,14.9528842500,5886690,93324371.3400,1.977200,-6.348200
2022-01-26,15.0204570000,15.3486675000,14.9914972500,15.3293610000,3708777,58509163.9400,1.245700,2.517800
2022-01-27,15.3004012500,15.3390142500,14.5860607500,14.6632867500,4365920,67064307.3500,1.466400,-4.345100
2022-01-28,14.7405127500,14.9142712500,14.5088347500,14.6729400000,2859161,43713675.6900,0.960300,0.065800
2022-02-07,15.1073362500,15.2521350000,15.0108037500,15.1556025000,2824671,44245290.7900,0.948700,3.289500
2022-02-08,15.1749090000,15.3100545000,14.9046180000,15.2810947500,2577130,40516372.8000,0.865600,0.828000
2022-02-09,15.3004012500,15.6575715000,15.2714415000,15.6286117500,2922293,46972641.0500,0.981500,2.274200
2022-02-10,15.5706922500,15.6479182500,15.3293610000,15.4645065000,3031107,48514360.2500,1.018100,-1.050000
2022-02-11,15.3583207500,15.4838130000,15.0301102500,15.0880297500,2776917,43910565.2600,0.932700,-2.434500
2022-02-14,15.0011505000,15.3486675000,15.0011505000,15.1073362500,1959710,30853633.5400,0.658200,0.128000
2022-02-15,15.1362960000,15.4355467500,15.0880297500,15.2135220000,2198654,34742183.2900,0.738500,0.702900
2022-02-16,15.3486675000,15.4838130000,15.2810947500,15.3197077500,1888804,30051932.4700,0.634400,0.698000
2022-02-17,15.3679740000,15.4355467500,15.0783765000,15.2424817500,3139632,49700661.4600,1.054500,-0.504100
2022-02-18,15.1073362500,15.2521350000,15.0011505000,15.2328285000,2400743,37684556.5800,0.806300,-0.063300
2022-02-21,15.2617882500,15.7927170000,15.2617882500,15.7251442500,4685411,75832954.7300,1.573700,3.231900
2022-02-22,15.5610390000,15.6575715000,15.3390142500,15.4548532500,3265712,52202948.5900,1.096800,-1.718800
2022-02-23,15.4548532500,15.8699430000,15.4355467500,15.8120235000,4464623,72835191.4000,1.499500,2.311100
2022-02-24,15.7058377500,16.0533547500,15.0687232500,15.3486675000,7188658,116147987.3400,2.414400,-2.930400
2022-02-25,15.4065870000,15.7251442500,15.1073362500,15.3486675000,4601766,73692413.8400,1.545600,0.000000
2022-02-28,15.3679740000,15.7251442500,15.0204570000,15.6961845000,4818744,77053161.0000,1.618500,2.264200
2022-03-01,15.8216767500,15.8216767500,15.4645065000,15.5706922500,4350607,70368935.0000,1.461200,-0.799500
2022-03-02,15.4548532500,15.5610390000,15.2714415000,15.4162402500,2847353,45456043.0000,0.956300,-0.991900
2022-03-03,15.4934662500,15.5417325000,14.9721907500,15.0397635000,4481109,70623228.0000,1.505100,-2.442100
2022-03-04,15.0976830000,15.2907480000,14.9046180000,14.9818440000,3587508,56111667.0000,1.204900,-0.385100
2022-03-07,14.7984322500,14.9239245000,14.3833425000,14.4316087500,4371891,66051206.0000,1.468400,-3.672700
2022-03-08,14.2964632500,14.7694725000,13.9489462500,14.1999307500,4218533,62436013.0000,1.416900,-1.605400
2022-03-09,14.1227047500,14.3350762500,13.2732187500,13.9779060000,4056089,58321467.0000,1.362300,-1.563600
2022-03-10,14.2964632500,14.5281412500,14.0261722500,14.1516645000,4193008,61942153.0000,1.408300,1.243100
2022-03-11,13.9103332500,14.2675035000,13.6593487500,14.2675035000,3549009,51326487.0000,1.192000,0.818600
2022-03-14,14.0551320000,14.2385437500,13.7848410000,13.7944942500,2344581,33984159.0000,0.787500,-3.315300
2022-03-15,13.7751877500,13.8620670000,12.9836212500,13.0125810000,3861296,53783351.0000,1.296900,-5.668300
2022-03-16,13.2732187500,13.6496955000,12.8967420000,13.5724695000,4971219,68439135.0000,1.669700,4.302700
2022-03-17,13.7076150000,14.0840917500,13.6496955000,13.7172682500,4598693,65862438.0000,1.544600,1.066900
2022-03-18,13.6110825000,13.9006800000,13.5724695000,13.7558812500,3117020,44319339.5300,1.046900,0.281500
2022-03-21,13.8138007500,13.9779060000,13.5917760000,13.7655345000,4365759,62316430.1000,1.466300,0.070200
2022-03-22,13.6110825000,13.8041475000,13.5242032500,13.6400422500,2905954,41028948.2900,0.976000,-0.911600
2022-03-23,13.6496955000,13.9585995000,13.5917760000,13.9199865000,4667051,66941798.1200,1.567500,2.052400
2022-03-24,13.7462280000,13.7558812500,13.3311382500,13.3504447500,5322758,74367830.4400,1.787700,-4.091500
2022-03-25,13.4083642500,13.5917760000,13.2925252500,13.2925252500,2899635,40367155.9000,0.973900,-0.433800
2022-03-28,13.2732187500,13.4180175000,12.9643147500,13.1959927500,2874300,39271862.0000,0.965400,-0.726200
2022-03-29,13.3794045000,13.5048967500,12.8195160000,12.9160485000,4110786,55600781.7400,1.380700,-2.121400
2022-03-30,13.0029277500,13.2249525000,12.9450082500,13.1284200000,3425658,46506179.3000,1.150600,1.644200
2022-03-31,13.1959927500,13.1959927500,12.9546615000,13.0608472500,2814629,38123693.0500,0.945300,-0.514700
2022-04-01,12.9643147500,13.0801537500,12.7712497500,12.9643147500,2845800,38161709.0000,0.955800,-0.739100
2022-04-06,12.9643147500,13.1573797500,12.8967420000,13.1284200000,2428506,32846563.2300,0.815700,1.265800
2022-04-07,13.0318875000,13.1380732500,12.5974912500,12.5974912500,4854432,64383441.8400,1.630400,-4.044100
2022-04-08,12.6071445000,12.6554107500,12.2692807500,12.4140795000,3182154,40943036.9200,1.068800,-1.455900
2022-04-11,12.4140795000,12.4333860000,11.7576585000,11.9217637500,3805326,47561036.2700,1.278100,-3.965800
2022-04-12,12.0182962500,12.1920547500,11.6900857500,12.1534417500,3404181,42005055.0500,1.143400,1.943300
2022-04-13,12.0665625000,12.1051755000,11.7769650000,11.8059247500,2565461,31594160.1300,0.861700,-2.859400
2022-04-14,11.8734975000,11.9796832500,11.8059247500,11.8831507500,1792717,22115502.4800,0.602100,0.654100
2022-04-15,11.7769650000,11.8928040000,11.6128597500,11.7383520000,2440502,29706237.4600,0.819700,-1.218500
2022-04-18,11.6804325000,12.0569092500,11.6225130000,12.0279495000,2706802,33455462.8000,0.909100,2.467100
2022-04-19,12.0762157500,12.2403210000,11.9989897500,12.0762157500,2259301,28292448.3100,0.758800,0.401300
2022-04-20,12.1534417500,12.3754665000,12.0665625000,12.1630950000,3447818,43680650.0600,1.158000,0.719400
2022-04-21,12.1630950000,12.2499742500,11.5259805000,11.6225130000,3552908,43603728.1500,1.193300,-4.444400
2022-04-22,11.5935532500,11.5935532500,11.0722777500,11.1495037500,3969699,46295604.1100,1.282400,-4.069800
2022-04-25,11.1012375000,11.2749960000,10.5027360000,10.5606555000,4852235,54799161.4800,1.567500,-5.281400
2022-04-26,10.5510022500,10.7151075000,9.8463150000,9.9621540000,4773042,51206801.7300,1.541900,-5.667300
2022-04-27,9.7497825000,10.6089217500,9.7401292500,10.6089217500,4357020,45813587.6200,1.407500,6.492200
2022-04-28,10.4834295000,10.6378815000,10.2324450000,10.3965502500,3144695,34013386.8900,1.015900,-2.001800
2022-04-29,10.4641230000,11.0336647500,10.4641230000,10.9371322500,3855830,43263292.3400,1.245600,5.199600
2022-05-05,10.9564387500,11.2170765000,10.7730270000,11.0626245000,3437567,39410761.8800,1.110500,1.147400
2022-05-06,10.7826802500,11.1977700000,10.7633737500,11.0336647500,3148764,35843779.6000,1.017200,-0.261800
2022-05-09,11.0336647500,11.3039557500,10.9371322500,11.1881167500,2687853,31184408.0300,0.868300,1.399800
2022-05-10,11.1301972500,11.5163272500,11.0336647500,11.4584077500,3293400,38866362.0000,1.063900,2.415900
2022-05-11,11.4584077500,11.9603767500,11.4294480000,11.4970207500,5043564,61282196.5100,1.629300,0.337000
2022-05-12,11.4584077500,11.9121105000,11.4004882500,11.8252312500,5625780,68224986.8100,1.817400,2.854700
2022-05-13,11.8252312500,11.9217637500,11.6997390000,11.8155780000,3051934,37285138.7600,0.985900,-0.081600
2022-05-16,11.9121105000,11.9796832500,11.6418195000,11.7383520000,3420100,41755652.0000,1.104800,-0.653600
2022-05-17,11.7673117500,11.8734975000,11.5839000000,11.8348845000,3220092,39179608.0100,1.040200,0.822400
2022-05-18,11.7769650000,12.0762157500,11.7769650000,11.9893365000,3290962,40937444.1400,1.063100,1.305100
2022-05-19,11.7576585000,12.1244820000,11.7576585000,12.1051755000,3452500,42933205.0000,1.115300,0.966200
2022-05-20,12.1534417500,12.2499742500,11.9989897500,12.1148287500,3211341,40252559.9700,1.037400,0.079700
2022-05-23,12.1148287500,12.3561600000,12.0665625000,12.3078937500,3142150,39840737.9400,1.015100,1.593600
2022-05-24,12.1824015000,12.3561600000,11.6514727500,11.6514727500,5335200,66257661.7200,1.723500,-5.333300
2022-05-25,11.6611260000,11.9410702500,11.6611260000,11.8928040000,3125100,38379100.0000,1.009600,2.071300
2022-05-26,11.9603767500,12.1341352500,11.5935532500,12.0376027500,4084408,50433596.2000,1.319500,1.217500
2022-05-27,12.0955222500,12.2113612500,11.7962715000,11.9217637500,3055197,37911172.7800,0.987000,-0.962300
2022-05-30,12.0182962500,12.0762157500,11.8638442500,12.0086430000,3090195,38304468.9000,0.998300,0.728700
2022-05-31,11.8928040000,12.2789340000,11.8445377500,12.2017080000,4298160,53923852.4000,1.388500,1.607700
2022-06-01,12.1920547500,12.3658132500,12.1630950000,12.3175470000,3579220,45526143.2000,1.156300,0.949400
2022-06-02,12.3175470000,12.6940237500,12.1341352500,12.6167977500,5496755,71028603.1100,1.775700,2.429500
2022-06-06,12.6167977500,12.9932745000,12.6167977500,12.9353550000,5492700,73224409.0000,1.774400,2.524900
2022-06-07,12.9450082500,13.0125810000,12.7036770000,12.8002095000,4113572,54614275.8000,1.328900,-1.044800
2022-06-08,12.7519432500,12.9257017500,12.4333860000,12.7229835000,4088765,53735459.5800,1.320900,-0.603300
2022-06-09,12.6361042500,12.6747172500,12.2596275000,12.3465067500,3522098,45375368.1000,1.137800,-2.959000
2022-06-10,12.3562796500,12.6883851900,12.3367440300,12.6004749000,3409767,43987467.0900,1.101500,2.057000
2022-06-13,12.5027968000,12.8153667200,12.4539577500,12.7079208100,3485632,45348805.6800,1.126000,0.852700
2022-06-14,12.6883851900,12.7274564300,12.1511556400,12.5809392800,4079295,51894077.1500,1.317800,-0.999200
2022-06-15,12.6493139500,12.9521160600,12.5711714700,12.6786173800,5326069,69801418.0600,1.720600,0.776400
2022-06-16,12.6981530000,13.1474722600,12.6786173800,13.0302585400,6318791,84059353.5200,2.041300,2.773500
2022-06-17,13.0009551100,13.1865435000,12.8153667200,13.0888654000,4627482,61755872.2400,1.494900,0.449800
2022-06-20,13.0888654000,13.2451503600,13.0204907300,13.0595619700,3864836,51876924.5200,1.248500,-0.223900
2022-06-21,13.0595619700,13.2158469300,12.9521160600,13.0888654000,4105723,55060938.5100,1.326300,0.224400
2022-06-22,13.1377044500,13.1963113100,12.8153667200,12.8153667200,3534969,46755063.0400,1.142000,-2.089600
2022-06-23,12.8642057700,13.0888654000,12.7372242400,13.0595619700,3954478,52403418.0200,1.277500,1.905500
2022-06-24,13.1865435000,13.4600421800,13.0497941600,13.2939894100,4742835,64508725.3800,1.532200,1.795100
2022-06-27,13.3623640800,13.3916675100,13.1084010200,13.1670078800,4367475,58977679.3300,1.410900,-0.955200
2022-06-28,13.1474722600,14.4172875600,13.0009551100,14.2316991700,13166801,185955834.5400,4.253500,8.086100
2022-06-29,14.0656464000,14.2805382200,13.5772559000,13.6163271400,10288446,146567955.6200,3.323600,-4.324000
2022-06-30,13.8507545800,14.8666068200,13.6553983800,14.4465909900,12806556,187126520.5000,4.137100,6.097600
2022-07-01,14.6517150000,14.7591609100,14.0461107800,14.3391450800,9636240,141949915.3800,3.112900,-0.743700
2022-07-04,14.1633245000,14.1633245000,13.6260949500,13.8507545800,8968835,126340921.1400,2.897300,-3.406000
2022-07-05,13.8116833400,13.9093614400,13.3232928400,13.5479524700,6986281,96925124.4500,2.256900,-2.186200
2022-07-06,13.5772559000,13.7237730500,13.2744537900,13.4112031300,5284145,72861804.8500,1.707000,-1.009400
2022-07-07,13.3232928400,13.5967915200,13.2939894100,13.5381846600,3742902,51610799.1000,1.209100,0.946800
2022-07-08,13.6651661900,14.1437888800,13.4991134200,13.9191292500,7467816,106504286.2800,2.412400,2.813900
2022-07-11,13.8507545800,13.9484326800,13.5577202800,13.8507545800,4629674,65046907.3200,1.495600,-0.491200
2022-07-12,13.8409867700,14.0558785900,13.4991134200,13.5577202800,4694761,66107144.5500,1.516600,-2.115700
2022-07-13,13.5772559000,13.9679683000,13.2353825500,13.8898258200,5551877,77514878.8000,1.793500,2.449600
2022-07-14,13.8995936300,14.2023957400,13.7921477200,14.1340210700,6821779,97943919.2000,2.203700,1.758100
2022-07-15,14.1144854500,14.3977519400,13.8898258200,13.8898258200,5461033,78880302.8800,1.764200,-1.727700
2022-07-18,13.8214511500,14.6517150000,13.8019155300,14.6517150000,7081190,103756923.8500,2.287500,5.485200
2022-07-19,14.6517150000,15.0912664500,14.5540369000,14.7103218600,11486275,174697262.1200,3.710600,0.400000
2022-07-20,14.7298574800,14.8568390100,14.5638047100,14.6907862400,6154750,92590861.4700,1.988300,-0.132800
2022-07-21,14.5638047100,14.9642849200,14.5638047100,14.7200896700,5449784,82558638.8700,1.760500,0.199500
2022-07-22,14.7103218600,14.9349814900,14.3196094600,14.5247334700,5809890,86624143.7000,1.876900,-1.327100
2022-07-25,14.5540369000,14.6224115700,14.0070395400,14.0461107800,4545142,66157010.7900,1.468300,-3.295200
2022-07-26,14.0851820200,14.5149656600,13.9386648700,14.4270553700,3908363,57135838.1000,1.262600,2.712100
2022-07-27,14.3977519400,14.6224115700,14.2805382200,14.4172875600,3523273,52097039.4600,1.138200,-0.067700
2022-07-28,14.4661266100,14.8373033900,14.4563588000,14.6907862400,4937955,74436038.8400,1.595200,1.897000
2022-07-29,14.6517150000,14.9349814900,14.5931081400,14.6126437600,4581377,69252101.9100,1.480000,-0.531900
2022-08-01,14.6321793800,14.7884643400,14.4856622300,14.5833403300,4975163,74604897.3600,1.607200,-0.200500
2022-08-02,14.4661266100,14.5051978500,13.6749340000,13.8605223900,7106121,101668738.0600,2.295600,-4.956500
2022-08-03,13.8898258200,14.3977519400,13.8605223900,13.9777361100,6436003,93653091.9900,2.079100,0.845700
2022-08-04,14.0754142100,14.7982321500,14.0754142100,14.7689287200,8348340,123843686.4100,2.696900,5.660400
2022-08-05,14.7982321500,15.5210500900,14.7689287200,15.2182479800,13583477,211559617.8200,4.388100,3.042300
2022-08-08,15.1889445500,15.2475514100,14.8666068200,15.0521952100,7174578,110269432.7000,2.317700,-1.091100
2022-08-09,15.0521952100,15.2182479800,14.8275355800,15.2182479800,7009600,107829021.0800,2.264400,1.103200
2022-08-10,15.2963904600,15.9703693500,15.2475514100,15.5503535200,14169073,227973631.3500,4.223900,2.182300
2022-08-11,15.5601213300,15.9606015400,15.5601213300,15.6871028600,9238745,148933957.4900,2.754100,0.879400
2022-08-12,15.5796569500,15.7261741000,15.2866226500,15.3159260800,6429673,102011744.9400,1.916700,-2.366100
2022-08-15,15.3256938900,15.5112822800,15.2182479800,15.3647651300,4368433,68674384.4900,1.302300,0.318900
2022-08-16,15.2866226500,15.3940685600,15.0619630200,15.1303376900,4625148,71904226.5700,1.378800,-1.525700
2022-08-17,15.1303376900,15.2377836000,14.9642849200,15.2084801700,4004055,61961202.4500,1.193600,0.516500
2022-08-18,15.1987123600,15.8043165800,15.0521952100,15.7457097200,7851458,125233414.6800,2.340600,3.532400
2022-08-19,15.8824590600,16.0680474500,15.5210500900,15.5601213300,8161870,132019900.0800,2.433100,-1.178700
2022-08-22,15.6577994300,15.9019946800,15.3159260800,15.5503535200,5534134,88747280.5400,1.649800,-0.062800
2022-08-23,15.3940685600,15.7066384800,15.3647651300,15.5405857100,4400650,69886752.6200,1.311900,-0.062800
2022-08-24,15.4819788500,15.5503535200,14.8666068200,14.9252136800,6360600,98164686.8100,1.896100,-3.959800
2022-08-25,15.0228917800,15.0717308300,14.2610026000,14.4465909900,5035970,74737052.5300,1.501300,-3.206800
2022-08-26,14.5540369000,14.7298574800,14.2414669800,14.3489128900,3765106,55797007.5800,1.122400,-0.676100
2022-08-29,13.9777361100,14.4075197500,13.9288970600,14.1242532600,3917616,56885011.3600,1.167900,-1.565700
2022-08-30,14.1437888800,14.4563588000,13.9582004900,14.1828601200,3590917,52101657.3200,1.070500,0.414900
2022-08-31,14.0461107800,14.2414669800,13.3623640800,13.4014353200,5215600,72759886.0000,1.554800,-5.509600
2022-09-01,13.4405065600,13.5772559000,13.0400263500,13.1963113100,3269180,44653941.1500,0.974600,-1.530600
2022-09-02,13.2646859800,14.0656464000,13.1084010200,13.9484326800,5434334,76375275.7600,1.620000,5.699500
2022-09-05,13.9679683000,14.0851820200,13.6358627600,13.8702902000,3919000,55496802.0000,1.168300,-0.560200
2022-09-06,13.9875039200,14.5833403300,13.8312189600,14.3098416500,5768353,84423810.9800,1.719600,3.169000
2022-09-07,14.3489128900,14.6419471900,14.1633245000,14.5051978500,4125389,61228306.9800,1.229800,1.365200
2022-09-08,14.4661266100,14.7786965300,14.3000738400,14.3879841300,2986188,44365017.3400,0.890200,-0.808100
2022-09-09,14.3293772700,14.4075197500,14.0265751600,14.2023957400,2674313,38844414.3500,0.797200,-1.289900
2022-09-13,14.3391450800,14.5833403300,14.1437888800,14.2121635500,2424500,35470354.0000,0.722800,0.068800
2022-09-14,13.8995936300,14.0949498300,13.7140052400,13.8116833400,2653565,37632661.8000,0.791000,-2.817900
2022-09-15,13.9484326800,13.9484326800,13.0986332100,13.2353825500,4401507,60293312.6100,1.312100,-4.172600
2022-09-16,13.3525962700,13.4698099900,13.0693297800,13.1865435000,3310500,44917698.0000,0.986900,-0.369000
2022-09-19,13.2549181700,13.2646859800,12.7176886200,12.8446701500,2571890,34092019.0600,0.766700,-2.592600
2022-09-20,12.9521160600,13.1377044500,12.8544379600,12.9228126300,2124431,28178455.6700,0.633300,0.608400
2022-09-21,12.8544379600,13.0009551100,12.5614036600,12.9618838700,2510423,32921103.0500,0.748400,0.302300
2022-09-22,12.9228126300,13.1474722600,12.7567598600,12.8739735800,1786422,23733226.9500,0.532500,-0.678200
2022-09-23,12.8837413900,12.9130448200,12.4051187000,12.5614036600,2765429,35736310.6500,0.824400,-2.427900
2022-09-26,12.6004749000,12.7176886200,12.3660474600,12.4441899400,2377601,30545947.6700,0.708800,-0.933100
2022-09-27,12.4344221300,12.7762954800,12.3562796500,12.7665276700,2174425,28141769.0700,0.648200,2.590300
2022-09-28,12.7665276700,12.7665276700,12.2195303100,12.2488337400,2286248,29115910.3000,0.681500,-4.055100
2022-09-29,12.4637255600,12.4832611800,12.1218522100,12.2390659300,2187078,27532997.1100,0.652000,-0.079700
2022-09-30,12.1999946900,12.4539577500,11.9460316300,11.9655672500,2392927,29765847.7700,0.713300,-2.234600
2022-10-10,11.9264960100,12.2097625000,11.6823007600,11.7213720000,1980693,24051876.1000,0.590500,-2.040800
2022-10-11,11.7116041900,11.9460316300,11.6236939000,11.7995144800,1354132,16344365.5600,0.403700,0.666700
2022-10-12,11.8092822900,12.2879049800,11.6627651400,12.2683693600,2308000,28351166.3900,0.688000,3.973500
2022-10-13,12.2586015500,12.6786173800,12.0925487800,12.5614036600,2837269,36314783.3500,0.845800,2.388500
2022-10-14,12.6883851900,12.8153667200,12.5223324200,12.7079208100,2185072,28398637.6100,0.651400,1.166400
2022-10-17,12.5711714700,13.0107229200,12.5614036600,12.9911873000,2158660,28507455.3600,0.643500,2.229100
2022-10-18,13.0497941600,13.0986332100,12.8642057700,13.0497941600,2331635,31013342.8000,0.695100,0.451100
2022-10-19,12.9521160600,13.0790975900,12.8739735800,12.8739735800,1565569,20764000.4900,0.466700,-1.347300
2022-10-20,12.8544379600,13.2646859800,12.6786173800,13.0693297800,3344180,44454932.7100,0.996900,1.517500
2022-10-21,13.0790975900,13.1377044500,12.8349023400,12.9423482500,2465635,32718128.7000,0.735000,-0.971600
2022-10-24,13.0400263500,13.3037572200,12.7665276700,12.8446701500,4163605,55653291.3300,1.241200,-0.754700
2022-10-25,12.9228126300,12.9911873000,12.6297783300,12.8251345300,2712452,35637442.1000,0.808600,-0.152100
2022-10-26,12.9228126300,13.3623640800,12.8544379600,13.2842216000,3347924,45234803.3700,0.998000,3.579600
2022-10-27,13.3623640800,13.4795778000,13.2060791200,13.3330606500,4409115,60359318.9600,1.314400,0.367600
2022-10-28,13.2842216000,13.4405065600,12.7079208100,12.7762954800,3736813,49964994.3400,1.114000,-4.175800
2022-10-31,12.8935092000,13.3721318900,12.7958311000,13.1963113100,4043473,54545615.3100,1.205400,3.287500
2022-11-01,13.3135250300,13.5479524700,13.1963113100,13.5088812300,4207069,57733157.1200,1.254200,2.368600
2022-11-02,13.5284168500,13.5967915200,13.3916675100,13.4795778000,3608445,49817613.5300,1.075700,-0.216900
2022-11-03,13.4112031300,13.5772559000,13.2842216000,13.5772559000,3471786,47862860.9000,1.035000,0.724600
2022-11-04,13.5772559000,13.6651661900,13.4307387500,13.6163271400,3805200,52851144.4300,1.134400,0.287800
2022-11-07,13.6456305700,13.8312189600,13.4600421800,13.5479524700,4148133,57744979.3100,1.236600,-0.502200
2022-11-08,13.5088812300,13.5186490400,13.3232928400,13.4991134200,2848166,39081868.6800,0.849100,-0.360500
2022-11-09,13.5284168500,13.5284168500,13.2842216000,13.3037572200,2672338,36505170.5100,0.796600,-1.447200
2022-11-10,13.3037572200,13.4112031300,13.1084010200,13.1279366400,3186454,43141461.7300,0.949900,-1.321600
2022-11-11,13.3623640800,13.4795778000,13.0986332100,13.0986332100,4126703,56119004.2700,1.230200,-0.223200
2022-11-14,13.0595619700,13.2842216000,12.9618838700,13.0497941600,3151700,42240668.5100,0.939500,-0.372900
2022-11-15,13.0204907300,13.7140052400,12.9618838700,13.6847018100,7769903,107627977.5700,2.316300,4.865300
2022-11-16,13.7237730500,13.9972717300,13.6651661900,13.7628442900,4943668,69969406.6400,1.473700,0.571000
2022-11-17,13.7726121000,13.9093614400,13.5381846600,13.8995936300,3558001,49974616.6200,1.060700,0.993600
2022-11-18,13.9093614400,14.0070395400,13.6847018100,13.7140052400,3608330,51220293.7600,1.075700,-1.335200
2022-11-21,13.5967915200,13.8019155300,13.5284168500,13.7237730500,2357281,33029979.6200,0.702700,0.071200
2022-11-22,13.7140052400,13.7530764800,13.4307387500,13.4991134200,2626381,36554277.3100,0.782900,-1.637000
2022-11-23,13.4600421800,13.5088812300,12.9911873000,13.2549181700,3726462,50390361.3000,1.110900,-1.809000
2022-11-24,13.3037572200,13.4502743700,13.0986332100,13.1767756900,1945967,26368242.2500,0.580100,-0.589500
2022-11-25,13.1377044500,13.1865435000,12.8349023400,12.8349023400,2823700,37434360.0000,0.841800,-2.594500
2022-11-28,12.7762954800,12.8251345300,12.5516358500,12.6493139500,2328495,30214620.4600,0.694100,-1.446000
2022-11-29,12.6786173800,12.9423482500,12.6297783300,12.8837413900,2479975,32602404.5700,0.739300,1.853300
2022-11-30,12.9814194900,12.9814194900,12.6883851900,12.7372242400,2308190,30239563.4700,0.688100,-1.137200
2022-12-01,12.8446701500,13.0302585400,12.8251345300,12.8642057700,2488422,32920624.9900,0.741800,0.996900
2022-12-02,12.8739735800,13.1377044500,12.7567598600,13.0204907300,2758040,36779434.3100,0.822200,1.214900
2022-12-05,13.0888654000,13.2256147400,13.0107229200,13.1767756900,2562152,34455061.8400,0.763800,1.200300
2022-12-06,13.2353825500,13.3037572200,13.0888654000,13.1474722600,2449841,33092795.6300,0.730300,-0.222400
2022-12-07,13.0302585400,13.1474722600,12.9423482500,12.9911873000,2834202,37770561.5000,0.844900,-1.188700
2022-12-08,12.9618838700,13.0302585400,12.7176886200,12.7372242400,2723259,35685141.3600,0.811800,-1.954900
2022-12-09,12.7372242400,12.8153667200,12.6004749000,12.6590817600,2757100,35828618.0000,0.821900,-0.613500
2022-12-12,12.6786173800,12.8349023400,12.5614036600,12.7274564300,2598144,33761977.1100,0.774500,0.540100
2022-12-13,12.7665276700,12.7762954800,12.4246543200,12.4539577500,2989417,38473193.1500,0.891200,-2.148900
2022-12-14,12.8251345300,12.8642057700,12.5125646100,12.5321002300,3081201,40071375.0500,0.918500,0.627500
2022-12-15,12.5516358500,13.0595619700,12.4539577500,12.8837413900,4550024,60059456.1600,1.356400,2.805900
2022-12-16,12.7762954800,12.8739735800,12.4832611800,12.5321002300,3556318,45825840.2700,1.060200,-2.729300
2022-12-19,12.5321002300,12.5418680400,12.0827809700,12.1999946900,2866448,35973877.2800,0.854500,-2.650000
2022-12-20,12.0730131600,12.3074406000,12.0534775400,12.1316200200,2127624,26442270.2400,0.634300,-0.560400
2022-12-21,12.1413878300,12.2097625000,11.8678891500,11.9167282000,1785782,21963930.8600,0.532400,-1.771300
2022-12-22,11.9557994400,12.0632453500,11.7604432400,11.7604432400,1715007,20870828.6100,0.511300,-1.311500
2022-12-23,11.7311398100,11.8971925800,11.7018363800,11.8092822900,1662993,20074795.8400,0.495700,0.415300
2022-12-26,11.8385857200,12.0632453500,11.7799788600,12.0534775400,1577676,19341478.6200,0.470300,2.067800
2022-12-27,12.0534775400,12.1120844000,11.8483535300,11.9362638200,2241715,27379268.2500,0.668300,-0.972400
2022-12-28,11.8874247700,11.9069603900,11.5846226600,11.6529973300,3576204,42740474.7200,1.066100,-2.373200
2022-12-29,11.5846226600,11.8092822900,11.5846226600,11.6334617100,1999532,23944760.0600,0.596100,-0.167600
2022-12-30,11.7213720000,11.8385857200,11.6041582800,11.7702110500,1695839,20371378.6500,0.505500,1.175500
2023-01-03,11.8190501000,12.2683693600,11.7311398100,12.1804590700,3557563,43819704.7000,1.060500,3.485500
2023-01-04,12.1706912600,12.3562796500,12.1413878300,12.2879049800,2701705,33931241.0100,0.805400,0.882100
2023-01-05,12.3367440300,12.3562796500,12.2195303100,12.3172084100,1885740,23737944.2000,0.562200,0.238500
2023-01-06,12.2976727900,12.3855830800,12.1999946900,12.2586015500,2058801,25908881.1000,0.613700,-0.475800
2023-01-09,12.3562796500,12.5418680400,12.2879049800,12.4148865100,2525918,32175311.7600,0.753000,1.274900
2023-01-10,12.4051187000,12.5418680400,12.3562796500,12.4344221300,2074491,26437284.7900,0.618400,0.157400
2023-01-11,12.4148865100,12.5223324200,12.2292981200,12.2586015500,2208953,27949209.7400,0.658500,-1.414000
2023-01-12,12.2097625000,12.4637255600,12.2097625000,12.3953508900,2262166,28667971.2400,0.674400,1.115500
2023-01-13,12.3758152700,12.4930289900,12.2781371700,12.3660474600,1350237,17102592.8300,0.402500,-0.236400
2023-01-16,12.3855830800,12.6981530000,12.2976727900,12.6395461400,3089357,39868351.2600,0.921000,2.211700
2023-01-17,12.6981530000,12.8837413900,12.5809392800,12.7372242400,2086734,27244647.1400,0.622100,0.772800
2023-01-18,12.7860632900,12.8739735800,12.6493139500,12.8446701500,2086200,27316066.0000,0.621900,0.843600
2023-01-19,12.9130448200,13.1084010200,12.7762954800,13.0693297800,2766902,36811180.9400,0.824800,1.749000
2023-01-20,13.0888654000,13.3525962700,12.9911873000,13.2744537900,4293955,58035761.3600,1.280100,1.569500
2023-01-30,13.3721318900,14.1633245000,13.3721318900,13.8702902000,8085058,114553638.2000,2.410200,4.488600
2023-01-31,13.8312189600,13.9484326800,13.7140052400,13.7726121000,4103606,57944568.8400,1.223300,-0.704200
2023-02-01,13.7237730500,14.8470712000,13.7237730500,14.6810184300,10308297,151749576.6700,3.073000,6.595700
2023-02-02,14.7493931000,15.0424274000,14.6321793800,14.8763746300,8619497,131393975.9100,2.569500,1.330700
2023-02-03,14.8763746300,15.0326595900,14.6321793800,14.8568390100,6615435,100385637.9000,1.972100,-0.131300
2023-02-06,14.6712506200,15.5308179000,14.6712506200,15.1791767400,9839768,152577243.8900,2.933300,2.169600
2023-02-07,15.1401055000,15.5796569500,14.8666068200,15.1791767400,10622850,165476018.8000,3.166700,0.000000
2023-02-08,15.1791767400,15.5894247600,15.0717308300,15.0814986400,9996444,156881834.1300,2.980000,-0.643500
2023-02-09,15.0326595900,15.9215303000,15.0228917800,15.7652453400,11386096,180557324.4700,3.394300,4.533700
2023-02-10,15.9606015400,16.8690078700,15.8238522000,16.7908653900,18164051,306675124.4200,5.414800,6.505600
2023-02-13,17.2597202700,17.8750923000,17.1229709300,17.8750923000,22611682,407721246.7100,6.740700,6.457200
2023-02-14,17.3769339900,17.8653244900,17.0936675000,17.4843799000,16661875,297773874.5700,4.967000,-2.185800
2023-02-15,17.6797361000,17.9532347800,17.1913456000,17.9532347800,11771843,212974609.8700,3.509300,2.681600
2023-02-16,18.3634828000,18.3634828000,16.9276147300,17.0350606400,17239773,307153631.3500,5.139300,-5.114300
2023-02-17,16.9764537800,17.1718099800,16.5271345200,16.6248126200,12717139,217710766.6200,3.791100,-2.408300
2023-02-20,16.5075989000,16.6150448100,16.1461899300,16.5466701400,8867908,148664054.5800,2.643600,-0.470000
2023-02-21,16.6248126200,16.8787756800,16.3122427000,16.5662057600,8396730,142555164.1700,2.503100,0.118100
2023-02-22,16.4978310900,16.6931872900,16.2731714600,16.5759735700,5355400,90805059.4000,1.596500,0.059000
2023-02-23,16.4099208000,16.5955091900,16.1461899300,16.1852611700,4916225,81934739.7500,1.465600,-2.357100
2023-02-24,16.0778152600,16.3806173700,16.0680474500,16.3122427000,4921484,81781287.8600,1.467100,0.784600
2023-02-27,16.1168865000,16.3708495600,15.9996727800,16.1364221200,3749325,62144436.2500,1.117700,-1.077800
2023-02-28,16.2341002200,16.5369023300,16.1168865000,16.2927070800,5563725,92854524.7500,1.658600,0.968500
2023-03-01,16.2927070800,16.8104010100,16.2145646000,16.7322585300,7880095,134199746.9600,2.349100,2.697800
2023-03-02,16.6052770000,16.7713297700,16.4099208000,16.5564379500,6108449,103640390.3600,1.821000,-1.050800
2023-03-03,16.5369023300,16.7810975800,16.1559577400,16.3122427000,5384085,90349867.4500,1.605000,-1.474900
2023-03-06,16.3122427000,17.1229709300,16.2731714600,17.0643640700,12508973,215763625.0100,3.729000,4.610800
2023-03-07,16.8787756800,17.0545962600,16.1950289800,16.2243324100,9700093,164110602.9200,2.891700,-4.922700
2023-03-08,16.0680474500,16.9666859700,16.0680474500,16.6834194800,7777308,132223288.5300,2.318500,2.829600
2023-03-09,16.7810975800,16.8299366300,16.4587598500,16.7420263400,5550315,94610675.0700,1.654600,0.351300
2023-03-10,16.6150448100,16.8690078700,16.4489920400,16.4489920400,5211088,88706297.3200,1.553500,-1.750300
2023-03-13,16.3122427000,16.5466701400,16.2243324100,16.4685276600,4721480,79252128.4100,1.407500,0.118800
2023-03-14,16.5369023300,16.5466701400,15.9312981100,16.3903851800,6939306,115632693.1800,2.068700,-0.474500
2023-03-15,16.5466701400,16.5662057600,16.1657255500,16.1852611700,4105149,68714601.4300,1.223800,-1.251500
2023-03-16,16.0485118300,16.2829392700,15.7847809600,15.7945487700,4938840,80691200.2000,1.472300,-2.414000
2023-03-17,15.9508337300,16.1559577400,15.8140843900,15.8726912500,6691775,109578859.2500,1.994900,0.494700
2023-03-20,16.0094405900,16.1754933600,15.7261741000,15.8824590600,5776395,94374730.3300,1.722000,0.061500
2023-03-21,15.8824590600,16.1559577400,15.7066384800,16.0875830700,4363477,71363922.4600,1.300800,1.291500
2023-03-22,16.0289762100,16.8006332000,16.0094405900,16.7810975800,7651075,129809029.5000,2.280800,4.310900
2023-03-23,16.9178469200,17.0643640700,16.6345804300,16.9764537800,7520362,130192789.3400,2.241900,1.164100
2023-03-24,16.9080791100,17.6602004800,16.8690078700,17.2206490300,10722767,189916869.9600,3.196500,1.438400
2023-03-27,17.0936675000,17.3867018000,16.5857413800,16.9471503500,8787936,152419573.4100,2.619700,-1.588200
2023-03-28,16.9080791100,17.3573983700,16.8201688200,16.9569181600,8244650,144563047.3300,2.457800,0.057600
2023-03-29,16.7615619600,17.6602004800,16.7517941500,17.3378627500,11831245,209379063.6500,3.527000,2.246500
2023-03-30,17.3183271300,17.4746120900,16.9959894000,17.2401846500,7816042,138060094.1900,2.330000,-0.563400
2023-03-31,17.2206490300,17.6406648600,17.1229709300,17.5820580000,8715038,156122077.9100,2.598000,1.983000
2023-04-03,17.6797361000,18.0216094500,17.2304168400,17.6504326700,10072013,181013777.1900,3.002500,0.388900
2023-04-04,17.6308970500,18.0216094500,17.5429867600,17.7383429600,8438837,153218389.7200,2.515700,0.498100
2023-04-06,17.4941477100,17.7676463900,17.3867018000,17.4355408500,7130741,127980307.9000,2.125700,-1.707000
2023-04-07,17.5429867600,17.6113614300,17.1718099800,17.4257730400,5740317,102252232.1100,1.711200,-0.056000
2023-04-10,17.4257730400,17.9239313500,17.1913456000,17.2011134100,7961234,143198678.2600,2.373300,-1.289200
2023-04-11,17.2108812200,17.4355408500,16.9959894000,17.2206490300,6237097,109890317.8700,1.859300,0.113600
2023-04-12,17.2792558900,17.6797361000,17.1229709300,17.4843799000,5609598,99909080.1600,1.672300,1.531500
2023-04-13,17.5722901900,17.5722901900,17.0155250200,17.1132031200,4374180,77044841.5400,1.304000,-2.122900
2023-04-14,17.1620421700,17.2597202700,16.7517941500,16.8787756800,5770650,100025948.3700,1.720300,-1.369900
2023-04-17,16.7224907200,17.0057572100,16.5662057600,16.6443482400,5653172,96551968.6100,1.685200,-1.388900
2023-04-18,16.9764537800,17.9336991600,16.5662057600,17.4062374200,9490488,168169725.6100,2.829200,4.577500
2023-04-19,17.4843799000,19.6919049600,17.4257730400,19.4477097100,30101976,579843976.8200,8.973600,11.728400
2023-04-20,19.0863007400,19.2328178900,18.7737308200,19.1742110300,21015867,408190074.2800,6.265000,-1.406300
2023-04-21,19.1742110300,19.1742110300,18.0704485000,18.2853403200,20058441,381046922.7100,5.979500,-4.635800
2023-04-24,17.5625223800,17.8750923000,15.2475514100,15.4136041800,23953993,390187314.8900,7.140800,-15.705100
2023-04-25,15.5894247600,16.4099208000,15.3647651300,15.5503535200,15211973,245370473.5300,4.534800,0.887200
2023-04-26,15.3354617000,15.4331398000,14.0168073500,14.1144854500,18186585,269497504.9400,5.421500,-9.233700
2023-04-27,14.0265751600,14.3000738400,13.6163271400,13.7433086700,11163906,158487467.5300,3.328000,-2.629800
2023-04-28,13.8409867700,14.4856622300,13.8214511500,14.4368231800,10571703,154776192.6200,3.151500,5.046200
2023-05-04,14.2903060300,14.5735725200,14.1047176400,14.3391450800,7233792,105647017.3500,2.156400,-0.676600
2023-05-05,14.2903060300,14.7103218600,13.9484326800,14.5638047100,10895272,160752273.8900,3.247900,1.566800
2023-05-08,14.5735725200,15.2866226500,14.5735725200,15.1205698800,9304922,142367808.3400,2.773900,3.822900
2023-05-09,15.0424274000,15.4819788500,14.9252136800,14.9252136800,6486510,100516421.1400,1.933700,-1.292000
2023-05-10,14.9349814900,15.0814986400,14.6614828100,14.8470712000,4889596,74588798.8400,1.457600,-0.523600
2023-05-11,14.8568390100,15.4136041800,14.7591609100,15.2475514100,5772760,89408222.8600,1.720900,2.697400
2023-05-12,15.2084801700,15.4722110400,15.1108020700,15.2573192200,5393540,84557270.7000,1.607800,0.064100
2023-05-15,15.2573192200,15.6480316200,15.2377836000,15.5991925700,4739174,74966178.8300,1.412800,2.240700
2023-05-16,15.4819788500,16.1950289800,15.4624432300,15.9508337300,7528801,122909968.7100,2.244400,2.254200
2023-05-17,15.9019946800,17.0155250200,15.9019946800,17.0155250200,11841898,201872978.7900,3.530100,6.674800
2023-05-18,16.8592400600,17.2890237000,16.8104010100,17.0252928300,9017186,157305341.7100,2.688100,0.057400
2023-05-19,17.0643640700,17.2499524600,16.8006332000,17.0741318800,6557097,114592150.2200,1.954700,0.286900
2023-05-22,17.0741318800,17.2597202700,16.4392242300,16.5075989000,9748348,167522848.9000,2.906000,-3.318100
2023-05-23,16.3220105100,16.5466701400,16.0192084000,16.1559577400,6383277,105982833.1900,1.902900,-2.130200
2023-05-24,16.1657255500,16.7517941500,16.0289762100,16.3122427000,4847800,81461641.0000,1.445200,0.967400
2023-05-25,16.4294564200,16.8006332000,15.9606015400,16.2341002200,4898400,81744573.0000,1.460200,-0.479000
2023-05-26,16.1852611700,16.4782954700,16.1657255500,16.3903851800,3414881,57139566.5700,1.018000,0.962700
2023-05-29,16.4685276600,17.0838996900,16.4099208000,16.6931872900,6367943,109682670.4800,1.898300,1.847400
2023-05-30,16.6052770000,16.9862215900,16.4685276600,16.9276147300,4176400,71748795.0000,1.245000,1.404300
2023-05-31,16.7908653900,17.0350606400,16.7322585300,16.9862215900,3826735,66277407.7300,1.140800,0.346200
2023-06-01,17.0057572100,17.1327387400,16.7810975800,16.9471503500,3933512,68410705.8600,1.172600,-0.230000
2023-06-02,16.9862215900,17.0350606400,16.4587598500,16.8787756800,4093084,70610792.8400,1.220200,-0.403500
2023-06-05,16.8104010100,17.4648442800,16.8104010100,17.1913456000,5123803,90587653.4500,1.527400,1.851900
2023-06-06,17.1034353100,17.2011134100,16.4978310900,16.5759735700,4464277,76816510.9500,1.330800,-3.579500
2023-06-07,16.6150448100,17.1913456000,16.4978310900,17.0448284500,5014553,87120541.1400,1.494900,2.828500
2023-06-08,17.0054150000,17.3601050000,16.7788075000,16.9561525000,4935554,85439430.2900,1.471300,-0.520200
2023-06-09,16.9265950000,17.1729075000,16.7098400000,16.8674800000,7840036,134847765.4000,2.337200,-0.523000
2023-06-12,16.8674800000,17.3206950000,16.7788075000,17.0448250000,5911161,102677090.9100,1.762200,1.051400
2023-06-13,16.9463000000,17.3798100000,16.8477750000,17.3206950000,5603476,97857756.1700,1.670400,1.618500
2023-06-14,17.3305475000,17.4290725000,17.0448250000,17.1039400000,5621080,98161819.8000,1.675700,-1.251400
2023-06-15,17.1039400000,17.3305475000,16.7295450000,16.8576275000,5248728,90457084.0300,1.564700,-1.440100
2023-06-16,16.9167425000,17.2418750000,16.6802825000,17.0743825000,5178360,89432600.3700,1.543700,1.285800
2023-06-19,17.0842350000,17.6556800000,17.0743825000,17.6064175000,7567256,134554580.5300,2.255800,3.116000
2023-06-20,17.4192200000,17.5571550000,17.0743825000,17.2517275000,5615353,98290267.0200,1.674000,-2.014500
2023-06-21,17.2320225000,17.4487775000,16.7393975000,17.1729075000,6249181,108498149.2400,1.862900,-0.456900
2023-06-26,16.9857100000,17.0251200000,15.9117875000,15.9610500000,9797375,161856421.6200,2.920700,-7.056800
2023-06-27,16.0792800000,16.6014625000,15.9413450000,16.2369200000,6292302,103885930.9600,1.875800,1.728400
2023-06-28,16.2763300000,16.3354450000,15.2910800000,15.7640000000,7571429,120039933.3400,2.257100,-2.912600
2023-06-29,15.7738525000,16.0497225000,15.4782775000,15.6950325000,6850044,109264221.9200,2.042000,-0.437500
2023-06-30,15.6851800000,16.3847075000,15.5768025000,16.2664775000,5979200,97261505.0000,1.782400,3.640900
2023-07-03,16.2664775000,16.3157400000,15.7245900000,15.8329675000,5889988,95185073.6600,1.755800,-2.665100
2023-07-04,15.7344425000,15.9906075000,15.7344425000,15.8822300000,3827072,61646976.6800,1.140900,0.311100
2023-07-05,15.8329675000,15.9019350000,15.4881300000,15.5669500000,3598900,57308847.0000,1.072900,-1.985100
2023-07-06,15.5669500000,16.2566250000,15.4782775000,15.7048850000,5430943,87814044.3000,1.619000,0.886100
2023-07-07,15.7837050000,15.9117875000,15.3797525000,15.7442950000,3887339,61787183.3100,1.158800,0.250900
2023-07-10,15.7541475000,15.9216400000,15.4388675000,15.6063600000,3405050,53959895.1900,1.015100,-0.876100
2023-07-11,15.5965075000,15.7640000000,15.5078350000,15.6260650000,3065877,48579204.2200,0.914000,0.126300
2023-07-12,15.6457700000,15.6851800000,15.1925550000,15.1925550000,3247255,50825495.8900,0.968000,-2.774300
2023-07-13,15.1925550000,15.5176875000,15.1728500000,15.3797525000,3576598,55782384.8000,1.066200,1.232200
2023-07-14,15.3699000000,15.7147375000,15.3699000000,15.5275400000,3204097,50764000.0100,0.955200,0.960900
2023-07-17,15.5275400000,15.6753275000,15.3797525000,15.5176875000,2140100,33621852.0000,0.638000,-0.063500
2023-07-18,15.5570975000,15.7442950000,15.3304900000,15.3896050000,3545302,55804836.5400,1.056900,-0.825400
2023-07-19,15.2910800000,15.5965075000,15.2910800000,15.3797525000,2549017,39921488.3700,0.759900,-0.064000
2023-07-20,15.4388675000,15.4487200000,14.8772750000,14.9265375000,3855300,59095126.0000,1.149300,-2.946800
2023-07-21,14.9758000000,15.0743250000,14.5915525000,14.6408150000,3820033,57212081.4700,1.138800,-1.914200
2023-07-24,14.6211100000,14.9166850000,14.5422900000,14.7886025000,3497436,52448291.4800,1.042600,1.009400
2023-07-25,14.8378650000,15.3206375000,14.8378650000,15.2024075000,4110687,63302126.2000,1.225400,2.798100
2023-07-26,15.3797525000,15.3797525000,14.8969800000,14.9955050000,2425984,36999424.4800,0.723200,-1.361000
2023-07-27,15.0743250000,15.2024075000,14.8772750000,14.9265375000,2101136,32032992.3000,0.626400,-0.459900
2023-07-28,14.9265375000,15.1235875000,14.7787500000,14.9462425000,2397300,36357031.0000,0.714700,0.132000
2023-07-31,14.9659475000,15.2516700000,14.8772750000,15.1827025000,2360440,36243525.2000,0.703700,1.582100
2023-08-01,15.0940300000,15.2319650000,15.0053575000,15.1432925000,2081100,31917874.4700,0.620400,-0.259600
2023-08-02,15.0546200000,15.1827025000,14.9856525000,15.1432925000,2083046,31908015.5400,0.621000,0.000000
2023-08-03,15.0841775000,15.1531450000,14.9856525000,15.0053575000,1841700,28106508.0000,0.549000,-0.910900
2023-08-04,14.9758000000,15.3797525000,14.9758000000,15.3600475000,3104890,48110613.2200,0.925600,2.363800
2023-08-07,15.3304900000,15.4585725000,15.1925550000,15.3699000000,3113600,48493119.0000,0.928200,0.064100
2023-08-08,15.3600475000,15.5275400000,15.2516700000,15.2812275000,2391600,37341537.0900,0.713000,-0.576900
2023-08-09,15.2221125000,15.3501950000,15.0743250000,15.1038825000,1694746,26159205.3800,0.505200,-1.160500
2023-08-10,14.9955050000,15.1728500000,14.7984550000,14.8575700000,2680541,40614972.6400,0.799100,-1.630800
2023-08-11,14.8575700000,14.9856525000,14.5324375000,14.5521425000,2182600,32608161.0000,0.650600,-2.055700
2023-08-14,14.5521425000,14.6309625000,14.2270100000,14.5422900000,2791008,40785067.8400,0.832000,-0.067700
2023-08-15,14.6900775000,15.0546200000,14.5127325000,14.6014050000,4608000,68903327.2600,1.373700,0.406500
2023-08-16,14.5028800000,14.6014050000,13.9905500000,13.9905500000,4825817,69396929.9400,1.438600,-4.183500
2023-08-17,14.0299600000,14.4240600000,13.8624675000,14.4043550000,4123200,59361770.0000,1.229200,2.957700
2023-08-18,14.4043550000,14.6605200000,14.2073050000,14.2467150000,3024326,44283072.8000,0.901600,-1.094400
2023-08-21,14.1974525000,14.5619950000,14.1876000000,14.1974525000,2544600,37084861.8800,0.758600,-0.345800
2023-08-22,14.3649450000,14.4930275000,14.0595175000,14.4142075000,2796413,40492784.6900,0.833600,1.526700
2023-08-23,14.4437650000,14.4437650000,14.0496650000,14.1876000000,2635308,38029608.8000,0.785600,-1.572100
2023-08-24,14.2171575000,14.4043550000,14.1087800000,14.1876000000,2069118,29918520.0000,0.616800,0.000000
2023-08-25,14.1284850000,14.1383375000,13.7048275000,13.7048275000,2981297,42026111.7900,0.888700,-3.402800
2023-08-28,14.3747975000,14.6605200000,13.8427625000,13.8821725000,4605377,66827888.8700,1.372900,1.294000
2023-08-29,13.9314350000,14.5619950000,13.8821725000,14.5521425000,4116898,59871265.4800,1.227300,4.826100
2023-08-30,14.5619950000,14.9166850000,14.4831750000,14.8477175000,3650262,54738848.2400,1.088200,2.031100
2023-08-31,14.7787500000,14.8772750000,14.6408150000,14.8477175000,2711121,40711100.1600,0.808200,0.000000
2023-09-01,14.8575700000,14.9659475000,14.5422900000,14.6309625000,2017933,30053058.4200,0.601600,-1.459900
2023-09-04,14.7491925000,14.8378650000,14.5521425000,14.8280125000,3141200,46810368.0000,0.936400,1.346800
2023-09-05,14.8083075000,14.9560950000,14.7196350000,14.8969800000,2981295,45049378.8100,0.888700,0.465100
2023-09-06,14.8280125000,15.3206375000,14.6802250000,15.2910800000,4326347,66382635.1700,1.289700,2.645500
2023-09-07,15.3501950000,15.3501950000,14.9659475000,14.9758000000,3156700,48367614.0000,0.941000,-2.061900
2023-09-08,14.9363900000,15.4191625000,14.9265375000,15.4191625000,3674889,56764898.3400,1.095500,2.960500
2023-09-11,15.4093100000,15.5866550000,15.1925550000,15.5275400000,5505105,86296831.8700,1.641100,0.702900
2023-09-12,15.3304900000,15.4585725000,15.1728500000,15.3304900000,4212359,65369738.4500,1.255700,-1.269000
2023-09-13,15.4191625000,15.4191625000,14.8871275000,15.0152100000,3539755,54012543.7300,1.055200,-2.056600
2023-09-14,15.0644725000,15.2024075000,14.9265375000,15.0053575000,2992924,45757690.8500,0.892200,-0.065600
2023-09-15,14.9758000000,15.0841775000,14.7590450000,14.8477175000,3155900,47629876.0000,0.940800,-1.050600
2023-09-18,14.7688975000,15.1531450000,14.7097825000,15.0152100000,3195979,48517835.3100,0.952700,1.128100
2023-09-19,14.9166850000,14.9856525000,14.6014050000,14.6703725000,3372987,50390016.1700,1.005500,-2.296600
2023-09-20,14.6506675000,14.9166850000,14.5422900000,14.5817000000,2450808,36595116.5200,0.730600,-0.604400
2023-09-21,14.5915525000,15.0644725000,14.5225850000,14.7590450000,3937535,59364279.3500,1.173800,1.216200
2023-09-22,14.8083075000,15.1235875000,14.5619950000,15.1235875000,4025600,61005224.0000,1.200100,2.470000
2023-09-25,14.9856525000,15.3107850000,14.9265375000,15.0152100000,3642232,55814133.9400,1.085800,-0.716600
2023-09-26,14.9265375000,15.0940300000,14.6605200000,14.7393400000,3768900,56637710.0000,1.123500,-1.837300
2023-09-27,14.8280125000,14.8280125000,14.3846500000,14.6408150000,3667740,54427372.6000,1.093400,-0.668400
2023-09-28,14.6703725000,15.1629975000,14.6014050000,15.0743250000,5267535,80356800.1100,1.570300,2.961000
2023-10-09,15.1728500000,15.3403425000,15.0841775000,15.2221125000,4418000,68233709.3000,1.317000,0.980400
2023-10-10,15.3206375000,15.3699000000,15.1827025000,15.2221125000,3053800,47322838.0000,0.910400,0.000000
2023-10-11,15.3206375000,15.4979825000,15.1432925000,15.3994575000,4105159,64076481.7100,1.223800,1.165000
2023-10-12,15.3994575000,15.4979825000,15.2910800000,15.3994575000,2897837,45323191.5100,0.863900,0.000000
2023-10-13,15.3896050000,15.6162125000,15.2812275000,15.5472450000,3833352,60423903.6000,1.142700,0.959700
2023-10-16,15.5570975000,15.6359175000,15.2516700000,15.2910800000,3375900,52587362.0000,1.006400,-1.647700
2023-10-17,15.3009325000,15.3501950000,15.0644725000,15.1827025000,2468870,38018934.6100,0.736000,-0.708800
2023-10-18,15.1629975000,15.1629975000,14.7097825000,14.8378650000,2537969,38318588.2100,0.756600,-2.271300
2023-10-19,14.7886025000,15.2418175000,14.7886025000,14.8772750000,2714341,41445709.6600,0.809200,0.265600
2023-10-20,14.7787500000,14.9659475000,14.1580425000,14.1777475000,4464546,65474245.4200,1.330900,-4.702000
2023-10-23,14.2073050000,14.2368625000,13.7540900000,13.9117300000,3318100,47061226.9400,0.989100,-1.876300
2023-10-24,13.7935000000,14.2270100000,13.1826450000,14.1383375000,5815271,81867049.3900,1.733600,1.628900
2023-10-25,14.1087800000,14.3945025000,13.9511400000,14.2171575000,3372900,48676023.0000,1.005500,0.557500
2023-10-26,14.1481900000,14.7393400000,14.1186325000,14.5915525000,3635345,53516067.4100,1.083700,2.633400
2023-10-27,14.5225850000,14.5225850000,13.7540900000,13.7935000000,8853181,125013356.2300,2.639200,-5.469300
2023-10-30,13.7935000000,14.2171575000,13.4683675000,14.1383375000,6958486,97817386.5000,2.074400,2.500000
2023-10-31,14.0693700000,15.1728500000,14.0102550000,14.3255350000,11060169,162043000.2400,3.297100,1.324000
2023-11-01,14.2565675000,15.2910800000,14.1284850000,14.7688975000,14048987,210731813.2100,4.188100,3.094900
2023-11-02,14.5718475000,15.3699000000,14.5324375000,14.6408150000,12454360,188904662.4400,3.712700,-0.867200
2023-11-03,14.6506675000,15.4684250000,14.5422900000,15.1334400000,12420856,189911132.2500,3.702700,3.364700
2023-11-06,15.1137350000,15.6556225000,15.0349150000,15.6556225000,16580818,258220757.0300,4.942800,3.450500
2023-11-07,15.4881300000,15.9610500000,15.4290150000,15.5866550000,12534545,198948886.8000,3.736600,-0.440500
2023-11-08,15.6260650000,15.7245900000,15.3501950000,15.5768025000,9288256,146263289.8300,2.768900,-0.063200
2023-11-09,15.5275400000,15.6063600000,15.2516700000,15.3501950000,6914695,108013659.0900,2.061300,-1.454800
2023-11-10,15.2910800000,15.4979825000,15.2024075000,15.3304900000,4502569,70219141.6400,1.342200,-0.128400
2023-11-13,15.3304900000,15.5866550000,15.3206375000,15.5176875000,5476841,85987661.4700,1.632700,1.221100
2023-11-14,15.4881300000,16.5423475000,15.3994575000,16.0891325000,13721939,223953169.7100,4.090600,3.682500
2023-11-15,15.9314925000,16.0595750000,15.6950325000,15.7935575000,9147565,146948290.9300,2.726900,-1.837100
2023-11-16,15.7147375000,15.8428200000,15.6063600000,15.6162125000,5551720,88480989.2000,1.655000,-1.122900
2023-11-17,15.6457700000,15.8723775000,15.5472450000,15.8428200000,5772048,92174166.8800,1.720700,1.451100
2023-11-20,15.8428200000,15.9511975000,15.7147375000,15.7738525000,5293127,85007851.9000,1.577900,-0.435300
2023-11-21,15.8132625000,15.8625250000,15.5176875000,15.5570975000,5087785,80785163.5500,1.516700,-1.374100
2023-11-22,15.5669500000,15.6556225000,15.2713750000,15.3206375000,3928716,61632991.5600,1.171200,-1.519900
2023-11-23,15.2615225000,15.6162125000,15.1827025000,15.6162125000,4199019,65870867.4800,1.251800,1.929300
2023-11-24,15.5472450000,15.7147375000,15.0743250000,15.1235875000,4281485,66246776.7000,1.276300,-3.154600
2023-11-27,15.1235875000,15.9709025000,15.0546200000,15.7738525000,9752682,155329807.2400,2.907300,4.299700
2023-11-28,15.7048850000,15.9216400000,15.5768025000,15.8329675000,6143936,98417467.5100,1.831500,0.374800
2023-11-29,15.8329675000,15.9117875000,15.6063600000,15.6950325000,4656694,74242306.2200,1.388200,-0.871200
2023-11-30,15.6950325000,15.7147375000,15.2319650000,15.4093100000,4186519,65397330.1300,1.248000,-1.820500
2023-12-01,15.4979825000,15.7640000000,15.3009325000,15.7442950000,4041684,63838275.3500,1.204900,2.173900
2023-12-04,15.8428200000,15.9314925000,15.6851800000,15.6950325000,4587400,73553757.8000,1.367500,-0.312900
2023-12-05,15.6753275000,15.6851800000,14.9955050000,15.0250625000,5551258,86225588.0600,1.654900,-4.268700
2023-12-06,14.9856525000,15.2024075000,14.8772750000,14.9659475000,3903855,59509764.8200,1.163800,-0.393400
2023-12-07,14.9856525000,15.3107850000,14.9068325000,15.1925550000,3472827,53450194.4200,1.035300,1.514200
2023-12-08,15.1925550000,15.5373925000,15.1925550000,15.2910800000,3800058,59276583.6600,1.132800,0.648500
2023-12-11,15.2713750000,15.7048850000,15.0250625000,15.7048850000,4728718,73828952.9100,1.409700,2.706200
2023-12-12,15.6950325000,15.7935575000,15.5472450000,15.7048850000,3603971,57348026.1700,1.074400,0.000000
2023-12-13,15.7442950000,15.7640000000,15.5373925000,15.5768025000,2422408,38407230.8000,0.722100,-0.815600
2023-12-14,15.5275400000,15.8231150000,15.5275400000,15.5768025000,3501515,55651298.1500,1.043800,0.000000
2023-12-15,15.5768025000,15.6260650000,15.2418175000,15.2812275000,3459766,53997729.5600,1.031400,-1.897500
2023-12-18,15.2418175000,15.2713750000,14.7590450000,14.8181600000,3386240,51520325.9300,1.009500,-3.030300
2023-12-19,14.8181600000,15.1728500000,14.6802250000,15.0447675000,2988300,45454083.4000,0.890800,1.529300
2023-12-20,15.0743250000,15.1038825000,14.7787500000,14.7984550000,2436900,36855670.0000,0.726500,-1.637200
2023-12-21,14.6999300000,14.9758000000,14.3846500000,14.8083075000,2940981,43772026.2600,0.876700,0.066600
2023-12-22,14.9068325000,15.0053575000,14.5422900000,14.5718475000,2330721,34665163.4800,0.694800,-1.596800
2023-12-25,14.7590450000,14.7590450000,14.3846500000,14.4831750000,2391850,35360141.0000,0.713000,-0.608500
2023-12-26,14.4634700000,14.4831750000,13.8526150000,13.9412875000,3411076,48523085.6800,1.016900,-3.741500
2023-12-27,13.9412875000,14.2959775000,13.9314350000,14.2664200000,2497372,35905090.6800,0.744500,2.332200
2023-12-28,14.2664200000,14.5915525000,14.0890750000,14.5028800000,2835500,41474143.0000,0.845300,1.657500
2023-12-29,14.5028800000,14.9265375000,14.4240600000,14.8674225000,3208373,48051876.1100,0.956400,2.513600
2024-01-02,14.8378650000,15.0152100000,14.7984550000,14.8575700000,2418600,36560863.0000,0.721000,-0.066300
2024-01-03,14.7984550000,14.8378650000,14.3846500000,14.6014050000,2793392,41383788.9900,0.832700,-1.724100
2024-01-04,14.5521425000,14.5817000000,14.3747975000,14.4240600000,1869287,27445215.8500,0.557200,-1.214600
2024-01-05,14.4240600000,14.5718475000,13.9905500000,14.1087800000,2489600,36050285.0000,0.742200,-2.185800
2024-01-08,14.1481900000,14.1481900000,13.6063025000,13.6063025000,3022721,42299340.1100,0.901100,-3.561500
2024-01-09,13.6457125000,13.9215825000,13.6063025000,13.6752700000,2264548,31600892.0700,0.675100,0.506900
2024-01-10,13.5964500000,13.7048275000,13.3008750000,13.4092525000,2418387,33121048.1000,0.720900,-1.945200
2024-01-11,13.4486625000,13.9215825000,13.4486625000,13.7737950000,2753277,38427564.1400,0.820800,2.718600
2024-01-12,13.7737950000,13.8723200000,13.5373350000,13.5570400000,2268699,31501260.2100,0.676300,-1.573700
2024-01-15,13.4880725000,13.6358600000,13.3008750000,13.5176300000,2058600,28232268.0000,0.613700,-0.290700
2024-01-16,13.5964500000,13.6358600000,13.1530875000,13.3501375000,2787300,37676507.0000,0.830900,-1.239100
2024-01-17,13.3599900000,13.3796950000,12.9855950000,13.0348575000,2626900,35194633.0000,0.783100,-2.361600
2024-01-18,13.0151525000,13.0545625000,12.4929700000,12.9363325000,3878112,50137454.3000,1.156100,-0.755900
2024-01-19,12.9560375000,13.0250050000,12.7195775000,12.7195775000,2057567,26838257.5000,0.613400,-1.675600
2024-01-22,12.8082500000,12.8476600000,11.8230000000,11.9707875000,4216475,52817792.7800,1.257000,-5.886900
2024-01-23,11.9116725000,12.1382800000,11.7343275000,12.0200500000,3454180,41858333.0500,1.029700,0.411500
2024-01-24,12.0496075000,12.1579850000,11.5668350000,12.0890175000,3713465,44786711.7800,1.107000,0.573800
2024-01-25,12.0890175000,12.6703150000,11.9510825000,12.6407575000,3885900,49007996.0000,1.158400,4.564000
2024-01-26,12.6604625000,12.7491350000,12.4929700000,12.5323800000,2866400,36715988.0000,0.854500,-0.857400
2024-01-29,12.5619375000,12.6309050000,12.0299025000,12.0496075000,2987085,37115038.2700,0.890500,-3.852200
2024-01-30,12.0200500000,12.2171000000,11.7343275000,11.7343275000,2577785,31279686.9000,0.768500,-2.616500
2024-01-31,11.7244750000,11.8131475000,10.8180450000,10.8180450000,4913161,55756013.9200,1.464600,-7.808600
2024-02-01,10.6998150000,10.9264225000,10.3845350000,10.6604050000,4019800,43461021.0000,1.198300,-1.457200
2024-02-02,10.6407000000,10.9362750000,9.6258925000,10.0101400000,6324583,65245628.0000,1.885400,-6.099800
2024-02-05,9.9214675000,9.9214675000,8.4830025000,8.6800525000,8948354,81652486.1100,2.667600,-13.287400
2024-02-06,8.5815275000,9.8327950000,8.3056575000,9.5569250000,9243616,84762865.2500,2.755600,10.102200
2024-02-07,9.8525000000,10.5224700000,9.6554500000,10.1086650000,9019692,92957348.0700,2.688800,5.773200
2024-02-08,9.9707300000,11.6653600000,9.9707300000,11.4387525000,10576863,120537568.2400,3.153000,13.157900
2024-02-19,11.1825875000,11.5175725000,10.8870125000,11.1431775000,10880433,123030971.9800,3.243500,-2.584000
2024-02-20,11.0052425000,11.1136200000,10.7195200000,11.0742100000,6052390,67431692.9800,1.804300,-0.618900
2024-02-21,10.9067175000,11.5766875000,10.9067175000,11.1628825000,6686532,76635773.9900,1.993300,0.800700
2024-02-22,11.2121450000,11.5865400000,11.1136200000,11.4683100000,5201193,60290841.3800,1.550500,2.736100
2024-02-23,11.6259500000,11.8821150000,11.4190475000,11.8722625000,5401117,63853798.0100,1.610100,3.522300
2024-02-26,11.7441800000,12.2466575000,11.7343275000,11.9806400000,7116335,86463870.1100,2.121400,0.912900
2024-02-27,12.0003450000,12.3845925000,11.8230000000,12.3747400000,6558204,80478787.8900,1.955000,3.289500
2024-02-28,12.3944450000,12.5914950000,11.3697850000,11.3894900000,10588711,129582842.1700,3.156600,-7.961800
2024-02-29,11.1333250000,12.1087225000,11.1333250000,12.1087225000,7511401,90688564.1000,2.239200,6.314900
2024-03-01,12.0693125000,12.4831175000,12.0693125000,12.3944450000,6549888,81713365.4800,1.952600,2.359600
2024-03-04,12.4240025000,12.5028225000,12.0299025000,12.3057725000,5812042,72243592.9700,1.732600,-0.715400
2024-03-05,12.3057725000,12.3057725000,11.9313775000,12.0101975000,4494000,55279125.0000,1.339700,-2.401900
2024-03-06,12.0101975000,12.1776900000,11.7244750000,12.0299025000,3959400,48096191.0000,1.180300,0.164100
2024-03-07,12.0299025000,12.3156250000,11.7835900000,11.7835900000,4197344,51222213.3200,1.251300,-2.047500
2024-03-08,11.7835900000,12.1776900000,11.7441800000,12.0988700000,3996712,48459894.8400,1.191400,2.675600
2024-03-11,12.0988700000,12.2762150000,11.9018200000,12.2762150000,5229418,64239311.6000,1.558900,1.465800
2024-03-12,12.2762150000,12.3944450000,12.1481325000,12.3648875000,4514554,56263368.2800,1.345800,0.722300
2024-03-13,12.3451825000,12.6998725000,12.3254775000,12.5422325000,6202746,78749413.4100,1.849100,1.434300
2024-03-14,12.4338550000,13.1333825000,12.1481325000,12.7688400000,13956963,178718835.0900,4.160700,1.806800
2024-03-15,13.0841200000,13.3994000000,12.3156250000,13.2516125000,20148596,265324296.0000,6.006400,3.780900
2024-03-18,13.2516125000,13.6949750000,13.1038250000,13.4979250000,17656948,241167304.5100,5.263600,1.858700
2024-03-19,13.3205800000,13.3698425000,13.0742675000,13.0742675000,10252096,136965044.6900,3.056200,-3.138700
2024-03-20,12.9954475000,13.1333825000,12.8378075000,13.0447100000,7705959,101729948.7300,2.297200,-0.226100
2024-03-21,13.0348575000,13.1629400000,12.8870700000,12.9461850000,6068935,80169396.5400,1.809200,-0.755300
2024-03-22,12.9461850000,13.0939725000,12.6210525000,12.9658900000,7478541,97484600.9400,2.229400,0.152200
2024-03-25,12.8082500000,12.8969225000,12.3156250000,12.3550350000,5201096,66901246.4400,1.550500,-4.711200
2024-03-26,12.2860675000,12.4732650000,11.8722625000,12.0988700000,5615338,69247760.0600,1.674000,-2.073400
2024-03-27,12.0299025000,12.0397550000,11.3500800000,11.3599325000,5286930,62478112.2700,1.576100,-6.107500
2024-03-28,11.4486050000,12.0496075000,11.3894900000,11.8919675000,5400805,64817105.5600,1.610000,4.683400
2024-03-29,12.0200500000,12.2368050000,11.6850650000,12.2269525000,5299843,64544321.5500,1.579900,2.816900
2024-04-01,12.2269525000,12.4929700000,12.1776900000,12.3944450000,3979357,50071416.9400,1.186300,1.369900
2024-04-02,12.3156250000,12.4535600000,12.0791650000,12.1678375000,3986141,49422707.2400,1.188300,-1.828300
2024-04-03,12.1185750000,12.1382800000,11.6456550000,11.8722625000,4148249,49780317.4800,1.236600,-2.429100
2024-04-08,11.9215250000,11.9215250000,11.5077200000,11.5274250000,3070603,36340482.6000,0.915400,-2.904600
2024-04-09,11.5274250000,11.7540325000,11.4683100000,11.7047700000,3202140,37754010.0000,0.954600,1.538500
2024-04-10,11.6160975000,11.6850650000,11.2614075000,11.4190475000,2959934,34250251.0200,0.882400,-2.441100
2024-04-11,11.2909650000,11.6259500000,11.2909650000,11.3303750000,2756269,32077593.5900,0.821700,-0.776500
2024-04-12,11.3402275000,11.5668350000,11.2712600000,11.3205225000,2932497,33952140.5900,0.874200,-0.087000
2024-04-15,11.3796375000,11.3796375000,10.6407000000,10.8278975000,4868528,54000704.9000,1.451300,-4.351600
2024-04-16,10.8968650000,10.9067175000,10.2367475000,10.2367475000,4896057,51939936.4500,1.459500,-5.459500
2024-04-17,10.3451250000,11.0840625000,10.3451250000,11.0643575000,4592885,50573101.3300,1.369200,8.084700
2024-04-18,11.0742100000,11.1628825000,10.7687825000,10.8771600000,4002815,44529896.1200,1.079200,-1.691900
2024-04-19,10.8476025000,10.9559800000,10.6111425000,10.7983400000,2993559,32685653.4600,0.807100,-0.724600
2024-04-22,10.6407000000,10.9461275000,10.3648300000,10.7786350000,2923704,31786882.2900,0.788300,-0.182500
2024-04-23,10.7786350000,11.0643575000,10.7392250000,10.9264225000,2957057,32723917.9900,0.797300,1.371100
2024-04-24,10.9559800000,11.3697850000,10.9362750000,11.3697850000,4161500,47391934.0000,1.122000,4.057700
2024-04-25,11.4091950000,11.4781625000,11.2318500000,11.3599325000,3421669,39475954.9300,0.922500,-0.086700
2024-04-26,11.3993425000,11.7244750000,11.3008175000,11.6653600000,4784277,56229048.2300,1.289900,2.688600
2024-04-29,11.7638850000,12.0594600000,11.6259500000,12.0101975000,4576747,55363202.8900,1.233900,2.956100
2024-04-30,12.0496075000,12.0693125000,11.8328525000,11.9707875000,3876200,47003453.0000,1.045100,-0.328100
2024-05-06,12.0496075000,12.2663625000,12.0200500000,12.0594600000,3915300,48220704.0000,1.055600,0.740700
2024-05-07,12.0496075000,12.1185750000,11.9215250000,12.0693125000,2846810,34777311.4000,0.767500,0.081700
2024-05-08,12.0397550000,12.0890175000,11.8328525000,11.9018200000,3067170,37169795.4000,0.826900,-1.387800
2024-05-09,11.7737375000,12.0594600000,11.7737375000,11.9215250000,2494100,30287119.0000,0.672400,0.165600
2024-05-10,11.9609350000,11.9609350000,11.5963925000,11.6456550000,3361366,39947059.3800,0.906300,-2.314000
2024-05-13,11.5372775000,11.7638850000,11.3796375000,11.5077200000,3689266,43280662.5200,0.994700,-1.184400
2024-05-14,11.6358025000,11.8032950000,11.5077200000,11.5471300000,4031300,47521207.0000,1.086900,0.342500
2024-05-15,11.5569825000,11.6752125000,11.4091950000,11.4584575000,2699030,31571082.5800,0.727700,-0.767900
2024-05-16,11.4781625000,11.7441800000,11.4781625000,11.5372775000,2684200,31626776.0000,0.723700,0.687900
2024-05-17,11.5865400000,11.7835900000,11.4584575000,11.7737375000,2967573,35137823.2400,0.800100,2.049500
2024-05-20,11.8131475000,12.0200500000,11.6653600000,11.9018200000,3415200,41197846.0000,0.920800,1.087900
2024-05-21,11.8328525000,12.0003450000,11.7441800000,11.8427050000,2867506,34519476.4600,0.773100,-0.496700
2024-05-22,11.8230000000,11.9904925000,11.7737375000,11.9707875000,2791004,33707857.2000,0.752500,1.081500
2024-05-23,11.9609350000,11.9806400000,11.5865400000,11.6160975000,3131210,37249539.1000,0.844200,-2.963000
2024-05-24,11.5569825000,11.7934425000,11.4387525000,11.4486050000,2489800,29247088.0000,0.671300,-1.441900
2024-05-27,11.5766875000,11.6160975000,11.1037675000,11.5766875000,3779501,43407496.4000,1.019000,1.118800
2024-05-28,11.5766875000,12.3648875000,11.2318500000,12.2762150000,11552676,140366468.6200,3.114700,6.042600
2024-05-29,12.0594600000,12.2072475000,11.8525575000,11.9806400000,10519763,128215825.5400,2.836200,-2.407700
2024-05-30,11.9806400000,12.3550350000,11.7343275000,12.0988700000,9316807,113730785.0100,2.511900,0.986800
2024-05-31,11.9510825000,12.5520850000,11.9018200000,12.4042975000,11408103,142072480.4800,3.075800,2.524400
2024-06-03,12.3353300000,12.5520850000,12.0791650000,12.2663625000,8504352,105846310.1100,2.292900,-1.112000
2024-06-04,12.1382800000,12.2565100000,11.5274250000,11.9116725000,8845367,105999633.9600,2.384800,-2.891600
2024-06-05,11.8230000000,12.0397550000,11.5471300000,11.5668350000,6445557,77072565.4100,1.737800,-2.895000
2024-06-06,11.7854599000,12.0140143500,11.0401736500,11.0699851000,7214113,82700198.1100,1.945000,-4.295500
2024-06-07,11.2190423500,11.5370311500,11.0600479500,11.2091052000,4978190,56357558.3000,1.342200,1.256700
2024-06-11,11.0898594000,11.7059627000,10.8613049500,11.6662141000,5476128,62567052.7800,1.476400,4.078000
2024-06-12,11.6860884000,11.8748942500,11.6463398000,11.7357741500,4616606,54689290.8200,1.244700,0.596300
2024-06-13,11.9146428500,12.1829459000,11.8252085000,11.8748942500,7518761,90858368.8600,2.027100,1.185400
2024-06-14,11.8748942500,12.0239515000,11.6463398000,11.9941400500,5107533,61098630.2300,1.377000,1.004200
2024-06-17,11.9345171500,12.2028202000,11.8351456500,12.0637001000,5069898,61663543.5800,1.366900,0.580000
2024-06-18,12.0438258000,12.3121288500,11.9742657500,12.2425688000,5771647,70946892.9000,1.556100,1.482700
2024-06-19,12.3220660000,12.3816889000,12.0338886500,12.1233230000,4648841,56923691.6600,1.253400,-0.974000
2024-06-20,12.1332601500,12.1531344500,11.8252085000,11.8550199500,4310749,51959531.2500,1.162200,-2.213100
2024-06-21,11.8252085000,11.9742657500,11.5072197000,11.8748942500,3652919,43342815.7300,0.984900,0.167600
2024-06-24,11.7258370000,11.8649571000,11.2289795000,11.2786652500,4438200,51427437.0000,1.196600,-5.020900
2024-06-25,11.2786652500,11.4376596500,10.7321220000,10.8414306500,5998118,66242840.8500,1.617200,-3.876700
2024-06-26,10.8613049500,11.5370311500,10.6923734000,11.4873454000,4886591,54619514.4700,1.317500,5.957800
2024-06-27,11.4774082500,11.5767797500,11.1892309000,11.2289795000,3392200,38883789.0000,0.914600,-2.249100
2024-06-28,11.2389166500,11.7755227500,10.9904879000,11.5072197000,4716700,54864374.5100,1.271700,2.477900
2024-07-01,11.5270940000,11.5966540500,11.1792937500,11.4575339500,3760941,43024958.5000,1.014000,-0.431800
2024-07-02,11.5270940000,11.6264655000,11.3283510000,11.4475968000,2562300,29619229.0000,0.690800,-0.086700
2024-07-03,11.5072197000,11.5270940000,11.1991680500,11.2886024000,2889517,32919701.3500,0.779000,-1.388900
2024-07-04,11.3283510000,11.3482253000,10.8215563500,10.8811792500,3087500,34323256.0000,0.832400,-3.609200
2024-07-05,10.9308650000,11.0600479500,10.6824362500,10.9507393000,2889631,31604057.6900,0.779100,0.639300
2024-07-08,10.9308650000,10.9308650000,10.5433161500,10.5930019000,2912497,31356929.1400,0.785200,-3.266800
2024-07-09,10.5930019000,11.1196708500,10.5135047000,11.0699851000,4985886,54323483.6000,1.344300,4.502800
2024-07-10,11.0501108000,11.1693566000,10.9408021500,10.9904879000,2513157,27987778.8500,0.677600,-0.718100
2024-07-11,11.1792937500,11.2687281000,11.0202993500,11.1892309000,3302386,37075077.9200,0.890400,1.808300
2024-07-12,11.1792937500,11.1792937500,11.0401736500,11.1097337000,2572000,28750687.0000,0.693400,-0.710500
2024-07-15,11.1097337000,11.1693566000,10.8314935000,10.8613049500,2807800,30934580.0000,0.757000,-2.236100
2024-07-16,10.8215563500,11.0202993500,10.6923734000,10.9408021500,2586699,28248696.0300,0.697400,0.731900
2024-07-17,10.9109907000,10.9606764500,10.5930019000,10.6128762000,2674298,28749875.6800,0.721000,-2.997300
2024-07-18,10.6029390500,10.6029390500,10.0862072500,10.2948874000,4832700,49824628.0000,1.303000,-2.996300
2024-07-19,10.2948874000,10.7519963000,10.1458301500,10.6327505000,3713100,39472216.0000,1.001100,3.281900
2024-07-22,10.6625619500,10.8215563500,10.5930019000,10.7917449000,2543700,27524872.0000,0.685800,1.495300
2024-07-23,10.7818077500,12.5208090000,10.5930019000,12.0835744000,20682984,238548148.1100,5.576400,11.970500
2024-07-24,11.5270940000,11.9245800000,11.1296080000,11.3482253000,18600332,214369754.8300,5.014900,-6.085500
2024-07-25,11.1693566000,11.5867169000,10.8513678000,11.4575339500,14803503,166856198.1800,3.991200,0.963200
2024-07-26,11.2289795000,11.3382881500,10.9706136000,11.1594194500,10706424,120496957.2300,2.886600,-2.601900
2024-07-29,11.0302365000,11.1395451500,10.8513678000,10.8712421000,7740467,85505410.0000,2.086900,-2.582400
2024-07-30,10.8116192000,10.9706136000,10.6327505000,10.9507393000,5898383,64284261.5400,1.590300,0.731300
2024-07-31,10.9209278500,11.3382881500,10.8613049500,11.2786652500,8153526,91720469.6900,2.198300,2.994600
2024-08-01,11.3283510000,11.6860884000,11.2289795000,11.4177853500,8880341,102376577.9100,2.394200,1.233500
2024-08-02,11.2985395500,11.4177853500,11.0302365000,11.0501108000,6038241,68205509.0400,1.628000,-3.220200
2024-08-05,10.8811792500,11.0799222500,10.3843217500,10.3942589000,7824610,84176436.8000,2.109600,-5.935300
2024-08-06,10.5830647500,10.7023105500,10.4141332000,10.5631904500,3958040,41890277.8000,1.067100,1.625200
2024-08-07,10.5930019000,11.0302365000,10.5731276000,10.8613049500,5775474,62990331.8200,1.557100,2.822200
2024-08-08,10.8016820500,10.8116192000,10.5333790000,10.6426876500,3785600,40611315.8400,1.020600,-2.012800
2024-08-09,10.6724991000,10.8911164000,10.6526248000,10.6526248000,2840300,30688935.0000,0.765800,0.093400
2024-08-12,10.6327505000,10.7122477000,10.5135047000,10.5930019000,2259500,24091897.0000,0.609200,-0.559700
2024-08-13,10.6824362500,10.8314935000,10.5333790000,10.8116192000,2778500,29872421.0000,0.749100,2.063800
2024-08-14,10.7718706000,10.9706136000,10.7321220000,10.8712421000,3534074,38728029.5200,0.984300,0.551500
2024-08-15,11.3879739000,13.0474779500,11.2886024000,13.0474779500,31743676,395129085.2400,8.841600,20.018300
2024-08-16,13.2164095000,13.3555296000,12.5009347000,12.6400548000,34718998,446377745.1400,9.670300,-3.122600
2024-08-19,12.3518774500,12.5009347000,12.1431973000,12.3717517500,17394533,215679300.2500,4.844900,-2.122600
2024-08-20,12.3021917000,12.6499919500,12.2525059500,12.3518774500,14134400,176725019.8600,3.936900,-0.160600
2024-08-21,12.2823174000,12.5307461500,12.2624431000,12.4214375000,12328427,153767447.6500,3.433900,0.563200
2024-08-22,12.3021917000,12.5704947500,12.2425688000,12.3021917000,9395118,116759271.2600,2.616800,-0.960000
2024-08-23,12.2624431000,12.6400548000,12.0140143500,12.4214375000,13513536,168474754.0400,3.763900,0.969300
2024-08-26,12.5804319000,12.5903690500,12.1730087500,12.4810604000,10712459,133596132.7700,2.983800,0.480000
2024-08-27,12.4015632000,12.4115003500,11.9345171500,12.0140143500,10230262,124715821.6000,2.849400,-3.742000
2024-08-28,12.0140143500,12.1829459000,11.8649571000,12.1431973000,6253000,75951115.0000,1.741700,1.075300
2024-08-29,12.0140143500,12.4115003500,11.9742657500,12.2723802500,6997857,86270836.7800,1.949100,1.063800
2024-08-30,12.2823174000,12.6599291000,12.2624431000,12.4909975500,11259397,141892520.6600,3.136100,1.781400
2024-09-02,12.5406833000,12.7891120500,12.2723802500,12.2823174000,9040000,113516180.0000,2.517900,-1.670600
2024-09-03,12.2326316500,12.5009347000,12.1730087500,12.4214375000,6840603,85215231.2000,1.905300,1.132700
2024-09-04,12.2425688000,12.4512489500,12.1332601500,12.2922545500,5567500,68873750.0000,1.550700,-1.040000
2024-09-05,12.2624431000,12.5903690500,12.2624431000,12.5009347000,7044404,88299854.6400,1.962100,1.697700
2024-09-06,12.4413118000,12.6798034000,12.3021917000,12.3816889000,7955000,99812795.0000,2.215700,-0.953900
2024-09-09,12.2226945000,12.3618146000,12.0438258000,12.2028202000,6100204,74729833.9200,1.699100,-1.444600
2024-09-10,12.2425688000,12.4413118000,11.9842029000,12.3816889000,5001800,61310927.0000,1.393200,1.465800
2024-09-11,12.4214375000,12.4214375000,12.1531344500,12.2525059500,4264300,52672351.0000,1.187700,-1.043300
2024-09-12,12.3419403000,12.4313746500,12.2425688000,12.2823174000,4350800,54101726.0000,1.211800,0.243300
2024-09-13,12.2624431000,12.6003062000,12.1730087500,12.2425688000,6621100,82563253.0000,1.844200,-0.323600
2024-09-18,12.1431973000,12.5009347000,12.0239515000,12.4115003500,6392100,79059554.0000,1.780400,1.379900
2024-09-19,12.4413118000,12.6798034000,12.2624431000,12.3518774500,8090000,101295981.0000,2.253300,-0.480400
2024-09-20,12.4512489500,12.6599291000,12.2823174000,12.4512489500,7526000,94232173.0000,2.096200,0.804500
2024-09-23,12.4214375000,13.9120100000,12.3717517500,13.3257181500,24950904,332294967.0700,6.949600,7.023100
2024-09-24,13.1766609000,15.1939023500,12.7195520000,13.9815700500,27736284,375370706.3000,7.725400,4.921700
2024-09-25,13.6834555500,14.2598102500,13.6635812500,13.7629527500,21204189,295921117.5700,5.906000,-1.563600
2024-09-26,13.7033298500,14.0312558000,13.5145240000,14.0213186500,15265502,213516253.9000,4.251900,1.877300
2024-09-27,14.2200616500,14.9852222000,13.9915072000,14.5976733500,20199238,293460808.9700,5.626100,4.110600
2024-09-30,15.1839652000,17.1614580500,14.8063535000,16.8534064000,28254719,453205072.6200,7.869800,15.452700
2024-10-08,20.0233572500,20.0631058500,17.8868700000,20.0631058500,36013863,692853465.6000,10.031000,19.044800
2024-10-09,18.8805850000,18.8805850000,16.7242234500,16.8335321000,28933978,520397878.0800,8.059000,-16.097100
2024-10-10,17.3105153000,17.5490069000,16.4757947000,16.5851033500,18400946,315301659.1700,5.125200,-1.475800
2024-10-11,16.4757947000,16.8931550000,15.5019540000,15.7603199000,15441250,248204074.2700,4.300900,-4.973000
2024-10-14,15.8994400000,16.6049776500,15.5516397500,16.5652290500,13480217,218891371.0600,3.754700,5.107200
2024-10-15,16.3168003000,16.9925265000,16.0783087000,16.1081201500,15251578,254879492.1600,4.248000,-2.759400
2024-10-16,15.7801942000,16.4360461000,15.7503827500,16.2671145500,10004069,162916197.2900,2.786400,0.987000
2024-10-17,16.3962975000,16.8633435500,16.2869888500,16.3068631500,11074900,184514764.0000,3.084700,0.244300
2024-10-18,16.2969260000,17.7378127500,15.9988115000,17.2807038500,17426502,298810336.6100,4.853800,5.972000
2024-10-21,17.4794468500,18.2545445500,17.3105153000,17.7874985000,20761190,372489059.5000,5.782600,2.932700
2024-10-22,17.5887555000,17.7874985000,16.9925265000,17.2210809500,14586826,254731768.8400,4.062900,-3.184400
2024-10-23,17.2409552500,17.5390697500,16.9527779000,17.0322751000,11457102,199215866.4800,3.191200,-1.096400
2024-10-24,16.9229664500,17.3105153000,16.7242234500,17.2310181000,10224817,175811842.3000,2.847900,1.166900
2024-10-25,17.2310181000,17.3303896000,16.7739092000,17.0322751000,12928054,221298715.4800,3.600900,-1.153400
2024-10-28,16.9627150500,17.0819608500,16.7639720500,16.9627150500,11348651,193211989.8100,3.161000,-0.408400
2024-10-29,16.9428407500,17.4794468500,16.8037206500,16.8633435500,16045464,277004340.7900,4.469200,-0.585800
2024-10-30,16.8633435500,17.2906410000,16.7043491500,16.9925265000,11941536,204033716.9700,3.326100,0.766100
2024-10-31,17.0223379500,17.2409552500,16.6546634000,17.1018351500,14955050,255945175.5900,4.165400,0.643300
2024-11-01,17.0918980000,17.0918980000,15.6112626500,15.6211998000,18324615,297412952.1700,5.104000,-8.657800
2024-11-04,15.7205713000,16.1379316000,15.5516397500,16.1379316000,8157533,131044319.3800,2.272100,3.307900
2024-11-05,16.1677430500,16.8534064000,16.0385601000,16.7937835000,11822166,196983779.0600,3.292800,4.064000
2024-11-06,16.7937835000,17.0322751000,16.5950405000,16.7937835000,12520258,212305548.1400,3.487300,0.000000
2024-11-07,16.7242234500,17.3204524500,16.6745377000,17.3005781500,12851028,221012633.6700,3.579400,3.017800
2024-11-08,17.4695097000,18.6520305500,17.4695097000,17.9166814500,23361475,424747092.7200,6.506900,3.561200
2024-11-11,17.8868700000,18.4532875500,17.7775613500,18.3837275000,20767113,379943986.7200,5.784300,2.606800
2024-11-12,19.0793280000,21.7027356000,18.1651102000,19.4867511500,42310100,827703485.8400,11.784700,6.000000
2024-11-13,20.0730430000,20.9177007500,19.3774425000,19.5960598000,36445575,733724647.0600,10.151200,0.560900
2024-11-14,18.7812135000,19.0296422500,17.6881270000,17.9564300500,28058006,518561433.8800,7.815000,-8.367100
2024-11-15,17.7676242000,18.3837275000,17.4198239500,17.4198239500,15783800,283627310.0000,4.396300,-2.988400
2024-11-18,17.4198239500,17.5887555000,16.2472402500,16.5254804500,15044548,252426761.0400,4.190400,-5.134100
2024-11-19,16.6745377000,17.0024636500,16.4559204000,16.9925265000,9491428,159884480.3600,2.643700,2.826200
2024-11-20,17.0124008000,17.4496354000,16.8434692500,17.3303896000,11045202,191153300.0100,3.076400,1.988300
2024-11-21,17.2210809500,17.3303896000,16.7739092000,17.0422122500,9213135,158427932.9200,2.566100,-1.662800
2024-11-22,17.0124008000,17.2409552500,16.0981830000,16.2074916500,10514523,176737416.7700,2.928600,-4.898000
2024-11-25,16.2969260000,16.3962975000,15.8398171000,16.2571774000,7168341,115866755.9100,1.996600,0.306600
2024-11-26,16.1876173500,16.6646005500,16.0286229500,16.0584344000,6028959,99082369.7500,1.679300,-1.222500
2024-11-27,15.9491257500,16.5950405000,15.6410741000,16.5652290500,8802715,142356606.1000,2.451800,3.155900
2024-11-28,16.5751662000,16.6447262500,16.2074916500,16.2770517000,6460600,106819277.0000,1.799500,-1.739700
2024-11-29,16.1578059000,16.8235949500,16.0087486500,16.5453547500,8275100,137221689.0000,2.304900,1.648400
2024-12-02,16.5751662000,16.9825893500,16.5354176000,16.8732807000,8486225,143662306.3000,2.363700,1.982000
2024-12-03,16.8335321000,16.9726522000,16.5354176000,16.7937835000,7477600,125884228.0000,2.082700,-0.471100
2024-12-04,16.9925265000,17.9862415000,16.6049776500,17.8371842500,24225321,424381358.0700,6.747500,6.213000
2024-12-05,17.6384412500,18.7116534500,17.4993211500,18.3936646500,25311681,461726435.3900,7.050100,3.119800
2024-12-06,18.4830990000,18.4830990000,17.7278756000,18.0359272500,16394857,296793738.8000,4.566500,-1.944900
2024-12-09,17.8173099500,17.9266186000,17.3303896000,17.5986926500,12343472,218903535.1100,3.438000,-2.424200
2024-12-10,17.9862415000,18.0856130000,17.5490069000,17.5887555000,13492900,242296899.3500,3.758200,-0.056500
2024-12-11,17.4893840000,17.9862415000,17.4893840000,17.7775613500,9376322,167719259.8000,2.611600,1.073400
2024-12-12,17.7775613500,17.9067443000,17.4098868000,17.7179384500,9955420,176717478.4000,2.772900,-0.335400
2024-12-13,17.5688812000,17.6285041000,17.1117723000,17.2608295500,10835576,188971107.1600,3.018000,-2.579900
2024-12-16,17.6881270000,17.8868700000,17.1316466000,17.3105153000,10106015,177866435.4200,2.814800,0.287900
2024-12-17,17.1713952000,17.7874985000,16.6546634000,16.7242234500,11163000,192792629.1000,3.109200,-3.386900
2024-12-18,16.6745377000,17.8769328500,16.4161718000,17.6483784000,17059157,298501986.5000,4.751500,5.525800
2024-12-19,17.3800753500,18.3837275000,17.3005781500,18.3638532000,27726920,504413651.5500,7.722800,4.054100
2024-12-20,18.2843560000,18.6818420000,17.9365557500,18.3340417500,22729014,419014861.7700,6.330700,-0.162300
2024-12-23,18.3837275000,18.5327847500,17.5788183500,17.6682527000,15558054,281286606.6800,4.333400,-3.631400
2024-12-24,17.7676242000,18.1949216500,17.3403267500,18.0955501500,16684300,299565352.0000,4.647100,2.418400
2024-12-25,18.0359272500,18.0955501500,17.2906410000,17.5887555000,12654315,224297264.1200,3.524600,-2.800700
2024-12-26,17.5291326000,18.4532875500,17.4297611000,18.3439789000,18561483,338971897.7300,5.170000,4.293800
2024-12-27,18.3439789000,18.8805850000,18.0458644000,18.4532875500,23472400,438101561.0200,6.537800,0.595900
2024-12-30,18.3439789000,18.8408364000,18.0458644000,18.5129104500,16997285,317034543.6000,4.734300,0.323100
2024-12-31,18.4334132500,19.3476310500,18.3340417500,19.2283852500,35388254,676219381.1500,9.856700,3.864700
2025-01-02,19.3774425000,20.4605918500,17.3999496500,17.5887555000,44672140,862009321.2500,12.442600,-8.527100
2025-01-03,17.2707667000,17.3900125000,15.3827082000,15.5118911500,32232288,524851706.3200,8.977700,-11.807900
2025-01-06,15.3032110000,15.4025825000,14.7268563000,14.8858507000,16262322,245810446.0600,4.529600,-4.035900
2025-01-07,14.9752850500,15.4125196500,14.8262278000,15.3926453500,14421840,219693373.2000,4.016900,3.404500
2025-01-08,15.2733995500,15.3429596000,14.3094960000,14.8759135500,16237938,242288671.6800,4.522800,-3.357000
2025-01-09,14.8162906500,15.2932738500,14.7467306000,14.9156621500,10983666,166292642.9400,3.059300,0.267200
2025-01-10,15.0448451000,15.4820797000,14.3591817500,14.3889932000,14364800,216274673.4600,4.001000,-3.531000
2025-01-13,14.0908787000,14.3989303500,13.7132670000,14.3293703000,9339600,132734215.0000,2.601400,-0.414400
2025-01-14,14.4287418000,15.6510112500,14.3591817500,15.6112626500,15254054,233514760.8800,4.248700,8.945900
2025-01-15,15.6311369500,16.0484972500,15.5317654500,15.6609484000,12087500,191726518.3000,3.366700,0.318300
2025-01-16,15.7503827500,16.1776802000,15.5417026000,15.7006970000,9822300,156211574.0000,2.735800,0.253800
2025-01-17,15.5715140500,16.0484972500,15.4820797000,15.8497542500,8830300,140290237.0000,2.459500,0.949400
2025-01-20,15.9988115000,16.1478687500,15.8298799500,15.9292514500,8290003,133325828.0200,2.309000,0.501600
2025-01-21,16.0286229500,16.2373031000,15.8199428000,16.1379316000,8273421,133333023.3000,2.304400,1.310000
2025-01-22,16.0981830000,16.2571774000,15.8795657000,15.9988115000,7221707,116799509.4200,2.011500,-0.862100
2025-01-23,16.1975545000,16.6447262500,16.0087486500,16.0186858000,10425712,171282051.7600,2.903900,0.124200
2025-01-24,15.9690000500,16.5851033500,15.9193143000,16.5453547500,9899154,162925957.1000,2.757200,3.287800
2025-01-27,16.7540349000,16.7540349000,15.9789372000,15.9888743500,8893800,145698623.0000,2.477200,-3.363400
2025-02-05,16.2969260000,16.5155433000,15.8994400000,16.2273659500,7969900,130535859.0000,2.219900,1.491600
2025-02-06,16.2472402500,17.3204524500,16.0584344000,17.2409552500,15309151,259104655.3400,4.264100,6.246200
2025-02-07,17.2508924000,17.6583155500,16.8931550000,17.1614580500,17752007,309301637.4700,4.944500,-0.461100
2025-02-10,17.3105153000,17.6086298000,17.1018351500,17.5390697500,12609920,220652157.3300,3.512300,2.200300
2025-02-11,17.1912695000,17.1912695000,16.5950405000,16.8633435500,15132900,256308607.0000,4.215000,-3.852700
2025-02-12,16.7838463500,17.0422122500,16.7440977500,16.9825893500,12348000,209980546.0000,3.439300,0.707100
2025-02-13,16.9527779000,16.9726522000,16.4360461000,16.4956690000,11645600,194677163.0000,3.243700,-2.867200
2025-02-14,16.4956690000,17.8669957000,16.2472402500,17.4595725500,25457800,440670648.3600,7.090800,5.843400
2025-02-17,17.3900125000,17.5788183500,17.1813323500,17.3800753500,19358400,339177568.8200,5.391900,-0.455300
2025-02-18,17.2707667000,17.7378127500,16.6745377000,16.7540349000,14878200,257324740.0000,4.144000,-3.602100
2025-02-19,16.7540349000,17.3800753500,16.7043491500,17.2707667000,14146101,243276962.3500,3.940100,3.084200
2025-02-20,17.2707667000,17.3701382000,17.0521494000,17.1813323500,11938806,206525925.2600,3.325300,-0.517800
2025-02-21,17.1614580500,18.0657387000,17.0521494000,17.9166814500,24052501,427149971.3800,6.699400,4.279900
2025-02-24,17.6384412500,17.7477499000,17.3403267500,17.6185669500,17302903,305484259.1300,4.819400,-1.663900
2025-02-25,17.1813323500,17.8272471000,17.0620865500,17.4794468500,13277607,232749774.8200,3.698200,-0.789600
2025-02-26,17.5887555000,17.9365557500,17.3502639000,17.9266186000,17098182,304199796.4700,4.762400,2.558300
2025-02-27,18.0856130000,18.7613392000,17.4893840000,18.4731618500,34632534,632317814.9600,9.646200,3.048800
2025-02-28,18.6818420000,18.7215906000,17.1018351500,17.2210809500,27729926,493187470.6400,7.723600,-6.777800
2025-03-03,18.1054873000,18.6619677000,17.0620865500,17.3602010500,28261028,508977104.8700,7.871600,0.807800
2025-03-04,16.5552919000,20.8282664000,16.4062346500,20.8282664000,55592547,1078121464.2100,15.484300,19.977100
2025-03-05,23.3125539000,24.9919322500,22.7063877500,24.2565831500,107191901,2593769950.8600,29.856300,16.459900
2025-03-06,24.8428750000,25.1211152000,23.4715483000,23.7100399000,92101775,2226708617.3900,25.653200,-2.253200
2025-03-07,23.7299142000,24.1770859500,22.1200959000,22.3784618000,70856518,1655153860.2100,19.735700,-5.616100
2025-03-10,22.4678961500,22.8554450000,21.8816043000,22.4082732500,46648357,1050491549.4100,12.993000,0.133200
2025-03-11,21.6629870000,22.7461363500,21.6133012500,22.0207244000,35750422,790131133.9600,9.957600,-1.729500
2025-03-12,21.8816043000,22.4778333000,21.7226099000,21.7424842000,38538215,855867506.3500,10.734100,-1.263500
2025-03-13,21.4741811500,21.7325470500,20.4208432500,20.9077636000,35713960,750979453.0100,9.947400,-3.839100
2025-03-14,20.7686435000,21.1561923500,20.5301519000,21.0667580000,22059943,464301148.4100,6.144400,0.760500
2025-03-17,21.0468837000,21.4642440000,20.8779521500,21.0766951500,22101532,471509719.5600,6.156000,0.047200
2025-03-18,21.2158152500,21.4642440000,20.7487692000,20.8978264500,19652332,415799231.5100,5.473800,-0.848700
2025-03-19,20.6692720000,21.1661295000,20.6195862500,20.8083921000,16778034,352253866.4400,4.673200,-0.428000
2025-03-20,20.6692720000,21.7226099000,20.5798376500,21.2058781000,31786974,679123079.2900,8.853700,1.910200
2025-03-21,20.9673865000,20.9673865000,19.5861226500,19.6954313000,28919086,586147702.9700,8.054900,-7.122800
2025-03-24,19.6656198500,19.9438600500,18.5228476000,19.1588252000,20224313,389238946.2000,5.633100,-2.724500
2025-03-25,19.0793280000,19.1786995000,18.6719048500,18.8308992500,11254126,214055044.3700,3.134600,-1.711600
2025-03-26,18.8308992500,19.2482595500,18.7514020500,18.9203336000,12425004,237780565.4800,3.460800,0.474900
2025-03-27,18.9203336000,19.3476310500,18.7514020500,18.8308992500,14199000,272245151.0000,3.954900,-0.472700
2025-03-28,18.7712763500,19.2581967000,18.6818420000,18.7017163000,11301500,215070585.0000,3.147800,-0.686000
2025-03-31,18.1551730500,18.5824705000,17.9166814500,18.4234761000,13264800,242719462.7900,3.262900,-1.487800
2025-04-01,18.4135389500,18.5725333500,18.0558015500,18.0756758500,9961494,183160109.8600,2.450300,-1.887800
2025-04-02,18.2147959500,18.6917791500,18.1551730500,18.4532875500,13120060,244284383.8200,3.227300,2.089100
2025-04-03,18.1949216500,18.6122819500,17.9365557500,18.0458644000,10578134,194200036.5200,2.602000,-2.207900
2025-04-07,16.5950405000,16.9825893500,14.4386789500,14.4386789500,21019905,325703180.1400,5.170500,-19.989000
2025-04-08,14.6175476500,15.3827082000,14.4386789500,14.9554107500,19026186,285794219.6800,4.680100,3.578800
2025-04-09,14.6076105000,15.7801942000,13.7033298500,15.6311369500,21232819,320522594.4000,5.222800,4.518300
2025-04-10,16.3962975000,16.6745377000,15.9193143000,15.9491257500,18860500,308949413.9700,4.639300,2.034300
2025-04-11,15.8000685000,17.3403267500,15.6510112500,16.7639720500,26790635,450048894.4700,6.590000,5.109000
2025-04-14,17.0124008000,17.2310181000,16.6546634000,16.7639720500,18468715,313871770.6000,4.542900,0.000000
2025-04-15,16.6844748500,16.8633435500,16.4757947000,16.7242234500,9683988,162124921.5600,2.382100,-0.237100
2025-04-16,16.6049776500,16.7043491500,16.0981830000,16.3565489000,9623000,158848201.9600,2.367100,-2.198500
2025-04-17,16.2074916500,16.7142863000,16.2074916500,16.3962975000,10058206,167563127.8100,2.474100,0.243000
2025-04-18,16.3068631500,16.4757947000,16.1776802000,16.3466117500,7985456,131294437.9200,1.964300,-0.303000
2025-04-21,16.4956690000,16.7341606000,16.3168003000,16.7043491500,8966200,149731142.0000,2.205500,2.188400
2025-04-22,16.6049776500,16.8633435500,16.5056061500,16.7043491500,9268100,155654747.0000,2.279800,0.000000
2025-04-23,16.9130293000,16.9229664500,16.6546634000,16.8335321000,10217700,172875261.0000,2.513300,0.773300
2025-04-24,16.7838463500,16.7937835000,16.3267374500,16.4559204000,9757000,162314185.0000,2.400000,-2.243200
2025-04-25,16.2869888500,16.3466117500,15.8795657000,16.1279944500,10762615,174538437.4500,2.647400,-1.992800
2025-04-28,16.0981830000,16.3168003000,15.8696285500,16.0385601000,6619200,106892114.0000,1.628200,-0.554500
2025-04-29,15.9789372000,16.2273659500,15.8696285500,16.0981830000,4795510,77772019.0800,1.179600,0.371700
2025-04-30,16.1975545000,16.5254804500,16.1279944500,16.3565489000,7012900,115703850.0000,1.725000,1.604900
2025-05-06,16.5652290500,17.0521494000,16.4956690000,17.0223379500,10631871,180037538.1400,2.615200,4.070500
2025-05-07,17.2608295500,17.3502639000,16.7639720500,16.9527779000,10254615,175867162.2500,2.522400,-0.408600
2025-05-08,16.9329036000,17.5390697500,16.8931550000,17.4098868000,13345381,232593905.4900,3.282700,2.696400
2025-05-09,17.4893840000,17.6483784000,17.0918980000,17.1316466000,13695122,238505476.4800,3.368700,-1.598200
2025-05-12,17.2707667000,17.5390697500,17.2310181000,17.4396982500,9798400,171525341.0000,2.410200,1.798100
2025-05-13,17.6285041000,17.6682527000,17.1316466000,17.2409552500,9202000,160787676.0000,2.263500,-1.139600
2025-05-14,17.2409552500,17.3701382000,16.9825893500,17.1117723000,8132601,140505230.6800,2.000500,-0.749300
2025-05-15,17.0918980000,17.1415837500,16.6447262500,16.6944120000,7582800,128399184.0000,1.865200,-2.439000
2025-05-16,16.6844748500,16.8931550000,16.6248519500,16.6745377000,5866673,98944233.0900,1.443100,-0.119000
2025-05-19,16.6844748500,17.0521494000,16.4459832500,16.7739092000,8030410,135488604.2000,1.975300,0.595900
2025-05-20,16.7142863000,16.9229664500,16.5652290500,16.9130293000,7661800,129559878.0000,1.884600,0.829400
2025-05-21,16.8931550000,16.8931550000,16.3962975000,16.4261089500,9220600,153418405.0000,2.268100,-2.879000
2025-05-22,16.3466117500,16.6248519500,16.1876173500,16.2472402500,5662900,93312052.0000,1.393000,-1.088900
2025-05-23,16.2671145500,16.3466117500,15.8696285500,15.8994400000,6786422,109842129.5800,1.669300,-2.140700
2025-05-26,15.9391886000,16.2273659500,15.8994400000,16.1279944500,4534810,73238028.7800,1.115500,1.437500
2025-05-27,16.0981830000,16.0981830000,15.8497542500,15.9193143000,4645900,74507764.0000,1.142800,-1.293900
2025-05-28,15.9292514500,16.0186858000,15.7305084500,15.8100056500,4633056,73882128.2800,1.139600,-0.686600
2025-05-29,15.8800000000,16.3400000000,15.8100000000,16.2800000000,7413782,119680403.7600,1.823600,2.972800
2025-05-30,16.2100000000,16.2800000000,15.7900000000,15.8100000000,6851100,109033290.0000,1.685200,-2.887000
2025-06-03,15.7600000000,16.0200000000,15.6700000000,15.8000000000,4862000,77230741.0000,1.196000,-0.063300
2025-06-04,15.8500000000,15.9400000000,15.7700000000,15.8900000000,4464700,70875440.0000,1.098200,0.569600
2025-06-05,15.9500000000,16.4400000000,15.9000000000,16.3800000000,10401500,168610823.0000,2.558600,3.083700
2025-06-06,16.3000000000,16.3800000000,16.1400000000,16.2700000000,6193230,100657780.9400,1.523400,-0.671600
2025-06-09,16.2600000000,16.4800000000,16.2300000000,16.4000000000,6795756,111106384.0400,1.671600,0.799000
2025-06-10,16.3800000000,16.4200000000,15.8700000000,16.0600000000,7720800,124351044.3100,1.899200,-2.073200
2025-06-11,16.0600000000,16.2300000000,15.9900000000,16.0600000000,4764100,76820374.0000,1.171900,0.000000
2025-06-12,16.0100000000,16.2400000000,15.9200000000,15.9900000000,4863100,78226745.0000,1.196200,-0.435900
2025-06-13,15.9000000000,15.9900000000,15.6000000000,15.6200000000,6978910,109849656.7200,1.716700,-2.313900
2025-06-16,15.5600000000,15.8800000000,15.5400000000,15.8600000000,4338510,68560755.0200,1.067200,1.536500
2025-06-17,15.8600000000,16.2400000000,15.7800000000,16.1200000000,6539602,104822206.7200,1.608600,1.639300
2025-06-18,16.1200000000,16.2900000000,16.0000000000,16.2600000000,6298700,101766848.0000,1.549400,0.868500
2025-06-19,16.2500000000,16.3200000000,15.7700000000,15.8000000000,6701400,107410290.0000,1.648400,-2.829000
2025-06-20,15.8500000000,15.9700000000,15.4600000000,15.4800000000,6356798,99365082.0000,1.563600,-2.025300
2025-06-23,15.3300000000,15.9200000000,15.3000000000,15.8700000000,5403464,84925914.7200,1.329100,2.519400
2025-06-24,15.9100000000,16.3200000000,15.8700000000,16.3000000000,7351364,119071335.7200,1.808300,2.709500
2025-06-25,16.2800000000,16.5100000000,16.2200000000,16.4700000000,7935266,129835295.7800,1.951900,1.042900
2025-06-26,16.4700000000,16.5900000000,16.3400000000,16.3700000000,7121230,117166127.7400,1.751700,-0.607200
2025-06-27,16.4900000000,16.9200000000,16.4100000000,16.6800000000,11763600,196532987.0000,2.893600,1.893700
2025-06-30,16.7000000000,16.8400000000,16.6800000000,16.8100000000,8030354,134624028.7400,1.975300,0.779400
2025-07-01,16.8300000000,17.2000000000,16.6900000000,16.8600000000,10516564,178039274.0800,2.586900,0.297400
2025-07-02,16.7700000000,16.8200000000,16.4700000000,16.6000000000,7978600,132383991.0000,1.962600,-1.542100
2025-07-03,16.6000000000,16.9800000000,16.5800000000,16.7800000000,7505592,125980389.2100,1.846200,1.084300
2025-07-04,16.7500000000,16.8000000000,16.5100000000,16.5900000000,6656100,110717945.0000,1.637300,-1.132300
2025-07-07,16.5600000000,16.8400000000,16.4200000000,16.7000000000,5467900,90876023.0000,1.345000,0.663100
2025-07-08,16.6900000000,16.9500000000,16.6400000000,16.9400000000,7339610,123841197.8000,1.805400,1.437100
2025-07-09,16.9600000000,17.1800000000,16.7900000000,17.0600000000,11355300,192764507.0000,2.793200,0.708400
2025-07-10,17.0000000000,17.0300000000,16.7700000000,16.9100000000,6673210,112730619.1000,1.641500,-0.879200
2025-07-11,16.9300000000,17.0200000000,16.7500000000,16.9600000000,7329324,123998083.3200,1.802900,0.295700
2025-07-14,16.9300000000,16.9600000000,16.8000000000,16.9000000000,5186000,87495206.0000,1.275700,-0.353800
2025-07-15,16.9500000000,17.1200000000,16.7600000000,17.0400000000,8768100,148615071.0000,2.156800,0.828400
2025-07-16,17.0000000000,17.2400000000,16.9300000000,16.9600000000,8039200,137322601.0000,1.977500,-0.469500
2025-07-17,16.9600000000,17.4500000000,16.8700000000,17.2000000000,10081964,172973010.7200,2.480000,1.415100
2025-07-18,17.5800000000,17.7100000000,17.1500000000,17.2300000000,12471500,216418736.9100,3.067700,0.174400
2025-07-21,17.3600000000,17.5600000000,17.2700000000,17.4200000000,10225139,177943315.2800,2.515200,1.102700
2025-07-22,17.3600000000,17.4800000000,17.2600000000,17.4400000000,8552400,148541864.0000,2.103700,0.114800
2025-07-23,17.4200000000,17.5000000000,17.1500000000,17.1900000000,8984338,155800026.2200,2.210000,-1.433500
2025-07-24,17.1900000000,17.4200000000,17.1600000000,17.4000000000,7720912,133627218.3800,1.899200,1.221600
2025-07-25,17.4000000000,17.4700000000,17.2800000000,17.3900000000,7537166,130882775.6300,1.854000,-0.057500
2025-07-28,17.3900000000,17.4700000000,17.2800000000,17.4500000000,7132098,124155698.4200,1.754400,0.345000
2025-07-29,17.4500000000,17.5400000000,17.2900000000,17.5400000000,7502000,130696342.0000,1.845300,0.515800
2025-07-30,17.5100000000,17.5600000000,17.1600000000,17.3000000000,8077727,140458589.2000,1.987000,-1.368300
2025-07-31,17.2700000000,17.5800000000,17.0800000000,17.1300000000,8939751,155267715.0800,2.199000,-0.982700
2025-08-01,17.1200000000,17.3200000000,17.0300000000,17.2400000000,6840666,117582913.5800,1.682700,0.642100
2025-08-04,17.1500000000,17.4300000000,17.1000000000,17.4200000000,6511805,112669838.2000,1.601800,1.044100
2025-08-05,17.4600000000,17.6500000000,17.4100000000,17.5700000000,9240700,162102334.0000,2.273000,0.861100
2025-08-06,17.5900000000,17.8800000000,17.5000000000,17.8400000000,9537879,169318815.8300,2.346100,1.536700
2025-08-07,17.8200000000,17.9300000000,17.6500000000,17.8000000000,8602370,153115976.2700,2.116000,-0.224200
2025-08-08,17.7200000000,17.8000000000,17.4900000000,17.5300000000,6395566,112462101.6600,1.573200,-1.516900
2025-08-11,17.5100000000,17.9200000000,17.4900000000,17.9000000000,7673400,136268138.0000,1.887500,2.110700
2025-08-12,17.9000000000,18.2300000000,17.7300000000,18.2100000000,11337200,204214735.0000,2.788700,1.731800
2025-08-13,18.1800000000,18.2500000000,17.9400000000,18.0800000000,9260054,167372090.1800,2.277800,-0.713900
2025-08-14,18.0400000000,18.1900000000,17.7200000000,17.7600000000,9551700,171548287.0000,2.349500,-1.769900
2025-08-15,17.7500000000,17.9900000000,17.7200000000,17.8900000000,7976029,142710214.7300,1.961900,0.732000
2025-08-18,17.6700000000,17.9700000000,17.3000000000,17.8700000000,17974836,318541353.0200,4.421500,-0.111800
2025-08-19,17.7800000000,17.9300000000,17.5800000000,17.7600000000,12995842,230847857.7400,3.196700,-0.615600
2025-08-20,17.7200000000,18.4000000000,17.4700000000,18.3800000000,20341437,365500297.3900,5.003600,3.491000
2025-08-21,18.3800000000,18.3900000000,17.9200000000,18.0300000000,14925171,270731608.1600,3.671300,-1.904200
2025-08-22,18.0300000000,18.2700000000,18.0300000000,18.2100000000,15292463,278114845.6300,3.761600,0.998300
2025-08-25,18.4300000000,18.5400000000,18.0500000000,18.2900000000,17171652,314034337.1700,4.223900,0.439300
2025-08-26,18.2100000000,18.4200000000,18.0800000000,18.2600000000,12507024,228949880.6500,3.076500,-0.164000
2025-08-27,18.2000000000,19.0500000000,18.1000000000,18.1800000000,24783439,460746450.1800,6.096200,-0.438100
2025-08-28,18.1500000000,18.6900000000,17.6900000000,18.6900000000,22979324,420390559.4200,5.652500,2.805300
2025-08-29,18.6000000000,18.6600000000,17.9900000000,18.0500000000,17300285,314807153.5700,4.255500,-3.424300
2025-09-01,18.6000000000,19.6600000000,18.5000000000,18.9500000000,31982792,604479516.6600,7.867100,4.986100
2025-09-02,18.8400000000,18.9000000000,17.8600000000,18.0900000000,23560641,428742560.4900,5.795400,-4.538300
2025-09-03,18.1500000000,18.1500000000,17.2700000000,17.4000000000,16536657,291940676.7900,4.067700,-3.814300
2025-09-04,17.4500000000,17.5900000000,16.7000000000,16.9100000000,13449102,230882219.3200,3.308200,-2.816100
2025-09-05,16.9300000000,17.2100000000,16.7600000000,17.2100000000,9299252,158166236.0400,2.287400,1.774100
2025-09-08,17.1300000000,17.2400000000,16.8800000000,17.1500000000,9290523,158485238.4300,2.285300,-0.348600
2025-09-09,17.1500000000,17.1500000000,16.6100000000,16.6500000000,9240513,155571996.8800,2.273000,-2.915500
2025-09-10,16.8000000000,17.0400000000,16.5800000000,16.6500000000,6622096,110810389.1600,1.628900,0.000000
2025-09-11,16.6200000000,17.1000000000,16.4400000000,17.0600000000,9991522,168330186.3200,2.457700,2.462500
2025-09-12,17.0000000000,17.3200000000,16.9300000000,17.1600000000,9757831,167268624.8000,2.400200,0.586200
2025-09-15,17.3600000000,17.4800000000,17.0000000000,17.0400000000,8518906,146177311.4600,2.095500,-0.699300
2025-09-16,16.9300000000,17.3000000000,16.9000000000,17.2500000000,7972103,136442202.7000,1.961000,1.232400
2025-09-17,17.1500000000,17.6700000000,17.1200000000,17.5100000000,11251587,195545179.7400,2.767700,1.507200
2025-09-18,17.4000000000,17.9900000000,17.1500000000,17.3500000000,14856911,261038894.5900,3.654500,-0.913800
2025-09-19,17.2400000000,17.8200000000,17.2400000000,17.4500000000,11517360,202595773.9100,2.833000,0.576400
2025-09-22,17.5600000000,17.6900000000,17.3200000000,17.6200000000,10806077,189648198.1300,2.658100,0.974200
2025-09-23,17.5800000000,17.6600000000,16.6000000000,17.0900000000,12880264,219397993.0900,3.168300,-3.007900
2025-09-24,17.2600000000,18.2800000000,17.2300000000,18.1500000000,26378558,473426527.9000,6.488600,6.202500
2025-09-25,18.0500000000,18.2100000000,17.8500000000,17.8800000000,16607361,298500752.2400,4.085100,-1.487600
2025-09-26,17.7100000000,17.8900000000,17.3600000000,17.3700000000,10978762,192989877.4300,2.700600,-2.852300
2025-09-29,17.3600000000,17.4600000000,17.0300000000,17.1600000000,10209521,174983588.8100,2.511300,-1.209000
2025-09-30,17.1800000000,17.4200000000,17.1000000000,17.1000000000,8101879,139471066.0500,1.992900,-0.349700
2025-10-09,17.2000000000,17.6400000000,17.1600000000,17.4400000000,11083993,193077904.5600,2.726400,1.988300
2025-10-10,17.3200000000,17.3500000000,16.7000000000,16.7500000000,12356287,208807755.7700,3.039400,-3.956400
2025-10-13,16.1200000000,16.5000000000,15.8900000000,16.4000000000,9525689,155311384.3000,2.343100,-2.089600
2025-10-14,16.4100000000,16.6500000000,15.9100000000,15.9600000000,9790672,158958091.0900,2.408300,-2.682900
2025-10-15,16.0000000000,16.1900000000,15.8300000000,16.1800000000,5499745,88235900.3400,1.352800,1.378400
2025-10-16,16.0300000000,16.0500000000,15.6600000000,15.7500000000,8416722,133224533.7200,2.070300,-2.657600
2025-10-17,15.7100000000,15.8100000000,15.1200000000,15.1400000000,7707282,118813694.8300,1.895800,-3.873000
2025-10-20,15.3600000000,15.4300000000,15.1600000000,15.2800000000,4425914,67702757.9800,1.088700,0.924700
2025-10-21,15.2800000000,15.4700000000,15.2200000000,15.4400000000,4492790,69179694.6200,1.105100,1.047100
2025-10-22,15.3800000000,15.5800000000,15.2600000000,15.5000000000,4416900,68243921.0000,1.086500,0.388600
2025-10-23,15.4700000000,15.6000000000,15.2800000000,15.5700000000,4208528,64761091.2100,1.035200,0.451600
2025-10-24,15.5200000000,15.9000000000,15.5200000000,15.8300000000,5963504,94155952.0900,1.466900,1.669900
2025-10-27,15.7500000000,15.7900000000,15.3700000000,15.5900000000,8469793,131766295.7000,2.083400,-1.516100
2025-10-28,15.4400000000,15.6000000000,15.3800000000,15.4500000000,4933280,76407613.7900,1.213500,-0.898000
2025-10-29,15.4600000000,15.4600000000,15.2100000000,15.2800000000,5708866,87274412.1600,1.404300,-1.100300
2025-10-30,15.2700000000,15.4300000000,15.1200000000,15.1900000000,5567105,84925247.1500,1.369400,-0.589000
2025-10-31,15.1900000000,15.4800000000,15.1100000000,15.3800000000,5447940,83817195.4000,1.340100,1.250800
2025-11-03,15.4800000000,15.7200000000,15.2900000000,15.6500000000,6037971,93658906.4400,1.485200,1.755500
2025-11-04,15.6500000000,15.8000000000,15.4500000000,15.5700000000,5092951,79601521.0900,1.252800,-0.511200
2025-11-05,15.4200000000,16.2000000000,15.4000000000,16.0100000000,11460425,182275617.5800,2.819000,2.825900
2025-11-06,16.0500000000,16.1000000000,15.8800000000,15.9000000000,6141600,98078231.4700,1.510700,-0.687100
2025-11-07,16.0000000000,16.0000000000,15.6900000000,15.7000000000,4361800,68693552.5800,1.072900,-1.257900
2025-11-10,15.6600000000,15.9000000000,15.6600000000,15.8400000000,4421302,70011254.1400,1.087600,0.891700
2025-11-11,15.9000000000,16.2400000000,15.9000000000,15.9300000000,5379695,86226367.3500,1.323300,0.568200
2025-11-12,15.9600000000,16.2900000000,15.7800000000,16.0200000000,7203700,115702213.0000,1.772000,0.565000
2025-11-13,16.0900000000,16.1800000000,15.8900000000,16.0000000000,4868600,77849161.0000,1.197600,-0.124800
2025-11-14,15.9900000000,16.5000000000,15.9000000000,16.0500000000,8712757,141623987.9500,2.143200,0.312500
2025-11-17,16.0000000000,16.1400000000,15.8600000000,16.1300000000,4717739,75665006.3900,1.160500,0.498400
2025-11-18,16.1500000000,16.1600000000,15.9600000000,16.0400000000,4511300,72306079.0000,1.109700,-0.558000
2025-11-19,16.0400000000,16.0800000000,15.7000000000,15.7500000000,4133447,65428133.2500,1.016700,-1.808000
2025-11-20,15.8400000000,15.9500000000,15.6200000000,15.8100000000,3502000,55341997.0000,0.861400,0.381000
2025-11-21,15.6900000000,15.8600000000,15.1800000000,15.2200000000,5487400,84802129.8600,1.349800,-3.731800
2025-11-24,15.3000000000,15.6500000000,15.3000000000,15.5500000000,4646820,71947753.5000,1.143000,2.168200
2025-11-25,15.6000000000,15.9000000000,15.5700000000,15.7200000000,3782297,59670183.9000,0.930400,1.093200
2025-11-26,15.7200000000,15.8300000000,15.4500000000,15.4900000000,3959308,61841048.3600,0.973900,-1.463100
2025-11-27,15.5800000000,15.6600000000,15.4400000000,15.4600000000,3277197,50999720.6900,0.806100,-0.193700
2025-11-28,15.5000000000,15.6000000000,15.3400000000,15.5800000000,3066500,47367729.0000,0.754300,0.776200
2025-12-01,15.5700000000,15.8800000000,15.4800000000,15.8400000000,4714500,74241192.0000,1.159700,1.668800
2025-12-02,15.8300000000,15.8700000000,15.6000000000,15.6300000000,2848125,44627418.0000,0.700600,-1.325800
2025-12-03,15.6800000000,15.6900000000,15.2100000000,15.2900000000,4715667,72490782.5300,1.160000,-2.175300
2025-12-04,15.3000000000,15.3100000000,14.8300000000,15.0700000000,4407464,66201209.2600,1.084100,-1.438800
2025-12-05,15.0800000000,15.4400000000,14.9200000000,15.3800000000,4000000,60772753.0000,0.983900,2.057100
2025-12-08,15.3900000000,15.5900000000,15.3000000000,15.4600000000,4209134,65281910.7000,1.035400,0.520200
2025-12-09,15.4500000000,15.4800000000,15.0300000000,15.0500000000,4033600,61519549.7500,0.992200,-2.652000
2025-12-10,15.2300000000,15.2300000000,14.9000000000,14.9600000000,4122600,61811867.0000,1.014100,-0.598000
2025-12-11,15.0000000000,15.2800000000,14.8100000000,14.9000000000,5093737,76344419.0400,1.253000,-0.401100
2025-12-12,14.8800000000,14.9900000000,14.6600000000,14.7200000000,6817199,100996298.0800,1.676900,-1.208100
2025-12-15,14.6700000000,14.8300000000,14.4500000000,14.6300000000,3480705,50991524.0300,0.856200,-0.611400
2025-12-16,14.5800000000,14.6800000000,14.3800000000,14.5200000000,3679916,53272553.2900,0.905200,-0.751900
2025-12-17,14.4500000000,14.6200000000,14.1600000000,14.5300000000,4771000,68715392.0000,1.173600,0.068900
2025-12-18,14.4300000000,14.8000000000,14.4100000000,14.6000000000,3720249,54506585.7200,0.915100,0.481800
2025-12-19,14.6000000000,14.7900000000,14.6000000000,14.6700000000,2875100,42273998.3700,0.707200,0.479500
2025-12-22,14.7000000000,14.8000000000,14.6400000000,14.6900000000,2613361,38493555.0400,0.642800,0.136300
2025-12-23,14.6900000000,14.7000000000,14.3500000000,14.4100000000,3610500,52354797.0000,0.888100,-1.906100
2025-12-24,14.3800000000,14.8200000000,14.3700000000,14.7500000000,3956400,58153968.0000,0.973200,2.359500
2025-12-25,14.7900000000,14.9800000000,14.6800000000,14.8800000000,3402100,50367947.0000,0.836800,0.881400
2025-12-26,14.7800000000,14.9500000000,14.7000000000,14.7700000000,3137400,46525796.8800,0.771700,-0.739200
2025-12-29,14.7000000000,14.8100000000,14.6200000000,14.6400000000,3031500,44550462.2200,0.745700,-0.880200
2025-12-30,14.6400000000,14.9500000000,14.6200000000,14.7500000000,3975120,58831754.0000,0.977800,0.751400
2025-12-31,14.9900000000,15.0600000000,14.7300000000,14.8300000000,5034603,74702753.3700,1.238400,0.542400
2026-01-05,14.9500000000,15.3200000000,14.8900000000,15.2100000000,6792608,103095053.8500,1.670800,2.562400
2026-01-06,15.3000000000,15.3500000000,15.1100000000,15.3400000000,6907702,105399169.3100,1.699200,0.854700
2026-01-07,15.3000000000,15.3600000000,15.1200000000,15.1300000000,5505227,83689132.9400,1.354200,-1.369000
2026-01-08,15.1100000000,15.3400000000,15.0600000000,15.2600000000,5719602,87308352.5200,1.406900,0.859200
2026-01-09,15.2600000000,15.5700000000,15.1900000000,15.5700000000,7060983,108800536.4300,1.736900,2.031500
2026-01-12,15.5700000000,16.1500000000,15.5700000000,16.1000000000,12930717,206257112.9500,3.180700,3.404000
2026-01-13,16.0900000000,16.1100000000,15.6800000000,15.7400000000,9267559,146724254.9800,2.279600,-2.236000
2026-01-14,15.8600000000,16.1500000000,15.6800000000,15.9400000000,11923910,189941962.2200,2.933000,1.270600
2026-01-15,15.7200000000,15.9100000000,15.6500000000,15.7600000000,6406771,100811520.0000,1.575900,-1.129200
2026-01-16,15.9900000000,16.2400000000,15.7800000000,15.8600000000,8919547,142299192.7700,2.194000,0.634500
2026-01-19,15.8100000000,16.0100000000,15.6300000000,15.8500000000,6323491,100409683.3000,1.555500,-0.063100
2026-01-20,15.8300000000,16.2200000000,15.7800000000,15.9200000000,9044000,144526256.0000,2.224600,0.441600
2026-01-21,15.8200000000,16.0600000000,15.7800000000,15.8800000000,6955731,110831746.6900,1.711000,-0.251300
2026-01-22,15.9400000000,16.3100000000,15.9000000000,16.2800000000,10581465,170911377.0500,2.602800,2.518900
2026-01-23,16.3500000000,17.1200000000,16.3100000000,16.6800000000,17958735,301406602.6700,4.417500,2.457000
2026-01-26,16.5200000000,16.6500000000,15.9600000000,16.2000000000,14301000,231970071.0000,3.517800,-2.877700
2026-01-27,16.1000000000,16.2100000000,15.6000000000,16.1100000000,12116069,192382639.8700,2.980300,-0.555600
2026-01-28,16.2000000000,16.3800000000,15.9700000000,15.9900000000,8066209,130554811.2500,1.984100,-0.744900
2026-01-29,15.9300000000,16.2500000000,15.6100000000,15.7000000000,9460200,150386205.2000,2.327000,-1.813600
2026-01-30,15.7000000000,16.3000000000,15.5700000000,16.1100000000,15659684,251139292.2200,3.852000,2.611500
2026-02-02,16.0100000000,16.2300000000,15.7900000000,15.7900000000,9159300,147140191.0000,2.253000,-1.986300
2026-02-03,15.9700000000,16.2700000000,15.9200000000,16.2700000000,7781431,125584279.5700,1.914100,3.039900
2026-02-04,16.1800000000,16.1800000000,15.8600000000,15.9800000000,7218300,115573011.0000,1.775600,-1.782400
2026-02-05,15.8700000000,15.9600000000,15.7600000000,15.7800000000,4797760,75899730.4600,1.180200,-1.251600
2026-02-06,15.6000000000,15.9500000000,15.4800000000,15.7300000000,6192356,97828971.4000,1.523200,-0.316900
2026-02-09,16.0000000000,16.1800000000,15.8900000000,16.1500000000,6091631,98057442.8000,1.498400,2.670100
2026-02-10,16.1400000000,16.4200000000,16.0800000000,16.2600000000,6463072,105292655.6200,1.589800,0.681100
2026-02-11,16.2700000000,16.4500000000,16.1100000000,16.1500000000,4088000,66296835.0000,1.005600,-0.676500
2026-02-12,16.1600000000,16.3800000000,16.0900000000,16.3100000000,5140056,83623324.0800,1.264400,0.990700
2026-02-13,16.1900000000,16.3800000000,16.1400000000,16.1400000000,4406311,71628574.9700,1.083900,-1.042300
2026-02-24,16.3000000000,16.3700000000,16.1200000000,16.2100000000,5187398,84380525.7000,1.276000,0.433700
2026-02-25,16.2400000000,16.3100000000,16.0900000000,16.1500000000,5448614,88218457.1400,1.340300,-0.370100
2026-02-26,16.1500000000,16.4000000000,16.1000000000,16.3700000000,6480125,105566478.6700,1.594000,1.362200
2026-02-27,16.3100000000,16.5600000000,16.1900000000,16.4600000000,7070196,115632316.1000,1.739100,0.549800
2026-03-02,16.1800000000,16.3500000000,15.7300000000,15.8000000000,8849053,141258402.5800,2.176700,-4.009700
2026-03-03,15.8500000000,16.0500000000,15.0900000000,15.1100000000,8729944,135299867.1600,2.147400,-4.367100
2026-03-04,14.9700000000,15.1800000000,14.6900000000,14.9000000000,6620365,99063883.4000,1.628500,-1.389800
2026-03-05,15.1400000000,15.6900000000,15.1000000000,15.5100000000,8471059,131485230.3700,2.083700,4.094000
2026-03-06,15.3800000000,16.0400000000,15.3100000000,15.9000000000,7707276,121501487.7000,1.895800,2.514500
2026-03-09,15.5600000000,15.9500000000,15.3500000000,15.9200000000,8557434,133760837.8400,2.105000,0.125800
2026-03-10,16.0100000000,16.4600000000,16.0100000000,16.4100000000,9427140,153793578.4000,2.318900,3.077900
2026-03-11,16.4100000000,16.5900000000,16.3700000000,16.4800000000,6697147,110346118.0900,1.647400,0.426600
2026-03-12,16.4300000000,16.5600000000,16.2800000000,16.4000000000,5446263,89214677.3500,1.339700,-0.485400
2026-03-13,16.3600000000,16.4200000000,15.9900000000,16.0300000000,4978686,80636348.8000,1.224700,-2.256100
2026-03-16,16.0300000000,16.1500000000,15.9100000000,16.1000000000,4014739,64374495.9500,0.987500,0.436700
2026-03-17,16.1800000000,16.1900000000,15.5600000000,15.5900000000,4738674,75030797.2400,1.165600,-3.167700
2026-03-18,15.7600000000,16.0600000000,15.6000000000,16.0200000000,5289130,83768981.9100,1.301000,2.758200
2026-03-19,15.8500000000,15.9900000000,15.6200000000,15.7200000000,5112400,80759420.0000,1.257500,-1.872700
2026-03-20,15.9900000000,16.0200000000,14.9700000000,15.0000000000,6428886,98986181.1400,1.581400,-4.580200
2026-03-23,14.8100000000,14.8100000000,13.5800000000,13.7800000000,11651361,165117324.7300,2.866000,-8.133300
2026-03-24,14.0800000000,14.1800000000,13.6300000000,14.1500000000,7343697,102095162.7800,1.806400,2.685100
2026-03-25,14.2500000000,14.6000000000,14.2500000000,14.3800000000,6584100,95020259.0000,1.619600,1.625400
2026-03-26,14.3800000000,14.4100000000,13.7600000000,13.8700000000,7247931,101815947.0300,1.782800,-3.546600
2026-03-27,13.7400000000,14.1600000000,13.5400000000,14.0200000000,5071100,70784952.4900,1.247400,1.081500
2026-03-30,13.6500000000,13.8800000000,13.4000000000,13.8300000000,6489374,88819730.1200,1.596300,-1.355200
2026-03-31,13.7900000000,14.0900000000,13.7000000000,13.7300000000,5563619,77240793.7500,1.368500,-0.723100
2026-04-01,14.1100000000,14.3000000000,13.9400000000,14.0700000000,5045231,71147507.7200,1.241000,2.476300
2026-04-02,14.0800000000,14.1600000000,13.6600000000,13.7700000000,4308164,59851406.7000,1.059700,-2.132200
2026-04-03,13.8900000000,13.9900000000,13.4600000000,13.5200000000,3515611,47895139.7100,0.864800,-1.815500
2026-04-07,13.5600000000,13.8100000000,13.5600000000,13.7800000000,3785000,51917451.0000,0.931000,1.923100
2026-04-08,14.0600000000,14.4400000000,14.0600000000,14.4100000000,7125000,101817727.0000,1.752600,4.571800
2026-04-09,14.2800000000,14.3900000000,14.1000000000,14.1800000000,4577400,65179158.0000,1.125900,-1.596100
2026-04-10,14.2800000000,14.5300000000,14.2500000000,14.3200000000,4814384,69352580.8000,1.297600,0.987300
2026-04-13,14.4100000000,15.1500000000,14.3200000000,15.0500000000,17012633,254132518.9400,4.585300,5.097800
2026-04-14,15.1400000000,15.3900000000,14.7400000000,14.9300000000,9165873,137463082.1800,2.470400,-0.797300
2026-04-15,14.9400000000,14.9700000000,14.5900000000,14.6100000000,5451000,80387304.0000,1.469200,-2.143300
2026-04-16,14.6400000000,15.2000000000,14.5100000000,15.1500000000,9159823,136802007.6100,2.468800,3.696100
2026-04-17,15.0700000000,15.6500000000,15.0500000000,15.4900000000,9082600,139800445.4500,2.447900,2.244200
2026-04-20,15.4900000000,15.7800000000,15.3500000000,15.5900000000,7288100,113673725.0000,1.964300,0.645600
2026-04-21,15.5400000000,15.5700000000,15.1800000000,15.3000000000,5423420,82967204.0000,1.461700,-1.860200
2026-04-22,15.3200000000,15.6200000000,15.2200000000,15.5700000000,4588306,71135805.3400,1.236600,1.764700
2026-04-23,15.5400000000,15.6000000000,15.1300000000,15.1800000000,6526090,99902836.7000,1.758900,-2.504800
2026-04-24,14.3600000000,14.4900000000,12.9600000000,13.3500000000,22535765,300594400.0400,6.073900,-12.055300
2026-04-27,13.1300000000,13.3800000000,12.9000000000,13.2200000000,12851400,169144597.0000,3.463700,-0.973800
2026-04-28,13.0900000000,13.3000000000,12.8100000000,12.9100000000,10439486,135713945.4900,2.813700,-2.344900
2026-04-29,12.8600000000,13.1100000000,12.8100000000,13.0000000000,7598099,98718873.0200,2.047800,0.697100
2026-04-30,12.9700000000,13.1200000000,12.8200000000,13.0200000000,7885259,102144842.1800,2.125200,0.153800
