date,open,high,low,close,volume,amount,turn,pctChg
2011-01-25,6.8831520000,6.8831520000,6.2020067500,6.3095560000,2094372,94150184.7600,23.479507,-14.196570
2011-01-26,6.3525757000,6.7799047200,6.3109899900,6.5533343000,1273948,58454499.3800,14.281928,3.863600
2011-01-27,6.4529550000,6.6350717300,6.2823101900,6.5676742000,886654,40027014.8300,9.940067,0.218800
2011-01-28,6.5676742000,6.6752234500,6.4988426800,6.5906180400,497474,22906895.9100,5.577063,0.349300
2011-01-31,6.5719761700,6.7340170400,6.5318244500,6.6752234500,473615,22018883.7600,5.309585,1.283700
2011-02-01,6.6422416800,6.6881293600,6.6365057200,6.6651855200,291422,13534672.5900,3.267063,-0.150400
2011-02-09,6.6637515300,6.7153751700,6.5246545000,6.5318244500,320426,14821001.6000,3.592220,-2.000900
2011-02-10,6.5189185400,7.0839106000,6.5074466200,7.0222490300,747581,35737668.9000,8.380953,7.508200
2011-02-11,6.9290396800,7.0552308000,6.9261717000,7.0251170100,429234,20952013.5300,4.812040,0.040800
2011-02-14,7.0552308000,7.3420288000,7.0279849900,7.3104810200,750378,37744179.3000,8.412309,4.062100
2011-02-15,7.3248209200,7.3391608200,7.1842899000,7.1914598500,508680,25710255.8300,5.702691,-1.628100
2011-02-16,7.1713839900,7.3922184500,7.1713839900,7.3778785500,720342,36830172.1500,8.075583,2.592200
2011-02-17,7.3721425900,7.4237662300,7.2746312700,7.3707086000,484250,24829616.6200,5.428812,-0.097200
2011-02-18,7.3276889000,7.3520667300,7.2072337400,7.3276889000,422050,21416910.0700,4.731502,-0.583700
2011-02-21,7.3248209200,7.3721425900,7.2703293000,7.3721425900,398710,20419765.1200,4.469843,0.606700
2011-02-22,7.3563687000,7.3707086000,6.9892672600,6.9907012500,587326,29388197.9100,6.584372,-5.174100
2011-02-23,7.0824766100,7.3535007200,7.0308529700,7.2416495000,536298,26982792.5500,6.012309,3.589700
2011-02-24,7.2273096000,7.2975751100,7.1341002500,7.1871578800,341670,17165646.7000,3.830381,-0.752500
2011-02-25,7.1699500000,7.1699500000,7.0638347400,7.1412702000,173101,8589153.2600,1.940594,-0.638500
2011-02-28,7.1025524700,7.2129697000,7.1025524700,7.1670820200,204246,10210820.5800,2.289753,0.361400
2011-03-01,7.1713839900,7.2645933400,7.1556101000,7.2144036900,257720,12945290.9800,2.889238,0.660268
2011-03-02,7.1814219200,7.2129697000,7.1412702000,7.1842899000,231240,11573164.3100,2.592377,-0.417400
2011-03-03,7.1842899000,7.2086677300,6.9964372100,7.0122111000,261426,12925603.6300,2.930785,-2.395200
2011-03-04,7.0093431200,7.0824766100,6.9519835200,7.0824766100,99596,4887273.9800,1.116547,1.002000
2011-03-07,7.0910805500,7.2316115700,7.0910805500,7.1470061600,212722,10635505.9000,2.384776,0.911100
2011-03-08,7.1441381800,7.2172716700,7.1269303000,7.2144036900,239998,12011126.9600,2.690561,0.943000
2011-03-09,7.2531214200,7.2531214200,7.1412702000,7.1871578800,194498,9737343.3900,2.180471,-0.377700
2011-03-10,7.1527421200,7.2846692000,7.1470061600,7.1627800500,320546,16130380.8000,3.593565,-0.339200
2011-03-11,7.1900258600,7.3090470300,7.1556101000,7.1914598500,520028,26216725.5100,5.829910,0.400400
2011-03-14,7.2359135400,7.3535007200,7.1986298000,7.3463307700,504985,25684902.0600,5.661267,2.153500
2011-03-15,7.3420288000,7.3821805200,7.1713839900,7.2602913700,467771,23660181.6900,5.244070,-1.171200
2011-03-16,7.2502534400,7.3405948100,7.2115357100,7.2832352100,289411,14652553.5000,3.244518,0.316000
2011-03-17,7.2301775800,7.2803672300,7.1341002500,7.1384022200,376573,18924652.9700,4.221670,-1.988600
2011-03-18,7.1326662600,7.2273096000,7.1326662600,7.1685160100,127747,6396987.3600,1.432141,0.421900
2011-03-21,7.1355342400,7.1986298000,7.0824766100,7.1254963100,164718,8197156.7800,1.846614,-0.600100
2011-03-22,7.1254963100,7.1254963100,7.1254963100,7.1254963100,0,0.0000,,0.000000
2011-03-23,7.0982505000,7.1957618200,7.0982505000,7.1814219200,127264,6348925.5100,1.426726,0.784900
2011-03-24,7.1756859600,7.2014977800,7.1125904000,7.1384022200,128535,6408460.8300,1.440975,-0.599000
2011-03-25,7.1384022200,7.1470061600,7.0767406500,7.0996844900,210669,10434015.7900,2.361760,-0.542400
2011-03-28,7.1054204500,7.1341002500,6.9591534700,6.9792293300,252087,12357542.2700,2.826087,-1.696600
2011-03-29,6.9907012500,6.9950032200,6.7254131000,6.7497909300,313826,15018978.2100,3.518229,-3.287400
2011-03-30,6.6694874900,6.7784707300,6.5461643500,6.6522796100,290774,13487809.7600,3.259798,-1.444700
2011-03-31,6.6651855200,6.7268470900,6.6393737000,6.6651855200,103435,4824142.5000,1.159585,0.194000
2011-04-01,6.7024692600,6.7512249200,6.6651855200,6.7426209800,81769,3824934.2000,0.916693,1.161800
2011-04-06,6.7254131000,6.8028485600,6.7239791100,6.7426209800,108220,5093964.1900,1.213229,0.000000
2011-04-07,6.7426209800,6.7799047200,6.7254131000,6.7684328000,110498,5195063.4600,1.238767,0.382800
2011-04-08,6.7684328000,6.8516042200,6.7411869900,6.8358303300,100610,4782607.3800,1.127915,0.995800
2011-04-11,6.8229244200,6.8358303300,6.7110732000,6.7440549700,129567,6120641.3400,1.452545,-1.342600
2011-04-12,6.7110732000,6.7626968400,6.6823934000,6.7053372400,82832,3873062.8300,0.928610,-0.574100
2011-04-13,6.6737894600,6.8645101300,6.6737894600,6.8544722000,124726,5898720.7900,1.398274,2.224100
2011-04-14,6.8114525000,6.8544722000,6.1804969000,6.7727347700,155645,7312426.3600,1.744899,-1.192500
2011-04-15,6.7067712300,6.7368850200,6.5461643500,6.5891840500,249341,11473461.1500,2.795303,-2.710100
2011-04-18,6.5891840500,6.6063919300,6.5260884900,6.5590702600,84846,3875282.5300,0.951188,-0.457000
2011-04-19,6.5605042500,6.5605042500,6.4529550000,6.5232205100,115214,5216834.5700,1.291637,-0.546600
2011-04-20,6.5533343000,6.5734101600,6.5074466200,6.5533343000,51422,2346875.1800,0.576480,0.461600
2011-04-21,6.5490323300,6.5977879900,6.5461643500,6.5820141000,67958,3117400.9900,0.761861,0.437600
2011-04-22,6.5676742000,6.5676742000,6.3324998400,6.3683495900,302359,13456150.4100,3.389675,-3.246200
2011-04-25,6.3683495900,6.3697835800,6.2521964000,6.2521964000,145807,6411260.4300,1.311214,-1.823900
2011-04-26,6.2020067500,6.2593663500,5.9983801700,6.0600417400,208282,8871696.6500,1.873040,-3.073400
2011-04-27,6.0385318900,6.1360432100,5.9524924900,5.9653984000,121933,5133535.4000,1.096520,-1.561800
2011-04-28,6.1331752300,6.1346092200,5.6800343900,5.6829023700,221219,8932434.6800,1.989379,-4.735600
2011-04-29,5.6814683800,5.7101481800,5.6241087800,5.6915063100,72810,2881822.0000,0.654766,0.151400
2011-05-03,5.6929403000,5.7359600000,5.6470526200,5.7345260100,93408,3714882.0900,0.840000,0.755900
2011-05-04,5.6757324200,5.7187521200,5.6456186300,5.6456186300,112900,4474178.1300,1.015288,-1.550400
2011-05-05,5.6456186300,5.6456186300,5.6456186300,5.6456186300,0,0.0000,,0.000000
2011-05-06,5.6671284800,5.7273560600,5.5997309500,5.7173181300,77912,3082878.1000,0.700647,1.270000
2011-05-09,5.7330920200,5.8779250100,5.7330920200,5.8320373300,167399,6789208.0100,1.505387,2.006500
2011-05-10,5.8793590000,5.8793590000,5.8019235400,5.8334713200,84103,3422551.0300,0.756322,0.024600
2011-05-11,5.8090934900,5.8621511200,5.8019235400,5.8392072800,89457,3632550.2600,0.804469,0.098300
2011-05-12,5.8650191000,5.9324166300,5.8263013700,5.8320373300,132954,5457942.6800,1.195629,-0.122800
2011-05-13,5.8291693500,5.8521131900,5.7933196000,5.8334713200,73700,2993355.4200,0.662770,0.024600
2011-05-16,5.7961875800,5.8334713200,5.7646398000,5.8162634400,69228,2803803.7200,0.622554,-0.295000
2011-05-17,5.7861496500,5.8721890500,5.7861496500,5.8650191000,123589,5028692.3800,1.111412,0.838300
2011-05-18,5.9126050500,5.9839454400,5.8650447900,5.9450325000,210486,5761642.2900,1.261906,1.363800
2011-05-19,5.9450325000,5.9882691000,5.9126050500,5.9515179900,150017,4127091.4500,0.899382,0.109100
2011-05-20,5.9017959000,5.9450325000,5.8845012600,5.9017959000,154115,4209357.4800,0.923951,-0.835500
2011-05-23,5.9017959000,5.9385470100,5.6575091100,5.6791274100,298557,7903692.6400,1.789910,-3.772900
2011-05-24,5.6229198300,5.7915425700,5.3937658500,5.6812892400,280061,7187324.0000,1.679023,0.038100
2011-05-25,5.6229198300,5.6229198300,5.4045750000,5.4067368300,186000,4732551.3600,1.115108,-4.832600
2011-05-26,5.4067368300,5.4737535600,5.2013629800,5.2316286000,122161,3007071.5800,0.732380,-3.238700
2011-05-27,5.2316286000,5.2337904300,5.0716531800,5.0867859900,250741,5945469.9300,1.503243,-2.768600
2011-05-30,5.0867859900,5.1408317400,4.9873418100,5.0586822000,177107,4177555.6600,1.061793,-0.552500
2011-05-31,5.1019188000,5.1321844200,5.0586822000,5.1148897800,106427,2510369.4800,0.638052,1.111100
2011-06-01,5.1170516100,5.1624500400,5.1148897800,5.1451554000,72110,1714577.6400,0.432314,0.591700
2011-06-02,5.1019188000,5.1040806300,4.9722090000,4.9938273000,113928,2650885.4700,0.683022,-2.941200
2011-06-03,5.0003127900,5.1559645500,5.0003127900,5.1235371000,93611,2210960.0200,0.561217,2.597400
2011-06-07,5.1235371000,5.2489232400,5.1235371000,5.2402759200,112109,2709781.7500,0.672116,2.278500
2011-06-08,5.1905538300,5.2597323900,5.1538027200,5.2489232400,142911,3440744.1500,0.856781,0.165000
2011-06-09,5.1992011500,5.2208194500,5.0154456000,5.0154456000,67900,1614680.0000,0.407074,-4.448100
2011-06-10,4.9959891300,5.0694913500,4.9549143600,5.0694913500,101815,2350200.5000,0.610402,1.077600
2011-06-13,4.9916654700,5.1040806300,4.9613998500,5.1040806300,103427,2406783.3100,0.620066,0.682300
2011-06-14,5.0284165800,5.1624500400,5.0284165800,5.1084042900,104137,2461364.2800,0.624323,0.084700
2011-06-15,5.0932714800,5.1127279500,4.9722090000,5.0024746200,178196,4141161.9400,1.068321,-2.073600
2011-06-16,4.9916654700,5.0111219400,4.7581878300,4.9246487400,163819,3739740.5300,0.982128,-1.555700
2011-06-17,4.9505907000,4.9505907000,4.7992626000,4.8295282200,185390,4143516.9000,1.111451,-1.931500
2011-06-20,4.7992626000,4.8035862600,4.6695528000,4.6760382900,155090,3388738.7000,0.929796,-3.178200
2011-06-21,4.6803619500,4.7063039100,4.5679467900,4.6911711000,148053,3177990.5300,0.887608,0.323600
2011-06-22,4.6933329300,4.7279222100,4.6090215600,4.6695528000,113239,2444488.6400,0.678891,-0.460800
2011-06-23,4.6133452200,4.8338518800,4.5895650900,4.8079099200,150599,3283660.2800,0.902872,2.963000
2011-06-24,4.7603496600,5.0803005000,4.7560260000,4.9830181500,359643,8200682.9500,2.156133,3.642100
2011-06-27,4.9851799800,5.1451554000,4.9851799800,5.0197692600,347429,8146399.0900,2.082908,0.737500
2011-06-28,5.0759768400,5.0759768400,4.9765326600,5.0197692600,377610,8727241.3200,2.263849,0.000000
2011-06-29,4.9786944900,5.0305784100,4.9613998500,4.9830181500,249050,5757173.0000,1.493106,-0.732100
2011-06-30,4.9830181500,5.0673295200,4.9354578900,5.0673295200,88562,2050856.7000,0.530947,1.692000
2011-07-01,5.0284165800,5.0975951400,5.0003127900,5.0543585400,211835,4955007.6300,1.269994,-0.256000
2011-07-04,5.0370639000,5.1602882100,5.0349020700,5.1602882100,148067,3500347.4200,0.887692,2.095800
2011-07-05,5.1624500400,5.2705415400,5.1494790600,5.2683797100,171914,4137102.5800,1.030659,2.094700
2011-07-06,5.2532469000,5.5256374800,5.1883920000,5.5061810100,404907,10085686.7800,2.427500,4.513700
2011-07-07,5.5126665000,5.7483059700,5.5126665000,5.7483059700,528901,13914004.0600,3.170869,4.397300
2011-07-08,5.6661564300,5.8326173400,5.6639946000,5.8001898900,328854,8751837.5900,1.971547,0.902594
2011-07-11,5.6964220500,5.7937044000,5.6920983900,5.7483059700,137260,3642415.3900,0.822902,-0.894500
2011-07-12,5.6920983900,5.7223640100,5.5796832300,5.7180403500,234321,6105225.2100,1.404802,-0.526500
2011-07-13,5.6315671500,5.7288495000,5.6164343400,5.7288495000,241916,6372831.9300,1.450336,0.189000
2011-07-14,5.8088372100,5.8455883200,5.6164343400,5.8391028300,448749,11818261.3400,2.690342,1.924500
2011-07-15,5.7850570800,6.0963606000,5.7742479300,6.0963606000,584822,16206229.1200,3.506127,4.405800
2011-07-18,6.0920369400,6.0920369400,5.9298996900,5.9882691000,308383,8531453.4500,1.848819,-1.773000
2011-07-19,5.9342233500,5.9342233500,5.7720861000,5.8715302800,171957,4637889.9800,1.030917,-1.949500
2011-07-20,5.7958662300,5.9342233500,5.7937044000,5.8801776000,112980,3054387.6400,0.677338,0.147300
2011-07-21,5.7893807400,5.9017959000,5.7893807400,5.8369410000,86300,2326436.6400,0.517386,-0.735300
2011-07-22,5.8174845300,5.9450325000,5.8174845300,5.9363851800,163051,4438453.0500,0.977524,1.703700
2011-07-25,5.9363851800,5.9363851800,5.6856129000,5.8109990400,503107,13359289.0600,3.016229,-2.112200
2011-07-26,5.7504678000,5.8153227000,5.7137166900,5.7828952500,228334,6080675.6900,1.368909,-0.483600
2011-07-27,5.8045135500,6.0034019100,5.7461441400,5.9882691000,181951,4952682.5100,1.090833,3.551400
2011-07-28,5.9450325000,6.0963606000,5.9147668800,6.0855514500,243943,6796056.9800,1.462488,1.624500
2011-07-29,5.8477501500,5.8953104100,5.6639946000,5.8953104100,758287,20302524.5100,4.546085,-3.126100
2011-08-01,5.7720861000,6.0747423000,5.7720861000,5.9882691000,447130,12362203.2700,2.680635,1.576800
2011-08-02,5.9342233500,6.1158170700,5.7915425700,6.1158170700,371819,10219281.8000,2.229131,2.130000
2011-08-03,6.1114934100,6.1114934100,6.0120492300,6.0315057000,303390,8498723.6800,1.818885,-1.378600
2011-08-04,6.1006842600,6.1114934100,5.9709744600,6.0704186400,251148,7060600.4800,1.505683,0.645200
2011-08-05,5.9039577300,6.0877132800,5.8369410000,6.0747423000,208486,5780539.5000,1.249916,0.071200
2011-08-08,6.0725804700,6.0855514500,5.6856129000,6.0271820400,289034,7913187.7900,1.732818,-0.782900
2011-08-09,5.8369410000,6.1612155000,5.4261933000,6.1612155000,423442,11720396.7000,2.538621,2.223800
2011-08-10,6.1612155000,6.3125436000,6.1071697500,6.2801161500,351345,10138169.2100,2.106385,1.929800
2011-08-11,6.0963606000,6.3752366700,6.0941987700,6.3557802000,328408,9559555.6600,1.968873,1.204800
2011-08-12,6.3882076500,6.4271205900,6.2303940600,6.2325558900,218685,6363439.9000,1.311061,-1.938800
2011-08-15,6.3255145800,6.3384855600,6.1828338000,6.2412032100,137787,3970632.9200,0.826061,0.138700
2011-08-16,6.2455268700,6.2628215100,5.9061195600,6.1395972000,395536,11116655.7400,2.371319,-1.628000
2011-08-17,6.0747423000,6.1331117100,5.9882691000,6.0704186400,155277,4341723.4600,0.930917,-1.126800
2011-08-18,6.0552858300,6.0963606000,5.9666508000,6.0034019100,142166,3971362.6600,0.852314,-1.104000
2011-08-19,5.9990782500,6.0747423000,5.8520738100,6.0509621700,237067,6609065.0200,1.421265,0.792200
2011-08-22,6.0293438700,6.0747423000,5.8931485800,5.9666508000,136100,3779123.7900,0.815947,-1.393400
2011-08-23,5.9342233500,6.0660949800,5.9342233500,6.0531240000,206230,5745352.9200,1.236391,1.449300
2011-08-24,6.1547300100,6.2866016400,6.0552858300,6.2347177200,572551,16363724.9400,3.432560,3.000000
2011-08-25,6.1828338000,6.2412032100,6.0812277900,6.2044521000,177354,5057601.2300,1.063273,-0.485400
2011-08-26,6.1979666100,6.2584978500,6.1633773300,6.2476887000,128932,3713561.8300,0.772974,0.696860
2011-08-29,6.2498505300,6.2498505300,6.0552858300,6.1979666100,207778,5889334.4200,1.245671,-0.795800
2011-08-30,6.1612155000,6.2195849100,6.1266262200,6.1958047800,249051,7124085.1200,1.493112,-0.034900
2011-08-31,6.1612155000,6.2022902700,6.0985224300,6.1698628200,81010,2305177.5000,0.485671,-0.418700
2011-09-01,6.1006842600,6.3687511800,6.1006842600,6.2887634700,314432,9085811.4500,1.885084,1.927100
2011-09-02,6.2693070000,6.3038962800,6.1806719700,6.2433650400,93283,2685568.6200,0.559251,-0.721900
2011-09-05,6.1612155000,6.2239085700,5.9990782500,6.1201407300,130800,3691263.0000,0.784173,-1.973700
2011-09-06,6.0552858300,6.0660949800,5.9774599500,6.0423148500,87355,2432783.2600,0.523711,-1.271600
2011-09-07,5.9839454400,6.1006842600,5.9688126300,6.0877132800,43329,1214011.7300,0.259766,0.751300
2011-09-08,6.0877132800,6.0963606000,6.0271820400,6.0293438700,37900,1060475.0000,0.227218,-0.958808
2011-09-09,5.9947545900,6.0531240000,5.9450325000,5.9601653100,27800,770100.0000,0.166667,-1.147400
2011-09-13,5.9385470100,5.9601653100,5.7872189100,5.9536798200,68375,1858506.7400,0.409922,-0.108800
2011-09-14,5.9234142000,5.9796217800,5.8953104100,5.9688126300,24400,670835.5000,0.146283,0.254200
2011-09-15,6.0206965500,6.0315057000,5.9796217800,6.0098874000,61055,1695959.7000,0.366037,0.688200
2011-09-16,6.0488003400,6.0488003400,5.9752981200,6.0012400800,19600,543480.6400,0.117506,-0.143900
2011-09-19,5.9666508000,5.9666508000,5.8023517200,5.8801776000,57048,1543835.6200,0.342014,-2.017300
2011-09-20,5.7764097600,5.9277378600,5.7764097600,5.9061195600,27369,745623.3800,0.164083,0.441200
2011-09-21,5.9320615200,6.0704186400,5.9017959000,6.0488003400,109866,3064128.3600,0.658669,2.415800
2011-09-22,6.0401530200,6.0401530200,5.8434264900,5.8888249200,68999,1898671.4200,0.413663,-2.644700
2011-09-23,6.0250202100,6.0250202100,5.8455883200,5.9601653100,45080,1228524.6500,0.270264,1.211500
2011-09-26,5.9601653100,5.9644889700,5.8477501500,5.8477501500,59550,1620703.0000,0.357014,-1.886100
2011-09-27,5.9428706700,5.9515179900,5.8477501500,5.8953104100,46945,1285652.2000,0.281445,0.813300
2011-09-28,5.8996340700,5.8996340700,5.3137781400,5.8131608700,69668,1863672.4400,0.417674,-1.393500
2011-09-29,5.8023517200,5.8023517200,5.5191519900,5.7439823100,73658,1938485.7400,0.441595,-1.190000
2011-09-30,5.6250816600,5.7223640100,5.5753595700,5.7050693700,51400,1345270.5000,0.308153,-0.677500
2011-10-10,5.7029075400,5.7677624400,5.6315671500,5.7656006100,31500,838286.5800,0.188849,1.061000
2011-10-11,5.7720861000,5.8369410000,5.6899365600,5.7634387800,25300,676424.8000,0.151679,-0.037500
2011-10-12,5.6229198300,5.8304555100,5.6207580000,5.8304555100,69700,1866932.6200,0.417866,1.162800
2011-10-13,5.8304555100,5.8715302800,5.8153227000,5.8347791700,99950,2703299.5000,0.599221,0.074200
2011-10-14,5.9774599500,5.9774599500,5.6229198300,5.8023517200,35750,951784.0000,0.214329,-0.555800
2011-10-17,5.5775214000,5.5775214000,5.2856743500,5.4153841500,561949,13999007.3500,3.368999,-6.669200
2011-10-18,5.3137781400,5.3137781400,5.0673295200,5.1732591900,459052,10983482.4200,2.752110,-4.471100
2011-10-19,5.1624500400,5.2402759200,5.0262547500,5.1624500400,154599,3650920.5000,0.926853,-0.208900
2011-10-20,5.1019188000,5.1559645500,4.9441052100,4.9613998500,98350,2277954.5000,0.589628,-3.894500
2011-10-21,4.9613998500,4.9613998500,4.4663407800,4.4663407800,727891,15188483.6300,4.363855,-9.978200
2011-10-24,4.3993240500,4.3993240500,4.0188419700,4.2588051000,1204469,23069673.2800,7.221037,-4.646700
2011-10-25,4.1917883700,4.3777057500,4.0750495500,4.3474401300,1169388,22752923.1700,7.010719,2.081200
2011-10-26,4.2588051000,4.4209423500,4.2263776500,4.2998798700,900082,17922888.4200,5.396175,-1.094000
2011-10-27,4.3214981700,4.3668966000,4.2804234000,4.2933943800,525756,10509900.6400,3.152014,-0.150800
2011-10-28,4.3582492800,4.7235985500,4.3042035300,4.7235985500,1923552,41030085.5200,11.532086,10.020100
2011-10-31,4.7344077000,5.1970393200,4.6717146300,5.1970393200,2129470,48836204.2000,12.766607,10.022900
2011-11-01,5.3310727800,5.5126665000,5.2164957900,5.4413261100,1932948,48106827.5500,11.588417,4.700500
2011-11-02,5.3072926500,5.6185961700,5.3008071600,5.5342848000,1733206,43439870.9500,10.390923,1.708400
2011-11-03,5.5321229700,5.6575091100,5.4067368300,5.4153841500,1371165,34657650.3500,8.220414,-2.148400
2011-11-04,5.3937658500,5.4910482000,5.1992011500,5.3137781400,1110691,27427973.8300,6.658819,-1.876200
2011-11-07,5.3072926500,5.3721475500,5.2316286000,5.3289109500,690318,16966230.3500,4.138597,0.284800
2011-11-08,5.2489232400,5.3591765700,5.2121721300,5.3181018000,585724,14311065.8700,3.511535,-0.202800
2011-11-09,5.3353964400,5.4672680700,5.2748652000,5.4629444100,904963,22626962.1600,5.425438,2.723600
2011-11-10,5.3786330400,5.6531854500,5.2921598400,5.2921598400,1155198,29152248.8300,6.925647,-3.126200
2011-11-11,5.1927156600,5.3721475500,5.1927156600,5.2964835000,406829,9923384.0200,2.439023,0.081700
2011-11-14,5.3008071600,5.4218696400,5.2554087300,5.4045750000,528756,13082190.4500,3.170000,2.040800
2011-11-15,5.4045750000,5.4456497700,5.3094544800,5.3289109500,435161,10786813.2000,2.608879,-1.400000
2011-11-16,5.3289109500,5.3916040200,4.9873418100,5.0046364500,604572,14382520.2800,3.624532,-6.085200
2011-11-17,5.0089601100,5.1429935700,5.0089601100,5.0435493900,486421,11413434.2200,2.916193,0.777500
2011-11-18,5.0673295200,5.1516408900,4.8489846900,4.8641175000,450388,10472084.2400,2.700168,-3.557700
2011-11-21,4.8360137100,4.8792503100,4.6479345000,4.7084657400,378852,8239760.0900,2.271295,-3.200000
2011-11-22,4.7084657400,4.7668351500,4.6500963300,4.7603496600,278422,6092421.4400,1.669197,1.101900
2011-11-23,4.7776443000,4.8165572400,4.7300840400,4.7344077000,217727,4799930.5200,1.305318,-0.545000
2011-11-24,4.6630673100,4.8597938400,4.6522581600,4.8446610300,263371,5829396.3200,1.578963,2.328800
2011-11-25,4.7906152800,4.9138395900,4.7906152800,4.8057480900,211657,4749343.6500,1.268927,-0.803200
2011-11-28,4.8014244300,4.8079099200,4.7214367200,4.7733206400,200720,4423971.4300,1.203357,-0.674800
2011-11-29,4.7560260000,4.8619556700,4.7560260000,4.8619556700,280819,6255554.6900,1.683567,1.856900
2011-11-30,4.8381755400,4.8857358000,4.4339133300,4.4685026100,355584,7612379.4200,2.131799,-8.092500
2011-12-01,4.5614613000,4.7300840400,4.4857972500,4.5722704500,282894,6036624.2900,1.696007,2.322200
2011-12-02,4.5009300600,4.5701086200,4.4576934600,4.4814735900,95045,1979164.6400,0.569814,-1.985800
2011-12-05,4.4576934600,4.5549758100,4.3647347700,4.3712202600,134448,2776238.9200,0.806043,-2.460200
2011-12-06,4.3647347700,4.4512079700,4.3020417000,4.3668966000,169012,3423040.8200,1.013261,-0.098900
2011-12-07,4.3409546400,4.4966064000,4.3409546400,4.4793117600,168550,3465725.3300,1.010492,2.574300
2011-12-08,4.4793117600,4.7538641700,4.3344691500,4.6176688800,318154,6697378.6000,1.907398,3.088800
2011-12-09,4.4987682300,4.6522581600,4.4987682300,4.5571376400,162260,3427426.1200,0.972782,-1.310900
2011-12-12,4.5636231300,4.6219925400,4.5268720200,4.5701086200,101923,2153001.8000,0.611049,0.284600
2011-12-13,4.5182247000,4.5636231300,4.2155685000,4.2544814400,187140,3745200.9400,1.121942,-6.906300
2011-12-14,4.1766555600,4.2674524200,4.1399044500,4.1680082400,179000,3463050.4800,1.073141,-2.032500
2011-12-15,4.1658464100,4.2025975200,4.1074770000,4.1074770000,82750,1585445.5700,0.496103,-1.452300
2011-12-16,4.0664022300,4.3193363400,4.0664022300,4.3171745100,168778,3277342.5300,1.011859,5.105300
2011-12-19,4.2804234000,4.4685026100,4.0534312500,4.4533698000,205803,4116574.5900,1.233831,3.154700
2011-12-20,4.4425606500,4.4966064000,4.3236600000,4.3258218300,204880,4171850.8800,1.228297,-2.864100
2011-12-21,4.4058095400,4.4295896700,4.2371868000,4.2479959500,166462,3365058.1600,0.997974,-1.799100
2011-12-22,4.2047593500,4.2220539900,4.0404602700,4.1118006600,145143,2779260.9000,0.870162,-3.206100
2011-12-23,4.1485517700,4.2458341200,4.1074770000,4.1744937300,100470,1949882.0000,0.602338,1.524700
2011-12-26,4.1766555600,4.3560874500,4.1593609200,4.1615227500,174024,3433329.7200,1.043309,-0.310700
2011-12-27,4.1442281100,4.1571990900,3.8912940000,3.8912940000,192553,3574923.4200,1.154394,-6.493500
2011-12-28,3.8156299500,3.8912940000,3.6318744000,3.7399659000,133536,2310335.4000,0.800576,-3.888900
2011-12-29,3.6859201500,3.7486132200,3.6859201500,3.7075384500,77994,1338862.8000,0.467590,-0.867100
2011-12-30,3.7529368800,3.8177917800,3.7140239400,3.7723933500,61049,1065113.7200,0.366001,1.749300
2012-01-04,3.7853643300,3.8221154400,3.6059324400,3.6318744000,123586,2130274.2100,0.740923,-3.724900
2012-01-05,3.5713431600,3.6643018500,3.2881434300,3.3075999000,230698,3643423.8300,1.383082,-8.928600
2012-01-06,3.3529983300,3.4546043400,3.3508365000,3.3983967600,178502,2812397.3400,1.070156,2.745100
2012-01-09,3.3767784600,3.6016087800,3.2643633000,3.5691813300,215163,3424159.0800,1.289946,5.025400
2012-01-10,3.5670195000,3.7140239400,3.5302683900,3.6815964900,194861,3279625.0000,1.168231,3.149600
2012-01-11,3.6534927000,3.7550987100,3.6361980600,3.7032147900,140377,2407345.3700,0.841589,0.587200
2012-01-12,3.7529368800,3.7529368800,3.6102561000,3.6686255100,138226,2350880.4000,0.828693,-0.934000
2012-01-13,3.6664636800,3.6967293000,3.4373097000,3.4394715300,131220,2126646.0000,0.786691,-6.246300
2012-01-16,3.2881434300,3.4329860400,3.2881434300,3.2903052600,96847,1497526.0700,0.580618,-4.336900
2012-01-17,3.2816579400,3.5021646000,3.2816579400,3.4329860400,138648,2169611.1000,0.831223,4.336400
2012-01-18,3.4913554500,3.5843141400,3.2924670900,3.3378655200,162258,2577244.4300,0.972770,-2.770800
2012-01-19,3.3075999000,3.4092059100,3.3032762400,3.3616456500,109591,1705981.7700,0.657020,0.712400
2012-01-20,3.4070440800,3.4329860400,3.3767784600,3.4265005500,121843,1924442.6700,0.730474,1.929300
2012-01-30,3.4156914000,3.4762226400,3.3789402900,3.4546043400,128680,2050198.8000,0.771463,0.820200
2012-01-31,3.4156914000,3.4351478700,3.3767784600,3.4351478700,97950,1543108.0000,0.303474,-0.563200
2012-02-01,3.4394715300,3.4502806800,3.3551601600,3.4308242100,114524,1809305.3300,0.354824,-0.125900
2012-02-02,3.4308242100,3.4783844700,3.3897494400,3.4351478700,246266,3903504.1100,0.762994,0.126000
2012-02-03,3.4481188500,3.7118621100,3.4221768900,3.6448453800,1135377,18568624.8200,3.517686,6.104500
2012-02-06,3.6426835500,3.6729491700,3.5475630300,3.6556545300,851288,14205999.9800,2.637506,0.296600
2012-02-07,3.6318744000,3.6340362300,3.5259447300,3.5410775400,357889,5922300.8500,1.108831,-3.134200
2012-02-08,3.5410775400,3.6318744000,3.5194592400,3.6080942700,340240,5647349.5200,1.054150,1.892600
2012-02-09,3.6189034200,3.7075384500,3.6016087800,3.6210652500,407092,6893202.3100,1.261274,0.359500
2012-02-10,3.6102561000,3.6815964900,3.6016087800,3.6729491700,289574,4877472.8600,0.897174,1.432800
2012-02-13,3.6707873400,3.7983353100,3.5670195000,3.7313185800,1088171,18480528.5500,3.371429,1.589200
2012-02-14,3.6794346600,3.7788788400,3.6772728300,3.7075384500,816991,14043497.2400,2.531245,-0.637300
2012-02-15,3.6967293000,3.8480574000,3.6751110000,3.8026589700,1113568,19466532.8700,3.450116,2.565600
2012-02-16,3.7853643300,3.8675138700,3.6924056400,3.7075384500,1450924,25312973.6900,4.495330,-2.501400
2012-02-17,3.7486132200,3.7486132200,3.5713431600,3.6275507400,1439745,24260177.9600,4.460695,-2.157400
2012-02-20,3.6621400200,3.9907381800,3.6556545300,3.9907381800,3013044,54162595.7700,9.335174,10.011900
2012-02-21,3.9950618400,4.3906767300,3.9777672000,4.3906767300,5675253,109553675.1800,17.583372,10.021700
2012-02-22,4.5830796000,4.8295282200,4.4793117600,4.8295282200,7239019,156273111.5800,22.428315,9.995100
2012-02-23,4.9419433800,5.0219310900,4.7841297900,4.8900594600,11292304,254467468.8300,34.986419,1.253400
2012-02-24,4.8424992000,4.9095159300,4.7949389400,4.8533083500,5910672,132378603.7300,18.312759,-0.751500
2012-02-27,4.8316900500,4.9268105700,4.8252045600,4.8749266500,5488857,123492308.4200,17.005870,0.445400
2012-02-28,4.7992626000,4.8878976300,4.6933329300,4.8165572400,4570739,101221594.8100,14.161307,-1.197300
2012-02-29,4.8165572400,4.8424992000,4.6890092700,4.8230427300,3713396,82124742.2200,11.505042,0.134600
2012-03-01,4.8208809000,4.9592380200,4.7365695300,4.8814121400,5520522,123902201.6500,17.103976,1.210200
2012-03-02,4.8684411600,5.0111219400,4.8165572400,4.9246487400,6586244,150239791.1300,20.405853,0.885700
2012-03-05,4.9224869100,5.2294667700,4.8424992000,4.8424992000,9019316,208836335.7800,27.944126,-1.668100
2012-03-06,4.7344077000,5.0219310900,4.6933329300,5.0046364500,6507262,145669061.8400,20.161146,3.348200
2012-03-07,4.9332960600,5.1862301700,4.8338518800,4.8446610300,6236862,143946170.4600,19.323379,-3.196500
2012-03-08,4.8273663900,4.9700471700,4.8273663900,4.8943831200,3060337,69159413.8500,9.481699,1.026300
2012-03-09,4.9527525300,5.0219310900,4.8987067800,4.9505907000,3546700,81185920.5100,10.988575,1.148400
2012-03-12,4.9700471700,5.0803005000,4.8792503100,5.0586822000,5248986,121545188.4100,16.262689,2.183400
2012-03-13,5.0824623300,5.0867859900,4.9138395900,4.9830181500,3426404,78834793.9400,10.615868,-1.495700
2012-03-14,4.9895036400,5.0651676900,4.4857972500,4.4857972500,5814984,128783978.5100,18.016294,-9.978300
2012-03-15,4.3777057500,4.4706644400,4.1680082400,4.2155685000,4062158,80715902.2800,12.585595,-6.024100
2012-03-16,4.2155685000,4.3150126800,4.1723319000,4.3042035300,2861052,56268615.7000,8.864264,2.102600
2012-03-19,4.2696142500,4.3128508500,4.1939502000,4.2998798700,2125234,41817454.3200,6.584513,-0.100500
2012-03-20,4.2998798700,4.2998798700,4.1463899400,4.1485517700,1829366,35524175.3400,5.667839,-3.519400
2012-03-21,4.1701700700,4.2090830100,4.0253274600,4.1507136000,2441983,46307467.9200,7.565882,0.052100
2012-03-22,4.1226098100,4.1896265400,4.0642404000,4.1312571300,1635411,31251636.4100,5.066918,-0.468800
2012-03-23,4.1182861500,4.1290953000,3.9777672000,3.9972236700,2047551,38286596.7100,6.343832,-3.244400
2012-03-26,3.9583107300,4.0166801400,3.9129123000,3.9777672000,1249519,22929702.2300,3.871326,-0.486700
2012-03-27,3.9972236700,4.0815350400,3.9777672000,3.9864145200,1533640,28549781.5300,4.751605,0.217400
2012-03-28,3.9756053700,3.9756053700,3.6772728300,3.7291567500,1703914,30168969.5100,5.279157,-6.453400
2012-03-29,3.6859201500,3.8134681200,3.6815964900,3.7313185800,1438442,24835974.3100,4.456658,0.058000
2012-03-30,3.7313185800,3.8199536100,3.5497248600,3.6318744000,1467604,24856717.3900,4.547009,-2.665100
2012-04-05,3.6102561000,3.7486132200,3.4935172800,3.7183476000,1513068,25604980.6700,4.687868,2.381000
2012-04-06,3.6988911300,3.7918498200,3.6599781900,3.7550987100,1945972,33627934.0300,6.029114,0.988400
2012-04-09,3.6924056400,3.7615842000,3.6318744000,3.6340362300,1232884,21127511.5300,3.819787,-3.223900
2012-04-10,3.6037706100,3.6664636800,3.4589280000,3.6578163600,1582368,26140618.6000,4.902577,0.654400
2012-04-11,3.5994469500,3.7723933500,3.5626958400,3.7442895600,1726739,29636487.4300,5.349875,2.364100
2012-04-12,3.7442895600,3.9626343900,3.6751110000,3.8869703400,2892187,51287160.2000,8.960728,3.810600
2012-04-13,3.8934558300,3.9410160900,3.8177917800,3.8458955700,2120069,37918636.4200,6.568511,-1.056700
2012-04-16,3.8156299500,3.8696757000,3.7832025000,3.7940116500,1613909,28455454.9900,5.000299,-1.349100
2012-04-17,3.7442895600,3.8264391000,3.7140239400,3.7464513900,1079884,18801874.2200,3.345754,-1.253600
2012-04-18,3.7745551800,3.8761611900,3.7464513900,3.8523810600,1356612,23947219.9900,4.203128,2.827500
2012-04-19,3.8458955700,3.8761611900,3.8156299500,3.8718375300,1357531,24153678.9100,4.205975,0.505100
2012-04-20,3.8804848500,3.9929000100,3.8567047200,3.9129123000,1445446,26207783.5900,4.478358,1.060900
2012-04-23,3.8718375300,3.8718375300,3.5216210700,3.5216210700,3220445,53155321.0800,9.977755,-10.000000
2012-04-24,3.3508365000,3.4156914000,3.2103175500,3.2859816000,2470739,37610324.7000,7.654975,-6.691200
2012-04-25,3.3270563700,3.3486746700,3.2794961100,3.3119235600,1342384,20534689.3300,4.159046,0.789500
2012-04-26,3.3097617300,3.3400273500,3.2427450000,3.2708487900,1186578,18023284.0900,3.676319,-1.240200
2012-04-27,3.2730106200,3.3832639500,3.2665251300,3.3400273500,1165428,17953927.8300,3.610791,2.115000
2012-05-02,3.3811021200,3.3811021200,3.3075999000,3.3659693100,1007046,15615375.4900,3.120084,0.776700
2012-05-03,3.3443510100,3.4113677400,3.3205708800,3.3789402900,885114,13757674.7800,2.742307,0.385400
2012-05-04,3.3854257800,3.4956791100,3.3529983300,3.4762226400,1594061,25466753.3200,4.938805,2.879100
2012-05-07,3.4546043400,3.5670195000,3.4373097000,3.5670195000,1429845,23281543.3900,4.430022,2.611900
2012-05-08,3.5756668200,3.8480574000,3.5713431600,3.6253889100,2732113,46614965.1400,8.464778,1.636400
2012-05-09,3.5778286500,3.6102561000,3.4697371500,3.4827081300,1496217,24362688.4300,4.635659,-3.935600
2012-05-10,3.4718989800,3.5821523100,3.4718989800,3.5237829000,1038296,17005439.8400,3.216904,1.179400
2012-05-11,3.5432393700,3.5626958400,3.5043264300,3.5172974100,840323,13725170.9300,2.603534,-0.184000
2012-05-14,3.5497248600,3.5562103500,3.4524425100,3.4589280000,1045903,16928073.9100,3.240472,-1.659500
2012-05-15,3.4156914000,3.4286623800,3.3638074800,3.4178532300,758832,11915812.8900,2.351054,-1.187500
2012-05-16,3.4135295700,3.5129737500,3.4135295700,3.4459570200,970229,15576513.5600,3.006015,0.822300
2012-05-17,3.4308242100,3.5389157100,3.4200150600,3.5302683900,960286,15536537.1900,2.975209,2.446700
2012-05-18,3.5129737500,3.5994469500,3.4805463000,3.4805463000,1099331,18015911.1000,3.406006,-1.408500
2012-05-21,3.4697371500,3.5259447300,3.4286623800,3.5151355800,862910,13914733.6500,2.673514,0.993800
2012-05-22,3.5172974100,3.6080942700,3.5172974100,3.5778286500,933615,15398133.2400,2.892576,1.783500
2012-05-23,3.5626958400,3.5994469500,3.4373097000,3.4805463000,976732,15845156.2400,3.026163,-2.719000
2012-05-24,3.4870317900,3.5129737500,3.4632516600,3.4718989800,624591,10070037.6800,1.935141,-0.248400
2012-05-25,3.4762226400,3.4805463000,3.3032762400,3.3270563700,1003235,15683334.2500,3.108276,-4.171900
2012-05-28,3.3032762400,3.3529983300,3.2254503600,3.3465128400,703002,10659379.2800,2.178078,0.584800
2012-05-29,3.3292182000,3.4265005500,3.3292182000,3.4027204200,815808,12773242.5100,2.527580,1.679600
2012-05-30,3.4027204200,3.4610898300,3.3897494400,3.4265005500,668161,10621821.3300,2.070132,0.698900
2012-05-31,3.3940731000,3.5648576700,3.3940731000,3.5043264300,1212508,19658130.9400,3.756657,2.271300
2012-06-01,3.5086500900,3.5562103500,3.4913554500,3.5151355800,772260,12575338.1000,2.392657,0.308500
2012-06-04,3.4589280000,3.4805463000,3.3357036900,3.3378655200,821284,12986401.5200,2.544546,-5.043100
2012-06-05,3.3465128400,3.4027204200,3.3292182000,3.3724548000,519184,8088718.9600,1.608564,1.036300
2012-06-06,3.3724548000,3.4156914000,3.3357036900,3.3724548000,395419,6187259.4400,1.225108,0.000000
2012-06-07,3.4156914000,3.4524425100,3.3638074800,3.3940731000,518562,8173235.4800,1.606636,0.641000
2012-06-08,3.4178532300,3.5972851200,3.3940731000,3.5021646000,1742367,28260935.4400,5.398294,3.184700
2012-06-11,3.5259447300,3.6967293000,3.5259447300,3.6815964900,2773022,46726432.2200,8.591525,5.123500
2012-06-12,3.6275507400,3.6426835500,3.5713431600,3.5843141400,1419204,23626666.0600,4.397054,-2.642400
2012-06-13,3.6448453800,3.7594223700,3.6167415900,3.6880819800,1987711,33975230.0400,6.158432,2.895100
2012-06-14,3.6599781900,3.6837583200,3.6037706100,3.6102561000,996503,16796112.8700,3.087419,-2.110200
2012-06-15,3.6361980600,3.6361980600,3.5670195000,3.6361980600,873655,14561547.8700,2.706805,0.718600
2012-06-18,3.6361980600,3.6837583200,3.6016087800,3.6772728300,1198033,20273496.6000,3.711810,1.129600
2012-06-19,3.6543099000,3.6936741000,3.6215064000,3.6772723500,1451626,16200814.8700,2.998337,0.000000
2012-06-20,3.6739920000,4.0446715500,3.6575902500,4.0446715500,2167920,26239784.0900,4.477844,9.991100
2012-06-21,4.2250908000,4.2250908000,3.8642523000,3.9528217500,7457118,92215711.4900,15.402694,-2.270900
2012-06-25,3.8609719500,3.8872147500,3.6936741000,3.7363186500,3435756,39479974.6700,7.096562,-5.477200
2012-06-26,3.6936741000,3.7953649500,3.6280671000,3.7888042500,2496435,28237811.8100,5.156392,1.404700
2012-06-27,3.7724025000,3.8511309000,3.6543099000,3.6838330500,3009132,34454933.0300,6.215369,-2.770600
2012-06-28,3.6903937500,3.7560007500,3.5821422000,3.6051046500,2164123,24329291.0400,4.470001,-2.137100
2012-06-29,3.5362173000,3.5755815000,3.4410871500,3.5624601000,2431426,25994981.0500,5.022116,-1.182900
2012-07-02,3.5657404500,3.6346278000,3.5460583500,3.6051046500,1594213,17451791.2200,3.292851,1.197100
2012-07-03,3.6051046500,3.6903937500,3.5788618500,3.6739920000,2021782,22523859.3800,4.175995,1.910800
2012-07-04,3.7067955000,3.8314488000,3.6411885000,3.6739920000,2509864,28469257.2900,5.184130,0.000000
2012-07-05,3.5985439500,3.6510295500,3.4771710000,3.4771710000,1864211,20030160.6400,3.850532,-5.357100
2012-07-06,3.5132548500,3.5329369500,3.3426766500,3.5230959000,2185959,23001338.7000,4.515103,1.320800
2012-07-09,3.4968531000,3.5296566000,3.3787605000,3.3918819000,970510,10239964.0400,2.004591,-3.724400
2012-07-10,3.3590784000,3.4410871500,3.3492373500,3.3984426000,764285,7919961.0800,1.578632,0.193400
2012-07-11,3.2901910500,3.2901910500,3.1261735500,3.2344251000,1886424,18420298.0100,3.896413,-4.826300
2012-07-12,3.2180233500,3.2869107000,3.1720984500,3.2442661500,1421512,14023303.4400,2.936136,0.304300
2012-07-13,3.2541072000,3.2803500000,3.1622574000,3.2147430000,1570938,15488407.1000,3.244776,-0.910000
2012-07-16,3.2147430000,3.2180233500,2.9588757000,2.9883988500,1629052,15111706.5300,3.364811,-7.040800
2012-07-17,2.9687167500,3.0474451500,2.9687167500,3.0146416500,655970,6023884.0600,1.354908,0.878200
2012-07-18,2.9949595500,3.0835290000,2.9752774500,3.0474451500,865414,7987784.1300,1.787515,1.088100
2012-07-19,3.0671272500,3.1392949500,3.0244827000,3.0900897000,714349,6720827.7900,1.475489,1.399400
2012-07-20,3.0835290000,3.1392949500,3.0572862000,3.0966504000,688811,6533061.0500,1.422741,0.212300
2012-07-23,3.0802486500,3.0966504000,3.0277630500,3.0343237500,1180930,10971049.6300,2.439214,-2.012700
2012-07-24,3.0048006000,3.0966504000,3.0015202500,3.0704076000,521021,4868778.3500,1.076170,1.189200
2012-07-25,3.1786591500,3.3787605000,3.1524163500,3.2639482500,5362315,53836518.3100,11.075874,6.303400
2012-07-26,3.1819395000,3.2311447500,3.1228932000,3.1261735500,2540933,24530977.1400,5.248303,-4.221100
2012-07-27,3.1425753000,3.1819395000,3.0802486500,3.1491360000,1755738,16733066.3000,3.626481,0.734500
2012-07-30,3.1392949500,3.1491360000,3.0080809500,3.0277630500,1182227,11091664.1300,2.441893,-3.854200
2012-07-31,3.0212023500,3.0244827000,2.9031097500,2.9457543000,1105107,9936347.2100,2.282601,-2.708600
2012-08-01,2.9719971000,3.0244827000,2.9555953500,2.9818381500,737290,6726537.7100,1.522874,1.224900
2012-08-02,2.9851185000,3.0179220000,2.9260722000,2.9621560500,718323,6495444.7100,1.483698,-0.660100
2012-08-03,2.9851185000,3.0704076000,2.9621560500,3.0671272500,1321497,12171744.7600,2.729555,3.543700
2012-08-06,3.0572862000,3.1819395000,3.0244827000,3.1556967000,1422630,13555916.9700,2.938445,2.887700
2012-08-07,3.1556967000,3.2278644000,3.1524163500,3.1819395000,1270698,12339806.4700,2.624630,0.831600
2012-08-08,3.1786591500,3.1917805500,3.1261735500,3.1491360000,840430,8109479.1600,1.735910,-1.030900
2012-08-09,3.1556967000,3.2311447500,3.1425753000,3.2311447500,1136366,11095899.0600,2.347167,2.604200
2012-08-10,3.2311447500,3.3295552500,3.1983412500,3.3000321000,1489686,14775227.8500,3.076950,2.132000
2012-08-13,3.2934714000,3.3000321000,3.2016216000,3.2016216000,1294256,12773703.5000,2.673289,-2.982100
2012-08-14,3.2016216000,3.2967517500,3.1589770500,3.2934714000,1070146,10573931.3300,2.210389,2.868900
2012-08-15,3.2639482500,3.3065928000,3.2114626500,3.2409858000,691948,6854090.2600,1.429220,-1.593600
2012-08-16,3.2114626500,3.3131535000,3.2081823000,3.2147430000,589652,5853973.5100,1.217928,-0.809700
2012-08-17,3.2114626500,3.2475465000,3.1622574000,3.2311447500,563774,5514516.3900,1.164476,0.510200
2012-08-20,3.2081823000,3.2245840500,3.1261735500,3.2114626500,593975,5752648.6300,1.226857,-0.609100
2012-08-21,3.2114626500,3.5099745000,3.1983412500,3.3295552500,2194066,22428406.9900,4.531848,3.677200
2012-08-22,3.3131535000,3.3656391000,3.2672286000,3.3328356000,1041428,10507814.9000,2.151072,0.098500
2012-08-23,3.3065928000,3.4378068000,3.3065928000,3.4345264500,1575863,16228220.4800,3.254949,3.051200
2012-08-24,3.4017229500,3.4443675000,3.3131535000,3.3197142000,1104978,11343636.4700,2.282335,-3.342900
2012-08-27,3.3065928000,3.3065928000,3.2213037000,3.2475465000,842785,8364902.0200,1.740774,-2.173900
2012-08-28,3.2475465000,3.3787605000,3.2475465000,3.3229945500,614244,6199048.9300,1.268722,2.323200
2012-08-29,3.2901910500,3.4443675000,3.2672286000,3.3721998000,1382475,14257506.1000,2.855505,1.480800
2012-08-30,3.4017229500,3.4410871500,3.1819395000,3.3492373500,2006864,20238462.4400,4.145182,-0.680931
2012-08-31,3.3459570000,3.4706103000,3.3000321000,3.4279657500,1391725,14427227.0000,2.874611,2.350600
2012-09-03,3.3951622500,3.5165352000,3.3951622500,3.4509282000,1456321,15386503.4600,3.008034,0.669900
2012-09-04,3.4640496000,3.7035151500,3.4345264500,3.5854225500,2607845,28550502.8300,5.386510,3.897300
2012-09-05,3.5460583500,3.7002348000,3.5362173000,3.6379081500,1827952,20254296.8200,3.775639,1.463900
2012-09-06,3.6379081500,3.7067955000,3.5460583500,3.6149457000,1485797,16343816.5000,3.068917,-0.631200
2012-09-07,3.9364200000,3.9757842000,3.9364200000,3.9757842000,2368993,28652506.4600,4.893160,9.981900
2012-09-10,4.2283711500,4.3727065500,4.1332410000,4.3727065500,14409799,188306462.1400,29.763472,9.983500
2012-09-11,4.1988480000,4.2218104500,4.0545126000,4.1233999500,7479317,94305825.9600,15.448546,-5.701400
2012-09-12,4.1332410000,4.2644550000,4.0118680500,4.1037178500,5853489,73933441.2700,12.090395,-0.477300
2012-09-13,4.0577929500,4.0938768000,3.8806540500,3.8806540500,4558657,55324646.7100,9.415916,-5.435700
2012-09-14,3.8904951000,3.9561021000,3.8150470500,3.8281684500,4000454,47401941.0100,8.262947,-1.352500
2012-09-17,3.8445702000,3.8642523000,3.6575902500,3.6936741000,3064848,35116264.6300,6.330450,-3.513300
2012-09-18,3.6936741000,3.8281684500,3.6608706000,3.8117667000,3261419,37387229.3600,6.736468,3.197200
2012-09-19,3.8117667000,3.8675326500,3.7625614500,3.7724025000,2449110,28456439.7600,5.058642,-1.032700
2012-09-20,3.7428793500,3.7724025000,3.6083850000,3.6739920000,2313195,25930155.7400,4.777909,-2.608700
2012-09-21,3.6543099000,3.6739920000,3.4476478500,3.4509282000,1871972,20201153.3400,3.866562,-6.071400
2012-09-24,3.4345264500,3.5526190500,3.3820408500,3.5493387000,1426619,15238649.3400,2.946685,2.851700
2012-09-25,3.5099745000,3.5558994000,3.4115640000,3.4607692500,1149378,12149049.1000,2.374043,-2.495400
2012-09-26,3.4443675000,3.5427780000,3.3557980500,3.4148443500,1154262,12139827.2500,2.384131,-1.327000
2012-09-27,3.4279657500,3.5362173000,3.3918819000,3.5165352000,1263141,13421927.0000,2.609021,2.977900
2012-09-28,3.4804513500,3.6674313000,3.4804513500,3.6083850000,2117825,23132806.7100,4.374372,2.611900
2012-10-08,3.6149457000,3.6510295500,3.5099745000,3.5362173000,686343,7422246.0900,1.417643,-2.000000
2012-10-09,3.5690208000,3.6575902500,3.5362173000,3.6543099000,1531155,16916716.0200,3.162604,3.339500
2012-10-10,3.6346278000,3.9528217500,3.6280671000,3.8084863500,3178483,36859242.4500,6.565164,4.219000
2012-10-11,3.7888042500,3.9036165000,3.6838330500,3.7002348000,1549512,17802146.5100,3.200521,-2.842400
2012-10-12,3.6903937500,3.8806540500,3.6871134000,3.7560007500,1476303,17030292.2400,3.049307,1.507100
2012-10-15,3.6903937500,3.7395990000,3.5755815000,3.7264776000,1351159,15052281.5800,2.790822,-0.786000
2012-10-16,3.7264776000,3.7953649500,3.6477492000,3.7527204000,1174458,13375952.8200,2.425846,0.704200
2012-10-17,3.7756828500,3.8478505500,3.6871134000,3.8019256500,1327025,15303513.8400,2.740973,1.311200
2012-10-18,3.8347291500,3.8642523000,3.7724025000,3.8216077500,2100705,24498030.8800,4.339011,0.517700
2012-10-19,3.8084863500,3.8872147500,3.7724025000,3.7822435500,776046,9053557.7600,1.602925,-1.030042
2012-10-22,3.7658418000,3.7658418000,3.6346278000,3.7002348000,1079184,12138104.5100,2.229057,-2.168300
2012-10-23,3.7002348000,3.7199169000,3.6018243000,3.6083850000,863451,9580861.5300,1.783460,-2.482300
2012-10-24,3.6083850000,3.6247867500,3.5460583500,3.6247867500,508202,5566387.4900,1.049692,0.454500
2012-10-25,3.6247867500,3.6247867500,3.5427780000,3.5526190500,1670251,18323975.4400,3.449907,-1.991000
2012-10-26,3.5427780000,3.5788618500,3.4673299500,3.5329369500,428538,4590578.8200,0.885146,-0.554000
2012-10-29,3.4902924000,3.5755815000,3.4870120500,3.5362173000,325185,3506882.4400,0.671670,0.092900
2012-10-30,3.5329369500,3.6313474500,3.5165352000,3.6149457000,879698,9596600.5000,1.817018,2.226300
2012-10-31,3.6149457000,3.6575902500,3.5493387000,3.6510295500,1479692,16364882.9700,3.056307,0.998200
2012-11-01,3.6280671000,3.6903937500,3.6182260500,3.6641509500,577331,6456162.9400,1.192478,0.359400
2012-11-02,3.6641509500,3.6805527000,3.5591797500,3.5821422000,878240,9660465.9700,1.814007,-2.238100
2012-11-05,3.5657404500,3.5952636000,3.5132548500,3.5198155500,501000,5394554.0000,1.034817,-1.739900
2012-11-06,3.5460583500,3.5460583500,3.3984426000,3.4246854000,721007,7527915.9700,1.489242,-2.702700
2012-11-07,3.4148443500,3.4378068000,3.3787605000,3.4082836500,461526,4786678.9500,0.953283,-0.478900
2012-11-08,3.3820408500,3.4148443500,3.2803500000,3.2901910500,503603,5110329.5200,1.040193,-3.464900
2012-11-09,3.3065928000,3.3623587500,3.2672286000,3.2967517500,345023,3472823.7400,0.712646,0.199400
2012-11-12,3.3065928000,3.3393963000,3.3065928000,3.3295552500,265600,2694890.4700,0.548597,0.995000
2012-11-13,3.3295552500,3.3459570000,3.2705089500,3.2869107000,252330,2527990.3700,0.521188,-1.280800
2012-11-14,3.2737893000,3.2869107000,3.2278644000,3.2639482500,228823,2267788.4900,0.472634,-0.698600
2012-11-15,3.2639482500,3.3033124500,3.2311447500,3.2541072000,225717,2247446.9000,0.466219,-0.301500
2012-11-16,3.2344251000,3.2541072000,3.1753788000,3.1852198500,286483,2796236.6300,0.591731,-2.116900
2012-11-19,3.1983412500,3.2311447500,3.1688181000,3.2278644000,205385,2003629.9100,0.424223,1.338800
2012-11-20,3.2442661500,3.2737893000,3.1852198500,3.2147430000,315851,3108005.9100,0.652391,-0.406500
2012-11-21,3.2245840500,3.2541072000,3.1556967000,3.2475465000,214912,2106864.4600,0.443901,1.020400
2012-11-22,3.2409858000,3.2442661500,3.1852198500,3.2049019500,153400,1505373.0000,0.316848,-1.313100
2012-11-23,3.2049019500,3.2311447500,3.1819395000,3.2049019500,111001,1086525.7600,0.229273,0.000000
2012-11-26,3.1819395000,3.2213037000,3.0900897000,3.0900897000,234900,2262151.0800,0.485186,-3.582400
2012-11-27,3.0900897000,3.1064914500,2.9129508000,2.9260722000,328250,2977303.0000,0.678001,-5.307900
2012-11-28,2.9687167500,2.9687167500,2.8539045000,2.8539045000,266251,2347872.7200,0.549942,-2.466400
2012-11-29,2.8539045000,2.9162311500,2.8145403000,2.8407831000,159831,1398197.6700,0.330131,-0.459800
2012-11-30,2.8407831000,2.8998294000,2.8375027500,2.8899883500,150370,1319518.2600,0.310590,1.732100
2012-12-03,2.8375027500,2.8932687000,2.8211010000,2.8375027500,220700,1909451.1400,0.455856,-1.816100
2012-12-04,2.8375027500,2.8867080000,2.7981385500,2.8867080000,227086,1969658.6000,0.469047,1.734100
2012-12-05,2.8965490500,3.0179220000,2.8801473000,3.0015202500,453075,4112426.8000,0.935827,3.977300
2012-12-06,3.0113613000,3.0507255000,2.9654364000,2.9719971000,318887,2915030.0700,0.658662,-0.983600
2012-12-07,3.0048006000,3.0408844500,2.9818381500,3.0376041000,549488,5049568.4800,1.134969,2.207500
2012-12-10,3.0179220000,3.0835290000,2.9785578000,3.0835290000,1270258,11738835.1900,2.623721,1.511900
2012-12-11,3.0802486500,3.0802486500,3.0212023500,3.0376041000,520379,4826500.4400,1.074844,-1.489400
2012-12-12,3.0212023500,3.0736879500,2.9621560500,3.0113613000,488740,4476959.2500,1.009494,-0.863900
2012-12-13,2.9883988500,3.0474451500,2.9523150000,2.9555953500,323341,2932018.5400,0.667862,-1.851900
2012-12-14,2.9523150000,3.1097718000,2.9359132500,3.0802486500,1104177,10268902.6600,2.280680,4.217500
2012-12-17,3.0704076000,3.1819395000,3.0671272500,3.1064914500,805723,7668466.9200,1.664223,0.852000
2012-12-18,3.1064914500,3.1786591500,3.0802486500,3.1294539000,878464,8395637.1800,1.814469,0.739200
2012-12-19,3.0736879500,3.1720984500,3.0736879500,3.1589770500,936262,8918290.4500,1.933851,0.943400
2012-12-20,3.1458556500,3.1917805500,3.1032111000,3.1819395000,701146,6746726.3200,1.448219,0.726900
2012-12-21,3.2114626500,3.2147430000,3.1392949500,3.1622574000,696189,6719822.2800,1.437980,-0.618600
2012-12-24,3.1556967000,3.2737893000,3.1360146000,3.2245840500,654961,6409805.4900,1.352823,1.971000
2012-12-25,3.2278644000,3.3065928000,3.1983412500,3.3065928000,1009936,10078819.7000,2.086025,2.543200
2012-12-26,3.3065928000,3.6149457000,3.3065928000,3.5099745000,1680842,17804059.1500,3.471783,6.150800
2012-12-27,3.5558994000,3.6346278000,3.4738906500,3.5657404500,1687996,18346215.8800,3.486560,1.588800
2012-12-28,3.4968531000,3.7166365500,3.4968531000,3.6969544500,1986426,22088865.7000,4.102967,3.679900
2012-12-31,3.7002348000,3.7330383000,3.6083850000,3.7231972500,1320625,14802718.7900,2.727754,0.709800
2013-01-04,3.6936741000,3.7231972500,3.5755815000,3.5788618500,599331,6636973.3300,1.237920,-3.876700
2013-01-07,3.5788618500,3.6182260500,3.5132548500,3.6182260500,773524,8377911.1700,1.597716,1.099900
2013-01-08,3.5723011500,3.6674313000,3.5591797500,3.6182260500,623011,6839456.0100,1.286831,0.000000
2013-01-09,3.5755815000,3.6674313000,3.5755815000,3.6280671000,856712,9430813.3000,1.769541,0.272000
2013-01-10,3.6280671000,3.6411885000,3.5066941500,3.5362173000,1280828,13935190.4400,2.645553,-2.531600
2013-01-11,3.5362173000,3.6575902500,3.4246854000,3.4443675000,1583816,17160011.2200,3.271375,-2.597400
2013-01-14,3.4378068000,3.6379081500,3.4279657500,3.5952636000,1103697,11969068.8600,2.279689,4.381000
2013-01-15,3.5821422000,3.6871134000,3.5755815000,3.6838330500,1041354,11538378.2500,2.150919,2.463500
2013-01-16,3.6608706000,3.7724025000,3.5821422000,3.6444688500,1039379,11680778.0900,2.146840,-1.068600
2013-01-17,3.6575902500,3.6838330500,3.6149457000,3.6477492000,770311,8564003.1600,1.591079,0.090000
2013-01-18,3.6805527000,3.7330383000,3.6641509500,3.7002348000,626555,7074108.9200,1.294151,1.438800
2013-01-21,3.6575902500,3.7395990000,3.6575902500,3.7035151500,651952,7332883.5900,1.346608,0.088700
2013-01-22,3.7035151500,3.7395990000,3.6083850000,3.6083850000,839612,9386710.0300,1.734220,-2.568600
2013-01-23,3.5821422000,3.6510295500,3.4443675000,3.5985439500,938479,10081924.8200,1.938430,-0.272700
2013-01-24,3.5821422000,3.6805527000,3.5427780000,3.6379081500,1194354,13142403.0600,2.466941,1.093900
2013-01-25,3.6280671000,3.6608706000,3.5394976500,3.5460583500,435500,4766005.0000,0.899526,-2.524800
2013-01-28,3.6051046500,3.6182260500,3.5493387000,3.6149457000,406754,4454499.5700,0.840151,1.942600
2013-01-29,3.6805527000,3.7002348000,3.6444688500,3.6838330500,910088,10175963.9300,1.879789,1.905600
2013-01-30,3.7002348000,3.7002348000,3.6018243000,3.6149457000,618650,6862263.0000,1.277823,-1.870000
2013-01-31,3.6116653500,3.6477492000,3.5526190500,3.5755815000,450585,4912947.6500,0.930684,-1.088900
2013-02-01,3.5591797500,3.6379081500,3.5591797500,3.6149457000,433191,4774821.0300,0.894757,1.100900
2013-02-04,3.6411885000,3.9757842000,3.5755815000,3.9757842000,2417492,28499134.4600,4.993335,9.981900
2013-02-05,3.9692235000,3.9757842000,3.8544112500,3.8970558000,1636682,19441019.5500,3.380570,-1.980200
2013-02-06,3.9725038500,4.2086890500,3.9068968500,4.0053073500,1620489,20064223.8900,3.347124,2.777800
2013-02-07,3.9462610500,4.1726052000,3.9462610500,4.0709143500,1294000,16004255.9700,2.672760,1.638000
2013-02-08,4.1988480000,4.3956690000,4.1496427500,4.3038192000,2229435,29203499.2800,4.604903,5.721200
2013-02-18,4.2972585000,4.4776777500,4.2710157000,4.4120707500,1330952,17837985.9000,2.749084,2.515200
2013-02-19,4.3464637500,4.4284725000,4.2152497500,4.2185301000,950125,12399817.7700,1.962485,-4.386600
2013-02-20,4.2185301000,4.2972585000,4.1135589000,4.2316515000,813829,10406692.2100,1.680966,0.311000
2013-02-21,4.1988480000,4.2316515000,4.0348305000,4.0413912000,836417,10480306.6300,1.727621,-4.496100
2013-02-22,4.0446715500,4.1627641500,4.0446715500,4.1069982000,630302,7904571.2900,1.301890,1.623400
2013-02-25,4.1332410000,4.1496427500,4.0676340000,4.1266803000,381633,4758438.8900,0.788264,0.479200
2013-02-26,4.1266803000,4.1266803000,4.0348305000,4.0709143500,748313,9279808.5100,1.545642,-1.351400
2013-02-27,4.0709143500,4.1266803000,4.0479519000,4.1135589000,366755,4556969.4700,0.757533,1.047500
2013-02-28,4.0774750500,4.2283711500,4.0774750500,4.2283711500,548652,6971956.4700,1.133242,2.791100
2013-03-01,4.2513336000,4.3530244500,4.2054087000,4.3431834000,1113455,14522779.9300,2.299844,2.715300
2013-03-04,4.3399030500,4.7729092500,4.3070995500,4.5629668500,2172113,30334299.9400,4.486504,5.060400
2013-03-05,4.5072009000,4.6777791000,4.5072009000,4.6580970000,955884,13396465.7000,1.974381,2.084800
2013-03-06,4.9861320000,5.1107853000,4.6909005000,4.7237040000,1706036,25272095.1200,3.523821,1.408500
2013-03-07,4.6384149000,4.8516376500,4.5957703500,4.6056114000,1097566,15625170.9700,2.267025,-2.500000
2013-03-08,4.6056114000,4.6580970000,4.4711170500,4.5006402000,772753,10673893.7200,1.596123,-2.279200
2013-03-11,4.4875188000,4.5892096500,4.4776777500,4.5039205500,497587,6867419.6100,1.027767,0.072900
2013-03-12,4.5498454500,4.5498454500,4.1201196000,4.2054087000,1147723,14950550.4100,2.370624,-6.627800
2013-03-13,4.1955676500,4.3300620000,4.0709143500,4.3103799000,1067461,13678472.2200,2.204843,2.496100
2013-03-14,4.2775764000,4.3005388500,4.2185301000,4.2546139500,483834,6262968.4900,0.999360,-1.293800
2013-03-15,4.1890069500,4.3497441000,4.1890069500,4.2644550000,594343,7749363.7100,1.227617,0.231300
2013-03-18,4.2382122000,4.3235013000,4.1988480000,4.2578943000,363668,4719872.5000,0.751157,-0.153800
2013-03-19,4.1988480000,4.2644550000,4.1988480000,4.2611746500,344039,4438846.0000,0.710613,0.077000
2013-03-20,4.2742960500,4.3825476000,4.2414925500,4.3792672500,1040937,13793348.0000,2.150058,2.771400
2013-03-21,4.3792672500,4.5268830000,4.3399030500,4.5006402000,1217827,16504912.0000,2.515424,2.771500
2013-03-22,4.5301633500,4.5301633500,4.4219118000,4.5236026500,1299838,17699392.0000,2.684818,0.510200
2013-03-25,4.5268830000,4.5400044000,4.4481546000,4.5137616000,1380950,18935728.0000,2.852355,-0.217500
2013-03-26,4.5137616000,4.6777791000,4.4284725000,4.6646577000,1292547,17971968.0000,2.669759,3.343000
2013-03-27,4.6482559500,4.8122734500,4.6416952500,4.7433861000,1760526,25358320.0000,3.636370,1.687800
2013-03-28,4.7204236500,4.7237040000,4.4350332000,4.4350332000,1596111,22141124.0000,3.296771,-6.500700
2013-03-29,4.4317528500,4.5596865000,4.4055100500,4.4776777500,1125439,15280864.0000,2.324597,0.961500
2013-04-01,4.4547153000,4.5203223000,4.1037178500,4.1529231000,2686477,35032184.0000,5.548924,-7.252700
2013-04-02,4.1529231000,4.1529231000,3.7363186500,3.7625614500,4997906,58865516.0000,10.323186,-9.399700
2013-04-03,3.7395990000,3.9036165000,3.6116653500,3.9003361500,2622678,30098010.0000,5.417147,3.661700
2013-04-08,3.9626628000,4.2906978000,3.9364200000,4.2906978000,3296669,41375580.0000,6.809277,10.008400
2013-04-09,4.3103799000,4.6384149000,4.2578943000,4.4579956500,2768381,37631544.0000,5.718097,3.899100
2013-04-10,4.4776777500,4.5170419500,4.3136602500,4.3267816500,1783610,23755520.0000,3.684050,-2.943300
2013-04-11,4.3136602500,4.3694262000,4.1791659000,4.1791659000,1458018,18999008.0000,3.011539,-3.411700
2013-04-12,4.1890069500,4.2546139500,4.1332410000,4.1627641500,974919,12432396.0000,2.013697,-0.392466
2013-04-15,4.1627641500,4.1627641500,4.1627641500,4.1627641500,0,0.0000,,0.000000
2013-04-16,3.8052060000,3.9232986000,3.7461597000,3.9101772000,2794200,32368576.0000,5.771426,-6.067766
2013-04-17,3.8708130000,3.9725038500,3.8478505500,3.9298593000,1483882,17758332.0000,3.064962,0.503400
2013-04-18,3.9036165000,4.0577929500,3.8937754500,4.0479519000,1142170,13966421.0000,2.359155,3.005000
2013-04-19,4.0479519000,4.0479519000,4.0479519000,4.0479519000,0,0.0000,,0.000000
2013-04-22,4.0479519000,4.0479519000,4.0479519000,4.0479519000,0,0.0000,,0.000000
2013-04-23,4.1594838000,4.3792672500,4.1594838000,4.1988480000,1939325,25052462.0000,4.005680,3.727700
2013-04-24,4.1365213500,4.3267816500,4.1004375000,4.3038192000,2120019,27579192.0000,4.378904,2.500000
2013-04-25,4.2972585000,4.4219118000,4.2152497500,4.2250908000,1684023,22193302.0000,3.478353,-1.829300
2013-04-26,4.2250908000,4.3563048000,4.2250908000,4.3464637500,1321256,17366826.0000,2.729057,2.872670
2013-05-02,4.3595851500,4.4284725000,4.2906978000,4.3923886500,964835,12888504.0000,1.992869,1.056600
2013-05-03,4.3661458500,4.5531258000,4.3628655000,4.5367240500,1360389,18614168.0000,2.809887,3.286031
2013-05-06,4.5432847500,4.7565075000,4.5268830000,4.6121721000,1397214,19784844.0000,2.885949,1.663100
2013-05-07,4.6023310500,4.7007415500,4.5596865000,4.6810594500,992610,14065309.0000,2.050238,1.493600
2013-05-08,4.7073022500,5.1501495000,4.7040219000,5.1501495000,3730369,57029240.0000,7.705086,10.021000
2013-05-09,5.3141670000,5.5109880000,5.0911032000,5.4027364500,4847733,78310536.0000,10.013003,4.904500
2013-05-10,5.2977652500,5.8029391500,5.2321582500,5.7602946000,4265066,70968928.0000,8.809503,6.618100
2013-05-13,5.6356413000,5.7865374000,5.4125775000,5.5241094000,3084136,52231084.0000,6.370290,-4.100200
2013-05-14,5.5372308000,5.5437915000,5.2682421000,5.4585024000,2426555,39945596.0000,5.012055,-1.187600
2013-05-15,5.3797740000,5.5700343000,5.3764936500,5.5437915000,1568396,26394024.0000,3.239525,1.562500
2013-05-16,5.4945862500,5.5536325500,5.3928954000,5.4060168000,2799260,46462636.0000,5.781878,-2.485200
2013-05-17,5.4092971500,5.9177514000,5.3797740000,5.9013496500,3362848,58222456.0000,6.945970,9.162600
2013-05-20,5.8652658000,6.1933008000,5.8652658000,6.1670580000,2045107,37841748.0000,4.224173,4.502500
2013-05-21,6.2621881500,6.4458877500,6.1342545000,6.3770004000,2413226,46396476.0000,4.984524,3.404262
2013-05-22,6.3310755000,6.3934021500,6.1998615000,6.2326650000,1907500,36532160.0000,3.939946,-2.263400
2013-05-23,6.1998615000,6.8493708000,6.1965811500,6.7837638000,2695352,54432216.0000,5.567256,8.842100
2013-05-24,6.9248188500,7.2134896500,6.7837638000,7.0527525000,4169949,88952880.0000,8.613039,3.965200
2013-05-27,6.8941048400,7.1386704000,6.7156380800,6.9998629200,6050647,63573216.0000,6.248812,-0.749800
2013-05-28,6.8874949600,7.0857913600,6.5173416800,6.6230997600,5249288,53237832.0000,5.421208,-5.382400
2013-05-29,6.5305614400,7.2840877600,6.5305614400,7.2840877600,7946779,84716208.0000,8.207045,9.980000
2013-05-30,7.2179889600,7.5088236800,7.1651099200,7.2047692000,9018037,100167264.0000,9.313388,-1.088900
2013-05-31,7.1518901600,7.3898458400,6.9734234000,7.2444284800,4826264,52726972.0000,4.984330,0.550463
2013-06-03,7.1386704000,7.2708680000,6.8610554400,6.9403740000,3418850,36465008.0000,3.530821,-4.197100
2013-06-04,6.9403740000,7.1188407600,6.6759788000,7.1056210000,3150534,32897510.0000,3.253718,2.381000
2013-06-05,7.0725716000,7.6806805600,7.0196925600,7.6079718800,5597367,63340752.0000,5.780687,7.069800
2013-06-06,7.5022138000,7.6344114000,7.3898458400,7.4625545200,2994451,33823816.0000,3.092523,-1.911400
2013-06-07,7.5352632000,7.7864386400,7.2576482400,7.6079718800,4294853,49271584.0000,4.435514,1.948600
2013-06-13,7.4757742800,7.5815323600,7.1981593200,7.5617027200,3427274,38531028.0000,3.539521,-0.608200
2013-06-14,7.5947521200,8.1235425200,7.4757742800,8.1037128800,6753579,80165736.0000,6.974766,7.167800
2013-06-17,8.0045646800,8.3350586800,7.9318560000,7.9649054000,6564751,80603248.0000,6.779754,-1.712900
2013-06-18,7.9318560000,8.4408167600,7.8128781600,8.3681080800,5559522,68476032.0000,5.741603,5.062200
2013-06-19,8.3350586800,8.9365577600,8.2293006000,8.7580910000,7534099,98603120.0000,7.780849,4.660300
2013-06-20,8.7911404000,9.6372050400,8.6919922000,9.0687553600,12386522,172874176.0000,12.792194,3.547200
2013-06-21,8.7250416000,9.6107655200,8.1632018000,9.4521284000,9101895,123101896.0000,9.399992,4.227400
2013-06-24,9.3199308000,9.5843260000,8.5069155600,8.5069155600,8330421,113737344.0000,8.603252,-10.000000
2013-06-25,8.1169326400,9.0290960800,7.6542410400,8.7779206400,9796643,121083032.0000,10.117494,3.185700
2013-06-26,8.6258934000,9.5512766000,8.5135254400,9.4917876800,8796162,119852872.0000,9.084246,8.132500
2013-06-27,9.6173754000,9.7694026400,8.5399649600,8.6919922000,9007090,125245232.0000,9.302082,-8.426200
2013-06-28,8.2953994000,8.8572392000,7.9318560000,8.1962512000,5715750,72446544.0000,5.902947,-5.703400
2013-07-01,8.1962512000,8.1962512000,8.1962512000,8.1962512000,0,0.0000,,0.000000
2013-07-02,9.0158763200,9.0158763200,8.8572392000,9.0158763200,2658898,36222292.0000,2.745980,10.000000
2013-07-03,9.3860296000,9.8487212000,9.1877332000,9.8421113200,11619071,168327104.0000,11.999609,9.164200
2013-07-04,9.5843260000,10.7080056000,9.4587382800,10.3510720800,9996416,152471680.0000,10.323810,5.171300
2013-07-05,10.1792152000,10.4436104000,9.7495730000,9.7495730000,6552409,100090352.0000,6.767008,-5.811000
2013-07-08,9.3397604400,9.8024520400,9.0357059600,9.2868814000,4772027,67918248.0000,4.928316,-4.745800
2013-07-09,9.4587382800,9.7099137200,9.2934912800,9.3860296000,4206317,60104204.0000,4.344079,1.067600
2013-07-10,9.3728098400,9.6372050400,9.1943430800,9.5182272000,3822154,54767636.0000,3.947334,1.408500
2013-07-11,9.4389086400,9.6173754000,9.0621454800,9.2802715200,6172272,86953280.0000,6.374421,-2.500000
2013-07-12,9.2472221200,9.6372050400,9.1877332000,9.3133209200,5164479,73979288.0000,5.333621,0.356100
2013-07-15,9.1943430800,9.9610891600,9.1414640400,9.9082101200,6398519,93915120.0000,6.608078,6.387500
2013-07-16,9.8685508400,10.0668472400,9.7231334800,9.9941385600,4851825,72859440.0000,5.010728,0.867200
2013-07-17,10.0139682000,10.0139682000,9.6504248000,9.6570346800,3811250,56620880.0000,3.936073,-3.373000
2013-07-18,9.5843260000,9.9016002400,9.5777161200,9.6570346800,3458891,50950388.0000,3.572174,0.000000
2013-07-19,9.7694026400,9.8421113200,8.9894368000,9.0819751200,5772943,81867856.0000,5.962013,-5.954800
2013-07-22,9.1282442800,9.4521284000,8.9894368000,9.2538320000,3282980,45895388.0000,3.390501,1.892300
2013-07-23,9.4719580400,9.9875286800,9.3728098400,9.9280397600,6941411,102765920.0000,7.168750,7.285700
2013-07-24,9.8817706000,10.1726053200,9.7627927600,10.1329460400,7259908,110153776.0000,7.497678,2.063900
2013-07-25,10.1131164000,10.1461658000,9.3860296000,9.5777161200,4605912,67677408.0000,4.756761,-5.479500
2013-07-26,9.6504248000,9.6504248000,9.1679035600,9.5777161200,2406871,34388272.0000,2.485699,0.000000
2013-07-29,9.6041556400,9.6041556400,9.1877332000,9.3463703200,2298776,32441496.0000,2.374063,-2.415500
2013-07-30,8.9167281200,8.9233380000,8.4143772400,8.7184317200,7525904,97444016.0000,7.772386,-6.718500
2013-07-31,8.5267452000,8.6391131600,8.2293006000,8.3945476000,3104000,39588340.0000,3.205659,-3.714900
2013-08-01,8.3152290400,8.6391131600,8.1433721600,8.5664044800,4094342,52168024.0000,4.228436,2.047200
2013-08-02,8.5267452000,8.6853823200,8.4804760400,8.5664044800,3582900,46380760.0000,3.700244,0.000000
2013-08-05,8.5597946000,8.8241898000,8.4936958000,8.7647008800,2615083,34410240.0000,2.700730,2.314800
2013-08-06,8.7647008800,8.9167281200,8.7250416000,8.7779206400,2467796,32780708.0000,2.548619,0.150800
2013-08-07,8.6919922000,8.7779206400,8.4606464000,8.4936958000,2442729,31664448.0000,2.522731,-3.238000
2013-08-08,8.4011574800,8.6589428000,8.4011574800,8.6060637600,1510095,19604002.0000,1.559552,1.323000
2013-08-09,8.6523329200,8.6523329200,8.3350586800,8.5399649600,1533748,19715988.0000,1.583980,-0.768000
2013-08-12,8.5399649600,8.5730143600,8.2359104800,8.3020092800,1691803,21426996.0000,1.747211,-2.786400
2013-08-13,8.3020092800,8.5399649600,8.2623500000,8.3879377200,1797977,22880192.0000,1.856863,1.035000
2013-08-14,8.4275970000,8.4275970000,8.1301524000,8.2821796400,1780526,22309508.0000,1.838840,-1.260800
2013-08-15,8.2623500000,8.3614982000,8.1632018000,8.1632018000,1803936,22455834.0000,1.863017,-1.436600
2013-08-16,8.0640536000,8.1632018000,7.8062682800,7.8128781600,2062332,24991000.0000,2.129876,-4.291500
2013-08-19,7.8327078000,8.4275970000,7.7401694800,8.3945476000,2252847,27882408.0000,2.326630,7.445000
2013-08-20,8.2623500000,8.6986020800,8.1896413200,8.6391131600,3897636,50376192.0000,4.025288,2.913400
2013-08-21,8.5928440000,8.8902886000,8.4474266400,8.6258934000,2287539,30039092.0000,2.362458,-0.153000
2013-08-22,8.6325032800,8.9497775200,8.5333550800,8.8440194400,2587529,34601680.0000,2.672273,2.528700
2013-08-23,8.8572392000,9.0357059600,8.4540365200,8.8440194400,2563097,34403148.0000,2.647041,0.000000
2013-08-26,8.8506293200,9.0290960800,8.7845305200,8.8572392000,2200589,29578920.0000,2.272661,0.149500
2013-08-27,8.8902886000,8.8902886000,8.5267452000,8.6919922000,2689435,35194120.0000,2.777517,-1.865700
2013-08-28,8.6589428000,8.7052119600,8.2689598800,8.2821796400,3002158,38474044.0000,3.100482,-4.714800
2013-08-29,8.2821796400,8.3681080800,8.1499820400,8.3284488000,1275534,16020890.0000,1.317309,0.558700
2013-08-30,8.3284488000,8.3350586800,7.8657572000,7.9913449200,2115848,25895302.0000,2.185144,-4.047600
2013-09-02,7.9913449200,8.1103227600,7.8789769600,8.0376140800,801686,9737900.0000,0.827942,0.579000
2013-09-03,8.0111745600,8.3879377200,7.9847350400,8.3614982000,1436894,17867420.0000,1.483954,4.029600
2013-09-04,8.3614982000,8.4606464000,8.2887895200,8.4606464000,1094143,13904728.0000,1.129977,1.185800
2013-09-05,8.4606464000,9.2868814000,8.4011574800,9.1745134400,4922906,67218880.0000,5.084137,8.437500
2013-09-06,9.1282442800,9.5116173200,8.9101182400,9.1877332000,4098633,57071200.0000,4.232868,0.144100
2013-09-09,9.1811233200,9.9082101200,9.0555356000,9.8355014400,5430048,77719568.0000,5.607888,7.050400
2013-09-10,9.6041556400,9.9148200000,9.5843260000,9.5909358800,2359383,34602964.0000,2.436655,-2.486600
2013-09-11,9.5711062400,9.7892322800,9.1546838000,9.2736616400,2706480,38760865.0000,2.795120,-3.308100
2013-09-12,9.1216344000,9.8553310800,9.0687553600,9.6570346800,2890966,42169825.0000,2.985648,4.134000
2013-09-13,9.6504248000,9.8024520400,9.5644963600,9.7099137200,1535190,22551592.0000,1.585469,0.547600
2013-09-16,9.7099137200,10.1065065200,9.5644963600,10.0800670000,3350889,50197410.0000,3.460634,3.812100
2013-09-17,10.0800670000,10.2453140000,9.7826224000,9.7958421600,2711253,40900950.0000,2.800050,-2.819700
2013-09-18,9.7826224000,10.6419068000,9.7429631200,10.3642918400,3015261,46484722.0000,3.114014,5.803000
2013-09-23,10.3709017200,11.3028948000,10.2453140000,11.1640873200,4690901,77334416.0000,4.844533,7.716800
2013-09-24,11.0384996000,11.7457567600,11.0054502000,11.5408504800,4317380,75212474.0000,4.458779,3.374800
2013-09-25,11.5011912000,11.6928777200,11.3227244400,11.5672900000,2746055,47750872.0000,2.835991,0.229100
2013-09-26,11.4350924000,11.8316852000,11.4350924000,11.5672900000,2595804,45810249.0000,2.680819,0.000000
2013-09-27,11.5210208400,11.6994876000,11.2367960000,11.3954331200,2905053,50178704.0000,3.000197,-1.485700
2013-09-30,11.3954331200,11.6994876000,11.3095046800,11.6928777200,2114804,36813492.0000,2.184066,2.610200
2013-10-08,12.0101519600,12.2018384800,11.7655864000,11.8316852000,3510708,63748812.0000,3.625688,1.187100
2013-10-09,11.7127073600,12.0894705200,11.6399986800,12.0894705200,2235925,40246993.0000,2.309154,2.178800
2013-10-10,12.1357396800,12.1621792000,11.5672900000,11.6796579600,2884960,51416049.0000,2.979446,-3.389800
2013-10-11,11.7060974800,11.9506630400,11.3359442000,11.9440531600,2782188,49021900.0000,2.873308,2.263700
2013-10-14,10.7542747600,11.5672900000,10.7476648800,11.4218726400,5773276,98278503.0000,5.962357,-4.371900
2013-10-15,11.1971367200,12.3075965600,11.1706972000,12.1952286000,4544133,82134753.0000,4.692958,6.770800
2013-10-16,12.1489594400,12.1489594400,11.5805097600,11.7788061600,3220660,57687711.0000,3.326140,-3.414600
2013-10-17,11.8845642400,12.1621792000,11.7788061600,11.8316852000,1548123,28091394.0000,1.598826,0.448900
2013-10-18,11.8316852000,12.0630310000,11.7259271200,11.7259271200,1320102,23731978.0000,1.363337,-0.893900
2013-10-21,11.8316852000,11.9308334000,11.4483121600,11.7655864000,2693441,47652747.0000,2.781654,0.338200
2013-10-22,11.7655864000,11.8382950800,11.2698454000,11.3888232400,2498207,43718155.0000,2.580026,-3.202200
2013-10-23,11.3888232400,11.5474603600,10.9129118800,11.1508675600,2116950,35807488.0000,2.186282,-2.089400
2013-10-24,11.1508675600,11.8845642400,11.1508675600,11.7060974800,2490670,43675100.0000,2.572242,4.979300
2013-10-25,11.7060974800,11.8779543600,10.9063020000,11.0715490000,2378579,40531298.0000,2.456480,-5.420700
2013-10-28,11.2037466000,11.2037466000,10.1131164000,10.6749562000,2299908,36747164.0000,2.375233,-3.582100
2013-10-29,10.9063020000,11.2103564800,10.0668472400,10.4964894400,2049218,32910031.0000,2.116332,-1.671800
2013-10-30,10.5030993200,10.6022475200,10.2651436400,10.3775116000,1170659,18358786.0000,1.208999,-1.133500
2013-10-31,10.3775116000,10.4898795600,10.1197262800,10.3048029200,813060,12633017.0000,0.839689,-0.700600
2013-11-01,10.3048029200,10.9591810400,10.1858250800,10.7608846400,1720831,27950799.0000,1.777190,4.425900
2013-11-04,10.7608846400,11.8382950800,10.6419068000,10.8798624800,2159738,36054289.0000,2.230472,1.105700
2013-11-05,10.7807142800,10.7807142800,10.4171708800,10.6947858400,1417900,22716047.0000,1.464338,-1.701100
2013-11-06,10.6947858400,10.7608846400,10.4766598000,10.6154672800,925375,14876059.0000,0.955682,-0.741700
2013-11-07,10.4964894400,10.5758080000,10.1858250800,10.2188744800,698323,10912354.0000,0.721194,-3.736000
2013-11-08,10.0602373600,10.2320942400,9.3529802000,9.4653481600,2083079,30659389.0000,2.151302,-7.373900
2013-11-11,9.4389086400,10.1461658000,8.7118218400,10.1461658000,2434873,34928042.0000,2.514618,7.192700
2013-11-12,10.1726053200,10.5559783600,9.9214298800,10.5097092000,2337316,36931265.0000,2.413866,3.583100
2013-11-13,10.4766598000,10.5758080000,10.2783634000,10.4634400400,1110981,17510231.0000,1.147367,-0.440300
2013-11-14,10.3576819600,11.0318897200,10.3114128000,10.9856205600,2007084,32307301.0000,2.072818,4.990500
2013-11-15,11.3623837200,11.5672900000,11.0517193600,11.2037466000,2558256,43992231.0000,2.642042,1.985600
2013-11-18,11.1442576800,11.4284825200,11.0318897200,11.3359442000,1492031,25378354.0000,1.540897,1.179900
2013-11-19,11.4020430000,11.4020430000,11.2037466000,11.3028948000,849042,14480512.0000,0.876849,-0.291500
2013-11-20,11.3689936000,11.3689936000,10.8600328400,11.0252798400,1304076,21847161.0000,1.346786,-2.456100
2013-11-21,10.9724008000,10.9724008000,10.5625882400,10.6815660800,1481170,24015344.0000,1.529680,-3.117500
2013-11-22,10.7013957200,10.9988403200,10.7013957200,10.8996921200,1139679,18741295.0000,1.177005,2.042100
2013-11-25,10.9261316400,11.2169663600,10.8335933200,11.1574774400,1787323,29849675.0000,1.845860,2.365100
2013-11-26,11.1905268400,11.3888232400,11.1045984000,11.3028948000,1304377,22288170.0000,1.347097,1.303300
2013-11-27,11.4020430000,11.4549220400,11.1244280400,11.3888232400,1329576,22726082.0000,1.373121,0.760200
2013-11-28,11.3888232400,11.4879714400,11.2632355200,11.3689936000,1040636,17962817.0000,1.074718,-0.174100
2013-11-29,11.4020430000,11.8316852000,11.4020430000,11.6796579600,2345660,41381301.0000,2.422483,2.732600
2013-12-02,11.1376478000,11.5210208400,10.7741044000,10.9657909200,3382783,56974391.0000,3.493573,-6.112100
2013-12-03,10.5097092000,11.6333888000,10.5097092000,11.3954331200,1812109,30728558.0000,1.871458,3.918000
2013-12-04,11.2566256400,11.4284825200,10.6419068000,10.6947858400,3406800,56883075.0000,3.518377,-6.148500
2013-12-05,10.6749562000,10.7873241600,10.1659954400,10.1659954400,2163751,34018858.0000,2.234616,-4.944400
2013-12-06,10.1659954400,10.5758080000,10.1263361600,10.3642918400,974545,15262790.0000,1.006462,1.950600
2013-12-09,10.3642918400,10.4964894400,10.3246325600,10.4832696800,512890,8098443.0000,0.529688,1.148000
2013-12-10,10.4832696800,10.4964894400,10.1858250800,10.1990448400,809873,12589399.0000,0.836397,-2.711200
2013-12-11,10.2056547200,10.2915831600,9.9676990400,10.1329460400,718651,10996048.0000,0.742188,-0.648100
2013-12-12,10.1461658000,10.4105610000,10.0800670000,10.2849732800,1145762,17779628.0000,1.183287,1.500300
2013-12-13,10.2849732800,10.3510720800,10.0866768800,10.1329460400,750064,11524945.0000,0.774629,-1.478100
2013-12-16,9.9280397600,10.2585337600,9.9280397600,10.2585337600,684604,10559720.0000,0.707026,1.239400
2013-12-17,10.2320942400,10.2915831600,9.9941385600,10.1197262800,498150,7657315.0000,0.514465,-1.353100
2013-12-18,10.2453140000,10.6551265600,10.2453140000,10.5890277600,1520518,24235355.0000,1.570317,4.637500
2013-12-19,10.5956376400,10.6551265600,10.3114128000,10.4237807600,800324,12721781.0000,0.826536,-1.560500
2013-12-20,10.5758080000,10.5758080000,10.3246325600,10.4634400400,616053,9706711.0000,0.636229,0.380500
2013-12-23,10.4634400400,10.5758080000,10.3642918400,10.4436104000,524424,8300534.0000,0.541599,-0.189500
2013-12-24,10.5097092000,10.5691981200,10.3775116000,10.5229289600,617544,9795690.0000,0.637769,0.759500
2013-12-25,10.6022475200,10.8402032000,10.4964894400,10.7410550000,798189,12922224.0000,0.824331,2.072900
2013-12-26,10.7674945200,10.7674945200,10.5890277600,10.6419068000,601439,9691413.0000,0.621137,-0.923100
2013-12-27,10.6419068000,10.7807142800,10.5824178800,10.7741044000,1033291,16723940.0000,1.067132,1.242200
2013-12-30,10.7608846400,11.2169663600,10.7608846400,11.1839169600,1515865,25412277.0000,1.565511,3.803700
2013-12-31,11.1310379200,11.2896750400,11.0451094800,11.1706972000,1327169,22404014.0000,1.370635,-0.118200
2014-01-02,11.1905268400,11.2764552800,11.0781588800,11.2301861200,830151,14073499.0000,0.857339,0.532500
2014-01-03,11.2301861200,11.3161145600,11.1773070800,11.2301861200,888072,15102449.0000,0.917157,0.000000
2014-01-06,11.2169663600,11.2301861200,10.8071538000,10.8864723600,884943,14682391.0000,0.913926,-3.060600
2014-01-07,10.8071538000,10.9063020000,10.5758080000,10.8402032000,360758,5906832.0000,0.372573,-0.425000
2014-01-08,10.9063020000,10.9063020000,10.5758080000,10.6749562000,1111172,18036666.0000,1.147564,-1.524400
2014-01-09,10.6551265600,10.8930822400,10.5758080000,10.6815660800,1093548,17779396.0000,1.129363,0.061900
2014-01-10,10.6815660800,11.1376478000,10.6286870400,11.1178181600,4423681,73491846.0000,4.568562,4.084200
2014-01-13,11.1045984000,11.1112082800,10.6551265600,10.7080056000,1898938,31127294.0000,1.961130,-3.686100
2014-01-14,10.7013957200,10.8534229600,10.5758080000,10.8335933200,984337,15961802.0000,1.016575,1.172800
2014-01-15,10.7542747600,10.8732526000,10.5824178800,10.7608846400,849330,13761866.0000,0.877147,-0.671100
2014-01-16,10.8203735600,11.1310379200,10.7080056000,11.1045984000,1724439,28746140.0000,1.780916,3.194100
2014-01-17,11.0517193600,11.5672900000,10.9724008000,11.4284825200,3787480,64592743.0000,3.911524,2.916700
2014-01-20,11.5011912000,11.7986358000,11.3161145600,11.7259271200,3312296,58061278.0000,3.420777,2.602700
2014-01-21,11.6994876000,11.9043938800,11.6069492800,11.7986358000,1924291,34241422.0000,1.987314,0.620100
2014-01-22,12.1423495600,12.4926732000,11.7986358000,11.9572729200,3670747,66799781.0000,3.790968,1.344500
2014-01-23,11.8316852000,12.0630310000,11.6994876000,11.8647346000,2560586,46037662.0000,2.644448,-0.773900
2014-01-24,11.8647346000,11.8713444800,11.5937295200,11.8052456800,2393870,42387932.0000,2.472272,-0.501400
2014-01-27,11.7325370000,11.7655864000,11.4218726400,11.5937295200,1570434,27523517.0000,1.621867,-1.791700
2014-01-28,11.5937295200,11.7060974800,11.3028948000,11.5210208400,820605,14255097.0000,0.847481,-0.627100
2014-01-29,11.4549220400,11.8052456800,11.4549220400,11.6796579600,1500552,26445367.0000,1.549697,1.376900
2014-01-30,11.6994876000,11.7986358000,11.4681418000,11.5408504800,1417338,24993485.0000,1.463757,-1.188500
2014-02-07,11.6333888000,11.6994876000,11.4681418000,11.6862678400,1256735,22004545.0000,1.297894,1.260000
2014-02-10,11.6928777200,12.1225199200,11.6664382000,12.0960804000,3145513,56847907.0000,3.248532,3.506800
2014-02-11,12.0894705200,12.4133546400,11.9110037600,12.1820088400,2667872,49174972.0000,2.755248,0.710400
2014-02-12,12.1820088400,12.1952286000,11.9043938800,11.9903223200,1619769,29475293.0000,1.672818,-1.573500
2014-02-13,12.0299816000,13.0743426400,12.0233717200,12.6843597200,5051998,96096547.0000,5.217457,5.788300
2014-02-14,12.8958758800,13.8741381200,12.7967276800,13.8476986000,8272583,168285382.0000,8.543519,9.171400
2014-02-17,13.8146492000,14.8061312000,13.7088911200,14.7003731200,8175658,179354898.0000,8.443420,6.157500
2014-02-18,14.7202027600,15.2820425600,13.8807480000,14.9912078400,5270379,117413917.0000,5.442990,1.978400
2014-02-19,14.8722300000,15.3944105200,14.4756372000,14.6078348000,4224154,95221557.0000,4.362500,-2.557300
2014-02-20,14.8193509600,14.9383288000,14.2442914000,14.4756372000,3503636,77169338.0000,3.618384,-0.905000
2014-02-21,14.4624174400,15.3283117200,14.3302198400,15.2357734000,3900987,88618978.0000,4.028749,5.251100
2014-02-24,15.2423832800,15.9232009200,14.7069830000,15.1895042400,4305654,99111907.0000,4.446669,-0.303700
2014-02-25,15.1828943600,15.2820425600,13.7485504000,14.1583629600,4569273,101454742.0000,4.718922,-6.788500
2014-02-26,14.0526048800,14.5417360000,13.2726390400,14.2112420000,2537388,53728558.0000,2.620490,0.373500
2014-02-27,14.2244617600,15.1234054400,14.2112420000,14.4029285200,3723270,82632586.0000,3.845211,1.348800
2014-02-28,14.4425878000,15.0639165200,14.2839506800,15.0440868800,3078148,68797080.0000,3.178961,4.451600
2014-03-03,15.8571021200,16.1875961200,15.1696746000,15.7116847600,2886904,68745049.0000,2.981453,4.437600
2014-03-04,15.7777835600,16.5180901200,15.3613611200,16.5114802400,5069650,122998297.0000,5.235687,5.090500
2014-03-05,16.5907988000,16.7758754400,16.2603048000,16.5114802400,2897850,72355426.0000,2.992758,0.000000
2014-03-06,16.4453814400,16.4453814400,15.9694700800,16.0091293600,2234944,54464134.0000,2.308141,-3.042400
2014-03-07,15.9165910400,16.2008158800,15.4340698000,15.7182946400,2974394,70819242.0000,3.071809,-1.816700
2014-03-10,15.7249045200,15.7315144000,14.9317189200,14.9317189200,2426658,55972780.0000,2.506134,-5.004200
2014-03-11,14.7796916800,15.0242572400,13.9997258400,14.0724345200,2612904,57188968.0000,2.698480,-5.754800
2014-03-12,14.1980222400,14.3897087600,13.6031330400,14.1980222400,2193869,46281040.0000,2.265721,0.892400
2014-03-13,14.2641210400,14.5946150400,14.0129456000,14.5880051600,2022037,43710037.0000,2.088261,2.746700
2014-03-14,14.5351261200,15.4671192000,14.3103902000,15.1366252000,3112746,71420677.0000,3.214692,3.760800
2014-03-17,15.4010204000,15.7315144000,15.0705264000,15.6786353600,1644249,38719315.0000,1.698100,3.580800
2014-03-18,15.5530476400,15.7843934400,15.2423832800,15.7249045200,1491187,35192091.0000,1.540025,0.295100
2014-03-19,15.5530476400,15.6654156000,15.1498449600,15.2754326800,1833232,42452073.0000,1.893272,-2.858300
2014-03-20,15.1696746000,15.3018722000,14.2244617600,14.4624174400,2030865,45423734.0000,2.097378,-5.322400
2014-03-21,14.2178518800,14.8656201200,13.7353306400,14.8656201200,2427221,52064165.0000,2.506715,2.787900
2014-03-24,14.7863015600,14.8656201200,14.2112420000,14.2773408000,1378335,30065519.0000,1.423477,-3.957300
2014-03-25,14.1649728400,14.2509012800,13.5766935200,13.7749899200,2411315,50713068.0000,2.490288,-3.518500
2014-03-26,13.6692318400,14.1715827200,13.6626219600,13.9600665600,1029702,21801343.0000,1.063426,1.343600
2014-03-27,13.9600665600,14.2046321200,13.5568638800,14.0658246400,1674769,35241945.0000,1.729620,0.757600
2014-03-28,13.9137974000,14.0658246400,13.6163528000,13.7022812400,993146,20689833.0000,1.025673,-2.584600
2014-03-31,13.8146492000,13.9137974000,13.6295725600,13.8212590800,625263,13045191.0000,0.645741,0.868300
2014-04-01,13.8609183600,14.3434396000,13.8212590800,14.3368297200,1368134,29451946.0000,1.412942,3.730300
2014-04-02,14.3170000800,14.5152964800,13.9468468000,14.1980222400,962767,20710060.0000,0.994299,-0.968200
2014-04-03,14.6739336000,14.9912078400,14.3897087600,14.4293680400,1327523,29141216.0000,1.371001,1.629400
2014-04-04,14.1980222400,14.4558075600,14.0195554800,14.3963186400,575503,12481204.0000,0.594351,-0.229000
2014-04-08,14.2575111600,14.3897087600,14.1120938000,14.2509012800,604565,13027148.0000,0.624365,-1.010100
2014-04-09,14.4095384000,14.5417360000,14.2839506800,14.5152964800,967512,21166084.0000,0.999199,1.855300
2014-04-10,14.5417360000,14.8656201200,14.0526048800,14.2112420000,2252981,49568769.0000,2.326769,-2.094700
2014-04-11,14.0988740400,14.0988740400,13.3519576000,13.7353306400,1759524,36310180.0000,1.817150,-3.348800
2014-04-14,13.6824516000,13.8014294400,13.6097429200,13.7287207600,572788,11872997.0000,0.591547,-0.048100
2014-04-15,13.6163528000,13.8807480000,13.5833034000,13.7485504000,614047,12762866.0000,0.634158,0.144400
2014-04-16,13.8014294400,13.8014294400,13.6031330400,13.7353306400,1147420,23712603.0000,1.184999,-0.096100
2014-04-17,13.6890614800,13.8675282400,13.6890614800,13.7551602800,1161763,24181721.0000,1.199812,0.144400
2014-04-18,13.6692318400,13.8080393200,13.6692318400,13.8014294400,1490931,31000884.0000,1.539761,0.336400
2014-04-21,13.8080393200,14.0261653600,13.8014294400,13.8146492000,2389935,50439439.0000,2.468208,0.095800
2014-04-22,13.7155010000,13.8873578800,13.4246662800,13.7815998000,1197710,24728723.0000,1.236936,-0.239200
2014-04-23,13.7749899200,13.9270171600,13.6956713600,13.8146492000,848548,17740450.0000,0.876339,0.239800
2014-04-24,13.3189082000,13.5370342400,12.9685845600,13.4709354400,2169715,43582491.0000,2.240776,-2.488000
2014-04-25,13.5502540000,13.7948195600,13.2726390400,13.3850070000,981986,20166022.0000,1.014147,-0.637900
2014-04-28,13.3850070000,13.3850070000,13.3850070000,13.3850070000,0,0.0000,,0.000000
2014-04-29,12.3604756000,12.4265744000,12.0498112400,12.0960804000,3704285,67983995.0000,3.825604,-9.629600
2014-04-30,12.0960804000,12.2811570400,11.9043938800,12.1886187200,942540,17309908.0000,0.973409,0.765000
2014-05-05,12.1886187200,12.1886187200,11.7655864000,11.9771025600,1463022,26334097.0000,1.510938,-1.735400
2014-05-06,11.9837124400,12.2018384800,11.9374432800,12.1225199200,1062543,19457327.0000,1.097342,1.214100
2014-05-07,12.1820088400,12.1820088400,11.3623837200,11.4284825200,1480106,26322752.0000,1.528581,-5.725200
2014-05-08,11.5408504800,11.5408504800,10.9459612800,10.9856205600,1299252,22122189.0000,1.341804,-3.875100
2014-05-09,10.9591810400,11.0517193600,10.1395559200,10.9063020000,3749990,59589111.0000,3.872806,-0.722000
2014-05-12,10.7476648800,11.2235762400,10.7476648800,11.1310379200,1476124,24503214.0000,1.524469,2.060600
2014-05-13,11.1706972000,11.4086528800,10.9922304400,11.0913786400,935171,15874975.0000,0.965799,-0.356300
2014-05-14,11.1310379200,11.3822133600,11.0517193600,11.1376478000,753681,12794277.0000,0.778365,0.417200
2014-05-15,11.1112082800,11.3756034800,10.9327415200,11.0384996000,1188797,20109353.0000,1.227731,-0.890200
2014-05-16,11.0781588800,11.0781588800,10.5097092000,10.8732526000,917626,14841399.0000,0.947679,-1.497000
2014-05-19,10.9063020000,10.9063020000,10.5758080000,10.8071538000,945540,15279855.0000,0.976507,-0.607900
2014-05-20,10.9657909200,11.2962849200,10.9393514000,11.1574774400,1099569,18521539.0000,1.135581,3.241600
2014-05-21,11.1971367200,11.2434058800,11.0384996000,11.2434058800,736493,12466084.0000,0.760614,0.770100
2014-05-22,11.3557738400,11.6862678400,11.2037466000,11.5210208400,1202286,20803427.0000,1.241662,2.469100
2014-05-23,11.4549220400,11.7391468800,11.3161145600,11.6928777200,934267,16292503.0000,0.964865,1.491700
2014-05-26,11.6994876000,12.0630310000,11.6994876000,11.9572729200,873498,15707455.0000,0.902106,2.261200
2014-05-27,11.9903223200,12.0960804000,11.8977840000,12.0630310000,941646,17120317.0000,0.972486,0.884500
2014-05-28,12.0564211200,12.6579202000,11.8977840000,12.5984312800,1682439,31239429.0000,1.737541,4.438400
2014-05-29,12.6380905600,13.0875624000,12.5587720000,12.7107992400,1431841,27669373.0000,1.478735,0.891900
2014-05-30,12.5587720000,12.8099474400,12.4992830800,12.7438486400,969156,18480349.0000,1.000897,0.260000
2014-06-03,12.7240190000,12.9884142000,12.5918214000,12.9487549200,1199784,23273097.0000,1.239078,1.607900
2014-06-04,13.0578179400,13.0677327600,12.4034398200,12.7901178000,1552814,19980881.0000,1.069114,-1.225100
2014-06-05,12.5521621200,12.9884142000,12.4926732000,12.8892660000,1634363,21028511.0000,1.125260,0.775200
2014-06-06,12.8793511800,12.8793511800,12.6413955000,12.7901178000,1180472,15162523.0000,0.812756,-0.769200
2014-06-09,12.7603733400,13.0479031200,12.5918214000,12.7405437000,1059729,13760235.0000,0.729624,-0.387600
2014-06-10,12.8396919000,13.0181586600,12.6017362200,12.9289252800,1053253,13644785.0000,0.725165,1.478600
2014-06-11,12.9289252800,13.6626219600,12.8694363600,13.6527071400,3207695,43504745.0000,2.208500,5.598200
2014-06-12,13.5833034000,14.0096406600,13.4345811000,13.8212590800,1939875,26870054.0000,1.335605,1.234600
2014-06-13,13.7716849800,14.0096406600,13.6328775000,13.8410887200,1454291,20323760.0000,1.001280,0.143500
2014-06-16,13.7815998000,14.0393851200,13.7419405200,13.7815998000,995853,13897886.0000,0.685646,-0.429800
2014-06-17,13.6725367800,13.6824516000,12.8991808200,13.2065402400,2290462,30787864.0000,1.576985,-4.172700
2014-06-18,13.2858588000,13.3651773600,12.9685845600,13.3056884400,923455,12283970.0000,0.635799,0.750800
2014-06-19,13.3354329000,13.4147514600,12.7603733400,13.1668809600,1741810,22980183.0000,1.199237,-1.043200
2014-06-20,13.0677327600,13.9997258400,12.8595215400,13.9600665600,2844721,38821547.0000,1.958593,6.024100
2014-06-23,13.9402369200,14.1087888600,13.8609183600,13.9699813800,1367238,19279333.0000,0.941344,0.071000
2014-06-24,13.9303221000,14.0492999400,13.7617701600,13.8609183600,1362189,19031097.0000,0.937868,-0.780700
2014-06-25,13.8807480000,13.9997258400,13.6527071400,13.6824516000,906914,12599750.0000,0.624411,-1.287500
2014-06-26,13.6824516000,13.9005776400,13.6031330400,13.8014294400,1139708,15852265.0000,0.784690,0.869600
2014-06-27,13.9303221000,14.1286185000,13.8311739000,13.9898110200,1796669,25357373.0000,1.237008,1.364900
2014-06-30,14.0492999400,14.1286185000,13.7617701600,14.1286185000,1677896,23630602.0000,1.155233,0.992200
2014-07-01,14.0988740400,14.1286185000,13.7617701600,13.8510035400,2059968,28869429.0000,1.418290,-1.964900
2014-07-02,13.7716849800,14.0691295800,13.5833034000,13.7815998000,2084451,29057126.0000,1.435146,-0.501100
2014-07-03,13.8510035400,13.9501517400,13.6527071400,13.7815998000,1325491,18431449.0000,0.912602,0.000000
2014-07-04,13.7518553400,13.8113442600,13.3850070000,13.5337293000,1488798,20300369.0000,1.025039,-1.798600
2014-07-07,13.5337293000,13.6130478600,13.2858588000,13.4048366400,1052714,14232371.0000,0.724794,-0.952400
2014-07-08,13.3949218200,13.5833034000,13.2660291600,13.5535589400,1135304,15347541.0000,0.781658,1.109500
2014-07-09,13.6527071400,14.5648705800,13.4345811000,14.3864038200,5423769,77726200.0000,3.734269,6.144800
2014-07-10,14.3170000800,14.4558075600,14.1286185000,14.3566593600,2290564,32993840.0000,1.577055,-0.206800
2014-07-11,14.3864038200,14.8028262600,14.2178518800,14.3070852600,2391790,34982496.0000,1.646749,-0.345300
2014-07-14,14.3764890000,14.4260631000,13.8906628200,14.2475963400,1994655,28546767.0000,1.373321,-0.415800
2014-07-15,13.9898110200,13.9997258400,13.4841552000,13.5436441200,2829434,38979989.0000,1.948067,-4.940800
2014-07-16,13.5833034000,13.7716849800,13.1173068600,13.2461995200,2037119,27329251.0000,1.402558,-2.196200
2014-07-17,13.0974772200,13.3156032600,13.0181586600,13.2759439800,617086,8207964.0000,0.424864,0.224600
2014-07-18,13.2759439800,13.3651773600,13.1371365000,13.1470513200,901327,12051490.0000,0.620564,-0.970900
2014-07-21,13.1371365000,13.3354329000,12.9983290200,13.2065402400,559955,7439509.0000,0.385529,0.452500
2014-07-22,13.1966254200,13.3453477200,13.1966254200,13.2561143400,1267191,16957679.0000,0.872462,0.375400
2014-07-23,13.2561143400,13.3255180800,12.5918214000,12.6215658600,1522158,19751033.0000,1.048007,-4.786800
2014-07-24,12.6215658600,12.6711399600,12.0266766600,12.1357396800,1828370,22447114.0000,1.258834,-3.849200
2014-07-25,12.1753989600,12.4530139200,12.0960804000,12.2348878800,888167,10948978.0000,0.611504,0.817000
2014-07-28,12.2844619800,12.4926732000,12.1555693200,12.3935250000,1698726,21127246.0000,1.169574,1.296600
2014-07-29,12.4728435600,13.2164550600,12.4331842800,12.8595215400,1732876,22522205.0000,1.193086,3.760000
2014-07-30,12.9586697400,13.1867106000,12.8396919000,13.0776475800,1109367,14644045.0000,0.763800,1.696200
2014-07-31,13.0974772200,13.2461995200,12.9487549200,13.0280734800,1137869,15035855.0000,0.783424,-0.379100
2014-08-01,13.1569661400,13.1569661400,12.8000326200,12.9388401000,1346283,17656438.0000,0.926917,-0.684900
2014-08-04,12.8595215400,13.1371365000,12.4530139200,12.7603733400,823820,10674825.0000,0.567201,-1.379300
2014-08-05,12.6909696000,13.2065402400,12.6810547800,13.0875624000,1438410,18904246.0000,0.990346,2.564100
2014-08-06,12.9685845600,13.1867106000,12.8892660000,13.0875624000,991942,13040649.0000,0.682953,0.000000
2014-08-07,12.9784993800,13.2759439800,12.9090956400,13.0479031200,1133630,15040188.0000,0.780505,-0.303000
2014-08-08,13.1371365000,13.6527071400,13.0379883000,13.3850070000,2382723,32320201.0000,1.640507,2.583600
2014-08-11,13.4147514600,13.5337293000,13.2759439800,13.3750921800,1345778,18152455.0000,0.926569,-0.074100
2014-08-12,13.3850070000,13.4444959200,13.0875624000,13.1867106000,1881057,25074480.0000,1.295109,-1.408400
2014-08-13,13.2065402400,13.2362847000,12.7901178000,13.0379883000,1658397,21714624.0000,1.141808,-1.127800
2014-08-14,13.0082438400,13.1173068600,12.9487549200,13.0974772200,1431455,18825193.0000,0.985558,0.456300
2014-08-15,13.3651773600,13.9402369200,13.2957736200,13.8807480000,4818348,66530834.0000,3.317436,5.980300
2014-08-18,13.8906628200,14.0096406600,13.6527071400,13.9501517400,3347775,46686065.0000,2.304946,0.500000
2014-08-19,13.9501517400,14.3665741800,13.9501517400,14.1187036800,2986412,42688750.0000,2.056147,1.208200
2014-08-20,14.1286185000,14.5252113000,14.0195554800,14.1980222400,3358590,48632355.0000,2.312392,0.561800
2014-08-21,14.2079370600,14.5351261200,13.7915146200,14.1583629600,2869309,40984542.0000,1.975521,-0.279300
2014-08-22,14.0096406600,14.6045298600,13.9104924600,14.6045298600,4345632,62694022.0000,2.991971,3.151300
2014-08-25,14.6838484200,15.2589079800,14.6045298600,15.0308671200,6982201,105481420.0000,4.807251,2.919200
2014-08-26,15.0308671200,15.2390783400,14.3764890000,14.5351261200,3878406,57636504.0000,2.670285,-3.298200
2014-08-27,14.4359779200,14.7235077000,14.4161482800,14.5450409400,2258924,33130863.0000,1.555271,0.068200
2014-08-28,14.3764890000,14.5450409400,13.9204072800,14.0988740400,2145579,30702172.0000,1.477233,-3.067500
2014-08-29,14.1286185000,14.2674259800,13.8807480000,14.2376815200,1020798,14534367.0000,0.702820,0.984500
2014-09-01,14.3864038200,14.6640187800,14.1781926000,14.5450409400,1886258,27562617.0000,1.298690,2.158800
2014-09-02,14.5549557600,15.0407819400,14.5549557600,14.9118892800,3971522,59105111.0000,2.734396,2.522200
2014-09-03,14.9713782000,15.6059266800,14.9515485600,15.3977154600,5327006,82128773.0000,3.667648,3.258000
2014-09-04,15.4671192000,15.5464377600,15.1101856800,15.3481413600,3160853,48830985.0000,2.176250,-0.322000
2014-09-05,15.3481413600,15.4572043800,15.1300153200,15.3580561800,2522763,38838622.0000,1.736924,0.064600
2014-09-09,15.4274599200,15.4472895600,15.0506967600,15.1498449600,2227545,34221118.0000,1.533666,-1.355700
2014-09-10,15.1597597800,15.1994190600,14.8028262600,15.0011226600,2185718,33092940.0000,1.504868,-0.981700
2014-09-11,15.2192487000,16.1611566000,14.9713782000,15.9727750200,10494986,165007409.0000,7.225806,6.477200
2014-09-12,15.7744786200,15.9529453800,15.4869488400,15.7249045200,5765257,91258501.0000,3.969384,-1.551800
2014-09-15,15.6158415000,16.6469827800,15.5266081200,16.3792826400,6126438,99390205.0000,4.218057,4.161400
2014-09-16,16.2603048000,16.8254495400,15.5662674000,15.6455859600,8649948,142348591.0000,5.955496,-4.479400
2014-09-17,15.6555007800,16.0620084000,15.1696746000,16.0620084000,3512901,55494519.0000,2.418635,2.661600
2014-09-18,15.9430305600,16.6469827800,15.8637120000,16.3396233600,5221783,85995758.0000,3.595201,1.728400
2014-09-19,16.6370679600,16.7857902600,16.1611566000,16.3891974600,3236908,53740541.0000,2.228614,0.303400
2014-09-22,16.2206455200,16.3495381800,15.7546489800,15.8637120000,3057868,49163804.0000,2.105344,-3.206300
2014-09-23,15.8537971800,16.1314121400,15.7149897000,16.0025194800,2177995,35073402.0000,1.499551,0.875000
2014-09-24,15.8637120000,16.0322639400,15.6555007800,15.9331157400,2436678,39014298.0000,1.677655,-0.433700
2014-09-25,16.2107307000,16.2107307000,15.1696746000,15.3084820800,7696943,120234281.0000,5.299351,-3.920300
2014-09-26,15.1498449600,15.3580561800,15.0903560400,15.1696746000,3973352,60888763.0000,2.735656,-0.906700
2014-09-29,15.3679710000,15.6555007800,15.3481413600,15.4175451000,3170945,49569621.0000,2.183198,1.634000
2014-09-30,15.3679710000,16.1314121400,15.3679710000,15.8240527200,4048644,64770035.0000,2.787494,2.636700
2014-10-08,15.9132861000,16.1115825000,15.6654156000,15.8736268200,4467847,71377965.0000,3.076116,0.313300
2014-10-09,15.8736268200,15.9628602000,15.2985672600,15.4671192000,4341460,68255147.0000,2.989098,-2.560900
2014-10-10,15.4175451000,15.4175451000,15.0011226600,15.2589079800,4040579,61903604.0000,2.781942,-1.346200
2014-10-13,15.2291635200,15.2489931600,14.7929114400,15.1597597800,2623751,39636845.0000,1.806455,-0.649800
2014-10-14,14.9713782000,16.2603048000,14.9713782000,16.2404751600,10872875,172584553.0000,7.485983,7.128800
2014-10-15,15.7645638000,16.1413269600,15.5662674000,16.0520935800,8071836,128839938.0000,5.557465,-1.159900
2014-10-16,16.1611566000,16.4387715600,15.4671192000,15.5166933000,9358648,150761101.0000,6.443436,-3.335400
2014-10-17,15.3580561800,15.3580561800,14.6739336000,15.1002708600,4051476,61612783.0000,2.789444,-2.683700
2014-10-20,15.3481413600,15.5464377600,15.2390783400,15.3778858200,2678722,41580374.0000,1.844302,1.838500
2014-10-21,15.3481413600,15.3977154600,14.9713782000,15.0011226600,2345688,35946054.0000,1.615008,-2.450000
2014-10-22,15.2390783400,15.3977154600,14.9713782000,15.0209523000,2677522,40838785.0000,1.843476,0.132200
2014-10-23,14.9118892800,15.1101856800,14.3070852600,14.7235077000,3425947,50436030.0000,2.358767,-1.980200
2014-10-24,14.7433373400,14.9317189200,14.4756372000,14.4756372000,2172662,32187082.0000,1.495879,-1.683500
2014-10-27,14.4558075600,14.4558075600,13.7915146200,14.1583629600,2937401,41667392.0000,2.022403,-2.191800
2014-10-28,14.2475963400,14.7730818000,14.1583629600,14.6640187800,2194581,32167037.0000,1.510971,3.571400
2014-10-29,14.8424855400,14.8524003600,14.5847002200,14.7730818000,2744525,40844320.0000,1.889608,0.743700
2014-10-30,14.8226559000,14.8325707200,14.4260631000,14.4855520200,2963059,43533524.0000,2.040068,-1.946300
2014-10-31,14.5252113000,14.6441891400,14.0195554800,14.2475963400,3191411,45689094.0000,2.197289,-1.642700
2014-11-03,14.2575111600,14.3467445400,14.1087888600,14.3368297200,3276442,47067941.0000,2.255833,0.626300
2014-11-04,14.3368297200,14.3764890000,14.0790444000,14.1087888600,2052040,29448978.0000,1.412831,-1.590600
2014-11-05,14.0889592200,14.2079370600,14.0096406600,14.1484481400,1549176,22059314.0000,1.066609,0.281100
2014-11-06,14.2376815200,14.6441891400,14.0790444000,14.6144446800,3797846,55243873.0000,2.614820,3.293600
2014-11-07,14.6739336000,14.7532521600,14.2178518800,14.2376815200,2704427,39454395.0000,1.862000,-2.578000
2014-11-10,14.3566593600,14.4756372000,14.1087888600,14.2178518800,1783988,25648291.0000,1.228277,-0.139300
2014-11-11,14.2575111600,14.3764890000,13.0677327600,13.4048366400,3356323,46522691.0000,2.310831,-5.718300
2014-11-12,13.4147514600,13.5535589400,13.1073920400,13.5436441200,1521836,20568672.0000,1.047785,1.035500
2014-11-13,13.5337293000,13.5436441200,13.1073920400,13.2858588000,2356040,31629119.0000,1.622135,-1.903400
2014-11-14,13.3056884400,13.3850070000,13.1867106000,13.3850070000,1465176,19659650.0000,1.008775,0.746300
2014-11-17,13.3056884400,13.9798962000,13.2660291600,13.8609183600,1883223,26021323.0000,1.296600,3.555600
2014-11-18,13.7915146200,13.9303221000,13.6328775000,13.8708331800,1415972,19649312.0000,0.974898,0.071500
2014-11-19,13.7518553400,13.9699813800,13.7022812400,13.8708331800,1298900,18141936.0000,0.894294,0.000000
2014-11-20,13.8708331800,13.8708331800,13.5138996600,13.7121960600,1316393,18138171.0000,0.906338,-1.143700
2014-11-21,13.7121960600,14.0492999400,13.7121960600,13.9204072800,1802251,25397332.0000,1.240851,1.518400
2014-11-24,13.9501517400,14.0592147600,13.7716849800,13.8014294400,2019968,28292601.0000,1.390749,-0.854700
2014-11-25,13.7815998000,14.0492999400,13.6923664200,13.9997258400,2913426,40789728.0000,2.005896,1.436800
2014-11-26,14.0592147600,14.3764890000,13.9303221000,14.3764890000,3229403,46052288.0000,2.223446,2.691200
2014-11-27,14.3566593600,14.6640187800,14.2376815200,14.6640187800,4136412,60195157.0000,2.847923,2.000000
2014-11-28,14.6739336000,14.8028262600,14.3864038200,14.7829966200,3450623,50819298.0000,2.375757,0.811400
2014-12-01,14.8623151800,14.8623151800,14.2575111600,14.2872556200,3452479,50223909.0000,2.377034,-3.353500
2014-12-02,14.2872556200,14.5450409400,14.2872556200,14.4161482800,2788867,40572334.0000,1.920137,0.902200
2014-12-03,14.4161482800,14.4260631000,13.7815998000,14.1980222400,4011045,56808084.0000,2.761607,-1.513100
2014-12-04,14.2773408000,14.3764890000,14.0294703000,14.0889592200,3840459,54676831.0000,2.644159,-0.768200
2014-12-05,14.0691295800,14.0691295800,13.2660291600,13.5238144800,4774023,65190641.0000,3.286918,-4.011300
2014-12-08,13.3850070000,13.4841552000,12.8991808200,13.0776475800,5473362,72404484.0000,3.768414,-3.299100
2014-12-09,13.0776475800,13.0776475800,12.1952286000,12.2051434200,4256882,54281360.0000,2.930866,-6.671700
2014-12-10,12.3935250000,12.8496067200,12.2448027000,12.7702881600,2114489,27005378.0000,1.455827,4.630400
2014-12-11,12.6711399600,12.8892660000,12.5521621200,12.8595215400,2940585,37590433.0000,2.024595,0.698800
2014-12-12,12.8991808200,12.8991808200,12.6215658600,12.8198622600,3088058,39753365.0000,2.126130,-0.308400
2014-12-15,11.6994876000,12.3637805400,11.5408504800,12.2448027000,17650343,210734004.0000,12.152274,-4.485700
2014-12-16,12.0465063000,12.1456545000,11.8977840000,11.9374432800,6214138,75167667.0000,4.278439,-2.510100
2014-12-17,11.9176136400,13.1272216800,11.8977840000,13.1272216800,13247096,168827191.0000,9.120635,9.966800
2014-12-18,13.0677327600,13.3156032600,12.7901178000,13.1867106000,7604813,100159109.0000,5.235919,0.453200
2014-12-19,13.1867106000,13.4742403800,12.7107992400,13.3056884400,5734509,75540178.0000,3.948214,0.902300
2014-12-22,13.2164550600,13.3552625400,12.0960804000,12.6612251400,4088904,52884588.0000,2.815213,-4.843500
2014-12-23,12.6909696000,13.3056884400,12.6413955000,12.9983290200,2706129,35744149.0000,1.863172,2.662500
2014-12-24,12.8892660000,13.4147514600,12.8892660000,13.3651773600,3286678,43984011.0000,2.262880,2.822300
2014-12-25,13.3750921800,13.9798962000,13.1867106000,13.6725367800,2977847,41141087.0000,2.050250,2.299700
2014-12-26,13.8609183600,14.0492999400,13.6130478600,13.8014294400,3296720,45731374.0000,2.269794,0.942700
2014-12-29,13.7815998000,13.7815998000,13.0677327600,13.3453477200,3140597,42072157.0000,2.162303,-3.304600
2014-12-30,13.3453477200,13.5238144800,12.6909696000,12.8297770800,2132406,27885826.0000,1.468163,-3.863300
2014-12-31,12.9388401000,13.3850070000,12.8496067200,13.1371365000,2812560,37041359.0000,1.936450,2.395700
2015-01-05,13.1272216800,13.1272216800,12.4232694600,13.0578179400,2276817,29402180.0000,1.567590,-0.603800
2015-01-06,12.8991808200,13.3651773600,12.7901178000,13.2660291600,2298720,30314887.0000,1.582670,1.594500
2015-01-07,13.2362847000,13.2461995200,12.8496067200,12.9784993800,1463486,19160859.0000,1.007611,-2.167400
2015-01-08,12.9388401000,13.1867106000,12.7107992400,12.7702881600,1367894,17733417.0000,0.941796,-1.604300
2015-01-09,12.7702881600,12.9289252800,12.5323324800,12.5422473000,1373229,17647806.0000,0.945469,-1.785700
2015-01-12,12.4728435600,12.4728435600,12.0960804000,12.1258248600,1226158,15101874.0000,0.844211,-3.320200
2015-01-13,12.2448027000,12.7207140600,12.1952286000,12.6711399600,1520752,19258809.0000,1.047039,4.497100
2015-01-14,12.6909696000,12.6909696000,12.3439509000,12.5719917600,1499689,18866523.0000,1.032537,-0.782500
2015-01-15,12.5125028400,12.6909696000,12.3935250000,12.5521621200,1026479,12986209.0000,0.706732,-0.157700
2015-01-16,12.5719917600,12.9586697400,12.5521621200,12.9487549200,1937669,25018328.0000,1.334087,3.159600
2015-01-19,12.8496067200,13.6031330400,12.7207140600,13.1173068600,4958500,66248770.0000,3.413931,1.301700
2015-01-20,13.3750921800,13.7419405200,13.1966254200,13.6824516000,3410964,46737762.0000,2.348451,4.308400
2015-01-21,13.8807480000,15.0506967600,13.8609183600,15.0506967600,6824626,101398731.0000,4.698760,10.000000
2015-01-22,15.6654156000,15.6654156000,15.0705264000,15.3580561800,10187705,157655337.0000,7.014242,2.042200
2015-01-23,15.2489931600,16.1611566000,14.9019744600,15.8141379000,8698325,137588516.0000,5.988803,2.969700
2015-01-26,15.8141379000,16.1413269600,15.5761822200,15.8934564600,5084016,81104150.0000,3.500349,0.501600
2015-01-27,15.7249045200,15.9232009200,15.0209523000,15.3878006400,4658777,72722761.0000,3.207571,-3.181500
2015-01-28,15.3481413600,16.0124343000,14.9713782000,15.5761822200,4399451,69099553.0000,3.029025,1.224200
2015-01-29,15.4671192000,15.7447341600,15.2192487000,15.5761822200,2130017,33298872.0000,1.466518,0.000000
2015-01-30,15.6852452400,15.6852452400,15.2192487000,15.3382265400,1439544,22399806.0000,0.991127,-1.527700
2015-02-02,14.5747854000,14.6739336000,13.8311739000,14.2872556200,3996498,57550721.0000,2.751592,-6.852000
2015-02-03,14.2872556200,15.1696746000,14.0889592200,14.6838484200,2804521,41451653.0000,1.930915,2.775900
2015-02-04,14.8524003600,15.0903560400,14.6045298600,14.6739336000,1767444,26590328.0000,1.216887,-0.067500
2015-02-05,14.8424855400,15.0606115800,14.3764890000,14.3764890000,2438757,36296055.0000,1.679086,-2.027000
2015-02-06,14.4161482800,14.6541039600,14.0790444000,14.2376815200,1837154,26466212.0000,1.264882,-0.965500
2015-02-09,14.2773408000,14.7730818000,14.1781926000,14.2277667000,2110384,30882642.0000,1.453001,-0.069600
2015-02-10,14.2277667000,14.4756372000,14.0790444000,14.4756372000,1318034,18953606.0000,0.907467,1.742200
2015-02-11,14.4657223800,15.0705264000,14.4062334600,15.0705264000,2883248,42946008.0000,1.985118,4.109600
2015-02-12,15.0705264000,15.8537971800,14.9317189200,15.6852452400,3653538,57642958.0000,2.515464,4.078900
2015-02-13,15.6753304200,16.1710714200,15.5761822200,15.5960118600,4044481,64729419.0000,2.784628,-0.568900
2015-02-16,15.5960118600,15.9331157400,15.3679710000,15.7546489800,2921180,46064067.0000,2.011235,1.017200
2015-02-17,15.8042230800,16.0917528600,15.5960118600,16.0719232200,3959282,63463697.0000,2.725969,2.013800
2015-02-25,16.0421787600,16.4090271000,15.9727750200,16.0421787600,3728117,61097967.0000,2.566811,-0.185100
2015-02-26,16.0421787600,16.0421787600,15.3878006400,15.6654156000,3014080,47439951.0000,2.075196,-2.348600
2015-02-27,15.6555007800,16.1413269600,15.5662674000,16.1413269600,2905205,46650815.0000,2.000236,3.038000
2015-03-02,16.0620084000,16.1314121400,15.6753304200,16.0025194800,2868087,45954673.0000,1.974680,-0.860000
2015-03-03,15.8736268200,17.0435755800,15.8339675400,16.4387715600,6667674,111221317.0000,4.590699,2.726100
2015-03-04,16.4090271000,16.9345125600,16.2404751600,16.7659606200,3421184,57370161.0000,2.355488,1.990300
2015-03-05,18.4415652000,18.4415652000,18.4415652000,18.4415652000,2255798,41957842.0000,1.553119,9.994100
2015-03-06,20.2857217200,20.2857217200,20.2857217200,20.2857217200,1336026,27335091.0000,0.919855,10.000000
2015-03-09,21.1284814200,22.3182598200,20.6228256000,22.1397930600,18905929,415694592.0000,13.016746,9.139800
2015-03-10,21.5151594000,22.8040860000,21.3366926400,22.7545119000,11063087,246013015.0000,7.616944,2.776500
2015-03-11,23.2006788000,23.2006788000,21.4160112000,21.5647335000,9016315,201554842.0000,6.207740,-5.228800
2015-03-12,21.5647335000,21.8126040000,20.6525700600,21.5349890400,4829675,103215986.0000,3.325235,-0.137900
2015-03-13,21.5647335000,22.3083450000,20.9995887600,21.5746483200,4357500,95024641.0000,3.000142,0.184200
2015-03-16,21.8621781000,23.7360790800,21.8225188200,23.6567605200,10285701,240800525.0000,7.081713,9.650700
2015-03-17,23.5179530400,24.3111386400,22.9528083000,23.6765901600,7770664,186266506.0000,5.350108,0.083800
2015-03-18,23.6468457000,25.2827910000,23.3097418200,24.6879018000,6319974,154346383.0000,4.351307,4.271400
2015-03-19,24.4896054000,25.7785320000,24.2020756200,25.6000652400,8548773,217722845.0000,5.885837,3.694800
2015-03-20,25.3026206400,27.8308997400,25.3026206400,27.1666068000,7230120,194125235.0000,4.977943,6.119300
2015-03-23,27.9895368600,29.0206781400,27.3649032000,27.6623478000,9313852,264080914.0000,6.412594,1.824800
2015-03-24,27.3847328400,28.0589406000,25.9272543000,27.2657550000,9356508,253674682.0000,6.441963,-1.433700
2015-03-25,26.6906954400,27.0277993200,25.9768284000,26.5915472400,6532849,174946522.0000,4.497871,-2.472700
2015-03-26,26.6212917000,26.6708658000,24.7870500000,25.8776802000,7964210,206469155.0000,5.483365,-2.684600
2015-03-27,25.6793838000,26.5023138600,25.6793838000,26.3436767400,3690815,97374461.0000,2.541129,1.800800
2015-03-30,26.4130804800,26.4130804800,24.6383277000,25.0547501400,8713735,221102904.0000,5.999413,-4.892700
2015-03-31,25.1737279800,26.7700140000,24.4896054000,26.2841878200,7337680,190174102.0000,5.051998,4.907000
2015-04-01,26.3238471000,27.2360105400,25.9966580400,27.0476289600,6526432,176789156.0000,4.493453,2.904600
2015-04-02,27.2161809000,27.7119219000,26.2544433600,26.8096732800,5174281,139828168.0000,3.562496,-0.879800
2015-04-03,26.7898436400,27.5929440600,26.4725694000,27.1467771600,6460827,176946814.0000,4.448284,1.257400
2015-04-07,27.1566919800,27.6127737000,26.3734212000,26.8691622000,7501201,201953699.0000,5.164582,-1.022600
2015-04-08,27.0178845000,28.0589406000,26.6113768800,27.3549883800,10156680,280700848.0000,6.992882,1.808100
2015-04-09,26.8691622000,27.2558401800,25.5802356000,26.4428249400,5151478,135804250.0000,3.546796,-3.334500
2015-04-10,25.6793838000,26.8493325600,25.4116836600,26.2643581800,5169520,136651010.0000,3.559218,-0.674900
2015-04-13,26.2643581800,26.4527397600,24.7969648200,24.9357723000,10812552,273731728.0000,7.444450,-5.058500
2015-04-14,25.0448353200,25.4810874000,24.7969648200,25.4116836600,6287853,158757229.0000,4.329191,1.908500
2015-04-15,25.4116836600,25.4116836600,23.7658235400,23.7658235400,4959350,122634620.0000,3.414516,-6.476800
2015-04-16,23.2006788000,24.2813941800,22.6157044200,23.0817009600,6062359,143192167.0000,4.173939,-2.878600
2015-04-17,23.2502529000,23.7559087200,22.8635749200,22.8933193800,4509175,105141442.0000,3.104570,-0.816200
2015-04-20,22.9924675800,24.3904572000,21.9216670200,24.0434385000,7859080,185034896.0000,5.410982,5.023800
2015-04-21,24.0434385000,24.0434385000,24.0434385000,24.0434385000,0,0.0000,,0.000000
2015-04-22,24.0731829600,26.1354655200,24.0731829600,25.0844946000,10171186,259392005.0000,7.002869,4.329900
2015-04-23,25.4810874000,25.9768284000,24.8366241000,25.1043242400,4500913,115007030.0000,3.098882,0.079100
2015-04-24,25.1043242400,25.1043242400,23.4981234000,23.8153976400,5629702,137081720.0000,3.876054,-5.134300
2015-04-27,23.8550569200,24.6383277000,23.5576123200,23.7955680000,4186177,101605084.0000,2.882186,-0.083300
2015-04-28,23.8451421000,23.8451421000,21.4755001200,22.0009855800,9898331,221968921.0000,6.815008,-7.541700
2015-04-29,22.1893671600,22.7743415400,21.6242224200,22.6057896000,6131161,137853922.0000,4.221309,2.749000
2015-04-30,22.5066414000,24.8663685600,22.3480042800,23.4782937600,6813169,164541628.0000,4.690872,3.859700
2015-05-04,23.4882085800,25.5405763200,23.4485493000,24.9357723000,7881571,195947140.0000,5.426468,6.207800
2015-05-05,24.8861982000,25.6793838000,24.3706275600,25.3125354600,8045991,204178982.0000,5.539671,1.510900
2015-05-06,25.2827910000,27.1467771600,24.9060278400,25.7785320000,8700603,228164637.0000,5.990372,1.841000
2015-05-07,25.1836428000,26.4626545800,23.9938644000,23.9938644000,6970902,180431155.0000,4.799471,-6.923100
2015-05-08,24.3408831000,25.6595541600,24.3408831000,25.6595541600,6466684,163876847.0000,4.452317,6.942100
2015-05-11,26.1453803400,27.2161809000,25.6793838000,27.1566919800,11127585,301032032.0000,7.661351,5.834600
2015-05-12,27.4343069400,28.3464703800,26.3436767400,27.5334551400,10443823,287754432.0000,7.190580,1.387400
2015-05-13,26.6708658000,27.4937958600,26.1552951600,26.9286511200,8144496,220855218.0000,5.607492,-2.196600
2015-05-14,27.0674586000,29.6254821600,26.5023138600,29.6254821600,12656951,362718368.0000,8.714320,10.014700
2015-05-15,29.8436082000,32.5007799600,29.8436082000,30.9342384000,11600600,363598880.0000,7.987022,4.417700
2015-05-18,30.9342384000,30.9342384000,30.9342384000,30.9342384000,0,0.0000,,0.000000
2015-05-19,33.7203028200,33.7203028200,31.3605756600,33.3237100200,10750586,351940096.0000,7.401786,7.724400
2015-05-20,33.2146470000,36.1890930000,32.5701837000,34.3151920200,7242589,254475166.0000,4.986528,2.975300
2015-05-21,34.3251068400,35.6933520000,33.3237100200,34.3251068400,8682823,300913888.0000,5.978130,0.028900
2015-05-22,34.2061290000,34.2061290000,32.2231650000,32.9965209600,9366639,311519376.0000,6.448938,-3.870600
2015-05-25,32.0050389600,36.2981560200,30.9441532200,36.2981560200,14623657,512102912.0000,10.068399,10.006000
2015-05-26,39.0643908000,39.9269801400,39.0643908000,39.9269801400,7603870,305744320.0000,5.235270,9.997300
2015-05-27,43.4269116000,43.4269116000,39.8080023000,39.8080023000,14628483,604470240.0000,10.071721,-0.298000
2015-05-28,39.1932834600,41.3844586800,38.0828236200,39.4312391400,12291101,493832816.0000,8.462432,-0.946500
2015-05-29,39.4312391400,42.6337260000,35.9015632200,41.4439476000,12630402,518811792.0000,8.696041,5.104300
2015-06-01,41.3943735000,45.5883423600,40.7598250200,45.5784275400,8651238,384281760.0000,5.956384,9.976100
2015-06-02,45.8064684000,50.1392447400,45.8064684000,50.1392447400,9823220,475684432.0000,3.271789,10.006500
2015-06-03,50.2780522200,52.5485460000,47.9183250600,50.7043894800,9903049,503280224.0000,3.298378,1.127100
2015-06-04,50.2483077600,50.5655820000,45.6379164600,47.3829247800,8630555,412986304.0000,2.874552,-6.550600
2015-06-05,48.3644919600,48.8404033200,43.5260598000,45.3107274000,12167449,561985744.0000,4.052574,-4.373300
2015-06-08,43.9920563400,43.9920563400,40.7796546600,41.4042883200,9160041,386505216.0000,3.050906,-8.621400
2015-06-09,41.9297737800,43.0898077200,41.0473548000,41.9892627000,6332116,268482352.0000,2.109018,1.412800
2015-06-10,42.6833001000,44.7059233800,41.6422440000,42.8419372200,9994499,437694176.0000,3.328837,2.030700
2015-06-11,43.9821415200,47.1251394600,43.7243562000,47.1251394600,11901488,555837616.0000,3.963991,9.997700
2015-06-12,47.6109656400,51.8346789600,47.6010508200,51.8346789600,14379092,743102176.0000,4.789199,9.993700
2015-06-15,54.1448320200,55.8600958800,50.5457523600,52.8063313200,17982689,959872720.0000,5.989438,1.874500
2015-06-16,50.9621748000,53.5400280000,49.0882738200,50.0698410000,10515750,538741488.0000,3.502448,-5.182100
2015-06-17,49.9706928000,52.4989719000,47.5911360000,51.1307267400,8125749,417861312.0000,2.706418,2.118800
2015-06-18,50.2681374000,51.0216637200,47.5911360000,47.7993472200,5651288,282133328.0000,1.882257,-6.515400
2015-06-19,47.1747135600,48.0769621800,43.0402336200,44.6166900000,6066674,283565328.0000,2.020608,-6.658400
2015-06-23,45.1124310000,46.6095688200,40.1550210000,44.6067751800,9209168,401754064.0000,3.067269,-0.022200
2015-06-24,44.6365196400,45.6280016400,41.6819032800,43.0204039800,7496734,328504688.0000,2.496914,-3.556400
2015-06-25,43.2286152000,45.2611533000,40.3533174000,41.3745438600,7092177,312378544.0000,2.362169,-3.825800
2015-06-26,39.6989392800,39.6989392800,37.2400639200,37.2400639200,6776905,260048054.0000,2.257163,-9.992800
2015-06-29,37.7258901000,38.7471165600,33.5120916000,33.5120916000,9265361,322853936.0000,3.085985,-10.010700
2015-06-30,32.0248686000,36.8633007600,30.1608824400,36.8137266600,11924324,405427648.0000,3.971597,9.852100
2015-07-01,36.7046636400,40.4921248800,35.2868443800,36.6848340000,14138665,552019984.0000,4.709121,-0.350100
2015-07-02,37.1805750000,39.3816650400,33.5914101600,35.6536927200,12789764,474098944.0000,4.259847,-2.810800
2015-07-03,35.6536927200,37.4383603200,32.0843575200,32.0843575200,11133658,378925552.0000,3.708253,-10.011100
2015-07-06,35.2868443800,35.2868443800,28.8719558400,28.8719558400,8854937,278272880.0000,2.949286,-10.012400
2015-07-07,28.8719558400,28.8719558400,28.8719558400,28.8719558400,0,0.0000,,0.000000
2015-07-08,28.8719558400,28.8719558400,28.8719558400,28.8719558400,0,0.0000,,0.000000
2015-07-09,28.8719558400,28.8719558400,28.8719558400,28.8719558400,0,0.0000,,0.000000
2015-07-10,28.8719558400,28.8719558400,28.8719558400,28.8719558400,0,0.0000,,0.000000
2015-07-13,28.8719558400,28.8719558400,28.8719558400,28.8719558400,0,0.0000,,0.000000
2015-07-14,31.7571684600,31.7571684600,31.7571684600,31.7571684600,1763097,56471996.0000,0.587229,9.993100
2015-07-15,34.1069808000,34.1069808000,28.5844260600,28.5844260600,14888157,453938656.0000,4.958752,-9.990600
2015-07-16,28.0093665000,29.6948859000,25.7289579000,25.7289579000,12326168,333493088.0000,4.105438,-9.989600
2015-07-17,26.2742730000,28.3068111000,25.5802356000,28.3068111000,13073473,360205600.0000,4.354341,10.019300
2015-07-20,29.1099115200,31.1424496200,29.0999967000,31.1424496200,16404229,503123696.0000,5.463705,10.017500
2015-07-21,31.7472536400,34.2557031000,30.7656864600,32.8676283000,12983078,430431472.0000,4.324233,5.539600
2015-07-22,32.8180542000,34.3647661200,32.1240168000,33.8591103000,11343006,379381520.0000,3.777980,3.016600
2015-07-23,33.4526026800,36.5856858000,33.4526026800,36.2882412000,12785235,449230976.0000,4.258338,7.174200
2015-07-24,36.3378153000,38.0332495200,35.2868443800,35.3463333000,9605387,356198832.0000,3.199236,-2.595600
2015-07-27,34.3945105800,35.1381220800,31.8166573800,31.8166573800,10555020,357780656.0000,3.515528,-9.986000
2015-07-28,28.6340001600,31.1721940800,28.6340001600,28.6340001600,12623770,369823472.0000,4.204560,-10.003100
2015-07-29,29.4965895000,30.2203713600,25.8578505600,29.5263339600,10595115,296329840.0000,3.528882,3.116300
2015-07-30,28.7529780000,30.1311379800,27.0575437800,27.3649032000,6810480,199522041.0000,2.268345,-7.320400
2015-07-31,27.5136255000,28.1481739800,25.7487875400,26.2742730000,5898604,160742836.0000,1.964630,-3.985500
2015-08-03,26.0759766000,26.0759766000,23.6468457000,23.6468457000,5906187,143964854.0000,1.967155,-10.000000
2015-08-04,23.7856531800,26.0164876800,23.1511047000,26.0164876800,8786477,218515902.0000,2.926484,10.021000
2015-08-05,26.0759766000,27.7218367200,25.7884468200,26.5023138600,8149774,220262268.0000,2.714420,1.867400
2015-08-06,25.9768284000,27.4838810400,24.9060278400,27.3153291000,5368514,144478604.0000,1.788074,3.067700
2015-08-07,27.6425181600,29.3676968400,27.5037106800,28.8521262000,7389087,212550257.0000,2.461060,5.626100
2015-08-10,29.4965895000,31.7373388200,29.0702522400,31.7373388200,7684472,238529788.0000,2.559443,10.000000
2015-08-11,32.1636760800,32.4710355000,31.0333866000,31.9752945000,7742496,248630094.0000,2.578769,0.749800
2015-08-12,31.1622792600,31.9554648600,30.5872197000,30.6566234400,4227649,133238568.0000,1.408090,-4.124000
2015-08-13,30.2501158200,32.2330798200,29.0504226000,32.1636760800,5392974,167173443.0000,1.796221,4.915900
2015-08-14,32.1636760800,33.1154988000,31.5092979600,31.7373388200,6152792,199999878.0000,2.049291,-1.325500
2015-08-17,31.6282758000,32.6693319000,30.3690936600,32.0446982400,5101453,161485627.0000,1.699125,0.968500
2015-08-18,31.9257204000,32.7089911800,28.8422113800,28.8422113800,6143516,190819650.0000,2.046202,-9.993800
2015-08-19,27.7614960000,29.5461636000,26.0363173200,29.0504226000,6787206,193201978.0000,2.260594,0.721900
2015-08-20,29.2288893600,30.2402010000,27.8011552800,27.8110701000,4487311,131477718.0000,1.494575,-4.266200
2015-08-21,27.2657550000,27.7416663600,25.0349205000,25.0349205000,6436119,168038304.0000,2.143658,-9.982200
2015-08-24,22.6157044200,23.7856531800,22.5363858600,22.5363858600,2492160,56665638.0000,0.830056,-9.980200
2015-08-25,20.2857217200,20.8012923600,20.2857217200,20.2857217200,3706900,75876667.0000,1.234646,-9.986800
2015-08-26,20.2857217200,20.2857217200,18.2531836200,18.2531836200,15178977,285178720.0000,5.055615,-10.019500
2015-08-27,17.8466760000,18.7390098000,16.4288567400,17.4500832000,18293656,313683392.0000,6.093011,-4.399800
2015-08-28,17.7475278000,19.1950915200,17.5095721200,18.9472210200,12683859,231985530.0000,4.224573,8.579500
2015-08-31,18.9967951200,19.0364544000,17.0534904000,17.0534904000,8246482,146541849.0000,2.746630,-9.994800
2015-09-01,16.5577494000,16.5577494000,15.3481413600,15.3481413600,6698995,104169904.0000,2.231213,-10.000000
2015-09-02,13.8113442600,15.7645638000,13.8113442600,13.8113442600,14567248,207567962.0000,4.851868,-10.012900
2015-09-07,14.0592147600,14.8920596400,13.7815998000,14.0393851200,11701943,168493567.0000,3.897530,1.651100
2015-09-08,13.6725367800,15.4274599200,13.3056884400,15.2489931600,10952773,158057866.0000,3.648006,8.615800
2015-09-09,15.6654156000,16.7758754400,15.2787376200,16.7758754400,13812749,224714057.0000,4.600569,10.013000
2015-09-10,16.2603048000,17.4699128400,16.0421787600,16.5081753000,12311695,209794911.0000,4.100618,-1.595700
2015-09-11,16.3594530000,16.9940014800,16.1115825000,16.3396233600,8091565,135409358.0000,2.695032,-1.021000
2015-09-14,16.8056199000,16.8056199000,14.7036780600,14.7036780600,7135373,111413204.0000,2.376556,-10.012100
2015-09-15,13.2957736200,13.9600665600,13.2362847000,13.2362847000,10581211,142783486.0000,3.524251,-9.979800
2015-09-16,13.0082438400,14.5648705800,12.8694363600,14.5648705800,15484946,212384349.0000,5.157523,10.037400
2015-09-17,14.4260631000,15.6654156000,14.2971704400,14.4458927400,13820964,208556234.0000,4.603305,-0.816900
2015-09-18,14.5847002200,15.5166933000,13.9600665600,15.2589079800,10631605,158070391.0000,3.541036,5.628000
2015-09-21,14.8722300000,16.0520935800,14.5847002200,15.9826898400,10062595,158164771.0000,3.351517,4.743300
2015-09-22,16.0620084000,16.7163865200,15.3778858200,16.3594530000,15381438,248131680.0000,5.123048,2.357300
2015-09-23,15.7645638000,16.9245977400,15.7149897000,16.3098789000,10310379,169427482.0000,3.434046,-0.303000
2015-09-24,16.3594530000,16.8750236400,16.2900492600,16.4784308400,10572269,176403080.0000,3.521273,1.033400
2015-09-25,16.1611566000,16.4586012000,14.8325707200,15.0407819400,11931241,186019311.0000,3.973901,-8.724400
2015-09-28,15.1498449600,16.1016676800,14.5747854000,15.9132861000,7406440,114635236.0000,2.466840,5.800900
2015-09-29,15.4671192000,15.7447341600,14.7730818000,14.9515485600,10554233,161439323.0000,3.515265,-6.043600
2015-09-30,14.9416337400,15.2688228000,14.6739336000,14.9317189200,5929502,89560626.0000,1.974921,-0.132600
2015-10-08,15.6654156000,16.4288567400,15.3481413600,16.2206455200,16386536,266096634.0000,5.457812,8.632100
2015-10-09,16.2107307000,17.8367611800,16.0223491200,17.5294017600,18723213,318417136.0000,6.236082,8.068500
2015-10-12,17.8169315400,19.2149211600,17.6682092400,19.0166247600,14720725,273481136.0000,4.902986,8.484200
2015-10-13,18.4514800200,19.0860285000,18.2432688000,18.8976469200,12916714,244280311.0000,4.302130,-0.625700
2015-10-14,18.7390098000,19.5817695000,18.3523318200,18.8084135400,13952380,266496972.0000,4.647076,-0.472200
2015-10-15,18.5605430400,20.5732515000,18.5506282200,20.4741033000,17194436,341000448.0000,5.726897,8.856100
2015-10-16,20.9500146600,21.1879703400,19.8494696400,20.6129107800,15062703,309666752.0000,5.016887,0.678000
2015-10-19,20.7120589800,21.4655853000,20.2758069000,20.7913775400,13718068,286967104.0000,4.569034,0.865800
2015-10-20,20.7913775400,21.8919225600,20.5831663200,21.6143076000,15482153,330731232.0000,5.156592,3.958000
2015-10-21,21.4655853000,21.4655853000,19.4528768400,19.4528768400,16908109,346153232.0000,5.631531,-10.000000
2015-10-22,18.9174765600,20.2758069000,18.9174765600,20.0775105000,12562072,249092807.0000,4.184010,3.211000
2015-10-23,20.2758069000,20.6129107800,19.2149211600,20.3055513600,16496477,331529792.0000,5.494430,1.135800
2015-10-26,20.6228256000,20.8012923600,19.6313436000,20.3253810000,13127452,268059753.0000,4.372319,0.097700
2015-10-27,20.3253810000,20.5732515000,18.8480728200,20.3749551000,11235300,224709436.0000,3.742106,0.243900
2015-10-28,20.2262328000,22.1100486000,20.1072549600,20.6129107800,17418347,371695616.0000,5.801474,1.167900
2015-10-29,20.5038477600,21.7927743600,20.4741033000,21.1582258800,12871257,274236064.0000,4.286989,2.645500
2015-10-30,21.2177148000,22.6057896000,20.1270846000,21.5746483200,15586924,335874304.0000,5.191488,1.968100
2015-11-02,20.8211220000,22.5066414000,20.1469142400,21.2077999800,17876876,389814896.0000,5.954195,-1.700400
2015-11-03,21.1978851600,21.5548186800,20.0081067600,20.0775105000,15461265,320036864.0000,5.149635,-5.329600
2015-11-04,20.1270846000,21.9712411200,20.1270846000,21.8720929200,20147812,427830864.0000,6.710569,8.938300
2015-11-05,21.9117522000,22.7842563600,21.4655853000,21.7531150800,23210916,517672304.0000,7.730787,-0.544000
2015-11-06,21.8324336400,23.1015306000,21.8324336400,22.9627231200,20197944,457903216.0000,6.727266,5.560600
2015-11-09,22.7346822600,23.6865049800,22.1100486000,23.2998270000,20224047,465303216.0000,6.735960,1.468000
2015-11-10,22.8140008200,23.6270160600,22.5661303200,23.0618713200,16015827,372736256.0000,5.334342,-1.021300
2015-11-11,22.7148526200,24.7870500000,22.6157044200,24.3111386400,22066018,536275440.0000,7.349460,5.417000
2015-11-12,25.1737279800,26.5618027800,23.9244606600,26.3040174600,27092609,687376544.0000,9.023651,8.197400
2015-11-13,25.6793838000,26.7303547200,24.2417349000,24.4102868400,20637302,529900560.0000,6.873602,-7.199400
2015-11-16,24.7870500000,25.7190430800,24.4102868400,25.3125354600,18092646,456795824.0000,6.026061,3.696200
2015-11-17,25.3125354600,26.4725694000,24.3904572000,24.3904572000,19972250,515277536.0000,6.652095,-3.642800
2015-11-18,24.4003720200,24.7870500000,21.9514114800,21.9514114800,31613340,729080640.0000,10.529357,-10.000000
2015-11-19,21.5548186800,23.3494011000,20.5435070400,23.1907639800,33166590,738775600.0000,11.046693,5.645900
2015-11-20,23.5377826800,24.7573055400,23.2006788000,24.5887536000,31641763,764486016.0000,10.538823,6.028200
2015-11-23,24.3309682800,24.6879018000,23.6071864200,23.8054828200,19032280,463241712.0000,6.339022,-3.185500
2015-11-24,24.1227570600,24.1227570600,22.9726379400,23.5972716000,13344048,314915904.0000,4.444460,-0.874600
2015-11-25,23.7261642600,24.7176462600,23.1610195200,24.5193498600,18744542,455154560.0000,6.243186,3.907600
2015-11-26,24.8861982000,25.4810874000,24.3111386400,24.5887536000,23133466,581070512.0000,7.704991,0.283100
2015-11-27,24.3904572000,24.9754315800,22.1298782400,22.1298782400,20317965,482966224.0000,6.767241,-10.000000
2015-11-30,22.1001337800,22.6057896000,19.9287882000,21.5151594000,16430953,353108112.0000,5.472606,-2.777800
2015-12-01,21.4160112000,21.7630299000,20.6228256000,21.2077999800,14279597,305085328.0000,4.756061,-1.428600
2015-12-02,21.1582258800,21.4160112000,19.7404066200,21.1185666000,9453575,197000179.0000,3.148673,-0.420800
2015-12-03,21.6638817000,21.9216670200,21.1681407000,21.8225188200,10816743,235599048.0000,3.602699,3.333300
2015-12-04,21.6837113400,21.9117522000,20.8706961000,21.0491628600,11979294,257808250.0000,3.989906,-3.543800
2015-12-07,21.0194184000,21.4358408400,20.6327404200,21.1681407000,7984723,170017906.0000,2.659447,0.565200
2015-12-08,21.1681407000,21.1681407000,20.2857217200,20.3650402800,7848726,162955019.0000,2.614151,-3.793900
2015-12-09,20.0675956800,20.5038477600,19.6412584200,19.8296400000,10777807,216402868.0000,3.589731,-2.629000
2015-12-10,19.8395548200,20.7021441600,19.7602362600,20.2857217200,9700936,197933247.0000,3.231060,2.300000
2015-12-11,20.2262328000,20.4146143800,19.8792141000,20.2064031600,5777115,117498817.0000,1.924166,-0.391000
2015-12-14,19.9287882000,20.7219738000,19.6809177000,20.7219738000,6575337,133060452.0000,2.190027,2.551500
2015-12-15,20.6823145200,21.3961815600,20.5038477600,21.0590776800,9485610,200905950.0000,3.159343,1.626800
2015-12-16,21.1681407000,21.4556704800,20.8310368200,20.9004405600,8117283,173075106.0000,2.703598,-0.753300
2015-12-17,21.0987369600,21.7035409800,21.0392480400,21.5647335000,11510021,248745441.0000,3.833607,3.178400
2015-12-18,21.5746483200,22.6057896000,21.3961815600,22.3281746400,14853699,331796720.0000,4.947275,3.540200
2015-12-21,22.3083450000,22.4074932000,21.8324336400,22.2091968000,8219031,182995502.0000,2.737487,-0.532900
2015-12-22,22.2984301800,22.5066414000,21.6143076000,22.1695375200,11431080,252326074.0000,3.807314,-0.178600
2015-12-23,22.1695375200,22.3876635600,20.8211220000,21.3961815600,10507151,230960145.0000,3.499584,-3.488400
2015-12-24,21.1185666000,21.3267778200,19.8296400000,20.6525700600,13465746,276660576.0000,4.484994,-3.475400
2015-12-25,20.5038477600,20.7913775400,20.2262328000,20.6029959600,6533964,135378545.0000,2.176247,-0.240000
2015-12-28,20.6426552400,21.0888221400,19.2744100800,19.9486178400,9994994,207482547.0000,3.329001,-3.176100
2015-12-29,19.9089585600,20.2758069000,19.7404066200,20.2758069000,5445871,109769595.0000,1.813839,1.640200
2015-12-30,20.5236774000,21.3069481800,20.2956365400,21.1978851600,10598218,222465371.0000,3.529915,4.547700
2015-12-31,21.1483110600,21.6936261600,20.7219738000,21.2375444400,10627536,226996126.0000,3.540122,0.187100
2016-01-04,21.2177148000,21.2177148000,19.1157729600,19.1157729600,6879685,139166926.0000,2.291681,-9.990700
2016-01-05,17.9259945600,18.7984987200,17.4104239200,18.0350575800,10537512,193323497.0000,3.510135,-5.653500
2016-01-06,18.1639502400,19.1256877800,18.1639502400,18.8381580000,6923499,129723046.0000,2.306276,4.453000
2016-01-07,18.3919911000,18.3919911000,16.9543422000,16.9543422000,1692700,29905545.0000,0.563853,-10.000000
2016-01-08,17.3311053600,17.4996573000,15.5662674000,16.5577494000,8623792,145098255.0000,2.872658,-2.339200
2016-01-11,16.0421787600,16.5478345800,14.9019744600,14.9019744600,8540959,133391088.0000,2.845066,-10.000000
2016-01-12,14.4657223800,15.4472895600,14.4458927400,14.9614633800,7816665,118243128.0000,2.603797,0.399200
2016-01-13,15.3977154600,15.3977154600,13.9005776400,14.2575111600,6639900,98860088.0000,2.211807,-4.705100
2016-01-14,14.1781926000,15.6852452400,13.0875624000,15.6852452400,10513492,158286146.0000,3.502133,10.013900
2016-01-15,15.6951600600,16.2404751600,14.5847002200,14.9912078400,19007549,300643120.0000,6.331576,-4.424800
2016-01-18,14.3764890000,15.7149897000,14.2773408000,15.2589079800,13575733,206112994.0000,4.522192,1.785700
2016-01-19,15.0407819400,15.8141379000,14.7730818000,15.7249045200,12721115,196935471.0000,4.237511,3.053900
2016-01-20,15.7249045200,15.8240527200,14.8722300000,15.2192487000,13159948,204265603.0000,4.383690,-3.215600
2016-01-21,14.7829966200,15.4472895600,14.3368297200,14.3368297200,12259639,185455012.0000,4.083790,-5.798000
2016-01-22,14.4855520200,14.7235077000,13.6824516000,14.3963186400,8994183,128906669.0000,2.996039,0.414900
2016-01-25,14.5351261200,14.8424855400,14.1286185000,14.4161482800,6748327,99112935.0000,2.247925,0.137700
2016-01-26,14.2277667000,14.2277667000,12.9784993800,12.9784993800,9722517,132701110.0000,3.238653,-9.972500
2016-01-27,12.9784993800,13.1767957800,11.9076988200,12.8892660000,12536151,158890757.0000,4.175898,-0.687500
2016-01-28,12.6413955000,12.9685845600,12.0861655800,12.1258248600,6732064,85458722.0000,2.242508,-5.923100
2016-01-29,12.2051434200,13.0379883000,11.9969322000,12.7901178000,7603940,97172014.0000,2.532937,5.478300
2016-02-01,13.1272216800,13.4841552000,12.8396919000,13.4345811000,11527624,153740027.0000,3.839949,5.038800
2016-02-02,13.0875624000,14.1187036800,13.0875624000,13.9798962000,9870886,137246126.0000,3.288076,4.059000
2016-02-03,13.6824516000,13.9898110200,13.3850070000,13.9898110200,8396938,115802715.0000,2.797091,0.070900
2016-02-04,13.9005776400,14.5648705800,13.9005776400,14.2277667000,7836096,112608309.0000,2.610270,1.700900
2016-02-05,14.0889592200,14.2575111600,13.6923664200,13.6923664200,5736987,80680447.0000,1.911039,-3.763100
2016-02-15,13.1767957800,14.4359779200,12.9090956400,14.1881074200,8194543,114310513.0000,2.729672,3.620600
2016-02-16,14.1980222400,14.9218041000,14.1881074200,14.7235077000,9223363,136524074.0000,3.072380,3.773600
2016-02-17,14.6342743200,15.1696746000,14.4855520200,15.1696746000,10823017,162706933.0000,3.605239,3.030300
2016-02-18,15.6455859600,15.9331157400,14.9019744600,15.2390783400,14176413,219204824.0000,4.722283,0.457500
2016-02-19,15.0705264000,15.2787376200,14.7730818000,15.1201005000,8504413,128764695.0000,2.832892,-0.780700
2016-02-22,15.3679710000,15.3778858200,14.9515485600,15.3778858200,12772930,195254314.0000,4.254771,1.704900
2016-02-23,15.4671192000,15.4968636600,14.7631669800,15.0705264000,7869796,119573469.0000,2.621496,-1.998700
2016-02-24,14.9515485600,15.4076302800,14.7135928800,15.3481413600,10059936,152852923.0000,3.351050,1.842100
2016-02-25,15.2093338800,15.2589079800,13.8113442600,13.8113442600,9439439,138463424.0000,3.144357,-10.012900
2016-02-26,13.8311739000,14.2277667000,13.4841552000,14.0592147600,9266669,129996710.0000,3.086806,1.794700
2016-02-29,13.8807480000,13.8807480000,12.6513103200,12.6513103200,10387744,134874843.0000,3.460246,-10.014100
2016-03-01,12.5422473000,12.8694363600,11.6796579600,12.6810547800,11736568,146497272.0000,3.909550,0.235100
2016-03-02,12.5918214000,13.3056884400,12.4430991000,13.2164550600,12369328,161161137.0000,4.120328,4.222000
2016-03-03,13.2164550600,13.7121960600,13.1173068600,13.3056884400,11913807,161132746.0000,3.968590,0.675200
2016-03-04,13.1173068600,13.1867106000,12.0167618400,12.0861655800,11537896,145970170.0000,3.843371,-9.165400
2016-03-07,12.1159100400,12.7901178000,12.1159100400,12.5521621200,9499280,120225306.0000,3.164291,3.855600
2016-03-08,12.4331842800,12.9884142000,11.5507653000,12.9884142000,12334535,153641730.0000,4.108738,3.475500
2016-03-09,12.5819065800,12.8991808200,12.3042916200,12.6017362200,7114895,90872112.0000,2.370032,-2.977100
2016-03-10,12.5918214000,12.9190104600,12.3637805400,12.5125028400,7424415,94289439.0000,2.473136,-0.708100
2016-03-11,12.0960804000,12.5125028400,11.9275284600,12.3935250000,5764457,71292311.0000,1.920190,-0.950900
2016-03-14,12.6215658600,13.3850070000,12.5918214000,13.0875624000,10134589,133394152.0000,3.375918,5.600000
2016-03-15,13.0082438400,13.3354329000,12.9983290200,13.0974772200,9983256,132544867.0000,3.325507,0.075800
2016-03-16,13.3850070000,13.5337293000,12.8099474400,12.9884142000,8950495,119072666.0000,2.981486,-0.832700
2016-03-17,13.0082438400,14.0790444000,13.0082438400,13.8609183600,12540862,171522979.0000,4.177468,6.717600
2016-03-18,13.8906628200,14.8524003600,13.8113442600,14.6838484200,18427193,267846585.0000,6.138254,5.937100
2016-03-21,14.9713782000,15.2192487000,14.6739336000,14.9218041000,14855532,223161567.0000,4.948504,1.620500
2016-03-22,14.6838484200,15.4572043800,14.3963186400,15.0110374800,14186558,216405599.0000,4.725663,0.598000
2016-03-23,15.0606115800,15.6455859600,14.7929114400,15.6158415000,16112763,249924944.0000,5.367298,4.029100
2016-03-24,15.2192487000,15.5563525800,15.0506967600,15.0903560400,14598001,225166652.0000,4.862718,-3.365100
2016-03-25,15.7645638000,16.1710714200,15.0110374800,15.2489931600,13160454,205728464.0000,4.383859,1.051200
2016-03-28,15.3481413600,15.5761822200,14.7730818000,14.8920596400,12869686,197547435.0000,4.287002,-2.340700
2016-03-29,14.9912078400,15.0209523000,14.0889592200,14.3170000800,10531323,153513264.0000,3.508073,-3.861500
2016-03-30,14.4954668400,15.1597597800,14.4954668400,15.1498449600,8209996,122529484.0000,2.734819,5.817200
2016-03-31,15.3183969000,15.3580561800,15.0308671200,15.1597597800,8736995,133835797.0000,2.910367,0.065400
2016-04-01,14.8722300000,14.9912078400,14.4558075600,14.8722300000,7857590,116924062.0000,2.617430,-1.896700
2016-04-05,14.9713782000,15.5166933000,14.8325707200,15.4373747400,9530013,146256138.0000,3.174528,3.800000
2016-04-06,15.2787376200,16.1115825000,15.2787376200,15.7050748800,14458887,230272255.0000,4.816378,1.734100
2016-04-07,15.7645638000,15.8438823600,15.1399301400,15.2192487000,9937451,154171044.0000,3.310249,-3.093400
2016-04-08,14.8325707200,15.0506967600,14.5747854000,14.8821448200,10486816,156480057.0000,3.493247,-2.215000
2016-04-11,15.0209523000,15.6158415000,14.9118892800,15.2192487000,9072738,139914525.0000,3.022206,2.265200
2016-04-12,15.1201005000,15.3679710000,14.8226559000,15.3283117200,8349852,127210517.0000,2.781407,0.716600
2016-04-13,15.4373747400,15.8438823600,15.3481413600,15.4671192000,12836354,202061986.0000,4.275898,0.905600
2016-04-14,15.5960118600,16.1611566000,15.5662674000,16.1115825000,14944359,239307522.0000,4.978093,4.166700
2016-04-15,16.2603048000,16.3098789000,15.7943082600,16.1115825000,12717032,205679327.0000,4.236151,0.000000
2016-04-18,16.0223491200,16.5577494000,15.8736268200,16.1710714200,13276138,217661432.0000,4.422394,0.369200
2016-04-19,16.0620084000,16.3197937200,15.7348193400,15.8537971800,11123000,178604069.0000,3.705166,-1.962000
2016-04-20,15.9033712800,15.9132861000,14.2674259800,14.2872556200,21639720,321536560.0000,7.208374,-9.881200
2016-04-21,14.1385333200,14.4161482800,13.8212590800,14.0294703000,10021289,143085539.0000,3.338176,-1.804300
2016-04-22,13.9798962000,14.4062334600,13.7915146200,14.3269149000,7027058,100865536.0000,2.340773,2.120100
2016-04-25,14.3269149000,14.3269149000,13.6626219600,13.9402369200,5674196,79220717.0000,1.890123,-2.699000
2016-04-26,13.8906628200,14.1781926000,13.7121960600,14.1286185000,4849960,68164737.0000,1.615563,1.351300
2016-04-27,14.1781926000,14.3170000800,13.9104924600,13.9303221000,5387287,76775854.0000,1.794551,-1.403500
2016-04-28,13.9402369200,14.0592147600,13.4048366400,13.8807480000,4968255,68861208.0000,1.654968,-0.355900
2016-04-29,13.8311739000,13.9005776400,13.6923664200,13.8311739000,3108000,43256973.0000,1.035301,-0.357100
2016-05-03,13.8708331800,14.3368297200,13.7815998000,14.3170000800,7072283,101154331.0000,2.355837,3.512500
2016-05-04,14.2376815200,14.5351261200,14.1781926000,14.3963186400,7355689,106857849.0000,2.450242,0.554000
2016-05-05,14.3170000800,14.5747854000,14.3070852600,14.5648705800,5089063,74043439.0000,1.695210,1.170800
2016-05-06,14.6144446800,14.7235077000,13.5833034000,13.6527071400,9726577,138796223.0000,3.240005,-6.262800
2016-05-09,13.4147514600,13.4742403800,12.7901178000,13.0875624000,6782307,89605307.0000,2.259244,-4.139400
2016-05-10,13.0677327600,13.1867106000,12.8892660000,13.1272216800,3879900,51182101.0000,1.292428,0.303000
2016-05-11,13.1966254200,13.2660291600,12.8099474400,12.8793511800,3811896,50053669.0000,1.269775,-1.888200
2016-05-12,12.6314806800,12.8991808200,12.3241212600,12.8198622600,3418092,43408245.0000,1.138595,-0.461900
2016-05-13,12.7405437000,12.9586697400,12.5025880200,12.7802029800,3185196,41001367.0000,1.061016,-0.309400
2016-05-16,12.6612251400,12.9685845600,12.5819065800,12.9586697400,3863173,49856596.0000,1.286856,1.396400
2016-05-17,13.0776475800,13.2065402400,12.6810547800,12.9983290200,5232426,68473532.0000,1.742965,0.306000
2016-05-18,12.8198622600,12.8496067200,12.1258248600,12.3935250000,4658087,58840321.0000,1.551648,-4.652900
2016-05-19,12.3439509000,13.3056884400,12.3439509000,12.6909696000,7583010,98519470.0000,2.525965,2.400000
2016-05-20,12.4926732000,13.0875624000,12.3935250000,13.0379883000,4874013,63086865.0000,1.623575,2.734400
2016-05-23,13.0379883000,13.3552625400,12.9884142000,13.1767957800,5469658,72770034.0000,1.821989,1.064600
2016-05-24,13.1767957800,13.1767957800,12.7405437000,12.9190104600,4833960,62920232.0000,1.610233,-1.956400
2016-05-25,13.0578179400,13.1767957800,12.8099474400,12.8694363600,4130440,54153234.0000,1.375885,-0.383700
2016-05-26,12.8496067200,13.5833034000,12.4926732000,13.3850070000,13013810,172000859.0000,4.335011,4.006200
2016-05-27,13.2759439800,13.5634737600,13.1173068600,13.3354329000,10881703,146016634.0000,3.624788,-0.370400
2016-05-30,13.1867106000,13.3056884400,12.7405437000,13.0578179400,5383179,70963749.0000,1.793183,-2.081800
2016-05-31,12.9983290200,13.9005776400,12.9983290200,13.8311739000,11787394,161351045.0000,3.926481,5.922500
2016-06-01,13.8311739000,14.1087888600,13.7419405200,13.8609183600,9647180,135589792.0000,3.213558,0.215100
2016-06-02,13.8510035400,14.1781926000,13.8510035400,14.0691295800,8389664,118653259.0000,2.794668,1.502100
2016-06-03,14.1286185000,14.6937632400,14.1286185000,14.3566593600,12537267,183073888.0000,4.176270,2.043700
2016-06-06,14.5747854000,14.6541039600,14.0988740400,14.3368297200,7033659,101743952.0000,2.342971,-0.138100
2016-06-07,14.2971704400,14.4260631000,13.9997258400,14.2773408000,6840041,97988936.0000,2.278476,-0.414900
2016-06-08,14.3170000800,14.4954668400,14.0294703000,14.3170000800,6371883,91493219.0000,2.122528,0.277800
2016-06-13,14.0195554800,14.1980222400,12.9884142000,12.9884142000,8758371,121403012.0000,2.917488,-9.279800
2016-06-14,12.8198622600,13.1371365000,12.8198622600,13.0578179400,5504562,72273976.0000,1.833616,0.534300
2016-06-15,12.8396919000,13.7815998000,12.8396919000,13.6328775000,6147605,83445198.0000,2.047819,4.403900
2016-06-16,13.6328775000,13.8708331800,13.4345811000,13.8311739000,6761198,92991170.0000,2.252212,1.454500
2016-06-17,13.7815998000,14.1881074200,13.6130478600,13.6824516000,6177125,86783257.0000,2.057653,-1.075300
2016-06-20,13.6130478600,14.1484481400,13.6130478600,14.1187036800,6728471,94429113.0000,2.241311,3.188400
2016-06-21,14.2079370600,14.4558075600,13.9898110200,14.4062334600,14379049,206025073.0000,4.789783,2.036500
2016-06-22,14.8524003600,15.8438823600,14.7532521600,15.8438823600,34584367,533934224.0000,11.520346,9.979400
2016-06-23,16.4784308400,16.9642570200,15.9727750200,16.7362161600,42328675,702161264.0000,14.100041,5.632000
2016-06-24,16.4586012000,16.4586012000,15.2787376200,15.9033712800,26548345,429773520.0000,8.843479,-4.976300
2016-06-27,15.8141379000,16.6866420600,15.7149897000,16.6073235000,23065048,377704000.0000,7.683163,4.426400
2016-06-28,16.3594530000,16.5775790400,15.9727750200,16.2603048000,17443003,286021456.0000,5.810412,-2.089600
2016-06-29,16.2603048000,16.4586012000,15.9232009200,16.1512417800,12590142,204904390.0000,4.193883,-0.670700
2016-06-30,16.1809862400,16.7263013400,16.0620084000,16.0719232200,17664554,290883632.0000,5.884213,-0.491100
2016-07-01,15.9628602000,16.2503899800,15.8438823600,15.9529453800,12008498,194141219.0000,4.000133,-0.740300
2016-07-04,16.0025194800,16.6568976000,15.8835416400,16.5180901200,15550590,255964461.0000,5.180033,3.542600
2016-07-05,16.5577494000,16.6568976000,16.0620084000,16.2503899800,12440449,204806284.0000,4.144019,-1.620700
2016-07-06,16.0818380400,16.2999640800,16.0124343000,16.1115825000,8146889,132499446.0000,2.713798,-0.854200
2016-07-07,16.0620084000,16.1611566000,15.5266081200,15.7447341600,11530890,183747426.0000,3.841037,-2.276900
2016-07-08,15.6852452400,16.0917528600,15.6852452400,15.8042230800,8984404,144287914.0000,2.992781,0.377800
2016-07-11,15.6951600600,16.1710714200,15.6059266800,15.6356711400,9928679,159445278.0000,3.307327,-1.066500
2016-07-12,15.2192487000,15.7645638000,14.6937632400,15.3580561800,17658361,269831328.0000,5.882150,-1.775500
2016-07-13,15.4175451000,15.6455859600,15.1795894200,15.4472895600,9410859,146494755.0000,3.134837,0.581000
2016-07-14,15.6654156000,16.9940014800,15.6356711400,16.9940014800,13733685,231691039.0000,4.574807,10.012800
2016-07-15,16.9940014800,17.2022127000,16.2999640800,16.3098789000,26012555,437336256.0000,8.665003,-4.025700
2016-07-18,16.2503899800,16.7064717000,16.1115825000,16.4090271000,12387565,205145157.0000,4.126403,0.607900
2016-07-19,16.2503899800,16.4586012000,15.7447341600,16.3891974600,11990007,194239830.0000,3.993973,-0.120800
2016-07-20,16.3594530000,16.9741718400,16.1909010600,16.5478345800,16496739,276628432.0000,5.495204,0.967900
2016-07-21,16.3891974600,16.6965568800,16.2107307000,16.3197937200,10484440,173736831.0000,3.492456,-1.378100
2016-07-22,16.3197937200,16.3197937200,15.7249045200,15.8438823600,9354683,150893841.0000,3.116124,-2.916200
2016-07-25,15.7843934400,16.1909010600,15.6753304200,15.9628602000,6443258,104009268.0000,2.146304,0.750900
2016-07-26,15.9430305600,16.1413269600,15.8736268200,16.0917528600,6160654,99623484.0000,2.052166,0.807400
2016-07-27,16.0818380400,16.1710714200,14.6739336000,14.6739336000,13010558,200305170.0000,4.333927,-8.810800
2016-07-28,14.6739336000,14.8524003600,13.8906628200,14.2178518800,10372889,149893671.0000,3.455297,-3.108100
2016-07-29,14.2773408000,14.3368297200,13.9204072800,14.1781926000,5434500,77547612.0000,1.810278,-0.278900
2016-08-01,14.0790444000,14.1781926000,13.3850070000,13.9005776400,6829128,94381419.0000,2.274840,-1.958000
2016-08-02,13.9005776400,14.1484481400,13.8410887200,14.0790444000,4504657,63482941.0000,1.500539,1.283900
2016-08-03,14.0492999400,14.2079370600,13.8906628200,14.0592147600,4263500,60581607.0000,1.420208,-0.140800
2016-08-04,14.0195554800,14.2872556200,14.0195554800,14.1881074200,4345280,62077581.0000,1.447450,0.916800
2016-08-05,14.2178518800,14.3070852600,14.0592147600,14.0691295800,3569450,51006607.0000,1.189014,-0.838600
2016-08-08,14.0294703000,14.2674259800,13.5833034000,14.2575111600,3824022,53969656.0000,1.273814,1.339000
2016-08-09,14.2575111600,14.5351261200,14.1583629600,14.5053816600,5114943,74349059.0000,1.703831,1.738500
2016-08-10,14.4657223800,14.6243595000,14.3070852600,14.3170000800,4072101,59266104.0000,1.356451,-1.298700
2016-08-11,14.2277667000,14.3070852600,14.0195554800,14.0393851200,4159520,59371713.0000,1.385571,-1.939100
2016-08-12,14.0393851200,14.2376815200,13.9104924600,14.2079370600,2742949,39002409.0000,0.913700,1.200600
2016-08-15,14.2674259800,14.8127410800,13.9699813800,14.6838484200,6013133,87974035.0000,2.003026,3.349600
2016-08-16,14.6937632400,15.0209523000,14.6342743200,14.8623151800,4849009,72581390.0000,1.615246,1.215400
2016-08-17,14.8424855400,15.0110374800,14.6640187800,14.7235077000,4410232,65810044.0000,1.469086,-0.934000
2016-08-18,14.7532521600,14.9614633800,14.5747854000,14.6937632400,4885708,72637462.0000,1.627471,-0.202000
2016-08-19,14.6243595000,14.9118892800,14.5747854000,14.7730818000,3662927,54340908.0000,1.220152,0.539800
2016-08-22,14.8226559000,14.8920596400,14.1781926000,14.2674259800,3519752,51677890.0000,1.172459,-3.422800
2016-08-23,14.2376815200,14.4756372000,14.1881074200,14.3665741800,3784029,54787812.0000,1.260492,0.694900
2016-08-24,14.3665741800,14.9118892800,14.3368297200,14.8722300000,7499261,111776668.0000,2.498067,3.519700
2016-08-25,14.8722300000,16.3594530000,14.4756372000,15.7249045200,27325301,436580624.0000,9.102290,5.733300
2016-08-26,15.4770340200,16.0620084000,15.2489931600,15.3183969000,16960939,268075977.0000,5.649833,-2.585100
2016-08-29,15.2787376200,15.5266081200,15.1498449600,15.4671192000,8195471,126876167.0000,2.729981,0.970900
2016-08-30,15.4671192000,15.6356711400,14.9515485600,14.9812930200,8721974,134396494.0000,2.905364,-3.141000
2016-08-31,15.1101856800,15.2688228000,14.8821448200,15.1696746000,5445923,82742912.0000,1.814083,1.257400
2016-09-01,15.1795894200,15.2291635200,14.7532521600,14.7829966200,6070693,91770896.0000,2.022199,-2.549000
2016-09-02,14.7730818000,14.9019744600,14.5747854000,14.8028262600,5236411,77921965.0000,1.744293,0.134100
2016-09-05,14.8722300000,15.1696746000,14.6739336000,14.8028262600,7347667,110709483.0000,2.447570,0.000000
2016-09-06,14.7730818000,15.1696746000,14.4260631000,15.1498449600,8948923,134172067.0000,2.980962,2.344269
2016-09-07,15.1498449600,15.4076302800,15.0110374800,15.0506967600,7885845,120653391.0000,2.626842,-0.654447
2016-09-08,15.0308671200,15.3481413600,15.0110374800,15.2291635200,7263782,111181038.0000,2.419627,1.185766
2016-09-09,15.1696746000,15.2589079800,14.9218041000,15.0209523000,5838813,88682786.0000,1.944958,-1.367188
2016-09-12,14.7036780600,14.7036780600,14.1385333200,14.1682777800,7262245,105931912.0000,2.419115,-5.676566
2016-09-13,14.2575111600,14.3467445400,13.9997258400,14.1881074200,4265291,60870123.0000,1.420805,0.139961
2016-09-14,14.0790444000,14.2475963400,13.9898110200,14.0691295800,3855300,54781006.0000,1.284233,-0.838580
2016-09-19,14.0988740400,14.3665741800,14.0790444000,14.2277667000,3129996,44812590.0000,1.042628,1.127560
2016-09-20,14.3269149000,14.3269149000,14.0790444000,14.1781926000,2991573,42737842.0000,0.996518,-0.348433
2016-09-21,14.1583629600,14.2872556200,14.1286185000,14.2376815200,3006355,43120997.0000,1.001442,0.419577
2016-09-22,14.3269149000,14.4359779200,14.2376815200,14.2575111600,3687877,53342415.0000,1.228463,0.139279
2016-09-23,14.2475963400,14.4756372000,14.2277667000,14.3368297200,3809987,55208397.0000,1.269139,0.556328
2016-09-26,14.3269149000,14.3368297200,13.8212590800,13.8410887200,4129500,58576772.0000,1.375571,-3.457815
2016-09-27,13.9303221000,14.1980222400,13.8609183600,14.1980222400,3464834,49020514.0000,1.154166,2.578794
2016-09-28,14.2178518800,14.2475963400,13.9997258400,14.1286185000,2551668,36346597.0000,0.849982,-0.488825
2016-09-29,14.1781926000,14.2277667000,14.0988740400,14.1385333200,2252700,32175401.0000,0.750393,0.070177
2016-09-30,14.1187036800,14.2178518800,14.1187036800,14.1980222400,2010354,28736436.0000,0.669666,0.420754
2016-10-10,14.2872556200,14.7532521600,14.2872556200,14.7334225200,4334822,63667347.0000,1.443966,3.770950
2016-10-11,14.6937632400,15.2291635200,14.6342743200,14.9713782000,6018578,90253979.0000,2.004839,1.615079
2016-10-12,14.8722300000,15.0407819400,14.8127410800,14.9812930200,3203564,48207681.0000,1.067134,0.066220
2016-10-13,14.9614633800,14.9614633800,14.7631669800,14.8424855400,2842654,42570363.0000,0.946912,-0.926535
2016-10-14,14.8920596400,14.8920596400,14.5747854000,14.7730818000,3573998,52938209.0000,1.190529,-0.467606
2016-10-17,14.6739336000,14.8226559000,14.3070852600,14.4260631000,4389400,64612968.0000,1.462146,-2.348989
2016-10-18,14.4558075600,14.7631669800,14.3467445400,14.7631669800,4553813,67145500.0000,1.516914,2.336771
2016-10-19,14.7235077000,14.8722300000,14.5946150400,14.7036780600,3844338,56991073.0000,1.280582,-0.402958
2016-10-20,14.7433373400,14.8623151800,14.6739336000,14.7829966200,3578599,53320531.0000,1.192062,0.539447
2016-10-21,14.7532521600,14.8524003600,14.3963186400,14.6640187800,3684789,54231769.0000,1.227434,-0.804828
2016-10-24,14.5946150400,14.8226559000,14.4855520200,14.7334225200,4863663,72091825.0000,1.620127,0.473291
2016-10-25,14.7433373400,14.7631669800,14.6243595000,14.7532521600,3063017,45430942.0000,1.020317,0.134593
2016-10-26,14.7334225200,14.7433373400,14.4756372000,14.6541039600,4903423,72156168.0000,1.633372,-0.672046
2016-10-27,14.6045298600,14.8127410800,14.5747854000,14.7433373400,3897391,57846987.0000,1.298254,0.608932
2016-10-28,14.7433373400,14.7929114400,14.3070852600,14.4161482800,4301786,63157596.0000,1.432961,-2.219233
2016-10-31,14.3764890000,14.4954668400,14.2277667000,14.4359779200,2294798,33265684.0000,0.764417,0.137555
2016-11-01,14.3269149000,14.6541039600,14.3269149000,14.5648705800,3617831,52869681.0000,1.205130,0.892851
2016-11-02,14.4954668400,14.6441891400,14.3467445400,14.4359779200,3359436,49064629.0000,1.119057,-0.884950
2016-11-03,14.4756372000,15.0606115800,14.3764890000,14.7730818000,9769381,145318637.0000,3.254264,2.335159
2016-11-04,14.7730818000,14.9614633800,14.5351261200,14.6739336000,6775902,100574080.0000,2.257110,-0.671137
2016-11-07,14.6739336000,15.1498449600,14.6144446800,15.0110374800,10353168,155972062.0000,3.448728,2.297298
2016-11-08,15.0506967600,15.1994190600,14.9812930200,15.0705264000,6911419,105196600.0000,2.302252,0.396298
2016-11-09,15.1002708600,15.5662674000,14.8920596400,15.2390783400,12846513,197995696.0000,4.279282,1.118422
2016-11-10,15.3679710000,15.6059266800,15.1994190600,15.5365229400,8399649,130547112.0000,2.797994,1.951856
2016-11-11,15.4671192000,15.8339675400,15.1696746000,15.2985672600,11472122,177638412.0000,3.821461,-1.531588
2016-11-14,15.2489931600,15.4572043800,15.0506967600,15.2688228000,7881741,121148753.0000,2.625475,-0.194431
2016-11-15,15.2787376200,15.8637120000,15.1300153200,15.8141379000,12357650,193106674.0000,4.116438,3.571430
2016-11-16,15.7546489800,16.0818380400,15.5761822200,15.6257563200,9365934,149377642.0000,3.119872,-1.191220
2016-11-17,15.4671192000,15.9628602000,15.3778858200,15.7546489800,6262503,98766453.0000,2.086093,0.824874
2016-11-18,15.7645638000,16.0025194800,15.6654156000,15.8141379000,5811738,92692941.0000,1.935939,0.377593
2016-11-21,15.6257563200,15.7943082600,15.5365229400,15.7050748800,5726596,90323068.0000,1.907578,-0.689653
2016-11-22,15.7249045200,15.7348193400,15.5166933000,15.6951600600,5507481,86795383.0000,1.834589,-0.063133
2016-11-23,15.7943082600,16.0223491200,15.6158415000,16.0223491200,11483204,183612961.0000,3.825153,2.084649
2016-11-24,16.1115825000,16.1611566000,15.3977154600,15.4671192000,10469465,165919802.0000,3.487468,-3.465343
2016-11-25,15.4770340200,15.6158415000,14.9812930200,15.5266081200,4906714,76251421.0000,1.634468,0.384612
2016-11-28,15.5266081200,15.7249045200,15.3183969000,15.6257563200,5188818,81271304.0000,1.728439,0.638572
2016-11-29,15.6356711400,15.7447341600,15.3679710000,15.3778858200,5692871,89356710.0000,1.896344,-1.586294
2016-11-30,15.5067784800,15.6852452400,15.2390783400,15.6158415000,8261579,129513158.0000,2.752002,1.547387
2016-12-01,15.8141379000,15.8141379000,15.4472895600,15.6356711400,5548004,87024400.0000,1.848087,0.126987
2016-12-02,15.5464377600,15.6555007800,15.0506967600,15.3084820800,7724767,119614595.0000,2.573185,-2.092586
2016-12-05,15.1597597800,15.3977154600,14.9812930200,15.2489931600,3557474,54513809.0000,1.185025,-0.388598
2016-12-06,15.3580561800,15.3580561800,15.0407819400,15.1002708600,2840000,43386957.0000,0.946028,-0.975296
2016-12-07,15.1002708600,15.2291635200,14.8226559000,15.1002708600,9268204,140321272.0000,3.087317,0.000000
2016-12-08,15.1300153200,15.7645638000,15.0606115800,15.6654156000,10085075,156740734.0000,3.359424,3.742618
2016-12-09,15.7744786200,15.7744786200,15.3679710000,15.3977154600,8099486,126696510.0000,2.698008,-1.708864
2016-12-12,15.2787376200,15.6555007800,14.4954668400,14.5747854000,9630193,144318721.0000,3.207899,-5.344494
2016-12-13,14.5747854000,14.5747854000,14.0294703000,14.2773408000,5655768,81258249.0000,1.883984,-2.040817
2016-12-14,14.2872556200,14.4458927400,13.9898110200,14.1087888600,4410117,63156441.0000,1.469047,-1.180556
2016-12-15,13.9997258400,14.4161482800,13.9997258400,14.3070852600,4558270,65616135.0000,1.518398,1.405487
2016-12-16,14.3170000800,14.7235077000,14.2277667000,14.5252113000,5521275,81100864.0000,1.839184,1.524597
2016-12-19,14.5549557600,15.0308671200,14.3764890000,14.9713782000,8109216,120958381.0000,2.701249,3.071678
2016-12-20,14.9614633800,15.0308671200,14.6739336000,14.9713782000,4074349,60862212.0000,1.357200,0.000000
2016-12-21,14.8920596400,15.0705264000,14.8623151800,14.9317189200,4241100,63868810.0000,1.412746,-0.264900
2016-12-22,14.9118892800,15.0209523000,14.7235077000,14.9416337400,3180241,47695551.0000,1.059365,0.066396
2016-12-23,14.9515485600,14.9515485600,14.4756372000,14.7532521600,3184488,47128407.0000,1.060780,-1.260780
2016-12-26,14.5946150400,15.2489931600,14.3764890000,15.0705264000,5409482,81156502.0000,1.801944,2.150536
2016-12-27,15.0407819400,15.6951600600,14.7929114400,15.6455859600,13179419,204825982.0000,4.390176,3.815789
2016-12-28,15.5266081200,15.9430305600,15.4770340200,15.6852452400,14310906,226927078.0000,4.767084,0.253485
2016-12-29,15.6654156000,15.7943082600,15.3580561800,15.5166933000,6585196,103280929.0000,2.193585,-1.074590
2016-12-30,15.5464377600,15.8339675400,15.3183969000,15.5662674000,6938759,108420456.0000,2.311359,0.319490
2017-01-03,15.6257563200,15.6455859600,15.4076302800,15.5761822200,4614039,72208256.0000,1.536976,0.063696
2017-01-04,15.5266081200,15.5563525800,15.1795894200,15.4671192000,7841567,121568056.0000,2.612093,-0.700189
2017-01-05,15.5266081200,15.5266081200,15.0804412200,15.1002708600,7538617,115869716.0000,2.511177,-2.371800
2017-01-06,15.2192487000,15.2985672600,14.7036780600,14.7036780600,8705045,131219606.0000,2.899724,-2.626393
2017-01-09,14.6045298600,14.6045298600,14.2079370600,14.3864038200,6857079,99335519.0000,2.284151,-2.157786
2017-01-10,14.3764890000,14.4756372000,14.2277667000,14.2872556200,5860834,84657000.0000,1.952294,-0.689183
2017-01-11,14.2872556200,14.5252113000,14.2773408000,14.4359779200,4444530,64547773.0000,1.480511,1.040948
2017-01-12,14.4756372000,14.5152964800,14.2376815200,14.2971704400,2668175,38555993.0000,0.888792,-0.961541
2017-01-13,14.2674259800,14.4458927400,13.3850070000,13.4643255600,7382008,103058419.0000,2.459010,-5.825244
2017-01-16,13.3850070000,13.4444959200,12.1159100400,12.3439509000,9616195,123422330.0000,3.203236,-8.321061
2017-01-17,12.2943768000,12.6413955000,11.8382950800,12.5521621200,6182324,76936049.0000,2.059385,1.686747
2017-01-18,12.4827583800,12.7405437000,12.3340360800,12.4728435600,2462050,31048945.0000,0.820130,-0.631911
2017-01-19,12.4034398200,12.7901178000,12.2348878800,12.6215658600,3554376,45093904.0000,1.183993,1.192366
2017-01-20,12.5819065800,13.1173068600,12.5719917600,12.9884142000,4509190,58649795.0000,1.502049,2.906527
2017-01-23,12.9289252800,13.1073920400,12.8991808200,13.0379883000,2844301,37316408.0000,0.947461,0.381673
2017-01-24,13.2362847000,13.6328775000,13.1867106000,13.3354329000,7116378,96285431.0000,2.370526,2.281370
2017-01-25,13.3056884400,13.4147514600,13.2164550600,13.2957736200,1847500,24791380.0000,0.615418,-0.297397
2017-01-26,13.2957736200,13.4940700200,13.2263698800,13.2957736200,1448500,19481618.0000,0.482508,0.000000
2017-02-03,13.3750921800,13.3750921800,13.0875624000,13.2660291600,1072100,14299031.0000,0.357126,-0.223712
2017-02-06,13.1966254200,13.5039848400,13.1470513200,13.3850070000,1793776,24067728.0000,0.597522,0.896860
2017-02-07,13.3850070000,13.3850070000,12.9685845600,13.2759439800,2428263,32318591.0000,0.808875,-0.814812
2017-02-08,13.2362847000,13.3651773600,12.9884142000,13.3354329000,2474691,32982783.0000,0.824341,0.448092
2017-02-09,13.3354329000,14.0492999400,13.2561143400,13.8807480000,7782441,107491105.0000,2.592397,4.089221
2017-02-10,13.8609183600,13.9303221000,13.6824516000,13.8510035400,3006986,41827104.0000,1.001653,-0.214284
2017-02-13,13.7815998000,14.0790444000,13.7221108800,13.9303221000,3200576,44934757.0000,1.066139,0.572655
2017-02-14,13.9005776400,14.0195554800,13.8113442600,13.9303221000,1890286,26495156.0000,0.629670,0.000000
2017-02-15,13.9501517400,14.1682777800,13.7815998000,13.8212590800,6371568,89959252.0000,2.122423,-0.782922
2017-02-16,13.6328775000,13.9798962000,13.5833034000,13.8906628200,3326742,46250244.0000,1.108166,0.502157
2017-02-17,13.8609183600,14.0096406600,13.7915146200,13.9303221000,4228376,59407641.0000,1.408508,0.285510
2017-02-20,13.9303221000,14.0393851200,13.7815998000,13.9898110200,4110600,57774203.0000,1.369276,0.427042
2017-02-21,14.0492999400,14.6441891400,13.9997258400,14.5648705800,9737720,140840544.0000,3.243717,4.110559
2017-02-22,14.5549557600,14.6739336000,14.3269149000,14.5747854000,3854606,56370082.0000,1.284002,0.068075
2017-02-23,14.5946150400,15.0407819400,14.4954668400,14.8127410800,5050775,75399622.0000,1.682456,1.632651
2017-02-24,14.8623151800,15.2192487000,14.7433373400,15.1498449600,6261061,95275690.0000,2.085613,2.275771
2017-02-27,15.2291635200,15.3183969000,14.8722300000,15.0606115800,6071864,92462210.0000,2.022589,-0.589006
2017-02-28,14.9515485600,15.3679710000,14.9515485600,15.2291635200,4753813,72918698.0000,1.583535,1.119158
2017-03-01,15.1597597800,15.4274599200,15.0705264000,15.2489931600,5094349,78371132.0000,1.696971,0.130211
2017-03-02,15.2390783400,15.2390783400,14.9317189200,14.9416337400,3420826,51932073.0000,1.139506,-2.015607
2017-03-03,14.8821448200,15.1895042400,14.7334225200,15.1300153200,5790057,87248042.0000,1.928717,1.260787
2017-03-06,15.1696746000,15.4869488400,15.0506967600,15.3679710000,4999406,77511172.0000,1.665345,1.572738
2017-03-07,15.3679710000,15.4175451000,15.1101856800,15.4175451000,3433841,52868379.0000,1.143842,0.322582
2017-03-08,15.3481413600,15.3778858200,15.1994190600,15.3283117200,2798563,43172024.0000,0.932225,-0.578779
2017-03-09,15.3679710000,15.3679710000,15.1498449600,15.2093338800,2482032,38103445.0000,0.826786,-0.776196
2017-03-10,15.2192487000,15.2589079800,14.9912078400,15.0705264000,2581319,39301016.0000,0.859859,-0.912649
2017-03-13,15.0705264000,15.1696746000,14.8226559000,15.1101856800,2448042,37144670.0000,0.815464,0.263158
2017-03-14,15.1002708600,15.3679710000,14.9218041000,14.9812930200,2978251,45621317.0000,0.992081,-0.853019
2017-03-15,14.9812930200,15.2390783400,14.9812930200,15.1101856800,2920333,44630553.0000,0.972788,0.860358
2017-03-16,15.0110374800,15.3679710000,15.0011226600,15.1300153200,4171722,63633484.0000,1.389636,0.131237
2017-03-17,15.1795894200,15.1994190600,14.8325707200,14.8325707200,4649749,70246860.0000,1.548871,-1.965925
2017-03-20,14.9218041000,14.9218041000,14.3764890000,14.6640187800,5315700,78075802.0000,1.770705,-1.136364
2017-03-21,14.6838484200,14.7532521600,14.5351261200,14.7235077000,1922003,28431220.0000,0.640236,0.405682
2017-03-22,14.6441891400,14.8424855400,14.4558075600,14.7730818000,2295425,34094349.0000,0.764626,0.336695
2017-03-23,14.7929114400,14.9713782000,14.6441891400,14.9118892800,2990801,44778132.0000,0.996261,0.939600
2017-03-24,15.0110374800,15.2886524400,14.9118892800,15.1399301400,9492486,144708879.0000,3.162028,1.529259
2017-03-27,15.1498449600,15.2886524400,15.0903560400,15.1696746000,3813210,58369618.0000,1.270213,0.196462
2017-03-28,15.2390783400,15.4175451000,15.1002708600,15.4175451000,4872842,75173194.0000,1.623185,1.633987
2017-03-29,15.3679710000,15.5067784800,15.1895042400,15.1895042400,3507782,54128635.0000,1.168472,-1.479103
2017-03-30,15.1696746000,15.1696746000,14.7036780600,14.7334225200,6311205,94849676.0000,2.102316,-3.002611
2017-03-31,14.7334225200,14.7631669800,14.4260631000,14.6243595000,2513450,37183746.0000,0.837252,-0.740240
2017-04-05,14.6243595000,14.8821448200,14.5549557600,14.7631669800,2824150,41964693.0000,0.940748,0.949155
2017-04-06,14.7532521600,14.9912078400,14.6838484200,14.9218041000,4190561,62682645.0000,1.395911,1.074546
2017-04-07,14.9912078400,15.1201005000,14.9019744600,15.0804412200,3002984,45494849.0000,1.000319,1.063122
2017-04-10,15.2985672600,15.3183969000,14.5549557600,14.9416337400,4326110,64872762.0000,1.441064,-0.920449
2017-04-11,14.8722300000,14.9614633800,14.6541039600,14.7631669800,2605002,38854284.0000,0.867748,-1.194422
2017-04-12,14.8524003600,14.8623151800,14.5549557600,14.6739336000,2414835,35680245.0000,0.804402,-0.604433
2017-04-13,14.7135928800,14.8127410800,14.5252113000,14.6739336000,3655961,54011391.0000,1.217832,0.000000
2017-04-14,14.7235077000,14.8226559000,14.5946150400,14.6739336000,2700097,40055309.0000,0.899425,0.000000
2017-04-17,14.6739336000,14.7036780600,13.2065402400,13.2065402400,3375695,46850181.0000,1.124473,-10.000000
2017-04-18,11.8878691800,11.8878691800,11.8878691800,11.8878691800,2573400,30855066.0000,0.857221,-9.984985
2017-04-19,10.8170686200,12.1456545000,10.8170686200,11.8184654400,20962242,240458666.0000,6.982701,-0.583817
2017-04-20,11.5011912000,11.9969322000,11.3227244400,11.8283802600,13773450,161663655.0000,4.588053,0.083895
2017-04-21,11.7688913400,11.9473581000,11.5210208400,11.5904245800,7522307,89398665.0000,2.505744,-2.011741
2017-04-24,11.6003394000,11.7391468800,11.3524689000,11.6201690400,3513969,40979812.0000,1.170533,0.256636
2017-04-25,11.6499135000,12.1952286000,11.6201690400,11.9771025600,4429362,53407760.0000,1.475458,3.071669
2017-04-26,11.9771025600,12.1753989600,11.8382950800,11.9076988200,2685335,32421155.0000,0.894508,-0.579468
2017-04-27,11.9275284600,12.4133546400,11.7589765200,12.3637805400,4988517,60902652.0000,1.661717,3.830142
2017-04-28,12.3538657200,12.7702881600,12.2745471600,12.6909696000,4407077,55755247.0000,1.468035,2.646350
2017-05-02,12.6909696000,13.0379883000,12.6017362200,12.8595215400,3988383,51600864.0000,1.328564,1.328126
2017-05-03,12.7802029800,12.9884142000,12.6116510400,12.8595215400,2616376,33757637.0000,0.871537,0.000000
2017-05-04,12.8793511800,12.8793511800,12.6513103200,12.7306288800,1811178,23388837.0000,0.603319,-1.002314
2017-05-05,12.7306288800,12.9388401000,12.5918214000,12.5918214000,2414478,31006669.0000,0.804283,-1.090345
2017-05-08,12.5918214000,12.8297770800,12.5025880200,12.5422473000,1941200,24771302.0000,0.646630,-0.393702
2017-05-09,12.7008844200,12.7702881600,12.0465063000,12.5620769400,2107000,26342536.0000,0.701860,0.158106
2017-05-10,12.5719917600,12.6909696000,12.1952286000,12.2646323400,2101500,26348182.0000,0.700027,-2.367799
2017-05-11,12.3439509000,12.3736953600,11.8382950800,12.0564211200,2875755,34980350.0000,0.957938,-1.697656
2017-05-12,12.0167618400,12.1853137800,11.9176136400,12.1753989600,2265736,27643535.0000,0.754736,0.986841
2017-05-15,12.2547175200,12.5719917600,12.2051434200,12.4331842800,7478132,93107996.0000,2.491029,2.117266
2017-05-16,12.3538657200,12.5918214000,12.3439509000,12.4926732000,3064000,38419331.0000,1.020644,0.478472
2017-05-17,12.4728435600,12.6612251400,12.2943768000,12.3142064400,2381300,29855364.0000,0.793231,-1.428574
2017-05-18,12.3042916200,12.4331842800,12.0564211200,12.1357396800,1663130,20437799.0000,0.554003,-1.449278
2017-05-19,12.1952286000,12.1952286000,11.9870173800,12.1952286000,1677804,20443222.0000,0.558891,0.490200
2017-05-22,12.1952286000,12.4232694600,11.6499135000,12.2249730600,3752770,45497940.0000,1.250080,0.243900
2017-05-23,12.1258248600,12.1258248600,11.8977840000,12.0762507600,1626395,19686345.0000,0.541766,-1.216542
2017-05-24,11.9969322000,12.1555693200,11.8382950800,12.1059952200,1408957,17139633.0000,0.469336,0.246303
2017-05-25,12.1555693200,12.1555693200,11.6994876000,12.0663359400,2058557,24737013.0000,0.685723,-0.327600
2017-05-26,12.0167618400,12.1059952200,11.8581247200,11.8977840000,1137000,13711718.0000,0.378744,-1.396878
2017-05-31,11.9076988200,12.0960804000,11.7986358000,11.8977840000,1073500,12970251.0000,0.357592,0.000000
2017-06-01,11.8085506200,11.9374432800,11.6300838600,11.7589765200,1500200,17787862.0000,0.499729,-1.166670
2017-06-02,11.8779543600,11.9671877400,11.4119578200,11.9671877400,1453981,17235392.0000,0.484333,1.770658
2017-06-05,11.9671877400,12.0167618400,11.8184654400,11.8382950800,701751,8396020.0000,0.233759,-1.077052
2017-06-06,11.8283802600,11.9572729200,11.7887209800,11.8581247200,679300,8131464.0000,0.226281,0.167508
2017-06-07,11.8779543600,12.1159100400,11.7490617000,12.0266766600,3922739,47141942.0000,1.306698,1.421405
2017-06-08,12.0167618400,12.0167618400,11.6697431400,11.7589765200,3701000,44104211.0000,1.232835,-2.225890
2017-06-09,11.7688913400,11.7887209800,11.6102542200,11.6994876000,1449600,17111287.0000,0.482874,-0.505898
2017-06-12,11.5507653000,11.6499135000,11.4516171000,11.4516171000,1536007,17861719.0000,0.511657,-2.118644
2017-06-13,11.4516171000,11.6796579600,11.4417022800,11.5805097600,2231876,26021523.0000,0.743457,1.125542
2017-06-14,11.5111060200,11.7292320600,11.5111060200,11.5904245800,1709280,20043635.0000,0.569376,0.085610
2017-06-15,11.6697431400,11.8680395400,11.5904245800,11.7490617000,2464200,29261157.0000,0.820846,1.368698
2017-06-16,11.7490617000,12.1952286000,11.6499135000,12.1952286000,2880700,34472831.0000,0.959586,3.797467
2017-06-19,11.9473581000,12.1456545000,11.8581247200,12.0365914800,3046600,36787144.0000,1.014848,-1.300812
2017-06-20,12.0167618400,12.0762507600,11.8878691800,11.9275284600,2075949,25124935.0000,0.691516,-0.906101
2017-06-21,11.9771025600,11.9969322000,11.7788061600,11.9076988200,1236327,14819161.0000,0.411831,-0.166247
2017-06-22,11.9275284600,11.9473581000,11.6003394000,11.6003394000,2168200,25767839.0000,0.722246,-2.581186
2017-06-23,11.6895727800,11.6895727800,11.4119578200,11.5408504800,1645248,19196876.0000,0.548046,-0.512816
2017-06-26,11.6201690400,11.7391468800,11.5011912000,11.6201690400,1693734,19915525.0000,0.564197,0.687284
2017-06-27,11.6499135000,11.7589765200,11.6003394000,11.6201690400,1637848,19291340.0000,0.545581,0.000000
2017-06-28,11.5805097600,11.6796579600,11.5111060200,11.5606801200,887068,10352437.0000,0.295490,-0.511949
2017-06-29,11.5309356600,11.6399986800,11.4417022800,11.5011912000,1802800,20973493.0000,0.600528,-0.514575
2017-06-30,11.4516171000,11.6399986800,11.3822133600,11.6399986800,1929250,22306747.0000,0.642676,1.206891
2017-07-03,11.6000000000,11.6600000000,11.4600000000,11.6300000000,1828427,21210843.0000,0.609090,-0.085913
2017-07-04,11.5300000000,11.6300000000,11.4800000000,11.4900000000,1190607,13734354.0000,0.396618,-1.203786
2017-07-05,11.4900000000,11.5900000000,11.3800000000,11.4200000000,3272907,37565151.0000,1.090278,-0.609223
2017-07-06,11.4500000000,11.4600000000,11.2000000000,11.3200000000,5310506,60043579.0000,1.769048,-0.875660
2017-07-07,11.3200000000,11.3400000000,11.2000000000,11.2500000000,3720200,41859710.0000,1.239282,-0.618372
2017-07-10,11.2300000000,11.2300000000,11.0700000000,11.1400000000,3446401,38427688.0000,1.148073,-0.977775
2017-07-11,11.1300000000,11.2000000000,10.8000000000,10.9500000000,3640600,40129009.0000,1.212765,-1.705570
2017-07-12,10.8900000000,12.0000000000,10.8900000000,11.6300000000,9806908,112174753.0000,3.266900,6.210049
2017-07-13,11.7800000000,12.1000000000,11.6200000000,11.7400000000,9024431,107272649.0000,3.006240,0.945827
2017-07-14,11.7200000000,11.9100000000,11.7000000000,11.8800000000,2510135,29627336.0000,0.836182,1.192507
2017-07-17,11.7300000000,12.0100000000,11.0600000000,11.8300000000,5743575,67409791.0000,1.913313,-0.420877
2017-07-18,11.7000000000,12.0400000000,11.5300000000,11.9600000000,3554987,42086903.0000,1.184246,1.098902
2017-07-19,12.0000000000,12.0000000000,11.7600000000,11.8900000000,3342600,39650976.0000,1.113495,-0.585282
2017-07-20,11.9300000000,11.9600000000,11.7100000000,11.9000000000,3459492,40856784.0000,1.152434,0.084098
2017-07-21,11.8800000000,11.8800000000,11.6900000000,11.6900000000,1838200,21614480.0000,0.612346,-1.764706
2017-07-24,11.5300000000,11.9000000000,11.5000000000,11.8500000000,1949585,22835812.0000,0.649450,1.368698
2017-07-25,11.7100000000,12.1400000000,11.7100000000,11.9700000000,3150540,37572165.0000,1.049515,1.012657
2017-07-26,11.9700000000,12.0500000000,11.8000000000,12.0400000000,2431577,29073635.0000,0.810013,0.584793
2017-07-27,12.0500000000,12.7900000000,11.9400000000,12.7000000000,7266388,89750515.0000,2.420596,5.481726
2017-07-28,12.6700000000,12.6700000000,11.9600000000,11.9600000000,7494853,91957578.0000,2.496703,-5.826770
2017-07-31,11.9900000000,12.2900000000,11.8500000000,12.2700000000,4400162,53386249.0000,1.465792,2.591977
2017-08-01,12.2400000000,12.4000000000,12.1200000000,12.1800000000,2850250,34864615.0000,0.949482,-0.733498
2017-08-02,12.3100000000,12.3100000000,11.9500000000,11.9500000000,2269100,27422124.0000,0.755888,-1.888346
2017-08-03,11.9400000000,12.1100000000,11.8000000000,12.0200000000,2519500,30219487.0000,0.839302,0.585780
2017-08-04,12.0300000000,12.0700000000,11.9000000000,11.9400000000,1462100,17541226.0000,0.487058,-0.665565
2017-08-07,11.9300000000,12.0600000000,11.8000000000,11.8500000000,2961782,35256564.0000,0.986636,-0.753762
2017-08-08,11.8200000000,11.9400000000,11.7700000000,11.9200000000,3997550,47326781.0000,1.331673,0.590715
2017-08-09,11.9300000000,11.9300000000,11.6700000000,11.6900000000,2423174,28568677.0000,0.807213,-1.929534
2017-08-10,11.6800000000,11.7000000000,11.4600000000,11.4900000000,2380413,27515404.0000,0.792969,-1.710863
2017-08-11,11.5000000000,11.6300000000,11.3600000000,11.4700000000,1568400,17992226.0000,0.522469,-0.174060
2017-08-14,11.4600000000,11.9500000000,11.4300000000,11.8200000000,4203126,49456188.0000,1.400155,3.051434
2017-08-15,11.8800000000,12.2000000000,11.7600000000,12.1400000000,4350300,52491347.0000,1.449182,2.707281
2017-08-16,12.0400000000,12.3200000000,11.9400000000,12.2400000000,2973592,36443590.0000,0.990570,0.823719
2017-08-17,12.2400000000,12.3500000000,12.1500000000,12.2200000000,1755300,21445406.0000,0.584730,-0.163395
2017-08-18,12.1500000000,12.2900000000,12.1300000000,12.2100000000,1987092,24213734.0000,0.661945,-0.081835
2017-08-21,12.2300000000,12.4500000000,12.2000000000,12.2200000000,2315700,28483136.0000,0.771411,0.081902
2017-08-22,12.2800000000,12.3100000000,12.1100000000,12.2500000000,3263250,39906644.0000,1.087062,0.245497
2017-08-23,12.2600000000,12.3000000000,12.1600000000,12.1600000000,1020875,12457116.0000,0.340076,-0.734695
2017-08-24,12.1700000000,12.2000000000,12.0500000000,12.0700000000,1889900,22957840.0000,0.629568,-0.740133
2017-08-25,12.1300000000,12.2700000000,12.0500000000,12.2400000000,1177144,14327014.0000,0.392133,1.408451
2017-08-28,12.1600000000,12.3200000000,12.1400000000,12.1900000000,3999428,48962299.0000,1.332299,-0.408498
2017-08-29,12.1600000000,12.2100000000,11.9200000000,11.9300000000,2839038,34107332.0000,0.945747,-2.132890
2017-08-30,12.1200000000,12.1500000000,11.8800000000,11.9400000000,2550594,30514863.0000,0.849660,0.083816
2017-08-31,12.0400000000,12.6500000000,11.8800000000,12.4000000000,7874432,96676436.0000,2.623149,3.852597
2017-09-01,12.4000000000,12.5900000000,12.3200000000,12.4900000000,4316146,53729697.0000,1.437805,0.725808
2017-09-04,12.5000000000,13.4500000000,12.4100000000,13.3500000000,9635029,125216549.0000,3.209644,6.885514
2017-09-05,13.1600000000,13.5300000000,13.1600000000,13.3500000000,5647153,75317891.0000,1.881193,0.000000
2017-09-06,13.4800000000,13.6900000000,13.2500000000,13.3800000000,4261415,57492659.0000,1.419573,0.224717
2017-09-07,13.5000000000,13.8000000000,13.3100000000,13.6300000000,4936073,66872526.0000,1.644316,1.868460
2017-09-08,13.8200000000,14.2600000000,13.5500000000,13.9400000000,8258828,115283731.0000,2.751200,2.274391
2017-09-11,13.8600000000,14.0700000000,13.8300000000,13.9900000000,3610462,50250488.0000,1.202726,0.358681
2017-09-12,13.8700000000,14.1000000000,13.7800000000,13.8600000000,2731922,38033331.5000,0.910064,-0.929236
2017-09-13,13.8300000000,14.0200000000,13.8300000000,13.8900000000,1609600,22387607.0000,0.536194,0.216455
2017-09-14,13.9900000000,13.9900000000,13.6700000000,13.8100000000,2217040,30534374.8000,0.738546,-0.575953
2017-09-15,13.7000000000,13.9300000000,13.6000000000,13.9000000000,2241500,31036880.0000,0.746694,0.651696
2017-09-18,13.8500000000,14.5000000000,13.8500000000,14.4500000000,6052079,85873475.5100,2.016083,3.956836
2017-09-19,14.4500000000,14.5900000000,14.2000000000,14.4900000000,3121558,45099133.6000,1.039861,0.276816
2017-09-20,14.3500000000,14.8500000000,14.3500000000,14.7700000000,3134695,46128867.0400,1.044237,1.932372
2017-09-21,14.8400000000,14.8500000000,14.5800000000,14.7200000000,2955474,43508657.2800,0.984534,-0.338525
2017-09-22,14.6500000000,14.8800000000,14.5700000000,14.8800000000,2693474,39646142.1600,0.897256,1.086955
2017-09-25,14.9500000000,15.0900000000,14.8200000000,14.9100000000,3025500,45292330.2400,1.007862,0.201611
2017-09-26,14.7800000000,15.0500000000,14.7600000000,14.8000000000,1875900,27915873.0000,0.624904,-0.737758
2017-09-27,14.9500000000,14.9500000000,14.5100000000,14.6500000000,2606301,38229042.8300,0.868217,-1.013517
2017-09-28,14.7000000000,15.1600000000,14.6700000000,14.9800000000,4488173,67287156.4300,1.495111,2.252559
2017-09-29,14.8800000000,15.1200000000,14.8100000000,15.0000000000,3934623,58768202.4100,1.310711,0.133514
2017-10-09,14.9300000000,15.1700000000,14.7600000000,14.8600000000,2728656,40652939.3800,0.908976,-0.933336
2017-10-10,14.9800000000,14.9800000000,14.5300000000,14.6500000000,3683100,54005888.0000,1.226923,-1.413190
2017-10-11,14.6500000000,14.7900000000,14.4600000000,14.7700000000,3719006,54396829.4800,1.238884,0.819118
2017-10-12,14.7600000000,14.9600000000,14.6300000000,14.6700000000,2476900,36476021.0000,0.825111,-0.677051
2017-10-13,14.8200000000,15.1700000000,14.5600000000,14.9100000000,3493802,51760264.9900,1.163864,1.635990
2017-10-16,14.9000000000,14.9100000000,14.2100000000,14.6600000000,5070783,74192864.3400,1.689191,-1.676727
2017-10-17,14.4200000000,14.9600000000,14.4200000000,14.8500000000,3947138,57656727.8100,1.314880,1.296047
2017-10-18,14.9300000000,15.0600000000,14.6000000000,14.8700000000,3955129,58874915.5400,1.317542,0.134677
2017-10-19,14.9500000000,14.9500000000,14.6100000000,14.6900000000,2300000,33920239.0000,0.766181,-1.210493
2017-10-20,14.7000000000,15.1200000000,14.5600000000,15.0500000000,3627291,54250321.2500,1.208332,2.450651
2017-10-23,15.0800000000,15.4000000000,14.9300000000,15.3000000000,4306451,65623350.5000,1.434575,1.661129
2017-10-24,15.3000000000,15.4100000000,15.0700000000,15.2400000000,2965400,45170109.1100,0.987841,-0.392160
2017-10-25,15.0500000000,15.3700000000,15.0300000000,15.3200000000,1048970,16048256.4900,0.349435,0.524934
2017-10-26,15.3500000000,15.4300000000,15.0500000000,15.4000000000,2521367,38391615.1900,0.839924,0.522193
2017-10-27,15.3900000000,15.4400000000,15.2600000000,15.3200000000,1872069,28714076.6000,0.623628,-0.519480
2017-10-30,15.3500000000,15.4000000000,14.7500000000,14.9800000000,2807203,42141856.0000,0.935142,-2.219322
2017-10-31,14.9900000000,15.2100000000,14.8400000000,15.1800000000,2107197,31711344.0800,0.701954,1.335119
2017-11-01,15.3000000000,15.3000000000,14.7100000000,14.8000000000,2387506,35694688.5000,0.795332,-2.503294
2017-11-02,14.8300000000,14.9000000000,14.6200000000,14.8000000000,1327709,19610979.6500,0.442290,0.000000
2017-11-03,14.8000000000,14.8700000000,14.4000000000,14.4000000000,2313270,33706738.8000,0.770602,-2.702707
2017-11-06,14.4300000000,14.5000000000,13.4300000000,14.2600000000,7130901,99801278.7000,2.375463,-0.972218
2017-11-07,14.0900000000,14.0900000000,13.5800000000,13.6500000000,4283900,59117753.0000,1.427063,-4.277704
2017-11-08,13.6800000000,14.3500000000,12.2900000000,12.2900000000,27269607,345287482.3600,9.084116,-9.963367
2017-11-09,11.6500000000,12.2500000000,11.2100000000,11.6900000000,32257665,370660081.1600,10.745749,-4.882021
2017-11-10,11.4300000000,11.6200000000,11.3000000000,11.4100000000,14797325,169337215.5400,4.929320,-2.395207
2017-11-13,11.4100000000,11.4700000000,10.9900000000,11.0800000000,13095555,146141071.6000,4.362422,-2.892199
2017-11-14,11.1200000000,11.2200000000,10.9700000000,11.0400000000,9346370,103525231.3000,3.113485,-0.361011
2017-11-15,11.0500000000,11.1600000000,10.9300000000,11.0100000000,7573773,83731240.5300,2.522993,-0.271737
2017-11-16,11.0100000000,11.0400000000,10.9100000000,10.9300000000,5988422,65671190.6400,1.994877,-0.726611
2017-11-17,10.9400000000,10.9500000000,9.8500000000,9.8900000000,14825309,152627715.4700,4.938642,-9.515096
2017-11-20,9.8900000000,9.8900000000,9.8900000000,9.8900000000,0,0.0000,,0.000000
2017-11-21,9.8900000000,9.8900000000,9.8900000000,9.8900000000,0,0.0000,,0.000000
2017-11-22,9.8900000000,9.8900000000,9.8900000000,9.8900000000,0,0.0000,,0.000000
2017-11-23,9.8900000000,9.8900000000,9.8900000000,9.8900000000,0,0.0000,,0.000000
2017-11-24,9.8900000000,9.8900000000,9.8900000000,9.8900000000,0,0.0000,,0.000000
2017-11-27,9.8900000000,9.8900000000,9.8900000000,9.8900000000,0,0.0000,,0.000000
2017-11-28,9.8900000000,9.8900000000,9.8900000000,9.8900000000,0,0.0000,,0.000000
2017-11-29,9.8900000000,9.8900000000,9.8900000000,9.8900000000,0,0.0000,,0.000000
2017-11-30,9.8900000000,9.8900000000,9.8900000000,9.8900000000,0,0.0000,,0.000000
2017-12-01,9.8900000000,9.8900000000,9.8900000000,9.8900000000,0,0.0000,,0.000000
2017-12-04,9.8900000000,9.8900000000,9.8900000000,9.8900000000,0,0.0000,,0.000000
2017-12-05,9.8900000000,9.8900000000,9.8900000000,9.8900000000,0,0.0000,,0.000000
2017-12-06,9.8900000000,9.8900000000,9.8900000000,9.8900000000,0,0.0000,,0.000000
2017-12-07,9.8900000000,9.8900000000,9.8900000000,9.8900000000,0,0.0000,,0.000000
2017-12-08,9.8900000000,9.8900000000,9.8900000000,9.8900000000,0,0.0000,,0.000000
2017-12-11,9.8900000000,9.8900000000,9.8900000000,9.8900000000,0,0.0000,,0.000000
2017-12-12,9.8900000000,9.8900000000,9.8900000000,9.8900000000,0,0.0000,,0.000000
2017-12-13,9.8900000000,9.8900000000,9.8900000000,9.8900000000,0,0.0000,,0.000000
2017-12-14,9.8900000000,9.8900000000,9.8900000000,9.8900000000,0,0.0000,,0.000000
2017-12-15,9.8900000000,9.8900000000,9.8900000000,9.8900000000,0,0.0000,,0.000000
2017-12-18,9.8900000000,9.8900000000,9.8900000000,9.8900000000,0,0.0000,,0.000000
2017-12-19,9.8900000000,9.8900000000,9.8900000000,9.8900000000,0,0.0000,,0.000000
2017-12-20,9.8900000000,9.8900000000,9.8900000000,9.8900000000,0,0.0000,,0.000000
2017-12-21,9.8900000000,9.8900000000,9.8900000000,9.8900000000,0,0.0000,,0.000000
2017-12-22,9.8900000000,9.8900000000,9.8900000000,9.8900000000,0,0.0000,,0.000000
2017-12-25,9.8900000000,9.8900000000,9.8900000000,9.8900000000,0,0.0000,,0.000000
2017-12-26,9.8900000000,9.8900000000,9.8900000000,9.8900000000,0,0.0000,,0.000000
2017-12-27,9.8900000000,9.8900000000,9.8900000000,9.8900000000,0,0.0000,,0.000000
2017-12-28,9.8900000000,9.8900000000,9.8900000000,9.8900000000,0,0.0000,,0.000000
2017-12-29,9.8900000000,9.8900000000,9.8900000000,9.8900000000,0,0.0000,,0.000000
2018-01-02,9.8900000000,9.8900000000,9.8900000000,9.8900000000,0,0.0000,,0.000000
2018-01-03,9.8900000000,9.8900000000,9.8900000000,9.8900000000,0,0.0000,,0.000000
2018-01-04,9.8900000000,9.8900000000,9.8900000000,9.8900000000,0,0.0000,,0.000000
2018-01-05,9.8900000000,9.8900000000,9.8900000000,9.8900000000,0,0.0000,,0.000000
2018-01-08,9.8900000000,9.8900000000,9.8900000000,9.8900000000,0,0.0000,,0.000000
2018-01-09,9.8900000000,9.8900000000,9.8900000000,9.8900000000,0,0.0000,,0.000000
2018-01-10,9.8900000000,9.8900000000,9.8900000000,9.8900000000,0,0.0000,,0.000000
2018-01-11,9.8900000000,9.8900000000,9.8900000000,9.8900000000,0,0.0000,,0.000000
2018-01-12,9.8900000000,9.8900000000,9.8900000000,9.8900000000,0,0.0000,,0.000000
2018-01-15,9.8900000000,9.8900000000,9.8900000000,9.8900000000,0,0.0000,,0.000000
2018-01-16,9.8900000000,9.8900000000,9.8900000000,9.8900000000,0,0.0000,,0.000000
2018-01-17,9.8900000000,9.8900000000,9.8900000000,9.8900000000,0,0.0000,,0.000000
2018-01-18,9.8900000000,9.8900000000,9.8900000000,9.8900000000,0,0.0000,,0.000000
2018-01-19,9.8900000000,9.8900000000,9.8900000000,9.8900000000,0,0.0000,,0.000000
2018-01-22,9.8900000000,9.8900000000,9.8900000000,9.8900000000,0,0.0000,,0.000000
2018-01-23,9.8900000000,9.8900000000,9.8900000000,9.8900000000,0,0.0000,,0.000000
2018-01-24,9.8900000000,9.8900000000,9.8900000000,9.8900000000,0,0.0000,,0.000000
2018-01-25,9.8900000000,9.8900000000,9.8900000000,9.8900000000,0,0.0000,,0.000000
2018-01-26,9.8900000000,9.8900000000,9.8900000000,9.8900000000,0,0.0000,,0.000000
2018-01-29,9.8900000000,9.8900000000,9.8900000000,9.8900000000,0,0.0000,,0.000000
2018-01-30,9.8900000000,9.8900000000,9.8900000000,9.8900000000,0,0.0000,,0.000000
2018-01-31,9.8900000000,9.8900000000,9.8900000000,9.8900000000,0,0.0000,,0.000000
2018-02-01,9.8900000000,9.8900000000,9.8900000000,9.8900000000,0,0.0000,,0.000000
2018-02-02,9.8900000000,9.8900000000,9.8900000000,9.8900000000,0,0.0000,,0.000000
2018-02-05,9.8900000000,9.8900000000,9.8900000000,9.8900000000,0,0.0000,,0.000000
2018-02-06,9.8900000000,9.8900000000,9.8900000000,9.8900000000,0,0.0000,,0.000000
2018-02-07,9.8900000000,9.8900000000,9.8900000000,9.8900000000,0,0.0000,,0.000000
2018-02-08,9.8900000000,9.8900000000,9.8900000000,9.8900000000,0,0.0000,,0.000000
2018-02-09,9.8900000000,9.8900000000,9.8900000000,9.8900000000,0,0.0000,,0.000000
2018-02-12,9.8900000000,9.8900000000,9.8900000000,9.8900000000,0,0.0000,,0.000000
2018-02-13,9.8900000000,9.8900000000,9.8900000000,9.8900000000,0,0.0000,,0.000000
2018-02-14,8.9000000000,8.9000000000,8.9000000000,8.9000000000,514300,4577270.0000,0.171325,-10.010111
2018-02-22,8.0100000000,8.0100000000,8.0100000000,8.0100000000,1386700,11107467.0000,0.461941,-9.999993
2018-02-23,7.4200000000,8.0000000000,7.4200000000,7.4900000000,27566623,206995210.4400,9.183058,-6.491890
2018-02-26,7.1400000000,7.6600000000,7.1200000000,7.5500000000,18352078,135192976.6100,6.113487,0.801074
2018-02-27,7.4400000000,7.8500000000,7.4100000000,7.7100000000,14777550,112688575.3000,4.922732,2.119203
2018-02-28,7.5700000000,7.8500000000,7.5300000000,7.7100000000,11872231,91609163.3900,3.954906,0.000000
2018-03-01,7.7100000000,8.0300000000,7.6800000000,7.9500000000,12674729,99727963.1500,4.222236,3.112838
2018-03-02,7.9400000000,8.1500000000,7.8500000000,7.9400000000,12123688,96972232.5400,4.038672,-0.125783
2018-03-05,7.9400000000,7.9900000000,7.7600000000,7.8500000000,7985101,62467424.7600,2.660016,-1.133503
2018-03-06,7.9000000000,7.9700000000,7.8200000000,7.9400000000,10194756,80656881.5900,3.396101,1.146499
2018-03-07,7.9000000000,7.9300000000,7.7400000000,7.7700000000,7977400,62369404.0000,2.657450,-2.141059
2018-03-08,7.7400000000,7.9000000000,7.7300000000,7.8900000000,6769176,52977681.7700,2.254964,1.544400
2018-03-09,7.9300000000,8.2700000000,7.8900000000,8.2400000000,15037141,121850384.2200,5.009208,4.435994
2018-03-12,8.2600000000,8.6600000000,8.2000000000,8.6000000000,15533133,130175657.1900,5.174434,4.368939
2018-03-13,8.5300000000,9.0700000000,8.4200000000,8.7900000000,18975713,166654523.1500,6.321234,2.209297
2018-03-14,8.7000000000,8.7800000000,8.4200000000,8.5100000000,10948209,94013315.0700,3.647093,-3.185435
2018-03-15,8.4000000000,8.4600000000,8.0800000000,8.4300000000,7967931,66256393.6800,2.654296,-0.940070
2018-03-16,8.4000000000,8.8700000000,8.3700000000,8.7800000000,10603020,91349685.5600,3.532103,4.151832
2018-03-19,8.7700000000,8.9000000000,8.5900000000,8.6000000000,7787474,67935637.1700,2.594182,-2.050107
2018-03-20,8.5000000000,8.7600000000,8.4400000000,8.6600000000,7458366,64369661.1300,2.484548,0.697668
2018-03-21,8.6600000000,8.7500000000,8.4400000000,8.4500000000,6759520,58328387.8000,2.251747,-2.424943
2018-03-22,8.4600000000,8.5500000000,8.3100000000,8.4100000000,4230092,35641636.2200,1.409138,-0.473372
2018-03-23,8.0800000000,8.1300000000,7.5700000000,7.5700000000,9666400,75584437.8300,3.220094,-9.988106
2018-03-26,7.3300000000,7.6800000000,7.1000000000,7.6600000000,5477400,40817625.9100,1.824644,1.188899
2018-03-27,7.7300000000,8.0400000000,7.7300000000,7.9400000000,5838198,46050668.1400,1.944834,3.655355
2018-03-28,7.8200000000,8.0400000000,7.7700000000,7.9500000000,4747200,37738816.0000,1.581398,0.125942
2018-03-29,7.9600000000,8.0900000000,7.9500000000,8.0600000000,4725800,37969234.0000,1.574270,1.383656
2018-03-30,8.1100000000,8.3300000000,8.1000000000,8.2800000000,6379279,52478401.7500,2.125080,2.729520
2018-04-02,8.3100000000,8.5300000000,8.2200000000,8.2900000000,6781169,56629384.2500,2.258959,0.120776
2018-04-03,8.1700000000,8.2600000000,8.0100000000,8.2000000000,6398231,51907536.3700,2.131394,-1.085647
2018-04-04,8.1600000000,8.2700000000,7.9900000000,8.0000000000,4974603,40424778.3400,1.657151,-2.439022
2018-04-09,7.9000000000,8.0900000000,7.7500000000,7.9900000000,5799200,45981005.1100,1.931843,-0.125003
2018-04-10,7.8800000000,7.9900000000,7.6900000000,7.7200000000,5812355,45353773.5500,1.936225,-3.379224
2018-04-11,7.7700000000,8.0200000000,7.7700000000,7.9200000000,6283103,49828215.7600,2.093042,2.590677
2018-04-12,7.9100000000,8.0800000000,7.8500000000,7.8700000000,6083639,48496940.8800,2.026596,-0.631316
2018-04-13,7.9100000000,8.0200000000,7.8000000000,7.8500000000,4442800,35171750.0000,1.479996,-0.254129
2018-04-16,7.7700000000,7.9000000000,7.6600000000,7.7600000000,4228875,32882285.4300,1.408733,-1.146493
2018-04-17,7.8100000000,7.8300000000,7.4000000000,7.4600000000,6360509,48257371.3100,2.118828,-3.865982
2018-04-18,7.5400000000,7.5400000000,7.1600000000,7.5000000000,7049206,51836488.4100,2.348248,0.536192
2018-04-19,7.3400000000,7.5500000000,7.2900000000,7.5100000000,5580300,41623638.0000,1.858613,0.133336
2018-04-20,7.4600000000,7.6300000000,7.2500000000,7.4000000000,6621460,49159625.7300,2.205389,-1.464715
2018-04-23,7.4200000000,7.4600000000,7.0900000000,7.3100000000,6792958,49291861.5100,2.262509,-1.216218
2018-04-24,7.3100000000,7.4500000000,7.2500000000,7.4300000000,6023797,44427075.3300,2.006327,1.641585
2018-04-25,7.3900000000,7.5700000000,7.3300000000,7.5100000000,6108306,45575475.4900,2.034474,1.076721
2018-04-26,7.5100000000,7.6800000000,7.3800000000,7.4300000000,7494003,56654404.7600,2.496004,-1.065252
2018-04-27,7.4200000000,7.6200000000,7.3100000000,7.5300000000,4489486,33609708.1700,1.495299,1.345900
2018-05-02,7.5300000000,7.6700000000,7.2000000000,7.3400000000,5027026,37113191.1500,1.674336,-2.523241
2018-05-03,7.3000000000,7.5700000000,7.2000000000,7.5500000000,3979428,29347342.6300,1.325416,2.861036
2018-05-04,7.5300000000,7.5800000000,7.3600000000,7.3600000000,3014404,22475683.4300,1.003998,-2.516557
2018-05-07,7.4000000000,7.5700000000,7.3500000000,7.4800000000,5818848,43507145.4400,1.938066,1.630433
2018-05-08,7.4800000000,7.5700000000,7.4100000000,7.5300000000,5726037,42917764.8100,1.907153,0.668452
2018-05-09,7.5200000000,7.6500000000,7.3800000000,7.4100000000,5295925,39513916.9500,1.763897,-1.593630
2018-05-10,7.4200000000,7.5900000000,7.3900000000,7.5700000000,7199994,53899564.9700,2.398080,2.159249
2018-05-11,7.6100000000,7.6400000000,7.2800000000,7.3000000000,6029779,44887297.3600,2.008320,-3.566710
2018-05-14,7.3000000000,7.3000000000,7.1000000000,7.1700000000,6085831,43742648.5200,2.026989,-1.780823
2018-05-15,7.1700000000,7.2800000000,7.1400000000,7.2400000000,2875600,20763425.2600,0.957767,0.976286
2018-05-16,7.2400000000,7.3000000000,7.1400000000,7.1600000000,4283958,30988677.7600,1.426845,-1.104971
2018-05-17,7.3600000000,7.8800000000,7.3400000000,7.8800000000,13149591,102364719.0600,4.379693,10.055870
2018-05-18,7.9000000000,7.9400000000,7.4500000000,7.5900000000,21446958,164573786.8600,7.143271,-3.680202
2018-05-21,7.5200000000,7.6600000000,7.4800000000,7.6000000000,10150478,76811785.0200,3.380788,0.131749
2018-05-22,7.5500000000,7.6000000000,7.4800000000,7.5700000000,6249200,47047137.0000,2.081402,-0.394733
2018-05-23,7.5200000000,7.5500000000,7.3700000000,7.3900000000,5233600,39010437.1700,1.743139,-2.377811
2018-05-24,7.3400000000,7.4300000000,7.2500000000,7.2800000000,5081759,37227168.7500,1.692566,-1.488493
2018-05-25,7.2800000000,7.3300000000,7.1400000000,7.2000000000,5714896,41212679.3200,1.903443,-1.098907
2018-05-28,7.1900000000,7.2600000000,7.1500000000,7.1800000000,3376509,24295900.3500,1.124603,-0.277778
2018-05-29,7.1800000000,7.2400000000,7.1300000000,7.2100000000,3809000,27407667.3200,1.268652,0.417830
2018-05-30,7.1300000000,7.1500000000,6.5000000000,6.5000000000,7162779,48916306.8200,2.385684,-9.847435
2018-05-31,6.5300000000,6.6400000000,6.5300000000,6.5700000000,3522387,23198153.8500,1.173190,1.076926
2018-06-01,6.5500000000,6.7700000000,6.4500000000,6.6400000000,4533804,29949669.7300,1.510060,1.065444
2018-06-04,6.6500000000,6.7100000000,6.5200000000,6.5500000000,4002800,26354560.0000,1.333200,-1.355417
2018-06-05,6.5300000000,6.6200000000,6.5300000000,6.6000000000,3622295,23803607.1500,1.206466,0.763354
2018-06-06,6.6900000000,6.6900000000,6.5100000000,6.5600000000,3682510,24313795.9000,1.226522,-0.606060
2018-06-07,6.5400000000,6.6000000000,6.4400000000,6.4500000000,3128200,20355684.0100,1.041900,-1.676831
2018-06-08,6.4400000000,6.4400000000,5.8100000000,5.9400000000,13018517,77880893.2700,4.336037,-7.906973
2018-06-11,5.8500000000,5.9100000000,5.7000000000,5.8000000000,7448675,43331285.9800,2.480907,-2.356900
2018-06-12,5.7900000000,5.9000000000,5.7300000000,5.8500000000,5490975,32007128.5000,1.828862,0.862064
2018-06-13,5.8600000000,5.8600000000,5.5500000000,5.5500000000,5630917,31990989.7300,1.875472,-5.128201
2018-06-14,5.5900000000,5.7400000000,5.5400000000,5.6200000000,6671900,37599639.0100,2.222189,1.261256
2018-06-15,5.6100000000,5.6900000000,5.3300000000,5.3700000000,6052517,32966075.9700,2.015893,-4.448399
2018-06-19,5.2400000000,5.2700000000,4.8300000000,4.8300000000,8435134,42622731.6800,2.809464,-10.055870
2018-06-20,4.7500000000,4.9100000000,4.7100000000,4.8300000000,9488682,45752389.0600,3.160366,0.000000
2018-06-21,4.8000000000,4.8800000000,4.4500000000,4.5000000000,11266500,52545537.2000,3.752498,-6.832296
2018-06-22,4.5700000000,4.9500000000,4.4900000000,4.9500000000,10945614,52426808.5200,3.645622,9.999995
2018-06-25,5.1200000000,5.1500000000,4.7900000000,4.8800000000,14772562,73591721.8200,4.920251,-1.414135
2018-06-26,4.8200000000,5.3700000000,4.8200000000,5.3700000000,15462298,79499650.8100,5.149979,10.040980
2018-06-27,5.5300000000,5.6900000000,5.4000000000,5.4500000000,29015122,160845751.6900,9.663976,1.489757
2018-06-28,5.2900000000,5.4600000000,5.1200000000,5.1500000000,15069959,79854886.3200,5.019304,-5.504582
2018-06-29,5.2100000000,5.6700000000,5.2100000000,5.6700000000,24471460,136407494.5800,8.150633,10.097090
2018-07-02,5.5700000000,6.1100000000,5.5500000000,5.8900000000,31750262,185712405.9700,10.574961,3.880067
2018-07-03,5.7600000000,5.9300000000,5.5600000000,5.8200000000,19712547,112774336.4700,6.565597,-1.188450
2018-07-04,5.8300000000,5.8600000000,5.3200000000,5.4400000000,15090163,83623821.2500,5.026034,-6.529211
2018-07-05,5.5100000000,5.8400000000,5.4500000000,5.4700000000,15675293,87951925.1500,5.220921,0.551466
2018-07-06,5.5800000000,5.6700000000,5.1400000000,5.4000000000,14728879,80456354.0800,4.905702,-1.279702
2018-07-09,5.4300000000,5.5000000000,5.3400000000,5.4300000000,9982500,54108802.1400,3.324840,0.555551
2018-07-10,5.4200000000,5.4300000000,5.2200000000,5.3700000000,8240393,43845050.1100,2.744602,-1.104971
2018-07-11,5.2500000000,5.3000000000,4.8600000000,5.1100000000,9746021,49368959.9200,3.246077,-4.841709
2018-07-12,5.0500000000,5.6200000000,5.0300000000,5.6200000000,14248776,77198776.5600,4.745795,9.980425
2018-07-13,5.8000000000,5.8400000000,5.4600000000,5.5000000000,18098734,101995714.9300,6.028089,-2.135229
2018-07-16,5.3300000000,5.4400000000,5.2300000000,5.3600000000,15482420,82169040.0600,5.156681,-2.545452
2018-07-17,5.3200000000,5.4400000000,5.2800000000,5.3300000000,9041223,48246777.9900,3.011332,-0.559705
2018-07-18,5.2700000000,5.3600000000,5.1100000000,5.1700000000,11096955,58509312.7500,3.696028,-3.001873
2018-07-19,5.1500000000,5.1700000000,4.9000000000,5.0100000000,9851937,49396654.2400,3.281354,-3.094774
2018-07-20,5.0000000000,5.1100000000,4.9200000000,5.0900000000,5815635,29289889.8400,1.936995,1.596805
2018-07-23,5.0300000000,5.1300000000,4.9900000000,5.1300000000,6421834,32571482.3200,2.138900,0.785854
2018-07-24,5.1200000000,5.2400000000,5.0800000000,5.2000000000,8416363,43469109.8700,2.803212,1.364516
2018-07-25,5.2000000000,5.7200000000,5.1900000000,5.7200000000,19426949,108570538.9800,6.470473,10.000000
2018-07-26,5.9600000000,6.2900000000,5.8300000000,6.2900000000,30524020,184794324.0900,10.166540,9.965038
2018-07-27,6.2500000000,6.2500000000,5.7000000000,5.8500000000,36862628,219153035.0100,12.277720,-6.995232
2018-07-30,5.7000000000,5.7000000000,5.4400000000,5.5400000000,20263380,112471631.9300,6.749061,-5.299144
2018-07-31,5.5400000000,5.7400000000,5.4600000000,5.6300000000,19579923,109964865.4800,6.521424,1.624551
2018-08-01,5.6000000000,5.6500000000,5.4800000000,5.5100000000,10121367,56108583.1100,3.371092,-2.131437
2018-08-02,5.4600000000,5.4700000000,5.1100000000,5.3600000000,12410736,65556625.8800,4.133605,-2.722325
2018-08-03,5.3200000000,5.4300000000,5.2100000000,5.2200000000,8655924,46096505.0800,2.883002,-2.611947
2018-08-06,5.0700000000,5.2600000000,5.0400000000,5.1700000000,6480620,33332111.6000,2.158480,-0.957849
2018-08-07,5.1900000000,5.5900000000,5.1800000000,5.4000000000,11517083,62091623.6800,3.835959,4.448743
2018-08-08,5.2000000000,5.2900000000,4.9900000000,5.0200000000,15410887,78601268.2800,5.132856,-7.037039
2018-08-09,4.9300000000,5.1600000000,4.8000000000,5.0800000000,10228107,51627013.2900,3.406644,1.195218
2018-08-10,5.0600000000,5.5900000000,5.0400000000,5.3400000000,19820037,106152330.8400,6.601398,5.118115
2018-08-13,5.1700000000,5.3800000000,5.1400000000,5.3600000000,10849165,57198740.2000,3.613498,0.374532
2018-08-14,5.3700000000,5.5400000000,5.2600000000,5.4500000000,12884114,69868327.4500,4.291272,1.679098
2018-08-15,5.4100000000,5.4500000000,5.2700000000,5.3100000000,8118897,43441499.2000,2.704136,-2.568805
2018-08-16,5.2000000000,5.3700000000,5.1900000000,5.2300000000,7076686,37336787.5800,2.357010,-1.506590
2018-08-17,5.2700000000,5.3100000000,5.0000000000,5.0200000000,6472200,33392511.9400,2.155675,-4.015297
2018-08-20,4.9600000000,5.2000000000,4.9600000000,5.2000000000,5871639,29899277.9200,1.955648,3.585654
2018-08-21,5.1100000000,5.2100000000,5.0900000000,5.1200000000,8049640,41360281.6200,2.681068,-1.538460
2018-08-22,5.0900000000,5.2400000000,5.0600000000,5.0900000000,7343881,37708879.5700,2.446004,-0.585932
2018-08-23,5.0500000000,5.1600000000,5.0200000000,5.1400000000,5774953,29518754.2800,1.923446,0.982313
2018-08-24,5.1200000000,5.1400000000,5.0000000000,5.0100000000,6511150,32972127.0000,2.168648,-2.529176
2018-08-27,5.0100000000,5.1400000000,4.9700000000,5.1100000000,5443486,27649714.2900,1.813045,1.996006
2018-08-28,5.1300000000,5.2300000000,5.0900000000,5.1100000000,5904368,30354518.1200,1.966549,0.000000
2018-08-29,5.1000000000,5.1500000000,5.0500000000,5.0700000000,3998257,20334958.2200,1.331687,-0.782778
2018-08-30,5.0600000000,5.0600000000,4.7500000000,4.7800000000,8241248,40388255.6400,2.744887,-5.719920
2018-08-31,4.7800000000,4.8200000000,4.6700000000,4.7000000000,4591018,21741137.5000,1.529116,-1.673648
2018-09-03,4.7000000000,4.7600000000,4.5300000000,4.7200000000,4755937,22130036.5200,1.584045,0.425532
2018-09-04,4.7100000000,4.9500000000,4.6800000000,4.9100000000,7973808,38667682.2100,2.655811,4.025425
2018-09-05,4.8800000000,5.4000000000,4.8700000000,5.4000000000,31945715,169835962.1300,10.640060,9.979638
2018-09-06,5.4200000000,5.7400000000,5.3100000000,5.4500000000,38228287,209130746.4500,12.732576,0.925921
2018-09-07,5.3000000000,5.4900000000,5.2100000000,5.2700000000,17467286,92919673.4600,5.817774,-3.302749
2018-09-10,5.2600000000,5.3800000000,5.0600000000,5.1500000000,11221969,58607137.8300,3.737666,-2.277038
2018-09-11,5.1500000000,5.1700000000,4.7000000000,4.9600000000,12603918,62285622.2700,4.197948,-3.689322
2018-09-12,5.0200000000,5.4600000000,4.9000000000,5.1600000000,22833450,120709118.0900,7.605066,4.032254
2018-09-13,5.0100000000,5.2200000000,4.9500000000,5.2000000000,19860284,100769653.9600,6.614803,0.775193
2018-09-14,5.0700000000,5.1400000000,4.9100000000,5.0000000000,15272490,77016048.3300,5.086761,-3.846150
2018-09-17,5.0200000000,5.0300000000,4.7600000000,4.8500000000,7830217,38291439.1900,2.607986,-3.000002
2018-09-18,4.8600000000,5.3400000000,4.8500000000,5.3400000000,13407794,70135535.7800,4.465692,10.103100
2018-09-19,5.3500000000,5.4800000000,5.1600000000,5.2800000000,27346457,145126339.0100,9.108199,-1.123594
2018-09-20,5.2900000000,5.6500000000,5.2300000000,5.3700000000,25370547,137024025.3700,8.450089,1.704539
2018-09-21,5.4800000000,5.5700000000,5.2300000000,5.3000000000,15668158,83920593.4200,5.218544,-1.303532
2018-09-25,5.2400000000,5.3800000000,5.2400000000,5.2700000000,9404190,49932941.9000,3.132224,-0.566042
2018-09-26,5.3000000000,5.4600000000,5.2500000000,5.3400000000,10528300,56435525.0100,3.506628,1.328277
2018-09-27,5.3100000000,5.7000000000,5.2800000000,5.4200000000,22105538,121610614.2300,7.362623,1.498126
2018-09-28,5.4000000000,5.6500000000,5.3400000000,5.5500000000,16413847,90294241.8600,5.466909,2.398526
2018-10-08,5.4300000000,5.5100000000,5.2100000000,5.3600000000,12467482,66855864.8800,4.152505,-3.423424
2018-10-09,5.4100000000,5.7400000000,5.4000000000,5.5700000000,17761360,98904390.4600,5.915721,3.917911
2018-10-10,5.5400000000,5.6900000000,5.3700000000,5.6400000000,15474742,85476693.1100,5.154124,1.256727
2018-10-11,5.4200000000,5.4800000000,5.0800000000,5.0900000000,16076580,85156037.2800,5.354576,-9.751768
2018-10-12,5.0200000000,5.1200000000,4.7600000000,5.0700000000,11459000,56654068.1300,3.816613,-0.392927
2018-10-15,4.9600000000,5.2300000000,4.7100000000,4.8100000000,11986791,60216573.4600,3.992403,-5.128209
2018-10-16,4.7000000000,4.9500000000,4.6200000000,4.9000000000,10638072,50958027.5100,3.543189,1.871105
2018-10-17,4.9200000000,5.0300000000,4.6200000000,4.8500000000,11090725,53280677.4300,3.693953,-1.020412
2018-10-18,4.7900000000,4.8000000000,4.3700000000,4.3700000000,11086420,50415974.8100,3.692519,-9.896908
2018-10-19,4.0900000000,4.4100000000,4.0800000000,4.3000000000,10085508,43121123.5200,3.359149,-1.601824
2018-10-22,4.4100000000,4.5700000000,4.3600000000,4.4800000000,10274719,45977259.9000,3.422169,4.186042
2018-10-23,4.5200000000,4.6500000000,4.4100000000,4.4700000000,9866335,44693101.6700,3.286149,-0.223219
2018-10-24,4.9200000000,4.9200000000,4.9200000000,4.9200000000,3497030,17205387.6000,1.164745,10.067120
2018-10-25,5.0900000000,5.2600000000,4.9500000000,4.9600000000,30189890,152955070.2800,10.055252,0.813007
2018-10-26,4.8000000000,4.9600000000,4.5900000000,4.7200000000,20378961,97246120.4500,6.787557,-4.838715
2018-10-29,4.7200000000,4.7200000000,4.4600000000,4.5300000000,9896673,45370543.8700,3.296254,-4.025415
2018-10-30,4.5600000000,4.6200000000,4.3800000000,4.5700000000,8557378,38614006.2300,2.850179,0.883001
2018-10-31,4.5700000000,4.7000000000,4.5700000000,4.6300000000,9036122,41925836.5500,3.009633,1.312909
2018-11-01,4.6400000000,5.0900000000,4.6300000000,4.8100000000,23280280,115003368.3700,7.753890,3.887685
2018-11-02,4.7600000000,5.0000000000,4.7600000000,4.9000000000,18003007,87724609.3100,5.996205,1.871105
2018-11-05,4.8700000000,5.1300000000,4.8700000000,5.0300000000,19047086,95139315.1100,6.343954,2.653064
2018-11-06,4.9600000000,5.0200000000,4.8400000000,4.9600000000,10276510,50446624.9000,3.422765,-1.391653
2018-11-07,4.9400000000,5.3000000000,4.9000000000,5.0100000000,17952056,90789720.5000,5.979235,1.008068
2018-11-08,5.0700000000,5.2500000000,4.9600000000,5.1000000000,16979552,86685637.1200,5.655326,1.796401
2018-11-09,5.0800000000,5.1800000000,4.9100000000,5.1500000000,11758765,59331259.2000,3.916455,0.980396
2018-11-12,5.0600000000,5.4400000000,5.0600000000,5.3800000000,20408581,107806737.8600,6.797422,4.466020
2018-11-13,5.3000000000,5.8500000000,5.2100000000,5.5200000000,24747764,135940768.1300,8.242661,2.602228
2018-11-14,5.4600000000,5.7300000000,5.3600000000,5.5100000000,20379547,113168797.3900,6.787752,-0.181155
2018-11-15,5.4900000000,5.6400000000,5.4000000000,5.6100000000,12708259,70263532.9800,4.232700,1.814880
2018-11-16,5.6100000000,5.6500000000,5.5000000000,5.5100000000,15668088,86966132.3800,5.218521,-1.782529
2018-11-19,5.4300000000,5.5000000000,5.2700000000,5.4300000000,12338561,66329654.0400,4.109566,-1.451913
2018-11-20,5.3300000000,5.5600000000,5.3200000000,5.3300000000,9222162,50090321.1500,3.071597,-1.841619
2018-11-21,5.2000000000,5.5100000000,5.1800000000,5.4400000000,9109950,48798616.0000,3.034223,2.063792
2018-11-22,5.4300000000,5.7800000000,5.4200000000,5.5900000000,19940073,111606313.6700,6.641378,2.757355
2018-11-23,5.6300000000,5.9800000000,5.5000000000,5.7200000000,32827254,187977528.5000,10.933671,2.325575
2018-11-26,5.5900000000,5.9100000000,5.3200000000,5.8000000000,27190683,151732071.2500,9.056316,1.398608
2018-11-27,5.7600000000,6.1500000000,5.7000000000,6.0900000000,31810199,188183585.9300,10.594924,5.000000
2018-11-28,5.9500000000,5.9800000000,5.4800000000,5.7400000000,23181227,133877089.5500,7.720899,-5.747132
2018-11-29,5.7100000000,5.9600000000,5.4700000000,5.5000000000,17070308,97920210.2800,5.685554,-4.181181
2018-11-30,5.4000000000,5.4600000000,5.1500000000,5.3300000000,15013930,79685915.8200,5.000643,-3.090910
2018-12-03,5.4500000000,5.6400000000,5.3900000000,5.5500000000,16188564,89587761.5900,5.391875,4.127585
2018-12-04,5.5200000000,5.6000000000,5.4900000000,5.5800000000,11073381,61339105.1800,3.688176,0.540536
2018-12-05,5.5100000000,5.8300000000,5.4000000000,5.7700000000,18459922,104290228.7300,6.148389,3.405019
2018-12-06,5.7400000000,5.7700000000,5.3600000000,5.4000000000,12976726,72182970.4600,4.322118,-6.412477
2018-12-07,5.4200000000,5.9400000000,5.4200000000,5.9400000000,12157446,70628962.7700,4.049243,9.999999
2018-12-10,6.0000000000,6.1800000000,5.7200000000,5.8000000000,31684105,187895438.9100,10.552926,-2.356900
2018-12-11,5.6900000000,6.2700000000,5.6900000000,6.1500000000,31321541,187820236.3500,10.432168,6.034481
2018-12-12,6.0400000000,6.1000000000,5.8800000000,6.0100000000,20960421,125317140.8400,6.981222,-2.276421
2018-12-13,5.8200000000,5.9700000000,5.7700000000,5.9200000000,14584463,85803515.6500,4.857602,-1.497507
2018-12-14,5.8600000000,5.9100000000,5.5600000000,5.5600000000,14652056,83341611.8500,4.880115,-6.081083
2018-12-17,5.4800000000,5.6800000000,5.4200000000,5.5600000000,7552323,41963154.2700,2.515429,0.000000
2018-12-18,5.5000000000,5.6300000000,5.4000000000,5.5300000000,6243264,34381529.9300,2.079424,-0.539563
2018-12-19,5.5300000000,5.6900000000,5.4500000000,5.4600000000,7050472,39194116.5000,2.348279,-1.265826
2018-12-20,5.3500000000,5.7000000000,5.3500000000,5.6000000000,8551098,47689185.0200,2.848088,2.564100
2018-12-21,5.5600000000,5.6600000000,5.5000000000,5.6000000000,6626355,37016173.8900,2.207019,0.000000
2018-12-24,5.6000000000,5.7000000000,5.4700000000,5.6900000000,8293075,46568211.4000,2.762149,1.607146
2018-12-25,5.6000000000,5.6700000000,5.3200000000,5.6400000000,11851189,65267447.7400,3.947239,-0.878738
2018-12-26,5.5800000000,5.6800000000,5.4500000000,5.4500000000,6644132,36843228.6000,2.212940,-3.368795
2018-12-27,5.5800000000,5.5900000000,5.0000000000,5.1800000000,6481227,35169593.5000,2.158682,-4.954128
2018-12-28,5.1900000000,5.3300000000,5.0000000000,5.1700000000,6708623,34749618.2200,2.234420,-0.193045
2019-01-02,5.2100000000,5.2700000000,5.1000000000,5.1700000000,4258420,22168426.4000,1.418339,0.000000
2019-01-03,5.1700000000,5.3100000000,5.0400000000,5.0700000000,5747745,29728896.8400,1.914383,-1.934234
2019-01-04,5.0000000000,5.1900000000,4.9200000000,5.1700000000,8721314,44574248.8800,2.904781,1.972385
2019-01-07,5.2000000000,5.4600000000,5.1700000000,5.3600000000,9388384,50091439.8000,3.126960,3.675050
2019-01-08,5.3300000000,5.4900000000,5.2800000000,5.4700000000,9889040,53411366.5000,3.293712,2.052233
2019-01-09,5.5000000000,5.5900000000,5.3700000000,5.4100000000,11674120,63995198.0700,3.888263,-1.096891
2019-01-10,5.3800000000,5.5400000000,5.3600000000,5.4100000000,8237390,44815896.8900,2.743602,0.000000
2019-01-11,5.3900000000,5.4700000000,5.3500000000,5.4200000000,7254849,39290064.3200,2.416350,0.184847
2019-01-14,5.3800000000,5.4200000000,5.1400000000,5.2300000000,9405765,49277528.0400,3.132749,-3.505536
2019-01-15,5.2100000000,5.3500000000,5.1500000000,5.3500000000,8117263,42929341.7100,2.703591,2.294453
2019-01-16,5.3800000000,5.5400000000,5.3200000000,5.4100000000,10623849,57852780.0600,3.538452,1.121494
2019-01-17,5.4100000000,5.5000000000,5.3100000000,5.4700000000,8945662,48513804.2100,2.979504,1.109056
2019-01-18,5.5000000000,5.5500000000,5.1900000000,5.3000000000,9146197,48761139.8700,3.046295,-3.107854
2019-01-21,5.3000000000,5.3500000000,5.2200000000,5.2600000000,6073797,32028044.9600,2.022981,-0.754716
2019-01-22,5.2800000000,5.3700000000,5.1500000000,5.2400000000,6771633,35387010.3500,2.255407,-0.380237
2019-01-23,5.0600000000,5.1900000000,5.0600000000,5.1200000000,4519238,23173756.4300,1.505208,-2.290074
2019-01-24,5.1300000000,5.1800000000,5.0600000000,5.0700000000,5680894,29041622.5600,1.892118,-0.976557
2019-01-25,5.0700000000,5.0900000000,4.8600000000,4.8700000000,6959250,34734389.6200,2.317896,-3.944779
2019-01-28,4.9300000000,4.9600000000,4.7600000000,4.7800000000,5519094,26886524.8400,1.838227,-1.848043
2019-01-29,4.7700000000,4.7800000000,4.4000000000,4.5500000000,8020351,36345714.5900,2.671313,-4.811716
2019-01-30,4.4700000000,4.6400000000,4.4200000000,4.4700000000,5106979,23103521.4100,1.700966,-1.758250
2019-01-31,4.3600000000,4.4400000000,4.0200000000,4.0500000000,11224528,46975594.5000,3.738519,-9.395965
2019-02-01,4.0500000000,4.4600000000,4.0500000000,4.4600000000,5448338,23894706.6700,1.814661,10.123450
2019-02-11,4.5000000000,4.6000000000,4.4500000000,4.5500000000,10612507,48007840.3500,3.534675,2.017941
2019-02-12,4.5300000000,4.6400000000,4.5300000000,4.6300000000,8484735,38937859.9600,2.825984,1.758240
2019-02-13,4.5900000000,4.7800000000,4.5800000000,4.7100000000,9864283,46283409.0700,3.285466,1.727860
2019-02-14,4.6900000000,4.9000000000,4.6200000000,4.7900000000,8200543,39320818.6900,2.731329,1.698512
2019-02-15,4.7900000000,4.8600000000,4.7300000000,4.8000000000,6496624,31212877.3800,2.163810,0.208773
2019-02-18,4.8600000000,5.0600000000,4.8100000000,5.0300000000,9627175,47717018.3900,3.206493,4.791667
2019-02-19,5.1100000000,5.1200000000,4.9000000000,4.9700000000,9476714,47319194.1000,3.156380,-1.192851
2019-02-20,4.9400000000,5.1500000000,4.9200000000,5.0800000000,8924035,44912401.4100,2.972300,2.213283
2019-02-21,5.0300000000,5.1200000000,4.9000000000,4.9900000000,10917433,55054491.6800,3.636235,-1.771657
2019-02-22,4.9400000000,5.1200000000,4.9200000000,5.1100000000,11177388,56579673.1800,3.722818,2.404817
2019-02-25,5.2000000000,5.4000000000,5.1100000000,5.3600000000,15550658,82141743.0000,5.179409,4.892368
2019-02-26,5.3900000000,5.4900000000,5.2500000000,5.3000000000,15638813,83825409.3000,5.208771,-1.119402
2019-02-27,5.3100000000,5.4900000000,5.2700000000,5.4600000000,13897368,74828573.9400,4.628753,3.018865
2019-02-28,5.4100000000,5.5100000000,5.3200000000,5.3500000000,9952552,53642830.8500,3.314865,-2.014654
2019-03-01,5.3700000000,5.4500000000,5.2800000000,5.4100000000,9478928,50882554.3700,3.157117,1.121494
2019-03-04,5.6000000000,5.8700000000,5.5000000000,5.5700000000,19745142,111522298.5000,6.576453,2.957492
2019-03-05,5.6900000000,6.1300000000,5.5400000000,6.1300000000,22133383,129700979.7500,7.371897,10.053860
2019-03-06,6.4600000000,6.5900000000,6.0700000000,6.2500000000,39327566,249769083.9200,13.098710,1.957584
2019-03-07,6.3900000000,6.8800000000,6.2200000000,6.4600000000,29478969,192051718.5700,9.818468,3.360001
2019-03-08,6.1400000000,6.4600000000,5.9500000000,6.1600000000,21927622,136518748.5200,7.303365,-4.643966
2019-03-11,6.2000000000,6.5100000000,6.2000000000,6.4500000000,18614414,118561948.3300,6.199845,4.707792
2019-03-12,6.5000000000,6.9500000000,6.4500000000,6.7400000000,27747522,185158300.0000,9.241781,4.496124
2019-03-13,6.7200000000,6.7400000000,6.1600000000,6.2400000000,21645250,139047495.7600,7.209316,-7.418398
2019-03-14,6.1300000000,6.3200000000,5.8700000000,6.0600000000,14140097,86217943.4800,4.709598,-2.884613
2019-03-15,6.1600000000,6.2200000000,6.0200000000,6.1700000000,10849283,66644937.5500,3.613537,1.815184
2019-03-18,6.1700000000,6.2400000000,6.0100000000,6.2400000000,11125494,68283511.3800,3.705534,1.134517
2019-03-19,6.2100000000,6.3500000000,6.1400000000,6.1800000000,8935736,55688065.6900,2.976198,-0.961538
2019-03-20,6.1900000000,6.2800000000,5.9800000000,6.1400000000,9631599,58896396.5600,3.207967,-0.647249
2019-03-21,6.2100000000,6.2800000000,6.1100000000,6.2100000000,9727267,60431772.7600,3.239830,1.140068
2019-03-22,6.2100000000,6.8300000000,6.1700000000,6.8300000000,33987933,225168561.6000,11.320255,9.983895
2019-03-25,7.1900000000,7.5100000000,6.8200000000,6.9000000000,51874237,373690940.4100,17.277590,1.024893
2019-03-26,6.6800000000,6.7900000000,6.2600000000,6.3500000000,27887525,181702409.4400,9.288411,-7.971017
2019-03-27,6.3500000000,6.3800000000,5.9700000000,6.0400000000,18429579,112338174.0800,6.138282,-4.881889
2019-03-28,6.0000000000,6.0300000000,5.7500000000,5.7700000000,16281572,95835567.5800,5.422852,-4.470198
2019-03-29,5.8700000000,6.0700000000,5.6100000000,5.9700000000,14712445,86326992.7900,4.900228,3.466201
2019-04-01,6.0200000000,6.2400000000,5.9800000000,6.2100000000,14510286,89106667.5700,4.832896,4.020105
2019-04-02,6.2300000000,6.4800000000,6.1900000000,6.2700000000,13670591,86425973.6200,4.553221,0.966183
2019-04-03,6.3800000000,6.5800000000,6.2600000000,6.3900000000,12770456,81675924.3800,4.253416,1.913874
2019-04-04,6.3900000000,6.4300000000,6.2500000000,6.2900000000,10104160,63786971.2300,3.365361,-1.564944
2019-04-08,6.2700000000,6.3200000000,5.9600000000,6.1700000000,16136216,98927557.4100,5.374439,-1.907788
2019-04-09,6.1100000000,6.2500000000,6.0600000000,6.2300000000,11519587,71200924.0200,3.836793,0.972446
2019-04-10,6.1600000000,6.3100000000,6.0400000000,6.2400000000,11962938,74023683.4700,3.984458,0.160510
2019-04-11,6.2300000000,6.2900000000,6.0600000000,6.1000000000,9012544,55489367.8100,3.001780,-2.243588
2019-04-12,6.0600000000,6.0900000000,5.8200000000,5.9100000000,12217356,72204460.6900,4.069197,-3.114755
2019-04-15,5.9600000000,6.0500000000,5.8400000000,5.8500000000,8402414,50173816.7400,2.798566,-1.015227
2019-04-16,5.8300000000,6.1200000000,5.7300000000,6.1000000000,9188289,54735835.4800,3.060315,4.273504
2019-04-17,6.0700000000,6.3500000000,6.0700000000,6.2500000000,11679290,72857881.0300,3.889985,2.459018
2019-04-18,6.2300000000,6.2700000000,6.1100000000,6.1900000000,9897318,61123989.4600,3.296469,-0.959999
2019-04-19,6.5500000000,6.5500000000,6.1800000000,6.2400000000,18469245,116534417.6900,6.151494,0.807750
2019-04-22,6.2400000000,6.2400000000,5.9600000000,5.9600000000,12897109,78255808.3600,4.295600,-4.487175
2019-04-23,5.9400000000,6.0100000000,5.7600000000,5.9100000000,8445650,49751146.4600,2.812966,-0.838929
2019-04-24,5.9200000000,5.9900000000,5.8200000000,5.9800000000,6455245,38199765.0200,2.150028,1.184436
2019-04-25,5.9800000000,5.9800000000,5.5100000000,5.5500000000,9378895,54072423.7900,3.123799,-7.190633
2019-04-26,5.5300000000,5.6800000000,5.4600000000,5.5800000000,6838852,38220878.7600,2.277795,0.540536
2019-04-29,5.5800000000,5.5800000000,5.5800000000,5.5800000000,0,0.0000,,0.000000
2019-04-30,5.5800000000,5.5800000000,5.5800000000,5.5800000000,0,0.0000,,0.000000
2019-05-06,5.5800000000,5.5800000000,5.5800000000,5.5800000000,0,0.0000,,0.000000
2019-05-07,5.5800000000,5.5800000000,5.5800000000,5.5800000000,0,0.0000,,0.000000
2019-05-08,5.5800000000,5.5800000000,5.5800000000,5.5800000000,0,0.0000,,0.000000
2019-05-09,5.5800000000,5.5800000000,5.5800000000,5.5800000000,0,0.0000,,0.000000
2019-05-10,5.5800000000,5.5800000000,5.5800000000,5.5800000000,0,0.0000,,0.000000
2019-05-13,5.5800000000,5.5800000000,5.5800000000,5.5800000000,0,0.0000,,0.000000
2019-05-14,5.5800000000,5.5800000000,5.5800000000,5.5800000000,0,0.0000,,0.000000
2019-05-15,5.5800000000,5.5800000000,5.5800000000,5.5800000000,0,0.0000,,0.000000
2019-05-16,6.1400000000,6.1400000000,6.1400000000,6.1400000000,3974212,24401661.6800,1.323678,10.035840
2019-05-17,6.1800000000,6.7500000000,6.0100000000,6.7500000000,36514797,233759208.2200,12.161870,9.934856
2019-05-20,7.4300000000,7.4300000000,7.4300000000,7.4300000000,4148079,30820226.9700,1.381588,10.074070
2019-05-21,8.0000000000,8.1700000000,7.5000000000,7.5900000000,84383362,674951382.6400,28.105303,2.153436
2019-05-22,7.0500000000,7.5800000000,6.8300000000,7.1300000000,72249353,512812709.3100,24.063867,-6.060606
2019-05-23,6.8100000000,6.9100000000,6.4200000000,6.4200000000,35713519,235208698.7500,11.894990,-9.957925
2019-05-24,5.9800000000,6.0800000000,5.7800000000,5.7800000000,28751467,169091104.2100,9.576161,-9.968844
2019-05-27,5.6000000000,5.9300000000,5.4800000000,5.8900000000,28783194,165212728.6800,9.586729,1.903108
2019-05-28,5.8200000000,5.9200000000,5.5600000000,5.6000000000,24995887,144085804.4000,8.325302,-4.923599
2019-05-29,5.7600000000,5.8200000000,5.6200000000,5.6700000000,19681737,112318829.0200,6.555335,1.250003
2019-05-30,5.5900000000,5.6300000000,5.1200000000,5.3600000000,27257118,146149061.7600,9.078443,-5.467371
2019-05-31,5.3300000000,5.4700000000,5.2800000000,5.3200000000,14716900,79070276.2200,4.901712,-0.746268
2019-06-03,5.0100000000,5.1400000000,4.8600000000,4.8900000000,21880664,109137582.3800,7.287724,-8.082712
2019-06-04,4.9300000000,5.0000000000,4.7300000000,4.8000000000,14173537,68849807.8200,4.720736,-1.840484
2019-06-05,4.8700000000,4.9200000000,4.8000000000,4.8000000000,9139900,44401486.0000,3.044198,0.000000
2019-06-06,4.8400000000,4.8500000000,4.5800000000,4.6600000000,10196200,47764829.9800,3.396017,-2.916674
2019-06-10,4.6900000000,4.7800000000,4.6400000000,4.6700000000,7697700,36096697.0000,2.563849,0.214597
2019-06-11,4.7400000000,4.9000000000,4.6500000000,4.8800000000,12895897,61790186.9300,4.295196,4.496789
2019-06-12,4.8400000000,4.9100000000,4.7700000000,4.7800000000,10485045,50667319.0500,3.492221,-2.049178
2019-06-13,4.8100000000,4.9000000000,4.7300000000,4.8700000000,9289033,44951747.1300,3.093869,1.882838
2019-06-14,4.8700000000,4.8800000000,4.6100000000,4.6400000000,10557100,50077845.0000,3.516220,-4.722793
2019-06-17,4.6800000000,4.8000000000,4.6400000000,4.7400000000,7255414,34255634.6400,2.416538,2.155170
2019-06-18,4.7200000000,4.7800000000,4.6800000000,4.7200000000,6026017,28480493.1900,2.007067,-0.421940
2019-06-19,4.8100000000,4.9000000000,4.7900000000,4.8200000000,8879138,43015215.7400,2.957347,2.118652
2019-06-20,4.7700000000,4.8700000000,4.7200000000,4.8500000000,10988943,52839907.6800,3.660053,0.622401
2019-06-21,5.3400000000,5.3400000000,5.3400000000,5.3400000000,3288600,17561124.0000,1.095324,10.103100
2019-06-24,5.8700000000,5.8700000000,5.8700000000,5.8700000000,2054400,12059328.0000,0.684253,9.925088
2019-06-25,5.9900000000,6.4600000000,5.8800000000,6.1300000000,73493268,458838155.8900,24.478173,4.429306
2019-06-26,5.5200000000,5.7800000000,5.5200000000,5.5200000000,42625819,238512233.7800,14.197249,-9.951062
2019-06-27,5.4000000000,5.6300000000,5.3600000000,5.4500000000,29323690,160371200.4400,9.766750,-1.268119
2019-06-28,5.5000000000,5.5800000000,5.2500000000,5.4400000000,20958643,113006396.2800,6.980630,-0.183482
2019-07-01,5.5400000000,5.9800000000,5.5400000000,5.7500000000,40535734,235573179.9700,13.501110,5.698528
2019-07-02,5.6500000000,5.7200000000,5.4900000000,5.5800000000,26360632,147415878.3100,8.779853,-2.956523
2019-07-03,5.5200000000,5.5500000000,5.3200000000,5.3600000000,18764155,101176797.3800,6.249719,-3.942649
2019-07-04,5.4200000000,5.4300000000,5.2100000000,5.2700000000,11630400,61598635.0000,3.873701,-1.679107
2019-07-05,5.2800000000,5.5300000000,5.2500000000,5.3900000000,17810400,96074846.0200,5.932054,2.277038
2019-07-08,5.2900000000,5.3200000000,4.9500000000,4.9900000000,16587100,84434377.0000,5.524614,-7.421152
2019-07-09,5.0000000000,5.1600000000,5.0000000000,5.1600000000,13779000,70274511.0000,4.589329,3.406815
2019-07-10,5.1000000000,5.2300000000,5.0800000000,5.1100000000,10383215,53510375.3500,3.458305,-0.968987
2019-07-11,5.1100000000,5.4000000000,5.1100000000,5.2500000000,16134515,84816371.3000,5.373873,2.739723
2019-07-12,5.2500000000,5.2500000000,5.0200000000,5.0700000000,11812375,60198014.0000,3.934311,-3.428568
2019-07-15,5.1100000000,5.5800000000,5.1000000000,5.5800000000,16944528,91047737.7300,5.643661,10.059170
2019-07-16,5.7200000000,5.8500000000,5.5200000000,5.5800000000,35493105,201235840.5700,11.821578,0.000000
2019-07-17,5.5000000000,5.7900000000,5.4300000000,5.7000000000,28985768,163080335.7900,9.654199,2.150536
2019-07-18,5.6000000000,5.6000000000,5.3700000000,5.4200000000,19826500,108591722.2500,6.603550,-4.912276
2019-07-19,5.4700000000,5.8600000000,5.4700000000,5.7200000000,26514656,150770802.2500,8.831154,5.535050
2019-07-22,5.7300000000,6.2000000000,5.4200000000,6.0000000000,32646891,189203167.8900,10.873598,4.895109
2019-07-23,5.8500000000,6.1600000000,5.8100000000,5.9600000000,30569038,182763767.8900,10.181534,-0.666666
2019-07-24,5.9600000000,6.1600000000,5.8700000000,6.0100000000,27803047,167928976.4100,9.260274,0.838929
2019-07-25,6.0600000000,6.1400000000,5.8200000000,5.9200000000,21184677,126148424.7200,7.055914,-1.497507
2019-07-26,5.8500000000,5.9300000000,5.7800000000,5.8300000000,13340175,77911914.7500,4.443200,-1.520300
2019-07-29,5.8000000000,6.3200000000,5.7200000000,6.0600000000,24612655,146963175.1000,8.197660,3.945112
2019-07-30,6.0300000000,6.1000000000,5.9100000000,5.9100000000,17508755,104642067.6500,5.831600,-2.475200
2019-07-31,5.8500000000,5.9100000000,5.7400000000,5.8000000000,11772900,68513131.0000,3.921200,-1.861200
2019-08-01,5.7000000000,5.8500000000,5.6700000000,5.8300000000,9198621,53048571.5900,3.063800,0.517200
2019-08-02,5.6000000000,5.7100000000,5.5100000000,5.6100000000,14550964,81635099.3600,4.846400,-3.773600
2019-08-05,5.6700000000,6.1000000000,5.6500000000,5.6500000000,16162324,94009131.7800,5.383100,0.713000
2019-08-06,5.4800000000,5.5500000000,5.1500000000,5.4300000000,18109400,97313474.0000,6.031600,-3.893800
2019-08-07,5.5100000000,5.6300000000,5.3200000000,5.3200000000,12524569,68950347.0300,4.171500,-2.025800
2019-08-08,5.3200000000,5.4300000000,5.2900000000,5.3600000000,10035944,53815116.1200,3.342600,0.751900
2019-08-09,5.3700000000,5.4300000000,5.1600000000,5.1600000000,9814682,51802781.1200,3.268900,-3.731300
2019-08-12,5.1600000000,5.4100000000,5.1600000000,5.4100000000,11693060,62076978.5800,3.894600,4.845000
2019-08-13,5.3600000000,5.5600000000,5.3100000000,5.4600000000,12526684,68096055.2400,4.172200,0.924200
2019-08-14,5.5300000000,5.6300000000,5.4300000000,5.4600000000,12647600,69921078.0000,4.212500,0.000000
2019-08-15,5.2000000000,5.5000000000,5.1900000000,5.5000000000,12620100,67216560.0000,4.203300,0.732600
2019-08-16,5.4500000000,5.5500000000,5.4300000000,5.4500000000,11518586,63333762.8700,3.836500,-0.909100
2019-08-19,5.7200000000,6.0000000000,5.6200000000,6.0000000000,27351417,159020472.1500,9.109900,10.091700
2019-08-20,6.1800000000,6.5100000000,5.9500000000,5.9600000000,52233420,324600480.0200,17.397200,-0.666700
2019-08-21,5.8800000000,6.2400000000,5.8500000000,6.0900000000,32699886,199002318.8800,10.891200,2.181200
2019-08-22,6.1300000000,6.3000000000,6.0100000000,6.1800000000,26183014,161881176.7000,8.720700,1.477800
2019-08-23,6.1500000000,6.3200000000,5.9800000000,6.3000000000,31694951,195602127.3700,10.556500,1.941800
2019-08-26,6.1000000000,6.2100000000,6.0000000000,6.0900000000,20749008,126917415.5700,6.910800,-3.333300
2019-08-27,6.1500000000,6.2500000000,6.0500000000,6.2100000000,21021141,129671414.9600,7.001400,1.970400
2019-08-28,6.1500000000,6.1800000000,6.0000000000,6.0100000000,16782475,101797345.0000,5.589700,-3.220600
2019-08-29,6.0100000000,6.5000000000,5.9700000000,6.1600000000,28338110,176791197.1500,9.438500,2.495800
2019-08-30,6.1300000000,6.2500000000,5.8300000000,5.8900000000,30714535,185861423.3800,10.230000,-4.383100
2019-09-02,5.7900000000,6.4800000000,5.7500000000,6.4800000000,29271882,181331101.8500,9.749500,10.017000
2019-09-03,6.7500000000,6.9300000000,6.5100000000,6.6900000000,52962792,352908346.9700,17.640200,3.240700
2019-09-04,6.5100000000,6.6500000000,6.3800000000,6.4900000000,34629993,225160013.9800,11.534100,-2.989500
2019-09-05,6.4800000000,6.6800000000,6.4300000000,6.5000000000,30541542,200130308.1400,10.172400,0.154100
2019-09-06,6.3300000000,6.4500000000,6.2000000000,6.4200000000,31609623,200198080.9900,10.528100,-1.230800
2019-09-09,6.4200000000,6.6700000000,6.3400000000,6.5800000000,28199294,183149834.2200,9.392300,2.492200
2019-09-10,6.5900000000,6.6400000000,6.4500000000,6.4800000000,20583201,134398341.2600,6.855600,-1.519800
2019-09-11,6.5100000000,6.9800000000,6.4800000000,6.6200000000,34498390,231330949.9900,11.490300,2.160500
2019-09-12,6.6000000000,7.1300000000,6.5600000000,6.8700000000,35942522,246167348.6300,11.971300,3.776400
2019-09-16,6.6500000000,6.8400000000,6.5000000000,6.7900000000,31143040,207536711.6200,10.372700,-1.164500
2019-09-17,6.6800000000,7.1900000000,6.6400000000,6.9000000000,36661195,252903099.7700,12.210600,1.620000
2019-09-18,6.7700000000,7.2900000000,6.7700000000,7.1600000000,37482556,265950425.3500,12.484200,3.768100
2019-09-19,7.0300000000,7.1800000000,6.8100000000,7.0800000000,26369491,184370718.6600,8.782800,-1.117300
2019-09-20,7.0800000000,7.2000000000,6.8200000000,6.8600000000,22480000,156888298.0000,7.487300,-3.107300
2019-09-23,6.6800000000,6.7700000000,6.3400000000,6.4700000000,23803900,155858864.4400,7.928300,-5.685100
2019-09-24,6.3000000000,6.6500000000,6.3000000000,6.3200000000,22401200,144854825.0000,7.461100,-2.318400
2019-09-25,6.3500000000,6.4400000000,6.1000000000,6.1200000000,16835700,104794554.0000,5.607400,-3.164600
2019-09-26,6.1900000000,6.2000000000,5.8100000000,5.8200000000,17460878,104354652.6400,5.815600,-4.902000
2019-09-27,5.8400000000,5.9400000000,5.7600000000,5.9300000000,12145200,71326034.0000,4.045200,1.890000
2019-09-30,5.8700000000,5.9500000000,5.6600000000,5.6800000000,11882056,68524035.1800,3.957500,-4.215900
2019-10-08,5.7000000000,5.8000000000,5.5900000000,5.6000000000,9653700,55005137.0000,3.215300,-1.408400
2019-10-09,5.5600000000,5.7700000000,5.5600000000,5.7700000000,9974100,56798031.3400,3.322000,3.035700
2019-10-10,5.7800000000,5.9400000000,5.7300000000,5.9200000000,10416100,61157324.1000,3.469300,2.599700
2019-10-11,5.9200000000,6.0600000000,5.8200000000,5.8800000000,12459880,73931636.4600,4.150000,-0.675700
2019-10-14,5.8900000000,5.9800000000,5.8200000000,5.9600000000,13981919,82954372.8600,4.656900,1.360500
2019-10-15,5.9900000000,6.5600000000,5.8700000000,6.5600000000,16750003,107966037.6800,5.578900,10.067100
2019-10-16,6.5100000000,6.5100000000,6.1200000000,6.2400000000,32630786,203845393.3400,10.868200,-4.878100
2019-10-17,6.1600000000,6.4200000000,6.1300000000,6.2700000000,17143069,107503219.9800,5.709800,0.480800
2019-10-18,6.2800000000,6.2800000000,6.0100000000,6.1200000000,15564280,95164786.9800,5.183900,-2.392300
2019-10-21,6.4300000000,6.5500000000,6.2000000000,6.2300000000,25215724,160128605.3600,8.398500,1.797400
2019-10-22,6.1000000000,6.3800000000,6.0500000000,6.3300000000,21973728,136789997.4300,7.318700,1.605100
2019-10-23,6.2600000000,6.3000000000,6.1300000000,6.2000000000,13634593,84508154.3400,4.541200,-2.053700
2019-10-24,6.2300000000,6.3500000000,6.1400000000,6.3100000000,16980429,106330106.7400,5.655600,1.774200
2019-10-25,6.3300000000,6.3300000000,6.1000000000,6.1500000000,15343844,94691272.4000,5.110500,-2.535700
2019-10-28,6.0400000000,6.5900000000,6.0300000000,6.3700000000,21251317,134640065.6100,7.078100,3.577200
2019-10-29,6.2300000000,6.5100000000,6.1800000000,6.2600000000,22122564,141079731.5400,7.368300,-1.726800
2019-10-30,6.1300000000,6.2900000000,5.9000000000,5.9300000000,17761222,107932146.4000,5.915700,-5.271600
2019-10-31,6.0000000000,6.1800000000,5.8200000000,5.9900000000,14267980,85875082.6000,4.752200,1.011800
2019-11-01,5.9600000000,6.0300000000,5.8000000000,6.0300000000,9734010,57923181.1000,3.242100,0.667800
2019-11-04,5.9500000000,6.0400000000,5.8100000000,5.8400000000,11386073,67386228.0800,3.792300,-3.150900
2019-11-05,5.8400000000,5.8600000000,5.6700000000,5.6900000000,10344300,59364787.9700,3.445300,-2.568500
2019-11-06,5.7100000000,5.7200000000,5.4200000000,5.4500000000,9685275,53626030.5000,3.225800,-4.217900
2019-11-07,5.4700000000,5.5500000000,5.4100000000,5.5200000000,7335366,40317839.3600,2.443200,1.284400
2019-11-08,5.5400000000,5.7500000000,5.5000000000,5.5400000000,10884399,60959230.8400,3.625200,0.362300
2019-11-11,5.5200000000,5.7400000000,5.4800000000,5.5700000000,9259074,51761850.2800,3.083900,0.541500
2019-11-12,5.4500000000,5.5200000000,5.2300000000,5.4500000000,10570513,56645436.2200,3.520700,-2.154400
2019-11-13,5.4400000000,5.4900000000,5.2600000000,5.3100000000,6784105,36350949.7500,2.259600,-2.568800
2019-11-14,5.3100000000,5.4300000000,5.3100000000,5.3800000000,4925400,26450846.0000,1.640500,1.318300
2019-11-15,5.3800000000,5.7000000000,5.3400000000,5.4200000000,9775997,53302218.8600,3.256100,0.743500
2019-11-18,5.3900000000,5.4600000000,5.3300000000,5.3800000000,6684337,36028522.4600,2.226300,-0.738000
2019-11-19,5.3800000000,5.5800000000,5.3600000000,5.5200000000,7274753,39800799.6300,2.423000,2.602200
2019-11-20,5.5000000000,5.5800000000,5.4200000000,5.4700000000,5794365,31863389.6500,1.929900,-0.905800
2019-11-21,5.4400000000,5.4700000000,5.3700000000,5.4300000000,4300800,23297983.0000,1.432500,-0.731300
2019-11-22,5.4100000000,5.5100000000,5.3100000000,5.3600000000,6784600,36648900.9800,2.259700,-1.289100
2019-11-25,5.3600000000,5.3600000000,5.1200000000,5.1700000000,6980303,36267564.7800,2.324900,-3.544800
2019-11-26,5.1800000000,5.2400000000,5.1200000000,5.1400000000,4975897,25751493.4300,1.657300,-0.580300
2019-11-27,5.1500000000,5.1900000000,5.0200000000,5.1300000000,4302502,22059331.3000,1.433000,-0.194500
2019-11-28,5.1000000000,5.1700000000,5.1000000000,5.1100000000,3981497,20455918.6400,1.326100,-0.389900
2019-11-29,5.1500000000,5.1800000000,5.0800000000,5.1300000000,4444660,22753986.2000,1.480400,0.391400
2019-12-02,5.1300000000,5.1400000000,5.0500000000,5.0700000000,4340636,22110113.4400,1.445700,-1.169600
2019-12-03,5.0500000000,5.1500000000,4.9300000000,5.1500000000,6141375,30996708.7500,2.045500,1.577900
2019-12-04,5.1100000000,5.2400000000,5.0900000000,5.2300000000,6767200,35049007.0000,2.253900,1.553400
2019-12-05,5.2700000000,5.7500000000,5.2300000000,5.3500000000,13610075,74027518.5100,4.533100,2.294500
2019-12-06,5.3000000000,5.4200000000,5.2800000000,5.3400000000,8325460,44339981.6800,2.772900,-0.186900
2019-12-09,5.2700000000,5.3500000000,5.2700000000,5.3200000000,5764760,30627645.8000,1.920100,-0.374500
2019-12-10,5.3000000000,5.3800000000,5.2900000000,5.3800000000,5997235,32045191.6000,1.997500,1.127800
2019-12-11,5.4200000000,5.6700000000,5.3800000000,5.3800000000,11784919,64678286.5200,3.925200,0.000000
2019-12-12,5.3000000000,5.5400000000,5.3000000000,5.4200000000,9228634,50038707.3700,3.073800,0.743500
2019-12-13,5.4300000000,5.5000000000,5.3900000000,5.4600000000,6728001,36608091.4300,2.240900,0.738000
2019-12-16,5.5000000000,5.5500000000,5.4400000000,5.5400000000,8182101,45022631.4500,2.725200,1.465200
2019-12-17,5.5700000000,5.6200000000,5.5300000000,5.5700000000,11001005,61370556.8400,3.664100,0.541500
2019-12-18,5.5500000000,5.6900000000,5.5200000000,5.6200000000,10790451,60787686.0600,3.593900,0.897700
2019-12-19,5.6200000000,5.7300000000,5.6000000000,5.7000000000,9072452,51522703.8400,3.021700,1.423500
2019-12-20,5.6700000000,5.7300000000,5.5200000000,5.5300000000,9130377,51217454.9100,3.041000,-2.982400
2019-12-23,5.5600000000,5.5600000000,5.3700000000,5.3700000000,7518410,41132007.0900,2.504100,-2.893300
2019-12-24,5.4000000000,5.6000000000,5.3800000000,5.5600000000,10214036,56285944.1000,3.402000,3.538200
2019-12-25,5.5700000000,5.6500000000,5.4900000000,5.6000000000,7432285,41530752.3900,2.475400,0.719400
2019-12-26,5.6200000000,5.6300000000,5.4700000000,5.5800000000,7933122,43816559.3700,2.642300,-0.357100
2019-12-27,5.5700000000,5.6400000000,5.4300000000,5.4600000000,8249376,45829658.1600,2.747600,-2.150500
2019-12-30,5.3800000000,5.3800000000,5.1400000000,5.3300000000,11715290,61812778.0300,3.902000,-2.381000
2019-12-31,5.3500000000,5.6400000000,5.3300000000,5.4400000000,14994394,82495561.6900,4.994100,2.063800
2020-01-02,5.4800000000,5.6200000000,5.4000000000,5.5700000000,10971826,60890531.9400,3.654400,2.389700
2020-01-03,5.6200000000,5.6800000000,5.5300000000,5.6200000000,6843199,38393600.3900,2.279200,0.897700
2020-01-06,5.6300000000,5.7700000000,5.5900000000,5.6800000000,10902763,62017588.5000,3.631300,1.067600
2020-01-07,5.6900000000,5.8400000000,5.6400000000,5.8100000000,14707096,84905391.4600,4.898400,2.288700
2020-01-08,5.7900000000,5.9000000000,5.6900000000,5.7200000000,13533800,78249563.0000,4.507700,-1.549100
2020-01-09,5.8400000000,5.9500000000,5.7900000000,5.8600000000,12691600,74466400.0000,4.227200,2.447600
2020-01-10,5.8900000000,6.0400000000,5.7900000000,5.8500000000,12917700,76285945.0000,4.302500,-0.170700
2020-01-13,5.8800000000,5.9200000000,5.7300000000,5.8900000000,9008400,52731908.2400,3.000400,0.683800
2020-01-14,5.9000000000,6.1500000000,5.7500000000,5.7700000000,19579200,115396792.0000,6.521200,-2.037300
2020-01-15,5.7900000000,5.9200000000,5.6400000000,5.7300000000,12380700,71390823.0000,4.123600,-0.693200
2020-01-16,5.7500000000,5.8800000000,5.6000000000,5.6500000000,12328554,70821988.6600,4.106200,-1.396200
2020-01-17,5.6600000000,5.7400000000,5.5200000000,5.5200000000,8919525,50213343.4700,2.970800,-2.300900
2020-01-20,5.5300000000,5.6200000000,5.4100000000,5.5800000000,8043987,44663288.3700,2.679200,1.087000
2020-01-21,5.5800000000,5.5800000000,5.3800000000,5.3900000000,9437762,51532369.1600,3.143400,-3.405000
2020-01-22,5.4000000000,5.4000000000,5.2200000000,5.3800000000,8117382,43169851.2900,2.703600,-0.185500
2020-01-23,5.5300000000,5.6000000000,5.2100000000,5.3900000000,14450202,78290998.2000,4.812900,0.185900
2020-02-03,4.8500000000,4.9100000000,4.8500000000,4.8500000000,8360606,40616420.2800,2.784600,-10.018600
2020-02-04,4.7700000000,5.2000000000,4.6200000000,5.0600000000,19859544,99560600.2500,6.614600,4.329900
2020-02-05,5.0600000000,5.2800000000,5.0600000000,5.1300000000,17937069,92487695.3000,5.974200,1.383400
2020-02-06,5.0700000000,5.2200000000,4.9700000000,5.1300000000,15931021,81387214.9300,5.306100,0.000000
2020-02-07,5.1500000000,5.3300000000,5.1100000000,5.2700000000,16405203,85919143.5900,5.464000,2.729000
2020-02-10,5.3200000000,5.3600000000,5.2000000000,5.3200000000,11621438,61417726.1600,3.870700,0.948800
2020-02-11,5.3000000000,5.4100000000,5.2200000000,5.2400000000,10973600,58152977.0000,3.654900,-1.503800
2020-02-12,5.2700000000,5.3900000000,5.2600000000,5.3700000000,12308314,65521336.6200,4.099500,2.480900
2020-02-13,5.3500000000,5.3700000000,5.2000000000,5.2400000000,9844190,52005707.6000,3.278800,-2.420900
2020-02-14,5.2500000000,5.3200000000,5.1700000000,5.2400000000,7728490,40586180.2000,2.574100,0.000000
2020-02-17,5.3500000000,5.5100000000,5.3300000000,5.5100000000,12804437,69527465.0500,4.264700,5.152700
2020-02-18,5.4800000000,5.7000000000,5.4600000000,5.6900000000,13453950,75490327.9000,4.481100,3.266800
2020-02-19,5.6400000000,5.7000000000,5.5400000000,5.5900000000,12797400,71716118.4000,4.262400,-1.757500
2020-02-20,5.6100000000,5.7000000000,5.5400000000,5.6900000000,13270260,74709682.6000,4.419900,1.788900
2020-02-21,5.7600000000,5.8600000000,5.6900000000,5.8100000000,14576631,84329548.0700,4.855000,2.109000
2020-02-24,5.7400000000,6.0000000000,5.7000000000,5.9300000000,15930449,94000094.5900,5.305900,2.065400
2020-02-25,5.7900000000,6.0000000000,5.5500000000,6.0000000000,17652085,102127542.5500,5.879300,1.180400
2020-02-26,5.9500000000,6.1200000000,5.6400000000,5.8200000000,19129327,113791904.9500,6.371300,-3.000000
2020-02-27,5.7700000000,6.1800000000,5.7700000000,5.9300000000,20586463,123080971.8700,6.856700,1.890000
2020-02-28,5.8400000000,6.1500000000,5.5800000000,5.6000000000,26218817,155250733.0500,8.732600,-5.564900
2020-03-02,5.6600000000,6.0400000000,5.6600000000,5.9800000000,18258492,107100472.1600,6.081300,6.785700
2020-03-03,6.0200000000,6.2500000000,5.9100000000,6.0000000000,21673150,132220260.4000,7.218600,0.334400
2020-03-04,5.8900000000,6.0500000000,5.7700000000,6.0500000000,19904962,117434849.4000,6.629700,0.833300
2020-03-05,6.2600000000,6.2600000000,6.0100000000,6.0300000000,18438196,112503723.2800,6.141200,-0.330600
2020-03-06,5.8900000000,6.0800000000,5.8000000000,5.9900000000,15140308,90497830.2900,5.042700,-0.663400
2020-03-09,5.8700000000,5.9400000000,5.6600000000,5.7300000000,13966340,81052535.5100,4.651700,-4.340600
2020-03-10,5.6500000000,5.9100000000,5.4500000000,5.8900000000,18768299,106665331.0500,6.251100,2.792300
2020-03-11,5.8700000000,6.0800000000,5.8400000000,5.8500000000,15758506,93857374.5600,5.248600,-0.679100
2020-03-12,5.7900000000,6.2500000000,5.7100000000,6.1500000000,28154054,169779936.5400,9.377200,5.128200
2020-03-13,5.8200000000,6.0900000000,5.6000000000,6.0400000000,21515571,126876342.6700,7.166100,-1.788600
2020-03-16,6.0600000000,6.1800000000,5.5800000000,5.5800000000,21387400,126811994.8600,7.123400,-7.615900
2020-03-17,5.5800000000,5.7200000000,5.2700000000,5.3900000000,16373371,89194147.6900,5.453400,-3.405000
2020-03-18,5.4500000000,5.5100000000,5.1500000000,5.2000000000,14125471,75886759.0400,4.704700,-3.525000
2020-03-19,5.2000000000,5.3600000000,5.1500000000,5.3600000000,10617900,55749156.8700,3.536500,3.076900
2020-03-20,5.3900000000,5.5300000000,5.3500000000,5.4900000000,12525900,68081891.0000,4.172000,2.425400
2020-03-23,5.4000000000,6.0400000000,5.3500000000,6.0400000000,17225432,100842395.6600,5.737200,10.018200
2020-03-24,6.4600000000,6.6400000000,6.0100000000,6.0400000000,62268705,399651398.0100,20.739600,0.000000
2020-03-25,5.9300000000,6.1400000000,5.8200000000,6.0300000000,51408590,306044182.5900,17.122500,-0.165600
2020-03-26,5.8900000000,5.9400000000,5.5100000000,5.6400000000,36348531,207445367.5200,12.106500,-6.467700
2020-03-27,5.6600000000,5.7700000000,5.4800000000,5.4800000000,18044512,101515197.3100,6.010000,-2.836900
2020-03-30,5.3500000000,5.3600000000,5.1000000000,5.1600000000,15509120,80987265.4000,5.165600,-5.839400
2020-03-31,5.2400000000,5.2600000000,5.0000000000,5.0000000000,11502325,58976776.7200,3.831000,-3.100800
2020-04-01,4.9700000000,5.1200000000,4.8800000000,4.9400000000,10975975,54976470.0000,3.655700,-1.200000
2020-04-02,4.9000000000,5.1600000000,4.8700000000,5.1500000000,13327609,67258284.1800,4.439000,4.251000
2020-04-03,5.1100000000,5.2400000000,5.0500000000,5.1200000000,11514212,59186006.8200,3.835000,-0.582500
2020-04-07,5.2300000000,5.2800000000,5.1600000000,5.2500000000,10958700,57308934.0000,3.650000,2.539100
2020-04-08,5.2200000000,5.3600000000,5.1900000000,5.2800000000,9838098,52048568.9000,3.276700,0.571400
2020-04-09,5.2900000000,5.4600000000,5.2900000000,5.3700000000,12626652,67944762.6600,4.205500,1.704500
2020-04-10,5.3200000000,5.3400000000,5.1000000000,5.1100000000,12712850,66029216.0900,4.234200,-4.841700
2020-04-13,5.1200000000,5.1400000000,4.9800000000,5.0000000000,6429512,32407270.1200,2.141500,-2.152600
2020-04-14,5.0100000000,5.1000000000,4.9900000000,5.0900000000,6455833,32610756.6400,2.150200,1.800000
2020-04-15,5.1000000000,5.1200000000,4.9500000000,4.9500000000,7548421,37993843.0000,2.514100,-2.750500
2020-04-16,4.9400000000,4.9800000000,4.8200000000,4.9600000000,6993759,34371867.1500,2.329400,0.202000
2020-04-17,4.9900000000,5.0400000000,4.8800000000,4.8800000000,8558400,42520402.5600,2.850500,-1.612900
2020-04-20,4.9300000000,4.9600000000,4.7900000000,4.9500000000,8113900,39348096.0000,2.702500,1.434400
2020-04-21,4.8800000000,5.1200000000,4.8600000000,5.0100000000,12556600,63002178.3400,4.182200,1.212100
2020-04-22,4.9500000000,5.1000000000,4.9100000000,5.0600000000,8128300,41002869.0000,2.707300,0.998000
2020-04-23,5.0400000000,5.0800000000,4.9200000000,4.9200000000,7399822,36848129.5600,2.464600,-2.766800
2020-04-24,4.9300000000,4.9300000000,4.6700000000,4.7600000000,9906922,47540979.0600,3.299700,-3.252000
2020-04-27,4.7700000000,4.7700000000,4.4600000000,4.5800000000,11527155,53102413.6500,3.839300,-3.781500
2020-04-28,4.5800000000,4.5800000000,4.1200000000,4.2900000000,16365605,70059936.2200,5.450800,-6.331900
2020-04-29,4.3700000000,4.6000000000,4.3300000000,4.3300000000,11468965,51117861.9800,3.819900,0.932400
2020-04-30,4.2100000000,4.5300000000,4.2100000000,4.4700000000,13132400,58108062.0000,4.374000,3.233300
2020-05-06,4.3600000000,4.6500000000,4.3200000000,4.6100000000,10845211,49013075.1700,3.612200,3.132000
2020-05-07,4.6100000000,4.7200000000,4.5100000000,4.5400000000,8114124,37119101.8400,2.702500,-1.518400
2020-05-08,4.5800000000,4.6700000000,4.5600000000,4.6200000000,6730248,31044359.6300,2.241600,1.762100
2020-05-11,4.5700000000,4.6500000000,4.4700000000,4.5300000000,6790684,30931990.3600,2.261800,-1.948000
2020-05-12,4.5500000000,4.5500000000,4.3700000000,4.5200000000,6645735,29616566.1900,2.213500,-0.220800
2020-05-13,4.5100000000,4.5800000000,4.4200000000,4.5000000000,5873800,26422808.0000,1.956400,-0.442500
2020-05-14,4.4500000000,4.5200000000,4.4200000000,4.4400000000,4385722,19634623.9000,1.460700,-1.333300
2020-05-15,4.4600000000,4.5000000000,4.3900000000,4.4200000000,4884300,21682031.0000,1.626800,-0.450400
2020-05-18,4.4300000000,4.4300000000,4.2300000000,4.2500000000,7870793,33859694.3300,2.621500,-3.846200
2020-05-19,4.3400000000,4.4600000000,4.3000000000,4.4500000000,8705036,38251682.2000,2.899400,4.705900
2020-05-20,4.4400000000,4.4600000000,4.3000000000,4.3200000000,6842743,29749582.9000,2.279100,-2.921300
2020-05-21,4.3500000000,4.7500000000,4.3100000000,4.7500000000,27325103,125885182.4400,9.101100,9.953700
2020-05-22,4.8000000000,4.9500000000,4.4700000000,4.6200000000,33853600,157464735.5400,11.275500,-2.736800
2020-05-25,4.6200000000,4.6800000000,4.4400000000,4.6500000000,22307550,102801636.0000,7.429900,0.649400
2020-05-26,4.6300000000,4.7500000000,4.5800000000,4.6500000000,20212723,94488923.9900,6.732200,0.000000
2020-05-27,4.6700000000,4.6900000000,4.5200000000,4.5600000000,11611073,53125273.4200,3.867300,-1.935500
2020-05-28,4.5200000000,4.5500000000,4.4000000000,4.4900000000,10503200,46888192.5000,3.498300,-1.535100
2020-05-29,4.4100000000,4.5500000000,4.4000000000,4.5100000000,8156250,36791232.5000,2.716600,0.445400
2020-06-01,4.5500000000,4.6600000000,4.5000000000,4.6400000000,13091850,60231468.5000,4.360500,2.882500
2020-06-02,4.6400000000,4.7200000000,4.6100000000,4.6800000000,9386350,43818095.0000,3.126300,0.862100
2020-06-03,4.7000000000,4.7700000000,4.6400000000,4.6900000000,9533159,44819119.3000,3.175200,0.213700
2020-06-04,4.7800000000,5.1600000000,4.7000000000,4.9600000000,35127082,175403612.3300,11.699700,5.756900
2020-06-05,5.0000000000,5.0400000000,4.7800000000,4.9200000000,23842584,116284585.2200,7.941200,-0.806500
2020-06-08,4.9000000000,4.9400000000,4.6900000000,4.7200000000,13510484,64829181.1200,4.499900,-4.065000
2020-06-09,4.7500000000,4.8000000000,4.7100000000,4.7600000000,7105400,33798630.3800,2.366600,0.847500
2020-06-10,4.7300000000,4.7600000000,4.6900000000,4.7000000000,5941600,28006409.0000,1.979000,-1.260500
2020-06-11,4.7100000000,4.7600000000,4.6500000000,4.6800000000,6678462,31424702.5400,2.224400,-0.425500
2020-06-12,4.5800000000,4.7200000000,4.5700000000,4.7000000000,5631200,26197794.0000,1.875600,0.427400
2020-06-15,4.7000000000,4.8600000000,4.6600000000,4.6800000000,6987000,33150211.0000,2.327100,-0.425500
2020-06-16,4.7500000000,4.8400000000,4.6900000000,4.8300000000,8531212,40857842.6000,2.841500,3.205100
2020-06-17,4.8500000000,4.9300000000,4.7600000000,4.9300000000,8668169,41952382.5600,2.887100,2.070400
2020-06-18,4.8700000000,4.9500000000,4.8300000000,4.8800000000,6278630,30618231.1800,2.091200,-1.014200
2020-06-19,4.8500000000,4.9100000000,4.7400000000,4.7500000000,7783850,37568701.5000,2.592500,-2.663900
2020-06-22,4.7500000000,4.8000000000,4.7000000000,4.7300000000,6518100,30906056.0000,2.171000,-0.421100
2020-06-23,4.7300000000,4.8500000000,4.7100000000,4.8100000000,8029800,38343174.0000,2.674500,1.691300
2020-06-24,4.7900000000,4.8400000000,4.6900000000,4.7000000000,5812600,27526775.0000,1.936000,-2.286900
2020-06-29,4.6000000000,4.6500000000,4.5100000000,4.5200000000,7833163,35694535.0300,2.609000,-3.829800
2020-06-30,4.5600000000,4.6400000000,4.5300000000,4.5900000000,5346885,24595730.9900,1.780900,1.548700
2020-07-01,4.6100000000,4.6300000000,4.5600000000,4.5800000000,5232275,24028246.0000,1.742700,-0.217900
2020-07-02,4.5900000000,4.7300000000,4.5600000000,4.6900000000,6953376,32444707.5700,2.315900,2.401700
2020-07-03,4.7000000000,4.8000000000,4.6800000000,4.8000000000,7649288,36332055.0700,2.547700,2.345400
2020-07-06,4.8300000000,5.0100000000,4.7600000000,4.9900000000,13824796,68197884.1400,4.604600,3.958300
2020-07-07,5.0800000000,5.2700000000,4.9600000000,5.0600000000,14970211,76427224.4200,4.986100,1.402800
2020-07-08,5.0100000000,5.1800000000,4.9600000000,5.1500000000,13946114,71094119.2400,4.645000,1.778700
2020-07-09,5.1500000000,5.3400000000,5.1100000000,5.3400000000,15506290,81286507.2000,5.164600,3.689300
2020-07-10,5.3200000000,5.3800000000,5.1600000000,5.1800000000,10217700,53904231.5000,3.403200,-2.996300
2020-07-13,5.3200000000,5.4300000000,5.2400000000,5.3800000000,9664650,51589987.0000,3.219000,3.861000
2020-07-14,5.5300000000,5.7000000000,5.2300000000,5.3800000000,13985521,76089035.9600,4.658100,0.000000
2020-07-15,5.3300000000,5.3900000000,5.1600000000,5.1900000000,10283100,54201121.5000,3.425000,-3.531600
2020-07-16,5.2000000000,5.2800000000,4.9600000000,4.9800000000,9338600,47750211.0000,3.110400,-4.046200
2020-07-17,4.9900000000,5.0800000000,4.8700000000,4.8900000000,8491000,41837069.0000,2.828100,-1.807200
2020-07-20,4.9500000000,5.1000000000,4.9100000000,5.0900000000,7367903,37040639.2400,2.454000,4.090000
2020-07-21,5.1300000000,5.2400000000,5.0600000000,5.1400000000,7063978,36309861.9200,2.352800,0.982300
2020-07-22,5.1300000000,5.1800000000,5.0800000000,5.1200000000,6828551,35061301.1100,2.274400,-0.389100
2020-07-23,5.1000000000,5.1000000000,4.8600000000,4.9900000000,9173700,45480233.0000,3.055500,-2.539100
2020-07-24,4.9600000000,5.1600000000,4.8100000000,4.8300000000,11097850,55460002.0000,3.696300,-3.206400
2020-07-27,4.8300000000,4.9100000000,4.6900000000,4.8800000000,6846353,32913719.9400,2.280300,1.035200
2020-07-28,4.8900000000,5.0300000000,4.8600000000,4.9100000000,5555100,27385462.0000,1.850200,0.614800
2020-07-29,4.9200000000,5.0100000000,4.8300000000,5.0100000000,5218800,25762732.9900,1.738200,2.036700
2020-07-30,5.0500000000,5.0500000000,4.9400000000,4.9500000000,5559775,27683457.2500,1.851800,-1.197600
2020-07-31,4.9600000000,5.0700000000,4.9300000000,5.0600000000,7136500,35710654.0000,2.376900,2.222200
2020-08-03,5.0900000000,5.2300000000,5.0700000000,5.2100000000,8778100,45502351.0000,2.923700,2.964400
2020-08-04,5.2200000000,5.2500000000,5.1000000000,5.1500000000,7906694,40763491.9800,2.633500,-1.151600
2020-08-05,5.1800000000,5.2900000000,5.1000000000,5.2600000000,8562575,44596005.4900,2.851900,2.135900
2020-08-06,5.2700000000,5.3600000000,5.1300000000,5.3000000000,10709096,56481413.2400,3.566800,0.760500
2020-08-07,5.2800000000,5.3100000000,5.0800000000,5.2100000000,8191665,42412906.8400,2.728400,-1.698100
2020-08-10,5.1100000000,5.3700000000,5.1100000000,5.3300000000,9209511,48631325.8300,3.067400,2.303300
2020-08-11,5.2900000000,5.3200000000,5.1600000000,5.1600000000,7249400,38013293.0000,2.414500,-3.189500
2020-08-12,5.1500000000,5.2300000000,5.0700000000,5.2300000000,6711201,34468308.2000,2.235300,1.356600
2020-08-13,5.2200000000,5.5100000000,5.1900000000,5.3300000000,13294296,71376275.4600,4.427900,1.912000
2020-08-14,5.3100000000,5.4900000000,5.3000000000,5.4100000000,11263800,60808201.0000,3.751600,1.500900
2020-08-17,5.4200000000,5.5500000000,5.3700000000,5.5000000000,10518570,57586093.9000,3.503400,1.663600
2020-08-18,5.5000000000,5.6400000000,5.4500000000,5.6400000000,13265600,73664890.9900,4.418300,2.545500
2020-08-19,5.6500000000,5.6800000000,5.3800000000,5.3900000000,12237928,67135792.2700,4.076000,-4.432600
2020-08-20,5.4100000000,5.6200000000,5.3600000000,5.3700000000,11882300,65052346.0000,3.957600,-0.371100
2020-08-21,5.3900000000,5.5000000000,5.2500000000,5.3000000000,10598727,56627537.2900,3.530100,-1.303500
2020-08-24,5.3000000000,5.5300000000,5.1200000000,5.5000000000,11620500,62613783.0000,3.870400,3.773600
2020-08-25,5.4700000000,5.9900000000,5.4400000000,5.7800000000,19109901,108727546.8000,6.364900,5.090900
2020-08-26,5.8600000000,5.9400000000,5.5500000000,5.6000000000,19241301,110781074.8700,6.408600,-3.114200
2020-08-27,5.7100000000,6.1600000000,5.5800000000,5.9500000000,26613898,156325440.9700,8.864200,6.250000
2020-08-28,5.7800000000,5.9600000000,5.6800000000,5.7900000000,22008277,128000185.1000,7.330200,-2.689100
2020-08-31,5.7300000000,5.8400000000,5.5600000000,5.6100000000,16135514,91855304.9000,5.374200,-3.108800
2020-09-01,5.6300000000,5.9500000000,5.5800000000,5.8700000000,17345575,100127088.0000,5.777200,4.634600
2020-09-02,6.0400000000,6.6500000000,6.0000000000,6.2600000000,39410375,249751437.2500,13.126300,6.644000
2020-09-03,6.5500000000,6.6600000000,6.1600000000,6.3200000000,36602053,234397265.1300,12.190900,0.958500
2020-09-04,6.1100000000,6.7400000000,6.0600000000,6.5900000000,35385873,227965327.8700,11.785900,4.272200
2020-09-07,6.7200000000,7.3800000000,6.5100000000,6.8900000000,42771469,298535400.4600,14.245800,4.552400
2020-09-08,6.7200000000,7.9000000000,6.6100000000,7.7400000000,50188275,363268567.1300,16.716100,12.336700
2020-09-09,7.4600000000,7.6000000000,6.5400000000,6.5400000000,48803864,353477425.3300,16.255000,-15.503900
2020-09-10,6.5000000000,6.5000000000,5.5800000000,5.6100000000,35961407,214223369.5800,11.977600,-14.220200
2020-09-11,5.4000000000,6.1200000000,5.3900000000,5.9900000000,25839753,151992030.1900,8.606400,6.773600
2020-09-14,5.9900000000,6.4200000000,5.9500000000,6.3800000000,19506392,122366320.9200,6.496900,6.510900
2020-09-15,6.3000000000,6.5800000000,6.2100000000,6.3200000000,15472200,98610150.0000,5.153300,-0.940400
2020-09-16,6.2500000000,6.3700000000,6.0500000000,6.1400000000,11315747,69964429.2200,3.768900,-2.848100
2020-09-17,6.0900000000,6.2700000000,6.0100000000,6.1000000000,10691700,65685743.9400,3.561100,-0.651500
2020-09-18,6.1500000000,6.1600000000,5.9100000000,6.1000000000,11148125,67379540.0000,3.713100,0.000000
2020-09-21,6.1800000000,6.1900000000,6.0100000000,6.0600000000,8770700,53298075.0000,2.921200,-0.655700
2020-09-22,5.9300000000,6.0000000000,5.7700000000,5.8500000000,10805356,63639398.5700,3.598900,-3.465300
2020-09-23,5.8900000000,6.0300000000,5.8200000000,5.9800000000,9951900,58971749.0000,3.314600,2.222200
2020-09-24,5.9000000000,5.9000000000,5.6000000000,5.6400000000,9383400,53590984.0900,3.125300,-5.685600
2020-09-25,5.6700000000,5.7600000000,5.5300000000,5.6800000000,6908700,39072231.0000,2.301100,0.709200
2020-09-28,5.7100000000,5.7400000000,5.3700000000,5.4400000000,9316200,51122504.3900,3.102900,-4.225400
2020-09-29,5.4500000000,5.6600000000,5.4400000000,5.5200000000,6654900,37004496.0000,2.216500,1.470600
2020-09-30,5.5500000000,5.5900000000,5.4000000000,5.5300000000,7103800,39143898.0000,2.366000,0.181200
2020-10-09,5.6200000000,5.8100000000,5.6000000000,5.7300000000,5582700,32005577.0000,1.859400,3.616600
2020-10-12,5.9100000000,6.1500000000,5.8300000000,6.0800000000,13821553,83517070.2400,4.603500,6.108200
2020-10-13,6.1100000000,6.4800000000,6.1100000000,6.3900000000,21768527,137656258.2600,7.250400,5.098700
2020-10-14,6.3500000000,7.3000000000,6.3400000000,6.7700000000,35591050,242039131.2500,11.854200,5.946800
2020-10-15,6.8600000000,7.0900000000,6.6200000000,6.9600000000,28598300,196114495.6400,9.525100,2.806500
2020-10-16,6.7400000000,6.8300000000,6.5400000000,6.7000000000,16720222,111694620.0500,5.569000,-3.735600
2020-10-19,6.6800000000,6.8600000000,6.4800000000,6.5500000000,15263130,101980588.1500,5.083600,-2.238800
2020-10-20,6.5200000000,6.7000000000,6.4600000000,6.6400000000,13469200,88923222.0000,4.486100,1.374000
2020-10-21,6.6000000000,6.8200000000,6.5300000000,6.5700000000,11936747,79335450.2600,3.975700,-1.054200
2020-10-22,6.5700000000,6.6900000000,6.4000000000,6.6600000000,12645000,83006046.0000,4.211600,1.369900
2020-10-23,6.5700000000,6.8200000000,6.5000000000,6.5000000000,12925900,85961397.0000,4.305200,-2.402400
2020-10-26,6.4900000000,6.9400000000,6.3600000000,6.8800000000,19354900,130480705.0000,6.446500,5.846200
2020-10-27,6.8600000000,6.8600000000,6.5800000000,6.6600000000,12574547,84369053.6000,4.188200,-3.197700
2020-10-28,6.6000000000,6.6600000000,6.3700000000,6.5500000000,11413308,73956299.8100,3.801400,-1.651700
2020-10-29,6.2900000000,6.5300000000,6.2300000000,6.4400000000,11338847,72337393.6800,3.776600,-1.679400
2020-10-30,6.4900000000,6.5000000000,5.7700000000,5.8100000000,17884500,108607612.0000,5.956700,-9.782600
2020-11-02,5.8000000000,6.0900000000,5.7400000000,5.9000000000,10434875,61642056.7500,3.475500,1.549100
2020-11-03,5.8900000000,6.3000000000,5.8900000000,6.1600000000,11529422,70693565.5100,3.840100,4.406800
2020-11-04,6.2300000000,6.2700000000,6.0200000000,6.2100000000,9133300,56238821.0000,3.042000,0.811700
2020-11-05,6.2900000000,6.4900000000,6.2100000000,6.4400000000,13104500,83184625.5000,4.364700,3.703700
2020-11-06,6.5000000000,6.6100000000,6.2400000000,6.3700000000,11615601,74431850.3400,3.868800,-1.087000
2020-11-09,6.3800000000,6.6500000000,6.3700000000,6.6500000000,12108976,79339260.0500,4.033100,4.395600
2020-11-10,6.5900000000,6.7800000000,6.4800000000,6.6900000000,11203000,74459239.0000,3.731300,0.601500
2020-11-11,6.6000000000,6.7600000000,6.3800000000,6.4600000000,8934809,58285130.9200,2.975900,-3.438000
2020-11-12,6.4500000000,6.9700000000,6.4200000000,6.7700000000,21752161,145272263.9400,7.244900,4.798800
2020-11-13,6.7400000000,6.7400000000,6.3100000000,6.6500000000,16416300,107018781.0000,5.467700,-1.772500
2020-11-16,6.5700000000,6.6500000000,6.1800000000,6.3800000000,12648200,80698270.0000,4.212700,-4.060200
2020-11-17,6.4200000000,6.4500000000,5.9000000000,5.9800000000,13543500,81906313.5000,4.510900,-6.269600
2020-11-18,6.0100000000,7.1800000000,5.9200000000,6.6300000000,48350775,325348872.1400,16.104000,10.869600
2020-11-19,6.3800000000,6.7500000000,6.3000000000,6.6800000000,37236451,241839547.4500,12.402200,0.754100
2020-11-20,6.7500000000,6.9700000000,6.4900000000,6.8200000000,31225575,211098630.0000,10.400200,2.095800
2020-11-23,6.7400000000,7.1700000000,6.5700000000,6.9900000000,30182003,206506269.5700,10.052600,2.492700
2020-11-24,7.0400000000,7.0400000000,6.6800000000,6.9200000000,22158200,151237066.0000,7.380200,-1.001400
2020-11-25,6.8500000000,6.8500000000,6.5300000000,6.6300000000,19838900,132090103.0000,6.607700,-4.190800
2020-11-26,6.6000000000,7.5200000000,6.4800000000,7.1100000000,45933803,325543807.6800,15.299000,7.239800
2020-11-27,7.1100000000,7.3000000000,6.7600000000,6.9300000000,28093700,195338026.0000,9.357100,-2.531600
2020-11-30,6.9500000000,6.9600000000,6.6200000000,6.8200000000,19411366,132322989.3800,6.465300,-1.587300
2020-12-01,6.8000000000,7.2300000000,6.7000000000,7.0800000000,29958848,211145347.4100,9.978300,3.812300
2020-12-02,7.0100000000,7.1100000000,6.7000000000,6.7400000000,26588101,181202440.8300,8.855600,-4.802300
2020-12-03,6.6000000000,6.6000000000,6.2200000000,6.3600000000,24462661,155818848.7900,8.147700,-5.638000
2020-12-04,6.3000000000,6.3900000000,6.1800000000,6.2400000000,14076426,88104894.8200,4.688400,-1.886800
2020-12-07,6.2800000000,6.2800000000,5.9900000000,5.9900000000,14522661,88360800.9900,4.837000,-4.006400
2020-12-08,6.0100000000,6.1300000000,5.9800000000,6.0100000000,9400200,56877898.6800,3.130900,0.333900
2020-12-09,5.9800000000,5.9900000000,5.6800000000,5.6900000000,13810800,80271480.9700,4.599900,-5.324500
2020-12-10,5.6700000000,5.8100000000,5.5900000000,5.6800000000,8241300,47245410.0000,2.744900,-0.175700
2020-12-11,5.7200000000,5.7400000000,5.3800000000,5.4600000000,12919100,71133486.0000,4.302900,-3.873200
2020-12-14,5.4200000000,5.6100000000,5.3700000000,5.5600000000,8761165,48404390.8000,2.918100,1.831500
2020-12-15,5.5600000000,5.6500000000,5.4800000000,5.5200000000,6621600,36747120.0000,2.205400,-0.719400
2020-12-16,5.4800000000,5.5100000000,5.2100000000,5.2100000000,11048902,58597574.6800,3.680000,-5.615900
2020-12-17,5.2200000000,5.4100000000,5.0700000000,5.3600000000,11755500,61616454.0000,3.915400,2.879100
2020-12-18,5.3500000000,5.4000000000,5.1900000000,5.2100000000,9671700,50985456.0000,3.221300,-2.798500
2020-12-21,5.1700000000,5.3400000000,5.1100000000,5.2200000000,6469310,33973465.3000,2.154700,0.191900
2020-12-22,5.2600000000,5.2600000000,5.0500000000,5.0800000000,7165410,36778526.9000,2.386600,-2.682000
2020-12-23,5.1300000000,5.2000000000,5.0700000000,5.1000000000,5987310,30652151.0000,1.994200,0.393700
2020-12-24,5.1400000000,5.1400000000,4.8300000000,4.8300000000,10112343,49814278.2700,3.368100,-5.294100
2020-12-25,4.8900000000,5.0300000000,4.8200000000,4.9000000000,7209400,35592291.0000,2.401200,1.449300
2020-12-28,4.9500000000,4.9500000000,4.7400000000,4.8000000000,6417265,30812889.9000,2.137400,-2.040800
2020-12-29,4.9000000000,4.9600000000,4.8100000000,4.8100000000,7329900,35726187.9700,2.441300,0.208300
2020-12-30,4.8500000000,4.9400000000,4.7600000000,4.9000000000,5104600,24871985.0000,1.700200,1.871100
2020-12-31,4.8800000000,4.9800000000,4.8500000000,4.8800000000,6449003,31664398.0700,2.147900,-0.408200
2021-01-04,4.8900000000,4.9600000000,4.8300000000,4.9500000000,5923003,29089567.5200,1.972800,1.434400
2021-01-05,4.9400000000,4.9500000000,4.7700000000,4.8200000000,5927600,28732550.0000,1.974300,-2.626300
2021-01-06,4.8500000000,4.8500000000,4.5700000000,4.6000000000,8594632,39963768.2800,2.862600,-4.564300
2021-01-07,4.5700000000,4.6200000000,4.2400000000,4.3600000000,11668211,51396434.4400,3.886300,-5.217400
2021-01-08,4.3100000000,4.4700000000,4.2300000000,4.2800000000,10670500,46401602.0000,3.554000,-1.834900
2021-01-11,4.2800000000,4.3300000000,4.0500000000,4.1000000000,7625766,31683632.9400,2.539900,-4.205600
2021-01-12,4.0900000000,4.2200000000,4.0500000000,4.0700000000,6844181,28093753.1000,2.279600,-0.731700
2021-01-13,4.0700000000,4.1000000000,3.8800000000,3.9500000000,8306400,32846585.0000,2.766600,-2.948400
2021-01-14,3.9000000000,4.0000000000,3.8200000000,3.9100000000,6431700,25144133.0000,2.142200,-1.012700
2021-01-15,3.8900000000,4.1400000000,3.8900000000,4.0600000000,7843475,31731847.7500,2.612400,3.836300
2021-01-18,4.0500000000,4.2100000000,4.0400000000,4.1900000000,6530249,27232392.8200,2.175000,3.202000
2021-01-19,4.1900000000,4.3300000000,4.1300000000,4.2800000000,7432449,31649091.7400,2.475500,2.148000
2021-01-20,4.2700000000,4.3700000000,4.2300000000,4.3300000000,6599661,28381167.9100,2.198100,1.168200
2021-01-21,4.3100000000,4.3800000000,4.2600000000,4.2800000000,6081761,26274264.0800,2.025600,-1.154700
2021-01-22,4.2800000000,4.3500000000,4.1400000000,4.1400000000,5983902,25265375.8200,1.993000,-3.271000
2021-01-25,4.1200000000,4.1600000000,3.9600000000,3.9800000000,5397900,21713476.0000,1.797900,-3.864700
2021-01-26,4.0200000000,4.0700000000,3.9100000000,3.9600000000,5137201,20481646.9500,1.711000,-0.502500
2021-01-27,3.9600000000,3.9900000000,3.8700000000,3.9400000000,4505700,17743536.0000,1.500700,-0.505100
2021-01-28,3.9100000000,4.1300000000,3.8700000000,4.0300000000,8638500,34947945.0000,2.877200,2.284300
2021-01-29,4.0400000000,4.0600000000,3.9200000000,3.9800000000,7379802,29421639.9600,2.458000,-1.240700
2021-02-01,3.8800000000,4.0200000000,3.8000000000,3.8400000000,6184002,24050088.7600,2.059700,-3.517600
2021-02-02,3.8700000000,3.9200000000,3.7600000000,3.9000000000,4762900,18410148.0000,1.586400,1.562500
2021-02-03,3.8700000000,3.9000000000,3.7400000000,3.7900000000,3466700,13202920.0000,1.154600,-2.820500
2021-02-04,3.7800000000,3.7800000000,3.5700000000,3.6300000000,4996700,18269828.0000,1.664200,-4.221600
2021-02-05,3.6300000000,3.7300000000,3.5500000000,3.5500000000,3670800,13360965.0000,1.222600,-2.203900
2021-02-08,3.5900000000,3.6100000000,3.4900000000,3.5300000000,3191400,11300496.0000,1.062900,-0.563400
2021-02-09,3.4700000000,3.6300000000,3.4700000000,3.6000000000,4233200,15063696.0000,1.409900,1.983000
2021-02-10,3.6300000000,3.6700000000,3.5700000000,3.5800000000,3412800,12325941.0000,1.136700,-0.555600
2021-02-18,3.6000000000,3.7600000000,3.6000000000,3.7400000000,3862827,14321147.4400,1.286600,4.469300
2021-02-19,3.7300000000,4.0000000000,3.6900000000,3.9900000000,7491327,29202732.0300,2.495100,6.684500
2021-02-22,3.9800000000,4.2300000000,3.9500000000,4.0900000000,8623927,35628519.5100,2.872300,2.506300
2021-02-23,4.0800000000,4.1600000000,4.0100000000,4.0400000000,5006401,20361312.1500,1.667500,-1.222500
2021-02-24,4.0100000000,4.2300000000,4.0100000000,4.1800000000,7130349,29622508.6100,2.374900,3.465300
2021-02-25,4.2000000000,4.2400000000,4.0600000000,4.0900000000,5495400,22621552.0000,1.830300,-2.153100
2021-02-26,4.0100000000,4.2600000000,4.0100000000,4.2000000000,6719709,28101750.1400,2.238100,2.689500
2021-03-01,4.2000000000,4.3800000000,4.2000000000,4.3400000000,6945721,29874091.8800,2.313400,3.333300
2021-03-02,4.3400000000,4.3700000000,4.2100000000,4.2800000000,4917149,20931303.7600,1.637700,-1.382500
2021-03-03,4.2300000000,4.3200000000,4.2000000000,4.2800000000,3756900,15985106.0000,1.251300,0.000000
2021-03-04,4.2700000000,4.3300000000,4.2400000000,4.3000000000,3913200,16737707.0000,1.303400,0.467300
2021-03-05,4.2700000000,4.4600000000,4.2600000000,4.4300000000,6284299,27675181.6000,2.093100,3.023300
2021-03-08,4.4300000000,4.4900000000,4.3100000000,4.3300000000,4917300,21611047.9800,1.637800,-2.257300
2021-03-09,4.3000000000,4.3500000000,4.0700000000,4.1500000000,5922950,24782009.2500,1.972700,-4.157000
2021-03-10,4.1500000000,4.2500000000,3.9900000000,4.0000000000,4496400,18263997.7900,1.497600,-3.614500
2021-03-11,4.0300000000,4.1900000000,3.9600000000,4.1700000000,4099500,16777839.0000,1.365400,4.250000
2021-03-12,4.1800000000,4.1800000000,4.0700000000,4.1200000000,3561000,14690390.0000,1.186100,-1.199000
2021-03-15,4.1700000000,4.1700000000,4.0500000000,4.0800000000,3259600,13352489.0000,1.085700,-0.970900
2021-03-16,4.0800000000,4.2500000000,4.0600000000,4.2300000000,4858400,20389308.0000,1.618200,3.676500
2021-03-17,4.2100000000,4.4400000000,4.2100000000,4.3400000000,6885300,29875378.0000,2.293300,2.600500
2021-03-18,4.3400000000,4.3900000000,4.2500000000,4.2500000000,4286200,18432589.0000,1.427600,-2.073700
2021-03-19,4.2300000000,4.4000000000,4.2300000000,4.3300000000,4911100,21308559.0000,1.635700,1.882400
2021-03-22,4.2600000000,4.4200000000,4.2500000000,4.4000000000,4491300,19624302.0000,1.495900,1.616600
2021-03-23,4.4400000000,4.5200000000,4.3000000000,4.3200000000,4222712,18501070.8400,1.406400,-1.818200
2021-03-24,4.2900000000,4.4000000000,4.2600000000,4.2600000000,3384500,14615930.0000,1.127300,-1.388900
2021-03-25,4.2600000000,4.3700000000,4.2000000000,4.3100000000,3529900,15176456.0000,1.175700,1.173700
2021-03-26,4.3100000000,4.3400000000,4.2400000000,4.2900000000,3148600,13487721.0000,1.048700,-0.464000
2021-03-29,4.2500000000,4.3100000000,4.1700000000,4.1800000000,4376100,18477243.0000,1.457500,-2.564100
2021-03-30,4.2000000000,4.2000000000,4.0500000000,4.0700000000,3257300,13312203.0000,1.084900,-2.631600
2021-03-31,4.0700000000,4.1100000000,4.0400000000,4.1000000000,2263025,9219946.2500,0.753700,0.737100
2021-04-01,4.1000000000,4.1200000000,4.0500000000,4.0700000000,1961800,7998792.0000,0.653400,-0.731700
2021-04-02,4.0700000000,4.1700000000,4.0500000000,4.1400000000,3156700,12934556.0000,1.051400,1.719900
2021-04-06,4.1100000000,4.2200000000,4.1000000000,4.2100000000,2155500,9000194.0000,0.717900,1.690800
2021-04-07,4.2100000000,4.2900000000,4.1700000000,4.2700000000,2387700,10131046.0000,0.795300,1.425200
2021-04-08,4.2400000000,4.2800000000,4.1400000000,4.1400000000,3443000,14474405.0000,1.146700,-3.044500
2021-04-09,4.1300000000,4.2100000000,4.1200000000,4.1500000000,2085302,8657760.3000,0.694500,0.241500
2021-04-12,4.1500000000,4.4100000000,4.1500000000,4.2600000000,8470700,36443255.0000,2.821300,2.650600
2021-04-13,4.2600000000,4.3400000000,4.1700000000,4.2600000000,4626677,19665018.3800,1.541000,0.000000
2021-04-14,4.2600000000,4.3200000000,4.1500000000,4.2700000000,4307200,18195538.0000,1.434600,0.234700
2021-04-15,4.2400000000,4.3300000000,4.1700000000,4.2500000000,5842426,24903225.5100,1.945900,-0.468400
2021-04-16,4.2200000000,4.4300000000,4.2200000000,4.4200000000,8704014,38016056.4600,2.899000,4.000000
2021-04-19,4.4200000000,4.4400000000,4.3400000000,4.3700000000,5709822,25036244.9200,1.901800,-1.131200
2021-04-20,4.3500000000,4.4100000000,4.2900000000,4.3000000000,4493936,19541453.6600,1.496800,-1.601800
2021-04-21,4.2600000000,4.3200000000,4.2400000000,4.2600000000,3288300,14039845.0000,1.095200,-0.930200
2021-04-22,4.2800000000,4.2900000000,4.2200000000,4.2400000000,3042350,12934756.0000,1.013300,-0.469500
2021-04-23,4.2400000000,4.2500000000,4.0600000000,4.0900000000,5247650,21671256.0000,1.747800,-3.537700
2021-04-26,4.0600000000,4.1400000000,4.0600000000,4.0800000000,3235100,13251410.0000,1.077500,-0.244500
2021-04-27,4.0100000000,4.1100000000,3.8800000000,3.9400000000,4131263,16460501.8400,1.376000,-3.431400
2021-04-28,3.9400000000,3.9600000000,3.8700000000,3.8800000000,3258200,12730901.0000,1.085200,-1.522800
2021-04-29,3.8800000000,3.9700000000,3.8200000000,3.9000000000,3303225,12943420.0000,1.100200,0.515500
2021-04-30,3.8900000000,4.0400000000,3.8800000000,3.9900000000,4241966,16858473.3400,1.412900,2.307700
2021-05-06,3.9800000000,4.0400000000,3.9500000000,3.9700000000,2925800,11640204.0000,0.974500,-0.501300
2021-05-07,3.9400000000,3.9900000000,3.9000000000,3.9600000000,3829500,15111721.0000,1.275500,-0.251900
2021-05-10,3.9400000000,3.9900000000,3.9300000000,3.9800000000,4027204,15936010.8800,1.341300,0.505100
2021-05-11,3.9500000000,4.0400000000,3.9500000000,4.0100000000,3462900,13834975.0000,1.153400,0.753800
2021-05-12,4.0100000000,4.0900000000,3.9600000000,4.0600000000,3171400,12770692.0000,1.056300,1.246900
2021-05-13,4.0300000000,4.1400000000,4.0200000000,4.0600000000,3792419,15482341.0900,1.263100,0.000000
2021-05-14,4.0600000000,4.8700000000,4.0400000000,4.8700000000,31514720,142950326.7900,10.496500,19.950700
2021-05-17,4.8200000000,4.8200000000,4.1900000000,4.2800000000,38154690,166937698.8100,12.708100,-12.115000
2021-05-18,4.1600000000,4.4700000000,4.0500000000,4.4000000000,25206855,108395192.1100,8.395600,2.803700
2021-05-19,4.2900000000,4.7700000000,4.2000000000,4.5500000000,30719741,139696912.1700,10.231700,3.409100
2021-05-20,4.5000000000,4.6500000000,4.3600000000,4.4300000000,19802907,88561987.9200,6.595700,-2.637400
2021-05-21,4.4100000000,4.7500000000,4.3700000000,4.5800000000,20640105,94435251.0700,6.874500,3.386000
2021-05-24,4.5500000000,4.7300000000,4.4800000000,4.6100000000,15734135,71902276.4700,5.240500,0.655000
2021-05-25,4.5600000000,4.6900000000,4.4500000000,4.6100000000,15484336,70428707.3500,5.157300,0.000000
2021-05-26,4.5200000000,4.6200000000,4.5100000000,4.5100000000,11863800,53819473.0000,3.951400,-2.169200
2021-05-27,4.5000000000,4.5100000000,4.3700000000,4.3900000000,13867320,61409391.0000,4.618700,-2.660800
2021-05-28,4.3500000000,4.4000000000,4.3000000000,4.3500000000,8988536,38916403.2400,2.993800,-0.911200
2021-05-31,4.3700000000,4.7300000000,4.3200000000,4.6700000000,23401366,107787968.2200,7.794200,7.356300
2021-06-01,4.5800000000,5.0000000000,4.5700000000,4.9100000000,28622036,138804888.3200,9.533100,5.139200
2021-06-02,4.9100000000,5.0000000000,4.7300000000,4.7700000000,16536036,79664787.0800,5.507600,-2.851300
2021-06-03,4.7700000000,4.8800000000,4.6000000000,4.6100000000,11396100,53866976.0000,3.795700,-3.354300
2021-06-04,4.6000000000,4.7200000000,4.5400000000,4.5900000000,8684400,40124876.0000,2.892500,-0.433800
2021-06-07,4.6100000000,4.8300000000,4.5300000000,4.8300000000,12363400,58453192.0000,4.117800,5.228800
2021-06-08,4.8500000000,4.9200000000,4.7100000000,4.8200000000,11336200,54701887.0000,3.775700,-0.207000
2021-06-09,4.7900000000,5.1300000000,4.7900000000,5.0000000000,16839850,84146822.4200,5.608800,3.734400
2021-06-10,5.0600000000,5.4400000000,5.0100000000,5.2000000000,23127400,120980071.0000,7.703000,4.000000
2021-06-11,5.1000000000,5.4500000000,5.0700000000,5.3600000000,23649000,124930462.9900,7.876700,3.076900
2021-06-15,5.2500000000,5.9600000000,5.2500000000,5.4000000000,27541900,152951635.0000,9.173300,0.746300
2021-06-16,5.2500000000,5.7800000000,5.2400000000,5.5000000000,28484400,154855157.0000,9.487200,1.851900
2021-06-17,5.4900000000,5.4900000000,5.1000000000,5.3300000000,22123619,116032484.3800,7.368600,-3.090900
2021-06-18,5.2000000000,5.3600000000,5.1500000000,5.2400000000,15525203,80888881.6300,5.170900,-1.688600
2021-06-21,5.2400000000,5.2600000000,5.1100000000,5.1900000000,12160500,63070833.0000,4.050300,-0.954200
2021-06-22,5.2000000000,5.2200000000,5.0700000000,5.1000000000,12938100,66229564.0000,4.309300,-1.734100
2021-06-23,5.0900000000,5.1600000000,4.9900000000,5.1400000000,10295000,52211876.0000,3.428900,0.784300
2021-06-24,5.1400000000,5.1900000000,4.9600000000,4.9900000000,8880500,44623865.0000,2.957800,-2.918300
2021-06-25,4.9500000000,5.0400000000,4.8500000000,5.0100000000,8376100,41389014.0000,2.789800,0.400800
2021-06-28,4.9200000000,5.0500000000,4.9000000000,4.9900000000,6299475,31327446.7500,2.098100,-0.399200
2021-06-29,5.0000000000,5.1900000000,4.8900000000,4.9400000000,14219453,71999712.3600,4.736000,-1.002000
2021-06-30,4.8500000000,5.0300000000,4.7900000000,4.9900000000,10361550,50927323.5000,3.451100,1.012100
2021-07-01,5.0000000000,5.0200000000,4.8000000000,4.8000000000,7265000,35627503.0000,2.419700,-3.807600
2021-07-02,4.7500000000,4.8900000000,4.7000000000,4.8400000000,5728800,27540208.0000,1.908100,0.833300
2021-07-05,4.9200000000,5.2400000000,4.8600000000,5.2200000000,15379500,78598922.0000,5.122400,7.851200
2021-07-06,5.2400000000,5.4100000000,5.2000000000,5.2900000000,13411900,70843032.9500,4.467100,1.341000
2021-07-07,5.3100000000,5.4500000000,5.0700000000,5.0800000000,18202200,93894173.0000,6.062500,-3.969800
2021-07-08,5.2500000000,5.2500000000,4.8900000000,4.9600000000,14727100,73367966.0000,4.905100,-2.362200
2021-07-09,4.9500000000,5.1000000000,4.9000000000,4.9700000000,10835400,54308241.0000,3.608900,0.201600
2021-07-12,4.9800000000,5.2200000000,4.9200000000,5.1700000000,14512566,74039716.9200,4.833700,4.024100
2021-07-13,5.2100000000,6.2000000000,5.1800000000,6.0300000000,69128131,412128562.1900,23.024300,16.634400
2021-07-14,5.8800000000,5.9400000000,5.4300000000,5.4800000000,53953560,302430331.4400,17.970100,-9.121100
2021-07-15,5.5600000000,5.6400000000,5.3000000000,5.3400000000,24299675,132153754.5000,8.093400,-2.554700
2021-07-16,5.3100000000,5.6600000000,5.3000000000,5.5100000000,26514941,145965247.5100,8.831200,3.183500
2021-07-19,5.5300000000,5.9200000000,5.4600000000,5.8200000000,28498841,164176091.3000,9.492000,5.626100
2021-07-20,5.7300000000,5.8500000000,5.6200000000,5.7900000000,17835231,102422395.1100,5.940300,-0.515500
2021-07-21,5.9200000000,6.3600000000,5.8000000000,6.1400000000,27692816,168633784.3600,9.223600,6.044900
2021-07-22,6.1700000000,6.3700000000,6.0300000000,6.1000000000,21929109,135137690.4400,7.303900,-0.651500
2021-07-23,6.0900000000,6.1400000000,5.8200000000,5.8900000000,15989485,94834769.4500,5.325600,-3.442600
2021-07-26,5.7900000000,6.0300000000,5.7200000000,5.9400000000,14290700,84258113.0000,4.759800,0.848900
2021-07-27,5.9500000000,5.9800000000,5.4500000000,5.5200000000,14737681,83655536.0000,4.908600,-7.070700
2021-07-28,5.3500000000,5.6300000000,5.2100000000,5.4700000000,9289300,50230509.0000,3.094000,-0.905800
2021-07-29,5.4500000000,6.0400000000,5.4500000000,5.7300000000,12661800,73119326.0000,4.217200,4.753200
2021-07-30,5.7200000000,6.6400000000,5.7100000000,6.4300000000,31266775,193643681.4000,10.413900,12.216400
2021-08-02,6.3500000000,6.5000000000,6.2000000000,6.4300000000,17769400,112682392.0000,5.918400,0.000000
2021-08-03,6.4800000000,6.9200000000,6.3700000000,6.5500000000,20893003,139296731.7700,6.958800,1.866300
2021-08-04,6.6000000000,6.6900000000,6.3800000000,6.5300000000,13611816,88807495.2000,4.533600,-0.305300
2021-08-05,6.5000000000,6.5500000000,6.2700000000,6.4200000000,13879600,88586683.8500,4.622800,-1.684500
2021-08-06,6.4700000000,6.5000000000,6.2800000000,6.4100000000,6953300,44329409.0000,2.315900,-0.155800
2021-08-09,6.4200000000,6.4300000000,6.0300000000,6.1200000000,12859800,78940555.0000,4.283200,-4.524200
2021-08-10,6.1000000000,6.3000000000,6.0500000000,6.3000000000,9968400,62149738.0000,3.320100,2.941200
2021-08-11,6.2000000000,6.4100000000,6.1500000000,6.3100000000,8788120,55098745.1700,2.927000,0.158700
2021-08-12,6.2800000000,6.5200000000,6.2600000000,6.4000000000,8694090,55501383.5000,2.895700,1.426300
2021-08-13,6.4000000000,6.5800000000,6.1700000000,6.2700000000,8229833,51585956.6000,2.741100,-2.031300
2021-08-16,6.2200000000,6.5500000000,6.1600000000,6.5200000000,11729233,74691404.0900,3.906600,3.987200
2021-08-17,6.4900000000,6.4900000000,6.0100000000,6.1700000000,17117884,105526014.9900,5.701400,-5.368100
2021-08-18,6.2000000000,6.2800000000,6.0500000000,6.2000000000,8092400,49869154.0000,2.695300,0.486200
2021-08-19,6.3000000000,6.8500000000,6.1600000000,6.4800000000,15562625,100087194.1900,5.183400,4.516100
2021-08-20,6.3900000000,6.5500000000,6.1000000000,6.1300000000,12209317,76033688.7400,4.066500,-5.401200
2021-08-23,6.4200000000,6.6700000000,6.3000000000,6.5600000000,20368141,132695687.4700,6.784000,7.014700
2021-08-24,6.6100000000,6.8500000000,6.4000000000,6.4300000000,17884550,118883038.0000,5.956800,-1.981700
2021-08-25,6.7000000000,6.7800000000,6.3300000000,6.7000000000,22049175,145135143.2500,7.343800,4.199100
2021-08-26,6.5600000000,7.1000000000,6.5100000000,6.9300000000,24998377,170889123.2700,8.326100,3.432800
2021-08-27,6.8700000000,6.9600000000,6.6800000000,6.7600000000,16734375,113523047.2500,5.573700,-2.453100
2021-08-30,6.6000000000,6.8200000000,6.2500000000,6.5800000000,13754400,91056173.0000,4.581100,-2.662700
2021-08-31,6.6500000000,6.6500000000,6.3000000000,6.3000000000,12729566,81493456.0600,4.239800,-4.255300
2021-09-01,6.2600000000,6.3000000000,5.8800000000,5.8800000000,14428175,86744512.2400,4.805500,-6.666700
2021-09-02,5.8400000000,6.2100000000,5.7900000000,6.1000000000,9466792,57070998.8900,3.153100,3.741500
2021-09-03,6.0800000000,6.2500000000,5.9700000000,6.0400000000,7472613,45681537.1100,2.488900,-0.983600
2021-09-06,6.1100000000,6.1800000000,5.9900000000,6.0900000000,6689667,40581529.0100,2.228100,0.827800
2021-09-07,6.1000000000,6.1200000000,5.9900000000,6.0300000000,7141275,43189689.5000,2.378500,-0.985200
2021-09-08,6.0300000000,6.0900000000,5.9200000000,6.0800000000,8482700,50875663.0000,2.825300,0.829200
2021-09-09,6.1500000000,6.2100000000,5.9200000000,5.9600000000,7420456,44383688.4700,2.471500,-1.973700
2021-09-10,5.9600000000,5.9600000000,5.6300000000,5.7700000000,9871602,57037049.6000,3.287900,-3.187900
2021-09-13,5.8100000000,5.8700000000,5.6400000000,5.8600000000,6468317,37135812.0500,2.154400,1.559800
2021-09-14,5.8600000000,5.9800000000,5.7300000000,5.7400000000,5756000,33702343.0000,1.917100,-2.047800
2021-09-15,5.7400000000,5.7900000000,5.5700000000,5.6600000000,5490000,31107942.0000,1.828500,-1.393700
2021-09-16,5.6600000000,5.7800000000,5.4300000000,5.4300000000,7353200,41097597.0000,2.449100,-4.063600
2021-09-17,5.4600000000,5.5600000000,5.2300000000,5.4300000000,7907200,42412655.0000,2.633600,0.000000
2021-09-22,5.4000000000,5.6000000000,5.3300000000,5.5500000000,6127500,33432075.0000,2.040900,2.209900
2021-09-23,5.5500000000,5.6700000000,5.4500000000,5.5500000000,6141800,34179683.0000,2.045600,0.000000
2021-09-24,5.5700000000,5.5800000000,5.3800000000,5.3900000000,4166900,22682353.0000,1.387900,-2.882900
2021-09-27,5.3600000000,5.3900000000,5.0800000000,5.1500000000,8329100,43226354.0000,2.774100,-4.452700
2021-09-28,5.1500000000,5.6100000000,5.0900000000,5.4600000000,10449100,56316494.0000,3.480200,6.019400
2021-09-29,5.3700000000,5.6800000000,5.2700000000,5.5200000000,11067375,60718024.7500,3.686200,1.098900
2021-09-30,5.5400000000,5.9200000000,5.5000000000,5.7300000000,10219400,58500787.0000,3.403700,3.804300
2021-10-08,5.8400000000,5.8600000000,5.7300000000,5.8500000000,5882100,34085792.0000,1.959100,2.094200
2021-10-11,5.8200000000,5.8400000000,5.6600000000,5.6700000000,4320300,24690577.0000,1.438900,-3.076900
2021-10-12,5.6600000000,5.7600000000,5.5200000000,5.5600000000,4354075,24542441.2500,1.450200,-1.940000
2021-10-13,5.5600000000,5.7200000000,5.5600000000,5.6500000000,2288900,12915558.0000,0.762400,1.618700
2021-10-14,5.6500000000,5.6900000000,5.4900000000,5.5000000000,3077800,17034674.0000,1.025100,-2.654900
2021-10-15,5.5200000000,5.5600000000,5.4100000000,5.4200000000,3054600,16721190.0000,1.017400,-1.454500
2021-10-18,5.4000000000,5.5300000000,5.3500000000,5.4800000000,3528400,19243662.0000,1.175200,1.107000
2021-10-19,5.4500000000,5.5200000000,5.3900000000,5.4500000000,2719000,14831241.0000,0.905600,-0.547400
2021-10-20,5.4400000000,5.5000000000,5.3200000000,5.4900000000,2768800,14960918.0000,0.922200,0.733900
2021-10-21,5.5000000000,5.6300000000,5.4300000000,5.5400000000,2780175,15337969.5000,0.926000,0.910700
2021-10-22,5.5300000000,5.5300000000,5.4100000000,5.4700000000,2370800,12928366.0000,0.789600,-1.263500
2021-10-25,5.4700000000,5.4700000000,5.3000000000,5.3300000000,2296000,12359424.0000,0.764700,-2.559400
2021-10-26,5.3700000000,5.6100000000,5.3600000000,5.5800000000,4936100,27315578.0000,1.644100,4.690400
2021-10-27,5.5600000000,5.5600000000,5.2400000000,5.2400000000,4155300,22293073.0000,1.384000,-6.093200
2021-10-28,5.2500000000,5.3200000000,5.0700000000,5.1900000000,2365100,12239864.0000,0.787700,-0.954200
2021-10-29,5.3900000000,5.3900000000,5.1900000000,5.3400000000,2165598,11486683.3400,0.721300,2.890200
2021-11-01,5.4400000000,5.4800000000,5.3300000000,5.4300000000,2906134,15781256.3200,0.967900,1.685400
2021-11-02,5.3800000000,5.5500000000,5.3500000000,5.3900000000,4002002,21830155.7800,1.332900,-0.736600
2021-11-03,5.3900000000,5.6500000000,5.3900000000,5.6500000000,5862102,32577750.8500,1.952500,4.823700
2021-11-04,5.6700000000,5.7000000000,5.5700000000,5.6700000000,4070902,22970302.1400,1.355900,0.354000
2021-11-05,5.6400000000,5.8100000000,5.5600000000,5.5900000000,5047502,28476917.3000,1.681200,-1.410900
2021-11-08,5.6000000000,5.6100000000,5.4500000000,5.5900000000,4627800,25629492.0000,1.541400,0.000000
2021-11-09,5.5600000000,5.6400000000,5.5000000000,5.6000000000,3117200,17415077.0000,1.038200,0.178900
2021-11-10,5.6400000000,5.7300000000,5.5500000000,5.6600000000,3576232,20219277.1600,1.191100,1.071400
2021-11-11,5.6600000000,5.7600000000,5.6100000000,5.7200000000,3910000,22344668.0000,1.302300,1.060100
2021-11-12,5.7200000000,5.7900000000,5.6500000000,5.7600000000,4026832,23015487.7200,1.341200,0.699300
2021-11-15,5.7600000000,6.4100000000,5.7400000000,6.1300000000,14683915,89657865.7600,4.890700,6.423600
2021-11-16,6.0500000000,6.2200000000,6.0100000000,6.0800000000,8474776,51744477.3600,2.822700,-0.815700
2021-11-17,6.0800000000,6.1500000000,6.0100000000,6.1100000000,4448575,27086372.7500,1.481700,0.493400
2021-11-18,6.1800000000,6.1800000000,6.0000000000,6.0000000000,4832239,29384221.9500,1.609500,-1.800300
2021-11-19,6.0500000000,6.1200000000,5.9500000000,6.0500000000,4814902,29065381.0200,1.603700,0.833300
2021-11-22,6.0800000000,6.0900000000,5.9300000000,5.9500000000,5221300,31178256.0000,1.739000,-1.652900
2021-11-23,5.9500000000,6.0300000000,5.8100000000,5.9600000000,6519800,38497723.0000,2.171500,0.168100
2021-11-24,5.9600000000,6.2600000000,5.8200000000,6.2200000000,10199275,61971238.5000,3.397000,4.362400
2021-11-25,6.2300000000,6.2500000000,6.0600000000,6.1000000000,6695644,41095034.1700,2.230100,-1.929300
2021-11-26,6.0900000000,6.1000000000,5.9200000000,5.9500000000,5933200,35595666.0000,1.976200,-2.459000
2021-11-29,5.8300000000,5.9500000000,5.7800000000,5.8300000000,4205939,24612961.4200,1.400900,-2.016800
2021-11-30,5.8600000000,6.0200000000,5.8400000000,5.8700000000,4660200,27661156.0000,1.552200,0.686100
2021-12-01,5.8800000000,6.1100000000,5.8800000000,6.0100000000,5998500,36028341.0000,1.997900,2.385000
2021-12-02,5.9200000000,5.9300000000,5.7000000000,5.7500000000,9757315,56421185.1000,3.249800,-4.326100
2021-12-03,5.6600000000,5.8300000000,5.6600000000,5.7800000000,4641835,26808684.8500,1.546000,0.521700
2021-12-06,5.7200000000,5.7600000000,5.5000000000,5.5300000000,5900310,33158381.3000,1.965200,-4.325300
2021-12-07,5.5800000000,5.5800000000,5.2400000000,5.2800000000,9278602,49812203.7200,3.090400,-4.520800
2021-12-08,5.3500000000,5.3800000000,5.2600000000,5.2800000000,4357400,23118619.0000,1.451300,0.000000
2021-12-09,5.2700000000,5.3300000000,5.2000000000,5.3000000000,5590715,29426071.0000,1.862100,0.378800
2021-12-10,5.3200000000,5.3600000000,5.2200000000,5.3600000000,5048600,26734850.0000,1.681500,1.132100
2021-12-13,5.3800000000,5.3900000000,5.2700000000,5.3400000000,4535900,24124114.0000,1.510800,-0.373100
2021-12-14,5.3500000000,5.4900000000,5.3100000000,5.4900000000,5928075,32112777.5000,1.974400,2.809000
2021-12-15,5.4100000000,5.5100000000,5.4100000000,5.4400000000,4233895,23161651.5000,1.410200,-0.910700
2021-12-16,5.4400000000,5.6500000000,5.4400000000,5.5700000000,6725674,37422036.2800,2.240100,2.389700
2021-12-17,5.5300000000,5.5800000000,5.4400000000,5.4700000000,4483900,24631694.0000,1.493400,-1.795300
2021-12-20,5.5200000000,5.5400000000,5.3300000000,5.3500000000,4676100,25337637.0000,1.557500,-2.193800
2021-12-21,5.3500000000,5.5000000000,5.3500000000,5.4900000000,7468702,40598422.8000,2.487600,2.616800
2021-12-22,5.4200000000,5.4900000000,5.0200000000,5.1900000000,17458416,90868476.8800,5.814800,-5.464500
2021-12-23,5.1600000000,5.2000000000,4.9400000000,4.9500000000,10590300,53372616.0000,3.527300,-4.624300
2021-12-24,4.9500000000,5.0000000000,4.7600000000,4.7800000000,6820937,33081016.3400,2.271800,-3.434300
2021-12-27,4.8200000000,4.8600000000,4.6800000000,4.8400000000,4160700,19932592.0000,1.385800,1.255200
2021-12-28,4.8300000000,5.0200000000,4.7900000000,4.9500000000,5754400,28310637.0000,1.916600,2.272700
2021-12-29,4.9500000000,4.9800000000,4.8400000000,4.8900000000,4635175,22606904.5000,1.543800,-1.212100
2021-12-30,4.8600000000,5.0100000000,4.8500000000,4.9700000000,4163000,20681461.0000,1.386600,1.636000
2021-12-31,4.9400000000,5.0100000000,4.9200000000,4.9400000000,4065750,20158480.5000,1.354200,-0.603600
2022-01-04,4.9900000000,5.1400000000,4.9200000000,5.0800000000,6939100,35193527.8400,2.311200,2.834000
2022-01-05,5.1000000000,5.1800000000,5.0500000000,5.1600000000,8145400,41663111.0000,2.713000,1.574800
2022-01-06,5.1100000000,5.2700000000,5.1100000000,5.1700000000,5501700,28571179.0000,1.832400,0.193800
2022-01-07,5.1500000000,5.2400000000,4.9900000000,5.0100000000,5234344,26710187.7600,1.743400,-3.094800
2022-01-10,4.9800000000,5.0800000000,4.8500000000,5.0100000000,4203600,20991638.0000,1.400100,0.000000
2022-01-11,5.0100000000,5.1200000000,4.9800000000,5.0100000000,4656150,23484817.7500,1.550800,0.000000
2022-01-12,5.0400000000,5.1100000000,4.9700000000,5.0800000000,4064475,20559210.2500,1.353700,1.397200
2022-01-13,5.0800000000,5.1500000000,5.0400000000,5.0900000000,4317800,21995356.0000,1.438100,0.196900
2022-01-14,5.0600000000,5.1300000000,4.9100000000,4.9400000000,4181834,20957780.7000,1.392800,-2.947000
2022-01-17,4.9800000000,5.2200000000,4.9600000000,5.2000000000,7852800,40344445.0000,2.615500,5.263200
2022-01-18,5.2300000000,5.4700000000,5.1000000000,5.1400000000,11256700,59247125.0000,3.749200,-1.153800
2022-01-19,5.1300000000,5.3800000000,5.1000000000,5.3300000000,10759820,56826955.2000,3.583700,3.696500
2022-01-20,5.3200000000,5.3400000000,5.0500000000,5.0500000000,8706200,44584279.0000,2.899700,-5.253300
2022-01-21,4.9300000000,5.2500000000,4.9300000000,5.2000000000,9104220,46976896.4000,3.032300,2.970300
2022-01-24,5.2000000000,5.3900000000,5.0900000000,5.1900000000,9129000,48048283.0000,3.040600,-0.192300
2022-01-25,5.1300000000,5.2200000000,4.7800000000,4.7800000000,9483100,46707446.0000,3.158500,-7.899800
2022-01-26,4.7900000000,5.0200000000,4.7900000000,4.9800000000,7013900,34545548.0000,2.336100,4.184100
2022-01-27,5.0700000000,5.0800000000,4.4200000000,4.4200000000,11095277,51085679.2200,3.695500,-11.245000
2022-01-28,4.4600000000,4.8400000000,4.4600000000,4.7200000000,9836775,46308167.5000,3.276300,6.787300
2022-02-07,4.7500000000,4.9200000000,4.5500000000,4.6900000000,4956000,23224282.0000,1.650700,-0.635600
2022-02-08,4.6300000000,4.9100000000,4.6200000000,4.8700000000,5321475,25641988.0000,1.772400,3.838000
2022-02-09,4.9400000000,5.0400000000,4.9100000000,4.9600000000,3961500,19692536.0000,1.319400,1.848000
2022-02-10,4.9200000000,5.0000000000,4.8600000000,4.9100000000,3555063,17458308.2100,1.184100,-1.008100
2022-02-11,4.8700000000,4.9200000000,4.7400000000,4.7700000000,4466500,21434123.2500,1.487600,-2.851300
2022-02-14,4.7500000000,4.8600000000,4.6600000000,4.7900000000,3346102,16049200.5800,1.114500,0.419300
2022-02-15,4.7800000000,4.8300000000,4.6700000000,4.7800000000,3200100,15248221.0000,1.065800,-0.208800
2022-02-16,4.8000000000,5.0100000000,4.8000000000,5.0000000000,5998380,29436079.2000,1.997900,4.602500
2022-02-17,5.0300000000,5.2800000000,4.9400000000,5.0600000000,9123775,46504004.0000,3.038800,1.200000
2022-02-18,5.5000000000,6.0700000000,5.1600000000,5.5000000000,37147050,208742339.2000,12.372500,8.695700
2022-02-21,5.7700000000,6.1600000000,5.6400000000,5.8000000000,46365131,271654847.7300,15.442700,5.454500
2022-02-22,5.6900000000,6.9600000000,5.6300000000,6.9600000000,67419218,443817835.4500,22.455100,20.000000
2022-02-23,7.1300000000,8.3400000000,6.6200000000,7.6300000000,109262188,808118976.7300,36.391600,9.626400
2022-02-24,7.1900000000,7.2200000000,6.4200000000,6.8000000000,72040140,492094798.4500,23.994200,-10.878100
2022-02-25,6.6500000000,6.7200000000,6.3200000000,6.4000000000,42325597,274394415.9300,14.097300,-5.882400
2022-02-28,6.2100000000,6.3300000000,5.9900000000,6.1600000000,36346605,222879540.0000,12.105900,-3.750000
2022-03-01,6.1500000000,6.4900000000,6.0700000000,6.4600000000,45508762,287414064.0000,15.157500,4.870100
2022-03-02,6.2100000000,6.6100000000,6.1800000000,6.3000000000,35219225,224305917.0000,11.730400,-2.476800
2022-03-03,6.3400000000,6.3800000000,6.0500000000,6.1100000000,31270252,192265118.0000,10.415100,-3.015900
2022-03-04,6.1100000000,6.1400000000,5.7000000000,5.7700000000,29346931,171367308.0000,9.774500,-5.564600
2022-03-07,5.7900000000,5.8200000000,5.6100000000,5.7000000000,16089106,91989241.0000,5.358700,-1.213200
2022-03-08,5.7400000000,6.2900000000,5.6500000000,6.1300000000,50651121,306494064.0000,16.870200,7.543900
2022-03-09,5.9600000000,6.5400000000,5.5200000000,6.4300000000,48171746,293477248.0000,16.044400,4.894000
2022-03-10,6.5000000000,6.5000000000,6.1400000000,6.1700000000,47645606,300384304.0000,15.869200,-4.043500
2022-03-11,5.6000000000,6.0900000000,5.5000000000,5.9500000000,36395430,214574593.0000,12.122100,-3.565600
2022-03-14,5.7600000000,5.8800000000,5.5700000000,5.5700000000,26783000,152264329.0000,8.920500,-6.386600
2022-03-15,5.5200000000,6.6800000000,5.5100000000,6.6800000000,83745402,541082576.0000,27.892800,19.928200
2022-03-16,6.8000000000,8.0200000000,6.7000000000,8.0200000000,93906278,692122704.0000,31.277100,20.059900
2022-03-17,8.2000000000,8.6200000000,7.5000000000,7.7000000000,120459361,968803216.0000,40.121000,-3.990000
2022-03-18,7.4300000000,7.7500000000,7.1500000000,7.1800000000,65737774,482849956.9900,21.895100,-6.753200
2022-03-21,7.1900000000,7.3200000000,7.0400000000,7.1500000000,47487278,340002485.6900,15.816400,-0.417800
2022-03-22,7.1400000000,7.2600000000,6.9000000000,7.0200000000,48286785,343293626.3700,16.082700,-1.818200
2022-03-23,6.9000000000,7.0700000000,6.6900000000,6.7300000000,38698900,264616055.0000,12.889300,-4.131100
2022-03-24,6.7300000000,6.7800000000,6.4500000000,6.5500000000,31030485,204037352.1500,10.335200,-2.674600
2022-03-25,6.5600000000,6.7000000000,6.4400000000,6.4800000000,25237800,165505585.0000,8.405900,-1.068700
2022-03-28,6.3700000000,6.6000000000,6.3000000000,6.4800000000,20657600,133262388.0000,6.880400,0.000000
2022-03-29,6.3800000000,6.3900000000,5.9500000000,6.0600000000,35710590,217791222.1000,11.894000,-6.481500
2022-03-30,6.0300000000,6.1200000000,5.9000000000,6.0700000000,17879650,107647142.0000,5.955100,0.165000
2022-03-31,6.0800000000,6.3200000000,5.9500000000,6.1700000000,31206500,191602402.0000,10.393900,1.647400
2022-04-01,6.1000000000,6.4000000000,6.0200000000,6.0400000000,34325030,213517476.6000,11.432500,-2.107000
2022-04-06,6.0500000000,6.4700000000,6.0000000000,6.3200000000,34086450,214681690.5000,11.353100,4.635800
2022-04-07,6.2600000000,6.3800000000,6.0800000000,6.0900000000,20557300,126872459.0000,6.847000,-3.639200
2022-04-08,6.0400000000,6.0900000000,5.7000000000,5.9000000000,22361102,131349802.8000,7.447700,-3.119900
2022-04-11,5.8500000000,5.9400000000,5.6800000000,5.7900000000,16049180,93327132.2000,5.345500,-1.864400
2022-04-12,5.8000000000,5.9600000000,5.5800000000,5.9200000000,15158800,87601432.0000,5.048900,2.245300
2022-04-13,5.8800000000,5.8800000000,5.4600000000,5.5000000000,16990075,95402890.1000,5.658800,-7.094600
2022-04-14,5.5400000000,5.9000000000,5.5400000000,5.6300000000,18954300,108507729.0000,6.313000,2.363600
2022-04-15,5.5600000000,5.6700000000,5.3000000000,5.5100000000,20247800,111043500.0000,6.743900,-2.131400
2022-04-18,5.3600000000,5.4700000000,5.2500000000,5.3900000000,12934000,69126982.0000,4.307900,-2.177900
2022-04-19,5.3800000000,5.4900000000,5.2600000000,5.3800000000,10249400,55033752.0000,3.413700,-0.185500
2022-04-20,5.5100000000,5.6000000000,5.1800000000,5.2100000000,15049000,80611092.0000,5.012300,-3.159900
2022-04-21,5.0700000000,5.2300000000,4.9000000000,4.9100000000,15832300,79709886.0000,5.273200,-5.758200
2022-04-22,4.9000000000,4.9700000000,4.6800000000,4.7200000000,12636500,60555796.0000,4.208800,-3.869700
2022-04-25,4.5900000000,4.6000000000,4.2100000000,4.2300000000,16159900,70940401.0000,5.382300,-10.381400
2022-04-26,4.1500000000,4.2900000000,4.0000000000,4.0400000000,13791105,57311079.2000,4.593400,-4.491700
2022-04-27,3.8700000000,4.1200000000,3.8500000000,4.1100000000,11500565,46101524.8500,3.830500,1.732700
2022-04-28,4.0800000000,4.1100000000,3.8800000000,3.9200000000,10535365,41884420.8000,3.509000,-4.622900
2022-04-29,3.9500000000,4.3300000000,3.9500000000,4.2600000000,17604000,73458031.0000,5.863300,8.673500
2022-05-05,4.2100000000,4.3600000000,4.1500000000,4.2900000000,9939600,42525211.0000,3.310600,0.704200
2022-05-06,4.2000000000,4.4900000000,4.1600000000,4.3700000000,15240720,66266959.6500,5.076200,1.864800
2022-05-09,4.3700000000,4.5200000000,4.3500000000,4.4100000000,12213900,54115545.0000,4.068000,0.915300
2022-05-10,4.4400000000,4.5200000000,4.3300000000,4.4700000000,12626400,55980043.0000,4.205400,1.360500
2022-05-11,4.5100000000,4.5700000000,4.4000000000,4.4000000000,11669802,52581046.0000,3.886800,-1.566000
2022-05-12,4.3800000000,4.5300000000,4.3600000000,4.4900000000,10210920,45566898.8000,3.400900,2.045500
2022-05-13,4.5200000000,4.5200000000,4.4200000000,4.5200000000,7651300,34222151.0000,2.548400,0.668200
2022-05-16,4.5500000000,5.1200000000,4.4800000000,4.8200000000,32250975,154398340.0000,10.741700,6.637200
2022-05-17,4.7900000000,4.7900000000,4.5500000000,4.6100000000,23069275,106832310.7500,7.683600,-4.356800
2022-05-18,4.6700000000,4.9500000000,4.6500000000,4.7300000000,20413720,97633435.0000,6.799100,2.603000
2022-05-19,4.7000000000,4.7600000000,4.5700000000,4.7000000000,12397000,58034699.0000,4.129000,-0.634200
2022-05-20,4.8000000000,4.8000000000,4.6200000000,4.7100000000,10696000,50147214.0000,3.562500,0.212800
2022-05-23,4.7200000000,4.8500000000,4.7000000000,4.8200000000,9926000,47498588.0000,3.306000,2.335500
2022-05-24,4.8000000000,4.8600000000,4.5000000000,4.5000000000,12408450,57777314.5000,4.132800,-6.639000
2022-05-25,4.5000000000,4.6400000000,4.5000000000,4.6400000000,8207875,37686895.7500,2.733800,3.111100
2022-05-26,4.6900000000,4.6900000000,4.5100000000,4.6300000000,7976100,36750604.0000,2.656600,-0.215500
2022-05-27,4.6100000000,4.7700000000,4.5900000000,4.6900000000,10665600,50027054.0000,3.552400,1.295900
2022-05-30,4.6700000000,4.8600000000,4.6700000000,4.7800000000,11411900,54534362.0000,3.800900,1.919000
2022-05-31,4.7700000000,4.8300000000,4.6900000000,4.7800000000,7587600,36024539.0000,2.527200,0.000000
2022-06-01,4.8100000000,4.8600000000,4.7400000000,4.7400000000,8159370,39117581.2100,2.717600,-0.836800
2022-06-02,4.7300000000,4.7900000000,4.6500000000,4.7600000000,7888132,37392545.0000,2.627300,0.421900
2022-06-06,4.7500000000,4.8700000000,4.7100000000,4.8400000000,10060201,48445816.8000,3.350700,1.680700
2022-06-07,4.8200000000,4.8500000000,4.7000000000,4.7900000000,8335900,39811713.0000,2.776400,-1.033100
2022-06-08,4.8100000000,4.9100000000,4.6800000000,4.8000000000,11033100,53011695.0000,3.674800,0.208800
2022-06-09,4.8400000000,4.8500000000,4.6200000000,4.6400000000,10226200,47998119.0000,3.406000,-3.333300
2022-06-10,4.6800000000,5.3800000000,4.6600000000,5.1100000000,37771107,191078664.6700,12.580300,10.129300
2022-06-13,5.1100000000,5.2300000000,5.0000000000,5.1800000000,24123132,123670873.8800,8.034600,1.369900
2022-06-14,5.0700000000,5.1900000000,4.8500000000,5.0300000000,21867100,109149107.6800,7.283200,-2.895800
2022-06-15,4.9900000000,5.0500000000,4.9300000000,4.9400000000,13675101,68041780.0000,4.554700,-1.789300
2022-06-16,4.9400000000,5.3700000000,4.9200000000,5.2600000000,26691099,138913677.0800,8.889900,6.477700
2022-06-17,5.1400000000,5.1700000000,5.0000000000,5.0400000000,17951800,90978087.0000,5.979200,-4.182500
2022-06-20,5.0100000000,5.0900000000,4.9800000000,5.0600000000,10650800,53726988.0000,3.547400,0.396800
2022-06-21,5.0800000000,5.3200000000,5.0300000000,5.2100000000,14535316,75601469.2000,4.841200,2.964400
2022-06-22,5.1700000000,5.2600000000,5.0500000000,5.0500000000,9904800,50704511.0000,3.299000,-3.071000
2022-06-23,5.0500000000,5.3100000000,4.9900000000,5.2400000000,14191100,73534118.0000,4.726600,3.762400
2022-06-24,5.2700000000,5.3800000000,5.1500000000,5.2200000000,11147700,58419868.0000,3.712900,-0.381700
2022-06-27,5.1700000000,5.2300000000,5.1400000000,5.2200000000,9066700,46951277.0000,3.019800,0.000000
2022-06-28,5.2400000000,5.2900000000,5.1000000000,5.2800000000,8982000,46931663.0000,2.991600,1.149400
2022-06-29,5.3000000000,5.4000000000,5.1800000000,5.3300000000,15136899,80297482.6600,5.041600,0.947000
2022-06-30,5.3300000000,5.3800000000,5.1500000000,5.2200000000,13579800,71133599.0000,4.523000,-2.063800
2022-07-01,5.2200000000,5.2500000000,5.0600000000,5.1700000000,9233081,47528666.5300,3.075200,-0.957900
2022-07-04,5.1300000000,5.2000000000,5.1100000000,5.1800000000,6445930,33226269.6000,2.146900,0.193400
2022-07-05,5.1200000000,5.1800000000,4.9600000000,5.0200000000,10168899,51290919.0100,3.386900,-3.088800
2022-07-06,5.0000000000,5.0600000000,4.9300000000,4.9600000000,7535200,37577533.0000,2.509700,-1.195200
2022-07-07,4.9200000000,5.0400000000,4.9200000000,5.0300000000,5487000,27477240.0000,1.827500,1.411300
2022-07-08,5.0100000000,5.2300000000,5.0100000000,5.1200000000,10983822,56567448.6900,3.658300,1.789300
2022-07-11,5.1300000000,5.1900000000,5.0800000000,5.1300000000,6755400,34617874.0000,2.250000,0.195300
2022-07-12,5.1300000000,5.1300000000,4.9400000000,4.9400000000,7278600,36361894.0000,2.424300,-3.703700
2022-07-13,4.9400000000,5.0100000000,4.9300000000,5.0100000000,5829700,28982717.0000,1.941700,1.417000
2022-07-14,5.0100000000,5.0200000000,4.9300000000,4.9400000000,4824000,23940771.0000,1.606700,-1.397200
2022-07-15,4.9000000000,4.9300000000,4.7200000000,4.7200000000,7763200,37249331.0000,2.585700,-4.453400
2022-07-18,4.7300000000,5.1300000000,4.7300000000,5.0900000000,12333065,61774968.5500,4.107700,7.839000
2022-07-19,5.1100000000,5.1500000000,5.0600000000,5.1400000000,7618500,38930764.0000,2.537500,0.982300
2022-07-20,5.1500000000,5.2500000000,5.1100000000,5.2000000000,7262200,37769920.0000,2.418800,1.167300
2022-07-21,5.1800000000,5.3400000000,5.1600000000,5.1900000000,9260850,48683819.5000,3.084500,-0.192300
2022-07-22,5.2000000000,5.3500000000,5.1900000000,5.2600000000,8202100,43211466.0000,2.731800,1.348700
2022-07-25,5.2400000000,5.3200000000,5.1300000000,5.1500000000,5595400,29101811.0000,1.863600,-2.091300
2022-07-26,5.1300000000,5.3400000000,5.1200000000,5.3400000000,9246800,48712450.0000,3.079800,3.689300
2022-07-27,5.4000000000,5.6700000000,5.3100000000,5.6000000000,18701700,103109429.9900,6.228900,4.868900
2022-07-28,5.6000000000,5.6700000000,5.5100000000,5.5100000000,11412900,63660679.0000,3.801300,-1.607100
2022-07-29,5.4900000000,5.8500000000,5.4500000000,5.6800000000,16464400,93539920.0000,5.483700,3.085300
2022-08-01,5.6600000000,5.7400000000,5.5800000000,5.6700000000,8857100,50118965.0000,2.950000,-0.176100
2022-08-02,5.6200000000,5.6300000000,5.3200000000,5.3600000000,14258600,77542882.0000,4.749100,-5.467400
2022-08-03,5.4400000000,5.6400000000,5.3700000000,5.3900000000,10586100,58389808.0000,3.525900,0.559700
2022-08-04,5.4600000000,5.5800000000,5.4100000000,5.5600000000,7257980,40064448.0000,2.417400,3.154000
2022-08-05,5.6000000000,5.6300000000,5.4800000000,5.6000000000,8044900,44803329.0000,2.679500,0.719400
2022-08-08,5.5900000000,5.8100000000,5.5200000000,5.7700000000,10261700,58887070.0000,3.417800,3.035700
2022-08-09,5.7800000000,5.8300000000,5.6400000000,5.7200000000,7417011,42321727.6200,2.470400,-0.866600
2022-08-10,5.7200000000,5.9800000000,5.6600000000,5.8800000000,14261311,83402083.6300,4.750000,2.797200
2022-08-11,5.8800000000,6.0400000000,5.8500000000,5.8700000000,10892404,64550029.5200,3.627900,-0.170100
2022-08-12,5.8700000000,5.9500000000,5.7800000000,5.7800000000,7940900,46459954.0000,2.644900,-1.533200
2022-08-15,5.8100000000,6.1000000000,5.7400000000,5.9700000000,13926216,82872917.3600,4.638400,3.287200
2022-08-16,5.9900000000,6.0600000000,5.8900000000,5.9200000000,7599300,45074482.0000,2.531100,-0.837500
2022-08-17,5.9500000000,5.9900000000,5.8700000000,5.9400000000,6298065,37278186.8000,2.097700,0.337800
2022-08-18,5.9300000000,6.1300000000,5.8700000000,6.0400000000,9173900,55127864.0000,3.055500,1.683500
2022-08-19,6.0500000000,6.2200000000,5.9500000000,6.0000000000,11995700,73138687.0000,3.995400,-0.662300
2022-08-22,6.0100000000,6.2900000000,5.9500000000,6.1700000000,11579198,71432824.8000,3.856600,2.833300
2022-08-23,6.1400000000,6.3400000000,6.0800000000,6.3100000000,11324500,70587712.6300,3.771800,2.269000
2022-08-24,6.2600000000,6.3400000000,6.1500000000,6.1900000000,10905600,67588103.7300,3.632300,-1.901700
2022-08-25,6.2100000000,6.3500000000,6.1000000000,6.2100000000,12746500,79274875.0000,4.245400,0.323100
2022-08-26,6.1500000000,6.1900000000,5.7500000000,5.8200000000,18523900,109645709.0000,6.169700,-6.280200
2022-08-29,5.7500000000,6.0300000000,5.7000000000,5.9600000000,10465716,62010900.6800,3.485800,2.405500
2022-08-30,6.0000000000,6.1300000000,5.8600000000,5.9000000000,10649900,63638682.0000,3.547100,-1.006700
2022-08-31,5.9900000000,6.0700000000,5.7200000000,5.7400000000,9541700,55716105.9200,3.178000,-2.711900
2022-09-01,5.7600000000,6.8100000000,5.7600000000,6.4600000000,36488337,234211117.1100,12.153100,12.543600
2022-09-02,6.2700000000,6.3400000000,6.0900000000,6.1100000000,27630506,171186175.7600,9.202800,-5.418000
2022-09-05,6.1700000000,6.2200000000,5.8600000000,6.0300000000,18434300,111089249.0000,6.139900,-1.309300
2022-09-06,5.9300000000,5.9900000000,5.5400000000,5.7700000000,22704395,128353123.0900,7.562100,-4.311800
2022-09-07,5.6900000000,5.7900000000,5.5700000000,5.6300000000,14079000,79491303.0000,4.689200,-2.426300
2022-09-08,5.5800000000,5.7500000000,5.3500000000,5.3700000000,17180808,94768206.3600,5.722400,-4.618100
2022-09-09,5.3800000000,5.4100000000,5.2700000000,5.3700000000,8453041,45044051.3000,2.815400,0.000000
2022-09-13,5.3900000000,5.6700000000,5.3800000000,5.4600000000,10799200,59738231.0000,3.596900,1.676000
2022-09-14,5.4600000000,5.6800000000,5.3400000000,5.6700000000,12787600,71280937.0000,4.259100,3.846200
2022-09-15,5.6700000000,5.6700000000,5.3800000000,5.4900000000,10142300,55615297.0000,3.378100,-3.174600
2022-09-16,5.4900000000,5.6400000000,5.2800000000,5.2900000000,8310200,45037877.0000,2.767900,-3.643000
2022-09-19,5.3600000000,5.3900000000,5.1000000000,5.1700000000,6660100,34569412.0000,2.218300,-2.268400
2022-09-20,5.2600000000,5.3800000000,5.2300000000,5.2500000000,5688900,30193419.0000,1.894800,1.547400
2022-09-21,5.2100000000,5.4500000000,5.1000000000,5.4300000000,8765702,46636230.7600,2.919600,3.428600
2022-09-22,5.4600000000,5.5200000000,5.3800000000,5.4400000000,5237600,28562265.0000,1.744500,0.184200
2022-09-23,5.4000000000,5.4900000000,5.2000000000,5.2100000000,6448396,34017526.2000,2.147700,-4.227900
2022-09-26,5.2100000000,5.3300000000,5.1500000000,5.1700000000,5108702,26760610.5000,1.701500,-0.767800
2022-09-27,5.1500000000,5.2800000000,5.0800000000,5.2700000000,4406047,22836892.3100,1.467500,1.934200
2022-09-28,5.2600000000,5.2700000000,4.9800000000,4.9900000000,5549102,28114050.0000,1.848200,-5.313100
2022-09-29,5.0400000000,5.0700000000,4.8900000000,4.9400000000,4769900,23746460.0000,1.588700,-1.002000
2022-09-30,4.9000000000,5.1500000000,4.9000000000,5.0500000000,4975505,25118102.4700,1.589000,2.226700
2022-10-10,5.0500000000,5.2900000000,4.8600000000,5.0900000000,10707604,54592371.3600,3.419500,0.792100
2022-10-11,5.1400000000,5.5400000000,5.0300000000,5.4600000000,16315990,87983538.1000,5.210600,7.269200
2022-10-12,5.4600000000,5.8000000000,5.4000000000,5.7500000000,18906401,107490918.6600,6.037900,5.311400
2022-10-13,5.7000000000,5.8300000000,5.6100000000,5.6700000000,17567395,100123817.8500,5.610300,-1.391300
2022-10-14,5.6100000000,5.7100000000,5.5600000000,5.6700000000,10163800,57415949.0000,3.245900,0.000000
2022-10-17,5.6500000000,5.9600000000,5.6100000000,5.8200000000,11620493,67703392.2600,3.711100,2.645500
2022-10-18,5.7900000000,5.8700000000,5.7500000000,5.7800000000,7671854,44579211.8100,2.450100,-0.687300
2022-10-19,5.8400000000,5.9100000000,5.6600000000,5.8300000000,8230396,47694764.9300,2.628400,0.865100
2022-10-20,5.7800000000,5.9100000000,5.7100000000,5.7800000000,5812400,33673009.0000,1.856200,-0.857600
2022-10-21,5.7900000000,5.9500000000,5.6000000000,5.8500000000,10263652,59415374.4400,3.277800,1.211100
2022-10-24,5.9000000000,6.1400000000,5.8800000000,5.8800000000,14891700,89426507.9000,4.755800,0.512800
2022-10-25,5.9000000000,6.0800000000,5.7800000000,5.9600000000,10115300,59663609.0000,3.230400,1.360500
2022-10-26,6.0600000000,6.2800000000,5.9200000000,6.1800000000,15712288,96249076.7100,5.017800,3.691300
2022-10-27,6.1000000000,6.1700000000,5.8800000000,5.8900000000,15933256,95649138.4000,5.088400,-4.692600
2022-10-28,5.8900000000,6.1000000000,5.6900000000,5.7300000000,13013200,76132135.0000,4.186200,-2.716500
2022-10-31,5.7100000000,5.9500000000,5.7100000000,5.8100000000,9290600,54449027.0000,2.988700,1.396200
2022-11-01,5.7700000000,5.8900000000,5.7100000000,5.7700000000,10901193,62885980.8200,3.506800,-0.688500
2022-11-02,5.7300000000,5.7800000000,5.4900000000,5.6400000000,16113679,90430997.2500,5.183600,-2.253000
2022-11-03,5.5800000000,5.6800000000,5.4700000000,5.5500000000,9214900,51245290.0000,2.964300,-1.595700
2022-11-04,5.5500000000,5.5700000000,5.4400000000,5.5000000000,10502605,57672091.4700,3.378600,-0.900900
2022-11-07,5.5300000000,5.7300000000,5.4900000000,5.5500000000,13091420,73100882.8000,4.211400,0.909100
2022-11-08,5.5500000000,5.6900000000,5.3300000000,5.6900000000,14334824,79343150.9600,4.611400,2.522500
2022-11-09,5.6900000000,5.7200000000,5.5300000000,5.6100000000,8929098,50159437.8200,2.872400,-1.406000
2022-11-10,5.5300000000,5.6600000000,5.5300000000,5.5500000000,7383998,41273542.4200,2.375400,-1.069500
2022-11-11,5.6100000000,5.9100000000,5.6100000000,5.7900000000,19783100,114324593.0000,6.364000,4.324300
2022-11-14,5.7600000000,5.8000000000,5.5300000000,5.6400000000,18086656,101514391.1600,5.818300,-2.590700
2022-11-15,5.5800000000,5.9700000000,5.5300000000,5.9300000000,23609415,137074984.9200,7.594900,5.141800
2022-11-16,5.8600000000,6.0200000000,5.8400000000,5.9100000000,15703396,93253114.7600,5.051600,-0.337300
2022-11-17,5.8800000000,5.9800000000,5.8400000000,5.9800000000,9334838,55241848.9600,3.002900,1.184400
2022-11-18,5.9500000000,6.0100000000,5.7800000000,5.7900000000,10848318,64112388.2500,3.489800,-3.177300
2022-11-21,5.8500000000,5.9200000000,5.6600000000,5.8600000000,7961492,46184367.9800,2.561100,1.209000
2022-11-22,5.8600000000,5.9100000000,5.7100000000,5.7400000000,7873506,45633781.3800,2.532800,-2.047800
2022-11-23,5.7400000000,5.7400000000,5.4800000000,5.5300000000,10509821,58349452.2500,3.380900,-3.658500
2022-11-24,5.5300000000,5.5800000000,5.4000000000,5.4600000000,6643362,36421450.3400,2.137100,-1.265800
2022-11-25,5.4700000000,5.4800000000,5.3500000000,5.3700000000,5906143,31857473.7700,1.900000,-1.648400
2022-11-28,5.3600000000,5.4100000000,5.2000000000,5.2300000000,6481300,34256189.0000,2.085000,-2.607100
2022-11-29,5.2300000000,5.3800000000,5.2300000000,5.3700000000,4874956,25966616.7200,1.568200,2.676900
2022-11-30,5.3800000000,5.3900000000,5.2400000000,5.2700000000,7516100,39644470.0000,2.417900,-1.862200
2022-12-01,5.2900000000,5.3400000000,5.2400000000,5.3000000000,5937604,31451342.0400,1.910100,0.569300
2022-12-02,5.3000000000,5.4500000000,5.2900000000,5.4100000000,6968604,37636964.5600,2.241700,2.075500
2022-12-05,5.4500000000,5.5200000000,5.3800000000,5.4100000000,7164800,38940408.4200,2.304900,0.000000
2022-12-06,5.4100000000,5.4100000000,5.2700000000,5.2900000000,5999500,31900589.0000,1.930000,-2.218100
2022-12-07,5.2700000000,5.2800000000,5.2100000000,5.2400000000,4797600,25168697.0000,1.543300,-0.945200
2022-12-08,5.2300000000,5.2600000000,5.1500000000,5.1800000000,4850800,25198147.0000,1.560500,-1.145000
2022-12-09,5.1800000000,5.3100000000,5.0900000000,5.2900000000,9749200,50857194.0000,3.136200,2.123600
2022-12-12,5.3300000000,5.8500000000,5.3200000000,5.6400000000,25617977,143675935.4600,8.241100,6.616300
2022-12-13,5.6300000000,5.7500000000,5.4800000000,5.5100000000,15823605,88693401.0000,5.090300,-2.305000
2022-12-14,5.4900000000,5.5400000000,5.2800000000,5.2800000000,13416800,71929533.0000,4.316100,-4.174200
2022-12-15,5.2700000000,5.4000000000,5.2300000000,5.3100000000,5464800,29141636.0000,1.758000,0.568200
2022-12-16,5.2900000000,5.3000000000,5.2000000000,5.2500000000,5288875,27731518.0000,1.701400,-1.129900
2022-12-19,5.2500000000,5.2800000000,5.0700000000,5.1300000000,5588601,28729443.1300,1.797800,-2.285700
2022-12-20,5.1600000000,5.1900000000,5.0100000000,5.0500000000,4712400,23861932.0000,1.515900,-1.559500
2022-12-21,5.0500000000,5.2000000000,5.0100000000,5.0700000000,4997100,25339353.0000,1.607500,0.396000
2022-12-22,5.0700000000,5.0800000000,4.8900000000,4.9200000000,5947501,29567714.9100,1.913300,-2.958600
2022-12-23,4.9200000000,5.0400000000,4.8700000000,5.0000000000,3724200,18595053.0000,1.198000,1.626000
2022-12-26,5.0300000000,5.0900000000,4.9800000000,5.0500000000,2887354,14572200.0800,0.928800,1.000000
2022-12-27,5.0500000000,5.0700000000,4.9600000000,5.0300000000,3264000,16309571.0000,1.050000,-0.396000
2022-12-28,4.9900000000,5.0000000000,4.8200000000,4.8800000000,4662102,22828698.2000,1.499800,-2.982100
2022-12-29,4.9300000000,4.9300000000,4.7800000000,4.7800000000,3401964,16479318.6400,1.094400,-2.049200
2022-12-30,4.8000000000,4.9000000000,4.7800000000,4.8400000000,2864225,13870673.0000,0.921400,1.255200
2023-01-03,4.9000000000,5.0800000000,4.8100000000,5.0500000000,5783575,28864148.9500,1.860500,4.338800
2023-01-04,5.0700000000,5.1300000000,5.0500000000,5.0900000000,4758975,24219047.2500,1.530900,0.792100
2023-01-05,5.1200000000,5.1200000000,5.0200000000,5.0400000000,3544200,17884749.0000,1.140100,-0.982300
2023-01-06,5.0400000000,5.0600000000,4.9500000000,4.9700000000,4737400,23708662.0000,1.524000,-1.388900
2023-01-09,5.0300000000,5.0800000000,4.9700000000,5.0500000000,3399600,17140893.0000,1.093600,1.609700
2023-01-10,5.0300000000,5.0700000000,4.9900000000,5.0100000000,3302041,16571982.6400,1.062200,-0.792100
2023-01-11,5.0200000000,5.0400000000,4.9200000000,4.9200000000,3683700,18310892.0000,1.185000,-1.796400
2023-01-12,4.9200000000,4.9700000000,4.9000000000,4.9400000000,2513000,12390257.0000,0.808400,0.406500
2023-01-13,4.9100000000,4.9600000000,4.8600000000,4.9000000000,3484800,17088217.0000,1.121000,-0.809700
2023-01-16,4.9000000000,4.9800000000,4.8900000000,4.9400000000,3811100,18850264.0000,1.226000,0.816300
2023-01-17,4.9700000000,4.9800000000,4.8500000000,4.8700000000,3025000,14798563.0000,0.973100,-1.417000
2023-01-18,4.8700000000,5.0200000000,4.8400000000,5.0200000000,6217200,30844012.0000,2.000000,3.080100
2023-01-19,5.0000000000,5.1200000000,4.9900000000,5.0900000000,5095200,25885477.0000,1.639100,1.394400
2023-01-20,5.0900000000,5.1400000000,5.0700000000,5.1300000000,4049477,20701765.3100,1.302700,0.785900
2023-01-30,5.1700000000,5.2500000000,5.1500000000,5.2500000000,5629573,29387800.7300,1.811000,2.339200
2023-01-31,5.2100000000,5.2500000000,5.1400000000,5.1900000000,4977800,25798426.0000,1.601300,-1.142900
2023-02-01,5.1700000000,5.3500000000,5.1700000000,5.3400000000,7382110,38976335.1000,2.374800,2.890200
2023-02-02,5.3600000000,5.3800000000,5.2800000000,5.3100000000,5580351,29738073.3400,1.795100,-0.561800
2023-02-03,5.2800000000,5.4400000000,5.2800000000,5.4100000000,7700900,41374175.0000,2.477300,1.883200
2023-02-06,5.4300000000,5.5500000000,5.3400000000,5.5000000000,9412500,51583111.0000,3.027900,1.663600
2023-02-07,5.5200000000,5.5300000000,5.4000000000,5.4800000000,6810700,37252986.0000,2.190900,-0.363600
2023-02-08,5.5300000000,5.5400000000,5.4000000000,5.4600000000,6872600,37547542.0000,2.210900,-0.365000
2023-02-09,5.4500000000,5.8100000000,5.3800000000,5.6700000000,20022405,112306787.9400,6.441000,3.846200
2023-02-10,5.8100000000,6.1200000000,5.6900000000,5.6900000000,36293292,212214394.6500,11.675200,0.352700
2023-02-13,5.6900000000,5.7900000000,5.6100000000,5.6700000000,18283520,103675456.2000,5.881600,-0.351500
2023-02-14,5.6700000000,5.8000000000,5.6200000000,5.6800000000,13210475,75069499.0000,4.249700,0.176400
2023-02-15,5.6700000000,5.7500000000,5.6100000000,5.7300000000,10100400,57512865.2400,3.249200,0.880300
2023-02-16,5.8300000000,5.9200000000,5.5800000000,5.6500000000,14093225,81232303.2500,4.533700,-1.396200
2023-02-17,5.6200000000,5.7000000000,5.5300000000,5.5400000000,11057611,61917101.9400,3.557100,-1.946900
2023-02-20,5.5800000000,5.5900000000,5.4400000000,5.5600000000,7791700,43017007.0300,2.506500,0.361000
2023-02-21,5.5400000000,5.6500000000,5.4800000000,5.5400000000,6870000,38216356.0000,2.210000,-0.359700
2023-02-22,5.5000000000,5.5700000000,5.3800000000,5.5200000000,6878400,37788492.0000,2.212700,-0.361000
2023-02-23,5.5400000000,5.5500000000,5.3700000000,5.3900000000,7603500,41292357.7700,2.446000,-2.355100
2023-02-24,5.4400000000,5.4900000000,5.3700000000,5.4300000000,5095000,27682394.0000,1.639000,0.742100
2023-02-27,5.4300000000,5.4600000000,5.2900000000,5.3000000000,4676150,25030027.0000,1.504300,-2.394100
2023-02-28,5.3700000000,5.4900000000,5.3500000000,5.4100000000,6700300,36288962.0000,2.155400,2.075500
2023-03-01,5.4500000000,5.7400000000,5.4100000000,5.6500000000,16699452,94023581.1100,5.372100,4.436200
2023-03-02,5.6900000000,5.8300000000,5.6100000000,5.6900000000,14042800,80360351.0000,4.517400,0.708000
2023-03-03,5.7000000000,5.7300000000,5.5700000000,5.6800000000,7196100,40603912.0000,2.314900,-0.175700
2023-03-06,5.6600000000,5.7200000000,5.5700000000,5.6000000000,4920200,27678485.0000,1.582800,-1.408500
2023-03-07,5.6200000000,5.6500000000,5.4600000000,5.4900000000,5624300,31139643.0000,1.809300,-1.964300
2023-03-08,5.5000000000,5.7400000000,5.4700000000,5.7300000000,9439600,53443497.0000,3.036600,4.371600
2023-03-09,5.8200000000,5.9800000000,5.6400000000,5.8400000000,15937900,92618123.0000,5.127100,1.919700
2023-03-10,5.8400000000,5.9400000000,5.7600000000,5.8400000000,12495975,73216669.0000,4.019800,0.000000
2023-03-13,5.8500000000,5.8600000000,5.7000000000,5.7800000000,8838800,50932960.0000,2.843400,-1.027400
2023-03-14,5.7600000000,5.8000000000,5.6100000000,5.7400000000,8819700,50431801.0000,2.837200,-0.692000
2023-03-15,5.7400000000,5.8200000000,5.7000000000,5.7500000000,5838700,33666727.0000,1.878300,0.174200
2023-03-16,5.7000000000,5.7700000000,5.5900000000,5.6500000000,5553500,31480586.0000,1.786500,-1.739100
2023-03-17,5.7100000000,5.7900000000,5.6700000000,5.7700000000,5919600,33979235.0000,1.904300,2.123900
2023-03-20,5.7400000000,5.8100000000,5.6600000000,5.6700000000,7013000,40107590.0000,2.256000,-1.733100
2023-03-21,5.7000000000,5.8100000000,5.6100000000,5.8000000000,7658400,44084597.0000,2.463600,2.292800
2023-03-22,5.7900000000,5.9100000000,5.7400000000,5.8900000000,12278400,71952329.0000,3.949800,1.551700
2023-03-23,5.9000000000,5.9500000000,5.7700000000,5.8400000000,10949463,63945944.1800,3.522300,-0.848900
2023-03-24,5.8500000000,5.9800000000,5.7700000000,5.9200000000,16077600,94410106.0000,5.172000,1.369900
2023-03-27,5.8600000000,5.9200000000,5.7400000000,5.8800000000,12371400,72155445.0000,3.979800,-0.675700
2023-03-28,5.8800000000,5.8800000000,5.7000000000,5.7400000000,8891775,51410300.2500,2.860400,-2.381000
2023-03-29,5.7400000000,5.8200000000,5.6100000000,5.7600000000,8257000,47262398.0000,2.656200,0.348400
2023-03-30,5.7500000000,5.7500000000,5.5000000000,5.5400000000,9424200,52772490.0000,3.031700,-3.819400
2023-03-31,5.5500000000,5.7100000000,5.5100000000,5.6800000000,10044500,56689864.0000,3.231200,2.527100
2023-04-03,5.6800000000,5.8900000000,5.6800000000,5.8000000000,13827215,80080966.2000,4.448100,2.112700
2023-04-04,5.8300000000,5.8500000000,5.6200000000,5.6400000000,9533700,54429380.0000,3.066900,-2.758600
2023-04-06,5.6100000000,5.6300000000,5.4400000000,5.4800000000,9753650,53827287.0000,3.137700,-2.836900
2023-04-07,5.4900000000,5.6500000000,5.3600000000,5.6000000000,9912300,54482105.0000,3.188700,2.189800
2023-04-10,5.6000000000,5.8500000000,5.3500000000,5.3600000000,16638300,93223511.0000,5.352400,-4.285700
2023-04-11,5.3500000000,5.4500000000,5.2100000000,5.3600000000,10842500,57956247.0000,3.487900,0.000000
2023-04-12,5.3600000000,5.5900000000,5.3400000000,5.5300000000,10163600,55814094.0000,3.269500,3.171600
2023-04-13,5.5200000000,5.5500000000,5.3800000000,5.3800000000,7033800,38326441.0000,2.262700,-2.712500
2023-04-14,5.3700000000,5.4900000000,5.3100000000,5.3600000000,6849600,36875390.0000,2.203500,-0.371700
2023-04-17,5.3100000000,5.3400000000,5.1200000000,5.1800000000,8009100,41562862.0000,2.576500,-3.358200
2023-04-18,5.1500000000,5.1900000000,5.0300000000,5.0700000000,5991596,30485195.6800,1.927400,-2.123600
2023-04-19,5.0900000000,5.2700000000,5.0500000000,5.1100000000,7593000,39208842.0000,2.442600,0.789000
2023-04-20,5.1500000000,5.1500000000,5.0100000000,5.0700000000,6340000,32140083.0000,2.039500,-0.782800
2023-04-21,5.0600000000,5.0700000000,4.7600000000,4.8100000000,10395996,50681577.7600,3.344300,-5.128200
2023-04-24,4.8100000000,4.8400000000,4.6900000000,4.8100000000,7134496,34098620.8400,2.295100,0.000000
2023-04-25,4.8200000000,4.8300000000,4.5500000000,4.6300000000,8075000,37661613.0000,2.597700,-3.742200
2023-04-26,4.6000000000,4.7500000000,4.5600000000,4.5600000000,7281400,33712033.0000,2.342400,-1.511900
2023-04-27,4.5600000000,4.5600000000,4.5600000000,4.5600000000,,,,
2023-04-28,3.6500000000,3.6500000000,3.6500000000,3.6500000000,1279500,4670175.0000,0.411600,-19.956100
2023-05-04,3.6200000000,3.8000000000,3.3500000000,3.5200000000,66557029,230669777.8200,21.410800,-3.561600
2023-05-05,3.5100000000,3.6000000000,3.4700000000,3.5900000000,29677614,104866190.1400,9.547000,1.988600
2023-05-08,3.6600000000,3.6800000000,3.2200000000,3.2900000000,34045969,115644180.2200,10.952300,-8.356500
2023-05-09,3.2400000000,3.2600000000,2.9900000000,3.0000000000,26537462,82268227.9400,8.536900,-8.814600
2023-05-10,2.9800000000,3.1200000000,2.9800000000,3.0700000000,14883131,45664816.8600,4.787800,2.333300
2023-05-11,3.1000000000,3.3300000000,3.1000000000,3.2300000000,19591956,63034898.9000,6.302600,5.211700
2023-05-12,3.2300000000,3.2600000000,3.1100000000,3.1400000000,12357114,39046376.4800,3.975200,-2.786400
2023-05-15,3.1500000000,3.2200000000,3.1200000000,3.2000000000,8617273,27331294.1400,2.772100,1.910800
2023-05-16,3.1800000000,3.1900000000,3.0200000000,3.0600000000,11966308,36918594.4200,3.849500,-4.375000
2023-05-17,3.0300000000,3.1800000000,3.0100000000,3.1500000000,9429500,29436170.0000,3.033400,2.941200
2023-05-18,3.1400000000,3.1800000000,3.1100000000,3.1300000000,7603193,23905872.4900,2.445900,-0.634900
2023-05-19,3.0800000000,3.1000000000,2.9700000000,3.0600000000,10023450,30406781.0000,3.224500,-2.236400
2023-05-22,3.0400000000,3.1300000000,2.9900000000,3.1300000000,10804500,32903738.0000,3.439200,2.287600
2023-05-23,3.1100000000,3.3800000000,3.1000000000,3.3100000000,20902397,67981129.9800,6.653500,5.750800
2023-05-24,3.2500000000,3.3700000000,3.1700000000,3.1900000000,18265197,59763892.4300,5.814000,-3.625400
2023-05-25,3.1400000000,3.1800000000,3.0200000000,3.0500000000,13125187,40413396.9600,4.177900,-4.388700
2023-05-26,3.0500000000,3.0900000000,2.9700000000,3.0200000000,9952700,30061081.0000,3.168100,-0.983600
2023-05-29,3.0200000000,3.0500000000,2.6600000000,2.6600000000,22160200,61998477.0000,7.053900,-11.920500
2023-05-30,2.6300000000,2.7000000000,2.5900000000,2.6800000000,11744988,31053392.6800,3.738600,0.751900
2023-05-31,2.6700000000,2.8000000000,2.6500000000,2.7200000000,10742200,29396057.0000,3.419400,1.492500
2023-06-01,2.7400000000,2.7500000000,2.6000000000,2.6700000000,10161700,27064321.0000,3.234600,-1.838200
2023-06-02,2.6500000000,2.8700000000,2.6500000000,2.8200000000,13556802,37656628.6600,4.315300,5.618000
2023-06-05,2.8200000000,2.9300000000,2.8000000000,2.9000000000,10149000,29145838.0000,3.230500,2.836900
2023-06-06,2.8900000000,2.9100000000,2.7900000000,2.8000000000,10168733,28796783.3900,3.236800,-3.448300
2023-06-07,2.7900000000,2.9400000000,2.7600000000,2.8700000000,8916400,25443181.0000,2.838200,2.500000
2023-06-08,2.8500000000,2.8800000000,2.7800000000,2.8500000000,8253800,23363044.0000,2.627300,-0.696900
2023-06-09,2.8300000000,2.8900000000,2.7800000000,2.8300000000,6011200,16999025.0000,1.913400,-0.701800
2023-06-12,2.8200000000,2.8200000000,2.6900000000,2.7600000000,9212375,25279583.5000,2.932400,-2.473500
2023-06-13,2.7400000000,2.8000000000,2.7400000000,2.7600000000,4702825,13027837.7500,1.497000,0.000000
2023-06-14,2.7600000000,2.7900000000,2.7200000000,2.7500000000,6582700,18104001.0000,2.095400,-0.362300
2023-06-15,2.7400000000,2.7400000000,2.6900000000,2.7000000000,7901300,21426510.0000,2.515100,-1.818200
2023-06-16,2.6900000000,2.7800000000,2.6800000000,2.7300000000,10205525,27995574.2500,3.248500,1.111100
2023-06-19,2.7800000000,2.8400000000,2.7300000000,2.7500000000,9365703,26057355.8100,2.981200,0.732600
2023-06-20,2.7200000000,2.7400000000,2.5400000000,2.5900000000,18613900,48563734.7500,5.925000,-5.818200
2023-06-21,2.5800000000,2.6400000000,2.5300000000,2.5400000000,11296400,29210330.0000,3.595800,-1.930500
2023-06-26,2.5100000000,2.6100000000,2.5000000000,2.5700000000,9732500,25007491.0000,3.098000,1.181100
2023-06-27,2.5800000000,2.7800000000,2.5500000000,2.7800000000,17615600,47825158.0000,5.607300,8.171200
2023-06-28,2.7800000000,2.9100000000,2.6800000000,2.8000000000,16955200,47452570.0000,5.397000,0.719400
2023-06-29,2.7200000000,2.8300000000,2.7100000000,2.7800000000,9767900,27082351.0000,3.109200,-0.714300
2023-06-30,2.7700000000,2.9100000000,2.7500000000,2.8500000000,11133400,31787232.0000,3.533100,2.518000
2023-07-03,2.8500000000,2.9700000000,2.8500000000,2.9700000000,11382900,33356798.0000,3.623300,4.210500
2023-07-04,2.9500000000,3.0200000000,2.9000000000,3.0100000000,12830400,38092918.0000,4.084100,1.346800
2023-07-05,2.9900000000,3.0500000000,2.9500000000,2.9700000000,9720500,29097182.0000,3.094100,-1.328900
2023-07-06,2.9600000000,2.9700000000,2.8900000000,2.8900000000,8996600,26213679.0000,2.863700,-2.693600
2023-07-07,2.8800000000,2.9100000000,2.8500000000,2.8800000000,4789100,13792920.0000,1.524400,-0.346000
2023-07-10,2.9100000000,2.9200000000,2.8200000000,2.8400000000,7492000,21355496.0000,2.384800,-1.388900
2023-07-11,2.8500000000,2.8800000000,2.8100000000,2.8800000000,5223200,14891055.0000,1.662600,1.408500
2023-07-12,2.8800000000,2.8900000000,2.7400000000,2.7600000000,9191800,25671507.0000,2.925900,-4.166700
2023-07-13,2.7500000000,2.8100000000,2.7500000000,2.7800000000,4849399,13475095.2300,1.543600,0.724600
2023-07-14,2.7900000000,2.8700000000,2.7700000000,2.8500000000,7058199,20050999.1400,2.246700,2.518000
2023-07-17,2.8200000000,2.8400000000,2.7700000000,2.8200000000,4065100,11444723.0000,1.294000,-1.052600
2023-07-18,2.8200000000,2.8600000000,2.8100000000,2.8600000000,4079800,11586232.0000,1.298600,1.418400
2023-07-19,2.8600000000,2.8600000000,2.8000000000,2.8200000000,4869400,13760935.0000,1.550000,-1.398600
2023-07-20,2.8200000000,2.8500000000,2.7800000000,2.7900000000,5968802,16793517.6400,1.899900,-1.063800
2023-07-21,2.7800000000,2.8100000000,2.6900000000,2.7500000000,8635902,23757806.4600,2.748900,-1.433700
2023-07-24,2.7500000000,2.7600000000,2.6900000000,2.7100000000,3979800,10846305.0000,1.266800,-1.454500
2023-07-25,2.7200000000,2.7700000000,2.7100000000,2.7600000000,3826700,10535177.0000,1.218100,1.845000
2023-07-26,2.7600000000,2.7700000000,2.7200000000,2.7600000000,3876500,10647520.0000,1.233900,0.000000
2023-07-27,2.7600000000,2.8200000000,2.7500000000,2.7900000000,6264300,17486798.0000,1.994000,1.087000
2023-07-28,2.7700000000,2.7800000000,2.7100000000,2.7700000000,4837996,13290866.0800,1.540000,-0.716800
2023-07-31,2.7700000000,2.8800000000,2.7500000000,2.8800000000,7532496,21205589.8400,2.397700,3.971100
2023-08-01,2.8900000000,2.9600000000,2.8600000000,2.9100000000,10140000,29540403.0000,3.227700,1.041700
2023-08-02,2.8900000000,2.9200000000,2.8500000000,2.8600000000,5717500,16451461.0000,1.819900,-1.718200
2023-08-03,2.8500000000,2.8900000000,2.8300000000,2.8500000000,4661100,13302474.0000,1.483700,-0.349700
2023-08-04,2.8600000000,2.9000000000,2.8400000000,2.8500000000,5374700,15411899.0000,1.710800,0.000000
2023-08-07,2.8600000000,2.8600000000,2.8100000000,2.8300000000,3653800,10343390.0000,1.163000,-0.701800
2023-08-08,2.8400000000,2.8600000000,2.8100000000,2.8600000000,4324300,12256459.0000,1.376500,1.060100
2023-08-09,2.8400000000,2.8800000000,2.8200000000,2.8400000000,4568900,13026543.0000,1.454300,-0.699300
2023-08-10,2.8400000000,2.9200000000,2.8100000000,2.9000000000,8261700,23651940.0000,2.629800,2.112700
2023-08-11,2.8900000000,2.9000000000,2.7900000000,2.8000000000,8282800,23533218.0000,2.636500,-3.448300
2023-08-14,2.7700000000,2.8300000000,2.7500000000,2.8300000000,6936000,19347466.0000,2.207800,1.071400
2023-08-15,2.8300000000,2.9800000000,2.8000000000,2.9200000000,12673700,36887694.0000,4.034200,3.180200
2023-08-16,2.9200000000,3.1800000000,2.9000000000,3.1200000000,26631200,82198054.0000,8.477000,6.849300
2023-08-17,3.0600000000,3.1900000000,3.0100000000,3.1200000000,16632600,51675842.0000,5.294400,0.000000
2023-08-18,3.0700000000,3.2900000000,3.0500000000,3.1000000000,25025700,79019802.0000,7.966000,-0.641000
2023-08-21,3.0600000000,3.1200000000,2.9400000000,2.9600000000,20859800,63136407.0000,6.639900,-4.516100
2023-08-22,2.9400000000,3.0400000000,2.8100000000,2.8700000000,14179700,41316075.0000,4.513600,-3.040500
2023-08-23,2.8400000000,2.9100000000,2.7800000000,2.7900000000,10277700,29111936.0000,3.271500,-2.787500
2023-08-24,2.7700000000,2.7900000000,2.6400000000,2.7200000000,11322100,30662822.0000,3.604000,-2.509000
2023-08-25,2.6800000000,2.7200000000,2.6400000000,2.6500000000,7260500,19423379.0000,2.311100,-2.573500
2023-08-28,2.8200000000,2.8300000000,2.6300000000,2.6300000000,9335700,25268515.0000,2.971700,-0.754700
2023-08-29,2.6100000000,2.7200000000,2.6100000000,2.7200000000,8766300,23568393.0000,2.790400,3.422100
2023-08-30,2.7000000000,2.7500000000,2.7000000000,2.7300000000,8494425,23188471.2500,2.703900,0.367600
2023-08-31,2.7200000000,2.7300000000,2.6900000000,2.7000000000,5981000,16195373.0000,1.898000,-1.098900
2023-09-01,2.7000000000,2.7600000000,2.6800000000,2.7600000000,8129225,22204886.7500,2.579800,2.222200
2023-09-04,2.7600000000,2.8000000000,2.7500000000,2.7900000000,7764300,21541895.0000,2.464000,1.087000
2023-09-05,2.7800000000,2.7900000000,2.7000000000,2.7200000000,7807725,21319514.5000,2.477700,-2.509000
2023-09-06,2.7000000000,2.7800000000,2.6900000000,2.7400000000,10057950,27638664.0000,3.083500,0.735300
2023-09-07,2.7100000000,2.7300000000,2.6700000000,2.6700000000,8287800,22375985.0000,2.540800,-2.554700
2023-09-08,2.6600000000,2.7100000000,2.6600000000,2.6900000000,5995400,16089198.0000,1.838000,0.749100
2023-09-11,2.7000000000,2.7400000000,2.6700000000,2.7300000000,9165425,24812559.0000,2.809900,1.487000
2023-09-12,2.7200000000,2.7400000000,2.7000000000,2.7200000000,5733225,15594999.7500,1.757700,-0.366300
2023-09-13,2.7100000000,2.7500000000,2.6500000000,2.7000000000,8819400,23917808.0000,2.703800,-0.735300
2023-09-14,2.7000000000,2.7600000000,2.6800000000,2.7500000000,7295400,19831693.0000,2.236600,1.851900
2023-09-15,2.7600000000,2.9400000000,2.7100000000,2.9100000000,18024500,51015833.0000,5.525900,5.818200
2023-09-18,2.8800000000,3.0300000000,2.8500000000,2.9100000000,17600241,51854000.0000,5.395800,0.000000
2023-09-19,2.8800000000,3.0800000000,2.8500000000,3.0700000000,22285400,66626063.0000,6.832100,5.498300
2023-09-20,3.0200000000,3.1300000000,2.9700000000,3.0200000000,19293300,58721377.0000,5.914800,-1.628700
2023-09-21,3.0000000000,3.0500000000,2.9100000000,2.9700000000,14693700,43716492.0000,4.504700,-1.655600
2023-09-22,2.9400000000,3.1200000000,2.9400000000,2.9700000000,13546900,40735886.0000,4.153100,0.000000
2023-09-25,2.9400000000,2.9400000000,2.8500000000,2.8900000000,10382300,29992742.0000,3.182900,-2.693600
2023-09-26,2.8500000000,3.0500000000,2.8500000000,2.9600000000,10393100,30942671.0000,3.186300,2.422100
2023-09-27,3.0000000000,3.0200000000,2.8700000000,2.8800000000,10759200,31355027.0000,3.298500,-2.702700
2023-09-28,2.8800000000,2.9400000000,2.8600000000,2.9000000000,6736600,19549345.0000,2.069300,0.694400
2023-10-09,2.8900000000,2.9700000000,2.8600000000,2.9500000000,6363500,18530949.0000,1.882000,1.724100
2023-10-10,2.9400000000,2.9700000000,2.9000000000,2.9700000000,6544800,19151684.0000,1.935600,0.678000
2023-10-11,2.9900000000,3.2800000000,2.9600000000,3.1900000000,31479200,99209480.0000,9.309800,7.407400
2023-10-12,3.1800000000,3.2500000000,3.1100000000,3.1700000000,19198300,60957262.0000,5.677800,-0.627000
2023-10-13,3.1500000000,3.2400000000,3.0800000000,3.2100000000,17172500,54358343.0000,5.078700,1.261800
2023-10-16,3.2000000000,3.8000000000,3.1400000000,3.4300000000,52343700,181683488.0000,15.480300,6.853600
2023-10-17,3.4200000000,3.7100000000,3.2700000000,3.3200000000,40645850,141227938.5000,12.020800,-3.207000
2023-10-18,3.2100000000,3.4400000000,3.1500000000,3.2300000000,28777405,94299181.9300,8.510800,-2.710800
2023-10-19,3.2300000000,3.2400000000,3.0100000000,3.0200000000,24053805,74903520.6500,7.113800,-6.501500
2023-10-20,3.0200000000,3.1900000000,3.0100000000,3.0800000000,18520100,57493004.0000,5.477200,1.986800
2023-10-23,3.0500000000,3.1300000000,2.9700000000,3.0200000000,12886700,39148374.0000,3.811200,-1.948100
2023-10-24,3.0300000000,3.1300000000,3.0000000000,3.1000000000,11094300,34135795.0000,3.281100,2.649000
2023-10-25,3.1500000000,3.4300000000,3.1000000000,3.2600000000,22706900,74426994.0000,6.715400,5.161300
2023-10-26,3.2400000000,3.3300000000,3.1900000000,3.2500000000,13236700,43215353.0000,3.914700,-0.306700
2023-10-27,3.2500000000,3.3000000000,3.1300000000,3.1400000000,12000500,38147718.0000,3.594200,-3.384600
2023-10-30,3.1600000000,3.4400000000,3.1600000000,3.3200000000,15561100,51561852.0000,4.660600,5.732500
2023-10-31,3.3300000000,3.4400000000,3.2900000000,3.4100000000,16271700,54823154.0000,4.873400,2.710800
2023-11-01,3.3700000000,3.4400000000,3.3000000000,3.3300000000,12546400,42070115.0000,3.725400,-2.346000
2023-11-02,3.3200000000,3.6300000000,3.3000000000,3.3900000000,18896900,64932029.0000,5.611100,1.801800
2023-11-03,3.3600000000,3.5000000000,3.3400000000,3.4000000000,12337000,41940813.0000,3.663200,0.295000
2023-11-06,3.3900000000,3.5800000000,3.3700000000,3.4700000000,14925500,51596539.0000,4.431800,2.058800
2023-11-07,3.4100000000,3.5700000000,3.4000000000,3.5300000000,13907000,48353704.0000,4.129400,1.729100
2023-11-08,3.5200000000,3.7500000000,3.5100000000,3.6400000000,19804700,72156328.7500,5.880600,3.116100
2023-11-09,3.6200000000,3.9800000000,3.6100000000,3.9700000000,30958200,118934091.4500,9.192400,9.065900
2023-11-10,3.9000000000,4.0000000000,3.7700000000,3.8200000000,22199400,85448496.0000,6.591700,-3.778300
2023-11-13,3.7400000000,3.8000000000,3.6300000000,3.6400000000,19796600,73030456.0000,5.878200,-4.712000
2023-11-14,3.7200000000,3.9000000000,3.6600000000,3.8500000000,22459100,85427386.0000,6.668800,5.769200
2023-11-15,3.7900000000,3.8700000000,3.6700000000,3.7000000000,19554201,72948923.7200,5.806200,-3.896100
2023-11-16,3.7100000000,3.7900000000,3.6500000000,3.6700000000,10644001,39445816.6500,3.160500,-0.810800
2023-11-17,3.6400000000,3.6500000000,3.5200000000,3.6100000000,12458206,44568514.5100,3.699200,-1.634900
2023-11-20,3.5800000000,3.7000000000,3.5700000000,3.7000000000,9306600,33899629.0000,2.763400,2.493100
2023-11-21,3.7000000000,3.7000000000,3.5900000000,3.6200000000,9284458,33691263.9600,2.756800,-2.162200
2023-11-22,3.5800000000,3.7500000000,3.5700000000,3.6100000000,9801000,35866329.0000,2.910200,-0.276200
2023-11-23,3.5900000000,3.6400000000,3.4500000000,3.5300000000,10292258,36296401.7400,3.056100,-2.216100
2023-11-24,3.5300000000,3.5400000000,3.3400000000,3.3900000000,13592400,46554836.0000,4.036000,-3.966000
2023-11-27,3.3100000000,3.4500000000,3.2900000000,3.4100000000,6931300,23435666.0000,2.058100,0.590000
2023-11-28,3.4100000000,3.4800000000,3.3700000000,3.3800000000,6770700,23144009.0000,2.010400,-0.879800
2023-11-29,3.3700000000,3.3800000000,3.2300000000,3.2800000000,11038700,36454783.0000,3.277700,-2.958600
2023-11-30,3.2800000000,3.3500000000,3.2700000000,3.2900000000,5229400,17297954.0000,1.552800,0.304900
2023-12-01,3.2800000000,3.4100000000,3.2800000000,3.3800000000,6813600,22711789.0000,2.023200,2.735600
2023-12-04,3.4000000000,3.4300000000,3.2700000000,3.2800000000,7470800,24982637.0000,2.218300,-2.958600
2023-12-05,3.2600000000,3.3600000000,3.2300000000,3.2900000000,7261500,23927897.0000,2.156200,0.304900
2023-12-06,3.2700000000,3.3100000000,3.2500000000,3.2800000000,4681600,15348320.0000,1.390100,-0.304000
2023-12-07,3.3000000000,3.4300000000,3.2700000000,3.4300000000,9013900,30249158.0000,2.676500,4.573200
2023-12-08,3.3900000000,3.5100000000,3.3600000000,3.3800000000,12427500,42622152.0000,3.690100,-1.457700
2023-12-11,3.3500000000,3.3500000000,3.1200000000,3.1400000000,15799200,50495554.0000,4.691300,-7.100600
2023-12-12,3.1000000000,3.1700000000,3.0500000000,3.1300000000,9332500,28934517.0000,2.771100,-0.318500
2023-12-13,3.1200000000,3.1400000000,3.0100000000,3.0200000000,7589000,23403068.0000,2.253400,-3.514400
2023-12-14,3.0200000000,3.0700000000,2.9800000000,3.0100000000,7928000,23915403.0000,2.354100,-0.331100
2023-12-15,3.0300000000,3.0400000000,2.8600000000,2.9000000000,10710400,31462422.0000,3.180200,-3.654500
2023-12-18,2.8800000000,2.9700000000,2.8600000000,2.8700000000,6656900,19360229.0000,1.976600,-1.034500
2023-12-19,2.8800000000,2.9800000000,2.8700000000,2.9500000000,6523100,19158461.0000,1.936900,2.787500
2023-12-20,2.9400000000,3.0100000000,2.9300000000,2.9700000000,5183500,15410149.0000,1.539100,0.678000
2023-12-21,2.9500000000,2.9800000000,2.9100000000,2.9400000000,7042900,20743864.0000,2.091200,-1.010100
2023-12-22,2.9400000000,2.9500000000,2.7800000000,2.8000000000,12068000,34310888.0000,3.583300,-4.761900
2023-12-25,2.7900000000,2.8400000000,2.7600000000,2.8200000000,6097800,17108461.0000,1.810600,0.714300
2023-12-26,2.8300000000,2.8700000000,2.7800000000,2.8300000000,6208200,17534486.0000,1.843400,0.354600
2023-12-27,2.8100000000,2.9900000000,2.8100000000,2.9800000000,9846000,28627743.0000,2.923600,5.300400
2023-12-28,2.9800000000,3.0000000000,2.9200000000,2.9800000000,6383330,18965599.1000,1.895400,0.000000
2023-12-29,2.9900000000,3.0000000000,2.9500000000,2.9900000000,6145530,18272536.1000,1.824800,0.335600
2024-01-02,2.9900000000,3.0600000000,2.9600000000,3.0000000000,7541830,22759044.3000,2.239400,0.334400
2024-01-03,2.9800000000,2.9900000000,2.9100000000,2.9400000000,7539500,22230543.0000,2.238700,-2.000000
2024-01-04,2.9100000000,2.9900000000,2.8800000000,2.9800000000,6630650,19536171.5000,1.968800,1.360500
2024-01-05,2.9700000000,2.9800000000,2.8200000000,2.8400000000,9361100,27000499.0000,2.779600,-4.698000
2024-01-08,2.8000000000,2.8600000000,2.7300000000,2.7300000000,6252000,17431207.0000,1.856400,-3.873200
2024-01-09,2.7400000000,2.8200000000,2.7400000000,2.7800000000,5547800,15439917.0000,1.647300,1.831500
2024-01-10,2.7800000000,2.8600000000,2.7200000000,2.8000000000,4854700,13623265.0000,1.441500,0.719400
2024-01-11,2.8000000000,2.8900000000,2.7900000000,2.8600000000,4068700,11622597.0000,1.208100,2.142900
2024-01-12,2.8600000000,2.9100000000,2.8200000000,2.8400000000,3901300,11125834.0000,1.158400,-0.699300
2024-01-15,2.8200000000,2.8600000000,2.7900000000,2.8600000000,3327102,9437662.6800,0.987900,0.704200
2024-01-16,2.8400000000,3.0400000000,2.8400000000,2.9400000000,10360400,30525057.0000,3.076300,2.797200
2024-01-17,2.9100000000,3.1700000000,2.8900000000,3.0400000000,20900800,64313142.0000,6.206100,3.401400
2024-01-18,2.9800000000,3.0900000000,2.9000000000,2.9800000000,14787400,44056515.0000,4.390800,-1.973700
2024-01-19,2.9700000000,3.0100000000,2.8100000000,2.8100000000,10657000,30910386.0000,3.164400,-5.704700
2024-01-22,2.7600000000,2.9500000000,2.7500000000,2.8600000000,13058505,37121683.0000,3.877500,1.779400
2024-01-23,2.8200000000,2.9000000000,2.7600000000,2.8200000000,8603300,24281100.0000,2.554600,-1.398600
2024-01-24,2.8100000000,3.1300000000,2.7900000000,3.0200000000,18596005,55669984.2000,5.521700,7.092200
2024-01-25,2.9600000000,3.0100000000,2.8900000000,2.9800000000,19508600,57394514.0000,5.792700,-1.324500
2024-01-26,2.9400000000,3.0200000000,2.9300000000,3.0000000000,10572800,31589545.0000,3.139400,0.671100
2024-01-29,3.0000000000,3.0000000000,2.7800000000,2.7800000000,12009500,34378071.0000,3.566000,-7.333300
2024-01-30,2.7200000000,2.7200000000,2.3900000000,2.4300000000,14125200,36825229.0000,4.194200,-12.589900
2024-01-31,2.4300000000,2.5100000000,2.2900000000,2.3300000000,11804100,28544949.0000,3.505000,-4.115200
2024-02-01,2.3200000000,2.3300000000,2.0000000000,2.1300000000,16711905,36353931.9500,4.962300,-8.583700
2024-02-02,2.1800000000,2.2600000000,1.9900000000,2.1300000000,13559500,29014156.0000,4.026200,0.000000
2024-02-05,2.0800000000,2.1300000000,1.8100000000,1.8700000000,12601300,24238872.0000,3.741700,-12.206600
2024-02-06,1.7900000000,1.9700000000,1.7200000000,1.9000000000,10728900,19948999.0000,3.185700,1.604300
2024-02-07,1.8800000000,1.9700000000,1.7700000000,1.8100000000,11506100,21447420.0000,3.416500,-4.736800
2024-02-08,1.8000000000,1.8800000000,1.5900000000,1.8600000000,16236800,27971398.0000,4.821200,2.762400
2024-02-19,1.7900000000,2.0000000000,1.7800000000,1.9500000000,13119403,25057745.7000,3.895500,4.838700
2024-02-20,1.9400000000,2.1000000000,1.9100000000,2.0800000000,11842695,23898464.4300,3.516400,6.666700
2024-02-21,2.1900000000,2.3900000000,2.1600000000,2.2700000000,21711150,49284426.4700,6.446700,9.134600
2024-02-22,2.2600000000,2.3700000000,2.2100000000,2.3200000000,16758100,38259312.0000,4.976000,2.202600
2024-02-23,2.2900000000,2.6300000000,2.2400000000,2.5100000000,21490048,51798326.5600,6.381000,8.189700
2024-02-26,2.4900000000,2.6400000000,2.4200000000,2.5000000000,18447548,46731961.4000,5.477600,-0.398400
2024-02-27,2.4500000000,2.5700000000,2.4100000000,2.5300000000,15697800,39128963.0000,4.661100,1.200000
2024-02-28,2.5100000000,2.6300000000,2.1400000000,2.2500000000,22199800,54993492.0000,6.591800,-11.067200
2024-02-29,2.2000000000,2.4200000000,2.1700000000,2.3900000000,16432500,38259581.0000,4.879300,6.222200
2024-03-01,2.4000000000,2.4300000000,2.3000000000,2.3500000000,11101500,26138433.0000,3.296400,-1.673600
2024-03-04,2.3500000000,2.3500000000,2.2000000000,2.2900000000,11946375,27178909.2500,3.547200,-2.553200
2024-03-05,2.2700000000,2.3300000000,2.2000000000,2.2000000000,10779900,24316007.0000,3.200900,-3.930100
2024-03-06,2.1900000000,2.3300000000,2.1900000000,2.2800000000,13750500,31267028.0000,4.082900,3.636400
2024-03-07,2.2700000000,2.3100000000,2.2300000000,2.2400000000,10217400,23164683.0000,3.033800,-1.754400
2024-03-08,2.2200000000,2.3100000000,2.2200000000,2.3100000000,8809442,20007652.5000,2.615800,3.125000
2024-03-11,2.2900000000,2.3200000000,2.2600000000,2.3200000000,8394000,19254176.0000,2.492400,0.432900
2024-03-12,2.3000000000,2.3700000000,2.3000000000,2.3700000000,10868100,25363228.0000,3.227100,2.155200
2024-03-13,2.3500000000,2.3600000000,2.2800000000,2.3100000000,8508342,19693127.0200,2.526400,-2.531600
2024-03-14,2.3300000000,2.3500000000,2.2700000000,2.3000000000,8751500,20246361.0000,2.598600,-0.432900
2024-03-15,2.2900000000,2.3100000000,2.2400000000,2.3000000000,8203140,18636909.6000,2.435800,0.000000
2024-03-18,2.2900000000,2.3000000000,2.2500000000,2.2900000000,9124700,20759289.0000,2.709400,-0.434800
2024-03-19,2.2900000000,2.3800000000,2.2600000000,2.3100000000,12252700,28410175.0000,3.638200,0.873400
2024-03-20,2.3000000000,2.3500000000,2.2700000000,2.3300000000,9103800,21000146.0000,2.703200,0.865800
2024-03-21,2.3300000000,2.3300000000,2.2500000000,2.2500000000,12264300,27920818.0000,3.641600,-3.433500
2024-03-22,2.2300000000,2.2500000000,2.1500000000,2.1700000000,11792900,25806027.0000,3.501700,-3.555600
2024-03-25,2.1600000000,2.1900000000,2.1100000000,2.1400000000,8576100,18394506.0000,2.546500,-1.382500
2024-03-26,2.1500000000,2.1800000000,2.0500000000,2.1000000000,9236000,19577465.0000,2.742400,-1.869200
2024-03-27,2.0800000000,2.1000000000,1.9400000000,1.9400000000,12847500,25764705.0000,3.814800,-7.619000
2024-03-28,1.9400000000,2.0000000000,1.9300000000,1.9600000000,9617300,18961514.0000,2.855700,1.030900
2024-03-29,1.9500000000,2.0200000000,1.9200000000,2.0000000000,13802600,27100357.0000,4.098400,2.040800
2024-04-01,1.9900000000,2.0400000000,1.9800000000,2.0300000000,9080300,18297958.0000,2.696200,1.500000
2024-04-02,2.0300000000,2.0700000000,2.0100000000,2.0200000000,10967500,22263242.0000,3.256600,-0.492600
2024-04-03,2.0100000000,2.0200000000,1.9400000000,1.9700000000,10787309,21308009.6400,3.203100,-2.475200
2024-04-08,1.9700000000,1.9800000000,1.8700000000,1.9000000000,9975206,19247125.2200,2.961900,-3.553300
2024-04-09,1.9100000000,1.9300000000,1.8800000000,1.9200000000,6880800,13110553.0000,2.043100,1.052600
2024-04-10,1.9000000000,1.9200000000,1.8300000000,1.8500000000,7802600,14616779.0000,2.316800,-3.645800
2024-04-11,1.8400000000,1.9300000000,1.8400000000,1.9000000000,8321900,15808631.0000,2.471000,2.702700
2024-04-12,1.8900000000,2.2700000000,1.8600000000,2.1000000000,24370540,49918033.2000,7.236300,10.526300
2024-04-15,1.8900000000,1.9300000000,1.6900000000,1.8000000000,19398000,35384039.0000,5.759800,-14.285700
2024-04-16,1.7500000000,1.7600000000,1.5400000000,1.5700000000,16318618,26747609.1600,4.845500,-12.777800
2024-04-17,1.6500000000,1.7100000000,1.6300000000,1.6600000000,13117068,21918418.8800,3.894800,5.732500
2024-04-18,1.6500000000,1.7100000000,1.6000000000,1.6200000000,11317500,18595889.0000,3.360500,-2.409600
2024-04-19,1.5800000000,1.5900000000,1.5100000000,1.5300000000,11773800,18216471.9700,3.496000,-5.555600
2024-04-22,1.3900000000,1.4200000000,1.2200000000,1.3300000000,24974600,32989057.0000,7.415700,-13.071900
2024-04-23,1.2600000000,1.4000000000,1.2600000000,1.3200000000,21516000,28871135.0000,6.388700,-0.751900
2024-04-24,1.3100000000,1.4200000000,1.3000000000,1.4200000000,26175071,35300100.0900,7.772200,7.575800
2024-04-25,1.3900000000,1.5100000000,1.3800000000,1.4600000000,20550850,29777484.0000,6.102200,2.816900
2024-04-26,1.4500000000,1.4800000000,1.3800000000,1.4100000000,19170900,27439416.0000,5.692400,-3.424700
2024-04-29,1.4100000000,1.4100000000,1.4100000000,1.4100000000,,,,
2024-04-30,1.6900000000,1.6900000000,1.6100000000,1.6900000000,18223428,30719929.3200,5.410400,19.858200
2024-05-06,1.7700000000,1.8500000000,1.7100000000,1.7500000000,30327846,53980474.9000,9.004200,3.550300
2024-05-07,1.7100000000,1.7600000000,1.6500000000,1.6600000000,19893586,33934257.2800,5.906300,-5.142900
2024-05-08,1.6800000000,1.7900000000,1.6600000000,1.7600000000,20453325,35758920.1700,6.072500,6.024100
2024-05-09,1.7500000000,1.7900000000,1.7100000000,1.7400000000,11818200,20551661.5800,3.508800,-1.136400
2024-05-10,1.7000000000,1.7200000000,1.5900000000,1.6200000000,19787300,32517992.0000,5.874700,-6.896600
2024-05-13,1.5900000000,1.7500000000,1.5500000000,1.6700000000,17441100,28831444.0000,5.178200,3.086400
2024-05-14,1.6500000000,1.9200000000,1.6500000000,1.8700000000,23146000,41483079.0000,6.871900,11.976000
2024-05-15,1.8500000000,1.9500000000,1.7900000000,1.8200000000,18954900,35155860.0000,5.627600,-2.673800
2024-05-16,1.7700000000,1.8500000000,1.7400000000,1.7900000000,12635100,22641018.0000,3.751300,-1.648400
2024-05-17,1.8000000000,1.8100000000,1.7400000000,1.7600000000,10373650,18272103.0000,3.079900,-1.676000
2024-05-20,1.7800000000,1.8200000000,1.7100000000,1.7100000000,11462535,20231176.4500,3.371700,-2.840900
2024-05-21,1.7000000000,1.7300000000,1.6500000000,1.6800000000,8690036,14707675.1300,2.556200,-1.754400
2024-05-22,1.6800000000,1.7500000000,1.6600000000,1.7300000000,8008943,13753887.1000,2.333200,2.976200
2024-05-23,1.7200000000,1.7200000000,1.6200000000,1.6400000000,11781300,19621615.0000,3.432200,-5.202300
2024-05-24,1.6300000000,1.7000000000,1.6200000000,1.6700000000,10476200,17388802.0000,3.052000,1.829300
2024-05-27,1.7000000000,1.7400000000,1.6200000000,1.6300000000,10668500,17781831.0000,3.108000,-2.395200
2024-05-28,1.6400000000,1.6400000000,1.5200000000,1.5500000000,12203300,19159155.0000,3.555100,-4.908000
2024-05-29,1.5200000000,1.5700000000,1.4500000000,1.5100000000,14005886,21072019.5600,4.080200,-2.580600
2024-05-30,1.5700000000,1.6300000000,1.4600000000,1.4700000000,14808496,22816563.9800,4.314000,-2.649000
2024-05-31,1.4500000000,1.5000000000,1.3800000000,1.3900000000,20079200,28794450.0000,5.849500,-5.442200
2024-06-03,1.3400000000,1.3600000000,1.1500000000,1.1900000000,27398500,33921365.0000,7.981800,-14.388500
2024-06-04,1.2200000000,1.3000000000,1.2100000000,1.2200000000,18626900,23210422.0000,5.426400,2.521000
2024-06-05,1.2200000000,1.3700000000,1.2200000000,1.3300000000,22747975,29736494.0000,6.627000,9.016400
2024-06-06,1.3000000000,1.3900000000,1.2000000000,1.2200000000,24247475,31212378.2500,7.063800,-8.270700
2024-06-07,1.2800000000,1.3300000000,1.2600000000,1.3100000000,17727100,22983614.0000,5.164300,7.377000
2024-06-11,1.3000000000,1.5500000000,1.2600000000,1.4900000000,26601451,37891504.3800,7.749600,13.740500
2024-06-12,1.4200000000,1.5200000000,1.4200000000,1.4700000000,20549500,30047564.5000,5.986500,-1.342300
2024-06-13,1.4600000000,1.5700000000,1.4500000000,1.4800000000,17204210,26022815.6000,5.012000,0.680300
2024-06-14,1.4600000000,1.5000000000,1.4300000000,1.4800000000,11757241,17212938.1700,3.425100,0.000000
2024-06-17,1.4600000000,1.5600000000,1.4500000000,1.5500000000,14261200,21547826.0000,4.154600,4.729700
2024-06-18,1.5300000000,1.5600000000,1.4900000000,1.4900000000,14289700,21641279.0000,4.162900,-3.871000
2024-06-19,1.4900000000,1.5400000000,1.4800000000,1.5000000000,12401500,18618873.0000,3.612800,0.671100
2024-06-20,1.4800000000,1.5000000000,1.3700000000,1.3900000000,16401700,23394423.5900,4.778200,-7.333300
2024-06-21,1.3700000000,1.4400000000,1.3600000000,1.4000000000,9958000,13987342.0000,2.901000,0.719400
2024-06-24,1.3600000000,1.3800000000,1.2600000000,1.3200000000,15127300,19767572.0000,4.406900,-5.714300
2024-06-25,1.3000000000,1.3500000000,1.2700000000,1.3000000000,10171200,13373136.0000,2.963100,-1.515200
2024-06-26,1.2600000000,1.3300000000,1.2200000000,1.3000000000,14942100,18952774.0000,4.353000,0.000000
2024-06-27,1.2900000000,1.3400000000,1.2800000000,1.2900000000,10388900,13674057.0000,3.026500,-0.769200
2024-06-28,1.2900000000,1.3700000000,1.2800000000,1.3100000000,10557400,13964581.0000,3.075600,1.550400
2024-07-01,1.3200000000,1.3700000000,1.3100000000,1.3700000000,8489600,11389564.0000,2.473200,4.580200
2024-07-02,1.3600000000,1.4400000000,1.3600000000,1.4200000000,8771100,12357682.0000,2.555200,3.649600
2024-07-03,1.4100000000,1.5200000000,1.3900000000,1.4800000000,16055700,23687820.0000,4.677400,4.225400
2024-07-04,1.4900000000,1.4900000000,1.3800000000,1.3900000000,12960200,18344650.0000,3.775600,-6.081100
2024-07-05,1.3700000000,1.4700000000,1.3600000000,1.4500000000,11018300,15773502.0000,3.209900,4.316500
2024-07-08,1.4300000000,1.4600000000,1.3800000000,1.3900000000,9271700,13049734.0000,2.701100,-4.137900
2024-07-09,1.3800000000,1.4200000000,1.3300000000,1.4000000000,8231300,11380016.0000,2.398000,0.719400
2024-07-10,1.3900000000,1.4800000000,1.3700000000,1.4200000000,10267341,14723873.8100,2.991100,1.428600
2024-07-11,1.4300000000,1.5200000000,1.4300000000,1.4900000000,13966741,20728228.4500,4.068800,4.929600
2024-07-12,1.6000000000,1.7900000000,1.6000000000,1.7900000000,18515300,32307300.0000,5.393900,20.134200
2024-07-15,1.9600000000,2.0300000000,1.6900000000,1.7200000000,39223500,72449078.0000,11.426700,-3.910600
2024-07-16,1.6800000000,1.7500000000,1.6400000000,1.6600000000,24084541,40550504.8800,7.016400,-3.488400
2024-07-17,1.6200000000,1.6900000000,1.5700000000,1.6200000000,21861900,35491359.0000,6.368900,-2.409600
2024-07-18,1.6100000000,1.7200000000,1.6100000000,1.6600000000,22186500,36872033.0000,6.463400,2.469100
2024-07-19,1.6400000000,1.7200000000,1.6100000000,1.7200000000,18916500,31443413.0000,5.510800,3.614500
2024-07-22,1.6900000000,1.7500000000,1.6600000000,1.7000000000,15676500,26567880.0000,4.566900,-1.162800
2024-07-23,1.6900000000,1.7600000000,1.6600000000,1.7100000000,17739000,30444672.0000,5.167800,0.588200
2024-07-24,1.6700000000,1.7000000000,1.6100000000,1.6300000000,15102600,24856089.0000,4.399700,-4.678400
2024-07-25,1.6100000000,1.6600000000,1.5600000000,1.6400000000,11377700,18429150.0000,3.314600,0.613500
2024-07-26,1.6300000000,1.7200000000,1.6200000000,1.6500000000,9196800,15238254.0000,2.679200,0.609800
2024-07-29,1.6300000000,1.6600000000,1.6100000000,1.6300000000,7420900,12093802.0000,2.161900,-1.212100
2024-07-30,1.6200000000,1.6800000000,1.6100000000,1.6600000000,9553300,15735589.0000,2.783100,1.840500
2024-07-31,1.6400000000,1.7100000000,1.6400000000,1.7000000000,11693300,19680113.0000,3.406500,2.409600
2024-08-01,1.6900000000,1.7700000000,1.6800000000,1.7300000000,12480600,21581657.0000,3.635900,1.764700
2024-08-02,1.7100000000,1.7400000000,1.6800000000,1.7400000000,13094200,22314120.0000,3.814600,0.578000
2024-08-05,1.7100000000,1.9900000000,1.6900000000,1.8500000000,31457900,57855811.0000,9.164400,6.321800
2024-08-06,1.8100000000,1.9100000000,1.7900000000,1.8500000000,19603300,36003463.0000,5.710900,0.000000
2024-08-07,1.8500000000,1.8700000000,1.7500000000,1.7600000000,16855900,30378914.0000,4.910500,-4.864900
2024-08-08,1.7600000000,1.8500000000,1.7400000000,1.8200000000,15996000,28885748.0000,4.660000,3.409100
2024-08-09,1.8100000000,1.9500000000,1.8100000000,1.8200000000,17585800,32875515.0000,5.123100,0.000000
2024-08-12,1.7800000000,1.8100000000,1.6600000000,1.6900000000,14522400,25036759.0000,4.230700,-7.142900
2024-08-13,1.6800000000,1.7300000000,1.6700000000,1.6900000000,8777335,14885364.4500,2.557000,0.000000
2024-08-14,1.6900000000,1.7200000000,1.6800000000,1.6900000000,6008400,10218905.0000,1.750400,0.000000
2024-08-15,1.6700000000,1.7200000000,1.6400000000,1.7100000000,10858700,18289594.0000,3.163400,1.183400
2024-08-16,1.6900000000,1.7300000000,1.6800000000,1.6900000000,8843000,14979170.0000,2.576200,-1.169600
2024-08-19,1.6900000000,1.7000000000,1.6300000000,1.6400000000,7257800,12096711.0000,2.114400,-2.958600
2024-08-20,1.6400000000,1.6700000000,1.5800000000,1.6000000000,8713900,14126235.0000,2.538600,-2.439000
2024-08-21,1.5800000000,1.6600000000,1.5700000000,1.6300000000,8761500,14145696.0000,2.552400,1.875000
2024-08-22,1.6300000000,1.7100000000,1.6300000000,1.6800000000,13284236,22312743.0800,3.870000,3.067500
2024-08-23,1.6700000000,1.6900000000,1.5900000000,1.6200000000,10143600,16474592.0000,2.955100,-3.571400
2024-08-26,1.6100000000,1.7900000000,1.5900000000,1.7900000000,16185900,27583368.0000,4.715300,10.493800
2024-08-27,1.7900000000,1.8800000000,1.7500000000,1.8100000000,14944500,26867576.0000,4.353700,1.117300
2024-08-28,1.7700000000,1.8300000000,1.7100000000,1.8200000000,13702441,24402726.6200,3.991800,0.552500
2024-08-29,1.7600000000,1.7900000000,1.7400000000,1.7600000000,13408100,23598931.0000,3.906100,-3.296700
2024-08-30,1.7400000000,1.8400000000,1.7200000000,1.8000000000,22677900,40663958.0000,6.606600,2.272700
2024-09-02,1.8000000000,1.8400000000,1.7600000000,1.8200000000,15215500,27399787.0000,4.432600,1.111100
2024-09-03,1.8200000000,1.9300000000,1.8100000000,1.9200000000,21075800,39240742.0000,6.139800,5.494500
2024-09-04,1.8900000000,1.9000000000,1.7400000000,1.7600000000,19276300,35023886.0000,5.615600,-8.333300
2024-09-05,1.7400000000,1.8100000000,1.7400000000,1.7700000000,10745300,19185167.0000,3.130300,0.568200
2024-09-06,1.7700000000,1.8600000000,1.7700000000,1.7800000000,11129800,20118380.0000,3.141100,0.565000
2024-09-09,1.7500000000,1.7500000000,1.6600000000,1.7000000000,12907400,21910641.0000,3.642700,-4.494400
2024-09-10,1.6900000000,1.7100000000,1.6300000000,1.6800000000,14312800,23851414.0000,4.039400,-1.176500
2024-09-11,1.6700000000,1.6800000000,1.6200000000,1.6300000000,9926100,16383789.0000,2.801400,-2.976200
2024-09-12,1.6300000000,1.6800000000,1.6300000000,1.6500000000,9527100,15797918.0000,2.688700,1.227000
2024-09-13,1.6500000000,1.7300000000,1.6500000000,1.6600000000,12618300,21228375.0000,3.561100,0.606100
2024-09-18,1.6700000000,1.6800000000,1.5600000000,1.5900000000,15826500,25365390.0000,4.466600,-4.216900
2024-09-19,1.6000000000,1.6600000000,1.5600000000,1.6400000000,12577300,20430021.0000,3.549600,3.144700
2024-09-20,1.5500000000,1.5900000000,1.5200000000,1.5600000000,20985900,32717020.0000,5.922700,-4.878000
2024-09-23,1.5700000000,1.6000000000,1.5300000000,1.5600000000,14115000,22044570.0000,3.983500,0.000000
2024-09-24,1.5500000000,1.6000000000,1.5400000000,1.5900000000,15234103,23878685.6500,4.299400,1.923100
2024-09-25,1.6100000000,1.6500000000,1.6000000000,1.6200000000,18068800,29249847.0000,5.099400,1.886800
2024-09-26,1.6000000000,1.6400000000,1.5800000000,1.6300000000,16736200,27027919.0000,4.723300,0.617300
2024-09-27,1.6300000000,1.7200000000,1.6200000000,1.7000000000,26461200,44063272.0000,7.467900,4.294500
2024-09-30,1.7700000000,1.9400000000,1.7200000000,1.8900000000,43986835,80063856.3500,12.414000,11.176500
2024-10-08,2.1900000000,2.2000000000,1.9000000000,2.1200000000,68547703,140327943.9400,19.345600,12.169300
2024-10-09,2.0300000000,2.0400000000,1.8200000000,1.8200000000,40417600,77810771.0000,11.406700,-14.150900
2024-10-10,1.8400000000,1.8900000000,1.8000000000,1.8400000000,25151115,46512788.9000,7.098200,1.098900
2024-10-11,1.8200000000,1.8800000000,1.7400000000,1.7700000000,24513315,44534152.3000,6.918200,-3.804300
2024-10-14,1.7700000000,1.8200000000,1.7300000000,1.8100000000,21638315,38342072.2500,6.106800,2.259900
2024-10-15,1.7900000000,1.8000000000,1.7100000000,1.7100000000,24438503,43014044.2800,6.897100,-5.524900
2024-10-16,1.6900000000,1.7300000000,1.6700000000,1.6900000000,20543400,34849422.0000,5.797800,-1.169600
2024-10-17,1.7000000000,1.7200000000,1.6500000000,1.6600000000,19457403,32834213.9800,5.491300,-1.775100
2024-10-18,1.6500000000,1.7100000000,1.6300000000,1.7000000000,20667018,34577466.0600,5.832700,2.409600
2024-10-21,1.6900000000,1.7300000000,1.6600000000,1.7200000000,20785115,35330160.5000,5.866000,1.176500
2024-10-22,1.7200000000,1.8400000000,1.6800000000,1.8100000000,29757700,52901507.0000,8.398200,5.232600
2024-10-23,1.7900000000,1.8700000000,1.7800000000,1.8100000000,22354000,40699337.0000,6.308800,0.000000
2024-10-24,1.7900000000,1.9300000000,1.7700000000,1.9000000000,32582675,60595493.0000,9.195500,4.972400
2024-10-25,1.9200000000,1.9500000000,1.8600000000,1.8900000000,27310875,51537971.2500,7.707700,-0.526300
2024-10-28,1.8700000000,1.9800000000,1.8700000000,1.9700000000,30369865,58726749.8100,8.571000,4.232800
2024-10-29,1.9800000000,2.1000000000,1.9000000000,2.0400000000,40843800,81010582.0000,11.527000,3.553300
2024-10-30,2.1100000000,2.2000000000,2.0200000000,2.0800000000,41540907,87519891.6300,11.739400,1.960800
2024-10-31,2.0600000000,2.2300000000,2.0500000000,2.1200000000,36452200,78153922.0000,10.301400,1.923100
2024-11-01,2.0900000000,2.1000000000,1.9100000000,1.9100000000,40364183,80355447.8400,11.314300,-9.905700
2024-11-04,1.9100000000,1.9800000000,1.8900000000,1.9700000000,23532079,45926744.6200,6.596200,3.141400
2024-11-05,1.9800000000,2.0600000000,1.9700000000,2.0300000000,27846400,56439720.0000,7.805500,3.045700
2024-11-06,2.0300000000,2.1200000000,2.0200000000,2.0500000000,28381554,58452437.6400,7.955500,0.985200
2024-11-07,2.0300000000,2.4200000000,2.0000000000,2.2700000000,44679182,99161579.1800,12.523900,10.731700
2024-11-08,2.2900000000,2.5500000000,2.2900000000,2.3200000000,46477800,111077422.0000,13.028000,2.202600
2024-11-11,2.3000000000,2.5500000000,2.2900000000,2.4300000000,38743066,94202621.1100,10.859900,4.741400
2024-11-12,2.4600000000,2.4600000000,2.3200000000,2.3700000000,35641701,84119304.3500,9.990600,-2.469100
2024-11-13,2.3100000000,2.4000000000,2.1800000000,2.3300000000,28915442,66522069.7000,8.105200,-1.687800
2024-11-14,2.3400000000,2.4300000000,2.3100000000,2.3300000000,30389600,71961911.0000,8.518400,0.000000
2024-11-15,2.2800000000,2.3200000000,2.2200000000,2.2300000000,23871900,54136501.0000,6.691400,-4.291800
2024-11-18,2.2300000000,2.2500000000,2.0600000000,2.1100000000,23684700,50834484.0000,6.639000,-5.381200
2024-11-19,2.1200000000,2.1700000000,2.0200000000,2.1300000000,20472875,43103117.0000,5.738700,0.947900
2024-11-20,2.1400000000,2.2100000000,2.1200000000,2.1900000000,19332860,41985108.4000,5.419100,2.816900
2024-11-21,2.1900000000,2.1900000000,2.0900000000,2.1200000000,19421500,41387287.0000,5.444000,-3.196300
2024-11-22,2.1000000000,2.1700000000,2.0800000000,2.0900000000,20985300,44526068.0000,5.882300,-1.415100
2024-11-25,2.1000000000,2.1100000000,2.0000000000,2.0600000000,16734700,34379106.0000,4.690800,-1.435400
2024-11-26,2.0600000000,2.1200000000,2.0500000000,2.0800000000,14634200,30486536.0000,4.102100,0.970900
2024-11-27,2.0600000000,2.1700000000,2.0000000000,2.1500000000,20504806,42699371.1200,5.747600,3.365400
2024-11-28,2.1500000000,2.4300000000,2.1500000000,2.3200000000,34885200,79037116.0000,9.778500,7.907000
2024-11-29,2.2900000000,2.3400000000,2.2400000000,2.2900000000,22001400,50272557.0000,6.167100,-1.293100
2024-12-02,2.2700000000,2.4000000000,2.2600000000,2.3300000000,21624600,50457183.0000,6.061500,1.746700
2024-12-03,2.3300000000,2.3300000000,2.2400000000,2.2700000000,18451400,42212671.0000,5.172000,-2.575100
2024-12-04,2.2400000000,2.2700000000,2.1600000000,2.1800000000,19129375,42339095.0000,5.362100,-3.964800
2024-12-05,2.1700000000,2.2600000000,2.1700000000,2.2600000000,14740000,32931079.0000,4.131700,3.669700
2024-12-06,2.2700000000,2.4400000000,2.2600000000,2.4100000000,26845906,63115068.2200,7.525100,6.637200
2024-12-09,2.3900000000,2.6900000000,2.3900000000,2.6000000000,40503422,103514827.4200,11.353400,7.883800
2024-12-10,2.6500000000,2.7300000000,2.5400000000,2.6000000000,29354422,76490426.1200,8.228200,0.000000
2024-12-11,2.5900000000,2.7800000000,2.5800000000,2.6700000000,25915908,69509129.3600,7.264400,2.692300
2024-12-12,2.6500000000,2.7200000000,2.5800000000,2.5900000000,24808500,65387517.0000,6.954000,-2.996300
2024-12-13,2.5600000000,2.8600000000,2.5400000000,2.7700000000,32169565,87080806.2000,9.017300,6.949800
2024-12-16,2.7700000000,3.1900000000,2.7300000000,2.9400000000,50870062,153301549.0600,14.259200,6.137200
2024-12-17,2.9000000000,3.0200000000,2.7400000000,2.7800000000,27216842,77381170.7000,7.629100,-5.442200
2024-12-18,2.7900000000,2.8300000000,2.6600000000,2.8300000000,20220600,54961654.0000,5.668000,1.798600
2024-12-19,2.8000000000,2.9800000000,2.7800000000,2.9400000000,22190400,64366724.0000,6.220100,3.886900
2024-12-20,2.8900000000,2.9600000000,2.8000000000,2.8500000000,19906300,57487746.0000,5.579900,-3.061200
2024-12-23,2.7600000000,2.7600000000,2.3400000000,2.4100000000,31870897,80639039.9200,8.933600,-15.438600
2024-12-24,2.4500000000,2.5800000000,2.4100000000,2.4700000000,21019600,52530571.0000,5.891900,2.489600
2024-12-25,2.5000000000,2.5200000000,2.1900000000,2.3400000000,29899497,68747466.2800,8.381000,-5.263200
2024-12-26,2.3000000000,2.6300000000,2.2600000000,2.5300000000,29665400,71436882.0000,8.315400,8.119700
2024-12-27,2.5000000000,2.6900000000,2.4800000000,2.6200000000,21011700,54339667.0000,5.889700,3.557300
2024-12-30,2.5300000000,2.6200000000,2.4300000000,2.4800000000,18800800,47241527.0000,5.270000,-5.343500
2024-12-31,2.4900000000,2.5700000000,2.2600000000,2.2800000000,25687830,60684984.2000,7.200500,-8.064500
2025-01-02,2.2100000000,2.3400000000,2.2100000000,2.2700000000,17685642,40388422.5000,4.957400,-0.438600
2025-01-03,2.2800000000,2.3000000000,2.0400000000,2.0700000000,22220710,47049375.6000,6.228600,-8.810600
2025-01-06,2.0600000000,2.0700000000,1.8900000000,1.9200000000,22645727,44466790.2300,6.347700,-7.246400
2025-01-07,2.3000000000,2.3000000000,2.2900000000,2.3000000000,14484042,33313288.6000,4.060000,19.791700
2025-01-08,2.4200000000,2.6200000000,2.3800000000,2.5000000000,47823575,119020905.7100,13.405300,8.695700
2025-01-09,2.4400000000,2.5100000000,2.3700000000,2.4000000000,27433525,66626116.0000,7.689800,-4.000000
2025-01-10,2.4000000000,2.4600000000,2.2300000000,2.2500000000,22741500,52919063.0000,6.374600,-6.250000
2025-01-13,2.2300000000,2.7000000000,2.1700000000,2.7000000000,46452352,118072637.5400,13.020900,20.000000
2025-01-14,2.7100000000,2.9500000000,2.6300000000,2.8000000000,50373202,139424779.3200,14.119900,3.703700
2025-01-15,2.7700000000,2.8500000000,2.6400000000,2.6900000000,36412700,98891611.0000,10.206700,-3.928600
2025-01-16,2.7000000000,2.8300000000,2.6600000000,2.6600000000,30965250,84318853.5000,8.679800,-1.115200
2025-01-17,2.6500000000,2.8200000000,2.6300000000,2.6800000000,24249800,65939331.0000,6.797400,0.751900
2025-01-20,2.6600000000,2.6900000000,2.5500000000,2.5800000000,24983490,64860502.8500,7.003000,-3.731300
2025-01-21,2.5700000000,2.8100000000,2.5700000000,2.7600000000,31632775,85861820.5000,8.866900,6.976700
2025-01-22,2.7100000000,2.8300000000,2.6700000000,2.8000000000,23903100,65538561.0000,6.700200,1.449300
2025-01-23,2.8500000000,2.8800000000,2.6500000000,2.6700000000,20587900,56774914.0000,5.770900,-4.642900
2025-01-24,2.8000000000,2.8600000000,2.6100000000,2.6400000000,27610000,75467007.0000,7.739300,-1.123600
2025-01-27,2.7000000000,2.7500000000,2.5800000000,2.5900000000,16680317,44040817.7300,4.675600,-1.893900
2025-02-05,2.5100000000,2.5400000000,2.3300000000,2.4900000000,22939900,56035465.0000,6.430200,-3.861000
2025-02-06,2.5000000000,2.5400000000,2.4200000000,2.4600000000,23102600,57368408.0000,6.475800,-1.204800
2025-02-07,2.4400000000,2.5100000000,2.4400000000,2.5000000000,20020770,49731871.4300,5.611900,1.626000
2025-02-10,2.5000000000,2.5800000000,2.4700000000,2.5100000000,21235575,53298776.2500,5.952500,0.400000
2025-02-11,2.5100000000,2.5600000000,2.4800000000,2.5400000000,20586100,51928893.0000,5.770400,1.195200
2025-02-12,2.5300000000,2.5400000000,2.4500000000,2.5000000000,22279216,55383026.5200,6.245000,-1.574800
2025-02-13,2.4800000000,2.5100000000,2.4100000000,2.4200000000,20169500,49478411.0000,5.653600,-3.200000
2025-02-14,2.4100000000,2.5000000000,2.4000000000,2.4300000000,16727645,40873091.3500,4.688900,0.413200
2025-02-17,2.4100000000,2.5100000000,2.3600000000,2.4700000000,20517802,50293800.9200,5.751300,1.646100
2025-02-18,2.4700000000,2.4900000000,2.3600000000,2.4000000000,18831802,45594559.7400,5.278700,-2.834000
2025-02-19,2.3900000000,2.4300000000,2.3700000000,2.3900000000,16965100,40554583.0000,4.755400,-0.416700
2025-02-20,2.3700000000,2.4100000000,2.3300000000,2.3700000000,16455305,39054913.5000,4.612500,-0.836800
2025-02-21,2.3500000000,2.3900000000,2.2500000000,2.3000000000,26738350,61591531.5000,7.494900,-2.953600
2025-02-24,2.2900000000,2.4700000000,2.2800000000,2.4000000000,28966877,69047324.3900,8.119600,4.347800
2025-02-25,2.3800000000,2.4900000000,2.3700000000,2.4500000000,20311602,49461590.8600,5.693500,2.083300
2025-02-26,2.4500000000,2.4700000000,2.3800000000,2.3900000000,14328200,34461285.0000,4.016300,-2.449000
2025-02-27,2.4000000000,2.5800000000,2.3900000000,2.5000000000,25630915,63461334.4700,7.184500,4.602500
2025-02-28,2.5000000000,2.5900000000,2.4600000000,2.4700000000,20965017,52898141.9200,5.876600,-1.200000
2025-03-03,2.4100000000,2.4500000000,2.3300000000,2.4200000000,16713940,39998993.1200,4.685000,-2.024300
2025-03-04,2.4000000000,2.4400000000,2.3800000000,2.4100000000,9053903,21813913.1700,2.537900,-0.413200
2025-03-05,2.4300000000,2.6000000000,2.4100000000,2.6000000000,30310995,77304377.1500,8.496400,7.883800
2025-03-06,2.5800000000,2.7300000000,2.5600000000,2.5700000000,29517737,77847290.4600,8.274000,-1.153800
2025-03-07,2.5500000000,2.7800000000,2.5500000000,2.7700000000,29141703,77858634.7400,8.168600,7.782100
2025-03-10,2.7300000000,3.0100000000,2.7100000000,2.9300000000,35345500,102607672.0000,9.907600,5.776200
2025-03-11,2.8800000000,3.3000000000,2.8800000000,3.2900000000,41933732,128466737.0900,11.754300,12.286700
2025-03-12,3.2500000000,3.5500000000,3.1500000000,3.1800000000,50996900,171581845.2400,14.294800,-3.343500
2025-03-13,3.2200000000,3.4100000000,3.1800000000,3.3600000000,38764715,128355853.9500,10.866000,5.660400
2025-03-14,3.3200000000,3.5000000000,3.3100000000,3.3700000000,27532176,93744416.5200,7.717400,0.297600
2025-03-17,3.3100000000,3.7600000000,3.1800000000,3.7300000000,37184776,128387931.5200,10.423100,10.682500
2025-03-18,3.7900000000,4.1500000000,3.6600000000,3.7400000000,47479015,183478244.9500,13.308700,0.268100
2025-03-19,3.7800000000,3.8800000000,3.6800000000,3.7300000000,25208300,95014719.4200,7.066000,-0.267400
2025-03-20,3.7600000000,4.0400000000,3.7300000000,3.9100000000,32153108,125408915.0600,9.012700,4.825700
2025-03-21,3.8700000000,3.9800000000,3.5700000000,3.5900000000,34046941,127420566.7000,9.543600,-8.184100
2025-03-24,3.5300000000,3.5800000000,3.2800000000,3.3100000000,29715293,101601886.7200,8.329400,-7.799400
2025-03-25,3.3200000000,3.5600000000,3.3200000000,3.4300000000,22794607,78954582.4800,6.389500,3.625400
2025-03-26,3.4200000000,3.9600000000,3.3300000000,3.7800000000,30899317,110739602.9500,8.661300,10.204100
2025-03-27,3.6900000000,3.9600000000,3.6900000000,3.7100000000,29193217,111983523.0900,8.183000,-1.851900
2025-03-28,3.6800000000,4.0500000000,3.6800000000,3.9800000000,34724493,135030293.6400,9.733500,7.277600
2025-03-31,4.0000000000,4.1300000000,3.9100000000,3.9800000000,25541700,102841247.2400,7.159500,0.000000
2025-04-01,3.9100000000,4.0800000000,3.8100000000,3.9700000000,22297275,88014974.0000,6.250100,-0.251300
2025-04-02,3.9500000000,3.9700000000,3.7600000000,3.8500000000,22025500,84519683.0000,6.173900,-3.022700
2025-04-03,3.8300000000,3.8700000000,3.6900000000,3.8100000000,14528442,54907069.6600,4.072400,-1.039000
2025-04-07,3.5200000000,3.6100000000,3.0500000000,3.0900000000,27623500,90540049.0000,7.743000,-18.897600
2025-04-08,3.0900000000,3.6100000000,3.0900000000,3.5500000000,28645900,95230063.0000,8.029600,14.886700
2025-04-09,3.4800000000,3.8400000000,3.4700000000,3.7200000000,30812576,112134268.0400,8.637000,4.788700
2025-04-10,3.7600000000,3.8900000000,3.6100000000,3.6400000000,21170141,79517641.2100,5.934100,-2.150500
2025-04-11,3.5900000000,3.8200000000,3.5900000000,3.7300000000,17323600,64826976.0000,4.855900,2.472500
2025-04-14,3.7800000000,3.9400000000,3.6200000000,3.6700000000,23170230,87490121.1000,6.494800,-1.608600
2025-04-15,3.6700000000,3.8000000000,3.5300000000,3.5900000000,19943900,72710688.0000,5.590400,-2.179800
2025-04-16,3.5900000000,3.5900000000,3.4100000000,3.4600000000,18082075,62820909.4500,5.068500,-3.621200
2025-04-17,3.4500000000,3.5200000000,3.2700000000,3.3000000000,20393100,68695700.0000,5.716300,-4.624300
2025-04-18,3.3300000000,3.5500000000,3.3300000000,3.5000000000,17630600,60396783.0000,4.942000,6.060600
2025-04-21,3.5800000000,3.6300000000,3.3700000000,3.4300000000,15600400,53919043.0000,4.372900,-2.000000
2025-04-22,3.4500000000,3.4600000000,3.2900000000,3.3000000000,16174800,53910277.0000,4.533900,-3.790100
2025-04-23,3.3600000000,3.7400000000,3.3600000000,3.6700000000,25726030,91607486.4000,7.211200,11.212100
2025-04-24,3.7000000000,3.7900000000,3.5900000000,3.6200000000,20251800,74819541.7000,5.676700,-1.362400
2025-04-25,3.6000000000,3.9000000000,3.6000000000,3.8000000000,20497600,77651768.0000,5.745600,4.972400
2025-04-28,3.8900000000,4.2000000000,3.8900000000,3.9500000000,31681300,127252220.0000,8.880500,3.947400
2025-04-29,3.7400000000,4.1300000000,3.7000000000,4.0800000000,27892009,108177489.7300,7.818300,3.291100
2025-04-30,3.9900000000,3.9900000000,3.5300000000,3.6800000000,33238400,125679162.0000,9.387100,-9.803900
2025-05-06,3.6100000000,3.7600000000,3.5300000000,3.7100000000,18740000,68740830.0000,5.292500,0.815200
2025-05-07,3.7000000000,3.9400000000,3.6900000000,3.8300000000,18729676,71942371.0400,5.289600,3.234500
2025-05-08,3.8100000000,3.9100000000,3.7400000000,3.8500000000,13937100,53369527.0000,3.936100,0.522200
2025-05-09,3.8300000000,3.9300000000,3.7400000000,3.8000000000,11919700,45649272.9800,3.366300,-1.298700
2025-05-12,3.8300000000,3.8500000000,3.7300000000,3.7600000000,11208101,42416466.8300,3.165400,-1.052600
2025-05-13,3.8200000000,3.8400000000,3.6100000000,3.6800000000,12503900,46595588.0000,3.531300,-2.127700
2025-05-14,3.6400000000,3.8000000000,3.6400000000,3.7700000000,10842203,40551476.2800,3.062000,2.445700
2025-05-15,3.7600000000,3.8800000000,3.6900000000,3.7800000000,12249903,46500191.3400,3.459600,0.265300
2025-05-16,3.7700000000,3.8200000000,3.7300000000,3.7900000000,8485100,32022511.3900,2.396300,0.264600
2025-05-19,3.8200000000,4.1100000000,3.8200000000,4.0900000000,23827923,95290395.0700,6.729400,7.915600
2025-05-20,4.0900000000,4.4500000000,4.0300000000,4.2100000000,28518607,121548509.0100,8.054200,2.934000
2025-05-21,4.2200000000,4.4300000000,4.1900000000,4.2500000000,23367646,100294088.3200,6.599400,0.950100
2025-05-22,4.1800000000,4.8300000000,4.1300000000,4.6300000000,28293227,124831434.9000,7.990500,8.941200
2025-05-23,4.6300000000,4.7800000000,4.4000000000,4.4300000000,29167100,133364462.7000,8.237300,-4.319700
2025-05-26,4.5100000000,4.6400000000,4.4400000000,4.5800000000,15444400,70085713.0000,4.361800,3.386000
2025-05-27,4.5900000000,4.6600000000,4.4900000000,4.5900000000,16480574,75284671.0000,4.654400,0.218300
2025-05-28,4.6100000000,4.6300000000,4.3000000000,4.4000000000,19770330,87401578.0000,5.583500,-4.139400
2025-05-29,4.4300000000,4.5800000000,4.4100000000,4.4900000000,10374600,46637953.0000,2.930000,2.045500
2025-05-30,4.4800000000,4.7400000000,4.4100000000,4.6400000000,17390300,80179296.0000,4.911300,3.340800
2025-06-03,4.6400000000,4.6900000000,4.5700000000,4.6200000000,9362300,43298617.0000,2.644100,-0.431000
2025-06-04,4.6100000000,4.9100000000,4.3800000000,4.4500000000,25916550,121344653.9700,7.319300,-3.679700
2025-06-05,4.4500000000,4.5000000000,3.9900000000,4.4900000000,32718483,141322999.8700,9.240300,0.898900
2025-06-06,4.4000000000,4.7200000000,4.3600000000,4.7000000000,18404734,84349219.4200,5.197800,4.677100
2025-06-09,4.6500000000,4.7300000000,4.5400000000,4.6000000000,11955050,55108457.0000,3.376300,-2.127700
2025-06-10,4.6300000000,4.7800000000,4.5600000000,4.7300000000,17373350,81269659.5000,4.906500,2.826100
2025-06-11,4.7400000000,4.8500000000,4.6600000000,4.7500000000,16262122,77020019.2800,4.592700,0.422800
2025-06-12,4.7000000000,4.7300000000,4.5600000000,4.6200000000,14188215,65846929.7000,4.007000,-2.736800
2025-06-13,4.6000000000,4.7700000000,4.6000000000,4.7500000000,16639500,78214256.0000,4.699300,2.813900
2025-06-16,4.7500000000,4.7500000000,4.7500000000,4.7500000000,,,,
2025-06-17,4.7100000000,4.7100000000,4.3500000000,4.4100000000,27010196,121551682.3000,7.628200,-7.157900
2025-06-18,4.4100000000,4.4700000000,4.2800000000,4.3400000000,11041222,48132293.0400,3.118200,-1.587300
2025-06-19,4.3500000000,4.3800000000,4.1200000000,4.1500000000,13055182,55161239.1400,3.687000,-4.377900
2025-06-20,4.1500000000,4.3200000000,4.0300000000,4.1500000000,10938000,45606557.0000,3.089100,0.000000
2025-06-23,4.1100000000,4.1900000000,4.0200000000,4.1400000000,11691200,47962943.0000,3.301800,-0.241000
2025-06-24,4.1600000000,4.2300000000,4.1300000000,4.1700000000,8309436,34751430.2000,2.346700,0.724600
2025-06-25,4.2000000000,4.3400000000,4.1700000000,4.2900000000,10273300,43755284.0000,2.901400,2.877700
2025-06-26,4.2800000000,4.3400000000,4.2100000000,4.3100000000,11246200,48164778.0000,3.176100,0.466200
2025-06-27,4.3000000000,4.4300000000,4.2600000000,4.4000000000,11787700,51549291.0000,3.329100,2.088200
2025-06-30,4.4100000000,4.6500000000,4.4000000000,4.5900000000,18110630,82691115.1000,5.114800,4.318200
2025-07-01,4.6000000000,4.7700000000,4.5400000000,4.7300000000,18235864,85608978.7800,5.150100,3.050100
2025-07-02,4.7500000000,5.2400000000,4.6400000000,5.2300000000,33371478,165153274.5200,9.424700,10.570800
2025-07-03,5.1500000000,5.4000000000,4.9400000000,5.0100000000,30886503,158083949.8200,8.722900,-4.206500
2025-07-04,5.0500000000,5.2500000000,5.0400000000,5.0600000000,17641100,90514604.0000,4.982200,0.998000
2025-07-07,5.0100000000,5.1800000000,4.9600000000,5.1500000000,12187003,61690225.2200,3.441800,1.778700
2025-07-08,5.1300000000,5.2700000000,5.0400000000,5.1800000000,12924600,66471809.0000,3.650100,0.582500
2025-07-09,5.1300000000,5.3700000000,5.1000000000,5.1100000000,19570500,101987619.3300,5.527100,-1.351400
2025-07-10,5.1000000000,5.1800000000,5.1000000000,5.1500000000,14343436,73766864.6000,4.050800,0.782800
2025-07-11,5.1700000000,5.1800000000,5.0000000000,5.0800000000,15540042,78929617.2600,4.388800,-1.359200
2025-07-14,5.0800000000,5.1300000000,4.9800000000,5.0600000000,12289700,61967755.0000,3.470800,-0.393700
2025-07-15,5.0300000000,5.0900000000,4.9700000000,5.0500000000,9819001,49357033.0400,2.773100,-0.197600
2025-07-16,5.0600000000,5.3400000000,5.0200000000,5.3300000000,18423502,95960198.4800,5.203100,5.544600
2025-07-17,5.2800000000,5.3200000000,5.1600000000,5.2000000000,12633700,65982430.0000,3.568000,-2.439000
2025-07-18,5.2100000000,5.2900000000,5.0500000000,5.1300000000,14623900,75357217.0000,4.130100,-1.346200
2025-07-21,5.1500000000,5.1500000000,4.9900000000,5.0700000000,13096679,66011195.1600,3.698700,-1.169600
2025-07-22,5.0700000000,5.2500000000,5.0100000000,5.2400000000,13773900,70685850.0000,3.890000,3.353100
2025-07-23,5.2400000000,5.2500000000,5.1400000000,5.1700000000,8708700,45315213.0000,2.459500,-1.335900
2025-07-24,5.2000000000,5.2000000000,5.0700000000,5.1300000000,9869350,50424522.5000,2.787300,-0.773700
2025-07-25,5.1000000000,5.1300000000,5.0300000000,5.0300000000,9232100,46832314.0000,2.607300,-1.949300
2025-07-28,5.0300000000,5.2000000000,5.0100000000,5.1500000000,10354500,53091846.0000,2.924300,2.385700
2025-07-29,5.1100000000,5.2200000000,5.0900000000,5.2000000000,10258200,52961908.0000,2.897100,0.970900
2025-07-30,5.2000000000,5.3100000000,5.1400000000,5.2500000000,11126650,57979635.5000,3.142400,0.961500
2025-07-31,5.2600000000,5.5300000000,5.1500000000,5.4700000000,19083625,102245387.2500,5.389600,4.190500
2025-08-01,5.4900000000,5.9400000000,5.4700000000,5.7200000000,27900250,158587464.4500,7.879500,4.570400
2025-08-04,5.6500000000,6.2800000000,5.6400000000,6.2100000000,24502189,146202700.0000,6.919900,8.566400
2025-08-05,6.1000000000,6.6600000000,6.1000000000,6.3300000000,22163402,141696222.4000,6.259300,1.932400
2025-08-06,6.2900000000,7.5500000000,6.2900000000,7.2900000000,29787444,205249974.0000,8.412500,15.165900
2025-08-07,7.2900000000,7.6300000000,6.8200000000,7.0000000000,28198400,199773073.0000,7.963700,-3.978100
2025-08-08,6.9900000000,7.4900000000,6.8800000000,7.4800000000,20928150,152211455.5000,5.910500,6.857100
2025-08-11,7.5700000000,7.6300000000,7.1300000000,7.3200000000,16483223,120049577.3400,4.655200,-2.139000
2025-08-12,7.3300000000,7.8800000000,7.3000000000,7.4600000000,13593880,102732103.5600,3.839200,1.912600
2025-08-13,7.2900000000,7.4600000000,7.1500000000,7.3300000000,16534344,119839253.3200,4.669600,-1.742600
2025-08-14,7.2000000000,7.3000000000,7.0700000000,7.1200000000,12759344,91096764.7200,3.603500,-2.864900
2025-08-15,7.0800000000,7.4000000000,6.9800000000,7.1800000000,14934000,107517696.0000,4.217600,0.842700
2025-08-18,7.1500000000,7.2900000000,6.7800000000,6.8900000000,22374600,156783853.5000,6.319000,-4.039000
2025-08-19,6.8900000000,7.0500000000,6.4500000000,6.7700000000,24348676,164229280.5600,6.876500,-1.741700
2025-08-20,6.6700000000,6.9600000000,6.6300000000,6.7600000000,13457800,91539103.0000,3.800700,-0.147700
2025-08-21,6.7600000000,7.0600000000,6.7100000000,6.9200000000,15035700,103838446.0000,4.246400,2.366900
2025-08-22,6.8700000000,7.2900000000,6.8200000000,7.2400000000,17513300,124559737.0000,4.946100,4.624300
2025-08-25,7.2500000000,7.2900000000,7.0300000000,7.1800000000,15505600,110841779.0000,4.379100,-0.828700
2025-08-26,7.1000000000,7.5700000000,7.0300000000,7.4400000000,17083000,124750528.0000,4.759900,3.621200
2025-08-27,7.4300000000,7.6800000000,7.1500000000,7.2200000000,15586050,116131290.0000,4.342800,-2.957000
2025-08-28,7.2200000000,7.3000000000,6.9500000000,7.0600000000,15215800,107718545.0000,4.239600,-2.216100
2025-08-29,7.0600000000,7.1400000000,6.7500000000,6.8900000000,15007585,103560671.2500,4.181600,-2.407900
2025-09-01,6.8800000000,6.9800000000,6.7300000000,6.9400000000,11763800,80654152.0000,3.277800,0.725700
2025-09-02,6.9500000000,6.9900000000,6.7100000000,6.9100000000,10489500,72196271.0000,2.922700,-0.432300
2025-09-03,6.9200000000,7.0300000000,6.6800000000,6.8400000000,9340300,63738363.0000,2.602500,-1.013000
2025-09-04,6.8000000000,6.8200000000,6.6200000000,6.6600000000,7493160,50291552.8000,2.087900,-2.631600
2025-09-05,6.6800000000,6.7800000000,6.5100000000,6.5800000000,9105792,60243946.3600,2.537200,-1.201200
2025-09-08,6.5900000000,6.6300000000,6.3300000000,6.4700000000,11210900,72174347.0000,3.123700,-1.671700
2025-09-09,6.5100000000,6.8400000000,6.4400000000,6.6700000000,14045700,94546789.0000,3.913600,3.091200
2025-09-10,6.8000000000,6.8000000000,6.5800000000,6.6500000000,7536485,50509849.3500,2.099900,-0.299900
2025-09-11,6.6100000000,6.7300000000,6.5000000000,6.6000000000,8378225,55221757.7500,2.334500,-0.751900
2025-09-12,6.6000000000,6.6000000000,6.4100000000,6.4900000000,9054600,58627472.0000,2.522900,-1.666700
2025-09-15,6.5100000000,6.5600000000,6.3700000000,6.4000000000,7599700,49057104.0000,2.117500,-1.386700
2025-09-16,6.3400000000,6.4000000000,6.2300000000,6.3800000000,7809401,49423817.3300,2.176000,-0.312500
2025-09-17,6.3800000000,6.4500000000,6.2500000000,6.3600000000,8822125,56042533.2500,2.458100,-0.313500
2025-09-18,6.3200000000,6.6600000000,6.2100000000,6.2800000000,11108575,71865932.5000,3.095200,-1.257900
2025-09-19,6.2500000000,6.3000000000,5.9600000000,6.0200000000,12108200,73546491.0000,3.373800,-4.140100
2025-09-22,6.0500000000,6.0500000000,5.6700000000,5.6900000000,9921200,57645383.0000,2.764400,-5.481700
2025-09-23,5.7300000000,5.8800000000,5.5400000000,5.6300000000,8983100,50831963.0000,2.503000,-1.054500
2025-09-24,5.6300000000,5.7500000000,5.5400000000,5.7200000000,8537000,48209666.0000,2.378700,1.598600
2025-09-25,5.7100000000,6.2000000000,5.6600000000,6.0400000000,13664000,81865763.0000,3.807300,5.594400
2025-09-26,6.0200000000,6.0200000000,5.7200000000,5.7200000000,7702100,44913929.0000,2.146100,-5.298000
2025-09-29,5.7800000000,5.8100000000,5.5600000000,5.7200000000,5814617,33197505.5400,1.620200,0.000000
2025-09-30,5.7300000000,5.7900000000,5.6200000000,5.7000000000,4898000,27936905.0000,1.364800,-0.349700
2025-10-09,5.7600000000,5.7800000000,5.3100000000,5.3700000000,14829400,80952804.0000,4.132000,-5.789500
2025-10-10,5.3400000000,5.4800000000,5.2800000000,5.2900000000,7446000,40039975.0000,2.074700,-1.489800
2025-10-13,5.1700000000,5.1700000000,4.8200000000,5.1100000000,9100100,45999107.0000,2.535600,-3.402600
2025-10-14,5.2800000000,5.3900000000,5.1400000000,5.1500000000,9353700,49158376.0000,2.606300,0.782800
2025-10-15,5.1800000000,6.1800000000,5.1400000000,6.1800000000,19209808,109825029.4400,5.352500,20.000000
2025-10-16,6.2000000000,6.4900000000,6.0400000000,6.3000000000,23918008,150138709.2800,6.664400,1.941700
2025-10-17,6.3300000000,6.4400000000,6.1000000000,6.2000000000,15500808,96780031.8000,4.319100,-1.587300
2025-10-20,6.1600000000,6.2900000000,6.0200000000,6.1600000000,10090100,61922516.0000,2.811400,-0.645200
2025-10-21,6.1000000000,6.9400000000,6.1000000000,6.5100000000,19072900,125115193.0000,5.314400,5.681800
2025-10-22,6.5100000000,6.6400000000,6.3800000000,6.5300000000,10999400,71858183.0000,3.064800,0.307200
2025-10-23,6.5300000000,6.7700000000,6.3600000000,6.5300000000,9720900,63654908.0000,2.708600,0.000000
2025-10-24,6.4500000000,6.5500000000,6.3000000000,6.3400000000,7519000,47922033.0000,2.095100,-2.909600
2025-10-27,6.3900000000,6.4600000000,6.1500000000,6.2300000000,9094100,57234211.0000,2.533900,-1.735000
2025-10-28,6.3600000000,6.3600000000,6.1000000000,6.1600000000,7775700,47963689.0000,2.166600,-1.123600
2025-10-29,6.0700000000,6.5600000000,6.0700000000,6.3100000000,11010975,69999284.7500,3.068000,2.435100
2025-10-30,6.1600000000,6.2100000000,6.0200000000,6.1200000000,10075200,61602191.0000,2.807300,-3.011100
2025-10-31,6.0200000000,6.1800000000,6.0200000000,6.1200000000,5209500,31853106.0000,1.451500,0.000000
2025-11-03,6.0500000000,6.3000000000,6.0500000000,6.2300000000,7851100,48500724.0000,2.187600,1.797400
2025-11-04,6.2200000000,6.3100000000,6.0400000000,6.0600000000,6689300,41046633.0000,1.863900,-2.728700
2025-11-05,6.0000000000,6.0200000000,5.7700000000,5.8500000000,12982902,76497089.6800,3.617500,-3.465300
2025-11-06,5.8000000000,5.9600000000,5.7100000000,5.9600000000,6644300,38859700.0000,1.851300,1.880300
2025-11-07,5.9000000000,5.9600000000,5.8100000000,5.8200000000,4676100,27382765.0000,1.302900,-2.349000
2025-11-10,5.7700000000,5.8700000000,5.7500000000,5.7800000000,4166400,24122613.0000,1.160900,-0.687300
2025-11-11,5.8200000000,6.1500000000,5.7300000000,6.0700000000,10361500,61998634.0000,2.887100,5.017300
2025-11-12,6.0600000000,6.0600000000,5.8800000000,5.9300000000,6228200,37181217.0000,1.735400,-2.306400
2025-11-13,5.9200000000,5.9500000000,5.8400000000,5.8600000000,5266102,30984135.7200,1.467300,-1.180400
2025-11-14,5.8300000000,6.0000000000,5.8300000000,5.9000000000,4597800,27274625.0000,1.281100,0.682600
2025-11-17,5.8300000000,6.0300000000,5.8300000000,6.0000000000,5433300,32271848.0000,1.513900,1.694900
2025-11-18,6.0100000000,6.2400000000,5.9300000000,5.9400000000,8541300,51687174.0000,2.379900,-1.000000
2025-11-19,5.9400000000,5.9600000000,5.7500000000,5.8400000000,6269000,36556403.0000,1.746800,-1.683500
2025-11-20,5.8400000000,5.8400000000,5.5800000000,5.6000000000,4825600,27279160.0000,1.344600,-4.109600
2025-11-21,5.5400000000,5.6100000000,5.3400000000,5.3400000000,5316400,28921011.0000,1.481300,-4.642900
2025-11-24,5.3500000000,5.7600000000,5.3100000000,5.6100000000,6649000,36832795.0000,1.852600,5.056200
2025-11-25,5.6000000000,5.7200000000,5.4800000000,5.6300000000,4539300,25502028.0000,1.264800,0.356500
2025-11-26,5.6100000000,5.6700000000,5.5700000000,5.6300000000,4578900,25732336.0000,1.275800,0.000000
2025-11-27,5.6000000000,5.7500000000,5.5900000000,5.6700000000,4542336,25747558.2400,1.265700,0.710500
2025-11-28,5.6800000000,5.6900000000,5.5700000000,5.6000000000,3891500,21858273.0000,1.084300,-1.234600
2025-12-01,5.6000000000,5.6400000000,5.4000000000,5.5000000000,5124000,28192752.0000,1.427700,-1.785700
2025-12-02,5.4700000000,5.5100000000,5.4300000000,5.4700000000,3220500,17593738.0000,0.897300,-0.545500
2025-12-03,5.4700000000,5.5200000000,5.2700000000,5.2800000000,6469800,34550910.0000,1.802700,-3.473500
2025-12-04,5.2700000000,5.4800000000,5.2000000000,5.2800000000,5997400,32130608.0000,1.671100,0.000000
2025-12-05,5.3400000000,5.3700000000,5.2100000000,5.3700000000,3604200,19080843.0000,1.004300,1.704500
2025-12-08,5.3800000000,5.5500000000,5.3400000000,5.3800000000,5464700,29709384.0000,1.522700,0.186200
2025-12-09,5.3900000000,5.5100000000,5.3300000000,5.4700000000,4340300,23511045.0000,1.209400,1.672900
2025-12-10,5.4500000000,5.4600000000,5.2300000000,5.2700000000,8852000,46982686.0000,2.466500,-3.656300
2025-12-11,5.2800000000,5.2900000000,5.0700000000,5.1200000000,7920100,40711305.0000,2.206800,-2.846300
2025-12-12,5.1100000000,5.2000000000,4.9800000000,5.1100000000,8494536,43176586.9600,2.366900,-0.195300
2025-12-15,5.1000000000,5.1000000000,4.9900000000,5.0200000000,6974520,34978617.4000,1.943300,-1.761300
2025-12-16,5.0000000000,5.0900000000,4.9500000000,5.0200000000,5859800,29330937.0000,1.632700,0.000000
2025-12-17,5.0000000000,5.1500000000,4.9200000000,4.9900000000,6989500,34975479.0000,1.947500,-0.597600
2025-12-18,4.9300000000,5.2300000000,4.9300000000,5.0800000000,8202000,41844381.0000,2.285400,1.803600
2025-12-19,5.0800000000,5.1400000000,5.0400000000,5.1200000000,5925600,30167619.0000,1.651100,0.787400
2025-12-22,5.1300000000,5.1700000000,5.0800000000,5.1100000000,4633300,23764628.0000,1.291000,-0.195300
2025-12-23,5.1300000000,5.1300000000,4.9800000000,5.0000000000,3815000,19288521.0000,1.063000,-2.152600
2025-12-24,5.0000000000,5.1300000000,4.9800000000,5.0700000000,6169400,31262709.0000,1.719000,1.400000
2025-12-25,5.0500000000,5.2000000000,5.0300000000,5.1100000000,5998275,30733337.0000,1.671300,0.789000
2025-12-26,5.1000000000,5.1100000000,5.0000000000,5.0200000000,5795900,29211755.0000,1.614900,-1.761300
2025-12-29,5.0000000000,5.0200000000,4.9200000000,4.9300000000,5640800,27964665.0000,1.571700,-1.792800
2025-12-30,4.8800000000,5.0200000000,4.8800000000,4.9600000000,4758100,23687880.0000,1.325800,0.608500
2025-12-31,4.9600000000,4.9800000000,4.9300000000,4.9500000000,4231600,20929347.0000,1.179100,-0.201600
2026-01-05,5.0100000000,5.4200000000,4.9400000000,5.2800000000,13961700,72918444.0000,3.890200,6.666700
2026-01-06,5.2600000000,5.3000000000,5.2000000000,5.2600000000,7518700,39397066.0000,2.095000,-0.378800
2026-01-07,5.2500000000,5.5600000000,5.2100000000,5.3300000000,12032400,65000565.0000,3.352600,1.330800
2026-01-08,5.3500000000,5.5300000000,5.2700000000,5.4000000000,7267100,39491153.0000,2.024900,1.313300
2026-01-09,5.4600000000,5.5000000000,5.3500000000,5.3900000000,7268800,39259592.0000,2.025300,-0.185200
2026-01-12,5.3800000000,5.4400000000,5.2600000000,5.3100000000,14262100,76079767.0000,3.973900,-1.484200
2026-01-13,5.3100000000,5.3300000000,5.0400000000,5.0700000000,13450800,69095601.0000,3.747900,-4.519800
2026-01-14,5.0700000000,5.2200000000,5.0200000000,5.0900000000,11306675,57801235.5000,3.150400,0.394500
2026-01-15,5.0700000000,5.1200000000,5.0000000000,5.0800000000,8091300,40909850.0000,2.254500,-0.196500
2026-01-16,5.0800000000,5.1100000000,5.0100000000,5.0300000000,5603000,28322143.0000,1.561200,-0.984300
2026-01-19,5.0200000000,5.0700000000,5.0000000000,5.0300000000,4443700,22381661.0000,1.238200,0.000000
2026-01-20,5.0100000000,5.0500000000,4.9500000000,4.9900000000,7435100,37105990.0000,2.071700,-0.795200
2026-01-21,4.9900000000,5.0600000000,4.9400000000,5.0400000000,6338425,31710665.5000,1.766100,1.002000
2026-01-22,5.0100000000,5.0500000000,5.0000000000,5.0200000000,5884300,29561682.0000,1.639600,-0.396800
2026-01-23,5.0000000000,5.1000000000,5.0000000000,5.0400000000,6816700,34354476.0000,1.899400,0.398400
2026-01-26,5.0300000000,5.0500000000,4.8900000000,4.9300000000,10005100,49530845.0000,2.787800,-2.182500
2026-01-27,4.9200000000,4.9200000000,4.7000000000,4.8500000000,8076800,38725682.0000,2.250500,-1.622700
2026-01-28,4.8500000000,5.0900000000,4.7200000000,4.9900000000,13032800,64023121.0000,3.631400,2.886600
2026-01-29,4.9600000000,4.9600000000,4.7200000000,4.7400000000,11835400,57169228.0000,3.297700,-5.010000
2026-01-30,4.7200000000,4.9500000000,4.6000000000,4.8400000000,11854700,56458436.0000,3.303100,2.109700
2026-02-02,4.8400000000,4.9000000000,4.6400000000,4.6500000000,7789600,37133057.0000,2.170500,-3.925600
2026-02-03,4.7100000000,4.7700000000,4.6800000000,4.7400000000,5228200,24682115.0000,1.456800,1.935500
2026-02-04,4.6900000000,4.8000000000,4.6900000000,4.7500000000,5108700,24225086.0000,1.423500,0.211000
2026-02-05,4.7600000000,4.8700000000,4.7300000000,4.8500000000,7793600,37629220.0000,2.171600,2.105300
2026-02-06,4.8100000000,4.9300000000,4.7900000000,4.9000000000,7483400,36440879.0000,2.085100,1.030900
2026-02-09,4.9300000000,4.9900000000,4.9000000000,4.9300000000,6277900,30986652.0000,1.749200,0.612200
2026-02-10,4.9100000000,5.2900000000,4.9100000000,5.1600000000,16602600,85061122.0000,4.626100,4.665300
2026-02-11,5.2200000000,5.2200000000,5.0000000000,5.0400000000,9515600,48425816.0000,2.651400,-2.325600
2026-02-12,5.0400000000,5.0600000000,4.9200000000,4.9400000000,6726100,33561141.0000,1.874100,-1.984100
2026-02-13,4.9500000000,5.1600000000,4.9500000000,5.0100000000,9590500,48495379.0000,2.672200,1.417000
2026-02-24,5.0600000000,5.4600000000,5.0200000000,5.3500000000,16156200,85152992.0000,4.501700,6.786400
2026-02-25,5.3700000000,5.4600000000,5.2300000000,5.4400000000,13540875,72629850.7500,3.773000,1.682200
2026-02-26,5.4100000000,6.1000000000,5.4100000000,5.8700000000,21095700,123440618.9900,5.878000,7.904400
2026-02-27,5.8000000000,6.2600000000,5.7700000000,6.2000000000,22123500,134049919.0000,6.164400,5.621800
2026-03-02,6.0200000000,6.3000000000,6.0200000000,6.0500000000,17735100,108808976.0000,4.941600,-2.419400
2026-03-03,6.1500000000,6.1500000000,5.8100000000,5.8800000000,14152100,84174494.0000,3.943300,-2.809900
2026-03-04,5.8800000000,6.2900000000,5.8000000000,6.1100000000,14945500,90654527.0000,4.164300,3.911600
2026-03-05,6.1500000000,6.6100000000,6.1000000000,6.4200000000,18705500,119412617.0000,5.212000,5.073600
2026-03-06,6.3200000000,6.9100000000,6.3100000000,6.8100000000,17065610,113956671.5000,4.755100,6.074800
2026-03-09,6.8800000000,7.1500000000,6.5500000000,6.9200000000,18212550,124717177.8600,5.074600,1.615300
2026-03-10,6.9200000000,6.9600000000,6.7400000000,6.8400000000,10985400,74850825.0000,3.060900,-1.156100
2026-03-11,6.8400000000,6.9700000000,6.7400000000,6.7600000000,9442700,64412817.0000,2.631100,-1.169600
2026-03-12,6.6800000000,6.7400000000,6.2700000000,6.3700000000,18370800,118740365.0000,5.118700,-5.769200
2026-03-13,6.4200000000,6.4300000000,6.1800000000,6.3000000000,12278700,77232634.0000,3.421300,-1.098900
2026-03-16,6.2400000000,6.3200000000,6.1500000000,6.2100000000,8651100,53845877.0000,2.410500,-1.428600
2026-03-17,6.3000000000,6.3100000000,5.9900000000,6.0400000000,8946300,54905349.0000,2.492700,-2.737500
2026-03-18,6.0100000000,6.2200000000,5.8500000000,6.1400000000,10740000,65343668.0000,2.992500,1.655600
2026-03-19,6.0900000000,6.3100000000,5.9700000000,6.0100000000,11737400,71860209.0000,3.270400,-2.117300
2026-03-20,6.0000000000,6.0600000000,5.7900000000,5.8500000000,9601300,56694049.0000,2.675300,-2.662200
2026-03-23,5.8000000000,5.8900000000,5.5800000000,5.6600000000,9547200,54729319.0000,2.660200,-3.247900
2026-03-24,5.7800000000,5.9300000000,5.6500000000,5.7700000000,8611400,49607629.0000,2.399400,1.943500
2026-03-25,5.8600000000,6.2000000000,5.8200000000,6.1500000000,12005100,72682226.0000,3.345000,6.585800
2026-03-26,6.1600000000,6.2500000000,6.0400000000,6.0700000000,8608800,52890570.0000,2.398700,-1.300800
2026-03-27,5.9500000000,6.1300000000,5.9500000000,6.0800000000,5980000,36163339.0000,1.666200,0.164700
2026-03-30,6.0000000000,6.0900000000,5.9500000000,5.9900000000,5195800,31171493.0000,1.447700,-1.480300
2026-03-31,5.8300000000,6.0400000000,5.7800000000,5.7900000000,6834100,40250776.0000,1.904200,-3.338900
2026-04-01,5.8500000000,5.9800000000,5.5700000000,5.7500000000,15819100,90559613.0000,4.407700,-0.690800
2026-04-02,5.7500000000,5.9200000000,5.6500000000,5.8800000000,10427300,60740789.0000,2.905400,2.260900
2026-04-03,6.0000000000,6.0000000000,5.5800000000,5.6100000000,9052000,51615784.0000,2.522200,-4.591800
2026-04-07,5.6200000000,5.7400000000,5.6000000000,5.6700000000,3477900,19701566.0000,0.969100,1.069500
2026-04-08,5.8500000000,6.0700000000,5.7700000000,6.0600000000,8273300,49260967.0000,2.305200,6.878300
2026-04-09,6.0000000000,6.1000000000,5.9500000000,6.0000000000,6390100,38294946.0000,1.780500,-0.990100
2026-04-10,6.1000000000,6.2400000000,6.0100000000,6.1400000000,7155200,43990569.0000,1.993700,2.333300
2026-04-13,6.0800000000,6.1800000000,5.9600000000,6.1100000000,6326700,38499037.0000,1.762800,-0.488600
2026-04-14,6.1100000000,6.5000000000,6.1100000000,6.2700000000,8878600,56099746.0000,2.473900,2.618700
2026-04-15,6.3000000000,6.3700000000,6.1500000000,6.1600000000,6183600,38551217.0000,1.723000,-1.754400
2026-04-16,6.1800000000,6.2400000000,6.0700000000,6.1200000000,6644000,40579370.0000,1.851200,-0.649400
2026-04-17,6.1100000000,6.1700000000,6.0600000000,6.1100000000,4310243,26284733.8700,1.201000,-0.163400
2026-04-20,6.1000000000,6.4600000000,6.0600000000,6.3200000000,9204175,58222949.5000,2.564600,3.437000
2026-04-21,6.3200000000,6.3200000000,6.1700000000,6.2000000000,6496429,40435041.9300,1.810100,-1.898700
2026-04-22,6.1900000000,6.2500000000,6.0300000000,6.0600000000,8118700,49531288.0000,2.262100,-2.258100
2026-04-23,6.0500000000,6.3500000000,5.9100000000,6.1900000000,9131800,55974901.8600,2.544400,2.145200
2026-04-24,6.1000000000,6.4400000000,6.1000000000,6.3800000000,8747576,54997021.9200,2.437400,3.069500
2026-04-27,6.4600000000,6.7200000000,6.3900000000,6.7200000000,14674987,97093731.8500,4.089000,5.329200
2026-04-28,6.5300000000,6.7300000000,6.4300000000,6.6300000000,11112000,73178445.0000,3.096200,-1.339300
2026-04-29,6.6300000000,6.6700000000,6.2600000000,6.3400000000,13582187,86760998.2300,3.784500,-4.374100
2026-04-30,5.8000000000,5.9700000000,5.1200000000,5.7100000000,21088887,121146506.9000,5.955900,-9.936900
