date,open,high,low,close,volume,amount,turn,pctChg
2019-10-22,5.2038294400,6.2464191000,5.2038294400,6.2464191000,38056,774877.0000,0.152000,44.008400
2019-10-23,6.8725808200,6.8725808200,6.8725808200,6.8725808200,10800,244188.0000,0.043100,10.024300
2019-10-24,7.5595349400,7.5595349400,7.5595349400,7.5595349400,22760,566041.0000,0.090900,9.995600
2019-10-25,8.3164003200,8.3164003200,8.3164003200,8.3164003200,60708,1660970.0000,0.242400,10.012100
2019-10-28,9.1492562000,9.1492562000,9.1492562000,9.1492562000,388433,11691833.0000,1.551200,10.014600
2019-10-29,10.0641818200,10.0641818200,10.0641818200,10.0641818200,175237,5802097.0000,0.699800,10.000000
2019-10-30,11.0702960400,11.0702960400,11.0702960400,11.0702960400,393476,14330395.0000,1.571300,9.997000
2019-10-31,12.1767177200,12.1767177200,10.0641818200,11.9548254600,18109138,662701184.0000,72.318000,7.990100
2019-11-01,10.9426320000,11.8180425600,10.7602548000,10.9000773200,12769525,469449168.0000,50.994500,-8.822800
2019-11-04,10.9183150400,11.9913009000,10.8544830200,11.9913009000,12935464,486249904.0000,51.657100,10.011200
2019-11-05,11.8545180000,11.8788349600,10.7967302400,11.0338206000,13660248,512215744.0000,54.551500,-7.984800
2019-11-06,11.1493261600,11.3317033600,10.2982325600,11.0733356600,11525574,410020992.0000,46.026800,0.358100
2019-11-07,10.6994624000,10.9395923800,10.4866890000,10.7055416400,8878145,313396000.0000,35.454400,-3.321400
2019-11-08,10.8028094800,11.5110409400,10.6447492400,11.2405147600,12538863,457237728.0000,50.073300,4.997200
2019-11-11,10.8271264400,10.8514434000,10.1158553600,10.1188949800,10148997,345209520.0000,40.529500,-9.978400
2019-11-12,10.1036968800,10.3742230600,9.8818046200,10.3012721800,6919222,231110313.0000,27.631600,1.802300
2019-11-13,10.1827270000,10.5535606400,10.1219346000,10.3134306600,7378580,251853102.0000,29.466000,0.118000
2019-11-14,10.3863815400,10.6386700000,10.0824195400,10.2435194000,6944402,236217801.0000,27.732100,-0.677900
2019-11-15,10.2830344600,10.8088887200,10.1067365000,10.1067365000,8213436,282918704.0000,32.800000,-1.335300
2019-11-18,10.2982325600,10.4745305200,9.4896936400,9.7632594400,7654519,246411178.0000,30.567900,-3.398500
2019-11-19,9.6659916000,10.0915384000,9.5808822400,10.0246667600,7320090,236371708.0000,29.232400,2.677500
2019-11-20,10.0094686600,10.5626795000,9.9334781600,10.1067365000,8707072,292206240.0000,34.771300,0.818700
2019-11-21,9.7875764000,10.4562928000,9.6082388200,10.4106985000,7666382,250882028.0000,30.615300,3.007500
2019-11-22,10.1918458600,10.4258966000,9.9152404400,10.0641818200,7661939,257575670.0000,30.597600,-3.328500
2019-11-25,10.1219346000,10.2921533200,9.1067015200,9.2039693600,7222073,226136723.6100,28.841000,-8.547300
2019-11-26,8.9911959600,9.1948505000,8.5717284000,8.6173227000,6075953,176862387.6900,24.264000,-6.373800
2019-11-27,8.6355604200,8.7723433200,8.4683813200,8.6963528200,3796781,108037982.9100,15.162300,0.917100
2019-11-28,8.6264415600,8.7480263600,8.4866190400,8.5048567600,3782904,106744097.9900,15.106800,-2.202000
2019-11-29,8.6142830800,9.3559503600,8.5352529600,9.3559503600,6188242,183808485.5100,24.712400,10.007200
2019-12-02,9.4501785800,9.6021595800,8.9182450800,9.2009297400,7579441,228340005.7100,30.268100,-1.656900
2019-12-03,9.0884638000,9.2981975800,8.9273639400,9.1249392400,5072573,152025614.3800,20.257100,-0.825900
2019-12-04,9.2708410000,9.2981975800,8.8969677400,8.9911959600,4891293,146200612.1700,19.533100,-1.465700
2019-12-05,8.7541056000,9.1036619000,8.7024320600,9.0671864600,5265938,155117789.1000,21.029300,0.845200
2019-12-06,8.9668790000,9.2070089800,8.8148980000,8.8513734400,4399169,129845619.3200,17.567900,-2.380200
2019-12-09,8.8452942000,8.9060866000,8.6203623200,8.8908885000,3854973,111143321.3000,15.394600,0.446400
2019-12-10,8.8148980000,9.1644543000,8.7845018000,9.0763053200,5943902,176719410.9200,23.736700,2.085500
2019-12-11,9.0276714000,9.4228220000,8.9668790000,9.0732657000,5701958,171924048.4400,22.770500,-0.033500
2019-12-12,9.1249392400,9.3225145400,9.0155129200,9.0915034200,5082995,152780789.6100,20.298700,0.201000
2019-12-13,8.9364828000,9.1097411400,8.7571452200,9.0975826600,4020774,118689650.2200,16.056800,0.066900
2019-12-16,9.0884638000,9.2191674600,9.0519883600,9.1887712600,4428961,133367748.8600,17.686800,1.002300
2019-12-17,9.1918108800,9.2009297400,8.9729582400,9.1431769600,4610184,137916863.3900,18.410500,-0.496200
2019-12-18,9.0823845600,9.3620296000,9.0215921600,9.2404448000,5264630,159815134.1600,21.024000,1.063800
2019-12-19,9.2100486000,9.2495636600,8.8300961000,8.9091262200,4502043,133330610.8900,17.978700,-3.585500
2019-12-20,8.9060866000,9.0124733000,8.6811547200,8.6993924400,3281105,95050850.0500,13.102900,-2.354100
2019-12-23,8.6203623200,8.9121658400,8.3589550000,8.8240168600,3113741,89263886.8400,12.434600,1.432600
2019-12-24,8.7480263600,8.8452942000,8.6659566200,8.7784225600,1936420,55830779.4000,7.733000,-0.516700
2019-12-25,8.8483338200,8.9000073600,8.6477189000,8.6689962400,2536740,72803016.0300,10.130300,-1.246500
2019-12-26,8.6629170000,8.8726507800,8.5869265000,8.8027395200,3226942,92747941.1900,12.886600,1.542800
2019-12-27,8.7693037000,8.9212847000,8.7237094000,8.8939281200,3858663,111988420.7100,15.409400,1.035900
2019-12-30,8.7541056000,8.7753829400,8.4197474000,8.5565303000,2648223,74972385.0900,10.575500,-3.793600
2019-12-31,8.5747680200,8.6933132000,8.5474114400,8.5960453600,1495165,42365546.4100,5.970900,0.461800
2020-01-02,8.6386000400,9.0124733000,8.6112434600,8.8726507800,3678729,106766956.0800,14.690800,3.217800
2020-01-03,8.8392149600,9.7602198200,8.8392149600,9.7602198200,11511213,362516295.0500,45.969500,10.003400
2020-01-06,9.3650692200,9.7146255200,9.2191674600,9.5140106000,8464205,262931115.2100,33.801400,-2.522600
2020-01-07,9.4836144000,9.7814971600,9.3802673200,9.5687237600,6294356,198215215.0900,25.136200,0.575100
2020-01-08,9.4836144000,9.4836144000,9.0945430400,9.1644543000,4798461,145701296.9700,19.162400,-4.224900
2020-01-09,9.2647617600,9.3802673200,9.1492562000,9.3620296000,3467021,105854808.6000,13.845400,2.155900
2020-01-10,9.4015446600,9.4197823800,9.2039693600,9.2343655600,2538851,77569615.6100,10.138800,-1.363600
2020-01-13,9.2191674600,9.3437918800,9.1948505000,9.3346730200,2402386,73355511.2400,9.593800,1.086200
2020-01-14,9.3346730200,9.5322483200,9.1492562000,9.1492562000,3585381,109844890.7700,14.318000,-1.986300
2020-01-15,9.1370977200,9.2556429000,9.0671864600,9.2313259400,2085709,62934633.2900,8.329200,0.897000
2020-01-16,9.2282863200,9.2556429000,8.8209772400,8.8544130600,3219080,95738299.3800,12.855200,-4.083000
2020-01-17,8.8604923000,8.9486412800,8.6082038400,8.6720358600,2914924,83968336.3000,11.640600,-2.059700
2020-01-20,8.6811547200,8.8422545800,8.6082038400,8.7996999000,1783519,51298155.1200,7.122400,1.472100
2020-01-21,8.7541056000,8.8118583800,8.6082038400,8.6294811800,1668353,47624921.8000,6.662500,-1.934400
2020-01-22,8.5686887800,8.6507585200,8.4136681600,8.5747680200,1572033,44175570.5300,6.277800,-0.634000
2020-01-23,8.5565303000,8.5565303000,7.7692687200,7.8695761800,3189384,85286756.1400,12.736600,-8.224000
2020-02-03,7.0823146000,7.0823146000,7.0823146000,7.0823146000,174500,4065850.0000,0.696900,-10.003900
2020-02-04,6.3740831400,6.6324508400,6.3740831400,6.5108660400,3792733,81014700.2500,15.146100,-8.068700
2020-02-05,6.5199849000,6.8269865200,6.5199849000,6.7297186800,3241038,71484572.7100,12.942900,3.361300
2020-02-06,6.7783526000,7.0093637200,6.7084413400,6.9242543600,2743748,62336463.4900,10.957000,2.890700
2020-02-07,6.9242543600,7.3224445800,6.8543431000,7.2494937000,2522318,59049142.3700,10.072800,4.697100
2020-02-10,7.9759628800,7.9759628800,7.4501086200,7.5686538000,4106618,104555143.7000,16.399600,4.402500
2020-02-11,7.3771577400,7.8908535200,7.3285238200,7.6294462000,3612083,91839694.0100,14.424700,0.803200
2020-02-12,7.5412972200,7.6537631600,7.4470690000,7.5990500000,2782363,69356249.8900,11.111200,-0.398400
2020-02-13,7.5838519000,8.0701911000,7.5443368400,7.6902386000,2816413,72263039.5400,11.247200,1.200000
2020-02-14,7.7510310000,7.8847742800,7.6993574600,7.7814272000,2226207,57054031.6600,8.890200,1.185800
2020-02-17,7.7723083400,7.9577251600,7.7297536600,7.9151704800,2559561,66270073.7000,10.221500,1.718800
2020-02-18,7.7875064400,8.1127457800,7.7875064400,7.9546855400,2956192,77001519.5400,11.805400,0.499200
2020-02-19,7.9334082000,8.0276364200,7.8300611200,7.8300611200,2685068,70018120.9700,10.722700,-1.566700
2020-02-20,7.8999723800,7.8999723800,7.7145555600,7.8786950400,2331761,60114692.0600,9.311800,0.621100
2020-02-21,7.8817346600,8.0033194600,7.7723083400,7.9790025000,2446849,63859909.3800,9.771400,1.273100
2020-02-24,7.9030120000,8.0337156600,7.8513384600,7.9881213600,2102827,54949648.5400,8.397500,0.114300
2020-02-25,7.8422196000,7.8422196000,7.4774652000,7.7327932800,2666195,67497424.2600,10.647300,-3.196300
2020-02-26,7.5109010200,7.6993574600,7.4622671000,7.5321783600,2340161,58192252.9700,9.345300,-2.594300
2020-02-27,7.5564953200,7.6750405000,7.4105935600,7.4105935600,1721150,42469403.2000,6.873300,-1.614200
2020-02-28,7.1461466200,7.1461466200,6.7722733600,6.8695412000,2257472,51805959.2800,9.015100,-7.301100
2020-03-02,6.9911260000,7.2434144600,6.9546505600,7.1978201600,1422838,33380555.0600,5.682000,4.778800
2020-03-03,7.2829295200,7.4896236800,7.1795824400,7.3163653400,1335729,32315919.3500,5.334200,1.647000
2020-03-04,7.3194049600,7.7145555600,7.2525333200,7.6203273400,2435989,60337993.9800,9.728000,4.154500
2020-03-05,7.6020896200,7.7571102400,7.5382576000,7.6112084800,1919848,48138667.6500,7.666800,-0.119700
2020-03-06,7.5412972200,7.5960103800,7.4653067200,7.5169802600,1370761,33952118.4100,5.474100,-1.238000
2020-03-09,7.4531482400,7.8391799800,7.4197124200,7.5200198800,2487600,62427536.0000,9.934100,0.040400
2020-03-10,7.2890087600,7.6446443000,6.9911260000,7.6446443000,2558978,62024294.7000,10.219200,1.657200
2020-03-11,7.6507235400,7.8148630200,7.5686538000,7.7236744200,2535267,64260761.2200,10.124500,1.033800
2020-03-12,7.5382576000,7.6233669600,7.4561878600,7.5017821600,1704093,42209880.3200,6.805200,-2.872900
2020-03-13,7.1431070000,7.3467615400,7.0124033400,7.1826220600,1807961,42556810.6000,7.220000,-4.254500
2020-03-16,7.2403748400,7.4440293800,7.0306410600,7.1279089000,1971500,46977243.7800,7.873100,-0.761700
2020-03-17,7.1431070000,7.3285238200,6.7388375400,7.2707710400,2236873,52417770.3000,8.932800,2.004300
2020-03-18,7.4014747000,7.5960103800,7.2950880000,7.3862766000,3111403,76472061.3700,12.425200,1.588600
2020-03-19,7.3862766000,7.7814272000,7.3741181200,7.7753479600,4049938,101507292.1200,16.173200,5.267500
2020-03-20,7.3832369800,7.5929707600,7.2069390200,7.3680388800,5008022,121861432.1200,19.999300,-5.238500
2020-03-23,7.0640768800,7.1431070000,6.6324508400,6.6871640000,3072761,69515252.9400,12.270900,-9.240900
2020-03-24,6.8361053800,6.8361053800,6.4166378200,6.6233319800,2130656,46521329.4000,8.508700,-0.954500
2020-03-25,6.7357979200,6.7631545000,6.5990150200,6.6628470400,1801234,39538106.9800,7.193100,0.596600
2020-03-26,6.6111735000,6.6111735000,6.4835094600,6.4835094600,1547051,33304250.7900,6.178100,-2.691600
2020-03-27,6.5929357800,6.9546505600,6.5929357800,6.8391450000,3204493,71581933.0200,12.797000,5.485200
2020-03-30,6.6871640000,6.7114809600,6.4895887000,6.6172527400,1828723,39763218.5100,7.302900,-3.244400
2020-03-31,6.6750055200,6.7692337400,6.5959754000,6.6081338800,1188307,26016650.8100,4.745400,-0.137800
2020-04-01,7.2616521800,7.2616521800,6.7297186800,6.7783526000,3059734,70270001.0200,12.218900,2.575900
2020-04-02,7.0458391600,7.3558804000,6.8786600600,7.1735032000,4330861,100898493.2100,17.295100,5.829600
2020-04-03,7.2008597800,7.3862766000,6.9698486600,6.9880863800,3770900,88827275.0000,15.058900,-2.584700
2020-04-07,7.0792749800,7.1187900400,6.8999374000,7.0245618200,2917700,67038543.5600,11.651700,0.522000
2020-04-08,7.2950880000,7.7267140400,7.2950880000,7.7267140400,2584161,64810762.6200,10.319700,9.995700
2020-04-09,7.9759628800,8.4987775200,7.7327932800,8.3012022200,10288509,272451930.2600,41.086700,7.435100
2020-04-10,7.8695761800,7.8695761800,7.4713859600,7.4744255800,6921782,174183504.6800,27.641800,-9.959700
2020-04-13,7.4105935600,7.7206348000,7.3771577400,7.4744255800,2702356,66831528.1300,10.791700,0.000000
2020-04-14,7.7479913800,7.9030120000,7.6020896200,7.6871989800,4031379,102673454.8000,16.099100,2.846700
2020-04-15,7.5625745600,7.7206348000,7.3832369800,7.3832369800,3250656,80495642.1200,12.981300,-3.954100
2020-04-16,7.4835444400,7.5078614000,7.2008597800,7.3224445800,2506822,60398883.2400,10.010900,-0.823400
2020-04-17,7.3710785000,7.4592274800,7.2403748400,7.2677314200,1846100,44577399.0000,7.372300,-0.747200
2020-04-20,7.3254842000,7.3528407800,7.1978201600,7.3498011600,1637461,39191933.7200,6.539100,1.129200
2020-04-21,7.3832369800,7.3832369800,7.1978201600,7.2646918000,1940183,46418395.1100,7.748000,-1.158000
2020-04-22,7.0743628000,7.2393255200,6.9823643600,7.1251205600,2266900,50513644.4400,9.052800,-1.921400
2020-04-23,7.1187758400,7.2012572000,7.0236050400,7.0394668400,1395900,31186582.0000,5.574500,-1.202100
2020-04-24,6.9982261600,7.1029140400,6.6683007200,6.7888504000,1776300,38497503.0000,7.093600,-3.560200
2020-04-27,6.8237463600,6.8300910800,6.6429218400,6.6746454400,1214400,25751541.0000,4.849600,-1.682200
2020-04-28,6.6619560000,6.6651283600,6.0623799600,6.3447200000,1959661,39283775.6400,7.825800,-4.943000
2020-04-29,6.3415476400,6.5287168800,6.2273426800,6.4843038400,1234529,25006807.5400,4.930000,2.200000
2020-04-30,6.4874762000,6.6492665600,6.4081672000,6.5985088000,1085561,22567450.9700,4.335100,1.761200
2020-05-06,6.5985088000,6.6619560000,6.5033380000,6.6238876800,1319222,27488271.2800,5.268200,0.384600
2020-05-07,6.6207153200,6.7127137600,6.6016811600,6.6905072400,1005430,21107673.9000,4.015100,1.005800
2020-05-08,6.6778178000,6.8491252400,6.6270600400,6.7888504000,1305795,27707857.9800,5.214600,1.469900
2020-05-11,6.8047122000,6.9030553600,6.7729886000,6.8110569200,1282422,27694333.8800,5.121300,0.327100
2020-05-12,6.8110569200,6.9633302000,6.7951951200,6.9379513200,1490622,32349120.4500,5.952700,1.863100
2020-05-13,6.8903659200,7.0743628000,6.8174016400,6.9474684000,1681261,36732897.5000,6.714000,0.137200
2020-05-14,6.9411236800,7.1124311200,6.8776764800,7.0553286400,2016561,44613575.0000,8.053000,1.552500
2020-05-15,7.0616733600,7.2361531600,6.9157448000,6.9189171600,2054700,45678859.0000,8.205300,-1.933500
2020-05-18,6.9157448000,7.0648457200,6.7920227600,6.8681594000,1510100,32991034.5200,6.030500,-0.733600
2020-05-19,6.9220895200,7.0109156000,6.8713317600,6.9791920000,1161100,25406714.0000,4.636800,1.616600
2020-05-20,6.9474684000,7.1219482000,6.9220895200,6.9728472800,1702016,37690067.6000,6.796900,-0.090900
2020-05-21,6.9918814400,7.0109156000,6.7729886000,6.8205740000,1576009,34202914.6900,6.293700,-2.183800
2020-05-22,6.8205740000,6.8776764800,6.5667852000,6.7158861200,1201000,25434606.3900,4.796100,-1.534900
2020-05-25,6.6619560000,6.7634715200,6.5572681200,6.6111982400,864500,18054571.3900,3.452300,-1.558800
2020-05-26,6.6143706000,6.8364358000,6.6143706000,6.8332634400,1114284,23822446.6000,4.449800,3.358900
2020-05-27,6.8364358000,6.9062277200,6.7761609600,6.8554699600,933300,20121908.0000,3.727100,0.325000
2020-05-28,6.9030553600,6.9030553600,6.6460942000,6.7698162400,881561,18808540.9300,3.520500,-1.249400
2020-05-29,6.7634715200,6.8364358000,6.7000243200,6.7666438800,895961,19130239.2300,3.578000,-0.046900
2020-06-01,6.7888504000,6.9665025600,6.7888504000,6.9316066000,1322022,28737620.5700,5.279400,2.437900
2020-06-02,6.9474684000,7.0426392000,6.9030553600,6.9347789600,956261,20941275.1200,3.818800,0.045800
2020-06-03,6.9950538000,6.9950538000,6.8618146800,6.8776764800,987043,21521871.9500,3.941700,-0.823400
2020-06-04,6.9474684000,7.0902246000,6.8776764800,7.0299497600,1567104,34507729.2000,6.258200,2.214000
2020-06-05,7.0299497600,7.4582183600,6.9982261600,7.2076019200,3538044,80672201.6300,14.129000,2.527100
2020-06-08,7.2298084400,7.3471857600,7.1631888800,7.3281516000,2029649,46429765.1800,8.105300,1.672500
2020-06-09,7.3281516000,7.3281516000,7.0870522400,7.1251205600,1744738,39442011.5800,6.967500,-2.770600
2020-06-10,7.1060864000,7.1790506800,7.0045708800,7.0616733600,1082445,24091510.3100,4.322700,-0.890500
2020-06-11,6.9918814400,7.0838798800,6.8935382800,6.9157448000,1125876,24792975.2800,4.496100,-2.066500
2020-06-12,6.6936796000,6.8967106400,6.6334047600,6.8840212000,954521,20466038.0200,3.811800,-0.458700
2020-06-15,6.8681594000,7.0711904400,6.7285755600,6.7634715200,1428361,31022439.2300,5.704100,-1.751200
2020-06-16,6.8237463600,6.9569854800,6.7761609600,6.9094000800,1109858,24035746.1000,4.432200,2.157600
2020-06-17,6.9379513200,7.1092587600,6.9157448000,7.0489839200,1405997,31055413.6100,5.614800,2.020200
2020-06-18,7.0489839200,7.0775351600,6.9094000800,7.0013985200,1060100,23375545.0000,4.233500,-0.675100
2020-06-19,7.0045708800,7.0426392000,6.8871935600,6.9030553600,1083916,23704872.5200,4.328600,-1.404600
2020-06-22,7.0077432400,7.0077432400,6.6936796000,6.8998830000,1070900,23222943.0000,4.276600,-0.046000
2020-06-23,6.8522976000,6.9316066000,6.7825056800,6.8300910800,647116,13974917.7200,2.584200,-1.011500
2020-06-24,6.7602991600,6.8491252400,6.7349202800,6.7729886000,845800,18074099.0000,3.377700,-0.836000
2020-06-29,6.7254032000,6.7888504000,6.6302324000,6.7127137600,730300,15371750.0000,2.916400,-0.889900
2020-06-30,6.7285755600,6.8713317600,6.7095414000,6.8427805200,860100,18483962.0000,3.434800,1.937600
2020-07-01,6.8427805200,6.9252618800,6.7158861200,6.8015398400,802961,17212191.0900,3.206600,-0.602700
2020-07-02,6.7349202800,6.8998830000,6.7349202800,6.8681594000,853461,18402049.2800,3.408300,0.979500
2020-07-03,6.9030553600,7.0394668400,6.8713317600,7.0045708800,1347000,29521351.0000,5.379200,1.986100
2020-07-06,7.0965693200,7.2076019200,6.9601578400,7.1790506800,2175256,48817064.2100,8.686800,2.490900
2020-07-07,7.1378100000,7.2996003600,7.1378100000,7.2076019200,2306588,52572625.8700,9.211200,0.397700
2020-07-08,7.1695336000,7.4138053200,7.1124311200,7.3091174400,2319588,53121552.6300,9.263200,1.408500
2020-07-09,7.3091174400,7.4296671200,7.2678767600,7.3820817200,2883707,66851267.3900,11.515900,0.998300
2020-07-10,7.3281516000,7.4328394800,7.1504994400,7.1885677600,2702500,62107934.5300,10.792300,-2.621400
2020-07-13,7.2488426000,7.4455289200,7.2488426000,7.4201500400,3040672,70509327.9500,12.142800,3.221500
2020-07-14,7.4709078000,7.8008332400,7.4074606000,7.5978022000,5214012,124234720.7800,20.821900,2.394200
2020-07-15,7.5946298400,7.5946298400,7.2202913600,7.2424978800,3917354,90646403.2800,15.643800,-4.676400
2020-07-16,7.2520149600,7.2520149600,6.9791920000,6.9855367200,1838822,41209666.8400,7.343200,-3.548000
2020-07-17,6.9791920000,7.0553286400,6.8681594000,6.9125724400,1246400,27346545.9000,4.977400,-1.044500
2020-07-20,6.9665025600,7.0965693200,6.8998830000,7.0680180800,1274429,28203425.2500,5.089400,2.248700
2020-07-21,7.0997416800,7.1314652800,6.9791920000,7.0489839200,1096900,24389583.0000,4.380400,-0.269300
2020-07-22,7.0489839200,7.1092587600,6.9950538000,7.0077432400,1210861,26880605.5200,4.835500,-0.585100
2020-07-23,6.9538131200,7.0331221200,6.7634715200,6.9157448000,1535122,33269199.8500,6.130400,-1.312800
2020-07-24,6.9157448000,7.2932556400,6.8618146800,6.8967106400,2174970,48219713.5400,8.685600,-0.275200
2020-07-27,6.9189171600,7.0267774000,6.6778178000,6.7634715200,1454699,30996548.9500,5.809300,-1.931900
2020-07-28,6.7793333200,6.8681594000,6.7571268000,6.8300910800,756400,16227813.0000,3.020600,0.985000
2020-07-29,6.7729886000,6.9982261600,6.7729886000,6.9411236800,1160500,25234058.0200,4.634400,1.625600
2020-07-30,6.6936796000,6.8332634400,6.6809901600,6.7729886000,2057105,43677758.5700,8.214900,-2.422300
2020-07-31,6.7031966800,6.9728472800,6.7031966800,6.9189171600,1819883,39318124.8800,7.267600,2.154600
2020-08-03,7.0426392000,7.2551873200,6.9791920000,7.0775351600,2000661,44697784.2000,7.989500,2.292500
2020-08-04,7.1029140400,7.1504994400,6.9823643600,7.0807075200,1159500,25792576.0000,4.630400,0.044800
2020-08-05,7.0553286400,7.1790506800,7.0109156000,7.1695336000,1307444,29283557.8500,5.221200,1.254500
2020-08-06,7.1695336000,7.2012572000,6.9982261600,7.0870522400,1500200,33478850.0000,5.991000,-1.150400
2020-08-07,7.0743628000,7.1156034800,6.8047122000,6.8840212000,1429500,31141840.0000,5.708600,-2.864800
2020-08-10,6.8586423200,7.0077432400,6.8364358000,6.8840212000,1053900,23026255.0000,4.208700,0.000000
2020-08-11,6.8554699600,6.9411236800,6.6905072400,6.7571268000,1303700,27900758.4400,5.206300,-1.843300
2020-08-12,6.8047122000,6.8047122000,6.5128550800,6.6397494800,1582413,33057895.2500,6.319300,-1.737100
2020-08-13,6.6334047600,6.8047122000,6.6334047600,6.7285755600,814800,17255138.8700,3.253900,1.337800
2020-08-14,6.7634715200,6.7634715200,6.6365771200,6.7095414000,736400,15531358.0000,2.940800,-0.282900
2020-08-17,6.7254032000,6.8427805200,6.7158861200,6.7825056800,1168600,24956663.3900,4.666700,1.087500
2020-08-18,6.7825056800,6.8237463600,6.7412650000,6.7983674800,918400,19641380.0000,3.667600,0.233900
2020-08-19,6.8078845600,6.8332634400,6.7000243200,6.7063690400,960300,20485552.0000,3.834900,-1.353200
2020-08-20,6.6587836400,6.6651283600,6.5382339600,6.6270600400,910000,18946195.8000,3.634000,-1.182600
2020-08-21,6.6302324000,6.7507820800,6.6238876800,6.7285755600,840700,17732083.0000,3.357300,1.531800
2020-08-24,6.6936796000,6.8047122000,6.5540957600,6.7380926400,1056861,22238100.3000,4.220500,0.141400
2020-08-25,6.7825056800,7.1853954000,6.7285755600,7.0489839200,3731245,82266061.5200,14.900500,4.613900
2020-08-26,6.9950538000,7.6612494000,6.8871935600,7.4074606000,6326161,144189567.9300,25.263200,5.085500
2020-08-27,7.2678767600,7.6073192800,7.0521562800,7.5153208400,5838240,134645148.7400,23.314700,1.456100
2020-08-28,7.4804248800,7.6612494000,7.3122898000,7.4772525200,4165647,97867895.4900,16.635300,-0.506500
2020-08-31,7.4011158800,7.5819404000,7.1949124800,7.1949124800,3242734,75358355.4600,12.949700,-3.776000
2020-09-01,7.1409823600,7.3344963200,7.1219482000,7.2234637200,2405930,54750483.6000,9.608000,0.396800
2020-09-02,7.2234637200,7.6104916400,7.1695336000,7.4328394800,6296763,147941754.0700,25.145800,2.898600
2020-09-03,7.8040056000,8.9206763200,7.8040056000,8.9206763200,6586237,177606990.7100,26.301800,20.017100
2020-09-04,8.8826080000,9.8343160000,8.4067540000,8.6954387600,14918571,429656864.1200,59.576600,-2.524900
2020-09-07,8.4860630000,9.5139076400,8.4860630000,9.3584620000,11287986,319775723.7700,45.078000,7.625000
2020-09-08,8.9777788000,9.0348812800,8.1053798000,8.6097850400,8544466,233749455.7600,34.121900,-8.000000
2020-09-09,8.3433068000,9.2283952400,8.1973782400,8.6066126800,9101008,254156501.1000,36.344400,-0.036800
2020-09-10,8.3623409600,8.5653720000,6.8840212000,6.8935382800,8111139,190616154.7800,32.391400,-19.904200
2020-09-11,6.7444373600,6.9379513200,6.4018224800,6.8174016400,4463912,95000575.9200,17.826400,-1.104500
2020-09-14,6.8269187200,7.3535304800,6.7634715200,7.2647044000,5309629,119211257.3200,21.203700,6.561200
2020-09-15,7.1695336000,7.4518736400,7.0807075200,7.1917401200,3596961,81978158.1800,14.364300,-1.004400
2020-09-16,7.1378100000,7.7881438000,7.0140879600,7.4709078000,5513784,128152303.0800,22.019000,3.881800
2020-09-17,7.3915988000,7.6073192800,7.3218068800,7.3535304800,4046061,95155123.3700,16.157700,-1.571100
2020-09-18,7.3122898000,7.5755956800,7.1695336000,7.3249792400,3590088,83215603.7600,14.336800,-0.388300
2020-09-21,7.2678767600,7.4518736400,7.2424978800,7.3059450800,2288475,52851485.5100,9.138900,-0.259900
2020-09-22,7.1727059600,7.3757370000,7.1378100000,7.2298084400,2165595,49598237.3000,8.648200,-1.042100
2020-09-23,7.2520149600,7.9626236000,7.2488426000,7.9626236000,5292792,126512428.7500,21.136500,10.136000
2020-09-24,8.1751717200,8.4067540000,7.5755956800,7.8547633600,6953348,174296260.8700,27.767900,-1.354600
2020-09-25,7.8071779600,8.0419326000,7.5184932000,8.0102090000,5334376,131123889.7400,21.302600,1.979000
2020-09-28,8.0768285600,8.2195847600,7.7564202000,7.7722820000,4729001,118753388.5000,18.885000,-2.970300
2020-09-29,7.8040056000,8.1148968800,7.6009745600,8.0070366400,5789896,143189196.6500,23.121700,3.020400
2020-09-30,8.0070366400,8.7557136000,7.9467618000,8.2798596000,7362300,193445272.8400,29.401000,3.407300
2020-10-09,8.1846888000,8.4828906400,8.0990350800,8.2164124000,8503093,221257638.3000,33.956700,-0.766300
2020-10-12,8.0641391200,8.3750304000,7.6200087200,8.3718580400,6735786,170557837.5300,26.899000,1.891900
2020-10-13,8.1942058800,8.3179279200,7.9943472000,8.2164124000,5312820,136233281.6000,21.216500,-1.856800
2020-10-14,8.1846888000,8.3528238800,7.8040056000,7.8452462800,4450920,112248305.6000,17.774500,-4.517400
2020-10-15,7.9150382000,7.9150382000,7.3947711600,7.5216655600,3199600,76707677.4600,12.777400,-4.124500
2020-10-16,7.5026314000,7.6739388400,7.3979435200,7.5755956800,2083820,49719714.6000,8.321600,0.717000
2020-10-19,7.5755956800,7.7151795200,7.4931143200,7.6326981600,1891974,45429814.2000,7.555500,0.753800
2020-10-20,7.5629062400,7.9118658400,7.3281516000,7.7976608800,3168981,76018849.2100,12.655200,2.161300
2020-10-21,7.7976608800,8.8191608000,7.7627649200,8.3559962400,8046579,211067456.8000,32.133600,7.160300
2020-10-22,8.1846888000,9.7708688000,8.1053798000,8.9777788000,10357001,292459823.4000,41.360200,7.441200
2020-10-23,8.6319915600,9.0380536400,8.4067540000,8.6478533600,8464181,232096196.1200,33.801300,-3.674900
2020-10-26,8.4892353600,8.7493688800,8.2481360000,8.6383362800,5767548,155023768.8600,15.623400,-0.110100
2020-10-27,8.5399931200,8.5399931200,8.0609667600,8.3211002800,4221100,110113859.0000,11.434300,-3.672400
2020-10-28,8.2988937600,8.4321328800,7.9943472000,8.2481360000,2985956,77051406.3400,8.088500,-0.876900
2020-10-29,8.0102090000,8.0514496800,7.6771112000,7.8737975200,3728255,92183834.3900,10.099300,-4.538500
2020-10-30,7.8674528000,7.9182105600,7.4011158800,7.4296671200,2698000,64884552.0000,7.308500,-5.640600
2020-11-02,7.4550460000,7.6485599600,7.3820817200,7.6326981600,2189783,52203233.7800,5.931800,2.732700
2020-11-03,7.6771112000,7.9626236000,7.5406997200,7.9626236000,3197161,78428133.9600,8.660600,4.322500
2020-11-04,7.9340723600,8.0736562000,7.7722820000,7.8103503200,2693222,67103042.6600,7.295500,-1.912400
2020-11-05,7.8357292000,9.3711514400,7.7817990800,8.8921250800,9294410,258234141.5400,25.177200,13.850500
2020-11-06,8.8889527200,8.9809511600,8.2988937600,8.4860630000,6248600,167326912.7000,16.926500,-4.566500
2020-11-09,8.5019248000,8.6288192000,8.3908922000,8.4067540000,5380400,144262942.0000,14.574700,-0.934600
2020-11-10,8.7176452800,10.0024510800,8.7176452800,9.2442570400,10444182,303364424.8700,28.291800,9.962300
2020-11-11,8.8318502400,9.1554309600,8.3115832000,8.4353052400,7426664,203447714.1100,20.117700,-8.750900
2020-11-12,9.0126747600,9.9802445600,8.8255055200,9.0792943200,7831794,227295983.8800,21.215200,7.634400
2020-11-13,8.8921250800,10.6591296000,8.8921250800,9.7550070000,13471006,419541052.9100,36.491000,7.442300
2020-11-16,9.5773548400,10.6020271200,9.4314262800,10.0754153600,12964994,404213052.1700,35.120300,3.284600
2020-11-17,9.6756980000,9.7867306000,9.0475707200,9.4758393200,9080845,267197630.2200,24.598700,-5.950900
2020-11-18,9.2886700800,9.3584620000,8.8350226000,9.1554309600,7022926,200617099.9000,19.024100,-3.381300
2020-11-19,8.9619170000,9.1078455600,8.7208176400,8.9746064400,5041265,141763412.9000,13.656000,-1.975100
2020-11-20,9.0285365600,9.2632912000,8.8508844000,9.1141902800,4780061,136721326.8500,12.948500,1.555300
2020-11-23,8.9428828400,8.9460552000,8.5050971600,8.5780614400,4868461,133165109.4400,13.187900,-5.882400
2020-11-24,8.5653720000,8.6351639200,8.2513083600,8.2957214000,3497700,92416560.0000,9.474800,-3.291400
2020-11-25,8.3686856800,8.6954387600,8.3084108400,8.6859216800,4969311,134167547.3300,13.461100,4.703600
2020-11-26,8.5653720000,8.6161297600,8.1846888000,8.3623409600,3602561,94855349.0200,9.758800,-3.725300
2020-11-27,8.3179279200,8.3908922000,7.9467618000,8.0260708000,3207461,82227754.2500,8.688500,-4.021200
2020-11-30,7.9309000000,8.3274450000,7.9277276400,8.1846888000,2717800,69982480.0000,7.362100,1.976300
2020-12-01,8.1497928400,8.5241313200,8.0292431600,8.4511670400,4000900,105677851.0000,10.837800,3.255800
2020-12-02,8.3655133200,8.5590272800,8.2798596000,8.4987524400,2822905,74734845.1000,7.646800,0.563100
2020-12-03,8.4448223200,8.5304760400,8.1053798000,8.1053798000,3090300,80872287.9700,8.371200,-4.628600
2020-12-04,8.0895180000,8.1466204800,7.7944885200,7.8040056000,3735166,92841950.8400,10.118000,-3.718200
2020-12-07,7.9657959600,8.0133813600,7.8103503200,7.8357292000,1613500,40083670.0000,4.370700,0.406500
2020-12-08,7.8579357200,8.0324155200,7.6326981600,7.9911748400,2805400,69374427.0000,7.599400,1.983800
2020-12-09,7.9309000000,8.0006919200,7.4899419600,7.5343550000,2763300,67071716.0000,7.485400,-5.716600
2020-12-10,7.6136640000,7.7437307600,7.3218068800,7.3535304800,2939800,69209566.0000,7.963500,-2.400000
2020-12-11,7.2869109200,7.3598752000,6.9823643600,7.1187758400,3235600,72644662.0000,8.764800,-3.192400
2020-12-14,7.1187758400,7.2266360800,6.9855367200,7.0933969600,1975750,44204158.0000,5.352000,-0.356500
2020-12-15,7.1600165200,7.1980848400,7.0013985200,7.0109156000,1349850,30027568.5000,3.656500,-1.162800
2020-12-16,7.0109156000,7.0458115600,6.7285755600,6.7698162400,2342500,50271308.0000,6.345500,-3.438900
2020-12-17,6.8776764800,6.9601578400,6.6714730800,6.9316066000,2024350,43727751.5000,5.483700,2.389900
2020-12-18,6.8713317600,6.9379513200,6.6873348800,6.6873348800,1541800,32933960.0000,4.176500,-3.524000
2020-12-21,6.7031966800,6.8237463600,6.5350616000,6.7698162400,1227000,26073783.0000,3.323800,1.233400
2020-12-22,6.7063690400,7.0489839200,6.6873348800,6.7507820800,2000300,43118385.0000,5.418500,-0.281200
2020-12-23,6.6619560000,6.7888504000,5.3993567200,6.3193411200,2775206,56529588.3400,7.517600,-6.391000
2020-12-24,6.4081672000,6.4081672000,5.9132790400,5.9703815200,2838100,54223352.5000,7.688000,-5.522100
2020-12-25,6.0211392800,6.2654110000,5.8688660000,6.1702402000,1948015,37609119.5000,5.276900,3.347500
2020-12-28,6.1702402000,6.2114808800,5.8371424000,5.8783830800,1627900,30545966.0000,4.409700,-4.730100
2020-12-29,5.9164514000,6.1194824400,5.7736952000,5.9735538800,1332900,25244246.0000,3.610600,1.619000
2020-12-30,6.0243116400,6.0243116400,5.8498318400,5.8974172400,956600,17794229.0000,2.591300,-1.274600
2020-12-31,5.9640368000,6.1416889600,5.8339700400,6.0528628800,1547700,29338721.0000,4.192500,2.635800
2021-01-04,5.9894156800,6.2305150400,5.9640368000,6.1004482800,1391000,26724877.0000,3.768000,0.786200
2021-01-05,6.0370010800,6.1194824400,5.9005896000,5.9735538800,1272700,24049561.0000,3.447600,-2.080100
2021-01-06,5.9735538800,5.9735538800,5.6848691200,5.7483163200,1453600,26567351.0000,3.937600,-3.770600
2021-01-07,5.7578334000,5.7610057600,5.3073582800,5.3073582800,1898661,32726918.4500,5.143200,-7.671100
2021-01-08,5.2248769200,5.5135616800,5.1614297200,5.3232200800,1584700,26699590.0000,4.292700,0.298900
2021-01-11,5.1868086000,5.2946688400,4.9996393600,5.0250182400,1640700,26386801.0000,4.444400,-5.601900
2021-01-12,4.9932946400,5.3137030000,4.8790896800,4.9488816000,1497494,23987628.2800,4.056500,-1.515200
2021-01-13,4.9647434000,5.0186735200,4.7268164000,4.8029530400,1604700,24509000.0000,4.346900,-2.948700
2021-01-14,4.8029530400,4.9139856400,4.7236440400,4.8219872000,1426200,21661347.0000,3.863400,0.396300
2021-01-15,4.8283319200,5.1297061200,4.8283319200,5.0535694800,2084200,33137612.1800,5.645800,4.802600
2021-01-18,5.0535694800,5.3485989600,4.9964670000,5.3295648000,2169500,35594409.0000,5.876900,5.461400
2021-01-19,5.3168753600,6.2146532400,5.2661176000,5.6277666400,5277900,95014243.7000,14.297100,5.595200
2021-01-20,5.6214219200,5.7451439600,5.3105306400,5.4659762800,3417139,59534116.0800,9.256500,-2.874900
2021-01-21,5.4215632400,5.5135616800,5.2407387200,5.2502558000,2536800,42693700.0000,6.871800,-3.946600
2021-01-22,5.3295648000,5.3549436800,5.2090151200,5.2502558000,1547650,25821412.5000,4.192400,0.000000
2021-01-25,5.3295648000,5.3834949200,5.1899809600,5.2661176000,1131800,18840434.4400,3.065900,0.302100
2021-01-26,5.2629452400,5.3834949200,5.0979825200,5.2407387200,1493328,24803206.6000,4.045200,-0.481900
2021-01-27,5.3644607600,5.3771502000,5.0948101600,5.1138443200,1431900,23592328.0000,3.878800,-2.421300
2021-01-28,5.0757760000,5.3485989600,4.9901222800,5.1233614000,1393500,22863077.0000,3.774800,0.186100
2021-01-29,5.1265337600,5.5199064000,5.0567418400,5.3517713200,2771328,46369749.7800,7.507100,4.458200
2021-02-01,5.3295648000,5.6087324800,5.2978412000,5.5008722400,2302000,39840293.0000,6.235800,2.786000
2021-02-02,5.5167340400,5.8022464400,5.4437697600,5.7039032800,2504411,44548710.8700,6.784100,3.690900
2021-02-03,5.6468008000,5.8656936400,5.5357682000,5.5452852800,1780572,31715966.0500,4.823300,-2.780900
2021-02-04,5.4754933600,5.5421129200,5.2026704000,5.2280492800,1925850,32450308.5000,5.216800,-5.720800
2021-02-05,5.2343940000,5.4405974000,5.2343940000,5.2692899600,1188900,19990550.0000,3.220600,0.788800
2021-02-08,5.3930120000,5.4279079600,5.2248769200,5.2819794000,1226206,20535140.9600,3.321600,0.240800
2021-02-09,5.3359095200,5.4437697600,5.2470834400,5.3612884000,1442600,24369941.0000,3.907800,1.501500
2021-02-10,5.3612884000,5.5738365200,5.3359095200,5.5167340400,1725200,29661555.0000,4.673300,2.899400
2021-02-18,5.6594902400,5.7768675600,5.5770088800,5.7102480000,1896400,34074994.0000,5.137100,3.507800
2021-02-19,5.7578334000,6.1734125600,5.7261098000,5.9894156800,3094600,58646655.0000,8.382800,4.888900
2021-02-22,5.9989327600,6.2812728000,5.9069343200,5.9323132000,2792300,53548660.0000,7.563900,-0.953400
2021-02-23,5.8720383600,6.0116222000,5.6499731600,5.6594902400,1860211,33866792.7900,5.039000,-4.598900
2021-02-24,5.7134203600,6.4906485600,5.6626626000,6.2209979600,4832477,92584626.8900,13.090500,9.921500
2021-02-25,6.1194824400,6.8205740000,6.0338287200,6.3510647200,4753666,95722569.4800,12.877000,2.090800
2021-02-26,6.2400321200,6.5287168800,6.1258271600,6.2971346000,2710850,53804563.0000,7.343300,-0.849200
2021-03-01,6.2146532400,6.7666438800,6.2146532400,6.5763022800,3700150,76757250.5000,10.023200,4.433200
2021-03-02,6.6302324000,6.6460942000,6.2685833600,6.3637541600,2164000,43481275.0000,5.862000,-3.232000
2021-03-03,6.3764436000,6.7254032000,6.2844451600,6.5509234000,3204961,66554225.5600,8.681800,2.941200
2021-03-04,6.4716144000,6.6429218400,6.3383752800,6.3827883200,2319500,47350020.0000,6.283200,-2.566600
2021-03-05,6.4335460800,6.7095414000,6.4240290000,6.4906485600,1782500,36966859.0000,4.828500,1.689900
2021-03-08,6.5128550800,6.6619560000,6.4430631600,6.5033380000,1501300,30921015.0000,4.066800,0.195500
2021-03-09,6.6302324000,6.6619560000,6.1892743600,6.3352029200,1859300,37829386.0000,5.036600,-2.585400
2021-03-10,6.3605818000,6.5667852000,5.9005896000,5.9576920800,2426723,46751755.3200,6.573600,-5.958900
2021-03-11,5.9576920800,6.3764436000,5.8530042000,6.3383752800,1812700,34948016.0000,4.910300,6.389800
2021-03-12,6.2844451600,6.4874762000,6.1607231200,6.2590662800,1161678,23009823.6000,3.146800,-1.251300
2021-03-15,6.1956190800,6.7412650000,6.1797572800,6.5858193600,3248278,67425399.3800,8.799100,5.220500
2021-03-16,6.6429218400,6.7888504000,6.4525802400,6.6746454400,2076800,43232060.0000,5.625700,1.348700
2021-03-17,6.6238876800,7.3947711600,6.5985088000,7.2234637200,5134900,114995449.0000,13.909700,8.222400
2021-03-18,7.2012572000,7.2583596800,6.8364358000,7.1695336000,3255150,72284002.0000,8.817700,-0.746600
2021-03-19,6.9887090800,7.6739388400,6.9887090800,7.4931143200,3778000,88521234.0000,10.234000,4.513300
2021-03-22,7.6200087200,8.2227571200,7.4550460000,8.1815164400,3757600,94493245.0000,10.178800,9.187100
2021-03-23,8.1148968800,8.1244139600,7.7722820000,7.8674528000,3205100,79998767.0000,8.682100,-3.838700
2021-03-24,7.8864869600,7.9721406800,7.5121484800,7.6326981600,2343900,57001727.0000,6.349300,-2.983900
2021-03-25,7.5311826400,7.8230397600,7.5026314000,7.5946298400,1288200,30911407.0000,3.489500,-0.498800
2021-03-26,7.6136640000,7.9562788800,7.5533891600,7.7500754800,1591800,39008215.0000,4.312000,2.046800
2021-03-29,7.6136640000,7.9943472000,7.5692509600,7.6961453600,1706900,41651730.0000,4.623700,-0.695900
2021-03-30,7.5978022000,7.8928316800,7.3122898000,7.3662199200,2022800,47322075.0000,5.479500,-4.286900
2021-03-31,7.5121484800,7.5311826400,7.2615320400,7.3186345200,1304154,30325337.4000,3.532800,-0.646000
2021-04-01,7.3249792400,7.4233224000,7.1695336000,7.3408410400,1058854,24299542.1200,2.868300,0.303400
2021-04-02,7.3408410400,7.3884264400,7.1409823600,7.1917401200,1291100,29332606.0000,3.497400,-2.031100
2021-04-06,7.2234637200,7.4106329600,7.1949124800,7.3186345200,853700,19619350.0000,2.312500,1.764400
2021-04-07,7.2361531600,7.3440134000,7.1885677600,7.2012572000,794300,18124646.0000,2.151600,-1.603800
2021-04-08,7.2710491200,7.3915988000,7.0489839200,7.0711904400,1250100,28343367.0000,3.386300,-1.806200
2021-04-09,7.0711904400,7.4804248800,6.9633302000,7.4391842000,1874900,42946375.0000,5.078800,5.204100
2021-04-12,7.4487012800,7.7405584000,7.3535304800,7.3915988000,1876600,44639680.0000,5.083400,-0.639700
2021-04-13,6.1416889600,7.1378100000,6.1416889600,6.4176842800,5165550,108566540.5000,13.992700,-13.176000
2021-04-14,6.4176842800,6.4811314800,5.6277666400,5.8307976800,5779550,107338146.5000,15.656000,-9.144800
2021-04-15,5.7165927200,5.8403147600,5.4596315600,5.5199064000,2841238,50097853.5100,7.696500,-5.331900
2021-04-16,5.6245942800,6.0306563600,5.5833536000,5.9005896000,2876400,52529745.0000,7.791700,6.896600
2021-04-19,5.7641781200,5.9989327600,5.7134203600,5.9640368000,2753600,50755028.0000,7.459100,1.075300
2021-04-20,5.7261098000,6.0877588400,5.7261098000,5.8054188000,1499600,27727348.0000,4.062200,-2.659600
2021-04-21,5.7324545200,5.9227961200,5.7324545200,5.7546610400,1029900,18884237.0000,2.789800,-0.874300
2021-04-22,5.7705228400,5.8942448800,5.6785244000,5.7546610400,1000200,18330900.0000,2.709400,0.000000
2021-04-23,5.7165927200,5.8212806000,5.5801812400,5.5960430400,1130700,20283704.0000,3.062900,-2.756300
2021-04-26,5.6119048400,5.7102480000,5.5040446000,5.5325958400,1120200,19783991.0700,3.034500,-1.133800
2021-04-27,5.5325958400,5.5325958400,5.5325958400,5.5325958400,0,0.0000,,0.000000
2021-04-28,4.9012962000,5.3549436800,4.6665415600,5.1043272400,4831697,73727382.8100,13.088400,-7.740800
2021-04-29,4.9996393600,5.1297061200,4.8124701200,4.8251595600,2219594,34403020.4600,6.012600,-5.469200
2021-04-30,4.8568831600,5.0503971200,4.7617123600,5.0028117200,1093464,17027211.5100,2.962000,3.681800
2021-05-06,5.0028117200,5.3517713200,4.8822620400,5.2343940000,731161,11861766.7900,1.980600,4.629000
2021-05-07,5.2343940000,5.7134203600,5.1899809600,5.6150772000,1206989,21228496.3000,3.269600,7.272700
2021-05-10,5.4279079600,5.9735538800,5.4279079600,5.7800399200,1164217,21384365.5100,3.153700,2.937900
2021-05-11,5.6499731600,5.8498318400,5.4723210000,5.5421129200,1238217,21810633.9400,3.354200,-4.116400
2021-05-12,5.5357682000,5.6150772000,5.4723210000,5.5389405600,402200,7013390.0000,1.089500,-0.057200
2021-05-13,5.4976998800,5.8339700400,5.4976998800,5.6277666400,567200,10230288.0000,1.536500,1.603700
2021-05-14,5.7261098000,5.7641781200,5.4976998800,5.6309390000,587200,10420403.0000,1.590600,0.056400
2021-05-17,4.5999220000,5.5040446000,4.5999220000,5.3930120000,616000,10409602.0000,1.668700,-4.225400
2021-05-18,5.5516300000,5.6119048400,5.3295648000,5.3708054800,480822,8241204.0400,1.302500,-0.411800
2021-05-19,5.4564592000,5.4564592000,4.9171580000,5.1550850000,718400,11762322.0000,1.946000,-4.016500
2021-05-20,5.1550850000,5.2026704000,4.9837775600,5.1392232000,393672,6294047.2800,1.066400,-0.307700
2021-05-21,5.1963256800,5.1963256800,5.0059840800,5.1011548800,213600,3417141.0000,0.578600,-0.740700
2021-05-24,5.0979825200,5.1550850000,5.0123288000,5.0377076800,240100,3835929.0000,0.650400,-1.243800
2021-05-25,5.0884654400,5.0884654400,4.9806052000,5.0186735200,261211,4130503.2500,0.707600,-0.377800
2021-05-26,4.9964670000,5.0599142000,4.9552263200,5.0028117200,306441,4825424.6300,0.830100,-0.316100
2021-05-27,5.0186735200,5.0408800400,4.9266750800,5.0218458800,375430,5924647.5000,1.017000,0.380500
2021-05-28,5.0218458800,5.1043272400,4.9171580000,4.9710881200,425000,6686985.3400,1.151300,-1.010700
2021-05-31,4.9996393600,5.0757760000,4.9203303600,5.0091564400,340340,5341564.3200,0.921900,0.765800
2021-06-01,5.0091564400,5.1646020800,5.0091564400,5.1582573600,400661,6407055.7300,1.085300,2.976600
2021-06-02,5.2978412000,5.3930120000,5.0281906000,5.0757760000,649000,10528149.0000,1.758000,-1.599000
2021-06-03,5.1074996000,5.1709468000,5.0630865600,5.0821207200,313600,5048168.0000,0.849500,0.125000
2021-06-04,5.0599142000,5.1170166800,4.9710881200,5.0028117200,252900,4033044.0000,0.685100,-1.560500
2021-06-07,5.0472247600,5.1043272400,5.0028117200,5.0662589200,238100,3791542.0000,0.645000,1.268200
2021-06-08,5.0852930800,5.2026704000,5.0503971200,5.1455679200,319561,5186275.4200,0.865600,1.565400
2021-06-09,5.2058427600,5.5421129200,5.1772915200,5.4596315600,872720,14788461.2000,2.364100,6.103600
2021-06-10,5.4596315600,5.6975585600,5.3390818800,5.3676331200,597074,10244464.4700,1.617400,-1.685100
2021-06-11,5.3834949200,5.4469421200,5.2914964800,5.2978412000,445520,7520542.0000,1.206900,-1.300200
2021-06-15,5.3359095200,5.3898396400,5.2470834400,5.3295648000,266800,4463957.0000,0.722700,0.598800
2021-06-16,5.4247356000,5.4247356000,5.2407387200,5.2819794000,304600,5086092.0000,0.825100,-0.892900
2021-06-17,5.2629452400,5.3803225600,5.2629452400,5.2819794000,285361,4781563.2100,0.773000,0.000000
2021-06-18,5.2978412000,5.4564592000,5.2661176000,5.4564592000,279802,4737023.8600,0.757900,3.303300
2021-06-21,5.4723210000,5.5674918000,5.4691486400,5.5103893200,382000,6622703.0000,1.034800,0.988400
2021-06-22,5.5040446000,5.6721796800,5.5040446000,5.6594902400,323300,5738000.0000,0.875800,2.705800
2021-06-23,5.8688660000,5.9798986000,5.6785244000,5.6943862000,614376,11180994.6800,1.664300,0.616600
2021-06-24,5.7134203600,5.9259684800,5.6816967600,5.8054188000,447276,8203310.8000,1.211600,1.949900
2021-06-25,5.8974172400,5.8974172400,5.7419716000,5.7895570000,413600,7577590.0000,1.120400,-0.273200
2021-06-28,5.7895570000,5.9925880400,5.5643194400,5.7959017200,317100,5817001.0000,0.859000,0.109600
2021-06-29,5.7927293600,5.8974172400,5.7165927200,5.8307976800,339600,6224914.0000,0.919900,0.602100
2021-06-30,5.8530042000,5.8530042000,5.7102480000,5.7578334000,524900,9551833.0000,1.421900,-1.251400
2021-07-01,5.7705228400,5.8847278000,5.5135616800,5.5706641600,413100,7373547.3000,1.119000,-3.250700
2021-07-02,5.5516300000,5.5928706800,5.4628039200,5.5008722400,389761,6766298.0300,1.055800,-1.252800
2021-07-05,5.4469421200,5.5484576400,5.4469421200,5.4628039200,298872,5156471.4000,0.809600,-0.692000
2021-07-06,5.4945275200,5.9640368000,5.4279079600,5.7641781200,734422,13305413.9800,1.989400,5.516800
2021-07-07,5.6341113600,5.9957604000,5.6341113600,5.9386579200,794600,14787760.1200,2.152500,3.027000
2021-07-08,5.9259684800,5.9957604000,5.7261098000,5.7959017200,482300,8862467.0000,1.306500,-2.403800
2021-07-09,5.7959017200,5.9005896000,5.6468008000,5.8212806000,384312,7030112.8400,1.041000,0.437900
2021-07-12,5.8022464400,5.8022464400,5.7229374400,5.7483163200,372500,6761611.0000,1.009000,-1.253400
2021-07-13,5.7546610400,5.7641781200,5.6626626000,5.7356268800,190300,3432412.7600,0.515500,-0.220800
2021-07-14,5.7039032800,5.7610057600,5.6816967600,5.7039032800,189400,3409017.0000,0.513100,-0.553100
2021-07-15,5.7039032800,5.7356268800,5.6182495600,5.6785244000,185900,3327606.0000,0.503600,-0.444900
2021-07-16,5.7578334000,5.7578334000,5.6182495600,5.6499731600,270500,4812622.0000,0.732700,-0.502800
2021-07-19,5.7895570000,5.7895570000,5.5452852800,5.7134203600,295900,5305175.4500,0.801600,1.123000
2021-07-20,5.5579747200,5.7261098000,5.5579747200,5.7070756400,176761,3163549.5600,0.478800,-0.111000
2021-07-21,5.7863846400,5.8276253200,5.6563178800,5.7356268800,192800,3489305.0000,0.522300,0.500300
2021-07-22,5.6658349600,5.7546610400,5.6087324800,5.6912138400,289502,5177744.7800,0.784200,-0.774300
2021-07-23,5.7070756400,5.7070756400,5.6245942800,5.6785244000,219200,3909368.0000,0.593800,-0.223000
2021-07-26,5.6309390000,5.6341113600,5.5516300000,5.5865259600,332561,5862685.2100,0.900900,-1.620100
2021-07-27,5.6150772000,5.6943862000,5.5611470800,5.5643194400,245200,4350320.0000,0.664200,-0.397500
2021-07-28,5.5452852800,5.5452852800,5.0059840800,5.0757760000,933294,15317276.0600,2.528200,-8.779900
2021-07-29,5.0757760000,5.3961843600,5.0757760000,5.3454266000,281000,4651905.0000,0.761200,5.312500
2021-07-30,5.3930120000,5.3930120000,5.1963256800,5.3010135600,252700,4181902.0000,0.684500,-0.830900
2021-08-02,5.3010135600,5.3041859200,5.1170166800,5.1994980400,335700,5509634.0000,0.909400,-1.915000
2021-08-03,5.1994980400,5.1994980400,4.9901222800,5.0757760000,405500,6514132.0000,1.098400,-2.379500
2021-08-04,5.0726036400,5.1836362400,5.0059840800,5.0757760000,179400,2872461.0000,0.486000,0.000000
2021-08-05,4.9901222800,5.1233614000,4.9901222800,5.1043272400,268994,4296649.4800,0.728700,0.562500
2021-08-06,5.1709468000,5.1709468000,4.9964670000,5.0757760000,223600,3559922.0000,0.605700,-0.559400
2021-08-09,5.1011548800,5.7610057600,5.0757760000,5.6468008000,778294,13518613.8200,2.108300,11.250000
2021-08-10,5.6404560800,5.6404560800,5.4437697600,5.5135616800,326700,5675550.0000,0.885000,-2.359600
2021-08-11,5.7102480000,5.7229374400,5.4310803200,5.4596315600,255600,4465341.0000,0.692400,-0.978100
2021-08-12,5.4247356000,5.5040446000,5.3676331200,5.4754933600,332400,5673615.0000,0.900400,0.290500
2021-08-13,5.4754933600,5.5294234800,5.3390818800,5.4057014400,239700,4072010.0000,0.649300,-1.274600
2021-08-16,5.3930120000,5.4913551600,5.2819794000,5.3898396400,196500,3358673.0000,0.532300,-0.293400
2021-08-17,5.3771502000,5.4723210000,5.3612884000,5.4120461600,152300,2593577.0000,0.412600,0.412000
2021-08-18,5.4120461600,5.6341113600,5.3549436800,5.4913551600,308561,5313575.9100,0.835800,1.465400
2021-08-19,5.4501144800,5.6023877600,5.4501144800,5.4850104400,237661,4123050.9800,0.645000,-0.115500
2021-08-20,5.4913551600,5.4913551600,5.2026704000,5.3263924400,260800,4362441.0000,0.707800,-2.891800
2021-08-23,5.3295648000,5.3803225600,5.1963256800,5.3010135600,140900,2342543.0000,0.382400,-0.476500
2021-08-24,5.3010135600,5.3517713200,5.2756346800,5.2978412000,176600,2952141.0000,0.479300,-0.059800
2021-08-25,5.2946688400,5.3137030000,5.2597728800,5.2978412000,195000,3247425.0000,0.529300,0.000000
2021-08-26,5.2502558000,5.3676331200,5.2439110800,5.3612884000,236500,3955278.0000,0.641900,1.197600
2021-08-27,5.3612884000,5.3930120000,5.2978412000,5.3644607600,151100,2552097.0000,0.410100,0.059200
2021-08-30,5.3771502000,5.4437697600,5.2851517600,5.4437697600,293161,4981123.0200,0.795700,1.478400
2021-08-31,5.3961843600,5.4564592000,5.3263924400,5.3612884000,239800,4055694.0000,0.650800,-1.515200
2021-09-01,5.3930120000,5.5008722400,5.3771502000,5.4501144800,352061,6054386.2000,0.955500,1.656800
2021-09-02,5.5357682000,5.5452852800,5.3517713200,5.4247356000,277500,4729719.0000,0.753200,-0.465700
2021-09-03,5.4564592000,5.4564592000,5.3485989600,5.3739778400,147361,2503146.5600,0.400000,-0.935700
2021-09-06,5.3930120000,5.6055601200,5.3612884000,5.5992154000,532634,9250260.1300,1.445600,4.191300
2021-09-07,5.5992154000,5.9576920800,5.5992154000,5.9005896000,1327162,24518027.4200,3.602100,5.382400
2021-09-08,5.9132790400,6.9379513200,5.9037619600,6.6619560000,2069950,42412161.0000,5.618100,12.903200
2021-09-09,6.4494078800,7.1060864000,6.4494078800,6.9918814400,1542705,33621993.5600,4.187100,4.952400
2021-09-10,7.0426392000,7.1060864000,6.8269187200,6.9950538000,699550,15344625.0100,1.898700,0.045400
2021-09-13,6.9791920000,7.1378100000,6.7412650000,7.0838798800,628850,13719113.0000,1.706800,1.269800
2021-09-14,7.0458115600,7.2964280000,6.7380926400,6.7444373600,659612,14537249.4900,1.790300,-4.791800
2021-09-15,6.7254032000,6.8047122000,6.5287168800,6.5445786800,317983,6615883.9300,0.863000,-2.963300
2021-09-16,6.4969932800,6.6302324000,6.3003069600,6.3129964000,474600,9657352.0000,1.288100,-3.538500
2021-09-17,6.3129964000,6.3764436000,5.9608644400,6.0909312000,650700,12548380.0000,1.766100,-3.517600
2021-09-22,6.0909312000,6.0909312000,5.9640368000,6.0116222000,473100,8954541.0000,1.284000,-1.302100
2021-09-23,5.9862433200,6.2146532400,5.9798986000,6.1543784000,494800,9476135.0000,1.342900,2.374700
2021-09-24,6.3161687600,6.3161687600,5.9957604000,6.0116222000,302200,5771173.0000,0.820200,-2.319600
2021-09-27,6.0750694000,6.0909312000,5.6880414800,5.6975585600,716700,13253679.0000,1.945200,-5.224300
2021-09-28,5.6912138400,5.8561765600,5.5135616800,5.7578334000,424672,7513808.2000,1.152600,1.057900
2021-09-29,5.7356268800,5.7736952000,5.5992154000,5.6658349600,229700,4119440.0000,0.623400,-1.597800
2021-09-30,5.6626626000,5.9005896000,5.6626626000,5.8339700400,286300,5223031.0000,0.777000,2.967500
2021-10-08,5.9576920800,6.6270600400,5.8561765600,6.4398908000,562100,11181427.0000,1.525600,10.386100
2021-10-11,6.4081672000,7.0838798800,6.3034793200,6.8681594000,606500,12824619.0000,1.646100,6.650200
2021-10-12,6.9982261600,6.9982261600,6.5889917200,6.6905072400,438300,9321815.0000,1.189600,-2.586600
2021-10-13,6.6905072400,6.8491252400,6.5255445200,6.7539544400,278100,5832207.0000,0.754800,0.948300
2021-10-14,6.5667852000,6.7349202800,6.4589249600,6.5953364400,295700,6120611.0000,0.802600,-2.348500
2021-10-15,6.4589249600,6.7254032000,6.3161687600,6.3383752800,542300,11002167.0000,1.471900,-3.896100
2021-10-18,6.3415476400,6.5191998000,6.1353442400,6.3447200000,293761,5887306.9000,0.797300,0.100100
2021-10-19,6.1765849200,6.4018224800,6.1765849200,6.3447200000,229500,4589080.0000,0.622900,0.000000
2021-10-20,6.3478923600,6.4049948400,6.2654110000,6.3352029200,169000,3378589.0000,0.458700,-0.150000
2021-10-21,6.3034793200,6.4049948400,6.1956190800,6.2971346000,160200,3193957.0000,0.434800,-0.600900
2021-10-22,6.3098240400,6.4398908000,6.2432044800,6.3225134800,152900,3049620.0000,0.415000,0.403000
2021-10-25,6.3225134800,6.4113395600,6.3034793200,6.3700988800,258300,5174026.0000,0.701100,0.752600
2021-10-26,6.3700988800,6.3700988800,6.0179669200,6.1321718800,441200,8554174.0000,1.197500,-3.735100
2021-10-27,6.0433458000,6.1385166000,6.0338287200,6.0655523200,126800,2429775.0000,0.344100,-1.086400
2021-10-28,6.0306563600,6.0623799600,5.8498318400,5.8688660000,242300,4550863.0000,0.657600,-3.242700
2021-10-29,5.8434871200,5.9354855600,5.8307976800,5.8307976800,229400,4248762.0000,0.622600,-0.648600
2021-11-01,5.8307976800,5.9259684800,5.7197650800,5.9259684800,192500,3545653.0000,0.522500,1.632200
2021-11-02,5.8688660000,5.9703815200,5.8403147600,5.9005896000,255250,4748380.0000,0.692800,-0.428300
2021-11-03,5.9164514000,6.3764436000,5.9164514000,6.3764436000,437911,8570971.6100,1.188500,8.064500
2021-11-04,6.4240290000,6.4240290000,6.2432044800,6.3542370800,289661,5799069.4400,0.786200,-0.348300
2021-11-05,6.2812728000,6.3478923600,6.2178256000,6.2178256000,279250,5524440.0000,0.757900,-2.146800
2021-11-08,6.3478923600,6.5033380000,6.3003069600,6.5033380000,428300,8635849.0000,1.162500,4.591800
2021-11-09,6.5033380000,6.5255445200,6.3574094400,6.4557526000,178300,3622022.0000,0.483900,-0.731700
2021-11-10,6.3764436000,6.5033380000,6.3764436000,6.4620973200,147500,2993262.0000,0.400300,0.098300
2021-11-11,6.4113395600,6.6714730800,6.4113395600,6.6429218400,319400,6637695.0000,0.866900,2.798200
2021-11-12,6.7254032000,6.7254032000,6.5445786800,6.6365771200,437783,9191145.3600,1.188200,-0.095500
2021-11-15,6.4684420400,6.7571268000,6.4684420400,6.6651283600,300261,6360258.0000,0.814900,0.430200
2021-11-16,6.5985088000,6.8713317600,6.5985088000,6.7254032000,106000,2249688.0000,0.287700,0.904300
2021-11-17,6.7254032000,7.0838798800,6.5350616000,6.9442960400,1020461,22318283.9200,2.769600,3.254700
2021-11-18,6.9157448000,7.5089761200,6.9157448000,6.9791920000,857700,19277081.0000,2.327900,0.502500
2021-11-19,6.9791920000,6.9791920000,6.8491252400,6.8491252400,324100,7035917.0000,0.879600,-1.863600
2021-11-22,6.8459528800,7.1124311200,6.7634715200,7.0489839200,397822,8702142.1200,1.079700,2.918000
2021-11-23,7.0489839200,7.1156034800,6.9157448000,6.9728472800,199900,4413778.0000,0.542600,-1.080100
2021-11-24,6.8491252400,7.0140879600,6.8491252400,6.8840212000,140900,3069680.0000,0.382400,-1.273900
2021-11-25,6.9125724400,6.9125724400,6.7729886000,6.7825056800,167600,3599150.0000,0.454900,-1.474700
2021-11-26,6.7063690400,6.7539544400,6.6175429600,6.6714730800,182000,3813399.0000,0.494000,-1.637000
2021-11-29,6.3510647200,6.6587836400,6.2495492000,6.4716144000,300522,6152394.3600,0.815600,-2.995700
2021-11-30,6.5033380000,6.6143706000,6.4176842800,6.5604404800,235300,4824427.0000,0.638600,1.372500
2021-12-01,6.5540957600,6.7031966800,6.4081672000,6.5287168800,207900,4281092.0000,0.564300,-0.483600
2021-12-02,6.4145119200,6.5667852000,6.3923054000,6.4620973200,320700,6542193.0000,0.870400,-1.020400
2021-12-03,6.6619560000,6.9411236800,6.3923054000,6.3923054000,338700,6991919.0000,0.919300,-1.080000
2021-12-06,6.3447200000,6.4906485600,6.1258271600,6.2305150400,314300,6211160.0000,0.853000,-2.531000
2021-12-07,6.2305150400,6.4018224800,6.0909312000,6.1987914400,277800,5408869.0000,0.754000,-0.509200
2021-12-08,6.1987914400,6.2812728000,6.1987914400,6.2368597600,142200,2792679.0000,0.385900,0.614100
2021-12-09,6.2527215600,6.3447200000,6.2209979600,6.2685833600,133600,2642397.0000,0.362600,0.508600
2021-12-10,6.2336874000,6.4716144000,6.2273426800,6.4018224800,190200,3828183.0000,0.516200,2.125500
2021-12-13,6.3129964000,6.3796159600,6.1797572800,6.2907898800,267200,5272450.0000,0.725200,-1.734400
2021-12-14,6.2083085200,6.4145119200,6.1385166000,6.3796159600,477400,9475975.0000,1.295700,1.412000
2021-12-15,6.4303737200,6.5001656400,6.2749280800,6.3447200000,244100,4905658.0000,0.662500,-0.547000
2021-12-16,6.3447200000,6.4969932800,6.3447200000,6.4494078800,305800,6194721.0000,0.830000,1.650000
2021-12-17,6.4398908000,6.4620973200,6.3669265200,6.3923054000,153911,3111723.6500,0.417700,-0.885400
2021-12-20,6.3796159600,6.4779591200,6.2781004400,6.3954777600,270100,5428110.0000,0.733100,0.049600
2021-12-21,6.4240290000,6.6238876800,6.3700988800,6.5636128400,336672,6898173.7200,0.913800,2.629000
2021-12-22,6.5636128400,6.6619560000,6.5287168800,6.5763022800,202911,4210740.3800,0.550700,0.193300
2021-12-23,6.5096827200,6.5350616000,6.4335460800,6.4557526000,112800,2299826.0000,0.306200,-1.833100
2021-12-24,6.4938209200,6.4969932800,6.3288582000,6.3447200000,172000,3444529.0000,0.466800,-1.719900
2021-12-27,6.4081672000,6.8269187200,6.3352029200,6.6302324000,584772,12000510.0400,1.587100,4.500000
2021-12-28,6.8205740000,6.8332634400,6.6016811600,6.6048535200,135100,2843827.0000,0.366700,-0.382800
2021-12-29,6.5858193600,6.7095414000,6.5858193600,6.6111982400,223400,4661611.0000,0.606300,0.096100
2021-12-30,6.6302324000,6.6936796000,6.5889917200,6.6587836400,255600,5362814.0000,0.693700,0.719800
2021-12-31,6.6619560000,6.8015398400,6.6334047600,6.7254032000,447642,9493211.9000,1.214900,1.000500
2022-01-04,6.8522976000,7.6041469200,6.7571268000,7.3630475600,1443867,32514268.4600,3.918800,9.481100
2022-01-05,7.4360118400,7.8547633600,7.2171190000,7.6802835600,1413303,33555094.0700,3.835900,4.308500
2022-01-06,7.6168363600,7.7088348000,7.2996003600,7.6168363600,571037,13636612.3400,1.549900,-0.826100
2022-01-07,7.6929730000,8.4321328800,7.6549046800,8.3686856800,1804272,46385866.9600,4.897000,9.870900
2022-01-10,8.4321328800,8.7747477600,8.2481360000,8.6605428000,1004572,27245689.3600,2.726500,3.487500
2022-01-11,8.6510257200,8.8508844000,8.5273036800,8.6510257200,703271,19254991.9300,1.908800,-0.109900
2022-01-12,8.6510257200,8.7684030400,8.5748890800,8.6510257200,837700,22959652.0000,2.273600,0.000000
2022-01-13,8.6573704400,9.3203936800,8.6256468400,8.6605428000,1411900,39944975.0000,3.832000,0.110000
2022-01-14,8.6541980800,8.8826080000,8.6097850400,8.8826080000,652471,17969629.2400,1.770900,2.564100
2022-01-17,8.7874372000,9.2632912000,8.7461965200,9.2601188400,939071,26587298.2900,2.548700,4.250000
2022-01-18,9.2188781600,9.3045318800,8.7557136000,9.0412260000,685565,19422962.4900,1.860700,-2.363800
2022-01-19,8.8191608000,9.0412260000,8.6922664000,8.7652306800,513500,14276690.0000,1.393700,-3.052600
2022-01-20,8.7493688800,8.7874372000,8.0958627200,8.4702012000,674498,17754239.9000,1.830700,-3.365900
2022-01-21,8.5558549200,8.5907508800,8.0895180000,8.3115832000,377100,9843032.0000,1.023500,-1.872700
2022-01-24,8.1053798000,8.4924077200,8.0260708000,8.3084108400,218700,5740999.0000,0.593600,-0.038200
2022-01-25,8.2037229600,8.3559962400,7.4931143200,7.7500754800,889200,21690639.0000,2.413400,-6.720100
2022-01-26,7.7310413200,7.8674528000,7.4550460000,7.6168363600,626000,15059217.0000,1.699000,-1.719200
2022-01-27,7.5787680400,7.6136640000,7.3915988000,7.5724233200,428300,10136946.0000,1.162500,-0.583100
2022-01-28,7.6295258000,7.7722820000,7.5058037600,7.6390428800,309900,7454366.4700,0.841100,0.879800
2022-02-07,7.6136640000,7.9340723600,7.6136640000,7.8389015600,421000,10377791.0000,1.142600,2.616300
2022-02-08,7.8928316800,7.8928316800,7.4867696000,7.5819404000,660100,15870253.0000,1.791600,-3.278000
2022-02-09,7.5819404000,7.6866282800,7.5026314000,7.6802835600,168500,4040945.0000,0.457300,1.297100
2022-02-10,7.7088348000,7.7310413200,7.5058037600,7.6263534400,482553,11503148.7100,1.309700,-0.702200
2022-02-11,7.5121484800,7.6390428800,7.0711904400,7.5121484800,237700,5589754.0000,0.645100,-1.497500
2022-02-14,7.5089761200,8.3242726400,7.4328394800,7.8325568400,559200,13762144.0000,1.517700,4.265200
2022-02-15,7.8928316800,7.9150382000,7.7437307600,7.7469031200,256800,6328475.0000,0.697000,-1.093600
2022-02-16,7.7088348000,7.8325568400,7.7088348000,7.8071779600,198300,4860962.0000,0.538200,0.778100
2022-02-17,7.8071779600,7.8071779600,7.4994590400,7.6898006400,589800,14166413.0000,1.600800,-1.503500
2022-02-18,7.6739388400,7.7056624400,7.5851127600,7.7056624400,98600,2379648.0000,0.267600,0.206300
2022-02-21,7.6929730000,7.6929730000,7.5533891600,7.6073192800,186400,4470890.0000,0.505900,-1.276200
2022-02-22,7.3915988000,7.6929730000,7.3884264400,7.6739388400,246300,5862028.0000,0.668500,0.875700
2022-02-23,7.6231810800,7.8166950400,7.6200087200,7.6612494000,338200,8236511.0000,0.917900,-0.165400
2022-02-24,7.6136640000,7.7246966000,7.4709078000,7.6898006400,498200,11879492.0000,1.352200,0.372700
2022-02-25,7.6485599600,7.7088348000,7.6136640000,7.6549046800,156700,3789507.0000,0.425300,-0.453800
2022-02-28,7.7405584000,7.7469031200,7.5184932000,7.5184932000,167700,4011535.0000,0.455200,-1.782000
2022-03-01,7.4867696000,7.7405584000,7.4645630800,7.7405584000,159822,3835378.0000,0.433800,2.953600
2022-03-02,7.6834559200,7.8611080800,7.6834559200,7.8166950400,290561,7132464.0000,0.788600,0.983600
2022-03-03,7.8230397600,7.8230397600,7.6136640000,7.7437307600,191100,4641942.0000,0.518700,-0.933400
2022-03-04,7.7437307600,7.9309000000,7.6612494000,7.9245552800,426220,10552658.0000,1.156800,2.335100
2022-03-07,7.9245552800,7.9911748400,7.7722820000,7.8357292000,173600,4299356.0000,0.471200,-1.120900
2022-03-08,7.6802835600,7.9309000000,7.6326981600,7.9023487600,252000,6172407.0000,0.684000,0.850200
2022-03-09,7.9055211200,7.9309000000,7.2202913600,7.6644217600,477361,11499677.0000,1.295600,-3.010800
2022-03-10,7.7088348000,7.9626236000,7.7088348000,7.9245552800,253700,6308125.0000,0.688600,3.394000
2022-03-11,7.7754543600,7.9118658400,7.7310413200,7.8864869600,179200,4410516.0000,0.486400,-0.480400
2022-03-14,7.7405584000,7.7405584000,7.3979435200,7.7405584000,474200,11342156.0000,1.287000,-1.850400
2022-03-15,7.6136640000,7.6136640000,7.2837385600,7.2964280000,436100,10178480.0000,1.183600,-5.737700
2022-03-16,7.3471857600,7.4169776800,6.9823643600,7.3503581200,353900,8081732.0000,0.960500,0.739100
2022-03-17,7.3503581200,7.4899419600,7.1378100000,7.3471857600,269300,6275035.0000,0.730900,-0.043200
2022-03-18,7.3313239600,7.6675941200,7.2647044000,7.6104916400,426000,10140752.0000,1.156200,3.583800
2022-03-21,7.7183518800,8.0228984400,7.6453876000,7.9467618000,851000,21100350.0000,2.309700,4.418500
2022-03-22,7.9499341600,8.1846888000,7.8293844800,7.9531065200,717500,18092552.0000,1.947400,0.079800
2022-03-23,8.1244139600,8.2513083600,7.6136640000,7.6771112000,1182500,29709896.0000,3.212300,-3.470300
2022-03-24,7.5851127600,7.6136640000,7.4042882400,7.5660786000,640211,15224971.7000,1.739100,-1.446300
2022-03-25,7.5533891600,7.6739388400,7.4867696000,7.5882851200,278200,6645371.0000,0.755700,0.293500
2022-03-28,7.6295258000,7.6961453600,7.3567028400,7.3820817200,312900,7325916.0000,0.850000,-2.717400
2022-03-29,7.2773938400,7.4994590400,7.2773938400,7.3852540800,260400,6067382.0000,0.707400,0.043000
2022-03-30,7.3725646400,7.4994590400,6.9474684000,6.9823643600,1109000,25073890.0000,3.012600,-5.455300
2022-03-31,6.9538131200,7.0204326800,6.5445786800,6.5921640800,1050900,22321825.0000,2.854800,-5.588400
2022-04-01,6.5763022800,7.1219482000,6.5763022800,7.0299497600,939220,20344751.2000,2.551400,6.641000
2022-04-06,7.0362944800,7.2964280000,7.0299497600,7.1378100000,549200,12419182.9200,1.491900,1.534300
2022-04-07,7.0807075200,7.2996003600,7.0458115600,7.2520149600,349611,7976062.8000,0.949700,1.600000
2022-04-08,7.2488426000,7.3598752000,7.0775351600,7.2551873200,469411,10732657.4000,1.275200,0.043700
2022-04-11,7.2551873200,7.2551873200,7.2551873200,7.2551873200,,,,
2022-04-12,7.2837385600,7.2837385600,6.6905072400,7.1378100000,2233923,49033933.9000,6.068500,-1.617800
2022-04-13,7.1029140400,7.2964280000,6.7031966800,7.1060864000,1258723,27792001.0200,3.419300,-0.444400
2022-04-14,7.1409823600,7.1631888800,6.7888504000,6.8205740000,596411,13086528.4000,1.620200,-4.017900
2022-04-15,6.7825056800,7.5597338800,6.6936796000,7.2678767600,1723861,39449042.2500,4.682900,6.558100
2022-04-18,7.2678767600,7.2678767600,6.8840212000,6.9442960400,942261,20806150.7000,2.559700,-4.452200
2022-04-19,6.9411236800,7.0965693200,6.8681594000,6.9316066000,381400,8339225.0000,1.036100,-0.182700
2022-04-20,6.8776764800,7.0553286400,6.8110569200,6.8745041200,304900,6642353.0000,0.828300,-0.823800
2022-04-21,6.8840212000,6.8967106400,6.4208566400,6.5096827200,515366,10748680.8200,1.400000,-5.306900
2022-04-22,6.5509234000,6.5540957600,6.2178256000,6.2495492000,490150,9770572.0000,1.331500,-3.996100
2022-04-25,5.9481750000,6.1861020000,5.4183908800,5.4564592000,759200,13886234.0000,2.062400,-12.690400
2022-04-26,5.5611470800,5.7641781200,5.4564592000,5.4564592000,567600,9979478.0000,1.541900,0.000000
2022-04-27,5.4501144800,5.7070756400,5.3930120000,5.5516300000,695300,12174103.0000,1.888800,1.744200
2022-04-28,5.5516300000,5.6150772000,5.0567418400,5.1392232000,1125000,18529842.0000,3.056100,-7.428600
2022-04-29,5.2312216400,5.6816967600,5.1106719600,5.6055601200,1021800,17684701.0000,2.775700,9.074100
2022-05-05,5.5611470800,5.8434871200,5.4405974000,5.6785244000,452650,8092512.0000,1.229600,1.301600
2022-05-06,5.5865259600,5.8688660000,5.5516300000,5.6499731600,523300,9417317.0000,1.421500,-0.502800
2022-05-09,5.6214219200,6.1067930000,5.6214219200,5.9513473600,568800,10649630.0000,1.545100,5.334100
2022-05-10,5.9513473600,6.1765849200,5.8530042000,6.0306563600,435700,8274781.0000,1.183600,1.332600
2022-05-11,6.0845864800,6.1765849200,5.8974172400,6.1702402000,423500,8153842.0000,1.150400,2.314600
2022-05-12,6.1067930000,6.2749280800,5.9672091600,6.0243116400,293600,5631678.0000,0.797600,-2.365000
2022-05-13,6.0623799600,6.1575507600,5.9672091600,6.0560352400,311500,5977992.0000,0.846200,0.526600
2022-05-16,6.0560352400,6.1004482800,5.9545197200,6.0433458000,222500,4220958.0000,0.604400,-0.209500
2022-05-17,6.0433458000,6.2495492000,5.9323132000,6.0243116400,465300,8897168.0000,1.264000,-0.315000
2022-05-18,5.9925880400,6.3129964000,5.9005896000,6.2812728000,786300,15291800.0000,2.136000,4.265400
2022-05-19,6.1575507600,7.1378100000,6.1575507600,6.6524389200,1768935,37303659.9500,4.805300,5.909100
2022-05-20,6.6683007200,7.3091174400,6.5033380000,6.8237463600,2070600,45378649.0000,5.624800,2.575100
2022-05-23,6.6460942000,6.7571268000,6.4747867600,6.5699575600,1436111,29736951.0300,3.901200,-3.719200
2022-05-24,6.5509234000,6.6270600400,6.2812728000,6.2812728000,859100,17307248.0000,2.333800,-4.394000
2022-05-25,6.2495492000,6.3161687600,6.1702402000,6.2495492000,530600,10422768.0000,1.441400,-0.505100
2022-05-26,6.3574094400,6.3574094400,6.0623799600,6.1702402000,290900,5635273.0000,0.790200,-1.269000
2022-05-27,6.1702402000,6.2495492000,6.1416889600,6.2495492000,161100,3150157.0000,0.437600,1.285300
2022-05-30,6.1956190800,6.4811314800,6.1543784000,6.3352029200,335700,6698134.0000,0.911900,1.370600
2022-05-31,6.3383752800,6.4081672000,6.2432044800,6.3034793200,272497,5420063.7200,0.740200,-0.500800
2022-06-01,6.3764436000,6.7666438800,6.1892743600,6.7666438800,886497,18473442.0100,2.408200,7.347800
2022-06-02,6.8015398400,6.8015398400,6.5191998000,6.5636128400,359935,7511212.1500,0.977800,-3.000500
2022-06-06,6.5033380000,6.6492665600,6.4969932800,6.6365771200,271000,5624187.0000,0.736200,1.111600
2022-06-07,6.6397494800,6.6524389200,6.2527215600,6.2685833600,684900,13790939.0000,1.860500,-5.544900
2022-06-08,6.3352029200,6.3542370800,6.1480336800,6.2368597600,303500,5962117.0000,0.824500,-0.506100
2022-06-09,6.1861020000,6.2305150400,5.9640368000,6.0147945600,409300,7828987.0000,1.111900,-3.560500
2022-06-10,6.0147945600,6.2178256000,6.0116222000,6.1734125600,186700,3619060.0000,0.507200,2.637100
2022-06-13,6.1987914400,6.4049948400,6.0909312000,6.2685833600,273997,5389013.2100,0.744300,1.541600
2022-06-14,6.2495492000,6.3859606800,6.1226548000,6.2654110000,206700,4072523.0000,0.561500,-0.050600
2022-06-15,6.2654110000,6.3827883200,6.1861020000,6.2019638000,269800,5342203.0000,0.732900,-1.012700
2022-06-16,6.1861020000,6.2781004400,6.1861020000,6.2400321200,179900,3531481.0000,0.488700,0.613800
2022-06-17,6.2400321200,6.2400321200,6.0465181600,6.1892743600,344800,6675949.0000,0.936700,-0.813400
2022-06-20,6.1861020000,6.3003069600,6.1448613200,6.2146532400,201500,3955166.0000,0.547400,0.410000
2022-06-21,6.4874762000,6.4874762000,6.0941035600,6.3034793200,452100,8901336.0000,1.228100,1.429300
2022-06-22,6.2971346000,6.3764436000,6.2051361600,6.3003069600,218800,4342126.0000,0.594400,-0.050300
2022-06-23,6.3066516800,6.5096827200,6.2209979600,6.4367184400,436561,8812138.2500,1.185900,2.165200
2022-06-24,6.4272013600,6.5763022800,6.3510647200,6.5033380000,286800,5832503.0000,0.779100,1.035000
2022-06-27,6.4430631600,6.6873348800,6.4176842800,6.6302324000,357300,7420384.0000,0.970600,1.951200
2022-06-28,6.6270600400,7.0743628000,6.5350616000,7.0585010000,1119743,24314964.1300,3.041800,6.459300
2022-06-29,7.0616733600,7.5819404000,7.0585010000,7.0585010000,1598100,36993442.4600,4.341300,0.000000
2022-06-30,7.2932556400,7.6358705200,7.2583596800,7.4772525200,1425200,33435664.7800,3.871600,5.932600
2022-07-01,7.4677354400,7.5629062400,6.9950538000,7.1949124800,754200,17105266.0000,2.048800,-3.776000
2022-07-04,7.1980848400,7.2964280000,6.9411236800,7.0109156000,474343,10565180.3000,1.288600,-2.557300
2022-07-05,7.7246966000,7.7246966000,6.9728472800,6.9791920000,697325,15769461.0200,1.894300,-0.452500
2022-07-06,6.9189171600,7.1156034800,6.6778178000,6.7190584800,535200,11463181.0000,1.453900,-3.727300
2022-07-07,6.7158861200,6.8427805200,6.6809901600,6.7000243200,293400,6242966.0000,0.797000,-0.283300
2022-07-08,6.7000243200,7.0236050400,6.7000243200,6.9379513200,387300,8408914.9900,1.052100,3.551100
2022-07-11,6.9791920000,6.9791920000,6.5509234000,6.6619560000,527300,11129291.0000,1.432400,-3.978100
2022-07-12,6.6905072400,6.7920227600,6.4494078800,6.4874762000,301397,6244346.9000,0.818700,-2.619000
2022-07-13,6.4494078800,6.6270600400,6.4081672000,6.5604404800,173600,3573223.0000,0.471600,1.124700
2022-07-14,6.5636128400,6.6841625200,6.5191998000,6.5953364400,166700,3469108.0000,0.452800,0.531900
2022-07-15,6.6556112800,6.6619560000,6.4176842800,6.5826470000,229600,4736754.0000,0.623700,-0.192400
2022-07-18,6.5826470000,6.8840212000,6.5636128400,6.8649870400,431500,9215041.0000,1.172200,4.289200
2022-07-19,6.8649870400,6.9696749200,6.8174016400,6.8871935600,238700,5179094.0000,0.648400,0.323500
2022-07-20,6.8998830000,7.0013985200,6.8078845600,6.8808488400,198921,4315278.4300,0.540400,-0.092100
2022-07-21,6.9411236800,7.0172603200,6.7634715200,6.7888504000,248000,5380804.4400,0.673700,-1.337000
2022-07-22,6.7920227600,6.9665025600,6.7158861200,6.8047122000,310200,6665022.0000,0.842700,0.233600
2022-07-25,6.6968519600,6.9157448000,6.6778178000,6.6968519600,175100,3744330.0000,0.475700,-1.585100
2022-07-26,6.7000243200,6.9316066000,6.6302324000,6.9157448000,391521,8427101.8000,1.063600,3.268600
2022-07-27,6.8586423200,6.9316066000,6.7095414000,6.7285755600,339906,7264485.9600,0.923400,-2.706400
2022-07-28,6.8142292800,6.8681594000,6.6778178000,6.7380926400,161900,3452813.0000,0.439800,0.141400
2022-07-29,6.7254032000,6.8269187200,6.5065103600,6.5572681200,346366,7224187.6200,0.940900,-2.683600
2022-08-01,6.5572681200,6.7254032000,6.4398908000,6.6619560000,292000,6080197.0000,0.793200,1.596500
2022-08-02,6.6111982400,6.7000243200,6.1861020000,6.2685833600,485900,9668369.0000,1.320000,-5.904800
2022-08-03,6.2717557200,6.6207153200,6.2717557200,6.3954777600,289500,5885137.0000,0.786400,2.024300
2022-08-04,6.4145119200,6.5572681200,6.3447200000,6.5191998000,211600,4310074.0000,0.574800,1.934500
2022-08-05,6.4589249600,6.7222308400,6.4589249600,6.6619560000,214300,4452297.0000,0.582100,2.189800
2022-08-08,6.6619560000,6.7127137600,6.5826470000,6.6619560000,133400,2797913.0000,0.362400,0.000000
2022-08-09,6.6619560000,6.8142292800,6.6048535200,6.7888504000,248766,5273328.9000,0.675800,1.904800
2022-08-10,6.7888504000,6.8459528800,6.6619560000,6.7539544400,185000,3921865.0000,0.502600,-0.514000
2022-08-11,6.8522976000,6.8522976000,6.7222308400,6.7920227600,203406,4347420.6800,0.552600,0.563600
2022-08-12,6.7856780400,6.8713317600,6.6143706000,6.6651283600,299621,6318491.6900,0.813900,-1.868300
2022-08-15,6.6334047600,6.7317479200,6.5001656400,6.6080258800,272600,5673944.0000,0.740500,-0.856700
2022-08-16,6.6080258800,6.7190584800,6.5065103600,6.6365771200,178000,3712048.0000,0.483500,0.432100
2022-08-17,6.6334047600,6.7698162400,6.4113395600,6.7539544400,407766,8507277.2500,1.107700,1.768600
2022-08-18,6.7507820800,6.7507820800,6.5065103600,6.5540957600,327000,6787496.0000,0.888300,-2.959100
2022-08-19,6.5540957600,7.0331221200,6.5540957600,6.6968519600,644287,13822620.7400,1.750200,2.178100
2022-08-22,6.6587836400,6.7317479200,6.4462355200,6.4811314800,501300,10311340.0000,1.361800,-3.221200
2022-08-23,6.4811314800,6.6460942000,6.4525802400,6.5794746400,248500,5143669.0000,0.675100,1.517400
2022-08-24,6.5731299200,6.6302324000,6.3923054000,6.4018224800,289766,5924881.9000,0.787200,-2.700100
2022-08-25,6.3732712400,6.4906485600,6.3383752800,6.3827883200,244950,4924690.0000,0.665400,-0.297300
2022-08-26,6.4081672000,6.5128550800,6.3288582000,6.3383752800,175600,3541829.0000,0.477000,-0.695800
2022-08-29,6.3383752800,6.4874762000,6.2178256000,6.4779591200,197500,3980608.0200,0.566300,2.202200
2022-08-30,6.5350616000,7.7564202000,6.5350616000,7.3915988000,2137835,48908961.8300,6.129500,14.103800
2022-08-31,7.2964280000,7.6041469200,7.1727059600,7.2488426000,1519644,35313474.2600,4.357000,-1.931300
2022-09-01,7.2773938400,7.4550460000,7.1695336000,7.2329808000,788610,18198929.2000,2.261000,-0.218800
2022-09-02,7.2361531600,7.6041469200,7.2361531600,7.4296671200,772261,18107103.9100,2.214200,2.719300
2022-09-05,7.4201500400,7.4296671200,7.0045708800,7.2710491200,677900,15440777.0000,1.943600,-2.134900
2022-09-06,7.2583596800,7.3693922800,7.1029140400,7.2678767600,381700,8654500.3400,1.094400,-0.043600
2022-09-07,7.1980848400,7.4074606000,7.1378100000,7.2456702400,291366,6648961.0200,0.835400,-0.305500
2022-09-08,7.2266360800,7.7722820000,7.0743628000,7.4740801600,977804,23257929.0200,2.803500,3.152400
2022-09-09,7.4360118400,7.4360118400,7.0902246000,7.2266360800,697365,15805282.6500,1.999400,-3.310700
2022-09-13,7.2393255200,8.5653720000,7.2393255200,8.1402757600,2181771,54943432.8600,6.255400,12.642700
2022-09-14,7.8960040400,8.0926903600,7.6612494000,7.8674528000,1337800,33235095.0000,3.835700,-3.351500
2022-09-15,7.9023487600,8.7810924800,7.8737975200,8.2639978000,2147471,56492724.0900,6.157100,5.040300
2022-09-16,8.4099263600,8.4416499600,7.6929730000,7.6929730000,1406700,35474288.0000,4.033200,-6.909800
2022-09-19,7.8040056000,8.0387602400,7.7120071600,7.8642804400,823300,20373519.0000,2.360500,2.226800
2022-09-20,7.9816577600,8.3084108400,7.7881438000,8.1751717200,927200,23569442.0000,2.658400,3.953200
2022-09-21,8.2259294800,8.5019248000,7.9784854000,8.0831732800,827400,21386521.0000,2.372300,-1.125300
2022-09-22,8.0482773200,8.1244139600,7.8864869600,8.0895180000,585600,14753229.0000,1.679000,0.078500
2022-09-23,8.0228984400,8.0641391200,7.5660786000,7.8230397600,835400,20372368.0000,2.395200,-3.294100
2022-09-26,7.7405584000,8.1497928400,7.7405584000,7.9531065200,632194,15871326.3000,1.812600,1.662600
2022-09-27,7.9531065200,8.6129574000,7.7817990800,8.6129574000,1337742,34369444.3000,3.835500,8.296800
2022-09-28,8.3433068000,8.3877198400,7.9531065200,8.0419326000,1240800,31528260.0000,3.557500,-6.629800
2022-09-29,7.9435894400,8.0324155200,7.6136640000,7.8008332400,917200,22589821.0000,2.629700,-2.998000
2022-09-30,7.7722820000,8.3718580400,7.6136640000,8.2449636400,1029717,26422619.9200,2.952300,5.693400
2022-10-10,8.1466204800,8.1466204800,7.3408410400,7.8103503200,1356000,32980502.0000,3.887800,-5.271300
2022-10-11,7.7722820000,7.7881438000,7.2964280000,7.3630475600,785500,18457952.0000,2.252100,-5.727100
2022-10-12,7.2964280000,7.6073192800,7.2424978800,7.5660786000,523500,12344542.0000,1.500900,2.757400
2022-10-13,7.7088348000,7.7120071600,7.4169776800,7.4677354400,309897,7363302.4200,0.888500,-1.299800
2022-10-14,7.5058037600,8.0895180000,7.5058037600,8.0102090000,887500,22026116.0000,2.544600,7.264200
2022-10-17,8.0895180000,8.1497928400,7.8103503200,8.1022074400,818200,20750156.0000,2.345900,1.148500
2022-10-18,8.1022074400,8.3179279200,7.8991764000,7.9531065200,582700,14934114.0000,1.670700,-1.840300
2022-10-19,7.9531065200,8.2798596000,7.8452462800,7.9594512400,735900,18724056.0000,2.109900,0.079800
2022-10-20,7.8706251600,8.3908922000,7.6612494000,8.3433068000,1276361,32429216.1600,3.659500,4.822600
2022-10-21,8.2576530800,8.4194434400,7.8928316800,7.9848301200,755900,19290217.0000,2.167300,-4.296600
2022-10-24,8.0260708000,8.1624822800,7.5819404000,7.6104916400,718517,17725147.4900,2.060100,-4.688100
2022-10-25,7.6485599600,8.3084108400,7.6326981600,8.2386189200,1186000,30079302.0000,3.400400,8.253400
2022-10-26,8.2037229600,8.2481360000,7.8833146000,7.9975195600,1287100,32680827.0000,3.690300,-2.926500
2022-10-27,8.1783440800,8.3591686000,7.7754543600,8.2100676800,1315302,33429077.8000,3.771100,2.657700
2022-10-28,8.0197260800,8.2291018400,7.7786267200,7.8230397600,1314700,32879306.0000,3.769400,-4.714100
2022-10-31,7.8071779600,8.2386189200,7.5502168000,7.6549046800,1154802,29046806.0800,2.363200,-2.149200
2022-11-01,7.6453876000,9.0666048800,7.6453876000,9.0666048800,4518250,120047198.6700,9.246300,18.441800
2022-11-02,9.0666048800,9.9865892800,8.9301934000,9.5392865200,4496322,134262876.0500,9.201400,5.213400
2022-11-03,9.3489449200,10.3101700000,9.3489449200,9.8596948800,3613368,112054085.6000,7.394500,3.358800
2022-11-04,9.7803858800,10.9414696400,9.5551483200,10.2276886400,2968150,96220090.0000,6.074100,3.732300
2022-11-07,10.2308610000,10.6274060000,9.8977632000,10.2562398800,2076450,66980726.0000,4.237300,0.279200
2022-11-08,10.1515520000,10.3894790000,9.9294868000,10.2530675200,1690760,53808701.7500,3.427400,-0.030900
2022-11-09,10.1230007600,10.9097460400,10.1230007600,10.8653330000,2363589,79444505.7900,4.791300,5.971500
2022-11-10,10.6496125200,11.9090394400,10.6464401600,11.4839432000,2564629,91944523.8300,5.198800,5.693400
2022-11-11,11.7377320000,13.7680424000,11.4839432000,12.4356512000,4871801,197455665.1800,9.875800,8.287300
2022-11-14,12.5498561600,12.5498561600,11.4331854400,11.7345596400,3317127,122756353.6700,6.724200,-5.637800
2022-11-15,11.6964913200,12.0517956400,11.1667072000,11.7377320000,2430985,89363976.6400,4.927900,0.027000
2022-11-16,11.9439354000,12.2135860000,11.4300130800,11.6806295200,1655600,61851440.0000,3.356100,-0.486500
2022-11-17,11.6806295200,12.0391062000,11.4395301600,11.8329028000,1610328,59600537.8300,3.264300,1.303600
2022-11-18,11.8202133600,11.9439354000,11.2936016000,11.4522196000,1910783,69448553.2400,3.873400,-3.217200
2022-11-21,11.4522196000,11.4522196000,10.9953997600,11.2618780000,1613631,57078037.1500,3.236300,-1.662000
2022-11-22,11.4204960000,11.4395301600,10.9446420000,11.1064323600,1383794,48606345.4400,2.775400,-1.380300
2022-11-23,11.2364991200,11.2872568800,10.8494712000,11.0398128000,1069100,37159023.0000,2.144200,-0.599800
2022-11-24,11.0239510000,11.2523609200,10.8843671600,11.0461575200,772600,26912655.0000,1.549500,0.057500
2022-11-25,10.8875395200,11.5220115200,10.7891963600,11.4173236400,1380143,49201903.2200,2.768000,3.360100
2022-11-28,11.1318112400,11.8297304400,11.1032600000,11.7599385200,1515222,54827035.7000,3.039000,3.000800
2022-11-29,11.7345596400,13.6411480000,11.4046342000,13.1018468000,3906340,156280401.6200,7.834600,11.410800
2022-11-30,12.9686076800,13.3239120000,12.3817210800,13.1018468000,1730618,70482439.9200,3.471000,0.000000
2022-12-01,13.3556356000,13.7299740800,13.0637784800,13.1018468000,2010649,84752342.2400,4.032600,0.000000
2022-12-02,12.7877831600,14.2343793200,12.7877831600,13.6665268800,1686724,72526026.7400,3.382900,4.309900
2022-12-05,13.5269430400,13.7839042000,12.6577164000,13.0732955600,2174124,90357510.2600,4.360500,-4.340800
2022-12-06,13.0701232000,13.1652940000,12.7497148400,12.8226791200,969600,39486442.0000,1.944600,-1.917000
2022-12-07,12.7846108000,13.3619803200,12.5974415600,13.1557769200,1743046,71944652.1900,3.495900,2.597700
2022-12-08,13.1557769200,13.7331464400,12.8797816000,13.4000486400,1278296,53995435.6400,2.563800,1.856800
2022-12-09,13.6919057600,13.6919057600,12.4388235600,12.8480580000,1739200,70449730.0000,3.488200,-4.119300
2022-12-12,13.1145362400,13.1716387200,12.5213049200,12.8099896800,1099424,44187982.0800,2.205000,-0.296300
2022-12-13,12.7560595600,13.3207396400,12.5339943600,12.9590906000,1295900,53077583.0000,2.599100,1.163900
2022-12-14,12.8861263200,14.1487256000,12.7687490000,13.7045952000,1691792,72934003.3600,3.393100,5.752800
2022-12-15,13.7045952000,14.3929973200,13.3239120000,14.0884507600,1531336,67352107.3600,3.071300,2.800900
2022-12-16,14.0884507600,14.3866526000,13.6506650800,13.9266604000,936048,40991392.6400,1.877400,-1.148400
2022-12-19,13.9266604000,14.2502411200,13.4412893200,13.5935626000,871323,37580682.0300,1.747500,-2.391800
2022-12-20,13.5301154000,13.7204570000,12.9464011600,13.0066760000,819900,33933060.0000,1.644400,-4.317400
2022-12-21,13.1177086000,13.2223964800,12.9115052000,13.1335704000,645400,26553274.0000,1.294400,0.975600
2022-12-22,13.3080502000,13.3207396400,12.7465424800,12.7528872000,780200,32035038.0000,1.564800,-2.898600
2022-12-23,12.7528872000,13.0479166800,12.6577164000,12.6894400000,529500,21332344.0000,1.062000,-0.497500
2022-12-26,13.0859850000,13.1113638800,12.3722040000,12.7846108000,1003100,40704421.0400,2.011800,0.750000
2022-12-27,12.8797816000,13.5110812400,12.5308220000,13.2890160400,1172262,48065980.0400,2.351100,3.945400
2022-12-28,13.2414306400,13.4825300000,12.7211636000,12.9115052000,691362,28430360.6200,1.386600,-2.840800
2022-12-29,12.7846108000,13.0035036400,12.7053018000,12.8226791200,568000,22990939.0000,1.139200,-0.688000
2022-12-30,12.8512303600,13.0003312800,12.5847521200,12.9464011600,545600,22079502.8000,1.094300,0.964900
2023-01-03,12.9495735200,13.2604648000,12.5022707600,12.6640611200,725500,29002807.0000,1.455100,-2.180800
2023-01-04,12.6672334800,12.9717800400,12.4990984000,12.7846108000,1163848,46697043.0000,2.334200,0.951900
2023-01-05,12.5784074000,13.1652940000,12.5688903200,12.9654353200,960000,38877175.0000,1.925400,1.414400
2023-01-06,12.7465424800,12.9908142000,12.4895813200,12.5149602000,965293,38548363.5000,1.936000,-3.474400
2023-01-09,12.6957847200,14.2565858400,12.6957847200,14.1487256000,2269547,97685807.4700,4.551800,13.054500
2023-01-10,14.2343793200,14.3866526000,13.5205983200,14.0567271600,1351356,59083688.8000,2.710300,-0.650200
2023-01-11,14.1296914400,14.2407240400,13.6157691200,13.6538374400,929556,40215470.6800,1.864300,-2.866200
2023-01-12,13.9583840000,14.5928560000,13.6601821600,13.9647287200,1895190,85028219.6400,3.801000,2.277000
2023-01-13,14.4088591200,15.0242969600,14.0313482800,14.4437550800,1865191,85534940.1600,3.740900,3.430300
2023-01-16,14.3707908000,15.2082938400,14.2470687600,14.7007162400,1634614,75686712.6400,3.278400,1.779000
2023-01-17,14.5928560000,15.0687100000,14.5833389200,14.8180935600,817200,38081557.9100,1.639000,0.798400
2023-01-18,14.6689926400,14.9894010000,14.5992007200,14.8371277200,748568,34986366.3600,1.501300,0.128500
2023-01-19,14.6689926400,14.8783684000,14.2914818000,14.2914818000,1081923,49677155.1900,2.169900,-3.677600
2023-01-20,14.4342380000,15.3034646400,14.4215485600,15.2241556400,1529602,72864480.1400,3.067800,6.526100
2023-01-30,15.1924320400,15.6016664800,14.8498171600,14.9354708800,1238088,59066061.6400,2.483100,-1.896200
2023-01-31,14.8466448000,15.7602844800,14.7483016400,15.6143559200,1325142,64208462.5300,2.657700,4.545500
2023-02-01,15.5160127600,15.5160127600,14.9545050400,15.4081525200,1373952,65966924.9600,2.755600,-1.320600
2023-02-02,15.2273280000,15.8618000000,15.2273280000,15.8300764000,892116,44016967.1000,1.789200,2.738300
2023-02-03,15.8966959600,16.6707518000,15.5953217600,16.4645484000,1175548,60477718.1600,2.357700,4.008000
2023-02-06,16.4645484000,16.4677207600,15.6873202000,16.0584863200,947000,47560726.0000,1.899300,-2.466300
2023-02-07,16.0172456400,16.2995856800,15.6746307600,15.8078698800,729333,36391867.1700,1.462800,-1.560600
2023-02-08,15.5445640000,15.8618000000,15.3351882400,15.6587689600,734934,36275254.3900,1.474000,-0.943200
2023-02-09,15.5572534400,15.8871788800,15.5572534400,15.7983528000,488693,24170640.1600,0.980100,0.891400
2023-02-10,15.7190438000,16.5502021200,15.5445640000,16.3376540000,1018100,52448403.9600,2.041900,3.413700
2023-02-13,15.9918667600,17.7017688000,15.9442813600,17.4479800000,1367783,73754533.9700,2.743300,6.796100
2023-02-14,17.5368060800,18.3362408000,17.3908775200,17.8032843200,1394064,78134241.6100,2.796000,2.036400
2023-02-15,17.8032843200,18.7105792800,17.6065980000,18.5900296000,1288174,74422235.4000,2.583600,4.419100
2023-02-16,18.5868572400,18.6788556800,17.3242579600,17.4130840400,1796950,100451975.4000,3.604000,-6.331100
2023-02-17,17.3147408800,18.2093464000,17.2893620000,18.0507284000,1342165,75768310.0900,2.691900,3.661900
2023-02-20,18.0539007600,18.3425855200,17.4987377600,17.8254908400,1011435,56604215.6900,2.028600,-1.247800
2023-02-21,18.0190048000,18.1776228000,17.7271476800,17.9872812000,604536,34131665.2000,1.212500,0.907600
2023-02-22,17.7652160000,18.1141756000,17.6129427200,17.7556989200,477800,26783725.0000,0.958300,-1.287500
2023-02-23,17.7556989200,18.2252082000,17.6383216000,18.0031430000,545120,30798386.0000,1.093300,1.393600
2023-02-24,18.1427268400,18.1427268400,17.7652160000,17.8889380400,348800,19638648.0000,0.699600,-0.634400
2023-02-27,17.8889380400,17.9396958000,17.3052238000,17.3972222400,928529,51234625.1000,1.862300,-2.748700
2023-02-28,17.6510110400,17.7271476800,17.1497781600,17.3528092000,568723,31125011.6700,1.140600,-0.255300
2023-03-01,17.5272890000,17.5399784400,16.6580623600,16.8801275600,1323120,70295063.6000,2.653700,-2.723900
2023-03-02,17.1275716400,18.3679644000,16.6548900000,18.1776228000,1528646,85536440.9000,3.065900,7.686500
2023-03-03,17.9936259200,19.0341600000,17.9079722000,18.6661662400,1684475,98468132.3400,3.378400,2.687600
2023-03-06,18.3203790000,19.1356755200,18.0348666000,18.2632765200,1097936,63649378.7200,2.202000,-2.158400
2023-03-07,18.0253495200,18.3647920400,17.4606694400,17.5590126000,1102900,61797220.0000,2.212000,-3.856200
2023-03-08,17.4701865200,17.7493542000,17.4099116800,17.4765312400,485468,26863109.2800,0.973700,-0.469700
2023-03-09,17.9396958000,18.3965156400,17.3908775200,18.1839675200,964172,54811323.3200,1.933800,4.047900
2023-03-10,18.2410700000,18.7803712000,18.0316942400,18.4282392400,898800,52523050.0000,1.802700,1.343300
2023-03-13,18.6883727600,18.7740264800,17.9555576000,18.5900296000,800126,46343797.9400,1.604700,0.877900
2023-03-14,18.5900296000,18.6534768000,17.6541834000,17.7652160000,862865,48887603.0300,1.730600,-4.436900
2023-03-15,17.9492128800,18.2727936000,17.7652160000,17.8572144400,742000,42069442.0000,1.488200,0.517900
2023-03-16,17.6605281200,18.1744504400,17.3845328000,17.4670141600,625932,34659377.5900,1.255400,-2.185100
2023-03-17,17.4670141600,17.7652160000,17.0292284800,17.2576384000,816123,44394983.9800,1.636800,-1.198700
2023-03-20,17.1719846800,18.2220358400,17.1212269200,17.8825933200,945431,52860132.2200,1.896200,3.621300
2023-03-21,17.7081135200,18.3996880000,17.4511523600,17.7779054400,740168,41088096.3000,1.484500,-0.585400
2023-03-22,17.7810778000,18.3933432800,17.1243992800,17.1751570400,845040,46925313.6800,1.694800,-3.390400
2023-03-23,17.3020514400,17.7334924000,17.1307440000,17.3179132400,1146200,62975008.0000,2.298800,0.831200
2023-03-24,17.3179132400,17.5431508000,16.8928170000,16.9245406000,1015666,54753240.8100,2.037000,-2.271500
2023-03-27,16.9150235200,17.3972222400,16.7595778800,16.8135080000,824400,44210543.0000,1.653400,-0.656000
2023-03-28,16.8135080000,17.2195700800,16.6612347200,17.0133666800,501917,26925450.5300,1.006700,1.188700
2023-03-29,16.7437160800,17.1751570400,16.7437160800,17.0609520800,318400,17068610.0000,0.638600,0.279700
2023-03-30,16.8135080000,17.3210856000,16.8135080000,17.1370887200,419460,22592107.6000,0.841300,0.446300
2023-03-31,17.0704691600,18.3996880000,17.0704691600,18.3679644000,1178201,66313914.2500,2.363000,7.182500
2023-04-03,18.7169240000,19.3450512800,18.2601041600,19.2308463200,1612730,95882653.4800,3.234500,4.697800
2023-04-04,19.2276739600,19.2308463200,17.9872812000,18.0665902000,1285991,74392453.2100,2.579200,-6.054100
2023-04-06,18.0190048000,18.0190048000,17.2259148000,17.9174892800,1090527,60613322.8600,2.187200,-0.825300
2023-04-07,18.0380389600,18.2347252800,17.7556989200,18.0856243600,398061,22644195.5000,0.798400,0.938400
2023-04-10,18.0190048000,18.7740264800,18.0190048000,18.4853417200,873100,50908703.0000,1.751100,2.210100
2023-04-11,18.4853417200,18.7010622000,18.0221771600,18.3362408000,651657,37579127.3000,1.307000,-0.806600
2023-04-12,18.3362408000,18.3362408000,17.4606694400,17.5526678800,1282688,71371116.5000,2.572600,-4.273400
2023-04-13,17.5526678800,17.9238340000,17.3845328000,17.6414939600,669915,37414247.3400,1.343600,0.506100
2023-04-14,17.8794209600,17.9238340000,17.1815017600,17.4479800000,750262,41402156.7600,1.504700,-1.096900
2023-04-17,17.4479800000,18.6249255600,17.2100530000,18.0634178400,869054,49600429.5200,1.743000,3.527300
2023-04-18,18.1268650400,18.2093464000,17.5748744000,17.5812191200,514901,28756888.5500,1.032700,-2.669500
2023-04-19,18.5583060000,20.2206226400,18.5583060000,19.4782904000,3065647,188907706.1500,5.322700,10.790300
2023-04-20,19.9224208000,21.4070852800,19.5893230000,21.0517809600,3331216,217817989.2200,5.783800,8.078200
2023-04-21,20.5568928000,22.2033476400,19.8970419200,21.4324641600,2759041,186600837.1200,4.790400,1.808300
2023-04-24,21.6703911600,21.8353538800,20.6425465200,21.1913648000,2052343,136349900.8300,3.563400,-1.124900
2023-04-25,21.0073679200,22.0479020000,21.0073679200,21.5720480000,1489261,101321110.1700,2.585700,1.796400
2023-04-26,21.8956287200,22.5967202800,21.5149455200,21.7655619600,1981748,137866356.7600,3.440800,0.897100
2023-04-27,21.7687343200,23.7736658400,21.7687343200,22.6443056800,2182454,156455045.8400,3.789300,4.037300
2023-04-28,22.1938305600,22.9996100000,21.9051458000,22.6918910800,1806100,128034109.9200,3.135800,0.210100
2023-05-04,22.7140976000,22.8029236800,21.3912234800,22.2065200000,1844454,127814288.5200,3.202400,-2.139000
2023-05-05,22.1081768400,22.4381022800,21.2548120000,21.3341210000,1332400,90533006.0000,2.313400,-3.928600
2023-05-08,21.3341210000,21.3341210000,20.4014471600,20.6837872000,1881962,122543233.1800,3.267500,-3.048300
2023-05-09,20.6330294400,20.7726132800,19.7352515600,19.8462841600,1478924,93488443.7700,2.567800,-4.049100
2023-05-10,19.7638028000,19.9636614800,19.3513960000,19.8589736000,1218727,75602784.0200,2.116000,0.063900
2023-05-11,19.9446273200,20.2460015200,19.3767748800,19.4402220800,878700,54895554.0000,1.525600,-2.108600
2023-05-12,19.4624286000,19.8558012400,19.1547096800,19.2974658800,729600,44749359.0000,1.266800,-0.734300
2023-05-15,19.4751180400,19.5068416400,18.5646507200,18.8279566000,1143900,68053315.0000,1.986100,-2.433000
2023-05-16,18.9738851600,19.3133276800,18.2220358400,18.2727936000,925405,54446801.0200,1.606700,-2.948600
2023-05-17,18.2886554000,18.7549923200,18.1332097600,18.3965156400,609836,35424636.4800,1.058800,0.677100
2023-05-18,17.9047998400,19.2435357600,17.9047998400,18.8628525600,1461303,86367709.3000,2.537200,2.534900
2023-05-19,18.0126600800,18.9992640400,18.0126600800,18.5170653200,843600,49540604.0000,1.464700,-1.833200
2023-05-22,18.8914038000,18.8914038000,17.9872812000,18.0792796400,603800,34666477.0000,1.048300,-2.364200
2023-05-23,18.0507284000,18.1681057200,17.4003946000,17.5399784400,1223868,68402266.9900,2.124900,-2.983000
2023-05-24,17.5463231600,17.9238340000,17.3432921200,17.5209442800,829600,45900812.0000,1.440400,-0.108500
2023-05-25,17.6224598000,17.9396958000,16.5597192000,17.0704691600,1582107,84567048.2000,2.746900,-2.571100
2023-05-26,17.0672968000,17.5748744000,16.9721260000,17.2988790800,633828,34659379.0000,1.100500,1.338000
2023-05-29,17.7017688000,17.7017688000,17.0514350000,17.2988790800,623388,34183526.2500,1.080800,0.000000
2023-05-30,17.2576384000,17.5336337200,16.9181958800,17.2988790800,452747,24434814.9500,0.785000,0.000000
2023-05-31,17.2925343600,17.4194287600,16.9245406000,17.0704691600,528800,28478739.0000,0.916800,-1.320400
2023-06-01,17.0704691600,18.3965156400,16.9721260000,17.5717020400,1798400,100155814.4300,3.118100,2.936300
2023-06-02,17.5431515700,17.6050070000,17.0958892300,17.4812961400,1490700,54525007.5000,1.723100,-0.514500
2023-06-05,17.3671015000,17.6383137700,16.7961283000,17.3956501600,1386041,50344420.3900,1.602100,-0.489900
2023-06-06,17.2957298500,17.4289569300,17.0054851400,17.0816149000,903700,32664978.0900,1.044600,-1.805300
2023-06-07,17.0435500200,17.6763786500,16.9388716000,17.6097651100,997800,36541791.5000,1.153300,3.091900
2023-06-08,17.5098448000,17.5669421200,17.0816149000,17.3623433900,864200,31484838.5000,0.998900,-1.405000
2023-06-09,17.2814555200,17.7715408500,17.1529865500,17.2529068600,792900,28944751.0000,0.916500,-0.630300
2023-06-12,17.3385528400,17.8429125000,17.1291960000,17.5383934600,1023400,37654893.5000,1.182900,1.654700
2023-06-13,17.4432312600,17.9238003700,17.4241988200,17.8429125000,729044,27191305.0000,0.842700,1.736300
2023-06-14,17.8381543900,19.4178469100,17.6954110900,18.8896967000,2739034,107809441.3400,3.166000,5.866700
2023-06-15,18.6089682100,20.3028553700,18.6089682100,19.5272834400,2953291,121568738.2900,3.413600,3.375300
2023-06-16,19.0847792100,20.1077728600,19.0752629900,19.5701064300,2076173,85525470.5000,2.399800,0.219300
2023-06-19,19.5082510000,21.3401233500,19.4892185600,21.2021381600,3446250,148950199.4000,3.983400,8.339400
2023-06-20,21.2021381600,21.2164124900,19.9840620000,20.1505958500,2507034,107709055.7800,2.897800,-4.959600
2023-06-21,20.0982566400,20.3980175700,19.6509943000,19.8936579100,1543606,64624566.3200,1.784200,-1.275100
2023-06-26,19.8651092500,19.9079322400,18.8135669400,18.8421156000,1737900,70031563.0000,2.008800,-5.285800
2023-06-27,18.9230034700,19.8888998000,18.9230034700,19.7699470500,1499258,61867953.2000,1.733000,4.924200
2023-06-28,19.7318821700,20.1125309700,19.1942157400,19.7937376000,1169360,48127428.0800,1.351600,0.120300
2023-06-29,21.7731113600,21.9824682000,19.9364809000,20.6977785000,4792407,208420254.7500,5.539400,4.567300
2023-06-30,20.4027756800,20.4027756800,19.4749442300,19.8460768100,3073392,128819437.4600,3.552500,-4.114900
2023-07-03,20.0316431000,20.7358433800,19.7223659500,20.5788257500,2161015,91765720.4800,2.497900,3.692200
2023-07-04,20.4122919000,20.4265662300,19.6890591800,19.9840620000,1495881,62807334.0800,1.729100,-2.890200
2023-07-05,19.9793038900,20.3599526900,19.6509943000,19.7033335100,836663,35041151.9000,0.967100,-1.404800
2023-07-06,19.6034132000,20.1458377400,19.5986550900,19.6700267400,823464,34385506.4600,0.951800,-0.169000
2023-07-07,19.4701861200,19.9412390100,19.2608292800,19.7080916200,924873,38007066.5500,1.069000,0.193500
2023-07-10,19.7128497300,20.1553539600,19.1656670800,19.5367996600,1313074,54025664.3800,1.517700,-0.869100
2023-07-11,19.4749442300,19.9269646800,19.2751036100,19.7176078400,703614,29115224.9400,0.813300,0.925500
2023-07-12,19.6938172900,19.6938172900,18.7279209600,18.9753426800,1216063,48984090.1800,1.405600,-3.764500
2023-07-13,19.1371184200,19.9269646800,18.8135669400,19.6129294200,1220298,49763895.8400,1.410500,3.360100
2023-07-14,19.9840620000,19.9840620000,19.2037319600,19.3131684900,725444,29650604.8900,0.838500,-1.528400
2023-07-17,19.1894576300,19.1989738500,18.1141247700,18.4471924700,1975452,76537896.4000,2.283400,-4.483900
2023-07-18,18.3187235000,18.4947735700,17.9904139100,18.2616261800,1212709,46494988.6900,1.401700,-1.005900
2023-07-19,18.2188031900,18.2901748400,17.8191219500,18.1807383100,1039848,39570477.3800,1.201900,-0.442900
2023-07-20,18.2521099600,18.5423546700,18.0237206800,18.0665436700,600430,23039651.9600,0.694000,-0.628100
2023-07-21,18.0522693400,18.3710627100,17.8000895100,18.1474315400,557032,21194440.7400,0.643900,0.447700
2023-07-24,18.1474315400,18.3187235000,17.8381543900,18.0475112300,624200,23788562.0000,0.721500,-0.550600
2023-07-25,18.2616261800,18.8896967000,17.8143638400,18.8563899300,1500873,58837322.8600,1.734800,4.481900
2023-07-26,18.8563899300,18.9467940200,17.9190422600,18.3520302700,2132450,81816831.0000,2.464800,-2.674700
2023-07-27,18.2711424000,18.4138857000,17.7953314000,17.8429125000,1680474,63307646.9400,1.942400,-2.774200
2023-07-28,17.7810570700,18.1426734300,17.7810570700,17.8857354900,865367,32596925.9700,1.000300,0.240000
2023-07-31,17.8857354900,18.3472721600,17.3671015000,18.1902545300,1446149,54407705.2000,1.671600,1.702600
2023-08-01,18.1046085500,18.7421952900,18.0760598900,18.2140450800,1081825,41798302.1300,1.250500,0.130800
2023-08-02,18.3996113700,18.3996113700,17.8429125000,18.0332369000,589975,22400096.3300,0.681900,-0.992700
2023-08-03,18.0332369000,18.2235613000,17.5098448000,17.5669421200,661141,24630459.4000,0.764200,-2.585800
2023-08-04,17.7667827400,17.8238800600,17.4955704700,17.5717002300,605472,22437579.6200,0.699800,0.027100
2023-08-07,17.6478299900,17.8904936000,17.5764583400,17.7810570700,590834,22057979.3500,0.682900,1.191400
2023-08-08,17.7810570700,17.9523490300,17.6145232200,17.7192016400,462550,17271212.5000,0.534700,-0.347900
2023-08-09,17.6145232200,17.8714611600,17.5003285800,17.5717002300,524900,19471245.5000,0.606700,-0.832400
2023-08-10,17.5812164500,17.7287178600,17.3671015000,17.5717002300,546730,20170616.6000,0.632000,0.000000
2023-08-11,17.7001692000,17.7287178600,17.2148419800,17.3004879600,676750,24805316.0000,0.782200,-1.543500
2023-08-14,17.3052460700,17.6383137700,17.0340338000,17.5859745600,832050,30387689.0000,0.961700,1.650200
2023-08-15,17.7287178600,17.7287178600,17.2005676500,17.2243582000,683400,24990617.0300,0.789900,-2.056300
2023-08-16,19.9793038900,19.9793038900,15.7683765400,16.5249160300,3666381,127880465.5800,4.237900,-4.060800
2023-08-17,15.9063617300,16.8865323900,15.8968455100,16.7104823200,2410368,82944699.0900,2.786100,1.122900
2023-08-18,16.8008864100,16.9293553800,16.1775740000,16.2537037600,1408300,48831068.6000,1.627800,-2.733500
2023-08-21,16.3821727300,16.8912905000,16.1775740000,16.3488659600,918692,31931033.3200,1.061900,0.585500
2023-08-22,16.8437094000,16.8437094000,16.2013645500,16.7533053100,720636,24995029.4600,0.833000,2.473800
2023-08-23,16.7961283000,16.9103229400,16.5439484700,16.5962876800,663850,23347068.5000,0.767300,-0.937200
2023-08-24,16.5962876800,16.8389512900,16.4535443800,16.7342728700,880245,30836478.3300,1.017500,0.831400
2023-08-25,16.5582228000,16.7961283000,16.1585415600,16.2965267500,905247,31108104.3300,1.046400,-2.615900
2023-08-28,16.9769364800,17.2338744200,15.8587806300,15.9396685000,1140070,38921212.9000,1.317800,-2.189800
2023-08-29,15.8064414200,16.9864527000,15.8064414200,16.9055648300,1435720,50361872.4000,1.659500,6.059700
2023-08-30,17.1149216700,17.8429125000,16.6629012200,17.6906529800,1942100,71541469.0000,2.244800,4.644000
2023-08-31,17.6050070000,17.9380747000,17.5574259000,17.5621840100,1211163,45061532.1800,1.400000,-0.726200
2023-09-01,17.5954907800,17.8904936000,17.2386325300,17.3195204000,975750,35716942.5000,1.127800,-1.381700
2023-09-04,17.4289569300,17.6525881000,16.5677390200,16.6676593300,1352523,47916932.5300,1.563300,-3.763700
2023-09-05,16.5582228000,16.7533053100,16.3441078500,16.5011254800,1174570,40780636.0000,1.357700,-0.999100
2023-09-06,16.5391903600,16.5391903600,16.1632996700,16.3250754100,771708,26439199.0000,0.892000,-1.066900
2023-09-07,16.5106417000,16.8912905000,16.2727362000,16.3345916300,893926,30968599.1000,1.033300,0.058300
2023-09-08,16.5772552400,16.5772552400,16.0871699100,16.1680577800,561721,19109581.5700,0.649300,-1.019500
2023-09-11,16.3774146200,16.5582228000,15.9967658200,16.4630606000,954000,32858620.0000,1.102700,1.824600
2023-09-12,16.4107213900,16.6486268900,16.1775740000,16.2584618700,555093,18984607.7300,0.641600,-1.242800
2023-09-13,16.2584618700,16.3821727300,15.8445063000,16.0395888100,764400,25779332.0000,0.883600,-1.346200
2023-09-14,16.1204766800,16.2013645500,15.8016833100,16.1347510100,709110,23751907.1000,0.819600,0.593300
2023-09-15,16.1395091200,16.1918483300,15.8540225200,15.9587009400,851050,28654363.5000,0.983700,-1.091100
2023-09-18,16.0491050300,16.2774943100,15.8064414200,16.1299929000,713505,24138720.3900,0.824700,1.073300
2023-09-19,16.1299929000,16.1299929000,15.7255535500,15.8873292900,542275,18057153.6500,0.626800,-1.504400
2023-09-20,15.9920077100,15.9920077100,15.5828102500,15.6970048900,450016,14849758.5000,0.520200,-1.198000
2023-09-21,15.6161170200,15.6922467800,15.4638575000,15.5590197000,574816,18799223.8700,0.664400,-0.879100
2023-09-22,15.5590197000,16.0681374700,15.4162764000,16.0681374700,875850,29106763.5000,1.012400,3.272200
2023-09-25,16.0681374700,16.0681374700,15.7493441000,15.9111198400,525841,17540280.7200,0.607400,-0.977200
2023-09-26,15.9206360600,16.3060429700,15.9206360600,16.1775740000,581615,19749490.7500,0.671800,1.674600
2023-09-27,16.1728158900,16.3964470600,15.8968455100,16.2299132100,436915,14902920.5000,0.504600,0.323500
2023-09-28,16.1775740000,16.9436297100,16.1347510100,16.3964470600,636965,21858636.2400,0.735700,1.026100
2023-10-09,16.3869308400,16.6248363400,16.0348307000,16.3536240700,647749,22263300.9500,0.748200,-0.261200
2023-10-10,16.3345916300,16.6438687800,15.9872496000,16.0728955800,869392,29766136.2700,1.004200,-1.716600
2023-10-11,16.0776536900,16.4535443800,15.9634590500,16.0681374700,546657,18477333.6100,0.631400,-0.029600
2023-10-12,15.9016036200,16.3203173000,15.9016036200,16.1823321100,710500,24155003.0600,0.820600,0.710700
2023-10-13,16.1823321100,16.4868511500,15.9491847200,16.0348307000,664650,22527566.0000,0.767700,-0.911500
2023-10-16,16.0395888100,16.0919280200,15.6161170200,16.0062820400,747500,24903545.0000,0.863400,-0.178000
2023-10-17,16.0110401500,16.2870105300,15.9396685000,16.0205563700,447798,15137983.6000,0.517200,0.089200
2023-10-18,15.9396685000,16.1680577800,15.9253941700,16.0062820400,674764,22710873.4600,0.775600,-0.089100
2023-10-19,15.8730549600,16.3155591900,15.8730549600,15.9491847200,683797,23075628.0800,0.786000,-0.356700
2023-10-20,15.8682968500,15.9491847200,14.9785302800,15.1498222400,913898,29264404.8000,1.050500,-5.011900
2023-10-23,15.4115182900,15.4115182900,14.5978814800,14.6835274600,930150,28817576.5000,1.069200,-3.077900
2023-10-24,14.5074773900,15.2116776700,14.1268285900,15.0974830300,1209900,37915090.0000,1.390700,2.819200
2023-10-25,15.3639371900,15.4590993900,14.9880465000,15.1069992500,644712,20571083.8400,0.741100,0.063000
2023-10-26,14.8500613100,15.3401466400,14.8119964300,14.9737721700,530450,16718843.8000,0.609700,-0.881900
2023-10-27,14.9737721700,15.4638575000,14.3980408600,15.3496628600,792414,25145470.2200,0.910900,2.510300
2023-10-30,15.3829696300,15.8492644100,14.4694125100,14.6264301400,2092091,64911779.2900,2.404800,-4.711700
2023-10-31,14.6026395900,14.6026395900,13.9888434000,14.1458610300,1258930,37404016.1000,1.447100,-3.285600
2023-11-01,14.1411029200,14.2695718900,13.9079555300,14.1506191400,952041,28192922.7400,1.094300,0.033600
2023-11-02,14.0982799300,14.4932030600,13.6462594800,13.6462594800,1411225,41318931.5800,1.612800,-3.564200
2023-11-03,13.6748081400,13.9269879700,13.6748081400,13.7461797900,1286912,37269008.9400,1.470700,0.732200
2023-11-06,14.0031177300,14.6026395900,13.8841649800,14.4075570800,1885952,56685657.8300,2.155300,4.811400
2023-11-07,14.4218314100,14.4979611700,14.1315867000,14.4265895200,1046254,31443747.3500,1.195700,0.132100
2023-11-08,14.5360260500,14.7501410000,14.4218314100,14.6026395900,772875,23657752.2500,0.883300,1.220300
2023-11-09,14.6502206900,14.7406247800,14.2933624400,14.3599759800,775184,23488597.5600,0.885900,-1.661800
2023-11-10,14.5788490400,14.5788490400,14.2029583500,14.2029583500,1037286,31124232.6700,1.185400,-1.093400
2023-11-13,14.2267489000,14.7215923400,14.1791678000,14.4741706200,1153650,35039456.0000,1.318400,1.909500
2023-11-14,14.4551381800,14.7311085600,14.3552178700,14.6644950200,807800,24707417.5000,0.923200,1.314900
2023-11-15,14.9785302800,14.9785302800,14.6169139200,14.8072383200,695862,21612635.0400,0.795200,0.973400
2023-11-16,14.8690937500,15.6161170200,14.7548991100,15.5447453700,1834352,59174472.0400,2.096300,4.980700
2023-11-17,15.3972439600,16.0157982600,15.3211142000,15.7826508700,1443210,47457260.4000,1.649300,1.530500
2023-11-20,15.8492644100,16.2727362000,15.7303116600,16.2251551000,1372492,46257383.3600,1.568500,2.803700
2023-11-21,16.1632996700,16.3298335200,15.7017630000,15.9349103900,1098632,36873333.6400,1.255500,-1.788900
2023-11-22,15.9587009400,16.1775740000,15.6066008000,15.9111198400,690071,23260183.0500,0.788600,-0.149300
2023-11-23,15.8302319700,16.7009661000,15.6874886700,16.5724971300,1621091,55585580.5800,1.852600,4.156700
2023-11-24,16.5391903600,16.5487065800,16.0300725900,16.1299929000,961079,32801997.9400,1.098300,-2.670100
2023-11-27,16.2108807700,16.4107213900,15.9729752700,16.0538631400,634350,21555220.5000,0.724900,-0.472000
2023-11-28,15.9349103900,16.2632199800,15.9349103900,16.2203969900,929339,31590038.3700,1.062100,1.037300
2023-11-29,16.3726565100,16.7342728700,16.0395888100,16.4345119400,868093,30022364.9000,0.992100,1.320000
2023-11-30,16.6533850000,18.4995316800,16.5058835900,18.0713017800,3298026,123360371.9500,3.769000,9.959500
2023-12-01,18.1759802000,18.4471924700,17.8429125000,18.2235613000,2775034,105748076.9200,3.161200,0.842500
2023-12-04,18.3139653900,19.1180859800,17.8476706100,18.6042101000,3398250,132795102.0000,3.871200,2.088800
2023-12-05,18.6898560800,18.7231628500,18.3663046000,18.3663046000,1535350,59688540.7600,1.749000,-1.278800
2023-12-06,18.0998504400,18.6565493100,18.0998504400,18.3758208200,1657147,63959812.3000,1.887800,0.051800
2023-12-07,18.3758208200,18.6280006500,18.1188828800,18.4900154600,1402531,54227944.4800,1.597700,0.621400
2023-12-08,18.4567086900,18.9325196900,18.3567883800,18.7469534000,1760097,69177250.9500,2.005000,1.389600
2023-12-11,18.6946141900,18.7374371800,18.2235613000,18.5471127800,1354700,52527522.0000,1.543200,-1.066000
2023-12-12,18.5090479000,18.9134872500,18.3615464900,18.9039710300,1416052,55891121.7500,1.613100,1.924100
2023-12-13,18.8278412700,19.2703455000,18.6565493100,19.0181656700,1515417,60658040.0200,1.726300,0.604100
2023-12-14,18.9325196900,19.1371184200,18.6517912000,18.7136466300,1064349,42120364.6700,1.212500,-1.601200
2023-12-15,18.6993723000,19.3417171500,18.5518708900,19.0609886600,1241892,49611945.7600,1.414700,1.856100
2023-12-18,18.9467940200,19.2608292800,18.7374371800,18.9134872500,1294365,51698296.2500,1.474500,-0.773800
2023-12-19,18.9372778000,19.0276818900,18.5566290000,18.9848589000,668165,26532909.9200,0.761100,0.377400
2023-12-20,18.8944548100,19.0324400000,18.6470330900,18.7088885200,584400,23148942.0000,0.665700,-1.453600
2023-12-21,18.7945345000,19.1228440900,18.5946938800,18.9848589000,902600,35835212.5000,1.029900,1.475100
2023-12-22,18.8611480400,19.1180859800,18.3234816100,18.4995316800,800215,31450239.0000,0.911400,-2.556400
2023-12-25,18.5185641200,18.9610683500,18.4995316800,18.6422749800,507850,19948013.5000,0.578400,0.771600
2023-12-26,18.5709033300,18.9372778000,18.1379153200,18.3187235000,672771,26013409.8500,0.766300,-1.735600
2023-12-27,18.5090479000,18.5518708900,18.0332369000,18.1521896500,838450,32029842.3200,0.955000,-0.909100
2023-12-28,18.2949329500,18.2949329500,17.7239597500,17.8238800600,1341000,50705068.5000,1.527300,-1.808700
2023-12-29,17.8286381700,17.8904936000,17.0720986800,17.5431515700,2200350,80727028.0000,2.506100,-1.575000
2024-01-02,17.6525881000,18.0713017800,17.1339541100,17.9380747000,1662250,62005052.5000,1.893200,2.251200
2024-01-03,17.9428328100,18.0760598900,17.6335556600,17.9285584800,733000,27469865.0000,0.834900,-0.053100
2024-01-04,17.9142841500,17.9808976900,17.5812164500,17.7667827400,930000,34672602.8000,1.059200,-0.902300
2024-01-05,17.7667827400,17.8762192700,17.4146826000,17.4337150400,600850,22248814.5000,0.684300,-1.874700
2024-01-08,17.4337150400,17.5621840100,17.2433906400,17.2433906400,767900,28062161.0000,0.874600,-1.091700
2024-01-09,13.7937608900,17.4717799200,13.7937608900,16.5820133500,1701534,60188029.0200,1.938000,-3.835500
2024-01-10,16.7485472000,17.0245175800,16.1918483300,16.6343525600,1303566,45554255.6700,1.484700,0.315600
2024-01-11,16.9388716000,17.1577446600,16.1823321100,16.8912905000,886136,31560873.1400,1.009300,1.544600
2024-01-12,16.8912905000,16.9483878200,16.5011254800,16.5772552400,932250,32671604.1000,1.061800,-1.859200
2024-01-15,16.4916092600,17.1767771000,16.4916092600,16.8579837300,993100,35327047.0000,1.131100,1.693500
2024-01-16,16.8199188500,17.0530662400,16.6676593300,17.0483081300,1068494,37971528.2600,1.217000,1.129000
2024-01-17,17.0483081300,17.4860542500,16.8674999500,16.8912905000,1217100,44057910.0000,1.386200,-0.921000
2024-01-18,17.0435500200,17.2338744200,16.1252347900,16.6581431100,1939576,67903400.1400,2.209100,-1.380300
2024-01-19,16.6962079900,17.4289569300,16.4345119400,17.2862136300,1513596,54049708.8800,1.723900,3.770400
2024-01-22,17.2481487500,17.4146826000,16.1823321100,16.3108010800,1537300,54550200.0000,1.750900,-5.642700
2024-01-23,16.6533850000,16.6533850000,16.1062023500,16.5344322500,1325012,45566409.8800,1.509100,1.371100
2024-01-24,16.5344322500,16.6533850000,15.6066008000,16.1062023500,1506900,50887311.0000,1.716300,-2.589900
2024-01-25,16.5962876800,16.5962876800,14.8453032000,16.2108807700,1216792,41009322.7600,1.385900,0.649900
2024-01-26,16.2727362000,16.5962876800,15.7017630000,15.7445859900,1454883,49426485.4000,1.657000,-2.876400
2024-01-29,16.4535443800,16.4725768200,15.7493441000,15.7541022100,1465200,49387709.5000,1.668800,0.060400
2024-01-30,16.0491050300,16.2870105300,15.2259520000,15.8111995300,982300,33010619.8000,1.118800,0.362400
2024-01-31,15.7588603200,15.8111995300,15.2640168800,15.4067601800,1139945,37173400.5000,1.298300,-2.557900
2024-02-01,15.7017630000,15.7017630000,14.9975627200,15.3020817600,1574516,50602233.5900,1.793300,-0.679400
2024-02-02,15.2164357800,15.8445063000,14.1458610300,14.8548194200,1530225,48728491.7500,1.742900,-2.922900
2024-02-05,14.4979611700,15.1307898000,13.9412623000,14.8119964300,2264805,69604288.0900,2.579500,-0.288300
2024-02-06,12.6518144900,17.2243582000,12.6518144900,16.8579837300,2299584,75271482.8500,2.619100,13.813000
2024-02-07,16.9150810500,16.9579040400,15.7398278800,16.0681374700,1544078,53227145.4800,1.758600,-4.685300
2024-02-08,15.8492644100,18.5518708900,15.6541819000,18.1046085500,2806943,103408464.6600,3.197000,12.674000
2024-02-19,18.3900951500,18.7326790700,17.3671015000,18.4852573500,1211930,46338934.0800,1.380300,2.102500
2024-02-20,18.3187235000,18.8183250500,17.6383137700,18.5423546700,756328,29349980.2400,0.861400,0.308900
2024-02-21,18.1379153200,18.9848589000,17.7572665200,18.4424343600,1046941,40445743.6900,1.192400,-0.538900
2024-02-22,18.2616261800,18.3710627100,17.8191219500,18.0332369000,931282,35379872.5300,1.060700,-2.218800
2024-02-23,17.8904936000,18.8944548100,17.3671015000,18.8944548100,1569503,60612282.9200,1.787600,4.775700
2024-02-26,18.8896967000,18.8896967000,18.2473518500,18.4995316800,878128,34357167.2800,1.000100,-2.090200
2024-02-27,18.5566290000,19.1609089700,17.9523490300,19.0942954300,1326662,52917995.5600,1.511000,3.215000
2024-02-28,19.1228440900,19.1228440900,17.5574259000,17.6287975500,1413918,54377517.9500,1.610400,-7.675100
2024-02-29,17.1387122200,18.7755020600,17.1387122200,18.5518708900,1187113,45863644.9600,1.352100,5.236200
2024-03-01,18.5518708900,18.8135669400,18.2616261800,18.3805789300,1312427,51025527.9500,1.494800,-0.923300
2024-03-04,18.8373574900,18.8373574900,18.0950923300,18.4567086900,742450,28625611.5000,0.845600,0.414200
2024-03-05,18.6422749800,20.4027756800,18.0332369000,20.3076134800,2688928,109145126.9300,3.062600,10.028400
2024-03-06,20.4598730000,20.7215690500,19.7699470500,20.3932594600,1952342,82899151.3000,2.223600,0.421700
2024-03-07,20.2362418300,20.6026163000,19.1609089700,19.1989738500,1524622,63093022.1100,1.736500,-5.856300
2024-03-08,19.1989738500,19.4226050200,18.4186438100,18.8896967000,1815475,71676369.2500,2.067700,-1.610900
2024-03-11,18.8896967000,19.1846995200,18.2711424000,18.5518708900,1648525,64281544.2500,1.877600,-1.788400
2024-03-12,18.5185641200,19.3226847100,18.2711424000,19.0276818900,2271094,89734819.9200,2.586700,2.564800
2024-03-13,19.0514724400,19.5082510000,18.3187235000,18.9467940200,2224600,87792263.0000,2.533700,-0.425100
2024-03-14,18.8183250500,19.1561508600,18.4138857000,18.4709830200,892045,35035347.5000,1.016000,-2.511300
2024-03-15,18.4662249100,18.7755020600,18.2901748400,18.6755817500,869050,33890105.5000,0.989800,1.107700
2024-03-18,18.6327587600,19.1751833000,18.3187235000,18.9420359100,1157448,46019638.2800,1.318300,1.426800
2024-03-19,19.0276818900,19.1751833000,18.4662249100,18.5661452200,826550,32474240.2000,0.941400,-1.984400
2024-03-20,18.5613871100,18.7374371800,18.3900951500,18.5566290000,688500,26900921.0000,0.784200,-0.051300
2024-03-21,18.5566290000,18.9563102400,18.4519505800,18.6232425400,583665,22876274.0000,0.664800,0.359000
2024-03-22,18.5899357700,19.1276022000,18.4995316800,19.0134075600,1269943,50366608.5900,1.446400,2.095000
2024-03-25,19.0086494500,19.2560711700,18.5709033300,18.8516318200,1196065,47644489.1000,1.362300,-0.850900
2024-03-26,18.6517912000,19.0562305500,18.4995316800,18.7088885200,1305235,51357320.4000,1.486600,-0.757200
2024-03-27,18.9991332300,19.7937376000,18.4757411300,19.1894576300,2133076,85570142.7700,2.432900,2.568700
2024-03-28,19.0324400000,19.4321212400,18.3567883800,19.1609089700,1560708,62417054.1000,1.780100,-0.148800
2024-03-29,19.1751833000,19.7413983900,18.6517912000,19.1846995200,1451596,58746163.1100,1.655600,0.124200
2024-04-01,19.0705048800,19.6605105200,18.7469534000,19.6081713100,2074885,84039776.7900,2.366500,2.207300
2024-04-02,19.6081713100,19.8888998000,19.3179266000,19.5891388700,1301714,53603634.8100,1.484700,-0.097100
2024-04-03,19.5843807600,20.1934188400,19.4606699000,19.8698673600,1336450,55818822.4600,1.524300,1.433100
2024-04-08,19.8698673600,20.3076134800,19.6890591800,19.8698673600,1509608,63601523.2200,1.721800,0.000000
2024-04-09,19.7509146100,19.9555133400,18.2901748400,18.4424343600,2891695,114831353.3700,3.298100,-7.183900
2024-04-10,18.4043694800,18.5375965600,17.1291960000,17.5669421200,2710985,100946077.8000,3.092000,-4.747200
2024-04-11,17.4765380300,17.6525881000,17.1434703300,17.2766974100,1322359,48288020.7900,1.508200,-1.652200
2024-04-12,17.2433906400,18.0617855600,17.1529865500,17.6002488900,1307238,48636768.0400,1.491000,1.872800
2024-04-15,17.5003285800,18.6280006500,17.5003285800,18.1807383100,2201608,84492821.0000,2.511000,3.298200
2024-04-16,18.1807383100,18.4757411300,16.6819336600,17.0340338000,2081347,75833221.9500,2.373900,-6.307200
2024-04-17,17.5146029100,17.6811367600,16.7342728700,16.8437094000,2216800,79663967.0000,2.528400,-1.117300
2024-04-18,16.6533850000,16.9008067200,16.1775740000,16.5629809100,2866337,99018198.8800,3.269200,-1.666700
2024-04-19,16.3441078500,16.4916092600,16.1299929000,16.3012848600,1240050,42493533.5000,1.414300,-1.580000
2024-04-22,16.1775740000,16.7723377500,15.8587806300,16.3203173000,1647578,56942558.6100,1.879100,0.116800
2024-04-23,16.3393497400,16.6771755500,16.2394294300,16.5724971300,1755061,60774296.1600,1.978500,1.545200
2024-04-24,16.6010457900,17.2957298500,16.5582228000,17.1196797800,1906304,67795156.2900,2.149000,3.301800
2024-04-25,16.8960486100,17.2243582000,15.9111198400,16.0919280200,2743672,94371384.3200,3.093000,-6.003300
2024-04-26,16.3441078500,16.4202376100,15.9682171600,16.1014442400,2348322,79774817.3000,2.647300,0.059100
2024-04-29,16.0145162100,16.3839148200,15.7320349200,16.1159197500,2877018,64192698.3700,2.162200,0.090000
2024-04-30,16.1159197500,16.2825112800,15.7972229100,15.9203557800,2071623,45921784.1700,1.556900,-1.213500
2024-05-06,15.9927868800,17.2820604600,15.8406815700,17.0285516100,4169818,96200589.5900,3.133800,6.960900
2024-05-07,17.1154689300,18.2164216500,16.8402307500,17.5935141900,4742041,115902532.6400,3.563900,3.317700
2024-05-08,17.6007573000,17.6369728500,16.8981756300,17.0285516100,2173650,51560031.6800,1.633600,-3.211200
2024-05-09,17.1009827100,17.5355693100,16.8619600800,17.2530880200,1429625,34008445.0000,1.074400,1.318600
2024-05-10,17.2530880200,17.4341657700,16.5432632400,16.6012081200,1637176,38023534.3800,1.230400,-3.778300
2024-05-13,16.3694286000,16.4925614700,15.6523607100,15.8913833400,2857676,62616130.4500,2.147700,-4.275700
2024-05-14,15.8913833400,16.2245664000,15.8479246800,16.1521353000,1698887,37601071.2800,1.276800,1.640800
2024-05-15,16.1159197500,16.1376490800,14.8483755000,14.8483755000,5826739,123783229.2800,4.379100,-8.071700
2024-05-16,14.9425359300,15.1888016700,14.0371471800,14.8411323900,6671419,135243257.1100,5.013900,-0.048800
2024-05-17,14.7324857400,14.9932377000,14.2182249300,14.6600546400,5442177,109383678.2800,4.090100,-1.220100
2024-05-20,14.7614581800,14.9497790400,14.3413578000,14.5948666500,4075450,82265028.5800,3.062900,-0.444700
2024-05-21,14.6238390900,15.3698794200,14.5296786600,15.1453430100,4947981,102606505.8500,3.718700,3.771700
2024-05-22,15.1815585600,15.6596038200,14.8990772700,15.5437140600,3354419,71649785.3100,2.521000,2.630300
2024-05-23,15.3481500900,15.4495536300,14.8194030600,14.9642652600,2858108,59338811.2200,2.148000,-3.727900
2024-05-24,15.0149670300,15.0366963600,14.5803804300,14.6310822000,1373884,28048577.6700,1.032500,-2.226500
2024-05-27,14.8483755000,14.8918341600,14.3413578000,14.8701048300,1875774,37807121.0100,1.409700,1.633700
2024-05-28,14.6455684200,14.9715083700,14.5658942100,14.7614581800,1444277,29461059.0000,1.085500,-0.730600
2024-05-29,14.5514079900,14.6817839700,14.2544404800,14.5224355500,2468787,49367806.4900,1.855400,-1.619200
2024-05-30,14.4210320100,14.6310822000,14.2978991400,14.3630871300,1311400,26159071.5000,0.985600,-1.097300
2024-05-31,14.4282751200,14.6890270800,14.2689267000,14.6310822000,1400100,28168327.0000,1.052300,1.865900
2024-06-03,14.6383253100,14.7324857400,14.2906560300,14.6165959800,1361978,27276262.5200,1.023600,-0.099000
2024-06-04,15.5002554000,16.8329876400,15.4205811900,16.0652179800,6876563,151410158.3100,5.168100,9.910800
2024-06-05,15.7972229100,16.4346165900,15.6451176000,15.7247918100,4361300,96038962.2400,3.277800,-2.119000
2024-06-06,15.5799296100,15.7030624800,14.7759444000,14.9425359300,3086850,64828364.5000,2.319900,-4.974700
2024-06-07,15.1960447800,15.7610073600,14.8483755000,15.0294532500,2293734,48400411.4900,1.723900,0.581700
2024-06-11,14.9570221500,15.1888016700,14.2471973700,14.9280497100,2773775,55942210.5600,2.084600,-0.674700
2024-06-12,15.0294532500,15.1888016700,14.7759444000,14.8918341600,1842300,38019350.0000,1.384600,-0.242600
2024-06-13,14.7831875100,14.8338892800,14.4210320100,14.7397288500,1920848,38794097.7000,1.443600,-1.021400
2024-06-14,14.6672977500,14.7469719600,14.4137889000,14.6165959800,1302050,26137183.5000,0.978600,-0.835400
2024-06-17,14.5586511000,14.5658942100,13.8777987600,13.9574729700,2531925,49660703.0000,1.902900,-4.509400
2024-06-18,13.8777987600,14.0371471800,13.3055930700,13.4721846000,3341971,62427716.1100,2.511700,-3.476900
2024-06-19,13.4142397200,13.7981245500,12.9941393400,13.3490517300,3713630,68593539.0300,2.791000,-0.914000
2024-06-20,13.3200792900,13.3200792900,12.9289513500,12.9579237900,2161475,38851842.7500,1.624500,-2.930000
2024-06-21,12.9434375700,13.0231117800,12.5305803000,12.6681993900,2447139,43075334.5400,1.839200,-2.235900
2024-06-24,12.5523096300,12.5523096300,11.9076728400,12.0670212600,3642437,60993090.8100,2.737500,-4.745600
2024-06-25,12.0887505900,12.5667958500,12.0670212600,12.4798785300,3426282,58607796.9000,2.575000,3.421400
2024-06-26,12.2988007800,12.6319838400,12.0959937000,12.5740389600,3815376,65026815.8500,2.867500,0.754500
2024-06-27,12.8203047000,13.5373725900,12.5595527400,13.1897033100,5106643,92473872.3400,3.837900,4.896300
2024-06-28,12.9796531200,13.3200792900,12.6319838400,12.6971718300,2804560,50170611.1800,2.107800,-3.734200
2024-07-01,12.6030114000,12.6174976200,12.0235626000,12.3132870000,2850769,48517226.9600,2.142500,-3.023400
2024-07-02,12.4146905400,12.4146905400,11.6614071000,11.7555675300,3498204,57772582.0600,2.629100,-4.529400
2024-07-03,11.8352417400,11.9945901600,11.6469208800,11.8352417400,2501425,40926085.2500,1.880000,0.677800
2024-07-04,11.8352417400,11.8352417400,11.6469208800,11.7338382000,2276008,36911045.6400,1.710500,-0.856800
2024-07-05,11.7193519800,11.9149159500,11.4441138000,11.8714572900,1121086,18239061.0800,0.842600,1.172800
2024-07-08,11.8062693000,11.9511315000,11.4803293500,11.5672466700,2134537,34127739.7800,1.604200,-2.562500
2024-07-09,11.4948155700,11.7193519800,11.1833618400,11.5744897800,2402175,37870835.0000,1.805400,0.062600
2024-07-10,11.5744897800,11.8062693000,11.2920084900,11.6758933200,1680286,26812024.3200,1.262800,0.876100
2024-07-11,11.6686502100,11.9873470500,11.6396777700,11.9004297300,1434250,23517421.5000,1.077900,1.923100
2024-07-12,11.9004297300,12.1539385800,11.5237880100,11.6179484400,1519611,24527929.8300,1.142100,-2.373700
2024-07-15,11.6179484400,11.9438883900,11.3354671500,11.8787004000,1588486,25608904.8200,1.193800,2.244400
2024-07-16,11.8497279600,11.8497279600,11.4875724600,11.6976226500,1331000,21416303.0000,1.000300,-1.524400
2024-07-17,11.5237880100,11.8642141800,11.5237880100,11.8207555200,1108350,18045876.0000,0.833000,1.052600
2024-07-18,11.8497279600,11.9149159500,11.6324346600,11.8787004000,891850,14498230.0000,0.670300,0.490200
2024-07-19,11.7555675300,12.2118834600,11.7483244200,12.1394523600,1338050,22339592.0000,1.005600,2.195100
2024-07-22,12.1322092500,12.1322092500,11.7193519800,11.7990261900,1141028,18673928.9000,0.857500,-2.804300
2024-07-23,11.7555675300,11.8569710700,11.3571964800,11.3716827000,1343337,21384028.6300,1.009600,-3.621900
2024-07-24,11.4441138000,11.4441138000,10.8791512200,10.9298529900,1245014,19032754.3000,0.935700,-3.885400
2024-07-25,10.9370961000,11.3499533700,10.8067201200,11.1761187300,1464750,22621488.5000,1.100800,2.253100
2024-07-26,11.0457427500,11.3427102600,11.0312565300,11.2920084900,838950,12982751.0000,0.630500,1.036900
2024-07-29,11.0819583000,11.2920084900,11.0747151900,11.0819583000,897075,13841146.2500,0.674200,-1.860200
2024-07-30,11.1181738500,11.1833618400,10.7053165800,10.7415321300,1718650,25747005.0000,1.291700,-3.071900
2024-07-31,10.7125596900,11.8497279600,10.6546148100,11.5962191100,3341126,53102243.5000,2.511000,7.956800
2024-08-01,11.5165449000,11.6614071000,11.2485498300,11.2630360500,1525875,23975064.5000,1.146800,-2.873200
2024-08-02,11.1543894000,11.4078982500,11.0674720800,11.1543894000,1029125,16017278.7500,0.773400,-0.964600
2024-08-05,11.2340636100,11.6903795400,11.0312565300,11.0602289700,1936398,30537849.1500,1.455300,-0.844200
2024-08-06,11.3354671500,11.5962191100,11.1543894000,11.4803293500,1987156,31275605.5700,1.493500,3.798300
2024-08-07,11.5889760000,11.6034622200,10.8791512200,10.8863943300,2860738,43584661.9600,2.150000,-5.173500
2024-08-08,10.8791512200,11.4730862400,10.7705045700,11.2123342800,2893526,44612855.8600,2.174600,2.994000
2024-08-09,11.2050911700,11.3209809300,10.9660685400,10.9660685400,1032793,15807605.0400,0.776200,-2.196400
2024-08-12,10.9733116500,11.0384996400,10.7705045700,10.8284494500,940950,14133796.0000,0.707200,-1.255000
2024-08-13,10.8863943300,11.0384996400,10.6183992600,10.7632614600,1235000,18256403.5000,0.928200,-0.602000
2024-08-14,10.7487752400,10.7994770100,10.4735370600,10.4952663900,1204600,17572288.0600,0.905300,-2.489900
2024-08-15,10.4735370600,10.9950409800,10.2707299800,10.6473717000,2100780,30989598.7000,1.578800,1.449300
2024-08-16,10.5387250500,10.7632614600,10.4662939500,10.5387250500,1005284,14667334.7300,0.755500,-1.020400
2024-08-19,10.6835872500,10.6908303600,10.4590508400,10.4880232800,702800,10222713.0000,0.528200,-0.481100
2024-08-20,10.4880232800,10.4880232800,10.0534366800,10.1403540000,1266200,17820900.5000,0.951600,-3.314900
2024-08-21,10.1475971100,10.2634868700,10.0099780200,10.0606797900,803450,11223156.7500,0.603800,-0.785700
2024-08-22,10.0679229000,10.1403540000,9.8868451500,9.9303038100,881350,12119267.0000,0.662400,-1.295900
2024-08-23,9.8723589300,10.0389504600,9.7419829500,9.8723589300,1172643,15946791.4500,0.881300,-0.583500
2024-08-26,9.8796020400,10.0389504600,9.7781985000,9.9447900300,977930,13416042.9000,0.735000,0.733700
2024-08-27,9.9375469200,9.9520331400,9.6912811800,9.8433864900,935400,12654926.5000,0.703000,-1.019700
2024-08-28,9.8506296000,9.9737624700,9.6912811800,9.9085744800,636350,8653795.0000,0.478300,0.662300
2024-08-29,9.9085744800,10.1331108900,9.7564691700,9.8868451500,1794650,24625335.5000,1.348800,-0.219300
2024-08-30,9.8796020400,10.2707299800,9.6912811800,9.9230607000,4713876,64855334.3200,3.542700,0.366300
2024-09-02,9.8578727100,9.9158175900,9.5246896500,9.5246896500,2746025,36778394.7500,2.063800,-4.014600
2024-09-03,9.5617509000,10.1621399100,9.5098654300,10.1399032800,3799050,51100816.5000,2.855200,6.459100
2024-09-04,10.1102544400,10.2288498000,9.9620102400,10.0880178100,2374900,32330029.7500,1.784900,-0.511700
2024-09-05,10.1473154900,10.6439335600,10.0731933900,10.5698114600,3083450,43394459.6100,2.317400,4.775900
2024-09-06,10.5327504100,10.5994603000,10.0509567600,10.0806056000,2045250,28327890.0000,1.537100,-4.628300
2024-09-09,10.0806056000,10.1621399100,9.8508270900,10.0287201300,1107550,14955051.5000,0.832400,-0.514700
2024-09-10,10.0064835000,10.1399032800,9.8063538300,10.0213079200,1141225,15303652.0000,0.857700,-0.073900
2024-09-11,10.0213079200,10.1028422300,9.8656515100,10.0287201300,1087600,14671086.5000,0.817400,0.074000
2024-09-12,10.0287201300,10.2362620100,9.8953003500,9.9175369800,1029800,13959870.5000,0.774000,-1.108600
2024-09-13,9.9323614000,9.9323614000,9.6506974200,9.6506974200,971100,12793724.0000,0.729800,-2.690600
2024-09-18,9.6655218400,9.7841172000,9.4728043800,9.6210485800,802873,10383036.6100,0.603400,-0.307200
2024-09-19,9.5913997400,9.9694224500,9.5172776400,9.8285904600,1280867,16950431.9200,0.962600,2.157200
2024-09-20,9.8360026700,9.8360026700,9.6432852100,9.7396439400,834885,10933383.7200,0.627500,-0.905000
2024-09-23,9.7618805700,9.9471858200,9.6210485800,9.7915294100,968725,12833262.7500,0.728000,0.532700
2024-09-24,9.8285904600,10.4882771500,9.7544683600,10.4215672600,2393548,32988896.9200,1.798900,6.434500
2024-09-25,10.5179259900,10.7106434500,10.3474451600,10.3696817900,1732150,24645853.5000,1.301800,-0.497900
2024-09-26,10.5549870400,10.9923074300,10.2510864300,10.9848952200,2872825,41487727.2500,2.159100,5.932800
2024-09-27,11.0441929000,11.6371697000,11.0367806900,11.4592766600,2905411,44377362.6500,2.181900,4.318500
2024-09-30,11.8447115800,13.2085582200,11.8447115800,13.1196117000,4909166,83053405.6000,3.686600,14.489000
2024-10-08,15.5508165800,15.5508165800,13.4012756800,14.3574507700,6749875,128962280.2500,5.069000,9.435000
2024-10-09,13.6829396600,13.6829396600,11.8965970500,11.9188336800,5310070,90772315.7800,3.987700,-16.985000
2024-10-10,11.8965970500,12.9343064500,11.6371697000,12.3116808100,3799460,62807390.3700,2.853300,3.296000
2024-10-11,12.2079098700,12.2672075500,11.2146737300,11.3036202500,3174968,49542891.4900,2.384300,-8.187800
2024-10-14,11.3999789800,12.1411999800,11.2294981500,11.9410703100,2762033,43371257.1400,2.074200,5.639300
2024-10-15,11.8595360000,12.0744900900,11.5482231800,11.6297574900,2491200,39657516.5000,1.870800,-2.607100
2024-10-16,11.3629179300,11.7187040100,11.3406813000,11.4741010800,2014675,31325170.2500,1.513000,-1.338400
2024-10-17,11.6371697000,11.7187040100,11.3332690900,11.3777423500,1864275,28963527.9200,1.400000,-0.839800
2024-10-18,11.3777423500,11.9707191500,11.2369103600,11.7335284300,2816895,44281796.5000,2.115400,3.127000
2024-10-21,11.8521237900,11.9707191500,11.5704598100,11.7335284300,2986537,47585637.1700,2.242800,0.000000
2024-10-22,11.7409406400,12.3783907000,11.6519941200,12.1115511400,3709682,60281175.6500,2.785900,3.221700
2024-10-23,12.0819023000,14.5353438100,12.0077802000,14.5353438100,8670073,164074043.9300,6.475400,20.012200
2024-10-24,15.0319618800,15.7731828800,14.0831990000,14.7651223200,17341223,346405651.0800,12.951700,1.580800
2024-10-25,14.8244200000,15.3655113300,13.8830693300,15.1134961900,11910980,234021528.4400,8.896000,2.359400
2024-10-28,14.8985421000,16.1586178000,14.6835880100,15.8991904500,10581759,220642142.5000,7.903200,5.198600
2024-10-29,15.7138852000,16.0177858100,14.6910002200,14.7132368500,7366136,151450321.7500,5.501600,-7.459200
2024-10-30,14.7132368500,14.8392444200,13.9349548000,14.2685042500,5106006,98478822.2600,3.813500,-3.022700
2024-10-31,14.3278019300,14.4463972900,13.9423670100,14.2685042500,3969340,75981975.4000,2.964600,0.000000
2024-11-01,14.1573211000,14.6761758000,14.0239013200,14.2166187800,4194621,80802275.2500,3.132800,-0.363600
2024-11-04,14.0906112100,15.2543281800,13.6236419800,15.1579694500,5052529,98988759.0000,3.773600,6.621500
2024-11-05,15.0467863000,15.2246793400,14.7354734800,15.1283206100,4495160,91083014.3200,3.357300,-0.195600
2024-11-06,15.1060839800,15.5063433200,14.8244200000,14.9059543100,4409531,89957540.7800,3.293400,-1.469900
2024-11-07,14.6761758000,15.1134961900,14.6094659100,14.9059543100,3810214,76455474.4800,2.845700,0.000000
2024-11-08,14.9356031500,15.4470456400,14.5872292800,14.6910002200,5414291,109338717.9500,4.043800,-1.442100
2024-11-11,14.5427560200,14.7947711600,14.0831990000,14.2759164600,6003198,115630146.0400,4.483600,-2.825400
2024-11-12,14.2759164600,14.4315728700,13.9423670100,14.1202600500,4335225,82941207.7500,3.237900,-1.090300
2024-11-13,14.1350844700,14.2240309900,13.7125885000,14.1054356300,2989624,56362580.7900,2.232900,-0.105000
2024-11-14,14.0090769000,15.0986717700,13.9497792200,14.4538095000,7527941,147693375.7400,5.622400,2.469800
2024-11-15,14.3129775100,14.3796874000,13.4976344100,13.5050466200,4294517,80968664.9400,3.207500,-6.564100
2024-11-18,13.4235123100,13.5050466200,12.3042686000,12.5785203700,4800338,82699186.3000,3.573200,-6.860600
2024-11-19,12.5785203700,12.7193523600,12.3116808100,12.6971157300,2591650,43924439.8700,1.929100,0.942800
2024-11-20,12.7786500400,13.2604436900,12.6378180500,12.9936041300,3054100,53507641.2500,2.273400,2.335100
2024-11-21,12.9936041300,13.2159704300,12.8601843500,13.0751384400,2159325,38024407.5000,1.607300,0.627500
2024-11-22,13.1270239100,13.1492605400,12.4525128000,12.4821616400,2492950,43253849.5000,1.855700,-4.535100
2024-11-25,12.4821616400,13.0306651800,12.4821616400,12.8750087700,2330211,40322350.8100,1.734500,3.147300
2024-11-26,12.8601843500,13.1566727500,12.7119401500,12.7638256200,2068618,36013173.7000,1.539800,-0.863600
2024-11-27,12.8527721400,13.1418483300,12.4302761700,13.1418483300,2601684,44989816.6500,1.936600,2.961700
2024-11-28,13.0454896000,13.6088175600,12.9936041300,13.0677262300,3407775,61129936.2500,2.536600,-0.564000
2024-11-29,13.0380773900,13.4828099900,13.0380773900,13.1418483300,3576725,64142046.4300,2.662400,0.567200
2024-12-02,13.1714971700,13.6755274500,13.1566727500,13.4976344100,3481971,62872731.6400,2.591900,2.707300
2024-12-03,13.4457489400,13.9275425900,13.1863215900,13.5717565100,4539696,82889074.3100,3.379200,0.549100
2024-12-04,13.4753977800,14.0090769000,13.3049169500,13.6162297700,3993750,73606116.7500,2.972800,0.327700
2024-12-05,13.5643443000,14.2166187800,13.5124588300,14.1573211000,4821675,91111827.2500,3.589100,3.973900
2024-12-06,14.1573211000,14.4093362400,13.7792983900,13.9201303800,4157748,78382662.3900,3.094900,-1.675400
2024-12-09,13.8534204900,14.0535501600,13.4605733600,13.5495198800,3260049,60179461.5000,2.426700,-2.662400
2024-12-10,13.8311838600,14.0980234200,13.5791687200,13.6162297700,4376724,81650343.9600,3.257900,0.492300
2024-12-11,13.4902222000,13.7274129200,13.4012756800,13.6014053500,2559049,46987965.6400,1.904900,-0.108900
2024-12-12,13.7125885000,13.8311838600,13.5643443000,13.8089472300,2475844,45800050.7700,1.842900,1.525900
2024-12-13,14.6539391700,16.5737015600,14.2017943600,16.5737015600,23960844,520890114.4000,17.835700,20.021500
2024-12-16,18.5601738400,19.8869594300,18.2340366000,19.8869594300,31813612,838895793.3800,23.681100,19.991100
2024-12-17,20.1612112000,20.6652414800,16.8998388000,17.7744795800,42452072,1044461592.6200,31.600100,-10.622400
2024-12-18,17.7596551600,18.7084180400,16.8034800700,18.3007464900,37471763,904677154.6300,27.892900,2.960800
2024-12-19,17.0480830000,17.4112812900,16.1660300100,16.4773428300,27286971,613033725.8500,20.311600,-9.963500
2024-12-20,16.7960678600,17.6336475900,16.2179154800,16.8405411200,24415632,555487898.4700,18.174300,2.204200
2024-12-23,16.2327399000,16.6774725000,14.9800764100,15.0393740900,18895219,400228364.5800,14.065000,-10.695400
2024-12-24,15.2691526000,15.5656410000,14.8244200000,15.4322212200,13973766,287661652.9900,10.401700,2.612100
2024-12-25,15.1209084000,15.8547171900,14.2759164600,15.6842363600,18264604,369615436.4900,13.595600,1.633000
2024-12-26,15.3062136500,15.7583584600,15.2839770200,15.6323508900,14222204,298547972.5400,10.586600,-0.330800
2024-12-27,15.4766944800,16.0844957000,15.1950305000,15.2246793400,14838429,313524553.9800,11.045300,-2.607900
2024-12-30,14.9430153600,15.0541985100,14.3945118200,14.6020537000,13053639,259095252.5400,9.716700,-4.089600
2024-12-31,14.8985421000,15.1950305000,14.6539391700,14.8318322100,14662074,295728561.6100,10.914000,1.573600
2025-01-02,14.8318322100,16.3068620000,14.4908705500,15.5359921600,17639449,368478501.5100,13.130300,4.747600
2025-01-03,15.5656410000,16.0844957000,14.9430153600,15.8769538200,19381967,410405932.3000,14.427400,2.194700
2025-01-06,15.5804654200,15.6027020500,14.4760461300,14.8392444200,12386449,250157972.3200,9.220100,-6.535900
2025-01-07,14.6835880100,15.0023130400,13.8682449100,14.8318322100,12676943,247076577.4500,9.436300,-0.050000
2025-01-08,14.4538095000,14.8911298900,13.6755274500,14.1721455200,12085425,232791634.0000,8.996000,-4.447800
2025-01-09,14.0831990000,14.6910002200,14.0164891100,14.3203897200,7860450,152502679.6000,5.851100,1.046000
2025-01-10,14.3055653000,14.4241606600,13.2233826400,13.2456192700,10217693,188877541.4000,7.605700,-7.505200
2025-01-13,13.0306651800,13.1270239100,12.6600546800,12.9565430800,5605350,97372147.0000,4.172500,-2.182400
2025-01-14,13.4235123100,14.4315728700,13.1270239100,14.2685042500,10466779,195447385.7800,7.791200,10.125900
2025-01-15,14.1795577300,14.4538095000,13.9571914300,14.0090769000,6173050,117908844.5000,4.595000,-1.818200
2025-01-16,14.1721455200,15.0467863000,14.0016646900,14.7947711600,12858574,252642622.8400,9.571500,5.608500
2025-01-17,14.5279316000,14.6984124300,14.1350844700,14.1869699400,8997891,174430535.4500,6.697800,-4.108200
2025-01-20,14.4093362400,14.4093362400,14.0535501600,14.1424966800,6266149,119894362.4500,4.664300,-0.313500
2025-01-21,14.0980234200,14.4538095000,13.7867106000,14.3945118200,6600775,126160587.5000,4.913400,1.782000
2025-01-22,14.2462676200,14.4686339200,13.8015350200,13.9201303800,5419875,102825172.0000,4.034400,-3.295600
2025-01-23,14.3648629800,14.5131071800,13.9720158500,14.0090769000,5275050,101301645.7500,3.926600,0.639000
2025-01-24,14.1573211000,15.8398927700,13.9053059600,15.2691526000,19552459,395170694.7800,14.554300,8.994700
2025-01-27,15.4396334300,15.5582287900,14.4982827600,14.5279316000,10750406,214638494.5800,8.002300,-4.854400
2025-02-05,14.4241606600,15.1802060800,14.2536798300,14.7354734800,10093064,199371513.8400,7.513000,1.428600
2025-02-06,14.8837176800,15.1431450300,14.5205193900,15.1209084000,8020329,161100421.6100,5.970100,2.615700
2025-02-07,15.0393740900,15.2691526000,14.6020537000,14.9207787300,9990440,202103066.2500,7.436600,-1.323500
2025-02-10,14.9504275700,15.6471753100,14.7577101100,15.6397631000,13651715,280217782.7500,10.161900,4.818700
2025-02-11,15.4544578500,15.6545875200,15.1579694500,15.4915189000,11476004,238367407.7300,8.542400,-0.947900
2025-02-12,15.9362515000,16.6033504000,15.7731828800,16.0919079100,18882484,411254521.6900,14.055600,3.875600
2025-02-13,16.0844957000,16.4032207300,15.5656410000,16.1215567500,14140179,303687014.7700,10.525500,0.184200
2025-02-14,15.9288392900,16.2698009500,15.5804654200,15.9436637100,10560853,226499086.5600,7.861200,-1.103400
2025-02-17,16.1363811700,16.9517242700,16.1363811700,16.6033504000,16721674,373213380.1900,12.447100,4.137600
2025-02-18,16.3142742100,17.1815027800,15.7287096200,16.6997091300,16353965,358468525.0300,12.173400,0.580400
2025-02-19,16.9517242700,18.6417081500,16.7664190200,17.7077696900,26529774,627592456.7800,19.748000,6.036400
2025-02-20,17.3223347700,18.0635557700,17.0554952100,17.4557545500,16240165,382363633.6600,12.088700,-1.423200
2025-02-21,17.2852737200,18.7084180400,16.5737015600,18.6268837300,21181320,503368915.0500,15.766700,6.709100
2025-02-24,18.1747389200,19.3310436800,18.0635557700,19.1383262200,22528759,570655598.3700,16.769700,2.745700
2025-02-25,18.4564029000,19.1012651700,18.3378075400,18.6046471000,14443404,363317277.8000,10.751200,-2.788500
2025-02-26,18.4564029000,18.8640744500,17.6558842200,17.8930749400,13519053,332069311.7200,10.063200,-3.824700
2025-02-27,17.8634261000,18.0116703000,16.8850143800,17.2778615100,10678221,249720410.8300,7.948600,-3.438300
2025-02-28,17.1518539400,17.7003574800,17.0554952100,17.4335179200,8555781,200289984.5400,6.368700,0.900900
2025-03-03,17.5595254900,18.6120593100,17.5002278100,18.3081587000,12962867,316178914.8200,9.649200,5.017000
2025-03-04,17.8634261000,18.7899523500,17.7893040000,18.0857924000,9545106,235862016.0100,7.105100,-1.214600
2025-03-05,17.9375482000,18.0635557700,17.0480830000,17.4705789700,7511940,176837107.7600,5.591700,-3.401600
2025-03-06,17.5669377000,18.6639447800,17.4261057100,18.3674563800,11749116,288642056.2100,8.745700,5.133600
2025-03-07,18.2192121800,18.5305250000,17.5002278100,17.8115406300,7037925,171874636.0000,5.238800,-3.026600
2025-03-10,17.7893040000,17.8486016800,16.9665486900,17.0629074200,6128900,142895368.1500,4.562200,-4.203100
2025-03-11,16.6922969200,16.9146632200,16.3809841000,16.8108922800,5625325,126361712.0000,4.187300,-1.477000
2025-03-12,16.8627777500,17.0851440500,16.7293579700,16.9220754300,4651297,106025125.9200,3.462300,0.661400
2025-03-13,16.8998388000,17.1147928900,16.4847550400,16.6626480800,4689207,106131262.5400,3.490500,-1.533100
2025-03-14,16.7515946000,17.6781208500,16.3958085200,17.3075103500,7247675,167527959.7500,5.395000,3.870100
2025-03-17,17.3668080300,17.8263650500,16.8553655400,16.8627777500,6026525,139113901.5000,4.486000,-2.569600
2025-03-18,16.8701899600,17.0036097400,16.4921672500,16.6255870300,4628100,104260129.0700,3.445000,-1.406600
2025-03-19,16.5292283000,16.7515946000,16.3513352600,16.4551062000,3206600,71345346.2500,2.386900,-1.025400
2025-03-20,16.3883963100,16.5366405100,16.2401521100,16.2920375800,2622132,57903420.5600,1.951800,-0.991000
2025-03-21,16.1586178000,16.2401521100,15.7361218300,15.7583584600,4074025,87510906.7500,3.032600,-3.275700
2025-03-24,15.7212974100,16.0474346500,15.2765648100,15.8324805600,3666675,77703861.1400,2.729400,0.470400
2025-03-25,15.8769538200,15.8769538200,15.3580991200,15.3877479600,2348872,49179883.8800,1.748400,-2.809000
2025-03-26,15.4173968000,15.6027020500,15.3136258600,15.5508165800,1872338,39150946.1600,1.393700,1.059700
2025-03-27,15.9288392900,16.6626480800,15.6027020500,16.0474346500,5746725,124692983.2500,4.277700,3.193500
2025-03-28,15.7509462500,16.0103736000,15.2024427100,15.2024427100,4711282,98555017.1200,3.506900,-5.265600
2025-03-31,15.1060839800,15.5656410000,14.7725345300,15.3432747000,3967332,81061811.4000,2.953200,0.926400
2025-04-01,15.2765648100,15.5211677400,15.0838473500,15.1727938700,2090285,43088088.9500,1.555900,-1.111100
2025-04-02,15.1653816600,15.3580991200,15.0467863000,15.1505572400,1647044,33750325.4200,1.226000,-0.146600
2025-04-03,15.0467863000,15.4915189000,14.9578397800,15.3655113300,2604244,53891925.9800,1.938500,1.418800
2025-04-07,14.0090769000,14.5279316000,12.3339174400,12.7267645700,6466839,115499041.6000,4.813700,-17.173200
2025-04-08,12.7712378300,13.5495198800,12.7712378300,13.2604436900,4811658,85955379.7100,3.581700,4.193400
2025-04-09,12.9343064500,13.7422373400,12.2375587100,13.6162297700,5341525,94546878.5000,3.976100,2.683100
2025-04-10,14.1202600500,14.9207787300,13.9349548000,14.5427560200,6455546,126271294.6500,4.805300,6.804600
2025-04-11,14.5724048600,15.7880073000,14.4389850800,15.1060839800,9185884,187791280.2300,6.837700,3.873600
2025-04-14,15.2691526000,16.6181748200,14.9430153600,16.3142742100,13581660,294036071.8300,10.109800,7.998000
2025-04-15,16.0103736000,16.1141445400,15.5656410000,15.8547171900,7188950,153059636.7200,5.351200,-2.816900
2025-04-16,15.6175264700,15.8324805600,14.9949008300,15.0912595600,5472186,113080603.3200,4.073300,-4.815300
2025-04-17,14.9133665200,16.5144038800,14.9133665200,15.8991904500,10803361,231554364.4500,8.041700,5.353600
2025-04-18,15.8991904500,15.9807247600,15.1653816600,15.2543281800,6764044,141299861.6000,5.035000,-4.055900
2025-04-21,15.1579694500,15.7657706700,15.0245496700,15.4470456400,4664442,97177544.8200,3.472100,1.263400
2025-04-22,15.4470456400,15.6249386800,15.1209084000,15.1505572400,3148500,64842315.0000,2.343600,-1.919400
2025-04-23,15.1505572400,15.9659003400,15.1357328200,15.3062136500,6183375,129521580.3700,4.602700,1.027400
2025-04-24,15.1209084000,15.2246793400,14.4982827600,14.5131071800,5037075,100455964.2500,3.749400,-5.181600
2025-04-25,14.4612217100,14.6910002200,14.3500385600,14.3500385600,2731175,53515835.5000,2.036800,-1.123600
2025-04-28,13.9942524800,14.8170077900,13.7570617600,14.0683745800,3940225,75530711.5000,2.938500,-1.962800
2025-04-29,14.0016646900,14.7354734800,13.8089472300,14.6317025400,4014350,78370340.0000,2.993800,4.004200
2025-04-30,14.6984124300,14.9504275700,14.5798170700,14.5798170700,2951650,58875913.5000,2.201300,-0.354600
2025-05-06,14.7947711600,15.0912595600,14.6539391700,15.0245496700,2725500,54876491.0000,2.032600,3.050300
2025-05-07,15.2543281800,15.5508165800,14.8911298900,15.0616107200,3381414,69180177.9200,2.521800,0.246700
2025-05-08,15.0690229300,15.2246793400,14.9207787300,15.0023130400,2240935,45511490.7300,1.671200,-0.393700
2025-05-09,15.0467863000,15.0838473500,14.6020537000,14.6910002200,2305925,45861043.4600,1.719700,-2.075100
2025-05-12,14.7873589500,15.1060839800,14.7354734800,14.8985421000,1800450,36074905.7500,1.342700,1.412700
2025-05-13,15.0467863000,15.2320915500,14.9578397800,15.0690229300,3099639,63047093.4800,2.311600,1.144300
2025-05-14,14.9430153600,15.1505572400,14.6761758000,15.0097252500,4256100,85591494.5000,3.174100,-0.393500
2025-05-15,14.8911298900,15.0097252500,14.4908705500,14.6020537000,2723900,53913435.0000,2.031400,-2.716000
2025-05-16,14.5279316000,14.7428856900,14.4389850800,14.6094659100,1453950,28752741.0000,1.084300,0.050800
2025-05-19,14.7206490600,14.7354734800,14.4982827600,14.6539391700,1312300,25912308.0000,0.978700,0.304400
2025-05-20,14.5279316000,15.4692822700,14.4686339200,15.1060839800,4738975,96264754.5000,3.534200,3.085500
2025-05-21,15.0171374600,15.1060839800,14.7502979000,14.8244200000,2303100,46127721.0000,1.717600,-1.864600
2025-05-22,14.7428856900,14.9133665200,14.4686339200,14.5279316000,2485900,49129302.7900,1.853900,-2.000000
2025-05-23,14.5353438100,14.9356031500,14.4389850800,14.4538095000,2607925,51736965.5000,1.944900,-0.510200
2025-05-26,14.5205193900,14.7280612700,14.3500385600,14.7206490600,1486650,29239375.0000,1.108700,1.846200
2025-05-27,14.8095955800,15.1802060800,14.5649926500,14.8837176800,2790400,56042708.7500,2.081000,1.107800
2025-05-28,14.9325939200,15.0400929600,14.5612336000,15.0303203200,3758340,56971609.6000,2.169100,0.984900
2025-05-29,15.0596382400,15.3625900800,14.8544128000,15.2844089600,4576722,71000234.3500,2.641500,1.690500
2025-05-30,15.1769099200,15.3039542400,14.7664590400,14.7957769600,2585135,39491215.8500,1.492000,-3.196900
2025-06-03,14.7078232000,15.0987288000,14.6100968000,14.9130486400,2306475,35189718.5500,1.331200,0.792600
2025-06-04,14.9032760000,15.1573646400,14.8348675200,14.9521392000,2018752,30916076.8600,1.165100,0.262100
2025-06-05,14.9619118400,15.3430448000,14.9619118400,15.0987288000,3211720,49759410.2000,1.853600,0.980400
2025-06-06,15.1671372800,15.3528174400,14.9032760000,15.3137268800,3688080,57246169.3000,2.128600,1.423900
2025-06-09,15.4212259200,15.5189523200,15.2257731200,15.4798617600,5057925,79652123.5500,2.919200,1.084900
2025-06-10,15.4700891200,15.4700891200,14.9130486400,15.1475920000,4524002,70033238.8400,2.611000,-2.146500
2025-06-11,15.0987288000,15.5189523200,15.0498656000,15.2941816000,4685188,73163448.0800,2.704100,0.967700
2025-06-12,15.2550910400,15.4212259200,15.0107750400,15.1378193600,3247929,50575468.1700,1.874500,-1.022400
2025-06-13,14.9814571200,15.1769099200,14.1996459200,14.2387364800,6530280,96791611.6200,3.769000,-5.939300
2025-06-16,14.1898732800,14.3853260800,14.0041931200,14.2973723200,2088186,30550300.2800,1.205200,0.411800
2025-06-17,14.5514609600,14.6003241600,14.0823742400,14.1605553600,2046495,29839352.1000,1.181100,-0.956900
2025-06-18,14.1703280000,14.2094185600,13.9260120000,14.0823742400,1669159,23999151.1200,0.963400,-0.552100
2025-06-19,14.0823742400,14.2485091200,13.7501044800,13.7891950400,2099377,29929240.3200,1.211700,-2.081900
2025-06-20,13.8771488000,13.8869214400,13.4373800000,13.4373800000,1874595,26121437.1000,1.081900,-2.551400
2025-06-23,13.2516998400,13.7110139200,13.2516998400,13.6328328000,1666874,23136855.8200,0.962000,1.454500
2025-06-24,13.6914686400,14.0041931200,13.6426054400,13.9944204800,1836930,26160676.7500,1.060200,2.652300
2025-06-25,13.9944204800,14.1703280000,13.8966940800,14.1410100800,1942230,27910754.8000,1.121000,1.047500
2025-06-26,14.2191912000,14.2191912000,13.9357846400,13.9748752000,2263811,32599297.7600,1.306600,-1.174800
2025-06-27,14.2191912000,14.2875996800,13.9553299200,14.1214648000,2170660,31391216.7100,1.252800,1.049000
2025-06-30,14.0823742400,14.5905515200,14.0823742400,14.5123704000,3097859,45617467.6100,1.787900,2.768200
2025-07-01,14.5025977600,14.5905515200,14.2289638400,14.4146440000,1904571,28089519.3300,1.099200,-0.673400
2025-07-02,14.3364628800,14.4048713600,14.1116921600,14.2973723200,1598949,23272350.8500,0.922800,-0.813600
2025-07-03,14.2387364800,14.3657808000,14.2289638400,14.2485091200,1075010,15720016.4000,0.620400,-0.341800
2025-07-04,14.1801006400,14.3560081600,13.9846478400,14.1214648000,1563912,22607087.6600,0.902600,-0.891600
2025-07-07,14.2485091200,16.6134880000,14.2485091200,15.2648636800,13824499,220798162.3200,7.978800,8.096900
2025-07-08,15.1378193600,15.2550910400,14.8837307200,14.9619118400,9837819,151204016.1300,5.677900,-1.984600
2025-07-09,15.0498656000,16.1737192000,14.7078232000,15.3821353600,16007641,251604931.0700,9.238800,2.808600
2025-07-10,15.5580428800,15.8316768000,15.1866825600,15.4212259200,11220161,177755683.1800,6.475700,0.254100
2025-07-11,15.3528174400,15.6166787200,14.9521392000,15.2746363200,7868080,122854758.9000,4.541100,-0.950600
2025-07-14,15.4016806400,15.5482702400,15.0010024000,15.3821353600,6869945,107106234.9500,3.965000,0.703800
2025-07-15,15.3723627200,15.5580428800,15.0498656000,15.1964552000,4677088,72813968.6800,2.699400,-1.207100
2025-07-16,15.2550910400,15.6948598400,15.1964552000,15.2746363200,6955570,109788111.0100,4.014400,0.514500
2025-07-17,15.0596382400,15.9978116800,14.8446401600,15.5580428800,10615568,167495850.7900,6.126800,1.855400
2025-07-18,15.4700891200,15.7241777600,15.2062278400,15.3137268800,7129315,112248676.0200,4.114700,-1.570400
2025-07-21,15.1769099200,15.3919080000,15.0107750400,15.0596382400,5880747,91223820.0800,3.394100,-1.659200
2025-07-22,15.0596382400,15.1280467200,14.7664590400,14.9716844800,5895952,89797816.3200,3.402800,-0.584000
2025-07-23,14.8935033600,15.8903126400,14.8055496000,15.8512220800,13957842,220333679.6300,8.055800,5.874700
2025-07-24,15.8805400000,16.2225824000,15.4896344000,15.5971334400,8401305,134621588.0500,4.848800,-1.603000
2025-07-25,15.7144051200,15.7144051200,15.3625900800,15.4896344000,5513204,87355723.7700,3.181900,-0.689200
2025-07-28,15.4505438400,15.4798617600,15.2844089600,15.4114532800,3918743,61650258.9800,2.261700,-0.504700
2025-07-29,15.4114532800,15.4309985600,15.1475920000,15.3919080000,4677220,73152800.4000,2.699500,-0.126800
2025-07-30,15.3430448000,15.4505438400,15.0987288000,15.1964552000,3965605,61937283.7500,2.288700,-1.269800
2025-07-31,15.0889561600,15.2941816000,15.0303203200,15.1573646400,4090058,63366250.7800,2.360600,-0.257200
2025-08-01,15.1671372800,15.3919080000,15.0987288000,15.2746363200,3653796,57039976.8200,2.108800,0.773700
2025-08-04,15.1573646400,15.1671372800,14.9228212800,15.1475920000,3039385,46840488.8000,1.754200,-0.831700
2025-08-05,15.1085014400,15.2844089600,15.1085014400,15.2160004800,2242789,34845030.6600,1.294400,0.451600
2025-08-06,15.2062278400,15.3332721600,15.0694108800,15.2648636800,3085391,48075802.3200,1.780700,0.321100
2025-08-07,15.3039542400,15.4114532800,15.1378193600,15.2550910400,3017864,47066719.5900,1.741800,-0.064000
2025-08-08,15.2355457600,15.2453184000,14.8837307200,14.9032760000,3083744,47426741.0000,1.779800,-2.306200
2025-08-11,14.9130486400,15.2160004800,14.8544128000,15.1573646400,2750259,42555639.0900,1.587300,1.704900
2025-08-12,15.1085014400,15.3430448000,15.0791835200,15.1866825600,2858808,44506620.3700,1.650000,0.193400
2025-08-13,15.1866825600,15.3137268800,15.0498656000,15.1085014400,2988173,46248527.7100,1.724600,-0.514800
2025-08-14,15.1378193600,15.1573646400,14.6003241600,14.6100968000,4585650,69580862.6600,2.646600,-3.298800
2025-08-15,14.5612336000,15.0010024000,14.5612336000,14.8837307200,3040280,46143783.9800,1.754700,1.872900
2025-08-18,14.8837307200,15.2160004800,14.8544128000,15.0498656000,3455997,53459073.8900,1.994600,1.116200
2025-08-19,15.0010024000,15.2160004800,14.8837307200,15.1378193600,3105170,48073552.6600,1.792100,0.584400
2025-08-20,15.2355457600,15.3919080000,14.9912297600,15.2062278400,5001566,77854633.8900,2.886700,0.451900
2025-08-21,15.2257731200,15.9978116800,15.1573646400,15.4505438400,9299059,148282803.7500,5.367000,1.606700
2025-08-22,15.4016806400,15.7437230400,15.2648636800,15.6362240000,7973621,126595432.0400,4.602000,1.201800
2025-08-25,15.7339504000,15.8512220800,15.4603164800,15.5873608000,5824699,92769560.4300,3.361700,-0.312500
2025-08-26,15.5287249600,16.7893955200,15.4994070400,16.2909908800,14888461,245454591.7800,8.592900,4.514100
2025-08-27,16.1346286400,16.2812182400,15.4114532800,15.4896344000,10531361,170817301.8100,6.078200,-4.919000
2025-08-28,15.4212259200,16.1150833600,15.3137268800,15.8903126400,9940071,159841337.0300,5.736900,2.586800
2025-08-29,16.0271296000,16.0662201600,15.5580428800,15.6264513600,7932629,128078178.9200,4.578300,-1.660500
2025-09-01,15.5384976000,15.8219041600,15.3723627200,15.6753145600,5295598,84896468.9400,3.056400,0.312700
2025-09-02,15.6557692800,15.6655419200,15.3528174400,15.4700891200,4630800,73273969.4000,2.672700,-1.309200
2025-09-03,15.4896344000,15.6655419200,14.7762316800,15.0107750400,5088850,79257183.5500,2.937000,-2.969000
2025-09-04,14.9521392000,15.3430448000,14.8348675200,15.0889561600,4281022,66340381.0000,2.470800,0.520800
2025-09-05,15.1085014400,15.5678155200,14.9521392000,15.5189523200,4313410,67652108.3000,2.489500,2.849700
2025-09-08,15.4700891200,15.7144051200,15.4700891200,15.6850872000,3312922,52947065.1100,1.912100,1.070500
2025-09-09,15.6753145600,15.6753145600,15.3430448000,15.4603164800,2657110,42055797.6000,1.533600,-1.433000
2025-09-10,15.4212259200,15.9196305600,15.4212259200,15.8707673600,5319521,85618241.6300,3.070200,2.654900
2025-09-11,15.8023588800,15.8121315200,15.3528174400,15.6557692800,5174465,82210431.5000,2.986400,-1.354700
2025-09-12,15.6362240000,15.7534956800,15.3430448000,15.4016806400,5216066,82610827.2300,3.010500,-1.623000
2025-09-15,15.3528174400,15.7339504000,15.1866825600,15.4994070400,4926307,77783795.4000,2.843200,0.634500
2025-09-16,15.4407712000,15.7339504000,15.3723627200,15.7339504000,6224613,99443134.8400,3.592500,1.513200
2025-09-17,15.8414494400,15.9000852800,15.3039542400,15.3625900800,5551565,87795897.9300,3.204100,-2.360200
2025-09-18,15.2941816000,15.4603164800,14.9032760000,15.0694108800,5551294,86349025.0500,3.203900,-1.908400
2025-09-19,15.0107750400,15.1866825600,14.7762316800,15.0987288000,3350519,51317235.8100,1.933800,0.194600
2025-09-22,15.0498656000,15.0596382400,14.6198694400,14.7371411200,3115150,47041124.1000,1.797900,-2.394800
2025-09-23,14.7469137600,14.9716844800,14.1019195200,14.3853260800,3506905,51562761.4000,2.024000,-2.387300
2025-09-24,14.4147764400,14.5424277300,14.2773058200,14.5031504100,1996260,29397052.6000,1.152100,0.819100
2025-09-25,14.4933310800,14.6308017000,14.2674864900,14.2773058200,2270980,33388749.2000,1.310700,-1.557200
2025-09-26,14.2380285000,14.3853184500,14.1103772100,14.1594738600,2135335,31022252.9000,1.232400,-0.825300
2025-09-29,14.1987511800,14.3853184500,14.0416419000,14.2969444800,2142745,31089072.9500,1.236700,0.970900
2025-09-30,14.2871251500,14.3362218000,14.1496545300,14.1692931900,2209930,32003431.1000,1.275500,-0.892900
2025-10-09,14.2085705100,14.2674864900,13.8550746300,14.0121839100,3081400,43948050.7000,1.778400,-1.108800
2025-10-10,14.0514612300,14.5129697400,13.9336292700,14.2969444800,3878051,56573867.3600,2.238200,2.032200
2025-10-13,13.7470620000,13.9729065900,13.4524821000,13.8550746300,3628755,51086201.2000,2.094300,-3.090700
2025-10-14,13.8550746300,14.1201965400,13.6979653500,13.7765199900,2960675,41994591.5000,1.708800,-0.567000
2025-10-15,13.8059779800,14.1496545300,13.7176040100,14.1005578800,2277553,32498063.8400,1.314500,2.352100
2025-10-16,14.1398352000,14.2380285000,13.8747132900,13.9238099400,1599583,22786167.5900,0.923200,-1.253500
2025-10-17,13.9532679300,14.0416419000,13.6586880300,13.6783266900,2047320,28814504.6600,1.181600,-1.763000
2025-10-20,13.8059779800,13.9336292700,13.5506754000,13.7274233400,2311765,32285049.3000,1.334200,0.358900
2025-10-21,13.7372426700,13.9532679300,13.6488687000,13.9336292700,1919140,27065618.9000,1.107600,1.502100
2025-10-22,14.0318225700,14.4933310800,13.9041712800,14.1005578800,3587152,51853306.8000,2.070300,1.198000
2025-10-23,14.0220032400,14.1300158700,13.7765199900,13.9729065900,2591790,36709338.4900,1.495900,-0.905300
2025-10-24,14.0220032400,14.0809192200,13.8747132900,13.9827259200,2016050,28712375.0000,1.163600,0.070300
2025-10-27,14.0220032400,14.1103772100,13.7961586500,13.8550746300,2831373,40057840.6900,1.634100,-0.912900
2025-10-28,13.7274233400,13.7765199900,13.4917594200,13.5408560700,3945595,54668608.4000,2.277200,-2.267900
2025-10-29,13.5703140600,13.5703140600,13.1480828700,13.2462761700,3626677,48906800.8200,2.093100,-2.175500
2025-10-30,13.4132047800,13.6292300400,13.2560955000,13.2560955000,3675011,50250721.4500,2.121000,0.074100
2025-10-31,13.3051921500,13.6488687000,13.3051921500,13.5703140600,3535120,48786785.7900,2.040300,2.370400
2025-11-03,13.6194107100,14.0710998900,13.6194107100,13.8943519500,3835347,54051744.6900,2.213600,2.387800
2025-11-04,13.8943519500,14.0416419000,13.8256166400,13.9729065900,2929007,41547530.8400,1.690500,0.565400
2025-11-05,13.8452553000,14.2674864900,13.8256166400,14.0907385500,3417940,49031662.3000,1.972700,0.843300
2025-11-06,14.1496545300,14.1496545300,13.7961586500,13.8354359700,2754484,38941771.6000,1.589800,-1.811800
2025-11-07,13.8943519500,13.9630872600,13.7568813300,13.8648939600,2054190,29008672.5000,1.185600,0.212900
2025-11-10,13.9925452500,14.1103772100,13.8452553000,14.0809192200,2945317,42039780.2600,1.699900,1.558100
2025-11-11,14.1005578800,14.1201965400,13.9336292700,14.0121839100,2115778,30160904.1000,1.221100,-0.488100
2025-11-12,14.0121839100,14.0612805600,13.8648939600,13.9434486000,1341778,19036073.2400,0.774400,-0.490500
2025-11-13,14.0318225700,14.0318225700,13.8648939600,14.0023645800,1680400,23850684.7000,0.969800,0.422500
2025-11-14,13.9925452500,14.1300158700,13.8256166400,13.8452553000,2149532,30606425.2400,1.240600,-1.122000
2025-11-17,13.8452553000,15.0530328900,13.7372426700,14.3362218000,9775732,143627596.0000,5.642100,3.546100
2025-11-18,14.4540537600,15.1905035100,14.1300158700,14.9057429400,14336247,215393003.3000,8.274200,3.972600
2025-11-19,14.6406210300,14.8173689700,14.3656797900,14.4736924200,8282193,122535634.9400,4.780100,-2.898600
2025-11-20,14.4736924200,14.5326084000,14.1398352000,14.2380285000,5229429,76039694.3900,3.018200,-1.628200
2025-11-21,14.0907385500,14.6111630400,13.8157973100,14.3656797900,7937182,115309121.7600,4.580900,0.896600
2025-11-24,14.1791125200,14.7093563400,14.0416419000,14.5915243800,8256100,121020537.4400,4.765000,1.572100
2025-11-25,14.6111630400,14.9155622700,14.4147764400,14.4540537600,7410450,110159953.5000,4.276900,-0.942100
2025-11-26,14.5424277300,15.1119488700,14.3362218000,14.6406210300,9219695,137991571.6900,5.321100,1.290800
2025-11-27,14.4835117500,15.8876759400,14.3951377800,15.0726715500,15283610,235397702.7300,8.820900,2.951000
2025-11-28,14.6308017000,15.1021295400,14.6308017000,14.9155622700,9477652,143650371.2400,5.470000,-1.042300
2025-12-01,14.9155622700,15.4654447500,14.7486336600,15.2788774800,10383132,160448076.8200,5.992600,2.435800
2025-12-02,15.1708648500,15.6421926900,15.0432135600,15.6127347000,11284449,177554395.3800,6.512800,2.185100
2025-12-03,15.5145414000,15.6814700100,14.9646589200,15.2396001600,10109880,157701710.7400,5.834900,-2.389900
2025-12-04,15.0824908800,15.2396001600,14.4835117500,14.6308017000,7221870,108016065.1000,4.168100,-3.994800
2025-12-05,14.4835117500,14.6209823700,13.9827259200,14.2576671600,5506689,79781006.2900,3.178200,-2.550300
2025-12-08,14.2576671600,14.5718857200,14.1398352000,14.3951377800,4640883,67895851.0900,2.678500,0.964200
2025-12-09,14.3264024700,14.4638730900,13.8452553000,13.9238099400,5135445,73690865.1700,2.963900,-3.274200
2025-12-10,13.8452553000,14.0416419000,13.7176040100,13.9729065900,3213230,45426529.6000,1.854500,0.352600
2025-12-11,13.9532679300,13.9729065900,13.5015787500,13.5015787500,3977462,55227576.3200,2.295600,-3.373200
2025-12-12,13.4328434400,13.6194107100,13.3935661200,13.4328434400,2217630,30506660.4000,1.279900,-0.509100
2025-12-15,13.3739274600,13.5310367400,13.3150114800,13.4033854500,1880650,25696423.0800,1.085400,-0.219300
2025-12-16,13.3935661200,13.8943519500,13.3248308100,13.7372426700,3672335,50926438.6000,2.119500,2.490800
2025-12-17,13.7863393200,13.7863393200,13.4230241100,13.5801333900,2491950,34439646.0000,1.438200,-1.143700
2025-12-18,13.4721207600,13.7765199900,13.4721207600,13.5408560700,2257558,31321933.7400,1.302900,-0.289200
2025-12-19,13.5310367400,13.6979653500,13.4524821000,13.6390493700,2004710,27770313.1000,1.157000,0.725200
2025-12-22,13.5899527200,13.6390493700,13.5408560700,13.5408560700,2030790,28073881.5000,1.172100,-0.719900
2025-12-23,13.5506754000,13.5604947300,13.2168181800,13.2266375100,3303970,44944852.1000,1.906900,-2.320500
2025-12-24,13.3346501400,13.3346501400,13.0989862200,13.2560955000,1763010,23748091.2000,1.017500,0.222700
2025-12-25,13.3641081300,13.3641081300,13.1873601900,13.3051921500,1797000,24277778.6000,1.037100,0.370400
2025-12-26,13.3346501400,13.3346501400,13.2069988500,13.2462761700,1876915,25339317.0500,1.083300,-0.442800
2025-12-29,13.2462761700,13.3051921500,13.1284442100,13.1284442100,1666660,22417012.1000,0.961900,-0.889500
2025-12-30,13.1284442100,13.2953728200,13.1088055500,13.2266375100,1531048,20599456.0200,0.883600,0.747900
2025-12-31,13.2462761700,13.4328434400,13.1186248800,13.3739274600,2326968,31488134.7600,1.343000,1.113600
2026-01-05,13.3444694700,13.5113980800,13.2855534900,13.4721207600,2892485,39503126.9500,1.669400,0.734200
2026-01-06,13.5113980800,13.5113980800,13.3837467900,13.4721207600,2692812,36903488.3100,1.554200,0.000000
2026-01-07,13.4524821000,13.5310367400,13.2855534900,13.3248308100,3292994,44867150.3000,1.900600,-1.093300
2026-01-08,13.2462761700,13.4132047800,13.2462761700,13.3739274600,2859240,38862615.4000,1.650200,0.368500
2026-01-09,13.4524821000,13.7274233400,13.4230241100,13.6194107100,4413547,61049476.9300,2.547300,1.835500
2026-01-12,13.7077846800,14.2478478300,13.6390493700,14.2183898400,8171969,116831263.5500,4.716500,4.398000
2026-01-13,14.2478478300,14.5031504100,14.0710998900,14.0710998900,7673017,111656531.4700,4.428500,-1.035900
2026-01-14,14.0220032400,14.6700790200,14.0220032400,14.3853184500,8229135,120492695.7500,4.749400,2.233100
2026-01-15,14.3362218000,14.3362218000,13.9434486000,14.1005578800,5076500,72817811.2000,2.929900,-1.979500
2026-01-16,14.0220032400,14.1005578800,13.6881460200,13.9630872600,4640480,65475364.2000,2.678300,-0.974900
2026-01-19,13.8747132900,13.9827259200,13.7568813300,13.8059779800,2594300,36592361.6000,1.497300,-1.125200
2026-01-20,13.8157973100,14.0220032400,13.7568813300,13.8550746300,3487590,49294800.0600,2.012900,0.355600
2026-01-21,13.7961586500,13.8747132900,13.7274233400,13.7863393200,2549700,35811684.6000,1.471600,-0.496100
2026-01-22,13.8157973100,13.9630872600,13.6979653500,13.8550746300,2351290,33145189.9000,1.357000,0.498600
2026-01-23,13.8550746300,14.1889318500,13.8354359700,14.1398352000,4007380,57073352.9000,2.312900,2.055300
2026-01-26,14.0809192200,14.2085705100,13.7961586500,13.9729065900,3589242,51048782.8200,2.071500,-1.180600
2026-01-27,13.9238099400,14.1791125200,13.7470620000,13.8943519500,3264834,46211554.1600,1.884300,-0.562200
2026-01-28,13.8256166400,13.9827259200,13.5506754000,13.5899527200,3823350,53429135.4000,2.206600,-2.190800
2026-01-29,13.5408560700,14.0121839100,13.3837467900,13.6979653500,4243140,59725204.2000,2.448900,0.794800
2026-01-30,13.6488687000,13.8354359700,13.5015787500,13.8354359700,3274580,45850569.6000,1.889900,1.003600
2026-02-02,13.8354359700,14.0416419000,13.5801333900,13.6488687000,4938780,69608868.0000,2.850400,-1.348500
2026-02-03,13.7667006600,14.0220032400,13.7667006600,13.9532679300,3566252,50547568.6400,2.058300,2.230200
2026-02-04,13.9139906100,14.0121839100,13.6685073600,13.7863393200,3302410,46386952.4000,1.906000,-1.196300
2026-02-05,13.8256166400,14.3754991200,13.7667006600,14.0220032400,7695359,110581480.6300,4.441400,1.709400
2026-02-06,13.8648939600,13.9238099400,13.6488687000,13.8354359700,4773405,67048287.0000,2.755000,-1.330500
2026-02-09,13.9827259200,14.1201965400,13.8845326200,14.1201965400,5579628,79735274.7300,3.220300,2.058200
2026-02-10,14.1201965400,14.4442344300,14.0220032400,14.3460411300,6628989,96557683.5600,3.825900,1.599400
2026-02-11,14.3067638100,14.3362218000,14.0710998900,14.1692931900,4228960,61032170.7000,2.440700,-1.232000
2026-02-12,14.1496545300,14.1594738600,13.7667006600,13.8059779800,4871652,68866434.0900,2.811700,-2.564100
2026-02-13,13.8256166400,13.9434486000,13.6488687000,13.6586880300,3034773,42583026.7400,1.751500,-1.066900
2026-02-24,13.6979653500,13.7470620000,13.3051921500,13.5113980800,4241400,58459378.3700,2.447900,-1.078400
2026-02-25,13.5408560700,13.6881460200,13.4819400900,13.6292300400,2992335,41372393.3500,1.727000,0.872100
2026-02-26,13.6194107100,13.6488687000,13.3641081300,13.3935661200,3030380,41548133.5000,1.749000,-1.729100
2026-02-27,13.4033854500,13.4426627700,13.3051921500,13.4328434400,2282386,31142523.1200,1.317300,0.293300
2026-03-02,13.2560955000,13.2855534900,12.7454903400,12.7651290000,4691582,61657775.9300,2.707700,-4.970800
2026-03-03,12.8142256500,12.9025996200,12.4116331200,12.4410911100,3279569,42203398.8100,1.892800,-2.538500
2026-03-04,12.3134398200,12.5392844100,12.1661498700,12.3527171400,2476440,31052553.8000,1.429300,-0.710300
2026-03-05,12.5785617300,12.6669357000,12.3428978100,12.3723558000,1981190,25184191.4000,1.143400,0.159000
2026-03-06,12.3330784800,12.6276583800,12.3036204900,12.6178390500,1837000,23510303.0000,1.060200,1.984100
2026-03-09,12.4509104400,12.5982003900,12.3527171400,12.4509104400,3302226,41899550.0800,1.905900,-1.323000
2026-03-10,12.5392844100,12.7062130200,12.5196457500,12.6963936900,2093680,26936730.8000,1.208400,1.971600
2026-03-11,12.7651290000,12.8142256500,12.5098264200,12.5883810600,1658590,21260975.4200,0.957300,-0.850700
2026-03-12,12.5785617300,12.6080197200,12.2643431700,12.2839818300,2309520,29097381.1000,1.332900,-2.418100
2026-03-13,12.2348851800,12.3919944600,12.0777759000,12.1170532200,1870200,23351851.7000,1.079400,-1.358900
2026-03-16,12.1563305400,12.3134398200,12.1170532200,12.3134398200,1933338,24107298.4800,1.115800,1.620700
2026-03-17,12.3919944600,12.7553096700,12.2447045100,12.2545238400,3861279,49220885.5500,2.228500,-0.478500
2026-03-18,12.3428978100,12.4018137900,12.2250658500,12.3625364700,1670400,20938668.7000,0.964100,0.881400
2026-03-19,12.2741625000,12.4705491000,12.2447045100,12.2741625000,2321246,29240855.9400,1.339700,-0.714900
2026-03-20,12.3330784800,12.4705491000,11.9403052800,11.9599439400,2730124,33773351.2200,1.575700,-2.560000
2026-03-23,11.7340993500,11.8813893000,11.1940362000,11.2824101700,3305983,38883074.4200,1.908000,-5.665000
2026-03-24,11.5868094000,11.7831960000,11.2824101700,11.7537380100,4582782,53817336.4200,2.645000,4.177500
2026-03-25,11.9206666200,12.1857885300,11.7831960000,12.1366918800,2640634,32428335.9600,1.524000,3.258100
2026-03-26,12.7062130200,13.1873601900,12.0384985800,12.1268725500,9734900,123699489.1400,5.595200,-0.080900
2026-03-27,12.2348851800,12.6178390500,11.8224733200,12.5098264200,9000558,112149097.8600,5.173200,3.157900
2026-03-30,12.2839818300,12.4312717800,11.6751833700,11.8224733200,6735927,81619989.5700,3.871600,-5.494500
2026-03-31,11.7733766700,11.9403052800,11.4493387800,11.4689774400,6250947,73861501.1400,3.592800,-2.990000
2026-04-01,11.6260867200,11.7733766700,11.5377127500,11.6359060500,3898550,46173983.0000,2.240700,1.455500
2026-04-02,11.6260867200,11.6948220300,11.4100614600,11.5082547600,3027592,35685951.1000,1.740100,-1.097000
2026-04-03,11.6162673900,11.6162673900,11.1351202200,11.1547588800,3445990,39518211.4000,1.980600,-3.071700
2026-04-07,11.1449395500,11.3904228000,10.9387336200,11.3511454800,2376140,27313187.3500,1.365700,1.760600
2026-04-08,11.6457253800,11.8715699700,11.5475320800,11.8617506400,3210828,38445108.7400,1.845500,4.498300
2026-04-09,11.7635573400,11.7733766700,11.3413261500,11.4493387800,3647670,42616509.2000,2.096500,-3.476800
2026-04-10,11.4984354300,11.7930153300,11.4787967700,11.7144606900,3083460,36725515.2000,1.772300,2.315600
2026-04-13,11.7733766700,11.7733766700,11.5475320800,11.6162673900,2138620,25283901.2000,1.229200,-0.838200
2026-04-14,11.7144606900,11.7733766700,11.5180740900,11.5769900700,3149600,37158432.0200,1.810300,-0.338100
2026-04-15,11.5769900700,11.6555447100,11.4198807900,11.4493387800,2215120,26019811.3000,1.273200,-1.102600
2026-04-16,11.5377127500,11.7439186800,11.3511454800,11.6948220300,3618770,42627958.5000,2.079900,2.144100
2026-04-17,11.6850027000,11.6850027000,11.4002421300,11.5278934200,2527755,29570581.9500,1.452900,-1.427400
2026-04-20,11.5868094000,11.6948220300,11.4984354300,11.6457253800,2341183,27701612.5600,1.345600,1.022100
2026-04-21,11.6850027000,11.7242800200,11.5377127500,11.6064480600,2366000,27972989.6000,1.359900,-0.337300
2026-04-22,11.5573514100,11.5671707400,11.2136748600,11.2922295000,4502440,52071203.0800,2.587800,-2.707300
2026-04-23,11.3118681600,11.3707841400,10.9485529500,11.0860235700,4772190,54092772.5200,2.742900,-1.826100
2026-04-24,11.0762042400,11.0762042400,10.6834310400,10.9387336200,5890956,65141621.1300,3.385900,-1.328600
2026-04-27,10.7128890300,11.0860235700,10.3888511400,10.8307209900,8239673,89241052.5800,4.735800,-0.987400
2026-04-28,10.6048764000,10.7325276900,10.4183091300,10.5950570700,5330970,57391269.4000,3.064000,-2.175900
2026-04-29,10.5361410900,10.9485529500,10.4281284600,10.8699983100,4240185,46764412.8500,2.437100,2.595000
2026-04-30,10.8900000000,10.9500000000,10.7700000000,10.8900000000,3577722,38896982.5000,2.056300,0.184000
