date,open,high,low,close,volume,amount,turn,pctChg
2020-12-22,15.0791520000,18.6604506000,14.2309497000,16.5870672000,56560494,964999801.8900,66.258500,254.124700
2020-12-23,15.0791520000,15.4372818600,13.8162730200,14.4005901600,45076477,695884062.5600,52.805400,-13.181800
2020-12-24,13.6654815000,14.8623891900,13.4392942200,14.7021732000,38731919,579204792.7200,45.373000,2.094200
2020-12-25,14.2403741700,14.5702306200,12.8172792000,12.8832504900,32063969,466265737.2600,37.561700,-12.371800
2020-12-28,12.8738260200,14.0990071200,12.8738260200,12.9586462500,28352486,403685625.2200,33.213900,0.585200
2020-12-29,12.2329620600,12.6099408600,11.6203715100,11.7051917400,27171224,345581177.6400,31.830100,-9.672700
2020-12-30,11.5544002200,12.1575663000,11.1397235400,11.6957672700,25426855,312123243.3200,29.786600,-0.080500
2020-12-31,11.4790044600,11.9973503100,11.1868458900,11.2245437700,21668445,266076215.5400,25.383800,-4.029000
2021-01-04,11.2999395300,11.6674938600,11.1962703600,11.3753352900,17665856,214318993.2300,20.694900,1.343400
2021-01-05,11.3659108200,12.1104439500,11.2056948300,11.6580693900,20793325,258417246.4700,24.358600,2.485500
2021-01-06,11.6486449200,13.4298697500,11.4978534000,12.7136100300,35756980,471693606.0500,41.887900,9.054200
2021-01-07,12.2329620600,12.3743291100,11.4790044600,11.4978534000,25761636,325881252.3700,30.178800,-9.562600
2021-01-08,11.2810905900,12.3649046400,11.2622416500,12.0161992500,21149370,266569123.8900,24.775700,4.508200
2021-01-11,12.3272067600,12.8267036700,12.0538971300,12.3931780500,22453148,296079693.9000,26.303000,3.137300
2021-01-12,12.0538971300,12.9586462500,11.6863428000,12.0727460700,20176129,264103966.9900,23.635600,-2.585600
2021-01-13,12.1764152400,12.7136100300,11.4413065800,11.6392204500,19031111,243699622.5900,22.294200,-3.590900
2021-01-14,11.3093640000,11.4224576400,10.4234638200,10.7061979200,20538034,237855889.2000,24.059500,-8.016200
2021-01-15,10.7533202700,12.8455526100,10.5082840500,12.8455526100,44605380,579409188.3300,52.253500,19.982400
2021-01-18,12.9774951900,13.5900857400,12.5345451000,13.1000133000,44863774,623187180.2500,52.556200,1.980900
2021-01-19,12.6570632100,14.0047624200,12.4779982800,13.2885027000,39743744,559623919.7100,46.558300,1.438800
2021-01-20,13.1000133000,13.3262005800,12.5533940400,12.9869196600,25156986,344474270.9800,29.470500,-2.269500
2021-01-21,12.8738260200,12.9680707200,12.4308759300,12.4968472200,21038579,282732372.7300,24.645900,-3.773600
2021-01-22,12.2612354700,12.3743291100,11.5920981000,11.7428896200,19543563,247462498.2700,22.894500,-6.033200
2021-01-25,11.5920981000,11.6863428000,11.1774214200,11.2433927100,13854004,166605063.4900,16.229400,-4.253600
2021-01-26,11.3093640000,11.7994364400,11.1208746000,11.4224576400,14482128,176044805.7500,16.965300,1.592600
2021-01-27,11.1962703600,11.3659108200,10.9323852000,11.3470618800,11527996,136616655.6200,13.504600,-0.660100
2021-01-28,11.1962703600,11.5920981000,11.1302990700,11.5355512800,13468012,163278506.4300,15.777300,1.661100
2021-01-29,11.5355512800,11.6486449200,10.6590755700,11.3564863500,16666169,198288662.9100,19.523800,-1.552300
2021-02-01,11.1491480100,13.3921718700,11.0831767200,12.8172792000,30935793,405718066.9000,36.240100,12.863100
2021-02-02,12.3743291100,12.6853366200,11.7334651500,11.8936811400,23623004,305562732.1200,27.673500,-7.205900
2021-02-03,11.7051917400,11.9125300800,11.1962703600,11.3282129400,15768565,192265941.5500,18.472300,-4.754400
2021-02-04,11.2151193000,11.7523140900,11.1774214200,11.5261268100,15918756,194708755.3300,18.648200,1.747100
2021-02-05,11.3847597600,11.5920981000,10.5554064000,10.6967734500,15674212,182934351.2500,18.361700,-7.195400
2021-02-08,10.6873489800,10.8004426200,9.9145424400,9.9428158500,12696379,138625842.8500,14.873300,-7.048500
2021-02-09,10.0370605500,10.1218807800,9.8014488000,9.8579956200,9317294,98266232.5100,10.914900,-0.853100
2021-02-10,9.9051179700,10.0276360800,9.5092902300,9.5658370500,9790669,101076570.3500,11.469400,-2.963700
2021-02-18,9.7543264500,10.1124563100,9.7449019800,9.9333913800,8395136,88385665.0900,9.834600,3.842400
2021-02-19,9.9333913800,10.3574925300,9.8202977400,10.3103701800,8887395,95716728.4600,10.411200,3.795100
2021-02-22,10.2632478300,10.5082840500,10.1218807800,10.1501541900,11051002,121068641.0800,12.945800,-1.553900
2021-02-23,10.1595786600,10.2538233600,9.8391466800,10.0747584300,8147416,87103684.0100,9.544400,-0.742800
2021-02-24,10.1313052500,10.3009457100,9.9145424400,10.2443988900,8118090,87242866.1700,9.510000,1.683800
2021-02-25,10.1972765400,10.4611617000,10.0559094900,10.0936073700,9072172,98817736.5600,10.627700,-1.471900
2021-02-26,9.7354775100,9.9710892600,9.5658370500,9.8579956200,6634720,69103847.2400,7.772300,-2.334300
2021-03-01,10.0559094900,10.2915212400,10.0087871400,10.1407297200,6078695,65258661.0200,7.121000,2.868100
2021-03-02,10.3669170000,10.8852628500,10.3574925300,10.4611617000,13324103,148875505.0200,15.608700,3.159900
2021-03-03,10.2915212400,10.3386435900,9.9993626700,10.2255499500,9188060,99089394.3300,10.763500,-2.252300
2021-03-04,10.1784276000,10.1784276000,9.8391466800,9.8674200900,7802020,82586951.8200,9.139800,-3.502300
2021-03-05,9.7637509200,10.0087871400,9.7260530400,9.9710892600,4803955,50591117.6900,5.627700,1.050600
2021-03-08,10.0936073700,10.3574925300,9.9899382000,10.2915212400,11170341,121226606.5500,13.085600,3.213600
2021-03-09,10.3103701800,10.7250468600,9.4998657600,10.1972765400,13577002,146094798.5000,15.904900,-0.915800
2021-03-10,10.0841829000,10.3292191200,9.8391466800,9.9522403200,8390149,89611144.6700,9.828700,-2.403000
2021-03-11,9.9051179700,10.1313052500,9.7072041000,9.9899382000,7679429,80495677.8500,8.996200,0.378800
2021-03-12,9.9899382000,10.0276360800,9.7543264500,9.8391466800,5956937,62077905.8200,6.978300,-1.509400
2021-03-15,9.8862690300,10.1690031300,9.7166285700,9.8485711500,5835660,61419857.0000,6.836300,0.095800
2021-03-16,9.6977796300,9.8485711500,9.6506572800,9.7920243300,4757759,49287128.5800,5.573500,-0.574200
2021-03-17,9.8014488000,10.1218807800,9.7354775100,10.0936073700,8683123,92234152.5600,10.171900,3.079900
2021-03-18,10.2255499500,11.1397235400,10.2255499500,10.4423127600,19266584,217028732.9900,22.570100,3.454700
2021-03-19,10.2255499500,11.0266299000,10.2255499500,10.7156223900,20065525,228688391.6700,23.506000,2.617300
2021-03-22,10.5648308700,11.1114501300,10.4705861700,10.8381405000,17498548,201626329.4300,20.498900,1.143400
2021-03-23,10.7438958000,10.8758383800,10.2726723000,10.4611617000,12877286,143531262.6300,15.085300,-3.478300
2021-03-24,10.4328882900,10.7627447400,10.2161254800,10.7250468600,10439570,115670691.1400,12.229600,2.522500
2021-03-25,12.1575663000,12.8738260200,11.2622416500,11.3564863500,37717333,489196685.6100,44.184400,5.887500
2021-03-26,11.0454788400,12.1198684200,10.9418096700,11.4507310500,30242494,368011050.9100,35.427900,0.829900
2021-03-29,11.0549033100,11.7428896200,10.7533202700,11.7051917400,27521772,326609355.5800,32.240700,2.222200
2021-03-30,11.3376374100,11.4978534000,10.8946873200,10.9041117900,19472359,231106712.8500,22.811100,-6.843800
2021-03-31,10.7910181500,10.9135362600,10.5177085200,10.7627447400,10995408,124915814.7000,12.880700,-1.296500
2021-04-01,10.7061979200,11.1208746000,10.5931042800,10.6402266300,11606709,133779664.0000,13.596800,-1.138400
2021-04-02,10.4988595800,11.9313790200,10.3857659400,11.3093640000,23638058,280349084.5700,27.691100,6.288800
2021-04-06,11.1774214200,12.0633216000,11.1774214200,11.8936811400,26138057,324701641.0100,30.619700,5.166700
2021-04-07,11.7805875000,14.2686475800,11.6109470400,14.2686475800,37641424,525012630.3000,44.095500,19.968300
2021-04-08,14.1649784100,14.1649784100,12.3554801700,12.3743291100,46453093,652271014.0900,54.418000,-13.276100
2021-04-09,11.8654077300,12.8644015500,11.8654077300,12.2989333500,26673063,348817909.0200,31.246500,-0.609300
2021-04-12,12.1575663000,12.3366312300,11.6203715100,11.6674938600,19085642,240500401.4700,22.358100,-5.134100
2021-04-13,11.7334651500,11.7994364400,11.2999395300,11.3941842300,12385835,151229387.7100,14.509500,-2.342500
2021-04-14,11.3470618800,11.6486449200,11.2999395300,11.5261268100,11954498,145784407.4600,14.004200,1.158000
2021-04-15,11.5072778700,11.5072778700,11.0077809600,11.0360543700,11260316,133792946.6500,13.191000,-4.251800
2021-04-16,11.0831767200,11.4318821100,11.0737522500,11.2999395300,8829306,105622806.7200,10.343200,2.391100
2021-04-19,11.3659108200,11.7051917400,11.2433927100,11.4601555200,10294286,125228771.6800,12.059400,1.417800
2021-04-20,11.4695799900,11.5732491600,11.1302990700,11.1491480100,10064245,120901572.8900,11.789900,-2.713800
2021-04-21,11.1962703600,11.3376374100,11.0360543700,11.1679969500,7084489,84054222.7400,8.299200,0.169100
2021-04-22,11.2151193000,11.2622416500,10.8758383800,10.9229607300,7964724,92957485.9500,9.330400,-2.194100
2021-04-23,10.9323852000,10.9889320200,10.3669170000,10.5365574600,8969497,101134468.4600,10.507400,-3.537500
2021-04-26,10.6685000400,10.8098670900,10.4894351100,10.4894351100,5911684,66839288.7800,6.925300,-0.447200
2021-04-27,10.4328882900,10.9700830800,10.4140393500,10.9606586100,11607307,132727506.4700,13.597500,4.492400
2021-04-28,10.8381405000,10.9418096700,10.5648308700,10.6779245100,7845598,88999382.3000,9.190800,-2.579500
2021-04-29,10.5365574600,10.6685000400,10.2726723000,10.3009457100,6642882,73773435.8600,7.781900,-3.530500
2021-04-30,10.2915212400,10.3386435900,9.9051179700,9.9333913800,6120809,65294732.4500,7.170300,-3.568200
2021-05-06,9.9522403200,10.2915212400,9.9522403200,10.0936073700,4381102,47080325.5200,5.132300,1.612900
2021-05-07,10.0653339600,10.3386435900,10.0464850200,10.2067010100,4573087,49618229.2300,5.357200,1.120400
2021-05-10,10.1407297200,10.3480680600,10.0841829000,10.2067010100,4109572,44534237.2400,4.814200,0.000000
2021-05-11,10.1030318400,10.4517372300,10.0841829000,10.4140393500,4886003,53495237.3900,5.723800,2.031400
2021-05-12,10.2820967700,10.5459819300,10.2820967700,10.5082840500,5217122,57617946.9200,6.111700,0.905000
2021-05-13,10.3574925300,10.5082840500,10.2067010100,10.2349744200,4474098,49105472.3200,5.241200,-2.600900
2021-05-14,10.2443988900,10.4046148800,10.2443988900,10.2632478300,3384957,37032092.8300,3.965300,0.276200
2021-05-17,10.2443988900,10.2915212400,9.9899382000,10.0747584300,4235538,45225199.2100,4.961800,-1.836500
2021-05-18,9.9899382000,10.3386435900,9.9899382000,10.2820967700,3759491,40798322.7600,4.404100,2.058000
2021-05-19,10.2349744200,10.3763414700,10.1218807800,10.1690031300,3410500,37001881.0000,3.995300,-1.099900
2021-05-20,10.0841829000,10.2161254800,9.9239669100,10.1407297200,4454400,47490304.0000,5.218200,-0.278000
2021-05-21,10.1407297200,10.3669170000,10.0841829000,10.3386435900,4960171,54118828.1100,5.810700,1.951700
2021-05-24,10.3292191200,10.6402266300,10.2161254800,10.6213776900,7586973,84295114.9400,8.887900,2.734700
2021-05-25,11.0077809600,11.0077809600,10.4705861700,10.5177085200,7603821,85924267.7500,8.907600,-0.976000
2021-05-26,10.5365574600,10.9323852000,10.3951904100,10.6685000400,6807210,76853187.5200,7.974400,1.433700
2021-05-27,10.6496511000,10.7061979200,10.5365574600,10.5648308700,4992900,56264775.1100,5.849000,-0.971700
2021-05-28,10.5365574600,10.6496511000,10.3103701800,10.3103701800,4424600,49084751.2600,5.183300,-2.408600
2021-05-31,10.2820967700,10.6119532200,10.1878520700,10.5459819300,4900089,54391310.4900,5.740300,2.285200
2021-06-01,10.5836798100,10.9135362600,10.5648308700,10.5931042800,5706406,64705738.3600,6.684800,0.446800
2021-06-02,10.6402266300,11.0926011900,10.4611617000,11.0077809600,12759893,146697566.3100,14.947700,3.914600
2021-06-03,10.8946873200,11.4790044600,10.7815936800,11.0360543700,15098811,178484979.9200,17.687700,0.256800
2021-06-04,10.8475649700,10.9983564900,10.5554064000,10.6967734500,8973402,102585942.4900,10.512000,-3.074300
2021-06-07,10.6496511000,10.7721692100,10.4800106400,10.5648308700,5362545,60078120.8100,6.282000,-1.233500
2021-06-08,10.5554064000,10.8381405000,10.4894351100,10.8287160300,6488418,73489407.2500,7.600900,2.497800
2021-06-09,10.8852628500,10.8852628500,10.5177085200,10.5648308700,5222741,58891892.1300,6.118200,-2.436900
2021-06-10,10.5177085200,10.5648308700,10.3103701800,10.3197946500,6456523,71116888.8600,7.563600,-2.319400
2021-06-11,10.3480680600,10.5365574600,10.2349744200,10.2632478300,4845618,53268592.3400,5.676500,-0.547900
2021-06-15,10.1878520700,10.2067010100,10.0087871400,10.0182116100,4046105,43183797.1500,4.739900,-2.387500
2021-06-16,10.0087871400,10.1313052500,9.9333913800,10.0182116100,2940770,31278074.5600,3.445000,0.000000
2021-06-17,10.0182116100,10.0747584300,9.9428158500,9.9899382000,3219476,34181892.7300,3.771500,-0.282200
2021-06-18,10.0653339600,10.1784276000,10.0276360800,10.0841829000,3623700,38857818.0000,4.245000,0.943400
2021-06-21,9.9993626700,10.1501541900,9.9522403200,10.0653339600,2967149,31731456.5600,3.475900,-0.186900
2021-06-22,10.0936073700,10.2067010100,10.0559094900,10.2067010100,3503353,37742679.2500,4.104000,1.404500
2021-06-23,10.1784276000,10.2255499500,10.0841829000,10.1218807800,3133303,33659199.1800,3.670500,-0.831000
2021-06-24,10.1501541900,10.1595786600,9.9522403200,9.9899382000,3508070,37242881.4600,4.109600,-1.303500
2021-06-25,9.9899382000,10.0747584300,9.9710892600,10.0276360800,2950237,31371815.8300,3.456100,0.377400
2021-06-28,9.9522403200,9.9710892600,9.8108732700,9.8297222100,4773378,49960785.9800,5.591800,-1.973700
2021-06-29,9.7543264500,10.5082840500,9.5941104600,10.0276360800,9014028,94570633.3000,10.015600,2.013400
2021-06-30,9.9239669100,9.9239669100,9.6977796300,9.8108732700,4671721,48594118.6400,5.190800,-2.161700
2021-07-01,9.8108732700,10.3197946500,9.7072041000,9.9993626700,9737493,104184457.3100,10.819400,1.921200
2021-07-02,9.9710892600,10.1784276000,9.7354775100,9.8202977400,5505159,57704206.8200,6.116800,-1.790800
2021-07-05,9.7637509200,9.8956935000,9.7166285700,9.8202977400,3899716,40448687.5300,4.333000,0.000000
2021-07-06,9.7354775100,9.8391466800,9.6600817500,9.8014488000,3485819,36092276.5100,3.873100,-0.191900
2021-07-07,9.7072041000,9.9616647900,9.7072041000,9.8956935000,3655720,38259317.1800,4.061900,0.961500
2021-07-08,9.8672538300,9.9430828700,9.7440316400,9.7629889000,3565809,36846459.3400,3.962000,-1.341000
2021-07-09,9.7629889000,9.9241256100,9.7250743800,9.8672538300,3048389,31623659.1200,3.387100,1.068000
2021-07-12,9.9051683500,9.9430828700,9.8103820500,9.8482965700,3841877,39984622.7800,4.268800,-0.192100
2021-07-13,9.8482965700,9.8482965700,9.7629889000,9.8198606800,2701532,27932979.7900,3.001700,-0.288700
2021-07-14,9.7724675300,9.8767324600,9.7440316400,9.7535102700,3114641,32263823.7100,3.460700,-0.675700
2021-07-15,9.7250743800,9.7535102700,9.3364505500,9.3838437000,6279275,62873156.5700,6.977000,-3.790100
2021-07-16,9.3364505500,9.4407154800,9.2985360300,9.3364505500,2869040,28313729.5700,3.187800,-0.505100
2021-07-19,9.3743650700,9.5165445200,9.3743650700,9.4407154800,2746113,27389235.6600,3.051200,1.116800
2021-07-20,9.4028009600,9.4028009600,9.2701001400,9.2890574000,3155851,31028111.2400,3.506500,-1.606400
2021-07-21,9.2985360300,9.3743650700,9.2701001400,9.3364505500,2326136,22877022.9000,2.584600,0.510200
2021-07-22,9.3364505500,9.3554078100,9.2227069900,9.3269719200,3034403,29724128.8600,3.371600,-0.101500
2021-07-23,9.3459291800,9.3459291800,9.0710489100,9.0710489100,4197818,40768924.8200,4.664200,-2.743900
2021-07-26,9.2227069900,9.3269719200,8.9193908300,9.0046985000,2656020,25581653.1700,2.951100,-0.731500
2021-07-27,8.9952198700,9.1279206900,8.8719976800,8.9099122000,2332673,22140656.6600,2.591900,-1.052600
2021-07-28,8.8625190500,8.9667839800,8.0757927600,8.4833738500,3161828,28417752.1500,3.513100,-4.787200
2021-07-29,8.5781601500,8.7013823400,8.4833738500,8.5686815200,2210644,19970378.7300,2.456300,1.005600
2021-07-30,8.5686815200,8.6634678200,8.4359807000,8.6160746700,2418327,21849936.4500,2.687000,0.553100
2021-08-02,8.6065960400,8.7961686400,8.5497242600,8.7582541200,2441414,22405572.8000,2.712700,1.650200
2021-08-03,8.7487754900,9.3174932900,8.7298182300,9.0900061700,5650456,53985036.4500,6.278300,3.787900
2021-08-04,9.1753138400,9.3648864400,9.0236557600,9.0710489100,4120195,39782791.5400,4.578000,-0.208600
2021-08-05,9.0331343900,9.1373993200,8.8530404200,8.8814763100,3459216,32603215.5200,3.843600,-2.089900
2021-08-06,8.9193908300,8.9667839800,8.7298182300,8.8056472700,1985503,18507747.6500,2.206100,-0.853800
2021-08-09,8.8719976800,8.9288694600,8.7866900100,8.9099122000,1944098,18243643.5900,2.160100,1.184100
2021-08-10,8.9099122000,8.9667839800,8.8530404200,8.9383480900,2287399,21539187.8800,2.541600,0.319100
2021-08-11,8.9478267200,9.0331343900,8.9004335700,8.9952198700,2353765,22262235.7600,2.615300,0.636300
2021-08-12,8.9952198700,9.0141771300,8.8909549400,8.9288694600,2192434,20682228.2000,2.436000,-0.737600
2021-08-13,8.9478267200,9.0615702800,8.8909549400,9.0331343900,2748057,26081092.9500,3.053400,1.167700
2021-08-16,9.0520916500,9.2227069900,8.9762626100,9.1847924700,4784825,46151393.8000,5.316500,1.678900
2021-08-17,9.1942711000,9.1942711000,8.8814763100,8.9478267200,4560610,43644667.8100,5.067300,-2.580000
2021-08-18,8.9099122000,9.0994848000,8.9004335700,8.9762626100,2407990,22794011.7700,2.675500,0.317800
2021-08-19,8.9667839800,9.0141771300,8.7961686400,8.7961686400,2803055,26310259.8600,3.114500,-2.006300
2021-08-20,8.7772113800,8.7772113800,8.4644165900,8.5876387800,3086221,27890220.0100,3.429100,-2.370700
2021-08-23,8.6255533000,9.0141771300,8.6160746700,8.9478267200,3511037,32795368.1500,3.901200,4.194300
2021-08-24,8.9478267200,9.0710489100,8.8909549400,8.9667839800,2441039,23115963.6200,2.712300,0.211900
2021-08-25,9.0046985000,9.2985360300,8.8340831600,9.1847924700,6743835,65001828.8200,7.493200,2.431300
2021-08-26,9.1373993200,9.2227069900,8.9857412400,9.0046985000,4094402,39107419.1500,4.549300,-1.960800
2021-08-27,9.0141771300,9.0426130200,8.7677327500,8.8151259000,3529808,32989657.0000,3.922000,-2.105300
2021-08-30,8.9099122000,8.9478267200,8.6919037100,8.7203396000,1945715,18020158.2700,2.161900,-1.075300
2021-08-31,8.8530404200,8.8530404200,8.6255533000,8.7298182300,1822865,16770389.0800,2.025400,0.108700
2021-09-01,8.6729464500,9.1373993200,8.6729464500,9.0900061700,5860543,55402564.8900,6.511700,4.126000
2021-09-02,9.0426130200,9.0615702800,8.9478267200,9.0046985000,2920046,27728008.9500,3.244500,-0.938500
2021-09-03,8.9288694600,9.2511428800,8.9288694600,9.2321856200,6434989,61786117.7400,7.150000,2.526300
2021-09-06,9.1753138400,9.3364505500,9.0994848000,9.2132283600,6241163,60661442.4100,6.934600,-0.205300
2021-09-07,9.2037497300,9.3174932900,9.1373993200,9.2132283600,4723498,45935306.2100,5.248300,0.000000
2021-09-08,9.2132283600,9.2795787700,9.1468779500,9.2321856200,4160806,40359631.5000,4.623100,0.205800
2021-09-09,9.2321856200,9.2416642500,9.0994848000,9.1468779500,3116409,30162185.7700,3.462700,-0.924000
2021-09-10,9.1089634300,9.9146469800,9.0900061700,9.4691513700,12620175,126793525.0900,14.022400,3.523300
2021-09-13,9.3269719200,9.9525615000,9.3269719200,9.8482965700,12199932,125616562.2000,13.555500,4.004000
2021-09-14,9.7345530100,9.8293393100,9.5070658900,9.6113308200,7189991,73187074.1300,7.988900,-2.406200
2021-09-15,9.5355017800,9.6871598600,9.4407154800,9.5828949300,4144485,41744371.0300,4.605000,-0.295900
2021-09-16,9.5449804100,9.7155957500,9.3933223300,9.4028009600,4245674,42815160.0900,4.717400,-1.879300
2021-09-17,9.4217582200,9.6682026000,9.3648864400,9.4691513700,4209983,42227743.7400,4.677800,0.705600
2021-09-22,9.3554078100,9.4691513700,9.2132283600,9.3838437000,3639959,35730549.5600,4.044400,-0.900900
2021-09-23,9.4691513700,9.6587239700,9.3933223300,9.5544590400,4271163,42917934.0600,4.745700,1.818200
2021-09-24,9.5355017800,9.5544590400,9.1753138400,9.2037497300,4300135,42221318.4300,4.777900,-3.670600
2021-09-27,9.2132283600,9.2795787700,8.5402456300,8.6065960400,5368647,49704790.0300,5.965200,-6.488200
2021-09-28,8.5971174100,8.6824250800,8.5402456300,8.6160746700,1524377,13861217.9200,1.693800,0.110100
2021-09-29,8.5876387800,8.5876387800,8.2748439900,8.2748439900,3023177,26761846.5100,3.359100,-3.960400
2021-09-30,8.3317157700,8.4359807000,8.3222371400,8.3601516600,1463672,12929124.4400,1.626300,1.030900
2021-10-08,8.4549379600,8.6445105600,8.4454593300,8.6255533000,2264248,20471996.3700,2.515800,3.174600
2021-10-11,8.6160746700,8.7487754900,8.5686815200,8.5971174100,1374663,12501165.1500,1.527400,-0.329700
2021-10-12,8.5876387800,8.8056472700,8.4833738500,8.7013823400,2554535,23380995.7800,2.838400,1.212800
2021-10-13,8.5876387800,9.0426130200,8.5592028900,8.8340831600,3217087,29822325.3900,3.574500,1.525100
2021-10-14,8.8151259000,8.9952198700,8.7582541200,8.9383480900,3511621,32880383.6500,3.901800,1.180300
2021-10-15,8.9099122000,8.9762626100,8.5876387800,8.6729464500,3194665,29242075.9000,3.549600,-2.969200
2021-10-18,8.6065960400,8.7582541200,8.6065960400,8.6255533000,1475613,13461813.4000,1.639600,-0.546400
2021-10-19,8.5781601500,8.6729464500,8.5592028900,8.6255533000,1380847,12514675.7200,1.534300,0.000000
2021-10-20,8.6350319300,8.6350319300,8.3791089200,8.4170234400,2059014,18355581.0900,2.287800,-2.417600
2021-10-21,8.4170234400,8.6729464500,8.2748439900,8.6445105600,2861262,25675194.2400,3.179200,2.702700
2021-10-22,8.6065960400,8.6350319300,8.4265020700,8.5307670000,1991447,17858005.6700,2.212700,-1.315800
2021-10-25,8.5307670000,8.5781601500,8.3791089200,8.4833738500,1295378,11581581.1800,1.439300,-0.555600
2021-10-26,8.5307670000,8.5686815200,8.4265020700,8.4738952200,1287160,11507072.0500,1.430200,-0.111700
2021-10-27,8.4075448100,8.5118097400,8.1042286500,8.4359807000,2480787,21727249.7900,2.756400,-0.447400
2021-10-28,8.4359807000,8.7203396000,8.2464081000,8.7013823400,4332833,39130888.6800,4.814300,3.146100
2021-10-29,8.7582541200,8.7866900100,8.5686815200,8.6350319300,2206865,20132425.0100,2.452100,-0.762500
2021-11-01,8.6350319300,8.6824250800,8.5781601500,8.6350319300,2184862,19903757.0600,2.427600,0.000000
2021-11-02,8.6350319300,8.7108609700,8.3601516600,8.5023311100,2306978,20775269.1300,2.563300,-1.536800
2021-11-03,8.4833738500,8.6445105600,8.4170234400,8.5212883700,1348663,12114159.3300,1.498500,0.223000
2021-11-04,8.4928524800,8.6539891900,8.4454593300,8.6065960400,2077310,18738561.8100,2.308100,1.001100
2021-11-05,8.6919037100,9.0710489100,8.6065960400,8.9667839800,5343844,49848996.4300,5.937600,4.185000
2021-11-08,8.8530404200,8.9952198700,8.7677327500,8.8625190500,3554886,33265975.6000,3.949900,-1.162800
2021-11-09,8.9288694600,9.4691513700,8.8340831600,9.2037497300,7552188,72852199.0500,8.391300,3.850300
2021-11-10,9.1373993200,9.1563565800,8.9762626100,9.0615702800,4129143,39405091.1700,4.587900,-1.544800
2021-11-11,9.0426130200,9.2416642500,8.9857412400,9.1184420600,3834478,36888593.5200,4.260500,0.627600
2021-11-12,9.1468779500,9.2321856200,9.0141771300,9.1847924700,4276306,41269588.7700,4.751500,0.727700
2021-11-15,9.1753138400,9.5639376700,9.1373993200,9.4501941100,7021033,69694204.6300,7.801100,2.889600
2021-11-16,9.4596727400,9.4596727400,9.2037497300,9.2321856200,4808623,47271806.4400,5.342900,-2.306900
2021-11-17,9.3080146600,9.3364505500,9.1753138400,9.2795787700,3116906,30439994.3900,3.463200,0.513300
2021-11-18,9.2795787700,9.4122795900,9.2037497300,9.2037497300,3340100,32780065.4000,3.711200,-0.817200
2021-11-19,9.1753138400,9.4596727400,9.1658352100,9.3554078100,3486222,34238034.1400,3.873600,1.647800
2021-11-22,9.3838437000,9.4596727400,9.2985360300,9.3364505500,2746919,27096951.4300,3.052100,-0.202600
2021-11-23,9.3364505500,9.4501941100,9.2890574000,9.3364505500,2856283,28196591.9200,3.173600,0.000000
2021-11-24,9.3174932900,9.6966384900,9.3174932900,9.5923735600,8071313,81567840.6800,8.968100,2.741100
2021-11-25,9.5734163000,9.6587239700,9.3648864400,9.5734163000,6089596,60809054.8900,6.766200,-0.197600
2021-11-26,9.5260231500,9.5355017800,9.2037497300,9.2701001400,4441710,43541572.1200,4.935200,-3.168300
2021-11-29,9.1942711000,9.3174932900,9.0900061700,9.1563565800,3608267,34950048.9900,4.009200,-1.227000
2021-11-30,9.2606215100,9.3080146600,9.1563565800,9.2416642500,2853706,27777406.4800,3.170800,0.931700
2021-12-01,9.2321856200,9.8482965700,9.1753138400,9.6966384900,12062937,122708774.4900,13.403300,4.923100
2021-12-02,9.7629889000,9.8103820500,9.4312368500,9.4501941100,5334390,53838035.8700,5.927100,-2.541500
2021-12-03,9.4407154800,9.5355017800,9.2037497300,9.2132283600,4858657,47617105.6900,5.398500,-2.507500
2021-12-06,9.2321856200,9.4217582200,9.0331343900,9.1279206900,4251609,41249955.6700,4.724000,-0.925900
2021-12-07,9.2795787700,9.2795787700,9.0046985000,9.1373993200,2042437,19608133.8000,2.269400,0.103800
2021-12-08,9.1563565800,9.2132283600,9.0615702800,9.1753138400,1694422,16335383.5300,1.882700,0.414900
2021-12-09,9.1468779500,9.2321856200,9.0900061700,9.0994848000,2202433,21251137.2800,2.447100,-0.826400
2021-12-10,9.1658352100,9.2606215100,9.0805275400,9.1753138400,2250277,21771718.1200,2.500300,0.833300
2021-12-13,9.2890574000,9.2890574000,9.0331343900,9.0900061700,2379900,22829275.0000,2.644300,-0.929800
2021-12-14,9.0994848000,9.1468779500,9.0141771300,9.1089634300,1959197,18784801.4600,2.176900,0.208600
2021-12-15,9.0994848000,9.2321856200,9.0331343900,9.1563565800,2482052,24001817.1000,2.757800,0.520300
2021-12-16,9.1942711000,9.2132283600,9.0331343900,9.0900061700,2623065,25181454.1000,2.914500,-0.724600
2021-12-17,9.0900061700,9.1563565800,9.0236557600,9.0236557600,1808355,17317862.9800,2.009300,-0.729900
2021-12-20,9.0426130200,9.1373993200,8.9383480900,8.9857412400,2200631,20977501.9100,2.445100,-0.420200
2021-12-21,8.9667839800,9.0615702800,8.9667839800,9.0615702800,1944728,18527510.5900,2.160800,0.843900
2021-12-22,9.0710489100,9.7440316400,9.0710489100,9.2511428800,6726976,66352244.0400,6.204100,2.092100
2021-12-23,9.1468779500,9.3364505500,9.1279206900,9.1753138400,3340000,32439242.0000,3.080400,-0.819700
2021-12-24,9.1942711000,9.2416642500,9.0046985000,9.0141771300,3185790,30443359.8600,2.938200,-1.756200
2021-12-27,9.0900061700,9.1184420600,8.9667839800,9.1089634300,1858410,17765355.3800,1.714000,1.051500
2021-12-28,9.1942711000,9.2321856200,9.0615702800,9.1563565800,1820162,17540063.8600,1.678700,0.520300
2021-12-29,9.1468779500,9.2985360300,9.0710489100,9.2795787700,4490813,43732753.9500,4.141800,1.345800
2021-12-30,9.3080146600,9.4122795900,9.2321856200,9.3554078100,4382404,43106340.4800,4.041800,0.817200
2021-12-31,9.3838437000,9.7440316400,9.3743650700,9.6966384900,9963899,100521814.7400,9.189500,3.647400
2022-01-04,9.6776812300,10.4170143700,9.5828949300,10.0473478000,17330974,182550040.9100,15.983900,3.616800
2022-01-05,10.1516127300,11.5923644900,10.0283905400,10.8625099800,27752090,314187847.4200,25.595100,8.113200
2022-01-06,10.4549288900,11.3553987400,10.3790998500,10.9478176500,21436320,245354497.0100,19.770200,0.785300
2022-01-07,10.8245954600,10.9383390200,10.1421341000,10.1800486200,18801682,208335526.8100,17.340300,-7.013000
2022-01-10,10.0189119100,10.4075357400,10.0189119100,10.3032708100,8418898,91001280.8100,7.764500,1.210400
2022-01-11,10.3127494400,10.5307579300,10.0568264300,10.4549288900,9491890,103173233.7500,8.754100,1.471900
2022-01-12,10.3506639600,10.3885784800,10.1516127300,10.2179631400,7055238,76129241.7000,6.506900,-2.266500
2022-01-13,10.1610913600,10.3127494400,10.0568264300,10.1136982100,5617994,60143060.1700,5.181300,-1.020400
2022-01-14,10.0568264300,10.1990058800,9.9051683500,10.1990058800,5977894,63455710.2200,5.513300,0.843500
2022-01-17,10.4170143700,10.6445014900,10.1042195800,10.4644075200,11568153,126880782.6100,10.669000,2.602200
2022-01-18,10.4264930000,10.4928434100,9.7629889000,9.8482965700,9935398,105232317.7400,9.163200,-5.887700
2022-01-19,9.8672538300,10.9004245000,9.8672538300,10.4549288900,17045786,189158160.6400,15.720900,6.159800
2022-01-20,10.5212793000,10.5686724500,9.9999546500,10.1610913600,9659861,105224175.3500,8.909100,-2.810500
2022-01-21,10.0473478000,10.3790998500,9.9525615000,10.0663050600,6408830,68526029.2700,5.910700,-0.932800
2022-01-24,9.8103820500,10.0473478000,9.5734163000,9.9051683500,5449909,56320892.1600,5.026300,-1.600800
2022-01-25,9.7061171200,9.7819461600,9.3459291800,9.3554078100,6343941,63829703.8600,5.850900,-5.550200
2022-01-26,9.2795787700,9.7440316400,9.2795787700,9.7345530100,6110399,62080636.2400,5.635500,4.052700
2022-01-27,9.8482965700,9.8577752000,9.2037497300,9.2606215100,5114145,50776072.6500,4.716600,-4.868500
2022-01-28,9.3933223300,9.8767324600,9.2985360300,9.7535102700,6014158,61091822.4500,5.546700,5.322400
2022-02-07,9.9525615000,10.3222280700,9.7345530100,10.1800486200,5331671,56581951.2800,4.917300,4.373200
2022-02-08,10.1136982100,10.3980571100,10.0283905400,10.3032708100,5494220,59543638.9500,5.067200,1.210400
2022-02-09,10.3127494400,10.3885784800,10.1610913600,10.2369204000,4336280,46877068.1500,3.999200,-0.644000
2022-02-10,10.2843135500,10.3222280700,10.1610913600,10.2274417700,3089665,33391599.9000,2.849500,-0.092600
2022-02-11,10.1516127300,10.2558776600,9.9999546500,10.0473478000,3611342,38412887.8800,3.330700,-1.760900
2022-02-14,9.9620401300,10.5591938200,9.9620401300,10.4928434100,8682278,95415730.8400,8.007500,4.434000
2022-02-15,10.4738861500,10.5781510800,10.3127494400,10.3790998500,5796700,63789298.1300,5.346200,-1.084000
2022-02-16,10.3980571100,10.4928434100,10.2937921800,10.4644075200,4216135,46332075.5300,3.888400,0.821900
2022-02-17,10.3790998500,10.4738861500,10.1990058800,10.3127494400,4235640,46146920.7000,3.906400,-1.449300
2022-02-18,10.3222280700,10.4549288900,10.1326554700,10.3317067000,3063656,33335379.9100,2.825500,0.183800
2022-02-21,10.3127494400,10.6634587500,10.3127494400,10.5781510800,4889711,54422661.2500,4.509700,2.385300
2022-02-22,10.5023220400,10.6160656000,10.1895272500,10.2748349200,3672300,40144889.4000,3.386900,-2.867400
2022-02-23,10.3506639600,10.3885784800,10.1705699900,10.2937921800,2520400,27318663.0000,2.324500,0.184500
2022-02-24,10.2274417700,10.2937921800,9.6302880800,9.8388179400,5171789,54142030.9300,4.769800,-4.419900
2022-02-25,10.0568264300,10.7392877900,9.8482965700,10.4454502600,8858518,97330859.3200,8.170000,6.165700
2022-02-28,10.5781510800,10.6539801200,10.2369204000,10.4928434100,6197115,68256069.0000,5.715400,0.453700
2022-03-01,10.4454502600,10.5686724500,10.3317067000,10.4454502600,3513686,38665503.0000,3.240600,-0.451700
2022-03-02,10.3790998500,10.5876297100,10.3317067000,10.4644075200,4081827,45142570.0000,3.764600,0.181500
2022-03-03,10.9004245000,11.1279116200,10.5023220400,10.7866809400,12934403,146767874.0000,11.929100,3.079700
2022-03-04,11.2606124400,11.7629798300,10.7203305300,10.7582450500,17343093,204916900.0000,15.995100,-0.263600
2022-03-07,9.9999546500,10.6065869700,9.9999546500,10.2937921800,12718563,138455131.0000,11.730000,-4.317200
2022-03-08,10.1421341000,10.3696212200,9.5734163000,9.6302880800,9059191,93641310.0000,8.355100,-6.445700
2022-03-09,9.6397667100,10.1516127300,9.4975872600,9.7819461600,7600826,78839550.0000,7.010100,1.574800
2022-03-10,9.8577752000,10.9762535400,9.8577752000,10.5876297100,12905849,143557042.0000,11.902700,8.236400
2022-03-11,10.5876297100,10.7866809400,10.3980571100,10.7582450500,8493961,95202480.0000,7.833800,1.611500
2022-03-14,10.4928434100,10.6255442300,10.0757836900,10.0757836900,7141515,77966853.0000,6.586400,-6.343600
2022-03-15,10.2274417700,10.3317067000,9.2416642500,9.2606215100,9176500,94003306.0000,8.463300,-8.090300
2022-03-16,9.4975872600,9.8009034200,8.9288694600,9.5070658900,8350572,82603994.0000,7.701500,2.661200
2022-03-17,9.5070658900,9.7061171200,9.3554078100,9.4501941100,6083500,61117075.0000,5.610700,-0.598200
2022-03-18,9.3838437000,9.6018521900,9.3364505500,9.4975872600,3727142,37388748.0300,3.437500,0.501500
2022-03-21,9.4312368500,9.6302880800,9.2890574000,9.5734163000,5986573,59763642.8600,5.521300,0.798400
2022-03-22,9.5355017800,9.6018521900,9.4028009600,9.4407154800,3674080,36806031.3000,3.388500,-1.386100
2022-03-23,9.4407154800,9.4975872600,9.2511428800,9.3459291800,4479356,44248002.0000,4.131200,-1.004000
2022-03-24,9.2701001400,9.3080146600,9.0710489100,9.1089634300,3290516,31786905.2000,3.034800,-2.535500
2022-03-25,9.1089634300,9.6018521900,9.1089634300,9.4028009600,5661962,56408207.9800,5.221900,3.225800
2022-03-28,9.3554078100,9.5070658900,9.2795787700,9.3174932900,4443371,44038355.8700,4.098000,-0.907300
2022-03-29,9.3174932900,9.4691513700,9.1184420600,9.1753138400,3759526,36798657.8300,3.467300,-1.525900
2022-03-30,9.2037497300,9.3459291800,9.1089634300,9.3080146600,2860600,27852945.5000,2.638300,1.446300
2022-03-31,9.2795787700,9.5734163000,9.2701001400,9.4501941100,3572940,35672403.1500,3.295200,1.527500
2022-04-01,9.4501941100,9.5260231500,9.2416642500,9.3364505500,3070319,30372914.5700,2.831700,-1.203600
2022-04-06,9.3080146600,9.5355017800,9.2227069900,9.4975872600,3872771,38436203.6700,3.571800,1.725900
2022-04-07,9.5544590400,9.5639376700,9.0710489100,9.0994848000,5068514,49347330.0800,4.674600,-4.191600
2022-04-08,9.0426130200,9.2701001400,8.9952198700,9.1279206900,7264472,69870499.8700,6.699800,0.312500
2022-04-11,9.0994848000,9.9336042400,9.0805275400,9.5639376700,12467354,126713481.9500,11.498300,4.776700
2022-04-12,9.6682026000,10.0378691700,9.4786300000,9.7155957500,8144726,83230158.3700,7.511700,1.585700
2022-04-13,9.7629889000,9.7629889000,9.4407154800,9.4786300000,4664408,47167321.7600,4.301900,-2.439000
2022-04-14,9.5449804100,9.7819461600,9.3269719200,9.6113308200,5402951,54366093.1600,4.983000,1.400000
2022-04-15,9.5734163000,9.6208094500,9.2037497300,9.3080146600,4402526,43718233.3700,4.060300,-3.155800
2022-04-18,9.2985360300,9.5449804100,9.0994848000,9.5260231500,3227463,31994756.5200,2.976600,2.342200
2022-04-19,9.5260231500,9.8388179400,9.4691513700,9.6776812300,3414346,34841359.6000,3.149000,1.592000
2022-04-20,9.5828949300,9.7155957500,9.0236557600,9.1468779500,7959200,78517615.0000,7.340600,-5.484800
2022-04-21,9.0520916500,9.3364505500,8.5686815200,8.6919037100,8654400,80928401.0000,7.981700,-4.974100
2022-04-22,8.7108609700,9.5639376700,8.7108609700,9.4217582200,13563816,131864091.3600,12.509600,8.396900
2022-04-25,9.0994848000,9.1847924700,8.1516218000,8.2274508400,9864563,90233537.0700,9.097800,-12.676100
2022-04-26,8.1611004300,8.1705790600,7.3459382500,7.3933314000,8078796,65834346.9300,7.450900,-10.138200
2022-04-27,7.1184511300,7.5070749600,6.9762716800,7.4881177000,6457877,49435962.2500,5.955900,1.282100
2022-04-28,7.4691604400,7.6492544100,7.1374083900,7.4975963300,6313747,49118202.6200,5.823000,0.126600
2022-04-29,7.4881177000,7.7061261900,7.4122886600,7.5923826300,4799117,38540228.8300,4.426100,1.264200
2022-05-05,7.5923826300,7.7724766000,7.4691604400,7.6587330400,4280900,34520493.7000,3.948200,0.873900
2022-05-06,7.4596818100,7.9241346800,7.4312459200,7.7535193400,5572333,45629017.0100,5.139200,1.237600
2022-05-09,7.7250834500,7.9430919400,7.6397757800,7.8862201600,3846682,31885702.8800,3.547700,1.711500
2022-05-10,7.8103911200,8.0094423500,7.7535193400,7.9525705700,3233709,26911816.4200,2.982400,0.841300
2022-05-11,7.9715278300,8.1990149500,7.9146560500,7.9241346800,4143549,35302903.9800,3.821500,-0.357600
2022-05-12,7.7914338600,8.1705790600,7.7440407100,8.1326645400,3502785,29560827.2800,3.230500,2.631600
2022-05-13,8.0757927600,8.3127585100,8.0189209800,8.1042286500,3346100,28684104.9300,3.086000,-0.349700
2022-05-16,8.0757927600,8.1042286500,7.9241346800,8.0283996100,2936792,24823275.4200,2.708500,-0.935700
2022-05-17,8.0378782400,8.1231859100,7.7345620800,7.8483056400,3016634,24946480.3400,2.782200,-2.243200
2022-05-18,7.8293483800,8.1421431700,7.8198697500,8.0757927600,3101146,26222795.4600,2.860100,2.898600
2022-05-19,7.9241346800,8.0378782400,7.7440407100,7.9525705700,2454391,20513875.2800,2.263600,-1.525800
2022-05-20,7.9525705700,8.0947500200,7.8767415300,8.0094423500,2700600,22825455.0000,2.490700,0.715100
2022-05-23,8.0189209800,8.0947500200,7.9430919400,8.0757927600,2449100,20760650.0000,2.258700,0.828400
2022-05-24,8.0189209800,8.1421431700,7.6018612600,7.6113398900,4511489,37088125.6700,4.160800,-5.751200
2022-05-25,7.6492544100,7.7250834500,7.5734253700,7.7061261900,1956600,15837911.0000,1.804500,1.245300
2022-05-26,7.7250834500,7.9051774200,7.5260322200,7.7629979700,3040677,24668155.9700,2.804300,0.738000
2022-05-27,7.7629979700,7.8293483800,7.6302971500,7.7250834500,2351474,19147272.1400,2.168700,-0.488400
2022-05-30,7.7535193400,7.8198697500,7.6208185200,7.6871689300,1960024,15877515.0400,1.807700,-0.490800
2022-05-31,7.6871689300,7.8009124900,7.5829040000,7.7535193400,2407563,19547197.5200,2.220400,0.863100
2022-06-01,7.7250834500,7.8672629000,7.6966475600,7.8103911200,2388800,19711218.0000,2.203100,0.733500
2022-06-02,7.7724766000,7.9525705700,7.6871689300,7.8483056400,2930555,24184385.0800,2.702800,0.485400
2022-06-06,7.8767415300,8.0378782400,7.8293483800,8.0189209800,3173604,26691663.7600,2.926900,2.173900
2022-06-07,8.0094423500,8.2274508400,7.9525705700,8.1705790600,4843500,41400061.7800,4.467000,1.891300
2022-06-08,8.1990149500,8.2274508400,7.8767415300,8.0852713900,4513833,38300120.3000,4.163000,-1.044100
2022-06-09,8.0852713900,8.0852713900,7.9146560500,8.0094423500,2479311,20866014.4000,2.286600,-0.937900
2022-06-10,7.9051774200,8.0947500200,7.9051774200,8.0568355000,2537208,21528005.4200,2.340000,0.591700
2022-06-13,8.0378782400,8.1137072800,7.9525705700,8.0189209800,2074272,17561467.1200,1.913000,-0.470600
2022-06-14,7.9430919400,8.0568355000,7.8103911200,8.0189209800,2607572,21888216.4000,2.404900,0.000000
2022-06-15,8.0568355000,8.1990149500,7.9810064600,8.0663141300,3341670,28639189.5800,3.081900,0.591000
2022-06-16,8.0473568700,8.1990149500,8.0473568700,8.1326645400,2258719,19345717.1200,2.083200,0.822600
2022-06-17,8.0568355000,8.1516218000,7.9430919400,8.0283996100,2179408,18448848.6800,2.010000,-1.282100
2022-06-20,8.1042286500,8.2464081000,7.9620492000,8.1895363200,3721785,32046345.0900,3.432500,2.007100
2022-06-21,8.1231859100,8.1990149500,8.0473568700,8.1421431700,2358208,20219005.7500,2.174900,-0.578700
2022-06-22,8.1421493400,8.2576408200,8.0074092800,8.0170335700,2050575,17232025.1600,1.891200,-1.536600
2022-06-23,8.0170335700,8.1421493400,7.9207906700,8.1036521800,1983219,16554433.2400,1.829100,1.080400
2022-06-24,8.1613979200,8.3250108500,8.1132764700,8.2865136900,3530903,30277053.5900,3.256500,2.256500
2022-06-27,8.3731323000,8.3731323000,8.2383922400,8.2865136900,2414800,20773637.0000,2.227100,0.000000
2022-06-28,8.3153865600,8.3538837200,8.2287679500,8.3538837200,3180500,27481836.6600,2.933300,0.813000
2022-06-29,8.4212537500,8.5174966500,8.2191436600,8.2287679500,3215005,27931013.7500,2.965100,-1.497700
2022-06-30,8.2287679500,8.4020051700,8.2287679500,8.2287679500,2488870,21457004.1700,2.295400,0.000000
2022-07-01,8.2768894000,8.6137395500,8.2480165300,8.4501266200,5290876,46477496.7400,4.879600,2.690100
2022-07-04,8.4597509100,9.2970641400,8.4597509100,9.0179597300,14059651,130719784.7900,12.966900,6.719800
2022-07-05,9.1238269200,9.3836827500,8.8639710900,9.2393184000,10702341,101555487.6600,9.870500,2.454600
2022-07-06,9.1719483700,9.5087985200,8.8735953800,9.2681912700,10269563,97838237.1600,9.471400,0.312500
2022-07-07,9.1815726600,9.4221799100,9.0179597300,9.0468326000,6252554,59174309.4500,5.766600,-2.388400
2022-07-08,8.9024682500,9.4029313300,8.9024682500,9.2489426900,6947022,66278808.9800,6.407100,2.234000
2022-07-11,9.1045783400,9.2970641400,8.8928439600,8.9602139900,4876369,45888253.9900,4.497400,-3.121700
2022-07-12,8.9409654100,9.0275840200,8.6233638400,8.6714852900,4116122,37479789.2500,3.796200,-3.222300
2022-07-13,8.6907338700,8.8639710900,8.6329881300,8.7196067400,2552200,23024129.0000,2.353800,0.554900
2022-07-14,8.7196067400,8.8832196700,8.6714852900,8.8543468000,3405200,31205035.0000,3.140500,1.545300
2022-07-15,8.7966010600,8.9217168300,8.5752423900,8.5848666800,3228261,29211863.1400,2.977300,-3.043500
2022-07-18,8.5848666800,8.8350982200,8.5656181000,8.7581039000,4248719,38652657.2200,3.918500,2.017900
2022-07-19,8.8735953800,8.9120925400,8.7292310300,8.8639710900,3311922,30476275.2000,3.054500,1.208800
2022-07-20,8.8639710900,8.9505897000,8.8062253500,8.9024682500,3583405,33047743.0500,3.304900,0.434300
2022-07-21,8.8158496400,8.9409654100,8.6811095800,8.6907338700,3697700,33650290.0000,3.410300,-2.378400
2022-07-22,8.7099824500,8.8158496400,8.5367452300,8.7003581600,2636709,23734591.4600,2.431800,0.110700
2022-07-25,8.6714852900,8.7677281900,8.4597509100,8.6522367100,3539101,31643276.3300,3.264000,-0.553100
2022-07-26,8.6329881300,8.7003581600,8.5463695200,8.7003581600,1815000,16306766.0000,1.673900,0.556200
2022-07-27,8.7003581600,8.7773524800,8.5944909700,8.7677281900,2024289,18337382.1000,1.867000,0.774300
2022-07-28,8.8543468000,8.9987111500,8.7581039000,8.9505897000,5166096,47530043.0500,4.764600,2.085600
2022-07-29,8.9409654100,9.2970641400,8.9217168300,9.1334512100,12050189,114366610.0300,11.113600,2.043000
2022-08-01,9.1334512100,9.1334512100,8.8832196700,8.9987111500,5030146,47058161.8400,4.639200,-1.475200
2022-08-02,8.9409654100,8.9890868600,8.3057622700,8.4501266200,7023747,62315340.2600,6.477800,-6.096300
2022-08-03,8.4501266200,8.8350982200,8.4501266200,8.5656181000,4676956,42302000.8200,4.313400,1.366700
2022-08-04,8.6233638400,8.7099824500,8.4501266200,8.6426124200,2931454,26102498.3000,2.703600,0.898900
2022-08-05,8.6714852900,8.7773524800,8.5559938100,8.7003581600,2467900,22162456.5600,2.276100,0.668200
2022-08-08,8.6907338700,9.9803887300,8.5944909700,9.7205329000,15833160,155437021.2800,14.602500,11.725700
2022-08-09,9.7975272200,9.7975272200,9.2393184000,9.4029313300,10095914,98797721.7200,9.311200,-3.267300
2022-08-10,9.4221799100,9.7686543500,9.3933070400,9.6724114500,8103983,80955209.0000,7.474100,2.865900
2022-08-11,9.7975272200,9.8745215400,9.6242900000,9.7109086100,7536426,76430870.4000,6.950700,0.398000
2022-08-12,9.7012843200,9.7975272200,9.6242900000,9.6339142900,4075300,41076043.0000,3.758500,-0.792900
2022-08-15,9.6627871600,9.7782786400,9.5954171300,9.7686543500,4451200,44895282.0000,4.105200,1.398600
2022-08-16,9.8071515100,9.8167758000,9.5954171300,9.6531628700,3403647,34143691.8500,3.139100,-1.182300
2022-08-17,9.6531628700,9.6916600300,9.4895499400,9.6339142900,3184291,31763147.6300,2.936800,-0.199400
2022-08-18,9.6242900000,9.6435385800,9.4221799100,9.4606770700,2488000,24510464.0700,2.294600,-1.798200
2022-08-19,9.4318042000,9.6435385800,9.2778155600,9.3163127200,2509097,24475910.5000,2.314100,-1.525900
2022-08-22,9.2970641400,9.5087985200,9.2200698200,9.3163127200,2316300,22471838.0000,2.136300,0.000000
2022-08-23,9.2393184000,9.6531628700,9.2393184000,9.4125556200,3353001,32956121.4300,3.092400,1.033100
2022-08-24,9.6146657100,9.8264000900,9.1719483700,9.2200698200,4695326,46072417.3400,4.330400,-2.045000
2022-08-25,9.2681912700,9.4125556200,8.9120925400,9.0564568900,3248511,30602215.8500,2.996000,-1.774500
2022-08-26,9.0949540500,9.2008212400,8.9120925400,8.9602139900,2654700,25011705.0000,2.448400,-1.062700
2022-08-29,8.8158496400,9.5184228100,8.7773524800,9.4414284900,5030239,48441871.2000,4.639300,5.370600
2022-08-30,9.9130187000,11.0198120500,9.9130187000,10.4327303600,22100003,240026267.2700,20.382300,10.499500
2022-08-31,10.3172388800,10.4712275200,9.7109086100,9.9033944100,12997097,135418253.9000,11.986900,-5.073800
2022-09-01,10.0092616000,10.0958802100,9.5761685500,9.6627871600,7172143,72389829.6400,6.614700,-2.429500
2022-09-02,9.7782786400,9.9707644400,9.6724114500,9.7879029300,6254276,63742870.5300,5.768200,1.294800
2022-09-05,9.7590300600,10.0381344700,9.6242900000,9.8360243800,5164968,52811322.7000,4.763500,0.491600
2022-09-06,9.8841458300,9.9611401500,9.6242900000,9.8552729600,4396233,44965273.5400,4.054500,0.195700
2022-09-07,9.9130187000,10.2498688500,9.8167758000,10.1440016600,7457944,78263632.6800,6.878300,2.929700
2022-09-08,10.0862559200,10.1055045000,9.7301571900,9.8167758000,4389700,45016153.0000,4.048500,-3.225800
2022-09-09,9.8745215400,9.8937701200,9.5665442600,9.5954171300,3828424,38455659.0400,3.530900,-2.254900
2022-09-13,9.5761685500,9.6627871600,9.4221799100,9.4510527800,3091300,30520477.0000,2.851000,-1.504500
2022-09-14,9.3451855900,9.4318042000,9.2393184000,9.3355613000,3419900,33137172.0000,3.154100,-1.222000
2022-09-15,9.3933070400,9.5087985200,8.7003581600,8.8447225100,6638959,62204434.1800,6.122900,-5.257700
2022-09-16,8.9505897000,8.9987111500,8.5752423900,8.5848666800,4674716,42671621.2900,4.311400,-2.938000
2022-09-19,8.5656181000,8.6522367100,8.3635080100,8.4116294600,3805243,33490553.4100,3.509500,-2.017900
2022-09-20,8.3731323000,8.7003581600,8.3731323000,8.4597509100,3168454,28050420.0400,2.922200,0.572100
2022-09-21,8.4693752000,8.5848666800,8.3442594300,8.5656181000,2609658,22994717.5900,2.406800,1.251400
2022-09-22,8.4789994900,8.6233638400,8.4405023300,8.4693752000,2852300,25261805.0000,2.630600,-1.123600
2022-09-23,8.3731323000,8.4789994900,8.1132764700,8.1517736300,4117295,35323662.7200,3.797300,-3.750000
2022-09-26,8.3635080100,8.4116294600,7.9207906700,7.9592878300,4806752,40130855.4200,4.433100,-2.361300
2022-09-27,7.9496635400,8.3153865600,7.9496635400,8.3153865600,4067098,34467055.7700,3.751000,4.474000
2022-09-28,8.2961379800,8.3442594300,8.0459064400,8.0651550200,2877600,24467799.0000,2.653900,-3.009300
2022-09-29,8.0651550200,8.2191436600,7.7764263200,7.8245477700,3021600,24916816.2400,2.786700,-2.983300
2022-09-30,7.7956749000,7.8437963500,7.6801834200,7.6801834200,2185990,17606429.6000,2.016100,-1.845000
2022-10-10,7.6801834200,7.8245477700,7.5454433600,7.6031891000,2293600,18318797.0000,2.115300,-1.002500
2022-10-11,7.4588247500,7.6416862600,7.4299518800,7.6320619700,2326726,18279163.1400,2.145900,0.379700
2022-10-12,7.5358190700,7.8726692200,7.5165704900,7.8726692200,2148574,17144841.0800,1.981600,3.152600
2022-10-13,7.8534206400,8.0651550200,7.7668020300,7.9689121200,2630816,21700110.8600,2.426300,1.222500
2022-10-14,8.0555307300,8.2576408200,8.0362821500,8.1613979200,3284900,27917462.0000,3.029600,2.415500
2022-10-17,8.1517736300,8.3538837200,8.0362821500,8.3442594300,2521301,21728845.9400,2.325300,2.240600
2022-10-18,8.3346351400,8.4501266200,8.2480165300,8.4501266200,2593647,22574576.2900,2.392100,1.268700
2022-10-19,8.4020051700,8.5174966500,8.3250108500,8.4212537500,2282431,19927160.7000,2.105000,-0.341700
2022-10-20,8.2865136900,8.5656181000,8.2768894000,8.3923808800,2841490,24964948.4500,2.620600,-0.342900
2022-10-21,8.3731323000,8.4886237800,8.2287679500,8.2865136900,2024274,17533263.4400,1.866900,-1.261500
2022-10-24,8.3057622700,8.3346351400,8.0362821500,8.0940278900,2138000,18175523.0000,1.971800,-2.322900
2022-10-25,8.2672651100,8.2672651100,7.9015420900,8.1036521800,3168300,26524360.0000,2.922000,0.118900
2022-10-26,8.1998950800,8.2961379800,8.0940278900,8.2287679500,2764553,23568962.5000,2.549700,1.543900
2022-10-27,8.2191436600,8.3346351400,8.1806465000,8.2480165300,1741205,14921409.7200,1.605900,0.233900
2022-10-28,8.2480165300,8.2480165300,7.8437963500,7.9304149600,3033795,25167647.1400,2.798000,-3.850600
2022-10-31,7.8341720600,7.9977849900,7.8341720600,7.9111663800,1830596,15058589.8700,1.688300,-0.242700
2022-11-01,7.9785364100,8.0555307300,7.9111663800,8.0459064400,1715538,14248283.1000,1.582200,1.703200
2022-11-02,8.2287679500,8.2287679500,8.0555307300,8.1806465000,2714019,23003439.6200,2.503100,1.674600
2022-11-03,8.2287679500,8.2287679500,8.0940278900,8.1710222100,2136815,18092076.9700,1.970700,-0.117600
2022-11-04,8.1613979200,8.3538837200,8.1132764700,8.3346351400,3010470,25908198.6500,2.776500,2.002400
2022-11-07,8.3346351400,8.7388553200,8.3346351400,8.5463695200,4778854,42249058.7700,4.407400,2.540400
2022-11-08,8.5463695200,8.6811095800,8.4789994900,8.6137395500,3853002,34394662.8200,3.553500,0.788300
2022-11-09,8.6233638400,8.7003581600,8.5078723600,8.5174966500,3060046,27279536.7200,2.822200,-1.117300
2022-11-10,8.5367452300,8.5656181000,8.4693752000,8.4982480700,1931459,17073281.7500,1.781300,-0.226000
2022-11-11,8.6426124200,8.6714852900,8.4693752000,8.4693752000,3041491,26974101.6000,2.805100,-0.339800
2022-11-14,8.4501266200,8.6137395500,8.4308780400,8.4982480700,2536100,22456194.2000,2.339000,0.340900
2022-11-15,8.5078723600,9.1430755000,8.4501266200,9.1430755000,9353913,86582396.9100,8.626900,7.587800
2022-11-16,9.1623240800,9.5954171300,9.0564568900,9.4414284900,11704823,114552173.2700,10.795100,3.263200
2022-11-17,9.3451855900,9.5184228100,9.1430755000,9.2874398500,5659249,54446153.1100,5.219400,-1.631000
2022-11-18,9.3163127200,9.4606770700,9.0564568900,9.0949540500,4871834,46632479.3800,4.493200,-2.072500
2022-11-21,9.0949540500,9.2970641400,8.8350982200,9.2008212400,3810636,36020077.4900,3.514500,1.164000
2022-11-22,9.1911969500,9.2489426900,8.9409654100,8.9794625700,3327433,31507891.7700,3.068800,-2.405900
2022-11-23,8.9987111500,9.0757054700,8.7484796100,8.8543468000,2549030,23444973.7800,2.350900,-1.393400
2022-11-24,8.8062253500,9.1623240800,8.7773524800,8.9698382800,2184922,20406979.0400,2.015100,1.304300
2022-11-25,9.0853297600,9.1719483700,8.7581039000,8.7773524800,3210137,29739513.1600,2.960600,-2.145900
2022-11-28,8.7966010600,9.2970641400,8.6041152600,9.1719483700,7055408,65969705.3800,6.507000,4.495600
2022-11-29,9.1238269200,9.3836827500,8.9505897000,9.1334512100,8358096,79300894.1800,7.708500,-0.419700
2022-11-30,9.2681912700,9.9418915700,9.1911969500,9.5569199700,13089554,128962271.9700,12.072200,4.636500
2022-12-01,9.5665442600,9.6916600300,9.1911969500,9.2778155600,8875789,85906651.4100,8.185900,-2.920400
2022-12-02,9.2970641400,10.2498688500,9.2393184000,10.0862559200,17755228,181309413.3900,16.375200,8.713700
2022-12-05,10.1055045000,10.1055045000,9.5280471000,9.6916600300,16170765,163710429.3300,14.913900,-3.912200
2022-12-06,9.4799256500,9.5184228100,9.2778155600,9.4318042000,9591737,93499968.6900,8.846200,-2.681200
2022-12-07,9.4029313300,10.9620663100,9.2778155600,10.3653603300,28997661,314849713.3900,26.743800,9.898000
2022-12-08,9.8167758000,9.9996373100,9.6050414200,9.7397814800,21264959,216191733.5800,19.612100,-6.035300
2022-12-09,9.6242900000,10.4712275200,9.4414284900,9.9033944100,17717166,181466276.0400,16.340100,1.679800
2022-12-12,10.0092616000,10.9331934400,10.0092616000,10.1055045000,16175468,173479523.8900,14.918200,2.040800
2022-12-13,10.1343773700,10.6733376100,10.0573830500,10.4616032300,17078852,185200889.2800,15.751400,3.523800
2022-12-14,10.2498688500,10.4808518100,9.9996373100,10.0092616000,13393643,141767498.5700,12.352600,-4.323800
2022-12-15,10.0766316300,10.4712275200,9.8167758000,9.9130187000,10683279,111732808.1000,9.852900,-0.961500
2022-12-16,9.7205329000,10.4423546500,9.6627871600,10.1921231100,13742874,145091718.5800,12.674700,2.815500
2022-12-19,10.1247530800,10.4712275200,9.7590300600,9.8552729600,9852403,102459534.9700,9.086600,-3.305000
2022-12-20,9.6916600300,10.2306202700,9.4029313300,9.6242900000,8995805,90762235.5000,8.296600,-2.343800
2022-12-21,9.5569199700,10.0381344700,9.4510527800,9.8360243800,8912874,90978485.2100,8.220100,2.200000
2022-12-22,9.8552729600,10.3653603300,9.7205329000,10.1247530800,13068652,137737949.4700,12.052900,2.935400
2022-12-23,9.8456486700,9.8937701200,9.2104455300,9.2393184000,14204906,139841143.3800,13.100800,-8.745200
2022-12-26,9.2778155600,9.7590300600,9.2778155600,9.6820357400,12067422,120681588.8500,11.129500,4.791700
2022-12-27,9.8456486700,10.2594931400,9.7494057700,9.7879029300,9044793,93531270.2500,8.341800,1.093400
2022-12-28,9.7975272200,9.8745215400,9.3355613000,9.5569199700,8556767,84420163.2000,7.891700,-2.359900
2022-12-29,9.3740584600,9.5954171300,9.2585669800,9.2681912700,6504874,63416439.6700,5.999300,-3.021100
2022-12-30,9.3451855900,9.9611401500,9.2681912700,9.8937701200,10350284,104178068.3400,9.545800,6.749700
2023-01-03,9.8937701200,9.8937701200,9.5376713900,9.6242900000,9010389,90025544.5700,8.310100,-2.723700
2023-01-04,9.5569199700,9.9515158600,9.4799256500,9.6627871600,7672430,77350629.7100,7.076100,0.400000
2023-01-05,9.6627871600,9.7975272200,9.4414284900,9.6339142900,6264387,62535632.2800,5.777500,-0.298800
2023-01-06,9.6242900000,9.6435385800,9.3933070400,9.4414284900,5899217,58136214.0500,5.440700,-1.998000
2023-01-09,9.4991742300,9.7205329000,9.4895499400,9.5472956800,5554532,55470296.4700,5.122800,1.121300
2023-01-10,9.4606770700,9.5857928400,9.3355613000,9.3740584600,4591300,44907583.0000,4.234400,-1.814500
2023-01-11,9.4510527800,9.8841458300,9.4510527800,9.6050414200,7877786,79042899.5600,7.265500,2.464100
2023-01-12,9.6242900000,9.9900130200,9.5954171300,9.7686543500,10242075,104621895.9000,9.446000,1.703400
2023-01-13,9.8167758000,9.8937701200,9.6050414200,9.6820357400,5301796,53587381.5700,4.889700,-0.886700
2023-01-16,9.6339142900,9.9130187000,9.6242900000,9.8360243800,4979663,50803701.8600,4.592600,1.590500
2023-01-17,9.8552729600,9.8745215400,9.6531628700,9.6627871600,3463000,34963254.0000,3.193800,-1.761300
2023-01-18,9.6820357400,9.8648972500,9.4799256500,9.7590300600,4115915,41492060.8000,3.796000,0.996000
2023-01-19,9.7590300600,9.8937701200,9.6146657100,9.8167758000,3768000,38288309.4300,3.475100,0.591700
2023-01-20,9.8167758000,9.9033944100,9.7879029300,9.8841458300,2959457,30338733.6800,2.729400,0.686300
2023-01-30,9.9418915700,10.1151287900,9.8745215400,9.9707644400,5458652,56520196.0800,5.034400,0.876300
2023-01-31,9.9611401500,10.0092616000,9.8456486700,9.9900130200,2860600,29575742.0000,2.638300,0.193100
2023-02-01,10.0670073400,10.2306202700,9.9418915700,10.1824988200,4591592,48135006.3600,4.234700,1.926800
2023-02-02,10.1824988200,10.5097246800,10.1055045000,10.4904761000,6600474,71150918.7300,6.087500,3.024600
2023-02-03,10.4423546500,10.4423546500,10.2209959800,10.3846089100,4345670,46540242.6700,4.007900,-1.009200
2023-02-06,10.3749846200,10.3749846200,10.1921231100,10.2787417200,3075549,32862248.7300,2.836500,-1.019500
2023-02-07,10.3076145900,10.4134817800,10.2498688500,10.3268631700,2904000,31210552.0000,2.678300,0.468200
2023-02-08,10.3461117500,10.5482218400,10.2594931400,10.3461117500,4217443,45645046.7400,3.889600,0.186400
2023-02-09,10.3461117500,10.4616032300,10.2402445600,10.4519789400,3552434,38230806.5000,3.276300,1.023300
2023-02-10,10.3749846200,10.4808518100,10.2498688500,10.3557360400,3329600,35835888.0000,3.070800,-0.920800
2023-02-13,10.3942332000,10.5674704200,10.3076145900,10.5674704200,4085000,44587464.5900,3.767500,2.044600
2023-02-14,10.7214590600,10.8465748300,10.5385975500,10.6155918700,5584976,61712832.3400,5.150900,0.455400
2023-02-15,10.6444647400,10.6829619000,10.5578461300,10.5867190000,2841500,31298076.0000,2.620600,-0.272000
2023-02-16,10.6155918700,10.6637133200,10.2498688500,10.3461117500,4875415,52964387.4400,4.496500,-2.272700
2023-02-17,10.3461117500,10.7310833500,10.3461117500,10.5001003900,4790672,52557060.9800,4.418300,1.488400
2023-02-20,10.4904761000,10.6733376100,10.3461117500,10.6637133200,3833568,41938976.2900,3.535600,1.558200
2023-02-21,10.7214590600,10.8273262500,10.6540890300,10.7503319300,3828726,42743711.3400,3.531100,0.812300
2023-02-22,10.7695805100,11.7223852200,10.6733376100,11.3759107800,12957586,151787362.3800,11.950500,5.819200
2023-02-23,11.4529051000,11.7801309600,11.3855350700,11.6261423200,9853000,118723526.1000,9.087200,2.199700
2023-02-24,11.5106508400,11.6742637700,11.3566622000,11.6068937400,5190536,62183924.0500,4.787100,-0.165600
2023-02-27,11.5587722900,11.7993795400,11.5587722900,11.6261423200,5782908,70085501.7200,5.333400,0.165800
2023-02-28,11.5491480000,12.2709697500,11.5491480000,12.2613454600,12248389,152435578.0600,11.296400,5.463600
2023-03-01,12.1266054000,12.4634555500,11.8956224400,12.4634555500,10023030,126469979.1100,9.244000,1.648400
2023-03-02,12.2035997200,12.2517211700,11.7223852200,11.8378767000,10807076,133818200.4600,9.967100,-5.019300
2023-03-03,11.7801309600,12.0014896300,11.5491480000,11.6068937400,10726369,130524062.3900,9.892700,-1.951200
2023-03-06,11.6646394800,11.7127609300,11.4625293900,11.5298994200,4549000,54788875.0000,4.195400,-0.663300
2023-03-07,11.5010265500,11.6550151900,11.2989164600,11.3277893300,4843175,57413395.5000,4.466700,-1.752900
2023-03-08,11.3855350700,11.6357666100,11.2892921700,11.5780208700,3586575,42801058.5400,3.307800,2.209000
2023-03-09,11.5780208700,11.7416338000,11.4817779700,11.6550151900,2615675,31624937.2500,2.412400,0.665000
2023-03-10,11.5972694500,11.9148710200,11.4144079400,11.4144079400,3824500,45950419.7200,3.527200,-2.064400
2023-03-13,11.3855350700,11.7223852200,11.3855350700,11.5972694500,2823500,33936389.0000,2.604000,1.602000
2023-03-14,11.5780208700,11.7223852200,11.4144079400,11.5491480000,3176000,38048946.0000,2.929100,-0.414900
2023-03-15,11.5972694500,11.8282524100,11.5010265500,11.5876451600,3084200,37409128.0000,2.844500,0.333300
2023-03-16,11.5876451600,11.6261423200,11.4817779700,11.5780208700,2429000,29169031.0000,2.240200,-0.083100
2023-03-17,11.6261423200,11.6550151900,11.5010265500,11.5683965800,2051959,24680762.5400,1.892500,-0.083100
2023-03-20,11.5587722900,11.5587722900,11.0294363400,11.3662864900,4997622,58819914.7200,4.609200,-1.747100
2023-03-21,11.4529051000,11.7512580900,11.2411707200,11.7127609300,4187187,50497582.3900,3.861700,3.048300
2023-03-22,11.7416338000,11.9822410500,11.5780208700,11.7127609300,3190416,38826696.9600,2.942400,0.000000
2023-03-23,11.6453909000,11.8475009900,11.5010265500,11.5587722900,3336854,40384230.5400,3.077500,-1.314700
2023-03-24,11.4914022600,11.6357666100,11.3181650400,11.5587722900,4091100,48878283.0000,3.773100,0.000000
2023-03-27,11.5106508400,11.5972694500,11.2989164600,11.3855350700,3233000,38387301.0000,2.981700,-1.498800
2023-03-28,11.3855350700,11.6646394800,11.2700435900,11.4529051000,3218958,38315995.6600,2.968800,0.591700
2023-03-29,11.4432808100,11.7223852200,11.3759107800,11.6261423200,2362397,28370756.8000,2.178800,1.512600
2023-03-30,11.5683965800,11.6453909000,11.2219221400,11.2604193000,3678700,43307249.0000,3.392800,-3.145700
2023-03-31,11.2604193000,11.4914022600,11.2604193000,11.3181650400,2408000,28471906.0000,2.220800,0.512800
2023-04-03,11.3181650400,11.6550151900,11.3181650400,11.6261423200,2955877,35478770.9600,2.726100,2.721100
2023-04-04,11.7416338000,12.0303625000,11.5780208700,11.9726167600,6389555,78777618.6100,5.892900,2.980100
2023-04-06,12.1266054000,12.3960855200,11.9148710200,12.2613454600,9798723,123797238.3000,9.037100,2.411600
2023-04-07,12.2613454600,12.2709697500,12.0688596600,12.2228483000,5391264,68167396.1200,4.972200,-0.314000
2023-04-10,11.5587722900,11.5683965800,10.9716906000,11.0486849200,10256883,119461284.0800,9.459700,-9.606300
2023-04-11,11.0679335000,11.2892921700,10.9909391800,11.2122978500,3701212,42935491.4300,3.413500,1.480800
2023-04-12,11.1449278200,11.3470379100,11.1449278200,11.2507950100,2326630,27201463.4400,2.145800,0.343300
2023-04-13,11.2796678800,11.4240322300,11.2026735600,11.3759107800,2987572,35179995.4800,2.755400,1.112100
2023-04-14,11.3470379100,11.4721536800,11.2700435900,11.2892921700,1832600,21609889.0000,1.690200,-0.761400
2023-04-17,11.3181650400,11.3181650400,10.8850719900,11.0294363400,3621900,41544023.0000,3.340400,-2.301800
2023-04-18,11.0871820800,11.0968063700,10.7695805100,10.7792048000,2995100,33755732.0000,2.762300,-2.268800
2023-04-19,10.7792048000,10.9331934400,10.7022104800,10.7792048000,2786671,31303189.4900,2.570100,0.000000
2023-04-20,10.9043205700,10.9043205700,10.5097246800,10.7888290900,1923455,21362508.1700,1.774000,0.089300
2023-04-21,10.7695805100,10.7888290900,10.3942332000,10.5001003900,2103710,23082653.5800,1.940200,-2.676200
2023-04-24,10.6252161600,10.7695805100,10.4231060700,10.7695805100,1865473,20599514.3200,1.720500,2.566500
2023-04-25,10.6829619000,10.7695805100,10.2113716900,10.4423546500,3566430,38435417.1000,3.289200,-3.038400
2023-04-26,10.4134817800,10.8754477000,10.4134817800,10.7503319300,2878300,32059196.0000,2.654600,2.949300
2023-04-27,10.7022104800,11.2122978500,10.6348404500,11.0583092100,2811675,32135341.2000,2.593100,2.864800
2023-04-28,10.9524420200,11.4336565200,10.9524420200,11.2989164600,2672226,31337411.7200,2.464500,2.175800
2023-05-04,11.2989164600,12.0111139200,11.2026735600,11.9341196000,8012745,98340710.4500,7.390000,5.621800
2023-05-05,11.8475009900,12.0111139200,11.6165180300,11.9244953100,4118540,50603972.0200,3.798400,-0.080600
2023-05-08,11.9629924700,12.0592353700,11.7705066700,12.0111139200,5720405,70886682.0700,5.275800,0.726400
2023-05-09,12.0303625000,12.1073568200,11.8763738600,11.9244953100,3461996,43032591.8800,3.192900,-0.721200
2023-05-10,11.8186281200,12.2035997200,11.8186281200,12.1073568200,3567300,44726111.0000,3.290000,1.533500
2023-05-11,12.1266054000,13.1660287200,12.0399867900,12.7136870900,14983763,199733483.8700,13.819200,5.007900
2023-05-12,12.7040628000,13.8589776000,12.6751899300,13.5510003200,20504810,287260214.3200,18.911100,6.585900
2023-05-15,12.8773000200,13.1467801400,12.3960855200,12.8484271500,13117959,173224433.0800,12.098400,-5.184700
2023-05-16,12.8003057000,13.0024157900,12.5693227400,12.6848142200,5723282,75579186.6800,5.278400,-1.273400
2023-05-17,12.6078199000,12.8003057000,12.5115770000,12.7521842500,4181500,54996214.5100,3.856500,0.531100
2023-05-18,12.7521842500,12.7521842500,12.3479640700,12.5212012900,4670177,60577808.2300,4.307200,-1.811300
2023-05-19,12.5981956100,12.7136870900,12.3190912000,12.4345826800,2989265,38759560.7500,2.756900,-0.691800
2023-05-22,12.4730798400,12.5308255800,12.2035997200,12.2709697500,3401100,43528037.0000,3.136800,-1.315800
2023-05-23,12.2228483000,12.3287154900,12.0303625000,12.0881082400,3383490,42599527.2200,3.120500,-1.490200
2023-05-24,12.0014896300,12.2998426200,11.9822410500,12.0688596600,3002810,37875152.9000,2.769400,-0.159200
2023-05-25,12.1169811100,12.2709697500,11.9148710200,12.1939754300,3556393,44663926.7900,3.280000,1.036700
2023-05-26,12.2228483000,12.3575883600,11.8956224400,12.0111139200,1987400,24763831.8900,1.832900,-1.499600
2023-05-29,12.0688596600,12.0688596600,11.7416338000,11.8378767000,2334610,28737235.8000,2.153200,-1.442300
2023-05-30,12.4827041300,12.7618085400,11.0198120500,11.6357666100,5440310,66077771.2400,5.017500,-1.707300
2023-05-31,11.6453909000,11.7608823800,11.4529051000,11.5010265500,2685426,32332973.5400,2.476700,-1.158000
2023-06-01,11.5106508400,12.4730798400,11.3855350700,12.2613454600,5069804,63692045.8000,4.675800,6.610900
2023-06-02,12.2998426200,12.5115770000,11.9822410500,12.2998426200,4057100,51524048.0000,3.741800,0.314000
2023-06-05,12.2805940400,12.4634555500,12.0977325300,12.2035997200,1962410,24936099.6000,1.809900,-0.782500
2023-06-06,12.1747268500,12.5019527100,12.0014896300,12.0399867900,3944090,50190827.5000,3.637500,-1.340700
2023-06-07,12.1169811100,12.6559413500,11.9437438900,12.5981956100,7123616,92451883.9600,6.569900,4.636300
2023-06-08,12.5115770000,12.6559413500,12.2517211700,12.3383397800,3170510,40780060.4600,2.924100,-2.062600
2023-06-09,12.2517211700,12.5115770000,12.2228483000,12.2998426200,2107728,27002830.1400,1.943900,-0.312000
2023-06-12,12.2324725900,12.5019527100,12.0784839500,12.4345826800,2127400,27291205.0000,1.962000,1.095500
2023-06-13,12.4730798400,12.5404498700,12.1266054000,12.1939754300,2539600,32373011.0000,2.342200,-1.935000
2023-06-14,12.2324725900,12.4538312600,12.0881082400,12.2998426200,1927900,24676805.0000,1.778100,0.868200
2023-06-15,12.2613454600,12.4827041300,12.2132240100,12.3479640700,1882100,24150802.2200,1.735800,0.391200
2023-06-16,12.3575883600,12.7329356700,12.2420968800,12.3768369400,2562300,33276404.0000,2.363100,0.233800
2023-06-19,12.4634555500,12.4634555500,12.0399867900,12.2132240100,2887000,36623891.0000,2.662600,-1.321900
2023-06-20,12.1747268500,12.2709697500,11.8859981500,12.1073568200,3812614,47643043.2600,3.516300,-0.866800
2023-06-21,12.0878548000,12.4290442500,12.0878548000,12.2048340400,2467400,31027378.0000,2.275600,0.805200
2023-06-26,12.2925684700,12.4290442500,11.7076722700,12.3023167400,2843000,35593561.0000,2.622000,0.798700
2023-06-27,12.3023167400,12.9554508300,12.3023167400,12.8287233200,5423300,70627370.4600,5.001800,4.278900
2023-06-28,12.9067094800,13.2089058500,12.5850165700,12.9651991000,5279774,69831087.6800,4.869400,1.063800
2023-06-29,13.0334369900,13.3063885500,12.9067094800,13.2284023900,4237126,57167050.4200,3.907800,2.030100
2023-06-30,13.1894093100,13.5305987600,13.1796610400,13.3843747100,3884176,53272130.4400,3.582300,1.179100
2023-07-03,13.3746264400,13.5111022200,13.0431852600,13.3063885500,3764300,50999439.6400,3.471700,-0.582700
2023-07-04,13.3161368200,13.5793401100,13.2576472000,13.3648781700,2801200,38542350.7000,2.583500,0.439600
2023-07-05,13.4233677900,13.7450607000,13.2381506600,13.4428643300,3717815,51587329.4000,3.428800,0.583500
2023-07-06,13.4526126000,13.6865710800,13.4038712500,13.4721091400,2276300,31488966.4000,2.099400,0.217500
2023-07-07,13.4428643300,13.4623608700,13.2186541200,13.2576472000,2134500,29112123.0000,1.968600,-1.591900
2023-07-10,13.2868920100,13.4818574100,12.8872129400,13.1016748800,3942662,52986559.6600,3.636200,-1.176500
2023-07-11,13.1699127700,13.3161368200,13.0236887200,13.0919266100,2095300,28305919.0000,1.932400,-0.074400
2023-07-12,13.0431852600,13.1991575800,12.9262060200,12.9944439100,1460400,19467936.9000,1.346900,-0.744600
2023-07-13,12.9359542900,13.1601645000,12.8287233200,12.9359542900,1535838,20451374.9600,1.416500,-0.450100
2023-07-14,12.9164577500,13.1016748800,12.8774646700,12.9651991000,1726500,22970359.0000,1.592300,0.226100
2023-07-17,12.8969612100,12.9651991000,12.7117440800,12.8482198600,1844700,24295740.0000,1.701300,-0.902300
2023-07-18,12.7507371600,12.9457025600,12.7117440800,12.8189750500,1441859,18984694.3600,1.329800,-0.227600
2023-07-19,12.8482198600,13.2868920100,12.8384715900,13.1991575800,3325362,44594568.0000,3.066900,2.965800
2023-07-20,13.2966402800,13.4428643300,13.1894093100,13.3356333600,2458083,33622159.3400,2.267000,1.034000
2023-07-21,13.3356333600,13.4916056800,13.0041921800,13.0139404500,2179300,29445559.0000,2.009900,-2.412300
2023-07-24,13.0139404500,13.0626818000,12.8482198600,12.8774646700,1346500,17837008.1200,1.241800,-1.048700
2023-07-25,12.9359542900,12.9749473700,12.6922475400,12.7507371600,2398662,31430063.5800,2.212200,-0.984100
2023-07-26,12.9262060200,13.0139404500,12.6240096500,12.7604854300,1793177,23561747.0900,1.653800,0.076500
2023-07-27,12.7897302400,12.9846956400,12.6337579200,12.8774646700,1990577,26111030.3200,1.835900,0.916700
2023-07-28,12.8579681300,13.5013539500,12.7799819700,13.4721091400,5074000,69181779.7000,4.679600,4.617700
2023-07-31,13.3746264400,13.9010330200,13.2186541200,13.8132985900,5505700,76796852.0000,5.077800,2.532600
2023-08-01,13.7645572400,14.0862501500,13.7548089700,13.8522916700,3514965,49958030.7000,3.241800,0.282300
2023-08-02,13.8522916700,13.8912847500,13.3648781700,13.6475780000,3786856,52900982.3800,3.492500,-1.477800
2023-08-03,13.6768228100,13.7255641600,13.5013539500,13.6280814600,2106400,29361500.0000,1.942700,-0.142900
2023-08-04,13.6768228100,13.6768228100,13.3648781700,13.5013539500,2956277,40998133.9900,2.726500,-0.929900
2023-08-07,13.5403470300,13.6865710800,13.4136195200,13.4331160600,1923800,26685395.0000,1.774300,-0.505400
2023-08-08,13.5208504900,13.5208504900,13.3551299000,13.3551299000,1436677,19774553.9000,1.325000,-0.580600
2023-08-09,13.4331160600,13.4331160600,13.1211714200,13.1699127700,1944300,26448376.0000,1.793200,-1.386900
2023-08-10,13.2089058500,13.3453816300,13.1016748800,13.2673954700,1761800,23892471.0000,1.624900,0.740200
2023-08-11,13.3258850900,13.3258850900,13.0919266100,13.1211714200,1530700,20663762.0000,1.411700,-1.102100
2023-08-14,13.1211714200,13.2868920100,12.9164577500,13.2868920100,1190400,16050114.0000,1.097900,1.263000
2023-08-15,13.2868920100,13.5793401100,13.1894093100,13.3648781700,2318100,31885673.0000,2.137900,0.586900
2023-08-16,13.3356333600,13.4428643300,13.1016748800,13.1796610400,1976000,26899452.0000,1.822400,-1.385800
2023-08-17,13.2089058500,13.4916056800,13.0626818000,13.4916056800,2956883,40279929.1000,2.727100,2.366900
2023-08-18,13.5305987600,13.5305987600,13.0724300700,13.1016748800,3655442,49560335.0400,3.371300,-2.890200
2023-08-21,13.1601645000,13.4916056800,13.0626818000,13.2089058500,2173783,29632352.6700,2.004800,0.818500
2023-08-22,13.3063885500,13.3258850900,12.6630027300,12.8774646700,3226900,42722120.3200,2.976100,-2.509200
2023-08-23,12.9457025600,12.9749473700,12.4875338700,12.4875338700,2291362,29702862.9000,2.113300,-3.028000
2023-08-24,12.4972821400,12.7312406200,12.3900511700,12.4290442500,1945383,25002282.0800,1.794200,-0.468400
2023-08-25,12.3900511700,12.6532544600,12.2048340400,12.3315615500,2226806,28344953.9000,2.053700,-0.784300
2023-08-28,13.3161368200,13.3161368200,12.2633236600,12.3023167400,3234972,41823681.6400,2.983500,-0.237200
2023-08-29,12.6045131100,12.6045131100,11.2397553100,11.7369170800,21281810,253834258.7900,19.627700,-4.595900
2023-08-30,11.3664828200,11.3859793600,10.0699629100,10.7718383500,27936708,302424199.1700,25.765300,-8.222600
2023-08-31,10.4306489000,10.6061177600,10.2941731200,10.3429144700,13384383,142766900.0800,12.344100,-3.981900
2023-09-01,10.3429144700,11.8441480500,10.0407181000,11.5614482200,25601373,286780458.3800,23.611500,11.781300
2023-09-04,11.5029586000,11.6491826500,11.2592518500,11.4737137900,11449538,134338043.3000,10.559600,-0.758900
2023-09-05,11.4639655200,11.6686791900,11.3274897400,11.5516999500,7450339,87805964.6500,6.871300,0.679700
2023-09-06,11.5322034100,11.6004413000,10.9473072100,11.0350416400,8265059,94673326.2900,7.622700,-4.472600
2023-09-07,10.9960485600,11.0837829900,10.7036004600,10.7328452700,4599211,51315130.0300,4.241700,-2.738500
2023-09-08,10.6743556500,10.8498245100,10.5476281400,10.5573764100,3242753,35379073.6800,2.990700,-1.634900
2023-09-11,10.5573764100,10.8790693200,10.5183833300,10.7815866200,4281965,47246671.7300,3.949200,2.123700
2023-09-12,10.7815866200,10.7815866200,10.5963694900,10.6353625700,3308700,36248972.7800,3.051500,-1.356200
2023-09-13,10.6743556500,10.7230970000,10.4111523600,10.5866212200,2004400,21648733.0000,1.848600,-0.458300
2023-09-14,10.5768729500,10.6158660300,10.4306489000,10.5086350600,2032510,21895667.3000,1.874500,-0.736600
2023-09-15,10.5476281400,10.7425935400,10.3916558200,10.6451108400,2817100,30588471.0000,2.598100,1.298700
2023-09-18,10.6841039200,10.7523418100,10.4501454400,10.6938521900,2337727,25546519.4100,2.156000,0.457900
2023-09-19,10.7425935400,10.8595727800,10.4403971700,10.4793902500,2766000,29891067.0000,2.551000,-2.005500
2023-09-20,10.4696419800,10.5671246800,10.4306489000,10.4696419800,1929589,20755395.5300,1.779600,-0.093000
2023-09-21,10.5086350600,10.7036004600,10.4403971700,10.5086350600,2618872,28305271.8800,2.415400,0.372400
2023-09-22,10.4696419800,10.7523418100,10.4403971700,10.7133487300,2739300,29916987.0000,2.526400,1.948100
2023-09-25,10.7133487300,10.7620900800,10.5866212200,10.6256143000,1905787,20847691.2700,1.757700,-0.818900
2023-09-26,10.6061177600,10.6938521900,10.4306489000,10.4403971700,1971800,21275359.0600,1.818600,-1.743100
2023-09-27,10.4598937100,10.6061177600,10.3721592800,10.5183833300,2297072,24818631.1600,2.118600,0.747000
2023-09-28,10.5768729500,10.7133487300,10.5281316000,10.6256143000,1753457,19145696.6300,1.617200,1.019500
2023-10-09,10.6256143000,10.7620900800,10.4403971700,10.6158660300,4092800,44469133.0000,3.774700,-0.091700
2023-10-10,10.8010831600,10.8010831600,10.5281316000,10.6061177600,2330000,25526315.0000,2.148900,-0.091800
2023-10-11,10.5573764100,10.7815866200,10.5573764100,10.6646073800,2460400,26929063.0000,2.269200,0.551500
2023-10-12,10.6841039200,11.2592518500,10.6743556500,11.2105105000,5685248,64226473.6000,5.243400,5.118800
2023-10-13,11.1520208800,11.2397553100,10.7620900800,10.7718383500,4099100,45982138.0300,3.780600,-3.913000
2023-10-16,10.8693210500,10.9863002900,10.5183833300,10.8108314300,4157855,45788378.6900,3.834700,0.362000
2023-10-17,10.9180624000,10.9570554800,10.6743556500,10.8498245100,2680100,29775049.0000,2.471800,0.360700
2023-10-18,10.7913348900,10.8400762400,10.4891385200,10.5183833300,2523700,27483951.7300,2.327600,-3.054800
2023-10-19,10.5183833300,10.6548591100,10.3526627400,10.5378798700,2586473,28005705.6700,2.385500,0.185400
2023-10-20,10.4988867900,10.6646073800,10.4306489000,10.4306489000,1515776,16358901.0800,1.398000,-1.017600
2023-10-23,10.4306489000,10.4306489000,9.9139905900,9.9724802100,2381800,24670039.1600,2.196700,-4.392500
2023-10-24,10.0017250200,10.4598937100,9.9334871300,10.4403971700,3195100,33866570.0000,2.946800,4.692100
2023-10-25,10.4501454400,10.5671246800,10.3136696600,10.4209006300,1679300,17933287.0000,1.548800,-0.186700
2023-10-26,10.3819075500,10.5281316000,10.3331662000,10.4306489000,1974677,21125326.6700,1.821200,0.093500
2023-10-27,10.4403971700,10.8595727800,10.4014040900,10.7620900800,2516477,27739167.4200,2.320900,3.177600
2023-10-30,10.7133487300,11.0740347200,10.7036004600,10.8985658600,2839371,31882180.1400,2.618700,1.268100
2023-10-31,10.8985658600,11.0740347200,10.8985658600,11.0057968300,2491000,28120680.0000,2.297400,0.983900
2023-11-01,11.1032795300,11.1617691500,10.9473072100,11.0350416400,1620304,18399332.3200,1.494400,0.265700
2023-11-02,11.0252933700,11.1032795300,10.8498245100,10.9180624000,2101100,23591339.0000,1.937800,-1.060100
2023-11-03,11.0057968300,11.1325243400,10.8790693200,11.0350416400,1496500,16903660.0000,1.380200,1.071400
2023-11-06,11.0350416400,11.2007622300,10.9278106700,11.1325243400,2239400,25492186.0000,2.065400,0.883400
2023-11-07,11.2592518500,11.2592518500,10.9668037500,11.0447899100,1836800,20813339.0000,1.694100,-0.788100
2023-11-08,10.9765520200,11.1130278000,10.8790693200,10.9473072100,1838000,20690966.0000,1.695200,-0.882600
2023-11-09,10.9473072100,11.0447899100,10.8400762400,10.8693210500,1958800,21959783.0000,1.806600,-0.712400
2023-11-10,10.8985658600,10.9180624000,10.7328452700,10.8498245100,1261448,14034122.9200,1.163400,-0.179400
2023-11-13,10.8888175900,11.0837829900,10.8205797000,10.9570554800,2793200,31322917.0000,2.576100,0.988300
2023-11-14,10.9960485600,11.4347207100,10.8790693200,11.3664828200,5729151,65723714.2300,5.283900,3.736700
2023-11-15,11.3567345500,11.4249724400,11.1422726100,11.2300070400,4493000,51900538.0000,4.143800,-1.200700
2023-11-16,11.3469862800,11.3469862800,10.8205797000,10.9473072100,5065100,57055562.1000,4.671400,-2.517400
2023-11-17,10.9180624000,11.0447899100,10.9083141300,10.9863002900,2963100,33340109.0000,2.732800,0.356200
2023-11-20,10.9765520200,11.0447899100,10.8010831600,10.8888175900,3089019,34533438.9000,2.848900,-0.887300
2023-11-21,10.8595727800,11.0057968300,10.8400762400,10.8985658600,2844400,31887885.0000,2.623300,0.089500
2023-11-22,10.9668037500,10.9668037500,10.6938521900,10.7328452700,2109800,23325988.0000,1.945800,-1.520600
2023-11-23,10.7815866200,10.8400762400,10.7133487300,10.8010831600,1980700,21900535.0000,1.826800,0.635800
2023-11-24,10.8010831600,10.8498245100,10.5183833300,10.5963694900,3642852,39642331.1600,3.359700,-1.895300
2023-11-27,10.5963694900,10.5963694900,10.3526627400,10.4793902500,1966700,21074679.0000,1.813800,-1.104000
2023-11-28,10.5183833300,10.6548591100,10.4306489000,10.5963694900,2407464,26098038.2300,2.220400,1.116300
2023-11-29,10.6451108400,10.7036004600,10.3526627400,10.4014040900,2323800,24980399.0000,2.143200,-1.839900
2023-11-30,10.4988867900,10.4988867900,10.2356835000,10.3916558200,2313500,24555325.0000,2.133700,-0.093700
2023-12-01,10.3526627400,10.5768729500,10.3526627400,10.4793902500,2421100,26049800.0000,2.232900,0.844300
2023-12-04,10.6061177600,10.6451108400,10.3624110100,10.3624110100,2081652,22312263.9200,1.919900,-1.116300
2023-12-05,10.3721592800,10.4111523600,10.0992077200,10.1089559900,2471200,25886106.5100,2.279100,-2.445900
2023-12-06,10.2161869600,10.4306489000,10.0797111800,10.2649283100,2620700,27567249.0000,2.417000,1.542900
2023-12-07,10.2941731200,10.3331662000,10.0797111800,10.1966904200,2513300,26214986.0000,2.318000,-0.664800
2023-12-08,10.1771938800,10.2259352300,9.8165078900,9.8262561600,3176091,32477994.3000,2.929200,-3.632900
2023-12-11,9.7970113500,9.9627319400,9.6897803800,9.8165078900,3487100,35035202.0000,3.216100,-0.099200
2023-12-12,9.8165078900,9.9627319400,9.7482700000,9.9432354000,2030699,20534591.9500,1.872900,1.291000
2023-12-13,9.8847457800,10.0017250200,9.8165078900,9.8360044300,1731600,17566637.0000,1.597000,-1.078400
2023-12-14,9.8457527000,9.9432354000,9.7775148100,9.8555009700,1485325,15053056.6400,1.369900,0.198200
2023-12-15,9.8652492400,9.9724802100,9.8262561600,9.8944940500,1299023,13186344.2200,1.198100,0.395600
2023-12-18,9.8262561600,9.9724802100,9.7482700000,9.7775148100,1414017,14279446.9400,1.304100,-1.182300
2023-12-19,9.7677665400,9.8944940500,9.7190251900,9.7970113500,1575300,15815494.0000,1.452900,0.199400
2023-12-20,9.8067596200,9.9334871300,9.7482700000,9.7580182700,2196256,22189353.0000,2.025600,-0.398000
2023-12-21,9.6995286500,10.0602146400,9.5728011400,10.0114732900,3532500,35692392.7500,3.258000,2.597400
2023-12-22,9.9724802100,10.1966904200,9.7970113500,9.8165078900,4199246,43058615.3400,1.166500,-1.947400
2023-12-25,9.8652492400,9.8652492400,9.5240597900,9.6507873000,3044426,30075081.0600,0.845700,-1.688200
2023-12-26,9.6507873000,9.6800321100,9.4655701700,9.4948149800,1598185,15661771.7500,0.443900,-1.616200
2023-12-27,9.5435563300,9.6702838400,9.4558219000,9.6020459500,2130300,20888879.0000,0.591800,1.129400
2023-12-28,9.6117942200,9.9042423200,9.4265770900,9.8555009700,2528149,25287378.8800,0.702300,2.639600
2023-12-29,9.7775148100,10.0992077200,9.7775148100,10.0699629100,2410400,24636240.0000,0.669600,2.176100
2024-01-02,10.0894594500,10.1771938800,9.9919767500,10.1187042600,2086339,21621098.9900,0.579500,0.484000
2024-01-03,10.1187042600,10.1576973400,9.9627319400,10.0894594500,2044308,21089570.0000,0.567900,-0.289000
2024-01-04,10.1382008000,10.1382008000,9.7677665400,10.0992077200,1916700,19672150.0000,0.532400,0.096600
2024-01-05,10.1382008000,10.1869421500,9.9237388600,9.9919767500,1733200,17882329.0000,0.481400,-1.061800
2024-01-08,9.9627319400,9.9919767500,9.7872630800,9.7872630800,1462900,14855831.0000,0.406400,-2.048800
2024-01-09,9.8165078900,10.0309698300,9.8165078900,10.0309698300,2670400,27269935.0000,0.741800,2.490000
2024-01-10,10.0309698300,10.0602146400,9.8262561600,9.9237388600,1911400,19523185.0000,0.530900,-1.069000
2024-01-11,9.9432354000,10.0894594500,9.8847457800,10.0699629100,1967063,20162383.7100,0.546400,1.473500
2024-01-12,10.0894594500,10.2064386900,9.9919767500,10.0504663700,2953700,30590237.0000,0.820500,-0.193600
2024-01-15,10.0212215600,10.1284525300,10.0017250200,10.0407181000,1760814,18152881.6400,0.489100,-0.097000
2024-01-16,10.0407181000,10.0992077200,9.7970113500,10.0602146400,2412400,24707315.0000,0.670100,0.194200
2024-01-17,10.0602146400,10.1674456100,9.8749975100,9.8749975100,2221500,22854990.2500,0.617100,-1.841100
2024-01-18,9.8262561600,9.8944940500,9.3583392000,9.6995286500,4073200,39958062.0000,1.131400,-1.776900
2024-01-19,9.7190251900,9.9334871300,9.6507873000,9.7190251900,2228500,22341700.0000,0.619000,0.201000
2024-01-22,9.7580182700,9.7580182700,8.9196670500,9.0171497500,3547249,33735106.8000,0.985300,-7.221700
2024-01-23,8.9294153200,9.2121151500,8.7539464600,9.1048841800,3562033,32801252.3800,0.989500,0.973000
2024-01-24,9.1926186100,9.3583392000,8.9391635900,9.3583392000,3119489,29482064.2600,0.866500,2.783700
2024-01-25,9.3290943900,9.8847457800,9.2316116900,9.8457527000,3192075,31387160.5000,0.886700,5.208300
2024-01-26,9.8457527000,10.0114732900,9.7677665400,9.8457527000,2334764,23644473.9800,0.648500,0.000000
2024-01-29,9.9919767500,10.0504663700,9.5630528700,9.6507873000,2826185,28017178.9600,0.785100,-1.980200
2024-01-30,9.7190251900,9.7190251900,9.1633738000,9.2511082300,2708400,26088921.6400,0.752300,-4.141400
2024-01-31,9.1243807200,9.2998495800,8.7441981900,8.8124360800,2983300,27492877.0000,0.828700,-4.741800
2024-02-01,8.8416808900,8.9099187800,8.3640156600,8.6369672200,3126600,27774529.0000,0.868500,-1.991200
2024-02-02,8.6369672200,8.7929395400,7.9448400500,8.4322535500,3096995,26756060.8100,0.860300,-2.370200
2024-02-05,8.3347708500,8.4809949000,7.4281817400,7.6816367600,4364502,35195489.8400,1.212400,-8.901700
2024-02-06,7.5841540600,8.4225052800,7.1454819100,8.1690502600,4349159,34643471.8800,1.208100,6.345200
2024-02-07,8.1398054500,8.2177916100,7.5841540600,7.6621402200,5411841,43888865.7900,1.503300,-6.205300
2024-02-08,7.4281817400,8.5297362500,7.4086852000,8.4809949000,5037673,41345728.9900,1.399400,10.687000
2024-02-19,8.5589810600,8.9489118600,8.5297362500,8.8416808900,4345211,39196860.9400,1.207000,4.252900
2024-02-20,8.8124360800,8.9684084000,8.6369672200,8.9586601300,3002108,27096252.7700,0.833900,1.323000
2024-02-21,8.8319326200,9.2316116900,8.8026878100,9.1243807200,3298000,30597449.6700,0.916100,1.849800
2024-02-22,9.0756393700,9.3290943900,8.9976532100,9.3290943900,2679999,25223150.2700,0.744400,2.243600
2024-02-23,9.2901013100,9.4558219000,9.1536255300,9.4460736300,2753784,26275301.8700,0.764900,1.253900
2024-02-26,9.4558219000,9.5922976800,9.3290943900,9.4168288200,2536687,24628401.6900,0.704600,-0.309600
2024-02-27,9.4460736300,9.5435563300,9.3095978500,9.5338080600,2302095,22286595.4000,0.639500,1.242200
2024-02-28,9.5143115200,9.6020459500,8.7344499200,8.7636947300,4092300,38807640.0000,1.136800,-8.077700
2024-02-29,8.8026878100,9.3388426600,8.8026878100,9.3290943900,2838870,26593369.0000,0.788600,6.451600
2024-03-01,9.3388426600,9.6020459500,9.2608565000,9.5728011400,2914089,28163610.9500,0.809500,2.612300
2024-03-04,9.5045632500,9.6507873000,9.3680874700,9.4460736300,1716730,16674688.1000,0.476900,-1.323800
2024-03-05,9.4265770900,9.4460736300,9.1341289900,9.1731220700,1796400,17064818.0000,0.499000,-2.889600
2024-03-06,9.1438772600,9.2706047700,9.0366462900,9.1438772600,1716353,16137101.7900,0.476800,-0.318800
2024-03-07,9.1731220700,9.2706047700,9.0561428300,9.0853876400,1989137,18688758.7800,0.552500,-0.639700
2024-03-08,9.0171497500,9.2511082300,9.0074014800,9.2316116900,1581319,14801711.1000,0.439300,1.609400
2024-03-11,9.2218634200,9.3388426600,9.1243807200,9.3290943900,2070773,19619100.0400,0.575200,1.056000
2024-03-12,9.3290943900,9.4753184400,9.2316116900,9.4655701700,2899600,27874615.0000,0.805400,1.462900
2024-03-13,9.4460736300,9.5338080600,9.3290943900,9.4363253600,1873000,18079535.0000,0.520300,-0.309000
2024-03-14,9.3778357400,9.4753184400,9.2901013100,9.4070805500,1630500,15706166.0000,0.452900,-0.309900
2024-03-15,9.3973322800,9.5728011400,9.2901013100,9.5435563300,1982711,19260874.9300,0.550800,1.450800
2024-03-18,9.6020459500,9.6605355700,9.5338080600,9.6215424900,2458647,24182909.6600,0.683000,0.817200
2024-03-19,9.6117942200,9.6800321100,9.5338080600,9.5533046000,2533262,24920386.8500,0.703700,-0.709200
2024-03-20,9.4850667100,9.6215424900,9.4460736300,9.5533046000,2980414,29147059.1400,0.827900,0.000000
2024-03-21,9.5825494100,9.6215424900,9.3485909300,9.4655701700,2939514,28546413.1100,0.816500,-0.918400
2024-03-22,9.4460736300,9.4558219000,9.1341289900,9.3875840100,3052767,29110129.0000,0.848000,-0.823900
2024-03-25,9.3583392000,9.4265770900,9.1633738000,9.1731220700,2606160,24864364.5400,0.723900,-2.284500
2024-03-26,9.1926186100,9.2608565000,9.0268980200,9.1926186100,2145652,20150936.1700,0.596000,0.212500
2024-03-27,9.1828703400,9.2218634200,8.9586601300,8.9879049400,1802093,16840960.4800,0.500600,-2.226900
2024-03-28,8.9489118600,9.1536255300,8.8709257000,9.1048841800,2071327,19265206.7200,0.575400,1.301500
2024-03-29,9.0658911000,9.3388426600,9.0171497500,9.2608565000,2334500,22056429.0000,0.648500,1.713100
2024-04-01,9.2608565000,9.6117942200,9.2608565000,9.5435563300,4070700,39609907.0000,1.130800,3.052600
2024-04-02,9.5435563300,9.6702838400,9.4558219000,9.5533046000,2682507,26262627.3800,0.745100,0.102100
2024-04-03,9.5728011400,9.5922976800,9.4558219000,9.5533046000,2316697,22660425.6100,0.643500,0.000000
2024-04-08,9.5533046000,9.5630528700,9.2901013100,9.2901013100,2230600,21598258.9000,0.619600,-2.755100
2024-04-09,9.3193461200,9.4558219000,9.2121151500,9.4265770900,1853392,17769337.2400,0.514800,1.469000
2024-04-10,9.3388426600,9.5240597900,9.1536255300,9.2121151500,2205108,21064931.4400,0.612500,-2.275100
2024-04-11,9.1926186100,9.3193461200,9.0853876400,9.2316116900,1881500,17825544.0000,0.522600,0.211600
2024-04-12,9.2803530400,9.2803530400,9.1146324500,9.1341289900,1479100,13949750.0000,0.410900,-1.056000
2024-04-15,9.1341289900,9.1926186100,8.5199879800,8.6564637600,3174600,28631134.0000,0.881800,-5.229500
2024-04-16,8.6759603000,8.6759603000,7.8766021600,7.8766021600,3780384,31638900.0800,1.050100,-9.009000
2024-04-17,8.0910641000,8.7344499200,8.0813158300,8.7247016500,3715600,32233395.0000,1.032100,10.767300
2024-04-18,8.7831912700,8.9489118600,8.6759603000,8.8124360800,2643050,23933260.7600,0.734200,1.005600
2024-04-19,8.8124360800,8.8124360800,8.5297362500,8.6564637600,2052500,18173773.0000,0.570100,-1.769900
2024-04-22,8.6564637600,8.7734430000,8.3542673900,8.7636947300,2108298,18670719.7000,0.585600,1.238700
2024-04-23,8.7052051100,8.8416808900,8.6272189500,8.8124360800,2084295,18747502.7900,0.579000,0.556200
2024-04-24,8.7734430000,8.8611774300,8.6954568400,8.8611774300,1385046,12510951.2000,0.384700,0.553100
2024-04-25,8.8709257000,8.9879049400,8.7344499200,8.9489118600,1680593,15386633.1700,0.466800,0.990100
2024-04-26,8.8709257000,9.5825494100,8.6759603000,9.3973322800,5463212,51096908.1000,1.517600,5.010900
2024-04-29,9.2901013100,9.4753184400,9.2121151500,9.3875840100,4505078,43250443.3000,1.251400,-0.103700
2024-04-30,9.3875840100,9.5240597900,9.2901013100,9.4265770900,2867273,27639871.2600,0.796500,0.415400
2024-05-06,9.5533046000,9.5533046000,9.4168288200,9.4753184400,2915777,28318746.9700,0.809900,0.517100
2024-05-07,9.4753184400,9.5143115200,9.3778357400,9.4363253600,1986519,19235576.7300,0.551800,-0.411500
2024-05-08,9.4265770900,9.4850667100,9.2511082300,9.2608565000,3202122,30636590.8100,0.889500,-1.859500
2024-05-09,9.2413599600,9.3973322800,9.1731220700,9.3388426600,3543063,33941024.5400,0.984200,0.842100
2024-05-10,9.3485909300,9.3778357400,9.1438772600,9.1926186100,2529396,23923563.3600,0.702600,-1.565800
2024-05-13,9.1731220700,9.1926186100,8.9879049400,9.1243807200,2052819,19168168.1600,0.570200,-0.742300
2024-05-14,9.1341289900,9.4168288200,9.1243807200,9.3193461200,3886569,37075287.2300,1.079600,2.136800
2024-05-15,9.3680874700,9.5825494100,9.2511082300,9.5533046000,7528529,73162500.1700,2.091300,2.510500
2024-05-16,9.5045632500,9.9139905900,9.3973322800,9.5338080600,9576040,94171484.7100,2.660000,-0.204100
2024-05-17,9.4168288200,9.6020459500,9.2706047700,9.3680874700,5427800,52215832.0000,1.507700,-1.738200
2024-05-20,9.2901013100,9.3680874700,8.9684084000,9.3095978500,8150140,76843344.6000,2.263900,-0.624300
2024-05-21,9.2218634200,9.2608565000,8.9001705100,9.0171497500,7134100,66381746.0000,1.981700,-3.141400
2024-05-22,9.0268980200,9.2511082300,9.0074014800,9.1146324500,4322500,40457712.0000,1.200700,1.081100
2024-05-23,9.1536255300,9.1536255300,8.9684084000,9.0366462900,3542737,32853653.0700,0.984100,-0.855600
2024-05-24,9.0074014800,9.0658911000,8.8904222400,8.9099187800,2268448,20834463.9600,0.630100,-1.402400
2024-05-27,8.9489118600,9.1146324500,8.8806739700,9.0463945600,2424900,22377865.0000,0.673600,1.531700
2024-05-28,8.9976532100,9.0074014800,8.7636947300,8.8026878100,3414100,31129432.0000,0.948400,-2.694000
2024-05-29,8.8514291600,9.1146324500,8.8319326200,9.0561428300,2809200,25950514.0000,0.780300,2.879300
2024-05-30,9.0463945600,9.0658911000,8.9099187800,8.9586601300,1367698,12610215.6200,0.379900,-1.076400
2024-05-31,9.6702838400,10.0212215600,9.2121151500,9.6020459500,20864476,203646543.1000,5.795700,7.181700
2024-06-03,9.8944940500,11.2592518500,9.8847457800,10.4014040900,29220551,314206150.3200,8.116800,8.324900
2024-06-04,10.3916558200,12.4777856000,10.3916558200,12.4777856000,44674116,539919428.8900,12.409500,19.962500
2024-06-05,12.1853375000,12.9164577500,11.3079932000,12.1268478800,43857711,547110972.4100,12.182700,-2.812500
2024-06-06,11.8928894000,12.3608063600,11.2105105000,11.6979240000,28857951,345379466.3100,8.016100,-3.537000
2024-06-07,11.6682530000,11.8561316500,10.5508694500,11.1046170500,23837420,266634813.7700,6.621500,-5.071900
2024-06-11,10.8771850000,10.8771850000,10.1355587500,10.7783015000,18385849,195227699.6800,5.107200,-2.938600
2024-06-12,10.6200879000,11.1145054000,10.5113160500,10.8376316000,20874406,228597258.0200,5.798400,0.550500
2024-06-13,10.6398646000,11.1639471500,10.3531024500,11.1639471500,25876361,281337637.5500,7.187900,3.010900
2024-06-14,11.0057335500,11.0551753000,10.6003112000,10.7288597500,18224240,198820829.9200,5.062300,-3.897300
2024-06-17,10.1850005000,10.8277432500,10.1454471000,10.6398646000,12608355,133824361.9800,3.502300,-0.829500
2024-06-18,10.5607578000,10.7387481000,10.4322092500,10.5904228500,10285700,110025205.0000,2.857100,-0.464700
2024-06-19,10.5113160500,10.7288597500,10.3629908000,10.3926558500,10531570,111688401.2000,2.925400,-1.867400
2024-06-20,10.2838840000,10.5310927500,9.9377917500,9.9377917500,12106300,124676172.8700,3.362900,-4.376800
2024-06-21,9.8784616500,9.9773451500,9.7301364000,9.7598014500,7249151,71993627.8600,2.013700,-1.791000
2024-06-24,9.6609179500,9.6905830000,9.2752723000,9.3148257000,6785100,64846158.3800,1.884800,-4.559300
2024-06-25,9.3346024000,9.5719228000,9.2060538500,9.4829276500,7170443,68036561.7200,1.991800,1.804700
2024-06-26,9.3543791000,9.7499131000,9.3247140500,9.7301364000,6531100,63420316.0000,1.814200,2.606900
2024-06-27,9.6411412500,9.7795781500,9.2653839500,9.2752723000,6747600,64850022.0000,1.874300,-4.674800
2024-06-28,9.2752723000,9.5719228000,9.2752723000,9.4334859000,6148500,58810434.0000,1.707900,1.705800
2024-07-01,9.4433742500,9.5125927000,9.1566121000,9.3346024000,5419563,50832648.9400,1.505300,-1.048200
2024-07-02,9.2752723000,9.6609179500,8.9983985000,9.2060538500,10602592,99499242.7600,2.944800,-1.377100
2024-07-03,9.1566121000,9.1961655000,8.7808548000,8.7808548000,8342392,75258296.7600,2.317100,-4.618700
2024-07-04,8.8500732500,8.8797383000,8.4644276000,8.4940926500,8067000,70302257.0000,2.240600,-3.265800
2024-07-05,8.4050975000,8.5336460500,8.2567722500,8.3952091500,7238200,61353873.0000,2.010400,-1.164100
2024-07-08,8.3556557500,8.4347625500,8.1381120500,8.1776654500,4820621,40164098.4100,1.338900,-2.591300
2024-07-09,8.2073305000,8.3259907000,7.9106800000,8.2567722500,5890700,48625764.0000,1.636100,0.967400
2024-07-10,8.2073305000,8.3161023500,8.0787819500,8.1084470000,4435399,36725207.6500,1.231900,-1.796400
2024-07-11,8.2963256500,8.4842043000,8.2271072000,8.4545392500,5894713,49858677.5100,1.637200,4.268300
2024-07-12,8.4842043000,8.5039810000,8.2666606000,8.2963256500,4663019,39408072.3100,1.295100,-1.871300
2024-07-15,8.2963256500,8.3754324500,8.1084470000,8.1381120500,3302000,27322859.0000,0.917100,-1.907000
2024-07-16,8.1183353500,8.1875538000,8.0590052500,8.1084470000,2587800,21212240.0000,0.718800,-0.364500
2024-07-17,8.0886703000,8.1381120500,7.9205683500,7.9403450500,3574700,28841251.0000,0.992900,-2.073200
2024-07-18,7.8909033000,7.9304567000,7.6832479500,7.8612382500,3814800,30130524.0000,1.059500,-0.996300
2024-07-19,7.8117965000,8.0590052500,7.7722431000,7.9897868000,3479100,27916107.0000,0.966300,1.635200
2024-07-22,7.9304567000,8.0985586500,7.8909033000,8.0590052500,3194400,25893947.0000,0.887200,0.866300
2024-07-23,8.1875538000,8.3754324500,8.0392285500,8.0688936000,7212719,59745120.3700,2.003300,0.122700
2024-07-24,7.9106800000,8.0095635000,7.7821314500,7.9007916500,5536500,44140856.0000,1.537700,-2.083300
2024-07-25,7.8711266000,7.9897868000,7.8315732000,7.9007916500,3168121,25347536.7400,0.879900,0.000000
2024-07-26,7.8909033000,8.0590052500,7.8711266000,8.0293402000,2457200,19889672.0000,0.682500,1.627000
2024-07-29,8.0293402000,8.0985586500,7.8810149500,7.9007916500,3362700,27103242.0000,0.934000,-1.601000
2024-07-30,7.7920198000,7.7920198000,7.4953693000,7.6436945500,6010100,46325298.0000,1.669300,-3.254100
2024-07-31,7.8513499000,8.1480004000,7.7129130000,8.1282237000,7827400,63142518.0000,2.174000,6.338900
2024-08-01,8.0787819500,8.1578887500,8.0095635000,8.0194518500,4960100,40469590.0000,1.377700,-1.338200
2024-08-02,7.9996751500,8.2271072000,7.9205683500,8.0095635000,4581600,37483138.0000,1.272500,-0.123300
2024-08-05,7.9502334000,8.1875538000,7.8019081500,7.8414615500,5170900,41836210.0000,1.436200,-2.098800
2024-08-06,7.9304567000,8.0491169000,7.8909033000,8.0491169000,3220900,25963251.0000,0.894600,2.648200
2024-08-07,8.0688936000,8.0688936000,7.9502334000,7.9700101000,2527000,20449576.0000,0.701900,-0.982800
2024-08-08,7.9601217500,7.9996751500,7.8117965000,7.9601217500,2879800,23051753.0000,0.799900,-0.124100
2024-08-09,7.9897868000,8.0590052500,7.8711266000,7.8810149500,2547200,20497365.0000,0.707500,-0.993800
2024-08-12,7.9007916500,7.9205683500,7.7722431000,7.7821314500,2739000,21712494.0000,0.760700,-1.254700
2024-08-13,7.8019081500,7.8612382500,7.7129130000,7.8315732000,1683300,13238868.0000,0.467500,0.635300
2024-08-14,7.8612382500,7.8711266000,7.6634712500,7.6634712500,2232619,17465136.0100,0.620100,-2.146500
2024-08-15,7.6535829000,7.7920198000,7.5942528000,7.7030246500,2423800,18853852.0000,0.673200,0.516100
2024-08-16,7.7524664000,7.7722431000,7.5546994000,7.5546994000,2584457,19965333.4800,0.717800,-1.925500
2024-08-19,7.5448110500,7.5744761000,7.3767091000,7.3865974500,3397400,25696378.0000,0.943600,-2.225100
2024-08-20,7.3964858000,7.3964858000,7.2580489000,7.3074906500,2081700,15369627.0000,0.578200,-1.071000
2024-08-21,7.3074906500,7.3470440500,7.2184955000,7.2481605500,1877100,13795828.0000,0.521400,-0.811900
2024-08-22,7.2481605500,8.3062140000,7.2382722000,7.9897868000,13947959,110459529.9200,3.874000,10.231900
2024-08-23,7.7129130000,7.7722431000,7.4558159000,7.5052576500,9923034,76234743.7600,2.756100,-6.064400
2024-08-26,7.5052576500,7.5942528000,7.3470440500,7.5546994000,5165149,39149358.4600,1.434600,0.658800
2024-08-27,7.5349227000,7.5942528000,7.3668207500,7.4063741500,4232721,32062955.0800,1.175600,-1.963400
2024-08-28,7.3767091000,7.5448110500,7.3074906500,7.4657042500,3057400,23052034.0000,0.849200,0.801100
2024-08-29,7.4657042500,7.5744761000,7.3272673500,7.5349227000,3891700,29507908.0000,1.080900,0.927200
2024-08-30,7.5448110500,7.7821314500,7.4755926000,7.7030246500,6559000,50935806.0000,1.821700,2.231000
2024-09-02,7.7030246500,7.7524664000,7.5052576500,7.5349227000,2952500,22758523.7400,0.820000,-2.182300
2024-09-03,7.5349227000,7.6239178500,7.4953693000,7.5448110500,2988526,22831618.6000,0.830100,0.131200
2024-09-04,7.4953693000,7.5546994000,7.4360392000,7.4360392000,2399400,18155391.0000,0.666400,-1.441700
2024-09-05,7.3964858000,7.4953693000,7.3964858000,7.4459275500,2368600,17827227.0000,0.657900,0.133000
2024-09-06,7.4261508500,7.4854809500,7.2481605500,7.2580489000,3351300,24781352.0000,0.930800,-2.523200
2024-09-09,7.2382722000,7.3173790000,7.1591654000,7.3173790000,1922310,14109511.3000,0.533900,0.817400
2024-09-10,7.3668207500,7.3767091000,7.1888304500,7.3173790000,1948700,14348453.0000,0.541200,0.000000
2024-09-11,7.3371557000,7.3371557000,7.2184955000,7.2481605500,1340800,9854828.0000,0.372400,-0.945900
2024-09-12,7.2184955000,7.3569324000,7.2184955000,7.2481605500,1565726,11546997.6200,0.434900,0.000000
2024-09-13,7.2976023000,7.2976023000,7.0899469500,7.1196120000,1971499,14309939.8100,0.547600,-1.773500
2024-09-18,7.0800586000,7.1690537500,6.8921799500,7.0207285000,2185400,15453282.0000,0.607000,-1.388900
2024-09-19,7.0405052000,7.2382722000,7.0405052000,7.1888304500,2032700,14720338.0000,0.564600,2.394400
2024-09-20,7.1888304500,7.2283838500,7.0998353000,7.2184955000,1699000,12307814.0000,0.471900,0.412700
2024-09-23,7.2679372500,7.2679372500,7.1492770500,7.1789421000,1944600,14173509.0000,0.540100,-0.547900
2024-09-24,7.1789421000,7.4162625000,7.1789421000,7.4162625000,3938100,29190096.0000,1.093800,3.305800
2024-09-25,7.4755926000,7.6535829000,7.4261508500,7.5448110500,4976200,38177780.0000,1.382100,1.733300
2024-09-26,7.5052576500,7.7623547500,7.4261508500,7.7425780500,4737400,36698874.0000,1.315800,2.621200
2024-09-27,7.8315732000,8.3062140000,7.7623547500,8.3062140000,8423726,68122353.8600,2.339700,7.279700
2024-09-30,8.5830878000,9.5620344500,8.2666606000,9.3444907500,17559426,156988057.4600,4.877100,12.500000
2024-10-08,10.8079665500,10.8771850000,9.5719228000,10.0861170000,19702089,201932245.8200,5.472200,7.936500
2024-10-09,9.6015878500,9.6411412500,8.7116363500,8.7116363500,13256360,123385427.9800,3.681900,-13.627500
2024-10-10,8.8401849000,9.1467237500,8.6226412000,9.0082868500,7569000,68598515.0000,2.102300,3.405200
2024-10-11,8.9983985000,9.0775053000,8.6720829500,8.8302965500,5786400,51883519.0000,1.607200,-1.975900
2024-10-14,8.8500732500,9.4137092000,8.8401849000,9.3346024000,6903959,63955291.4100,1.917600,5.711100
2024-10-15,9.3444907500,9.6114762000,9.1763888000,9.2554956000,5137977,48666213.1900,1.427100,-0.847500
2024-10-16,9.1170587000,9.4829276500,9.1170587000,9.3939325000,4389834,41128381.0000,1.219300,1.495700
2024-10-17,9.3939325000,9.6312529000,9.3840441500,9.4334859000,5589704,53701221.7800,1.552500,0.421100
2024-10-18,9.3840441500,9.8191315500,9.3444907500,9.6510296000,6621479,64381821.9400,1.839100,2.306100
2024-10-21,9.7598014500,9.9773451500,9.5818111500,9.6708063000,7276200,72028183.0000,2.020900,0.204900
2024-10-22,9.6609179500,9.9180150500,9.5719228000,9.7795781500,4422900,43634771.0000,1.228400,1.124700
2024-10-23,9.7993548500,9.9674568000,9.6708063000,9.6905830000,4769900,47286065.0000,1.324800,-0.910000
2024-10-24,9.6806946500,9.7696898000,9.5818111500,9.6015878500,3794500,37079217.0000,1.053900,-0.918400
2024-10-25,9.6411412500,9.8487966000,9.5323694000,9.8092432000,3903700,38535693.0000,1.084200,2.162700
2024-10-28,9.8883500000,10.1751121500,9.8389082500,10.1256704000,5465600,55705318.0000,1.518100,3.225800
2024-10-29,10.1157820500,10.5805345000,10.0465636000,10.1454471000,6735497,69999853.8000,1.870800,0.195300
2024-10-30,10.1652238000,10.2838840000,9.9279034000,10.0663403000,4044863,41167050.5600,1.123400,-0.779700
2024-10-31,10.0861170000,10.4223209000,9.7894665000,10.2937723500,4982900,51450746.0000,1.384000,2.259300
2024-11-01,10.3135490500,10.3135490500,9.8092432000,9.8092432000,5474199,55252512.7800,1.520400,-4.707000
2024-11-04,9.9773451500,10.1751121500,9.8487966000,10.1157820500,3939879,40039747.8000,1.094300,3.125000
2024-11-05,10.1256704000,10.7090830500,10.0366752500,10.5607578000,8516400,90125027.3700,2.365400,4.398800
2024-11-06,10.8771850000,11.9451268000,10.7881898500,11.3814908500,15728000,179482761.3400,4.368400,7.771500
2024-11-07,11.3518258000,11.5298161000,10.9859568500,11.4111559000,8775800,100558628.0000,2.437400,0.260600
2024-11-08,11.6188112500,12.6669763500,11.6188112500,11.7671365000,11697777,142634001.7700,3.249000,3.119600
2024-11-11,11.6583646500,12.0242336000,11.4309326000,12.0044569000,6905588,81998637.6000,1.918000,2.016800
2024-11-12,11.9352384500,12.1428938000,11.4309326000,11.5594811500,5122377,60801349.3300,1.422700,-3.706800
2024-11-13,11.5594811500,11.8165782500,11.3814908500,11.7572481500,4218792,49496173.0300,1.171800,1.710900
2024-11-14,11.6979180500,12.2615540000,11.5693695000,11.6286996000,4459089,53245193.0500,1.238500,-1.093400
2024-11-15,11.5693695000,11.7473598000,11.0749520000,11.0749520000,4164719,48103841.0300,1.156700,-4.761900
2024-11-18,11.2826073500,11.4803743500,10.7980782000,10.8672966500,5343356,59775397.8300,1.484100,-1.875000
2024-11-19,10.8475199500,11.2727190000,10.8475199500,11.2430539500,3267619,36478149.5500,0.907600,3.457700
2024-11-20,11.2628306500,11.6089229000,11.1738355000,11.4704860000,2820711,32454278.1500,0.783400,2.022900
2024-11-21,11.4803743500,11.6880297000,11.2331656000,11.3716025000,2596732,29924589.3500,0.721200,-0.862100
2024-11-22,11.4210442500,11.4507093000,10.8079665500,10.8079665500,2494669,27976798.2900,0.692900,-4.956500
2024-11-25,10.8574083000,11.2232772500,10.7980782000,11.2133889000,3141361,35157418.1300,0.872500,3.751100
2024-11-26,11.2133889000,11.2826073500,10.9760685000,11.0156219000,1879848,21141667.5200,0.522100,-1.763700
2024-11-27,10.9464034500,11.2331656000,10.5904228500,11.2035005500,3059198,33628666.6600,0.849700,1.705600
2024-11-28,11.1936122000,11.7770248500,11.1936122000,11.5397044500,5588316,65464639.5600,1.552100,3.000900
2024-11-29,11.6484763000,12.1033404000,11.4605976500,11.6979180500,6282438,74233973.8800,1.744900,1.371000
2024-12-02,11.6880297000,12.4395443000,11.5990345500,11.8660200000,8586580,103669374.5600,2.384900,1.437000
2024-12-03,11.7078064000,12.6373113000,11.4704860000,12.3604375000,13447559,165645424.6900,3.735000,4.166700
2024-12-04,12.3604375000,12.3604375000,11.4605976500,11.5298161000,12606396,150282204.1400,3.501400,-6.720000
2024-12-05,11.4210442500,11.6682530000,11.2331656000,11.4210442500,6042467,70095371.3700,1.651600,-0.943400
2024-12-06,11.3716025000,11.7374714500,11.1441704500,11.5594811500,7051432,81515433.8400,1.927400,1.212100
2024-12-09,11.6385879500,12.2121122500,11.5199277500,11.8165782500,8465581,101654624.2600,2.313900,2.224100
2024-12-10,12.1626705000,12.2516656500,11.5792578500,11.6781413500,6675969,80261126.4800,1.824800,-1.171500
2024-12-11,11.5693695000,11.8066899000,11.4309326000,11.7968015500,4580020,53930394.3900,1.251900,1.016100
2024-12-12,11.7473598000,11.8759083500,11.6682530000,11.7473598000,3371365,40092294.0800,0.921500,-0.419100
2024-12-13,11.7275831000,11.8165782500,11.5594811500,11.6286996000,3109736,36656613.6000,0.850000,-1.010100
2024-12-16,11.5693695000,11.7473598000,11.4902627000,11.5298161000,2348146,27523412.8700,0.641800,-0.850300
2024-12-17,11.6484763000,11.7374714500,10.9859568500,11.0947287000,3908811,44274202.8500,1.068400,-3.773600
2024-12-18,11.1738355000,11.2232772500,10.9365151000,11.1145054000,1977831,22191629.4900,0.540600,0.178300
2024-12-19,10.9464034500,11.2924957000,10.8079665500,11.2133889000,2318473,26018324.4500,0.633700,0.889700
2024-12-20,11.2232772500,11.4408209500,11.2035005500,11.2826073500,2018360,23088682.4000,0.551700,0.617300
2024-12-23,11.3221607500,11.3221607500,10.6794180000,10.7090830500,2501873,27567551.2700,0.683800,-5.083300
2024-12-24,10.7387481000,10.9661801500,10.6596413000,10.8376316000,1631100,17824134.0000,0.445800,1.200400
2024-12-25,10.8771850000,10.8771850000,10.1850005000,10.3926558500,3389338,35581225.7800,0.926400,-4.105800
2024-12-26,10.3926558500,10.6497529500,10.3926558500,10.4618743000,2264745,24091987.5300,0.619000,0.666000
2024-12-27,10.5310927500,10.6497529500,10.3827675000,10.4915393500,2173850,23147534.3500,0.594200,0.283600
2024-12-30,10.5014277000,10.5409811000,10.2344422500,10.3827675000,2049002,21582481.6000,0.560100,-1.036800
2024-12-31,10.3728791500,10.6003112000,10.1355587500,10.1948888500,2198876,22978610.0800,0.601000,-1.809500
2025-01-02,10.3135490500,10.3135490500,9.8784616500,9.9773451500,2999526,30507993.4300,0.819800,-2.133900
2025-01-03,10.0267869000,10.0465636000,9.3642674500,9.3939325000,4572393,44590271.8100,1.249600,-5.847400
2025-01-06,9.3247140500,9.6510296000,8.9291800500,9.4730393000,3670113,34756723.8100,1.003000,0.842100
2025-01-07,9.4730393000,10.1256704000,9.4334859000,10.0564519500,3603582,35594075.7000,0.984900,6.158700
2025-01-08,10.0465636000,10.4322092500,9.8883500000,10.3333257500,5794926,59475234.5800,1.583700,2.753200
2025-01-09,10.2542189500,10.3531024500,9.8586849500,9.9674568000,3378894,34443839.7200,0.923400,-3.540700
2025-01-10,9.9674568000,10.0168985500,9.5224810500,9.5521461000,2628826,26095814.9800,0.718500,-4.166700
2025-01-13,9.4829276500,9.7400247500,9.1961655000,9.6510296000,2705688,26057647.2000,0.739500,1.035200
2025-01-14,9.9773451500,10.5805345000,9.6510296000,10.3234374000,4197896,43020290.1000,1.147300,6.967200
2025-01-15,10.3135490500,12.3901025500,10.2542189500,10.9266267500,16373617,185040943.7300,4.474900,5.842900
2025-01-16,10.8771850000,11.6484763000,10.5014277000,10.6893063500,20293991,227324986.3500,5.546300,-2.171900
2025-01-17,10.5904228500,10.7189714000,9.9081267000,10.0564519500,11675399,119764471.3600,3.190900,-5.920400
2025-01-20,10.1652238000,10.7387481000,10.1256704000,10.3629908000,9894939,103535406.6100,2.704300,3.048200
2025-01-21,10.3432141000,10.6398646000,10.0070102000,10.5212044000,11169941,116559443.8100,3.052700,1.526700
2025-01-22,10.3827675000,10.4124325500,9.8191315500,9.9377917500,8285215,83888734.3500,2.264300,-5.545100
2025-01-23,9.9872335000,10.8870733500,9.9279034000,10.5310927500,14038850,148211745.9000,3.836800,5.970100
2025-01-24,10.3827675000,10.5805345000,10.2344422500,10.3036607000,8488100,89015146.0000,2.319800,-2.159600
2025-01-27,10.5310927500,10.5310927500,9.8883500000,9.8883500000,5872976,60090946.6000,1.605100,-4.030700
2025-02-05,9.9872335000,10.3827675000,9.9476801000,10.1850005000,5898296,60874132.8800,1.612000,3.000000
2025-02-06,10.1355587500,11.0057335500,10.0960053500,10.9661801500,12971149,141052455.5900,3.545000,7.669900
2025-02-07,11.6979180500,12.7263064500,11.6979180500,11.9747918500,37931857,467720225.5500,10.366700,9.197500
2025-02-10,11.7374714500,11.8660200000,11.0650636500,11.3122724000,21475384,245186889.4100,5.869200,-5.532600
2025-02-11,11.8660200000,12.9636268500,11.7671365000,12.3109957500,41568432,520904318.2500,11.360600,8.828700
2025-02-12,11.8264666000,13.5668162000,11.8264666000,12.6076462500,35014265,450336445.3000,9.569300,2.409600
2025-02-13,12.6373113000,13.0229569500,12.1725588500,12.2022239000,22831625,287939701.6500,6.239800,-3.215700
2025-02-14,12.1626705000,12.2615540000,11.6682530000,11.9352384500,18496390,221944463.7000,5.055000,-2.188000
2025-02-17,11.8264666000,13.9227968000,11.6286996000,13.8338016500,40047218,525275414.2600,10.944800,15.907200
2025-02-18,13.7448065000,14.7039764500,13.5865929000,13.9030201000,38158221,540041148.1900,10.428600,0.500400
2025-02-19,13.7052531000,16.0191270000,13.4975977500,15.7125881500,42237467,645797929.2000,11.543400,13.015600
2025-02-20,15.6235930000,16.6915348000,15.3763842500,15.9103551500,43078406,694294711.0100,11.773200,1.258700
2025-02-21,15.4851561000,16.2663357500,15.2280590000,15.8213600000,35725002,569049059.9700,9.763600,-0.559400
2025-02-24,18.6889815000,18.9856320000,17.8979135000,18.9856320000,26553612,497925815.8300,6.953300,20.000000
2025-02-25,17.5617096000,22.0510205000,17.5617096000,20.0239087500,60981072,1207553640.1000,15.968500,5.468800
2025-02-26,20.5578796500,22.7234283000,20.1129039000,20.7655350000,54793497,1165509625.3000,14.348200,3.703700
2025-02-27,20.7853117000,21.1116272500,19.4602728000,20.4392194500,40400989,824062324.3900,10.579400,-1.571400
2025-02-28,20.3304476000,20.5479913000,17.5814863000,17.9473552500,36615743,685251764.1200,9.228900,-12.191600
2025-03-03,17.8583601000,18.4813261500,17.2057290000,17.6605931000,30940317,555805240.7400,7.798400,-1.597800
2025-03-04,17.4628261000,18.9955203500,17.4628261000,18.3428892500,28667908,533074216.7600,7.225700,3.863400
2025-03-05,18.1550106000,18.6395397500,17.4924911500,18.3923310000,29809159,545511568.2200,7.513300,0.269500
2025-03-06,18.3923310000,19.6382631000,18.1945640000,18.6988698500,38886483,746044961.4700,9.801200,1.666700
2025-03-07,18.3428892500,18.9263019000,17.8583601000,18.1055688500,30608360,570195450.3600,7.714700,-3.172900
2025-03-10,18.0066853500,18.2934475000,17.3936076500,17.7693649500,22680329,406547129.8100,5.501900,-1.856900
2025-03-11,17.3145008500,17.9671319500,17.2057290000,17.7001465000,18905630,335264462.8000,4.586200,-0.389500
2025-03-12,17.6803698000,17.7990300000,17.3046125000,17.4331610500,17513795,310348022.9500,4.248600,-1.508400
2025-03-13,17.2650591000,17.2749474500,15.4752677500,15.8114716500,37352185,607989102.0900,9.061000,-9.302300
2025-03-14,15.8114716500,16.7310882000,15.5049328000,16.6618697500,26721285,437615581.3500,6.482100,5.378400
2025-03-17,16.6322047000,17.6507047500,16.5432095500,17.5814863000,29761170,515947596.9400,7.034800,5.519300
2025-03-18,18.7878650000,21.1017389000,18.7779766500,21.1017389000,60243431,1206354044.4600,14.240100,20.022500
2025-03-19,21.5467146500,22.0707972000,20.4787728500,21.8532535000,61382501,1320607354.2100,14.356200,3.561400
2025-03-20,22.7432050000,22.8717535500,20.9138602500,21.8038117500,54560301,1204742610.9200,12.760600,-0.226200
2025-03-21,21.3687243500,21.3687243500,19.5789330000,20.0832388500,48092573,986762236.6100,11.247900,-7.891200
2025-03-24,20.4886612000,20.6270981000,19.2822825000,19.8656951500,32658138,657447904.2400,7.526100,-1.083200
2025-03-25,19.7272582500,20.1524573000,17.9176902000,18.0462387500,32827649,621091072.6000,7.565100,-9.158800
2025-03-26,18.0462387500,19.1339572500,17.9967970000,18.6889815000,25564497,481949530.1500,5.891300,3.561600
2025-03-27,18.6593164500,18.9856320000,17.7990300000,17.9473552500,20928599,387745413.1500,4.823000,-3.968300
2025-03-28,17.8979135000,18.5900980000,17.4924911500,17.7990300000,21668622,393787505.6900,4.993500,-0.826400
2025-03-31,17.6408164000,17.7495882500,16.4739911000,17.3046125000,22587655,386970075.1500,5.205300,-2.777800
2025-04-01,17.4133843500,17.4727144500,16.7706416000,16.8003066500,16129596,277785313.5300,3.710500,-2.914300
2025-04-02,16.8695251000,17.3936076500,16.8695251000,17.0376270500,11700994,202589842.7800,2.691700,1.412600
2025-04-03,16.7310882000,17.3639426000,16.3948843000,16.5234328500,14380324,243486037.1600,3.308100,-3.018000
2025-04-07,14.8424133500,15.1983939500,13.2207239500,13.2207239500,18670244,263293790.2400,4.294900,-19.988000
2025-04-08,13.3393841500,13.7843599000,12.7460831500,13.2306123000,20659915,276791434.7500,4.752600,0.074800
2025-04-09,12.8548550000,14.0711220500,11.8066899000,13.8041366000,28249055,374734507.3100,6.498400,4.334800
2025-04-10,14.6149813000,16.1674522500,14.6149813000,14.9511852000,37035695,574781456.2000,8.519700,8.309500
2025-04-11,14.6446463500,16.3751076000,14.6446463500,15.5049328000,31593281,501302704.8000,7.267700,3.703700
2025-04-14,15.6235930000,16.4146610000,15.3368308500,16.0191270000,24913839,403165327.6800,5.731200,3.316300
2025-04-15,16.2387127900,17.2068474800,16.0690397000,16.3884243400,33280517,552376480.1500,7.655900,2.305300
2025-04-16,16.3584820300,16.3884243400,15.2905396400,15.6398665900,23517555,369757764.0500,5.410000,-4.567600
2025-04-17,15.4701935000,16.0690397000,15.4202896500,15.5300781200,16527742,260690204.3600,3.802100,-0.702000
2025-04-18,15.7995589100,15.9193281500,15.0709627000,15.1607896300,15371513,238484488.3800,3.536100,-2.377900
2025-04-21,14.7915011400,16.3085781800,14.7915011400,16.1788281700,20768460,326357820.8300,4.777600,6.714900
2025-04-22,16.1888089400,16.2686551000,15.5600204300,15.6797896700,14368830,227466335.3600,3.305400,-3.084500
2025-04-23,16.7078089800,18.7339052900,16.1987897100,18.6840014400,48263672,836882213.7900,11.102600,19.159800
2025-04-24,18.1250783200,18.9235399200,17.6260398200,18.3845783400,44661878,821406728.2100,10.274000,-1.602600
2025-04-25,18.5941745100,19.6421553600,18.0951360100,19.1131745500,42099730,800038663.6100,9.684600,3.963100
2025-04-28,18.7139437500,19.2129822500,17.9953283100,18.6640399000,25199861,471121513.9900,5.797000,-2.349900
2025-04-29,18.5642322000,21.4586555000,18.3845783400,20.6601939000,46323267,921794718.1100,10.656200,10.695200
2025-04-30,20.9596170000,21.4486747300,20.3907131100,20.7300592900,42572626,890247157.4500,9.793400,0.338200
2025-05-06,21.6882132100,24.8720788400,21.1692131700,24.8720788400,44912878,1024320593.2200,10.331800,19.980700
2025-05-07,25.7903096800,27.2175597900,23.8540403000,25.0816750100,84631642,2157851517.3600,19.468700,0.842700
2025-05-08,25.1715019400,25.2513481000,23.4548095000,23.5546172000,61306100,1477878402.8800,14.102900,-6.088300
2025-05-09,23.6444441300,23.7841749100,22.1373478600,22.5066363500,43817617,993203505.9900,10.079800,-4.449200
2025-05-12,22.9557710000,23.2851364100,22.3968478800,23.1354248600,47751817,1093557688.7300,10.984900,2.793800
2025-05-13,23.1553864000,23.4049056500,22.3968478800,22.5365786600,33861667,773557614.4300,7.789600,-2.588400
2025-05-14,22.2670978700,22.8859056100,21.5385016600,22.4367709600,29549227,664879084.2500,6.797500,-0.442900
2025-05-15,22.1772709400,22.7262132900,21.3588478000,22.0175786200,30327272,668012021.7200,6.976500,-1.868300
2025-05-16,21.7680593700,23.5546172000,21.6682516700,22.4567325000,42100280,960767027.2100,9.684800,1.994600
2025-05-19,21.8578863000,22.1672901700,20.7100977500,21.9776555400,38350941,820436555.2100,8.822300,-2.133300
2025-05-20,22.1074055500,22.8559633000,21.3588478000,22.4966555800,33782165,755654989.5400,7.771300,2.361500
2025-05-21,22.2171940200,22.8360017600,21.7480978300,22.3369632600,24432627,541976456.7000,5.620500,-0.709800
2025-05-22,22.1672901700,22.1772709400,20.7100977500,20.8498285300,30419044,649753244.5100,6.997600,-6.657700
2025-05-23,20.8398477600,21.3388862600,20.3607708000,20.4805400400,22610575,470482293.6400,5.201400,-1.771200
2025-05-26,20.5603862000,20.6202708200,20.1411938600,20.6102900500,14055097,287492624.2500,3.233200,0.633500
2025-05-27,20.4605785000,20.8598093000,19.8717130700,20.8398477600,15351365,314298809.3400,3.531400,1.113800
2025-05-28,20.7600016000,20.9596170000,20.2110592500,20.4306361900,14361900,295425890.0000,3.303800,-1.963600
2025-05-29,20.3907131100,20.8298669900,20.0114438500,20.2110592500,14876090,303736257.3300,3.422100,-1.074700
2025-05-30,19.9715207700,20.1611554000,19.2628861000,19.2628861000,17494953,343318243.0000,4.024500,-4.691400
2025-06-03,19.2628861000,19.8517515300,19.2628861000,19.7220015200,11105795,218343110.8900,2.554800,2.383400
2025-06-04,19.5922515100,20.4106746500,19.5922515100,20.0912900100,13804139,277846090.4800,3.175500,1.872500
2025-06-05,19.9715207700,20.6302515900,19.7818861400,20.3607708000,17466893,354450424.4300,4.018100,1.341300
2025-06-06,20.1811169400,20.3208477200,19.5423476600,19.6521361300,15611191,308904175.4000,3.591200,-3.480400
2025-06-09,19.5922515100,21.1093285500,19.5922515100,20.7500208300,25030735,517054311.4900,5.758100,5.586600
2025-06-10,20.8797708400,21.6383093600,20.0413861600,20.8797708400,25686500,532986241.2100,5.908900,0.625300
2025-06-11,20.7999246800,22.1573094000,20.7999246800,21.8878286100,33071029,721516672.3800,7.607700,4.827900
2025-06-12,21.6482901300,22.0774632400,21.3788093400,21.7081747500,19375034,421499393.5000,4.457000,-0.820800
2025-06-13,21.3788093400,21.4786170400,19.7918669100,20.0314053900,27389869,556450511.1800,6.300800,-7.724100
2025-06-16,19.7419630600,20.0114438500,19.4824630400,19.7818861400,14478256,285988262.5400,3.330600,-1.245600
2025-06-17,19.7818861400,19.9116361500,19.0532899300,19.3826553400,14702312,285959494.9200,3.382100,-2.018200
2025-06-18,19.2229630200,19.2529053300,18.6141360500,18.8636553000,18123924,342116562.8800,4.169200,-2.677700
2025-06-19,18.4145206500,19.2229630200,18.0452321600,18.7339052900,19575318,366784850.5200,4.503100,-0.687800
2025-06-20,18.5642322000,18.9335206900,17.8755590700,17.9055013800,14764544,269689398.5200,3.396400,-4.421900
2025-06-23,17.7458090600,18.1051167800,17.7458090600,17.9653860000,11175163,200869883.0300,2.570700,0.334400
2025-06-24,18.0751744700,19.5423476600,18.0152898500,19.2628861000,24568596,467451206.9400,5.651800,7.222200
2025-06-25,19.2628861000,19.5423476600,18.9934053100,19.4425399600,17516568,338204135.3400,4.029500,0.932600
2025-06-26,19.4924438100,20.1910977100,19.2229630200,19.2329437900,17910865,352832010.4300,4.120200,-1.078000
2025-06-27,19.2129822500,19.3626938000,18.7538668300,19.0832322400,10712365,204257940.3500,2.464300,-0.778400
2025-06-30,19.0832322400,19.4724822700,19.0433091600,19.1930207100,10788363,207275819.3400,2.481800,0.575300
2025-07-01,19.0732514700,19.1730591700,18.6440783600,18.7239245200,11007100,207363952.7300,2.532100,-2.444100
2025-07-02,18.7039629800,18.8237322200,17.8855398400,18.2847706400,12624814,232480710.5400,2.904200,-2.345400
2025-07-03,18.2648091000,18.6440783600,18.0352513900,18.2149052500,8501502,155585108.1000,1.955700,-0.382100
2025-07-04,18.1350590900,18.3745975700,17.8356359900,18.0452321600,9222306,166894345.9400,2.121500,-0.931500
2025-07-07,18.0152898500,18.2149052500,17.8156744500,18.0951360100,6686420,120911476.6000,1.538100,0.276500
2025-07-08,18.0452321600,18.2149052500,17.9354436900,18.1150975500,9937100,179905537.5000,2.285900,0.110300
2025-07-09,18.7738283700,19.0632707000,17.7757513700,17.8755590700,24212982,446910476.2500,5.570000,-1.322300
2025-07-10,17.7657706000,17.9653860000,17.5461936600,17.7757513700,11666230,206959560.3000,2.683700,-0.558300
2025-07-11,17.7258475200,18.5542514300,17.4962898100,18.1650014000,18483706,334769964.1800,4.252000,2.189800
2025-07-14,18.2149052500,18.8935976100,17.9753667700,18.5642322000,19812731,367918456.9200,4.557700,2.197800
2025-07-15,18.6640399000,18.7339052900,18.1949437100,18.5542514300,13259016,244473950.3000,3.050100,-0.053800
2025-07-16,18.5542514300,20.0413861600,18.4245014200,19.2529053300,33129259,642522315.0100,7.621100,3.765500
2025-07-17,19.2129822500,20.1611554000,18.9834245400,20.1112515500,30021040,593257348.4900,6.906100,4.458300
2025-07-18,20.4406169600,20.9396554600,19.8717130700,20.2809246400,33381249,680012039.2000,7.679000,0.843700
2025-07-21,20.2909054100,20.6601939000,19.7220015200,20.3308284900,25545173,517615429.8100,5.876400,0.246100
2025-07-22,20.0214246200,20.3308284900,19.5722899700,19.6521361300,22346670,444930578.1000,5.140600,-3.338200
2025-07-23,19.4125976500,20.0813092400,19.1630784000,19.5223861200,13447763,263763281.8200,3.093500,-0.660200
2025-07-24,19.5623092000,20.4006938800,19.5124053500,19.6122130500,19695398,391951495.1500,4.530700,0.460100
2025-07-25,19.5623092000,19.7319822900,19.3227707200,19.5523284300,9794990,191520526.9200,2.253200,-0.305300
2025-07-28,19.7220015200,20.2609631000,19.5423476600,19.6221938200,17272600,343328440.0000,3.973400,0.357300
2025-07-29,19.4425399600,19.4625015000,19.1231553200,19.4125976500,15045030,290440962.4100,3.461000,-1.068200
2025-07-30,19.3626938000,19.4225784200,19.0133668500,19.2129822500,8461873,162930610.8000,1.946600,-1.028300
2025-07-31,19.0133668500,19.5323668900,18.8736360700,19.0732514700,10850816,209513457.7500,2.496100,-0.727300
2025-08-01,18.9934053100,19.2030014800,18.6440783600,18.7239245200,8596111,162190106.8500,1.977500,-1.831500
2025-08-04,18.5742129700,19.6022322800,18.5442706600,19.5822707400,14809263,284939241.4100,3.406700,4.584200
2025-08-05,19.9116361500,20.5903285100,19.5822707400,20.2909054100,34461420,696718813.5400,7.927500,3.618800
2025-08-06,20.1411938600,21.3189247200,19.9116361500,20.8598093000,31455576,649999309.1900,7.236100,2.803700
2025-08-07,20.7100977500,20.7600016000,20.2310207900,20.4006938800,18457672,377381951.5100,4.246000,-2.201000
2025-08-08,20.4605785000,20.4605785000,19.7519438300,19.8018476800,12586943,251176309.5400,2.895500,-2.935400
2025-08-11,19.8916746100,20.5504054300,19.8118284500,20.1312130900,14778327,299486735.4300,3.399600,1.663300
2025-08-12,20.7699823700,20.9596170000,20.0114438500,20.2509823300,23133013,473973731.7400,5.321500,0.594900
2025-08-13,20.1112515500,21.1592324000,19.8816938400,20.6801554400,25489744,520283866.7900,5.863700,2.119300
2025-08-14,20.7699823700,21.1891747100,20.1312130900,20.3907131100,24798323,514434328.2400,5.704600,-1.399600
2025-08-15,20.1511746300,20.7400400600,20.1212323200,20.6003092800,20528799,421703407.4500,4.722500,1.027900
2025-08-18,20.7799631400,21.4686362700,20.3208477200,21.0594247000,29219249,610927013.0500,6.721600,2.228700
2025-08-19,20.8697900700,21.7381170600,20.0713284700,21.2390785600,36939324,773245394.4600,8.497500,0.853100
2025-08-20,20.8697900700,21.0594247000,20.6102900500,20.9695977700,16566759,346089445.6200,3.811000,-1.268800
2025-08-21,20.9097131500,20.9097131500,20.1711361700,20.3208477200,19470899,399781206.2600,4.479100,-3.093800
2025-08-22,20.2909054100,23.1653671700,20.1711361700,22.3569248000,58021243,1272876766.9500,13.347200,10.019600
2025-08-25,22.1373478600,22.5565402000,21.8578863000,22.2571171000,35034913,778224954.4100,8.059500,-0.446400
2025-08-26,22.1573094000,22.3569248000,21.6582709000,21.8778478400,22776842,503026547.0000,5.239600,-1.704000
2025-08-27,22.0475209300,23.3749633400,21.8179632200,22.7960786800,43245669,979436909.8600,9.948300,4.197100
2025-08-28,22.7860979100,23.7741941400,22.3369632600,23.3949248800,41496922,961105789.1400,9.546000,2.627000
2025-08-29,23.3749633400,23.4348479600,22.2870594100,22.6064440500,28379839,651216654.4000,6.528500,-3.370300
2025-09-01,22.1772709400,22.5066363500,21.2390785600,21.5784247400,24515435,532789185.3900,5.639500,-4.547500
2025-09-02,21.4686362700,23.1953094800,19.9615400000,23.0855210100,46844607,1012850632.9300,10.776200,6.984300
2025-09-03,23.1553864000,23.2352325600,21.6183478200,21.6981939800,27691005,617834754.0600,6.370100,-6.009500
2025-09-04,21.5983862800,21.9776555400,20.1711361700,20.4106746500,19978963,425481457.9400,4.596000,-5.933800
2025-09-05,20.4605785000,21.4486747300,20.3108669500,21.2690208700,18748328,395295754.5900,4.312900,4.205400
2025-09-08,21.1791939400,22.9258286900,21.0394631600,22.3868671100,30753657,692053211.4800,7.074600,5.255700
2025-09-09,22.2670978700,24.1534634000,22.1074055500,22.9956940800,39220098,907750813.2600,9.022200,2.719600
2025-09-10,22.5066363500,24.8321557600,22.5066363500,23.6843672100,39313277,930177457.6200,9.043700,2.994800
2025-09-11,23.5945402800,25.7204442900,23.2452133300,25.2912711800,48072311,1185587461.8800,11.058600,6.784700
2025-09-12,25.0716942400,25.2413673300,23.9638287700,24.0137326200,36039238,886611856.0900,8.290500,-5.051300
2025-09-15,24.0536557000,25.1016365500,23.4049056500,23.5745787400,40404053,977054518.8700,9.294600,-1.828800
2025-09-16,24.7622903700,26.7484636000,24.3830211100,26.1496174000,60703244,1568495298.7300,13.964200,10.922900
2025-09-17,25.8202519900,26.1496174000,24.9020211500,25.0118096200,46754556,1187292162.0800,10.755400,-4.351100
2025-09-18,24.9419442300,25.7304250600,23.6344633600,24.1534634000,39729426,984518299.5700,9.139400,-3.431800
2025-09-19,24.1534634000,24.1534634000,23.1054825500,23.2352325600,24705025,582795617.6400,5.683200,-3.801700
2025-09-22,23.5546172000,23.6843672100,23.0855210100,23.3550018000,14378230,336674435.0300,3.307600,0.515500
2025-09-23,23.5546172000,24.0237133900,22.5465594300,23.0256363900,20857995,485961847.6800,4.798200,-1.410300
2025-09-24,22.8360017600,24.1634441700,22.4766940400,24.1634441700,21816333,515379219.2000,5.018600,4.941500
2025-09-25,23.9538480000,24.6025980500,23.5546172000,23.8540403000,18985210,455756522.1100,4.367400,-1.280500
2025-09-26,23.5745787400,23.6943479800,22.5864825100,22.6264055900,14654210,339927567.4000,3.371100,-5.146400
2025-09-29,22.6264055900,22.9557710000,22.4567325000,22.6164248200,11758119,267492524.1100,2.704800,-0.044100
2025-09-30,22.7461748300,22.7461748300,21.8578863000,21.8978093800,15562679,345257420.4300,3.580000,-3.177400
2025-10-09,21.9477132300,22.6463671300,21.6283285900,22.5465594300,12354982,274943056.1300,2.842100,2.962600
2025-10-10,22.8060594500,23.8340787600,22.2371555600,22.2870594100,16776624,388290645.4700,3.859300,-1.151000
2025-10-13,20.3707515700,21.4586555000,20.3707515700,21.1791939400,12518674,263779825.1200,2.879800,-4.970900
2025-10-14,21.1093285500,21.4486747300,20.1611554000,20.1811169400,12001644,249043301.7700,2.760900,-4.712500
2025-10-15,20.2410015600,21.4087516500,20.2410015600,21.1791939400,14069093,296077399.7900,3.236500,4.945600
2025-10-16,20.9795785400,21.2191170200,20.6102900500,20.7600016000,7256021,151272995.9700,1.669200,-1.979300
2025-10-17,20.6900000000,20.8500000000,20.2000000000,20.2000000000,6859400,140193101.6400,1.577900,-2.697500
2025-10-20,20.6000000000,20.7200000000,20.1300000000,20.4500000000,6177508,126387237.4400,1.421100,1.237600
2025-10-21,20.3900000000,20.6100000000,20.2100000000,20.5200000000,4835523,98932318.5500,1.112400,0.342300
2025-10-22,20.3200000000,20.7100000000,20.2500000000,20.3400000000,5233831,106805267.4400,1.204000,-0.877200
2025-10-23,20.3100000000,20.7700000000,20.0800000000,20.2100000000,6199857,126170825.0500,1.426200,-0.639100
2025-10-24,20.2500000000,20.8000000000,20.2200000000,20.6200000000,8000141,164197045.8300,1.840400,2.028700
2025-10-27,20.8000000000,20.9200000000,20.3100000000,20.4100000000,8722319,178966689.0900,2.006500,-1.018400
2025-10-28,20.4700000000,20.4700000000,19.6000000000,19.6300000000,14037526,279597247.5400,3.229200,-3.821700
2025-10-29,19.6400000000,19.8600000000,19.4500000000,19.7300000000,8733867,171623799.5700,2.009100,0.509400
2025-10-30,19.6700000000,19.8000000000,19.1800000000,19.2100000000,8692762,168907251.3100,1.999700,-2.635600
2025-10-31,19.2400000000,19.7800000000,19.2300000000,19.6600000000,8474309,166016853.1500,1.949400,2.342500
2025-11-03,19.6900000000,19.9000000000,19.5300000000,19.8700000000,6736166,132926045.2900,1.549600,1.068200
2025-11-04,19.7000000000,19.8900000000,19.2100000000,19.3900000000,6378949,123870202.3600,1.467400,-2.415700
2025-11-05,19.1900000000,19.4700000000,19.0300000000,19.3300000000,4296264,83145443.0400,0.988300,-0.309400
2025-11-06,19.3300000000,20.0000000000,19.2700000000,19.9200000000,11400045,225023861.3500,2.622500,3.052300
2025-11-07,20.1900000000,20.4500000000,19.8300000000,19.8700000000,9993299,200479338.9000,2.298900,-0.251000
2025-11-10,19.9700000000,19.9700000000,19.3100000000,19.4700000000,6265300,122073669.0000,1.441300,-2.013100
2025-11-11,19.4700000000,19.5900000000,19.0000000000,19.0100000000,5690900,109248551.2400,1.309100,-2.362600
2025-11-12,19.1300000000,19.1500000000,18.7300000000,18.8700000000,4415172,83363262.6400,1.015700,-0.736500
2025-11-13,19.0000000000,19.0000000000,18.6500000000,18.6800000000,5486488,102737129.8400,1.262100,-1.006900
2025-11-14,18.6500000000,18.6900000000,18.1600000000,18.1700000000,6988892,128751942.6800,1.607700,-2.730200
2025-11-17,18.3000000000,18.3000000000,17.7800000000,18.1300000000,8557583,154186392.9700,1.968600,-0.220100
2025-11-18,18.0300000000,18.4200000000,17.8600000000,18.3300000000,6313527,114573255.2900,1.452400,1.103100
2025-11-19,18.3300000000,18.3700000000,17.9000000000,18.0000000000,4784098,86396967.7200,1.100500,-1.800300
2025-11-20,18.0000000000,18.1900000000,17.6400000000,17.7600000000,4291800,76887924.0000,0.987300,-1.333300
2025-11-21,17.6100000000,18.0200000000,17.2500000000,17.6800000000,7006814,123381724.4000,1.611900,-0.450500
2025-11-24,17.6000000000,17.8000000000,17.3100000000,17.5000000000,5223000,91506047.8400,1.201500,-1.018100
2025-11-25,17.6100000000,18.0000000000,17.6100000000,17.7100000000,5808400,103642854.0000,1.336200,1.200000
2025-11-26,17.6800000000,18.2600000000,17.5500000000,17.9300000000,7176142,129136709.3200,1.650800,1.242200
2025-11-27,18.0500000000,18.6700000000,17.9700000000,18.1600000000,8434542,154762829.9200,1.940300,1.282800
2025-11-28,18.1500000000,18.2500000000,17.8100000000,18.0500000000,4233016,76176222.2300,0.973800,-0.605700
2025-12-01,17.9500000000,18.6500000000,17.9500000000,18.5800000000,8179616,150842804.8800,1.881600,2.936300
2025-12-02,18.5000000000,18.5600000000,17.9000000000,17.9000000000,6886441,124449901.7700,1.584200,-3.659800
2025-12-03,18.1200000000,18.1700000000,17.3800000000,17.4200000000,5745284,101468943.5600,1.321600,-2.681600
2025-12-04,17.7000000000,18.2000000000,17.5000000000,17.5700000000,6995333,124990759.0200,1.609200,0.861100
2025-12-05,17.5100000000,17.9700000000,16.9700000000,17.9200000000,9044266,158314490.7400,2.080500,1.992000
2025-12-08,17.8500000000,17.9500000000,17.6400000000,17.8600000000,5740177,102180278.3700,1.320500,-0.334800
2025-12-09,17.7000000000,17.9400000000,17.5000000000,17.5000000000,5444587,96068936.4000,1.252500,-2.015700
2025-12-10,16.6300000000,16.6800000000,15.1500000000,15.6000000000,38630121,604537834.9100,7.632400,-10.857100
2025-12-11,15.6400000000,15.8300000000,15.2900000000,15.3000000000,17979735,278705307.2600,3.552400,-1.923100
2025-12-12,15.2300000000,15.7300000000,15.1500000000,15.5400000000,14064228,218514040.5200,2.778800,1.568600
2025-12-15,15.4500000000,15.6300000000,15.3800000000,15.4000000000,7949240,123222219.8700,1.570600,-0.900900
2025-12-16,15.3500000000,15.7600000000,15.1700000000,15.5300000000,14205537,219901142.2900,2.806700,0.844200
2025-12-17,15.4800000000,15.9800000000,15.3500000000,15.8000000000,14940096,233881121.1200,2.951800,1.738600
2025-12-18,15.6500000000,16.1500000000,15.5900000000,15.9900000000,13482440,215504736.4700,2.663800,1.202500
2025-12-19,16.2400000000,16.3500000000,16.0100000000,16.0400000000,11365110,183374759.9800,2.245500,0.312700
2025-12-22,16.1400000000,16.2500000000,15.9800000000,16.0500000000,9744008,156768946.8000,1.925200,0.062300
2025-12-23,16.0500000000,16.0900000000,15.7200000000,15.8000000000,8324659,132111137.4700,1.644800,-1.557600
2025-12-24,15.7100000000,17.4800000000,15.5000000000,16.5900000000,28158428,462446746.3500,5.563400,5.000000
2025-12-25,16.5900000000,17.4800000000,16.3700000000,17.3400000000,27760035,471782075.5700,5.484700,4.520800
2025-12-26,17.1500000000,17.5500000000,17.0800000000,17.1700000000,18881357,326322525.6400,3.730500,-0.980400
2025-12-29,17.1500000000,17.8800000000,17.0000000000,17.6900000000,22575724,396994762.2500,4.460400,3.028500
2025-12-30,17.3500000000,19.0800000000,17.3300000000,19.0600000000,43022820,783286751.0000,8.500300,7.744500
2025-12-31,18.6000000000,18.9200000000,18.1000000000,18.5900000000,34481117,634602211.7400,6.812600,-2.465900
2026-01-05,18.2900000000,18.4600000000,17.9300000000,18.1100000000,18191551,329703391.1300,3.594200,-2.582000
2026-01-06,18.0000000000,18.2200000000,17.8600000000,18.0300000000,14293230,257379096.7500,2.824000,-0.441700
2026-01-07,18.0400000000,18.4400000000,17.9500000000,18.2300000000,15534427,282573938.6600,3.069200,1.109300
2026-01-08,18.0800000000,18.8800000000,18.0000000000,18.7500000000,22555522,416272737.4400,4.456400,2.852400
2026-01-09,19.0000000000,19.5900000000,18.7600000000,19.3800000000,29116956,559242827.1600,5.752800,3.360000
2026-01-12,19.5000000000,20.2600000000,19.0500000000,20.2300000000,35515354,694312687.8000,7.017000,4.386000
2026-01-13,20.3200000000,21.2800000000,19.0300000000,19.1200000000,31154948,612007084.1100,6.155500,-5.486900
2026-01-14,19.0000000000,21.5100000000,18.8200000000,20.2500000000,61074555,1243541337.4500,12.066900,5.910000
2026-01-15,19.7200000000,19.7200000000,17.9500000000,18.1900000000,44392306,825359756.0500,8.770900,-10.172800
2026-01-16,18.6000000000,19.4500000000,18.5000000000,18.5400000000,25255643,476239256.0500,4.989900,1.924100
2026-01-19,18.4600000000,18.8900000000,18.1600000000,18.6200000000,17814743,330338298.2100,3.519800,0.431500
2026-01-20,18.4800000000,18.6600000000,17.9000000000,18.0900000000,15169797,276005017.1600,2.997200,-2.846400
2026-01-21,17.9500000000,18.5500000000,17.8900000000,18.3800000000,10960391,200681739.1600,2.165500,1.603100
2026-01-22,18.3000000000,18.8000000000,18.1400000000,18.2400000000,10765353,198195364.9400,2.127000,-0.761700
2026-01-23,18.3100000000,18.8000000000,18.2000000000,18.6300000000,15494839,288022964.3300,3.061400,2.138200
2026-01-26,18.7900000000,18.9300000000,17.2000000000,17.5000000000,27048451,478593691.7600,5.344100,-6.065500
2026-01-27,17.3500000000,17.4100000000,16.8000000000,17.2700000000,10838370,185637201.1800,2.141400,-1.314300
2026-01-28,17.4000000000,17.5500000000,17.0100000000,17.1500000000,8569710,147349593.7600,1.693200,-0.694800
2026-01-29,17.1400000000,17.2400000000,16.6000000000,16.6800000000,10270394,173441901.9500,2.029200,-2.740500
2026-01-30,16.6000000000,16.8700000000,16.3800000000,16.6700000000,9463513,157617777.5200,1.869800,-0.060000
2026-02-02,16.5100000000,16.8600000000,16.3600000000,16.4200000000,7294599,121505768.3100,1.441200,-1.499700
2026-02-03,16.5500000000,17.5100000000,16.4300000000,17.2000000000,13961974,238262595.6600,2.758600,4.750300
2026-02-04,17.1200000000,17.5500000000,17.0200000000,17.1700000000,10352485,178651744.3600,2.045400,-0.174400
2026-02-05,16.9600000000,17.3800000000,16.8000000000,16.9300000000,8961716,152762356.2400,1.770600,-1.397800
2026-02-06,16.7900000000,17.7800000000,16.7500000000,17.4400000000,15163822,264121827.6800,2.996000,3.012400
2026-02-09,17.7600000000,17.8200000000,17.4000000000,17.7600000000,10177321,179308659.3400,2.010800,1.834900
2026-02-10,17.7000000000,17.9800000000,17.6600000000,17.7700000000,8298609,147691016.6000,1.639600,0.056300
2026-02-11,17.7500000000,18.6500000000,17.5500000000,17.7300000000,17468065,315183083.5200,3.451300,-0.225100
2026-02-12,17.3000000000,17.6300000000,17.1800000000,17.3900000000,11114943,193949927.8200,2.196000,-1.917700
2026-02-13,17.3500000000,17.5500000000,17.2600000000,17.2900000000,6686310,116522533.2900,1.321100,-0.575000
2026-02-24,17.6000000000,17.6700000000,17.0400000000,17.0900000000,8621554,148741103.2400,1.703400,-1.156700
2026-02-25,17.1000000000,17.2400000000,16.9900000000,17.1200000000,5964455,102237647.0400,1.178400,0.175500
2026-02-26,17.1000000000,17.1100000000,16.7600000000,16.8100000000,8474707,142661415.5700,1.674400,-1.810700
2026-02-27,16.7400000000,16.9100000000,16.6800000000,16.7400000000,6692883,112279689.0700,1.322400,-0.416400
2026-03-02,16.4800000000,16.6400000000,16.1100000000,16.1500000000,9432260,153474584.3100,1.863600,-3.524500
2026-03-03,16.2200000000,16.2800000000,15.3000000000,15.3000000000,9473260,148870003.2200,1.871700,-5.263200
2026-03-04,15.1000000000,15.6600000000,15.0900000000,15.4500000000,6892959,106306676.9900,1.361900,0.980400
2026-03-05,15.8600000000,16.5300000000,15.7200000000,15.8100000000,10291305,165576791.9300,2.033300,2.330100
2026-03-06,15.8000000000,16.5700000000,15.7300000000,16.1300000000,8796700,143366400.8600,1.738000,2.024000
2026-03-09,15.8100000000,15.8500000000,15.4300000000,15.6700000000,7895387,123444985.0700,1.559900,-2.851800
2026-03-10,15.9200000000,16.1500000000,15.8500000000,16.0500000000,5955667,95404916.6100,1.176700,2.425000
2026-03-11,16.0600000000,16.1200000000,15.8400000000,15.8600000000,4818674,76801659.7500,0.952100,-1.183800
2026-03-12,15.8700000000,16.0000000000,15.6500000000,15.6600000000,4219386,66595410.9000,0.833600,-1.261000
2026-03-13,15.5800000000,15.6600000000,15.3000000000,15.3400000000,5760795,89193725.2400,1.138200,-2.043400
2026-03-16,15.2600000000,15.4300000000,15.2400000000,15.3600000000,4065977,62307303.3300,0.803300,0.130400
2026-03-17,15.4000000000,15.4200000000,14.8800000000,14.9000000000,5593908,84563127.7300,1.105200,-2.994800
2026-03-18,14.9000000000,15.2400000000,14.7400000000,15.1900000000,5312428,79807019.1400,1.049600,1.946300
2026-03-19,14.9400000000,15.0300000000,14.6000000000,14.6300000000,5134157,75755125.4400,1.014400,-3.686600
2026-03-20,14.7100000000,14.7500000000,14.2000000000,14.2200000000,4572800,66002199.0000,0.903500,-2.802500
2026-03-23,14.0200000000,14.2800000000,13.4400000000,13.5400000000,8441729,117126831.3200,1.667900,-4.782000
2026-03-24,13.8800000000,13.9900000000,13.5600000000,13.9700000000,5723016,78825075.2000,1.130700,3.175800
2026-03-25,14.0300000000,14.1900000000,13.9800000000,14.1100000000,5258400,74071490.0000,1.038900,1.002100
2026-03-26,14.0800000000,14.3200000000,13.8100000000,13.9000000000,4648770,65304308.7000,0.918500,-1.488300
2026-03-27,13.8100000000,14.0100000000,13.5400000000,13.9300000000,4177286,57918619.7900,0.825300,0.215800
2026-03-30,13.7300000000,13.9700000000,13.6800000000,13.8400000000,5558800,76945674.0000,1.098300,-0.646100
2026-03-31,13.8900000000,14.0400000000,13.4900000000,13.5400000000,5696954,78616727.4400,1.125600,-2.167600
2026-04-01,13.8900000000,14.0200000000,13.7500000000,13.9500000000,7095086,98775415.0000,1.401800,3.028100
2026-04-02,13.9800000000,14.2300000000,13.7600000000,13.8700000000,6070143,84790972.8500,1.199300,-0.573500
2026-04-03,13.8500000000,13.9800000000,13.4600000000,13.4600000000,5075199,69051090.5200,1.002700,-2.956000
2026-04-07,13.4600000000,13.6600000000,13.3800000000,13.6200000000,3367300,45632484.0000,0.665300,1.188700
2026-04-08,13.9500000000,14.3100000000,13.8600000000,14.2800000000,6783529,95786115.9000,1.340300,4.845800
2026-04-09,14.1500000000,14.4900000000,14.0000000000,14.1200000000,6837018,96836010.9200,1.350800,-1.120400
2026-04-10,14.1500000000,15.1800000000,14.1500000000,14.5300000000,15107735,221350094.1500,2.984900,2.903700
2026-04-13,14.4500000000,14.4500000000,14.2000000000,14.2400000000,9175700,131315916.0600,1.812900,-1.995900
2026-04-14,14.3700000000,14.6600000000,14.1800000000,14.5000000000,11543833,166041103.3500,2.280800,1.825800
2026-04-15,14.6700000000,15.5000000000,14.6100000000,14.8800000000,19211312,289571347.1700,3.795700,2.620700
2026-04-16,14.7500000000,15.0300000000,14.4100000000,14.5600000000,13775612,200769682.0700,2.721700,-2.150500
2026-04-17,14.4000000000,15.3400000000,14.2500000000,15.1600000000,20001341,299912629.0000,3.951800,4.120900
2026-04-20,14.9500000000,15.3100000000,14.7400000000,15.0700000000,14616168,219340436.6800,2.887800,-0.593700
2026-04-21,15.0700000000,15.2700000000,14.7700000000,15.0800000000,11755771,176256110.4200,2.322700,0.066400
2026-04-22,14.8000000000,14.9500000000,14.6800000000,14.8500000000,8662737,128453727.2100,1.711500,-1.525200
2026-04-23,14.7700000000,14.7800000000,14.3600000000,14.4900000000,8008529,116343703.7100,1.582300,-2.424200
2026-04-24,14.5500000000,14.8700000000,14.3800000000,14.5500000000,6384100,93265746.7100,1.261300,0.414100
2026-04-27,14.6000000000,14.7700000000,14.3500000000,14.5500000000,5038663,73409905.2800,0.995500,0.000000
2026-04-28,14.3700000000,14.6800000000,13.8100000000,13.8900000000,8209820,115618091.8300,1.622100,-4.536100
2026-04-29,13.8200000000,14.2100000000,13.8200000000,14.1600000000,5549063,78335964.5400,1.096400,1.943800
2026-04-30,14.0500000000,14.3800000000,14.0500000000,14.2300000000,7433734,105568914.9800,1.468700,0.494400
