date,open,high,low,close,volume,amount,turn,pctChg
2021-07-20,21.0282804000,21.0282804000,15.4022931000,15.4668536100,57804103,1064827364.8900,64.151400,215.819200
2021-07-21,13.8343950000,14.2494268500,12.8106497700,13.2810192000,41398033,599493629.7300,45.943900,-14.132400
2021-07-22,12.8752102800,13.1887899000,12.3402803400,12.5062930800,29896259,409227098.6500,33.179100,-5.833300
2021-07-23,12.5431848000,12.8752102800,12.3587262000,12.3587262000,19099570,260452298.1300,21.196900,-1.179900
2021-07-26,12.2480510400,12.2480510400,11.4456561300,11.7223440300,17816921,228141540.0900,19.773400,-5.149300
2021-07-27,11.8053504000,11.8699109100,11.0675160000,11.0859618600,17567439,216033493.0300,19.496500,-5.428800
2021-07-28,11.0951847900,11.5932230100,10.9568408400,11.1874140900,17062464,209010755.5700,18.936100,0.915100
2021-07-29,11.1874140900,11.6577835200,11.0951847900,11.4087644100,14732945,180642073.3700,16.350700,1.978600
2021-07-30,11.2335287400,11.2427516700,10.8922803300,10.8922803300,13812538,165180978.3400,15.329300,-4.527100
2021-08-02,10.8830574000,12.5155160100,10.7262675900,11.7038981700,19635168,245781491.7300,21.791300,7.451300
2021-08-03,11.4456561300,11.6116688700,11.3718726900,11.5194395700,12341319,153587905.0000,13.696500,-1.576000
2021-08-04,11.4825478500,12.0635924400,11.4456561300,11.9068026300,16173507,205819118.5300,17.949500,3.362700
2021-08-05,11.8883567700,12.2664969000,11.6485605900,12.0912612300,15301598,199002846.5000,16.981800,1.549200
2021-08-06,11.9805860700,12.0267007200,11.6208918000,11.6762293800,10888042,138630499.6000,12.083600,-3.432500
2021-08-09,11.6116688700,12.2296051800,11.5286625000,11.8975797000,9893460,127611146.4400,10.979800,1.895700
2021-08-10,11.7684586800,12.1927134600,11.7592357500,12.1281529500,12942780,168894159.7400,14.364000,1.938000
2021-08-11,12.1373758800,13.0227771600,12.1373758800,12.9582166500,25257681,348704748.7800,28.031200,6.844100
2021-08-12,12.8198727000,12.8659873500,12.4601784300,12.5800765200,15386006,210186928.3900,17.075500,-2.918100
2021-08-13,12.4970701500,12.8290956300,12.1650446700,12.2296051800,13427579,180358684.9500,14.902000,-2.785900
2021-08-16,12.2664969000,13.1426752500,12.2664969000,12.9489937200,21571645,299552291.7600,23.940400,5.882400
2021-08-17,13.1887899000,13.8805096500,12.7276434000,12.7553121900,25024011,357897465.5900,27.771800,-1.495700
2021-08-18,12.5708535900,13.1887899000,12.2664969000,13.0965606000,17105261,237483779.3300,18.983600,2.675300
2021-08-19,13.0688918100,13.0688918100,12.2757198300,12.3126115500,15926649,217085282.5200,17.675500,-5.985900
2021-08-20,12.3863949900,12.7829809800,12.3310574100,12.4048408500,11224207,152500165.3500,12.456700,0.749100
2021-08-23,12.4048408500,13.8805096500,12.3587262000,13.6499364000,27628233,399975731.0000,30.662000,10.037200
2021-08-24,13.5300383100,14.1940892700,13.4654778000,13.6130446800,25203924,376477906.8900,27.971500,-0.270300
2021-08-25,13.4562548700,14.8765860900,13.1703440400,14.4892230300,27959331,432943478.6700,31.029500,6.436300
2021-08-26,14.1848663400,14.5445606100,13.8620637900,14.0557453200,19761030,302828540.8000,21.930900,-2.991700
2021-08-27,14.3416561500,15.3930701700,14.0926370400,14.8304714400,26526680,425162037.4600,29.439500,5.511800
2021-08-30,14.8396943700,15.2639491500,14.3693249400,15.1624969200,22780808,364197876.6800,25.282300,2.238800
2021-08-31,14.8396943700,15.0057071100,13.8436179300,13.8897325800,19888285,307593657.5900,22.072200,-8.394200
2021-09-01,13.8436179300,14.0834141100,13.1703440400,13.7698344900,15717234,230346932.4400,17.443100,-0.863200
2021-09-02,13.5853758900,14.2586497800,13.3824714300,14.0741911800,12580208,190926071.7500,13.961600,2.210300
2021-09-03,13.8528408600,14.3601020100,13.5115924500,13.6868281200,12973109,195399714.7800,14.397700,-2.752300
2021-09-06,14.2863185700,16.4260383300,14.2863185700,16.4260383300,32914028,571741539.9000,36.528200,20.013500
2021-09-07,16.3245861000,17.4128918400,15.4022931000,16.4352612600,45533367,809989851.6600,50.533300,0.056100
2021-09-08,16.4629300500,16.6750574400,15.5221911900,15.6420892800,27067044,465910754.1700,30.039200,-4.826000
2021-09-09,15.5959746300,15.6789810000,14.9411466000,15.1256052000,18850905,310326074.8200,20.920900,-3.301900
2021-09-10,15.2455032900,15.4299618900,14.4984459600,14.5630064700,16112542,258755556.3000,17.881800,-3.719500
2021-09-13,14.6183440500,14.9411466000,14.4615542400,14.8858090200,14155945,226389242.1600,15.710400,2.216600
2021-09-14,14.8950319500,15.4668536100,14.3508790800,15.3192867300,21687334,350704453.9300,24.068800,2.912000
2021-09-15,15.0610446900,15.5775287700,14.7474650700,15.3100638000,15925636,261957682.7400,17.674400,-0.060200
2021-09-16,15.1256052000,15.6605351400,14.9411466000,15.5314141200,16198357,270268090.7600,17.977100,1.445800
2021-09-17,15.3654013800,16.5551593500,15.3100638000,15.7988790900,21669269,376796818.3900,24.048700,1.722100
2021-09-22,15.1532739900,15.5959746300,14.9227007400,15.2823950100,13570898,224154593.9400,15.061100,-3.269100
2021-09-23,15.0979364100,16.1124587100,14.9964841800,15.5959746300,15841507,269015413.1000,17.581000,2.051900
2021-09-24,15.3100638000,15.7619873700,13.0504459500,13.2902421300,23969215,372223380.5800,26.601200,-14.784200
2021-09-27,13.1426752500,13.1887899000,12.1742676000,12.6261911700,14206258,195398660.0300,15.766200,-4.996500
2021-09-28,12.5892994500,13.0135542300,12.5800765200,12.6723058200,7065737,98067110.7300,7.841600,0.365200
2021-09-29,12.4786242900,12.7737580500,12.0912612300,12.1834905300,6165107,82765165.2400,6.842100,-3.857400
2021-09-30,12.3422052200,12.4915813800,12.2395091100,12.4355653200,3960348,52668341.5600,4.395200,2.069000
2021-10-08,12.6129495100,12.8463497600,12.5569334500,12.8463497600,4974730,67853709.6800,5.521000,3.303300
2021-10-11,12.9023658200,13.3504943000,12.9023658200,13.0237339500,5728751,80561861.2400,6.357800,1.380800
2021-10-12,13.0237339500,13.0517419800,12.2955251700,12.7436536500,6063977,82117817.2700,6.729800,-2.150500
2021-10-13,12.6876375900,13.1637741000,12.6036135000,13.0610779900,6228542,86646937.4200,6.912500,2.490800
2021-10-14,12.9770539000,13.7052626800,12.8836938000,13.3598303100,8603378,123511175.9300,9.548100,2.287300
2021-10-15,13.2571342000,13.3878383400,12.9677178900,13.0610779900,6138641,86144254.7500,6.812700,-2.236200
2021-10-18,12.8930298100,13.1264300600,12.7996697100,12.9490458700,3682095,51161384.7200,4.086400,-0.857800
2021-10-19,12.9397098600,12.9397098600,12.6222855200,12.7996697100,4530087,61905945.8500,5.027500,-1.153600
2021-10-20,12.7249816300,12.9303738500,12.4168933000,12.8743577900,6610443,89243076.3000,7.336300,0.583500
2021-10-21,12.7903337000,13.1637741000,12.6316215300,12.7903337000,6367688,87754986.3100,7.066900,-0.652600
2021-10-22,12.8276777400,13.0610779900,12.3328692100,12.3702132500,6754648,91664658.2700,7.496400,-3.284700
2021-10-25,12.8930298100,13.1637741000,12.5102534000,12.7903337000,6406077,87870203.3600,7.109500,3.396200
2021-10-26,12.6502935500,12.8183417300,12.3608772400,12.3888852700,7281694,97626042.7000,8.081300,-3.138700
2021-10-27,12.4542373400,12.5662694600,11.7727086100,11.8940767400,7315330,95506042.1200,8.118600,-3.994000
2021-10-28,11.6980205300,11.8567327000,11.3339161400,11.3899322000,6261558,77223061.7400,6.949100,-4.238600
2021-10-29,11.3899322000,11.7727086100,11.3899322000,11.6886845200,3958494,49282869.6600,4.393200,2.623000
2021-11-01,11.6420044700,11.9500928000,11.6420044700,11.9407567900,4271387,54077675.5900,4.740400,2.156500
2021-11-02,11.9687648200,12.0434529000,11.5299723500,11.5673163900,4732479,59605914.7500,5.252100,-3.127400
2021-11-03,11.6233324500,11.7166925500,11.5113003300,11.6980205300,2726208,33904714.4800,3.025600,1.129900
2021-11-04,11.7540365900,11.9781008300,11.6793485100,11.9127487600,3266999,41419054.3400,3.625700,1.835600
2021-11-05,11.8567327000,12.0247808800,11.8007166400,11.9127487600,3948458,50432749.9700,4.382000,0.000000
2021-11-08,11.8473966900,12.1928290600,11.7913806300,12.1461490100,4591022,59055719.1700,5.095200,1.959200
2021-11-09,12.1461490100,12.2675171400,11.9781008300,12.1928290600,4411822,57342835.1400,4.896300,0.384300
2021-11-10,12.2021650700,12.3328692100,12.0901329500,12.3328692100,4888565,63994459.0600,5.425400,1.148500
2021-11-11,12.3422052200,12.8556857700,12.2301731000,12.7436536500,9009692,121602805.9000,9.999000,3.330800
2021-11-12,12.6316215300,13.2104541500,12.5849414800,13.1637741000,9622460,133247053.0900,10.679100,3.296700
2021-11-15,13.1077580400,13.6679186400,13.0143979400,13.5372145000,11339492,163334079.5000,12.584700,2.836900
2021-11-16,13.5465505100,14.0040150000,13.1917821300,14.0040150000,15471226,225567133.7600,17.170100,3.448300
2021-11-17,14.0040150000,14.0880390900,13.6585826300,13.9573349500,11071372,164423480.9200,12.287100,-0.333300
2021-11-18,13.8639748500,13.8639748500,13.2571342000,13.3038142500,11931867,172998136.9000,13.242100,-4.682300
2021-11-19,13.3598303100,14.2467512600,13.3598303100,14.1907352000,15864795,236840197.1400,17.606900,6.666700
2021-11-22,14.2840953000,14.2934313100,13.9106549000,13.9479989400,9763090,146424825.4200,10.835200,-1.710500
2021-11-23,14.0600310600,14.6762077200,13.9106549000,13.9386629300,11412933,173623182.5900,12.666200,-0.066900
2021-11-24,13.9479989400,15.4977766000,13.9479989400,14.7695678200,19690073,309627937.9800,21.852200,5.961200
2021-11-25,14.9189439800,15.1056641800,14.4147994400,14.8535919100,14344273,226137515.1500,15.919400,0.568900
2021-11-26,15.0309761000,15.1056641800,14.6388636800,14.8629279200,11119811,176733179.4500,12.340900,0.062900
2021-11-29,14.4801515100,15.4510965500,14.4801515100,14.8069118600,15380016,248537912.4600,17.068900,-0.376900
2021-11-30,14.8349198900,14.9842960500,14.1627271700,14.3774554000,13916844,216680609.4300,15.445000,-2.900400
2021-12-01,14.3867914100,15.6751607900,14.3867914100,15.2643763500,22307207,365009949.6300,24.756700,6.168800
2021-12-02,15.4230885200,16.2633294200,15.0309761000,15.1150001900,20271221,337559421.0500,22.497200,-0.978600
2021-12-03,15.1336722100,15.4417605400,14.2000712100,14.3961274200,17794224,280250409.6900,19.748200,-4.756000
2021-12-06,14.4334714600,14.4894875200,13.6305746000,13.6585826300,12811112,190174488.6900,14.217900,-5.123200
2021-12-07,13.9106549000,13.9293269200,13.2758062200,13.5185424800,7265701,104905786.9100,8.063500,-1.025300
2021-12-08,13.4718624300,13.7519427300,13.4438544000,13.5278784900,6588376,95810264.9700,7.311800,0.069100
2021-12-09,13.6119025800,13.8919828800,13.5278784900,13.6492466200,7176370,105307725.1000,7.964400,0.897200
2021-12-10,13.6492466200,13.8359668200,13.4998704600,13.7426067200,5723196,83971690.6800,6.351600,0.684000
2021-12-13,13.8172948000,13.8172948000,13.3878383400,13.5185424800,5986463,87043592.2800,6.643800,-1.630400
2021-12-14,13.5185424800,13.7332707100,13.3785023300,13.6585826300,5100222,74232838.9600,5.660300,1.035900
2021-12-15,13.8079587900,14.3121033300,13.4905344500,14.2747592900,11954921,178740930.0300,13.267700,4.511300
2021-12-16,14.1907352000,14.3681193900,14.0133510100,14.3214393400,8704427,132467895.1400,9.660200,0.327000
2021-12-17,14.4054634300,14.4054634300,13.8733108600,13.8919828800,7269221,109206547.9900,8.067400,-2.998700
2021-12-20,13.8172948000,14.0973751000,13.5838945500,13.7332707100,4910973,72694686.9100,5.450200,-1.142500
2021-12-21,13.6305746000,13.8546388400,13.6119025800,13.7426067200,3987606,58636408.4200,4.425500,0.068000
2021-12-22,13.8359668200,13.8359668200,13.3971743500,13.4718624300,5781279,84083645.5900,6.416100,-1.970100
2021-12-23,13.7145986900,13.7145986900,13.3971743500,13.4158463700,3331229,48175021.1900,3.697000,-0.415800
2021-12-24,13.4438544000,13.5745585400,12.5102534000,12.5382614300,7479696,102888510.1600,8.301000,-6.541400
2021-12-27,12.5289254200,12.6783015800,12.4635733500,12.5475974400,2850279,38317788.4600,3.163300,0.074500
2021-12-28,12.6502935500,12.8930298100,12.6036135000,12.8090057200,3658896,49994457.5600,4.060700,2.083300
2021-12-29,12.8930298100,13.1917821300,12.6409575400,12.9677178900,4356471,60565662.6000,4.834800,1.239100
2021-12-30,13.0517419800,13.1917821300,12.9117018300,12.9490458700,3377641,47195905.4500,3.748500,-0.144000
2021-12-31,12.9397098600,13.0890860200,12.7996697100,12.8556857700,2895043,40098540.6400,3.212900,-0.721000
2022-01-04,12.8650217800,13.0237339500,12.8276777400,12.9583818800,2799663,38773723.1800,3.107100,0.798800
2022-01-05,12.9023658200,12.9770539000,12.5102534000,12.6783015800,4069181,55295743.2500,4.516000,-2.161400
2022-01-06,12.7156456200,13.1731101100,12.6129495100,12.9957259200,3983572,55300823.1200,4.421000,2.503700
2022-01-07,12.9770539000,13.0330699600,12.7063096100,12.7063096100,3702080,50985840.8000,4.108600,-2.227000
2022-01-10,12.7063096100,13.0890860200,12.4822453700,12.9863899100,3734862,51364451.5900,4.145000,2.204300
2022-01-11,12.8930298100,13.0517419800,12.8650217800,12.9770539000,2564360,35562675.9700,2.845900,-0.071900
2022-01-12,12.9770539000,13.3318222800,12.9677178900,13.3224862700,5950129,84197617.6200,6.603500,2.661900
2022-01-13,13.2197901600,13.3504943000,13.1824461200,13.2291261700,3295368,46801906.1700,3.657200,-0.700800
2022-01-14,13.3504943000,13.3878383400,12.9117018300,12.9303738500,3791339,53240016.4900,4.207700,-2.258300
2022-01-17,12.9023658200,13.1451020800,12.8276777400,13.0984220300,2772406,38689644.3700,3.076800,1.299600
2022-01-18,13.0610779900,13.1077580400,12.5195894100,12.5662694600,4943742,67418246.1800,5.486600,-4.062700
2022-01-19,12.5662694600,12.7529896600,12.5289254200,12.6783015800,2007600,27177376.0000,2.228100,0.891500
2022-01-20,12.2768531500,12.4075572900,11.8660687100,11.9034127500,7543271,97583947.0300,7.940300,-6.111900
2022-01-21,11.9034127500,12.0247808800,11.7447005800,11.9687648200,2662402,33911577.8900,2.802500,0.549000
2022-01-24,11.8660687100,12.1461490100,11.8473966900,11.9874368400,2088134,26909552.4100,2.198000,0.156000
2022-01-25,12.0247808800,12.1181409800,11.6793485100,11.6793485100,2887265,36557420.1600,3.039200,-2.570100
2022-01-26,11.6700125000,11.8754047200,11.5859884100,11.8380606800,2074977,26045400.3400,2.184200,1.358900
2022-01-27,11.8380606800,11.8940767400,11.3525881600,11.3619241700,2627796,32547673.5600,2.766100,-4.022100
2022-01-28,11.4552842700,11.8193886600,11.3899322000,11.6513404800,2541026,31687086.4800,2.674800,2.547200
2022-02-07,12.0247808800,12.0341168900,11.7913806300,11.9220847700,2418462,30876618.1500,2.545700,2.323700
2022-02-08,11.8847407300,12.1181409800,11.8567327000,12.1088049700,2181697,28028178.3000,2.296500,1.566200
2022-02-09,12.0434529000,12.2115010800,12.0247808800,12.1834930500,2219849,28878518.4500,2.336700,0.616800
2022-02-10,12.1741570400,12.1741570400,12.0247808800,12.1274769900,2355603,30507733.0300,2.479600,-0.459800
2022-02-11,12.0994689600,12.1181409800,11.8007166400,12.0061088600,2306557,29520430.5600,2.428000,-1.000800
2022-02-14,11.8193886600,12.2208370900,11.8193886600,12.1741570400,2316323,29875615.7900,2.438200,1.399700
2022-02-15,12.1368130000,12.4168933000,12.0621249200,12.2488451200,3534834,46405622.2400,3.720900,0.613500
2022-02-16,12.2955251700,12.6316215300,12.2488451200,12.5662694600,4810579,64252683.4400,5.063800,2.591500
2022-02-17,12.5382614300,12.6316215300,12.3702132500,12.3888852700,3851423,51476130.5400,4.054100,-1.411600
2022-02-18,12.3515412300,12.5475974400,12.2115010800,12.5009173900,2825094,37552146.4100,2.973800,0.904300
2022-02-21,12.4075572900,12.5662694600,12.3982212800,12.5289254200,2210774,29568387.9100,2.327100,0.224000
2022-02-22,12.4075572900,12.5102534000,12.2208370900,12.4355653200,2916108,38630403.0200,3.069600,-0.745200
2022-02-23,12.4635733500,12.7903337000,12.4635733500,12.6783015800,3369764,45700572.2700,3.547100,1.952000
2022-02-24,12.6783015800,12.9117018300,12.2301731000,12.4075572900,5170770,69732748.8800,5.442900,-2.135500
2022-02-25,12.6596295600,13.2104541500,12.3795492600,13.0050619300,8723830,119440496.7400,9.183000,4.815700
2022-02-28,12.9770539000,13.0424059700,12.5382614300,12.6689655700,6181121,83926638.0000,6.506400,-2.584400
2022-03-01,12.7156456200,12.9023658200,12.6036135000,12.6969736000,3440058,46882822.0000,3.621100,0.221100
2022-03-02,12.5662694600,12.6876375900,12.5289254200,12.5662694600,2395462,32291219.0000,2.521500,-1.029400
2022-03-03,12.6036135000,12.6596295600,12.4262293100,12.4635733500,2521408,33810731.0000,2.654100,-0.817200
2022-03-04,12.4635733500,12.5289254200,12.0807969400,12.0807969400,4105021,54014637.0000,4.321100,-3.071200
2022-03-07,12.0714609300,12.2115010800,11.8847407300,11.9874368400,3017362,38919550.0000,3.176200,-0.772800
2022-03-08,11.9034127500,12.0434529000,11.5579803800,11.6326684600,2872620,36151748.0000,3.023800,-2.959500
2022-03-09,11.7353645700,11.7633726000,10.9324677100,11.3899322000,3981790,48522829.0000,4.191400,-2.086700
2022-03-10,11.6046604300,11.7260285600,11.4832923000,11.5113003300,2472783,30805892.0000,2.602900,1.065600
2022-03-11,11.3805961900,11.9034127500,11.2218840200,11.8567327000,2840669,35012567.0000,2.990200,3.000800
2022-03-14,11.6233324500,11.9034127500,11.6233324500,11.7820446200,2492867,31377504.0000,2.624100,-0.629900
2022-03-15,11.6046604300,11.9687648200,11.2032120000,11.4832923000,2956898,36802403.0000,3.112500,-2.535700
2022-03-16,11.5859884100,11.8567327000,11.4086042200,11.8380606800,4807880,60261547.0000,5.060900,3.089400
2022-03-17,11.9500928000,12.0434529000,11.8100526500,11.8940767400,4419507,56441998.0000,4.652100,0.473200
2022-03-18,11.8100526500,11.9781008300,11.7447005800,11.9034127500,3012266,38358463.9400,3.170800,0.078500
2022-03-21,11.9127487600,12.0154448700,11.8100526500,11.9967728500,2434052,31149319.7000,2.562200,0.784300
2022-03-22,12.0527889100,12.0901329500,11.8660687100,11.8940767400,2227958,28541113.5100,2.345200,-0.856000
2022-03-23,11.9500928000,12.0434529000,11.8287246700,11.8567327000,2261418,28902565.1500,2.380400,-0.314000
2022-03-24,11.8193886600,11.8287246700,11.3805961900,11.4646202800,3797860,47024950.4500,3.997700,-3.307100
2022-03-25,11.4646202800,11.5486443700,11.2685640700,11.2685640700,2532764,30945276.4600,2.666100,-1.710100
2022-03-28,11.3339161400,11.3805961900,11.0631718500,11.1471959400,2340453,28090953.6700,2.463600,-1.077100
2022-03-29,11.1471959400,11.4366122500,11.0258278100,11.1378599300,2406368,28793571.0300,2.533000,-0.083800
2022-03-30,11.1845399800,11.3059081100,11.1471959400,11.2779000800,1897282,22823608.6600,1.997100,1.257300
2022-03-31,11.2498920500,11.3339161400,11.1845399800,11.3059081100,1866814,22545973.9300,1.965100,0.248300
2022-04-01,11.2218840200,11.3152441200,11.1191879100,11.2779000800,1722929,20726381.1900,1.813600,-0.247700
2022-04-06,11.2872360900,11.4552842700,11.2685640700,11.4552842700,1690513,20620998.8100,1.779500,1.572800
2022-04-07,11.4272762400,11.4366122500,11.0911798800,11.2685640700,2547374,30619705.4200,2.681400,-1.630000
2022-04-08,11.2592280600,11.5766524000,10.8951236700,11.5019643200,5057295,60991543.7900,5.323500,2.071300
2022-04-11,11.4926283100,11.7073565400,11.3152441200,11.5766524000,4812731,59259302.2600,5.066000,0.649400
2022-04-12,11.5673163900,11.9127487600,11.4366122500,11.8473966900,5538102,69522496.8200,5.829600,2.338700
2022-04-13,11.7820446200,11.9407567900,11.4459482600,11.5579803800,4154346,52084194.6400,4.373000,-2.442900
2022-04-14,11.6139964400,11.6233324500,11.2218840200,11.3525881600,3264993,39819061.5300,3.436800,-1.777100
2022-04-15,11.2965721000,11.2965721000,10.6150433700,10.6430514000,4383768,51141385.3700,4.614500,-6.250000
2022-04-18,10.6430514000,10.6430514000,10.2976190300,10.5030112500,2038924,22843337.4800,2.146200,-1.315800
2022-04-19,10.5030112500,10.6710594300,10.4563312000,10.5403552900,1525224,17250650.0700,1.605500,0.355600
2022-04-20,10.5403552900,10.6243793800,10.2509389800,10.3349630700,1804001,20144973.1500,1.898900,-1.948600
2022-04-21,10.3536350900,10.4189871600,9.7561304500,9.8028105000,2630792,28445977.2800,2.769300,-5.149100
2022-04-22,9.8308185300,9.9615226700,9.6254263100,9.8308185300,1657579,17407409.0000,1.744800,0.285700
2022-04-25,9.5974182800,9.6627703500,8.7478413700,8.7571773800,3191729,31532684.7700,3.359700,-10.921200
2022-04-26,8.7104973300,9.0559297000,8.4024090000,8.4490890500,2791252,26130517.9400,2.938200,-3.518100
2022-04-27,8.2997128900,8.9345615700,8.1970167800,8.9158895500,3121681,28670499.3800,3.286000,5.524900
2022-04-28,8.8598734900,9.2519859100,8.7198333400,9.0932737400,3552151,33941676.0800,3.739100,1.989500
2022-04-29,9.1306177800,9.4387061100,9.0652657100,9.3826900500,3769471,37484720.2600,3.967900,3.182800
2022-05-05,9.3360100000,9.6440983300,9.2893299500,9.3453460100,3150602,31902324.2300,3.316400,-0.398000
2022-05-06,9.1492898000,9.3173379800,9.0465936900,9.2146418700,1722237,16975210.7800,1.812900,-1.398600
2022-05-09,9.2053058600,9.4200340900,9.1212817700,9.3453460100,1759564,17603036.9100,1.852200,1.418400
2022-05-10,9.2426499000,9.4573781300,9.1492898000,9.4480421200,1596496,16072474.6000,1.680500,1.098900
2022-05-11,9.9148426200,9.9708586800,9.4760501500,9.4853861600,3214924,33177860.1300,3.384100,0.395300
2022-05-12,9.4480421200,9.5787462600,9.3640180300,9.4667141400,1682216,17054141.6800,1.770800,-0.196900
2022-05-13,9.5040581800,9.5694102500,9.3546820200,9.4106980800,1430279,14456798.9400,1.505600,-0.591700
2022-05-16,9.4480421200,9.4853861600,9.2706579300,9.3453460100,1248184,12531533.7100,1.313900,-0.694400
2022-05-17,9.3826900500,9.4387061100,9.1679618200,9.2706579300,1193153,11816460.5800,1.256000,-0.799200
2022-05-18,9.2239778800,9.4293701000,9.1586258100,9.4013620700,1527682,15313584.0800,1.608100,1.409900
2022-05-19,9.3360100000,9.6721063600,9.1212817700,9.6627703500,3015681,30718013.2900,3.174400,2.780500
2022-05-20,9.8121465100,9.8494905500,9.5133941900,9.5787462600,3482284,35863993.3000,3.665600,-0.869600
2022-05-23,9.5787462600,9.7281224200,9.5040581800,9.6534343400,2249205,23145697.0800,2.367600,0.779700
2022-05-24,9.6440983300,9.7281224200,9.0932737400,9.0932737400,2925871,29403915.4500,3.079900,-5.802700
2022-05-25,9.0185856600,9.7934744900,9.0185856600,9.7841384800,3962153,40202070.8600,4.170700,7.597500
2022-05-26,9.7841384800,9.9428506500,9.5787462600,9.7841384800,4421149,46173599.0000,4.653800,0.000000
2022-05-27,9.7748024700,10.0642187800,9.7001143900,9.8308185300,4241190,44662250.1800,4.464400,0.477100
2022-05-30,9.7934744900,9.9428506500,9.6627703500,9.8308185300,3177785,33348402.7100,3.345000,0.000000
2022-05-31,9.8494905500,10.0268747400,9.7187864100,10.0082027200,4198815,44538498.4400,4.419800,1.804400
2022-06-01,10.0268747400,10.1575788800,9.8681625700,9.9895307000,3384667,36311020.0600,3.562800,-0.186600
2022-06-02,9.9895307000,10.1295708500,9.8308185300,10.1015628200,2957910,31741583.4300,3.113600,1.121500
2022-06-06,10.2602749900,10.2789470100,10.0362107500,10.2416029700,2317979,25360026.5600,2.440000,1.386300
2022-06-07,10.1762509000,10.2416029700,9.9708586800,10.0735547900,2628306,28331877.4900,2.766600,-1.640800
2022-06-08,10.1115961600,10.2637932800,9.7501280000,9.9498867200,2217232,23190823.2700,2.333900,-1.227600
2022-06-09,9.9498867200,9.9498867200,9.6359801600,9.6930540800,1756159,18008921.2800,1.848600,-2.581300
2022-06-10,9.6550048000,9.8547635200,9.6074432000,9.8072019200,1338037,13770973.1400,1.408500,1.177600
2022-06-13,9.6454924800,9.9403744000,9.6454924800,9.7786649600,1627010,16753118.9900,1.712600,-0.291000
2022-06-14,9.7025664000,9.7596403200,9.4171968000,9.7596403200,2248899,22701996.4900,2.367300,-0.194600
2022-06-15,9.7501280000,9.9308620800,9.6930540800,9.6930540800,2077784,21423845.2800,2.187100,-0.682300
2022-06-16,9.6930540800,9.9213497600,9.6264678400,9.8547635200,1941783,20088635.7900,2.044000,1.668300
2022-06-17,9.7881772800,9.9308620800,9.6645171200,9.8547635200,1464369,15117163.4700,1.541400,0.000000
2022-06-20,9.8547635200,10.1496454400,9.8547635200,10.0925715200,2297158,24258720.0000,2.418100,2.413100
2022-06-21,10.1020838400,10.2162316800,9.9593990400,10.0450099200,2083933,22120064.2500,2.193600,-0.471300
2022-06-22,10.0069606400,10.2447686400,9.9974483200,10.0069606400,2490024,26505846.4000,2.621100,-0.378800
2022-06-23,10.0259852800,10.2352563200,10.0164729600,10.2162316800,2359378,25197572.9800,2.483600,2.091300
2022-06-24,10.1972070400,10.3874534400,10.1972070400,10.3113548800,2221683,24082202.5200,2.338600,0.931100
2022-06-27,10.3398918400,10.4445273600,10.2733056000,10.3874534400,2562104,27900716.3600,2.697000,0.738000
2022-06-28,10.4064780800,10.7203846400,10.2828179200,10.6157491200,3323930,36893835.2000,3.498900,2.197800
2022-06-29,10.5586752000,10.6442860800,10.2923302400,10.3303795200,3168295,34763262.2800,3.335000,-2.688200
2022-06-30,10.3303795200,10.4730643200,10.2257440000,10.2923302400,2088831,22675029.7700,2.198800,-0.368300
2022-07-01,10.2828179200,10.4540396800,10.2162316800,10.3113548800,1648379,17899374.6500,1.735100,0.184800
2022-07-04,10.3113548800,10.3113548800,10.1211084800,10.1781824000,2102862,22477071.2600,2.213500,-1.291500
2022-07-05,10.2257440000,10.2447686400,9.7786649600,9.8928128000,2423200,25425449.0000,2.550700,-2.803700
2022-07-06,9.9784236800,9.9784236800,9.7215910400,9.7786649600,1371890,14175695.7000,1.444100,-1.153800
2022-07-07,9.8642758400,10.0259852800,9.7786649600,9.9118374400,1473976,15364664.2000,1.551600,1.361900
2022-07-08,10.0640345600,10.0830592000,9.7976896000,9.8357388800,1443198,15044628.1200,1.519200,-0.767800
2022-07-11,9.8357388800,9.8357388800,9.5123200000,9.5884185600,1950713,19717813.3900,2.053400,-2.514500
2022-07-12,9.5884185600,9.5884185600,9.3791475200,9.3886598400,1672393,16629671.7100,1.760400,-2.083300
2022-07-13,9.4647584000,9.5313446400,9.3791475200,9.4837830400,1589021,15814520.5800,1.672700,1.013200
2022-07-14,9.5408569600,10.0830592000,9.4837830400,9.9213497600,3496062,36199824.2200,3.680100,4.613800
2022-07-15,9.8357388800,9.9593990400,9.6074432000,9.6169555200,1992233,20524511.2900,2.097100,-3.068100
2022-07-18,9.7501280000,9.8737881600,9.6074432000,9.8547635200,1765545,18212602.1000,1.858500,2.472800
2022-07-19,9.8167142400,10.0354976000,9.8167142400,10.0164729600,2252890,23630792.5000,2.371500,1.640900
2022-07-20,10.0164729600,10.4255027200,10.0164729600,10.3208672000,3313166,35697547.4000,3.065100,3.038900
2022-07-21,10.2733056000,10.3779411200,10.1781824000,10.2733056000,2461381,26605025.5600,2.277100,-0.460800
2022-07-22,10.2733056000,10.4064780800,10.1306208000,10.2352563200,1734849,18712291.7500,1.605000,-0.370400
2022-07-25,10.1876947200,10.3303795200,10.0354976000,10.0735468800,1410664,15082009.8000,1.305000,-1.579900
2022-07-26,10.0735468800,10.1972070400,9.8833004800,10.1686700800,1211990,12820409.5000,1.121200,0.944300
2022-07-27,10.0830592000,10.4064780800,10.0830592000,10.3684288000,2244304,24366575.7000,2.076300,1.964500
2022-07-28,10.3779411200,10.7774585600,10.3684288000,10.6252614400,6718285,74523420.0700,6.215300,2.477100
2022-07-29,10.6252614400,10.7964832000,10.4920889600,10.5396505600,5380379,60209252.8900,4.977500,-0.805700
2022-08-01,10.5206259200,10.7298969600,10.3874534400,10.5872121600,2939426,32663789.3000,2.719300,0.451300
2022-08-02,10.4350150400,10.4445273600,9.9879360000,10.0545222400,4572468,48872497.8800,4.230100,-5.031400
2022-08-03,10.1781824000,10.5111136000,10.0545222400,10.0735468800,3852166,41794916.4500,3.563700,0.189200
2022-08-04,10.1306208000,10.3398918400,10.0545222400,10.2637932800,2492933,26686493.4500,2.306300,1.888600
2022-08-05,10.3303795200,10.4540396800,10.0735468800,10.2447686400,2814326,30152993.8900,2.603600,-0.185400
2022-08-08,10.1876947200,10.2828179200,10.0830592000,10.2637932800,1905372,20472988.2900,1.762700,0.185700
2022-08-09,10.2828179200,10.7108723200,10.2352563200,10.6062368000,4603367,50907012.7800,4.258700,3.336400
2022-08-10,10.7108723200,10.7489216000,10.5872121600,10.6728230400,3643258,40819566.7700,3.370500,0.627800
2022-08-11,10.7489216000,11.3577100800,10.7489216000,10.9011187200,8036390,92932893.1900,7.434700,2.139000
2022-08-12,10.8916064000,11.1008774400,10.6728230400,10.7298969600,4351683,49779558.3000,4.025900,-1.570700
2022-08-15,10.7298969600,10.8440448000,10.5586752000,10.6252614400,2963689,33096404.3500,2.741800,-0.975200
2022-08-16,10.6347737600,11.1103897600,10.6347737600,11.0628281600,5928639,68541086.6100,5.484700,4.118200
2022-08-17,11.0342912000,11.1103897600,10.8440448000,10.9296556800,3920823,45027708.5500,3.627300,-1.203800
2022-08-18,10.9581926400,11.0818528000,10.7584339200,11.0342912000,3819500,43999117.7000,3.533500,0.957400
2022-08-19,11.0247788800,11.0818528000,10.6823353600,10.6823353600,3503500,39902928.0000,3.241200,-3.189700
2022-08-22,10.6537984000,10.8345324800,10.4920889600,10.7869708800,3437171,38342466.3000,3.179800,0.979500
2022-08-23,10.7869708800,11.3291731200,10.5872121600,11.1484390400,7463806,86918029.5700,6.905000,3.351000
2022-08-24,11.1769760000,11.2150252800,10.6347737600,10.6537984000,5249500,59880810.2900,4.856500,-4.436900
2022-08-25,10.6823353600,10.7679462400,10.2447686400,10.3589164800,4187765,45903405.2200,3.874200,-2.767900
2022-08-26,10.3779411200,10.5111136000,10.1020838400,10.1306208000,2799835,30359526.1400,2.590200,-2.203900
2022-08-29,9.9879360000,10.5776998400,9.8072019200,10.5206259200,3758123,40747168.2900,3.476700,3.849800
2022-08-30,10.3874534400,10.6442860800,10.3494041600,10.4350150400,2792298,30702954.7800,2.583200,-0.813700
2022-08-31,10.3684288000,10.4825766400,9.6359801600,9.6454924800,5026340,52210210.1900,4.650000,-7.566100
2022-09-01,9.7120787200,9.8642758400,9.5598816000,9.5789062400,2274966,23130676.5600,2.104600,-0.690300
2022-09-02,9.6359801600,9.7881772800,9.5123200000,9.7501280000,2051166,20887553.5300,1.897600,1.787500
2022-09-05,9.7501280000,9.8262265600,9.5693939200,9.6550048000,1569700,15945411.0000,1.452200,-0.975600
2022-09-06,9.7025664000,9.7786649600,9.5789062400,9.7596403200,1978880,20140381.6000,1.830700,1.083700
2022-09-07,9.7120787200,9.8262265600,9.6740294400,9.7406156800,2071833,21248856.6000,1.916700,-0.194900
2022-09-08,9.7501280000,9.8452512000,9.5884185600,9.5979308800,1822838,18483015.9400,1.686400,-1.464800
2022-09-09,9.6264678400,9.6645171200,9.4837830400,9.5313446400,1504066,15083443.7800,1.391500,-0.693800
2022-09-13,9.5884185600,9.6550048000,9.5123200000,9.5598816000,1367609,13747743.6900,1.265200,0.299400
2022-09-14,9.4362214400,9.4742707200,9.3410982400,9.4552460800,2294087,22702932.4100,2.122300,-1.094500
2022-09-15,9.5028076800,9.5028076800,9.1032902400,9.1603641600,2600849,25278213.4400,2.406100,-3.118700
2022-09-16,9.1318272000,9.1984134400,8.9510931200,8.9510931200,1270100,12122937.0000,1.175000,-2.284500
2022-09-19,8.9510931200,9.1032902400,8.8084083200,8.8274329600,901208,8424339.2400,0.833700,-1.381500
2022-09-20,8.8845068800,8.9891424000,8.8845068800,8.9415808000,610244,5738945.4000,0.564600,1.293100
2022-09-21,8.9130438400,9.0462163200,8.7893836800,8.9986547200,774745,7273937.7600,0.716700,0.638300
2022-09-22,8.9701177600,9.0462163200,8.8940192000,8.9035315200,761640,7183740.8400,0.704600,-1.057100
2022-09-23,8.9130438400,8.9986547200,8.7132851200,8.7988960000,1072656,9940789.6700,0.992300,-1.175200
2022-09-26,8.7418220800,8.7703590400,8.5040140800,8.5040140800,1120074,10147786.6800,1.036200,-3.351400
2022-09-27,8.5610880000,8.7988960000,8.5610880000,8.7893836800,1228000,11281264.3700,1.136100,3.355700
2022-09-28,8.7418220800,8.8179206400,8.6276742400,8.6276742400,845900,7744205.0000,0.782600,-1.839800
2022-09-29,8.7513344000,8.7988960000,8.5991372800,8.6942604800,971679,8889339.5100,0.898900,0.771800
2022-09-30,8.7037728000,8.7323097600,8.5706003200,8.5706003200,1046299,9496986.5800,0.968000,-1.422300
2022-10-10,8.5706003200,8.7037728000,8.3898662400,8.4374278400,893878,7983854.1500,0.827000,-1.553800
2022-10-11,8.5515756800,8.5515756800,8.3423046400,8.4849894400,687283,6089309.8400,0.635800,0.563700
2022-10-12,8.3993785600,8.7418220800,8.3898662400,8.7227974400,1223858,11022282.1200,1.132200,2.802700
2022-10-13,8.6942604800,8.8179206400,8.6562112000,8.7418220800,1102644,10142325.8900,1.020100,0.218100
2022-10-14,8.8179206400,8.9035315200,8.7703590400,8.9035315200,1429957,13324743.4700,1.322900,1.849800
2022-10-17,8.8749945600,9.1508518400,8.8559699200,9.1318272000,1476166,14016644.1300,1.365600,2.564100
2022-10-18,9.1223148800,9.2079257600,9.0367040000,9.0937779200,1354261,12987078.4900,1.252900,-0.416700
2022-10-19,9.1603641600,9.1603641600,9.0367040000,9.1128025600,1759190,16809415.0000,1.627500,0.209200
2022-10-20,9.1128025600,9.2554873600,8.8464576000,9.0842656000,2024929,19299744.4200,1.873300,-0.313200
2022-10-21,9.0842656000,9.2269504000,8.9986547200,9.1128025600,991809,9502943.6200,0.917500,0.314100
2022-10-24,9.1889011200,9.2269504000,8.9035315200,8.9986547200,1452700,13927312.5000,1.343900,-1.252600
2022-10-25,8.9225561600,9.0652409600,8.8084083200,9.0367040000,1187720,11164253.0000,1.098800,0.422800
2022-10-26,8.9891424000,9.2554873600,8.9891424000,9.1889011200,1288290,12409068.2000,1.191800,1.684200
2022-10-27,9.2649996800,9.3125612800,9.1793888000,9.2269504000,1548088,15052401.3600,1.432200,0.414100
2022-10-28,9.2935366400,9.2935366400,8.8845068800,8.9225561600,1661902,15853287.7500,1.537500,-3.299000
2022-10-31,9.1889011200,9.1889011200,8.9225561600,9.1128025600,1330856,12708130.5900,1.231200,2.132200
2022-11-01,9.1793888000,9.3030489600,9.1413395200,9.2840243200,1230336,11943500.0700,1.138200,1.878900
2022-11-02,9.2269504000,9.3601228800,9.1984134400,9.3125612800,1345900,13165371.0000,1.245100,0.307400
2022-11-03,9.2269504000,9.3506105600,9.1793888000,9.2745120000,1103895,10736578.5500,1.021200,-0.408600
2022-11-04,9.2554873600,9.3791475200,9.2554873600,9.3506105600,1412692,13858874.8500,1.306900,0.820500
2022-11-07,9.3506105600,9.4552460800,9.3220736000,9.3886598400,1450533,14308293.7100,1.341900,0.406900
2022-11-08,9.4742707200,9.4837830400,9.2745120000,9.3125612800,1426048,13990646.5800,1.319300,-0.810500
2022-11-09,9.2840243200,9.3506105600,9.2079257600,9.2649996800,946000,9245894.1400,0.875200,-0.510700
2022-11-10,9.2840243200,9.3315859200,9.1984134400,9.3315859200,1441779,14057701.7800,1.333800,0.718700
2022-11-11,9.4457337600,9.4932953600,9.2364627200,9.2459750400,2007400,19717248.6700,1.857100,-0.917400
2022-11-14,9.2554873600,9.3315859200,9.1698764800,9.1889011200,1156833,11244238.7400,1.070200,-0.617300
2022-11-15,9.1318272000,9.3696352000,9.1318272000,9.3696352000,1387833,13582637.7400,1.283900,1.966900
2022-11-16,9.3696352000,9.4267091200,9.2554873600,9.2935366400,1327633,13012408.0800,1.228200,-0.812200
2022-11-17,9.2745120000,9.3410982400,9.2269504000,9.3315859200,1101133,10742009.0700,1.018700,0.409400
2022-11-18,9.3506105600,9.3696352000,9.1984134400,9.2079257600,1229998,12034938.6000,1.137900,-1.325200
2022-11-21,9.2554873600,9.4267091200,9.1698764800,9.4267091200,2137877,20933768.7500,1.977800,2.376000
2022-11-22,9.3981721600,9.4362214400,9.2649996800,9.3220736000,1379200,13568883.0800,1.275900,-1.110000
2022-11-23,9.3791475200,9.3791475200,9.0462163200,9.1793888000,1880029,18092427.3600,1.739300,-1.530600
2022-11-24,9.1793888000,9.2840243200,9.1603641600,9.1889011200,1131500,10975349.8800,1.046800,0.103600
2022-11-25,9.1889011200,9.2364627200,9.1032902400,9.1032902400,1259352,12106686.9100,1.165100,-0.931700
2022-11-28,9.0842656000,9.0842656000,8.9225561600,8.9320684800,1204207,11368001.0100,1.114000,-1.880900
2022-11-29,8.9510931200,9.0842656000,8.9320684800,9.0842656000,1111707,10551646.7800,1.028500,1.703900
2022-11-30,9.0937779200,9.1508518400,9.0271916800,9.0842656000,841500,8044859.0000,0.778500,0.000000
2022-12-01,9.1793888000,9.2079257600,9.0842656000,9.1032902400,1120390,10771451.0000,1.036500,0.209400
2022-12-02,9.0842656000,9.2269504000,9.0557286400,9.2079257600,1069790,10329723.4000,0.989700,1.149400
2022-12-05,9.3125612800,9.3410982400,9.1984134400,9.2649996800,1206404,11732967.8000,1.116100,0.619800
2022-12-06,9.2649996800,9.3315859200,9.2269504000,9.2554873600,1150014,11227671.9400,1.063900,-0.102700
2022-12-07,9.4171968000,10.0354976000,9.2554873600,9.8072019200,10024013,102828067.2800,9.273500,5.960900
2022-12-08,9.6359801600,9.7025664000,9.5123200000,9.5884185600,5187829,52206340.9500,4.799400,-2.230800
2022-12-09,9.5123200000,9.5789062400,9.3315859200,9.4267091200,3096730,30837951.4300,2.864900,-1.686500
2022-12-12,9.2745120000,9.5503692800,9.2745120000,9.4457337600,2145469,21251266.7900,1.984800,0.201800
2022-12-13,9.3981721600,9.4932953600,9.3506105600,9.3506105600,2008100,19870472.3900,1.857700,-1.007000
2022-12-14,9.3601228800,9.4267091200,9.1889011200,9.2079257600,1900073,18544361.6400,1.757800,-1.525900
2022-12-15,9.2079257600,9.3981721600,9.1603641600,9.3410982400,1219199,11915730.2800,1.127900,1.446300
2022-12-16,9.3220736000,9.3410982400,9.1413395200,9.1508518400,1552921,15016320.1100,1.436700,-2.036700
2022-12-19,9.1603641600,9.2269504000,8.7893836800,8.8464576000,1737690,16346863.4000,1.607600,-3.326400
2022-12-20,8.9415808000,8.9415808000,8.7703590400,8.8749945600,924687,8606011.8400,0.855500,0.322600
2022-12-21,8.8559699200,8.8654822400,8.6466988800,8.6847481600,1011200,9274921.0000,0.935500,-2.143600
2022-12-22,8.7703590400,8.8084083200,8.4849894400,8.5135264000,1043164,9443788.2800,0.965100,-1.971500
2022-12-23,8.5040140800,8.6181619200,8.4659648000,8.4754771200,899700,8053312.0000,0.832300,-0.446900
2022-12-26,8.5515756800,8.6466988800,8.4849894400,8.6371865600,688426,6225652.5200,0.636900,1.908000
2022-12-27,8.6562112000,8.6752358400,8.5610880000,8.6657235200,791972,7174068.0000,0.732700,0.330400
2022-12-28,8.6847481600,8.6847481600,8.4374278400,8.4754771200,945357,8463570.8900,0.874600,-2.195400
2022-12-29,8.4754771200,8.5515756800,8.4279155200,8.4374278400,593178,5281676.7600,0.548800,-0.448900
2022-12-30,8.4659648000,8.5991372800,8.4279155200,8.4945017600,903965,8082366.2000,0.836300,0.676400
2023-01-03,8.8274329600,8.8274329600,8.4849894400,8.6752358400,989233,8966348.3400,0.915200,2.127700
2023-01-04,8.7037728000,8.7893836800,8.6466988800,8.7132851200,1140959,10453334.6200,1.055500,0.438600
2023-01-05,8.7418220800,8.7893836800,8.6562112000,8.7703590400,893007,8207377.3300,0.826100,0.655000
2023-01-06,8.7608467200,8.8274329600,8.7323097600,8.7418220800,982600,9069577.0000,0.909000,-0.325400
2023-01-09,8.7703590400,8.9130438400,8.7703590400,8.8749945600,1253489,11659796.9600,1.159600,1.523400
2023-01-10,8.8749945600,8.9510931200,8.8179206400,8.8654822400,876766,8189133.4600,0.811100,-0.107200
2023-01-11,8.8940192000,8.9035315200,8.7037728000,8.7132851200,876666,8120074.5600,0.811000,-1.716700
2023-01-12,8.7132851200,8.8179206400,8.6657235200,8.7227974400,759600,7001814.0000,0.702700,0.109200
2023-01-13,8.7608467200,8.8274329600,8.7037728000,8.7608467200,579100,5325108.0000,0.535700,0.436200
2023-01-16,8.8084083200,8.8940192000,8.7893836800,8.8749945600,1184818,11026934.6900,1.096100,1.302900
2023-01-17,8.8940192000,8.9891424000,8.8464576000,8.8749945600,1138923,10667229.5200,1.053600,0.000000
2023-01-18,8.9130438400,8.9320684800,8.8559699200,8.9225561600,872046,8158314.5600,0.806800,0.535900
2023-01-19,8.8940192000,8.9891424000,8.8940192000,8.9701177600,1027367,9667922.1200,0.950400,0.533000
2023-01-20,9.0176793600,9.0652409600,8.9606054400,9.0081670400,936633,8873687.8700,0.866500,0.424200
2023-01-30,9.0557286400,9.2079257600,9.0557286400,9.1603641600,1263890,12158179.1500,1.169300,1.689500
2023-01-31,9.1793888000,9.2649996800,9.1032902400,9.2649996800,1446000,14013525.9800,1.337700,1.142300
2023-02-01,9.2840243200,9.3125612800,9.2079257600,9.3125612800,1603666,15627358.1700,1.483600,0.513300
2023-02-02,9.3220736000,9.4267091200,9.2554873600,9.3791475200,1628196,16002850.4000,1.506300,0.715000
2023-02-03,9.3410982400,9.3981721600,9.1889011200,9.3125612800,1628272,15875832.1100,1.506400,-0.709900
2023-02-06,9.3030489600,9.3791475200,9.2745120000,9.3410982400,1335748,13111568.1200,1.235700,0.306400
2023-02-07,9.2745120000,9.5313446400,9.2745120000,9.5123200000,2250758,22351814.9200,2.082200,1.833000
2023-02-08,9.5313446400,9.7215910400,9.4742707200,9.5884185600,3042065,30800407.7600,2.814300,0.800000
2023-02-09,9.6074432000,9.6550048000,9.5218323200,9.6264678400,1591929,16052964.3400,1.472700,0.396800
2023-02-10,9.6074432000,9.8262265600,9.5884185600,9.7406156800,2185167,22312477.7200,2.021600,1.185800
2023-02-13,9.7406156800,9.9308620800,9.6930540800,9.9308620800,2828480,29340605.7200,2.616700,1.953100
2023-02-14,9.9213497600,9.9689113600,9.7881772800,9.8547635200,2149730,22237198.5200,1.988800,-0.766300
2023-02-15,9.8547635200,9.8833004800,9.7596403200,9.8167142400,1580535,16281943.1400,1.462200,-0.386100
2023-02-16,9.7976896000,9.8642758400,9.4742707200,9.5218323200,2727211,27715875.2600,2.523000,-3.003900
2023-02-17,9.5218323200,9.6550048000,9.4362214400,9.5123200000,1617467,16251472.7000,1.496400,-0.099900
2023-02-20,9.5123200000,9.9213497600,9.4552460800,9.7976896000,2914201,29898867.2200,2.696000,3.000000
2023-02-21,9.8072019200,9.9023251200,9.7025664000,9.7406156800,1413674,14548503.5900,1.307800,-0.582500
2023-02-22,9.7120787200,9.9403744000,9.3125612800,9.8737881600,2106102,21742935.5100,1.948400,1.367200
2023-02-23,9.9308620800,10.0069606400,9.8072019200,9.9879360000,2999554,31359078.7800,2.775000,1.156100
2023-02-24,9.9974483200,10.2257440000,9.9023251200,9.9118374400,3690688,38942429.9500,3.414400,-0.761900
2023-02-27,9.9213497600,10.0164729600,9.7311033600,9.7311033600,2168100,22379749.0000,2.005800,-1.823400
2023-02-28,9.7025664000,9.9974483200,9.7025664000,9.9403744000,2887910,30069339.1000,2.671700,2.150500
2023-03-01,9.9974483200,10.5872121600,9.8928128000,10.3208672000,7452160,80958194.1700,6.894200,3.827800
2023-03-02,10.3303795200,10.3779411200,10.0450099200,10.1020838400,2981278,31898524.7900,2.758100,-2.119800
2023-03-03,10.1591577600,10.1591577600,9.9689113600,10.0069606400,1640300,17327708.7100,1.517500,-0.941600
2023-03-06,10.0830592000,10.0830592000,9.9308620800,10.0450099200,1369000,14388042.0000,1.266500,0.380200
2023-03-07,10.0354976000,10.0735468800,9.6645171200,9.7025664000,2368838,24480491.1300,2.191500,-3.409100
2023-03-08,9.7406156800,9.8452512000,9.7215910400,9.8357388800,1104277,11365857.5300,1.021600,1.372500
2023-03-09,9.8262265600,9.9879360000,9.8072019200,9.9023251200,1369100,14259841.0000,1.266600,0.677000
2023-03-10,9.8642758400,9.9593990400,9.7311033600,9.7501280000,1238400,12783425.6700,1.145700,-1.537000
2023-03-13,9.7025664000,9.8737881600,9.6645171200,9.7501280000,1094300,11209622.0000,1.012400,0.000000
2023-03-14,9.7501280000,9.7501280000,9.4076844800,9.5503692800,1546800,15495343.0000,1.431000,-2.048800
2023-03-15,9.6454924800,9.8737881600,9.6264678400,9.8167142400,1430946,14727768.9600,1.323800,2.788800
2023-03-16,9.8452512000,9.8452512000,9.5123200000,9.5313446400,1122565,11351322.5900,1.038500,-2.907000
2023-03-17,9.6264678400,9.6550048000,9.4932953600,9.5408569600,1026252,10316433.1700,0.949400,0.099800
2023-03-20,9.5693939200,9.5789062400,9.3030489600,9.4362214400,3233525,31941933.2800,2.991400,-1.096700
2023-03-21,9.4457337600,9.6740294400,9.3886598400,9.6645171200,1637066,16456693.5800,1.514500,2.419400
2023-03-22,9.6645171200,10.1686700800,9.6454924800,9.9974483200,3808768,39793759.4000,3.523600,3.444900
2023-03-23,9.9308620800,10.0164729600,9.8737881600,10.0164729600,1792644,18737873.1800,1.658400,0.190300
2023-03-24,10.0735468800,10.0735468800,9.9118374400,9.9403744000,1014700,10623547.0000,0.938700,-0.759700
2023-03-27,9.9784236800,10.0450099200,9.8452512000,10.0164729600,1530700,16025121.0000,1.416100,0.765600
2023-03-28,9.9974483200,9.9974483200,9.8072019200,9.8547635200,1196529,12440461.1400,1.106900,-1.614400
2023-03-29,9.8452512000,9.9118374400,9.7786649600,9.8072019200,977601,10095382.0600,0.904400,-0.482600
2023-03-30,9.8167142400,9.8737881600,9.6074432000,9.6454924800,1127116,11460801.9000,1.042700,-1.648900
2023-03-31,9.7025664000,9.7311033600,9.6074432000,9.6550048000,845500,8578001.0000,0.782200,0.098600
2023-04-03,9.6454924800,9.7025664000,9.5789062400,9.6930540800,1441758,14617433.7000,1.333800,0.394100
2023-04-04,9.7120787200,9.7120787200,9.4171968000,9.4647584000,2073408,20775336.3400,1.918200,-2.355300
2023-04-06,9.4647584000,9.4932953600,9.3315859200,9.4457337600,1387012,13686953.0500,1.283200,-0.201000
2023-04-07,9.4457337600,9.6359801600,9.4267091200,9.5979308800,1401200,14072842.0000,1.296300,1.611300
2023-04-10,9.5979308800,9.7311033600,9.5313446400,9.6454924800,1641633,16650978.2900,1.518700,0.495500
2023-04-11,9.6359801600,9.6454924800,9.4457337600,9.5408569600,1217033,12179557.3400,1.125900,-1.084800
2023-04-12,9.6264678400,9.9403744000,9.5408569600,9.9213497600,2864636,29581245.6700,2.650200,3.988000
2023-04-13,9.9213497600,9.9593990400,9.7691526400,9.8262265600,1697727,17586713.3500,1.570600,-0.958800
2023-04-14,9.8072019200,9.9593990400,9.7691526400,9.9308620800,1880751,19533790.4200,1.739900,1.064900
2023-04-17,9.9308620800,10.0164729600,9.8547635200,9.9498867200,1588751,16610995.4600,1.469800,0.191600
2023-04-18,9.9498867200,9.9498867200,9.7025664000,9.7691526400,1331100,13729830.1300,1.231400,-1.816400
2023-04-19,9.7976896000,9.8547635200,9.7215910400,9.7215910400,927700,9529821.0000,0.858200,-0.486900
2023-04-20,9.5979308800,9.8262265600,9.4742707200,9.5313446400,1959577,19704201.8500,1.812900,-1.956900
2023-04-21,9.5218323200,9.5979308800,9.2840243200,9.3030489600,2227187,22041323.1200,2.060400,-2.395200
2023-04-24,9.3030489600,9.3981721600,8.9035315200,8.9701177600,2411407,22911849.8700,2.230900,-3.578700
2023-04-25,8.9415808000,8.9701177600,8.5515756800,8.6752358400,2305180,21087290.4000,2.132600,-3.287400
2023-04-26,8.6181619200,8.7988960000,8.6086496000,8.7323097600,1531143,14056346.8100,1.416500,0.657900
2023-04-27,8.7988960000,8.8464576000,8.6371865600,8.7798713600,1195033,11030136.9400,1.105600,0.544700
2023-04-28,8.7227974400,9.0271916800,8.6657235200,8.9986547200,1468700,13817270.0000,1.358700,2.491900
2023-05-04,9.0747532800,9.1223148800,8.9225561600,9.0557286400,1200000,11383829.0600,1.110200,0.634200
2023-05-05,9.0652409600,9.4171968000,8.9415808000,9.2554873600,3201200,31024234.1900,2.961500,2.205900
2023-05-08,9.3125612800,9.6359801600,9.2745120000,9.5123200000,2566208,25618244.9300,2.374100,2.774900
2023-05-09,9.4362214400,9.4362214400,9.2079257600,9.2079257600,1763300,17242151.0000,1.631300,-3.200000
2023-05-10,9.2840243200,9.2935366400,9.1128025600,9.2459750400,1222702,11814574.6400,1.131200,0.413200
2023-05-11,9.2269504000,9.3886598400,9.2269504000,9.3506105600,942617,9239348.7300,0.872000,1.131700
2023-05-12,9.2840243200,9.4362214400,9.2364627200,9.3981721600,1069264,10540293.1800,0.989200,0.508600
2023-05-15,9.3125612800,9.4742707200,9.2840243200,9.4362214400,1426500,14103536.0000,1.319700,0.404900
2023-05-16,9.3506105600,9.5789062400,9.3506105600,9.4647584000,1159200,11553900.0000,1.072400,0.302400
2023-05-17,9.4267091200,9.7406156800,9.3886598400,9.7406156800,1829327,18546662.5400,1.692400,2.914600
2023-05-18,9.7406156800,10.0259852800,9.6645171200,9.9213497600,3017146,31407885.6200,2.791200,1.855500
2023-05-19,9.8928128000,10.0354976000,9.8452512000,9.9689113600,2192088,22971351.7800,2.028000,0.479400
2023-05-22,10.0354976000,10.3208672000,9.9593990400,10.3018425600,3565137,38280148.9000,3.298200,3.339700
2023-05-23,10.2637932800,10.4064780800,10.2067193600,10.3018425600,3127280,33967807.4000,2.893100,0.000000
2023-05-24,10.1781824000,10.5111136000,10.1781824000,10.3684288000,5320900,58245742.3500,4.922500,0.646400
2023-05-25,10.4159904000,10.5016012800,10.2067193600,10.3684288000,3083871,33545805.0600,2.853000,0.000000
2023-05-26,10.3303795200,10.5111136000,10.2733056000,10.3684288000,2999210,32750720.6900,2.774700,0.000000
2023-05-29,10.3589164800,10.5206259200,10.3303795200,10.3303795200,2201133,24050972.6800,2.036300,-0.367000
2023-05-30,10.3874534400,10.5967244800,10.3494041600,10.3969657600,2771702,30388951.5700,2.564200,0.644600
2023-05-31,10.3969657600,10.4159904000,10.2162316800,10.2637932800,2343099,25364328.5000,2.167700,-1.280900
2023-06-01,10.2067193600,10.4445273600,10.1591577600,10.3494041600,2506603,27225194.1900,2.318900,0.834100
2023-06-02,10.3494041600,10.4540396800,10.1781824000,10.2067193600,1834992,19855994.2800,1.697600,-1.378700
2023-06-05,10.2828179200,10.3969657600,10.1591577600,10.3018425600,1845747,19940395.8800,1.707600,0.932000
2023-06-06,10.3018425600,10.3018425600,9.9784236800,10.0069606400,2259833,23932796.1600,2.090600,-2.862400
2023-06-07,10.1686700800,10.1686700800,9.9213497600,10.0545222400,1215815,12801478.8000,1.124800,0.475300
2023-06-08,9.9974483200,10.0830592000,9.9403744000,9.9879360000,1228333,12925860.3000,1.136400,-0.662300
2023-06-09,10.0361872000,10.2098904400,9.9975864800,10.0844381000,1410200,14756564.7100,1.304600,0.966200
2023-06-12,10.3160424200,10.3642933200,10.0168868400,10.2195406200,1665271,17555865.3100,1.540600,1.339700
2023-06-13,10.2388409800,10.5283463800,10.2002402600,10.4800954800,2280462,24625968.8200,2.109700,2.549600
2023-06-14,10.3932438600,10.5283463800,10.1133886400,10.1326890000,2533933,26845694.5300,2.344200,-3.314900
2023-06-15,10.2098904400,10.4028940400,10.1616395400,10.3353427800,1870829,19976866.4000,1.730800,2.000000
2023-06-16,10.2870918800,10.9336539400,10.2870918800,10.6344983600,6835006,75307448.3200,6.323300,2.894500
2023-06-19,10.6055478200,10.7889012400,10.5283463800,10.7503005200,5176178,57214730.0700,4.788600,1.088900
2023-06-20,10.6827492600,10.7889012400,10.4704453000,10.7310001600,3327904,36829033.6800,3.078700,-0.179500
2023-06-21,10.6923994400,10.7696008800,10.4800954800,10.4993958400,1995103,21900469.5500,1.845700,-2.158300
2023-06-26,10.4607951200,10.7406503400,10.3835936800,10.4414947600,1952290,21233148.8000,1.806100,-0.551500
2023-06-27,10.4221944000,10.6344983600,10.3256926000,10.5379965600,1917200,20854122.0000,1.773700,0.924200
2023-06-28,10.5476467400,10.7020496200,10.2870918800,10.6634489000,3331411,36339575.8000,3.082000,1.190500
2023-06-29,10.6634489000,10.8371521400,10.5476467400,10.7792510600,2550745,28427372.7700,2.359800,1.086000
2023-06-30,10.7792510600,11.0108553800,10.7116998000,10.7599507000,2804200,31545516.0000,2.594200,-0.179100
2023-07-03,10.8082016000,10.9915550200,10.5765972800,10.6151980000,2802041,31179215.8700,2.592200,-1.345300
2023-07-04,10.6151980000,10.8854030400,10.5476467400,10.7889012400,2396733,26756379.2900,2.217300,1.636400
2023-07-05,10.8178517800,10.8275019600,10.6441485400,10.6923994400,1549100,17196566.0000,1.433100,-0.894500
2023-07-06,10.6730990800,10.8082016000,10.5476467400,10.7116998000,1407500,15614163.0000,1.302100,0.180500
2023-07-07,10.6537987200,10.8082016000,10.5765972800,10.6055478200,1342400,14848505.0000,1.241900,-0.991000
2023-07-10,10.6634489000,10.7406503400,10.4607951200,10.4704453000,1678362,18334442.7000,1.552700,-1.273900
2023-07-11,10.4800954800,10.7503005200,10.4414947600,10.7213499800,2504500,27620237.2300,2.317000,2.396300
2023-07-12,10.7406503400,10.8082016000,10.4800954800,10.5186962000,1717800,18914732.0000,1.589200,-1.890200
2023-07-13,10.5476467400,10.6441485400,10.4511449400,10.5862474600,1567781,17125368.9500,1.450400,0.642200
2023-07-14,10.5958976400,10.6634489000,10.4704453000,10.5862474600,1606800,17607850.0000,1.486500,0.000000
2023-07-17,10.5379965600,10.6827492600,10.3160424200,10.4125442200,1698498,18292228.1400,1.571300,-1.640800
2023-07-18,10.3739435000,10.6151980000,10.3256926000,10.5476467400,1731974,18828219.2100,1.602300,1.297500
2023-07-19,10.5476467400,10.5572969200,10.2581413400,10.3160424200,1601581,17174481.6900,1.481700,-2.195800
2023-07-20,10.3449929600,10.4318445800,10.2195406200,10.2291908000,1421900,15199698.0000,1.315400,-0.841900
2023-07-21,10.3160424200,10.3160424200,10.1133886400,10.1326890000,1360729,14353719.2100,1.258800,-0.943400
2023-07-24,10.2291908000,10.4607951200,10.1230388200,10.3546431400,2236700,23982532.5200,2.069200,2.190500
2023-07-25,10.3642933200,10.5090460200,10.2870918800,10.4607951200,1427700,15431611.0000,1.320800,1.025200
2023-07-26,10.4704453000,10.5283463800,10.3353427800,10.4414947600,1135900,12262125.6700,1.050900,-0.184500
2023-07-27,10.4414947600,10.5186962000,10.3256926000,10.3449929600,1904500,20538487.0000,1.761900,-0.924200
2023-07-28,10.2870918800,10.4125442200,10.2098904400,10.3642933200,1605900,17175474.0000,1.485700,0.186600
2023-07-31,10.3256926000,10.3932438600,10.1326890000,10.1809399000,2549104,27008554.3700,2.358200,-1.769100
2023-08-01,10.1423391800,10.2002402600,10.0361872000,10.1809399000,1426475,14945633.5000,1.319700,0.000000
2023-08-02,10.2002402600,10.2002402600,10.0265370200,10.1133886400,1297233,13581398.1900,1.200100,-0.663500
2023-08-03,10.0747879200,10.1133886400,9.9396854000,10.0458373800,1955552,20293622.0900,1.809100,-0.667900
2023-08-04,10.0747879200,10.2098904400,10.0361872000,10.1712897200,2267603,23771219.9500,2.097800,1.248800
2023-08-07,10.3063922400,10.3063922400,9.8431836000,9.9010846800,3484365,36073107.6800,3.223500,-2.656500
2023-08-08,9.9589857600,10.0168868400,9.7563319800,9.8721341400,2932435,29989517.3200,2.712900,-0.292400
2023-08-09,9.8431836000,9.9879363000,9.6984309000,9.7756323400,2249529,22797455.1900,2.081100,-0.977500
2023-08-10,9.8817843200,9.9107348600,9.6598301800,9.8528337800,1970390,20092334.8000,1.822900,0.789700
2023-08-11,9.9107348600,9.9107348600,9.6598301800,9.6694803600,1716800,17365369.0000,1.588300,-1.860900
2023-08-14,9.6501800000,9.7949327000,9.6308796400,9.7756323400,1470800,14799206.0000,1.360700,1.097800
2023-08-15,9.7563319800,9.9396854000,9.7466818000,9.8045828800,1035366,10533475.2300,0.957800,0.296200
2023-08-16,9.7466818000,9.7756323400,9.5343778400,9.5343778400,1406176,14041281.5600,1.300900,-2.755900
2023-08-17,9.5343778400,9.8817843200,9.4475262200,9.8721341400,1928100,19390730.0000,1.783700,3.542500
2023-08-18,9.8335334200,10.1133886400,9.8335334200,9.9493355800,1975600,20493465.0000,1.827700,0.782000
2023-08-21,9.8914345000,10.1230388200,9.8431836000,9.9396854000,1285814,13351408.9200,1.189500,-0.097000
2023-08-22,9.9396854000,9.9975864800,9.6501800000,9.8431836000,1393332,14140141.2800,1.289000,-0.970900
2023-08-23,9.9107348600,9.9107348600,9.6501800000,9.7080810800,1137465,11468301.5000,1.052300,-1.372500
2023-08-24,9.6791305400,9.7659821600,9.5150774800,9.5536782000,1332900,13262412.1000,1.233100,-1.590500
2023-08-25,9.5440280200,9.6405298200,9.3413742400,9.3799749600,1536833,15072611.2000,1.421800,-1.818200
2023-08-28,9.7659821600,9.8431836000,9.2738229800,9.3027735200,1927602,19011371.1400,1.783300,-0.823000
2023-08-29,9.3510244200,10.1230388200,9.3510244200,10.0844381000,4338941,44533920.3800,4.014100,8.402500
2023-08-30,10.1133886400,10.4511449400,10.0168868400,10.3160424200,4455678,47741007.0500,4.122100,2.296700
2023-08-31,10.3546431400,10.4221944000,10.2002402600,10.3642933200,2467200,26488291.0000,2.282500,0.467700
2023-09-01,10.3449929600,10.4414947600,10.2870918800,10.4221944000,2225833,23965798.4100,2.059200,0.558700
2023-09-04,10.4318445800,10.5379965600,10.3449929600,10.4318445800,1941784,20949852.2600,1.796400,0.092600
2023-09-05,10.4607951200,10.5090460200,10.3353427800,10.4897456600,1974126,21413833.8000,1.826300,0.555000
2023-09-06,10.4414947600,10.5379965600,10.4221944000,10.5283463800,1283333,13944254.3700,1.187200,0.368000
2023-09-07,10.4800954800,10.5669471000,10.4221944000,10.4607951200,2268900,24720561.0000,2.099000,-0.641600
2023-09-08,10.4221944000,10.5669471000,10.3256926000,10.5283463800,1900508,20700300.8800,1.758200,0.645800
2023-09-11,10.4511449400,10.5476467400,10.3546431400,10.4704453000,1216580,13212552.5500,1.125500,-0.550000
2023-09-12,10.4800954800,10.5379965600,10.3449929600,10.4221944000,1282933,13828072.0500,1.186900,-0.460800
2023-09-13,10.5958976400,10.6923994400,10.2870918800,10.4028940400,2768979,29905145.9300,2.561700,-0.185200
2023-09-14,10.4511449400,10.4800954800,10.1809399000,10.2967420600,2123333,22630671.1200,1.964400,-1.020400
2023-09-15,10.3739435000,10.3739435000,10.1133886400,10.1712897200,1630523,17246058.9600,1.508400,-1.218400
2023-09-18,10.2195406200,10.4511449400,10.0651377400,10.3449929600,1704433,18205884.1400,1.576800,1.707800
2023-09-19,10.2967420600,10.3835936800,10.1423391800,10.2195406200,1553000,16468957.0000,1.436700,-1.212700
2023-09-20,10.2677915200,10.2677915200,10.0168868400,10.0458373800,2275798,23824224.1000,2.105400,-1.699700
2023-09-21,10.1326890000,10.1326890000,9.9589857600,9.9782861200,1306566,13562703.0700,1.208700,-0.672400
2023-09-22,9.9782861200,10.3835936800,9.9300352200,10.3835936800,2503333,26490196.2100,2.315900,4.061900
2023-09-25,10.4318445800,10.4704453000,10.2870918800,10.3835936800,1539500,16545431.0000,1.424200,0.000000
2023-09-26,10.2967420600,10.5090460200,10.2967420600,10.4704453000,1441700,15586826.0000,1.333800,0.836400
2023-09-27,10.5283463800,10.6248481800,10.4318445800,10.5862474600,2521936,27610111.5600,2.333100,1.106000
2023-09-28,10.6248481800,10.6827492600,10.4800954800,10.6055478200,1651300,18106288.0000,1.527700,0.182300
2023-10-09,10.6055478200,10.6344983600,10.4704453000,10.5669471000,2243700,24572252.0000,2.075700,-0.364000
2023-10-10,10.6055478200,10.6151980000,10.4897456600,10.5669471000,1591200,17411527.0000,1.472100,0.000000
2023-10-11,10.4318445800,10.6151980000,10.3739435000,10.4897456600,1772000,19229911.0000,1.639300,-0.730600
2023-10-12,10.5958976400,10.5958976400,10.3256926000,10.3353427800,1370500,14759227.0000,1.267900,-1.471900
2023-10-13,10.2484911600,10.4125442200,10.1712897200,10.2098904400,1699500,18096543.0000,1.572300,-1.213800
2023-10-16,10.2098904400,10.3160424200,10.0458373800,10.1423391800,1765495,18558482.9400,1.633300,-0.661600
2023-10-17,10.1423391800,10.1905900800,9.9589857600,10.0458373800,1748900,18180835.7900,1.618000,-0.951500
2023-10-18,9.9975864800,10.0651377400,9.8238832400,9.8431836000,1499684,15374611.2400,1.387400,-2.017300
2023-10-19,9.8335334200,10.1230388200,9.7659821600,9.8431836000,1884490,19446159.0000,1.743400,0.000000
2023-10-20,9.7756323400,10.0747879200,9.7177312600,9.7370316200,1617996,16524344.4400,1.496900,-1.078400
2023-10-23,9.7466818000,9.7756323400,9.4764767600,9.5150774800,1438500,14308890.0000,1.330800,-2.279500
2023-10-24,9.4957771200,9.7563319800,9.4282258600,9.6791305400,2239100,22313910.0000,2.071500,1.724100
2023-10-25,9.7080810800,9.9203850400,9.6984309000,9.8624839600,1571400,15969733.0000,1.453700,1.894300
2023-10-26,9.8238832400,10.0458373800,9.7370316200,10.0168868400,1535500,15703320.0000,1.420500,1.565600
2023-10-27,9.9396854000,10.1326890000,9.9010846800,10.0747879200,1857098,19261407.1400,1.718100,0.578000
2023-10-30,10.0747879200,10.2291908000,10.0072366600,10.1905900800,1594594,16762344.6600,1.475200,1.149400
2023-10-31,10.2195406200,10.3063922400,10.1133886400,10.2002402600,1478433,15609133.1600,1.367700,0.094700
2023-11-01,10.2388409800,10.2870918800,10.0747879200,10.2291908000,1309190,13861155.3400,1.211200,0.283800
2023-11-02,10.2484911600,10.2967420600,10.1133886400,10.1133886400,1265900,13346861.2100,1.171100,-1.132100
2023-11-03,10.1230388200,10.4607951200,10.1230388200,10.3835936800,2150433,23088990.7600,1.989400,2.671800
2023-11-06,10.3835936800,10.5379965600,10.3835936800,10.4993958400,1669800,18088883.0000,1.544800,1.115200
2023-11-07,10.4993958400,10.5765972800,10.4221944000,10.5379965600,1945900,21171263.8000,1.800200,0.367600
2023-11-08,10.5379965600,10.5476467400,10.4125442200,10.4800954800,1641103,17795130.4600,1.518200,-0.549500
2023-11-09,10.4800954800,10.4897456600,10.3835936800,10.4221944000,1292570,13975157.0000,1.195800,-0.552500
2023-11-10,10.4511449400,10.4800954800,10.3546431400,10.4511449400,1067200,11525919.0000,0.987300,0.277800
2023-11-13,10.4897456600,10.5765972800,10.3739435000,10.5572969200,2465200,26799433.0000,2.280600,1.015700
2023-11-14,10.5669471000,10.6827492600,10.4125442200,10.4897456600,2323233,25213456.0300,2.149300,-0.639900
2023-11-15,10.5186962000,10.5669471000,10.4318445800,10.5090460200,1843006,20046340.4600,1.705000,0.184000
2023-11-16,10.5186962000,10.5283463800,10.3835936800,10.4221944000,1383540,15008722.2500,1.280000,-0.826400
2023-11-17,10.4318445800,10.5862474600,10.3835936800,10.5572969200,1565534,17071845.5100,1.448300,1.296300
2023-11-20,10.5862474600,10.8468023200,10.5476467400,10.7599507000,4327800,48126465.0000,4.003800,1.919600
2023-11-21,10.7310001600,10.8468023200,10.4800954800,10.4993958400,2957200,32474540.0000,2.735800,-2.421500
2023-11-22,10.4897456600,10.6441485400,10.3835936800,10.4028940400,2006600,21819468.0000,1.856400,-0.919100
2023-11-23,10.3932438600,10.5379965600,10.3835936800,10.5379965600,1986400,21550870.0000,1.837700,1.298700
2023-11-24,10.5476467400,10.5669471000,10.2388409800,10.2677915200,1635900,17504687.0000,1.513400,-2.564100
2023-11-27,10.2774417000,10.4414947600,10.1712897200,10.4221944000,2119048,22775959.6400,1.960400,1.503800
2023-11-28,10.3932438600,10.7020496200,10.3739435000,10.6634489000,2186029,23989231.3300,2.022400,2.314800
2023-11-29,10.6730990800,10.7889012400,10.6151980000,10.6730990800,2688000,29765309.0000,2.486700,0.090500
2023-11-30,10.7599507000,10.7599507000,10.4704453000,10.6151980000,1913500,20978302.0000,1.770200,-0.542500
2023-12-01,10.5862474600,10.6441485400,10.3932438600,10.5186962000,2040900,22176553.0000,1.888100,-0.909100
2023-12-04,10.5186962000,10.5669471000,10.4511449400,10.5283463800,2036200,22176629.0000,1.883700,0.091700
2023-12-05,10.5186962000,10.5669471000,10.3353427800,10.3449929600,1858800,20081086.0000,1.719600,-1.741500
2023-12-06,10.3835936800,10.5090460200,10.2967420600,10.3932438600,2042299,22080853.8200,1.889400,0.466400
2023-12-07,10.3449929600,10.4897456600,10.2484911600,10.2484911600,2074800,22168153.0000,1.919500,-1.392800
2023-12-08,10.2581413400,10.3739435000,10.0747879200,10.1037384600,2135171,22621515.8200,1.975300,-1.412400
2023-12-11,10.0940882800,10.2195406200,9.8817843200,10.0940882800,2585200,27020024.0000,2.391600,-0.095500
2023-12-12,10.1423391800,10.1905900800,10.0361872000,10.1230388200,1529439,15994422.9900,1.414900,0.286800
2023-12-13,10.1230388200,10.3932438600,10.0265370200,10.2870918800,2604900,27686635.0000,2.409900,1.620600
2023-12-14,10.2581413400,10.4028940400,10.2098904400,10.2774417000,1876900,20056972.0000,1.736400,-0.093800
2023-12-15,10.2967420600,10.3932438600,10.2002402600,10.2484911600,1826300,19391277.0000,1.689600,-0.281700
2023-12-18,10.1809399000,10.2870918800,10.0747879200,10.1230388200,1568200,16513457.0000,1.450800,-1.224100
2023-12-19,10.1230388200,10.2677915200,9.9879363000,10.2195406200,2132200,22342667.0000,1.972600,0.953300
2023-12-20,10.2291908000,10.6055478200,10.1712897200,10.4318445800,3719000,40313203.0000,3.440500,2.077400
2023-12-21,10.3256926000,10.3835936800,9.9975864800,10.3546431400,3812858,40414235.8400,3.527400,-0.740100
2023-12-22,10.5765972800,12.0048239200,10.3642933200,11.1845586200,23656875,273901519.9500,21.885600,8.014900
2023-12-25,11.0591062800,11.6477672600,10.9240037600,11.5802160000,26102006,308641248.5300,24.147700,3.537500
2023-12-26,11.3389615000,11.4065127600,10.9433041200,11.2714102400,20057247,230639487.3600,18.555500,-2.666700
2023-12-27,11.1073571800,11.1556080800,10.7503005200,11.0205055600,13384802,151961463.6200,12.382600,-2.226000
2023-12-28,11.0205055600,11.1942088000,10.6248481800,11.0012052000,16792773,190486525.5500,15.535500,-0.175100
2023-12-29,11.0108553800,11.4258131200,10.9626044800,11.3196611400,17463300,203753603.7200,16.155800,2.894700
2024-01-02,11.3293113200,11.5898661800,11.2135091600,11.3582618600,15708416,185610420.4500,14.532300,0.341000
2024-01-03,11.3582618600,11.4740640200,11.1942088000,11.4644138400,11083041,130361437.5200,10.253200,0.934600
2024-01-04,11.4065127600,11.4547636600,11.2424597000,11.3872124000,6886260,80929777.1200,6.370700,-0.673400
2024-01-05,11.2907106000,11.7249687000,11.2135091600,11.2135091600,12088232,143821645.8500,11.183200,-1.525400
2024-01-08,11.1749084400,11.4644138400,10.9626044800,11.1749084400,7951442,91816700.1200,7.356100,-0.344200
2024-01-09,11.1749084400,11.4451134800,11.0494561000,11.2617600600,6442112,75133330.2800,5.959800,0.777200
2024-01-10,11.1845586200,11.2810604200,10.9336539400,11.2328095200,5939400,68548678.0400,5.494700,-0.257100
2024-01-11,11.1749084400,11.4258131200,11.0301557400,11.3486116800,5439785,63493620.5000,5.032500,1.030900
2024-01-12,11.2714102400,11.4451134800,10.9529543000,10.9915550200,6100134,70542173.3700,5.643400,-3.146300
2024-01-15,10.9915550200,11.1942088000,10.8275019600,11.0880568200,4537337,51983060.0600,4.197600,0.878000
2024-01-16,11.0977070000,11.1652582600,10.8757528600,11.0398059200,5418668,61918646.9900,5.013000,-0.435200
2024-01-17,11.0108553800,11.0784066400,10.6634489000,10.6634489000,4238700,47614383.0000,3.921300,-3.409100
2024-01-18,10.6344983600,10.7020496200,9.8817843200,10.1809399000,6715515,71120598.0500,6.212700,-4.524900
2024-01-19,10.1519893600,10.2195406200,9.7659821600,9.7852825200,4489615,46121048.8000,4.153500,-3.886300
2024-01-22,9.9686359400,9.9686359400,8.9553670400,9.0518688400,4842675,47180590.5000,4.480100,-7.495100
2024-01-23,9.0036179400,9.1001197400,8.6658616400,8.7141125400,5067066,46148610.9500,4.687700,-3.731300
2024-01-24,8.8588652400,9.1290702800,8.6176107400,8.9457168600,5605571,51485435.6100,5.185900,2.657800
2024-01-25,8.9457168600,9.3317240600,8.8878157800,9.3317240600,4742567,44960749.6700,4.387500,4.315000
2024-01-26,9.3317240600,9.4861269400,9.2352222600,9.2931233400,3641577,35314365.2700,3.368900,-0.413700
2024-01-29,9.3317240600,9.4282258600,8.9071161400,8.9457168600,2928400,27550082.0000,2.709100,-3.738300
2024-01-30,8.9457168600,8.9843175800,8.6176107400,8.6176107400,3577800,32570953.0000,3.309900,-3.667700
2024-01-31,8.6562114600,8.6755118200,7.9227977800,7.9710486800,4355468,37125303.1600,4.029400,-7.502800
2024-02-01,7.8938472400,8.0385999400,7.6332923800,7.8455963400,3967600,32189111.2200,3.670500,-1.573800
2024-02-02,7.8745468800,8.1061512000,7.1700837400,7.4402887800,4797378,37825148.5000,4.438200,-5.166100
2024-02-05,7.4113382400,7.4209884200,6.3015675400,6.4366700600,6253776,43046573.8800,5.785500,-13.489000
2024-02-06,6.3498184400,6.8709281600,5.8769596200,6.6489740200,7561896,49382143.0900,6.995700,3.298400
2024-02-07,6.6489740200,6.6489740200,5.9831116000,6.0506628600,8888434,58131077.4900,8.222900,-8.998500
2024-02-08,6.0410126800,6.8130270800,5.9348607000,6.8130270800,8988978,59626306.2200,8.316000,12.599700
2024-02-19,6.9770801400,7.3437869800,6.9384794200,7.1025324800,7690270,56945255.4900,7.114500,4.249300
2024-02-20,7.1025324800,7.3341368000,6.9674299600,7.2665855400,5956600,44424588.8200,5.510600,2.309800
2024-02-21,7.3051862600,7.6236422000,7.1507833800,7.3630873400,5575295,42902100.5300,5.157900,1.328000
2024-02-22,7.4306386000,7.6139920200,7.3148364400,7.6139920200,4970889,38633232.7300,4.598700,3.407600
2024-02-23,7.6718931000,7.9324479600,7.6043418400,7.9324479600,5397493,43443098.3100,4.993400,4.182500
2024-02-26,8.1544021000,8.4535576800,8.0675504800,8.2895046200,7890071,67524857.5000,7.299300,4.501200
2024-02-27,8.2219533600,8.5500594800,8.0868508400,8.5404093000,5719500,49371991.9700,5.291300,3.026800
2024-02-28,8.5500594800,8.7044623600,7.6718931000,7.6718931000,9108880,77545682.8700,8.426900,-10.169500
2024-02-29,7.5174902200,8.0675504800,7.4499389600,8.0482501200,6335649,51830536.1500,5.861300,4.905700
2024-03-01,8.0289497600,8.1930028200,8.0096494000,8.1640522800,4334850,36404826.5000,4.010300,1.438800
2024-03-04,8.1544021000,8.2412537200,7.8841970600,8.0965010200,4256893,35471251.8600,3.938200,-0.827400
2024-03-05,8.0965010200,8.1544021000,7.7973454400,7.8552465200,3185900,26168949.0000,2.947400,-2.979700
2024-03-06,7.8745468800,8.1544021000,7.8552465200,8.0579003000,4555678,37776025.4600,4.214600,2.579900
2024-03-07,8.1544021000,8.4921584000,8.1544021000,8.2316035400,6430976,55467814.8600,5.949500,2.155700
2024-03-08,8.3763562400,8.3956566000,8.0482501200,8.1833526400,3934080,33371987.4800,3.639500,-0.586200
2024-03-11,8.1254515600,8.3570558800,8.1254515600,8.3088049800,3729405,31910732.0300,3.450200,1.533000
2024-03-12,8.3088049800,8.4632078600,8.2316035400,8.4535576800,3914762,33977792.3700,3.621700,1.742200
2024-03-13,8.3667060600,8.5886602000,8.3667060600,8.4921584000,4320498,37969268.4200,3.997000,0.456600
2024-03-14,8.4728580400,8.6272609200,8.2798544400,8.3860064200,3939066,34492962.5100,3.644100,-1.250000
2024-03-15,8.3474057000,8.5693598400,8.2509039000,8.5500594800,4620866,40236795.2600,4.274900,1.956300
2024-03-18,8.5693598400,8.9071161400,8.5693598400,8.8685154200,5819995,52904920.0500,5.384200,3.724600
2024-03-19,8.8685154200,8.9553670400,8.7913139800,8.8492150600,3208965,29423864.7500,2.968700,-0.217600
2024-03-20,8.7913139800,9.0229183000,8.7913139800,8.9939677600,3240279,29888016.3500,2.997700,1.635800
2024-03-21,8.9843175800,9.0422186600,8.8395648800,8.9360666800,3158478,29243274.9400,2.922000,-0.643800
2024-03-22,8.9360666800,8.9553670400,8.4439075000,8.7237627200,5766700,51880013.0000,5.334900,-2.375800
2024-03-25,8.6851620000,8.7141125400,8.3570558800,8.3570558800,4100108,36389015.7700,3.793100,-4.203500
2024-03-26,8.4246071400,8.5307591200,8.2798544400,8.4825082200,3556631,30958829.0600,3.290300,1.501200
2024-03-27,8.5404093000,8.5693598400,8.1351017400,8.1351017400,3275522,28265594.4200,3.030300,-4.095600
2024-03-28,8.1544021000,8.4728580400,8.1351017400,8.3377555200,3473973,29978578.9500,3.213900,2.491100
2024-03-29,8.3281053400,8.5500594800,8.2991548000,8.5500594800,3116022,27206833.7400,2.882700,2.546300
2024-04-01,8.5211089400,8.8974659600,8.5211089400,8.8781656000,4699866,42482689.9500,4.348000,3.837500
2024-04-02,8.8781656000,9.0036179400,8.7334129000,8.9457168600,3167436,29104240.4500,2.930300,0.760900
2024-04-03,8.9553670400,8.9650172200,8.6272609200,8.8395648800,2640790,24007030.0700,2.443100,-1.186600
2024-04-08,8.7913139800,8.9360666800,8.5886602000,8.6658616400,4114850,37228065.3900,3.806800,-1.965100
2024-04-09,8.6369111000,8.7913139800,8.5983103800,8.7334129000,2413216,21714402.3000,2.232500,0.779500
2024-04-10,8.7816638000,8.9843175800,8.5404093000,8.5886602000,5657862,51153360.6000,5.234200,-1.657500
2024-04-11,8.5693598400,9.1966215400,8.2605540800,8.9360666800,10666800,97062488.8400,9.868200,4.044900
2024-04-12,9.0229183000,9.4089255000,8.9071161400,9.0132681200,13663785,129206743.7700,12.640700,0.863900
2024-04-15,8.9939677600,9.0904695600,8.1061512000,8.4439075000,11455621,101054587.7400,10.597900,-6.316900
2024-04-16,8.1447519200,8.2026530000,7.3051862600,7.3437869800,10348235,81755834.7700,9.573400,-13.028600
2024-04-17,7.5174902200,8.1254515600,7.5174902200,8.0965010200,6798286,55773634.7000,6.289300,10.249700
2024-04-18,8.1351017400,8.1351017400,7.7394443600,7.8262959800,5134149,41933397.3000,4.749700,-3.337300
2024-04-19,7.8166458000,7.9227977800,7.6815432800,7.7683949000,3503071,28202066.8100,3.240800,-0.739800
2024-04-22,7.8648967000,7.9034974200,7.3437869800,7.6815432800,4225797,33374284.3000,3.909400,-1.118000
2024-04-23,7.6525927400,7.9710486800,7.6525927400,7.9131476000,3649258,29741897.1000,3.376000,3.015100
2024-04-24,7.8938472400,8.1544021000,7.8745468800,8.1447519200,2884400,24032556.0000,2.668400,2.926800
2024-04-25,8.4439075000,8.8395648800,8.2316035400,8.5597096600,9564970,85039003.0400,8.848800,5.094800
2024-04-26,8.6176107400,8.6658616400,8.3956566000,8.5404093000,6425848,56975095.8100,5.944700,-0.225500
2024-04-29,8.5790100200,9.1966215400,8.5790100200,9.0132681200,8507302,78222459.0200,7.870300,5.536700
2024-04-30,8.8878157800,9.1387204600,8.8588652400,9.0518688400,5614797,52398660.1600,5.194400,0.428300
2024-05-06,9.1194201000,9.2931233400,9.0711692000,9.1869713600,5989567,57066231.8500,5.541100,1.492500
2024-05-07,9.2159219000,9.3317240600,9.1097699200,9.2159219000,4741533,45313738.1400,4.386500,0.315100
2024-05-08,9.1966215400,9.3220738800,9.1387204600,9.2255720800,4640050,44377274.5000,4.292600,0.104700
2024-05-09,9.2255720800,9.4089255000,9.1580208200,9.3896251400,4168200,40261376.0000,3.856100,1.778200
2024-05-10,9.3992753200,9.5054273000,9.1966215400,9.2738229800,5282702,50984021.3600,4.887200,-1.233300
2024-05-13,9.2448724400,9.2448724400,8.9843175800,9.1097699200,3241938,30698488.6200,2.999200,-1.769000
2024-05-14,9.1676710000,9.3799749600,9.1676710000,9.2448724400,3149500,30250404.0000,2.913700,1.483100
2024-05-15,9.2448724400,9.3799749600,9.1580208200,9.3220738800,3187600,30721916.0000,2.948900,0.835100
2024-05-16,9.3220738800,9.4668265800,9.1676710000,9.3510244200,2775500,26919068.0000,2.567700,0.310600
2024-05-17,9.3606746000,9.3992753200,9.1194201000,9.2545226200,2670000,25630927.0000,2.470100,-1.032000
2024-05-20,9.2545226200,9.3799749600,9.1869713600,9.2834731600,2609101,25143933.5900,2.413800,0.312800
2024-05-21,9.2834731600,9.6212294600,9.1483706400,9.5922789200,5267947,51621096.5200,4.873500,3.326400
2024-05-22,9.6598301800,9.6598301800,9.2448724400,9.2834731600,7687964,74436386.6100,7.112300,-3.219300
2024-05-23,9.2255720800,9.2834731600,9.0518688400,9.1290702800,4379800,41536412.0000,4.051900,-1.663200
2024-05-24,9.0808193800,9.2545226200,8.9939677600,9.0615190200,2726933,25845124.3900,2.522800,-0.740000
2024-05-27,9.0904695600,9.1773211800,8.9071161400,9.1676710000,2499400,23386892.0000,2.312300,1.171500
2024-05-28,9.1676710000,9.2448724400,8.9553670400,9.0808193800,1988500,18775849.0000,1.839600,-0.947400
2024-05-29,9.0615190200,9.2255720800,9.0132681200,9.0808193800,1880634,17799781.6200,1.739800,0.000000
2024-05-30,9.0711692000,9.2641728000,8.9939677600,9.0229183000,2100334,19859570.9000,1.943100,-0.637600
2024-05-31,9.0422186600,9.3799749600,9.0229183000,9.3220738800,3555800,34090744.0000,3.289600,3.315500
2024-06-03,9.2931233400,9.3896251400,9.0229183000,9.1387204600,3899500,37169683.0000,3.607500,-1.966900
2024-06-04,9.0904695600,9.0904695600,8.6369111000,8.7720136200,5559500,50414341.0000,5.143200,-4.012700
2024-06-05,8.8403221800,8.8403221800,8.5475962800,8.5573538100,2853708,25324576.2100,2.640000,-2.447200
2024-06-06,8.5671113400,8.6549291100,8.0206896600,8.0889923700,5274400,44510652.0000,4.879500,-5.473200
2024-06-07,8.2646279100,8.6061414600,8.2255977900,8.5573538100,5068800,43773628.0000,4.689300,5.790100
2024-06-11,8.5573538100,8.5768688700,8.1865676700,8.5573538100,3693561,31699581.5300,3.417000,0.000000
2024-06-12,8.5183236900,8.7720194700,8.4792935700,8.7720194700,2778418,24774657.3400,2.570400,2.508600
2024-06-13,8.7915345300,8.8695947700,8.6939592300,8.8012920600,3199333,28801241.3500,2.959800,0.333700
2024-06-14,8.7817770000,8.8793523000,8.6549291100,8.8012920600,2814473,25387817.9000,2.603700,0.000000
2024-06-17,8.7525044100,8.8695947700,8.6744441700,8.7525044100,2579433,23160092.9800,2.386300,-0.554300
2024-06-18,8.7915345300,8.9964426600,8.6842017000,8.9769276000,2910924,26549935.3900,2.693000,2.564100
2024-06-19,9.1037754900,9.1232905500,8.8403221800,8.8793523000,2160191,19702284.2800,1.998500,-1.087000
2024-06-20,8.7817770000,8.9086248900,8.6549291100,8.7134742900,2352900,21122504.0000,2.176700,-1.868100
2024-06-21,8.6744441700,8.7622619400,8.5378387500,8.7037167600,1973500,17572615.0000,1.825700,-0.112000
2024-06-24,8.5573538100,8.6451715800,8.2353553200,8.2841429700,2661900,22885122.0000,2.462600,-4.820600
2024-06-25,8.2841429700,8.5768688700,8.2841429700,8.4305059200,2640365,22790863.5200,2.442700,1.766800
2024-06-26,8.5378387500,8.7037167600,8.3134155600,8.6842017000,2642755,23201128.4600,2.444900,3.009300
2024-06-27,8.5475962800,8.8110495900,8.4890511000,8.5183236900,1953900,17277964.0000,1.807600,-1.910100
2024-06-28,8.7622619400,8.7720194700,8.3426881500,8.5573538100,3817000,33616924.0000,3.531200,0.458200
2024-07-01,8.5280812200,8.6451715800,8.3426881500,8.5866264000,2662229,23117667.4800,2.462900,0.342100
2024-07-02,8.5475962800,8.6061414600,8.4695360400,8.5183236900,1538612,13451189.6400,1.423400,-0.795500
2024-07-03,8.5573538100,8.5573538100,8.3036580300,8.3231730900,1798312,15438279.3600,1.663700,-2.291000
2024-07-04,8.3719607400,8.4402634500,7.9523869500,7.9816595400,2609334,21712065.8200,2.414000,-4.103200
2024-07-05,8.0889923700,8.1670526100,7.9035993000,8.0889923700,2175600,17922308.0000,2.012700,1.344700
2024-07-08,8.1572950800,8.1572950800,7.7377212900,7.7767514100,2580157,20824919.2900,2.387000,-3.860100
2024-07-09,7.8743267100,7.9914170700,7.5816008100,7.9523869500,2556223,20480417.6300,2.364800,2.258500
2024-07-10,7.9328718900,8.1280224900,7.8938417700,7.9621444800,1964433,16138046.6300,1.817400,0.122700
2024-07-11,8.0011746000,8.3231730900,7.9816595400,8.3036580300,2522174,21127705.0500,2.273100,4.289200
2024-07-12,8.2646279100,8.3719607400,8.1768101400,8.3134155600,2235540,18983544.4000,2.014800,0.117500
2024-07-15,8.2060827300,8.3231730900,8.0206896600,8.0402047200,2106090,17515819.7000,1.898100,-3.286400
2024-07-16,8.0206896600,8.1377800200,7.9328718900,7.9816595400,1488833,12234610.2800,1.341800,-0.728200
2024-07-17,8.0011746000,8.0304471900,7.7865089400,7.8060240000,1866800,15020974.0000,1.682500,-2.200500
2024-07-18,7.8157815300,7.8548116500,7.5328131600,7.7572363500,1819161,14269868.9500,1.639500,-0.625000
2024-07-19,7.6986911700,8.0402047200,7.6889336400,7.9231143600,2378122,19296783.8600,2.146800,2.138400
2024-07-22,7.9719020100,8.0987499000,7.9035993000,7.9719020100,2088980,17153846.8000,0.848500,0.615800
2024-07-23,8.0011746000,8.0402047200,7.7182062300,7.7182062300,2169801,17532047.9800,0.881400,-3.182400
2024-07-24,7.8157815300,7.8255390600,7.5913583400,7.6108734000,2189455,17174499.8900,0.889400,-1.390600
2024-07-25,7.5328131600,7.7767514100,7.4645104500,7.6499035200,1648200,12857003.0000,0.669500,0.512800
2024-07-26,7.6694185800,8.1280224900,7.6694185800,8.0499622500,2756300,22417320.0000,1.119600,5.229600
2024-07-29,7.9621444800,8.2255977900,7.9621444800,8.1085074300,2707381,22600120.0700,1.099700,0.727300
2024-07-30,8.0889923700,8.1182649600,7.8743267100,8.0792348400,2017500,16549529.0000,0.819500,-0.361000
2024-07-31,7.9231143600,8.4305059200,7.9231143600,8.4109908600,3093189,26136050.7300,1.256500,4.106300
2024-08-01,8.4792935700,8.5085661600,8.4109908600,8.4500209800,2329800,20222054.0000,0.946400,0.464000
2024-08-02,8.3426881500,8.5866264000,8.3231730900,8.3817182700,2415951,21015279.7000,0.981400,-0.808300
2024-08-05,8.4012333300,8.4109908600,7.9328718900,7.9426294200,2144746,17906516.0600,0.871200,-5.238600
2024-08-06,8.1865676700,8.2255977900,8.0011746000,8.1865676700,1961476,16334681.2200,0.796800,3.071300
2024-08-07,8.2158402600,8.2743854400,8.1572950800,8.2255977900,1312280,11051711.0000,0.533000,0.476800
2024-08-08,8.2255977900,8.2841429700,8.0499622500,8.2060827300,1461494,12253654.0400,0.593700,-0.237200
2024-08-09,8.2451128500,8.3524456800,8.1768101400,8.2158402600,1543500,13068482.0000,0.627000,0.118900
2024-08-12,8.2255977900,8.2255977900,8.0304471900,8.0987499000,1678500,13935356.0000,0.681800,-1.425200
2024-08-13,8.1085074300,8.2255977900,8.0206896600,8.2255977900,1141000,9528107.0000,0.463500,1.566300
2024-08-14,8.2353553200,8.3329306200,8.1670526100,8.2158402600,928300,7825516.0000,0.377100,-0.118600
2024-08-15,8.1963252000,8.3231730900,8.1085074300,8.2060827300,1345340,11341572.8000,0.546500,-0.118800
2024-08-16,8.1670526100,8.4305059200,8.1670526100,8.2743854400,1938580,16462781.1000,0.787500,0.832300
2024-08-19,8.2939005000,8.3524456800,8.1475375500,8.2548703800,1617657,13673965.4800,0.657100,-0.235800
2024-08-20,8.2451128500,8.2548703800,8.0402047200,8.0889923700,1503080,12532600.4000,0.610600,-2.009500
2024-08-21,8.0987499000,8.1670526100,7.9719020100,8.1280224900,1079172,8975467.6000,0.438400,0.482500
2024-08-22,8.0109321300,8.1377800200,7.9133568300,7.9231143600,1320700,10831610.0000,0.536500,-2.521000
2024-08-23,7.9523869500,7.9719020100,7.7279637600,7.8157815300,1955057,15653500.6600,0.794100,-1.354700
2024-08-26,7.7572363500,8.0499622500,7.7084487000,7.9719020100,1794301,14593884.0000,0.728800,1.997500
2024-08-27,7.9621444800,7.9621444800,7.7279637600,7.7865089400,1899301,15231560.8600,0.771500,-2.325600
2024-08-28,8.2158402600,8.9378974800,8.1670526100,8.4305059200,11684183,101529499.5600,4.746100,8.270700
2024-08-29,8.2451128500,8.8695947700,8.2255977900,8.5866264000,12222537,107912778.9300,4.964800,1.851900
2024-08-30,8.5671113400,8.6646866400,8.4109908600,8.5671113400,9788152,85859345.0300,3.976000,-0.227300
2024-09-02,8.6354140500,8.6939592300,8.5280812200,8.5866264000,6200268,54674939.7900,2.518600,0.227800
2024-09-03,8.4890511000,8.7720194700,8.4890511000,8.6451715800,4807035,42676408.2500,1.952600,0.681800
2024-09-04,8.5963839300,8.7329893500,8.5768688700,8.6842017000,3433991,30504532.8000,1.394900,0.451500
2024-09-05,8.6061414600,8.8012920600,8.5963839300,8.6549291100,2944900,26153110.8000,1.196200,-0.337100
2024-09-06,8.6354140500,8.6744441700,8.4890511000,8.4890511000,3163400,27771773.0000,1.285000,-1.916600
2024-09-09,8.3817182700,8.5378387500,8.3329306200,8.4597785100,1848280,15997293.4000,0.750800,-0.344800
2024-09-10,8.4695360400,8.5866264000,8.3914758000,8.5768688700,1942700,16892708.0000,0.789100,1.384100
2024-09-11,8.5378387500,8.6646866400,8.5085661600,8.5768688700,2355000,20736389.0000,0.956600,0.000000
2024-09-12,8.5963839300,8.6744441700,8.5475962800,8.5671113400,2265203,20020288.2400,0.920100,-0.113800
2024-09-13,8.5768688700,8.6646866400,8.4695360400,8.4695360400,2174800,19034932.0000,0.883400,-1.139000
2024-09-18,8.4988086300,8.5671113400,8.2841429700,8.4792935700,2295000,19725523.0000,0.932200,0.115200
2024-09-19,8.4695360400,8.7134742900,8.4402634500,8.6646866400,2590120,22812590.4000,1.052100,2.186400
2024-09-20,8.5768688700,8.6061414600,8.3719607400,8.4402634500,2796826,24282084.0200,1.136100,-2.590100
2024-09-23,8.4500209800,8.4792935700,8.2353553200,8.2939005000,3295714,28083171.5700,1.338700,-1.734100
2024-09-24,8.3426881500,8.5963839300,8.2548703800,8.5963839300,3645728,31496918.1200,1.480900,3.647100
2024-09-25,8.6354140500,8.8500797100,8.5963839300,8.6354140500,3766628,33710338.4800,1.530000,0.454000
2024-09-26,8.7232318200,8.7817770000,8.5085661600,8.7817770000,4678400,41532804.0000,1.900400,1.694900
2024-09-27,8.9086248900,9.3672288000,8.7915345300,9.2208658500,5965520,55463996.0000,2.423200,5.000000
2024-09-30,9.5233492800,10.4893447500,9.2403809100,10.4307995700,12416080,125869642.2000,5.043400,13.121700
2024-10-08,12.1286097900,12.1286097900,10.4698296900,11.4943703400,14769020,171182682.3000,5.999200,10.196400
2024-10-09,11.0260089000,11.1821293800,10.1478312000,10.1868613200,10568637,115171092.6200,4.293000,-11.375200
2024-10-10,10.3917694500,10.7137679400,10.1868613200,10.4210420400,6390478,68631568.9800,2.595800,2.298900
2024-10-11,10.5381324000,10.5381324000,9.8258327100,9.9526806000,5837500,60186019.0000,2.371200,-4.494400
2024-10-14,9.9526806000,10.7137679400,9.8551053000,10.4210420400,6225584,65335221.2000,2.528800,4.705900
2024-10-15,10.3137092100,10.5381324000,10.1283161400,10.2649215600,4350596,46207989.9200,1.767200,-1.498100
2024-10-16,10.0990435500,10.4991022800,10.0990435500,10.3624968600,3798917,40316784.7500,1.543100,0.950600
2024-10-17,10.4112845100,10.5478899300,10.2649215600,10.3137092100,3890800,41526143.8900,1.580400,-0.470800
2024-10-18,10.2454065000,10.9577061900,10.2454065000,10.7723131200,6053930,65986137.0000,2.459100,4.446500
2024-10-21,10.7625555900,11.1235842000,10.7137679400,11.0162513700,7098720,79464568.1000,2.883500,2.264500
2024-10-22,10.9284336000,11.5138854000,10.8406158300,11.3187348000,8443499,96572610.5700,3.429800,2.745800
2024-10-23,11.1430992600,11.3284923300,10.9479486600,11.2894622100,7729627,88167621.4700,3.139800,-0.258600
2024-10-24,11.1528567900,11.4358251600,11.0455239600,11.3870375100,5902903,68300288.4000,2.397800,0.864300
2024-10-25,11.3967950400,11.6797634100,11.2699471500,11.3870375100,8334279,97610157.0000,3.385400,0.000000
2024-10-28,11.5041278700,11.5041278700,11.1528567900,11.2894622100,6876415,79574298.4500,2.793200,-0.856900
2024-10-29,11.2699471500,11.4650977500,11.1333417300,11.1723718500,6113194,70766644.6100,2.483200,-1.037200
2024-10-30,11.0455239600,11.2504320900,10.9381911300,11.0455239600,4173893,47329858.6900,1.695400,-1.135400
2024-10-31,11.1235842000,11.3284923300,10.9479486600,11.2211595000,5698444,65088980.8800,2.314700,1.590100
2024-11-01,11.2114019700,11.2114019700,10.7820706500,10.8601308900,4278721,48085323.1000,1.738000,-3.217400
2024-11-04,10.8796459500,11.4065525700,10.8406158300,11.3284923300,5533061,63478065.1800,2.247500,4.312700
2024-11-05,11.3089772700,11.4748552800,11.0845540800,11.4455826900,7001196,81223432.0400,2.843900,1.033600
2024-11-06,11.5144731000,11.6719359800,11.3176445000,11.4554245200,5676039,66167981.7900,2.305600,0.086000
2024-11-07,11.4554245200,11.5243145300,11.2979616400,11.5046316700,5189027,60287141.8300,2.107800,0.429600
2024-11-08,11.5932045400,11.6325702600,11.3668516500,11.3963759400,4625203,54048852.4500,1.878800,-0.941000
2024-11-11,11.3668516500,11.6719359800,11.3373273600,11.6620945500,5650419,66153658.5800,2.295200,2.331600
2024-11-12,11.6620945500,11.7900331400,11.3471687900,11.4652659500,6297839,74075280.4400,2.558200,-1.687800
2024-11-13,11.4160588000,11.4849488100,11.1011330400,11.3373273600,4733985,54151270.6000,1.922900,-1.115900
2024-11-14,11.3373273600,11.4160588000,10.9436701600,11.0027187400,3399300,38499794.1200,1.380800,-2.951400
2024-11-15,10.9043044400,11.1208159000,10.6779515500,10.7468415600,3586000,39901144.0000,1.456600,-2.325600
2024-11-18,10.8157315700,10.9535115900,10.2941357800,10.3925500800,4762193,50951368.7000,1.934400,-3.296700
2024-11-19,10.4712815200,10.8452558600,10.3827086500,10.8255730000,3616000,39021685.0000,1.468800,4.166700
2024-11-20,10.7468415600,11.1306573300,10.7468415600,11.0814501800,3113146,34749626.6200,1.264600,2.363600
2024-11-21,11.0519258900,11.0814501800,10.7468415600,10.9338287300,2715500,30169123.0000,1.103000,-1.332100
2024-11-22,10.8354144300,11.0420844600,10.3335015000,10.3827086500,3385100,36538656.0000,1.375000,-5.040500
2024-11-25,10.3925500800,10.6385858300,10.3335015000,10.5598543900,2977385,31710370.3000,1.209400,1.706200
2024-11-26,10.5106472400,10.6877929800,10.4220743700,10.4712815200,1884900,20204843.0000,0.765600,-0.838800
2024-11-27,10.6090615400,10.6090615400,10.1366729000,10.5992201100,3386283,35658320.4200,1.375500,1.221800
2024-11-28,10.6582686900,10.7665244200,10.5893786800,10.6484272600,2662569,28903928.5400,1.081500,0.464300
2024-11-29,10.5401715300,10.8747801500,10.5401715300,10.8255730000,3266300,35601199.0000,1.326800,1.663600
2024-12-02,10.8846215800,11.1798644800,10.8255730000,11.1700230500,3456660,38834997.0000,1.404100,3.181800
2024-12-03,11.1700230500,11.6916188400,11.0519258900,11.3865345100,6012951,69432461.8500,2.442500,1.938300
2024-12-04,11.3176445000,11.6325702600,11.2881202100,11.4062173700,4821640,56212122.0000,1.958600,0.172900
2024-12-05,11.3668516500,11.6030459700,11.3176445000,11.4947902400,3578000,41777676.0000,1.453400,0.776500
2024-12-06,11.5046316700,11.5735216800,11.2389130600,11.4259002300,3717600,42989227.0000,1.510100,-0.599300
2024-12-09,11.4554245200,11.5636802500,11.3471687900,11.4751073800,4599500,53520995.0000,1.868300,0.430700
2024-12-10,11.7605088500,11.8589231500,11.4947902400,11.5636802500,4493620,53370577.6000,1.825300,0.771900
2024-12-11,11.4652659500,11.5341559600,11.3078030700,11.4751073800,3262500,37813639.0000,1.325200,-0.766000
2024-12-12,11.4849488100,11.6227288300,11.2881202100,11.5144731000,3635600,42237128.0000,1.476800,0.343100
2024-12-13,11.4357416600,11.5144731000,11.2192302000,11.2487544900,3212364,37040890.3600,1.304900,-2.307700
2024-12-16,11.2487544900,11.3668516500,11.0814501800,11.1897059100,2928240,33292966.6000,1.189500,-0.524900
2024-12-17,11.1798644800,11.1798644800,10.7370001300,10.8550972900,4532913,50342588.0400,1.841300,-2.990300
2024-12-18,10.8550972900,11.0027187400,10.6287444000,10.8550972900,4266000,47036752.0000,1.732900,0.000000
2024-12-19,10.7468415600,11.0420844600,10.6681101200,10.9830358800,3884500,42960066.0000,1.577900,1.178600
2024-12-20,10.9830358800,11.4062173700,10.9239873000,11.2979616400,4397400,50184064.0000,1.786200,2.867400
2024-12-23,11.1897059100,11.3078030700,10.6287444000,10.7074758400,4136900,45944418.0000,1.680400,-5.226500
2024-12-24,10.7468415600,11.1404987600,10.7370001300,11.0027187400,5704280,63402891.6700,2.317100,2.757400
2024-12-25,10.9633530200,10.9928773100,10.5303301000,10.7763658500,4644368,50747378.7000,1.886500,-2.057200
2024-12-26,10.8649387200,11.0125601700,10.7370001300,10.9338287300,3838402,42556508.7000,1.559200,1.461200
2024-12-27,11.0716087500,11.1995473400,10.9633530200,11.0322430300,4849500,54720188.0000,1.969900,0.900100
2024-12-30,11.0420844600,11.1306573300,10.6877929800,10.9239873000,3490419,38792572.7100,1.417800,-0.981300
2024-12-31,10.9928773100,11.0224016000,10.5696958200,10.6189029700,3465053,37869203.3500,1.407500,-2.792800
2025-01-02,10.5598543900,10.7074758400,10.1268314700,10.2449286300,3991733,42277485.8500,1.621400,-3.521800
2025-01-03,10.3138186400,10.3827086500,9.6839671200,9.7134914100,4863600,49386379.9400,1.975600,-5.187300
2025-01-06,9.7036499800,9.8611128600,9.3493585000,9.6642842600,3827100,37464127.0000,1.554600,-0.506600
2025-01-07,9.6347599700,9.9103200100,9.5560285300,9.9103200100,3156400,31271883.0000,1.282100,2.545800
2025-01-08,9.8807957200,9.9398443000,9.4280899400,9.7430157000,3723662,36618240.5000,1.512600,-1.688200
2025-01-09,9.6446014000,9.9103200100,9.6249185400,9.7725399900,2624500,26175251.0000,1.066100,0.303000
2025-01-10,9.7626985600,9.9300028700,9.5953942500,9.5953942500,2527200,25077621.0000,1.026500,-1.812700
2025-01-13,9.5461871000,9.8217471400,9.3591999300,9.6938085500,2798600,27336721.0000,1.136800,1.025600
2025-01-14,9.8315885700,10.4122329400,9.7134914100,10.3531843600,5412815,55695157.9500,2.198700,6.802000
2025-01-15,10.3630257900,10.5106472400,10.2154043400,10.2744529200,3028800,31742765.0000,1.230300,-0.760500
2025-01-16,10.3531843600,10.4417572300,10.0481000300,10.0973071800,3260300,33899526.0000,1.324300,-1.724100
2025-01-17,10.1366729000,10.1760386200,9.9693685900,10.1366729000,2353700,24154432.0000,0.956100,0.389900
2025-01-20,10.2154043400,10.7862072800,10.1858800500,10.6385858300,6383100,68625794.0000,2.592800,4.951500
2025-01-21,10.6779515500,11.1011330400,10.5303301000,11.0224016000,7032899,77751229.0500,2.856800,3.607800
2025-01-22,10.8550972900,11.0224016000,10.7566829900,10.8649387200,4307300,47640703.0000,1.749600,-1.428600
2025-01-23,10.8747801500,11.1897059100,10.8747801500,10.9239873000,4180433,46833580.6200,1.698100,0.543500
2025-01-24,10.8649387200,11.0617673200,10.8058901400,11.0617673200,3694400,41081277.0000,1.500700,1.261300
2025-01-27,10.9731944500,11.1208159000,10.8846215800,10.9535115900,4024296,45016614.4400,1.634700,-0.978600
2025-02-05,11.0224016000,11.1306573300,10.8550972900,10.8944630100,4272373,47620112.5100,1.735400,-0.539100
2025-02-06,10.8255730000,11.1109744700,10.8255730000,11.0519258900,4846233,54063673.2700,1.968500,1.445300
2025-02-07,11.0519258900,11.1700230500,10.9043044400,11.0420844600,4706500,52844730.3500,1.911800,-0.089000
2025-02-10,11.1404987600,11.1503401900,10.8157315700,10.9731944500,5102453,56650667.9500,2.072600,-0.623900
2025-02-11,10.9830358800,11.0224016000,10.8255730000,10.9830358800,3685400,40919448.4000,1.497000,0.089700
2025-02-12,11.0027187400,11.2684373500,10.9239873000,11.0814501800,5371640,60594989.4000,2.182000,0.896100
2025-02-13,11.0617673200,11.1208159000,10.6484272600,10.6877929800,4949696,54489474.1200,2.010600,-3.552400
2025-02-14,10.7074758400,10.8649387200,10.6189029700,10.7271587000,3868242,42159137.8600,1.571300,0.368300
2025-02-17,10.6877929800,11.4160588000,10.6779515500,11.2192302000,8222900,92282998.0000,3.340100,4.587200
2025-02-18,11.2881202100,12.0262274600,11.1995473400,11.4849488100,17156921,203790158.8000,6.969100,2.368400
2025-02-19,11.6128874000,11.9278131600,11.3471687900,11.8392402900,13369786,159635216.3300,5.430800,3.084800
2025-02-20,11.6817774100,11.9671788800,11.5538388200,11.8982888700,10114426,120680462.1800,4.108500,0.498800
2025-02-21,11.8392402900,12.5182989600,11.8392402900,12.2328974900,13282874,164652606.3000,5.395500,2.812200
2025-02-24,12.1836903400,12.3214703600,11.9278131600,12.1148003300,9088097,111729333.0700,3.691600,-0.965400
2025-02-25,11.9278131600,12.2624217800,11.9278131600,12.1836903400,6919506,85349360.5500,2.810700,0.568600
2025-02-26,12.2328974900,12.8627490100,12.1738489100,12.5576646800,11724629,150356039.4400,4.762500,3.069500
2025-02-27,12.5182989600,12.5871889700,12.0557517500,12.3116289300,9329909,116642770.8200,3.789800,-1.959200
2025-02-28,12.2132146300,12.4198846600,11.9081303000,11.9376545900,5843791,71478983.1500,2.373800,-3.037600
2025-03-03,12.0459103200,12.4100432300,11.8490817200,11.9868617400,7157665,88020223.9700,2.907400,0.412200
2025-03-04,11.9376545900,12.7249689900,11.9081303000,12.5576646800,9781624,123911167.8800,3.973300,4.761900
2025-03-05,12.5182989600,12.7643347100,12.3509946500,12.6363961200,8766540,112053209.2000,3.561000,0.627000
2025-03-06,12.7052861300,12.7151275600,12.4494089500,12.4887746700,7133155,91087029.0700,2.897500,-1.168200
2025-03-07,12.6265546900,12.8135418600,12.4986161000,12.6659204100,8347464,107209271.2400,3.390700,1.418400
2025-03-10,12.8430661500,13.1087847600,12.5871889700,12.7348104200,8921151,116189108.0500,3.623800,0.543900
2025-03-11,12.6856032700,12.8037004300,12.3608360800,12.5675061100,7603819,96986508.0600,3.088700,-1.313800
2025-03-12,12.5576646800,12.6659204100,12.3017875000,12.5773475400,6247500,79330963.3500,2.537700,0.078300
2025-03-13,12.5970304000,12.6265546900,12.1246417600,12.3411532200,5159700,64381269.0000,2.095900,-1.877900
2025-03-14,12.2821046400,12.4100432300,12.0655931800,12.3214703600,5029500,62651675.0000,2.043000,-0.159500
2025-03-17,12.4002018000,12.8332247200,12.3214703600,12.7348104200,7061600,90265555.0400,2.868400,3.354600
2025-03-18,12.7348104200,13.2071990600,12.6265546900,13.1186261900,9866040,129734719.2000,4.007600,3.013900
2025-03-19,12.9906876000,13.2268819200,12.9611633100,13.0891019000,7133413,94588098.6000,2.897600,-0.225100
2025-03-20,13.0398947500,14.3488049400,12.9906876000,13.9453063100,18727749,261602928.3300,7.607200,6.541400
2025-03-21,13.6894291300,13.8468920100,13.1776747700,13.3548205100,14735005,201478807.7200,5.985400,-4.234300
2025-03-24,13.3154547900,13.3154547900,12.2427389200,12.5478232500,11887365,153587456.0500,4.828700,-6.042700
2025-03-25,12.4592503800,12.7938590000,12.4002018000,12.4690918100,7144000,91348891.0000,2.901900,-0.627500
2025-03-26,12.4395675200,12.9808461700,12.4395675200,12.8135418600,6460394,83955354.2400,2.624200,2.762400
2025-03-27,12.7446518500,12.7938590000,12.3313117900,12.4789332400,5714972,72864843.0400,2.321400,-2.611400
2025-03-28,12.4100432300,12.7052861300,12.3116289300,12.4198846600,4422900,56059419.0000,1.796600,-0.473200
2025-03-31,12.3313117900,12.4100432300,11.8097160000,12.1738489100,5669600,69396708.0000,2.303000,-1.981000
2025-04-01,12.1344831900,12.3608360800,12.1049589000,12.1836903400,3688200,45823893.0000,1.498100,0.080800
2025-04-02,12.1935317700,12.5970304000,12.1148003300,12.3116289300,4065919,51250039.1100,1.651600,1.050100
2025-04-03,12.2033732000,12.3509946500,11.6916188400,11.7801917100,5413081,65791631.6200,2.198800,-4.316500
2025-04-07,10.8747801500,11.0027187400,9.4280899400,9.5068213800,10302990,105832711.6000,4.185100,-19.298200
2025-04-08,9.9398443000,10.2842943500,9.5068213800,9.7725399900,9783200,98366564.0000,3.973900,2.795000
2025-04-09,9.6446014000,10.0087343100,8.8671284300,9.9496857300,10575700,102710460.8100,4.295900,1.812700
2025-04-10,10.2842943500,10.5598543900,10.1465143300,10.1661971900,7121600,74886615.0000,2.892800,2.176100
2025-04-11,9.9988928800,10.6189029700,9.9988928800,10.4417572300,7431600,78829185.0000,3.018700,2.710600
2025-04-14,10.5893786800,10.7074758400,10.4417572300,10.4614400900,5690400,61052250.0000,2.311400,0.188500
2025-04-15,10.4515986600,10.7566829900,10.3827086500,10.7271587000,5462000,58992009.0000,2.218700,2.540000
2025-04-16,10.6877929800,10.7468415600,10.2055629100,10.4712815200,4727300,50321291.0000,1.920200,-2.385300
2025-04-17,10.4515986600,10.6484272600,10.3433429300,10.4712815200,3465400,37024580.0000,1.407600,0.000000
2025-04-18,10.5106472400,10.7468415600,10.4220743700,10.6189029700,4857033,52439992.0800,1.972900,1.409800
2025-04-21,10.5893786800,11.1109744700,10.4909643800,11.0617673200,5224400,57528159.0000,2.122200,4.170500
2025-04-22,10.9633530200,11.0224016000,10.7960487100,10.8452558600,3967100,43786443.0000,1.611400,-1.957300
2025-04-23,10.9043044400,11.2585959200,10.8944630100,11.2093887700,5238200,59097843.0000,2.127800,3.357500
2025-04-24,11.1995473400,11.4062173700,11.0716087500,11.2487544900,5393600,61663918.0000,2.190900,0.351200
2025-04-25,11.4160588000,11.5144731000,11.1109744700,11.4455830900,4824700,55585047.0000,1.959800,1.749800
2025-04-28,11.3865345100,11.4259002300,10.7074758400,10.8944630100,10219440,113328839.8000,4.151100,-4.815100
2025-04-29,10.8157315700,11.2093887700,10.7271587000,11.1503401900,7369600,82900353.0000,2.993500,2.348700
2025-04-30,11.1208159000,11.3078030700,11.1011330400,11.1503401900,4663900,53038471.0000,1.894500,0.000000
2025-05-06,11.2290716300,11.4357416600,11.1601816200,11.3963759400,7681637,88123560.4300,3.120300,2.206500
2025-05-07,11.4947902400,11.7605088500,11.4357416600,11.5833631100,8673998,102280798.6000,3.523400,1.640800
2025-05-08,11.6424116900,12.4297260900,11.5735216800,12.2230560600,17630119,217107515.8900,7.161400,5.522500
2025-05-09,12.8430661500,12.8430661500,12.1640074800,12.2132146300,17829798,224384854.9900,7.242500,-0.080500
2025-05-12,12.3313117900,12.4690918100,12.0262274600,12.1049589000,10778698,133488157.4400,4.378300,-0.886400
2025-05-13,12.2919460700,12.3608360800,12.0262274600,12.2132146300,7808300,96608320.0000,3.171700,0.894300
2025-05-14,12.3214703600,12.8430661500,12.1640074800,12.5871889700,16448712,208238889.1000,6.681500,3.062000
2025-05-15,12.3608360800,12.4494089500,11.9671788800,12.0557517500,11027700,135753150.0000,4.479500,-4.222000
2025-05-16,12.0065446000,12.7052861300,11.9967031700,12.6068718300,13067518,165276407.1800,5.308000,4.571400
2025-05-19,12.6068718300,12.6068718300,12.1344831900,12.2919460700,9848718,123016888.2000,4.000600,-2.498000
2025-05-20,12.3017875000,13.1186261900,12.1836903400,12.9808461700,17224000,223314259.0000,6.996400,5.604500
2025-05-21,12.8725904400,12.9710047400,12.4986161000,12.7052861300,11569740,148851155.8800,4.699600,-2.122800
2025-05-22,12.5970304000,12.7938590000,12.2821046400,12.3214703600,9276140,117625905.6000,3.768000,-3.020900
2025-05-23,12.3411532200,12.9316390200,12.1541660500,12.4592503800,12953016,165715873.5600,5.261500,1.118200
2025-05-26,12.4395675200,12.5281403900,12.3214703600,12.5084575300,7123101,90082281.6500,2.893400,0.394900
2025-05-27,12.4789332400,12.5379818200,12.2033732000,12.3805189400,5399200,67838789.0000,2.193200,-1.022800
2025-05-28,12.3903603700,12.6363961200,12.2230560600,12.4789332400,8688600,109885119.0000,3.529300,0.794900
2025-05-29,12.3608360800,12.7840175700,12.3608360800,12.6265546900,9650354,123785198.5800,3.920000,1.183000
2025-05-30,12.5576646800,12.6167132600,11.8392402900,11.8687645800,11800700,144771970.0000,4.793400,-6.001600
2025-06-03,11.8490817200,12.0655931800,11.7309845600,12.0459103200,6561100,79543510.0000,2.665100,1.492500
2025-06-04,12.0557517500,12.2328974900,11.9770203100,12.0655931800,4578654,56238864.3600,1.859900,0.163400
2025-06-05,12.0655897600,12.2144251600,11.9862108800,12.1945804400,5106700,62497809.0000,2.074300,1.069100
2025-06-06,12.1648133600,12.1648133600,11.9663661600,12.0655897600,4224000,51241790.0000,1.715800,-1.057800
2025-06-09,12.0755121200,12.4823288800,12.0655897600,12.2640369600,5788100,71341398.0000,2.351100,1.644700
2025-06-10,12.2342698800,12.3334934800,11.7679189600,11.9465214400,8096700,98273123.0000,3.288900,-2.589000
2025-06-11,11.9365990800,12.0953568400,11.9068320000,11.9862108800,4573400,55358080.0000,1.857700,0.332200
2025-06-12,11.9961332400,12.4922512400,11.8373754800,12.4029500000,10093618,125032231.5400,4.100000,3.476800
2025-06-13,12.3037264000,12.5716301200,12.1548910000,12.2243475200,8973500,111618826.0000,3.645000,-1.440000
2025-06-16,12.1052792000,12.5914748400,12.1052792000,12.1846580800,8931500,111469847.0000,3.628000,-0.324700
2025-06-17,12.1747357200,12.2739593200,11.8869872800,12.0159779600,6125089,74234926.3400,2.488000,-1.384400
2025-06-18,11.9564438000,12.0159779600,11.8076084000,11.8969096400,3918340,46925037.6000,1.591600,-0.990900
2025-06-19,11.8175307600,11.9564438000,11.4801705200,11.5198599600,5287900,62325005.0000,2.147900,-3.169300
2025-06-20,11.4702481600,11.6587730000,11.3511798400,11.3710245600,3568733,41232606.8500,1.449600,-1.292000
2025-06-23,11.3611022000,11.5694717600,11.3214127600,11.5198599600,2780900,32170011.0000,1.129600,1.308900
2025-06-24,11.5198599600,12.0060556000,11.5099376000,11.9762885200,5015900,59847120.0000,2.037500,3.962100
2025-06-25,11.9862108800,12.1052792000,11.8472978400,11.9762885200,3837800,46295863.0000,1.558900,0.000000
2025-06-26,11.9862108800,12.0159779600,11.7480742400,11.7976860400,4548001,54498631.0300,1.847400,-1.491300
2025-06-27,11.8175307600,11.9167543600,11.7877636800,11.8572202000,3544900,42325562.0000,1.439900,0.504600
2025-06-30,11.9068320000,12.2640369600,11.8770649200,12.1945804400,6282000,76648359.0000,2.551800,2.845200
2025-07-01,12.1846580800,12.2144251600,12.0060556000,12.1945804400,4397600,53747635.0000,1.786300,0.000000
2025-07-02,12.2045028000,12.2045028000,11.9663661600,12.0457450400,3501001,42614631.1400,1.422100,-1.220500
2025-07-03,12.0259003200,12.1945804400,11.9663661600,12.1747357200,3614300,44050625.0000,1.468100,1.070800
2025-07-04,12.1350462800,12.1350462800,11.8671425600,11.8869872800,4260400,51483616.0000,1.730600,-2.363500
2025-07-07,11.8869872800,11.9465214400,11.7976860400,11.9365990800,2402900,28758773.0000,0.976100,0.417400
2025-07-08,11.9365990800,12.3632605600,11.8770649200,12.3136487600,6562640,80769224.0000,2.665700,3.158800
2025-07-09,12.3334934800,12.3930276400,12.1548910000,12.2045028000,4502700,55561947.0000,1.829000,-0.886400
2025-07-10,12.2045028000,12.2541146000,12.1152015600,12.2342698800,3447100,42289592.0000,1.400200,0.243900
2025-07-11,12.1747357200,12.2838816800,12.1052792000,12.1747357200,4214195,51690295.6500,1.696100,-0.486600
2025-07-14,12.2045028000,12.5914748400,12.1251239200,12.5319406800,7104666,88751146.2200,2.859500,2.934000
2025-07-15,12.4922512400,12.7601549600,12.4823288800,12.6311642800,7446968,94694884.1000,2.997300,0.791800
2025-07-16,12.6212419200,12.8593785600,12.5220183200,12.7303878800,5958230,76373339.8500,2.398100,0.785500
2025-07-17,12.7105431600,12.8196891200,12.6212419200,12.7105431600,5112980,65474183.4000,2.057900,-0.155900
2025-07-18,12.7799996800,12.9288350800,12.6013972000,12.8593785600,7255465,93445996.1000,2.920200,1.171000
2025-07-21,12.9685245200,13.4844872400,12.7998444000,13.1471270000,13017465,171969207.1000,5.239300,2.237700
2025-07-22,12.9982916000,14.3080431200,12.8990680000,13.8119251200,27686626,381514273.3200,11.143300,5.056600
2025-07-23,13.5241766800,13.6134779200,12.9486798000,12.9685245200,19128452,254479563.3100,7.698800,-6.106300
2025-07-24,12.9089903600,13.0677481200,12.7799996800,12.8395338400,10361434,134601938.5400,4.170300,-0.994600
2025-07-25,12.8395338400,12.8693009200,12.6510090000,12.7502326000,5819499,74776211.1900,2.342200,-0.695500
2025-07-28,12.7899220400,12.8494562000,12.7204655200,12.7998444000,4209699,54190764.0800,1.694300,0.389100
2025-07-29,12.7899220400,12.7899220400,12.6013972000,12.7006208000,5387100,68767800.0000,2.168200,-0.775200
2025-07-30,12.6807760800,12.7006208000,12.3831052800,12.5021736000,5748799,72518619.3100,2.313800,-1.562500
2025-07-31,12.5021736000,12.6609313600,12.3831052800,12.4327170800,4548200,57382457.0000,1.830600,-0.555600
2025-08-01,12.4327170800,12.6708537200,12.4029500000,12.5021736000,4337000,54762153.0000,1.745600,0.558700
2025-08-04,12.4327170800,13.0975152000,12.4327170800,13.0479034000,11002275,142530543.4500,4.428200,4.365100
2025-08-05,13.0379810400,13.0578257600,12.8990680000,13.0280586800,6314800,82524984.0000,2.541600,-0.152100
2025-08-06,12.9784468800,13.3356518400,12.9486798000,13.3257294800,7976601,106289567.1400,3.210400,2.284800
2025-08-07,13.2661953200,13.3455742000,13.1768940800,13.2562729600,5332902,71205902.8000,2.146400,-0.521200
2025-08-08,13.2463506000,13.5837108400,13.1173599200,13.3753412800,6397600,85742729.0000,2.574900,0.898200
2025-08-11,13.3753412800,13.6234002800,13.3158071200,13.5539437600,5876811,80261980.5800,2.365300,1.335300
2025-08-12,13.5440214000,13.6432450000,13.3852636400,13.6035555600,5803131,79115089.5500,2.335600,0.366000
2025-08-13,13.6035555600,13.6531673600,13.4150307200,13.5837108400,5068200,69155615.0000,2.039900,-0.145900
2025-08-14,13.5440214000,14.0401394000,13.3951860000,13.6829344400,12392891,170986225.2700,4.987900,0.730500
2025-08-15,13.5241766800,13.9210710800,13.5142543200,13.8119251200,10950410,151906184.5000,4.407300,0.942700
2025-08-18,13.8416922000,14.7644716800,13.6730120800,14.5957915600,18170433,261139015.4100,7.313200,5.675300
2025-08-19,14.4965679600,16.0742232000,14.3080431200,15.4094250800,32752266,504927980.6800,13.182100,5.574400
2025-08-20,15.1812108000,15.2605896800,14.7843164000,14.9133070800,14200188,213588275.1800,5.715300,-3.219600
2025-08-21,14.8835400000,14.8835400000,14.1889748000,14.3080431200,12891220,187717205.6400,5.188500,-4.058500
2025-08-22,14.3675772800,14.6354810000,14.2584313200,14.3278878400,8759533,126997592.1400,3.525500,0.138700
2025-08-25,14.4072667200,14.4767232400,14.0500617600,14.1691300800,9197918,131829989.9800,3.702000,-1.108000
2025-08-26,14.2385866000,14.6255586400,14.1691300800,14.3179654800,11026100,160154039.2600,4.437800,1.050400
2025-08-27,14.3874220000,14.6454033600,13.8714592800,13.8714592800,12431904,179404937.4000,5.003600,-3.118500
2025-08-28,13.8813816400,14.2584313200,13.6432450000,14.2584313200,10091975,141941502.3700,4.061800,2.789700
2025-08-29,14.3278878400,14.3576549200,13.8218474800,13.9210710800,7486100,105525868.0000,3.013000,-2.366000
2025-09-01,14.0302170400,14.0302170400,13.6630897200,13.7424686000,7101583,98784661.7400,2.858200,-1.283000
2025-09-02,13.7623133200,13.8714592800,13.1768940800,13.5043319600,8739400,118299499.0000,3.517400,-1.732900
2025-09-03,13.5737884800,13.6531673600,13.0379810400,13.0875928400,4953607,66304535.9700,1.993700,-3.086000
2025-09-04,13.0975152000,13.2463506000,12.6807760800,12.8593785600,5981400,78456362.0000,2.407400,-1.743700
2025-09-05,12.8792232800,13.2165835200,12.8593785600,13.1967388000,4981273,65653015.4100,2.004900,2.623500
2025-09-08,13.2265058800,13.5142543200,13.1669717200,13.4646425200,4869800,65588564.0000,1.960000,2.030100
2025-09-09,13.4249530800,13.4249530800,13.0875928400,13.2661953200,4353500,58181117.0000,1.752200,-1.473800
2025-09-10,13.2463506000,13.3356518400,13.0677481200,13.1471270000,3276100,43513779.0000,1.318600,-0.897500
2025-09-11,13.0975152000,13.3554965600,12.9288350800,13.3554965600,4578199,60923154.5700,1.842600,1.584900
2025-09-12,13.3554965600,13.3852636400,13.1570493600,13.2066611600,3614393,48305039.9800,1.454700,-1.114400
2025-09-15,13.1868164400,13.3257294800,13.0776704800,13.1868164400,3011650,40060801.0000,1.212100,-0.150300
2025-09-16,13.2463506000,13.4447978000,13.1471270000,13.4249530800,4792067,64323570.9700,1.928700,1.805900
2025-09-17,13.3753412800,13.8416922000,13.3753412800,13.7127015200,6509134,89708535.1700,2.619800,2.143400
2025-09-18,13.6928568000,13.8218474800,13.2265058800,13.4051083600,6758655,92611699.2800,2.720200,-2.243100
2025-09-19,13.4447978000,13.4447978000,13.0181363200,13.0677481200,5011300,66565608.0000,2.016900,-2.516700
2025-09-22,13.1372046400,13.2761176800,12.9486798000,13.0578257600,3663900,48275041.0000,1.474600,-0.075900
2025-09-23,13.0975152000,13.0975152000,12.4624841600,12.8891456400,5122491,65702053.8800,2.061700,-1.291800
2025-09-24,12.7998444000,13.1372046400,12.7502326000,13.1173599200,3998300,52415650.0000,1.609200,1.770600
2025-09-25,13.0479034000,13.1967388000,12.8593785600,12.8593785600,3435900,45074675.0000,1.382900,-1.966700
2025-09-26,12.8693009200,12.9784468800,12.6609313600,12.6609313600,4047300,52180565.0000,1.629000,-1.543200
2025-09-29,12.7105431600,12.9486798000,12.5517854000,12.8395338400,3339629,43055294.3900,1.344100,1.410700
2025-09-30,12.8693009200,12.9189127200,12.7006208000,12.7303878800,3447029,44341566.9400,1.387400,-0.850100
2025-10-09,12.7502326000,12.9089903600,12.7006208000,12.7899220400,2965400,38235016.0000,1.193500,0.467700
2025-10-10,12.7502326000,12.9883692400,12.6212419200,12.8593785600,4519996,58469343.3600,1.819200,0.543100
2025-10-13,12.5220183200,12.7799996800,12.1350462800,12.7799996800,5193100,65490612.0000,2.090100,-0.617300
2025-10-14,12.7899220400,12.9982916000,12.5914748400,12.6708537200,3964000,51122458.0000,1.595400,-0.854000
2025-10-15,12.6906984400,12.9982916000,12.5517854000,12.9982916000,3925410,50812049.8000,1.579900,2.584200
2025-10-16,12.9586021600,13.0479034000,12.7502326000,12.7799996800,2868110,37130568.7000,1.154400,-1.679400
2025-10-17,12.7900000000,12.8800000000,12.4600000000,12.4900000000,2879079,36373568.4500,1.158800,-2.269200
2025-10-20,12.5900000000,12.7400000000,12.5000000000,12.5900000000,2427800,30587973.7400,0.977100,0.800600
2025-10-21,12.5900000000,13.0300000000,12.5800000000,13.0200000000,3943088,50803449.6000,1.587000,3.415400
2025-10-22,12.9800000000,13.2600000000,12.9200000000,13.1400000000,4006600,52580493.0000,1.612600,0.921700
2025-10-23,13.0700000000,13.1400000000,12.8400000000,13.1300000000,3156200,40967027.0000,1.270300,-0.076100
2025-10-24,13.0800000000,13.3900000000,13.0800000000,13.3500000000,3819313,50775010.8200,1.537200,1.675600
2025-10-27,13.3900000000,13.9600000000,13.2600000000,13.7400000000,8978988,122562339.1900,3.613900,2.921300
2025-10-28,13.6600000000,14.4500000000,13.5700000000,14.3700000000,18381601,261109717.3000,7.398200,4.585200
2025-10-29,14.1600000000,14.5400000000,13.9000000000,14.0800000000,12704069,178891488.9600,5.113100,-2.018100
2025-10-30,13.9500000000,14.0900000000,13.6200000000,13.6700000000,7672299,106016494.2900,3.087900,-2.911900
2025-10-31,13.6600000000,14.3000000000,13.5900000000,13.8800000000,10134478,141728426.2400,4.078900,1.536200
2025-11-03,13.8900000000,14.0700000000,13.7000000000,13.8600000000,6212200,86074890.0000,2.500300,-0.144100
2025-11-04,13.7800000000,14.9700000000,13.6400000000,14.7600000000,23753950,342891561.7600,9.560500,6.493500
2025-11-05,14.4000000000,14.4300000000,13.9500000000,14.2300000000,17802165,252353940.4200,7.165000,-3.590800
2025-11-06,14.2200000000,14.2600000000,13.9100000000,13.9900000000,10601008,148747616.3700,4.266700,-1.686600
2025-11-07,13.8900000000,13.9800000000,13.7200000000,13.8100000000,8601004,118808732.4700,3.461700,-1.286600
2025-11-10,13.8100000000,14.0100000000,13.6600000000,13.9600000000,7397458,102559404.7600,2.977300,1.086200
2025-11-11,13.9000000000,13.9500000000,13.6000000000,13.6700000000,7231683,99276429.5300,2.910600,-2.077400
2025-11-12,13.6100000000,13.8800000000,13.6100000000,13.8000000000,5559080,76471754.5000,2.237400,0.951000
2025-11-13,13.8100000000,14.0300000000,13.6500000000,13.8800000000,6924130,96031971.7000,2.786800,0.579700
2025-11-14,13.7700000000,14.5200000000,13.7100000000,14.2800000000,16126366,229386176.3000,6.490500,2.881800
2025-11-17,14.3300000000,14.8500000000,14.1100000000,14.6400000000,16460557,239453994.2000,6.625000,2.521000
2025-11-18,14.5600000000,14.5600000000,14.0600000000,14.1700000000,11027882,156737687.8800,4.438500,-3.210400
2025-11-19,14.1400000000,14.1600000000,13.6700000000,13.8400000000,7731300,107423490.0000,3.111700,-2.328900
2025-11-20,13.8400000000,14.0400000000,13.4500000000,13.5600000000,6015813,81951163.2400,2.421200,-2.023100
2025-11-21,13.4800000000,13.5600000000,12.7000000000,12.8000000000,8824525,114764102.0600,3.551700,-5.604700
2025-11-24,12.8400000000,13.1200000000,12.7700000000,12.9900000000,4282900,55323321.0000,1.723800,1.484400
2025-11-25,13.0400000000,13.4200000000,13.0100000000,13.3100000000,5574156,74057599.0000,2.243500,2.463400
2025-11-26,13.3100000000,14.2500000000,13.2600000000,13.5900000000,10408045,143256705.4800,4.189000,2.103700
2025-11-27,13.5200000000,14.0200000000,13.5000000000,13.7900000000,8370300,115459634.0000,3.368900,1.471700
2025-11-28,13.7000000000,14.0700000000,13.6000000000,13.9800000000,6059900,83969690.8600,2.439000,1.377800
2025-12-01,13.9200000000,14.2500000000,13.9200000000,14.1300000000,6625047,93191747.5500,2.666500,1.073000
2025-12-02,14.0000000000,14.5700000000,13.9300000000,14.4100000000,10343391,147948116.7400,4.163000,1.981600
2025-12-03,14.4000000000,14.5000000000,14.2000000000,14.4800000000,9190700,131980122.0000,3.699100,0.485800
2025-12-04,14.4000000000,14.9700000000,14.3300000000,14.6300000000,16602156,244284649.8500,6.682000,1.035900
2025-12-05,14.5400000000,15.2900000000,14.3500000000,15.1700000000,21198357,316053084.1900,8.531900,3.691000
2025-12-08,15.0200000000,15.2100000000,14.6900000000,15.0900000000,18167641,271091904.8200,7.312100,-0.527400
2025-12-09,14.8800000000,15.7200000000,14.7300000000,15.4200000000,24265932,371000421.2800,9.766600,2.186900
2025-12-10,15.2100000000,15.8000000000,14.9100000000,14.9900000000,19487108,295787729.9600,7.843200,-2.788600
2025-12-11,14.9800000000,15.0200000000,14.4500000000,14.5000000000,15298608,224582904.9400,6.157400,-3.268800
2025-12-12,14.4400000000,16.0000000000,14.3000000000,15.2500000000,23273710,357706085.2000,9.367200,5.172400
2025-12-15,15.0800000000,15.3700000000,14.8000000000,14.8800000000,11322600,170325991.3800,4.557100,-2.426200
2025-12-16,14.8700000000,14.9900000000,14.2600000000,14.3500000000,8810470,127658415.2700,3.546000,-3.561800
2025-12-17,14.3500000000,15.1600000000,14.3500000000,14.6200000000,8837700,128819079.0000,3.557000,1.881500
2025-12-18,14.5800000000,14.6900000000,14.3600000000,14.4200000000,6072175,88065937.7500,2.443900,-1.368000
2025-12-19,14.4700000000,14.9500000000,14.4000000000,14.8200000000,7932487,116603294.6000,3.192700,2.773900
2025-12-22,14.9500000000,15.0300000000,14.5500000000,14.6300000000,6804900,99965560.0000,2.738800,-1.282100
2025-12-23,14.5100000000,15.3300000000,14.4300000000,15.2200000000,12768775,191519620.5000,5.139200,4.032800
2025-12-24,15.1800000000,15.3600000000,14.9200000000,15.2700000000,10393242,157803839.6100,4.183100,0.328500
2025-12-25,15.3500000000,15.6800000000,15.2200000000,15.5600000000,10003238,154903371.2500,4.026100,1.899100
2025-12-26,15.5500000000,15.5600000000,15.0100000000,15.2500000000,11288296,172405840.9400,4.543300,-1.992300
2025-12-29,15.2100000000,15.2500000000,14.8800000000,14.9100000000,7681416,115160944.3800,3.091600,-2.229500
2025-12-30,14.7700000000,15.0300000000,14.6400000000,14.7700000000,6299410,93244221.9600,2.535400,-0.939000
2025-12-31,14.7700000000,14.8100000000,14.3600000000,14.5800000000,5352233,77984867.2400,2.154200,-1.286400
2026-01-05,14.6900000000,14.9900000000,14.5900000000,14.7100000000,6649913,98253487.1000,2.676500,0.891600
2026-01-06,14.7600000000,14.8900000000,14.5000000000,14.6400000000,6618934,97041644.2100,2.664000,-0.475900
2026-01-07,14.5000000000,15.0800000000,14.4000000000,14.8600000000,8833461,131002274.7200,3.555300,1.502700
2026-01-08,14.7700000000,15.7500000000,14.7300000000,15.6900000000,15039795,232032688.3400,6.053200,5.585500
2026-01-09,16.0400000000,16.8700000000,15.5800000000,15.7100000000,16603053,266731486.5900,6.682400,0.127500
2026-01-12,15.8700000000,16.0200000000,15.3200000000,15.8000000000,10620590,166355782.7000,4.274600,0.572900
2026-01-13,15.8800000000,15.9400000000,15.3000000000,15.3500000000,8796675,136390182.6500,3.540500,-2.848100
2026-01-14,15.3800000000,15.4800000000,14.8400000000,15.1900000000,11339100,172778783.0000,4.563800,-1.042300
2026-01-15,15.0900000000,15.3100000000,14.9900000000,15.1500000000,6276800,94990512.0000,2.526300,-0.263300
2026-01-16,15.3100000000,16.3100000000,15.2400000000,16.0300000000,16694443,266013255.2400,6.719200,5.808600
2026-01-19,16.1700000000,16.2500000000,15.8200000000,16.1800000000,10877386,174922885.4400,4.377900,0.935700
2026-01-20,16.2000000000,16.7000000000,16.1300000000,16.3500000000,13665324,224654533.2000,5.500000,1.050700
2026-01-21,16.1900000000,16.6300000000,15.9900000000,16.5200000000,9021924,147714001.3600,3.631100,1.039800
2026-01-22,16.5000000000,16.7800000000,16.2500000000,16.4700000000,7644956,125459436.4300,3.076900,-0.302700
2026-01-23,16.4400000000,16.7400000000,16.0600000000,16.6700000000,11524546,188694809.6400,4.638400,1.214300
2026-01-26,16.5100000000,16.5100000000,15.6100000000,15.8000000000,12906228,205090905.7100,5.194500,-5.219000
2026-01-27,15.7800000000,15.8600000000,15.2300000000,15.8400000000,7025008,109500601.8900,2.827400,0.253200
2026-01-28,15.7500000000,16.0900000000,15.5300000000,15.7300000000,5498177,86743562.9800,2.212900,-0.694400
2026-01-29,15.7400000000,16.0500000000,15.1300000000,15.1800000000,7300803,113343490.5400,2.938400,-3.496500
2026-01-30,15.1100000000,15.6000000000,15.0000000000,15.3900000000,6255870,95851788.6600,2.517900,1.383400
2026-02-02,15.2900000000,15.5400000000,15.0900000000,15.0900000000,4542904,69466353.6900,1.828400,-1.949300
2026-02-03,15.3000000000,15.4300000000,15.1000000000,15.4300000000,4006100,61316838.0000,1.612400,2.253100
2026-02-04,15.4000000000,15.5000000000,15.0400000000,15.2100000000,4368800,66576652.0000,1.758400,-1.425800
2026-02-05,15.2100000000,15.2100000000,14.8700000000,14.9600000000,3777700,56667004.0000,1.520400,-1.643700
2026-02-06,14.8000000000,15.0900000000,14.6700000000,14.8500000000,3615090,53972378.6000,1.455000,-0.735300
2026-02-09,15.0400000000,15.2200000000,14.9900000000,15.1000000000,3424880,51692817.2000,1.378400,1.683500
2026-02-10,15.1900000000,15.1900000000,14.7700000000,14.7900000000,4523990,67381698.3000,1.820800,-2.053000
2026-02-11,14.8000000000,15.0000000000,14.7500000000,14.9100000000,2872100,42865360.0000,1.156000,0.811400
2026-02-12,14.9100000000,15.3000000000,14.8400000000,15.1400000000,4230618,64039088.6600,1.702700,1.542600
2026-02-13,15.0200000000,15.1900000000,14.9300000000,14.9300000000,2964500,44578119.0000,1.193200,-1.387100
2026-02-24,15.0600000000,15.2800000000,15.0600000000,15.2200000000,3411900,51863697.0000,1.373200,1.942400
2026-02-25,15.2200000000,15.3600000000,15.1400000000,15.3100000000,3966600,60622873.0000,1.596500,0.591300
2026-02-26,15.2400000000,15.6500000000,15.2000000000,15.6400000000,5071170,78504802.0300,2.041000,2.155500
2026-02-27,15.5700000000,15.5700000000,15.4100000000,15.5300000000,2910400,45095783.0000,1.171400,-0.703300
2026-03-02,15.3300000000,15.4000000000,14.8000000000,14.9600000000,5223598,78696689.8300,2.102400,-3.670300
2026-03-03,15.1500000000,15.1800000000,14.3100000000,14.3300000000,6108881,89831533.3900,2.458700,-4.211200
2026-03-04,14.3100000000,14.5400000000,14.0800000000,14.2800000000,3893200,55845911.0000,1.566900,-0.348900
2026-03-05,14.5400000000,14.7300000000,14.4600000000,14.6000000000,3239000,47319927.0000,1.303600,2.240900
2026-03-06,14.5000000000,15.0000000000,14.5000000000,14.9300000000,3945318,58672969.0400,1.587900,2.260300
2026-03-09,14.6700000000,14.7500000000,14.1700000000,14.4400000000,4903300,70545255.0000,1.973500,-3.282000
2026-03-10,14.6000000000,14.9700000000,14.5700000000,14.9400000000,3628075,53825914.1300,1.460200,3.462600
2026-03-11,14.9500000000,15.1300000000,14.7900000000,14.9300000000,3576984,53415601.3800,1.439700,-0.066900
2026-03-12,14.9100000000,15.0500000000,14.7400000000,14.8300000000,3891454,57777331.2800,1.566200,-0.669800
2026-03-13,14.7400000000,15.3900000000,14.6800000000,15.0000000000,5134380,77442202.2000,2.066500,1.146300
2026-03-16,14.8800000000,14.9700000000,14.5200000000,14.7400000000,3359100,49301844.0000,1.352000,-1.733300
2026-03-17,14.7900000000,14.8900000000,14.4200000000,14.4800000000,2722800,39963278.8200,1.095900,-1.763900
2026-03-18,14.5200000000,14.8200000000,14.4200000000,14.8100000000,2677500,39107508.0000,1.077600,2.279000
2026-03-19,14.6100000000,14.6700000000,14.1600000000,14.2400000000,3479600,49960931.0000,1.400500,-3.848800
2026-03-20,14.2600000000,14.3900000000,13.9000000000,13.9200000000,2930600,41358034.0000,1.179500,-2.247200
2026-03-23,13.6100000000,13.9000000000,12.9400000000,13.0600000000,5520962,73869754.0300,2.222100,-6.178200
2026-03-24,13.3200000000,13.6800000000,13.1200000000,13.6200000000,3484700,46576545.0000,1.402500,4.287900
2026-03-25,13.6300000000,13.9000000000,13.6300000000,13.7700000000,2602818,35849449.7800,1.047600,1.101300
2026-03-26,13.7000000000,13.9000000000,13.4800000000,13.5300000000,2259418,30819248.2400,0.909400,-1.742900
2026-03-27,13.4800000000,13.8500000000,13.2400000000,13.6900000000,2398100,32735989.0000,0.965200,1.182600
2026-03-30,13.5500000000,14.0000000000,13.5300000000,13.9900000000,3373800,46636057.0000,1.357900,2.191400
2026-03-31,13.9900000000,14.3800000000,13.8900000000,13.8900000000,3225900,45562346.0000,1.298400,-0.714800
2026-04-01,14.1600000000,14.2300000000,13.9400000000,14.0700000000,2322100,32719750.0000,0.934600,1.295900
2026-04-02,13.9600000000,14.1100000000,13.7000000000,13.8500000000,1773300,24609468.0000,0.713700,-1.563600
2026-04-03,13.8400000000,13.9400000000,13.5500000000,13.5800000000,1705347,23360723.6100,0.686400,-1.949500
2026-04-07,13.6500000000,13.8200000000,13.4700000000,13.7200000000,1591454,21832197.7200,0.640500,1.030900
2026-04-08,14.0100000000,14.7300000000,14.0100000000,14.5900000000,4991500,72005074.0000,2.009000,6.341100
2026-04-09,14.4400000000,14.5600000000,14.2400000000,14.3000000000,2338400,33627200.0000,0.941200,-1.987700
2026-04-10,14.4300000000,14.5200000000,14.3100000000,14.3300000000,2203200,31758424.0000,0.886700,0.209800
2026-04-13,14.2500000000,14.6200000000,14.2100000000,14.5000000000,2224800,32062213.0000,0.895400,1.186300
2026-04-14,14.5100000000,14.8200000000,14.5100000000,14.7500000000,3260100,47926834.0000,1.312100,1.724100
2026-04-15,14.7500000000,14.8300000000,14.5500000000,14.6000000000,2153300,31587075.0000,0.866700,-1.016900
2026-04-16,14.5900000000,14.6900000000,14.5200000000,14.6500000000,2213500,32320443.0000,0.890900,0.342500
2026-04-17,14.6100000000,14.7500000000,14.5100000000,14.6700000000,2243600,32875771.0000,0.903000,0.136500
2026-04-20,14.7500000000,14.7500000000,14.5600000000,14.6400000000,2038100,29818629.0000,0.820300,-0.204500
2026-04-21,14.6600000000,14.6700000000,14.3500000000,14.4800000000,2858744,41346160.0000,1.150600,-1.092900
2026-04-22,14.5000000000,14.5200000000,14.2600000000,14.3100000000,2871800,41280232.0000,1.155800,-1.174000
2026-04-23,14.4400000000,14.4500000000,13.9500000000,14.0300000000,2855000,40244903.0000,1.149100,-1.956700
2026-04-24,14.0800000000,14.0800000000,13.7800000000,13.9100000000,2946000,40936122.0000,1.186400,-0.855300
2026-04-27,13.9700000000,14.3600000000,13.7800000000,14.2300000000,3528500,49853269.0000,1.420900,2.300500
2026-04-28,14.2400000000,14.2900000000,13.7100000000,13.8400000000,3262700,45327580.0000,1.313900,-2.740700
2026-04-29,13.8200000000,14.1700000000,13.7500000000,14.1000000000,2344790,32989247.4200,0.944200,1.878600
2026-04-30,14.0800000000,14.1700000000,14.0400000000,14.1100000000,1576900,22233837.0000,0.635000,0.070900
