date,open,high,low,close,volume,amount,turn,pctChg
2021-12-23,55.6745448000,65.1430048000,49.5484511800,57.8522906000,11970460,706678023.8200,65.771800,117.283100
2021-12-24,53.0612498400,55.3904910000,45.4486080000,45.5527610600,9288442,497161481.1100,51.035400,-21.260200
2021-12-27,42.8258445800,44.0851497600,40.7806572200,42.6080700000,6543294,291229201.2700,35.952200,-6.464400
2021-12-28,42.6080700000,45.4486080000,41.0647110200,44.8615634800,6209163,282957382.1200,34.116300,5.288900
2021-12-29,44.8236896400,48.6773528600,43.8295013400,46.1871478800,6553722,320434200.8600,36.009500,2.954800
2021-12-30,44.2082397400,44.8331581000,42.7974392000,42.8637184200,5848578,269024060.6000,32.135000,-7.195600
2021-12-31,42.2861423600,43.8200328800,41.9642147200,42.4565746400,4055376,183053531.5600,22.282300,-0.949900
2022-01-04,44.5112304600,45.4486080000,42.4187008000,42.6743492200,3779807,172866013.6400,20.768200,0.512900
2022-01-05,41.4623863400,41.6801609200,38.7070644800,39.7675320000,4910745,207499007.2100,26.982100,-6.811600
2022-01-06,39.1994244000,40.3167026800,39.1236767200,39.7485950800,2529429,106094584.7200,13.898000,-0.047600
2022-01-07,40.0042435000,40.0042435000,38.3946053000,38.4135422200,2679129,110635404.4000,14.720500,-3.358700
2022-01-10,37.8738400000,39.1994244000,37.8738400000,39.0005867400,1649588,67624851.9200,9.063700,1.528200
2022-01-11,39.0195236600,40.9132156600,38.7260014000,39.8338112200,2943771,123254248.4400,16.174600,2.136400
2022-01-12,39.8432796800,40.7049095400,39.5024151200,40.6386303200,2953035,125124919.1100,16.225500,2.020400
2022-01-13,40.2882973000,40.6007564800,38.8680283000,39.1899559400,3053034,127781244.6200,16.774900,-3.564800
2022-01-14,38.8206860000,43.2424568200,38.8206860000,40.7238464600,5303754,231667668.1200,29.141500,3.914000
2022-01-17,40.3451080600,42.1346470000,38.8206860000,41.3487648200,4431957,189421364.8000,24.351400,1.534500
2022-01-18,40.8279995200,43.5075737000,39.0952713400,43.5075737000,5546239,241930885.4600,30.473800,5.221000
2022-01-19,41.9926201000,43.1667091400,41.5476024800,41.5949447800,3785677,169270873.2500,20.800400,-4.396100
2022-01-20,40.7617203000,45.6285087400,40.7617203000,44.0283390000,6463815,297769134.6300,35.515500,5.850200
2022-01-21,42.8069076600,47.2476154000,41.1878010000,44.0283390000,6114088,284767386.9000,33.593900,0.000000
2022-01-24,45.0698696000,48.2891460000,43.3466098800,44.7858158000,6161004,298589001.5900,33.851700,1.720400
2022-01-25,41.6706924600,41.9074039600,38.4230106800,38.4230106800,5516541,231045604.7000,30.310700,-14.207200
2022-01-26,37.6655338800,38.3472630000,35.7244995800,36.3778233200,3614691,140338704.4500,19.860900,-5.322800
2022-01-27,35.9896164600,36.3494179400,32.9975831000,33.1490784600,3105997,113252914.4200,17.065900,-8.875600
2022-01-28,33.5088799400,35.4783196200,33.5088799400,34.1716721400,2400497,86929292.7900,13.189500,3.084800
2022-02-07,35.2700135000,36.5482556000,34.9291489400,35.0617073800,2077512,77868535.7900,11.414900,2.604600
2022-02-08,34.8249958800,36.3210125600,34.8249958800,36.1221749000,2110627,79504839.8500,11.596900,3.024600
2022-02-09,36.2357964200,37.6655338800,35.5635357600,36.8228409400,2455554,94987608.8400,13.492100,1.939700
2022-02-10,36.7186878800,38.4324791400,36.0558956800,37.6844708000,3152865,124103910.5800,17.323400,2.339900
2022-02-11,37.1163632000,37.2678585600,35.1753289000,35.2321396600,2680113,102223754.2800,14.725900,-6.507500
2022-02-14,35.0238335400,36.9269940000,34.7113743600,35.9706795400,1920522,73092444.9600,10.552300,2.096200
2022-02-15,35.7244995800,36.4156971600,35.4309773200,36.1316433600,1634493,62066996.1300,8.980700,0.447500
2022-02-16,36.1032379800,37.8549030800,35.9990849200,37.6655338800,3153928,123557959.7200,17.329300,4.245300
2022-02-17,37.5897862000,38.3661999200,37.0974262800,37.5708492800,2853118,113696372.5600,15.676500,-0.251400
2022-02-18,37.2110478000,37.7412815600,36.4535710000,36.8512463200,1885098,73340270.4600,10.357700,-1.915300
2022-02-21,36.3115441000,36.9269940000,36.0558956800,36.6902825000,1673215,64451454.4500,9.193500,-0.436800
2022-02-22,36.7281563400,37.6844708000,35.2321396600,36.6808140400,2917364,112152802.0300,16.029500,-0.025800
2022-02-23,36.2452648800,36.9080570800,36.0085533800,36.4725079200,2014650,77654904.7200,11.069500,-0.567900
2022-02-24,35.9990849200,37.2015793400,33.8686814200,34.2947621200,2812384,105147435.4600,15.452700,-5.970900
2022-02-25,35.2794819600,35.5067250000,34.4462574800,34.5598790000,1473087,54251937.3400,8.093900,0.773100
2022-02-28,34.5598790000,35.4877880800,33.6225014600,34.7681851200,1535800,55982504.0000,8.438500,0.602700
2022-03-01,35.0333020000,36.6997509600,35.0333020000,35.8286526400,2452380,92769057.0000,13.474600,3.050100
2022-03-02,35.2700135000,37.7223446400,35.2226712000,37.1163632000,3548565,138169476.0000,19.497600,3.594100
2022-03-03,36.8228409400,37.5708492800,36.5198502200,36.8607147800,2387402,93130955.0000,13.117600,-0.688800
2022-03-04,36.9175255400,37.3530747000,36.3210125600,36.4062287000,2044031,79502763.0000,11.230900,-1.233000
2022-03-07,36.2263279600,37.8549030800,35.8665264800,37.4098854600,3375433,132595634.0000,18.546300,2.756800
2022-03-08,37.3530747000,37.7602184800,34.7492482000,35.2037342800,3024100,115299287.0000,16.615900,-5.897200
2022-03-09,35.1942658200,39.1899559400,34.9386174000,38.1389568800,5751991,226859734.0000,31.604300,8.337800
2022-03-10,39.1520821000,39.4077305200,37.3057324000,37.6844708000,4904232,198274451.0000,26.946300,-1.191700
2022-03-11,37.6844708000,40.6575672400,37.6844708000,39.6728474000,5823591,241755492.0000,31.997800,5.276400
2022-03-14,37.8738400000,38.5934429600,36.6334717400,37.0879578200,4157553,163821825.0000,22.843700,-6.515500
2022-03-15,36.3588864000,36.4535710000,33.6130330000,33.9917714000,3421237,126710772.0000,18.798000,-8.348200
2022-03-16,34.3799782600,35.4877880800,33.9728344800,35.0711758400,2587300,95168479.0000,14.215900,3.175500
2022-03-17,35.9233372400,42.0873047000,35.5161934600,39.3982620600,7387247,307718688.0000,40.589300,12.338000
2022-03-18,38.0726776600,40.3167026800,38.0726776600,38.8964336800,4611156,189400802.8900,25.336000,-1.273700
2022-03-21,38.9059021400,40.1083965600,38.1105515000,39.9853065800,4525000,188921836.5500,24.862600,2.799400
2022-03-22,39.8148743000,45.2497703400,39.8148743000,41.2635486800,7416554,327717732.6400,40.750300,3.196800
2022-03-23,40.1557388600,41.0457741000,38.7165329400,38.9248390600,5042628,211954513.4500,27.706700,-5.667700
2022-03-24,38.5366322000,39.4834782000,38.1578938000,39.3319828400,3060023,125599684.0600,16.813300,1.046000
2022-03-25,38.9153706000,38.9532444400,37.6087231200,37.7791554000,2763635,110972428.2800,15.184800,-3.948000
2022-03-28,37.1447685800,37.4761646800,35.6203465200,36.2263279600,2271172,87164851.6800,12.479000,-4.110300
2022-03-29,36.7376248000,36.7376248000,34.8155274200,34.9764912400,1844765,69025700.3200,10.136100,-3.450100
2022-03-30,35.3362927200,36.5766609800,34.9670227800,36.4535710000,2480665,93378910.7200,13.630000,4.223100
2022-03-31,35.9706795400,36.0748326000,35.1279866000,35.1374550600,1844600,69340303.8000,10.135200,-3.610400
2022-04-01,35.1279866000,35.7434365000,34.7492482000,34.7965905000,1497317,55767796.9200,8.227000,-0.970100
2022-04-06,34.8439328000,36.1884541200,34.5598790000,35.8191841800,1659425,62427082.1100,9.117700,2.938800
2022-04-07,35.4404457800,38.8206860000,34.9007435600,37.2583901000,3883329,151562767.6100,21.337000,4.018000
2022-04-08,36.4062287000,36.8985886200,35.0427704600,35.7150311200,2461216,93238914.3500,13.523200,-4.142300
2022-04-11,35.0143650800,35.0333020000,32.5999077800,32.9123669600,2499400,88594620.2400,13.733000,-7.847300
2022-04-12,32.9123669600,33.2721684400,31.2364495400,32.4578808800,1881344,63732253.2600,10.337100,-1.380900
2022-04-13,32.3631962800,32.3631962800,30.1097028000,30.2422612400,1713911,55713421.5200,9.417100,-6.826100
2022-04-14,30.5168465800,31.2459180000,30.3748196800,30.4505673600,1108700,35931070.1200,6.091800,0.688800
2022-04-15,30.2517297000,31.1985757000,28.8977399200,30.7156842400,2126205,66768570.6300,11.682400,0.870600
2022-04-18,30.1097028000,32.6283131600,30.1097028000,32.2211693800,2523277,84343988.6000,13.864200,4.901400
2022-04-19,31.6625302400,32.2874486000,31.0565488000,31.1796387800,1593461,53037044.8700,8.755300,-3.232400
2022-04-20,31.2459180000,33.4047268800,31.0565488000,31.7666833000,2234460,75882325.2800,12.277300,1.882800
2022-04-21,31.0470803400,31.4920979600,29.3900998400,29.8445859200,1984106,63752533.9400,10.901700,-6.050700
2022-04-22,28.1876054200,29.6646851800,28.1876054200,28.6610284200,1552753,47714591.6900,8.531600,-3.965700
2022-04-25,28.2065423400,28.2728215600,25.7163373600,25.8773011800,1714372,48808715.3600,9.419600,-9.712600
2022-04-26,26.0098596200,26.7957418000,24.7316175200,25.1576982200,1475900,40239500.0000,8.109300,-2.780800
2022-04-27,24.3150052800,26.5116880000,23.6711500000,26.5116880000,1823845,48015314.9000,10.021100,5.382000
2022-04-28,26.0382650000,26.7578679600,25.2713197400,25.2902566600,1712878,46678630.3800,9.411400,-4.607100
2022-04-29,26.2276342000,26.5116880000,25.2713197400,26.3980664800,1291094,35729635.0600,7.093900,4.380400
2022-05-05,26.7105256600,27.6479032000,26.7105256600,26.9851110000,1637229,47029501.9900,8.995800,2.223800
2022-05-06,26.1992288200,27.4585340000,26.1992288200,27.0608586800,1355700,38625017.0000,7.448900,0.280700
2022-05-09,26.9472371600,27.7047139600,26.9377687000,27.2312909600,997200,28779608.0000,5.479100,0.629800
2022-05-10,26.8336156400,28.3296323200,26.8336156400,28.0739839000,1084205,31806568.4500,5.957200,3.094600
2022-05-11,28.0834523600,29.2196675600,28.0171731400,28.3106954000,1513858,45849837.2200,8.317900,0.843200
2022-05-12,27.7520562600,28.7273076400,27.7520562600,28.3106954000,914800,27341079.0000,5.026400,0.000000
2022-05-13,28.7083707200,29.8256490000,27.9603623800,29.4658475200,1785159,54939764.4900,9.808600,4.080300
2022-05-16,29.3522260000,29.7214959400,28.4053800000,29.0776406600,1254087,38578845.5400,6.890600,-1.317500
2022-05-17,29.0587037400,29.5510636600,28.5190015200,29.1344514200,949206,29128132.1600,5.215400,0.195400
2022-05-18,28.7462445600,29.9582074400,28.7462445600,29.6173428800,1077606,33575847.9800,5.920900,1.657500
2022-05-19,29.1723252600,29.7404328600,28.4053800000,29.5510636600,840968,26139930.8000,4.620700,-0.223800
2022-05-20,29.8445859200,30.6494050200,29.6457482600,30.6020627200,1501168,47872734.2400,8.248200,3.556600
2022-05-23,30.8482426800,33.4141953400,30.0718289600,32.3821332000,2693591,90479442.4000,14.800000,5.816800
2022-05-24,32.3726647400,32.5904393200,29.3522260000,29.5510636600,2455733,80194627.5300,13.493000,-8.742700
2022-05-25,29.4090367600,30.5831258000,28.8598660800,29.7214959400,1308465,40795104.0500,7.189400,0.576700
2022-05-26,29.8744687500,29.8744687500,28.6412506800,28.8420071100,958500,29066360.0000,5.266500,-2.959200
2022-05-27,29.1574815000,29.9222679000,28.5169728900,29.4442764000,852300,26097824.0000,4.683000,2.088200
2022-05-30,29.6354730000,30.6010158300,29.2530798000,30.3046611000,1218268,38338418.0800,6.693800,2.922100
2022-05-31,30.3715799100,30.8591312400,29.3773575900,29.9605072200,1032868,32133085.0800,5.675100,-1.135600
2022-06-01,30.3811397400,30.7730927700,29.8362294300,29.9700670500,1202800,38182938.0000,6.608800,0.031900
2022-06-02,30.1325841600,31.3180030800,29.8553490900,31.1650458000,1567140,50369915.9000,8.610700,3.987200
2022-06-06,31.6525971300,32.7710972400,31.5474390000,32.1401484600,1999300,67058337.0000,10.985200,3.128800
2022-06-07,32.2931057400,33.7844392200,31.9202723700,32.3887040400,2853787,97818995.0100,15.680100,0.773300
2022-06-08,31.6525971300,32.2931057400,30.7252936200,32.0254305000,1720300,56994201.0000,9.452200,-1.121600
2022-06-09,31.7577552600,31.8342339000,29.9700670500,30.1134645000,1375563,44090151.1800,7.558000,-5.970100
2022-06-10,30.1230243300,33.7461999000,29.5589943600,33.4594050000,3360700,113803239.0600,18.465400,11.111100
2022-06-13,33.4594050000,34.5874649400,32.6659391100,33.8226785400,4016780,141532412.4900,22.070200,1.085700
2022-06-14,32.6468194500,33.3160075500,31.7003962800,32.8284562200,2858315,96877328.3800,15.705000,-2.939500
2022-06-15,33.1439306100,33.1439306100,31.1841654600,31.3944817200,2559171,85685345.1500,14.061400,-4.368100
2022-06-16,31.5665586600,32.3026655700,30.8113320900,31.8246740700,2409538,79707510.5800,13.239200,1.370300
2022-06-17,31.5569988300,32.6468194500,31.0025286900,32.3122254000,2045914,68714875.2200,11.241300,1.532000
2022-06-20,32.4651826800,33.7270802400,31.9489518600,33.4594050000,2934434,101333277.4200,16.123300,3.550300
2022-06-21,33.0865716300,35.9258411400,32.5321014900,32.8666955400,4074182,144581583.0400,22.385600,-1.771400
2022-06-22,29.9031482400,33.3829263600,29.9031482400,32.6946186000,2884764,97812809.3500,15.850400,-0.523600
2022-06-23,32.4173835300,34.0329948000,32.3600245500,33.5645631300,3318954,116214334.2700,18.236000,2.660800
2022-06-24,33.9373965000,34.7308623900,32.8762553700,34.0234349700,3259394,114736224.4800,17.908800,1.367100
2022-06-27,34.4153880000,36.0118796100,33.5550033000,35.5434479400,4076711,149783726.7700,22.399500,4.467500
2022-06-28,34.9889778000,35.2088538900,34.3771486800,35.1132555900,3210340,116872672.7000,17.639200,-1.210300
2022-06-29,34.7021829000,35.1132555900,32.6754989400,32.8284562200,2864053,100299475.9900,15.736600,-6.506900
2022-06-30,32.5034220000,33.6314819400,32.5034220000,32.8188963900,1817808,62873747.3000,9.988000,-0.029100
2022-07-01,32.8188963900,33.3446870400,32.0254305000,32.4365031900,1456131,49675550.2900,8.000700,-1.165200
2022-07-04,32.3217852300,32.3217852300,31.5569988300,32.0732296500,1184349,39510420.4600,6.507400,-1.120000
2022-07-05,32.2644262500,32.6946186000,30.6583748100,31.0503278400,1478399,48520921.9000,8.123100,-3.189300
2022-07-06,30.7922124300,31.4040415500,30.5532166800,30.9738492000,914026,29556376.7300,5.022100,-0.246300
2022-07-07,31.5283193400,32.3122254000,30.7826526000,31.8629133900,1433031,47398983.9900,7.873800,2.870400
2022-07-08,31.8533535600,32.4843023400,31.7386356000,31.8437937300,1199611,40303643.0000,6.591300,-0.060000
2022-07-11,31.2032851200,31.7290757700,30.5627765100,30.9834090300,973493,31609896.9100,5.348900,-2.701900
2022-07-12,30.6774944700,30.8686910700,29.5398747000,29.6928319800,1075992,33755363.7400,5.912000,-4.165400
2022-07-13,29.7884302800,30.2664217800,29.5398747000,30.1134645000,592004,18578448.3200,3.252800,1.416600
2022-07-14,30.1134645000,32.2644262500,29.8553490900,32.1210288000,1734369,57151738.3000,9.529500,6.666700
2022-07-15,32.1210288000,33.6984007500,31.7577552600,32.7232980900,2274580,78673968.1200,12.497700,1.875000
2022-07-18,32.3887040400,34.0043153100,32.3887040400,33.7461999000,1959000,68884035.0000,10.763700,3.125900
2022-07-19,33.9373965000,34.9411786500,33.6410417700,34.4058281700,2146766,77375880.2000,11.795400,1.954700
2022-07-20,34.0712341200,34.9889778000,33.4116058500,33.6123622800,1388846,48993114.0000,7.631000,-2.306200
2022-07-21,33.6123622800,34.0329948000,33.1726101000,33.3255673800,1039300,36532756.0000,5.710400,-0.853200
2022-07-22,33.9373965000,33.9373965000,32.5034220000,33.5072041500,1107364,38593669.6500,6.084400,0.545000
2022-07-25,33.5072041500,33.5072041500,32.0827894800,32.4651826800,785799,26800937.2000,4.317600,-3.109800
2022-07-26,32.6659391100,32.8858152000,31.5856783200,32.6946186000,634821,21398640.4200,3.488000,0.706700
2022-07-27,32.9336143500,35.6103667500,32.6946186000,35.2662128700,2911644,104988558.2200,15.998000,7.865500
2022-07-28,35.3713710000,36.9583027800,35.3713710000,35.8302428400,3053523,115505123.9800,16.777600,1.599300
2022-07-29,35.3809308300,37.4745336000,35.0845761000,36.3369138300,2501427,94845737.6900,13.744100,1.414100
2022-08-01,36.1170377400,36.7862258400,35.6008069200,36.1074779100,1331646,50446414.0400,7.316700,-0.631400
2022-08-02,36.2030762100,36.2030762100,34.5109863000,34.6543837500,1676083,61770490.7000,9.209200,-4.024400
2022-08-03,34.6735034100,36.9105036300,34.6735034100,35.2757727000,1738320,65338206.6600,9.551200,1.793100
2022-08-04,35.4956487900,38.0672430600,34.7499820500,37.7708883300,3504396,134982286.2000,19.254900,7.073200
2022-08-05,37.2928968300,37.4745336000,35.7537642000,36.3560334900,2499992,94524510.4800,13.736200,-3.745900
2022-08-08,36.1552770600,37.0443412500,35.4956487900,36.9774224400,1417812,54106923.8400,7.790200,1.709200
2022-08-09,36.9869822700,37.4745336000,36.1361574000,36.7575463500,1611812,61981940.3400,8.856100,-0.594600
2022-08-10,36.5663497500,36.8053455000,35.5052086200,35.7728838600,1210500,45558401.8600,6.651100,-2.678800
2022-08-11,36.0023197800,36.5185506000,35.4669693000,36.2030762100,1000200,37714654.0000,5.495600,1.202600
2022-08-12,36.1361574000,36.1361574000,34.6543837500,34.9124991600,1283900,47226974.0000,7.054400,-3.564800
2022-08-15,34.9985376300,35.2279735500,34.4536273200,35.0463367800,593257,21638798.6200,3.259700,0.383400
2022-08-16,35.1801744000,36.5185506000,35.0845761000,36.1552770600,1080066,40612068.7300,5.934400,3.164200
2022-08-17,36.3273540000,36.6715078800,34.6830632400,34.8933795000,980409,36097951.1200,5.386900,-3.490200
2022-08-18,34.8838196700,35.8206830100,34.7021829000,35.6581659000,773213,28635086.6500,4.248400,2.191800
2022-08-19,36.8053455000,37.2833370000,34.1763922500,34.2528708900,1628157,60629034.6000,8.945900,-3.941000
2022-08-22,34.2624307200,34.6065846000,33.4020460200,33.6028024500,1043665,36851259.1100,5.734400,-1.897900
2022-08-23,33.9182768400,34.4918666400,33.3733665300,33.7748793900,690400,24500684.0000,3.793400,0.512100
2022-08-24,33.7366400700,34.4153880000,31.7959945800,31.9871911800,1006381,34374592.0000,5.529600,-5.293000
2022-08-25,32.3122254000,32.3122254000,30.1803833100,30.7252936200,894237,28789770.5400,4.913400,-3.945000
2022-08-26,31.0312081800,31.1746056300,30.1134645000,30.3237807600,442746,14212651.7800,2.432700,-1.306800
2022-08-29,29.6354730000,30.9260500500,29.6354730000,30.6966141300,339900,10882125.0000,1.867600,1.229500
2022-08-30,30.9929688600,31.8342339000,30.7730927700,31.2128449500,478100,15587026.0000,2.626900,1.681700
2022-08-31,31.0407680100,31.0407680100,29.6545926600,29.7979901100,583500,18385793.9200,3.206000,-4.532900
2022-09-01,29.6928319800,30.5914560000,29.6928319800,29.9987465400,378831,11892156.9200,2.081500,0.673700
2022-09-02,29.9987465400,30.7348534500,29.7501909600,30.6105756600,364664,11603447.6000,2.003600,2.039500
2022-09-05,30.6010158300,30.7730927700,29.6928319800,29.9413875600,370589,11661091.5700,2.036200,-2.186100
2022-09-06,30.0465456900,30.2568619500,29.7215114700,30.2090628000,347942,10945667.2400,1.911800,0.894000
2022-09-07,30.3046611000,30.8973705600,30.0847850100,30.6583748100,479359,15346299.7100,2.633800,1.487300
2022-09-08,30.6583748100,31.0312081800,29.7119516400,29.7215114700,412100,13011954.0000,2.264300,-3.055800
2022-09-09,29.6545926600,30.1995029700,28.7750883000,29.0332037100,513817,15630399.8000,2.823200,-2.315900
2022-09-13,29.2530798000,30.0178662000,29.1288020100,29.9700670500,432500,13372409.0000,2.376400,3.226900
2022-09-14,29.4442764000,29.7215114700,28.9089259200,29.3869174200,413768,12664224.8200,2.273500,-1.945800
2022-09-15,29.5398747000,29.5398747000,28.2397378200,28.5169728900,437712,13123364.2800,2.405000,-2.960300
2022-09-16,28.3162164600,28.6699301700,27.5036309100,27.5036309100,335700,9847352.0000,1.844500,-3.553500
2022-09-19,27.5036309100,27.7043873400,27.0543189000,27.6565881900,298075,8548247.0000,1.637800,0.556100
2022-09-20,27.7235070000,28.6221310200,27.7139471700,28.5265327200,433200,12857776.7000,2.380200,3.145500
2022-09-21,28.2014985000,28.8133276200,27.9147036000,28.8133276200,252607,7516667.7800,1.388000,1.005400
2022-09-22,28.7750883000,29.0332037100,28.2110583300,28.5743318700,223407,6705641.2100,1.227500,-0.829500
2022-09-23,29.0140840500,29.0140840500,27.4271522700,28.3926951000,274242,8051027.4000,1.506800,-0.635700
2022-09-26,28.2875369700,28.2875369700,27.3124343100,27.3315539700,249400,7215067.0000,1.370300,-3.737400
2022-09-27,27.5801095500,28.0007420700,27.3411138000,27.8286651300,212400,6153467.0000,1.167000,1.818800
2022-09-28,28.0676608800,28.1345796900,26.0696564100,26.0696564100,475203,13340717.4000,2.611000,-6.320900
2022-09-29,26.6910453600,26.8631223000,25.6777033800,25.8497803200,432800,11784231.6300,2.378000,-0.843400
2022-09-30,25.9740581100,25.9740581100,25.2188315400,25.2570708600,311565,8296599.9400,1.711900,-2.292900
2022-10-10,25.2570708600,25.9931777700,24.3775665000,24.6834810600,355598,9299694.8400,1.953800,-2.271000
2022-10-11,24.7599597000,25.2475110300,24.1863699000,25.1710323900,278989,7279110.0100,1.532900,1.975200
2022-10-12,25.1710323900,26.0027376000,24.8268785100,25.9836179400,522289,13896605.5500,2.869700,3.228300
2022-10-13,26.0696564100,26.3660111400,25.5247461000,25.9644982800,417096,11386286.8200,2.291700,-0.073600
2022-10-14,26.0314170900,26.5667675700,26.0314170900,26.5380880800,440512,12144074.0100,2.420400,2.209100
2022-10-17,26.5667675700,27.0256394100,25.7350623600,26.9587206000,401801,11268896.7500,2.207700,1.585000
2022-10-18,27.3124343100,27.6087890400,26.7962034900,27.0351992400,476582,13502011.7000,2.618600,0.283700
2022-10-19,26.7484043400,27.4653915900,26.7484043400,26.9396009400,505700,14365372.0800,2.778600,-0.353600
2022-10-20,26.5763274000,27.0160795800,26.3182119900,26.5189684200,429233,11947984.0500,2.358400,-1.561400
2022-10-21,26.5285282500,26.9204812800,26.2130538600,26.3660111400,259880,7208314.4800,1.427900,-0.576800
2022-10-24,26.5954470600,27.0256394100,26.0314170900,26.2512931800,357200,9949248.0000,1.962600,-0.435100
2022-10-25,26.4807291000,26.4807291000,25.2188315400,26.2226136900,478496,12970016.7500,2.629100,-0.109200
2022-10-26,26.4807291000,27.3028744800,25.0467546000,27.0351992400,555052,15635035.4000,3.049700,3.098800
2022-10-27,27.0351992400,27.5514300600,27.0351992400,27.0638787300,404011,11505063.8500,2.219800,0.106100
2022-10-28,27.6279087000,30.1899431400,27.6279087000,28.0198617300,2479025,74228151.2100,13.621000,3.532300
2022-10-31,27.2837548200,30.4098192300,27.2741949900,30.4002594000,2383353,72214345.6800,13.095300,8.495400
2022-11-01,30.4098192300,30.4098192300,29.1670413300,30.0561055200,1550535,48137728.5800,8.519400,-1.132100
2022-11-02,29.6928319800,30.0656653500,29.2721994600,29.6067935100,1555192,48209537.8800,8.545000,-1.494900
2022-11-03,29.8266696000,31.1650458000,29.6163533400,30.8973705600,1630506,52072979.2000,8.958800,4.359100
2022-11-04,31.2606441000,31.4518407000,30.1899431400,30.8495714100,1414354,45563919.4900,7.771200,-0.154700
2022-11-07,30.8782509000,31.1172466500,29.6259131700,30.0178662000,1647307,51872297.1800,9.051100,-2.696000
2022-11-08,30.1134645000,30.1708234800,29.5016353800,30.0083063700,759638,23646328.1600,4.173800,-0.031800
2022-11-09,29.8171097700,30.1899431400,29.4920755500,29.6259131700,671781,20920769.7900,3.691100,-1.274300
2022-11-10,29.4347165700,29.9127080700,29.1288020100,29.5016353800,698687,21562560.7100,3.838900,-0.419500
2022-11-11,30.0369858600,30.1039046700,29.0140840500,29.1096823500,764586,23620013.6800,4.201000,-1.328600
2022-11-14,28.7750883000,29.5111952100,28.7272891500,28.9949643900,552349,16741542.9000,3.034900,-0.394100
2022-11-15,28.9758447300,29.8171097700,28.4978532300,29.7979901100,898598,27738061.1900,4.937400,2.769500
2022-11-16,29.5876738500,30.1039046700,29.5398747000,29.9318277300,916012,28560361.8800,5.033000,0.449100
2022-11-17,29.8457892600,30.4289388900,29.6354730000,30.2473021200,1118847,35305489.5300,6.147500,1.054000
2022-11-18,30.2377422900,30.2377422900,28.8802464300,28.9280455800,1205647,37199590.9900,6.624400,-4.361600
2022-11-21,28.8706866000,29.4442764000,28.3926951000,29.4060370800,787568,23837956.9900,4.327300,1.652300
2022-11-22,29.2435199700,29.4442764000,28.2779771400,28.3544557800,1066219,32163683.5300,5.858300,-3.576100
2022-11-23,28.3544557800,28.8706866000,27.2550753300,28.0198617300,994046,28869919.3900,5.461800,-1.180000
2022-11-24,28.0198617300,28.4882934000,27.9147036000,28.3257762900,448994,13274299.5700,2.467000,1.091800
2022-11-25,28.5552122100,28.5552122100,27.4462719300,27.5323104000,472930,13729443.3000,2.598500,-2.801200
2022-11-28,27.2359556700,27.7139471700,27.1212377100,27.1977163500,380100,10887386.0000,2.088500,-1.215300
2022-11-29,27.0638787300,27.7426266600,27.0638787300,27.6470283600,347170,10012549.9200,1.907500,1.652000
2022-11-30,27.7999856400,28.1823788400,27.5323104000,28.0676608800,542997,15831173.6100,2.983500,1.521400
2022-12-01,28.5934515300,28.5934515300,27.8955839400,27.9625027500,587528,17333045.5200,3.228200,-0.374700
2022-12-02,28.3353361200,28.3353361200,27.7999856400,28.1059002000,384004,11271409.4200,2.109900,0.512800
2022-12-05,28.2014985000,28.4404942500,27.9242634300,28.1536993500,440266,12940424.2800,2.419000,0.170100
2022-12-06,28.4404942500,28.4404942500,27.7617463200,28.0963403700,414100,12120758.0000,2.275300,-0.203700
2022-12-07,28.1059002000,28.1345796900,27.7521864900,27.8382249600,366436,10704910.2800,2.013400,-0.918700
2022-12-08,27.7999856400,28.0581010500,27.4367121000,27.5896693800,385551,11162790.6200,2.118400,-0.892900
2022-12-09,27.5896693800,27.8669044500,27.1499172000,27.1977163500,463361,13289490.5700,2.545900,-1.420700
2022-12-12,27.1212377100,27.4367121000,26.8440026400,27.3411138000,386300,10963990.5600,2.122500,0.527200
2022-12-13,27.2455155000,27.2741949900,26.4807291000,26.5189684200,706650,19780648.5000,3.882700,-3.007000
2022-12-14,26.6336863800,26.8153231500,26.2990923300,26.4711692700,324100,9004562.0000,1.780800,-0.180200
2022-12-15,26.6050068900,27.0925582200,26.2990923300,27.0065197500,513750,14389540.1000,2.822800,2.022400
2022-12-16,26.6814855300,27.0065197500,26.2608530100,26.3182119900,359700,9957744.0000,1.976400,-2.548700
2022-12-19,26.1939342000,26.6623658700,25.4578272900,25.5534255900,481100,12994389.0000,2.643400,-2.905900
2022-12-20,25.5821050800,26.4998487600,25.3431093300,26.1556948800,509130,13877547.4000,2.797400,2.356900
2022-12-21,26.1556948800,26.1556948800,25.4100281400,25.5916649100,376488,10139961.1300,2.068600,-2.156400
2022-12-22,25.8019811700,25.8019811700,24.9129169800,25.1423529000,325188,8601914.2400,1.786700,-1.755700
2022-12-23,24.8555580000,25.6012247400,24.8555580000,25.4004683100,386188,10241972.5600,1.787800,1.026600
2022-12-26,25.4387076300,26.0696564100,25.3431093300,25.8975794700,257500,6951929.0000,1.192100,1.957100
2022-12-27,25.8593401500,26.1939342000,25.6012247400,26.0983359000,302700,8202059.0000,1.401300,0.775200
2022-12-28,25.9453786200,26.1461350500,25.4291478000,25.6012247400,246800,6625667.0000,1.142600,-1.904800
2022-12-29,25.3431093300,25.7828615100,25.3239896700,25.3239896700,186600,4985495.0000,0.863900,-1.082900
2022-12-30,25.3526691600,25.9740581100,25.3335495000,25.9453786200,312422,8427488.0000,1.446300,2.453800
2023-01-03,25.9453786200,26.6432462100,25.8688999800,26.6145667200,512000,14147931.0000,2.370300,2.579200
2023-01-04,26.6528060400,26.8344428100,26.0122974300,26.8248829800,325100,9051290.0000,1.505000,0.790200
2023-01-05,27.1021180500,29.0905626900,26.5189684200,28.6603703400,2212693,65246041.5400,10.243600,6.842500
2023-01-06,28.1059002000,28.3353361200,27.6470283600,27.8477847900,1625838,47492333.0800,7.526800,-2.835200
2023-01-09,27.9242634300,28.5838917000,27.7330668300,28.2206181600,999136,29530285.5600,4.625500,1.338800
2023-01-10,28.2301779900,29.1383618400,27.9529429200,28.5169728900,897800,26845311.0000,4.156300,1.050100
2023-01-11,28.3926951000,28.7559686400,27.8286651300,27.8477847900,667934,19656350.1000,3.092200,-2.346600
2023-01-12,27.8573446200,28.5647720400,27.7521864900,27.9051437700,444000,13020230.0000,2.055500,0.206000
2023-01-13,28.4596139100,28.9662849000,27.9051437700,28.1441395200,972800,28923750.0000,4.503600,0.856500
2023-01-16,27.0543189000,29.4347165700,27.0543189000,28.4787335700,729949,21829682.9000,3.379300,1.188900
2023-01-17,28.3353361200,28.5647720400,28.0867805400,28.3448959500,435500,12893792.0000,2.016100,-0.470000
2023-01-18,28.3448959500,28.9854045600,28.2014985000,28.8420071100,822508,24766413.5400,3.807800,1.753800
2023-01-19,28.6794900000,28.9854045600,28.6794900000,28.8324472800,440372,13305372.8200,2.038700,-0.033100
2023-01-20,28.9662849000,29.0427635400,28.5838917000,28.8420071100,383700,11560165.0000,1.776300,0.033200
2023-01-30,29.1670413300,29.9222679000,29.1001225200,29.8266696000,1042477,32363313.9400,4.826100,3.414000
2023-01-31,29.6354730000,30.0847850100,29.4442764000,30.0752251800,708400,22168733.0000,3.279500,0.833300
2023-02-01,29.7597507900,30.3046611000,29.6354730000,30.2664217800,770903,24264256.5300,3.568900,0.635700
2023-02-02,30.4480585500,30.5818961700,29.9127080700,30.0274260300,600831,18920558.8400,2.781500,-0.789600
2023-02-03,30.0465456900,30.2664217800,29.4442764000,29.7979901100,560599,17464199.9900,2.595300,-0.764100
2023-02-06,29.8266696000,30.1134645000,29.4729558900,29.4920755500,567768,17629387.9500,2.628500,-1.026600
2023-02-07,29.3295584400,30.2568619500,29.2817592900,30.2090628000,865700,27114152.2600,4.007700,2.431100
2023-02-08,30.3620200800,30.6679346400,29.9318277300,30.6392551500,977474,31103852.7000,4.525200,1.424100
2023-02-09,30.4384987200,31.3562424000,30.4002594000,31.2032851200,969234,31454476.5800,4.487000,1.840900
2023-02-10,31.2032851200,31.3944817200,30.5914560000,30.6966141300,653200,21090909.0000,3.024000,-1.623800
2023-02-13,31.0598876700,31.4709603600,30.7348534500,31.3275629100,881807,28755837.8000,4.082300,2.055400
2023-02-14,31.0694475000,31.4040415500,30.6870543000,31.2224047800,614253,19913169.0900,2.843700,-0.335700
2023-02-15,31.1363663100,32.1975074400,30.9260500500,31.9107125400,1026600,34150400.0000,4.752600,2.204500
2023-02-16,31.7959945800,31.8629133900,30.1325841600,30.3620200800,913921,29721150.3400,4.231000,-4.853200
2023-02-17,30.4671782100,31.2606441000,30.0656653500,30.1803833100,725100,23143761.0000,3.356800,-0.598200
2023-02-20,30.1421439900,31.0216483500,30.1134645000,30.7826526000,472614,15112125.6000,2.188000,1.995600
2023-02-21,31.0885671600,31.6525971300,30.4958577000,31.3371227400,669300,21905810.5000,3.098500,1.801200
2023-02-22,30.9738492000,32.3122254000,30.7348534500,32.2453065900,1260178,42116760.5500,5.834000,2.898100
2023-02-23,32.5799006400,33.6123622800,31.7577552600,31.9585116900,1394801,47174670.4900,6.457200,-0.889400
2023-02-24,32.4938621700,33.9182768400,32.0732296500,32.8475758800,1836391,63502464.9500,8.501500,2.781900
2023-02-27,32.6181399600,32.6946186000,31.1746056300,31.2032851200,1451500,47987256.4200,6.719700,-5.005800
2023-02-28,31.4327210400,31.5091996800,30.7444132800,31.0790073300,589000,19100944.0000,2.726800,-0.398300
2023-03-01,31.3371227400,31.8151142400,31.0790073300,31.7195159400,885813,29150444.0500,4.100800,2.060900
2023-03-02,31.8151142400,31.8246740700,30.3333405900,30.4289388900,1127599,36291842.2000,5.220200,-4.068700
2023-03-03,30.5532166800,30.8591312400,29.7310713000,29.9796268800,843676,26618421.6400,3.905800,-1.476600
2023-03-06,29.9796268800,30.2568619500,29.6928319800,29.9987465400,524460,16432125.0000,2.428000,0.063800
2023-03-07,30.2281824600,30.5818961700,29.2913191200,29.3391182700,490300,15180525.9400,2.269800,-2.198900
2023-03-08,29.2530798000,29.7501909600,29.1383618400,29.4825157200,417495,12816936.2500,1.932800,0.488800
2023-03-09,29.4920755500,30.1517038200,29.3582379300,30.1134645000,526495,16454605.9500,2.437400,2.140100
2023-03-10,29.8840285800,31.1554859700,29.8362294300,30.2090628000,924753,29579578.5700,4.281100,0.317500
2023-03-13,29.8266696000,30.2377422900,29.3199986100,29.3677977600,801300,24830149.0000,3.709600,-2.784800
2023-03-14,29.3391182700,29.7310713000,28.8228874500,29.6641524900,683100,20905609.0000,3.162400,1.009100
2023-03-15,29.6067935100,30.8782509000,29.3582379300,30.1899431400,940900,29886388.0000,4.355900,1.772500
2023-03-16,30.2568619500,30.2568619500,29.3486781000,29.4920755500,394834,12241365.2200,1.827900,-2.311600
2023-03-17,29.6354730000,29.8171097700,29.3295584400,29.3773575900,445204,13733310.9400,2.061100,-0.389000
2023-03-20,29.3773575900,29.6832721500,29.0810028600,29.5781140200,397393,12226930.7600,1.839700,0.683400
2023-03-21,30.1134645000,31.0694475000,29.4442764000,31.0694475000,1110005,35423333.7800,5.138700,5.042000
2023-03-22,31.0694475000,31.6812766200,30.7061739600,31.4900800200,1037000,34065232.0000,4.800800,1.353800
2023-03-23,31.7864347500,31.7864347500,30.8686910700,31.0503278400,560100,18213715.0000,2.593000,-1.396500
2023-03-24,31.0407680100,32.1975074400,31.0407680100,31.4327210400,986647,32595567.6300,4.567700,1.231500
2023-03-27,31.3658022300,31.8820330500,31.0790073300,31.4327210400,609471,19977199.5600,2.821500,0.000000
2023-03-28,31.3275629100,32.0349903300,31.2702039300,31.7290757700,754412,25067943.7600,3.492500,0.942800
2023-03-29,31.6908364500,32.1497082900,31.5474390000,31.7099561100,722129,24021886.2500,3.343100,-0.060300
2023-03-30,31.6239176400,32.0254305000,31.1650458000,31.2797637600,578672,19091184.3200,2.678900,-1.356600
2023-03-31,33.0005331600,35.0463367800,32.3217852300,33.1726101000,4474617,156217279.8900,20.715100,6.051300
2023-04-03,33.1630502700,33.7557597300,32.4556228500,33.7557597300,4110754,141682640.1300,19.030600,1.757900
2023-04-04,31.6908364500,31.6908364500,30.1708234800,30.2090628000,3599245,116559958.2900,16.662600,-10.506900
2023-04-06,30.1134645000,30.1134645000,29.1670413300,29.3295584400,1714055,52702407.7300,7.935200,-2.911400
2023-04-07,29.5398747000,29.5589943600,29.0140840500,29.3677977600,1083386,33265632.3700,5.015500,0.130400
2023-04-10,29.3582379300,29.4155969100,28.3162164600,28.3162164600,1235178,37254745.8800,5.718200,-3.580700
2023-04-11,28.3066566300,28.3162164600,27.6757078500,27.9051437700,1044604,30539214.4600,4.836000,-1.451700
2023-04-12,27.8955839400,28.1250198600,27.5992292100,28.1250198600,705274,20570371.7400,3.265000,0.787900
2023-04-13,28.1059002000,28.1345796900,27.5323104000,27.5323104000,687700,19968886.0000,3.183700,-2.107400
2023-04-14,27.5323104000,27.8382249600,27.4558317600,27.8382249600,582977,16893375.1800,2.698900,1.111100
2023-04-17,27.7235070000,28.0963403700,27.7235070000,28.0963403700,659258,19290629.7200,3.052000,0.927200
2023-04-18,28.1536993500,28.1536993500,27.7617463200,27.8764642800,397200,11577620.0000,1.838800,-0.782600
2023-04-19,27.8764642800,27.9529429200,27.4653915900,27.4749514200,502982,14500334.8600,2.328500,-1.440300
2023-04-20,27.6661480200,27.6661480200,26.6336863800,27.5992292100,684277,19401999.3500,3.167800,0.452300
2023-04-21,27.5992292100,27.7043873400,26.5380880800,26.5763274000,622839,17555227.8700,2.883400,-3.706300
2023-04-24,26.4616094400,27.1116778800,26.2799726700,26.9013616200,451139,12592455.4100,2.088500,1.223000
2023-04-25,26.7484043400,27.0065197500,26.0122974300,26.0983359000,493800,13562964.0000,2.286000,-2.985100
2023-04-26,26.1748145400,27.3793531200,25.8497803200,27.0351992400,893400,25046361.8300,4.136000,3.589700
2023-04-27,27.6852676800,27.9625027500,27.1690368600,27.7043873400,1169498,33899294.1500,5.414200,2.475200
2023-04-28,27.6757078500,28.0103019000,27.5705497200,27.9720625800,637917,18559865.3100,2.953200,0.966200
2023-05-04,27.7713061500,28.8228874500,27.7713061500,28.0198617300,952400,28164328.0000,4.409100,0.170900
2023-05-05,28.4022549300,28.5838917000,27.5609898900,27.8573446200,455900,13259796.0000,2.110600,-0.580000
2023-05-08,27.7999856400,28.3735754400,27.7043873400,27.9816224100,485758,14198449.2200,2.248800,0.446100
2023-05-09,27.8477847900,27.9816224100,26.9587206000,27.1403573700,704100,20044501.0000,3.259600,-3.006500
2023-05-10,27.1307975400,28.1345796900,27.0543189000,28.0867805400,637800,18507432.0000,2.952700,3.487100
2023-05-11,28.0103019000,28.2588574800,27.8669044500,28.1059002000,318600,9339989.0000,1.474900,0.068100
2023-05-12,28.1059002000,28.3257762900,27.8382249600,28.2206181600,457620,13431667.2000,2.118500,0.408200
2023-05-15,28.4213745900,28.4691737400,28.0007420700,28.3735754400,551402,16284042.7600,2.552700,0.542000
2023-05-16,28.2301779900,28.4787335700,27.9720625800,28.3162164600,505220,14919255.9500,2.338900,-0.202200
2023-05-17,28.2779771400,28.6794900000,28.1632591800,28.6603703400,630122,18803702.6200,2.917100,1.215400
2023-05-18,28.6794900000,29.6354730000,28.4309344200,29.4633960600,1239921,37833818.7400,5.740200,2.801900
2023-05-19,29.2530798000,29.7693106200,29.1288020100,29.5494345300,771574,23842892.5600,3.572000,0.292000
2023-05-22,29.5494345300,29.8171097700,29.2530798000,29.8171097700,558700,17351069.7400,2.586500,0.905900
2023-05-23,29.6737123200,30.0943448400,29.4442764000,29.6450328300,511633,15934665.8500,2.368600,-0.577100
2023-05-24,29.3869174200,30.3429004200,29.3869174200,30.0178662000,846900,26643141.0000,3.920700,1.257700
2023-05-25,30.1134645000,31.2988834200,29.8362294300,30.8113320900,1523200,48612400.7800,7.051600,2.643300
2023-05-26,30.8878107300,32.3887040400,30.2090628000,31.5474390000,1862322,60998956.1800,8.621600,2.389100
2023-05-29,31.3944817200,31.3944817200,30.1134645000,30.1708234800,1634100,52035843.5200,7.565000,-4.363600
2023-05-30,30.1803833100,30.7061739600,29.8553490900,30.0752251800,1048355,33181950.8000,4.853300,-0.316900
2023-05-31,30.0847850100,30.5723363400,29.5876738500,29.8171097700,979633,30586120.5300,4.535200,-0.858200
2023-06-01,29.8457892600,30.1325841600,29.4442764000,29.7023918100,594002,18540999.3800,2.749900,-0.384700
2023-06-02,29.8075499400,30.2090628000,29.5685541900,30.2090628000,657748,20592806.9900,3.045000,1.705800
2023-06-05,29.9700670500,30.3142209300,29.5876738500,30.3046611000,643721,20238544.2700,2.980100,0.316500
2023-06-06,30.3046611000,31.4900800200,29.5398747000,30.6870543000,2057300,66211537.0300,9.524200,1.261800
2023-06-07,32.3982638700,33.9182768400,30.3620200800,31.2606441000,4228816,141260021.3700,19.577200,1.869200
2023-06-08,30.2281824600,30.9738492000,29.2626396300,29.6545926600,2750562,86036949.6700,12.733700,-5.137600
2023-06-09,29.4442764000,35.5816872600,29.4442764000,35.5816872600,4784871,171482313.6800,22.151400,19.987100
2023-06-12,34.3962683400,38.9467474200,33.4785246600,37.9812045900,9299965,349583318.9100,43.053900,6.743700
2023-06-13,36.3273540000,38.8989482700,35.3140120200,35.5530077700,6548411,249040465.2900,30.315700,-6.393200
2023-06-14,34.5874649400,38.6121533700,34.3006700400,36.7479865200,7188767,271860922.0200,33.280200,3.361100
2023-06-15,35.3713710000,35.8206830100,34.3006700400,34.7595418800,4983114,182240112.7300,23.069200,-5.411000
2023-06-16,34.4345076600,38.4305166000,34.3771486800,35.5243282800,5324087,202628834.0800,24.647700,2.200200
2023-06-19,35.4956487900,36.1935163800,34.9698581400,35.4860889600,3596196,133312983.8900,16.648500,-0.107600
2023-06-20,35.1514949100,35.7633240300,34.2337512300,34.3675888500,3108498,112534555.7700,14.390700,-3.151900
2023-06-21,34.3675888500,34.4631871500,33.1056912900,33.3446870400,2344013,82509265.8600,10.851500,-2.976400
2023-06-26,33.3446870400,33.9947554800,32.5034220000,32.6181399600,1798770,62422046.7900,8.327400,-2.178900
2023-06-27,32.0541099900,33.0100929900,32.0445501600,32.8571357100,1485900,50721796.0000,6.878900,0.732700
2023-06-28,32.5416613200,33.7270802400,32.0063108400,33.7270802400,1753389,60424689.4000,8.117300,2.647700
2023-06-29,33.4594050000,35.8493625000,33.4498451700,34.7786615400,3476538,127233005.7200,16.094500,3.117900
2023-06-30,34.5014264700,35.1323752500,34.2146315700,34.2815503800,2066788,74661460.0000,9.568100,-1.429400
2023-07-03,34.2815503800,34.6352640900,33.7461999000,34.0521144600,1556001,55517030.7700,7.203500,-0.669300
2023-07-04,33.7748793900,36.4229523000,33.7748793900,35.8302428400,3428636,126725168.1900,15.872800,5.221800
2023-07-05,35.8684821600,36.1074779100,35.1514949100,35.2566530400,1890375,70253852.4300,8.751400,-1.600900
2023-07-06,35.4669693000,40.7344356300,34.6926230700,40.1512860000,6212388,249588118.4000,28.760100,13.882900
2023-07-07,39.9983287200,40.0365680400,37.4076147900,37.5223327500,4677179,187982778.8000,21.652900,-6.547600
2023-07-10,38.1437217000,38.7173115000,36.6715078800,37.1494993800,3815952,149883565.1800,17.665800,-0.993600
2023-07-11,37.2355378500,44.5774872900,36.8053455000,44.5774872900,8302383,372448920.0600,38.435700,19.994900
2023-07-12,44.9312010000,49.5963980400,44.5488078000,48.2771415000,10888718,535695997.4000,50.409000,8.299400
2023-07-13,46.3460558400,46.8336071700,44.9503206600,46.0210216200,7088284,339100106.0600,32.815000,-4.673300
2023-07-14,45.0841582800,45.2944745400,41.8720554000,41.9676537000,6667520,299786489.9300,30.867100,-8.807600
2023-07-17,40.8204741000,41.7668972700,39.4820979000,40.2851236200,4768499,200844867.0400,22.075600,-4.009100
2023-07-18,40.4954398800,40.5336792000,39.1953030000,39.8071321200,2913203,121325718.3200,13.486600,-1.186500
2023-07-19,39.4916577300,39.9600894000,39.0805850400,39.3769397700,2241408,92511399.7200,10.376500,-1.080700
2023-07-20,39.4438585800,39.6637346700,38.4305166000,38.7937901400,2133608,87260738.4800,9.877500,-1.480900
2023-07-21,38.3062388100,39.0805850400,37.8760464600,38.4687559200,2186365,88015596.3100,10.121700,-0.837900
2023-07-24,38.2297601700,38.7173115000,37.2833370000,37.5605720700,1707272,67649187.8000,7.903800,-2.360800
2023-07-25,38.0385635700,38.2106405100,37.0921404000,37.6274908800,1713536,67458464.7900,7.932800,0.178200
2023-07-26,37.4936532600,37.5510122400,35.7059650500,35.8493625000,2580110,97849080.0600,11.944500,-4.725600
2023-07-27,36.2030762100,36.8149053300,35.7346445400,35.8398026700,1737463,65851616.5900,8.043500,-0.026700
2023-07-28,36.0405591000,36.4133924700,34.8073410300,36.0596787600,1738248,65034333.0800,8.047200,0.613500
2023-07-31,36.2126360400,36.4994309400,35.1610547400,35.3140120200,1670647,62512706.7100,7.734200,-2.067900
2023-08-01,35.1801744000,35.7728838600,34.7021829000,35.4478496400,1426540,52559238.8700,6.604100,0.379000
2023-08-02,35.4191701500,36.1552770600,34.8455803500,36.0405591000,2269725,84681624.5900,10.507600,1.672100
2023-08-03,35.6581659000,35.9258411400,34.8933795000,35.9258411400,2058143,76225962.6000,9.528100,-0.318300
2023-08-04,35.7059650500,37.0825805700,35.2375333800,36.6141489000,3104010,118080824.2400,14.369900,1.915900
2023-08-07,36.2891146800,37.0730207400,35.7633240300,36.9678626100,2195837,84074666.6000,10.165600,0.966100
2023-08-08,37.3980549600,41.3558245800,37.3980549600,38.9754269100,6080724,251730964.0500,28.150500,5.430600
2023-08-09,38.2584396600,38.5547943900,36.9965421000,37.2164181900,3493675,136872413.2800,16.173900,-4.513100
2023-08-10,37.0347814200,37.2164181900,35.2662128700,35.5338881100,3181256,119046909.6400,14.727500,-4.520900
2023-08-11,35.5912470900,36.7384266900,35.4669693000,35.6103667500,2556101,96147745.2400,11.833400,0.215200
2023-08-14,35.3713710000,35.3713710000,33.6123622800,34.3006700400,2435049,86881035.1700,11.273000,-3.677900
2023-08-15,34.6161444300,35.5816872600,34.0521144600,34.3867085100,1847246,67258429.6000,8.551800,0.250800
2023-08-16,34.2241914000,34.7691017100,33.3160075500,33.4020460200,1759720,62266303.5200,8.146600,-2.863500
2023-08-17,33.4020460200,35.2088538900,33.0770118000,34.7499820500,2090975,75117992.5500,9.680100,4.035500
2023-08-18,34.5109863000,35.1323752500,33.9373965000,34.2528708900,1322100,47887162.0000,6.120600,-1.430500
2023-08-21,34.1094734400,35.0654564400,33.9565161600,33.9660759900,945900,33948949.0000,4.379000,-0.837300
2023-08-22,34.1285931000,34.8838196700,33.3160075500,34.5396657900,1248579,44537546.4700,5.780300,1.688700
2023-08-23,34.0999136100,35.1323752500,33.8322383700,34.6639435800,1530200,55378985.0000,7.084000,0.359800
2023-08-24,34.4918666400,35.2566530400,33.7844392200,34.8073410300,1560296,56461524.5300,7.223300,0.413700
2023-08-25,34.4345076600,34.6448239200,32.5129818300,32.7902169000,1672637,58232646.4600,7.743400,-5.795100
2023-08-28,34.4153880000,34.6352640900,32.7041784300,32.7137382600,1253127,43946188.4600,5.801300,-0.233200
2023-08-29,32.7041784300,35.7537642000,32.7041784300,35.5721274300,2768376,101003660.7300,12.816100,8.737600
2023-08-30,36.9487429500,39.1761833400,36.8818241400,37.6752900300,4140434,164286941.0500,19.168000,5.912400
2023-08-31,38.3922772800,38.7173115000,37.3311361500,37.7517686700,2731100,109038422.0000,12.643600,0.203000
2023-09-01,37.7613285000,38.5643542200,37.5701319000,38.2488798300,1834715,73223855.4400,8.493800,1.316800
2023-09-04,38.0194439100,40.1321663400,37.8186874800,38.4687559200,2073300,83922143.0000,9.598300,0.574900
2023-09-05,38.3157986400,38.8511491200,37.7804481600,38.0290037400,1645207,65795638.2000,7.616400,-1.143100
2023-09-06,38.2488798300,39.0041064000,38.0003242500,38.7173115000,1851239,74626754.2700,8.570300,1.810000
2023-09-07,38.2488798300,38.6981918400,37.3406959800,37.3980549600,1487300,58910248.0000,6.885400,-3.407400
2023-09-08,37.4362942800,38.3635977900,37.3693754700,37.5892515600,1097400,43497609.0000,5.080400,0.511200
2023-09-11,38.1819610200,40.1417261700,37.4745336000,40.0556877000,3752667,154022226.3400,17.372900,6.561500
2023-09-12,41.4418630500,44.7208847400,41.3845040700,42.3978460500,6981212,313314731.1300,32.319300,5.847300
2023-09-13,41.5565810100,42.0250126800,38.1724011900,38.5739140500,5614611,234399796.5400,25.992700,-9.019200
2023-09-14,38.5834738800,38.9467474200,36.8722643100,37.2833370000,2951289,116038893.4100,13.662900,-3.345700
2023-09-15,37.6752900300,38.5261149000,36.6906275400,36.7671061800,2216900,86710654.0000,10.263100,-1.384600
2023-09-18,36.5854694100,40.5241193700,36.4707514500,39.9218500800,4982968,204522674.8800,23.068500,8.580300
2023-09-19,38.7459909900,39.4151790900,37.7135293500,39.2431021500,4016247,161018672.5900,18.593100,-1.700200
2023-09-20,38.7746704800,42.7133204400,38.6981918400,40.8300339300,4835413,206443457.5200,22.385400,4.043800
2023-09-21,41.4514228800,41.9676537000,38.3731576200,39.1953030000,3930390,162760672.1600,18.195600,-4.003700
2023-09-22,39.2909013000,39.5776962000,37.9047259500,38.4783157500,3222456,129625254.0600,14.918300,-1.829300
2023-09-25,38.4106928400,39.4824844200,37.9568711800,39.1638436800,3208672,128949773.9300,14.854500,1.781700
2023-09-26,38.2368888000,38.6713989000,37.1940645600,38.1596425600,2352291,92410712.0600,10.889900,-2.564100
2023-09-27,38.2175772400,38.2175772400,36.7595544600,36.9912931800,2271378,87691491.2400,10.515300,-3.061700
2023-09-28,37.2713108000,40.0135523200,37.0299163000,39.1928110200,3759089,151515629.3100,17.402600,5.951400
2023-10-09,39.8783714000,41.5005424400,39.8783714000,40.9405072000,4181952,176708607.8800,19.360200,4.459200
2023-10-10,40.3997835200,41.3750173000,39.8783714000,40.1680448000,3201580,134441637.0400,14.821600,-1.886800
2023-10-11,40.4480624200,40.5928991200,38.7969240400,39.2990246000,2373711,96769951.6200,10.989000,-2.163500
2023-10-12,39.3279919400,40.9694745400,38.9127934000,40.8632609600,3582563,149261064.5800,16.585400,3.980300
2023-10-13,40.5059971000,41.1529343600,39.9073387400,40.0232081000,2328235,97463438.3800,10.778500,-2.055800
2023-10-16,40.1680448000,41.1819017000,39.5597306600,41.0274092200,3067159,129135266.1400,14.199300,2.509000
2023-10-17,40.5542760000,40.5542760000,37.8699691600,38.4010370600,2882289,115543449.4300,13.343500,-6.401500
2023-10-18,38.2175772400,38.9514165200,37.3871801600,38.0920521000,1589991,63049111.8600,7.360800,-0.804600
2023-10-19,37.2519992400,38.0534289800,36.5760946400,36.8464564800,1682693,64640696.0900,7.790000,-3.270000
2023-10-20,36.4022906000,38.7679567000,36.4022906000,36.9333585000,1721670,66848681.1500,7.970400,0.235800
2023-10-23,36.3829790400,37.8796249400,35.9388131600,36.6147177600,1505965,57394037.3400,6.971800,-0.862700
2023-10-24,36.2864212400,38.4300044000,36.2671096800,37.7154766800,1618270,62978681.5700,7.491700,3.006300
2023-10-25,38.1403310000,39.1059090000,37.4644264000,38.7969240400,1933406,77094205.6200,8.950600,2.867400
2023-10-26,39.0769416600,39.7431904800,37.7540998000,39.5886980000,2202147,88244692.1200,10.194800,2.040800
2023-10-27,39.6369769000,39.8590598400,38.5362179800,39.1831552400,2066318,83753977.7200,9.566000,-1.024400
2023-10-30,39.4921402000,39.9169945200,38.6231200000,39.2893688200,1761168,71549138.7200,8.153300,0.271100
2023-10-31,39.5790422200,39.5790422200,37.9472154000,38.3141350400,1406934,56035168.2000,6.513400,-2.482200
2023-11-01,38.1210194400,41.4039846400,37.7637555800,40.9694745400,4400744,184399865.5400,20.373100,6.930400
2023-11-02,40.7956705000,40.7956705000,39.6949115800,39.8300925000,2728162,113347609.9700,12.630000,-2.781100
2023-11-03,40.1004543400,41.2301806000,39.8783714000,40.8342936200,2774343,116872595.7400,12.843700,2.521200
2023-11-06,40.7280800400,41.8674620800,40.2356352600,41.7902158400,4000397,170530740.7400,18.519700,2.341000
2023-11-07,42.1957586000,43.0647788000,41.0467207800,41.3074268400,3336034,143176458.6700,15.444100,-1.155300
2023-11-08,40.6508338000,40.9887861000,40.1777005800,40.5832433400,2526507,106105546.7300,11.696400,-1.753200
2023-11-09,40.6701453600,40.9405072000,39.9363060800,40.1004543400,1674164,69964091.2100,7.750500,-1.189600
2023-11-10,40.1680448000,40.3611604000,39.4921402000,39.5983537800,1341280,55266206.0100,6.209400,-1.252100
2023-11-13,39.5500748800,40.8246378400,39.5500748800,40.4384066400,1473004,61650002.9300,6.819200,2.121400
2023-11-14,40.2066679200,40.8246378400,39.7818136000,40.0232081000,1468300,61015494.1600,6.797500,-1.026700
2023-11-15,40.1197659000,41.8095274000,39.7238789200,41.5198540000,3413604,144988245.5200,15.803200,3.739400
2023-11-16,41.5584771200,43.6441256000,41.0274092200,42.5240551200,5284324,232060681.0700,24.463600,2.418600
2023-11-17,42.0992008000,43.0551230200,41.8191831800,42.7364822800,3369797,148220913.3600,15.600400,0.499500
2023-11-20,42.6302687000,42.8040727400,41.7612485000,42.3985299800,2026303,88577514.9200,9.380700,-0.790800
2023-11-21,42.4564646600,43.9531105600,42.0122987800,42.0605776800,4298842,191675567.3700,19.901400,-0.797100
2023-11-22,41.4329519800,41.9350525400,40.6315222400,40.6701453600,2608510,111572274.5500,12.076000,-3.305800
2023-11-23,41.0370650000,42.3599068600,40.7473916000,42.3405953000,2616268,113499008.2000,12.111900,4.107300
2023-11-24,42.2150701600,42.2150701600,39.6466326800,39.8494040600,2359401,98998979.0800,10.922800,-5.883700
2023-11-27,39.5017959800,42.9489094400,39.5017959800,42.7847611800,4062535,176231371.8100,18.807400,7.366100
2023-11-28,42.3599068600,43.6055024800,41.7709042800,43.3834195400,3652859,162769624.3900,16.910800,1.399200
2023-11-29,43.5475678000,43.7599949600,42.2730048400,42.7075149400,2527658,112375019.1000,11.701700,-1.558000
2023-11-30,42.2826606200,42.6688918200,41.0853439000,41.8674620800,2284026,98465993.4500,10.573800,-1.967000
2023-12-01,41.7419369400,41.7515927200,40.3611604000,40.9791303200,1881861,79711333.4800,8.712000,-2.121800
2023-12-04,40.7280800400,41.4619193200,40.4190950800,40.6798011400,1459955,61757971.2900,6.758800,-0.730400
2023-12-05,40.6508338000,41.8771178600,39.5211075400,40.6122106800,2126374,89619475.0200,9.844000,-0.166200
2023-12-06,40.3321930600,41.5488213400,39.9073387400,40.0425196600,1968851,83109707.6200,9.114700,-1.402800
2023-12-07,39.9073387400,40.1004543400,37.5609842000,37.6575420000,2946335,117172870.2300,13.640000,-5.956100
2023-12-08,37.7347882400,38.7003662400,37.6865093400,37.9665269600,1526467,60428345.4400,7.066700,0.820500
2023-12-11,37.4354590600,39.1059090000,37.4354590600,38.6713989000,1622769,64739216.0500,7.512600,1.856600
2023-12-12,38.9610723000,38.9610723000,38.4106928400,38.6231200000,874105,35011611.5800,4.046600,-0.124800
2023-12-13,38.5844968800,39.2024668000,38.1789541200,38.5555295400,1162932,46589557.7600,5.383800,-0.175000
2023-12-14,38.7293335800,39.1734994600,38.1596425600,38.3044792600,785946,31293881.6700,3.638500,-0.651100
2023-12-15,38.5169064200,38.7486451400,37.6865093400,37.8989365000,664688,26182670.2600,3.077200,-1.058700
2023-12-18,37.8989365000,38.2368888000,37.4258032800,37.5416726400,594500,23295975.5200,2.752200,-0.942700
2023-12-19,37.5030495200,37.9472154000,36.7112755600,37.7251324600,740782,28602563.4500,3.429400,0.488700
2023-12-20,37.4644264000,38.1982656800,37.3678686000,37.3968359400,580108,22707608.3800,2.685600,-0.870200
2023-12-21,37.8506576000,38.4493159600,36.8850796000,38.1403310000,964330,37642214.4000,4.464300,1.988100
2023-12-22,38.0630847600,38.4782833000,37.4740821800,37.4933937400,912409,35940545.6900,4.224000,-1.696200
2023-12-25,37.5609842000,37.7637555800,36.9237027200,37.2713108000,568492,21883685.3200,2.631800,-0.592300
2023-12-26,37.2809665800,37.4547706200,36.2960770200,36.4022906000,780760,29701592.8400,3.614500,-2.331600
2023-12-27,36.5085041800,37.0975067600,36.2960770200,36.6629966600,613911,23339700.0000,2.842100,0.716200
2023-12-28,36.5181599600,37.8120344800,36.3153885800,37.5320168600,783025,30183442.1100,3.625000,2.370300
2023-12-29,37.5513284200,38.2755119200,37.2230319000,38.1692983400,761649,29998087.0100,3.526000,1.698000
2024-01-02,38.1789541200,38.6520873400,38.0148058600,38.1306752200,776100,30815149.9300,3.592900,-0.101200
2024-01-03,38.1403310000,38.3237908200,37.2230319000,37.4064917200,716249,27983621.0800,3.241500,-1.899200
2024-01-04,37.6478862200,37.6478862200,37.2326876800,37.5609842000,431400,16732011.0000,1.952400,0.413000
2024-01-05,37.5802957600,37.9472154000,36.6243735400,36.8754238200,536200,20699434.0000,2.426700,-1.825200
2024-01-08,37.0299163000,37.0685394200,36.1126172000,36.1126172000,472600,17792313.0000,2.138800,-2.068600
2024-01-09,36.3829790400,37.0588836400,35.8519111400,36.6919640000,605500,23012970.0000,2.740300,1.604300
2024-01-10,36.7112755600,36.9719816200,35.8905342600,36.2574539000,539400,20318995.0000,2.441100,-1.184200
2024-01-11,36.2574539000,37.5609842000,35.8808784800,37.4933937400,845063,32322894.5800,3.824500,3.408800
2024-01-12,37.4161475000,37.7251324600,36.9043911600,37.2713108000,838368,32346801.9800,3.794200,-0.592300
2024-01-15,37.2809665800,37.2809665800,36.2091750000,36.5181599600,565700,21435311.0000,2.560200,-2.020700
2024-01-16,36.6919640000,37.0299163000,36.1802076600,37.0106047400,636900,24152728.4800,2.882400,1.348500
2024-01-17,37.0588836400,37.0588836400,35.3208432400,35.3691221400,763470,28531768.5000,3.455200,-4.435200
2024-01-18,35.4946472800,35.6008608600,34.3745768000,35.3304990200,734670,26605511.6000,3.324900,-0.109200
2024-01-19,35.1084160800,35.5043030600,34.4325114800,34.4711346000,467220,16858471.4000,2.114500,-2.432400
2024-01-22,34.4711346000,34.5387250600,32.3758303400,32.4434208000,800300,27819231.0000,3.621900,-5.882400
2024-01-23,32.6365364000,32.7524057600,31.5840563800,32.2792725400,614362,20519287.7100,2.780400,-0.506000
2024-01-24,32.4434208000,32.9165540200,31.0916116000,32.4047976800,661184,21857777.0500,2.992300,0.388900
2024-01-25,32.3178956600,33.6793606400,31.9509760200,33.5152123800,892907,30455609.4500,4.041000,3.426700
2024-01-26,33.5152123800,34.4131999200,33.1772600800,33.6697048600,852085,29855678.9800,3.856200,0.461000
2024-01-29,33.8628204600,33.8724762400,31.9702875800,31.9702875800,564500,19113461.0000,2.554700,-5.047300
2024-01-30,31.5357774800,31.8930413400,30.4350185600,30.4446743400,764786,24622436.4600,3.461200,-4.772000
2024-01-31,31.3812850000,31.4585312400,28.8031917400,28.9287168800,1050900,32335167.8600,4.756000,-4.979400
2024-02-01,28.5135183400,28.9866515600,27.7507117200,28.4652394400,766453,22582027.7700,3.468700,-1.602100
2024-02-02,28.4845510000,28.8611264200,25.5781612200,26.4375256400,1064572,29865638.1700,4.817900,-7.123500
2024-02-05,26.1961311400,26.2057869200,22.0151784000,22.7007387800,1451159,35257379.6400,6.567400,-14.134400
2024-02-06,21.8510301400,24.6705179000,21.1365024200,23.8980555000,1647545,38804722.3400,7.456200,5.274400
2024-02-07,24.1587615600,24.9119124000,22.7297061200,23.1642162200,1509398,37254289.7800,6.831000,-3.070700
2024-02-08,23.1738720000,26.0512944400,22.7393619000,25.8581788400,1699472,43048347.4300,7.691200,11.629800
2024-02-19,25.9740482000,27.5672519000,25.9257693000,27.0458397800,1399245,38924534.1500,6.332500,4.593000
2024-02-20,26.6982317000,28.1562544800,26.4954603200,27.8376137400,1057871,29921096.6700,4.787600,2.927500
2024-02-21,27.4224152000,29.2087345000,27.3451689600,27.6638097000,1352335,39697263.7500,6.120200,-0.624300
2024-02-22,27.5575961200,28.6100761400,27.5575961200,28.4266163200,1085732,31715943.5700,4.913600,2.757400
2024-02-23,28.3204027400,30.3094934200,28.3204027400,30.2901818600,1440115,43918534.1800,6.517500,6.555700
2024-02-26,30.9564306800,33.8917878000,30.5895110400,31.1881694000,2409721,79177911.7200,10.905600,2.964600
2024-02-27,31.1881694000,33.8241973400,30.8984960000,33.2545063200,2565836,86670866.7200,11.612100,6.625400
2024-02-28,32.6365364000,33.1386369600,29.2666691800,29.2956365200,2788187,91466525.3800,12.618400,-11.904800
2024-02-29,28.6873223800,31.1785136200,28.6583550400,31.1495462800,1629192,51449147.8500,7.373200,6.328300
2024-03-01,31.4585312400,31.8254508800,30.4929532400,31.7095815200,1138779,37016012.7400,5.153700,1.797900
2024-03-04,31.7385488600,31.9799433600,30.7053804000,31.9606318000,1260171,41063216.9700,5.703100,0.791700
2024-03-05,31.6709584000,31.9702875800,30.8984960000,31.1302347200,765993,24932732.3400,3.466600,-2.598200
2024-03-06,30.8984960000,32.3372072200,30.8598728800,31.9413202400,1038800,34148012.0000,4.701200,2.605500
2024-03-07,32.3951419000,33.3124410000,31.5164659200,31.6999257400,1264174,42474781.5000,5.721200,-0.755700
2024-03-08,31.6130237200,31.9606318000,31.1881694000,31.6902699600,781600,25573714.0000,3.537300,-0.030500
2024-03-11,31.4778428000,33.1193254000,31.4295639000,32.7330942000,1394697,46714769.6800,6.311900,3.290700
2024-03-12,32.6365364000,34.5676924000,32.0958127200,33.6986722000,2113304,72920696.6300,9.564100,2.949900
2024-03-13,33.6986722000,33.9690340400,33.0227676000,33.2062274200,1498094,51864357.0500,6.779900,-1.461300
2024-03-14,33.7952300000,33.7952300000,32.2985841000,33.1772600800,1111596,37985883.2300,5.030700,-0.087200
2024-03-15,33.2062274200,34.6449386400,33.0227676000,34.1911169800,1856477,65463074.0600,8.401800,3.055900
2024-03-18,34.0752476200,36.1029614200,33.8145415600,35.1084160800,1815118,65292593.1000,8.214600,2.682900
2024-03-19,34.8573658000,35.1760065400,34.3745768000,34.5676924000,1246845,44795870.9000,5.642800,-1.540200
2024-03-20,34.5483808400,35.1566949800,33.8241973400,34.8380542400,895196,32318070.8300,4.051300,0.782100
2024-03-21,34.8573658000,35.0697929600,34.2200843200,34.8283984600,954212,34272486.2400,4.318400,-0.027700
2024-03-22,34.8573658000,34.9056447000,33.9400667000,34.2876747800,900519,32044232.8100,4.075400,-1.552500
2024-03-25,34.3745768000,36.1512403200,34.2876747800,34.7608080000,1717004,62317723.5600,7.770600,1.379900
2024-03-26,34.5194135000,37.5127053000,34.3842325800,37.2809665800,4215246,159468271.2700,19.076700,7.250000
2024-03-27,36.4988484000,36.4988484000,32.3275514400,32.6944710800,3343874,118062314.1800,15.133200,-12.302500
2024-03-28,32.1537474000,34.5870039600,32.1537474000,33.9786898200,2290382,80030999.1200,10.365500,3.927900
2024-03-29,38.6231200000,38.6231200000,35.9388131600,37.2326876800,6026138,231716569.2700,27.272200,9.576600
2024-04-01,36.7788660200,40.1680448000,36.2864212400,38.9031376200,6051268,240828612.5200,27.383200,4.486500
2024-04-02,37.6575420000,40.2452910400,36.8850796000,37.8410018200,4623303,182691558.7300,20.921400,-2.730200
2024-04-03,36.6919640000,37.0106047400,34.6739059800,34.7221848800,3175678,116892224.8900,14.370600,-8.241900
2024-04-08,34.7221848800,35.1470392000,32.6751595200,32.6848153000,2027866,70183134.6300,9.176500,-5.867600
2024-04-09,32.6365364000,33.6117701800,32.3565187800,33.6021144000,1370317,46902237.7800,6.201000,2.806500
2024-04-10,33.3124410000,33.5828028400,31.4295639000,32.1440916200,1694983,56548400.3400,7.670100,-4.339100
2024-04-11,31.7385488600,33.4089988000,31.6902699600,32.8779309000,1508453,51369301.6600,6.826000,2.283000
2024-04-12,33.0131118200,33.5248681600,32.1923705200,32.3082398800,1176761,39991465.0200,5.325100,-1.732700
2024-04-15,32.2503052000,32.6848153000,29.7880813000,30.3191492000,1652071,52942477.0800,7.475900,-6.156600
2024-04-16,30.2032798400,30.2129356200,27.7893348400,27.7989906200,1459062,43037103.3200,6.602500,-8.312100
2024-04-17,28.0983198000,30.5508879200,28.0983198000,30.5412321400,1294144,39961664.7000,5.856300,9.864500
2024-04-18,30.5026090200,31.3330061000,29.9329180000,30.5412321400,1050233,33383188.3300,4.752500,0.000000
2024-04-19,29.9618853400,31.2364483000,29.9329180000,30.4060512200,930203,29363635.2800,4.209400,-0.442600
2024-04-22,30.0584431400,30.7440035200,29.0832093600,30.7343477400,1028700,32019153.3500,4.655100,1.079700
2024-04-23,31.1881694000,32.1537474000,30.5701994800,32.0571896000,1612805,52526917.0200,7.298300,4.304100
2024-04-24,31.0916116000,31.9123529000,30.4157070000,31.8544182200,1705740,55535898.4600,7.718800,-0.632500
2024-04-25,32.2116820800,32.2116820800,31.2654156400,31.4102523400,1373765,45174011.2600,6.216600,-1.394400
2024-04-26,31.3330061000,32.1344358400,30.9950538000,31.7964835400,1423688,46879410.9600,6.442500,1.229600
2024-04-29,32.4627323600,32.8972424600,32.2696167600,32.8489635600,1497208,50540791.8800,6.775200,3.310100
2024-04-30,33.0227676000,33.4669334800,32.2503052000,32.7330942000,1132191,38388693.2000,5.123400,-0.352700
2024-05-06,33.2158832000,33.6021144000,33.1289811800,33.3896872400,974600,33705525.0000,4.410300,2.005900
2024-05-07,33.3896872400,34.0366245000,33.0807022800,33.6310817400,882053,30704375.9000,3.991500,0.723000
2024-05-08,33.4283103600,33.8338531200,32.9358655800,32.9358655800,853798,29516501.1800,3.863600,-2.067200
2024-05-09,33.1386369600,33.6021144000,33.0324233800,33.1676043000,855900,29549860.0000,3.873100,0.703600
2024-05-10,33.1869158600,33.3317525600,32.2406494200,32.5882575000,753786,25434170.5000,3.411000,-1.746700
2024-05-13,32.6365364000,32.6365364000,31.1495462800,31.4778428000,826131,27007986.1100,3.738400,-3.407400
2024-05-14,31.4778428000,32.2503052000,31.4778428000,32.0185664800,674100,22296002.0600,3.050400,1.717800
2024-05-15,32.3372072200,32.6365364000,31.6226795000,31.6999257400,506800,16771082.0000,2.293400,-0.995200
2024-05-16,32.2503052000,32.7620615400,31.8157951000,32.1054685000,736412,24717422.8000,3.332400,1.279300
2024-05-17,31.8737297800,32.1537474000,31.5550890400,31.9799433600,703300,23202371.0000,3.182600,-0.391000
2024-05-20,32.1827147400,32.5882575000,31.8833855600,32.1344358400,702804,23453091.0400,3.180300,0.483100
2024-05-21,32.2020263000,32.2020263000,31.4778428000,31.6226795000,576500,18908811.0000,2.608800,-1.592500
2024-05-22,31.9799433600,32.0958127200,31.3909407800,31.9026971200,583523,19233391.5500,2.640600,0.885500
2024-05-23,31.5647448200,31.8930413400,31.0723000400,31.2364483000,587186,19111012.3400,2.657100,-2.088400
2024-05-24,31.1109231600,31.4681870200,30.6571015000,30.6571015000,738686,23637886.5400,3.342700,-1.854700
2024-05-27,30.9950538000,31.1688578400,29.9811969000,31.1495462800,593004,18706325.4000,2.683500,1.606300
2024-05-28,31.1495462800,31.9702875800,30.8502171000,31.3426618800,848100,27722233.0000,3.837800,0.620000
2024-05-29,30.9950538000,32.8682751200,30.9950538000,32.2116820800,1133856,37637193.6000,5.130900,2.772600
2024-05-30,32.1730589600,32.7137826400,31.3716292200,32.3661745600,1412888,47276826.6000,6.393600,0.479600
2024-05-31,32.0765011600,32.9165540200,32.0765011600,32.5882575000,1283288,43346614.8000,5.807100,0.686200
2024-06-03,32.4047976800,33.2448505400,32.4047976800,33.2062274200,1894000,64472249.0000,8.570700,1.896300
2024-06-04,32.7330942000,32.8393077800,31.1398905000,31.7192373000,1544992,50868844.0400,6.991400,-4.478000
2024-06-05,31.5164659200,31.7288930800,30.8984960000,30.8984960000,868300,28009353.0000,3.929200,-2.587500
2024-06-06,30.9081517800,31.2267925200,28.7742244000,28.8225033000,1132200,34721025.0000,5.123400,-6.718800
2024-06-07,29.2473576200,30.2419029600,29.2377018400,30.0005084600,919488,28378445.1200,4.160900,4.087100
2024-06-11,30.1260336000,30.1260336000,28.8707822000,30.0680989200,919100,28013888.0000,4.159100,0.225300
2024-06-12,30.0680989200,30.7343477400,30.0391315800,30.5605437000,644375,20354010.8000,2.915900,1.637800
2024-06-13,30.5798552600,31.1688578400,30.4446743400,30.9660864600,659400,21084094.0000,2.983900,1.327000
2024-06-14,30.6088226000,31.0529884800,30.1839682800,30.9274633400,568100,18069644.0000,2.570800,-0.124700
2024-06-17,30.8598728800,31.2847272000,29.7398024000,30.9660864600,562188,18014075.1200,2.543900,0.124900
2024-06-18,31.3619734400,31.8157951000,30.8598728800,31.7964835400,944380,30916923.4000,4.273400,2.681600
2024-06-19,31.7288930800,31.9509760200,31.2074809600,31.5454332600,644400,21076851.0000,2.916000,-0.789600
2024-06-20,31.5454332600,31.5454332600,30.4543301200,30.5798552600,643800,20566217.0000,2.913200,-3.060900
2024-06-21,30.6191728500,31.0025268600,30.0687158100,30.6584912100,424500,13184709.0000,1.920900,0.257200
2024-06-24,30.6191728500,30.6191728500,29.1054159900,29.1840527100,715200,21543261.2000,3.236200,-4.809200
2024-06-25,29.1840527100,30.2554780200,29.1840527100,29.4297924600,712200,21511135.0000,3.222700,0.842000
2024-06-26,29.4297924600,31.1892890700,29.0660976300,31.1499707100,985300,30393818.0000,4.458400,5.845000
2024-06-27,31.1106523500,31.5529839000,30.6093432600,30.6191728500,865863,27394162.5000,3.918000,-1.704000
2024-06-28,30.4127514600,31.2482666100,30.4127514600,30.7666167000,669100,21030862.0000,3.027600,0.481500
2024-07-01,30.8550830100,32.1722480700,29.8819536000,31.6512798000,1476100,46912944.0000,6.679100,2.875400
2024-07-02,31.6512798000,32.4179878200,31.0811635800,31.3170737400,1294900,41606177.0000,5.859200,-1.055900
2024-07-03,31.3858808700,37.5785225700,31.3858808700,33.2043550200,4036945,139880060.6400,18.266400,6.026400
2024-07-04,32.3196919200,34.6787935200,31.9461675000,34.2266323800,4306388,148285209.5400,19.485600,3.078700
2024-07-05,33.0274224000,33.9022559100,31.9559970900,33.7449824700,2823413,94674280.5800,12.775400,-1.407200
2024-07-08,33.2141846100,34.4133945900,33.0077632200,34.4133945900,3004712,104118214.5000,13.595800,1.980800
2024-07-09,33.7449824700,35.0326587600,32.4671357700,34.9245332700,3472412,119515226.3500,15.712000,1.485300
2024-07-10,33.9120855000,34.6787935200,33.2240142000,33.8334487800,2466576,85223995.7500,11.160800,-3.124100
2024-07-11,34.0890181200,35.6420933400,33.4206060000,35.3865240000,3828378,135335221.4300,17.322700,4.590400
2024-07-12,35.0621475300,37.2246573300,34.6689639300,36.0549361200,4897524,179010337.1500,22.160400,1.888900
2024-07-15,34.6984527000,35.0719771200,34.1774844300,34.4527129500,2934759,103013994.2500,13.279200,-4.443800
2024-07-16,34.0791885300,34.0791885300,32.7816826500,33.7253232900,2771411,94132207.2500,12.540100,-2.111300
2024-07-17,33.6565161600,33.6663457500,31.8478716000,31.9658266800,2443600,80633423.0000,11.056800,-5.217100
2024-07-18,31.4645175900,31.4841767700,30.4717290000,31.3170737400,1585500,49918481.0000,7.174100,-2.029500
2024-07-19,31.1696298900,31.9363379100,30.9140605500,31.3563921000,1091500,34993291.0000,4.938800,0.125500
2024-07-22,31.1598003000,31.7987236500,31.1598003000,31.4743471800,792812,25416546.7600,3.587300,0.376200
2024-07-23,31.6021318500,32.4278174100,30.8649126000,30.8649126000,1628600,52500393.8800,7.369100,-1.936300
2024-07-24,30.5503657200,31.2187778400,29.9311015500,29.9802495000,1243032,38304414.1600,5.624500,-2.866200
2024-07-25,29.8328056500,31.0516748100,29.6853618000,30.8452534200,1119700,34920886.0000,5.066400,2.885200
2024-07-26,31.1401411200,31.5824726700,30.7961054700,31.4743471800,1093000,34751981.0000,4.945600,2.039500
2024-07-29,31.3367329200,31.8478716000,30.7862758800,30.9435493200,783200,24768712.0000,3.543800,-1.686400
2024-07-30,31.2384370200,31.2384370200,30.2947963800,30.6191728500,661903,20688634.6600,2.995000,-1.048300
2024-07-31,30.9140605500,31.8282124200,30.6290024400,31.8183828300,1043353,33352010.5400,4.721000,3.916500
2024-08-01,31.8871899600,32.1034409400,31.4940063600,31.7004277500,820100,26494009.0000,3.710800,-0.370700
2024-08-02,31.3760512800,31.7200869300,30.7272983400,30.9140605500,862325,27396772.8700,3.901900,-2.480600
2024-08-05,30.4717290000,31.2580962000,29.5182587700,29.5477475400,903553,27735357.7200,4.088400,-4.419700
2024-08-06,29.9900790900,30.4815585900,29.6165546700,29.9311015500,523800,15927915.0000,2.370100,1.297400
2024-08-07,29.9311015500,31.2187778400,29.9212719600,30.1866708900,753237,23344932.3700,3.408300,0.853900
2024-08-08,29.9900790900,30.4225810500,29.0169496800,29.5182587700,769900,23060486.0000,3.483700,-2.214300
2024-08-09,29.7836577000,29.9507607300,29.2921782000,29.4887700000,393200,11824578.0000,1.779200,-0.099900
2024-08-12,29.5084291800,29.5084291800,29.0071200900,29.2626894300,397200,11819680.0000,1.797300,-0.766700
2024-08-13,29.3708149200,29.8819536000,29.0955864000,29.8819536000,501706,15072615.8000,2.270100,2.116200
2024-08-14,29.9016127800,30.0097382700,29.5674067200,29.5870659000,396800,12015107.0000,1.795400,-0.986800
2024-08-15,29.3118373800,29.9605903200,29.2135414800,29.4396220500,577200,17364578.0000,2.611700,-0.498300
2024-08-16,29.4887700000,30.0588862200,29.3904741000,29.9900790900,692000,21027706.0000,3.131200,1.869800
2024-08-19,29.9802495000,30.6388320300,29.6853618000,29.7443393400,673031,20594681.1500,3.045300,-0.819400
2024-08-20,29.8229760600,29.8229760600,28.9186537800,29.0169496800,520000,15467778.0000,2.352900,-2.445500
2024-08-21,28.9776313200,29.4396220500,28.7613803400,29.2430302500,251800,7470971.0000,1.139300,0.779100
2024-08-22,28.9186537800,29.4691108200,28.6827436200,28.6925732100,353082,10427385.6000,1.597600,-1.882400
2024-08-23,28.6729140300,28.9874609100,28.0831386300,28.6925732100,388100,11254626.0000,1.756100,0.000000
2024-08-26,28.9481425500,29.1643935300,28.3190487900,28.9874609100,240900,7076636.0000,1.090000,1.027700
2024-08-27,28.8596762400,28.9776313200,28.2109233000,28.3190487900,340500,9875142.0000,1.540700,-2.305900
2024-08-28,28.1224569900,28.8989946000,27.8275692900,28.5451293600,346700,10092663.0000,1.568800,0.798300
2024-08-29,28.4959814100,29.4887700000,28.0143315000,29.4691108200,597400,17727362.0000,2.703100,3.236900
2024-08-30,29.4789404100,29.8426352400,29.2233710700,29.4887700000,1099000,33111914.0000,4.972800,0.066700
2024-09-02,29.4396220500,29.6067250800,28.5058110000,28.5058110000,593700,17522707.0000,2.686400,-3.333300
2024-09-03,28.4861518200,28.9678017300,28.3485375600,28.6139364900,399900,11664120.0000,1.809500,0.379300
2024-09-04,28.4173446900,28.8891650100,28.2010937100,28.6827436200,390800,11375116.0000,1.768300,0.240500
2024-09-05,28.6139364900,29.2037118900,28.6139364900,29.0267792700,518824,15302782.0000,2.347300,1.199500
2024-09-06,29.1152455800,29.1447343500,28.0339906800,28.0634794500,406800,11763995.0000,1.840400,-3.318700
2024-09-09,27.5523407700,28.3485375600,27.5228520000,27.9848427300,283400,8078557.0000,1.282200,-0.280200
2024-09-10,28.2010937100,28.8498466500,27.8767172400,28.6041069000,468348,13522025.6400,2.118900,2.212900
2024-09-11,28.4075151000,28.5746181300,28.0929682200,28.1421161700,436500,12562837.0000,1.974800,-1.615100
2024-09-12,28.2699008400,28.5647885400,28.0241610900,28.0241610900,291100,8372985.0000,1.317000,-0.419100
2024-09-13,28.1617753500,28.1617753500,26.9429061900,26.9429061900,454813,12660335.4900,2.057700,-3.858300
2024-09-18,27.0412020900,27.2279643000,26.4612562800,26.9134174200,288000,7852212.0000,1.303000,-0.109400
2024-09-19,27.1001796300,27.6014887200,26.9822245500,27.3557489700,409100,11352421.0000,1.850800,1.643500
2024-09-20,27.3557489700,27.4737040500,27.0706908600,27.1296684000,251500,6958455.0000,1.137800,-0.826400
2024-09-23,27.1296684000,27.4245561000,26.8347807000,27.0313725000,256800,7102205.0000,1.161800,-0.362300
2024-09-24,27.2771122500,27.7980805200,26.6971664400,27.7784213400,580400,16184820.0000,2.625800,2.763600
2024-09-25,28.1519457600,28.5844477200,27.8865468300,28.0143315000,755248,21749992.4000,3.416900,0.849300
2024-09-26,27.9946723200,28.7122323900,27.9651835500,28.6729140300,648600,18741010.0000,2.934400,2.350900
2024-09-27,29.3708149200,30.4225810500,28.9383129600,30.1375229400,1336211,40323146.9300,6.045300,5.108000
2024-09-30,31.2089482500,35.0719771200,30.2751372000,34.3052691000,3050688,100727402.0400,13.801900,13.829100
2024-10-08,40.3013190000,40.4979108000,34.9245332700,37.4310787200,3749634,142677386.2000,16.963900,9.111700
2024-10-09,35.9664698100,36.2908462800,31.8478716000,32.2705439700,2055946,72139939.0500,9.301400,-13.786800
2024-10-10,32.8013418300,34.1676548400,32.4376470000,33.2240142000,1392612,47251702.4000,6.300400,2.954600
2024-10-11,33.0274224000,33.5778794400,31.2187778400,31.5529839000,1242400,40546471.4000,5.620800,-5.029600
2024-10-14,31.6512798000,32.7227051100,31.0713339900,32.6833867500,1075700,35154122.0000,4.866600,3.582600
2024-10-15,32.6342388000,33.3223101000,32.1525888900,32.1820776600,965500,32082215.0000,4.368100,-1.533800
2024-10-16,32.2410552000,32.8111714200,31.5529839000,32.4081582300,774800,25527265.0000,3.505300,0.702500
2024-10-17,32.3884990500,32.9291265000,32.2312256100,32.3196919200,832200,27673291.0000,3.765000,-0.273000
2024-10-18,31.7790644700,33.8531079600,31.7790644700,33.4206060000,1385491,46842467.7600,6.268200,3.406300
2024-10-21,33.2436733800,34.1774844300,33.2436733800,34.0005518100,1887270,65013103.6800,8.538300,1.735300
2024-10-22,33.6860049300,34.5018609000,33.6368569800,34.0398701700,1398014,48481525.7800,6.324800,0.115600
2024-10-23,34.1774844300,34.6394751600,33.6171978000,34.1774844300,1312500,45705945.0000,5.938000,0.404300
2024-10-24,34.6099863900,36.7430074200,34.5804976200,35.5929453900,2985593,107959044.8300,13.507300,4.141500
2024-10-25,35.6322637500,36.1335728400,34.4035650000,35.3570352300,2093371,74661878.2900,9.470700,-0.662800
2024-10-28,35.0916363000,36.2515279200,34.8950445000,35.9271514500,1768900,63951060.0000,8.002800,1.612500
2024-10-29,35.7403892400,37.2049981500,35.3865240000,37.0870430700,2275566,84263033.3400,10.295000,3.228500
2024-10-30,36.6643707000,37.9913653500,35.3570352300,37.9618765800,2605720,97621539.0300,11.788700,2.358900
2024-10-31,37.9913653500,40.0555792500,37.4310787200,39.9474537600,4432300,176956409.3900,20.052400,5.230500
2024-11-01,39.5149518000,40.4487628500,37.8635806800,38.5319928000,3777450,149702034.3000,17.089800,-3.543300
2024-11-04,38.2862530500,40.1735343300,38.0011949400,38.9055172200,2455246,98087600.5700,11.107900,0.969400
2024-11-05,38.1388092000,39.4756334400,37.8439215000,39.1315977900,2604197,103110911.6900,11.781800,0.581100
2024-11-06,39.0038131200,40.1735343300,38.8268805000,39.0922794300,2521411,100521900.3300,11.407300,-0.100500
2024-11-07,38.9644947600,39.7115436000,38.8268805000,39.0038131200,1968600,78364734.0000,8.906200,-0.226300
2024-11-08,39.1217682000,39.5346109800,38.6499478800,38.8367100900,2163248,85876293.1400,9.786900,-0.428400
2024-11-11,38.6597774700,39.8294986800,38.5123336200,39.7606915500,2414171,97005196.7000,10.922100,2.379100
2024-11-12,39.7213731900,39.9867721200,38.2665938700,38.8661988600,1859764,74054689.7000,8.413900,-2.249700
2024-11-13,39.2593824600,39.9671129400,38.0798316600,39.3085304100,1700938,67650944.9800,7.695300,1.138100
2024-11-14,38.9055172200,39.3969967200,37.5490338000,37.8439215000,1134700,44338509.0000,5.133600,-3.725900
2024-11-15,37.8537510900,38.5221632100,36.5660748000,36.6938594700,1061092,40646747.8000,4.800500,-3.039000
2024-11-18,36.8118145500,38.8170509100,36.3694830000,37.1460206100,1808515,69597982.6900,8.182000,1.232300
2024-11-19,37.3032940500,39.5346109800,36.8118145500,39.3281895900,2158218,84432962.0500,9.764100,5.874600
2024-11-20,39.5149518000,39.9081354000,38.5319928000,39.2888712300,1828857,72712078.0100,8.274000,-0.100000
2024-11-21,38.9841539400,40.2423414600,38.9055172200,39.4166559000,1941261,77891376.8400,8.782600,0.325200
2024-11-22,39.4166559000,39.7115436000,37.7456256000,37.7456256000,1505771,59188423.3600,6.812300,-4.239400
2024-11-25,37.8439215000,39.4559742600,37.8439215000,39.0431314800,1805287,71408501.9600,8.167400,3.437500
2024-11-26,39.0726202500,39.6132477000,38.4336969000,39.2298936900,1376322,54638028.0000,6.226700,0.478300
2024-11-27,39.4363150800,40.0359200700,38.2371051000,40.0260904800,1592015,63418792.5000,7.202500,2.029600
2024-11-28,39.8098395000,41.5988248800,39.4363150800,40.8124576800,2798093,116517641.1600,12.659000,1.964600
2024-11-29,40.5863771100,41.1073453800,39.0038131200,40.4684220300,2633511,107111175.6000,11.914400,-0.843000
2024-12-02,40.4192740800,45.5011721100,40.0260904800,43.0142858400,4447303,193719547.3600,20.120300,6.291000
2024-12-03,42.4638288000,42.5228063400,40.9992198900,41.9625197100,3313349,140005284.5000,14.990100,-2.445200
2024-12-04,41.5791657000,42.2180890500,40.2128526900,40.4979108000,2132331,88698211.3200,8.809600,-3.490300
2024-12-05,40.4979108000,40.8714352200,40.0162608900,40.5273995700,1326507,54697069.0200,5.480400,0.072800
2024-12-06,40.7141617800,42.1394523300,40.1637047400,41.4710402100,2435682,102395636.8100,10.062900,2.328400
2024-12-09,41.4710402100,43.0339450200,41.2842780000,42.3753624900,2304360,99270572.7400,9.520300,2.180600
2024-12-10,42.9454787100,43.2010480500,41.7462687300,42.0214972500,2360666,101789768.2500,9.752900,-0.835100
2024-12-11,41.9428605300,42.5621247000,41.2842780000,42.4245104400,1651712,70904889.4400,6.823900,0.959100
2024-12-12,42.4933175700,43.0536042000,41.7855870900,42.3557033100,1557454,67379354.7000,6.434500,-0.162200
2024-12-13,42.2574074100,42.5424655200,41.6381432400,41.8543942200,1372155,58654370.2700,5.669000,-1.183600
2024-12-16,41.9821788900,43.4762765700,40.8124576800,41.2253004600,1526460,64892570.0000,6.003700,-1.503100
2024-12-17,41.2154708700,41.4218922600,38.9153468100,39.1217682000,1936489,78503334.7000,7.616400,-5.102500
2024-12-18,39.1315977900,39.6329068800,38.3648897700,38.7384141900,943201,37475291.0200,3.709700,-0.979900
2024-12-19,38.3452305900,40.3799557200,38.2764234600,39.9867721200,1313967,52779764.1800,5.167900,3.222500
2024-12-20,39.9376241700,42.7390573200,39.9277945800,42.1492819200,2261890,96025890.9900,8.896200,5.408100
2024-12-23,42.1492819200,42.2574074100,39.8393282700,40.2718302300,1887650,78492293.6400,2.606900,-4.454300
2024-12-24,40.7534801400,41.6774616000,40.1833639200,41.2646188200,1251395,52350178.3100,1.728200,2.465200
2024-12-25,41.2253004600,42.0116676600,38.3354010000,39.4952926200,1673604,67320637.1600,2.311300,-4.287800
2024-12-26,38.9841539400,40.3406373600,38.9841539400,39.9867721200,1186767,48121099.1400,1.638900,1.244400
2024-12-27,39.8884762200,40.3799557200,39.2593824600,39.6230772900,774471,31315742.7400,1.069600,-0.909500
2024-12-30,38.9251764000,41.3334259500,38.5516519800,40.0948976100,1133594,46300741.1100,1.565500,1.190800
2024-12-31,40.0752384300,40.6453546500,39.1217682000,39.2102345100,593671,23954809.3200,0.819900,-2.206400
2025-01-02,39.3183600000,39.3183600000,36.5267564400,37.1558502000,1178696,45331138.3400,1.621500,-5.239400
2025-01-03,37.7063072400,38.6302887000,36.1827207900,36.3399942300,1467262,55839031.8200,2.018500,-2.195800
2025-01-06,36.3694830000,37.0477247100,35.3865240000,35.7502188300,838528,30800001.2000,1.153500,-1.622900
2025-01-07,35.7895371900,37.1165318400,35.5634566200,37.0870430700,850742,31437518.3600,1.170300,3.739300
2025-01-08,37.2738052800,37.2738052800,35.4848199000,36.5562452100,813883,30159683.0200,1.119600,-1.431200
2025-01-09,36.1728912000,37.2049981500,36.1728912000,36.4776084900,829400,30873957.0000,1.141000,-0.215100
2025-01-10,36.3694830000,37.9323878100,36.3694830000,37.0575543000,1172853,44517590.0000,1.613500,1.589900
2025-01-13,36.4382901300,38.2665938700,35.9369810400,38.0405133000,1318728,50304434.8400,1.814100,2.652500
2025-01-14,38.3354010000,44.7737824500,38.1682979700,43.7220163200,5676549,246921900.4400,7.809000,14.935400
2025-01-15,42.2672370000,42.6604206000,41.3924034900,41.7069503700,3365982,143221180.5300,4.630500,-4.608800
2025-01-16,41.6676320100,42.1591115100,40.8124576800,41.6479728300,2045199,86101317.1600,2.813500,-0.141400
2025-01-17,41.5693361100,42.2180890500,40.8714352200,41.6774616000,1440136,60891292.8500,1.961800,0.070800
2025-01-20,41.6774616000,42.4441696200,41.1073453800,41.6578024200,1797331,76374326.4700,2.448400,-0.047200
2025-01-21,41.6774616000,42.0411564300,40.9992198900,41.9625197100,1261882,53308937.7700,1.719000,0.731500
2025-01-22,41.9625197100,42.3655329000,41.1466637400,42.2082594600,1435371,61282201.6700,1.955300,0.585600
2025-01-23,42.1492819200,42.8471828100,41.5791657000,41.5791657000,1672906,71689679.3300,2.278900,-1.490500
2025-01-24,41.1663229200,42.1886002800,41.1466637400,41.9723493000,1294673,54905031.6400,1.763700,0.945600
2025-01-27,42.1197931500,43.2501960000,41.7462687300,42.5031471600,2321901,101195449.0800,3.163000,1.264600
2025-02-05,42.2180890500,43.5254245200,41.7855870900,43.1322409200,2322193,101408939.3900,3.163400,1.480100
2025-02-06,42.9454787100,43.5942316500,42.7882052700,43.4074694400,2265398,99787577.9200,3.086100,0.638100
2025-02-07,43.7121867300,47.6735115000,43.5549132900,47.2213503600,5358604,251323697.0100,7.299800,8.786200
2025-02-10,47.1820320000,47.1820320000,44.3511100800,45.9926516100,4013956,185619417.2200,5.468000,-2.602000
2025-02-11,46.0024812000,49.7377254000,45.3144099000,48.5090266500,3934722,190632489.4900,5.300200,5.471300
2025-02-12,47.9487400200,49.9343172000,47.3491350300,49.7377254000,3230771,160440411.1500,4.352000,2.532900
2025-02-13,50.4454558800,51.4087557000,49.1381204100,49.2953938500,3096124,157485879.9800,4.170600,-0.889300
2025-02-14,48.6564705000,49.9834651500,46.7003820900,48.5188562400,3733847,183012598.8800,5.029600,-1.575300
2025-02-17,47.6538523200,49.1774387700,47.6538523200,48.9611877900,1717486,84922499.3300,2.313500,0.911700
2025-02-18,48.4500491100,48.9710173800,47.2901574900,47.5358972400,1668355,81229679.6800,2.247300,-2.911100
2025-02-19,47.2115207700,48.9513582000,47.2115207700,48.4893674700,1400593,68700923.1200,1.886600,2.005800
2025-02-20,48.2927756700,49.6295999100,47.7718074000,49.1479500000,1778492,88854929.1500,2.395700,1.358200
2025-02-21,49.1479500000,50.5142630100,48.1649910000,49.7573845800,1814665,91540479.0600,2.444400,1.240000
2025-02-24,49.7573845800,49.7573845800,49.7573845800,49.7573845800,,,,
2025-02-25,49.7573845800,49.7573845800,49.7573845800,49.7573845800,,,,
2025-02-26,50.4749446500,50.6125589100,44.8720783500,46.5627678300,5833140,276677744.5700,7.857400,-6.420400
2025-02-27,45.0981589200,45.4127058000,42.9159899400,43.1912184600,4713615,211075776.0400,6.349400,-7.240900
2025-02-28,43.5352541100,43.6433796000,40.2521710500,40.2914894100,3911407,165101039.5700,5.268800,-6.713700
2025-03-03,40.3308077700,41.0287086600,39.8000099100,40.2620006400,2137502,87930981.7700,2.879300,-0.073200
2025-03-04,39.9867721200,41.1171749700,39.8786466300,41.0876862000,1513300,62583517.8800,2.038500,2.050800
2025-03-05,40.7927985000,41.6872911900,40.2030231000,41.3629147200,1584751,65859203.7900,2.134700,0.669900
2025-03-06,41.4710402100,43.3091735400,41.4710402100,42.3262145400,2452491,105834843.1900,3.303600,2.328900
2025-03-07,42.3360441300,43.7908234500,42.1591115100,42.5621247000,2583782,113050849.2500,3.480400,0.557400
2025-03-10,42.5719542900,43.0732633800,41.8838829900,42.8078644500,1519173,65574126.4800,2.046400,0.577400
2025-03-11,42.1984298700,42.7488869100,41.4710402100,42.2574074100,1215611,52019118.2800,1.637500,-1.285900
2025-03-12,42.3065553600,42.8471828100,41.7757575000,42.5424655200,1624703,70148125.9200,2.188500,0.674600
2025-03-13,42.1492819200,42.5129767500,40.9992198900,41.7855870900,1270574,53724489.0200,1.711500,-1.779100
2025-03-14,42.0509860200,42.0509860200,41.2941075900,41.8150758600,1113498,47281557.0800,1.499900,0.070600
2025-03-17,41.8249054500,42.1689411000,41.5005289800,41.8150758600,955903,40633578.6200,1.287600,0.000000
2025-03-18,42.1591115100,42.3655329000,41.5398473400,42.2082594600,1141075,48619939.5000,1.537100,0.940300
2025-03-19,42.2672370000,43.1912184600,41.7855870900,42.4834879800,1526442,65864243.1500,2.056200,0.652100
2025-03-20,42.3163849500,43.1125817400,42.0903043800,42.3163849500,1306891,56562591.7200,1.760400,-0.393300
2025-03-21,42.3262145400,42.6407614200,40.8812648100,41.0680270200,1581535,66602315.1100,2.130400,-2.950100
2025-03-24,41.0778566100,41.4808698000,39.9179649900,40.6256954700,1080576,44607866.8800,1.455600,-1.077100
2025-03-25,40.5470587500,40.9402423500,39.9179649900,40.2226822800,725700,29739895.4200,0.977500,-0.992000
2025-03-26,40.3013190000,40.7633097300,40.0752384300,40.3996149000,677091,27885357.8300,0.912100,0.439900
2025-03-27,40.9205831700,41.2744484100,40.1538751500,40.2718302300,1205088,49873741.7100,1.623300,-0.316300
2025-03-28,40.2521710500,40.7731393200,39.6034181100,39.6132477000,738908,29965918.8200,0.995300,-1.635300
2025-03-31,39.6034181100,39.6132477000,38.3550601800,39.2004049200,869000,34465487.0000,1.170600,-1.042200
2025-04-01,39.1807457400,40.0948976100,39.1807457400,39.5444405700,626294,25310846.1400,0.842300,0.877600
2025-04-02,39.6623956500,40.5470587500,39.3576783600,39.9572833500,537600,21920383.0000,0.723000,1.044000
2025-04-03,39.8098395000,40.1047272000,38.8268805000,39.2102345100,593492,23781705.9600,0.798100,-1.869600
2025-04-07,37.9422174000,37.9422174000,31.3662216900,31.9265083200,2222222,76572512.9100,2.988500,-18.576100
2025-04-08,31.6119614400,33.7548120600,31.3367329200,32.3393511000,1239961,40865461.1600,1.667500,1.293100
2025-04-09,31.4546880000,33.5090723100,29.4101332800,32.9586152700,1577974,50248546.8400,2.122100,1.914900
2025-04-10,34.0890181200,34.8262373700,32.9881040400,34.3544170500,1297600,45210091.7800,1.745000,4.235000
2025-04-11,34.3544170500,34.9638516300,33.6171978000,34.4920313100,786700,27600793.0000,1.058000,0.400600
2025-04-14,34.5116904900,36.2613575100,34.5116904900,35.7600484200,923331,33517491.3200,1.241700,3.676300
2025-04-15,35.7895371900,36.5660748000,35.3865240000,36.3105054600,780463,28501913.1200,1.049600,1.539300
2025-04-16,35.7797076000,36.5070972600,35.3865240000,35.7109004700,697740,25453970.0000,0.938300,-1.651300
2025-04-17,35.3570352300,37.3032940500,34.8753853200,35.9173218600,973643,36054986.6500,1.309400,0.578000
2025-04-18,36.2122095600,36.3399942300,35.7010708800,35.8780035000,506000,18502137.0000,0.680500,-0.109500
2025-04-21,35.4356719500,36.2613575100,35.4356719500,36.1728912000,525528,19294142.9200,0.706700,0.821900
2025-04-22,36.1827207900,36.7724961900,36.0549361200,36.5464156200,685400,25449766.0000,0.921700,1.032600
2025-04-23,36.6447115200,37.9225582200,36.3793125900,37.7063072400,1046800,39681050.0000,1.407800,3.173700
2025-04-24,37.5883521600,39.3085304100,37.4507379000,38.2764234600,1187400,46474312.0000,1.596800,1.512000
2025-04-25,38.2764234600,38.7777325500,37.8439215000,38.2174459200,779300,30347064.0400,1.048000,-0.154100
2025-04-28,37.8832398600,38.0601724800,37.0575543000,37.3229532300,656320,24916491.8000,0.882600,-2.340500
2025-04-29,37.3524420000,39.4952926200,37.2049981500,39.1021090200,1429025,56512431.7500,1.921800,4.766900
2025-04-30,38.9841539400,40.2325118700,38.7285846000,40.0064313000,1167279,46982296.4200,1.569800,2.312700
2025-05-06,39.9081354000,40.3996149000,39.5149518000,39.9376241700,1272300,51562152.4700,1.711000,-0.172000
2025-05-07,40.2226822800,40.4487628500,39.5739293400,39.8983058100,909900,36960847.0000,1.223700,-0.098400
2025-05-08,40.4094444900,40.5568883400,39.4461446700,40.3602965400,777100,31779938.0000,1.045100,1.157900
2025-05-09,40.3602965400,40.4291036700,39.4068263100,39.5346109800,642707,26017540.2300,0.864300,-2.045800
2025-05-12,39.9671129400,40.1047272000,39.4658038500,39.9474537600,589600,23879811.0000,0.792900,1.044300
2025-05-13,40.0555792500,40.3013190000,39.4559742600,39.6034181100,462982,18699278.7800,0.622600,-0.861200
2025-05-14,39.3380191800,39.7606915500,38.5909703400,39.1315977900,865190,34379136.6500,1.163500,-1.191400
2025-05-15,39.1315977900,39.7410323700,38.8268805000,39.2004049200,519700,20751671.9500,0.698900,0.175800
2025-05-16,39.0431314800,40.1931935100,39.0431314800,40.0457496600,649094,26398951.0000,0.872900,2.156500
2025-05-19,40.0260904800,40.0260904800,39.2298936900,39.5051222100,515000,20698757.5600,0.692600,-1.350000
2025-05-20,39.8393282700,40.1342159700,39.0922794300,40.1342159700,530230,21444623.4500,0.713100,1.592400
2025-05-21,40.0064313000,40.4192740800,39.5739293400,40.0752384300,693500,28277252.0000,0.932600,-0.147000
2025-05-22,39.8294986800,40.4094444900,39.6427364700,39.8098395000,567300,23075747.0000,0.762900,-0.662300
2025-05-23,39.3183600000,40.3799557200,39.2298936900,39.5346109800,831900,33759396.0000,1.118800,-0.691400
2025-05-26,39.8491578600,41.8937125800,39.3969967200,40.8321168600,1889682,78826094.6400,2.541300,3.281900
2025-05-27,41.0287086600,41.0876862000,39.2692120500,39.5739293400,1231500,49932538.0000,1.656100,-3.081400
2025-05-28,40.0555792500,42.9847970700,39.9966017100,42.3262145400,3512784,148850136.0600,4.724100,6.954800
2025-05-29,42.3262145400,43.7121867300,41.4808698000,42.4539992100,2363300,102225597.2600,3.178200,0.301900
2025-05-30,42.2180890500,43.5549132900,41.8838829900,43.2698551800,1753043,76274681.6200,2.357500,1.921700
2025-06-03,42.7193981400,44.6754865500,41.9723493000,44.2233254100,2858321,126386518.9000,3.843900,2.203500
2025-06-04,44.8131008100,44.8131008100,43.4271286200,43.9874152500,1127126,50331947.8000,1.515800,-0.533500
2025-06-05,43.9972448400,44.5280427000,43.5647428800,44.0562223800,974700,43586465.0000,1.310800,0.156400
2025-06-06,44.0562223800,44.5870202400,43.6826979600,43.8498009900,842872,37809256.9200,1.133500,-0.468500
2025-06-09,44.1151999200,44.3707692600,43.5352541100,43.8596305800,912977,40754275.8300,1.227800,0.022400
2025-06-10,43.8989489400,44.5280427000,42.8373532200,42.9258195300,1190420,52853439.6600,1.600900,-2.129100
2025-06-11,42.9356491200,43.3484919000,42.4638288000,43.0536042000,729224,31847649.6000,0.980700,0.297700
2025-06-12,42.9061603500,43.4271286200,42.3753624900,42.9946266600,794556,34630452.6000,1.068500,-0.137000
2025-06-13,42.7783756800,42.8373532200,41.4612106200,41.5300177500,871354,37135997.9200,1.171800,-3.406500
2025-06-16,41.5300177500,42.2574074100,41.2842780000,42.0214972500,544589,23173475.0100,0.732400,1.183400
2025-06-17,42.0214972500,42.3163849500,41.5103585700,41.9428605300,446473,18988269.8800,0.600400,-0.187100
2025-06-18,42.0706452000,42.7488869100,41.8740534000,42.1394523300,601729,25817855.6400,0.809200,0.468700
2025-06-19,42.1001339700,44.0169040200,41.7757575000,42.5424655200,1334354,58560024.1700,1.786500,0.956400
2025-06-20,42.5424655200,43.1125817400,41.5791657000,41.6676320100,594013,25508237.4600,0.795300,-2.056400
2025-06-23,41.3137667700,42.6505910100,41.2941075900,42.5916134700,547993,23496360.4200,0.733700,2.217500
2025-06-24,42.8570124000,43.4271286200,42.5719542900,43.3091735400,684694,30023971.4600,0.916700,1.684700
2025-06-25,43.6273389600,44.1244599600,42.5535576000,43.8063025200,1185719,51738436.4000,1.587500,1.147800
2025-06-26,43.8063025200,44.3133659400,43.0606210200,43.7267631600,1031782,45294075.9800,1.381400,-0.181600
2025-06-27,45.0689898600,45.5859957000,43.4980875000,43.8261873600,1077146,47925604.9000,1.442100,0.227400
2025-06-30,43.5477996000,44.0846902800,43.3091815200,43.9454964000,795946,34938755.2200,1.065700,0.272200
2025-07-01,43.8659570400,44.2139417400,43.4086057200,43.6869934800,673400,29592222.0000,0.901000,-0.588200
2025-07-02,43.6869934800,43.6869934800,43.0506786000,43.2495270000,432378,18803817.9800,0.578500,-1.001400
2025-07-03,43.2495270000,43.3986633000,42.8319453600,43.0705634400,503245,21771613.6000,0.673300,-0.413800
2025-07-04,43.2395845800,43.6969359000,42.7325211600,42.9611968200,649745,28180690.5500,0.869400,-0.253900
2025-07-07,42.9114847200,43.4086057200,42.6132121200,43.1799300600,596584,25802915.7200,0.798200,0.509100
2025-07-08,43.1799300600,44.8502566200,42.9711392400,44.3431932000,1700500,75265247.7000,2.275300,2.694000
2025-07-09,44.3531356200,44.7408900000,43.5676844400,43.6472238000,672093,29694044.0300,0.899300,-1.569500
2025-07-10,43.5477996000,43.5477996000,42.6231545400,42.7424635800,790798,34147927.4700,1.058100,-2.072900
2025-07-11,42.8717150400,43.2395845800,42.1658032200,42.9512544000,633131,27133076.4100,0.847100,0.488500
2025-07-14,42.9512544000,43.3688360400,42.6231545400,42.8418877800,608676,26242634.1400,0.814400,-0.254600
2025-07-15,42.4640758200,43.5477996000,42.4441909800,43.1600452200,601390,25946356.2000,0.804700,0.742600
2025-07-16,43.2892966800,44.2437690000,42.7921756800,43.3986633000,749086,32811392.4700,1.002300,0.552900
2025-07-17,43.3688360400,43.7764752600,43.0009665000,43.6273389600,797390,34741708.2000,1.066900,0.526900
2025-07-18,43.5477996000,45.1684140600,43.3290663600,44.8303717800,2112251,94507713.2200,2.826200,2.757500
2025-07-21,45.4368594000,46.0234621800,44.1344023800,44.5818112800,1297200,58445794.0000,1.735700,-0.554400
2025-07-22,44.4326749800,47.0674162800,44.2437690000,46.7293740000,2466163,113674729.5100,3.299700,4.817100
2025-07-23,46.7293740000,47.1270708000,45.7251895800,45.8942107200,1416489,65730303.4900,1.895300,-1.787200
2025-07-24,45.8942107200,46.3615044600,45.6058805400,45.7053047400,734194,33900955.2800,0.982400,-0.411600
2025-07-25,45.7053047400,45.9240379800,45.0093353400,45.1882989000,680031,30960670.4000,0.909900,-1.131200
2025-07-28,46.0930591200,47.7136735800,45.4666866600,47.1270708000,2246788,106046612.5900,3.006200,4.290400
2025-07-29,46.7393164200,47.6937887400,46.4410438200,46.9679920800,1058720,50022825.9200,1.416600,-0.337600
2025-07-30,46.9679920800,47.7932129400,45.6456502200,45.9140955600,1268143,59313563.3300,1.696800,-2.243900
2025-07-31,45.6357078000,47.5247676000,45.6158229600,45.8345562000,1054700,49432735.0000,1.411200,-0.173200
2025-08-01,45.9737500800,46.0135197600,45.0689898600,45.0988171200,847600,38697949.0000,1.134100,-1.605200
2025-08-04,44.8005445200,46.1924833200,44.6414658000,46.1427712200,1139462,52235841.3800,1.524600,2.314800
2025-08-05,45.8544410400,46.7293740000,45.8246137800,46.3217347800,1004694,46727310.7200,1.344300,0.387800
2025-08-06,46.0632318600,46.6697194800,45.8345562000,46.2024257400,940724,43754807.1600,1.258700,-0.257600
2025-08-07,46.4311014000,47.1966677400,45.9638076600,47.0177041800,1275200,59788899.0000,1.706200,1.764600
2025-08-08,46.7094891600,47.0873011200,45.5959381200,45.8842683000,965588,44659048.3700,1.292000,-2.410700
2025-08-11,45.7053047400,47.0873011200,45.5959381200,46.0234621800,1768470,82558359.6800,2.352900,0.303400
2025-08-12,45.9836925000,46.5006983400,45.1385868000,46.5006983400,1157200,53241034.0000,1.539700,1.036900
2025-08-13,46.5006983400,46.9481072400,46.0731742800,46.6697194800,1124564,52605022.8300,1.496200,0.363500
2025-08-14,46.6200073800,48.3201612000,45.6655350600,45.7053047400,2300797,108461957.6000,3.061200,-2.066500
2025-08-15,45.5462260200,46.6200073800,45.5462260200,45.9140955600,1022090,47323483.5400,1.359900,0.456800
2025-08-18,45.8345562000,46.7094891600,45.5362836000,46.5802377000,1298532,60428198.1900,1.727700,1.450800
2025-08-19,46.5702952800,46.6001225400,45.5462260200,46.0334046000,1015900,47078987.0000,1.351700,-1.174000
2025-08-20,45.9240379800,45.9240379800,45.2877231000,45.8643834600,1071173,49138353.9100,1.425200,-0.367200
2025-08-21,45.9140955600,46.1924833200,45.3374352000,45.7251895800,851700,39214913.0000,1.133200,-0.303500
2025-08-22,45.7251895800,45.8544410400,44.3233083600,44.8701414600,2650659,119790663.2000,3.526700,-1.870000
2025-08-25,45.2181261600,45.2181261600,43.6273389600,43.7764752600,2196305,97496168.3000,2.922200,-2.437400
2025-08-26,43.6472238000,44.5917537000,43.3091815200,43.9952085000,1442700,63761564.0000,1.919500,0.499700
2025-08-27,44.3332507800,44.3332507800,42.8120605200,42.9015423000,1458300,64014980.0000,1.940300,-2.485900
2025-08-28,42.7524060000,43.7267631600,42.4342485600,43.7267631600,1660794,71904703.5400,2.209700,1.923500
2025-08-29,45.2578958400,46.2322530000,44.3929053000,44.8900263000,3071494,139837315.9800,4.086600,2.660300
2025-09-01,44.6215809600,46.1725984800,44.5420416000,45.1982413200,1905381,87509335.5000,2.535100,0.686600
2025-09-02,44.9198535600,45.3871473000,43.3091815200,44.5022719200,1387719,61688957.4400,1.846400,-1.539800
2025-09-03,44.5420416000,44.7011203200,42.9015423000,43.0705634400,861800,37901158.0000,1.146600,-3.217200
2025-09-04,43.1799300600,43.5577420200,42.2652274200,42.9313695600,942198,40771603.8800,1.254100,-0.323200
2025-09-05,42.9313695600,43.7466480000,42.7524060000,43.7068783200,716262,31262614.7000,0.953300,1.806400
2025-09-08,43.7068783200,45.1187019600,43.3787784600,44.9695656600,1125549,50503447.0400,1.498100,2.889000
2025-09-09,44.9695656600,44.9695656600,43.8659570400,44.1443448000,704979,31446188.0700,0.933100,-1.835100
2025-09-10,44.2835386800,44.7210051600,43.6472238000,43.8957843000,655361,29033694.7300,0.867400,-0.563100
2025-09-11,43.8460722000,44.4525598200,43.4086057200,44.2238841600,872757,38706542.5000,1.155100,0.747500
2025-09-12,44.4028477200,44.6116385400,43.8063025200,44.2039993200,863657,38437107.6700,1.143100,-0.045000
2025-09-15,44.2238841600,44.9297959800,44.0150933400,44.2636538400,727400,32553723.0000,0.962800,0.135000
2025-09-16,44.4625022400,45.2380110000,44.1244599600,45.2280685800,1272531,57306229.9600,1.684300,2.178800
2025-09-17,45.2280685800,45.6854199000,44.9397384000,45.6257653800,884400,40493307.0000,1.170500,0.879300
2025-09-18,45.6555926400,46.1129439600,43.9653812400,44.2437690000,1398159,63429418.1600,1.850500,-3.029000
2025-09-19,44.3431932000,44.4625022400,43.0805058600,43.2495270000,1119918,49000837.5000,1.482300,-2.247200
2025-09-22,43.2296421600,44.2338265800,43.2296421600,43.6571662200,768400,33663724.0000,1.017000,0.942500
2025-09-23,43.7267631600,43.8758994600,42.2751698400,43.0606210200,1206458,51961283.8000,1.596800,-1.366400
2025-09-24,42.9512544000,43.4782026600,42.5237303400,43.4086057200,951016,41195446.5600,1.258700,0.808100
2025-09-25,43.1898724800,43.8361297800,42.6828090600,42.9512544000,884974,38443824.0000,1.171300,-1.053600
2025-09-26,42.7623484200,43.4483754000,42.5237303400,42.6529818000,859858,37053340.4200,1.138100,-0.694400
2025-09-29,42.6529818000,42.9810816600,42.0862638600,42.6032697000,891688,38203897.7400,1.180200,-0.116600
2025-09-30,42.5535576000,43.3390087800,42.5535576000,43.0506786000,838500,36296146.7400,1.109800,1.050200
2025-10-09,43.1003907000,43.5080299200,42.6430393800,42.8120605200,981600,42458541.0000,1.299200,-0.554300
2025-10-10,42.6430393800,43.6273389600,42.6430393800,43.4881450800,889758,38796378.5000,1.178900,1.579200
2025-10-13,42.6231545400,43.4185481400,41.0621946000,42.7126363200,1062528,45457899.4200,1.407900,-1.783300
2025-10-14,43.1202755400,43.5477996000,42.1757456400,42.3547092000,876112,37678970.3800,1.160800,-0.838000
2025-10-15,42.4143637200,43.2097573200,42.2354001600,43.0307937600,672671,28987217.4400,0.891300,1.596200
2025-10-16,42.9114847200,43.1003907000,42.4143637200,42.4640758200,759900,32576195.0000,1.006900,-1.317000
2025-10-17,42.7325211600,43.0407361800,41.3803520400,41.4698338200,844700,35648397.0000,1.119200,-2.341400
2025-10-20,42.2552850000,42.5535576000,41.4698338200,41.9470699800,797500,33843510.0000,1.056700,1.150800
2025-10-21,42.3248819400,42.4640758200,41.2610430000,42.4640758200,724000,30744120.0000,0.959300,1.232500
2025-10-22,42.3944788800,43.1202755400,42.1658032200,42.7524060000,653200,28059675.0000,0.865500,0.679000
2025-10-23,42.7424635800,43.2296421600,42.3547092000,43.1699876400,651024,27965129.7200,0.862600,0.976700
2025-10-24,43.1700000000,43.8000000000,43.1700000000,43.6300000000,739000,32149791.0000,0.979200,1.065600
2025-10-27,43.9600000000,44.0300000000,43.3500000000,43.9300000000,738015,32337081.8100,0.977900,0.687600
2025-10-28,43.9300000000,44.2700000000,43.6300000000,43.9500000000,563191,24802433.7900,0.746200,0.045500
2025-10-29,45.6000000000,48.4900000000,45.6000000000,46.2900000000,4317595,200868227.9900,5.720200,5.324200
2025-10-30,46.4900000000,47.6300000000,45.6100000000,46.0700000000,2653095,123144390.8900,3.514900,-0.475300
2025-10-31,46.0800000000,48.5100000000,45.3000000000,47.8300000000,3919825,185577821.3800,5.193200,3.820300
2025-11-03,48.1800000000,49.5000000000,47.0000000000,48.3800000000,2781600,133676266.0000,3.685200,1.149900
2025-11-04,48.4000000000,48.6400000000,46.9100000000,47.7100000000,2013830,95756187.3500,2.668000,-1.384900
2025-11-05,47.6800000000,49.4700000000,47.2500000000,49.3100000000,2523940,123625949.4000,3.343800,3.353600
2025-11-06,49.3100000000,49.3500000000,48.3200000000,49.1000000000,1692841,82658796.1400,2.242800,-0.425900
2025-11-07,48.7500000000,49.0700000000,48.0500000000,48.3800000000,1513012,73334590.1600,2.004500,-1.466400
2025-11-10,48.5100000000,49.1900000000,47.5600000000,48.2000000000,1153680,55494952.2400,1.528500,-0.372100
2025-11-11,48.2800000000,49.3300000000,47.9300000000,48.7000000000,1189731,57889293.6000,1.576200,1.037300
2025-11-12,48.4600000000,49.1400000000,47.9500000000,48.3100000000,1118928,54295501.2800,1.482400,-0.800800
2025-11-13,48.3100000000,49.9800000000,47.9000000000,49.0100000000,1460223,71488135.7300,1.934600,1.449000
2025-11-14,48.5900000000,49.9800000000,48.5100000000,48.8100000000,1286000,63339727.2000,1.703800,-0.408100
2025-11-17,48.9100000000,49.0400000000,48.1200000000,48.6500000000,746997,36356391.1700,0.989700,-0.327800
2025-11-18,48.6500000000,49.3500000000,47.9500000000,48.1700000000,1058411,51391353.9800,1.402200,-0.986600
2025-11-19,48.1800000000,53.3400000000,48.0000000000,50.5000000000,4913299,250501476.6700,6.509400,4.837000
2025-11-20,50.8000000000,51.0200000000,48.7000000000,49.3000000000,3358538,166793895.0200,4.449600,-2.376200
2025-11-21,48.4000000000,49.2800000000,45.6000000000,45.6400000000,3171338,148568474.6800,4.201500,-7.423900
2025-11-24,46.0900000000,46.8800000000,45.3300000000,46.4800000000,1720700,79545034.0000,2.279700,1.840500
2025-11-25,47.0000000000,47.3000000000,46.2400000000,46.6000000000,1171600,54711006.0000,1.552200,0.258200
2025-11-26,46.3900000000,47.8500000000,46.3900000000,47.1700000000,1738200,82175011.0000,2.302900,1.223200
2025-11-27,47.0000000000,47.6900000000,47.0000000000,47.3900000000,705750,33398080.0000,0.935000,0.466400
2025-11-28,47.3000000000,47.6000000000,46.5500000000,47.5400000000,761300,35932480.0000,1.008600,0.316500
2025-12-01,47.2700000000,48.4500000000,47.2700000000,47.4800000000,959800,45793357.0000,1.271600,-0.126200
2025-12-02,47.4900000000,47.7500000000,46.8400000000,46.9600000000,767500,36240257.0000,1.016800,-1.095200
2025-12-03,46.9600000000,47.5000000000,46.3100000000,46.5000000000,806900,37686174.0000,1.069000,-0.979600
2025-12-04,46.6700000000,46.7700000000,45.6000000000,45.9400000000,745700,34388202.0000,0.987900,-1.204300
2025-12-05,46.1200000000,46.6500000000,45.5900000000,46.5600000000,589551,27266549.5600,0.781100,1.349600
2025-12-08,46.5300000000,47.1000000000,46.4600000000,46.9700000000,610100,28558312.0000,0.808300,0.880600
2025-12-09,46.9700000000,47.6000000000,46.0400000000,46.2000000000,694274,32469924.1800,0.919800,-1.639300
2025-12-10,46.3800000000,46.6200000000,45.6800000000,46.0900000000,525200,24246903.0000,0.695800,-0.238100
2025-12-11,46.2300000000,46.2300000000,45.1600000000,45.2600000000,733900,33420284.0000,0.972300,-1.800800
2025-12-12,45.5800000000,45.9800000000,44.8900000000,44.9500000000,855253,38869853.8200,1.133100,-0.684900
2025-12-15,44.9000000000,45.6100000000,44.4500000000,45.1800000000,768700,34705733.0000,1.018400,0.511700
2025-12-16,45.1900000000,45.1900000000,44.3300000000,44.3800000000,666200,29730480.0000,0.882600,-1.770700
2025-12-17,44.3000000000,44.7100000000,43.6300000000,44.4400000000,820800,36130037.0000,1.087400,0.135200
2025-12-18,44.3000000000,45.6600000000,44.0400000000,45.2300000000,786300,35546386.0000,1.041700,1.777700
2025-12-19,45.0000000000,46.2200000000,45.0000000000,46.0000000000,650500,29893321.0000,0.861800,1.702400
2025-12-22,46.3500000000,46.8200000000,45.7500000000,46.6300000000,883731,41014623.5900,1.170800,1.369600
2025-12-23,46.6400000000,46.7000000000,46.0600000000,46.3000000000,948900,43932052.0000,1.257100,-0.707700
2025-12-24,46.4400000000,46.9600000000,46.0300000000,46.9400000000,760500,35550753.0000,1.007500,1.382300
2025-12-25,46.9900000000,47.6400000000,46.6100000000,47.4800000000,682200,32255566.0000,0.903800,1.150400
2025-12-26,47.4700000000,47.6900000000,46.7200000000,46.8900000000,878100,41426869.0000,1.163300,-1.242600
2025-12-29,46.8300000000,47.6100000000,46.3500000000,47.1600000000,1018000,47826965.8000,1.348700,0.575800
2025-12-30,47.0200000000,47.9900000000,46.6300000000,47.6300000000,961731,45507237.2700,1.274100,0.996600
2025-12-31,47.4900000000,48.7600000000,47.4900000000,48.5600000000,1765450,85171088.5000,2.339000,1.952600
2026-01-05,48.4400000000,49.0700000000,47.6600000000,47.8500000000,1988523,95758125.4200,2.634500,-1.462100
2026-01-06,48.0900000000,48.3900000000,47.8100000000,47.9200000000,1845668,88728331.0000,2.445200,0.146300
2026-01-07,47.9200000000,48.3600000000,47.5300000000,47.5700000000,1315310,62916600.2500,1.742600,-0.730400
2026-01-08,47.3500000000,48.4200000000,47.3500000000,47.7500000000,1196287,57222992.3500,1.584900,0.378400
2026-01-09,47.7400000000,48.2200000000,47.4100000000,47.7700000000,1257158,60055966.7900,1.665500,0.041900
2026-01-12,48.3000000000,50.5000000000,48.3000000000,48.9000000000,2541836,125208210.8000,3.367500,2.365500
2026-01-13,48.9300000000,48.9900000000,47.8200000000,48.3100000000,1761318,85184307.7300,2.333500,-1.206500
2026-01-14,48.2800000000,48.9200000000,47.8200000000,48.4500000000,1919316,92931439.8200,2.542800,0.289800
2026-01-15,48.0600000000,49.6500000000,48.0600000000,48.9800000000,1412900,69082267.0000,1.871900,1.093900
2026-01-16,49.0000000000,50.1400000000,48.7100000000,50.1300000000,1749241,86762174.0300,2.317500,2.347900
2026-01-19,49.9800000000,51.9900000000,49.9300000000,50.8100000000,2225929,113388943.5200,2.949000,1.356500
2026-01-20,50.7200000000,52.6500000000,50.7200000000,51.5800000000,1766679,91170157.1200,2.340600,1.515400
2026-01-21,51.2300000000,53.2800000000,51.1800000000,53.1300000000,2306873,121311739.2000,3.056300,3.005000
2026-01-22,53.0500000000,54.9000000000,52.7200000000,53.6500000000,2166903,116048360.2900,2.870800,0.978700
2026-01-23,53.7500000000,54.8600000000,53.5600000000,54.0900000000,1913114,103534440.5400,2.534600,0.820100
2026-01-26,54.1000000000,54.1000000000,52.0000000000,52.7900000000,1841166,97017470.6500,2.439300,-2.403400
2026-01-27,52.5000000000,53.1900000000,51.6200000000,52.2600000000,1310504,68492246.3200,1.732300,-1.004000
2026-01-28,52.8500000000,52.8500000000,51.0300000000,51.2900000000,1487984,76796771.6000,1.967000,-1.856100
2026-01-29,51.3500000000,52.8000000000,50.6000000000,50.8600000000,1836784,94744285.0000,2.428000,-0.838400
2026-01-30,51.1100000000,51.1900000000,49.2900000000,51.1500000000,1525400,76706246.0000,2.016400,0.570200
2026-02-02,51.1400000000,51.2500000000,49.5300000000,49.7500000000,1418600,71779033.0000,1.875200,-2.737000
2026-02-03,50.2100000000,50.4600000000,49.1900000000,49.7900000000,1044700,51862812.0000,1.381000,0.080400
2026-02-04,49.8200000000,51.4500000000,49.5800000000,50.1000000000,1491545,75442197.8300,1.971700,0.622600
2026-02-05,49.5700000000,49.9900000000,49.0400000000,49.3100000000,876688,43318427.4400,1.158900,-1.576800
2026-02-06,49.2900000000,50.4600000000,49.2300000000,49.3300000000,1019554,50827412.7400,1.347700,0.040600
2026-02-09,49.7700000000,49.9800000000,48.9000000000,49.8600000000,1165697,57659117.9900,1.540900,1.074400
2026-02-10,50.0100000000,50.4900000000,49.4900000000,50.1800000000,930200,46483519.0000,1.229600,0.641800
2026-02-11,50.2000000000,51.0500000000,49.9200000000,50.6400000000,818835,41558632.2600,1.082400,0.916700
2026-02-12,50.4100000000,50.6800000000,49.6300000000,50.3100000000,756292,37903311.4000,0.999700,-0.651700
2026-02-13,50.4100000000,51.5000000000,50.0200000000,50.6800000000,908959,46165050.1000,1.201500,0.735400
2026-02-24,50.9000000000,51.4600000000,50.7100000000,51.1300000000,961500,49218369.0000,1.271000,0.887900
2026-02-25,51.2300000000,51.4500000000,50.7000000000,50.7900000000,776123,39495378.9200,1.025900,-0.665000
2026-02-26,51.1500000000,51.1700000000,50.5100000000,51.0000000000,720300,36578234.0000,0.952200,0.413500
2026-02-27,51.0200000000,51.4400000000,50.7200000000,51.4300000000,771700,39487761.0000,1.020100,0.843100
2026-03-02,50.8500000000,51.1000000000,49.5000000000,49.9300000000,1390087,69527375.4000,1.837500,-2.916600
2026-03-03,49.9300000000,52.4500000000,49.7200000000,50.4700000000,2118847,108435901.5600,2.800900,1.081500
2026-03-04,49.5800000000,50.3000000000,49.1600000000,49.6900000000,1299607,64607424.0800,1.717900,-1.545500
2026-03-05,50.5800000000,51.0200000000,49.7600000000,50.1000000000,839896,42296511.3600,1.110200,0.825100
2026-03-06,49.8600000000,50.9500000000,49.8600000000,50.6900000000,809974,40977653.2200,1.070700,1.177600
2026-03-09,50.1000000000,50.7600000000,47.6200000000,48.9000000000,1807200,87973398.9300,2.388900,-3.531300
2026-03-10,49.3800000000,50.8500000000,49.3000000000,50.8500000000,1271390,63957296.8900,1.680600,3.987700
2026-03-11,51.0700000000,51.5000000000,50.8600000000,51.2000000000,961001,49187524.0200,1.270300,0.688300
2026-03-12,51.0200000000,51.3000000000,49.1400000000,49.2500000000,1217600,60684190.0000,1.609500,-3.808600
2026-03-13,49.2500000000,49.7700000000,48.5100000000,49.1000000000,848600,41661406.0400,1.121800,-0.304600
2026-03-16,48.8900000000,51.8800000000,48.5600000000,51.3900000000,2284213,115923691.4600,3.019500,4.664000
2026-03-17,51.3500000000,51.6400000000,50.1100000000,50.1200000000,1110488,56359375.8400,1.467900,-2.471300
2026-03-18,50.2000000000,51.9500000000,50.0000000000,51.9300000000,1489100,76155694.0000,1.968400,3.611300
2026-03-19,51.4000000000,55.3900000000,51.1300000000,52.6000000000,3952673,210123632.4400,5.225000,1.290200
2026-03-20,52.5500000000,52.5500000000,49.6600000000,50.6400000000,3494288,177583902.1700,4.619100,-3.726200
2026-03-23,49.6800000000,51.2200000000,46.0400000000,49.8300000000,2940387,146145137.4100,3.886900,-1.599500
2026-03-24,50.4500000000,53.3900000000,50.3200000000,53.3900000000,3524036,183080309.9700,4.658400,7.144300
2026-03-25,53.2700000000,55.2000000000,53.1500000000,54.9300000000,2927984,158877675.2900,3.870500,2.884400
2026-03-26,54.9000000000,57.5000000000,54.5000000000,55.9000000000,2934634,164467129.9900,3.879300,1.765900
2026-03-27,55.8000000000,57.3100000000,54.3900000000,55.8800000000,4129400,231865896.0000,5.458600,-0.035800
2026-03-30,55.8800000000,56.6200000000,55.0900000000,56.0800000000,1969607,110051710.1800,2.603600,0.357900
2026-03-31,55.5000000000,59.6300000000,55.5000000000,56.2000000000,3999205,228169016.0600,5.286500,0.214000
2026-04-01,57.3100000000,58.7000000000,55.5500000000,58.0800000000,3498980,200019244.4400,4.625300,3.345200
2026-04-02,58.2000000000,58.2000000000,55.4100000000,56.0400000000,2254423,126717417.3200,2.980100,-3.512400
2026-04-03,56.1000000000,59.3000000000,55.3000000000,58.9000000000,3259053,189022485.0800,4.308100,5.103500
2026-04-07,58.3200000000,59.1800000000,57.0300000000,57.5000000000,2359789,136713398.9100,3.119400,-2.376900
2026-04-08,58.5000000000,60.2600000000,58.0100000000,59.8800000000,2996271,178027283.8100,3.960700,4.139100
2026-04-09,59.4600000000,61.7500000000,59.0000000000,61.7300000000,3624386,221125496.5400,4.791000,3.089500
2026-04-10,60.8900000000,62.6600000000,60.1900000000,60.9000000000,3750895,229216540.6800,4.958300,-1.344600
2026-04-13,60.5900000000,61.9800000000,59.4100000000,60.6200000000,2548525,154072393.6700,3.368900,-0.459800
2026-04-14,61.9800000000,64.3000000000,61.2600000000,62.6400000000,3139556,196726693.5400,4.150100,3.332200
2026-04-15,61.0000000000,67.2000000000,60.5100000000,65.5300000000,4540552,290576317.1600,6.002100,4.613700
2026-04-16,64.8800000000,68.0000000000,62.5800000000,66.8000000000,4265145,282281446.2800,5.638000,1.938000
2026-04-17,66.8000000000,67.9600000000,64.7700000000,67.1800000000,3936113,261550960.2300,5.203100,0.568900
2026-04-20,68.2500000000,74.8900000000,67.2400000000,73.9600000000,5092907,367232234.7500,6.732200,10.092300
2026-04-21,73.2300000000,78.2900000000,69.0500000000,77.9500000000,5205065,381534457.4900,6.880500,5.394800
2026-04-22,75.8900000000,79.1100000000,75.3800000000,77.9800000000,4151078,321675597.6600,5.487300,0.038500
2026-04-23,76.8400000000,81.0000000000,73.4400000000,73.7800000000,4478670,340084489.9600,5.920300,-5.386000
2026-04-24,73.7300000000,74.2200000000,69.0500000000,69.2200000000,4254212,299027536.3400,5.623600,-6.180500
2026-04-27,67.3300000000,67.5100000000,63.3800000000,65.0000000000,5464151,355422698.2200,7.223000,-6.096500
2026-04-28,64.7700000000,66.3900000000,62.8000000000,63.2300000000,3136069,202547496.2900,4.145500,-2.723100
2026-04-29,63.0200000000,65.9900000000,63.0200000000,65.0000000000,2147952,138948073.5300,2.839300,2.799300
2026-04-30,65.3200000000,67.5000000000,64.0100000000,66.4600000000,2339569,153944558.8000,3.092600,2.246200
