date,open,high,low,close,volume,amount,turn,pctChg
2010-01-04,4.8568995100,4.8779098900,4.7238337700,4.7308372300,57702532,786986980.0000,2.644964,-2.665700
2010-01-05,4.7203320400,4.7203320400,4.5732593800,4.6362905200,84620920,1118008255.0000,3.878847,-1.998500
2010-01-06,4.6222836000,4.7448441500,4.5557507300,4.6467957100,59807584,797220063.0000,2.741455,0.226600
2010-01-07,4.6327887900,4.7308372300,4.5767611100,4.6467957100,65524114,870569374.0000,3.003489,0.000000
2010-01-08,4.6222836000,4.7168303100,4.5907680300,4.6853147400,46629301,621568413.0000,2.137390,0.828900
2010-01-11,4.7448441500,4.7693562600,4.5557507300,4.5942697600,65109508,859187099.0000,2.984484,-1.943200
2010-01-12,4.6362905200,4.7098268500,4.5312386200,4.6818130100,62435781,823963320.0000,2.861926,1.905500
2010-01-13,4.5697576500,4.6047749500,4.4752109400,4.4822144000,67275999,874286738.0000,3.083792,-4.263300
2010-01-14,4.5207334300,4.5522490000,4.4191832600,4.4962213200,51793822,663554856.0000,2.374121,0.312500
2010-01-15,4.5522490000,4.7098268500,4.5487472700,4.6643043600,85403211,1132300377.0000,3.914705,3.738300
2010-01-18,4.6643043600,4.7273355000,4.6187818700,4.7168303100,66292492,883684818.0000,3.038710,1.126100
2010-01-19,4.7273355000,4.7623528000,4.6818130100,4.7168303100,55627474,750037479.0000,2.549848,0.000000
2010-01-20,4.7203320400,4.7378406900,4.5102282400,4.5137299700,56889278,746416267.0000,2.607686,-4.305900
2010-01-21,4.5032247800,4.5802628400,4.4261867200,4.5312386200,42476328,545405935.0000,1.947026,0.387900
2010-01-22,4.4401936400,4.4682074800,4.3071279000,4.3421452000,53283677,668047978.0000,2.442413,-4.173100
2010-01-25,4.3351417400,4.3771625000,4.3036261700,4.3316400100,27263505,338388526.0000,1.249702,-0.241900
2010-01-26,4.3386434700,4.3421452000,4.0374946900,4.0620068000,54419587,646019946.0000,2.494481,-6.224700
2010-01-27,4.0795154500,4.1810656200,3.9814670100,4.1075292900,56727332,659908094.0000,2.600263,1.120700
2010-01-28,4.0795154500,4.1810656200,4.0409964200,4.1460483200,36155210,424976478.0000,1.657280,0.937800
2010-01-29,4.0970241000,4.2440967600,4.0795154500,4.1390448600,45577596,544337343.0000,2.089182,-0.168900
2010-02-01,4.1215362100,4.2651071400,3.9814670100,4.2440967600,48081701,564671155.0000,2.203965,2.538100
2010-02-02,4.2546019500,4.3771625000,4.2230863800,4.2300898400,58964329,725297307.0000,2.702802,-0.330000
2010-02-03,4.2055777300,4.3631555800,4.0970241000,4.3386434700,46567405,568939440.0000,2.134553,2.566200
2010-02-04,4.2721106000,4.4016746100,4.2475984900,4.3386434700,41059096,510240080.0000,1.882063,0.000000
2010-02-05,4.2020760000,4.2370933000,4.1145327500,4.1495500500,41260344,492007499.0000,1.891288,-4.358400
2010-02-08,4.1670587000,4.1810656200,4.0690102600,4.0830171800,22239649,260660283.0000,1.019419,-1.603400
2010-02-09,4.0479998800,4.1390448600,4.0479998800,4.0935223700,15593705,182335967.0000,0.714783,0.257300
2010-02-10,4.1250379400,4.1810656200,4.1005258300,4.1670587000,15599046,184468809.0000,0.715028,1.796400
2010-02-11,4.1705604300,4.3211348200,4.1460483200,4.2616054100,37471853,456337643.0000,1.717632,2.268900
2010-02-12,4.2966227100,4.3456469300,4.2616054100,4.3211348200,25669354,316770649.0000,1.176630,1.396900
2010-02-22,4.2721106000,4.2966227100,4.2300898400,4.2546019500,18892277,230255178.0000,0.865983,-1.539700
2010-02-23,4.2335915700,4.2721106000,4.1075292900,4.1880690800,23859658,283707898.0000,1.093677,-1.563800
2010-02-24,4.1320414000,4.3281382800,4.1110310200,4.3176330900,32563337,395331076.0000,1.492636,3.093600
2010-02-25,4.3246365500,4.4997230500,4.3246365500,4.4506988300,59204376,747411185.0000,2.713805,3.081900
2010-02-26,4.4506988300,4.4506988300,4.4506988300,4.4506988300,0,0.0000,,0.000000
2010-03-01,4.4296884500,4.4717092100,4.3281382800,4.4366919100,39516604,498186200.0000,1.811359,-0.314700
2010-03-02,4.4296884500,4.5452455400,4.4156815300,4.5067265100,49947167,639987823.0000,2.289474,1.578500
2010-03-03,4.5102282400,4.5172317000,4.4471971000,4.4892178600,30768015,393824542.0000,1.410342,-0.388500
2010-03-04,4.4927195900,4.6117784100,4.3526503900,4.3876676900,53135011,683429262.0000,2.435598,-2.262100
2010-03-05,4.4156815300,4.4436953700,4.2931209800,4.3386434700,27340500,339934403.0000,1.253232,-1.117300
2010-03-08,4.3596538500,4.5452455400,4.3106296300,4.5102282400,47135422,601408749.0000,2.160590,3.954800
2010-03-09,4.5277368900,4.8604012400,4.4752109400,4.8218822100,160024155,2150873800.0000,7.335174,6.909900
2010-03-10,4.8323874000,4.8954185400,4.7518476100,4.8183804800,182738115,2524309613.0000,8.376335,-0.072600
2010-03-11,4.7798614500,4.8849133500,4.6923182000,4.7623528000,98032246,1338170693.0000,4.493594,-1.162800
2010-03-12,4.7728579900,4.8008718300,4.6012732200,4.6257853300,64965608,869040440.0000,2.977888,-2.867600
2010-03-15,4.6432939800,4.7203320400,4.6082766800,4.7098268500,56133727,748941160.0000,2.573053,1.816800
2010-03-16,4.7238337700,4.7553493400,4.6678060900,4.7518476100,40298230,542965522.0000,1.847187,0.892200
2010-03-17,4.7448441500,4.9094254600,4.7203320400,4.8604012400,86673908,1198303819.0000,3.972951,2.284500
2010-03-18,4.8674047000,4.9794600600,4.8428925900,4.8744081600,72339742,1015995801.0000,3.315903,0.288200
2010-03-19,4.9094254600,4.9689548700,4.8604012400,4.8884150800,48551950,679185821.0000,2.225520,0.287400
2010-03-22,4.9129271900,4.9304358400,4.8043735600,4.8779098900,41588298,576536766.0000,1.906321,-0.214900
2010-03-23,4.8568995100,4.8568995100,4.7273355000,4.7623528000,42426185,580256231.0000,1.944728,-2.369000
2010-03-24,4.7763597200,4.8533977800,4.7623528000,4.7833631800,26204247,359043104.0000,1.201148,0.441200
2010-03-25,4.7938683700,4.7938683700,4.6713078200,4.6853147400,36597760,492726869.0000,1.677565,-2.049800
2010-03-26,4.6853147400,4.8393908600,4.6783112800,4.8253839400,40962156,560776717.0000,1.877620,2.989500
2010-03-29,4.8498960500,5.0109756300,4.7973701000,4.9794600600,83077716,1168636953.0000,3.808109,3.193000
2010-03-30,4.9794600600,4.9794600600,4.9794600600,4.9794600600,0,0.0000,,0.000000
2010-03-31,4.9934669800,5.0284842800,4.9094254600,4.9479444900,50074778,709917563.0000,2.295324,-0.632900
2010-04-01,4.9514462200,5.1195292600,4.9514462200,5.0880136900,72997425,1050399547.0000,3.346050,2.830900
2010-04-02,5.1160275300,5.1755569400,5.0564981200,5.0845119600,48034909,701127999.0000,2.201820,-0.068800
2010-04-06,5.1125258000,5.1265327200,4.8674047000,4.9164289200,91994200,1300168302.0000,4.216823,-3.305800
2010-04-07,4.9024220000,4.9059237300,4.8008718300,4.8218822100,61333306,845674474.0000,2.811391,-1.923100
2010-04-08,4.8183804800,4.8218822100,4.6853147400,4.7168303100,82615873,1116908449.0000,3.786940,-2.178600
2010-04-09,4.7238337700,4.7798614500,4.6958199300,4.7658545300,57093586,771926158.0000,2.617051,1.039300
2010-04-12,4.7623528000,4.7623528000,4.4962213200,4.5312386200,113622873,1486263229.0000,5.208236,-4.922900
2010-04-13,4.5312386200,4.6222836000,4.5032247800,4.6187818700,60655844,793727469.0000,2.780338,1.932000
2010-04-14,4.5977714900,4.6082766800,4.5347403500,4.5802628400,41733025,543934190.0000,1.912955,-0.834000
2010-04-15,4.5137299700,4.5522490000,4.4506988300,4.4857161300,51146770,657220545.0000,2.344461,-2.064200
2010-04-16,4.4612040200,4.5137299700,4.3351417400,4.4436953700,67727836,854802277.0000,3.104503,-0.936800
2010-04-19,4.3246365500,4.3316400100,4.0444981500,4.0655085300,96896687,1163880730.0000,4.441542,-8.510600
2010-04-20,4.0620068000,4.0865189100,3.8799168400,3.9289410600,73611730,830652302.0000,3.374208,-3.359200
2010-04-21,3.9394462500,4.0444981500,3.9149341400,4.0304912300,58735587,668457314.0000,2.692317,2.584700
2010-04-22,3.9569549000,4.0444981500,3.9044289500,3.9674600900,56682684,642093303.0000,2.598216,-1.563900
2010-04-23,4.0479998800,4.1285396700,4.0269895000,4.0900206400,72669438,846962151.0000,3.331016,3.089100
2010-04-26,4.1005258300,4.1285396700,4.0199860400,4.1005258300,40843145,476754150.0000,1.872165,0.256800
2010-04-27,4.1355431300,4.2966227100,4.1320414000,4.2475984900,117672807,1418468967.0000,5.393876,3.586700
2010-04-28,4.2475984900,4.2475984900,4.2475984900,4.2475984900,0,0.0000,,0.000000
2010-04-29,4.3596538500,4.3736607700,4.2405950300,4.2826157900,71822811,881197597.0000,3.292208,0.824400
2010-04-30,4.3141313600,4.3176330900,4.1705604300,4.2546019500,47452326,572662383.0000,2.175116,-0.654100
2010-05-04,4.1146935500,4.2991234000,4.0574567000,4.0956146000,55987602,366364144.0000,1.425753,-3.736900
2010-05-05,3.9875005500,4.1719304000,3.8348689500,4.1210532000,116726552,730329935.0000,2.972501,0.621100
2010-05-06,4.0256584500,4.0701760000,3.8221496500,3.8348689500,97742824,603800615.0000,2.489071,-6.944400
2010-05-07,3.7394742000,3.9302637000,3.7013163000,3.8285093000,78189556,472657722.0000,1.991137,-0.165800
2010-05-10,3.8412286000,3.9747812500,3.8348689500,3.9684216000,79140765,487239425.0000,2.015360,3.654500
2010-05-11,4.0510970500,4.0510970500,3.8475882500,3.8666672000,85949769,535769631.0000,2.188755,-2.564100
2010-05-12,3.8475882500,3.9938602000,3.7521935000,3.9557023000,84208704,517723772.0000,2.144418,2.302600
2010-05-13,3.9429830000,3.9875005500,3.8793865000,3.9684216000,68627912,424736884.0000,1.747645,0.321500
2010-05-14,3.9302637000,3.9366233500,3.8539479000,3.8857461500,53660177,328833678.0000,1.366484,-2.083300
2010-05-17,3.8285093000,3.8285093000,3.5486847000,3.5614040000,80260946,469036177.0000,2.043886,-8.347000
2010-05-18,3.5868426000,3.9175444000,3.5359654000,3.9175444000,152147096,908768380.0000,3.874503,10.000000
2010-05-19,3.8539479000,4.0447374000,3.8157900000,3.9366233500,174770626,1082719280.0000,4.450623,0.487000
2010-05-20,3.8793865000,4.0192988000,3.8793865000,3.9175444000,100935803,625400136.0000,2.570382,-0.484700
2010-05-21,3.8157900000,4.2546058500,3.7903514000,4.2164479500,232821154,1503330139.0000,5.928909,7.629900
2010-05-24,4.2546058500,4.5916673000,4.2291672500,4.5089918500,289311353,2029371356.0000,7.367461,6.938200
2010-05-25,4.3881585000,4.4517550000,4.2927637500,4.4390357000,189188551,1295033095.0000,4.817783,-1.551500
2010-05-26,4.4008778000,4.4899129000,4.2864041000,4.4072374500,128391718,886805951.0000,3.269561,-0.716300
2010-05-27,4.3309216500,4.4453953500,4.2291672500,4.4072374500,145873809,999415571.0000,3.714751,0.000000
2010-05-28,4.4326760500,4.4517550000,4.2609655000,4.2800444500,126596323,860602845.0000,3.223840,-2.886000
2010-05-31,4.2164479500,4.3500006000,4.0892549500,4.0956146000,121134901,803094950.0000,3.084762,-4.309100
2010-06-01,4.0383777500,4.0765356500,3.9366233500,3.9938602000,88252075,555114754.0000,2.247384,-2.484500
2010-06-02,3.9493426500,4.2355269000,3.9493426500,4.2291672500,137548261,892633335.0000,3.502737,5.891700
2010-06-03,4.2291672500,4.2418865500,4.0956146000,4.1019742500,96589258,634952087.0000,2.459695,-3.007500
2010-06-04,4.0192988000,4.2546058500,3.9938602000,4.1910093500,86197736,559581319.0000,2.195069,2.170500
2010-06-07,4.0638163500,4.2164479500,4.0383777500,4.1592111000,76244518,496810093.0000,1.941605,-0.758700
2010-06-08,4.1337725000,4.2418865500,4.1083339000,4.1973690000,75937125,498667143.0000,1.933778,0.917400
2010-06-09,4.2100883000,4.4835532500,4.1464918000,4.4453953500,187532249,1278524816.0000,4.775604,5.909089
2010-06-10,4.3436409500,4.4199567500,4.2736848000,4.2991234000,119462594,817942707.0000,3.042176,-3.290400
2010-06-11,4.3309216500,4.3563602500,4.2609655000,4.2927637500,63543455,430407052.0000,1.618166,-0.147900
2010-06-17,4.3118427000,4.3817988500,4.3054830500,4.3245620000,59009924,403657645.0000,1.502718,0.740700
2010-06-18,4.3118427000,4.4835532500,4.2736848000,4.3372813000,106589393,736523818.0000,2.714353,0.294100
2010-06-21,4.3690795500,4.5725883500,4.2800444500,4.5535094000,198024751,1396189690.0000,5.042801,4.985300
2010-06-22,4.5153515000,4.5471497500,4.4644743000,4.5026322000,93222285,660053599.0000,2.373953,-1.117300
2010-06-23,4.4644743000,4.5344304500,4.3945181500,4.4326760500,81789322,573395549.0000,2.082807,-1.553700
2010-06-24,4.4199567500,4.4708339500,4.3817988500,4.4135971000,56335625,390968410.0000,1.434615,-0.430400
2010-06-25,4.3881585000,4.4263164000,4.3245620000,4.3627199000,42052139,288496838.0000,1.070879,-1.152700
2010-06-28,4.3627199000,4.3627199000,4.3627199000,4.3627199000,0,0.0000,,0.000000
2010-06-29,4.3245620000,4.3245620000,3.9239040500,3.9302637000,250932197,1598170012.0000,6.390116,-9.912500
2010-06-30,3.8793865000,3.9302637000,3.7903514000,3.8539479000,75273092,456339230.0000,1.916868,-1.941700
2010-07-01,3.8157900000,3.9620619500,3.8157900000,3.8475882500,52111173,317748980.0000,1.327038,-0.165000
2010-07-02,3.8793865000,4.1019742500,3.8094303500,4.0256584500,112903895,701350263.0000,2.875155,4.628100
2010-07-05,4.0256584500,4.0256584500,4.0256584500,4.0256584500,0,0.0000,,0.000000
2010-07-06,3.9366233500,4.0828953000,3.9239040500,4.0447374000,104347992,659833249.0000,2.657275,0.473900
2010-07-07,4.0065795000,4.0574567000,3.9493426500,4.0065795000,65692823,412187529.0000,1.672901,-0.943400
2010-07-08,4.0383777500,4.1719304000,4.0065795000,4.0447374000,88130441,565773498.0000,2.244287,0.952400
2010-07-09,4.0510970500,4.2164479500,3.9811409000,4.1464918000,123277441,800888557.0000,3.139323,2.515700
2010-07-12,4.1464918000,4.3881585000,4.1083339000,4.2864041000,144053382,972552498.0000,3.668393,3.374200
2010-07-13,4.1464918000,4.2037286500,4.1019742500,4.1146935500,104915652,683251965.0000,2.671731,-4.005900
2010-07-14,4.1274128500,4.2037286500,4.0892549500,4.1146935500,58585644,381240894.0000,1.491913,0.000000
2010-07-15,4.1083339000,4.2228076000,4.0828953000,4.0956146000,66421265,434304003.0000,1.691451,-0.463700
2010-07-16,4.0828953000,4.1274128500,3.9938602000,4.1019742500,62265864,397159771.0000,1.585632,0.155276
2010-07-19,4.0192988000,4.1973690000,4.0192988000,4.1719304000,91059392,593569410.0000,2.318874,1.705400
2010-07-20,4.1719304000,4.2927637500,4.1464918000,4.2546058500,117154066,781040145.0000,2.983388,1.981700
2010-07-21,4.2546058500,4.2546058500,4.2546058500,4.2546058500,0,0.0000,,0.000000
2010-07-22,4.1973690000,4.3754392000,4.1782900500,4.3563602500,154591265,1048893516.0000,3.936745,2.391600
2010-07-23,4.3500006000,4.3627199000,4.2228076000,4.2991234000,118419971,799031340.0000,3.015625,-1.313900
2010-07-26,4.3054830500,4.3182023500,4.2100883000,4.2800444500,84502020,565999932.0000,2.151887,-0.443800
2010-07-27,4.2673251500,4.3309216500,4.2164479500,4.2482462000,85067780,571869082.0000,2.166294,-0.742900
2010-07-28,4.2546058500,4.6234655500,4.2355269000,4.5407901000,262654074,1841000213.0000,6.688620,6.886200
2010-07-29,4.5280708000,4.5725883500,4.4453953500,4.5217111500,180917187,1283902261.0000,4.607148,-0.420200
2010-07-30,4.4962725500,4.6107462500,4.4517550000,4.5853076500,132894861,947774698.0000,3.384235,1.406500
2010-08-02,4.5725883500,4.6489041500,4.5217111500,4.6171059000,136855544,988539555.0000,3.485096,0.693500
2010-08-03,4.5980269500,4.7061410000,4.5344304500,4.5471497500,164134398,1191634488.0000,4.179766,-1.515200
2010-08-04,4.5280708000,4.5725883500,4.3817988500,4.5089918500,141139527,992145171.0000,3.594190,-0.839200
2010-08-05,4.4899129000,4.4899129000,4.3309216500,4.3817988500,148057319,1023951120.0000,3.770355,-2.820900
2010-08-06,4.3563602500,4.4263164000,4.2673251500,4.4072374500,101762272,698169691.0000,2.591428,0.580600
2010-08-09,4.4326760500,4.4517550000,4.3182023500,4.4263164000,100660215,696097449.0000,2.563364,0.432900
2010-08-10,4.4517550000,4.5280708000,4.2736848000,4.2991234000,157584504,1092749712.0000,4.012970,-2.873600
2010-08-11,4.2609655000,4.4135971000,4.2482462000,4.3881585000,108828699,744502432.0000,2.771378,2.071000
2010-08-12,4.3309216500,4.5026322000,4.3245620000,4.3563602500,120933206,840932406.0000,3.079626,-0.724600
2010-08-13,4.3627199000,4.4453953500,4.2736848000,4.4199567500,104809110,718871175.0000,2.669017,1.459900
2010-08-16,4.3881585000,4.4771936000,4.3500006000,4.4517550000,128993743,897684440.0000,3.284891,0.719400
2010-08-17,4.4771936000,4.5407901000,4.3881585000,4.4899129000,155702830,1095154251.0000,3.482110,0.857100
2010-08-18,4.4644743000,4.4899129000,4.3563602500,4.3881585000,121318255,841059609.0000,2.713139,-2.266300
2010-08-19,4.3754392000,4.4135971000,4.3054830500,4.3500006000,104524637,715281949.0000,2.337570,-0.869600
2010-08-20,4.3182023500,4.3690795500,4.2736848000,4.2736848000,76877261,521481338.0000,1.719269,-1.754400
2010-08-23,4.2736848000,4.3309216500,4.2355269000,4.2546058500,55280143,371767699.0000,1.236275,-0.446400
2010-08-24,4.2673251500,4.3563602500,4.2291672500,4.3182023500,76627425,520361223.0000,1.713682,1.494800
2010-08-25,4.2800444500,4.3054830500,4.1655707500,4.1719304000,81362565,540091305.0000,1.819578,-3.387300
2010-08-26,4.1846497000,4.2100883000,4.1464918000,4.1655707500,42644804,279822479.0000,0.953701,-0.152400
2010-08-27,4.1655707500,4.1846497000,4.1337725000,4.1592111000,27677595,180967195.0000,0.618977,-0.152700
2010-08-30,4.1846497000,4.2164479500,4.1464918000,4.1910093500,56269156,369663797.0000,1.258393,0.764500
2010-08-31,4.1782900500,4.2228076000,4.1210532000,4.2228076000,81393699,532782518.0000,1.820274,0.758700
2010-09-01,4.2100883000,4.2609655000,4.1464918000,4.1782900500,80154209,528968408.0000,1.792554,-1.054200
2010-09-02,4.1973690000,4.2164479500,4.1464918000,4.1719304000,72262259,474554039.0000,1.616060,-0.152200
2010-09-03,4.1846497000,4.1973690000,4.0574567000,4.1210532000,91409245,592724540.0000,2.044260,-1.219500
2010-09-06,4.1401321500,4.2100883000,4.1083339000,4.1846497000,84455015,553475820.0000,1.888737,1.543200
2010-09-07,4.1973690000,4.2609655000,4.1846497000,4.2291672500,81826626,544534022.0000,1.829956,1.063800
2010-09-08,4.2100883000,4.2164479500,4.1146935500,4.1464918000,70895833,461851581.0000,1.585501,-1.954889
2010-09-09,4.1528514500,4.1655707500,4.0638163500,4.0765356500,71498857,460816751.0000,1.598987,-1.687100
2010-09-10,4.0701760000,4.0892549500,3.9557023000,3.9875005500,70051010,440100103.0000,1.566608,-2.184100
2010-09-13,3.9811409000,4.1464918000,3.9493426500,4.0701760000,88888523,566138855.0000,1.987887,2.073400
2010-09-14,4.0574567000,4.0638163500,3.9747812500,4.0510970500,60043624,378504248.0000,1.342805,-0.468800
2010-09-15,4.0192988000,4.0320181000,3.9493426500,3.9684216000,46022441,288618005.0000,1.029237,-2.040800
2010-09-16,3.9493426500,4.0002198500,3.8603075500,3.9111847500,53234756,329392256.0000,1.190532,-1.442300
2010-09-17,3.9175444000,3.9747812500,3.8793865000,3.8857461500,41669202,256408872.0000,0.931882,-0.650400
2010-09-20,3.8793865000,3.9175444000,3.7394742000,3.7649128000,101862616,607612540.0000,2.278037,-3.109700
2010-09-21,3.7712724500,3.8030707000,3.7394742000,3.7712724500,50588147,299190140.0000,1.131344,0.168900
2010-09-27,3.7776321000,3.9429830000,3.6758777000,3.9111847500,117171971,702103055.0000,2.620413,3.709900
2010-09-28,3.8475882500,3.9684216000,3.8285093000,3.8793865000,68882612,423334684.0000,1.540478,-0.813000
2010-09-29,3.8793865000,3.9302637000,3.8539479000,3.8793865000,35513319,217282345.0000,0.794213,0.000000
2010-09-30,3.8475882500,4.1337725000,3.8157900000,4.0828953000,138082924,876942967.0000,3.088061,5.245900
2010-10-08,4.0129391500,4.2100883000,3.9557023000,4.1210532000,140295996,911657183.0000,3.137554,0.934600
2010-10-11,4.0956146000,4.3754392000,4.0765356500,4.2800444500,158311028,1056962134.0000,3.540439,3.858000
2010-10-12,4.2291672500,4.4263164000,4.2100883000,4.3436409500,149865562,1025550828.0000,3.351566,1.485900
2010-10-13,4.3754392000,4.7697375000,4.3754392000,4.6616234500,254052383,1843551054.0000,5.681581,7.320600
2010-10-14,4.6743427500,4.7252199500,4.5026322000,4.5217111500,168728129,1217374839.0000,3.773405,-3.001400
2010-10-15,4.4581146500,4.6743427500,4.4390357000,4.6489041500,174060902,1257534875.0000,3.892666,2.812900
2010-10-18,4.6234655500,4.8333340000,4.6107462500,4.6743427500,232065547,1733159658.0000,5.189871,0.547200
2010-10-19,4.6743427500,4.6997813500,4.5026322000,4.6298252000,108447684,779700169.0000,2.425304,-0.952400
2010-10-20,4.4199567500,4.5471497500,4.2736848000,4.3563602500,191267365,1320567353.0000,4.277468,-5.906600
2010-10-21,4.3182023500,4.4644743000,4.2927637500,4.3690795500,87818944,604513075.0000,1.963967,0.292000
2010-10-22,4.3817988500,4.4135971000,4.2991234000,4.3500006000,64987270,444815722.0000,1.453363,-0.436700
2010-10-25,4.3372813000,4.4008778000,4.2609655000,4.3945181500,125015374,852109864.0000,2.795821,1.023400
2010-10-26,4.3881585000,4.5662287000,4.3436409500,4.4326760500,169011001,1188862494.0000,3.779731,0.868300
2010-10-27,4.4263164000,4.6298252000,4.3817988500,4.4326760500,152081383,1076707105.0000,3.401120,0.000000
2010-10-28,4.4072374500,4.5789480000,4.3881585000,4.4708339500,105729746,743509211.0000,2.364521,0.860800
2010-10-29,4.4390357000,4.4517550000,4.2864041000,4.3500006000,95322255,650587889.0000,2.131769,-2.702700
2010-11-01,4.3245620000,4.3627199000,4.2927637500,4.3436409500,110864057,753566900.0000,2.479343,-0.146200
2010-11-02,4.3436409500,4.4453953500,4.2609655000,4.3690795500,140965917,962737581.0000,3.152536,0.585700
2010-11-03,4.3436409500,4.4072374500,4.2609655000,4.3245620000,89303498,611177655.0000,1.997167,-1.018900
2010-11-04,4.3054830500,4.3563602500,4.2800444500,4.3245620000,78338854,531459846.0000,1.751956,0.000000
2010-11-05,4.3627199000,4.3817988500,4.3054830500,4.3500006000,109272489,744266580.0000,2.443750,0.588200
2010-11-08,4.3500006000,4.3500006000,4.3500006000,4.3500006000,0,0.0000,,0.000000
2010-11-09,4.4008778000,4.4326760500,4.3182023500,4.3372813000,183218066,1260396036.0000,4.097455,-0.292400
2010-11-10,4.2991234000,4.2991234000,4.1401321500,4.1782900500,140506516,925522841.0000,3.142262,-3.665700
2010-11-11,4.1655707500,4.2418865500,4.1274128500,4.1973690000,97441864,640690168.0000,2.179172,0.456600
2010-11-12,4.1655707500,4.1846497000,3.8984654500,3.9048251000,123805305,785416860.0000,2.768759,-6.969700
2010-11-15,3.9302637000,3.9620619500,3.8793865000,3.9302637000,57622090,354990030.0000,1.288650,0.651500
2010-11-16,3.9302637000,3.9366233500,3.7903514000,3.8157900000,71265474,432296354.0000,1.593768,-2.912600
2010-11-17,3.8030707000,3.8730268500,3.7331145500,3.8157900000,64840988,389722863.0000,1.450092,0.000000
2010-11-18,3.8539479000,3.8666672000,3.8157900000,3.8475882500,39765803,240164220.0000,0.889315,0.833300
2010-11-19,3.8539479000,3.8603075500,3.7331145500,3.8348689500,58769415,350844238.0000,1.314308,-0.330600
2010-11-22,3.7967110500,3.8539479000,3.7394742000,3.7839917500,91993381,547102053.0000,2.057323,-1.326700
2010-11-23,3.7521935000,3.7649128000,3.6949566500,3.7140356000,52026288,304570585.0000,1.163506,-1.848700
2010-11-24,3.7013163000,3.7712724500,3.6949566500,3.7585531500,40962014,240989694.0000,0.916067,1.198600
2010-11-25,3.7903514000,3.9366233500,3.7394742000,3.8984654500,96947277,587489165.0000,2.168111,3.722500
2010-11-26,3.8666672000,3.8666672000,3.7712724500,3.8030707000,54600594,328050106.0000,1.221078,-2.447000
2010-11-29,3.7839917500,3.8030707000,3.7458338500,3.7712724500,28300123,167658459.0000,0.632899,-0.836100
2010-11-30,3.7712724500,3.8157900000,3.6567987500,3.7140356000,54021888,316369012.0000,1.208136,-1.517700
2010-12-01,3.7140356000,3.7712724500,3.6949566500,3.7331145500,27242710,159878102.0000,0.609251,0.513700
2010-12-02,3.7776321000,3.8030707000,3.7267549000,3.7267549000,34826012,205904285.0000,0.778843,-0.170400
2010-12-03,3.7331145500,3.8285093000,3.7267549000,3.8157900000,61385987,365929411.0000,1.372825,2.389100
2010-12-06,3.8221496500,3.8475882500,3.7776321000,3.7967110500,42411357,254532652.0000,0.948480,-0.500000
2010-12-07,3.7839917500,3.8285093000,3.7331145500,3.8285093000,40655652,242565223.0000,0.909216,0.837500
2010-12-08,3.7903514000,3.8285093000,3.7458338500,3.7585531500,47030528,279650065.0000,1.051782,-1.827200
2010-12-09,3.7394742000,3.7394742000,3.6758777000,3.6822373500,51022544,296727714.0000,1.141059,-2.030500
2010-12-10,3.6695180500,3.7076759500,3.6567987500,3.6885970000,37280547,215992316.0000,0.833735,0.172700
2010-12-13,3.7076759500,3.7839917500,3.7013163000,3.7776321000,60790461,356673738.0000,1.359507,2.413800
2010-12-14,3.7712724500,3.8412286000,3.7458338500,3.8157900000,60857558,362925313.0000,1.361007,1.010100
2010-12-15,3.8157900000,3.8221496500,3.7521935000,3.7649128000,38304959,227605682.0000,0.856645,-1.333300
2010-12-16,3.7712724500,3.8539479000,3.7521935000,3.8030707000,60140498,361191211.0000,1.344971,1.013500
2010-12-17,3.7903514000,3.8030707000,3.7585531500,3.7712724500,31409581,186500016.0000,0.702438,-0.836100
2010-12-20,3.7839917500,3.8221496500,3.6885970000,3.7140356000,41573092,244530988.0000,0.929733,-1.517700
2010-12-21,3.7267549000,4.0765356500,3.7203952500,4.0320181000,219841166,1362645403.0000,4.916488,8.561600
2010-12-22,4.0002198500,4.1401321500,3.9684216000,3.9875005500,170479648,1089166426.0000,3.812576,-1.104100
2010-12-23,3.9620619500,4.0383777500,3.9302637000,3.9875005500,65890085,413247649.0000,1.473554,0.000000
2010-12-24,3.9557023000,4.2800444500,3.9429830000,4.1846497000,187526080,1221823646.0000,4.193799,4.944200
2010-12-27,4.1973690000,4.3500006000,4.1083339000,4.1337725000,189771541,1259724032.0000,4.244016,-1.215800
2010-12-28,4.0701760000,4.2228076000,3.8857461500,3.9111847500,108324740,696069075.0000,2.422555,-5.384600
2010-12-29,3.9111847500,4.1274128500,3.8793865000,4.0638163500,87757006,554491477.0000,1.962582,3.902400
2010-12-30,4.0129391500,4.0956146000,3.8793865000,3.8984654500,94967869,593520953.0000,2.123844,-4.068900
2010-12-31,3.9111847500,3.9620619500,3.8157900000,3.9302637000,88290249,543037407.0000,1.974507,0.815700
2011-01-04,3.9493426500,4.3245620000,3.9175444000,4.3245620000,254155395,1706781269.0000,5.683885,10.032400
2011-01-05,4.2800444500,4.5535094000,4.2609655000,4.4390357000,392594772,2724349455.0000,8.779918,2.647100
2011-01-06,4.4072374500,4.5916673000,4.3754392000,4.5217111500,215334414,1522000725.0000,4.815699,1.862500
2011-01-07,4.5089918500,4.6743427500,4.4263164000,4.4708339500,211414825,1519673708.0000,4.728042,-1.125200
2011-01-10,4.4771936000,4.6234655500,4.3182023500,4.3817988500,172877340,1220779985.0000,3.866197,-1.991500
2011-01-11,4.3627199000,4.7379392500,4.3436409500,4.7252199500,244190877,1763572703.0000,5.461040,7.837400
2011-01-12,4.6997813500,4.8714919000,4.6425445000,4.7633778500,196029631,1466847079.0000,4.383971,0.807500
2011-01-13,4.7633778500,4.8078954000,4.6489041500,4.6743427500,100496550,744877281.0000,2.247486,-1.869200
2011-01-14,4.6425445000,4.7506585500,4.5980269500,4.6616234500,96465889,707893237.0000,2.157346,-0.272100
2011-01-17,4.5916673000,4.6298252000,4.2037286500,4.2800444500,182556613,1257603327.0000,4.082663,-8.185500
2011-01-18,4.2355269000,4.4008778000,4.1528514500,4.2927637500,109435487,740002178.0000,2.447395,0.297200
2011-01-19,4.2864041000,4.5026322000,4.1846497000,4.4708339500,111577655,761359326.0000,2.495302,4.148100
2011-01-20,4.4390357000,4.5217111500,4.2546058500,4.2927637500,90312425,622175234.0000,2.019731,-3.982900
2011-01-21,4.2927637500,4.7252199500,4.2482462000,4.5725883500,243265179,1759850236.0000,5.440338,6.518500
2011-01-24,4.5725883500,4.7315796000,4.4326760500,4.6234655500,188401955,1358143547.0000,4.213387,1.112700
2011-01-25,4.5662287000,4.6807024000,4.5026322000,4.5853076500,102641722,740314433.0000,2.295461,-0.825300
2011-01-26,4.5598690500,4.6425445000,4.5026322000,4.5980269500,75717420,545824342.0000,1.693331,0.277400
2011-01-27,4.3881585000,4.5153515000,4.1401321500,4.4390357000,265788943,1817183958.0000,5.944055,-3.457800
2011-01-28,4.4390357000,4.6743427500,4.3054830500,4.4263164000,262026235,1837724791.0000,5.859907,-0.286500
2011-01-31,4.3563602500,4.4008778000,4.2482462000,4.3563602500,181429889,1230067767.0000,4.057465,-1.580500
2011-02-01,4.3563602500,4.4072374500,4.2482462000,4.2927637500,149708927,1010663085.0000,3.348063,-1.459900
2011-02-09,4.2100883000,4.2800444500,4.1464918000,4.1528514500,162459048,1073795021.0000,3.633204,-3.259300
2011-02-10,4.1528514500,4.3309216500,4.1337725000,4.3182023500,142273477,950051011.0000,3.181778,3.981600
2011-02-11,4.2736848000,4.4326760500,4.2355269000,4.3754392000,159863785,1088897969.0000,3.575164,1.325500
2011-02-14,4.3372813000,4.5789480000,4.3245620000,4.5153515000,210318043,1474099124.0000,4.703514,3.197700
2011-02-15,4.4899129000,4.5280708000,4.4263164000,4.4581146500,147021754,1033848864.0000,3.287968,-1.267600
2011-02-16,4.4390357000,4.4453953500,4.3309216500,4.4390357000,148094608,1018246008.0000,3.311961,-0.428000
2011-02-17,4.4135971000,4.4390357000,4.2673251500,4.3372813000,121566244,829891402.0000,2.718685,-2.292300
2011-02-18,4.3118427000,4.4263164000,4.2991234000,4.3436409500,97653890,670930724.0000,2.183914,0.146600
2011-02-21,4.2800444500,4.3372813000,4.2164479500,4.3309216500,114110458,767650066.0000,2.551945,-0.292800
2011-02-22,4.2991234000,4.2991234000,4.0638163500,4.0892549500,189372367,1237437424.0000,4.235089,-5.580000
2011-02-23,4.0638163500,4.1210532000,4.0510970500,4.0892549500,83186102,533651079.0000,1.860359,0.000000
2011-02-24,4.0765356500,4.1464918000,4.0192988000,4.1146935500,73759705,474734805.0000,1.649549,0.622100
2011-02-25,4.1019742500,4.1274128500,4.0447374000,4.0765356500,58350033,374518591.0000,1.304929,-0.927400
2011-02-28,4.0828953000,4.1146935500,4.0510970500,4.1146935500,61347928,393942934.0000,1.371974,0.936000
2011-03-01,4.1146935500,4.2736848000,4.1083339000,4.2037286500,168482062,1113894831.0000,3.767902,2.163838
2011-03-02,4.1719304000,4.1782900500,4.0828953000,4.1337725000,78950932,512601688.0000,1.765644,-1.664100
2011-03-03,4.1337725000,4.2100883000,4.1083339000,4.1274128500,87389810,571174515.0000,1.954370,-0.153800
2011-03-04,4.1464918000,4.2482462000,4.1146935500,4.2291672500,112990408,743893480.0000,2.526897,2.465300
2011-03-07,4.2355269000,4.2927637500,4.2164479500,4.2546058500,115895785,775208881.0000,2.591872,0.601500
2011-03-08,4.2673251500,4.3754392000,4.2609655000,4.3054830500,116378214,790416116.0000,2.602661,1.195800
2011-03-09,4.3372813000,4.3500006000,4.2609655000,4.2736848000,95679552,644277472.0000,2.139760,-0.738600
2011-03-10,4.2673251500,4.3372813000,4.1846497000,4.2609655000,123689257,827556056.0000,2.766164,-0.297600
2011-03-11,4.2355269000,4.2482462000,4.1337725000,4.1655707500,86985363,574330074.0000,1.945325,-2.238800
2011-03-14,4.1464918000,4.1973690000,4.1210532000,4.1655707500,49751908,324960415.0000,1.112643,0.000000
2011-03-15,4.1528514500,4.1846497000,4.0574567000,4.0956146000,66930012,431773743.0000,1.496811,-1.679400
2011-03-16,4.1083339000,4.1337725000,4.0828953000,4.1210532000,51349622,331837464.0000,1.148374,0.621100
2011-03-17,4.0701760000,4.1464918000,4.0574567000,4.0956146000,68114987,439425826.0000,1.523311,-0.617300
2011-03-18,4.1337725000,4.2673251500,4.0956146000,4.1910093500,102387000,674228541.0000,2.289764,2.329200
2011-03-21,4.1719304000,4.3372813000,4.1655707500,4.2864041000,123889040,832520653.0000,2.770632,2.276200
2011-03-22,4.2927637500,4.3118427000,4.1910093500,4.2673251500,69452024,464083900.0000,1.553212,-0.445100
2011-03-23,4.2355269000,4.4517550000,4.2291672500,4.4008778000,233860759,1610922956.0000,5.230019,3.129700
2011-03-24,4.3754392000,4.4453953500,4.3245620000,4.3372813000,92861959,638998105.0000,2.076748,-1.445100
2011-03-25,4.3309216500,4.5026322000,4.3245620000,4.4326760500,129902259,903866934.0000,2.905110,2.199400
2011-03-28,4.4581146500,4.5598690500,4.3817988500,4.4199567500,135349759,955449665.0000,3.026937,-0.286900
2011-03-29,4.4263164000,4.5471497500,4.3754392000,4.4263164000,113842667,800062253.0000,2.545957,0.143900
2011-03-30,4.4263164000,4.4581146500,4.3118427000,4.3563602500,67679314,466293645.0000,1.513568,-1.580500
2011-03-31,4.3690795500,4.4453953500,4.2800444500,4.3182023500,65768055,452258589.0000,1.470825,-0.875900
2011-04-01,4.3372813000,4.4581146500,4.2991234000,4.4453953500,68250441,471825367.0000,1.526340,2.945500
2011-04-06,4.4199567500,4.5471497500,4.3945181500,4.5026322000,111413622,783974377.0000,2.491634,1.287600
2011-04-07,4.4962725500,4.5535094000,4.4390357000,4.4581146500,92994931,655000297.0000,2.079722,-0.988700
2011-04-08,4.4517550000,4.4835532500,4.3754392000,4.4390357000,70110650,487755829.0000,1.567942,-0.428000
2011-04-11,4.4326760500,4.4517550000,4.3245620000,4.3436409500,101788542,697872548.0000,2.276380,-2.149000
2011-04-12,4.2927637500,4.3627199000,4.2800444500,4.3309216500,72924766,495291061.0000,1.630876,-0.292800
2011-04-13,4.3118427000,4.3754392000,4.2546058500,4.3627199000,66984873,454306743.0000,1.498037,0.734200
2011-04-14,4.3500006000,4.3500006000,4.2546058500,4.2673251500,91240437,615084898.0000,2.040484,-2.186600
2011-04-15,4.2609655000,4.3500006000,4.2418865500,4.3245620000,66242278,447873821.0000,1.481430,1.341300
2011-04-18,4.3182023500,4.4644743000,4.2800444500,4.4072374500,130722266,901768775.0000,2.923449,1.911800
2011-04-19,4.3627199000,4.3627199000,4.2800444500,4.2991234000,72213604,490760717.0000,1.614972,-2.453100
2011-04-20,4.3245620000,4.3372813000,4.2164479500,4.2418865500,82958540,555525583.0000,1.855270,-1.331400
2011-04-21,4.2673251500,4.2864041000,4.2291672500,4.2609655000,59505052,398226287.0000,1.330760,0.449800
2011-04-22,4.2609655000,4.2673251500,4.1910093500,4.2228076000,48231397,319904890.0000,1.078638,-0.895500
2011-04-25,4.1973690000,4.2228076000,4.1592111000,4.2100883000,44589412,293819313.0000,0.997189,-0.301200
2011-04-26,4.1401321500,4.2164479500,4.1210532000,4.1719304000,42465113,278607011.0000,0.949682,-0.906300
2011-04-27,4.1846497000,4.1910093500,4.0574567000,4.0765356500,59505385,384496731.0000,1.330768,-2.286600
2011-04-28,4.0765356500,4.0765356500,4.0765356500,4.0765356500,0,0.0000,,0.000000
2011-04-29,4.0129391500,4.0701760000,3.9811409000,4.0510970500,64171111,406218306.0000,1.435111,-0.624000
2011-05-03,4.0510970500,4.0701760000,4.0002198500,4.0510970500,36531646,231435007.0000,0.816987,0.000000
2011-05-04,4.0383777500,4.0765356500,3.9620619500,3.9811409000,41330177,261324254.0000,0.924301,-1.726800
2011-05-05,3.9557023000,4.0129391500,3.9493426500,4.0002198500,38027802,238583294.0000,0.850447,0.479200
2011-05-06,3.9557023000,4.0065795000,3.9302637000,3.9747812500,28513174,178154595.0000,0.637663,-0.635900
2011-05-09,3.9684216000,4.0002198500,3.9684216000,3.9938602000,23375291,146454121.0000,0.522761,0.480000
2011-05-10,4.0002198500,4.0256584500,3.9684216000,4.0256584500,25521408,160487933.0000,0.570756,0.796200
2011-05-11,4.0192988000,4.1083339000,3.9747812500,4.0574567000,47355047,301774404.0000,1.059040,0.789900
2011-05-12,4.0256584500,4.0765356500,3.9875005500,3.9938602000,25026380,158766079.0000,0.559685,-1.567400
2011-05-13,4.0065795000,4.0701760000,3.9684216000,4.0638163500,37876357,239652876.0000,0.847060,1.751600
2011-05-16,4.0383777500,4.1146935500,4.0383777500,4.0765356500,32387453,207920835.0000,0.724307,0.313000
2011-05-17,4.0638163500,4.1019742500,4.0447374000,4.0638163500,23802997,152449449.0000,0.532326,-0.312000
2011-05-18,4.0574567000,4.0956146000,4.0383777500,4.0765356500,21011786,134374959.0000,0.469904,0.313000
2011-05-19,4.0701760000,4.0828953000,3.9875005500,4.0192988000,33270381,210363867.0000,0.744053,-1.404100
2011-05-20,4.0129391500,4.0256584500,3.9366233500,3.9557023000,29716511,185505828.0000,0.664575,-1.582300
2011-05-23,3.9493426500,3.9620619500,3.8221496500,3.8285093000,30508449,185935278.0000,0.682285,-3.215400
2011-05-24,3.8285093000,3.8475882500,3.7967110500,3.8094303500,24306014,146004559.0000,0.543575,-0.498300
2011-05-25,3.8157900000,3.8348689500,3.7712724500,3.7776321000,18790739,112302692.0000,0.420233,-0.834700
2011-05-26,3.8094303500,3.8539479000,3.7776321000,3.7903514000,17471994,104683455.0000,0.390740,0.336700
2011-05-27,3.7967110500,3.8348689500,3.7903514000,3.7903514000,18610283,111483482.0000,0.416197,0.000000
2011-05-30,3.7839917500,3.7967110500,3.7140356000,3.7140356000,18155319,107019594.0000,0.406022,-2.013400
2011-05-31,3.7140356000,3.7521935000,3.6695180500,3.7521935000,22997293,134103056.0000,0.514307,1.027400
2011-06-01,3.7331145500,3.7712724500,3.7076759500,3.7521935000,19826219,116310880.0000,0.443390,0.000000
2011-06-02,3.7393441800,3.7393441800,3.6365443400,3.6558193100,27458289,157035892.0000,0.614072,-2.568500
2011-06-03,3.6686692900,3.7457691700,3.6558193100,3.7072192300,19324174,111541307.0000,0.432162,1.406000
2011-06-07,3.7136442200,3.7329191900,3.6879442600,3.7136442200,13062102,75520751.0000,0.292118,0.173300
2011-06-08,3.7136442200,3.8100190700,3.7072192300,3.7907441000,27081756,158838913.0000,0.605651,2.076100
2011-06-09,3.7714691300,3.7843191100,3.6622443000,3.6815192700,18289239,106382667.0000,0.409017,-2.881400
2011-06-10,3.7136442200,3.8100190700,3.7136442200,3.7650441400,30216933,176992814.0000,0.675766,2.268800
2011-06-13,3.7329191900,3.7650441400,3.6558193100,3.7200692100,25457381,147023768.0000,0.569324,-1.194500
2011-06-14,3.7264942000,4.0927186300,3.7136442200,3.9770688100,158386097,986272946.0000,3.542118,6.908500
2011-06-15,3.9320938800,3.9963437800,3.8871189500,3.9128189100,65927755,403793113.0000,1.474396,-1.615500
2011-06-16,3.8935439400,3.9192439000,3.8485690100,3.8678439800,33182616,200441645.0000,0.742090,-1.149400
2011-06-17,3.8742689700,4.0156187500,3.8678439800,3.8999689300,68220502,419691400.0000,1.525671,0.830600
2011-06-20,3.8871189500,3.9834938000,3.8742689700,3.9513688500,43211207,265368599.0000,0.966368,1.318000
2011-06-21,3.9577938400,4.0991436200,3.9320938800,4.0156187500,58743633,369162467.0000,1.313732,1.626000
2011-06-22,4.0220437400,4.0413187100,3.9128189100,3.9449438600,31038651,191249360.0000,0.694143,-1.760000
2011-06-23,3.9385188700,4.0027687700,3.9320938800,3.9770688100,22166019,137292935.0000,0.495717,0.814300
2011-06-24,3.9642188300,4.0670186700,3.9577938400,4.0348937200,44222423,276667852.0000,0.988982,1.454000
2011-06-27,4.0220437400,4.0862936400,3.9899187900,4.0348937200,41992491,264135422.0000,0.939112,0.000000
2011-06-28,4.0091937600,4.0798686500,3.9899187900,4.0541686900,32647711,204993509.0000,0.730127,0.477700
2011-06-29,4.0348937200,4.0734436600,4.0091937600,4.0156187500,27654868,173921988.0000,0.618468,-0.950900
2011-06-30,4.0284687300,4.1441185500,4.0156187500,4.1184185900,54459575,347583717.0000,1.217924,2.560000
2011-07-01,4.1119936000,4.2790433400,4.0927186300,4.2147934400,87838490,575836100.0000,1.964404,2.340100
2011-07-04,4.2340684100,4.3175932800,4.2276434200,4.3111682900,72153297,481298672.0000,1.613623,2.286600
2011-07-05,4.3175932800,4.3818431800,4.2983183100,4.3497182300,74894387,507011716.0000,1.674924,0.894200
2011-07-06,4.3175932800,4.3240182700,4.2276434200,4.2790433400,50443677,335257192.0000,1.128113,-1.624800
2011-07-07,4.3111682900,4.4653680500,4.2854683300,4.3175932800,88568436,603254088.0000,1.980728,0.900900
2011-07-08,4.3304432600,4.4139681300,4.2790433400,4.3368682500,71558336,485233325.0000,1.600318,0.446432
2011-07-11,4.2918933200,4.3689932000,4.2469183900,4.3047433000,34806515,232422445.0000,0.778407,-0.740700
2011-07-12,4.2790433400,4.2983183100,4.1248435800,4.1376935600,43316819,281740209.0000,0.968729,-3.880600
2011-07-13,4.1762435000,4.2276434200,4.1248435800,4.1505435400,35723538,232014263.0000,0.798915,0.310600
2011-07-14,4.1698185100,4.2340684100,4.1055686100,4.1505435400,39455940,255802702.0000,0.882385,0.000000
2011-07-15,4.0991436200,4.0991436200,3.9899187900,4.0734436600,42665427,268860771.0000,0.954162,-1.857600
2011-07-18,4.0541686900,4.1119936000,4.0220437400,4.0798686500,40554215,256775858.0000,0.906947,0.157700
2011-07-19,4.0605936800,4.1376935600,4.0413187100,4.1248435800,57939657,368878171.0000,1.295752,1.102400
2011-07-20,4.1184185900,4.1248435800,4.0670186700,4.0862936400,21519813,137069329.0000,0.481265,-0.934600
2011-07-21,4.0991436200,4.1184185900,4.0284687300,4.0348937200,28027483,177762224.0000,0.626802,-1.257900
2011-07-22,4.0413187100,4.1184185900,3.9834938000,4.0670186700,29174262,184468457.0000,0.652448,0.796200
2011-07-25,4.0348937200,4.0991436200,3.8935439400,3.9192439000,38245321,238538586.0000,0.855311,-3.633500
2011-07-26,3.9320938800,3.9706438200,3.8871189500,3.9128189100,23550913,143677750.0000,0.526688,-0.163900
2011-07-27,3.8871189500,3.9899187900,3.8678439800,3.9449438600,28982790,178183718.0000,0.648166,0.821000
2011-07-28,3.9385188700,3.9385188700,3.8742689700,3.9128189100,16804550,102022128.0000,0.375814,-0.814300
2011-07-29,3.9320938800,3.9706438200,3.8999689300,3.9385188700,23662652,145222302.0000,0.529187,0.656800
2011-08-01,3.9706438200,4.0670186700,3.9192439000,3.9963437800,34711891,216018988.0000,0.776290,1.468200
2011-08-02,3.9642188300,4.0477437000,3.9385188700,4.0091937600,26003558,161795587.0000,0.581539,0.321500
2011-08-03,3.9770688100,4.0477437000,3.9577938400,4.0091937600,16538090,103219749.0000,0.369855,0.000000
2011-08-04,4.0091937600,4.0413187100,3.9899187900,4.0091937600,19461122,121813116.0000,0.435225,0.000000
2011-08-05,3.9320938800,3.9899187900,3.9128189100,3.9449438600,26875308,165290086.0000,0.601034,-1.602600
2011-08-08,3.9128189100,3.9770688100,3.8292940400,3.8678439800,47442393,288578980.0000,1.060993,-1.954400
2011-08-09,3.7971690900,4.0477437000,3.7650441400,3.9770688100,57789796,356798150.0000,1.292400,2.823900
2011-08-10,4.0284687300,4.1890934800,4.0220437400,4.0798686500,69384216,443655985.0000,1.551696,2.584800
2011-08-11,4.0477437000,4.2276434200,4.0348937200,4.1633935200,55384418,358930970.0000,1.238607,2.047200
2011-08-12,4.1633935200,4.2019434600,4.0734436600,4.1055686100,36261218,233444342.0000,0.810939,-1.388900
2011-08-15,4.1248435800,4.1955184700,4.1055686100,4.1762435000,28380595,183939998.0000,0.634698,1.721400
2011-08-16,4.1441185500,4.2147934400,4.1119936000,4.1248435800,23650059,153345786.0000,0.528906,-1.230800
2011-08-17,4.1055686100,4.2019434600,4.0991436200,4.1376935600,19886932,128610998.0000,0.444748,0.311500
2011-08-18,4.1184185900,4.1248435800,4.0220437400,4.0220437400,23080224,146205697.0000,0.516162,-2.795000
2011-08-19,3.9834938000,4.0991436200,3.9834938000,4.0605936800,18287185,115064573.0000,0.408971,0.958500
2011-08-22,4.0413187100,4.0862936400,3.8678439800,3.9128189100,29541101,182003919.0000,0.660652,-3.639200
2011-08-23,3.9256688900,3.9963437800,3.9063939200,3.9834938000,18255222,112664047.0000,0.408256,1.806200
2011-08-24,4.0027687700,4.0156187500,3.8935439400,3.9192439000,24052872,147677522.0000,0.537914,-1.612900
2011-08-25,3.9385188700,4.1248435800,3.9128189100,4.1184185900,49182091,308336496.0000,1.099899,5.082000
2011-08-26,4.0862936400,4.1248435800,4.0284687300,4.1055686100,37742640,239729126.0000,0.844069,-0.312012
2011-08-29,4.0605936800,4.0670186700,3.9513688500,3.9642188300,27741259,172137096.0000,0.620400,-3.442900
2011-08-30,4.0027687700,4.0348937200,3.9513688500,3.9642188300,13520922,84036526.0000,0.302379,0.000000
2011-08-31,3.9642188300,3.9899187900,3.8871189500,3.9513688500,16953298,103987917.0000,0.379140,-0.324100
2011-09-01,3.9449438600,3.9770688100,3.9192439000,3.9320938800,19081255,117110068.0000,0.426730,-0.487800
2011-09-02,3.9320938800,3.9577938400,3.8549940000,3.8806939600,18812221,113856548.0000,0.420713,-1.307200
2011-09-05,3.8549940000,3.8871189500,3.7843191100,3.7971690900,25337498,150442282.0000,0.566643,-2.152300
2011-09-06,3.7907441000,3.8228690500,3.7329191900,3.7714691300,24498803,143453645.0000,0.547887,-0.676800
2011-09-07,3.7778941200,3.8742689700,3.7521941600,3.8678439800,28421246,169200402.0000,0.635608,2.555400
2011-09-08,3.8742689700,3.8806939600,3.8035940800,3.8100190700,10275032,61369918.0000,0.229789,-1.495019
2011-09-09,3.8421440200,3.8806939600,3.7650441400,3.7907441000,14816772,88225172.0000,0.331360,-0.505900
2011-09-13,3.7393441800,3.8100190700,3.7264942000,3.7457691700,27185134,158887488.0000,0.607963,-1.186400
2011-09-14,3.7586191500,3.7971690900,3.7264942000,3.7778941200,26279932,153351515.0000,0.587720,0.857600
2011-09-15,3.7714691300,3.8614189900,3.7521941600,3.8357190300,29452971,175390549.0000,0.658681,1.530600
2011-09-16,3.8549940000,3.8806939600,3.7843191100,3.8035940800,13458899,80117609.0000,0.300992,-0.837500
2011-09-19,3.7778941200,3.7778941200,3.5722944400,3.6301193500,68772960,391852641.0000,1.538026,-4.560800
2011-09-20,3.6301193500,3.6493943200,3.5337445000,3.5722944400,46660454,259208280.0000,1.043506,-1.592900
2011-09-21,3.5722944400,3.6686692900,3.5337445000,3.6558193100,48283030,270391643.0000,1.079793,2.338100
2011-09-22,3.5979944000,3.6108443800,3.4245196700,3.4373696500,61291371,335186520.0000,1.370709,-5.975400
2011-09-23,3.3923947200,3.4437946400,3.3281448200,3.3795447400,44722334,234588881.0000,1.000162,-1.682200
2011-09-26,3.3409948000,3.3859697300,3.2060700100,3.2767449000,45076032,230390920.0000,1.008072,-3.041800
2011-09-27,3.2895948800,3.3024448600,3.2124950000,3.2446199500,44866099,226696422.0000,1.003377,-0.980400
2011-09-28,3.2574699300,3.2638949200,3.1418201100,3.1610950800,48339922,241756914.0000,1.081065,-2.574300
2011-09-29,3.1482451000,3.2703199100,3.1353951200,3.1932200300,42949479,213455889.0000,0.960514,1.016300
2011-09-30,3.1932200300,3.2446199500,3.1161201500,3.1289701300,35556180,175347216.0000,0.795172,-2.012100
2011-10-10,3.1482451000,3.1675200700,2.9683453800,3.0004703300,47500034,224735655.0000,1.062282,-4.106800
2011-10-11,3.0582952400,3.0839952000,2.9683453800,2.9876203500,37782312,177220752.0000,0.844957,-0.428300
2011-10-12,2.9747703700,3.1289701300,2.9490704100,3.1161201500,57481546,275076566.0000,1.285507,4.301100
2011-10-13,3.1032701700,3.2510449400,3.0775702100,3.1675200700,52953178,262571781.0000,1.184235,1.649500
2011-10-14,3.1546700900,3.1803700500,3.0647202300,3.1289701300,34293719,165737764.0000,0.766938,-1.217000
2011-10-17,3.1289701300,3.1482451000,3.0582952400,3.0968451800,33021147,159326138.0000,0.738479,-1.026700
2011-10-18,3.0647202300,3.0839952000,2.9876203500,2.9876203500,24796746,116810788.0000,0.554550,-3.527000
2011-10-19,2.9940453400,3.0197453000,2.9169454600,2.9233704500,42398028,195667111.0000,0.948182,-2.150500
2011-10-20,2.9040954800,2.9105204700,2.7627457000,2.8334205900,62155978,273413837.0000,1.390045,-3.076900
2011-10-21,2.8462705700,2.8848205100,2.7948706500,2.8398455800,36486740,161503811.0000,0.815983,0.226800
2011-10-24,2.7948706500,2.9683453800,2.7948706500,2.9362204300,41056799,183557819.0000,0.918187,3.393700
2011-10-25,2.9169454600,3.1353951200,2.9105204700,3.1032701700,82746187,390605695.0000,1.850521,5.689300
2011-10-26,3.0647202300,3.2317699700,3.0647202300,3.1289701300,101494067,500600356.0000,2.269795,0.828200
2011-10-27,3.1482451000,3.1675200700,3.0839952000,3.1482451000,35357954,171590540.0000,0.790739,0.616000
2011-10-28,3.1932200300,3.4630696100,3.1932200300,3.3024448600,199285494,1050257532.0000,4.456784,4.898000
2011-10-31,3.2253449800,3.3281448200,3.1803700500,3.3217198300,112860894,572146942.0000,2.524000,0.583700
2011-11-01,3.2638949200,3.3409948000,3.1803700500,3.2060700100,93220053,471909005.0000,2.084756,-3.481600
2011-11-02,3.1482451000,3.2638949200,3.1353951200,3.2510449400,54961264,274615464.0000,1.229144,1.402800
2011-11-03,3.2510449400,3.2703199100,3.1867950400,3.1932200300,54633001,274410385.0000,1.221802,-1.778700
2011-11-04,3.2317699700,3.2638949200,3.1867950400,3.2253449800,76930185,386028434.0000,1.720453,1.006000
2011-11-07,3.2124950000,3.2124950000,3.0839952000,3.1032701700,66274138,323434934.0000,1.482143,-3.784900
2011-11-08,3.1096951600,3.1225451400,3.0068953200,3.0711452200,59106256,280052393.0000,1.321842,-1.035200
2011-11-09,3.0647202300,3.1032701700,3.0197453000,3.0839952000,27914392,132725740.0000,0.624272,0.418400
2011-11-10,3.0518702500,3.0582952400,2.9940453400,3.0068953200,40736826,191568880.0000,0.911031,-2.500000
2011-11-11,3.0133203100,3.0390202700,2.9619203900,2.9811953600,23890178,111741102.0000,0.534276,-0.854700
2011-11-14,3.0133203100,3.1032701700,3.0004703300,3.1032701700,46720361,222837298.0000,1.044846,4.094800
2011-11-15,3.0839952000,3.0968451800,3.0518702500,3.0711452200,19318896,92280498.0000,0.432044,-1.035200
2011-11-16,3.0775702100,3.0904201900,2.9426454200,2.9619203900,37462944,174649887.0000,0.837814,-3.556500
2011-11-17,2.9747703700,2.9876203500,2.9426454200,2.9554954000,22627147,104201366.0000,0.506029,-0.216900
2011-11-18,2.9297954400,2.9426454200,2.8526955600,2.8912455000,33513562,150931004.0000,0.749491,-2.173900
2011-11-21,2.9040954800,2.9233704500,2.8334205900,2.8912455000,56943583,254658669.0000,1.273476,0.000000
2011-11-22,2.8591205500,2.9362204300,2.8462705700,2.9297954400,35415458,160210207.0000,0.792025,1.333300
2011-11-23,2.9169454600,2.9362204300,2.8591205500,2.8848205100,15878700,71559018.0000,0.355108,-1.535100
2011-11-24,2.8655455400,3.0390202700,2.8591205500,2.9619203900,50959945,234134979.0000,1.139659,2.672600
2011-11-25,2.9362204300,2.9490704100,2.8655455400,2.8848205100,25528766,115617158.0000,0.570921,-2.603000
2011-11-28,2.8848205100,2.9233704500,2.8526955600,2.8783955200,16833339,75644495.0000,0.376458,-0.222700
2011-11-29,2.9169454600,2.9490704100,2.8783955200,2.9233704500,26331927,119399968.0000,0.588882,1.562500
2011-11-30,2.9105204700,2.9297954400,2.8205706100,2.8269956000,31670444,141096133.0000,0.708272,-3.296700
2011-12-01,2.9683453800,3.0968451800,2.9297954400,2.9619203900,118308826,553033433.0000,2.645837,4.772700
2011-12-02,2.9426454200,3.0197453000,2.9105204700,3.0004703300,50198072,232159492.0000,1.122621,1.301500
2011-12-05,2.9811953600,3.1032701700,2.9169454600,3.0325952800,45678136,214330336.0000,1.021537,1.070700
2011-12-06,3.0197453000,3.1161201500,3.0004703300,3.0518702500,39830428,189997218.0000,0.890760,0.635600
2011-12-07,3.0325952800,3.0968451800,3.0133203100,3.0775702100,32645220,156066747.0000,0.730072,0.842100
2011-12-08,3.0775702100,3.1482451000,3.0454452600,3.0904201900,42228254,203607672.0000,0.944385,0.417500
2011-12-09,3.0711452200,3.1932200300,3.0582952400,3.0968451800,40631393,198418776.0000,0.908673,0.207900
2011-12-12,3.0582952400,3.0582952400,2.9233704500,2.9362204300,47420306,219440260.0000,1.060499,-5.186700
2011-12-13,2.9105204700,2.9619203900,2.8719705300,2.8848205100,24913223,113416962.0000,0.557155,-1.750500
2011-12-14,2.8848205100,2.9233704500,2.8334205900,2.8591205500,16975056,75841276.0000,0.379627,-0.890900
2011-12-15,2.8526955600,2.9426454200,2.8526955600,2.8912455000,30082651,136341667.0000,0.672763,1.123600
2011-12-16,2.8912455000,3.0647202300,2.8783955200,3.0647202300,45657675,212762429.0000,1.021080,6.000000
2011-12-19,3.0261702900,3.1289701300,3.0197453000,3.1225451400,57749039,276844253.0000,1.291489,1.886800
2011-12-20,3.0968451800,3.2317699700,3.0839952000,3.1546700900,54751005,271149855.0000,1.224441,1.028800
2011-12-21,3.1418201100,3.1932200300,3.0711452200,3.0711452200,25627277,124488839.0000,0.573124,-2.647700
2011-12-22,3.0582952400,3.1225451400,3.0068953200,3.1032701700,35338079,168934773.0000,0.790294,1.046000
2011-12-23,3.0968451800,3.2574699300,3.0775702100,3.1996450200,63250529,314783369.0000,1.414523,3.105600
2011-12-26,3.1675200700,3.2317699700,3.1161201500,3.1225451400,34943523,172518810.0000,0.781471,-2.409600
2011-12-27,3.1418201100,3.1675200700,3.0775702100,3.0839952000,20251571,98079568.0000,0.452902,-1.234600
2011-12-28,3.0904201900,3.0904201900,2.9876203500,3.0839952000,30215036,143390913.0000,0.675724,0.000000
2011-12-29,3.0582952400,3.1353951200,3.0390202700,3.0839952000,19325424,92881747.0000,0.432190,0.000000
2011-12-30,3.0904201900,3.2124950000,3.0775702100,3.1803700500,49456704,243799210.0000,1.106041,3.125000
2012-01-04,3.1803700500,3.2253449800,3.1482451000,3.1610950800,29732802,147847290.0000,0.664939,-0.606100
2012-01-05,3.1353951200,3.2510449400,3.1353951200,3.1675200700,42916903,212963954.0000,0.959786,0.203300
2012-01-06,3.1482451000,3.2189199900,3.0390202700,3.1225451400,44258678,215915930.0000,0.989793,-1.419900
2012-01-09,3.0904201900,3.2574699300,3.0454452600,3.2381949600,39714423,196427938.0000,0.888166,3.703700
2012-01-10,3.2381949600,3.3409948000,3.2124950000,3.3088698500,50000132,255740474.0000,1.118194,2.182500
2012-01-11,3.2960198700,3.3409948000,3.2446199500,3.2767449000,30029025,153700343.0000,0.671564,-0.970900
2012-01-12,3.2510449400,3.4566446200,3.2510449400,3.3474197900,34411047,180161196.0000,0.769562,2.156900
2012-01-13,3.3409948000,3.3602697700,3.2124950000,3.2703199100,29985918,152282920.0000,0.670600,-2.303300
2012-01-16,3.2446199500,3.2895948800,3.2060700100,3.2124950000,20249598,102101307.0000,0.452858,-1.768200
2012-01-17,3.2189199900,3.4437946400,3.1161201500,3.3281448200,51409687,261995443.0000,1.149717,3.600000
2012-01-18,3.3217198300,3.4245196700,3.2960198700,3.3281448200,31320754,163577146.0000,0.700452,0.000000
2012-01-19,3.3409948000,3.4630696100,3.3152948400,3.4437946400,47466673,252016260.0000,1.061536,3.474900
2012-01-20,3.4566446200,3.5530194700,3.4502196300,3.5080445400,45927846,251240498.0000,1.027122,1.865700
2012-01-30,3.5080445400,3.5080445400,3.3731197500,3.3923947200,42493988,226304878.0000,0.950328,-3.296700
2012-01-31,3.3795447400,3.4245196700,3.3474197900,3.3988197100,29145960,153437856.0000,0.651815,0.189400
2012-02-01,3.3731197500,3.4373696500,3.3409948000,3.3538447800,26521147,139470951.0000,0.593114,-1.323300
2012-02-02,3.3666947600,3.4373696500,3.3088698500,3.4180946800,34177146,178923345.0000,0.764331,1.915700
2012-02-03,3.3988197100,3.5016195500,3.3666947600,3.4694946000,34788612,185814476.0000,0.778006,1.503800
2012-02-06,3.4437946400,3.4759195900,3.3281448200,3.3602697700,44446677,234901807.0000,0.993997,-3.148100
2012-02-07,3.3409948000,3.3731197500,3.2317699700,3.2638949200,42956226,218407042.0000,0.960665,-2.868100
2012-02-08,3.2638949200,3.4052447000,3.2510449400,3.3795447400,37682399,195374116.0000,0.842722,3.543300
2012-02-09,3.3666947600,3.4823445800,3.3345698100,3.4759195900,93913087,501459639.0000,2.100255,2.851700
2012-02-10,3.4887695700,3.7457691700,3.4887695700,3.5722944400,148351976,833911553.0000,3.317716,2.772600
2012-02-13,3.4180946800,3.5273195100,3.3731197500,3.4694946000,88280117,473258339.0000,1.974280,-2.877700
2012-02-14,3.4437946400,3.4759195900,3.4116696900,3.4694946000,27764862,148909156.0000,0.620928,0.000000
2012-02-15,3.4437946400,3.5208945200,3.4309446600,3.4759195900,41990242,227058238.0000,0.939062,0.185200
2012-02-16,3.4566446200,3.4823445800,3.4052447000,3.4309446600,29321258,157072884.0000,0.655735,-1.293900
2012-02-17,3.4566446200,3.4694946000,3.3602697700,3.4052447000,68608683,362940299.0000,1.534352,-0.749100
2012-02-20,3.4630696100,3.5080445400,3.4180946800,3.4373696500,67882857,366345450.0000,1.518120,0.943400
2012-02-21,3.4373696500,3.5016195500,3.4052447000,3.4951945600,42444765,228856411.0000,0.949227,1.682200
2012-02-22,3.5401694900,3.6365443400,3.5401694900,3.6301193500,144455411,807840393.0000,3.230574,3.860300
2012-02-23,3.6301193500,3.7136442200,3.5915694100,3.6429693300,77290406,440097488.0000,1.728509,0.354000
2012-02-24,3.6429693300,3.8935439400,3.6429693300,3.8228690500,156831671,922903536.0000,3.507355,4.938300
2012-02-27,3.8228690500,3.9577938400,3.8164440600,3.8742689700,162574598,989312315.0000,3.635789,1.344500
2012-02-28,3.8935439400,3.9320938800,3.7907441000,3.8485690100,66389064,398679739.0000,1.484713,-0.663300
2012-02-29,3.7521941600,3.8549940000,3.6943692500,3.7264942000,84255208,495299336.0000,1.884268,-3.172000
2012-03-01,3.7007942400,3.8806939600,3.6943692500,3.7907441000,58068375,345176935.0000,1.298631,1.724100
2012-03-02,3.7907441000,4.1055686100,3.7778941200,4.0541686900,121801494,753105431.0000,2.723946,6.949200
2012-03-05,4.0670186700,4.1569685300,4.0156187500,4.0798686500,86085972,549200782.0000,1.925211,0.633900
2012-03-06,4.0798686500,4.0991436200,4.0091937600,4.0605936800,67564931,424885043.0000,1.511010,-0.472400
2012-03-07,4.0348937200,4.0862936400,4.0091937600,4.0541686900,39063602,245939126.0000,0.873611,-0.158200
2012-03-08,4.0477437000,4.1505435400,4.0156187500,4.1119936000,97811710,621857462.0000,2.187443,1.426300
2012-03-09,4.1184185900,4.1376935600,4.0156187500,4.0991436200,55455602,351148693.0000,1.240199,-0.312500
2012-03-12,4.0670186700,4.0862936400,3.9385188700,3.9899187900,58558549,363869000.0000,1.309593,-2.664600
2012-03-13,3.9834938000,4.0413187100,3.9513688500,4.0156187500,43677250,271743694.0000,0.976790,0.644100
2012-03-14,4.0156187500,4.0734436600,3.7457691700,3.7778941200,70002148,426279156.0000,1.565515,-5.920000
2012-03-15,3.7586191500,3.7843191100,3.6044193900,3.6108443800,83799805,478693475.0000,1.874084,-4.421800
2012-03-16,3.6301193500,3.7393441800,3.6301193500,3.7136442200,53967150,309864461.0000,1.206911,2.847000
2012-03-19,3.7136442200,3.7136442200,3.6301193500,3.6943692500,49390420,282216797.0000,1.104558,-0.519000
2012-03-20,3.6686692900,3.8100190700,3.6429693300,3.7329191900,52589918,304981001.0000,1.176111,1.043500
2012-03-21,3.7393441800,3.7843191100,3.6750942800,3.7521941600,35559158,206568832.0000,0.795239,0.516400
2012-03-22,3.7264942000,3.8421440200,3.7200692100,3.7971690900,30868093,182496330.0000,0.690328,1.198600
2012-03-23,3.7778941200,3.7843191100,3.6750942800,3.6943692500,34029942,197316904.0000,0.761039,-2.707300
2012-03-26,3.6879442600,3.7264942000,3.6301193500,3.6686692900,17384937,99656797.0000,0.388794,-0.695700
2012-03-27,3.6750942800,3.7072192300,3.6044193900,3.6172693700,15565424,88663677.0000,0.348102,-1.401100
2012-03-28,3.6172693700,3.6879442600,3.5722944400,3.5787194300,29892124,169186956.0000,0.668502,-1.065700
2012-03-29,3.5787194300,3.7457691700,3.5658694500,3.7200692100,51164384,293603310.0000,1.144231,3.949700
2012-03-30,3.7007942400,3.8614189900,3.7007942400,3.8485690100,62418936,369177540.0000,1.395926,3.454200
2012-04-05,3.8164440600,3.9320938800,3.8164440600,3.8871189500,38283328,231136098.0000,0.856161,1.001700
2012-04-06,3.8871189500,4.0027687700,3.8806939600,3.9063939200,44309978,271923386.0000,0.990940,0.495900
2012-04-09,3.8935439400,3.9192439000,3.8228690500,3.8292940400,14958720,89748125.0000,0.334534,-1.973700
2012-04-10,3.8421440200,4.0091937600,3.8164440600,3.9963437800,47001720,284376891.0000,1.051138,4.362400
2012-04-11,3.9642188300,4.1441185500,3.9449438600,3.9834938000,75719570,474563489.0000,1.693379,-0.321500
2012-04-12,3.9899187900,4.0477437000,3.9513688500,4.0348937200,34647707,216076888.0000,0.774855,1.290300
2012-04-13,4.0413187100,4.0927186300,4.0027687700,4.0413187100,33539134,211361023.0000,0.750063,0.159200
2012-04-16,4.0220437400,4.0991436200,3.9642188300,4.0541686900,33132330,207746297.0000,0.740965,0.318000
2012-04-17,4.0413187100,4.0605936800,3.8806939600,3.9063939200,38628793,236453782.0000,0.863887,-3.645000
2012-04-18,3.9256688900,4.0734436600,3.8935439400,4.0670186700,42898594,267324133.0000,0.959376,4.111800
2012-04-19,4.0477437000,4.0862936400,4.0348937200,4.0605936800,26917855,169858026.0000,0.601986,-0.158000
2012-04-20,4.0348937200,4.0670186700,3.9770688100,4.0348937200,46064354,287869160.0000,1.030175,-0.632900
2012-04-23,4.0091937600,4.0091937600,3.8678439800,3.9192439000,52703766,322325043.0000,1.178657,-2.866200
2012-04-24,3.9128189100,4.0284687300,3.8742689700,3.9899187900,63694204,391110324.0000,1.424446,1.803300
2012-04-25,3.9706438200,4.1762435000,3.9577938400,4.1505435400,80032142,510280415.0000,1.789824,4.025800
2012-04-26,4.1569685300,4.2469183900,4.1248435800,4.2147934400,77476416,504722543.0000,1.732668,1.548000
2012-04-27,4.2147934400,4.2983183100,4.1441185500,4.1633935200,47939805,314856459.0000,1.072117,-1.219500
2012-05-02,4.1890934800,4.3946931600,4.1890934800,4.3304432600,82371074,550732993.0000,1.842132,4.012300
2012-05-03,4.3175932800,4.3561432200,4.2340684100,4.2918933200,46782483,311518380.0000,1.046235,-0.890200
2012-05-04,4.3047433000,4.4011181500,4.2340684100,4.3689932000,60301339,405008904.0000,1.348568,1.796400
2012-05-07,4.3368682500,4.3625682100,4.2147934400,4.2597683700,56512100,376234186.0000,1.263826,-2.500000
2012-05-08,4.2469183900,4.2661933600,4.1698185100,4.2533433800,47794232,313706735.0000,1.068861,-0.150800
2012-05-09,4.2276434200,4.2276434200,4.1376935600,4.1698185100,32524694,211210187.0000,0.727376,-1.963700
2012-05-10,4.1569685300,4.1890934800,4.1248435800,4.1698185100,16805565,108799921.0000,0.375837,0.000000
2012-05-11,4.1505435400,4.1633935200,4.0798686500,4.1248435800,23289764,149532923.0000,0.520848,-1.078600
2012-05-14,4.1569685300,4.3047433000,4.1569685300,4.1633935200,53543370,351125655.0000,1.197434,0.934600
2012-05-15,4.1441185500,4.2276434200,4.1248435800,4.2147934400,35058220,228179169.0000,0.784036,1.234600
2012-05-16,4.1955184700,4.2212184300,4.0348937200,4.0541686900,38964522,248734246.0000,0.871395,-3.811000
2012-05-17,4.0541686900,4.1376935600,4.0348937200,4.1119936000,24687366,157128662.0000,0.552104,1.426300
2012-05-18,4.0991436200,4.1312685700,4.0670186700,4.0862936400,25798058,164473794.0000,0.576943,-0.625000
2012-05-21,4.0798686500,4.1312685700,4.0670186700,4.1184185900,17247263,110281239.0000,0.385715,0.786200
2012-05-22,4.1184185900,4.1184185900,4.1184185900,4.1184185900,0,0.0000,,0.000000
2012-05-23,4.2404934000,4.3368682500,4.2404934000,4.2597683700,72701169,484434029.0000,1.625876,3.432100
2012-05-24,4.2597683700,4.3497182300,4.2147934400,4.3111682900,46185064,308571842.0000,1.032874,1.206600
2012-05-25,4.2983183100,4.4203931200,4.2726183500,4.3111682900,65821119,446812267.0000,1.472011,0.000000
2012-05-28,4.3111682900,4.4717930400,4.2340684100,4.4653680500,73430462,498463345.0000,1.642185,3.576800
2012-05-29,4.4332431000,4.5488929200,4.4011181500,4.4910680100,54293164,378299971.0000,1.214202,0.575500
2012-05-30,4.4782180300,4.6195678100,4.4653680500,4.5360429400,61814363,439358241.0000,1.382405,1.001400
2012-05-31,4.5103429800,4.5231929600,4.4653680500,4.5103429800,18972147,132790025.0000,0.424290,-0.566600
2012-06-01,4.5103429800,4.5231929600,4.4268181100,4.5039179900,33511020,233107818.0000,0.749434,-0.142500
2012-06-04,4.4653680500,4.5039179900,4.3625682100,4.3946931600,28982902,200732220.0000,0.648168,-2.425100
2012-06-05,4.3946931600,4.4139681300,4.2983183100,4.3689932000,28611265,194382281.0000,0.639857,-0.584800
2012-06-06,4.3689932000,4.4011181500,4.2918933200,4.3304432600,21812732,147141149.0000,0.487816,-0.882400
2012-06-07,4.3497182300,4.4974930000,4.3497182300,4.4011181500,28347821,195341823.0000,0.633965,1.632000
2012-06-08,4.4790108000,4.5179587200,4.3946236400,4.4011149600,49972472,343270977.0000,1.117575,0.000000
2012-06-11,4.4270802400,4.7516462400,4.4011149600,4.5763806000,86035862,609011315.0000,1.924090,3.982300
2012-06-12,4.5569066400,4.7451549200,4.5569066400,4.7191896400,91059397,654687909.0000,2.036436,3.120600
2012-06-13,4.7386636000,4.7970854800,4.6737504000,4.7126983200,50763876,369305202.0000,1.135274,-0.137600
2012-06-14,4.7126983200,4.7321722800,4.6802417200,4.6867330400,30838643,223208135.0000,0.689670,-0.551000
2012-06-15,4.6997156800,4.7321722800,4.4530455200,4.5569066400,64914889,457624390.0000,1.451745,-2.770100
2012-06-18,4.5633979600,4.6023458800,4.4855021200,4.5828719200,55890082,391344101.0000,1.249916,0.569800
2012-06-19,4.5633979600,4.5828719200,4.4011149600,4.4335715600,49763165,344201347.0000,1.112894,-3.257800
2012-06-20,4.4335715600,4.4530455200,4.3686583600,4.4270802400,38947847,264820243.0000,0.871023,-0.146400
2012-06-21,4.4011149600,4.4855021200,4.3946236400,4.4335715600,32465904,222357941.0000,0.726062,0.146600
2012-06-25,4.4011149600,4.4011149600,4.0895316000,4.1479534800,79694439,520537197.0000,1.782272,-6.442200
2012-06-26,4.1414621600,4.2907625200,4.1219882000,4.2712885600,51807326,336358656.0000,1.158610,2.973400
2012-06-27,4.2388319600,4.4011149600,4.2063753600,4.2842712000,38705347,257002386.0000,0.865599,0.304000
2012-06-28,4.2907625200,4.3232191200,4.1933927200,4.2453232800,36554699,240513062.0000,0.817503,-0.909100
2012-06-29,4.2453232800,4.2842712000,4.1544448000,4.2063753600,50826635,330459788.0000,1.136678,-0.917400
2012-07-02,4.2258493200,4.3946236400,4.2193580000,4.3167278000,59552470,395683009.0000,1.331821,2.623500
2012-07-03,4.3037451600,4.4855021200,4.2453232800,4.4140976000,60266326,409043863.0000,1.347785,2.255600
2012-07-04,4.3946236400,4.4335715600,4.2388319600,4.2907625200,40665526,271317115.0000,0.909436,-2.794100
2012-07-05,4.2777798800,4.3297104400,4.2388319600,4.2583059200,53389627,351641064.0000,1.193996,-0.756400
2012-07-06,4.3426930800,4.4919934400,4.3426930800,4.4855021200,113672686,778082887.0000,2.542155,5.335400
2012-07-09,4.4465542000,4.6737504000,4.4011149600,4.5114674000,90357488,633773140.0000,2.020738,0.578900
2012-07-10,4.5049760800,4.5049760800,4.3232191200,4.4400628800,63199170,429845018.0000,1.413375,-1.582700
2012-07-11,4.4205889200,4.5309413600,4.3362017600,4.3881323200,50065247,340266419.0000,1.119650,-1.169600
2012-07-12,4.3621670400,4.4919934400,4.2972538400,4.4725194800,64449350,437593710.0000,1.441333,1.923100
2012-07-13,4.4335715600,4.5569066400,4.4011149600,4.4725194800,36043426,249022590.0000,0.806069,0.000000
2012-07-16,4.4530455200,4.5114674000,4.3037451600,4.3491844000,36288490,244889197.0000,0.811549,-2.757600
2012-07-17,4.3362017600,4.4270802400,4.2907625200,4.3232191200,31867158,213800742.0000,0.712671,-0.597000
2012-07-18,4.3297104400,4.3426930800,3.8883006800,3.9402312400,218575763,1337597038.0000,4.888188,-8.858900
2012-07-19,3.9337399200,3.9856704800,3.8168961600,3.9077746400,72706671,437167390.0000,1.625999,-0.823700
2012-07-20,3.8623354000,3.9337399200,3.7974222000,3.8233874800,59896889,355947778.0000,1.339523,-2.159500
2012-07-23,3.7844395600,3.8298788000,3.7000524000,3.8168961600,47272349,275107166.0000,1.057190,-0.169800
2012-07-24,3.7974222000,3.9726878400,3.7974222000,3.9207572800,45104181,271755322.0000,1.008702,2.721100
2012-07-25,3.8883006800,3.9012833200,3.7779482400,3.8104048400,33797446,200074505.0000,0.755840,-2.814600
2012-07-26,3.7974222000,3.8493527600,3.5702260000,3.7065437200,70373216,399754832.0000,1.573814,-2.725700
2012-07-27,3.7000524000,3.7325090000,3.6481218400,3.7000524000,24224713,137851944.0000,0.541757,-0.175100
2012-07-30,3.7195263600,3.7584742800,3.6351392000,3.6546131600,21198488,120686653.0000,0.474079,-1.228100
2012-07-31,3.6611044800,3.7779482400,3.6611044800,3.7454916400,36711880,211953612.0000,0.821018,2.486700
2012-08-01,3.7454916400,3.8818093600,3.7454916400,3.7649656000,37158716,218546154.0000,0.831011,0.519900
2012-08-02,3.7454916400,3.7779482400,3.4079430000,3.5247867600,110388828,601630418.0000,2.468716,-6.379300
2012-08-03,3.5442607200,3.5572433600,3.4403996000,3.5247867600,56322694,302937628.0000,1.259590,0.000000
2012-08-06,3.4858388400,3.5961912800,3.4663648800,3.5896999600,46907576,255454945.0000,1.049032,1.841600
2012-08-07,3.5702260000,3.6091739200,3.5247867600,3.5702260000,40093436,219821618.0000,0.896642,-0.542500
2012-08-08,3.5702260000,3.6611044800,3.5507520400,3.6026826000,51064347,283955510.0000,1.141994,0.909100
2012-08-09,3.6221565600,3.7195263600,3.6091739200,3.6805784400,50416554,285224592.0000,1.127507,2.162200
2012-08-10,3.6675958000,3.6740871200,3.5702260000,3.5896999600,59941652,333279909.0000,1.340524,-2.469100
2012-08-13,3.5702260000,3.5702260000,3.4339082800,3.4923301600,67836296,364022076.0000,1.517079,-2.712500
2012-08-14,3.4923301600,3.5572433600,3.4663648800,3.5377694000,39348406,212537614.0000,0.879981,1.301100
2012-08-15,3.5247867600,3.5702260000,3.4728562000,3.4988214800,24199740,131147306.0000,0.541199,-1.100900
2012-08-16,3.5053128000,3.5442607200,3.4793475200,3.5182954400,16120296,87377445.0000,0.360511,0.556600
2012-08-17,3.5182954400,3.5247867600,3.4598735600,3.5182954400,13322527,71680239.0000,0.297943,0.000000
2012-08-20,3.4598735600,3.4793475200,3.3560124400,3.4339082800,32179313,168531775.0000,0.719652,-2.398500
2012-08-21,3.4339082800,3.4468909200,3.2910992400,3.3560124400,78988857,410724605.0000,1.766492,-2.268400
2012-08-22,3.3300471600,3.3430298000,3.2326773600,3.2651339600,83127447,417566052.0000,1.859047,-2.707900
2012-08-23,3.2586426400,3.2975905600,3.2196947200,3.2651339600,46949777,235399955.0000,1.049976,0.000000
2012-08-24,3.2391686800,3.2716252800,3.2067120800,3.2326773600,40832768,203522750.0000,0.913177,-0.994000
2012-08-27,3.2196947200,3.2846079200,3.1937294400,3.2716252800,74370452,372225767.0000,1.663207,1.204800
2012-08-28,3.2651339600,3.2716252800,3.1677641600,3.2261860400,47540692,235186028.0000,1.063191,-1.388900
2012-08-29,3.2067120800,3.2586426400,3.2002207600,3.2002207600,30720773,152533469.0000,0.687034,-0.804800
2012-08-30,3.1937294400,3.2326773600,3.1677641600,3.1872381200,35681035,176056922.0000,0.797964,-0.405679
2012-08-31,3.1872381200,3.2716252800,3.1807468000,3.2586426400,50288743,250919257.0000,1.124648,2.240300
2012-09-03,3.2586426400,3.4598735600,3.2391686800,3.3949603600,80152453,415561930.0000,1.792515,4.183300
2012-09-04,3.3754864000,3.4079430000,3.3170645200,3.3300471600,27600079,143077312.0000,0.617243,-1.912000
2012-09-05,3.3300471600,3.4079430000,3.3170645200,3.3689950800,23119293,120018686.0000,0.517036,1.169600
2012-09-06,3.3754864000,3.4144343200,3.3300471600,3.3689950800,19799960,102511707.0000,0.442803,0.000000
2012-09-07,3.3884690400,3.6740871200,3.3819777200,3.4403996000,107892126,582065165.0000,2.412880,2.119500
2012-09-10,3.4663648800,3.5442607200,3.4274169600,3.4728562000,74827298,400432342.0000,1.673424,0.943400
2012-09-11,3.4663648800,3.4663648800,3.3754864000,3.4014516800,37141086,195131828.0000,0.830616,-2.056100
2012-09-12,3.4339082800,3.4598735600,3.3495211200,3.4144343200,43047784,225194812.0000,0.962713,0.381700
2012-09-13,3.4014516800,3.4468909200,3.3560124400,3.3625037600,28481234,149514226.0000,0.636949,-1.520900
2012-09-14,3.4079430000,3.4144343200,3.2132034000,3.2910992400,98536336,498449442.0000,2.203649,-2.123600
2012-09-17,3.2716252800,3.2781166000,3.1482902000,3.1547815200,90890851,445983415.0000,2.032666,-4.142000
2012-09-18,3.1417988800,3.1937294400,3.1288162400,3.1612728400,32691656,159643878.0000,0.731110,0.205800
2012-09-19,3.1742554800,3.1807468000,3.1223249200,3.1612728400,36065151,174968947.0000,0.806554,0.000000
2012-09-20,3.1417988800,3.1482902000,3.0379377600,3.0509204000,46520816,221261280.0000,1.040383,-3.490800
2012-09-21,3.0379377600,3.0639030400,3.0119724800,3.0509204000,46923518,219661750.0000,1.049389,0.000000
2012-09-24,3.0184638000,3.1223249200,2.9989898400,3.0833770000,55916088,263898217.0000,1.250497,1.063800
2012-09-25,3.0703943600,3.1158336000,3.0444290800,3.0963596400,34849048,165782887.0000,0.779358,0.421100
2012-09-26,3.0833770000,3.0963596400,3.0249551200,3.0444290800,36548312,171768149.0000,0.817360,-1.677100
2012-09-27,3.0444290800,3.1612728400,3.0249551200,3.1482902000,70282317,334426235.0000,1.571781,3.411500
2012-09-28,3.1093422800,3.2846079200,3.1028509600,3.2651339600,82562988,408690258.0000,1.846424,3.711300
2012-10-08,3.2326773600,3.2716252800,3.1807468000,3.2132034000,36152610,178887157.0000,0.808510,-1.590500
2012-10-09,3.2261860400,3.2975905600,3.1872381200,3.2910992400,50108728,252725208.0000,1.120622,2.424200
2012-10-10,3.2781166000,3.3170645200,3.2586426400,3.3105732000,31583255,160299607.0000,0.706322,0.591700
2012-10-11,3.3105732000,3.3430298000,3.2586426400,3.2651339600,33806871,171847762.0000,0.756051,-1.372500
2012-10-12,3.2781166000,3.3170645200,3.2391686800,3.2846079200,24224098,122470908.0000,0.541743,0.596400
2012-10-15,3.2910992400,3.3040818800,3.2586426400,3.2910992400,17418458,87741883.0000,0.389543,0.197600
2012-10-16,3.2910992400,3.3235558400,3.2651339600,3.3040818800,17720664,90193951.0000,0.396302,0.394500
2012-10-17,3.3170645200,3.3300471600,3.2716252800,3.3040818800,17325961,88054190.0000,0.387475,0.000000
2012-10-18,3.3105732000,3.5377694000,3.2975905600,3.4533822400,110707259,585781458.0000,2.475837,4.518700
2012-10-19,3.4403996000,3.4988214800,3.4079430000,3.4403996000,38423343,204280298.0000,0.859293,-0.375939
2012-10-22,3.4079430000,3.4728562000,3.3819777200,3.4598735600,27963564,147694697.0000,0.625372,0.566000
2012-10-23,3.4728562000,3.5572433600,3.4339082800,3.4663648800,51643944,278850852.0000,1.154956,0.187600
2012-10-24,3.4468909200,3.5053128000,3.4209256400,3.4339082800,23196476,123714854.0000,0.518762,-0.936300
2012-10-25,3.4209256400,3.4598735600,3.3495211200,3.3689950800,26632230,139343175.0000,0.595598,-1.890400
2012-10-26,3.3819777200,3.3884690400,3.2456600000,3.2586426400,35759849,181123518.0000,0.799727,-3.275500
2012-10-29,3.2456600000,3.2651339600,3.2132034000,3.2456600000,15997137,79740209.0000,0.357757,-0.398400
2012-10-30,3.2716252800,3.3689950800,3.2716252800,3.3170645200,40684580,208479417.0000,0.909863,2.200000
2012-10-31,3.3300471600,3.3819777200,3.2910992400,3.3754864000,39033589,201451000.0000,0.872940,1.761300
2012-11-01,3.3819777200,3.5572433600,3.3625037600,3.5118041200,92157344,496180695.0000,2.060990,4.038500
2012-11-02,3.5118041200,3.6156652400,3.4728562000,3.5767173200,80892402,441377140.0000,1.809063,1.848400
2012-11-05,3.5572433600,3.6091739200,3.5247867600,3.5507520400,44860564,245758991.0000,1.003253,-0.726000
2012-11-06,3.5507520400,3.5572433600,3.4533822400,3.5053128000,47476341,255741939.0000,1.061752,-1.279700
2012-11-07,3.4923301600,3.5247867600,3.4339082800,3.4598735600,28014063,149629681.0000,0.626501,-1.296300
2012-11-08,3.4403996000,3.5442607200,3.4274169600,3.4274169600,42837644,229893267.0000,0.958013,-0.938100
2012-11-09,3.4209256400,3.4793475200,3.4209256400,3.4598735600,30189150,160735228.0000,0.675145,0.947000
2012-11-12,3.4403996000,3.5507520400,3.4403996000,3.5442607200,37193518,200801637.0000,0.831789,2.439000
2012-11-13,3.5377694000,3.5377694000,3.3884690400,3.4079430000,46055325,245213409.0000,1.029973,-3.846200
2012-11-14,3.4014516800,3.4209256400,3.3170645200,3.3754864000,29905779,154985008.0000,0.668807,-0.952400
2012-11-15,3.3495211200,3.4014516800,3.3170645200,3.3235558400,21951838,113739536.0000,0.490927,-1.538500
2012-11-16,3.3170645200,3.3430298000,3.2975905600,3.3170645200,22001700,112319852.0000,0.492042,-0.195300
2012-11-19,3.3105732000,3.3365384800,3.2456600000,3.3235558400,26115302,132143154.0000,0.584038,0.195700
2012-11-20,3.3365384800,3.3754864000,3.2910992400,3.3170645200,27316221,140174068.0000,0.610895,-0.195300
2012-11-21,3.3105732000,3.3754864000,3.2586426400,3.3689950800,31525461,161659565.0000,0.705030,1.565600
2012-11-22,3.3365384800,3.4209256400,3.3170645200,3.3689950800,40231814,209669897.0000,0.899737,0.000000
2012-11-23,3.3819777200,3.4274169600,3.3625037600,3.3949603600,30081968,157641721.0000,0.672748,0.770700
2012-11-26,3.4014516800,3.4014516800,3.3300471600,3.3819777200,27562162,142889492.0000,0.616395,-0.382400
2012-11-27,3.3625037600,3.3884690400,3.3365384800,3.3495211200,26106754,134937566.0000,0.583847,-0.959700
2012-11-28,3.3430298000,3.3560124400,3.2586426400,3.2651339600,28698992,146057165.0000,0.641819,-2.519400
2012-11-29,3.2586426400,3.3235558400,3.2521513200,3.2651339600,22877831,115701111.0000,0.511636,0.000000
2012-11-30,3.2781166000,3.5637346800,3.2651339600,3.4339082800,94878466,499949013.0000,2.121845,5.169000
2012-12-03,3.4339082800,3.6026826000,3.4209256400,3.5118041200,138206870,756277189.0000,3.090833,2.268400
2012-12-04,3.4988214800,3.6091739200,3.4663648800,3.6026826000,63747700,348129715.0000,1.425642,2.587800
2012-12-05,3.5767173200,3.8753180400,3.5767173200,3.7519829600,140723578,814105722.0000,3.147116,4.144100
2012-12-06,3.7454916400,3.8883006800,3.7390003200,3.8039135200,52277920,307034785.0000,1.169134,1.384100
2012-12-07,3.7844395600,3.8883006800,3.7325090000,3.8233874800,50572317,295517458.0000,1.130990,0.511900
2012-12-10,3.8168961600,3.9012833200,3.7519829600,3.8688267200,68374622,402787030.0000,1.529118,1.188500
2012-12-11,3.8298788000,3.8818093600,3.7909308800,3.8039135200,41291548,243943852.0000,0.923437,-1.677900
2012-12-12,3.8039135200,3.8428614400,3.7325090000,3.7974222000,50494265,293787814.0000,1.129245,-0.170600
2012-12-13,3.7909308800,3.8688267200,3.7454916400,3.8104048400,50109267,293726584.0000,1.120634,0.341900
2012-12-14,3.8168961600,4.0505836800,3.7844395600,4.0440923600,108375842,659923786.0000,2.423698,6.132900
2012-12-17,4.0376010400,4.0830402800,3.9272486000,3.9597052000,83389715,512509951.0000,1.864912,-2.086700
2012-12-18,3.9272486000,3.9791791600,3.7649656000,3.8298788000,93942144,561438913.0000,2.100905,-3.278700
2012-12-19,3.7909308800,3.8558440800,3.7130350400,3.8298788000,109331142,637227116.0000,2.445062,0.000000
2012-12-20,3.7974222000,3.9467225600,3.7519829600,3.9207572800,67549774,402038833.0000,1.510671,2.372900
2012-12-21,3.9532138800,4.0051444400,3.8493527600,3.8947920000,64601455,390784132.0000,1.444735,-0.662300
2012-12-24,3.8947920000,3.9532138800,3.8753180400,3.9337399200,46719432,282429014.0000,1.044825,1.000000
2012-12-25,3.9142659600,4.2258493200,3.9012833200,4.1544448000,108508588,688316227.0000,2.426666,5.610600
2012-12-26,4.1544448000,4.3232191200,4.1349708400,4.2453232800,73170132,475689695.0000,1.636363,2.187500
2012-12-27,4.2583059200,4.3491844000,4.2128666800,4.2518146000,67348269,442989891.0000,1.506164,0.152900
2012-12-28,4.2647972400,4.3946236400,4.1998840400,4.3751496800,68908665,455325147.0000,1.541061,2.900800
2012-12-31,4.3816410000,4.6088372000,4.3751496800,4.5569066400,79520047,552625490.0000,1.778372,4.154300
2013-01-04,4.6607677600,4.7711202000,4.5114674000,4.6153285200,105292520,750424652.0000,2.354743,1.282100
2013-01-07,4.6153285200,4.7191896400,4.5179587200,4.6932243600,77641992,553765270.0000,1.736371,1.687800
2013-01-08,4.6672590800,4.6802417200,4.5244500400,4.6153285200,53265162,376437282.0000,1.191212,-1.659800
2013-01-09,4.5763806000,4.6153285200,4.4725194800,4.5893632400,66519987,464023876.0000,1.487641,-0.562600
2013-01-10,4.5569066400,4.6802417200,4.5374326800,4.6088372000,62525779,444488056.0000,1.398315,0.424300
2013-01-11,4.6023458800,4.6412938000,4.3362017600,4.4205889200,58491068,401798196.0000,1.308084,-4.084500
2013-01-14,4.3686583600,4.6153285200,4.3556757200,4.5958545600,106471535,742806267.0000,2.381110,3.964800
2013-01-15,4.6088372000,4.6283111600,4.4919934400,4.5439240000,57695967,405389201.0000,1.290302,-1.129900
2013-01-16,4.5049760800,4.5179587200,4.3362017600,4.4140976000,72679945,493793120.0000,1.625401,-2.857100
2013-01-17,4.3621670400,4.4984847600,4.3621670400,4.4205889200,54610650,373401581.0000,1.221303,0.147100
2013-01-18,4.4725194800,4.5893632400,4.4335715600,4.5504153200,94181995,654585939.0000,2.106269,2.936900
2013-01-21,4.6283111600,4.6607677600,4.4465542000,4.4790108000,80298000,561162263.0000,1.795770,-1.569200
2013-01-22,4.4855021200,4.4984847600,4.3102364800,4.4205889200,129531825,876915033.0000,2.896826,-1.304300
2013-01-23,4.4011149600,4.5374326800,4.3621670400,4.4205889200,105356939,722255970.0000,2.356183,0.000000
2013-01-24,4.4140976000,4.5569066400,4.3491844000,4.5504153200,150268195,1036767287.0000,3.360570,2.936900
2013-01-25,4.5504153200,4.5504153200,4.3816410000,4.4660281600,62022516,426503444.0000,1.387060,-1.854500
2013-01-28,4.5179587200,4.6867330400,4.4400628800,4.6412938000,71569038,506641404.0000,1.600557,3.924400
2013-01-29,4.6737504000,4.8879639600,4.6023458800,4.6348024800,104307025,762933288.0000,2.332703,-0.139900
2013-01-30,4.6412938000,5.0956862000,4.6023458800,5.0891948800,221742702,1663601748.0000,4.959013,9.803900
2013-01-31,5.0567382800,5.1021775200,4.7841028400,4.8035768000,148280970,1117333466.0000,3.316128,-5.612200
2013-02-01,4.7905941600,4.8749813200,4.6672590800,4.8684900000,119349950,878012854.0000,2.669120,1.351400
2013-02-04,4.8555073600,5.0632296000,4.6672590800,4.9398945200,163699523,1230997379.0000,3.660946,1.466700
2013-02-05,4.8749813200,5.3553390000,4.8555073600,5.3163910800,198104550,1570459549.0000,4.430374,7.621600
2013-02-06,5.2449865600,5.2709518400,5.1476167600,5.1800733600,98328464,786010358.0000,2.199000,-2.564100
2013-02-07,5.1670907200,5.2255126000,5.0632296000,5.2060386400,58850192,466392027.0000,1.316115,0.501300
2013-02-08,5.1995473200,5.2384952400,5.0697209200,5.1476167600,62507849,496642395.0000,1.397914,-1.122200
2013-02-18,5.1476167600,5.1670907200,4.8619986800,4.8814726400,99153308,756779950.0000,2.217446,-5.170200
2013-02-19,4.8684900000,4.8684900000,4.4919934400,4.4984847600,183458149,1299701231.0000,4.102824,-7.845700
2013-02-20,4.5439240000,4.6542764400,4.4205889200,4.6218198400,103745672,724291304.0000,2.320149,2.741700
2013-02-21,4.6023458800,4.6997156800,4.4205889200,4.5828719200,111753060,787466152.0000,2.499225,-0.842700
2013-02-22,4.5439240000,4.6088372000,4.4595368400,4.4919934400,58356569,407987734.0000,1.305076,-1.983000
2013-02-25,4.4855021200,4.5504153200,4.3362017600,4.3946236400,61717728,420041054.0000,1.380244,-2.167600
2013-02-26,4.3686583600,4.5244500400,4.3426930800,4.3621670400,62746475,428355621.0000,1.403251,-0.738600
2013-02-27,4.3816410000,4.5698892800,4.3751496800,4.5374326800,92577075,640426338.0000,2.070377,4.017900
2013-02-28,4.5698892800,4.8035768000,4.5698892800,4.7062070000,133034093,960856849.0000,2.975150,3.719600
2013-03-01,4.7126983200,4.7516462400,4.5504153200,4.6283111600,71422846,509527137.0000,1.597287,-1.655200
2013-03-04,4.1674274400,4.2128666800,4.1674274400,4.1674274400,141081885,905891066.0000,3.155129,-9.957900
2013-03-05,4.0376010400,4.1609361200,3.9726878400,4.1284795200,188141540,1174493368.0000,4.207563,-0.934600
2013-03-06,4.1414621600,4.2258493200,4.0830402800,4.1544448000,117065323,749370986.0000,2.618027,0.628900
2013-03-07,4.1284795200,4.2323406400,4.0635663200,4.1609361200,80971208,518990476.0000,1.810825,0.156200
2013-03-08,4.1804100800,4.2128666800,4.0895316000,4.1090055600,40330970,257432222.0000,0.901954,-1.248000
2013-03-11,4.1025142400,4.1869014000,4.0765489600,4.1479534800,41861143,267362012.0000,0.936175,0.947900
2013-03-12,4.1544448000,4.2258493200,4.0570750000,4.1154968800,66989975,428433449.0000,1.498152,-0.782500
2013-03-13,4.0960229200,4.0960229200,3.8947920000,3.9272486000,84889898,517082494.0000,1.898462,-4.574100
2013-03-14,3.8947920000,4.0116357600,3.8753180400,3.9207572800,78941199,479671021.0000,1.765427,-0.165300
2013-03-15,3.9077746400,3.9791791600,3.7974222000,3.8947920000,67750272,406641215.0000,1.515155,-0.662300
2013-03-18,3.8818093600,3.9661965200,3.8493527600,3.9272486000,41616092,251175584.0000,0.930695,0.833300
2013-03-19,3.9467225600,4.1090055600,3.9012833200,4.0700576400,66354195,411296320.0000,1.483933,3.636400
2013-03-20,4.0635663200,4.2907625200,4.0376010400,4.2388319600,103902821,675158272.0000,2.323664,4.146700
2013-03-21,4.2128666800,4.2777798800,4.1479534800,4.2128666800,36141728,234268608.0000,0.808267,-0.612600
2013-03-22,4.1933927200,4.2388319600,4.1090055600,4.2193580000,35770770,230830896.0000,0.799971,0.154100
2013-03-25,4.2258493200,4.3037451600,4.1933927200,4.2647972400,39126332,256270688.0000,0.875014,1.076900
2013-03-26,4.2388319600,4.4270802400,4.2193580000,4.2777798800,72093284,479398144.0000,1.612281,0.304400
2013-03-27,4.2647972400,4.4076062800,4.2647972400,4.3491844000,65019756,436451808.0000,1.454090,1.669200
2013-03-28,4.3102364800,4.3102364800,4.1154968800,4.1674274400,80837054,523075072.0000,1.807825,-4.179100
2013-03-29,4.1869014000,4.3426930800,4.0895316000,4.2647972400,74021997,485692544.0000,1.655414,2.336500
2013-04-01,4.3037451600,4.4530455200,4.2518146000,4.2842712000,57190662,383710144.0000,1.279002,0.456600
2013-04-02,4.2518146000,4.4270802400,4.2518146000,4.3362017600,63677545,428504704.0000,1.424073,1.212100
2013-04-03,4.3686583600,4.3946236400,4.1804100800,4.2388319600,40416244,265981248.0000,0.903861,-2.245500
2013-04-08,4.1284795200,4.2518146000,4.0570750000,4.2063753600,34005188,217797616.0000,0.760486,-0.765700
2013-04-09,4.2128666800,4.3621670400,4.2128666800,4.3232191200,46996825,313234368.0000,1.051028,2.777800
2013-04-10,4.3297104400,4.3881323200,4.3232191200,4.3362017600,28782716,193061856.0000,0.643691,0.300300
2013-04-11,4.3881323200,4.4140976000,4.3232191200,4.3426930800,23727334,159211952.0000,0.530634,0.149700
2013-04-12,4.3556757200,4.3816410000,4.2777798800,4.3426930800,28625327,191862672.0000,0.640172,0.000000
2013-04-15,4.3621670400,4.6348024800,4.3621670400,4.5114674000,82319193,571101760.0000,1.840971,3.886400
2013-04-16,4.5114674000,4.8360334000,4.4790108000,4.8165594400,124769709,905645056.0000,2.790327,6.762594
2013-04-17,4.8230507600,4.8879639600,4.7256809600,4.8165594400,75996758,562181376.0000,1.699578,0.000000
2013-04-18,4.8035768000,4.9463858400,4.7581375600,4.8165594400,61822374,462073088.0000,1.382584,0.000000
2013-04-19,4.8230507600,4.9204205600,4.7386636000,4.9009466000,91254700,681673664.0000,2.040803,1.752023
2013-04-22,4.8944552800,4.9204205600,4.6997156800,4.7711202000,62043653,457155776.0000,1.387533,-2.649000
2013-04-23,4.7711202000,4.7776115200,4.4530455200,4.5374326800,68596717,481090336.0000,1.534084,-4.898000
2013-04-24,4.5309413600,4.6737504000,4.4660281600,4.6153285200,50374461,354647424.0000,1.126565,1.716700
2013-04-25,4.5633979600,4.6088372000,4.4076062800,4.4725194800,60196982,415627264.0000,1.346234,-3.094200
2013-04-26,4.4790108000,4.6023458800,4.4595368400,4.5374326800,41422129,289330560.0000,0.926357,1.451378
2013-05-02,4.4400628800,4.6802417200,4.4140976000,4.6672590800,45168872,322355296.0000,1.010148,2.861200
2013-05-03,4.6672590800,4.8360334000,4.6542764400,4.7191896400,50483664,370140736.0000,1.129007,1.112655
2013-05-06,4.7256809600,4.8165594400,4.6672590800,4.7581375600,46380289,340298496.0000,1.037240,0.825300
2013-05-07,4.7386636000,4.9009466000,4.7191896400,4.8230507600,42587424,317340864.0000,0.952417,1.364300
2013-05-08,4.8684900000,4.9463858400,4.7776115200,4.8230507600,36842807,275120736.0000,0.823946,0.000000
2013-05-09,4.7905941600,4.8230507600,4.6023458800,4.6932243600,39651006,286255936.0000,0.886748,-2.691800
2013-05-10,4.6412938000,4.8619986800,4.6218198400,4.8165594400,34699316,255763040.0000,0.776009,2.627900
2013-05-13,4.8684900000,4.8684900000,4.6607677600,4.7256809600,29608717,216007648.0000,0.662164,-1.886800
2013-05-14,4.7062070000,4.7321722800,4.5114674000,4.5698892800,44118471,310797248.0000,0.986657,-3.296700
2013-05-15,4.5633979600,4.6088372000,4.5244500400,4.5958545600,33307228,234438368.0000,0.744877,0.568200
2013-05-16,4.5763806000,4.8490160400,4.5504153200,4.8360334000,60284010,440325792.0000,1.348181,5.226000
2013-05-17,4.8360334000,5.0891948800,4.8360334000,5.0048077200,101222412,776011520.0000,2.263720,3.489900
2013-05-20,5.0307730000,5.2255126000,4.9009466000,4.9334032000,112893044,885260416.0000,2.524719,-1.426700
2013-05-21,4.9269118800,4.9983164000,4.8619986800,4.9983164000,50856420,386445824.0000,1.137344,1.315788
2013-05-22,4.9658598000,5.1411254400,4.9528771600,5.0632296000,48918741,381936928.0000,1.094010,1.298700
2013-05-23,5.0242816800,5.2904258000,4.9983164000,5.1021775200,82538688,654825536.0000,1.845880,0.769200
2013-05-24,5.1411254400,5.1670907200,4.9463858400,5.0502469600,57584155,445069568.0000,1.287802,-1.017800
2013-05-27,5.0048077200,5.0632296000,4.9009466000,5.0112990400,37123834,284950784.0000,0.830231,-0.771200
2013-05-28,4.9723511200,5.2320039200,4.9723511200,5.2320039200,74729251,591529536.0000,1.671231,4.404100
2013-05-29,5.2579692000,5.3358650400,5.1735820400,5.2514778800,80490168,653338880.0000,1.800067,0.372200
2013-05-30,5.1865646800,5.2839344800,5.1476167600,5.1930560000,32331960,259147712.0000,0.723066,-1.112500
2013-05-31,5.1930560000,5.2449865600,5.0177903600,5.0307730000,43985384,345182976.0000,0.983681,-3.125000
2013-06-03,5.0502469600,5.2125299600,5.0307730000,5.1086688400,38048289,300521216.0000,0.850905,1.548400
2013-06-04,5.1086688400,5.1605994000,4.8749813200,4.9723511200,43131142,333179232.0000,0.964577,-2.668400
2013-06-05,4.9658598000,5.0112990400,4.8619986800,4.9918250800,32139164,243884960.0000,0.718754,0.391600
2013-06-06,4.9788424400,4.9918250800,4.7581375600,4.7711202000,55969115,416114656.0000,1.251683,-4.421300
2013-06-07,4.7451549200,4.7970854800,4.5698892800,4.5828719200,62365970,446845856.0000,1.394741,-3.945600
2013-06-13,4.4790108000,4.4919934400,4.2777798800,4.3556757200,69178740,466630656.0000,1.547101,-4.957500
2013-06-14,4.3686583600,4.4400628800,4.3426930800,4.3946236400,48739484,328880480.0000,1.090001,0.894200
2013-06-17,4.4076062800,4.4205889200,4.2193580000,4.3102364800,43895500,291306944.0000,0.981671,-1.920200
2013-06-18,4.3430872800,4.4285035200,4.3168053600,4.4219330400,24816857,165275200.0000,0.555000,2.591500
2013-06-19,4.4219330400,4.4285035200,4.3233758400,4.4219330400,31166913,207374608.0000,0.697011,0.000000
2013-06-20,4.4087920800,4.4876378400,4.2839529600,4.2970939200,39118846,260939504.0000,0.874847,-2.823200
2013-06-21,4.2511005600,4.4153625600,4.1919662400,4.3759396800,41890399,277349952.0000,0.936829,1.834900
2013-06-24,4.3430872800,4.3759396800,3.9357175200,4.0079928000,86382357,533491808.0000,1.931839,-8.408400
2013-06-25,3.9488584800,4.0474156800,3.6071935200,3.9225765600,92469831,547024832.0000,2.067978,-2.131100
2013-06-26,3.9751404000,4.1131204800,3.9554289600,4.1065500000,80688823,496039232.0000,1.804510,4.690100
2013-06-27,4.1328319200,4.2379596000,4.1131204800,4.2248186400,50683653,322427808.0000,1.133480,2.880000
2013-06-28,4.2379596000,4.6059064800,4.2313891200,4.5073492800,106397275,721746560.0000,2.379449,6.687400
2013-07-01,4.4350740000,4.5730540800,4.3890806400,4.5073492800,42343637,288817824.0000,0.946965,0.000000
2013-07-02,4.4679264000,4.5402016800,4.3168053600,4.5073492800,50652291,341781696.0000,1.132779,0.000000
2013-07-03,4.4810673600,4.4810673600,4.2576710400,4.3693692000,46417839,307464320.0000,1.038080,-3.061200
2013-07-04,4.3365168000,4.6321884000,4.2708120000,4.5796245600,64681203,445640000.0000,1.446519,4.812000
2013-07-05,4.7767389600,5.0395581600,4.6847522400,4.6913227200,71326937,525795840.0000,1.595143,2.439000
2013-07-08,4.6190474400,4.8950076000,4.5861950400,4.6650408000,44835477,324217920.0000,1.002692,-0.560200
2013-07-09,4.6518998400,4.6847522400,4.4350740000,4.4613559200,39115068,268718496.0000,0.874762,-4.366200
2013-07-10,4.5007788000,4.7964504000,4.4087920800,4.7307456000,49551362,346000000.0000,1.108158,6.038300
2013-07-11,4.7307456000,5.0395581600,4.7307456000,4.9672828800,108425397,815716864.0000,2.424806,5.000000
2013-07-12,5.0329876800,5.0789810400,4.7767389600,4.7964504000,46468651,347788160.0000,1.039216,-3.439200
2013-07-15,4.8161618400,4.9147190400,4.6978932000,4.7964504000,54708730,399169152.0000,1.223496,0.000000
2013-07-16,4.7438865600,4.7964504000,4.5861950400,4.7504570400,80363804,573259136.0000,1.797241,-0.958900
2013-07-17,4.6913227200,4.8752961600,4.5927655200,4.6781817600,68240806,490129408.0000,1.526125,-1.521400
2013-07-18,4.6584703200,4.7176046400,4.5204902400,4.5402016800,50524477,352995616.0000,1.129920,-2.949400
2013-07-19,4.5533426400,4.5796245600,4.3036644000,4.3102348800,92890143,620773824.0000,2.077378,-5.065100
2013-07-22,4.3102348800,4.3496577600,4.2051072000,4.3168053600,55385171,359761952.0000,1.238624,0.152400
2013-07-23,4.3299463200,4.5270607200,4.2970939200,4.4679264000,46491574,314228544.0000,1.039729,3.500800
2013-07-24,4.4022216000,4.4942083200,4.3233758400,4.4350740000,35009904,234323648.0000,0.782955,-0.735300
2013-07-25,4.4416444800,4.4810673600,4.3299463200,4.3759396800,27087075,181484416.0000,0.605770,-1.333300
2013-07-26,4.3233758400,4.4547854400,4.2708120000,4.3562282400,27887878,185226032.0000,0.623679,-0.450500
2013-07-29,4.3036644000,4.3036644000,4.1591138400,4.1722548000,37228790,238373120.0000,0.832578,-4.223200
2013-07-30,4.1985367200,4.3825101600,4.1853957600,4.2970939200,46885063,307217792.0000,1.048529,2.992100
2013-07-31,4.5861950400,4.7241751200,4.4022216000,4.4547854400,84595508,588204800.0000,1.891878,3.669700
2013-08-01,4.4942083200,4.6453293600,4.4613559200,4.6124769600,49038779,342835584.0000,1.096694,3.539800
2013-08-02,4.7635980000,4.8950076000,4.7044636800,4.7110341600,73138479,531349984.0000,1.635656,2.136800
2013-08-05,4.6781817600,4.7833094400,4.6124769600,4.7767389600,34547181,247341232.0000,0.772607,1.394700
2013-08-06,4.7307456000,4.7635980000,4.6650408000,4.7110341600,48001420,344273984.0000,1.073495,-1.375500
2013-08-07,4.7964504000,4.9278600000,4.7373160800,4.7504570400,58990278,435440384.0000,1.319248,0.836800
2013-08-08,4.7701684800,4.7833094400,4.6190474400,4.6650408000,29513034,209644384.0000,0.660024,-1.798100
2013-08-09,4.6978932000,4.7176046400,4.5336312000,4.5993360000,31344078,220182688.0000,0.700973,-1.408500
2013-08-12,4.6650408000,4.8161618400,4.6124769600,4.8030208800,58626650,423770112.0000,1.311116,4.428600
2013-08-13,4.8095913600,4.9081485600,4.7570275200,4.8490142400,41791599,307831488.0000,0.934620,0.957600
2013-08-14,4.9015780800,4.9738533600,4.7898799200,4.8161618400,31560560,235110192.0000,0.705815,-0.677500
2013-08-15,4.7898799200,4.8293028000,4.6847522400,4.6913227200,25466176,183546352.0000,0.569521,-2.592100
2013-08-16,4.6781817600,5.1578268000,4.6124769600,4.6716112800,74514321,540797568.0000,1.666425,-0.420200
2013-08-19,4.5927655200,4.5927655200,4.4416444800,4.5270607200,94098214,647162048.0000,2.104395,-3.094200
2013-08-20,4.5007788000,4.5270607200,4.1722548000,4.3365168000,137195062,911370368.0000,3.068205,-4.209000
2013-08-21,4.2708120000,4.3168053600,4.2051072000,4.3102348800,71934185,465451328.0000,1.608723,-0.606100
2013-08-22,4.2839529600,4.3759396800,4.2511005600,4.2773824800,54047085,353738848.0000,1.208699,-0.762200
2013-08-23,4.3036644000,4.3233758400,4.1525433600,4.2576710400,50387810,324656832.0000,1.126864,-0.460800
2013-08-26,4.2642415200,4.3890806400,4.2379596000,4.3825101600,53499897,351800096.0000,1.196462,2.932100
2013-08-27,4.3759396800,4.4087920800,4.2642415200,4.3365168000,51320348,338702336.0000,1.147719,-1.049500
2013-08-28,4.2708120000,4.2839529600,4.1722548000,4.2248186400,77745368,499621312.0000,1.738683,-2.575800
2013-08-29,4.2379596000,4.2905234400,4.1722548000,4.2511005600,53926682,346776992.0000,1.206006,0.622100
2013-08-30,4.2511005600,4.2576710400,4.1853957600,4.2116776800,43544219,279620480.0000,0.973815,-0.927400
2013-09-02,4.2248186400,4.2248186400,3.9554289600,4.0934090400,90652103,562505472.0000,2.027327,-2.808100
2013-09-03,4.0934090400,4.2839529600,4.0408452000,4.2773824800,88854852,566435456.0000,1.987134,4.494400
2013-09-04,4.2511005600,4.3168053600,4.2313891200,4.2839529600,65934609,428575584.0000,1.474550,0.153600
2013-09-05,4.2773824800,4.3299463200,4.2116776800,4.2182481600,48794196,318009536.0000,1.091224,-1.533700
2013-09-06,4.1919662400,4.2708120000,4.1591138400,4.1919662400,48652742,310375360.0000,1.088061,-0.623100
2013-09-09,4.2379596000,4.4350740000,4.2116776800,4.3299463200,97620661,642619712.0000,2.183171,3.291500
2013-09-10,4.4022216000,4.4219330400,4.3168053600,4.3759396800,66837777,443264896.0000,1.494748,1.062200
2013-09-11,4.4153625600,4.5599131200,4.4087920800,4.4613559200,100837700,686601600.0000,2.255116,1.952000
2013-09-12,4.4482149600,4.4744968800,4.3233758400,4.4087920800,69997385,467862544.0000,1.565409,-1.178200
2013-09-13,4.4022216000,4.4679264000,4.3562282400,4.3693692000,47525853,318033440.0000,1.062859,-0.894200
2013-09-16,4.4022216000,4.4153625600,4.2116776800,4.2511005600,67434745,438536256.0000,1.508098,-2.706800
2013-09-17,4.2576710400,4.2642415200,4.0802680800,4.0868385600,79783284,500877952.0000,1.784259,-3.864000
2013-09-18,4.0999795200,4.1328319200,4.0802680800,4.1131204800,40741062,254603443.0000,0.911126,0.643100
2013-09-23,4.1131204800,4.1656843200,4.0802680800,4.1459728800,41404829,259423840.0000,0.925970,0.798700
2013-09-24,4.1196909600,4.1196909600,3.9751404000,4.0408452000,89280079,547678480.0000,1.996643,-2.535700
2013-09-25,4.0342747200,4.0408452000,3.9554289600,4.0014223200,68149226,414591152.0000,1.524077,-0.975600
2013-09-26,3.9948518400,4.0277042400,3.9422880000,3.9619994400,46203776,280086416.0000,1.033293,-0.985200
2013-09-27,3.9619994400,3.9948518400,3.9422880000,3.9948518400,36897238,222799851.0000,0.825163,0.829200
2013-09-30,4.0014223200,4.0211337600,3.9160060800,3.9554289600,43279953,260111958.0000,0.967905,-0.986800
2013-10-08,3.9422880000,4.1262614400,3.9160060800,4.1065500000,81719806,504174784.0000,1.827567,3.820600
2013-10-09,4.0736976000,4.1196909600,4.0014223200,4.0539861600,75565526,464605792.0000,1.689934,-1.280000
2013-10-10,4.0474156800,4.0934090400,4.0014223200,4.0474156800,53644197,329960688.0000,1.199689,-0.162100
2013-10-11,4.0736976000,4.0802680800,4.0079928000,4.0408452000,50728878,311922656.0000,1.134491,-0.162300
2013-10-14,4.0474156800,4.0671271200,3.9619994400,3.9751404000,53965320,327335648.0000,1.206871,-1.626000
2013-10-15,3.9882813600,4.0145632800,3.9357175200,3.9882813600,40255027,243048930.0000,0.900256,0.330600
2013-10-16,3.9751404000,3.9882813600,3.8568717600,3.8831536800,39781598,237009155.0000,0.889668,-2.635900
2013-10-17,3.8962946400,3.9357175200,3.8437308000,3.8503012800,28336943,167656446.0000,0.633722,-0.846000
2013-10-18,3.8568717600,3.9291470400,3.8437308000,3.9094356000,30307106,179560618.0000,0.677783,1.535800
2013-10-21,3.9028651200,3.9422880000,3.8437308000,3.9225765600,34647720,205334946.0000,0.774855,0.336100
2013-10-22,3.9160060800,3.9160060800,3.8437308000,3.8568717600,37092957,218326477.0000,0.829540,-1.675000
2013-10-23,3.8634422400,3.9225765600,3.8240193600,3.8371603200,34381113,202606316.0000,0.768893,-0.511100
2013-10-24,3.8108784000,3.8503012800,3.7517440800,3.7911669600,30019601,173491353.0000,0.671353,-1.198600
2013-10-25,3.8043079200,3.8568717600,3.7583145600,3.7911669600,34286753,199357198.0000,0.766783,0.000000
2013-10-28,3.8174488800,3.8240193600,3.7451736000,3.7780260000,25468054,146569395.0000,0.569563,-0.346600
2013-10-29,3.7451736000,3.8437308000,3.6531868800,3.7254621600,50506818,288299328.0000,1.129525,-1.391300
2013-10-30,3.7254621600,3.7977374400,3.6466164000,3.7714555200,40838745,232102447.0000,0.913310,1.234600
2013-10-31,3.8437308000,4.0079928000,3.8371603200,3.8371603200,97412032,581479808.0000,2.178505,1.742200
2013-11-01,3.8108784000,3.9554289600,3.7977374400,3.9488584800,51556515,307132496.0000,1.153000,2.911000
2013-11-04,3.9685699200,3.9948518400,3.9291470400,3.9554289600,39258741,236796090.0000,0.877975,0.166400
2013-11-05,3.9685699200,4.0014223200,3.9225765600,3.9817108800,28200257,170113640.0000,0.630665,0.664500
2013-11-06,3.9882813600,3.9948518400,3.9225765600,3.9225765600,26788277,161221426.0000,0.599088,-1.485100
2013-11-07,3.9225765600,3.9685699200,3.8765832000,3.9554289600,31101295,186344651.0000,0.695544,0.837500
2013-11-08,3.9554289600,3.9685699200,3.9028651200,3.9291470400,27099651,162259205.0000,0.606052,-0.664500
2013-11-11,3.8962946400,3.9160060800,3.7517440800,3.8831536800,42599836,248857298.0000,0.952695,-1.170600
2013-11-12,3.8634422400,3.9094356000,3.8437308000,3.8634422400,22160538,130875895.0000,0.495594,-0.507600
2013-11-13,3.8437308000,3.9291470400,3.8437308000,3.8897241600,30178321,178791559.0000,0.674902,0.680300
2013-11-14,3.8897241600,3.9094356000,3.8108784000,3.8371603200,22874047,134438180.0000,0.511551,-1.351400
2013-11-15,3.8371603200,3.9357175200,3.8240193600,3.9028651200,28579416,169934405.0000,0.639145,1.712300
2013-11-18,3.9028651200,4.0539861600,3.8700127200,4.0342747200,65106229,396418272.0000,1.456024,3.367000
2013-11-19,4.0079928000,4.1328319200,3.9882813600,4.0802680800,63351461,391585840.0000,1.416780,1.140100
2013-11-20,4.0934090400,4.1394024000,4.0671271200,4.0999795200,43171545,269821760.0000,0.965481,0.483100
2013-11-21,4.0539861600,4.0671271200,3.9554289600,3.9751404000,40692767,248283336.0000,0.910046,-3.044900
2013-11-22,4.0079928000,4.0145632800,3.9685699200,3.9751404000,34924642,212083861.0000,0.781048,0.000000
2013-11-25,3.9357175200,3.9882813600,3.8503012800,3.9422880000,47178437,282203840.0000,1.055090,-0.826400
2013-11-26,3.9422880000,3.9882813600,3.8503012800,3.8897241600,45856566,274791824.0000,1.025528,-1.333300
2013-11-27,3.8831536800,3.9619994400,3.8503012800,3.9422880000,33348021,198615160.0000,0.745789,1.351400
2013-11-28,3.9817108800,4.0999795200,3.9619994400,4.0342747200,31582032,194484488.0000,0.706295,2.333300
2013-11-29,4.0868385600,4.0868385600,4.0079928000,4.0277042400,15502660,95175726.0000,0.346699,-0.162900
2013-12-02,4.0014223200,4.0736976000,3.9554289600,3.9619994400,41674101,254067144.0000,0.931992,-1.631300
2013-12-03,3.9422880000,4.0342747200,3.9291470400,4.0145632800,28445054,172044826.0000,0.636140,1.326700
2013-12-04,4.0408452000,4.1985367200,4.0277042400,4.1262614400,65829475,412245376.0000,1.472198,2.782300
2013-12-05,4.1328319200,4.2051072000,4.0868385600,4.0999795200,48718177,307699216.0000,1.089524,-0.636900
2013-12-06,4.0868385600,4.1328319200,4.0342747200,4.0605566400,30371233,188280437.0000,0.679217,-0.961500
2013-12-09,4.0934090400,4.1459728800,4.0671271200,4.1196909600,27311602,170598269.0000,0.610792,1.456300
2013-12-10,4.1328319200,4.2905234400,4.0999795200,4.2839529600,108637336,697802352.0000,2.429546,3.987200
2013-12-11,4.2313891200,4.4416444800,4.2051072000,4.3956511200,151871187,1012383072.0000,3.396419,2.607400
2013-12-12,4.3430872800,4.3890806400,4.2839529600,4.3299463200,37202081,245275668.0000,0.831981,-1.494800
2013-12-13,4.2708120000,4.3299463200,4.1985367200,4.2182481600,41231015,267465433.0000,0.922083,-2.579700
2013-12-16,4.2248186400,4.2905234400,4.1525433600,4.2182481600,28844104,185389403.0000,0.645064,0.000000
2013-12-17,4.2313891200,4.2313891200,4.0736976000,4.1394024000,35242684,221550961.0000,0.788161,-1.869200
2013-12-18,4.1394024000,4.1525433600,4.0802680800,4.1459728800,24862843,156371420.0000,0.556028,0.158700
2013-12-19,4.1459728800,4.1591138400,4.0079928000,4.0277042400,34267340,213261951.0000,0.766349,-2.852600
2013-12-20,4.0277042400,4.0539861600,3.9488584800,4.0408452000,37168998,226421878.0000,0.831241,0.326300
2013-12-23,4.0145632800,4.0802680800,3.9619994400,4.0474156800,23951267,146478160.0000,0.535642,0.162600
2013-12-24,4.0605566400,4.1328319200,4.0408452000,4.0868385600,25987512,162187983.0000,0.581180,0.974000
2013-12-25,4.0868385600,4.1065500000,3.9422880000,4.0211337600,40899553,249317037.0000,0.914670,-1.607700
2013-12-26,3.9882813600,4.0145632800,3.9094356000,3.9554289600,21664632,130248780.0000,0.484504,-1.634000
2013-12-27,3.9422880000,4.0671271200,3.9357175200,4.0474156800,22832713,139431104.0000,0.510627,2.325600
2013-12-30,4.0605566400,4.1065500000,4.0014223200,4.0934090400,30902918,190346219.0000,0.691107,1.136400
2013-12-31,4.0539861600,4.4022216000,4.0342747200,4.3890806400,151423820,988464240.0000,3.386415,7.223100
2014-01-02,4.3233758400,4.3299463200,4.2051072000,4.2182481600,25449373,164592793.0000,0.569145,-3.892200
2014-01-03,4.2182481600,4.2248186400,4.0802680800,4.1459728800,24311382,153202496.0000,0.543695,-1.713400
2014-01-06,4.1196909600,4.1262614400,3.8962946400,3.9488584800,58717127,354261360.0000,1.313139,-4.754400
2014-01-07,3.9357175200,4.0474156800,3.9028651200,3.9817108800,26191162,159152267.0000,0.585734,0.831900
2014-01-08,4.0079928000,4.0605566400,3.9291470400,3.9751404000,36820864,223345157.0000,0.823455,-0.165000
2014-01-09,3.9751404000,4.0408452000,3.9488584800,3.9619994400,26781999,163123384.0000,0.598948,-0.330600
2014-01-10,3.9619994400,4.0014223200,3.9160060800,3.9882813600,24939337,150559337.0000,0.557739,0.663300
2014-01-13,3.9882813600,4.0145632800,3.7451736000,3.8240193600,37847323,224169340.0000,0.846411,-4.118600
2014-01-14,3.8240193600,3.8700127200,3.7714555200,3.8174488800,27730011,161379830.0000,0.620149,-0.171800
2014-01-15,3.8305898400,3.8568717600,3.7517440800,3.8371603200,33290604,193219295.0000,0.744505,0.516400
2014-01-16,3.8371603200,3.8437308000,3.7517440800,3.8240193600,32617411,188871339.0000,0.729450,-0.342500
2014-01-17,3.7911669600,3.8897241600,3.7780260000,3.8503012800,27180493,159173457.0000,0.607860,0.687300
2014-01-20,3.8437308000,3.9422880000,3.8437308000,3.8897241600,16963351,100763428.0000,0.379365,1.023900
2014-01-21,3.9291470400,3.9685699200,3.8634422400,3.8831536800,15884717,94552309.0000,0.355243,-0.168900
2014-01-22,3.8962946400,4.1525433600,3.8897241600,4.0736976000,47401417,293170432.0000,1.060077,4.906900
2014-01-23,4.0605566400,4.0999795200,3.9817108800,4.0145632800,19552222,119661477.0000,0.437262,-1.451600
2014-01-24,3.9882813600,4.1853957600,3.9817108800,4.0736976000,34298178,213931850.0000,0.767038,1.473000
2014-01-27,4.0408452000,4.0736976000,3.9751404000,3.9948518400,22518516,137145449.0000,0.503600,-1.935500
2014-01-28,4.0342747200,4.0539861600,3.9948518400,4.0079928000,27149963,165851659.0000,0.607177,0.328900
2014-01-29,4.0408452000,4.0408452000,3.9882813600,4.0211337600,19066791,116366515.0000,0.426406,0.327900
2014-01-30,4.0079928000,4.0342747200,3.9291470400,3.9751404000,18024013,109144589.0000,0.403086,-1.143800
2014-02-07,3.9422880000,4.0014223200,3.9028651200,3.9882813600,21867473,131627786.0000,0.489040,0.330600
2014-02-10,3.9882813600,4.0868385600,3.9882813600,4.0671271200,25384142,157132784.0000,0.567686,1.976900
2014-02-11,4.0539861600,4.0934090400,4.0145632800,4.0736976000,28023962,172792294.0000,0.626723,0.161600
2014-02-12,4.1459728800,4.1788252800,4.0671271200,4.0868385600,34517362,215162394.0000,0.771940,0.322600
2014-02-13,4.0802680800,4.0999795200,3.9751404000,3.9817108800,44001623,268541824.0000,0.984044,-2.572300
2014-02-14,4.0079928000,4.0211337600,3.9160060800,3.9882813600,28129477,169568319.0000,0.629082,0.165000
2014-02-17,3.9948518400,4.0342747200,3.9685699200,4.0277042400,32156835,195949656.0000,0.719150,0.988500
2014-02-18,4.0079928000,4.1525433600,3.9882813600,4.0736976000,52759576,327388864.0000,1.179906,1.141900
2014-02-19,4.0736976000,4.1656843200,4.0474156800,4.1459728800,40320286,253099490.0000,0.901716,1.774200
2014-02-20,4.1394024000,4.2248186400,4.0868385600,4.1196909600,35645637,225671255.0000,0.797173,-0.633900
2014-02-21,4.1262614400,4.2248186400,4.1131204800,4.2051072000,43171125,275251696.0000,0.965471,2.073400
2014-02-24,4.1065500000,4.1065500000,3.8831536800,3.8831536800,54803217,329634880.0000,1.225609,-7.656300
2014-02-25,3.8831536800,3.9817108800,3.8503012800,3.9488584800,33760647,201141348.0000,0.755017,1.692000
2014-02-26,3.8831536800,3.9554289600,3.8371603200,3.9422880000,24963303,148418035.0000,0.558275,-0.166400
2014-02-27,3.9422880000,3.9619994400,3.8700127200,3.8962946400,33563998,199757064.0000,0.750619,-1.166700
2014-02-28,3.9225765600,3.9619994400,3.8568717600,3.9422880000,27648635,165593206.0000,0.618329,1.180400
2014-03-03,3.9160060800,3.9619994400,3.8962946400,3.9554289600,28192006,168648073.0000,0.630481,0.333300
2014-03-04,4.0408452000,4.0802680800,3.9357175200,4.0671271200,36398145,222492932.0000,0.814001,2.823900
2014-03-05,4.0539861600,4.0999795200,4.0277042400,4.0934090400,25908627,160321321.0000,0.579416,0.646200
2014-03-06,4.0802680800,4.2708120000,4.0342747200,4.2051072000,60093863,381879408.0000,1.343928,2.728700
2014-03-07,4.2051072000,4.2248186400,4.1394024000,4.2182481600,35138545,224178646.0000,0.785832,0.312500
2014-03-10,4.1459728800,4.1722548000,4.0605566400,4.1131204800,26704666,166900604.0000,0.597218,-2.492200
2014-03-11,4.0736976000,4.2511005600,4.0736976000,4.2379596000,35663729,228608776.0000,0.797577,3.035100
2014-03-12,4.2116776800,4.3365168000,4.1394024000,4.1853957600,44488596,287283536.0000,0.994935,-1.240300
2014-03-13,4.1394024000,4.2313891200,4.1131204800,4.1853957600,21539915,136847061.0000,0.481715,0.000000
2014-03-14,4.1459728800,4.2313891200,4.1262614400,4.1591138400,25386773,160753897.0000,0.567745,-0.627900
2014-03-17,4.2116776800,4.2182481600,4.1525433600,4.1656843200,19584035,124571089.0000,0.437974,0.158000
2014-03-18,4.1853957600,4.1853957600,4.1131204800,4.1328319200,36189443,227647700.0000,0.809334,-0.788600
2014-03-19,4.1196909600,4.2116776800,4.1196909600,4.2116776800,25109028,159717873.0000,0.561534,1.907800
2014-03-20,4.2182481600,4.2905234400,4.1919662400,4.1919662400,30933583,200441880.0000,0.691793,-0.468000
2014-03-21,4.1788252800,4.3956511200,4.1656843200,4.3299463200,53578927,353021952.0000,1.198229,3.291500
2014-03-24,4.3365168000,4.4547854400,4.3102348800,4.3825101600,55107612,367477440.0000,1.232417,1.214000
2014-03-25,4.3430872800,4.4810673600,4.3430872800,4.4613559200,46866547,317280832.0000,1.048115,1.799100
2014-03-26,4.4679264000,4.5402016800,4.4219330400,4.5139197600,45107606,308043696.0000,1.008778,1.178200
2014-03-27,4.4613559200,4.5073492800,4.4022216000,4.4942083200,35577164,241933352.0000,0.795641,-0.436700
2014-03-28,4.4679264000,4.6059064800,4.4087920800,4.4679264000,34292686,237161520.0000,0.766915,-0.584800
2014-03-31,4.5139197600,4.5664836000,4.3430872800,4.5467721600,35409964,240972476.0000,0.791902,1.764700
2014-04-01,4.4810673600,4.5861950400,4.4482149600,4.5336312000,15151116,104474269.0000,0.338837,-0.289000
2014-04-02,4.5204902400,4.6781817600,4.5007788000,4.6584703200,40169126,283298640.0000,0.898335,2.753600
2014-04-03,4.6847522400,4.6847522400,4.5861950400,4.5927655200,27167834,192004113.0000,0.607576,-1.410400
2014-04-04,4.5599131200,4.6847522400,4.5599131200,4.6716112800,14917949,105580164.0000,0.333622,1.716700
2014-04-08,4.6584703200,4.7635980000,4.6453293600,4.7570275200,29554961,212688692.0000,0.660962,1.828400
2014-04-09,4.7438865600,4.8490142400,4.7438865600,4.8095913600,38645096,282688192.0000,0.864252,1.105000
2014-04-10,4.8358732800,4.9081485600,4.6650408000,4.7438865600,34559184,250362506.0000,0.772875,-1.366100
2014-04-11,4.7438865600,4.7964504000,4.6584703200,4.7307456000,22334560,160023196.0000,0.499486,-0.277000
2014-04-14,4.7307456000,4.7898799200,4.6190474400,4.7833094400,27155869,194359358.0000,0.607309,1.111100
2014-04-15,4.7373160800,4.7964504000,4.7176046400,4.7701684800,36877103,267325990.0000,0.824713,-0.274700
2014-04-16,4.7767389600,4.9738533600,4.7701684800,4.9278600000,48013296,357901648.0000,1.073761,3.305800
2014-04-17,4.9212895200,5.1578268000,4.8950076000,5.0921220000,52371064,403820640.0000,1.171217,3.333300
2014-04-18,5.0526991200,5.1381153600,4.9344304800,5.0921220000,47650643,365957792.0000,1.065650,0.000000
2014-04-21,4.9804238400,5.2301020800,4.9607124000,5.0986924800,46309754,363527600.0000,1.035663,0.129000
2014-04-22,5.1118334400,5.4337869600,5.0658400800,5.4009345600,90799135,721765488.0000,2.030615,5.927800
2014-04-23,5.3549412000,5.6177604000,5.2432430400,5.5849080000,97571429,821170224.0000,2.182070,3.406300
2014-04-24,5.5783375200,6.1433988000,5.5192032000,6.1433988000,118062350,1077138704.0000,2.640325,10.000000
2014-04-25,6.7610239200,6.7610239200,5.9857072800,6.7150305600,286361168,2832530352.0000,6.404129,9.304800
2014-04-28,6.7150305600,6.7150305600,6.7150305600,6.7150305600,0,0.0000,,0.000000
2014-04-29,6.4916342400,6.7018896000,6.0448416000,6.0448416000,82104194,771889584.0000,1.836163,-9.980400
2014-04-30,5.9002910400,5.9134320000,5.4403574400,5.4403574400,140566328,1190652592.0000,3.143600,-10.000000
2014-05-05,5.3023773600,5.3812231200,5.2169611200,5.2892364000,141281863,1134801152.0000,3.159602,-2.777800
2014-05-06,5.2892364000,5.3155183200,5.1315448800,5.1709677600,133011489,1056743200.0000,2.974645,-2.236000
2014-05-07,5.1643972800,5.2695249600,5.1249744000,5.1578268000,110430751,875087296.0000,2.469653,-0.254100
2014-05-08,5.0921220000,5.1446858400,4.9081485600,5.0986924800,105505386,811492528.0000,2.359503,-1.146500
2014-05-09,5.0724105600,5.1118334400,5.0329876800,5.0921220000,74937087,579606560.0000,1.675879,-0.128900
2014-05-12,5.0921220000,5.1184039200,4.8030208800,4.8884371200,101397061,757615488.0000,2.267625,-4.000000
2014-05-13,4.8621552000,5.0067057600,4.8555847200,4.9869943200,80186195,603855248.0000,1.793269,2.016100
2014-05-14,4.9935648000,5.0724105600,4.9344304800,4.9475714400,60925357,462852576.0000,1.362524,-0.790500
2014-05-15,4.9081485600,5.0658400800,4.8095913600,4.9935648000,46233035,348326064.0000,1.033947,0.929600
2014-05-16,4.9541419200,5.0921220000,4.9344304800,5.0395581600,37201167,285524512.0000,0.831960,0.921100
2014-05-19,4.9738533600,5.1775382400,4.9147190400,5.0986924800,29369275,225275451.0000,0.656809,1.173400
2014-05-20,5.1184039200,5.2958068800,5.0724105600,5.2892364000,51388209,407871472.0000,1.149237,3.737100
2014-05-21,5.2629544800,5.5389146400,5.2103906400,5.5192032000,43335547,355812560.0000,0.969148,4.347800
2014-05-22,5.4732098400,5.6243308800,5.3286592800,5.3877936000,44544350,370334880.0000,0.996182,-2.381000
2014-05-23,5.3680821600,5.5520556000,5.3352297600,5.5060622400,33146792,276176688.0000,0.741289,2.195100
2014-05-26,5.4994917600,5.5849080000,5.3746526400,5.4534984000,21784976,180125033.0000,0.487195,-0.954700
2014-05-27,5.4009345600,5.5323441600,5.3615116800,5.4469279200,19252302,159288199.0000,0.430555,-0.120500
2014-05-28,5.4403574400,5.5192032000,5.3812231200,5.4666393600,14716782,122548911.0000,0.329123,0.361900
2014-05-29,5.4732098400,5.5192032000,5.4075050400,5.4469279200,17580780,145724091.0000,0.393173,-0.360600
2014-05-30,5.4272164800,5.4534984000,5.2366725600,5.2432430400,20940396,169138910.0000,0.468307,-3.739400
2014-06-03,5.1578268000,5.2366725600,5.0855515200,5.1381153600,12639597,99109935.0000,0.282670,-2.005000
2014-06-04,5.0986924800,5.2563840000,5.0461286400,5.2563840000,10356825,81036994.0000,0.231618,2.301800
2014-06-05,5.2235316000,5.5060622400,5.2038201600,5.5060622400,16522040,135163038.0000,0.369496,4.750000
2014-06-06,5.4863508000,5.6177604000,5.4469279200,5.4994917600,15267129,128001390.0000,0.341431,-0.119300
2014-06-09,5.4929212800,5.6571832800,5.4797803200,5.5192032000,13157960,111481977.0000,0.294262,0.358400
2014-06-10,5.5257736800,5.6243308800,5.4469279200,5.5060622400,12227668,103154753.0000,0.273457,-0.238100
2014-06-11,5.5060622400,5.5651965600,5.4600688800,5.5060622400,7578852,63640250.0000,0.169492,0.000000
2014-06-12,5.4534984000,5.5389146400,5.4140755200,5.4469279200,8631858,71738550.0000,0.193041,-1.074000
2014-06-13,5.4206460000,5.5783375200,5.4206460000,5.4732098400,11625442,97257238.0000,0.259989,0.482500
2014-06-16,5.4732098400,5.5849080000,5.4534984000,5.5520556000,9288009,78310601.0000,0.207715,1.440600
2014-06-17,5.5192032000,5.7623109600,5.5192032000,5.7163176000,18097250,156612760.0000,0.404724,2.958600
2014-06-18,5.7557404800,5.9462844000,5.7031766400,5.9134320000,18913986,168852516.0000,0.422989,3.448300
2014-06-19,5.9134320000,5.9922777600,5.7820224000,5.8477272000,15150643,135621740.0000,0.338826,-1.111100
2014-06-20,5.8214452800,6.1499692800,5.8017338400,6.0908349600,23346475,214571814.0000,0.522116,4.157300
2014-06-23,6.0842644800,6.1499692800,5.5849080000,5.8280157600,29720025,264480248.0000,0.664653,-4.315000
2014-06-24,5.7228880800,5.8937205600,5.6506128000,5.7820224000,11101555,97578527.0000,0.248273,-0.789200
2014-06-25,5.7820224000,5.8674386400,5.7031766400,5.8214452800,7294143,64394995.0000,0.163125,0.681800
2014-06-26,5.8542976800,6.0185596800,5.8411567200,5.9068615200,10247261,92267392.0000,0.229168,1.467300
2014-06-27,5.9134320000,5.9134320000,5.7491700000,5.8214452800,7761147,68808466.0000,0.173569,-1.446100
2014-06-30,5.8214452800,5.9988482400,5.7951633600,5.8411567200,13070332,117219978.0000,0.292303,0.338600
2014-07-01,5.8411567200,5.9265729600,5.8083043200,5.9134320000,12510236,111695267.0000,0.279777,1.237300
2014-07-02,5.9268172600,5.9268172600,5.8197867000,5.8599231600,7375468,64621913.0000,0.164944,-0.905000
2014-07-03,5.8064078800,6.0338478200,5.7662714200,6.0271584100,15372986,135845584.0000,0.343799,2.853900
2014-07-04,6.0204690000,6.4151441900,5.9937113600,6.2813559900,37499113,351292944.0000,0.838623,4.217500
2014-07-07,6.2813559900,6.3816971400,6.2412195300,6.3148030400,15997773,150529780.0000,0.357771,0.532500
2014-07-08,6.2813559900,6.4419018300,6.1943936600,6.2679771700,20647812,195744136.0000,0.461764,-0.741500
2014-07-09,6.2211513000,6.3348712700,6.2010830700,6.2947348100,13584676,127623421.0000,0.303805,0.426900
2014-07-10,6.2746665800,6.4017653700,6.2746665800,6.3683183200,11597095,109935477.0000,0.259355,1.169000
2014-07-11,6.3214924500,6.3883865500,6.3214924500,6.3750077300,10330561,98221632.0000,0.231031,0.105000
2014-07-14,6.3683183200,6.5154853400,6.3549395000,6.4686594700,13593588,131617165.0000,0.304005,1.469000
2014-07-15,6.4017653700,6.4419018300,6.1141207400,6.1877042500,14366386,133349559.0000,0.321287,-4.343300
2014-07-16,6.1408783800,6.2211513000,6.0606054600,6.0739842800,10304165,94264655.0000,0.230440,-1.837800
2014-07-17,6.0606054600,6.0672948700,5.9736431300,6.0204690000,6669796,60010369.0000,0.149162,-0.881100
2014-07-18,6.0070901800,6.1475677900,6.0004007700,6.0271584100,14708510,133347728.0000,0.328938,0.111100
2014-07-21,6.0338478200,6.0539160500,5.9000596200,6.0338478200,7692412,69007529.0000,0.172032,0.111000
2014-07-22,6.0539160500,6.1877042500,6.0338478200,6.0873631000,7470318,68148462.0000,0.167065,0.886900
2014-07-23,6.0873631000,6.1274995600,6.0204690000,6.0606054600,7460377,67554651.0000,0.166843,-0.439600
2014-07-24,6.0204690000,6.2746665800,6.0204690000,6.1341889700,13012125,119937552.0000,0.291001,1.214100
2014-07-25,6.2612877600,6.2679771700,6.0338478200,6.1542572000,9954683,90821612.0000,0.222625,0.327200
2014-07-28,6.2077724800,6.2211513000,6.0806736900,6.1877042500,17398506,160553690.0000,0.389097,0.543500
2014-07-29,6.1810148400,6.3750077300,6.1743254300,6.3549395000,23803879,224700456.0000,0.532346,2.702700
2014-07-30,6.2746665800,6.4084547800,6.2746665800,6.3348712700,14308208,135902332.0000,0.319986,-0.315800
2014-07-31,6.3214924500,6.5087959300,6.2880454000,6.4419018300,14874361,143314973.0000,0.332647,1.689500
2014-08-01,6.4218336000,6.6358947200,6.4017653700,6.5087959300,20392058,198871945.0000,0.456044,1.038400
2014-08-04,6.6158264900,6.6158264900,6.3482500900,6.5087959300,11306619,109374844.0000,0.252859,0.000000
2014-08-05,6.5021065200,6.5021065200,6.2947348100,6.3616289100,9023742,85612267.0000,0.201805,-2.261000
2014-08-06,6.2545983500,6.3549395000,6.2345301200,6.2947348100,7990847,75024056.0000,0.178706,-1.051500
2014-08-07,6.3014242200,6.3348712700,6.1542572000,6.1542572000,9861751,91694525.0000,0.220546,-2.231700
2014-08-08,6.1676360200,6.2545983500,6.1676360200,6.2211513000,10857659,100906993.0000,0.242819,1.087000
2014-08-11,6.2880454000,6.3014242200,6.2211513000,6.2479089400,7243202,67664460.0000,0.161986,0.430100
2014-08-12,6.1609466100,6.2211513000,6.0472266400,6.2211513000,14830103,136099867.0000,0.331658,-0.428300
2014-08-13,6.2211513000,6.2278407100,6.0806736900,6.2077724800,12119093,111730327.0000,0.271029,-0.215100
2014-08-14,6.1408783800,6.2278407100,6.0940525100,6.1074313300,9846537,90439784.0000,0.220206,-1.616400
2014-08-15,6.1542572000,6.2545983500,6.0873631000,6.1542572000,14606857,134962926.0000,0.326665,0.766700
2014-08-18,6.1475677900,6.1943936600,6.0806736900,6.1609466100,17673437,161911722.0000,0.395246,0.108700
2014-08-19,6.1475677900,6.2144618900,6.0873631000,6.1141207400,18415841,169177362.0000,0.411849,-0.760000
2014-08-20,6.0806736900,6.1743254300,5.9937113600,6.1609466100,25678304,233811311.0000,0.574265,0.765900
2014-08-21,6.1141207400,6.1408783800,6.0137795900,6.1341889700,15873670,143866173.0000,0.354996,-0.434300
2014-08-22,6.1007419200,6.1341889700,6.0539160500,6.1007419200,8331072,76013822.0000,0.186315,-0.545300
2014-08-25,6.1141207400,6.1208101500,6.0405372300,6.0940525100,7209452,65483865.0000,0.161231,-0.109700
2014-08-26,6.0940525100,6.1341889700,6.0539160500,6.1007419200,7893994,71864219.0000,0.176540,0.109800
2014-08-27,6.1007419200,6.1408783800,6.0606054600,6.1074313300,4441900,40464161.0000,0.099338,0.109700
2014-08-28,6.1074313300,6.1141207400,6.0204690000,6.0940525100,9669583,87605143.0000,0.216249,-0.219100
2014-08-29,6.0940525100,6.1074313300,6.0204690000,6.0940525100,5662363,51332389.0000,0.126632,0.000000
2014-09-01,6.0739842800,6.0940525100,5.9535749000,6.0806736900,13475632,121326687.0000,0.301367,-0.219500
2014-09-02,6.0271584100,6.1274995600,6.0204690000,6.0806736900,15149014,137475309.0000,0.338790,0.000000
2014-09-03,6.0806736900,6.1542572000,6.0606054600,6.1141207400,12613111,115327328.0000,0.282077,0.550100
2014-09-04,6.1274995600,6.1676360200,6.0873631000,6.1542572000,9823477,89946065.0000,0.219690,0.656400
2014-09-05,6.1609466100,6.2412195300,6.1542572000,6.2144618900,19564655,181596774.0000,0.437540,0.978300
2014-09-09,6.2479089400,6.2746665800,6.0940525100,6.1007419200,11805357,108646065.0000,0.264013,-1.829900
2014-09-10,6.0539160500,6.0940525100,6.0338478200,6.0539160500,7831945,70872481.0000,0.175152,-0.767500
2014-09-11,6.0405372300,6.0739842800,5.8799913900,5.8933702100,26052368,231970039.0000,0.582630,-2.651900
2014-09-12,5.8666125700,5.9468854900,5.8666125700,5.9401960800,8397358,74106183.0000,0.187797,0.794500
2014-09-15,5.8866808000,5.9669537200,5.8331655200,5.9669537200,16823315,148720348.0000,0.376234,0.450500
2014-09-16,5.8599231600,6.0204690000,5.8465443400,5.8866808000,29262990,260391623.0000,0.651525,-1.345300
2014-09-17,5.8866808000,5.9803325400,5.8733019800,5.9201278500,10754184,95127162.0000,0.239436,0.568200
2014-09-18,5.8733019800,5.9201278500,5.7328243700,5.7528926000,18173230,157858652.0000,0.404617,-2.824900
2014-09-19,5.7462031900,5.7997184700,5.6793090900,5.7796502400,12114402,103965204.0000,0.269721,0.465100
2014-09-22,5.7395137800,5.7729608300,5.5923467600,5.6057255800,10409873,88070393.0000,0.231770,-3.009300
2014-09-23,5.6057255800,5.6993773200,5.6057255800,5.6324832200,11170230,94432508.0000,0.248699,0.477300
2014-09-24,5.6257938100,5.7796502400,5.5789679400,5.7796502400,16307521,138927779.0000,0.363078,2.612800
2014-09-25,5.8197867000,5.8599231600,5.6525514500,5.6592408600,17816102,152959674.0000,0.396666,-2.083300
2014-09-26,5.6592408600,5.6993773200,5.5321420700,5.5856573500,14556202,121591265.0000,0.324086,-1.300200
2014-09-29,5.5522103000,5.5856573500,5.4986950200,5.5388314800,13028289,107712965.0000,0.290068,-0.838300
2014-09-30,5.5455208900,5.5655891200,5.4986950200,5.5455208900,8743917,72466846.0000,0.194679,0.120800
2014-10-08,5.6926879100,5.7127561400,5.6124149900,5.6458620400,23098154,195278268.0000,0.514268,1.809400
2014-10-09,5.6458620400,5.6859985000,5.5522103000,5.5923467600,19984492,167647098.0000,0.444944,-0.947900
2014-10-10,5.5588997100,5.6458620400,5.5522103000,5.6124149900,20699779,173562097.0000,0.460869,0.358900
2014-10-13,5.5990361700,5.6726196800,5.5120738400,5.5455208900,23564532,196263154.0000,0.524652,-1.191900
2014-10-14,5.5187632500,5.5722785300,5.4986950200,5.5187632500,15483271,127754582.0000,0.344727,-0.482500
2014-10-15,5.5187632500,5.5254526600,5.3180809500,5.3715962300,26297989,212026762.0000,0.585510,-2.666700
2014-10-16,5.3448385900,5.3849750500,5.2913233100,5.2913233100,15742486,125769702.0000,0.350498,-1.494400
2014-10-17,5.2511868500,5.3715962300,5.2444974400,5.3715962300,14843962,118286439.0000,0.330493,1.517100
2014-10-20,5.3782856400,5.3849750500,5.3247703600,5.3515280000,9196590,73578537.0000,0.204757,-0.373600
2014-10-21,5.3582174100,5.3649068200,5.3047021300,5.3247703600,6568349,52256624.0000,0.146241,-0.500000
2014-10-22,5.3247703600,5.3448385900,5.0705727800,5.1240880600,23852781,185010452.0000,0.531069,-3.768800
2014-10-23,5.1240880600,5.1441562900,4.9434739900,4.9702316300,19534609,146739547.0000,0.434927,-3.002600
2014-10-24,4.9769210400,5.0438151400,4.9501634000,5.0371257300,10535668,78877805.0000,0.234571,1.345900
2014-10-27,5.0103680900,5.0505045500,4.9769210400,5.0103680900,8482089,63585813.0000,0.188849,-0.531200
2014-10-28,5.0170575000,5.1240880600,5.0170575000,5.1173986500,13016692,98654791.0000,0.289810,2.136200
2014-10-29,5.1240880600,5.3180809500,5.0638833700,5.3047021300,30977115,240960774.0000,0.689689,3.660100
2014-10-30,5.2578762600,5.2779444900,5.1709139300,5.1909821600,26437274,206173569.0000,0.588612,-2.143800
2014-10-31,5.1976715700,5.3314597700,5.1976715700,5.3247703600,29502133,233063336.0000,0.656849,2.577300
2014-11-03,5.3448385900,5.4518691500,5.3448385900,5.3582174100,25508148,205994345.0000,0.567925,0.628100
2014-11-04,5.3381491800,5.3448385900,5.2511868500,5.3047021300,16183795,128119269.0000,0.360323,-0.998800
2014-11-05,5.3047021300,5.3381491800,5.2712550800,5.3047021300,7348594,58167708.0000,0.163612,0.000000
2014-11-06,5.3314597700,5.3983538700,5.3047021300,5.3247703600,15681205,125531619.0000,0.349134,0.378300
2014-11-07,5.3247703600,5.3983538700,5.2511868500,5.2645656700,20550042,163297549.0000,0.457536,-1.130700
2014-11-10,5.2511868500,5.3381491800,5.1976715700,5.3047021300,17642094,138852764.0000,0.392792,0.762400
2014-11-11,5.3180809500,5.5120738400,5.2846339000,5.4518691500,48037153,388066912.0000,1.069521,2.774300
2014-11-12,5.4318009200,5.5053844300,5.3448385900,5.4853162000,23826396,193166426.0000,0.530482,0.613500
2014-11-13,5.4920056100,5.5254526600,5.3849750500,5.4117326900,17273620,140454866.0000,0.384588,-1.341500
2014-11-14,5.3983538700,5.4451797400,5.3113915400,5.3983538700,12870348,103745284.0000,0.286551,-0.247200
2014-11-17,5.3715962300,5.4451797400,5.3649068200,5.3715962300,10087154,81245746.0000,0.224585,-0.495700
2014-11-18,5.3582174100,5.4050432800,5.2645656700,5.2913233100,17416989,138907906.0000,0.387780,-1.494400
2014-11-19,5.2779444900,5.3381491800,5.2645656700,5.2779444900,6966635,55181021.0000,0.155108,-0.252800
2014-11-20,5.2578762600,5.2779444900,5.2177398000,5.2578762600,7890871,61869661.0000,0.175686,-0.380200
2014-11-21,5.2645656700,5.3448385900,5.2177398000,5.3047021300,13902423,109814729.0000,0.309530,0.890600
2014-11-24,5.5522103000,5.6993773200,5.4853162000,5.6726196800,82168341,689026400.0000,1.829434,6.935700
2014-11-25,5.6525514500,5.6525514500,5.5522103000,5.5990361700,34206010,285804944.0000,0.761578,-1.297200
2014-11-26,5.5923467600,5.7060667300,5.5655891200,5.6057255800,33384856,280556112.0000,0.743296,0.119500
2014-11-27,5.6057255800,5.6859985000,5.5588997100,5.6057255800,30497718,255065810.0000,0.679015,0.000000
2014-11-28,5.5655891200,6.0739842800,5.4986950200,5.9803325400,79325628,684163328.0000,1.766142,6.682600
2014-12-01,5.9401960800,6.0606054600,5.8666125700,5.9602643100,59078074,527018176.0000,1.315341,-0.335600
2014-12-02,5.9268172600,6.3214924500,5.8866808000,6.3014242200,66569564,611097824.0000,1.482135,5.723900
2014-12-03,6.2880454000,6.7763723300,6.2880454000,6.4820382900,81484491,801230992.0000,1.814208,2.866200
2014-12-04,6.4820382900,6.7563041000,6.4084547800,6.6693417700,47915910,472142256.0000,1.066822,2.889600
2014-12-05,6.6492735400,6.9235393500,6.1208101500,6.4218336000,57149535,559604992.0000,1.272403,-3.711100
2014-12-08,6.3883865500,6.9302287600,6.2545983500,6.6358947200,123815944,1227226736.0000,2.756695,3.333300
2014-12-09,6.5422429800,7.0907746000,5.9736431300,6.0672948700,109996431,1105820736.0000,2.449011,-8.568600
2014-12-10,6.2612877600,6.2947348100,6.0204690000,6.1542572000,93860880,865384272.0000,2.089762,1.433300
2014-12-11,6.0271584100,6.3950759600,6.0271584100,6.1274995600,60949349,561671120.0000,1.357004,-0.434800
2014-12-12,6.1609466100,6.2077724800,5.9201278500,6.0204690000,54774222,496921552.0000,1.219518,-1.746700
2014-12-15,6.0204690000,6.0204690000,5.7395137800,5.8799913900,50981181,444693024.0000,1.135068,-2.333300
2014-12-16,5.8532337500,5.9937113600,5.7997184700,5.9535749000,66973301,590007840.0000,1.491124,1.251400
2014-12-17,5.9535749000,6.2211513000,5.8532337500,6.1943936600,113722087,1022982096.0000,2.531961,4.045000
2014-12-18,6.1877042500,6.2880454000,5.9736431300,6.0070901800,74901578,685133120.0000,1.667643,-3.023800
2014-12-19,6.0204690000,6.0472266400,5.7595820100,5.9401960800,50758062,447108656.0000,1.130101,-1.113600
2014-12-22,6.0405372300,6.3683183200,5.9602643100,6.1743254300,83106004,767076064.0000,1.850310,3.941400
2014-12-23,6.2144618900,6.7897511500,6.0405372300,6.6024476700,174796874,1734566448.0000,3.891758,6.933900
2014-12-24,6.4887277000,6.5221747500,6.0873631000,6.2947348100,124428637,1177041120.0000,2.770336,-4.660600
2014-12-25,6.2545983500,6.5154853400,6.1943936600,6.5087959300,86645678,820159056.0000,1.929119,3.400600
2014-12-26,6.4419018300,6.9971228600,6.4285230100,6.8031299700,145682150,1454201792.0000,3.243534,4.522100
2014-12-29,6.9034711200,7.3784192300,6.6960994100,7.1643581100,173231400,1841080816.0000,3.856903,5.309700
2014-12-30,7.1108428300,7.4586921500,6.8700240700,6.9369181700,117498643,1262709248.0000,2.616044,-3.174600
2014-12-31,6.8900923000,7.6326168100,6.8231982000,7.6326168100,143567482,1556419600.0000,3.196452,10.028900
2015-01-05,7.8266097000,8.3617625000,7.5791015300,7.8935038000,198929705,2372785632.0000,4.429062,3.418100
2015-01-06,7.7998520600,7.7998520600,7.1175322400,7.3650404100,126329746,1399424496.0000,2.812663,-6.694900
2015-01-07,7.2044945700,7.4185556900,7.1576687000,7.2847674900,74959023,816771552.0000,1.668922,-1.089900
2015-01-08,7.3115251300,7.3182145400,6.9235393500,7.0305699100,60717632,640563584.0000,1.351845,-3.489400
2015-01-09,7.0238805000,7.3115251300,6.8298876100,6.8566452500,98850683,1043233632.0000,2.200857,-2.473800
2015-01-12,6.8098193800,6.9904334500,6.6693417700,6.8566452500,62009380,628210208.0000,1.380605,0.000000
2015-01-13,6.8165087900,6.9436075800,6.7295464600,6.7964405600,43084996,439907360.0000,0.959264,-0.878100
2015-01-14,6.8098193800,6.9636758100,6.7228570500,6.8767134800,41805300,428467312.0000,0.930772,1.181100
2015-01-15,6.9034711200,7.2178733900,6.8767134800,7.1911157500,69335024,729763824.0000,1.543707,4.572000
2015-01-16,7.1509792900,7.1844263400,6.9837440400,7.0840851900,50389995,533602512.0000,1.121906,-1.488400
2015-01-19,6.6225159000,6.7094782300,6.3750077300,6.3750077300,68286846,662630688.0000,1.520370,-10.009400
2015-01-20,6.3549395000,6.4887277000,6.2211513000,6.3950759600,73631757,701511024.0000,1.639371,0.314800
2015-01-21,6.3816971400,6.7161676400,6.2679771700,6.6827205900,92239329,906971952.0000,2.053659,4.497900
2015-01-22,6.6225159000,6.8499558400,6.5957582600,6.6693417700,77816224,781272928.0000,1.732536,-0.200200
2015-01-23,6.7027888200,6.8231982000,6.5623112100,6.7563041000,75538779,756736576.0000,1.681830,1.303900
2015-01-26,6.7563041000,6.7563041000,6.5957582600,6.6960994100,45090740,449314160.0000,1.003921,-0.891100
2015-01-27,6.6894100000,6.6960994100,6.3616289100,6.4954171100,62155730,605381056.0000,1.383864,-2.997000
2015-01-28,6.4084547800,6.4887277000,6.3683183200,6.4151441900,44095636,423366368.0000,0.981765,-1.235800
2015-01-29,6.3415606800,6.4352124200,6.2813559900,6.3214924500,41765079,395902432.0000,0.929877,-1.459900
2015-01-30,6.3883865500,6.5355535700,6.2278407100,6.3950759600,57751580,552237696.0000,1.285808,1.164000
2015-02-02,6.2679771700,6.4887277000,6.1208101500,6.2612877600,57875512,546480960.0000,1.288567,-2.092100
2015-02-03,6.3214924500,6.4084547800,6.1542572000,6.3950759600,46752035,439985344.0000,1.040909,2.136800
2015-02-04,6.3950759600,6.5154853400,6.3281818600,6.3348712700,33907387,325499680.0000,0.754930,-0.941400
2015-02-05,6.5890688500,6.5957582600,6.2278407100,6.2345301200,61047176,589685264.0000,1.359182,-1.584000
2015-02-06,6.1676360200,6.1676360200,5.7863396500,5.9067490300,53036452,476528496.0000,1.180828,-5.257500
2015-02-09,5.8398549300,6.0137795900,5.8197867000,5.9268172600,26089184,231046707.0000,0.580862,0.339700
2015-02-10,5.9870219500,6.1141207400,5.9201278500,6.0739842800,24642065,222830732.0000,0.548642,2.483100
2015-02-11,6.1274995600,6.1341889700,6.0338478200,6.0806736900,19341837,176024798.0000,0.430636,0.110100
2015-02-12,6.0672948700,6.1074313300,5.9669537200,6.0672948700,17220928,155619609.0000,0.383415,-0.220000
2015-02-13,6.1007419200,6.3883865500,6.0739842800,6.2144618900,47376192,442015088.0000,1.054805,2.425600
2015-02-16,6.1542572000,6.2612877600,6.1542572000,6.2278407100,23777848,220493028.0000,0.529401,0.215300
2015-02-17,6.2545983500,6.3482500900,6.2479089400,6.2746665800,21846104,205531990.0000,0.486392,0.751900
2015-02-25,6.2545983500,6.2679771700,6.0539160500,6.1007419200,27017472,248157955.0000,0.601529,-2.771900
2015-02-26,6.0940525100,6.3415606800,6.0873631000,6.3214924500,33171704,309764880.0000,0.738550,3.618400
2015-02-27,6.3014242200,6.3750077300,6.2813559900,6.3348712700,29344644,277470128.0000,0.653343,0.211600
2015-03-02,6.4753488800,6.5087959300,6.3348712700,6.4084547800,52363940,502892288.0000,1.165855,1.161600
2015-03-03,6.3281818600,6.3616289100,6.0873631000,6.1542572000,51186197,474847488.0000,1.139633,-3.966600
2015-03-04,6.1810148400,6.2545983500,6.1141207400,6.1943936600,28154062,260080577.0000,0.626835,0.652200
2015-03-05,6.0873631000,6.1609466100,6.0606054600,6.1274995600,31581497,287934512.0000,0.703145,-1.079900
2015-03-06,6.1208101500,6.1676360200,6.0806736900,6.1141207400,26592826,243494746.0000,0.592075,-0.218300
2015-03-09,6.0405372300,6.2479089400,5.9000596200,6.2077724800,52386816,474299792.0000,1.166364,1.531700
2015-03-10,6.1743254300,6.1743254300,6.0940525100,6.1141207400,26227722,240436249.0000,0.583946,-1.508600
2015-03-11,6.1743254300,6.2144618900,6.0472266400,6.1274995600,37061930,339789536.0000,0.825164,0.218800
2015-03-12,6.1743254300,6.2947348100,6.1274995600,6.2813559900,53213681,495518064.0000,1.184774,2.510900
2015-03-13,6.2947348100,6.3482500900,6.2479089400,6.3081136300,44657325,420845472.0000,0.994271,0.426000
2015-03-16,6.3816971400,6.4285230100,6.3014242200,6.4017653700,57138381,543931200.0000,1.272155,1.484600
2015-03-17,6.4285230100,6.5221747500,6.4084547800,6.5021065200,67759789,653741040.0000,1.508635,1.567400
2015-03-18,6.5087959300,6.7161676400,6.5087959300,6.7027888200,88587386,875392256.0000,1.972350,3.086400
2015-03-19,6.6894100000,6.6894100000,6.5288641600,6.6091370800,79658075,785560432.0000,1.773544,-1.397200
2015-03-20,6.6292053100,6.9235393500,6.5556218000,6.8298876100,120294128,1210956576.0000,2.678284,3.340100
2015-03-23,6.9569864000,7.1376004700,6.9034711200,6.9703652200,122898198,1288983216.0000,2.736262,2.056800
2015-03-24,6.9971228600,7.0171910900,6.6760311800,6.7964405600,104204741,1059960096.0000,2.320062,-2.495200
2015-03-25,6.7629935100,6.8365770200,6.6693417700,6.6894100000,70789014,713350704.0000,1.576079,-1.574800
2015-03-26,6.6425841300,6.7897511500,6.5556218000,6.7830617400,83916210,841319648.0000,1.868349,1.400000
2015-03-27,6.9235393500,7.1442898800,6.8031299700,7.1309110600,165852748,1731063968.0000,3.692622,5.128200
2015-03-30,7.1710475200,7.7396473700,7.0439487300,7.6259274000,225011497,2489169904.0000,5.009759,6.941800
2015-03-31,8.0139131800,8.0540496400,7.3315933600,7.5122074300,219048883,2526599296.0000,4.877005,-1.491200
2015-04-01,7.4921392000,7.6058591700,7.3382827700,7.4854497900,100573253,1123151680.0000,2.239209,-0.356200
2015-04-02,7.5122074300,7.5724121200,7.3249039500,7.4252451000,87946606,977931168.0000,1.958084,-0.804300
2015-04-03,7.3583510000,7.4319345100,7.2379416200,7.4185556900,94546371,1032995648.0000,2.105024,-0.090100
2015-04-07,7.4185556900,7.5188968400,7.3249039500,7.5122074300,118795895,1321491040.0000,2.644926,1.262400
2015-04-08,7.5122074300,7.6192379900,7.3249039500,7.5991697600,151402299,1697295168.0000,3.370890,1.157600
2015-04-09,7.5590333000,8.2480425300,7.3784192300,8.1343225600,242498544,2816226880.0000,5.399099,7.042300
2015-04-10,7.9269508500,8.0272920000,7.7931626500,7.9068826200,140594841,1662853440.0000,3.130268,-2.796100
2015-04-13,7.9269508500,8.1008755100,7.8332991100,7.9804661300,120628177,1437794736.0000,2.685721,0.930600
2015-04-14,7.9603979000,8.0005343600,7.7530261900,7.8399885200,99336738,1167454752.0000,2.211679,-1.760300
2015-04-15,7.8199202900,7.9403296700,7.4921392000,7.8667461600,140249791,1630702576.0000,3.122586,0.341300
2015-04-16,7.7797838300,8.1811484300,7.6928215000,8.1677696100,169906140,2033175216.0000,3.782868,3.826500
2015-04-17,8.2012166600,8.3082472200,7.9871555400,8.1677696100,180326864,2201364864.0000,4.014880,0.000000
2015-04-20,8.2012166600,8.3751413200,7.9001932100,7.9135720300,178062116,2171290976.0000,3.964457,-3.112200
2015-04-21,7.8266097000,8.1410119700,7.7864732400,8.0874966900,101545618,1217323024.0000,2.260858,2.197800
2015-04-22,8.0473602300,8.2212848900,8.0473602300,8.2079060700,132388232,1612292704.0000,2.947552,1.488800
2015-04-23,8.2547319400,8.3684519100,8.0005343600,8.3015578100,148093908,1814581808.0000,3.297231,1.141000
2015-04-24,8.1008755100,8.2279743000,8.0072237700,8.1075649200,71157374,862839712.0000,1.584280,-2.336800
2015-04-27,8.1075649200,8.3216260400,8.0808072800,8.2681107600,116669938,1434408592.0000,2.597593,1.980200
2015-04-28,8.1477013800,8.3082472200,8.0272920000,8.2212848900,105028006,1279093488.0000,2.338392,-0.566300
2015-04-29,8.1276331500,8.6694753600,8.0808072800,8.5557553900,139040109,1744173392.0000,3.095653,4.068300
2015-04-30,8.3617625000,9.0708399600,8.3617625000,8.8835364800,159912328,2105786816.0000,3.560361,3.831100
2015-05-04,8.8969153000,9.2648328500,8.7096118200,8.8902258900,103725690,1396545584.0000,2.309396,0.075300
2015-05-05,8.7430588700,8.8902258900,8.3015578100,8.6494071300,85795763,1093212608.0000,1.910196,-2.708800
2015-05-06,8.6494071300,8.9036047100,8.3617625000,8.4687930600,73215498,948622112.0000,1.630103,-2.088200
2015-05-07,8.5557553900,8.8835364800,8.3684519100,8.8367106100,88504515,1140781456.0000,1.970505,4.344400
2015-05-08,8.8500894300,8.9972564500,8.6092706700,8.9437411700,74691628,982772048.0000,1.662969,1.211200
2015-05-11,9.0240140900,9.4119998700,8.8166423800,9.2982799000,147025159,2004255744.0000,3.273435,3.964100
2015-05-12,9.1711811100,9.5257198400,9.0842187800,9.4521363300,133274164,1857727216.0000,2.967277,1.654700
2015-05-13,9.3651740000,9.7330915500,9.2581434400,9.6461292200,129602066,1833199040.0000,2.885520,2.052400
2015-05-14,9.6461292200,9.7063339100,9.1778705200,9.6996445000,97257884,1381122464.0000,2.165394,0.554800
2015-05-15,9.6260609900,9.8468115200,9.2447646200,9.2982799000,76300653,1091615664.0000,1.698793,-4.137900
2015-05-18,9.1310446500,9.2715222600,8.8300212000,9.1578022900,78637227,1064342160.0000,1.750815,-1.510800
2015-05-19,9.0909081900,9.6327504000,8.9972564500,9.5056516100,53346109,753700272.0000,1.187722,3.798400
2015-05-20,9.4989622000,9.7999856500,9.4320681000,9.4454469200,51657767,742932288.0000,1.150132,-0.633400
2015-05-21,9.6193715800,9.6193715800,9.3183481300,9.3718634100,46622669,655958768.0000,1.038028,-0.779000
2015-05-22,9.4119998700,9.5993033500,9.3384163600,9.5056516100,54488847,768765152.0000,1.213165,1.427600
2015-05-25,9.4722045600,9.6795762700,9.3517951800,9.6728868600,102655373,1460446080.0000,2.285566,1.759300
2015-05-26,9.6795762700,9.9003268000,9.5190304300,9.7531597800,106333695,1539132304.0000,2.367462,0.829900
2015-05-27,9.7464703700,9.8668797500,9.5524774800,9.7397809600,72780405,1058532576.0000,1.620416,-0.137200
2015-05-28,9.6661974500,9.8735691600,8.8634682500,8.8768470700,65771110,932117456.0000,1.464358,-8.859900
2015-05-29,8.8300212000,9.1979387500,8.3617625000,8.8835364800,66941020,893363664.0000,1.490406,0.075400
2015-06-01,8.8701576600,9.1778705200,8.8032635600,9.1511128800,48947875,663009872.0000,1.089798,3.012100
2015-06-02,9.1578022900,9.3785528200,9.1042870100,9.2849010800,50449810,695386448.0000,1.123238,1.462000
2015-06-03,9.2313858000,9.6795762700,9.1979387500,9.5324092500,50250385,709722448.0000,1.118798,2.665700
2015-06-04,9.6394398100,9.8066750600,8.7229906400,9.7999856500,81238163,1149236352.0000,1.808724,2.807000
2015-06-05,9.9337738500,10.3752749100,9.8066750600,10.0742514600,80451925,1211688800.0000,1.791219,2.798600
2015-06-08,10.0876302800,10.2214184800,9.7397809600,10.1478349700,81608921,1216128912.0000,1.816978,0.730400
2015-06-09,10.0341150000,10.3485172700,9.9872891300,10.1879714300,65069638,988965984.0000,1.448740,0.395500
2015-06-10,10.1010091000,10.6629195400,10.0073573600,10.3685855000,70060098,1091796240.0000,1.559850,1.772800
2015-06-11,10.3618960900,10.5826466200,10.0408044100,10.2080396600,55514197,851467600.0000,1.235994,-1.548400
2015-06-12,10.2615549400,10.5425101600,10.1010091000,10.2080396600,60348343,928528640.0000,1.343623,0.000000
2015-06-15,10.2013502500,10.4421690100,9.9137056200,10.2013502500,71437036,1089036144.0000,1.590507,-0.065500
2015-06-16,10.1010091000,10.4756160600,9.6862656800,10.0408044100,62485486,941649424.0000,1.391205,-1.573800
2015-06-17,10.0207361800,10.1210773300,9.7598491900,9.9939785400,35356563,524147232.0000,0.787195,-0.466400
2015-06-18,9.9605314900,10.3685855000,9.7799174200,9.8066750600,55084535,829780080.0000,1.226427,-1.874200
2015-06-19,9.6862656800,9.7598491900,8.8233317900,8.8567788400,40953722,567676336.0000,0.911812,-9.686200
2015-06-23,8.7296800500,9.0708399600,8.2145954800,9.0507717300,36982661,479572624.0000,0.823399,2.190300
2015-06-24,8.8701576600,9.3651740000,8.8701576600,9.3317269500,51006405,691914768.0000,1.135630,3.104200
2015-06-25,9.2380752100,9.6461292200,8.6962330000,8.9704988100,41242252,575664560.0000,0.918236,-3.871000
2015-06-26,8.6895435900,8.8835364800,8.0741178700,8.0741178700,36853017,464918336.0000,0.820512,-9.992500
2015-06-29,8.4353460100,8.5490659800,7.2646992600,7.6928215000,59792599,710606576.0000,1.331250,-4.722400
2015-06-30,7.7262685500,8.4621036500,7.0171910900,8.4621036500,70372167,819454912.0000,1.566798,10.000000
2015-07-01,8.3617625000,8.6694753600,7.9670873100,8.0741178700,49823121,624821824.0000,1.109285,-4.585000
2015-07-02,8.0874966900,8.4286566000,7.5724121200,8.2413531200,56670575,686451040.0000,1.261740,2.071300
2015-07-03,8.4915020000,8.5455880000,7.4300642500,8.0790962500,58596592,698809792.0000,1.304621,-1.968800
2015-07-06,8.8430610000,8.8903862500,7.9303597500,8.8903862500,81603406,1033891584.0000,1.816856,10.041800
2015-07-07,8.7889750000,9.5326575000,8.4644590000,9.4920930000,110618086,1515440784.0000,2.462852,6.768100
2015-07-08,8.5455880000,8.7822142500,8.5455880000,8.5455880000,41591478,526673136.0000,0.926012,-9.971500
2015-07-09,8.5455880000,9.3974425000,7.6937335000,9.3974425000,106946957,1416138528.0000,2.381116,9.968300
2015-07-10,9.1878592500,10.2763400000,9.0323620000,9.8368912500,144526265,2118627472.0000,3.217799,4.676300
2015-07-13,9.5191360000,9.9180202500,9.1608162500,9.4515285000,138458132,1941956656.0000,3.082695,-3.917500
2015-07-14,9.0594050000,9.1810985000,8.5861525000,8.7889750000,90005583,1179436240.0000,2.003926,-7.010000
2015-07-15,8.5861525000,8.9512330000,8.3157225000,8.3495262500,50915818,650125760.0000,1.133613,-5.000000
2015-07-16,8.3562870000,8.6064347500,8.1602252500,8.2413542500,47487047,586167984.0000,1.057273,-1.295600
2015-07-17,8.2548757500,8.6131955000,8.2481150000,8.4847412500,44673270,556358752.0000,0.994626,2.953200
2015-07-20,8.4441767500,8.5726310000,8.1669860000,8.3089617500,40830435,503210384.0000,0.909068,-2.071700
2015-07-21,8.2143112500,8.2143112500,7.9844457500,8.0723355000,38742426,464084688.0000,0.862579,-2.847800
2015-07-22,8.1196607500,8.3495262500,8.0790962500,8.2345935000,34213502,416373216.0000,0.761745,2.010100
2015-07-23,8.2481150000,8.4171337500,8.1129000000,8.3833300000,38796030,477380560.0000,0.863773,1.806200
2015-07-24,8.3968515000,8.6402385000,8.2210720000,8.2954402500,45423422,568777728.0000,1.011328,-1.048400
2015-07-27,8.1602252500,8.2886795000,7.4638680000,7.4976717500,54541556,635459296.0000,1.214338,-9.617000
2015-07-28,7.3421745000,8.0114887500,7.1731557500,7.8965560000,55406752,620108304.0000,1.233601,5.320100
2015-07-29,7.8965560000,8.0723355000,7.8086662500,8.0452925000,27344830,321167504.0000,0.608818,1.883600
2015-07-30,7.9912065000,8.0250102500,7.4030212500,7.4706287500,28012739,321448224.0000,0.622559,-7.142900
2015-07-31,7.3354137500,7.9438812500,7.3286530000,7.9168382500,48779300,559362128.0000,1.084078,5.972800
2015-08-03,7.9506420000,8.2954402500,7.7951447500,8.2819187500,27037095,321881696.0000,0.600876,4.611400
2015-08-04,8.2413542500,8.3360047500,7.9776850000,8.2751580000,22047915,267229616.0000,0.489996,-0.081600
2015-08-05,8.3157225000,8.3157225000,7.9235990000,7.9844457500,15284634,182996597.0000,0.339688,-3.513100
2015-08-06,7.8424700000,8.0520532500,7.7681017500,7.8154270000,11915518,139550548.0000,0.264812,-2.116800
2015-08-07,7.8289485000,8.0452925000,7.8289485000,7.9235990000,11280330,132533557.0000,0.250696,1.384100
2015-08-10,7.9641635000,8.1872682500,7.8492307500,8.1534645000,28202305,335713072.0000,0.626772,2.901000
2015-08-11,8.1129000000,8.3495262500,8.0250102500,8.1805075000,27301916,329368704.0000,0.606762,0.331700
2015-08-12,8.0588140000,8.0926177500,7.7883840000,7.8086662500,18367719,215782965.0000,0.408207,-4.545500
2015-08-13,7.9100775000,7.9303597500,7.6464082500,7.8627522500,15117041,174631019.0000,0.335963,0.692600
2015-08-14,7.8762737500,8.0655747500,7.8627522500,7.9506420000,17809199,209188206.0000,0.395794,1.117800
2015-08-17,7.9438812500,7.9641635000,7.8154270000,7.8965560000,18632444,217547318.0000,0.414090,-0.680300
2015-08-18,7.9438812500,7.9506420000,7.2948492500,7.3827390000,20506628,232660006.0000,0.455742,-6.506900
2015-08-19,7.3083707500,7.4909110000,7.0987875000,7.4638680000,17462507,189344364.0000,0.388089,1.098900
2015-08-20,7.4097820000,7.4097820000,7.0987875000,7.1055482500,12562846,134734344.0000,0.279199,-4.800700
2015-08-21,7.0176585000,7.0514622500,6.4903200000,6.5241237500,18462366,185720593.0000,0.410310,-8.182700
2015-08-24,6.1387610000,6.5241237500,5.8750917500,5.9224170000,38882046,345107664.0000,0.864120,-9.222800
2015-08-25,5.5438150000,6.0643927500,5.5302935000,5.9021347500,51111430,442989136.0000,1.135908,-0.342500
2015-08-26,6.0914357500,6.2672152500,5.8953740000,6.1117180000,26207622,237241031.0000,0.582442,3.551000
2015-08-27,6.1590432500,6.5106022500,6.0170675000,6.4970807500,26213392,241111713.0000,0.582570,6.305300
2015-08-28,6.4835592500,6.8283575000,6.3551050000,6.8013145000,24296989,236075585.0000,0.539980,4.682600
2015-08-31,6.7404677500,7.0920267500,6.5511667500,7.0852660000,20211891,203425231.0000,0.449192,4.174900
2015-09-01,7.0582230000,7.7072550000,6.6322957500,7.6802120000,39077484,423541712.0000,0.868464,8.396900
2015-09-02,7.3016100000,7.5855615000,6.9094865000,6.9094865000,19016840,203067873.0000,0.422633,-10.035200
2015-09-07,6.7201855000,7.1461127500,6.7201855000,6.8351182500,34357831,350559328.0000,0.763574,-1.076300
2015-09-08,6.7269462500,7.0717445000,6.6863817500,6.9162472500,42674084,431290240.0000,0.948395,1.186900
2015-09-09,6.8689220000,7.4368250000,6.8621612500,7.3016100000,73243274,773340720.0000,1.627769,5.571900
2015-09-10,7.1325912500,7.5044325000,7.0717445000,7.4233035000,76508003,820851648.0000,1.700325,1.666700
2015-09-11,7.2475240000,7.4300642500,7.1528735000,7.3218922500,61443557,664894832.0000,1.365531,-1.366100
2015-09-14,7.2678062500,7.4368250000,7.0447015000,7.3489352500,40877341,440349504.0000,0.908464,0.369300
2015-09-15,7.2001987500,7.4706287500,7.1866772500,7.4503465000,35662202,390460480.0000,0.792562,1.380000
2015-09-16,7.4706287500,8.1129000000,7.3759782500,7.8762737500,53167596,611552688.0000,1.181605,5.716900
2015-09-17,7.7816232500,8.4374160000,7.6937335000,8.1129000000,61726109,744511104.0000,1.371810,3.004300
2015-09-18,8.1061392500,8.3495262500,8.0317710000,8.2210720000,40612790,495273392.0000,0.902585,1.333300
2015-09-21,8.1399430000,8.4644590000,8.1399430000,8.4576982500,48173428,590888208.0000,1.070613,2.878300
2015-09-22,8.4441767500,8.7619320000,8.2751580000,8.6199562500,45193498,574438848.0000,1.004387,1.918500
2015-09-23,8.4915020000,8.7484105000,8.3292440000,8.4171337500,36137485,458801808.0000,0.803125,-2.352900
2015-09-24,8.3833300000,8.5861525000,8.1129000000,8.5320665000,20391656,252517879.0000,0.453187,1.365500
2015-09-25,8.4509375000,8.5591095000,8.1602252500,8.2548757500,13596772,167668742.0000,0.302177,-3.248800
2015-09-28,8.2345935000,8.3022010000,7.9100775000,8.0317710000,12050472,143516458.0000,0.267811,-2.702700
2015-09-29,8.0317710000,8.0520532500,7.8492307500,8.0047280000,12548092,147801407.0000,0.278871,-0.336700
2015-09-30,7.9912065000,8.1602252500,7.9506420000,8.0655747500,8751272,104494043.0000,0.194490,0.760100
2015-10-08,8.2481150000,8.3360047500,7.7748625000,7.8424700000,23300004,274455680.0000,0.517823,-2.766100
2015-10-09,7.7883840000,7.9303597500,7.7140157500,7.8762737500,12680306,146987003.0000,0.281809,0.431000
2015-10-12,7.8627522500,8.1196607500,7.8154270000,8.0926177500,25744634,303685936.0000,0.572153,2.746800
2015-10-13,8.0993785000,8.1061392500,7.7883840000,7.8695130000,17108313,200367665.0000,0.380218,-2.756900
2015-10-14,7.8086662500,8.1805075000,7.8086662500,8.1669860000,22002497,259665274.0000,0.488987,3.780100
2015-10-15,8.1129000000,8.2819187500,8.0114887500,8.2345935000,19327506,232970191.0000,0.429537,0.827800
2015-10-16,8.2345935000,8.2413542500,8.0250102500,8.1534645000,15276672,184337685.0000,0.339511,-0.985200
2015-10-19,8.1534645000,8.2007897500,7.8627522500,7.9235990000,12105814,143867929.0000,0.269041,-2.819200
2015-10-20,7.9438812500,8.0114887500,7.8357092500,7.9979672500,9093427,106619528.0000,0.202094,0.938600
2015-10-21,8.0047280000,8.0655747500,7.3556960000,7.6126045000,14536765,167559885.0000,0.323067,-4.818300
2015-10-22,7.6058437500,7.6599297500,7.4030212500,7.6193652500,9746262,108798847.0000,0.216602,0.088800
2015-10-23,7.6193652500,7.9033167500,7.5652792500,7.7681017500,10456623,119570887.0000,0.232390,1.952100
2015-10-26,8.0317710000,8.0790962500,7.7748625000,7.8154270000,9812204,114727964.0000,0.218068,0.609200
2015-10-27,7.7816232500,7.7951447500,7.4571072500,7.7410587500,7608130,85996926.0000,0.169084,-0.951600
2015-10-28,7.7410587500,7.7816232500,7.5517577500,7.5585185000,5871501,66553518.0000,0.130489,-2.358100
2015-10-29,7.5720400000,7.7613410000,7.5382362500,7.6666905000,6004586,68151650.0000,0.133447,1.431100
2015-10-30,7.6937335000,7.7816232500,7.6261260000,7.7072550000,5630705,64193511.0000,0.125138,0.529100
2015-11-02,7.7140157500,7.9438812500,7.5923222500,7.8086662500,9755161,113309266.0000,0.216800,1.315800
2015-11-03,7.8289485000,7.9641635000,7.7748625000,7.8830345000,9162623,107033836.0000,0.203631,0.952400
2015-11-04,7.8830345000,8.1061392500,7.8830345000,8.0858570000,20385910,241665996.0000,0.453060,2.572900
2015-11-05,8.0114887500,8.3562870000,8.0114887500,8.2751580000,31165099,378585728.0000,0.692618,2.341100
2015-11-06,8.2481150000,8.2683972500,8.0790962500,8.2278327500,18499352,223596607.0000,0.411132,-0.571900
2015-11-09,8.1129000000,8.3562870000,8.0993785000,8.2413542500,16366966,199419305.0000,0.363742,0.164300
2015-11-10,8.2075505000,8.2954402500,8.0317710000,8.2819187500,16068925,193931769.0000,0.357118,0.492200
2015-11-11,8.2481150000,8.3292440000,8.1467037500,8.2886795000,12338346,150733012.0000,0.274209,0.081600
2015-11-12,8.2751580000,8.4509375000,8.1129000000,8.4374160000,19064060,234865986.0000,0.423683,1.794400
2015-11-13,8.3495262500,8.4847412500,8.2481150000,8.3562870000,15511162,192701552.0000,0.344722,-0.961500
2015-11-16,8.2278327500,8.7754535000,8.1872682500,8.7551712500,15395331,193784035.0000,0.342148,4.773500
2015-11-17,8.6943245000,8.9512330000,8.5996740000,8.8430610000,38914590,506688912.0000,0.864844,1.003900
2015-11-18,8.8363002500,9.6611117500,8.7551712500,9.2013807500,72265985,976699024.0000,1.606050,4.052000
2015-11-19,9.0323620000,9.2960312500,8.9241900000,9.2216630000,47047436,633764512.0000,1.045589,0.220400
2015-11-20,9.1134910000,9.3298350000,9.0594050000,9.2487060000,43089002,587778624.0000,0.957616,0.293300
2015-11-23,9.1608162500,9.3703995000,9.0594050000,9.1810985000,28972920,394440816.0000,0.643898,-0.731000
2015-11-24,9.0999695000,9.2960312500,9.0526442500,9.2825097500,38392432,521504288.0000,0.853239,1.104600
2015-11-25,9.2284237500,9.3906817500,9.1878592500,9.2487060000,25326194,347913200.0000,0.562853,-0.364200
2015-11-26,9.2892705000,9.3027920000,8.8633432500,9.1067302500,18429347,247747511.0000,0.409577,-1.535100
2015-11-27,8.9917975000,9.0188405000,8.4712197500,8.7686927500,15972016,207741693.0000,0.354964,-3.712000
2015-11-30,8.6267170000,8.9850367500,8.6267170000,8.9715152500,22852930,298736864.0000,0.507887,2.313000
2015-12-01,8.8768647500,9.5597005000,8.7957357500,9.2284237500,50346754,683164992.0000,1.118914,2.863600
2015-12-02,8.9917975000,9.5799827500,8.7010852500,9.3163135000,53071212,720887920.0000,1.179463,0.952400
2015-12-03,9.2622275000,9.5597005000,8.9579937500,9.2960312500,36031887,492589568.0000,0.800778,-0.217700
2015-12-04,9.0594050000,9.2013807500,8.8227787500,8.8701040000,28581835,381461296.0000,0.635207,-4.581800
2015-12-07,8.7889750000,8.8836255000,8.3968515000,8.5658702500,28234174,356915776.0000,0.627480,-3.429900
2015-12-08,8.4847412500,8.9579937500,8.4509375000,8.7416497500,31186027,402423120.0000,0.693083,2.052100
2015-12-09,8.8092572500,9.2487060000,8.7957357500,8.9106685000,32000948,424967952.0000,0.711194,1.933500
2015-12-10,8.7889750000,9.0323620000,8.5929132500,8.8430610000,28597509,373432496.0000,0.635555,-0.758700
2015-12-11,8.7619320000,9.0256012500,8.6064347500,8.8295395000,16812126,219986747.0000,0.373635,-0.152900
2015-12-14,8.8227787500,9.1202517500,8.7889750000,8.9647545000,24368416,322352352.0000,0.541567,1.531400
2015-12-15,9.0594050000,9.4244855000,9.0594050000,9.3568780000,39909901,545988192.0000,0.886964,4.374100
2015-12-16,9.3501172500,9.3568780000,9.0594050000,9.1337732500,22903863,310536224.0000,0.509019,-2.384400
2015-12-17,9.1946200000,9.8030875000,9.1405340000,9.4582892500,54027588,757581872.0000,1.200717,3.552900
2015-12-18,9.4312462500,9.5529397500,9.0999695000,9.1608162500,39235911,540899952.0000,0.871985,-3.145100
2015-12-21,9.4244855000,10.0802782500,9.3703995000,10.0802782500,72234626,1051288240.0000,1.605353,10.036900
2015-12-22,10.4791625000,11.0876300000,10.3845120000,10.9524150000,183394405,2965044464.0000,4.075785,8.651900
2015-12-23,10.6819850000,11.2769310000,10.5805737500,11.2228450000,161458086,2620172400.0000,3.588269,2.469100
2015-12-24,10.9321327500,10.9456542500,10.1005605000,10.2154932500,98872151,1518530528.0000,2.197349,-8.975900
2015-12-25,10.2628185000,10.4656410000,10.0464745000,10.3507082500,63526173,960987744.0000,1.411815,1.323600
2015-12-28,10.2763400000,10.2898615000,9.7219585000,9.7895660000,67448149,990794800.0000,1.498978,-5.421300
2015-12-29,9.7354800000,9.9383025000,9.4853322500,9.8571735000,52654199,755187520.0000,1.170195,0.690600
2015-12-30,9.7490015000,9.9044987500,9.5461790000,9.8030875000,34826271,499331936.0000,0.773984,-0.548700
2015-12-31,9.7219585000,9.7760445000,9.2284237500,9.3298350000,33600263,476188432.0000,0.746737,-4.827600
2016-01-04,9.2284237500,9.2487060000,8.3968515000,8.3968515000,34813071,450124608.0000,0.773691,-10.000000
2016-01-05,7.9776850000,8.3698085000,7.8086662500,8.3022010000,48366039,581755648.0000,1.074894,-1.127200
2016-01-06,8.3022010000,8.6537600000,8.1669860000,8.6199562500,43691178,548228048.0000,0.970999,3.827400
2016-01-07,8.3224832500,8.4306552500,7.7613410000,7.8289485000,13829300,167519741.0000,0.307344,-9.176500
2016-01-08,8.0114887500,8.6131955000,7.7748625000,8.5388272500,57363250,708644352.0000,1.274849,9.067400
2016-01-11,8.3089617500,8.5320665000,8.1331822500,8.4982627500,74153987,917769888.0000,1.648009,-0.475100
2016-01-12,8.6131955000,9.3501172500,8.4171337500,9.3501172500,79037365,1068546464.0000,1.756538,10.023900
2016-01-13,9.3501172500,9.3501172500,9.3501172500,9.3501172500,0,0.0000,,0.000000
2016-01-14,8.6672815000,10.1749287500,8.4441767500,9.9180202500,79103996,1132828176.0000,1.758019,6.073800
2016-01-15,9.8030875000,10.6549420000,9.4109640000,10.1276035000,83926504,1265703808.0000,1.865195,2.113200
2016-01-18,9.7354800000,10.8104392500,9.5529397500,10.4115550000,79982065,1241901024.0000,1.777533,2.803700
2016-01-19,10.3845120000,10.7698747500,10.1681680000,10.6143775000,69771838,1091556112.0000,1.550620,1.948100
2016-01-20,10.5467700000,10.6549420000,9.9044987500,10.0802782500,65687030,999678672.0000,1.459838,-5.031800
2016-01-21,9.8368912500,10.4656410000,9.4650500000,10.3101437500,65545155,983620672.0000,1.456685,2.280300
2016-01-22,10.2154932500,10.6008560000,9.9653455000,10.3033830000,53929728,820672464.0000,1.198542,-0.065600
2016-01-25,10.1411250000,10.5602915000,10.0735175000,10.4115550000,90804513,1388657072.0000,2.018053,1.049900
2016-01-26,10.3304260000,10.6549420000,10.1749287500,10.4318372500,85987808,1325319232.0000,1.911006,0.194800
2016-01-27,10.1411250000,10.6143775000,9.8166090000,10.6076167500,61406607,930873664.0000,1.364334,1.685000
2016-01-28,10.6346597500,10.7225495000,10.3236652500,10.5062055000,76030721,1182791408.0000,1.689253,-0.956000
2016-01-29,10.2966222500,11.0200225000,10.1073212500,10.9456542500,64171336,1018272848.0000,1.425761,4.182800
2016-02-01,10.8577645000,11.1619982500,10.7360710000,10.8104392500,68882371,1114006352.0000,1.530430,-1.235300
2016-02-02,10.7360710000,10.9456542500,10.5602915000,10.8983290000,69495548,1112532112.0000,1.544054,0.813000
2016-02-03,11.0132617500,11.1079122500,10.6143775000,10.8510037500,51498489,827067104.0000,1.144195,-0.434300
2016-02-04,10.7563532500,10.9050897500,10.3439475000,10.6887457500,38379240,605973584.0000,0.852711,-1.495300
2016-02-05,10.6008560000,10.6143775000,9.6678725000,9.7219585000,18874768,279324656.0000,0.419360,-9.044900
2016-02-15,9.4582892500,10.1140820000,9.3433565000,9.9923885000,21280467,313694032.0000,0.472810,2.781600
2016-02-16,9.8774557500,10.2425362500,9.8774557500,10.0532352500,18150797,271556544.0000,0.403275,0.608900
2016-02-17,10.1614072500,10.1614072500,9.6678725000,10.0397137500,19950722,291913632.0000,0.443266,-0.134500
2016-02-18,10.1208427500,10.2087325000,9.8098482500,9.8639342500,24133488,354569120.0000,0.536199,-1.750800
2016-02-19,9.8639342500,10.0735175000,9.7692837500,10.0599960000,32015860,468758688.0000,0.711329,1.987700
2016-02-22,10.1546465000,10.2290147500,10.0329530000,10.0667567500,25142228,376089696.0000,0.558611,0.067200
2016-02-23,10.0329530000,10.1411250000,9.8571735000,10.0261922500,18368588,272608336.0000,0.408114,-0.403000
2016-02-24,9.9383025000,10.0397137500,9.8706950000,9.9653455000,15292785,225720350.0000,0.339776,-0.606900
2016-02-25,9.9518240000,10.0059100000,9.1946200000,9.6678725000,20856827,300839072.0000,0.463398,-2.985100
2016-02-26,9.4718107500,9.7692837500,9.4718107500,9.6678725000,14153032,202234068.0000,0.314452,0.000000
2016-02-29,9.7084370000,9.8842165000,9.4109640000,9.6543510000,21802250,310372448.0000,0.484403,-0.139900
2016-03-01,9.7625230000,9.7828052500,9.4920930000,9.5461790000,30687063,436575520.0000,0.681806,-1.120400
2016-03-02,9.3298350000,9.6678725000,8.7889750000,9.5394182500,75053689,1049363136.0000,1.667545,-0.070800
2016-03-03,9.5664612500,9.5664612500,9.1608162500,9.2216630000,44011953,605643648.0000,0.977859,-3.331000
2016-03-04,8.9985582500,9.1675770000,8.8430610000,9.0188405000,44333984,592942576.0000,0.985014,-2.199400
2016-03-07,9.0188405000,9.1270125000,8.8160180000,8.8701040000,23125951,306094576.0000,0.513813,-1.649200
2016-03-08,8.8701040000,8.8701040000,8.2345935000,8.4644590000,28278613,354149184.0000,0.628295,-4.573200
2016-03-09,8.3698085000,8.3765692500,8.1669860000,8.2751580000,22451397,274400352.0000,0.498826,-2.236400
2016-03-10,8.3157225000,8.5185450000,8.1737467500,8.2345935000,29573305,367880848.0000,0.657061,-0.490200
2016-03-11,8.1196607500,8.1602252500,7.9168382500,8.0858570000,19014452,226084710.0000,0.422464,-1.806200
2016-03-14,8.1940290000,8.2751580000,8.1129000000,8.1399430000,46080897,558755232.0000,1.023827,0.668900
2016-03-15,8.0858570000,8.1061392500,7.8424700000,7.8762737500,34494935,405110768.0000,0.766409,-3.239200
2016-03-16,7.9574027500,7.9912065000,7.8357092500,7.9776850000,48552687,570042448.0000,1.078745,1.287600
2016-03-17,7.9776850000,8.0655747500,7.8830345000,8.0250102500,38748430,458512048.0000,0.860914,0.593200
2016-03-18,8.0452925000,8.3698085000,8.0047280000,8.2954402500,57414470,693285424.0000,1.275636,3.369800
2016-03-21,8.3427655000,8.5117842500,8.2616365000,8.4103730000,50947474,631763824.0000,1.131952,1.385500
2016-03-22,8.3157225000,8.3630477500,8.2616365000,8.3089617500,27856296,342236464.0000,0.618912,-1.205800
2016-03-23,8.2819187500,8.3630477500,8.1805075000,8.2345935000,22752586,278012368.0000,0.505518,-0.895000
2016-03-24,8.2278327500,8.2345935000,8.0655747500,8.0790962500,24791846,298127920.0000,0.550826,-1.888300
2016-03-25,8.0452925000,8.2210720000,8.0182495000,8.1669860000,23741353,285239520.0000,0.527486,1.087900
2016-03-28,8.1669860000,8.2007897500,7.9033167500,7.9235990000,27528457,327479664.0000,0.611628,-2.980100
2016-03-29,7.9303597500,7.9438812500,7.7072550000,7.7478195000,22870209,264130568.0000,0.508131,-2.218400
2016-03-30,7.8086662500,7.9912065000,7.7951447500,7.8965560000,28299296,330030368.0000,0.628755,1.919700
2016-03-31,7.9574027500,7.9641635000,7.8289485000,7.8559915000,26668446,311094928.0000,0.592520,-0.513700
2016-04-01,7.8559915000,8.0114887500,7.7072550000,8.0047280000,31937635,371353456.0000,0.709591,1.893300
2016-04-05,8.0655747500,8.2413542500,8.0317710000,8.1399430000,39550778,477179712.0000,0.878740,1.689200
2016-04-06,8.1467037500,8.2075505000,8.0317710000,8.1331822500,30164916,362487120.0000,0.670205,-0.083100
2016-04-07,8.1669860000,8.1940290000,8.0385317500,8.0655747500,25772138,308335120.0000,0.572606,-0.831300
2016-04-08,7.9844457500,8.1399430000,7.9303597500,8.1196607500,22535482,268731248.0000,0.500694,0.670600
2016-04-11,8.1805075000,8.2210720000,8.0790962500,8.1196607500,28320406,340907232.0000,0.629224,0.000000
2016-04-12,8.1129000000,8.1129000000,7.9776850000,8.0452925000,16812593,199747771.0000,0.373543,-0.915900
2016-04-13,8.0993785000,8.1534645000,8.0520532500,8.0655747500,28953874,347297792.0000,0.643298,0.252100
2016-04-14,8.1061392500,8.1129000000,8.0588140000,8.1061392500,16220591,193958196.0000,0.360390,0.502900
2016-04-15,8.1129000000,8.1331822500,8.0452925000,8.0858570000,15494902,185230341.0000,0.344266,-0.250200
2016-04-18,8.0655747500,8.0655747500,7.9506420000,7.9709242500,12725725,150318313.0000,0.282741,-1.421400
2016-04-19,7.9912065000,8.0452925000,7.9641635000,7.9844457500,11484089,135747555.0000,0.255154,0.169600
2016-04-20,8.0182495000,8.0182495000,7.4571072500,7.8019055000,25826070,296568080.0000,0.573804,-2.286200
2016-04-21,7.8019055000,7.8086662500,7.6464082500,7.6802120000,9798445,112194393.0000,0.217702,-1.559800
2016-04-22,7.6058437500,8.3089617500,7.5788007500,8.2143112500,37269891,444459840.0000,0.828064,6.954200
2016-04-25,8.1737467500,8.1737467500,7.9776850000,8.0114887500,20074764,239067459.0000,0.446022,-2.469100
2016-04-26,7.9912065000,8.0790962500,7.9506420000,8.0182495000,12717727,150711508.0000,0.282563,0.084400
2016-04-27,8.0317710000,8.2007897500,8.0182495000,8.1129000000,21856462,262780260.0000,0.485607,1.180400
2016-04-28,8.1264215000,8.3562870000,8.0520532500,8.3022010000,32059831,389710192.0000,0.712306,2.333300
2016-04-29,8.3157225000,8.3495262500,8.1669860000,8.2143112500,20674912,253201175.0000,0.459356,-1.058600
2016-05-03,8.2143112500,8.2548757500,8.1129000000,8.2210720000,20593219,249452899.0000,0.457541,0.082300
2016-05-04,8.2075505000,8.2616365000,8.1467037500,8.1805075000,19015791,230900510.0000,0.422493,-0.493400
2016-05-05,8.1602252500,8.2007897500,8.1399430000,8.1669860000,21125030,255382650.0000,0.469357,-0.165300
2016-05-06,8.1737467500,8.1805075000,8.0588140000,8.0858570000,27655528,331832320.0000,0.614451,-0.993400
2016-05-09,8.0452925000,8.1805075000,7.9303597500,8.0317710000,40340984,480775040.0000,0.896297,-0.668900
2016-05-10,7.9776850000,8.0858570000,7.9438812500,7.9506420000,26732420,317109152.0000,0.593942,-1.010100
2016-05-11,7.9844457500,8.0520532500,7.9506420000,7.9912065000,27520512,325770336.0000,0.611452,0.510200
2016-05-12,8.0047280000,8.0385317500,7.9438812500,7.9979672500,15183345,179605272.0000,0.337344,0.084600
2016-05-13,7.9641635000,8.0385317500,7.7816232500,7.7951447500,13906966,162176349.0000,0.308985,-2.535900
2016-05-16,7.7410587500,7.8019055000,7.5720400000,7.7748625000,10230318,116586911.0000,0.227297,-0.260200
2016-05-17,7.7410587500,7.8086662500,7.6802120000,7.7613410000,6998629,80188274.0000,0.155496,-0.173900
2016-05-18,7.7342980000,7.7478195000,7.5990830000,7.7004942500,10110508,114741145.0000,0.224636,-0.784000
2016-05-19,7.6869727500,7.7342980000,7.5720400000,7.5855615000,7706074,87333422.0000,0.171214,-1.492500
2016-05-20,7.5449970000,7.5652792500,7.4773895000,7.5111932500,9917443,110343974.0000,0.220346,-0.980400
2016-05-23,7.5314755000,7.6734512500,7.5179540000,7.5788007500,8711389,97749918.0000,0.193550,0.900100
2016-05-24,7.5855615000,7.5855615000,7.4773895000,7.5247147500,5803370,64482880.0000,0.128939,-0.713600
2016-05-25,7.5449970000,7.5788007500,7.4368250000,7.5044325000,9651907,107157973.0000,0.214446,-0.269500
2016-05-26,7.5044325000,7.5044325000,7.3489352500,7.4300642500,12518522,137150445.0000,0.278137,-0.991000
2016-05-27,7.4165427500,7.4233035000,7.3624567500,7.3759782500,6826380,74694608.0000,0.151669,-0.727900
2016-05-30,7.3624567500,7.3827390000,7.2813277500,7.3624567500,7290275,79240776.0000,0.161976,-0.183300
2016-05-31,7.3759782500,7.5585185000,7.3556960000,7.5382362500,17958748,198766724.0000,0.399008,2.387500
2016-06-01,7.5449970000,7.5652792500,7.4435857500,7.4571072500,12918023,143514898.0000,0.287013,-1.076200
2016-06-02,7.4706287500,7.4909110000,7.4165427500,7.4435857500,13047899,143741479.0000,0.289899,-0.181300
2016-06-03,7.4571072500,7.4841502500,7.4030212500,7.4368250000,16659606,183322793.0000,0.370144,-0.090800
2016-06-06,7.4503465000,7.6126045000,7.4165427500,7.5314755000,21126432,234325619.0000,0.469388,1.272700
2016-06-07,7.5314755000,7.5585185000,7.4638680000,7.4909110000,12632773,140039184.0000,0.280675,-0.538600
2016-06-08,7.4638680000,7.5517577500,7.4368250000,7.5314755000,28328158,315256704.0000,0.629396,0.541500
2016-06-13,7.4706287500,7.4773895000,7.3354137500,7.3827390000,16486608,180812573.0000,0.366300,-1.974900
2016-06-14,7.3489352500,7.3894997500,7.2813277500,7.3489352500,19447176,211248935.0000,0.432078,-0.457900
2016-06-15,7.2204810000,7.3962605000,7.2204810000,7.3556960000,12809300,139001373.0000,0.284597,0.092000
2016-06-16,7.3489352500,7.4706287500,7.3016100000,7.4030212500,21998906,241213890.0000,0.488772,0.643400
2016-06-17,7.3962605000,7.4233035000,7.3354137500,7.3692175000,10102665,110437888.0000,0.224461,-0.456600
2016-06-20,7.3286530000,7.4368250000,7.3218922500,7.3624567500,11415313,124747802.0000,0.253626,-0.091700
2016-06-21,7.3759782500,7.3962605000,7.2204810000,7.2407632500,8974976,97164960.0000,0.199406,-1.652900
2016-06-22,7.2137202500,7.2475240000,7.1393520000,7.2069595000,9091511,96561429.0000,0.201995,-0.466900
2016-06-23,7.2001987500,7.2069595000,7.1461127500,7.1663950000,4840144,51335087.0000,0.107538,-0.562800
2016-06-24,7.1799165000,7.2272417500,6.7945537500,6.9770940000,10594818,110737412.0000,0.235396,-2.641500
2016-06-27,6.8824435000,7.0176585000,6.8824435000,7.0041370000,9455142,97833229.0000,0.210075,0.387600
2016-06-28,6.9973762500,7.0108977500,6.9500510000,7.0041370000,8284588,85671030.0000,0.184067,0.000000
2016-06-29,7.0311800000,7.0785052500,6.9432902500,7.0514622500,46573074,483368960.0000,1.034762,0.675700
2016-06-30,7.0447015000,7.0447015000,6.9973762500,7.0041370000,14477374,150366808.0000,0.321659,-0.671100
2016-07-01,7.0108977500,7.0447015000,6.9973762500,7.0041370000,11830091,122817521.0000,0.262841,0.000000
2016-07-04,6.9568117500,7.1325912500,6.9162472500,7.1123090000,29007923,304068480.0000,0.644499,1.544400
2016-07-05,7.0987875000,7.1866772500,7.0987875000,7.1461127500,29566781,311895904.0000,0.656916,0.475300
2016-07-06,7.2880885000,7.3556960000,7.2069595000,7.2678062500,43750622,472024560.0000,0.972053,1.702900
2016-07-07,7.2137202500,7.2137202500,7.0649837500,7.1528735000,20227298,213808384.0000,0.449411,-1.581400
2016-07-08,7.1799165000,7.1799165000,7.0649837500,7.0717445000,16841687,176974784.0000,0.374189,-1.134200
2016-07-11,7.0582230000,7.1055482500,7.0108977500,7.0311800000,18437254,192497226.0000,0.409639,-0.573600
2016-07-12,7.0447015000,7.1866772500,6.9568117500,7.1731557500,27244791,285161568.0000,0.605326,2.019200
2016-07-13,7.1663950000,7.4165427500,7.1393520000,7.3827390000,55060109,596265072.0000,1.223327,2.921800
2016-07-14,7.3421745000,7.3624567500,7.2407632500,7.2880885000,22727693,245426033.0000,0.504965,-1.282100
2016-07-15,7.2610455000,7.3556960000,7.2542847500,7.3016100000,16089036,173689761.0000,0.357467,0.185500
2016-07-18,7.2745670000,7.3286530000,7.2340025000,7.2542847500,16467385,177390126.0000,0.365873,-0.648200
2016-07-19,7.2745670000,7.2813277500,7.0311800000,7.0987875000,22827618,241180127.0000,0.507185,-2.143500
2016-07-20,7.1393520000,7.1596342500,7.0582230000,7.0987875000,15884056,167188252.0000,0.352912,0.000000
2016-07-21,7.1190697500,7.1866772500,7.0717445000,7.1055482500,13659923,144105789.0000,0.303497,0.095200
2016-07-22,7.1123090000,7.1461127500,7.0717445000,7.1393520000,11224317,118082776.0000,0.249382,0.475700
2016-07-25,7.1461127500,7.2137202500,7.1190697500,7.1663950000,16930974,179384752.0000,0.376173,0.378800
2016-07-26,7.1934380000,7.2610455000,7.1731557500,7.2340025000,30365415,324061632.0000,0.674660,0.943400
2016-07-27,7.1988100800,7.2410318400,6.7554816000,6.9173316800,37720779,374093872.0000,0.838081,-4.377400
2016-07-28,6.9102947200,6.9243686400,6.7484446400,6.8610360000,15644172,152161257.0000,0.347583,-0.813800
2016-07-29,6.8539990400,6.8610360000,6.7765924800,6.8188142400,9607283,93151372.0000,0.213455,-0.615400
2016-08-01,6.7906664000,6.7977033600,6.6217793600,6.7132598400,10558674,100525774.0000,0.234593,-1.548000
2016-08-02,6.6991859200,6.7977033600,6.6921489600,6.7765924800,7329236,70266908.0000,0.162841,0.943400
2016-08-03,6.7695555200,6.8891838400,6.7343707200,6.8469620800,10391431,101071779.0000,0.230877,1.038400
2016-08-04,6.8469620800,7.0299230400,6.7977033600,7.0017752000,20808345,205228698.0000,0.462320,2.261100
2016-08-05,7.0791817600,7.2621427200,6.9806643200,7.1425144000,69442225,703996336.0000,1.542869,2.010000
2016-08-08,7.1002926400,7.5295472000,7.0580708800,7.3325123200,67283782,701902816.0000,1.494913,2.660100
2016-08-09,7.3536232000,7.4591776000,7.2621427200,7.3114014400,35694392,371609600.0000,0.793059,-0.287900
2016-08-10,7.2832536000,7.3114014400,7.1565883200,7.1706622400,20409555,208830857.0000,0.453460,-1.924900
2016-08-11,7.1565883200,7.1917731200,7.0510339200,7.0651078400,22716538,230121815.0000,0.504717,-1.472000
2016-08-12,7.0721448000,7.7688038400,7.0369600000,7.7688038400,62404984,657544976.0000,1.386516,9.960200
2016-08-15,8.5358324800,8.5428694400,8.3599084800,8.5428694400,78790918,955765456.0000,1.750579,9.963800
2016-08-16,9.3943416000,9.3943416000,8.9017544000,9.0847153600,290185328,3816147568.0000,6.447346,6.342700
2016-08-17,8.8665696000,8.8665696000,8.3599084800,8.4584259200,190652635,2322864512.0000,4.235926,-6.893900
2016-08-18,8.4584259200,9.3028611200,8.4443520000,8.8384217600,244933178,3092247072.0000,5.441932,4.492500
2016-08-19,8.6202760000,9.1128632000,8.4795368000,8.8595326400,139728265,1751188704.0000,3.104487,0.238900
2016-08-22,8.7821260800,8.8947174400,8.3950932800,8.4654628800,95066205,1160886560.0000,2.112184,-4.448000
2016-08-23,8.4724998400,8.5076846400,8.1558366400,8.2825019200,83152948,982955136.0000,1.847495,-2.161300
2016-08-24,8.2754649600,8.3950932800,8.0995409600,8.3176867200,62755137,736442000.0000,1.394295,0.424800
2016-08-25,8.1628736000,8.1628736000,7.8180625600,7.9799126400,96499073,1089726576.0000,2.144019,-4.060900
2016-08-26,8.0221344000,8.1417627200,7.9658387200,8.0854670400,89784869,1030489728.0000,1.994843,1.322700
2016-08-29,8.0291713600,8.1769475200,8.0291713600,8.1347257600,30165304,347349920.0000,0.670214,0.609200
2016-08-30,8.0995409600,8.2050953600,8.0643561600,8.1628736000,35340631,409118768.0000,0.785199,0.346000
2016-08-31,8.1347257600,8.6906456000,8.1065779200,8.4513889600,86855967,1046378464.0000,1.929768,3.534500
2016-09-01,8.2684280000,8.3036128000,8.0713931200,8.1136148800,62903990,727788064.0000,1.397603,-3.996700
2016-09-02,8.0502822400,8.4162041600,8.0291713600,8.3810193600,47354462,556194176.0000,1.052123,3.295800
2016-09-05,8.4443520000,8.4443520000,8.2402801600,8.3247236800,23972270,283061632.0000,0.532617,-0.671704
2016-09-06,8.3036128000,8.4443520000,8.2121323200,8.3739824000,21007943,248920514.0000,0.466755,0.591713
2016-09-07,8.3247236800,8.4724998400,8.2473171200,8.4162041600,27589409,328943568.0000,0.612982,0.504205
2016-09-08,8.3599084800,8.6132390400,8.3387976000,8.4302780800,22992191,277136880.0000,0.510841,0.167220
2016-09-09,8.4021302400,8.5780542400,8.3739824000,8.4091672000,25473853,307554864.0000,0.565979,-0.250415
2016-09-12,8.1628736000,8.6413868800,8.0995409600,8.6273129600,44558077,534453040.0000,0.989993,2.594146
2016-09-13,8.5850912000,8.6062020800,8.4443520000,8.5076846400,21366711,258260968.0000,0.474726,-1.386624
2016-09-14,8.4513889600,8.5428694400,8.3810193600,8.4443520000,17717530,212976048.0000,0.393649,-0.744418
2016-09-19,8.4302780800,8.4865737600,8.3880563200,8.4443520000,22011681,264242088.0000,0.489056,0.000000
2016-09-20,8.4795368000,8.5780542400,8.4091672000,8.4936107200,19512779,235782942.0000,0.433535,0.583331
2016-09-21,8.5076846400,8.5428694400,8.4302780800,8.5076846400,18861918,227150485.0000,0.419075,0.165704
2016-09-22,8.5499064000,8.9932348800,8.5217585600,8.7750891200,52896993,662902784.0000,1.175267,3.143095
2016-09-23,8.6836086400,8.6906456000,8.4302780800,8.4584259200,22769793,275393952.0000,0.505900,-3.608659
2016-09-26,8.3739824000,8.5006476800,8.3458345600,8.4373150400,17730351,212746329.0000,0.393933,-0.249590
2016-09-27,8.3880563200,8.6624977600,8.3880563200,8.5147216000,15310332,185851286.0000,0.340165,0.917436
2016-09-28,8.5428694400,8.6484238400,8.4443520000,8.4513889600,13792481,166613040.0000,0.306442,-0.743803
2016-09-29,8.4443520000,8.8313848000,8.4091672000,8.5569433600,26453697,319152224.0000,0.587749,1.248956
2016-09-30,8.5358324800,8.6624977600,8.3810193600,8.4373150400,15801484,191471717.0000,0.351078,-1.398027
2016-10-10,8.1136148800,8.4654628800,8.0925040000,8.4443520000,30331953,358130960.0000,0.673916,0.083405
2016-10-11,8.4162041600,8.5499064000,8.3528715200,8.4443520000,15030775,180630083.0000,0.333954,0.000000
2016-10-12,8.4302780800,8.4584259200,8.3739824000,8.4513889600,15273278,183222799.0000,0.339342,0.083335
2016-10-13,8.4513889600,8.4795368000,8.2402801600,8.3036128000,12203224,144617236.0000,0.271132,-1.748543
2016-10-14,8.2825019200,8.3247236800,8.0925040000,8.1206518400,18577813,215391321.0000,0.412762,-2.203392
2016-10-17,8.1417627200,8.1769475200,8.0643561600,8.0713931200,9817916,113218271.0000,0.218135,-0.606583
2016-10-18,8.0643561600,8.1628736000,8.0150974400,8.1136148800,14498564,166504886.0000,0.322130,0.523099
2016-10-19,8.1136148800,8.1628736000,8.0925040000,8.1347257600,8552636,98972263.0000,0.190023,0.260197
2016-10-20,8.0995409600,8.3036128000,8.0643561600,8.2613910400,11729000,136875640.0000,0.260595,1.557088
2016-10-21,8.3036128000,8.3247236800,8.1839844800,8.3036128000,16587394,195452440.0000,0.368539,0.511077
2016-10-24,8.3176867200,8.3317606400,8.2754649600,8.3176867200,11390971,134579540.0000,0.253085,0.169487
2016-10-25,8.3387976000,8.3599084800,8.3036128000,8.3247236800,8650731,102217439.0000,0.192202,0.084604
2016-10-26,8.3106497600,8.3317606400,8.2895388800,8.3106497600,8363059,98757464.0000,0.185811,-0.169057
2016-10-27,8.3036128000,8.3528715200,8.2965758400,8.3036128000,9605479,113425384.0000,0.213415,-0.084676
2016-10-28,8.3247236800,8.5780542400,8.2965758400,8.3950932800,30350775,361481904.0000,0.674334,1.101696
2016-10-31,8.3739824000,8.4795368000,8.2684280000,8.4373150400,14030454,167994544.0000,0.311729,0.502929
2016-11-01,8.4724998400,8.4936107200,8.4162041600,8.4584259200,13138834,157744196.0000,0.291919,0.250214
2016-11-02,8.4232411200,8.5217585600,8.4162041600,8.4513889600,11505112,138369635.0000,0.255621,-0.083197
2016-11-03,8.4302780800,8.5147216000,8.4232411200,8.5006476800,7110563,85698112.0000,0.157983,0.582845
2016-11-04,8.5076846400,8.7047195200,8.5076846400,8.5217585600,7673003,93565456.0000,0.170479,0.248342
2016-11-07,8.5217585600,8.5287955200,8.3950932800,8.4443520000,8576425,103000361.0000,0.190551,-0.908337
2016-11-08,8.4443520000,8.5076846400,8.4373150400,8.4584259200,5502782,66177898.0000,0.122261,0.166670
2016-11-09,8.4865737600,8.6836086400,8.4232411200,8.5428694400,17346999,211012169.0000,0.385416,0.998335
2016-11-10,8.5147216000,8.5991651200,8.4513889600,8.5569433600,9838977,119358353.0000,0.218603,0.164741
2016-11-11,8.5499064000,8.5569433600,8.4302780800,8.4724998400,10430911,125642009.0000,0.231754,-0.986841
2016-11-14,8.4373150400,8.4865737600,8.4091672000,8.4654628800,6504511,78248452.0000,0.144517,-0.083058
2016-11-15,8.5006476800,8.5991651200,8.4513889600,8.4936107200,11155028,135184884.0000,0.247843,0.332502
2016-11-16,8.4584259200,8.5710172800,8.4513889600,8.5569433600,8548783,103594674.0000,0.189937,0.745652
2016-11-17,8.5358324800,8.6906456000,8.5006476800,8.6695347200,10741696,131576414.0000,0.238659,1.315788
2016-11-18,8.7258304000,8.9158283200,8.5358324800,8.5499064000,14016878,174164692.0000,0.311427,-1.379871
2016-11-21,8.5287955200,8.6695347200,8.4443520000,8.5921281600,10809856,131848662.0000,0.240174,0.493831
2016-11-22,8.5428694400,8.6343499200,8.5217585600,8.5921281600,6838456,83372433.0000,0.151937,0.000000
2016-11-23,8.6413868800,9.4506372800,8.5569433600,9.0636044800,33785281,436165584.0000,0.750642,5.487306
2016-11-24,8.9158283200,9.6828569600,8.8454587200,9.5773025600,42419420,560163072.0000,0.942476,5.667698
2016-11-25,9.4787851200,10.2739616000,9.3943416000,9.7250787200,41993643,587349216.0000,0.933016,1.542983
2016-11-28,9.7039678400,9.9924832000,9.5843395200,9.6898939200,33585606,465963936.0000,0.746206,-0.361789
2016-11-29,9.6335982400,10.2317398400,9.5561916800,10.2035920000,33601506,470885536.0000,0.746559,5.301376
2016-11-30,10.1332224000,10.5554400000,9.9221136000,10.3232203200,29268660,427309088.0000,0.650292,1.172414
2016-12-01,10.1754441600,10.6258096000,9.9924832000,10.0135940800,42321790,612935776.0000,0.940307,-2.999322
2016-12-02,9.8728548800,9.9502614400,9.6617460800,9.8798918400,23424328,325236640.0000,0.520442,-1.335204
2016-12-05,9.4998960000,9.4998960000,8.9369392000,8.9580500800,19913451,261311334.0000,0.442438,-9.330487
2016-12-06,8.9580500800,9.1339740800,8.9228652800,8.9369392000,10443801,134005322.0000,0.232041,-0.235662
2016-12-07,8.9721240000,9.0706414400,8.8032369600,8.9791609600,8959407,113981356.0000,0.199060,0.472444
2016-12-08,9.0776784000,9.0776784000,8.9650870400,9.0495305600,6970448,89383754.0000,0.154870,0.783694
2016-12-09,9.0776784000,9.2043436800,8.9510131200,9.1128632000,10827239,139922610.0000,0.240560,0.699846
2016-12-12,9.0424936000,9.1128632000,8.8876804800,8.9510131200,18160891,231854870.0000,0.403499,-1.776058
2016-12-13,8.8384217600,9.1128632000,8.7258304000,9.0565675200,5613966,71491880.0000,0.124731,1.179242
2016-12-14,9.0073088000,9.1621219200,8.9861979200,9.0565675200,6906362,89161230.0000,0.153446,0.000000
2016-12-15,9.0565675200,9.2184176000,8.7962000000,9.1410110400,7557065,97868510.0000,0.167903,0.932400
2016-12-16,9.1410110400,9.2113806400,9.0636044800,9.1410110400,7321335,94802997.0000,0.162666,0.000000
2016-12-19,8.8665696000,9.0917523200,8.8665696000,9.0284196800,4801602,61511511.0000,0.106682,-1.231716
2016-12-20,8.9017544000,9.0565675200,8.9017544000,9.0073088000,7554092,96657566.0000,0.167837,-0.233825
2016-12-21,9.0284196800,9.0776784000,8.9017544000,8.9721240000,5244457,66962764.0000,0.116521,-0.390626
2016-12-22,8.9650870400,9.0424936000,8.8736065600,9.0354566400,3699322,47167948.0000,0.082192,0.705884
2016-12-23,9.0073088000,9.0565675200,8.9369392000,8.9439761600,2785310,35597018.0000,0.061884,-1.012462
2016-12-26,8.9017544000,8.9510131200,8.6273129600,8.8665696000,3866655,48147356.0000,0.085666,-0.865458
2016-12-27,8.8243478400,9.0424936000,8.8102739200,8.9299022400,3438160,43721490.0000,0.076173,0.714279
2016-12-28,8.8736065600,9.0143457600,8.8032369600,8.9721240000,5516640,69970140.0000,0.122222,0.472817
2016-12-29,8.9580500800,9.0424936000,8.9158283200,9.0354566400,3340239,42831441.0000,0.074003,0.705884
2016-12-30,9.0354566400,9.6265612800,9.0354566400,9.1199001600,7950349,105353334.0000,0.176141,0.934579
2017-01-03,9.1410110400,9.4084155200,9.0565675200,9.3239720000,6125538,80391536.0000,0.135712,2.237654
2017-01-04,9.3521198400,9.3802676800,9.1480480000,9.2747132800,5390779,70765552.0000,0.119433,-0.528300
2017-01-05,9.2747132800,9.2817502400,9.0213827200,9.0424936000,5681532,73608341.0000,0.125875,-2.503793
2017-01-06,9.0354566400,9.1339740800,8.9158283200,9.1058262400,5367170,68816621.0000,0.118910,0.700383
2017-01-09,9.0354566400,9.0776784000,8.9369392000,8.9510131200,4375831,55875083.0000,0.096947,-1.700149
2017-01-10,8.9228652800,9.0143457600,8.9087913600,8.9580500800,3380921,43046342.0000,0.074905,0.078611
2017-01-11,8.9580500800,9.0213827200,8.6695347200,8.7187934400,3672101,46245592.0000,0.081356,-2.670850
2017-01-12,8.6906456000,8.7891630400,8.6836086400,8.7117564800,2703245,33519073.0000,0.059891,-0.080712
2017-01-13,8.8102739200,8.9017544000,8.5921281600,8.6624977600,3069761,38165037.0000,0.068011,-0.565426
2017-01-16,8.5991651200,8.6554608000,8.3880563200,8.4865737600,11080749,133323900.0000,0.245495,-2.030869
2017-01-17,8.5147216000,8.5428694400,8.4513889600,8.5287955200,3613967,43625618.0000,0.080068,0.497508
2017-01-18,8.5710172800,8.6343499200,8.4936107200,8.6202760000,2879321,35112851.0000,0.063792,1.072608
2017-01-19,8.5780542400,8.7117564800,8.5780542400,8.6624977600,2425446,29868137.0000,0.053736,0.489799
2017-01-20,8.5991651200,8.7610152000,8.5428694400,8.6836086400,2897787,35810298.0000,0.064201,0.243702
2017-01-23,8.6765716800,8.8384217600,8.6695347200,8.7469412800,5148218,64151774.0000,0.114059,0.729337
2017-01-24,8.7821260800,8.8454587200,8.6624977600,8.6765716800,5088834,63239301.0000,0.112744,-0.804508
2017-01-25,8.7610152000,8.9721240000,8.7610152000,8.9510131200,7164955,89795036.0000,0.158740,3.163020
2017-01-26,8.9721240000,8.9932348800,8.8947174400,8.9510131200,3662277,46554815.0000,0.081138,0.000000
2017-02-03,8.9369392000,8.9510131200,8.7962000000,8.8102739200,2828059,35631891.0000,0.062656,-1.572325
2017-02-06,8.7821260800,8.9017544000,8.7821260800,8.8736065600,6529699,82454607.0000,0.144666,0.718843
2017-02-07,8.8665696000,8.8876804800,8.7962000000,8.8524956800,5380032,67852505.0000,0.119195,-0.237904
2017-02-08,8.8665696000,8.8947174400,8.8032369600,8.8665696000,4858103,61154072.0000,0.107632,0.158986
2017-02-09,8.8665696000,8.9721240000,8.8454587200,8.8665696000,8873166,112180937.0000,0.196586,0.000000
2017-02-10,8.8876804800,8.8876804800,8.7750891200,8.8524956800,5801570,72741397.0000,0.128534,-0.158734
2017-02-13,8.8032369600,8.8384217600,8.6413868800,8.7539782400,9159884,113703506.0000,0.202938,-1.112880
2017-02-14,8.7539782400,8.7610152000,8.6343499200,8.6906456000,6749513,83235456.0000,0.149536,-0.723466
2017-02-15,8.6836086400,8.7047195200,8.5499064000,8.5639803200,6150601,75646487.0000,0.136267,-1.457492
2017-02-16,8.5639803200,8.6132390400,8.5569433600,8.5850912000,4841314,59045269.0000,0.107260,0.246506
2017-02-17,8.6132390400,8.6343499200,8.4443520000,8.4724998400,6269062,76163341.0000,0.138892,-1.311474
2017-02-20,8.4513889600,8.5287955200,8.4443520000,8.5217585600,12567177,151766102.0000,0.278427,0.581393
2017-02-21,8.5287955200,8.6413868800,8.5147216000,8.5499064000,14382910,174903134.0000,0.318655,0.330305
2017-02-22,8.5499064000,8.6202760000,8.5287955200,8.5499064000,19382215,235694476.0000,0.429415,0.000000
2017-02-23,8.5499064000,8.5569433600,8.4091672000,8.4443520000,9689716,116721877.0000,0.214677,-1.234565
2017-02-24,8.4091672000,8.5147216000,8.3950932800,8.4865737600,17109293,205960625.0000,0.379058,0.500004
2017-02-27,8.5006476800,8.6062020800,8.4795368000,8.5076846400,30311206,368269200.0000,0.671548,0.248754
2017-02-28,8.5006476800,8.5428694400,8.4584259200,8.5076846400,25778299,311908368.0000,0.571121,0.000000
2017-03-01,8.5076846400,8.5639803200,8.4162041600,8.4443520000,16006189,193007766.0000,0.354619,-0.744418
2017-03-02,8.4443520000,8.4724998400,8.2965758400,8.3317606400,12481521,148645969.0000,0.276529,-1.333332
2017-03-03,8.3036128000,8.4232411200,8.2895388800,8.3599084800,7763065,92251674.0000,0.171992,0.337838
2017-03-06,8.3880563200,8.4443520000,8.3810193600,8.4091672000,11761751,140807590.0000,0.260583,0.589223
2017-03-07,8.4091672000,8.4584259200,8.3176867200,8.4443520000,14360686,171064560.0000,0.318163,0.418412
2017-03-08,8.4513889600,8.5991651200,8.4091672000,8.5639803200,13842077,167867856.0000,0.306673,1.416667
2017-03-09,8.5428694400,8.5428694400,8.3810193600,8.5217585600,10353378,124369374.0000,0.229380,-0.493019
2017-03-10,8.4654628800,8.5639803200,8.4654628800,8.4654628800,8415501,101895786.0000,0.186446,-0.660610
2017-03-13,8.4795368000,8.6273129600,8.3810193600,8.6062020800,19965334,241689812.0000,0.442334,1.662509
2017-03-14,8.5639803200,8.8102739200,8.5358324800,8.6413868800,22104625,271824544.0000,0.489730,0.408832
2017-03-15,8.5921281600,8.6132390400,8.4654628800,8.5076846400,20443472,247187926.0000,0.452927,-1.547228
2017-03-16,8.5287955200,8.5921281600,8.3950932800,8.4091672000,23724308,285009904.0000,0.525615,-1.157985
2017-03-17,8.4443520000,8.4724998400,8.2191692800,8.2402801600,25127083,297444112.0000,0.556693,-2.008366
2017-03-20,8.1910214400,8.1980584000,7.9799126400,8.0573192000,20577722,235127925.0000,0.455902,-2.220326
2017-03-21,8.0502822400,8.0925040000,7.9588017600,8.0362083200,21785270,248699796.0000,0.482655,-0.262006
2017-03-22,8.0080604800,8.0080604800,7.7758408000,7.8321364800,26761129,300015648.0000,0.592896,-2.539404
2017-03-23,7.8462104000,7.8673212800,7.6351016000,7.6984342400,32957060,362056640.0000,0.730167,-1.707103
2017-03-24,7.6913972800,7.6913972800,7.3747340800,7.6280646400,49858062,533734224.0000,1.104611,-0.914072
2017-03-27,7.5788059200,7.6913972800,7.4732515200,7.5295472000,33396997,358750992.0000,0.739914,-1.291516
2017-03-28,7.5576950400,7.6562124800,7.5436211200,7.6139907200,22771645,246224889.0000,0.504508,1.121494
2017-03-29,7.6139907200,7.7054712000,7.5647320000,7.6280646400,14399857,156247676.0000,0.319030,0.184847
2017-03-30,7.6139907200,7.6632494400,7.5225102400,7.6210276800,15483300,166899884.0000,0.343034,-0.092253
2017-03-31,7.6069537600,7.8321364800,7.5928798400,7.8110256000,19556702,214500758.0000,0.433281,2.493079
2017-04-05,8.0432452800,8.0784300800,7.8602843200,7.9165800000,47435516,535904960.0000,1.050939,1.351348
2017-04-06,7.9376908800,7.9588017600,7.8039886400,7.8673212800,31634657,353859472.0000,0.700869,-0.622220
2017-04-07,7.9165800000,7.9306539200,7.8250995200,7.9025060800,33709249,377506560.0000,0.746832,0.447220
2017-04-10,7.9236169600,8.1417627200,7.8813952000,8.0221344000,54886502,625563808.0000,1.216016,1.513803
2017-04-11,8.0221344000,8.2965758400,8.0010235200,8.2825019200,67071308,773874384.0000,1.485972,3.245621
2017-04-12,8.3739824000,8.5569433600,8.2825019200,8.3950932800,65400748,782986416.0000,1.448961,1.359387
2017-04-13,8.3739824000,8.3950932800,8.2121323200,8.3317606400,35677287,420603424.0000,0.790434,-0.754402
2017-04-14,8.2965758400,8.3036128000,8.1558366400,8.2332432000,29135893,339827552.0000,0.645509,-1.182435
2017-04-17,8.1628736000,8.2543540800,8.0925040000,8.2473171200,19692275,228689103.0000,0.436284,0.170944
2017-04-18,8.2402801600,8.2895388800,8.1487996800,8.1558366400,23137512,270680880.0000,0.512614,-1.109216
2017-04-19,8.1206518400,8.2262062400,8.0995409600,8.1769475200,19162844,222173465.0000,0.424555,0.258842
2017-04-20,8.1910214400,8.3106497600,8.1699105600,8.2684280000,19906164,233220566.0000,0.441023,1.118762
2017-04-21,8.2895388800,8.3599084800,8.2050953600,8.3458345600,18262602,214963159.0000,0.404610,0.936167
2017-04-24,8.3387976000,8.4232411200,8.0854670400,8.4162041600,25210139,296367680.0000,0.558533,0.843174
2017-04-25,8.3599084800,8.4584259200,8.3387976000,8.3739824000,15414693,184051680.0000,0.341514,-0.501676
2017-04-26,8.3810193600,8.4724998400,8.3387976000,8.3387976000,13427319,160065557.0000,0.297484,-0.420162
2017-04-27,8.2965758400,8.2965758400,8.0713931200,8.1276888000,20609081,239192031.0000,0.456596,-2.531647
2017-04-28,8.1065779200,8.1276888000,8.0221344000,8.1206518400,13921515,159553788.0000,0.308433,-0.086582
2017-05-02,8.0291713600,8.0573192000,7.8110256000,7.8532473600,27078246,303590928.0000,0.599921,-3.292895
2017-05-03,7.8180625600,7.8462104000,7.6210276800,7.6913972800,27259256,298724704.0000,0.603932,-2.060928
2017-05-04,7.6069537600,7.7195451200,7.5999168000,7.6632494400,20941371,227795882.0000,0.463958,-0.365965
2017-05-05,7.6421385600,7.7054712000,7.5365841600,7.6984342400,22830388,246896316.0000,0.505810,0.459130
2017-05-08,7.6632494400,7.7758408000,7.5928798400,7.7688038400,19087603,208913512.0000,0.422888,0.914080
2017-05-09,7.7336190400,7.7476929600,7.6210276800,7.6421385600,10866296,118559488.0000,0.240744,-1.630438
2017-05-10,7.6562124800,7.7054712000,7.5436211200,7.6280646400,13165845,142658155.0000,0.291691,-0.184158
2017-05-11,7.5858428800,7.7688038400,7.5647320000,7.7265820800,16946022,184505152.0000,0.375441,1.291507
2017-05-12,7.6913972800,7.7758408000,7.6843603200,7.7617668800,7207640,79228390.0000,0.159686,0.455375
2017-05-15,7.7688038400,7.9095430400,7.7406560000,7.8813952000,13622017,151918115.0000,0.301797,1.541252
2017-05-16,7.8462104000,7.9236169600,7.8110256000,7.9025060800,12432165,139304706.0000,0.275436,0.267855
2017-05-17,7.8884321600,7.9517648000,7.8180625600,7.8391734400,11039653,123405938.0000,0.244585,-0.801418
2017-05-18,7.8250995200,7.8673212800,7.7688038400,7.8462104000,8769302,97318586.0000,0.194285,0.089760
2017-05-19,7.8321364800,7.8673212800,7.7828777600,7.8462104000,6862767,76260776.0000,0.152045,0.000000
2017-05-22,7.8462104000,7.8954691200,7.7336190400,7.8813952000,14906664,165627720.0000,0.330259,0.448432
2017-05-23,7.8462104000,8.0010235200,7.8250995200,7.9799126400,15978522,179958248.0000,0.354006,1.250003
2017-05-24,7.9517648000,8.0291713600,7.8673212800,8.0150974400,11121488,125662149.0000,0.246398,0.440919
2017-05-25,8.0713931200,8.4373150400,8.0713931200,8.2473171200,48019661,565211440.0000,1.063881,2.897277
2017-05-26,8.2402801600,8.3036128000,8.1487996800,8.2473171200,20805529,243054397.0000,0.460949,0.000000
2017-05-31,8.4513889600,8.5287955200,8.2754649600,8.3669454400,38358634,456987776.0000,0.849840,1.450513
2017-06-01,8.3036128000,8.4724998400,8.2754649600,8.4584259200,47767829,569733616.0000,1.058301,1.093357
2017-06-02,8.4443520000,8.4795368000,8.3387976000,8.3950932800,27517490,328657728.0000,0.609653,-0.748753
2017-06-05,8.3950988000,8.4025744000,8.1484040000,8.1783064000,31402005,344927856.0000,0.695715,-2.582368
2017-06-06,8.1259772000,8.2680136000,8.0811236000,8.2082088000,18568264,203048054.0000,0.411382,0.365630
2017-06-07,8.2231600000,8.3352940000,8.1708308000,8.2829648000,21682010,239379054.0000,0.480367,0.910750
2017-06-08,8.2605380000,8.4025744000,8.2306356000,8.3876232000,21232164,236230143.0000,0.470401,1.263541
2017-06-09,8.2979160000,8.3876232000,8.2306356000,8.2904404000,21749987,241520270.0000,0.481873,-1.158646
2017-06-12,8.2605380000,8.4474280000,8.2381112000,8.2829648000,19296066,215014654.0000,0.427506,-0.090173
2017-06-13,8.2530624000,8.3128672000,8.1783064000,8.2605380000,13769194,151806441.0000,0.305058,-0.270756
2017-06-14,8.1558796000,8.1932576000,7.8867580000,7.9017092000,33198673,355724128.0000,0.735520,-4.343896
2017-06-15,7.8643312000,7.9764652000,7.8493800000,7.9764652000,12537661,132925590.0000,0.277773,0.946077
2017-06-16,7.9764652000,7.9988920000,7.9017092000,7.9316116000,7472269,79422698.0000,0.165549,-0.562328
2017-06-19,7.9615140000,7.9988920000,7.8942336000,7.9540384000,10104158,107369817.0000,0.223859,0.282759
2017-06-20,7.9615140000,7.9615140000,7.8867580000,7.9166604000,10669696,112896752.0000,0.236388,-0.469927
2017-06-21,7.9540384000,8.0736480000,7.9017092000,8.0362700000,12672308,135443499.0000,0.280756,1.510858
2017-06-22,8.0512212000,8.1857820000,8.0138432000,8.0287944000,16038832,173966859.0000,0.355342,-0.093025
2017-06-23,7.9988920000,8.2605380000,7.9615140000,8.2306356000,24496019,267006979.0000,0.542712,2.513971
2017-06-26,8.2754892000,8.7464520000,8.2605380000,8.6118912000,58416965,664556512.0000,1.294234,4.632154
2017-06-27,8.6118912000,8.8959640000,8.5371352000,8.7838300000,53978064,633392112.0000,1.195890,1.996524
2017-06-28,8.7464520000,8.8660616000,8.6417936000,8.6866472000,23278445,272030064.0000,0.515736,-1.106384
2017-06-29,8.7090740000,8.7688788000,8.5894644000,8.7090740000,16202278,187877102.0000,0.358963,0.258173
2017-06-30,8.6567448000,8.7015984000,8.5595620000,8.5745132000,15937557,183838944.0000,0.353098,-1.545059
2017-07-03,8.6118912000,8.8436348000,8.6118912000,8.7165496000,30290771,353930672.0000,0.671095,1.656492
2017-07-04,8.7539276000,8.7539276000,8.4399524000,8.4922816000,26279302,299903232.0000,0.582221,-2.572901
2017-07-05,8.5520864000,8.7464520000,8.5446108000,8.7240252000,28252210,327156624.0000,0.625931,2.728877
2017-07-06,8.7315008000,8.8585860000,8.6941228000,8.7614032000,24489942,288252496.0000,0.542577,0.428451
2017-07-07,8.7389764000,9.3968292000,8.7389764000,9.3818780000,46562116,568522432.0000,1.031589,7.081910
2017-07-10,9.3968292000,9.7930360000,9.1800368000,9.2473172000,45192641,573087968.0000,1.001248,-1.434265
2017-07-11,9.3968292000,9.4641096000,9.2398416000,9.2996464000,35747437,447835488.0000,0.791988,0.565883
2017-07-12,9.2622684000,9.5538168000,9.2174148000,9.2996464000,30332942,381311360.0000,0.672030,0.000000
2017-07-13,9.2921708000,9.5313900000,9.1800368000,9.4416828000,27731062,348224960.0000,0.614385,1.527336
2017-07-14,9.3669268000,9.5313900000,9.1650856000,9.5089632000,25932202,325258960.0000,0.574531,0.712590
2017-07-17,9.4865364000,9.9724504000,9.3893536000,9.4641096000,54492195,706194816.0000,1.207280,-0.471701
2017-07-18,9.5089632000,9.7556580000,9.2921708000,9.6061460000,45208475,578266000.0000,1.001599,1.500794
2017-07-19,9.5538168000,9.6435240000,9.4267316000,9.6210972000,38778418,494172016.0000,0.859140,0.155638
2017-07-20,9.5762436000,9.9051700000,9.4940120000,9.8154628000,45626737,593872352.0000,1.010865,2.020204
2017-07-21,9.7407068000,9.8304140000,9.4416828000,9.4715852000,38543359,495298528.0000,0.853932,-3.503428
2017-07-24,9.3445000000,9.4865364000,9.2099392000,9.3145976000,39574773,492134256.0000,0.876783,-1.657459
2017-07-25,9.2697440000,9.3295488000,9.0006224000,9.0753784000,32776359,401847952.0000,0.726164,-2.568216
2017-07-26,9.0753784000,9.1875124000,8.9408176000,9.0529516000,27784105,337223712.0000,0.615560,-0.247123
2017-07-27,9.0454760000,9.1351832000,8.9333420000,9.0753784000,24138942,291796720.0000,0.534801,0.247735
2017-07-28,9.0679028000,9.2473172000,9.0080980000,9.1052808000,29504600,361354256.0000,0.653678,0.329489
2017-07-31,9.1202320000,9.1351832000,8.8660616000,9.0155736000,28821993,345928960.0000,0.638554,-0.985221
2017-08-01,8.9931468000,9.1277076000,8.9333420000,9.0604272000,19500500,235844141.0000,0.432036,0.497508
2017-08-02,9.0380004000,9.1202320000,8.7464520000,8.8062568000,39415536,470772704.0000,0.873255,-2.805282
2017-08-03,8.8212080000,8.8735372000,8.6567448000,8.7763544000,24611945,287684080.0000,0.545280,-0.339558
2017-08-04,8.7539276000,8.9408176000,8.7240252000,8.8361592000,20083824,237766083.0000,0.444959,0.681430
2017-08-07,8.8137324000,8.8735372000,8.7838300000,8.8436348000,15502289,183021970.0000,0.343455,0.084604
2017-08-08,8.8436348000,8.8660616000,8.7090740000,8.8137324000,17059749,200440660.0000,0.377961,-0.338123
2017-08-09,8.7913056000,8.8660616000,8.7315008000,8.8511104000,12007946,141468237.0000,0.266037,0.424090
2017-08-10,8.8361592000,8.8361592000,8.6044156000,8.6941228000,18553912,216083718.0000,0.411064,-1.773649
2017-08-11,8.6343180000,8.6343180000,8.3128672000,8.3801476000,30513462,345665600.0000,0.676029,-3.611351
2017-08-14,8.3876232000,8.4848060000,8.3203428000,8.4250012000,19467639,218796293.0000,0.431308,0.535240
2017-08-15,8.4474280000,8.4997572000,8.4175256000,8.4623792000,10437784,118118258.0000,0.231250,0.443649
2017-08-16,8.4848060000,8.4848060000,8.2680136000,8.3278184000,20997703,233853606.0000,0.465206,-1.590100
2017-08-17,8.3278184000,8.4848060000,8.3203428000,8.4698548000,13088282,147169533.0000,0.289972,1.705562
2017-08-18,8.4324768000,8.6866472000,8.4100500000,8.6417936000,21005989,241163990.0000,0.465390,2.030013
2017-08-21,8.6866472000,8.7315008000,8.6268424000,8.6492692000,14228130,164984545.0000,0.315226,0.086499
2017-08-22,8.6492692000,8.7464520000,8.5745132000,8.6417936000,13844343,160585839.0000,0.306723,-0.086424
2017-08-23,8.6343180000,8.6791716000,8.5819888000,8.6492692000,8445686,97620108.0000,0.187115,0.086499
2017-08-24,8.6716960000,8.6716960000,8.5296596000,8.5520864000,11423888,131200265.0000,0.253097,-1.123597
2017-08-25,8.5595620000,8.7763544000,8.5520864000,8.7464520000,22131133,257157065.0000,0.490318,2.272729
2017-08-28,8.7614032000,8.9258664000,8.7165496000,8.8286836000,29385892,347611056.0000,0.651048,0.940176
2017-08-29,8.8511104000,8.8511104000,8.7315008000,8.8212080000,16486179,193863203.0000,0.365253,-0.084676
2017-08-30,8.8511104000,8.9109152000,8.7763544000,8.8884884000,21723902,257265543.0000,0.481295,0.762713
2017-08-31,8.8585860000,8.8810128000,8.7165496000,8.7614032000,12999050,152815304.0000,0.287995,-1.429773
2017-09-01,8.7539276000,8.8062568000,8.6791716000,8.7165496000,15808995,184444227.0000,0.350250,-0.511949
2017-09-04,8.7240252000,8.7240252000,8.5819888000,8.6118912000,19384188,223545379.0000,0.429459,-1.200681
2017-09-05,8.5969400000,8.8212080000,8.5969400000,8.8137324000,30008261,350422480.0000,0.664836,2.343745
2017-09-06,8.7913056000,8.9408176000,8.7389764000,8.7987812000,19860093,234637220.0000,0.440003,-0.169631
2017-09-07,8.8212080000,9.3968292000,8.7987812000,9.1202320000,52499146,641798640.0000,1.163124,3.653350
2017-09-08,9.0978052000,9.3445000000,9.0230492000,9.1650856000,36302707,445862608.0000,0.804290,0.491807
2017-09-11,9.1426588000,9.3594512000,9.0679028000,9.1650856000,26063435,320699248.0000,0.577438,0.000000
2017-09-12,9.1277076000,9.2398416000,9.0529516000,9.1127564000,23977932,293419351.0000,0.531234,-0.570968
2017-09-13,9.1052808000,9.1576100000,8.9931468000,9.0978052000,20246002,245600055.0000,0.448552,-0.164065
2017-09-14,9.0604272000,9.4940120000,9.0604272000,9.3594512000,50975482,636962049.0000,1.129367,2.875927
2017-09-15,9.3594512000,9.8304140000,9.2772196000,9.5014876000,56622715,728598135.0000,1.254482,1.517568
2017-09-18,9.5911948000,9.7407068000,9.4865364000,9.5089632000,55823802,720948888.0000,1.236782,0.078680
2017-09-19,9.5762436000,9.9425480000,9.5463412000,9.6809020000,66710848,872553981.0000,1.477986,1.808172
2017-09-20,9.7033288000,9.7108044000,9.4566340000,9.5388656000,38201579,487920146.0000,0.846360,-1.467178
2017-09-21,9.4940120000,9.5538168000,9.2323660000,9.2772196000,33225815,415777173.0000,0.736122,-2.742950
2017-09-22,9.3145976000,9.4342072000,9.1875124000,9.2473172000,30162337,376216613.0000,0.668250,-0.322320
2017-09-25,9.0604272000,9.0604272000,8.6791716000,8.6941228000,42702932,503250102.0000,0.946088,-5.982213
2017-09-26,8.6343180000,8.8062568000,8.6343180000,8.7165496000,19081700,222400709.0000,0.422757,0.257951
2017-09-27,8.7315008000,8.7913056000,8.6343180000,8.7240252000,26586163,309924815.0000,0.589019,0.085765
2017-09-28,8.7539276000,8.7539276000,8.5147084000,8.5446108000,24139214,277862688.0000,0.534807,-2.056553
2017-09-29,8.5745132000,8.6866472000,8.5520864000,8.5745132000,15753706,181639679.0000,0.349025,0.349956
2017-10-09,8.7838300000,8.8735372000,8.7315008000,8.7987812000,30962607,364802101.0000,0.685980,2.615520
2017-10-10,8.7763544000,8.7987812000,8.6791716000,8.7838300000,15580077,182268733.0000,0.345178,-0.169927
2017-10-11,8.7838300000,8.8436348000,8.7389764000,8.7763544000,15601450,183104803.0000,0.345652,-0.085108
2017-10-12,8.7539276000,8.7763544000,8.6193668000,8.6492692000,16692852,193635323.0000,0.369832,-1.448042
2017-10-13,8.6716960000,8.7015984000,8.6343180000,8.6716960000,9262495,107350918.0000,0.205212,0.259297
2017-10-16,8.6941228000,8.6941228000,8.5446108000,8.5745132000,13374076,153950708.0000,0.296304,-1.120691
2017-10-17,8.5745132000,8.6268424000,8.5221840000,8.5446108000,8273451,94837620.0000,0.183299,-0.348735
2017-10-18,8.5520864000,8.6044156000,8.5147084000,8.5371352000,10477462,119822492.0000,0.232129,-0.087491
2017-10-19,8.5595620000,8.6417936000,8.5221840000,8.5371352000,15859846,181851284.0000,0.351377,0.000000
2017-10-20,8.5446108000,8.6567448000,8.5296596000,8.6492692000,10770519,124056806.0000,0.238622,1.313482
2017-10-23,8.6417936000,8.7165496000,8.6193668000,8.7015984000,10793508,125048536.0000,0.239131,0.605019
2017-10-24,8.7015984000,8.9408176000,8.7015984000,8.8735372000,24268869,287433350.0000,0.537679,1.975941
2017-10-25,8.8959640000,9.0529516000,8.8436348000,8.9781956000,21448244,257909132.0000,0.475188,1.179447
2017-10-26,8.9781956000,8.9781956000,8.7987812000,8.8137324000,16875175,199690049.0000,0.373871,-1.831809
2017-10-27,8.8137324000,8.9333420000,8.7539276000,8.7763544000,15210658,179821280.0000,0.336994,-0.424090
2017-10-30,8.7987812000,8.8585860000,8.7240252000,8.8062568000,18118866,212863915.0000,0.401425,0.340715
2017-10-31,8.8212080000,8.8585860000,8.7315008000,8.8436348000,15027787,176871878.0000,0.332942,0.424450
2017-11-01,8.7987812000,8.9632444000,8.7688788000,8.8361592000,24576100,291829977.0000,0.544486,-0.084533
2017-11-02,8.8212080000,8.8212080000,8.5446108000,8.7838300000,30983005,360014469.0000,0.686432,-0.592214
2017-11-03,8.7315008000,8.7464520000,8.5296596000,8.7015984000,27219058,314241515.0000,0.603041,-0.936167
2017-11-06,8.6492692000,8.6567448000,8.4250012000,8.4773304000,20745839,236154381.0000,0.459626,-2.577321
2017-11-07,8.4848060000,8.5745132000,8.4399524000,8.5670376000,16797028,190989309.0000,0.372140,1.058200
2017-11-08,8.5446108000,8.5819888000,8.4848060000,8.5745132000,18857411,215190018.0000,0.417788,0.087262
2017-11-09,8.5670376000,8.6118912000,8.4922816000,8.5969400000,15817706,180728268.0000,0.350443,0.261549
2017-11-10,8.5969400000,8.6118912000,8.3427696000,8.4175256000,24350335,276391190.0000,0.539484,-2.086955
2017-11-13,8.4250012000,8.4549036000,8.3128672000,8.3502452000,16709486,187092750.0000,0.370200,-0.799291
2017-11-14,8.3352940000,8.4549036000,8.2829648000,8.4025744000,18453976,206455534.0000,0.408850,0.626676
2017-11-15,8.3726720000,8.4549036000,8.3203428000,8.4324768000,16229262,182283243.0000,0.359561,0.355872
2017-11-16,8.4025744000,8.6642204000,8.3876232000,8.6492692000,33074435,380246886.0000,0.732768,2.570922
2017-11-17,8.6492692000,8.8436348000,8.5446108000,8.7987812000,46904004,545966159.0000,1.039163,1.728615
2017-11-20,8.7539276000,8.7763544000,8.5670376000,8.6866472000,21996848,255175812.0000,0.487343,-1.274431
2017-11-21,8.6268424000,9.1875124000,8.6268424000,9.1725612000,52382612,632214116.0000,1.160542,5.593809
2017-11-22,9.1351832000,9.3594512000,9.0978052000,9.1576100000,42141256,521189261.0000,0.933644,-0.163003
2017-11-23,9.1650856000,9.2473172000,8.9333420000,8.9931468000,25477847,309168167.0000,0.564464,-1.795920
2017-11-24,8.9632444000,9.2921708000,8.8959640000,9.1800368000,24579989,298232290.0000,0.544572,2.078138
2017-11-27,9.1277076000,9.3445000000,9.0080980000,9.1949880000,28185116,346232675.0000,0.624444,0.162870
2017-11-28,9.1725612000,9.1875124000,8.9109152000,8.9632444000,23822225,286792460.0000,0.527784,-2.520329
2017-11-29,8.9707200000,9.7108044000,8.9258664000,9.6958532000,63910482,800151932.0000,1.415944,8.173482
2017-11-30,9.5687680000,9.5986704000,9.1202320000,9.2622684000,51881474,649239477.0000,1.149440,-4.471858
2017-12-01,9.1800368000,9.4043048000,9.1052808000,9.2622684000,28158420,347883825.0000,0.623853,0.000000
2017-12-04,9.1576100000,9.2323660000,8.8212080000,9.2174148000,27375948,331822027.0000,0.606517,-0.484265
2017-12-05,9.1725612000,9.4940120000,9.1277076000,9.3968292000,42678211,533820918.0000,0.945540,1.946470
2017-12-06,9.2846952000,9.4267316000,9.0828540000,9.3295488000,21049463,261000949.0000,0.466353,-0.715992
2017-12-07,9.2473172000,9.5687680000,9.2099392000,9.3145976000,23121207,290699640.0000,0.512253,-0.160252
2017-12-08,9.2697440000,9.2697440000,9.0529516000,9.1277076000,20226116,246781703.0000,0.448112,-2.006421
2017-12-11,9.0903296000,9.1202320000,8.8585860000,9.0230492000,29523222,353196091.0000,0.653952,-1.146604
2017-12-12,8.9557688000,9.1277076000,8.9034396000,8.9183908000,22591256,272279271.0000,0.500406,-1.159896
2017-12-13,8.9183908000,8.9482932000,8.8212080000,8.9408176000,11669269,138777655.0000,0.258479,0.251465
2017-12-14,8.8959640000,9.0080980000,8.7165496000,8.7539276000,17798952,210519230.0000,0.394255,-2.090301
2017-12-15,8.7688788000,8.7838300000,8.5745132000,8.5894644000,14449225,167060896.0000,0.320057,-1.878738
2017-12-18,8.5670376000,8.6268424000,8.4848060000,8.5595620000,13501836,154458805.0000,0.299072,-0.348129
2017-12-19,8.5670376000,8.6567448000,8.5520864000,8.6417936000,14257244,164022842.0000,0.315804,0.960704
2017-12-20,8.5969400000,8.6118912000,8.4324768000,8.4698548000,18007513,204430799.0000,0.398874,-1.989624
2017-12-21,8.4698548000,8.9034396000,8.4474280000,8.6567448000,34014879,395500425.0000,0.753444,2.206531
2017-12-22,8.7015984000,8.8062568000,8.5296596000,8.5819888000,18778614,217602160.0000,0.415955,-0.863561
2017-12-25,8.6492692000,9.3220732000,8.6492692000,9.1202320000,70983989,866428150.0000,1.572326,6.271780
2017-12-26,9.1127564000,9.4342072000,9.0679028000,9.3818780000,52832580,653947780.0000,1.170265,2.868855
2017-12-27,9.3071220000,9.3669268000,9.2398416000,9.3220732000,24368386,303254558.0000,0.539770,-0.637450
2017-12-28,9.2921708000,9.5089632000,9.2323660000,9.4342072000,26361772,330971787.0000,0.583925,1.202884
2017-12-29,9.4342072000,9.6360484000,9.3071220000,9.4416828000,32380761,411219419.0000,0.717248,0.079241
2018-01-02,9.6136216000,10.3836084000,9.6136216000,10.3312792000,223618217,3095515816.0000,4.953241,9.422008
2018-01-03,10.1967184000,10.4434132000,10.1742916000,10.2639988000,172931830,2391975819.0000,3.830516,-0.651231
2018-01-04,10.3312792000,10.4658400000,10.1742916000,10.3312792000,95925171,1322490620.0000,2.124784,0.655500
2018-01-05,10.4658400000,11.3629120000,10.3910840000,11.0040832000,204189526,2962254030.0000,4.522887,6.512305
2018-01-08,11.2134000000,12.1029964000,11.1984488000,11.5572776000,161584531,2502631767.0000,3.579168,5.027173
2018-01-09,11.4451436000,11.9235820000,11.4376680000,11.8338748000,79832889,1250045188.0000,1.768333,2.393272
2018-01-10,11.7366920000,12.1104720000,11.6993140000,12.0207648000,63260032,1007570913.0000,1.401237,1.579280
2018-01-11,12.0207648000,12.0207648000,11.5946556000,11.8712528000,59212603,932227516.0000,1.311585,-1.243780
2018-01-12,11.8039724000,12.1328988000,11.5871800000,11.9011552000,59439582,944542931.0000,1.316613,0.251889
2018-01-15,11.9011552000,12.2375572000,11.7142652000,11.9161064000,94924272,1518589466.0000,2.102614,0.125625
2018-01-16,11.7441676000,13.1047268000,11.6619360000,13.0150196000,136205819,2254337630.0000,3.017018,9.222085
2018-01-17,12.8580320000,12.9253124000,12.0207648000,12.4917276000,112890488,1890966439.0000,2.500574,-4.020682
2018-01-18,12.5141544000,12.6935688000,12.0581428000,12.2151304000,71702525,1184585882.0000,1.588242,-2.214237
2018-01-19,12.2450328000,12.5590080000,11.7591188000,11.8936796000,86488636,1406041259.0000,1.915761,-2.631581
2018-01-22,11.9161064000,12.0506672000,11.6843628000,11.9684356000,69242953,1100764743.0000,1.533762,0.628538
2018-01-23,11.9385332000,12.5963860000,11.8488260000,12.3496912000,107387651,1750852132.0000,2.378683,3.185510
2018-01-24,12.2375572000,12.5216300000,11.9460088000,12.0431916000,67787719,1102584539.0000,1.501528,-2.481839
2018-01-25,12.0357160000,12.0357160000,11.4451436000,11.7292164000,83372491,1303554777.0000,1.846737,-2.607083
2018-01-26,11.6768872000,12.3272644000,11.6544604000,12.0656184000,75028627,1205928820.0000,1.661917,2.868068
2018-01-29,12.1029964000,12.3795936000,11.8114480000,12.2151304000,61979633,1003642175.0000,1.372876,1.239162
2018-01-30,12.1852280000,12.2226060000,11.4675704000,11.4974728000,72445175,1145919674.0000,1.604692,-5.875153
2018-01-31,11.5049484000,11.9161064000,11.4077656000,11.7067896000,65499279,1023895788.0000,1.450838,1.820544
2018-02-01,11.6320336000,11.8413504000,11.2806804000,11.8114480000,93688005,1453771008.0000,2.075230,0.894000
2018-02-02,11.5124240000,11.8862040000,11.2358268000,11.7890212000,73168470,1139557064.0000,1.620714,-0.189872
2018-02-05,11.6619360000,11.9235820000,11.4152412000,11.7292164000,67457054,1048275744.0000,1.494203,-0.507298
2018-02-06,11.3629120000,11.4750460000,10.6452544000,10.9069004000,100519612,1478331363.0000,2.226553,-7.010832
2018-02-07,11.0937904000,11.1012660000,9.8154628000,9.9500236000,133418622,1824953552.0000,2.955281,-8.773130
2018-02-08,9.8827432000,10.0995356000,9.7780848000,9.9649748000,67233321,894232419.0000,1.489247,0.150259
2018-02-09,9.6435240000,9.7631336000,9.0604272000,9.4192560000,74332017,931336862.0000,1.646487,-5.476366
2018-02-12,9.4192560000,9.5239144000,9.2024636000,9.4192560000,50396264,632991953.0000,1.116299,0.000000
2018-02-13,9.5089632000,9.8304140000,9.3893536000,9.4342072000,63398682,812840598.0000,1.404309,0.158726
2018-02-14,9.4566340000,9.4715852000,9.1650856000,9.3370244000,40193366,499809979.0000,0.890301,-1.030112
2018-02-22,9.5164388000,9.7182800000,9.4342072000,9.6809020000,44119071,566346683.0000,0.977257,3.682947
2018-02-23,9.6883776000,9.9051700000,9.6136216000,9.7407068000,49457619,647186203.0000,1.095508,0.617760
2018-02-26,9.8528408000,9.8752676000,9.2697440000,9.5388656000,66821706,849668631.0000,1.480130,-2.072137
2018-02-27,9.5538168000,9.5687680000,9.2248904000,9.3145976000,56293764,704257353.0000,1.246931,-2.351099
2018-02-28,9.2323660000,9.6883776000,9.1949880000,9.5687680000,66192196,839262721.0000,1.466186,2.728733
2018-03-01,9.4117804000,9.5538168000,9.1426588000,9.1875124000,78372571,976951944.0000,1.735987,-3.984377
2018-03-02,9.0828540000,9.2174148000,8.9333420000,9.1277076000,45626407,555201223.0000,1.010645,-0.650935
2018-03-05,9.1426588000,9.3145976000,9.0155736000,9.0978052000,40239301,492714032.0000,0.891318,-0.327600
2018-03-06,9.1426588000,9.4865364000,8.9707200000,9.4342072000,62492181,772988171.0000,1.384229,3.697615
2018-03-07,9.3445000000,9.4192560000,9.2622684000,9.3295488000,34429758,430378856.0000,0.762634,-1.109353
2018-03-08,9.2323660000,9.3818780000,9.2174148000,9.3445000000,26446522,329054989.0000,0.585802,0.160260
2018-03-09,9.3893536000,9.4267316000,9.1875124000,9.3295488000,30182398,375806647.0000,0.668553,-0.160004
2018-03-12,9.3519756000,9.3744024000,9.0604272000,9.1800368000,41710447,512070077.0000,0.923905,-1.602563
2018-03-13,9.1576100000,9.2921708000,9.1351832000,9.2174148000,24566041,303300109.0000,0.544149,0.407168
2018-03-14,9.2174148000,9.3744024000,9.1426588000,9.3445000000,31754243,394228380.0000,0.703370,1.378752
2018-03-15,9.2996464000,9.3445000000,9.2174148000,9.2996464000,26630963,330503322.0000,0.589887,-0.480003
2018-03-16,9.2772196000,9.4192560000,9.2697440000,9.3519756000,29206808,365485078.0000,0.646944,0.562706
2018-03-19,9.3145976000,9.3145976000,9.0753784000,9.0828540000,31937073,390464042.0000,0.707420,-2.877703
2018-03-20,9.0230492000,9.1202320000,8.9408176000,9.0903296000,19809187,239256718.0000,0.438782,0.082306
2018-03-21,9.1127564000,9.2323660000,9.0753784000,9.1725612000,24383714,299231020.0000,0.540110,0.904610
2018-03-22,9.1576100000,9.2099392000,9.0305248000,9.1576100000,21125624,257823719.0000,0.467942,-0.163003
2018-03-23,8.9482932000,9.0380004000,8.6716960000,8.9856712000,55170727,658108815.0000,1.222056,-1.877547
2018-03-26,8.8660616000,8.8810128000,8.5819888000,8.7539276000,34182761,397889317.0000,0.757163,-2.579038
2018-03-27,8.8585860000,8.9258664000,8.6716960000,8.7614032000,31306166,367754522.0000,0.693445,0.085399
2018-03-28,8.6343180000,8.8585860000,8.5371352000,8.6044156000,30944877,358462016.0000,0.685443,-1.791809
2018-03-29,8.6118912000,9.0828540000,8.4025744000,8.9632444000,63235963,742026142.0000,1.400704,4.170282
2018-03-30,8.8660616000,8.8884884000,8.6716960000,8.7165496000,32549159,381941636.0000,0.720978,-2.752293
2018-04-02,8.6716960000,8.8585860000,8.5894644000,8.5969400000,28969670,338166176.0000,0.641691,-1.372211
2018-04-03,8.5072328000,8.5446108000,8.3352940000,8.4025744000,30001191,338091219.0000,0.664539,-2.260872
2018-04-04,8.4025744000,8.4997572000,8.3352940000,8.3502452000,21375464,240684252.0000,0.473476,-0.622773
2018-04-09,8.3352940000,8.4025744000,8.2455868000,8.3278184000,13990362,155456875.0000,0.309893,-0.268574
2018-04-10,8.3278184000,8.6118912000,8.3278184000,8.5969400000,25323194,287917526.0000,0.560920,3.231595
2018-04-11,8.5969400000,8.8810128000,8.5371352000,8.7015984000,33725337,393452339.0000,0.747031,1.217394
2018-04-12,8.6642204000,8.6791716000,8.5670376000,8.5819888000,16006176,184476698.0000,0.354544,-1.374577
2018-04-13,8.6343180000,8.6791716000,8.5371352000,8.5595620000,12282384,141128158.0000,0.272060,-0.261322
2018-04-16,8.5520864000,8.5520864000,8.1334528000,8.2680136000,31025052,344413980.0000,0.687218,-3.406108
2018-04-17,8.2979160000,8.3352940000,8.1783064000,8.2156844000,22453430,247750416.0000,0.497353,-0.632917
2018-04-18,8.3128672000,8.3427696000,8.1484040000,8.2979160000,39752003,439430008.0000,0.880524,1.000916
2018-04-19,8.3128672000,8.5446108000,8.2680136000,8.4922816000,32394934,366105986.0000,0.717562,2.342336
2018-04-20,8.4623792000,8.4773304000,8.2530624000,8.3950988000,29618232,330581042.0000,0.656057,-1.144367
2018-04-23,8.3502452000,8.4250012000,8.2979160000,8.4025744000,18369976,205681092.0000,0.406903,0.089049
2018-04-24,8.4399524000,8.7165496000,8.4399524000,8.6343180000,37882843,437892675.0000,0.839122,2.758011
2018-04-25,8.5670376000,8.5969400000,8.4773304000,8.4922816000,17059827,194502593.0000,0.377883,-1.645026
2018-04-26,8.5221840000,8.5520864000,8.2904404000,8.3950988000,22800269,255414876.0000,0.505036,-1.144367
2018-04-27,8.3876232000,8.4250012000,8.1484040000,8.3801476000,21158632,234989381.0000,0.468673,-0.178090
2018-05-02,8.3801476000,8.4474280000,8.3203428000,8.3801476000,12285844,137650541.0000,0.272137,0.000000
2018-05-03,8.3726720000,8.4474280000,8.2979160000,8.4100500000,13430904,150301968.0000,0.297500,0.356824
2018-05-04,8.4025744000,8.4922816000,8.3651964000,8.3726720000,13284444,149655369.0000,0.294256,-0.444446
2018-05-07,8.3950988000,8.5296596000,8.3502452000,8.5072328000,20826713,235826639.0000,0.461321,1.607146
2018-05-08,8.4848060000,8.7240252000,8.4773304000,8.6567448000,26073376,301231843.0000,0.577537,1.757468
2018-05-09,8.6567448000,8.6567448000,8.5147084000,8.5371352000,17969104,206154685.0000,0.398024,-1.381691
2018-05-10,8.5670376000,8.5969400000,8.4250012000,8.5595620000,15840043,180379102.0000,0.350864,0.262695
2018-05-11,8.5595620000,8.5745132000,8.4549036000,8.4698548000,13604854,154625944.0000,0.301353,-1.048034
2018-05-14,8.4623792000,8.5147084000,8.4250012000,8.4549036000,11110548,125961106.0000,0.246103,-0.176518
2018-05-15,8.4623792000,8.5147084000,8.4250012000,8.5072328000,11863136,134547139.0000,0.262774,0.618919
2018-05-16,8.4848060000,8.4848060000,8.3651964000,8.4025744000,16137308,181538727.0000,0.357448,-1.230232
2018-05-17,8.4100500000,8.4474280000,8.3502452000,8.3950988000,9667418,108633008.0000,0.214138,-0.088970
2018-05-18,8.3876232000,8.4250012000,8.3352940000,8.4250012000,15097890,169440074.0000,0.334425,0.356197
2018-05-21,8.4399524000,8.4623792000,8.4025744000,8.4324768000,14470442,163211800.0000,0.320527,0.088725
2018-05-22,8.4399524000,8.4399524000,8.2605380000,8.3128672000,19018825,211564608.0000,0.421275,-1.418438
2018-05-23,8.2754892000,8.2904404000,8.1409284000,8.1484040000,19480309,213996488.0000,0.431497,-1.978420
2018-05-24,8.1484040000,8.1633552000,7.9615140000,7.9839408000,20582086,221973066.0000,0.455902,-2.018342
2018-05-25,7.9839408000,8.0586968000,7.9091848000,8.0213188000,17461673,186240535.0000,0.386784,0.468158
2018-05-28,7.9988920000,8.0362700000,7.9316116000,7.9615140000,10732112,114585046.0000,0.237721,-0.745572
2018-05-29,7.9689896000,8.0063676000,7.7671484000,7.9988920000,23978587,252952112.0000,0.531136,0.469485
2018-05-30,7.9091848000,7.9914164000,7.7820996000,7.8120020000,17541417,185038416.0000,0.388550,-2.336449
2018-05-31,7.8643312000,8.0138432000,7.8120020000,7.9465628000,16709410,177032857.0000,0.370121,1.722491
2018-06-01,7.9091848000,8.1484040000,7.9091848000,7.9914164000,18474546,199151073.0000,0.409219,0.564435
2018-06-04,8.0063676000,8.1932576000,7.9615140000,8.1633552000,23337576,253556759.0000,0.516938,2.151548
2018-06-05,8.1783064000,8.2082088000,8.0811236000,8.1558796000,17541757,191219659.0000,0.388558,-0.091577
2018-06-06,8.1409284000,8.1633552000,8.0362700000,8.0885992000,13810103,149328427.0000,0.305900,-0.824933
2018-06-07,8.1185016000,8.2381112000,8.0885992000,8.1633552000,18266625,199630292.0000,0.404614,0.924218
2018-06-08,8.1035504000,8.1259772000,7.9390872000,8.0063676000,12906213,138182716.0000,0.285878,-1.923077
2018-06-11,7.9839408000,8.1633552000,7.9764652000,8.0960748000,13640213,147452167.0000,0.302137,1.120447
2018-06-12,8.0736480000,8.1259772000,7.9839408000,8.0811236000,10396253,112239186.0000,0.230282,-0.184668
2018-06-13,8.0661724000,8.2605380000,8.0362700000,8.1110260000,15064718,164762423.0000,0.333690,0.370027
2018-06-14,8.0586968000,8.1185016000,7.9764652000,8.1035504000,16079345,173075185.0000,0.356165,-0.092168
2018-06-15,8.1110260000,8.4474280000,8.0885992000,8.3651964000,56583929,632927122.0000,1.253359,3.228777
2018-06-19,8.2381112000,8.3651964000,7.9689896000,8.1185016000,74140825,818739496.0000,1.642252,-2.949061
2018-06-20,8.1035504000,8.3278184000,7.9764652000,8.2904404000,21569952,236158355.0000,0.477784,2.117868
2018-06-21,8.2829648000,8.5894644000,8.2455868000,8.3651964000,39105906,441533755.0000,0.866213,0.901708
2018-06-22,8.3278184000,8.4848060000,8.1783064000,8.4773304000,31043013,346687249.0000,0.687616,1.340488
2018-06-25,8.5520864000,8.5670376000,7.9988920000,8.0213188000,28136130,312300024.0000,0.623228,-5.379194
2018-06-26,7.8493800000,7.8792824000,7.5204536000,7.7148192000,27147564,279886723.0000,0.601330,-3.821061
2018-06-27,7.7148192000,7.7297704000,7.4456976000,7.5354048000,19726836,199489953.0000,0.436958,-2.325579
2018-06-28,7.4830756000,7.5727828000,7.1765760000,7.3111368000,26224012,259429920.0000,0.580873,-2.976192
2018-06-29,7.3111368000,7.6475388000,7.2737588000,7.6176364000,21771619,217407872.0000,0.482251,4.192227
2018-07-02,7.5727828000,7.5877340000,7.0420152000,7.1391980000,24575439,240935362.0000,0.544357,-6.280662
2018-07-03,7.1466736000,7.2214296000,7.0270640000,7.2139540000,16659552,159106409.0000,0.369016,1.047114
2018-07-04,7.2363808000,7.2812344000,7.1018200000,7.1317224000,17215588,165449426.0000,0.381333,-1.139893
2018-07-05,7.1167712000,7.1990028000,6.9597836000,7.0420152000,12008120,113658565.0000,0.265985,-1.257860
2018-07-06,7.0494908000,7.0719176000,6.7728936000,7.0420152000,20292148,188766674.0000,0.449480,0.000000
2018-07-09,7.0270640000,7.1990028000,7.0046372000,7.1840516000,14469146,137892020.0000,0.320498,2.016981
2018-07-10,7.1765760000,7.2662832000,7.1242468000,7.2363808000,25546598,245682025.0000,0.565868,0.728415
2018-07-11,7.1177490000,7.1177490000,6.8488562600,6.9358509700,21335256,188351369.0000,0.472585,-4.152997
2018-07-12,6.9437595800,7.0861145600,6.9437595800,7.0465715100,22450513,199562789.0000,0.497289,1.596344
2018-07-13,7.1335662200,7.1889264900,6.9991198500,7.0228456800,17877693,160127611.0000,0.395999,-0.336697
2018-07-16,7.0307542900,7.0386629000,6.8093132100,6.8725820900,14562006,127004575.0000,0.322555,-2.139646
2018-07-17,6.8646734800,6.8883993100,6.8014046000,6.8567648700,11159394,96425261.0000,0.247185,-0.230144
2018-07-18,6.8804907000,6.8883993100,6.7539529400,6.7618615500,10238212,88230381.0000,0.226781,-1.384082
2018-07-19,6.7934959900,6.8409476500,6.7144098900,6.7302271100,10496152,89811458.0000,0.232494,-0.467836
2018-07-20,6.7302271100,6.8963079200,6.6432324000,6.8567648700,14921418,127635099.0000,0.330516,1.880139
2018-07-23,6.7855873800,7.1177490000,6.7776787700,7.0702973400,24419568,215248262.0000,0.540904,3.114181
2018-07-24,7.1256576100,7.4340934000,7.1256576100,7.2680125900,30497413,281097131.0000,0.675531,2.796421
2018-07-25,7.2442867600,7.3312814700,7.1889264900,7.2759212000,13315154,122325120.0000,0.294936,0.108816
2018-07-26,7.2759212000,7.3550073000,7.1652006600,7.2047437100,16384294,150288543.0000,0.362919,-0.978263
2018-07-27,7.1572920500,7.2996470300,7.1572920500,7.2363781500,9021022,82595920.0000,0.199820,0.439078
2018-07-30,7.2521953700,7.3233728600,7.1652006600,7.2047437100,8897561,81294091.0000,0.197085,-0.437158
2018-07-31,7.2126523200,7.2996470300,7.1572920500,7.2442867600,11060244,101342346.0000,0.244989,0.548849
2018-08-01,7.1414748300,7.2284695400,6.8804907000,6.8883993100,26553431,235586716.0000,0.588170,-4.912662
2018-08-02,6.8488562600,6.9200337500,6.6669582300,6.8093132100,13913419,119430384.0000,0.308188,-1.148110
2018-08-03,6.7618615500,6.8330390400,6.6827754500,6.7539529400,11096949,94564043.0000,0.245802,-0.813005
2018-08-06,6.7539529400,6.7539529400,6.5562376900,6.6353237900,12965850,108918011.0000,0.287199,-1.756436
2018-08-07,6.6906840600,6.8330390400,6.6115979600,6.8251304300,16808614,143005288.0000,0.372318,2.860545
2018-08-08,6.8251304300,6.8883993100,6.7460443300,6.7539529400,9111010,78479090.0000,0.201813,-1.042875
2018-08-09,6.7223185000,6.9912112400,6.6906840600,6.9121251400,13647243,119021675.0000,0.302292,2.341918
2018-08-10,6.9595768000,7.1968351000,6.9595768000,6.9991198500,20242411,180955892.0000,0.448378,1.258588
2018-08-13,6.8409476500,7.0386629000,6.8093132100,6.9991198500,10196222,89229863.0000,0.225851,0.000000
2018-08-14,6.9674854100,7.0386629000,6.8488562600,6.9200337500,8377355,73324773.0000,0.185562,-1.129948
2018-08-15,6.9200337500,6.9516681900,6.8093132100,6.8251304300,5545246,48104990.0000,0.122830,-1.371427
2018-08-16,6.7381357200,6.9358509700,6.6906840600,6.8725820900,10724840,92723636.0000,0.237560,0.695243
2018-08-17,6.8804907000,6.9437595800,6.7855873800,6.8093132100,9050016,78604358.0000,0.200462,-0.920598
2018-08-20,6.8172218200,6.9595768000,6.6511410100,6.8172218200,19973389,171457443.0000,0.442419,0.116147
2018-08-21,6.7934959900,6.9200337500,6.7460443300,6.8804907000,11299847,97883535.0000,0.250297,0.928073
2018-08-22,6.8804907000,6.9042165300,6.8251304300,6.8488562600,5257288,45578879.0000,0.116451,-0.459770
2018-08-23,6.8488562600,6.8963079200,6.7539529400,6.8014046000,6468960,55867195.0000,0.143290,-0.692835
2018-08-24,6.8014046000,6.8646734800,6.7381357200,6.8251304300,6401496,55017600.0000,0.141796,0.348834
2018-08-27,6.8409476500,7.0782059500,6.8330390400,7.0544801200,17453381,154157473.0000,0.386600,3.360370
2018-08-28,7.0623887300,7.1019317800,6.9833026300,7.0228456800,9211353,81873265.0000,0.204035,-0.448430
2018-08-29,7.0070284600,7.1335662200,6.9833026300,7.1177490000,13451307,120388755.0000,0.297952,1.351350
2018-08-30,7.1731092700,7.2601039800,7.1019317800,7.1572920500,19496597,177028885.0000,0.431858,0.555558
2018-08-31,7.1572920500,7.3233728600,7.0782059500,7.2363781500,16341224,149100405.0000,0.361965,1.104966
2018-09-03,7.2047437100,7.2601039800,7.1098403900,7.1652006600,11458857,104044837.0000,0.253819,-0.983598
2018-09-04,7.1889264900,7.2759212000,7.1335662200,7.2680125900,11211055,102186569.0000,0.248330,1.434869
2018-09-05,7.2680125900,7.2680125900,7.1098403900,7.1335662200,9834818,89164797.0000,0.217846,-1.849827
2018-09-06,7.0940231700,7.1652006600,6.9674854100,6.9833026300,11593904,103464789.0000,0.256810,-2.106436
2018-09-07,6.9833026300,7.0782059500,6.8883993100,6.9753940200,8958505,79116819.0000,0.198435,-0.113253
2018-09-10,6.9674854100,7.0702973400,6.9121251400,6.9437595800,11032608,97479814.0000,0.244377,-0.453514
2018-09-11,6.9358509700,6.9912112400,6.7381357200,6.8172218200,9270647,80042966.0000,0.205349,-1.822322
2018-09-12,6.8172218200,6.8330390400,6.7065012800,6.7618615500,6393126,54736328.0000,0.141611,-0.812061
2018-09-13,6.8330390400,6.9121251400,6.7618615500,6.8883993100,7951376,68706915.0000,0.176126,1.871343
2018-09-14,6.8883993100,6.9279423600,6.8330390400,6.8963079200,5951336,51761273.0000,0.131825,0.114813
2018-09-17,6.8646734800,6.9200337500,6.7776787700,6.8330390400,8085544,70001291.0000,0.179098,-0.917430
2018-09-18,6.8330390400,6.9674854100,6.7934959900,6.9595768000,7624884,66465728.0000,0.168895,1.851850
2018-09-19,6.9595768000,7.3391900800,6.9279423600,7.3312814700,29373549,268926746.0000,0.650637,5.340912
2018-09-20,7.2838298100,7.3391900800,7.2363781500,7.2601039800,14627942,134508684.0000,0.324015,-0.970875
2018-09-21,7.3075556400,7.5606311600,7.2284695400,7.5210881100,23203727,217530683.0000,0.513973,3.594770
2018-09-25,7.3154642500,7.3154642500,7.0782059500,7.2126523200,33945879,308379305.0000,0.751916,-4.100950
2018-09-26,7.1889264900,7.2759212000,7.1256576100,7.1493834400,16293651,148331931.0000,0.360911,-0.877192
2018-09-27,7.1493834400,7.2284695400,7.1098403900,7.1572920500,12233317,110909156.0000,0.270973,0.110622
2018-09-28,7.2047437100,7.2680125900,7.1414748300,7.1731092700,14672968,133328309.0000,0.325013,0.220989
2018-10-08,7.0070284600,7.0544801200,6.8725820900,6.9200337500,14519605,127679524.0000,0.321616,-3.528111
2018-10-09,6.8804907000,6.9753940200,6.7934959900,6.9200337500,10986274,95704164.0000,0.243351,0.000000
2018-10-10,6.9200337500,6.9991198500,6.8646734800,6.9516681900,6727337,58968804.0000,0.149013,0.457142
2018-10-11,6.8014046000,6.8646734800,6.3822482700,6.4850602000,23968014,199726407.0000,0.530902,-6.712174
2018-10-12,6.4613343700,6.5166946400,6.2636191200,6.4692429800,16846788,136901631.0000,0.373164,-0.243896
2018-10-15,6.4217913200,6.4771515900,6.3110707800,6.3664310500,12312713,99672194.0000,0.272732,-1.589244
2018-10-16,6.3664310500,6.4059741000,6.0184522100,6.1133555300,16726255,131728592.0000,0.370494,-3.975157
2018-10-17,6.1845330200,6.2161674600,6.0817210900,6.1687158000,11884808,92225021.0000,0.263254,0.905565
2018-10-18,6.1449899700,6.1924416300,6.0500866500,6.1054469200,7968907,61841620.0000,0.176515,-1.025646
2018-10-19,6.0659038700,6.3901568800,6.0263608200,6.3901568800,18486962,145387505.0000,0.409494,4.663215
2018-10-22,6.3980654900,6.6985926700,6.3980654900,6.6195065700,25638900,212981678.0000,0.567913,3.589108
2018-10-23,6.5878721300,6.5957807400,6.3980654900,6.4455171500,12513898,102870060.0000,0.277188,-2.628438
2018-10-24,6.4296999300,6.5957807400,6.3901568800,6.4929688100,11103609,91223292.0000,0.245950,0.736201
2018-10-25,6.3268880000,6.6432324000,6.3031621700,6.6353237900,20526459,169761548.0000,0.454670,2.192452
2018-10-26,6.6511410100,7.1256576100,6.6115979600,6.8093132100,28478663,247292765.0000,0.630815,2.622161
2018-10-29,6.8330390400,6.9042165300,6.6195065700,6.7065012800,13115769,111623032.0000,0.290520,-1.509874
2018-10-30,6.8014046000,7.2442867600,6.7460443300,7.1414748300,33366602,297460362.0000,0.739085,6.485852
2018-10-31,7.1572920500,7.3075556400,7.0070284600,7.2442867600,25864761,234626715.0000,0.572916,1.439647
2018-11-01,7.3550073000,7.4340934000,7.2205609300,7.2284695400,36519628,339322847.0000,0.808926,-0.218335
2018-11-02,7.3945503500,7.4103675700,7.1493834400,7.3550073000,26470367,243300323.0000,0.586330,1.750545
2018-11-05,7.2680125900,7.3391900800,7.1810178800,7.3075556400,14641274,134388034.0000,0.324311,-0.645166
2018-11-06,7.3154642500,7.4815450600,7.2442867600,7.4657278400,16084516,150259148.0000,0.356279,2.164500
2018-11-07,7.4736364500,7.5685397700,7.3233728600,7.3629159100,14303780,134242516.0000,0.316835,-1.377110
2018-11-08,7.4340934000,7.4973622800,7.3312814700,7.3708245200,13457904,125901340.0000,0.298098,0.107404
2018-11-09,7.3550073000,7.4024589600,7.2442867600,7.2601039800,14215937,131451422.0000,0.314889,-1.502139
2018-11-12,7.2680125900,7.5448139400,7.2680125900,7.4340934000,20115335,188611591.0000,0.445563,2.396507
2018-11-13,7.3866417400,7.5922656000,7.3866417400,7.5210881100,27974817,265174193.0000,0.619654,1.170219
2018-11-14,7.5527225500,7.6318086500,7.3945503500,7.4024589600,14130864,133595964.0000,0.313005,-1.577293
2018-11-15,7.4024589600,7.5606311600,7.4024589600,7.5527225500,12756412,121098765.0000,0.282560,2.029920
2018-11-16,7.5606311600,7.6950775300,7.4499106200,7.5289967200,26399920,253275137.0000,0.584770,-0.314133
2018-11-19,7.5685397700,7.8927927800,7.5052708900,7.8848841700,32340552,318707915.0000,0.716357,4.726889
2018-11-20,7.7899808500,7.9481530500,7.6634430900,7.7029861400,21399307,209390462.0000,0.474004,-2.306926
2018-11-21,7.6318086500,7.8769755600,7.6159914300,7.7978894600,29080683,286912039.0000,0.644150,1.232032
2018-11-22,7.7899808500,7.8295239000,7.6634430900,7.6871689200,10461191,101979361.0000,0.231720,-1.419872
2018-11-23,7.6713517000,7.7108947500,7.4894536700,7.5052708900,13671531,130927236.0000,0.302830,-2.366260
2018-11-26,7.5052708900,7.6634430900,7.4578192300,7.5052708900,8847412,84672013.0000,0.195974,0.000000
2018-11-27,7.5289967200,7.6476258700,7.4657278400,7.5210881100,10830930,103617144.0000,0.239910,0.210753
2018-11-28,7.5369053300,7.6634430900,7.4973622800,7.5606311600,14650286,140423160.0000,0.324510,0.525764
2018-11-29,7.6159914300,7.7346205800,7.4657278400,7.4894536700,13559432,130455505.0000,0.300347,-0.941424
2018-11-30,7.4736364500,7.5289967200,7.3945503500,7.5210881100,9011717,85129681.0000,0.199613,0.422386
2018-12-03,7.6555344800,7.7029861400,7.5369053300,7.6239000400,15347230,148212390.0000,0.339948,1.366983
2018-12-04,7.6080828200,7.6318086500,7.3470986900,7.4340934000,15949614,150190287.0000,0.353291,-2.489634
2018-12-05,7.3312814700,7.7188033600,7.3312814700,7.5448139400,21693762,207371594.0000,0.480526,1.489365
2018-12-06,7.5052708900,7.5369053300,7.3945503500,7.4420020100,16343426,154070165.0000,0.362014,-1.362685
2018-12-07,7.4578192300,7.6871689200,7.3708245200,7.6634430900,18400198,177013162.0000,0.407572,2.975555
2018-12-10,7.6555344800,7.7108947500,7.5210881100,7.5369053300,14437752,139035928.0000,0.319803,-1.651185
2018-12-11,7.6476258700,7.8927927800,7.5685397700,7.8453411200,22192256,218013137.0000,0.491568,4.092343
2018-12-12,7.8611583400,8.0588735900,7.8532497300,7.9718788800,27710677,279183207.0000,0.613804,1.612902
2018-12-13,8.0114219300,8.1537769100,7.9481530500,8.0272391500,29605142,301884636.0000,0.655767,0.694441
2018-12-14,8.0667822000,8.0667822000,7.8453411200,7.8611583400,20886108,209681755.0000,0.462636,-2.068966
2018-12-17,7.8295239000,7.9718788800,7.8057980700,7.9560616600,19141394,191022632.0000,0.423990,1.207252
2018-12-18,7.8690669500,7.9244272200,7.5843569900,7.6634430900,18689080,182636320.0000,0.413971,-3.677941
2018-12-19,7.7425291900,7.8453411200,7.6159914300,7.6397172600,13145875,128443657.0000,0.291187,-0.309595
2018-12-20,7.6792603100,7.7425291900,7.5843569900,7.6080828200,13230642,128314004.0000,0.293065,-0.414078
2018-12-21,7.5764483800,7.6318086500,7.3233728600,7.4340934000,24230238,226944772.0000,0.536710,-2.286905
2018-12-24,7.4340934000,7.4815450600,7.3629159100,7.4340934000,12150897,113906517.0000,0.269148,0.000000
2018-12-25,7.3708245200,7.4182761800,7.2759212000,7.4024589600,11157903,103680854.0000,0.247152,-0.425532
2018-12-26,7.3866417400,7.4736364500,7.3312814700,7.4103675700,12810818,120114705.0000,0.283765,0.106840
2018-12-27,7.5131795000,7.6080828200,7.4815450600,7.5527225500,13334827,127275591.0000,0.295372,1.921028
2018-12-28,7.5369053300,7.6239000400,7.4657278400,7.6080828200,14226068,135811397.0000,0.315114,0.732981
2019-01-02,7.5922656000,7.6080828200,7.3550073000,7.4340934000,11135056,104673946.0000,0.246646,-2.286905
2019-01-03,7.3629159100,7.6080828200,7.3629159100,7.5131795000,11414689,108220339.0000,0.252840,1.063834
2019-01-04,7.4340934000,7.7978894600,7.4340934000,7.7820722400,15762865,152479645.0000,0.349154,3.578949
2019-01-07,7.8295239000,8.0114219300,7.7583464100,7.8137066800,19556244,194834691.0000,0.433179,0.406504
2019-01-08,7.8057980700,7.8690669500,7.6871689200,7.7662550200,12082694,118717001.0000,0.267637,-0.607292
2019-01-09,7.7108947500,8.0746908100,7.6792603100,7.9718788800,22384735,225715145.0000,0.495832,2.647660
2019-01-10,7.9402444400,8.0193305400,7.8453411200,7.8611583400,11519068,115598804.0000,0.255152,-1.388892
2019-01-11,7.8769755600,8.0272391500,7.8295239000,7.9876961000,10121376,101882049.0000,0.224193,1.609666
2019-01-14,7.9481530500,8.0509649800,7.8532497300,7.9086100000,9975417,100175080.0000,0.220960,-0.990103
2019-01-15,7.9165186100,8.0193305400,7.7662550200,7.9718788800,15389980,153886147.0000,0.340895,0.799999
2019-01-16,7.9718788800,8.0351477600,7.9165186100,7.9165186100,13756429,138681612.0000,0.304711,-0.694441
2019-01-17,7.9560616600,8.0746908100,7.9165186100,8.0272391500,15163436,153860218.0000,0.335877,1.398595
2019-01-18,8.0035133200,8.0746908100,7.9797874900,8.0746908100,14532928,147587531.0000,0.321911,0.591137
2019-01-21,8.0667822000,8.1458683000,7.8137066800,7.8769755600,22924601,230396802.0000,0.507790,-2.448580
2019-01-22,7.9007013900,8.0905080300,7.8532497300,7.9481530500,23488219,236785587.0000,0.520274,0.903616
2019-01-23,7.8848841700,7.9323358300,7.8216152900,7.8453411200,12083545,120041873.0000,0.267656,-1.293533
2019-01-24,7.8690669500,7.9165186100,7.7899808500,7.9007013900,11976419,119225862.0000,0.265283,0.705642
2019-01-25,7.9560616600,8.0825994200,7.8690669500,7.9876961000,21119958,212870516.0000,0.467816,1.101107
2019-01-28,8.0509649800,8.1458683000,7.9560616600,7.9797874900,10905011,110499056.0000,0.241551,-0.099012
2019-01-29,7.9797874900,8.4147610400,7.9402444400,8.3514921600,29961956,310712848.0000,0.663670,4.658080
2019-01-30,8.2961318900,8.8101915400,8.2565888400,8.6520193400,54211719,590830646.0000,1.200813,3.598477
2019-01-31,8.6045676800,8.8181001500,8.5808418500,8.6678365600,29996583,329069677.0000,0.664437,0.182819
2019-02-01,8.7390140500,8.8181001500,8.5966590700,8.6994710000,20442502,224197648.0000,0.452810,0.364963
2019-02-11,8.6836537800,8.7390140500,8.3831266000,8.6757451700,29325472,317029016.0000,0.649572,-0.272725
2019-02-12,8.6045676800,8.8181001500,8.5333901900,8.8181001500,24164406,264788781.0000,0.535252,1.640833
2019-02-13,8.7943743200,8.9604551300,8.6678365600,8.8339173700,42112453,469815617.0000,0.932809,0.179376
2019-02-14,8.8260087600,8.9604551300,8.7864657100,8.9525465200,18040925,202340650.0000,0.399614,1.342879
2019-02-15,8.8971862500,8.8971862500,8.5808418500,8.5887504600,25000002,274811226.0000,0.553761,-4.063605
2019-02-18,8.6362021200,8.8022829300,8.6203849000,8.7390140500,20253480,223495118.0000,0.448623,1.749545
2019-02-19,8.8181001500,8.8181001500,8.5017557500,8.5887504600,27135194,297000314.0000,0.601056,-1.719462
2019-02-20,8.5966590700,8.8497345900,8.5650246300,8.6836537800,28925595,319113465.0000,0.640715,1.104971
2019-02-21,8.7073796100,8.7311054400,8.4938471400,8.5254815800,22655880,246752592.0000,0.501838,-1.821492
2019-02-22,8.5333901900,8.6282935100,8.4701213100,8.6124762900,17218816,186441355.0000,0.381404,1.020414
2019-02-25,8.6678365600,9.0632670600,8.6203849000,8.9999981800,44548402,499216973.0000,0.986767,4.499538
2019-02-26,8.9762723500,9.2372564800,8.8576432000,8.8971862500,38921206,445515370.0000,0.862122,-1.142356
2019-02-27,8.8971862500,9.1344445500,8.7943743200,8.9762723500,47211586,534251645.0000,1.045757,0.888892
2019-02-28,8.9762723500,9.1581703800,8.8971862500,8.9446379100,31345386,357634012.0000,0.694314,-0.352423
2019-03-01,9.0316326200,9.0553584500,8.8022829300,9.0553584500,33331061,376068065.0000,0.738298,1.237837
2019-03-04,9.1739876000,9.9490313800,9.1344445500,9.7829505700,97869621,1186030659.0000,2.167855,8.034936
2019-03-05,9.7513161300,10.1862896800,9.6722300300,10.0043916500,71700021,903931530.0000,1.588187,2.263539
2019-03-06,9.9885744300,9.9885744300,9.6722300300,9.9332141600,40641514,507226687.0000,0.900227,-0.711456
2019-03-07,9.9173969400,9.9253055500,9.4982406100,9.5694181000,57347445,697889293.0000,1.270271,-3.662421
2019-03-08,9.4666061700,9.4903320000,9.1502617700,9.2293478700,45853427,540123198.0000,1.015673,-3.553721
2019-03-11,8.9367293000,9.3084339700,8.8813690300,9.2767995300,44210548,507294813.0000,0.979283,0.514134
2019-03-12,9.3558856300,9.4745147800,9.1028101100,9.1898048200,35569905,418273936.0000,0.787889,-0.937763
2019-03-13,9.2135306500,9.8304022300,9.0949015000,9.6880472500,62862398,757775468.0000,1.392430,5.421688
2019-03-14,9.6880472500,9.9173969400,9.2767995300,9.4349717300,46559279,563883264.0000,1.031308,-2.612242
2019-03-15,9.4112459000,9.9490313800,9.3875200700,9.6485042000,49438396,605907424.0000,1.095082,2.263198
2019-03-18,9.8066764000,10.6133546200,9.7987677900,10.6133546200,98329815,1274486523.0000,2.178048,10.000000
2019-03-19,10.6133546200,10.9771506800,10.2811930000,10.5263599100,65763607,879448887.0000,1.456693,-0.819670
2019-03-20,10.4077307600,10.7952526500,10.2891016100,10.7952526500,63355752,846673756.0000,1.403358,2.554464
2019-03-21,10.8347957000,11.0166937300,10.5817201800,10.6370804500,52798104,717642927.0000,1.169501,-1.465200
2019-03-22,10.5105426900,10.6766235000,10.3128274400,10.5659029600,30416957,403131959.0000,0.673749,-0.669146
2019-03-25,10.2970102200,10.5342685200,10.0834777500,10.1309294100,41016580,533112661.0000,0.908535,-4.116761
2019-03-26,10.2021069000,10.3602791000,9.8224936200,10.0123002600,43382514,551615647.0000,0.960942,-1.170965
2019-03-27,10.0202088700,10.3444618800,9.9806658200,10.2337413400,34837168,446672364.0000,0.771700,2.211700
2019-03-28,10.1783810700,10.3049188300,10.0202088700,10.1072035800,30547746,391210653.0000,0.676646,-1.236475
2019-03-29,10.1625638500,10.9138818000,10.1309294100,10.8743387500,57635873,771808298.0000,1.276660,7.589987
2019-04-01,10.9613334600,11.4516672800,10.9613334600,11.1669573200,65564846,930409185.0000,1.452290,2.690908
2019-04-02,11.0720540000,11.1274142700,10.8347957000,10.8901559700,35950005,497064768.0000,0.796308,-2.478750
2019-04-03,10.8031612600,11.4121242300,10.6687148900,11.2934950800,40975571,574880659.0000,0.907627,3.703698
2019-04-04,11.3014036900,11.5782050400,11.0799626100,11.2618606400,43933912,629146688.0000,0.973155,-0.280112
2019-04-08,11.2302262000,11.4437586700,10.7636182100,11.1511401000,42502222,594743580.0000,0.941443,-0.983142
2019-04-09,11.3172209100,11.6810169700,11.2460434200,11.6810169700,60710278,880851203.0000,1.344759,4.751773
2019-04-10,11.5070275500,11.6177480900,11.2144089800,11.3093123000,39691804,570440525.0000,0.879191,-3.182128
2019-04-11,11.2618606400,11.3963070100,10.8743387500,10.9929679000,28080853,393252845.0000,0.622003,-2.797207
2019-04-12,10.9929679000,11.0641453900,10.7952526500,10.8980645800,19723744,272149622.0000,0.436890,-0.863309
2019-04-15,11.2302262000,11.2697692500,10.6845321100,10.7003493300,37097934,514219364.0000,0.821735,-1.814224
2019-04-16,10.6370804500,10.7794354300,10.2021069000,10.7715268200,49697493,657383091.0000,1.100821,0.665190
2019-04-17,10.6370804500,10.7161665500,10.2495585600,10.4393652000,60818973,802497169.0000,1.347167,-3.083701
2019-04-18,10.3919135400,10.3919135400,10.2495585600,10.2811930000,32644839,425131905.0000,0.723097,-1.515150
2019-04-19,10.2891016100,10.4156393700,10.1941982900,10.3523704900,28078653,365042866.0000,0.621954,0.692309
2019-04-22,10.2021069000,10.2100155100,9.6485042000,9.7196816900,60789672,756553995.0000,1.346518,-6.111537
2019-04-23,9.7592247400,9.9253055500,9.6168697600,9.7196816900,37596004,465384037.0000,0.832768,0.000000
2019-04-24,9.7671333500,9.8541280600,9.6247783700,9.8383108400,25206121,310679670.0000,0.558327,1.220501
2019-04-25,9.8304022300,9.9094883300,9.5773267100,9.5931439300,23408988,288751766.0000,0.518519,-2.491957
2019-04-26,9.5931439300,9.7750419600,9.5377836600,9.6010525400,25361114,309064509.0000,0.561760,0.082442
2019-04-29,9.6168697600,9.7750419600,9.3321598000,9.5298750500,38245394,462652078.0000,0.847152,-0.741352
2019-04-30,9.5773267100,9.6722300300,9.4507889500,9.5931439300,32455327,392796916.0000,0.718900,0.663900
2019-05-06,9.2609823100,9.3796114600,8.8497345900,9.0395412300,45960801,533033405.0000,1.018052,-5.770814
2019-05-07,9.0949015000,9.2688909200,9.0079067900,9.1818962100,25563479,296039465.0000,0.566242,1.574797
2019-05-08,9.0395412300,9.3321598000,9.0079067900,9.1502617700,29775979,345679094.0000,0.659551,-0.344530
2019-05-09,9.1660789900,9.2293478700,8.8971862500,8.9288206900,22595733,257197636.0000,0.500505,-2.420049
2019-05-10,9.0553584500,9.3400684100,8.9762723500,9.3163425800,31763330,368288118.0000,0.703572,4.340122
2019-05-13,9.1660789900,9.2451650900,9.1265359400,9.1660789900,17582829,203996276.0000,0.389467,-1.612900
2019-05-14,9.0790842800,9.3479770200,9.0474498400,9.2214392600,21300980,249194279.0000,0.471826,0.603966
2019-05-15,9.3084339700,9.5140578300,9.2847081400,9.4270631200,23594481,280432428.0000,0.522628,2.229848
2019-05-16,9.4191545100,9.5694181000,9.3954286800,9.5615094900,25102696,301549071.0000,0.556036,1.426175
2019-05-17,9.5773267100,9.5773267100,9.1502617700,9.1898048200,19362681,228490286.0000,0.428892,-3.887512
2019-05-20,9.1898048200,9.2767995300,8.9683637400,9.0869928900,16504470,189638577.0000,0.365581,-1.118762
2019-05-21,9.0869928900,9.4191545100,9.0158154000,9.3479770200,19610202,230354462.0000,0.434375,2.872062
2019-05-22,9.3321598000,9.3954286800,9.2688909200,9.3163425800,13893525,163997738.0000,0.307748,-0.338409
2019-05-23,9.2688909200,9.3558856300,9.1344445500,9.1898048200,19057780,222946355.0000,0.422138,-1.358233
2019-05-24,9.2135306500,9.3005253600,9.1107187200,9.1344445500,13922697,161570583.0000,0.308394,-0.602407
2019-05-27,9.1502617700,9.2688909200,8.9999981800,9.2056220400,16407762,189604959.0000,0.363439,0.779222
2019-05-28,9.2056220400,9.3558856300,9.1660789900,9.3558856300,21066226,247282628.0000,0.466626,1.632299
2019-05-29,9.2530737000,9.3005253600,9.1186273300,9.1581703800,19054193,221554868.0000,0.422059,-2.113271
2019-05-30,9.1581703800,9.1660789900,9.0237240100,9.0632670600,14557770,166930213.0000,0.322461,-1.036268
2019-05-31,9.0790842800,9.2293478700,9.0158154000,9.1660789900,13336536,154363478.0000,0.295410,1.134381
2019-06-03,9.1581703800,9.2372564800,9.0474498400,9.1028101100,12619923,145491043.0000,0.279537,-0.690250
2019-06-04,9.1028101100,9.1186273300,8.9367293000,9.0237240100,11039349,125640683.0000,0.244526,-0.868813
2019-06-05,9.1344445500,9.3875200700,9.0474498400,9.2530737000,30802064,359694653.0000,0.682279,2.541630
2019-06-06,9.1977134300,9.3321598000,9.1660789900,9.2214392600,17829530,208396513.0000,0.394932,-0.341880
2019-06-10,9.2688909200,9.5694181000,9.2293478700,9.4270631200,26260039,313497289.0000,0.581671,2.229848
2019-06-11,9.4270631200,9.6326869800,9.3875200700,9.6326869800,27311314,330764948.0000,0.604958,2.181210
2019-06-12,9.5694181000,9.6168697600,9.4586975600,9.5219664400,17020416,204705550.0000,0.377010,-1.149428
2019-06-13,9.4982406100,9.5061492200,9.3875200700,9.4270631200,10604488,126545449.0000,0.234894,-0.996677
2019-06-14,9.4903320000,9.5694181000,9.3242511900,9.3637942400,13796762,164775383.0000,0.305604,-0.671140
2019-06-17,9.3875200700,9.4666061700,9.2688909200,9.3796114600,12271017,145829504.0000,0.271808,0.168915
2019-06-18,9.4033372900,9.4349717300,9.2926167500,9.3400684100,9958213,117557698.0000,0.220579,-0.421579
2019-06-19,9.5377836600,9.5615094900,9.3479770200,9.4112459000,18604371,222127779.0000,0.412095,0.762059
2019-06-20,9.4191545100,9.6880472500,9.3558856300,9.6722300300,32575818,393587182.0000,0.721569,2.773109
2019-06-21,9.6326869800,9.7513161300,9.5615094900,9.6643214200,22354862,272470935.0000,0.495170,-0.081760
2019-06-24,9.6564128100,9.6801386400,9.5615094900,9.6247783700,15436368,187272479.0000,0.341922,-0.409167
2019-06-25,9.6247783700,9.6326869800,9.3796114600,9.4666061700,14297966,171383303.0000,0.316706,-1.643384
2019-06-26,9.4745147800,9.5219664400,9.3875200700,9.4270631200,9597927,114528704.0000,0.212598,-0.417712
2019-06-27,9.4507889500,9.5615094900,9.4112459000,9.4903320000,18548029,222276266.0000,0.410847,0.671140
2019-06-28,9.4824233900,9.4903320000,9.3717028500,9.4349717300,11122671,132353597.0000,0.246372,-0.583331
2019-07-01,9.5615094900,9.6880472500,9.4745147800,9.6643214200,31762476,384989679.0000,0.703553,2.430846
2019-07-02,9.6089611500,9.8620366700,9.5931439300,9.7908591800,24002513,294439795.0000,0.531666,1.309328
2019-07-03,9.6247783700,10.0992949700,9.6247783700,10.0043916500,48231971,607814142.0000,1.068359,2.180933
2019-07-04,9.9727572100,10.3365532700,9.9727572100,10.1388380200,42201539,544244296.0000,0.934783,1.343874
2019-07-05,10.1072035800,10.1151121900,9.9411227700,10.0518433100,21035124,267157583.0000,0.465937,-0.858032
2019-07-08,10.0518433100,10.0834777500,9.6959558600,9.8699452800,27924770,348715823.0000,0.618546,-1.809603
2019-07-09,9.8145850100,10.0597519200,9.8066764000,9.9015797200,27052866,339076396.0000,0.599233,0.320520
2019-07-10,9.8857625000,9.9569399900,9.7908591800,9.8620366700,18369789,229441725.0000,0.406899,-0.399363
2019-07-11,9.9332141600,10.0676605300,9.9015797200,9.9490313800,18082335,228272360.0000,0.400532,0.882114
2019-07-12,10.0281174800,10.1783810700,9.9648486000,10.1309294100,20202372,258060883.0000,0.447491,1.828303
2019-07-15,10.0123002600,10.1546552400,9.8383108400,10.0518433100,24189264,305567636.0000,0.535803,-0.780643
2019-07-16,10.0518433100,10.2811930000,9.9806658200,10.1862896800,20643497,264088986.0000,0.457262,1.337530
2019-07-17,10.1546552400,10.3286446600,10.1151121900,10.2574671700,27742931,360309327.0000,0.614518,0.698759
2019-07-18,10.2811930000,10.2970102200,10.1230208000,10.1546552400,23206182,298650567.0000,0.514027,-1.002314
2019-07-19,10.2873996000,10.5362883000,10.2708070200,10.4450291100,34017950,426556447.0000,0.753512,2.859480
2019-07-22,10.4616216900,10.8266584500,10.3371773400,10.5694734600,36384995,465859194.0000,0.805944,1.191419
2019-07-23,10.5279920100,10.6109549100,10.3288810500,10.5031031400,26225075,330123421.0000,0.580897,-0.627943
2019-07-24,10.5196957200,10.6524363600,10.3122884700,10.4035476600,26859993,337248284.0000,0.594961,-0.947866
2019-07-25,10.3952513700,10.3952513700,10.1463626700,10.2873996000,26509514,326753874.0000,0.587197,-1.116430
2019-07-26,10.2044367000,10.3869550800,10.1712515400,10.3454736300,12011939,148851885.0000,0.266100,0.564500
2019-07-29,10.3454736300,10.4201402400,10.2376218600,10.3288810500,12798699,159104436.0000,0.283497,-0.160389
2019-07-30,10.3371773400,10.6856215200,10.3288810500,10.6109549100,23174201,295337085.0000,0.513300,2.730900
2019-07-31,10.5196957200,10.5196957200,10.0716960600,10.1214738000,42908101,527156028.0000,0.950400,-4.613000
2019-08-01,10.0219183200,10.0965849300,9.7979184900,9.8974739700,31000110,371293885.0000,0.686700,-2.213100
2019-08-02,9.6236964000,9.9638442900,9.5324372100,9.9140665500,35216216,410508215.0000,0.780100,0.167600
2019-08-05,9.7481407500,9.8393999400,9.5075483400,9.5241409200,28774637,334370496.0000,0.637400,-3.933100
2019-08-06,9.5241409200,9.7730296200,9.4992520500,9.6734741400,29227752,340203598.0000,0.647400,1.567900
2019-08-07,9.7564370400,10.0882886400,9.7564370400,9.9140665500,29503673,354299620.0000,0.653500,2.487100
2019-08-08,9.9887331600,10.0965849300,9.9223628400,10.0385109000,14733261,178383526.0000,0.326300,1.255200
2019-08-09,10.0633997700,10.1131775100,9.7315481700,9.7647333300,19332580,229359198.0000,0.428200,-2.727300
2019-08-12,9.7315481700,10.0219183200,9.7315481700,10.0136220300,13845144,165785960.0000,0.306700,2.548800
2019-08-13,9.9887331600,10.0302146100,9.8228073600,9.8891776800,9800982,116819641.0000,0.217100,-1.242700
2019-08-14,9.9389554200,10.0219183200,9.7730296200,9.7896222000,12022179,142786081.0000,0.266300,-1.006700
2019-08-15,9.6485852700,10.0385109000,9.5905112400,9.9970294500,22163687,264626948.0000,0.490900,2.118600
2019-08-16,9.9970294500,10.1131775100,9.9223628400,9.9970294500,15531249,187313715.0000,0.344000,0.000000
2019-08-19,10.2044367000,10.2542144400,9.9057702600,10.1546589600,31465968,382367092.0000,0.697000,1.576800
2019-08-20,10.1712515400,10.3952513700,10.0882886400,10.3122884700,31443501,388599517.0000,0.696500,1.552300
2019-08-21,10.2542144400,10.4865105600,10.2127329900,10.2542144400,18768334,234113178.0000,0.415700,-0.563200
2019-08-22,10.2625107300,10.3620662100,10.1131775100,10.1878441200,8841200,108858167.0000,0.195800,-0.647200
2019-08-23,10.1878441200,10.2708070200,10.0799923500,10.1214738000,10879543,133251071.0000,0.241000,-0.651500
2019-08-26,9.9804368700,9.9804368700,9.7979184900,9.8808813900,17869004,213025833.0000,0.395800,-2.377000
2019-08-27,9.9472517100,10.0385109000,9.8974739700,9.8974739700,18311099,220048037.0000,0.405600,0.167900
2019-08-28,9.9638442900,10.0136220300,9.7730296200,9.8974739700,17920127,213697819.0000,0.396900,0.000000
2019-08-29,9.9389554200,9.9555480000,9.4494743100,9.5075483400,38895075,452388128.0000,0.861500,-3.939700
2019-08-30,9.5739186600,9.5822149500,9.2420670600,9.3167336700,35303405,398956332.0000,0.782000,-2.007000
2019-09-02,9.2918448000,9.4826594700,9.2586596400,9.4494743100,25068467,283900105.0000,0.555300,1.424800
2019-09-03,9.3914002800,9.4411780200,9.3333262500,9.4079928600,20195826,228306986.0000,0.447300,-0.439000
2019-09-04,9.4162891500,9.7979184900,9.3582151200,9.7564370400,39492002,457125734.0000,0.874800,3.703700
2019-09-05,9.7730296200,9.9887331600,9.6319926900,9.6651778500,47611550,563864905.0000,1.054600,-0.935400
2019-09-06,9.7398444600,9.7730296200,9.5822149500,9.7647333300,27465305,320684313.0000,0.608400,1.030100
2019-09-09,9.8476962300,9.9970294500,9.8062147800,9.8642888100,35892321,427919108.0000,0.795000,1.019500
2019-09-10,9.8476962300,9.8808813900,9.6734741400,9.7398444600,24136774,282881780.0000,0.534600,-1.261600
2019-09-11,9.7564370400,9.8228073600,9.6651778500,9.7315481700,16044678,187768556.0000,0.355400,-0.085200
2019-09-12,9.8559925200,10.1961404100,9.8559925200,10.1629552500,60512524,734424844.0000,1.340400,4.433100
2019-09-16,10.1629552500,10.2708070200,9.9887331600,10.0633997700,31204242,380426315.0000,0.691200,-0.979600
2019-09-17,10.1131775100,10.1131775100,9.9638442900,10.0053257400,19907816,240493918.0000,0.441000,-0.577100
2019-09-18,10.0468071900,10.3205847600,9.9970294500,10.2127329900,31579524,388069801.0000,0.699500,2.073000
2019-09-19,10.2459181500,10.2708070200,9.9555480000,10.0633997700,22807120,277013002.0000,0.505200,-1.462200
2019-09-20,10.0385109000,10.0965849300,9.8808813900,9.9970294500,24161560,290820151.0000,0.535200,-0.659500
2019-09-23,9.9472517100,9.9555480000,9.6817704300,9.7481407500,17997807,212045947.0000,0.398700,-2.489600
2019-09-24,9.7564370400,9.8559925200,9.6485852700,9.7398444600,17672214,207891302.0000,0.391400,-0.085100
2019-09-25,9.7066593000,9.7979184900,9.6485852700,9.7564370400,15238775,178797504.0000,0.337500,0.170400
2019-09-26,9.8145110700,9.8891776800,9.7149555900,9.7564370400,24428380,288774719.0000,0.541100,0.000000
2019-09-27,9.7647333300,9.7730296200,9.5407335000,9.6071038200,17108804,198083563.0000,0.379000,-1.530600
2019-09-30,9.6154001100,9.6734741400,9.5573260800,9.5822149500,13366619,154902067.0000,0.296100,-0.259100
2019-10-08,9.6154001100,10.1463626700,9.6071038200,10.0219183200,46108549,553258731.0000,1.021300,4.588700
2019-10-09,9.9721405800,10.7519918400,9.9721405800,10.5694734600,80232685,1011186208.0000,1.777200,5.463600
2019-10-10,10.6109549100,10.6856215200,10.4450291100,10.6690289400,50095458,639184768.0000,1.109600,0.941900
2019-10-11,10.7188066800,10.9096213500,10.5860660400,10.6856215200,34630475,446640976.0000,0.767100,0.155500
2019-10-14,10.7188066800,10.9925842500,10.6856215200,10.8681399000,44493968,581963786.0000,0.985600,1.708100
2019-10-15,10.8266584500,11.0174731200,10.6607326500,10.7602881300,24084978,312428520.0000,0.533500,-0.992400
2019-10-16,10.8017695800,11.1999915000,10.7851770000,10.8764361900,35721331,473379706.0000,0.791200,1.079400
2019-10-17,10.9179176400,10.9676953800,10.6690289400,10.8017695800,22277652,289747632.0000,0.493500,-0.686500
2019-10-18,10.8432510300,10.9345102200,10.4118439500,10.4782142700,24760273,316961846.0000,0.548500,-2.995400
2019-10-21,10.5196957200,11.0423619900,10.4948068500,10.9925842500,39193724,512854386.0000,0.868200,4.908900
2019-10-22,10.8681399000,10.9842879600,10.7436955500,10.9842879600,30475429,399740847.0000,0.675000,-0.075500
2019-10-23,10.9676953800,11.0174731200,10.5943623300,10.6607326500,27312421,351694916.0000,0.605000,-2.945600
2019-10-24,10.6524363600,10.8266584500,10.5860660400,10.7022141000,14762261,190088942.0000,0.327000,0.389100
2019-10-25,10.7851770000,10.8349547400,10.6441400700,10.7022141000,15237492,196606311.0000,0.337500,0.000000
2019-10-28,10.5777697500,10.6192512000,10.3703625000,10.5031031400,23006806,291231645.0000,0.509600,-1.860500
2019-10-29,10.5362883000,10.5694734600,10.2873996000,10.3703625000,15759285,197557778.0000,0.349100,-1.263800
2019-10-30,9.9140665500,10.2127329900,9.6236964000,9.8559925200,62585070,747441318.0000,1.386300,-4.960000
2019-10-31,9.9140665500,9.9555480000,9.8228073600,9.8725851000,22190753,264262944.0000,0.491500,0.168300
2019-11-01,9.9140665500,10.2376218600,9.7398444600,10.1297700900,28093618,339883342.0000,0.622300,2.605000
2019-11-04,10.1629552500,10.2708070200,9.9804368700,10.0633997700,21810925,265656318.0000,0.483100,-0.655200
2019-11-05,10.0965849300,10.4118439500,10.0385109000,10.2459181500,24503820,302995899.0000,0.542800,1.813700
2019-11-06,10.2625107300,10.3205847600,10.0633997700,10.0882886400,14896125,181858447.0000,0.330000,-1.538500
2019-11-07,10.1131775100,10.1629552500,9.9887331600,10.0385109000,13345484,161971826.0000,0.295600,-0.493400
2019-11-08,10.1463626700,10.1961404100,9.8808813900,9.9472517100,18349145,221162479.0000,0.406400,-0.909100
2019-11-11,9.8974739700,9.8974739700,9.6734741400,9.7979184900,23392618,274968785.0000,0.518200,-1.501200
2019-11-12,9.8228073600,9.9306591300,9.7647333300,9.8642888100,9788972,116277064.0000,0.216800,0.677400
2019-11-13,9.9140665500,9.9140665500,9.6983630100,9.8062147800,14121767,166378808.0000,0.312800,-0.588700
2019-11-14,9.8311036500,9.8808813900,9.6734741400,9.7398444600,17966035,210979047.0000,0.398000,-0.676800
2019-11-15,9.7398444600,9.8145110700,9.6236964000,9.6983630100,9112822,106986171.0000,0.201900,-0.425900
2019-11-18,9.6900667200,9.9389554200,9.5905112400,9.8145110700,18052728,212702356.0000,0.399900,1.197600
2019-11-19,9.8311036500,10.0799923500,9.7647333300,9.9970294500,22302206,268603659.0000,0.494000,1.859700
2019-11-20,10.0385109000,10.0716960600,9.8891776800,9.9140665500,11594167,139205798.0000,0.256800,-0.829900
2019-11-21,9.8891776800,9.9721405800,9.7564370400,9.9555480000,12195757,145392093.0000,0.270100,0.418400
2019-11-22,9.9721405800,10.0219183200,9.8476962300,9.9472517100,12822414,153437421.0000,0.284000,-0.083300
2019-11-25,9.9306591300,10.2956958900,9.9306591300,10.1878441200,31756496,389148663.0000,0.703400,2.418700
2019-11-26,10.2376218600,10.2376218600,10.0799923500,10.1712515400,20513076,250857818.0000,0.454400,-0.162900
2019-11-27,10.1380663800,10.2044367000,9.9804368700,10.0551034800,13587219,165080578.0000,0.301000,-1.141900
2019-11-28,10.0385109000,10.0799923500,9.8559925200,9.8974739700,11279875,135417409.0000,0.249900,-1.567700
2019-11-29,9.8808813900,10.0302146100,9.8476962300,9.8725851000,14605079,174696851.0000,0.323500,-0.251500
2019-12-02,9.9223628400,10.2873996000,9.9223628400,10.2625107300,31300275,384651964.0000,0.693300,3.949600
2019-12-03,10.2376218600,10.4782142700,10.1878441200,10.3039921800,24367931,303629576.0000,0.539800,0.404200
2019-12-04,10.3288810500,10.3786587900,10.1297700900,10.1795478300,11924218,146845159.0000,0.264100,-1.207700
2019-12-05,10.1961404100,10.2376218600,10.0385109000,10.1131775100,21503675,261378222.0000,0.476300,-0.652000
2019-12-06,10.0799923500,10.1214738000,9.9970294500,10.0882886400,18292025,221678981.0000,0.405200,-0.246100
2019-12-09,10.1878441200,10.5611771700,10.1297700900,10.5528808800,45177344,566457212.0000,1.000700,4.605300
2019-12-10,10.5113994300,10.5611771700,10.3952513700,10.4367328200,22402750,282464793.0000,0.496200,-1.100600
2019-12-11,10.5362883000,10.8266584500,10.5362883000,10.7768807100,38812652,501890771.0000,0.859700,3.259100
2019-12-12,10.7022141000,10.8183621600,10.6109549100,10.6275474900,16931419,218199470.0000,0.375000,-1.385700
2019-12-13,10.8432510300,10.9511028000,10.6275474900,10.7353992600,33078506,428571926.0000,0.732700,1.014800
2019-12-16,10.6607326500,10.7934732900,10.5196957200,10.7602881300,25244959,323983863.0000,0.559200,0.231800
2019-12-17,10.7685844200,11.2663618200,10.7105103900,11.0091768300,42113329,560333938.0000,0.932800,2.313000
2019-12-18,11.0008805400,11.1502137600,10.9013250600,10.9179176400,21325391,283831899.0000,0.472400,-0.828900
2019-12-19,10.9676953800,11.1751026300,10.9511028000,11.0506582800,16430727,218972540.0000,0.363900,1.215800
2019-12-20,11.1170286000,11.4820653600,11.0672508600,11.3908061700,32834737,449287818.0000,0.727300,3.078100
2019-12-23,11.3742135900,11.4903616500,10.9593990900,11.0340657000,27907868,376818636.0000,0.618200,-3.131800
2019-12-24,11.1087323100,11.1087323100,10.7353992600,10.8764361900,29872382,390589873.0000,0.661700,-1.428600
2019-12-25,10.7768807100,10.9096213500,10.7105103900,10.8349547400,19071208,248223253.0000,0.422400,-0.381400
2019-12-26,10.9345102200,11.6148060000,10.9345102200,11.4488802000,46056396,631372311.0000,1.020200,5.666200
2019-12-27,11.3659173000,11.7392503500,11.3659173000,11.5816208400,33718837,470292108.0000,0.746900,1.159400
2019-12-30,11.6231022900,11.9051761500,11.5318431000,11.8388058300,29886601,422492171.0000,0.662000,2.220600
2019-12-31,11.7807318000,12.1872500100,11.6811763200,12.0296205000,32769278,472968756.0000,0.725900,1.611800
2020-01-02,12.1540648500,12.5688793500,12.0213242100,12.0628056600,47072925,694715481.0000,1.042700,0.275900
2020-01-03,12.0711019500,12.1540648500,11.8471021200,12.0793982400,26332251,380500935.0000,0.583300,0.137600
2020-01-06,11.8636947000,11.9051761500,11.5650282600,11.8636947000,43960703,623268883.0000,0.973700,-1.785700
2020-01-07,11.8636947000,12.0628056600,11.7641392200,11.9798427600,21405096,307518537.0000,0.474100,0.979000
2020-01-08,11.9051761500,12.1208796900,11.7392503500,12.0793982400,28694794,413806185.0000,0.635600,0.831000
2020-01-09,12.1872500100,12.5191016100,12.1125834000,12.1955463000,37745238,561827792.0000,0.836100,0.961500
2020-01-10,12.1125834000,12.1955463000,11.7641392200,11.8305095400,32923072,470877206.0000,0.729300,-2.993200
2020-01-13,11.7807318000,11.9134724400,11.6811763200,11.9051761500,23998913,341400708.0000,0.531600,0.631100
2020-01-14,11.9051761500,12.0462130800,11.7807318000,11.9134724400,17651149,253400334.0000,0.391000,0.069700
2020-01-15,11.9051761500,11.9051761500,11.6065097100,11.6977689000,22679471,320255770.0000,0.502400,-1.810600
2020-01-16,11.7226577700,11.8636947000,11.6313985800,11.6894726100,18560676,262231806.0000,0.411100,-0.070900
2020-01-17,11.7641392200,11.8305095400,11.5982134200,11.6479911600,20002140,281909102.0000,0.443100,-0.354900
2020-01-20,11.6231022900,11.6811763200,11.1916952100,11.4903616500,34407384,472102121.0000,0.762100,-1.353300
2020-01-21,11.4488802000,11.5235468100,11.1253248900,11.1502137600,28240721,382843697.0000,0.625500,-2.960300
2020-01-22,11.1916952100,11.4156950400,10.9345102200,11.3493247200,20620628,280109961.0000,0.456800,1.785700
2020-01-23,11.1668063400,11.1668063400,10.7851770000,10.9262139300,27661660,367020924.0000,0.612700,-3.728100
2020-02-03,9.8974739700,10.1214738000,9.8311036500,9.8891776800,42519745,506861596.0000,0.941800,-9.491300
2020-02-04,9.8974739700,10.2708070200,9.8145110700,10.1629552500,38138497,460780322.0000,0.844800,2.768500
2020-02-05,10.1463626700,10.3703625000,10.0551034800,10.1629552500,29956829,367754798.0000,0.663600,0.000000
2020-02-06,10.2293255700,10.2791033100,10.0551034800,10.2542144400,33962248,415787908.0000,0.752300,0.898000
2020-02-07,10.1629552500,10.2873996000,9.9721405800,10.2459181500,33765381,410436845.0000,0.747900,-0.080900
2020-02-10,10.1131775100,10.6524363600,10.0551034800,10.5362883000,39713753,500072327.0000,0.879700,2.834000
2020-02-11,10.4865105600,10.7271029700,10.4367328200,10.5528808800,26023530,332803587.0000,0.576400,0.157500
2020-02-12,10.5445845900,10.5943623300,10.3952513700,10.5196957200,24774644,312500772.0000,0.548800,-0.314500
2020-02-13,10.6358437800,10.9925842500,10.6026586200,10.7105103900,54561438,711254357.0000,1.208600,1.813900
2020-02-14,10.8681399000,11.6645837400,10.8515473200,11.5982134200,58488354,795064695.0000,1.295500,8.288100
2020-02-17,11.6562874500,11.8222132500,11.3493247200,11.6645837400,50549050,709479078.0000,1.119700,0.572300
2020-02-18,11.6562874500,11.6562874500,11.2414729500,11.4405839100,29670379,407752760.0000,0.657200,-1.920300
2020-02-19,11.3825098800,11.6894726100,11.2995469800,11.5152505200,24193109,336107922.0000,0.535900,0.652600
2020-02-20,11.4654727800,11.7807318000,11.1419174700,11.6065097100,39117561,537490126.0000,0.866500,0.792500
2020-02-21,11.4986579400,11.5484356800,11.2829544000,11.3659173000,26795659,367768519.0000,0.593500,-2.072900
2020-02-24,11.2497692400,11.2663618200,10.9345102200,11.1087323100,34063524,454984029.0000,0.754500,-2.262800
2020-02-25,11.0506582800,11.5484356800,11.0506582800,11.2912506900,33471602,456933008.0000,0.741400,1.643000
2020-02-26,11.1336211800,12.3448795200,11.1170286000,11.9964353400,80900973,1168507788.0000,1.792000,6.245400
2020-02-27,12.0711019500,12.1125834000,11.5816208400,11.6811763200,57412483,812517082.0000,1.271700,-2.627900
2020-02-28,11.4820653600,12.2204351700,11.4571764900,11.8636947000,53046070,763534419.0000,1.175000,1.562500
2020-03-02,11.7724355100,12.8509532100,11.7724355100,12.7182125700,73022297,1107679541.0000,1.617500,7.202800
2020-03-03,12.7845828900,12.8841383700,12.0296205000,12.3614721000,59934487,893097882.0000,1.327600,-2.805000
2020-03-04,12.4527312900,13.0666567500,12.1872500100,13.0002864300,70445322,1079406937.0000,1.560400,5.167800
2020-03-05,12.6767311200,13.1413233600,12.6518422500,12.9836938500,55728807,864679141.0000,1.234400,-0.127600
2020-03-06,12.7348051500,12.7431014400,12.2287314600,12.3863609700,39601035,592067255.0000,0.877200,-4.600600
2020-03-09,12.0793982400,12.3614721000,12.0130279200,12.1872500100,40888900,599316673.0000,0.905700,-1.607500
2020-03-10,12.2785092000,12.5273979000,11.9466576000,12.3614721000,29270848,433205747.0000,0.648400,1.429500
2020-03-11,12.3614721000,12.6103608000,12.2121388800,12.3033980700,26075880,390613395.0000,0.577600,-0.469800
2020-03-12,12.0296205000,12.4361387100,11.9549538900,12.1540648500,20519290,301691087.0000,0.454500,-1.213800
2020-03-13,11.4488802000,12.2619166200,11.2663618200,12.1125834000,33849061,479922280.0000,0.749800,-0.341300
2020-03-16,12.0213242100,12.0379167900,11.2165840800,11.4322876200,33503687,472594255.0000,0.742100,-5.616400
2020-03-17,11.5069542300,11.7226577700,10.9013250600,11.1170286000,38839548,523513929.0000,0.860300,-2.757600
2020-03-18,11.1170286000,11.2414729500,10.5860660400,10.6109549100,34631255,456666588.0000,0.767100,-4.552200
2020-03-19,10.4699179800,10.7105103900,9.8974739700,10.2791033100,41265405,511291726.0000,0.914000,-3.127400
2020-03-20,10.4699179800,10.8349547400,10.3122884700,10.6441400700,25718713,327477236.0000,0.569700,3.551200
2020-03-23,10.2873996000,10.4118439500,10.0468071900,10.0799923500,21230193,260691861.0000,0.470300,-5.300100
2020-03-24,10.3288810500,10.7519918400,10.2625107300,10.6026586200,27303253,343888443.0000,0.604800,5.185200
2020-03-25,10.7851770000,11.3659173000,10.7105103900,11.2746581100,33167540,441524329.0000,0.734700,6.338000
2020-03-26,11.1253248900,11.4488802000,11.0589545700,11.2248803700,31324208,423745930.0000,0.693800,-0.441500
2020-03-27,11.3825098800,11.9300650200,11.1668063400,11.5650282600,38540086,536850399.0000,0.853700,3.030300
2020-03-30,11.4488802000,11.8968798600,11.3825098800,11.7226577700,36838194,515979566.0000,0.816000,1.363000
2020-03-31,11.6977689000,11.7641392200,11.2331766600,11.6894726100,29891040,412154702.0000,0.662100,-0.283100
2020-04-01,11.5069542300,11.9798427600,11.5069542300,11.6065097100,21947664,309502902.0000,0.486200,-0.709700
2020-04-02,11.4903616500,11.6313985800,11.3908061700,11.5401393900,15210925,211020595.0000,0.336900,-0.571800
2020-04-03,11.5069542300,11.8222132500,11.4654727800,11.6479911600,14588708,204921871.0000,0.323100,0.934600
2020-04-07,11.8471021200,11.8885835700,11.5152505200,11.8056206700,20146611,284607424.0000,0.446300,1.353300
2020-04-08,11.7558429300,11.7558429300,11.3659173000,11.4654727800,23002496,317995579.0000,0.509500,-2.881200
2020-04-09,11.5152505200,11.5567319700,10.9096213500,11.2663618200,34735440,467481770.0000,0.769400,-1.736600
2020-04-10,11.2331766600,11.4488802000,11.0423619900,11.0506582800,21766114,294310622.0000,0.482100,-1.914600
2020-04-13,11.0340657000,11.3908061700,11.0340657000,11.2663618200,17963236,243238582.0000,0.397900,1.952000
2020-04-14,11.3161395600,11.6977689000,11.2082877900,11.6148060000,26095905,364402617.0000,0.578000,3.092800
2020-04-15,11.6977689000,11.6977689000,11.2414729500,11.2580655300,21302596,291923828.0000,0.471900,-3.071400
2020-04-16,11.2248803700,11.4820653600,11.1585100500,11.2497692400,18222149,247961430.0000,0.403600,-0.073700
2020-04-17,11.3659173000,11.4654727800,11.1999915000,11.4156950400,22264505,304414442.0000,0.493200,1.474900
2020-04-20,11.4073987500,11.4322876200,11.0174731200,11.2248803700,31798845,427993499.0000,0.704400,-1.671500
2020-04-21,11.1170286000,11.2995469800,10.9096213500,11.0091768300,21322090,283064001.0000,0.472300,-1.921700
2020-04-22,10.9676953800,11.0174731200,10.6441400700,10.9842879600,24364555,318079651.0000,0.539700,-0.226100
2020-04-23,11.1087323100,11.2331766600,10.8266584500,10.9179176400,33948755,449060602.0000,0.752000,-0.604200
2020-04-24,10.9676953800,11.0257694100,10.8183621600,10.8598436100,18429681,242391720.0000,0.408200,-0.531900
2020-04-27,10.9096213500,11.1004360200,10.8847324800,11.0589545700,18993380,252363293.0000,0.420700,1.833500
2020-04-28,11.0672508600,11.2580655300,10.8349547400,11.0589545700,24685562,329599576.0000,0.546800,0.000000
2020-04-29,10.9511028000,11.3659173000,10.8515473200,11.2663618200,33316168,447483683.0000,0.738000,1.875500
2020-04-30,11.1916952100,11.3161395600,11.1004360200,11.1419174700,24131528,325144574.0000,0.534500,-1.104600
2020-05-06,10.9925842500,11.0589545700,10.7519918400,10.8681399000,33610191,440757331.0000,0.744500,-2.457200
2020-05-07,10.8266584500,10.9179176400,10.7934732900,10.8515473200,18053035,235962083.0000,0.399900,-0.152700
2020-05-08,10.9013250600,11.0174731200,10.8017695800,11.0008805400,21686153,285423851.0000,0.480400,1.376100
2020-05-11,10.9759916700,11.1170286000,10.8432510300,10.8930287700,29000044,383003240.0000,0.642400,-0.980400
2020-05-12,10.9096213500,10.9262139300,10.7602881300,10.7768807100,18644253,242853693.0000,0.413000,-1.066300
2020-05-13,10.7353992600,10.8100658700,10.6275474900,10.7851770000,20716355,267631804.0000,0.458900,0.077000
2020-05-14,10.7685844200,10.7685844200,10.5528808800,10.5694734600,16589171,212480254.0000,0.367500,-2.000000
2020-05-15,10.6441400700,10.6441400700,10.4201402400,10.4533254000,26049153,329791431.0000,0.577000,-1.098900
2020-05-18,10.5196957200,10.9345102200,10.4699179800,10.8681399000,46786315,609083786.0000,1.036300,3.968300
2020-05-19,10.9428065100,10.9511028000,10.5611771700,10.6773252300,30218656,388881852.0000,0.669400,-1.755700
2020-05-20,10.6441400700,10.6690289400,10.5113994300,10.5362883000,17883193,227903277.0000,0.396100,-1.320900
2020-05-21,10.5943623300,10.5943623300,10.4284365300,10.4533254000,11564960,146029931.0000,0.256200,-0.787400
2020-05-22,10.4533254000,10.4948068500,10.2210292800,10.2376218600,19173813,238981106.0000,0.424700,-2.063500
2020-05-25,10.2625107300,10.5528808800,10.2044367000,10.4782142700,21128488,265871567.0000,0.468000,2.350100
2020-05-26,10.4782142700,10.5777697500,10.3454736300,10.5279920100,11488413,145323372.0000,0.254500,0.475100
2020-05-27,10.5362883000,10.6773252300,10.4533254000,10.5362883000,16351980,208398431.0000,0.362200,0.078800
2020-05-28,10.5528808800,10.8598436100,10.5362883000,10.6856215200,22612074,292135679.0000,0.500900,1.417300
2020-05-29,10.6773252300,10.7768807100,10.5279920100,10.5777697500,13994128,178952030.0000,0.310000,-1.009300
2020-06-01,10.6856215200,11.1336211800,10.6856215200,11.1253248900,31743366,419284278.0000,0.703100,5.176500
2020-06-02,11.0755471500,11.5152505200,11.0755471500,11.4239913300,33708088,459664516.0000,0.746600,2.684600
2020-06-03,11.4322876200,11.7226577700,11.4156950400,11.4239913300,34750525,483518599.0000,0.769700,0.000000
2020-06-04,11.4488802000,11.6148060000,11.2580655300,11.3078432700,20621782,281975007.0000,0.456800,-1.016700
2020-06-05,11.4239913300,11.4654727800,11.1170286000,11.3410284300,21459792,291040324.0000,0.475300,0.293500
2020-06-08,11.4405839100,11.5152505200,11.2497692400,11.3493247200,22911294,314207440.0000,0.507500,0.073200
2020-06-09,11.4073987500,11.6728800300,11.3078432700,11.4488802000,18857125,261342201.0000,0.417700,0.877200
2020-06-10,11.4488802000,11.4820653600,11.1170286000,11.2331766600,23324488,315460787.0000,0.516600,-1.884100
2020-06-11,11.2165840800,11.2580655300,10.9096213500,10.9428065100,19276435,256796434.0000,0.427000,-2.584900
2020-06-12,10.8349547400,10.9925842500,10.7105103900,10.9013250600,21475461,280139599.0000,0.475700,-0.379100
2020-06-15,10.7934732900,11.1668063400,10.7851770000,10.8598436100,20627662,272320635.0000,0.456900,-0.380500
2020-06-16,10.9511028000,11.0838434400,10.9179176400,10.9925842500,14517562,192237920.0000,0.321600,1.222300
2020-06-17,10.9428065100,10.9925842500,10.7519918400,10.8100658700,20518140,267878468.0000,0.454500,-1.660400
2020-06-18,10.8349547400,11.1833989200,10.8349547400,11.0008805400,22582035,300409007.0000,0.500200,1.765200
2020-06-19,11.0340657000,11.1170286000,10.9345102200,11.0589545700,21636186,287472489.0000,0.479300,0.527900
2020-06-22,11.0589545700,11.1833989200,10.8349547400,10.8515473200,35503161,467535161.0000,0.786400,-1.875500
2020-06-23,10.8681399000,10.9262139300,10.7519918400,10.8349547400,17170675,224212473.0000,0.380300,-0.152900
2020-06-24,10.8349547400,11.2414729500,10.8017695800,11.1419174700,40765367,545001028.0000,0.903000,2.833100
2020-06-29,11.1419174700,11.1419174700,10.7768807100,10.9345102200,33745282,442117215.0000,0.747500,-1.861500
2020-06-30,10.9676953800,11.4073987500,10.8764361900,11.3659173000,49492467,662951040.0000,1.096300,3.945400
2020-07-01,11.3659173000,12.5025090300,11.2497692400,12.5025090300,73474301,1072094190.0000,1.627500,10.000000
2020-07-02,12.6850274100,13.7552488200,12.6850274100,13.4980638300,96163946,1526329854.0000,2.130100,7.962800
2020-07-03,13.4151009300,13.7884339800,13.0832493300,13.4565823800,70881747,1138394245.0000,1.570100,-0.307300
2020-07-06,13.6888785000,14.7425073300,13.5561378600,14.4604334700,109332653,1848559832.0000,2.421800,7.459900
2020-07-07,14.4189520200,14.4189520200,13.8713968800,14.0290263900,79101707,1343283642.0000,1.752100,-2.983400
2020-07-08,13.9294709100,14.1700633200,13.5478415700,13.7718414000,60810508,1018703301.0000,1.347000,-1.833200
2020-07-09,13.8216191400,13.8713968800,13.4482860900,13.7801376900,81519467,1342048698.0000,1.805700,0.060200
2020-07-10,13.6763900000,13.6850350000,13.1749800000,13.1922700000,62508099,970020657.0000,1.384600,-4.266000
2020-07-13,13.1749800000,13.2700750000,12.6995050000,13.1490450000,97490119,1467201205.0000,2.159400,-0.327700
2020-07-14,13.1404000000,13.3565250000,12.7600200000,12.9761450000,74310480,1120442155.0000,1.646000,-1.314900
2020-07-15,13.0193700000,13.0971750000,12.6735700000,12.7513750000,63041719,940388019.0000,1.396400,-1.732200
2020-07-16,12.7686650000,13.0280150000,12.5179600000,12.5698300000,64275837,952935584.0000,1.423700,-1.423700
2020-07-17,12.5784750000,12.6735700000,12.2413200000,12.4401550000,59275956,850563207.0000,1.313000,-1.031600
2020-07-20,12.5438950000,13.1058200000,12.4228650000,12.9588550000,72185187,1069240982.0000,1.598900,4.169600
2020-07-21,12.8896950000,13.1404000000,12.7340850000,12.9415650000,47524403,709871670.4900,1.052700,-0.133400
2020-07-22,12.9069850000,13.0539500000,12.6303450000,12.7946000000,40846062,607379767.9000,0.904800,-1.135600
2020-07-23,12.6476350000,12.7167950000,12.2759000000,12.4315100000,48950218,705031981.0100,1.084300,-2.837800
2020-07-24,12.3623500000,12.5698300000,11.8868750000,11.9301000000,56082677,796067912.6100,1.242300,-4.033400
2020-07-27,12.0338400000,12.0684200000,11.6188800000,11.7744900000,33487244,455350422.3500,0.741800,-1.304300
2020-07-28,11.8436500000,12.0079050000,11.6966850000,11.9128100000,33823174,463794859.3600,0.749200,1.174700
2020-07-29,11.8090700000,12.0943550000,11.8090700000,12.0251950000,42102674,582482254.6300,0.932600,0.943400
2020-07-30,12.0424850000,12.0943550000,11.8868750000,12.0424850000,35230520,488999889.7500,0.780400,0.143800
2020-07-31,11.9819700000,12.2586100000,11.8955200000,12.0943550000,38674175,540143854.7800,0.856600,0.430700
2020-08-03,12.2672550000,12.5352500000,12.1894500000,12.3796400000,49412186,704625837.1300,1.094500,2.358800
2020-08-04,12.3796400000,12.6562800000,12.1721600000,12.4833800000,45274483,650494732.2300,1.002800,0.838000
2020-08-05,12.3623500000,12.4055750000,12.1289350000,12.2326750000,36428752,514194461.1200,0.806900,-2.008300
2020-08-06,12.3191250000,12.5266050000,12.1635150000,12.3450600000,34969816,498286924.3500,0.774600,0.918700
2020-08-07,12.2067400000,12.2499650000,11.9819700000,12.1030000000,28628657,401127839.3700,0.634100,-1.960800
2020-08-10,12.0943550000,12.7427300000,12.0165500000,12.5698300000,73874439,1069008544.3400,1.636400,3.857100
2020-08-11,12.6130550000,13.1144650000,12.5093150000,12.7340850000,68910350,1021007451.3200,1.526400,1.306700
2020-08-12,12.7427300000,13.2614300000,12.6822150000,13.0625950000,61845163,931458043.1800,1.369900,2.579800
2020-08-13,13.0712400000,13.2441400000,12.8637600000,12.9329200000,29697015,447695425.6100,0.657800,-0.992700
2020-08-14,13.0107250000,13.6331650000,12.8896950000,13.5294250000,51233499,789448263.6700,1.134800,4.612300
2020-08-17,13.5294250000,14.1345750000,13.4256850000,13.6072300000,78568681,1252205131.4400,1.740300,0.575100
2020-08-18,13.5640050000,13.5726500000,13.1404000000,13.2787200000,50170524,772892709.0400,1.111300,-2.414200
2020-08-19,13.2700750000,13.2700750000,12.9156300000,13.1058200000,52627435,795662393.4100,1.165700,-1.302100
2020-08-20,13.0107250000,13.0625950000,12.8810500000,12.9415650000,28488150,427005514.4200,0.631000,-1.253300
2020-08-21,13.0539500000,13.1836250000,12.8810500000,13.0107250000,21330846,321947592.5200,0.472500,0.534400
2020-08-24,13.0539500000,13.1836250000,12.7167950000,12.8724050000,34412221,513543376.8900,0.762200,-1.063100
2020-08-25,12.8810500000,13.1749800000,12.7340850000,12.9502100000,37080323,554643794.2300,0.821300,0.604400
2020-08-26,12.9156300000,13.0971750000,12.7773100000,12.8724050000,34233019,511784453.3200,0.758300,-0.600800
2020-08-27,12.9242750000,12.9242750000,12.4833800000,12.6130550000,26154636,382027028.1500,0.579300,-2.014800
2020-08-28,12.5438950000,12.9242750000,12.4920250000,12.9242750000,23265670,344466422.0100,0.515300,2.467400
2020-08-31,12.7686650000,12.9934350000,12.3796400000,12.3796400000,58304269,853271926.3200,1.291500,-4.214000
2020-09-01,12.4315100000,12.4833800000,12.2586100000,12.4228650000,30692181,439712479.6500,0.679800,0.349200
2020-09-02,12.4920250000,12.6649250000,12.3450600000,12.5352500000,27766114,401559238.3700,0.615000,0.904700
2020-09-03,12.5352500000,12.7686650000,12.5006700000,12.5784750000,23338731,340750710.8200,0.517000,0.344800
2020-09-04,12.3277700000,12.6303450000,12.2499650000,12.6130550000,26294996,379220247.5500,0.582400,0.274900
2020-09-07,12.5006700000,13.0971750000,12.4920250000,12.7773100000,53674912,802054606.1700,1.188900,1.302300
2020-09-08,12.8464700000,13.0453050000,12.7081500000,12.7254400000,28582326,425009123.7700,0.633100,-0.406000
2020-09-09,12.6217000000,12.7946000000,12.3277700000,12.5179600000,27982663,407147159.6800,0.619800,-1.630400
2020-09-10,12.8378250000,13.6072300000,12.7946000000,12.9675000000,63384541,964226362.4800,1.404000,3.591200
2020-09-11,12.8896950000,13.1663350000,12.6822150000,12.8291800000,42758331,638331843.7000,0.947100,-1.066700
2020-09-14,12.9934350000,13.0971750000,12.6130550000,12.7167950000,34208598,504740619.2000,0.757700,-0.876000
2020-09-15,12.6908600000,13.1576900000,12.6217000000,13.0020800000,31239126,467202727.4400,0.692000,2.243400
2020-09-16,12.9329200000,13.3911050000,12.8205350000,13.2441400000,34205743,521535482.1500,0.757700,1.861700
2020-09-17,13.1922700000,13.3478800000,12.8810500000,13.0885300000,34928658,528068754.1400,0.773700,-1.174900
2020-09-18,13.0453050000,13.7282600000,13.0193700000,13.7282600000,48188897,750640851.9500,1.067400,4.887700
2020-09-21,13.7369050000,13.7369050000,13.4170400000,13.4516200000,29220069,457272594.8100,0.647200,-2.015100
2020-09-22,13.3219450000,13.5294250000,13.2354950000,13.3219450000,21062265,325936229.1400,0.466500,-0.964000
2020-09-23,13.3565250000,13.3997500000,13.0107250000,13.0625950000,28900929,438613465.7800,0.640200,-1.946800
2020-09-24,13.0971750000,13.0971750000,12.7946000000,12.8464700000,19171926,286730860.2500,0.424700,-1.654500
2020-09-25,12.8551150000,12.8983400000,12.3796400000,12.3882850000,34313667,499322166.1200,0.760100,-3.566600
2020-09-28,12.4920250000,12.8637600000,12.4833800000,12.7859550000,23769660,349491877.6100,0.526500,3.210000
2020-09-29,12.9588550000,12.9675000000,12.6217000000,12.7081500000,16653894,245163751.5500,0.368900,-0.608500
2020-09-30,12.7946000000,12.8551150000,12.4833800000,12.5784750000,16956777,247260616.9100,0.375600,-1.020400
2020-10-09,12.6908600000,12.7600200000,12.4660900000,12.6044100000,19541386,284450692.1400,0.432900,0.206200
2020-10-12,12.6908600000,12.9156300000,12.5438950000,12.9069850000,30441672,449623483.4000,0.674300,2.400500
2020-10-13,12.8118900000,12.8810500000,12.4660900000,12.6044100000,40464336,590187013.7500,0.896300,-2.344300
2020-10-14,12.5352500000,12.5525400000,12.0943550000,12.2413200000,46364770,657870501.8900,1.027000,-2.880700
2020-10-15,12.1980950000,12.4228650000,12.1808050000,12.2413200000,21625433,307231870.0700,0.479000,0.000000
2020-10-16,12.2240300000,12.3796400000,12.2240300000,12.3277700000,16032144,228339369.1600,0.355100,0.706200
2020-10-19,12.3969300000,12.8724050000,12.3623500000,12.4401550000,43743104,638101020.1900,0.968900,0.911600
2020-10-20,12.3709950000,12.4228650000,12.1289350000,12.3104800000,25224778,357086347.5600,0.558700,-1.042400
2020-10-21,12.3018350000,12.3364150000,12.1289350000,12.3018350000,19101959,270093805.1700,0.423100,-0.070200
2020-10-22,12.2672550000,12.4574450000,12.1635150000,12.2413200000,26927593,382355060.3400,0.596500,-0.491900
2020-10-23,12.2240300000,12.4747350000,12.1635150000,12.3623500000,27357208,390313843.7900,0.606000,0.988700
2020-10-26,12.3796400000,12.4747350000,12.1202900000,12.1980950000,26754947,378543825.2900,0.592600,-1.328700
2020-10-27,12.1375800000,12.1548700000,11.7485550000,11.8263600000,33630725,462340551.2200,0.744900,-3.047500
2020-10-28,11.8263600000,11.8436500000,11.5670100000,11.6793950000,21726001,292894396.3100,0.481200,-1.242700
2020-10-29,11.5497200000,11.8955200000,11.4978500000,11.8436500000,21092093,285437437.4100,0.467200,1.406400
2020-10-30,11.7917800000,12.0165500000,11.5324300000,11.5410750000,26598431,360969867.7300,0.589200,-2.554700
2020-11-02,11.6621050000,11.8436500000,11.5583650000,11.6534600000,21999515,297022325.6200,0.487300,0.973800
2020-11-03,11.6966850000,11.8004250000,11.4978500000,11.7917800000,22970861,311237812.1700,0.508800,1.186900
2020-11-04,11.7485550000,11.8609400000,11.7053300000,11.7831350000,17253431,234747073.9100,0.382200,-0.073300
2020-11-05,11.8868750000,12.2240300000,11.8350050000,12.2067400000,38581815,537047636.3600,0.854600,3.595000
2020-11-06,12.1894500000,12.4747350000,12.1635150000,12.2759000000,30200738,429878099.3100,0.669000,0.566600
2020-11-09,12.3537050000,12.4747350000,12.2413200000,12.4228650000,27683515,396012401.8600,0.613200,1.197200
2020-11-10,12.4833800000,12.5871200000,12.2240300000,12.3191250000,24132028,345818127.3600,0.534500,-0.835100
2020-11-11,12.3277700000,12.5784750000,12.2413200000,12.4142200000,26232258,377715526.5200,0.581100,0.771900
2020-11-12,12.3450600000,12.5093150000,12.2326750000,12.3450600000,19067365,272742682.2600,0.422400,-0.557100
2020-11-13,12.2931900000,12.3277700000,11.9646800000,12.0079050000,17029677,237791393.7100,0.377200,-2.731100
2020-11-16,12.0079050000,12.3882850000,11.9992600000,12.3796400000,23558616,332838931.9800,0.521800,3.095800
2020-11-17,12.3969300000,12.9329200000,12.3104800000,12.8983400000,75324769,1111520206.3400,1.668500,4.189900
2020-11-18,12.9329200000,13.2268500000,12.6044100000,13.1058200000,85747451,1287282204.4000,1.899300,1.608600
2020-11-19,13.0020800000,13.1749800000,12.9069850000,13.0539500000,44222043,667008505.9200,0.979500,-0.395800
2020-11-20,12.9934350000,13.0453050000,12.7081500000,12.9242750000,26251931,391286299.9800,0.581500,-0.993400
2020-11-23,12.8896950000,13.1317550000,12.8205350000,12.9934350000,30564497,459939229.1900,0.677000,0.535100
2020-11-24,12.9329200000,13.1317550000,12.8637600000,12.8983400000,20661365,310281700.5000,0.457700,-0.731900
2020-11-25,13.0107250000,13.3997500000,12.8810500000,13.1836250000,42378024,646807334.1700,0.938700,2.211800
2020-11-26,13.1404000000,13.3738150000,12.8983400000,13.3651700000,28279836,431882113.8500,0.626400,1.377000
2020-11-27,13.2787200000,13.8320000000,13.2182050000,13.5553600000,34255787,535962715.2600,0.758800,1.423000
2020-11-30,13.5553600000,13.8752250000,13.0798850000,13.0798850000,43416598,675439097.5300,0.961700,-3.507700
2020-12-01,13.2268500000,13.2268500000,12.7600200000,13.0193700000,39554648,591733619.6800,0.876200,-0.462700
2020-12-02,13.0712400000,13.4516200000,12.9675000000,13.0712400000,33840320,515096680.2900,0.749600,0.398400
2020-12-03,13.0712400000,13.2182050000,12.8118900000,12.9502100000,24056585,361281419.7600,0.532900,-0.925900
2020-12-04,12.9502100000,12.9934350000,12.5525400000,12.6130550000,31207918,457336015.8300,0.691300,-2.603500
2020-12-07,12.6217000000,12.6649250000,12.2413200000,12.3191250000,30343229,434379134.1000,0.672100,-2.330400
2020-12-08,12.3709950000,12.4488000000,12.1980950000,12.2499650000,19524073,277448048.7300,0.432500,-0.561400
2020-12-09,12.2845450000,12.3364150000,12.2240300000,12.2499650000,16243302,230492524.1300,0.359800,0.000000
2020-12-10,12.2153850000,12.3623500000,12.0511300000,12.1721600000,26229958,368792426.9600,0.581000,-0.635100
2020-12-11,12.1635150000,12.1980950000,11.8350050000,11.9473900000,27237593,376448929.5100,0.603300,-1.846600
2020-12-14,12.0597750000,12.2067400000,11.9387450000,12.1894500000,23328760,325867271.9300,0.516700,2.026000
2020-12-15,12.1116450000,12.1202900000,11.8782300000,11.9387450000,26259579,363147989.1100,0.581700,-2.056700
2020-12-16,11.9819700000,12.1808050000,11.7917800000,11.9646800000,30870501,427923592.3600,0.683800,0.217200
2020-12-17,11.9560350000,12.0857100000,11.8436500000,12.0857100000,25414842,352072741.1000,0.562900,1.011600
2020-12-18,12.0511300000,12.1462250000,11.8004250000,11.8177150000,30378177,418895267.4000,0.672900,-2.217500
2020-12-21,11.8263600000,11.9041650000,11.6102350000,11.6361700000,31836709,431551709.7300,0.705200,-1.536200
2020-12-22,11.6534600000,11.8609400000,11.5237850000,11.6275250000,26353700,356266283.1700,0.583700,-0.074300
2020-12-23,11.5843000000,11.6966850000,11.4805600000,11.5583650000,21211147,283597392.2100,0.469800,-0.594800
2020-12-24,11.5497200000,11.6188800000,11.4373350000,11.5670100000,19946939,265990521.0700,0.441800,0.074800
2020-12-25,11.5410750000,11.6015900000,11.4373350000,11.5410750000,13303270,177303765.2100,0.294700,-0.224200
2020-12-28,11.5237850000,11.6621050000,11.3076600000,11.4632700000,25914496,344399643.1800,0.574000,-0.674200
2020-12-29,11.4719150000,11.7485550000,11.4719150000,11.6793950000,25541445,343989243.8500,0.565800,1.885400
2020-12-30,11.6102350000,11.6361700000,11.3422400000,11.4719150000,32065562,425380797.0800,0.710300,-1.776500
2020-12-31,11.4114000000,11.8263600000,11.3681750000,11.6707500000,37255734,502376431.4700,0.825200,1.733200
2021-01-04,11.5151400000,11.5151400000,11.0569550000,11.1347600000,63265708,819767847.4700,1.401400,-4.592600
2021-01-05,11.0915350000,11.1347600000,10.6938650000,11.0310200000,44908543,563661842.9800,0.994700,-0.931700
2021-01-06,10.8927000000,11.1779850000,10.8581200000,11.1520500000,38276728,489278468.3300,0.847800,1.097200
2021-01-07,11.1520500000,11.3163050000,10.7370900000,10.8494750000,37550467,475583387.8300,0.831800,-2.713200
2021-01-08,10.8148950000,11.0828900000,10.7889600000,10.9445700000,32701827,414208153.5000,0.724400,0.876500
2021-01-11,10.9445700000,11.0656000000,10.7025100000,10.7198000000,45775641,574760512.2300,1.014000,-2.053700
2021-01-12,10.7370900000,10.7716700000,10.4690950000,10.6852200000,58730281,718249610.2000,1.300900,-0.322600
2021-01-13,10.7457350000,10.9099900000,10.5901250000,10.6679300000,54094690,672618831.6400,1.198200,-0.161800
2021-01-14,10.6765750000,10.9186350000,10.6074150000,10.7284450000,47316658,587817489.6400,1.048100,0.567300
2021-01-15,10.7198000000,10.9964400000,10.6506400000,10.7111550000,47983579,599151484.9200,1.062900,-0.161200
2021-01-18,10.7370900000,10.8754100000,10.5123200000,10.8235400000,56241565,695645304.0400,1.245800,1.049200
2021-01-19,10.7543800000,11.5151400000,10.6333500000,11.2903700000,94718017,1220895568.1500,2.098000,4.313100
2021-01-20,11.2385000000,11.2385000000,10.9186350000,11.0137300000,51439197,655898338.8000,1.139400,-2.450200
2021-01-21,10.9791500000,11.0050850000,10.7284450000,10.7803150000,48044819,601278619.7900,1.064200,-2.119300
2021-01-22,10.6852200000,10.6938650000,10.3048400000,10.3307750000,51468683,622939095.3100,1.140100,-4.170000
2021-01-25,10.2443250000,10.2616150000,10.0714250000,10.1319400000,44903342,527086808.2900,0.994600,-1.924700
2021-01-26,10.1405850000,10.2789050000,10.0627800000,10.0973600000,26208038,308486171.2100,0.580500,-0.341300
2021-01-27,10.0887150000,10.2011000000,9.7083350000,9.8034300000,52829419,605385180.2000,1.170200,-2.911000
2021-01-28,9.7083350000,9.7774950000,9.6305300000,9.6564650000,27107196,303915875.3700,0.600400,-1.499100
2021-01-29,9.7256250000,9.7515600000,9.2501500000,9.3625350000,63557653,694624037.6200,1.407800,-3.043900
2021-02-01,9.4316950000,9.5440800000,9.2933750000,9.4489850000,38103584,415062871.8100,0.844000,0.923400
2021-02-02,9.4835650000,9.9071700000,9.4230500000,9.7774950000,54895728,619273651.9500,1.216000,3.476700
2021-02-03,9.8553000000,9.8639450000,9.5873050000,9.7083350000,26382854,296170599.2200,0.584400,-0.707300
2021-02-04,9.6218850000,9.7861400000,9.5700150000,9.6391750000,29789879,333341909.5600,0.659900,-0.712400
2021-02-05,9.7256250000,10.1232950000,9.6132400000,9.9763300000,48408112,556084412.5800,1.072300,3.497800
2021-02-08,9.9763300000,10.4518050000,9.9763300000,10.0973600000,46166948,545544635.7200,1.022600,1.213200
2021-02-09,10.1838100000,10.2183900000,9.8898800000,10.1232950000,25590894,297470519.8200,0.566800,0.256800
2021-02-10,10.0282000000,10.1751650000,9.9158150000,9.9936200000,24796341,287184154.2200,0.549200,-1.281000
2021-02-18,10.0714250000,10.3480650000,10.0541350000,10.3048400000,37901075,448802803.4800,0.839500,3.114200
2021-02-19,10.2529700000,10.6419950000,10.2183900000,10.4863850000,38208204,463228759.8100,0.846300,1.761700
2021-02-22,10.4604500000,10.7370900000,10.3999350000,10.7198000000,41135173,504326920.0200,0.911200,2.225900
2021-02-23,10.5987700000,10.6852200000,10.4690950000,10.5209650000,28525464,348072045.8700,0.631900,-1.854800
2021-02-24,10.4863850000,10.7284450000,10.4604500000,10.6074150000,34639466,425269097.3800,0.767300,0.821700
2021-02-25,10.6419950000,11.6707500000,10.6419950000,11.4978500000,142996797,1899233310.2500,3.167400,8.394500
2021-02-26,11.1520500000,11.3249500000,10.9359250000,10.9618600000,75191212,966489956.7000,1.665500,-4.661700
2021-03-01,11.1347600000,11.3595300000,10.9186350000,11.1779850000,38618716,497788282.8000,0.855400,1.971600
2021-03-02,11.1866300000,11.5670100000,11.0137300000,11.0223750000,38861383,505115445.0800,0.860800,-1.392100
2021-03-03,10.9705050000,11.2298550000,10.8062500000,11.1952750000,30819769,392990796.4300,0.682700,1.568600
2021-03-04,11.1347600000,11.3076600000,10.8927000000,10.9359250000,27771137,354596361.0600,0.615100,-2.316600
2021-03-05,10.8927000000,11.0137300000,10.4777400000,10.6679300000,43692771,539473688.7400,0.967800,-2.450600
2021-03-08,10.7198000000,10.8840550000,10.5555450000,10.5555450000,25165557,311050309.1200,0.557400,-1.053500
2021-03-09,10.5555450000,10.7716700000,10.4604500000,10.6074150000,24188103,297884237.6700,0.535800,0.491400
2021-03-10,10.6160600000,10.6938650000,10.3999350000,10.4518050000,21737493,263396514.0500,0.481500,-1.467000
2021-03-11,10.4604500000,10.6333500000,10.4172250000,10.5641900000,17735361,216133248.6900,0.392800,1.075300
2021-03-12,10.5901250000,11.0050850000,10.4518050000,10.7716700000,23295409,289338246.7000,0.516000,1.964000
2021-03-15,10.7284450000,10.8840550000,10.6247050000,10.6765750000,19398254,241116491.7500,0.429700,-0.882800
2021-03-16,10.7111550000,11.4719150000,10.6333500000,11.3941100000,50710885,655093536.9100,1.123300,6.720600
2021-03-17,11.3249500000,11.4459800000,11.0828900000,11.1088250000,30657141,398745125.2600,0.679100,-2.503800
2021-03-18,11.1261150000,11.3163050000,11.0828900000,11.1779850000,17371888,224842096.3000,0.384800,0.622600
2021-03-19,11.0742450000,11.2039200000,10.8235400000,10.8927000000,19601622,249185118.8200,0.434200,-2.552200
2021-03-22,10.8408300000,11.0915350000,10.8235400000,11.0483100000,12347766,156867433.4800,0.273500,1.428600
2021-03-23,10.9964400000,11.1001800000,10.8494750000,10.9186350000,12870485,162720444.5200,0.285100,-1.173700
2021-03-24,10.8754100000,10.9272800000,10.4950300000,10.5209650000,23427929,287462842.2700,0.518900,-3.642100
2021-03-25,10.5036750000,10.5901250000,10.3999350000,10.4518050000,11781690,142927276.3200,0.261000,-0.657400
2021-03-26,10.4690950000,10.5987700000,10.4431600000,10.5036750000,12863286,156554316.0600,0.284900,0.496300
2021-03-29,10.4431600000,10.6160600000,10.2529700000,10.5469000000,16838524,203414980.4100,0.373000,0.411500
2021-03-30,10.4777400000,10.6160600000,10.3999350000,10.4950300000,13793737,167418935.2300,0.305500,-0.491800
2021-03-31,10.4950300000,10.5123200000,10.2356800000,10.3826450000,20267016,241874001.3000,0.448900,-1.070800
2021-04-01,10.4258700000,10.4690950000,10.3567100000,10.3912900000,9197400,110687958.7100,0.203700,0.083300
2021-04-02,10.3912900000,10.5296100000,10.3653550000,10.3999350000,12703071,153395154.8900,0.281400,0.083200
2021-04-06,10.4085800000,10.4777400000,10.3394200000,10.4172250000,8661660,104272515.6900,0.191900,0.166300
2021-04-07,10.4172250000,10.5987700000,10.3826450000,10.5814800000,14596859,177974287.5900,0.323300,1.576800
2021-04-08,10.5209650000,10.5296100000,10.3134850000,10.3567100000,17730234,213263238.5500,0.392700,-2.124200
2021-04-09,10.3394200000,10.3567100000,10.0800700000,10.1751650000,19463153,229023888.5700,0.431100,-1.752900
2021-04-12,10.1578750000,10.4863850000,10.1232950000,10.2702600000,32048209,381495106.5900,0.709900,0.934600
2021-04-13,10.2270350000,10.3653550000,9.9676850000,10.0800700000,19937951,233429444.7000,0.441600,-1.851900
2021-04-14,10.0800700000,10.1578750000,9.9417500000,10.1060050000,20676029,240698829.2200,0.458000,0.257300
2021-04-15,10.0714250000,10.1405850000,9.9331050000,9.9417500000,13777201,159231952.9700,0.305200,-1.625300
2021-04-16,10.0022650000,10.4172250000,9.9417500000,10.3740000000,26515198,313497066.5700,0.587300,4.347800
2021-04-19,10.2961950000,10.5469000000,10.2702600000,10.5382550000,27829115,337105152.3400,0.616400,1.583300
2021-04-20,10.5296100000,10.5728350000,10.4258700000,10.5296100000,16981391,206574575.9900,0.376100,-0.082000
2021-04-21,10.4518050000,10.4950300000,10.3826450000,10.4518050000,12323510,148754801.7100,0.273000,-0.738900
2021-04-22,10.4690950000,10.6074150000,10.4518050000,10.5123200000,10163822,123589772.8400,0.225100,0.579000
2021-04-23,10.4518050000,10.4863850000,10.2356800000,10.2789050000,20745539,247846637.5400,0.459500,-2.220400
2021-04-26,10.2183900000,10.3221300000,10.1578750000,10.2183900000,16854322,199629440.3900,0.373300,-0.588700
2021-04-27,10.1838100000,10.4172250000,10.1751650000,10.3740000000,17860954,213418090.5600,0.395600,1.522800
2021-04-28,10.4172250000,10.6333500000,10.3307750000,10.5641900000,20105278,245266945.8400,0.445300,1.833300
2021-04-29,10.6506400000,10.7111550000,10.5469000000,10.6765750000,16504638,203415320.1900,0.365600,1.063800
2021-04-30,10.4604500000,10.4604500000,9.9417500000,10.1665200000,57303169,670570322.8500,1.269300,-4.777300
2021-05-06,10.1146500000,10.2961950000,9.9936200000,10.0022650000,21875741,256054356.3900,0.484600,-1.615600
2021-05-07,10.0282000000,10.0714250000,9.8034300000,9.8553000000,22666974,260325984.1700,0.502100,-1.469300
2021-05-10,9.8725900000,9.8725900000,9.5354350000,9.5959500000,23333065,259506034.3100,0.516800,-2.631600
2021-05-11,9.5440800000,9.6305300000,9.5267900000,9.5959500000,15637176,173442673.2100,0.346400,0.000000
2021-05-12,9.5613700000,9.6218850000,9.4403400000,9.4835650000,18059108,198648640.6100,0.400000,-1.171200
2021-05-13,9.4576300000,9.5181450000,9.4316950000,9.4835650000,11619529,127320521.8800,0.257400,0.000000
2021-05-14,9.4922100000,9.6218850000,9.4316950000,9.6045950000,17451059,192504605.9800,0.386500,1.276200
2021-05-17,9.6045950000,9.6996900000,9.5613700000,9.5873050000,17738103,197608501.3800,0.392900,-0.180000
2021-05-18,9.5786600000,9.7861400000,9.5700150000,9.7256250000,16582882,185731022.4800,0.367300,1.442700
2021-05-19,9.7256250000,9.7429150000,9.4835650000,9.4922100000,18633351,205868905.2800,0.412700,-2.400000
2021-05-20,9.5008550000,9.5613700000,9.4316950000,9.5354350000,13224903,145106055.6800,0.292900,0.455400
2021-05-21,9.5354350000,9.5700150000,9.3798250000,9.3884700000,15574495,170024122.8200,0.345000,-1.541300
2021-05-24,9.3884700000,9.4057600000,9.2242150000,9.2847300000,21959746,236301211.3900,0.486400,-1.105000
2021-05-25,9.2501500000,9.6132400000,9.2501500000,9.6045950000,24517652,268232999.0800,0.543100,3.445100
2021-05-26,9.5700150000,9.8380100000,9.5613700000,9.7515600000,31791353,357657630.5200,0.704200,1.530200
2021-05-27,9.7429150000,9.7429150000,9.6218850000,9.6737550000,22263912,248883070.8700,0.493200,-0.797900
2021-05-28,9.6564650000,9.6910450000,9.3452450000,9.4057600000,35038080,383125577.2300,0.776100,-2.770300
2021-05-31,9.4144050000,9.4144050000,9.2328600000,9.2847300000,27176317,291914304.5800,0.602000,-1.286800
2021-06-01,9.3279550000,9.3538900000,9.2415050000,9.2674400000,21879357,234762971.7400,0.484600,-0.186200
2021-06-02,9.2587950000,9.4057600000,9.1982800000,9.3193100000,21621579,232770321.3900,0.478900,0.559700
2021-06-03,9.3279550000,9.3971150000,9.2933750000,9.2933750000,14834648,160250335.4300,0.328600,-0.278300
2021-06-04,9.3020200000,9.3366000000,9.2501500000,9.2933750000,11883890,127644539.4800,0.263200,0.000000
2021-06-07,9.2760850000,9.3106650000,9.1637000000,9.2933750000,17720179,188885134.3400,0.392500,0.000000
2021-06-08,9.2933750000,9.3279550000,9.2415050000,9.2587950000,13628959,146222154.7700,0.301900,-0.372100
2021-06-09,9.2760850000,9.3106650000,9.2415050000,9.2501500000,10467748,112266589.3200,0.231900,-0.093400
2021-06-10,9.2415050000,9.2847300000,9.1982800000,9.1982800000,10761179,115023214.1600,0.238400,-0.560700
2021-06-11,9.2069250000,9.2155700000,9.0858950000,9.1550550000,14290911,151239639.8100,0.316500,-0.469900
2021-06-15,9.1637000000,9.1637000000,9.0080900000,9.0340250000,13839731,145067496.5900,0.306600,-1.322000
2021-06-16,9.0340250000,9.1896350000,9.0167350000,9.0772500000,13294908,140029989.4600,0.294500,0.478500
2021-06-17,9.0426700000,9.1204750000,9.0167350000,9.0426700000,11587544,121439609.0400,0.256700,-0.381000
2021-06-18,9.0686050000,9.0772500000,8.8697700000,8.9302850000,15635688,161540660.6500,0.346300,-1.242800
2021-06-21,8.8870600000,8.9129950000,8.7400950000,8.7833200000,18468126,187739667.9400,0.409100,-1.645700
2021-06-22,8.7833200000,8.8784150000,8.7746750000,8.8006100000,12710920,129546074.1100,0.281600,0.196900
2021-06-23,8.8092550000,8.9302850000,8.7746750000,8.9129950000,14691164,150610309.1000,0.325400,1.277000
2021-06-24,8.9216400000,9.1637000000,8.8957050000,8.9908000000,18292762,191335360.2300,0.405200,0.872900
2021-06-25,9.1118300000,9.1118300000,8.9994450000,9.0340250000,10317779,107805586.5200,0.228500,0.480800
2021-06-28,9.0772500000,9.0945400000,8.8784150000,8.9043500000,17548907,181412019.5900,0.388700,-1.435400
2021-06-29,8.9302850000,8.9562200000,8.7833200000,8.8524800000,16955718,173386246.0700,0.375600,-0.582500
2021-06-30,8.9129950000,8.9216400000,8.8092550000,8.8524800000,17933803,183883040.9600,0.397200,0.000000
2021-07-01,8.8784150000,9.2501500000,8.8265450000,9.1896350000,36599681,385285374.9000,0.810700,3.808600
2021-07-02,9.0945400000,9.2501500000,9.0080900000,9.0513150000,23918369,252059256.2400,0.529800,-1.505200
2021-07-05,9.0686050000,9.0858950000,8.8697700000,9.0426700000,13682173,142052237.1800,0.303100,-0.095500
2021-07-06,9.0426700000,9.4489850000,9.0253800000,9.4057600000,37737381,407051391.3100,0.835900,4.015300
2021-07-07,9.3366000000,9.4144050000,9.2242150000,9.2847300000,21614270,232087055.7500,0.478800,-1.286800
2021-07-08,9.3020200000,9.3193100000,9.0945400000,9.1982800000,26442894,280851908.3600,0.585700,-0.931100
2021-07-09,9.2260485700,9.4666476300,9.1890333300,9.3185866700,26196480,264000687.6300,0.580300,1.307800
2021-07-12,9.4018709600,9.4759014400,9.2538100000,9.3648557200,28492951,289066676.1600,0.631100,0.496500
2021-07-13,9.3556019100,9.4759014400,9.2815714300,9.3093328600,14154481,142903818.5700,0.313500,-0.592900
2021-07-14,9.3093328600,9.3185866700,9.0779876100,9.0779876100,14647805,144664964.1000,0.324500,-2.485100
2021-07-15,9.0872414200,9.2167947600,8.9761957000,9.1242566600,12378451,121897697.9900,0.274200,0.509700
2021-07-16,9.1242566600,9.2167947600,8.7911195000,9.1427642800,11536714,113897411.4000,0.255500,0.202800
2021-07-19,9.1335104700,9.1427642800,8.9669418900,9.0224647500,9739259,94949627.8400,0.215700,-1.315800
2021-07-20,8.9761957000,9.0317185600,8.9114190300,8.9947033200,10324059,100093321.7000,0.228700,-0.307700
2021-07-21,8.9854495100,9.0132109400,8.6152971100,8.7818656900,28213982,267036246.3700,0.625000,-2.366300
2021-07-22,8.7726118800,8.9576880800,8.6708199700,8.9299266500,16637799,159514224.5900,0.368500,1.686000
2021-07-23,8.9206728400,8.9299266500,8.6060433000,8.6615661600,24639457,232567131.8200,0.545800,-3.005200
2021-07-26,8.5597742500,8.5597742500,8.1155913700,8.1340989900,26118695,233307893.3400,0.578500,-6.089700
2021-07-27,8.1433528000,8.1526066100,7.8472308800,7.8472308800,32214057,276314017.0100,0.713600,-3.526700
2021-07-28,7.8657385000,7.9305151700,7.6714084900,7.7732004000,23754650,199510831.4900,0.526200,-0.943400
2021-07-29,7.8194694500,7.8657385000,7.6714084900,7.7084237300,24699478,206653245.5100,0.547100,-0.833300
2021-07-30,7.6621546800,7.7824542100,7.5603627700,7.7454389700,14311711,118775982.3600,0.317000,0.480200
2021-08-02,7.7269313500,8.1248451800,7.5603627700,7.9675304100,24410457,207659923.1200,0.540700,2.867400
2021-08-03,7.9397689800,8.0230532700,7.8842461200,7.9212613600,9586703,82219177.7400,0.212300,-0.580700
2021-08-04,7.9305151700,7.9952918400,7.8102156400,7.9490227900,12482597,106532818.2300,0.276500,0.350500
2021-08-05,7.9860380300,8.5135052000,7.9860380300,8.3654442400,34724500,313350903.0900,0.769200,5.238600
2021-08-06,8.2821599500,8.5412666300,8.1711142300,8.4764899600,22086046,199854889.4200,0.489200,1.327400
2021-08-09,8.5135052000,9.3278404800,8.4209671000,9.2260485700,80022091,794679469.3000,1.772500,8.842800
2021-08-10,9.0502261800,9.5221704900,8.8466423600,9.2908252400,56827101,558551634.0400,1.258700,0.702100
2021-08-11,9.6239624000,10.2162062400,9.6239624000,9.9200843200,127211904,1390399221.2900,2.817800,6.772900
2021-08-12,9.7165005000,9.8553076500,9.4759014400,9.4759014400,67345684,700481383.0200,1.491700,-4.477600
2021-08-13,9.5776933500,9.6887390700,9.3278404800,9.6239624000,40774599,421092719.9900,0.903200,1.562500
2021-08-16,9.5776933500,10.2809829100,9.5129166800,9.9941148000,51475026,558302912.4100,1.140200,3.846200
2021-08-17,9.9200843200,10.8269577000,9.8923228900,10.3920286300,80499878,910713419.5100,1.783100,3.981500
2021-08-18,10.2532214800,10.5308357800,10.1329219500,10.4105362500,36984050,414784007.5600,0.819200,0.178100
2021-08-19,10.4105362500,10.4845667300,10.0959067100,10.1791910000,40191886,445970298.1900,0.890300,-2.222200
2021-08-20,10.2532214800,10.7159119800,10.0866529000,10.5308357800,63972176,722332780.3300,1.417000,3.454500
2021-08-23,10.4660591100,10.5123281600,10.2439676700,10.2809829100,20314578,226833804.9100,0.450000,-2.372600
2021-08-24,10.2162062400,10.4845667300,10.1051605200,10.2162062400,18166174,201129240.4400,0.402400,-0.630100
2021-08-25,10.2902367200,10.3272519600,9.7350081200,9.8368000300,39269862,421111692.1100,0.869800,-3.713800
2021-08-26,9.9570995600,9.9570995600,9.5129166800,9.5314243000,37522681,392950263.6200,0.831100,-3.104400
2021-08-27,9.6332162100,9.6332162100,9.3278404800,9.4296323900,27514796,281385010.6200,0.609500,-1.068000
2021-08-30,9.3185866700,9.3370942900,8.8558961700,8.9299266500,57569072,562040996.6500,1.275200,-5.299300
2021-08-31,8.7078352100,9.8182924100,8.6800737800,9.6609776400,68232685,692739909.5500,1.511400,8.186500
2021-09-01,9.7165005000,10.6233738800,9.5776933500,10.6233738800,86608295,979988711.4400,1.918400,9.961700
2021-09-02,10.8177038900,11.4099477300,10.6233738800,10.9657648500,91045175,1082436163.8000,2.016700,3.223000
2021-09-03,11.1323334300,11.1323334300,10.5493434000,10.6788967400,49203361,572396115.9400,1.089900,-2.616000
2021-09-06,10.6788967400,10.7529272200,10.4290438700,10.5215819700,47780799,544965499.6700,1.058400,-1.473100
2021-09-07,10.4568053000,10.5493434000,10.2624752900,10.4382976800,42652510,479438679.0000,0.944800,-0.791600
2021-09-08,10.5123281600,10.5956124500,10.3457595800,10.4197900600,28075438,317660396.8300,0.621900,-0.177300
2021-09-09,10.4660591100,10.4660591100,10.1514295700,10.3735210100,40075330,446486945.7300,0.887700,-0.444000
2021-09-10,10.3642672000,10.8917343700,10.3272519600,10.7806886500,42958747,496809574.6600,0.951600,3.925100
2021-09-13,10.7806886500,11.6783082200,10.6511353100,11.4747244000,72457623,887264193.9700,1.605000,6.437800
2021-09-14,11.4747244000,11.7245772700,11.0490491400,11.0768105700,51128212,629380866.3900,1.132500,-3.467700
2021-09-15,10.9472572300,10.9472572300,9.9663533700,10.0773990900,94453260,1051221798.9800,2.092200,-9.022600
2021-09-16,9.8553076500,10.1144143300,9.1797795200,9.2815714300,116580918,1195300202.3500,2.582300,-7.897200
2021-09-17,9.2538100000,9.7535157400,9.1612719000,9.6794852600,79486015,819073421.2400,1.760600,4.287100
2021-09-22,9.4203785800,10.6326276900,9.3463481000,10.6141200700,74206238,818827845.6400,1.643700,9.655800
2021-09-23,10.6048662600,11.1600948600,10.4845667300,10.5863586400,77184064,896929623.0600,1.709700,-0.261600
2021-09-24,10.6048662600,10.7436734100,10.1884448100,10.2717291000,33989965,384188045.5900,0.752900,-2.972000
2021-09-27,10.2809829100,10.3365057700,9.7997847900,9.8645614600,33598636,362317754.9000,0.744200,-3.964000
2021-09-28,10.2809829100,10.7344196000,10.2809829100,10.6233738800,74969008,860516155.6900,1.660600,7.692300
2021-09-29,10.6881505500,10.8547191300,10.3642672000,10.5030743500,46991952,537943269.5600,1.040900,-1.132400
2021-09-30,10.6326276900,10.7806886500,10.2717291000,10.3642672000,41726252,477252978.3500,0.924300,-1.321600
2021-10-08,10.5030743500,10.5030743500,9.9385919400,10.0588914700,32636673,357005301.9300,0.722900,-2.946400
2021-10-11,10.0681452800,10.5678510200,10.0496376600,10.1791910000,34517679,383576020.8000,0.764600,1.196000
2021-10-12,10.1791910000,10.8362115100,10.0959067100,10.5956124500,62675704,719630532.1900,1.388300,4.090900
2021-10-13,10.6418815000,10.6881505500,10.4568053000,10.6141200700,27208970,311150313.7700,0.602700,0.174700
2021-10-14,10.5493434000,10.5493434000,10.0403838500,10.2532214800,31682329,350978386.7000,0.701800,-3.400200
2021-10-15,10.2532214800,10.4105362500,10.1421757600,10.3272519600,23766945,264284653.5900,0.526400,0.722000
2021-10-18,10.2439676700,10.3642672000,9.9108305100,10.0496376600,32191831,349902954.9300,0.713100,-2.688200
2021-10-19,10.1144143300,10.1144143300,9.7442619300,9.9108305100,41235327,440897227.5100,0.913400,-1.381200
2021-10-20,9.9108305100,9.9848609900,9.4944090600,9.6424700200,35696450,371677858.1000,0.790700,-2.707700
2021-10-21,9.7997847900,10.2162062400,9.6609776400,10.0588914700,38316200,414190122.0600,0.848700,4.318600
2021-10-22,10.1791910000,11.0675567600,10.1051605200,10.5771048300,90221010,1045088672.3000,1.998400,5.151800
2021-10-25,10.1514295700,11.1786024800,10.1421757600,10.2532214800,86288133,981593236.6300,1.911300,-3.062100
2021-10-26,10.2717291000,10.6418815000,9.8830690800,9.9570995600,52523566,574534364.0900,1.163400,-2.888100
2021-10-27,10.0588914700,10.2717291000,9.8553076500,10.0403838500,40622137,441133035.0700,0.899800,0.836400
2021-10-28,9.9941148000,10.0866529000,9.6979928800,9.9015767000,36029108,383153117.2000,0.798100,-1.382500
2021-10-29,9.8275462200,9.9015767000,9.2630638100,9.3926171500,62680949,641143583.6700,1.388400,-5.140200
2021-11-01,9.3926171500,9.5499319200,8.8836576000,9.0409723700,75509461,743341980.6100,1.672600,-3.743800
2021-11-02,9.0224647500,9.1150028500,8.7078352100,8.8651499800,43859775,421175018.3700,0.971500,-1.944700
2021-11-03,8.8651499800,9.3463481000,8.8003733100,9.2445561900,45706058,452880848.3600,1.012400,4.279700
2021-11-04,9.1982871400,9.2260485700,8.9021652200,9.1057490400,33012638,323694580.4100,0.731200,-1.501500
2021-11-05,9.0687338000,9.1150028500,8.8558961700,8.9669418900,26807045,260302044.4100,0.593800,-1.524400
2021-11-08,9.0317185600,9.1335104700,8.8929114100,8.9391804600,30542671,296688886.3700,0.676500,-0.309600
2021-11-09,8.9484342700,9.1427642800,8.8558961700,9.0409723700,32719844,319675300.5900,0.724800,1.138700
2021-11-10,9.0872414200,9.6702314500,9.0039571300,9.6147085900,67110847,680484741.9500,1.486500,6.346000
2021-11-11,9.7350081200,10.5771048300,9.6517238300,10.5771048300,87049597,970197555.8500,1.928200,10.009600
2021-11-12,10.3827748200,10.5956124500,9.7627695500,10.4290438700,155749490,1717317038.5000,3.449900,-1.399800
2021-11-15,10.3087443400,10.3272519600,9.8923228900,10.2254600500,75558533,821691281.3700,1.673700,-1.952100
2021-11-16,10.0588914700,10.4012824400,10.0496376600,10.1791910000,29753431,329224555.4500,0.659100,-0.452500
2021-11-17,10.2162062400,10.2717291000,10.0311300400,10.1421757600,26155769,286407292.1300,0.579400,-0.363600
2021-11-18,10.1514295700,10.1884448100,9.6054547800,9.7165005000,56401625,599778220.1300,1.249300,-4.197100
2021-11-19,9.6794852600,10.4012824400,9.5869471600,10.1976986200,93174513,1013363721.8900,2.063900,4.952400
2021-11-22,10.0311300400,10.0311300400,9.5314243000,9.5406781100,69936306,733621502.9800,1.549100,-6.442800
2021-11-23,9.5776933500,9.8182924100,9.5036628700,9.7165005000,42969258,449402479.6700,0.951800,1.842900
2021-11-24,9.7165005000,9.9478457500,9.6609776400,9.7072466900,45989501,486258101.3400,1.018700,-0.095200
2021-11-25,9.7257543100,9.8182924100,9.6054547800,9.6609776400,23765120,248979778.5500,0.526400,-0.476600
2021-11-26,9.6239624000,9.6517238300,9.4203785800,9.4666476300,24575509,252559700.8500,0.544400,-2.011500
2021-11-29,9.3463481000,9.4203785800,9.2723176200,9.3463481000,26144102,263822862.8800,0.579100,-1.270800
2021-11-30,9.3463481000,9.5591857300,9.1890333300,9.2538100000,33124872,334739673.9000,0.733700,-0.990100
2021-12-01,9.2167947600,9.6702314500,9.2075409500,9.5869471600,38821251,400198560.6600,0.859900,3.600000
2021-12-02,9.5776933500,9.7535157400,9.4666476300,9.7072466900,40861398,426997506.7600,0.905100,1.254800
2021-12-03,9.7072466900,10.2069524300,9.6054547800,10.0959067100,70016037,753290430.5700,1.550900,4.003800
2021-12-06,10.3179981500,10.4753129200,10.1514295700,10.3457595800,70227822,784084958.9200,1.555600,2.474800
2021-12-07,10.7991962700,11.1045720000,10.6233738800,10.6974043600,109785947,1283568448.2400,2.431800,3.398900
2021-12-08,10.5956124500,10.7251657900,10.2347138600,10.5863586400,91760679,1046021622.4400,2.032500,-1.038100
2021-12-09,10.5956124500,10.7344196000,10.4105362500,10.6141200700,69786920,800975509.9700,1.545800,0.262200
2021-12-10,10.5308357800,10.7159119800,10.3827748200,10.3827748200,61138076,695034246.8200,1.354200,-2.179600
2021-12-13,10.4660591100,10.5956124500,10.0588914700,10.0866529000,75380784,832166693.9200,1.669700,-2.852000
2021-12-14,10.0773990900,10.0959067100,9.6979928800,9.7165005000,54618572,578027776.2600,1.209800,-3.669700
2021-12-15,9.6794852600,9.7997847900,9.6424700200,9.7165005000,69349436,728637334.6600,1.536100,0.000000
2021-12-16,9.7257543100,9.8645614600,9.6054547800,9.7720233600,66618188,701785008.5300,1.475600,0.571400
2021-12-17,9.7720233600,10.0866529000,9.7165005000,9.7812771700,44106572,471646127.6900,0.977000,0.094700
2021-12-20,9.7812771700,10.2162062400,9.7812771700,9.9015767000,65383078,709815237.2200,1.448300,1.229900
2021-12-21,9.8830690800,10.5771048300,9.8830690800,10.5215819700,89218841,996385157.8800,1.976200,6.261700
2021-12-22,10.5123281600,10.5771048300,10.2162062400,10.2624752900,63413562,709659327.8300,1.404600,-2.462600
2021-12-23,9.8090386000,10.1329219500,9.7535157400,10.0126224200,131975312,1420590515.2600,2.923300,-2.434600
2021-12-24,9.9756071800,10.4938205400,9.8553076500,10.2809829100,81511752,899048468.5700,1.805500,2.680200
2021-12-27,10.7806886500,11.3081558200,10.7806886500,11.2989020100,144741580,1755866469.7400,3.206100,9.901000
2021-12-28,11.1230796200,11.6227853600,10.9657648500,11.5209934500,117060377,1437582835.3200,2.592900,1.965600
2021-12-29,11.6320391700,11.6598006000,11.2896482000,11.4377091600,51525243,638407094.5700,1.141300,-0.722900
2021-12-30,11.3914401100,11.5580086900,11.1878562900,11.3636786800,48979693,601971605.5800,1.084900,-0.647200
2021-12-31,11.2989020100,12.2057753900,11.2526329600,12.0021915700,87064885,1122979864.7600,1.928500,5.618900
2022-01-04,11.8263691800,12.7239887500,11.7060696500,12.5296587400,78761975,1053284016.8000,1.744600,4.394800
2022-01-05,12.4833896900,13.1589178200,12.4001054000,12.4833896900,96024028,1319192072.4700,2.127000,-0.369300
2022-01-06,12.4741358800,12.6684658900,11.9836839500,12.0299530000,88615343,1166959411.1400,1.962900,-3.632300
2022-01-07,12.1595063400,12.8165268500,11.9374149000,12.4186130200,119588352,1599178437.2100,2.648900,3.230800
2022-01-10,12.2612982500,12.8350344700,12.0206991900,12.3815977800,76356820,1018482272.1300,1.691300,-0.298100
2022-01-11,12.4001054000,12.9923492400,12.1780139600,12.3168211100,71558222,974286958.8400,1.585000,-0.523200
2022-01-12,12.2150292000,12.2890596800,11.8541306100,12.1224911000,45942040,599980192.9500,1.017600,-1.577800
2022-01-13,12.0206991900,12.2890596800,11.8078615600,11.8448768000,45908709,592876524.0000,1.016900,-2.290100
2022-01-14,11.8263691800,11.8448768000,11.3266634400,11.5395010700,72230885,898998075.3300,1.599900,-2.578100
2022-01-17,11.6412929800,12.2427906300,11.4747244000,11.9466687100,61942624,801801754.1600,1.372100,3.528500
2022-01-18,11.9281610900,12.9923492400,11.8448768000,12.5204049300,69181854,935353671.9700,1.532400,4.802500
2022-01-19,12.6314506500,12.9460801900,12.4186130200,12.6407044600,41841122,572456900.0600,0.926800,0.960800
2022-01-20,12.9368263800,13.0201106700,12.1039834800,12.1872677700,100503722,1355960194.1700,2.226200,-3.587100
2022-01-21,12.1224911000,12.2983134900,12.0206991900,12.1132372900,43661933,571195736.4900,0.967100,-0.607400
2022-01-24,12.1039834800,12.6592120800,11.9374149000,12.2890596800,31848064,424802057.1200,0.705400,1.451500
2022-01-25,12.1502525300,12.2890596800,11.8911458500,11.9466687100,45431482,592457017.2400,1.006300,-2.786100
2022-01-26,11.9466687100,12.1687601500,11.6783082200,11.8171153700,27481079,352295746.5500,0.608700,-1.084400
2022-01-27,11.7430848900,12.1965215800,11.6783082200,11.8911458500,32273587,417064739.4600,0.714900,0.626500
2022-01-28,11.9374149000,12.3075673000,11.7615925100,12.0299530000,43553788,569655860.2800,0.964700,1.167300
2022-02-07,11.9929377600,12.3353287300,11.6783082200,12.1872677700,45981826,598042334.2300,1.018500,1.307700
2022-02-08,12.0484606200,12.2335368200,11.8726382300,12.1409987200,34085775,443390807.9900,0.755000,-0.379700
2022-02-09,12.1409987200,12.6407044600,11.4747244000,11.8263691800,91429079,1187790358.4900,2.025200,-2.591500
2022-02-10,11.6690544100,12.2798058700,11.4654705900,12.0762220500,72741862,947356794.0200,1.611300,2.112700
2022-02-11,12.2057753900,12.5481663600,11.9651763300,11.9836839500,54685180,721322026.7000,1.211300,-0.766300
2022-02-14,11.7893539400,11.9189072800,11.2433791500,11.3636786800,66646382,824689953.0100,1.476200,-5.173700
2022-02-15,11.3359172500,11.6412929800,11.1971101000,11.5672625000,43973643,542737029.4400,0.974000,1.791500
2022-02-16,11.5672625000,12.1502525300,11.3451710600,11.8448768000,51647467,661308768.9300,1.144000,2.400000
2022-02-17,11.8448768000,11.8911458500,11.4654705900,11.5765163100,48603175,609545309.9300,1.076600,-2.265600
2022-02-18,11.6505467900,12.3353287300,11.5765163100,12.3260749200,56089288,733194211.0200,1.242400,6.474800
2022-02-21,12.3815977800,12.6314506500,12.1502525300,12.4833896900,47937596,642693366.6000,1.061800,1.276300
2022-02-22,12.4741358800,12.8813035200,12.2427906300,12.4186130200,42041849,566669881.6700,0.931200,-0.518900
2022-02-23,12.4186130200,12.5296587400,11.9189072800,12.0114453800,48034932,625669108.2600,1.064000,-3.278700
2022-02-24,12.0299530000,12.2890596800,11.7708463200,11.9189072800,40502719,526325404.4100,0.897200,-0.770400
2022-02-25,11.9189072800,12.0484606200,11.6135315500,11.7338310800,40436066,514581110.9000,0.895700,-1.552800
2022-02-28,11.6598006000,11.8541306100,11.3544248700,11.7615925100,48777887,611370640.0000,1.080500,0.236600
2022-03-01,11.7615925100,12.1965215800,11.6690544100,12.1687601500,58840640,760538208.0000,1.303300,3.461800
2022-03-02,12.1965215800,12.6036892200,11.9466687100,12.1687601500,54814731,727883872.0000,1.214200,0.000000
2022-03-03,12.1687601500,13.0016030500,12.1687601500,12.7795116100,84770914,1172291952.0000,1.877700,5.019000
2022-03-04,12.6592120800,13.1219025800,12.5018973100,12.8627959000,51432825,714227312.0000,1.139300,0.651700
2022-03-07,12.7517501800,13.2977249700,12.7332425600,13.0108568600,72074944,1019505696.0000,1.596500,1.151100
2022-03-08,13.0478721000,13.0941411500,12.6221968400,12.7610039900,40136885,558395360.0000,0.889000,-1.920300
2022-03-09,12.8165268500,12.8627959000,11.6505467900,12.2242830100,76180732,1005098784.0000,1.687400,-4.205900
2022-03-10,12.4001054000,12.6499582700,11.8448768000,12.3168211100,52731904,702567472.0000,1.168000,0.757000
2022-03-11,12.1595063400,12.7517501800,11.9466687100,12.4741358800,40375032,540656096.0000,0.894300,1.277200
2022-03-14,12.2427906300,13.0016030500,12.2242830100,12.2427906300,48705637,665247120.0000,1.078900,-1.854600
2022-03-15,12.1595063400,12.2427906300,11.0212877100,11.0212877100,70586640,873190032.0000,1.563500,-9.977300
2022-03-16,11.0120339000,11.5765163100,10.1329219500,11.3914401100,85472487,1008090064.0000,1.893300,3.358500
2022-03-17,12.0299530000,12.1224911000,11.4654705900,11.6042777400,58260900,740605120.0000,1.290500,1.868400
2022-03-18,11.5209934500,12.7610039900,11.4284553500,12.7610039900,57020374,754071929.3400,1.263000,9.968100
2022-03-21,12.3815977800,12.9090649500,12.3260749200,12.7980192300,56924077,779638760.9900,1.260900,0.290100
2022-03-22,12.7517501800,13.5198164100,12.6592120800,13.3254864000,84542343,1209925963.2700,1.872600,4.121500
2022-03-23,13.3347402100,13.7881769000,12.8813035200,13.2607097300,73711708,1060898162.3200,1.632700,-0.486100
2022-03-24,13.1404102000,13.4180245000,12.9830954300,13.2699635400,29302148,418717573.2900,0.649100,0.069800
2022-03-25,13.1126487700,13.3810092600,12.7702578000,12.9368263800,38704859,543842865.3300,0.857300,-2.510500
2022-03-28,12.8165268500,13.3717554500,12.6777197000,12.9553340000,53596371,756542813.8100,1.187200,0.143100
2022-03-29,12.8627959000,12.9090649500,12.4741358800,12.5851816000,51570541,706278689.5500,1.142300,-2.857100
2022-03-30,12.7147349400,13.8436997600,12.4926435000,13.3625016400,101141830,1443725147.4200,2.240300,6.176500
2022-03-31,13.3254864000,13.8159383300,13.0571259100,13.2144406800,79718975,1153947397.5900,1.765800,-1.108000
2022-04-01,13.0478721000,13.7696692800,12.9090649500,13.6031007000,70689536,1012720170.1300,1.565800,2.941200
2022-04-06,13.7419078500,14.3896745500,13.4087706900,14.0657912000,76838723,1160592878.6600,1.702000,3.401400
2022-04-07,13.7881769000,14.0380297700,13.2329483000,13.3439940200,60629829,890857855.0800,1.343000,-5.131600
2022-04-08,13.4642935500,13.7234002300,13.0571259100,13.5660854600,56904882,824989352.0700,1.260500,1.664400
2022-04-11,13.3162325900,13.7511616600,12.9183187600,13.4735473600,63658949,926642040.6800,1.410100,-0.682100
2022-04-12,13.3162325900,13.7141464200,12.7702578000,12.9183187600,61834669,879748891.5100,1.369700,-4.120900
2022-04-13,12.8165268500,13.6031007000,12.6129430300,13.3347402100,52746745,752660683.3700,1.168400,3.223500
2022-04-14,13.3439940200,14.1583293000,13.0108568600,13.8344459500,56839567,833241187.7200,1.259000,3.747400
2022-04-15,13.7048926100,14.6580350400,13.6216083200,14.0565373900,71254302,1094635415.9400,1.578300,1.605400
2022-04-18,13.7141464200,14.3341516900,13.2699635400,13.3625016400,73034334,1085089884.8900,1.617700,-4.937500
2022-04-19,13.4920549800,13.5568316500,12.8905573300,13.4642935500,53668931,768092194.2100,1.188800,0.761800
2022-04-20,13.4180245000,13.4457859300,12.3538363500,12.4093592100,79938379,1094022836.0500,1.770700,-7.835100
2022-04-21,12.3075673000,12.7702578000,12.2798058700,12.4093592100,47808806,645805241.5300,1.059000,0.000000
2022-04-22,12.2242830100,13.0848873400,12.0392068100,12.7424963700,51705546,711294758.8600,1.145300,2.684600
2022-04-25,12.6129430300,13.1033949600,12.3075673000,12.3353287300,44699134,610067464.0000,0.990100,-3.195400
2022-04-26,12.3815977800,13.0663797200,12.1224911000,12.6869735100,55792707,763792235.0800,1.235800,2.850700
2022-04-27,12.4833896900,12.9460801900,11.9651763300,12.2057753900,69810896,930189720.3100,1.546300,-3.792900
2022-04-28,12.1687601500,12.9090649500,12.1132372900,12.7887654200,51600601,701144223.2900,1.143000,4.776300
2022-04-29,12.7332425600,13.3254864000,12.6036892200,13.2144406800,58239753,818416655.1100,1.290000,3.328500
2022-05-05,13.0941411500,13.3532478300,12.2890596800,12.6684658900,60472637,829520461.1500,1.339500,-4.131700
2022-05-06,12.3538363500,12.5666739800,11.8448768000,12.0299530000,49953634,657137378.8100,1.106500,-5.040200
2022-05-09,11.9096534700,12.2520444400,11.7523387000,12.0947296700,34561747,447152928.5400,0.765600,0.538500
2022-05-10,11.9374149000,12.0392068100,11.5209934500,11.9929377600,72728070,927555052.2200,1.611000,-0.841600
2022-05-11,11.9836839500,12.0299530000,11.4839782100,11.5209934500,92062151,1160867155.4500,2.039200,-3.935200
2022-05-12,11.4099477300,11.5580086900,11.1138258100,11.2896482000,80310772,976132419.8000,1.778900,-2.008000
2022-05-13,11.2896482000,11.7708463200,11.0583029500,11.7245772700,79687777,988626598.7800,1.765100,3.852500
2022-05-16,11.9651763300,12.3630901600,11.5580086900,12.1502525300,87458811,1134673578.1000,1.937300,3.630600
2022-05-17,12.0392068100,12.4926435000,11.8448768000,12.1780139600,67639889,889057480.1500,1.498300,0.228500
2022-05-18,12.0669682400,12.1965215800,11.6412929800,11.9096534700,48020887,616123750.1100,1.063700,-2.203600
2022-05-19,11.7430848900,12.2057753900,11.7060696500,12.1780139600,38606328,502343962.0800,0.855100,2.253300
2022-05-20,12.2520444400,12.3630901600,11.7060696500,11.9096534700,71906620,928251528.7400,1.592800,-2.203600
2022-05-23,11.8911458500,11.9744301400,11.4469629700,11.5209934500,67113109,847232072.7800,1.486600,-3.263400
2022-05-24,11.5857701200,11.9466687100,11.4377091600,11.6783082200,45777567,579375341.9400,1.014000,1.365500
2022-05-25,11.6412929800,11.6875620300,11.4284553500,11.5672625000,23986536,299450390.0900,0.531300,-0.950900
2022-05-26,11.5672625000,11.9189072800,11.4932320200,11.7986077500,40054491,509216153.0800,0.887200,2.000000
2022-05-27,11.7430848900,11.7615925100,11.2896482000,11.4377091600,53801480,665418472.7300,1.191700,-3.058800
2022-05-30,11.3729324900,11.4562167800,10.9935262800,11.0768105700,74074708,890274849.0900,1.640800,-3.155300
2022-05-31,11.0675567600,11.1230796200,10.8269577000,11.0027800900,70814608,838691012.1000,1.568600,-0.668300
2022-06-01,11.0120339000,11.1415872400,10.9380034200,11.0305415200,43978433,524883442.6500,0.974100,0.252300
2022-06-02,10.9842724700,11.0490491400,10.7436734100,10.8547191300,51585856,604871602.9200,1.142600,-1.594000
2022-06-06,10.7621810300,10.8084500800,10.2717291000,10.5585972100,96205616,1087177062.1700,2.131000,-2.728000
2022-06-07,10.5493434000,10.7991962700,10.5308357800,10.7529272200,53236379,616160877.1500,1.179200,1.840500
2022-06-08,10.7344196000,10.7621810300,10.5215819700,10.6881505500,45890310,527760907.2500,1.016500,-0.602400
2022-06-09,10.6974043600,11.1878562900,10.6418815000,10.9750186600,62803600,745216961.6800,1.391100,2.684000
2022-06-10,10.8917343700,11.0397953300,10.7991962700,10.8732267500,50541774,594783317.1300,1.119500,-0.927500
2022-06-13,10.7714348400,10.8269577000,10.3550133900,10.4197900600,73859034,838422897.5700,1.636000,-4.170200
2022-06-14,10.3642672000,10.8269577000,10.3550133900,10.7899424600,60183118,694198423.7800,1.333100,3.552400
2022-06-15,10.7806886500,11.4006939200,10.6048662600,11.0768105700,76847647,927440475.8200,1.702200,2.658700
2022-06-16,11.0490491400,11.2803943900,10.8917343700,10.9287496100,38052092,452281128.9800,0.842900,-1.336700
2022-06-17,10.8824805600,11.1230796200,10.7344196000,10.8639729400,39756277,467251517.2800,0.880600,-0.592700
2022-06-20,10.9935262800,11.5857701200,10.9380034200,11.5024858300,90355108,1113102031.2600,2.001400,5.877300
2022-06-21,11.5672625000,11.9836839500,11.4562167800,11.5209934500,57140573,723413339.2900,1.265700,0.160900
2022-06-22,11.4932320200,11.6320391700,11.2711405800,11.3081558200,26375464,324753249.0700,0.584200,-1.847400
2022-06-23,11.3081558200,11.8818920400,11.1786024800,11.7708463200,49488772,620713503.6100,1.096200,4.091700
2022-06-24,11.6783082200,11.7893539400,11.2896482000,11.4562167800,44458453,549718055.1700,0.984800,-2.673000
2022-06-27,11.4099477300,11.4099477300,10.9935262800,11.0768105700,80710231,970167205.3600,1.787800,-3.311800
2022-06-28,11.0305415200,11.0953181900,10.6881505500,10.8824805600,77437562,907704512.8200,1.715300,-1.754400
2022-06-29,10.8917343700,11.9744301400,10.8454653200,11.9744301400,132928595,1673830572.3800,2.944400,10.034000
2022-06-30,12.1595063400,12.4926435000,11.7893539400,12.4371206400,112174060,1474294133.8700,2.484700,3.864000
2022-07-01,12.3260749200,12.6777197000,12.0854758600,12.1224911000,75409909,1007577152.4900,1.670400,-2.529800
2022-07-04,12.1132372900,12.2612982500,11.8818920400,12.1780139600,64536308,839679090.3000,1.429500,0.458000
2022-07-05,12.1132372900,12.2705520600,11.7801001300,11.9003996600,55990386,725604366.3000,1.240200,-2.279600
2022-07-06,11.9096534700,12.0114453800,11.5024858300,11.6042777400,41289796,519491542.6300,0.914600,-2.488300
2022-07-07,11.6412929800,11.9003996600,11.4932320200,11.6227853600,38729868,487932512.8600,0.857900,0.159500
2022-07-08,11.6412929800,12.0299530000,11.4932320200,11.7708463200,40415644,513265906.3000,0.895200,1.273900
2022-07-11,11.6598006000,11.9374149000,11.4747244000,11.6042777400,33212822,419538505.1300,0.735700,-1.415100
2022-07-12,11.5765163100,11.9374149000,11.4562167800,11.7893539400,48103983,610139423.8100,1.065500,1.594900
2022-07-13,11.7801001300,12.1224911000,11.7615925100,11.8263691800,64370470,833003796.5000,1.425800,0.314000
2022-07-14,11.6598006000,11.7338310800,11.1045720000,11.1230796200,100085071,1221886208.0300,2.216900,-5.946800
2022-07-15,11.1230753500,11.2500288000,10.5957302500,10.6933867500,105425097,1173267540.4800,2.335200,-3.863000
2022-07-18,10.6933867500,11.3476853000,10.5566676500,11.2304975000,64151084,723063221.4400,1.421000,5.022800
2022-07-19,11.1914349000,11.2793257500,10.9082310500,11.1426066500,40430066,460078550.1100,0.895500,-0.782600
2022-07-20,11.1230753500,11.3086227000,11.0449501500,11.0937784000,30366000,346892228.6100,0.672600,-0.438200
2022-07-21,11.0840127500,11.0840127500,10.7422150000,10.7812776000,43111767,478395661.6200,0.954900,-2.816900
2022-07-22,10.7715119500,10.8691684500,10.3808859500,10.7422150000,33336685,365536855.6000,0.738400,-0.362300
2022-07-25,10.7031524000,11.1719036000,10.6543241500,11.1230753500,52854069,598146523.2800,1.170700,3.545500
2022-07-26,11.0840127500,12.1777655500,11.0644814500,12.0312808000,85315515,1030868784.9600,1.889800,8.165100
2022-07-27,12.0312808000,12.0996403500,11.6797174000,12.0117495000,57499124,701948569.7200,1.273600,-0.162300
2022-07-28,11.9433899500,12.0410464500,11.5429983000,11.6699517500,60756093,730830058.2500,1.345800,-2.845500
2022-07-29,11.6211235000,11.6992487000,11.2988570500,11.4551074500,48541708,569445173.0600,1.075200,-1.841000
2022-08-01,11.3769822500,11.4355761500,10.9961219000,11.1133097000,52863292,601396224.2200,1.170900,-2.983800
2022-08-02,10.9863562500,11.0351845000,10.6640898000,10.7617463000,41493832,459454532.9700,0.919100,-3.163400
2022-08-03,10.8008089000,10.8691684500,10.2441668500,10.3222920500,69499467,743574619.9100,1.539400,-4.083500
2022-08-04,10.2734638000,10.4199485500,9.5996339500,9.9804943000,116328554,1181775606.0000,2.576700,-3.311300
2022-08-05,9.9219004000,10.2051042500,9.8926034500,10.1660416500,64220735,662836785.0000,1.422500,1.859100
2022-08-08,10.1660416500,10.6347928500,9.9609630000,10.0195569000,57374741,600035098.0000,1.270900,-1.440900
2022-08-09,10.1758073000,10.1758073000,9.8242439000,9.9316660500,49894764,507789962.0000,1.105200,-0.877200
2022-08-10,9.8633065000,9.9609630000,9.6484622000,9.7070561000,59502431,595756978.0000,1.318000,-2.261600
2022-08-11,9.8242439000,9.9316660500,9.6972904500,9.9023691000,47801410,482153720.0000,1.058800,2.012100
2022-08-12,9.9023691000,10.1074477500,9.7656500000,10.0097912500,38139324,389991301.0000,0.844800,1.084800
2022-08-15,9.9316660500,10.1758073000,9.9316660500,9.9414317000,37812312,387751707.0800,0.837600,-0.682900
2022-08-16,10.2539325000,10.6933867500,10.1562760000,10.5273707000,113235933,1211359052.8200,2.508200,5.893900
2022-08-17,10.4883081000,11.2207318500,10.3808859500,11.0547158000,90867879,1013208818.4800,2.012800,5.009300
2022-08-18,11.0351845000,11.1035440500,10.7519806500,10.8301058500,34669744,386072202.5500,0.767900,-2.031800
2022-08-19,10.8398715000,11.3769822500,10.7324493500,11.2597944500,71044425,814819381.8100,1.573700,3.967500
2022-08-22,11.3769822500,11.6406548000,11.0254188500,11.4746387500,88340849,1033690036.7200,1.956800,1.908100
2022-08-23,11.4648731000,11.6406548000,11.3574509500,11.5332326500,41392443,487885401.9300,0.916900,0.510600
2022-08-24,11.5039357000,11.5429983000,11.2207318500,11.2500288000,33954365,395063057.3900,0.752100,-2.455500
2022-08-25,11.3476853000,11.6113578500,11.1230753500,11.3086227000,42421838,492775120.4000,0.939700,0.520800
2022-08-26,11.3086227000,11.3769822500,10.8691684500,11.1914349000,36664606,418922075.9900,0.812100,-1.036300
2022-08-29,11.2109662000,11.2109662000,10.8105745500,11.1621379500,38574951,435778188.8400,0.854500,-0.261800
2022-08-30,11.1719036000,11.4746387500,11.0547158000,11.3379196500,38575928,446564634.9600,0.854500,1.574800
2022-08-31,11.3281540000,11.6406548000,11.2500288000,11.3867479000,52854225,620405394.5000,1.170700,0.430700
2022-09-01,11.2988570500,11.6601861000,11.2304975000,11.4258105000,55708184,657897661.2800,1.234000,0.343100
2022-09-02,11.3574509500,11.4258105000,11.0058875500,11.2012005500,28918530,329955017.3300,0.640600,-1.965800
2022-09-05,11.1426066500,11.4062792000,11.1230753500,11.2304975000,32397009,372821103.8800,0.717600,0.261600
2022-09-06,11.2988570500,11.9043273500,11.2402631500,11.6699517500,53077274,632474250.8300,1.175700,3.913000
2022-09-07,11.6601861000,11.7773739000,11.4453418000,11.6113578500,41625993,494927008.1900,0.922000,-0.502100
2022-09-08,11.6015922000,11.7480769500,11.3574509500,11.5234670000,39783516,469510611.7000,0.881200,-0.756900
2022-09-09,11.4746387500,12.2558907500,11.4648731000,12.2070625000,88579595,1093662748.6200,1.962100,5.932200
2022-09-13,12.3828442000,12.4512037500,11.7187800000,11.7871395500,80694193,997576415.0900,1.787400,-3.440000
2022-09-14,11.7480769500,12.2070625000,11.6797174000,11.7187800000,55645626,678378948.6900,1.232600,-0.580000
2022-09-15,11.8359678000,12.2851877000,11.7480769500,12.1289373000,106845817,1317810105.7700,2.366700,3.500000
2022-09-16,12.0605777500,12.2656564000,11.3867479000,11.4844044000,102224511,1229993204.4800,2.264300,-5.314000
2022-09-19,11.4746387500,11.7676082500,11.3769822500,11.5137013500,58081162,687593591.3100,1.286500,0.255100
2022-09-20,11.5234670000,11.5918265500,10.9179967000,10.9961219000,68354557,779421719.2100,1.514100,-4.495300
2022-09-21,10.9570593000,11.4355761500,10.7910432500,11.2890914000,46648999,535170577.5100,1.033300,2.664300
2022-09-22,11.2207318500,11.3281540000,10.7910432500,10.9179967000,39830210,444641814.1000,0.882300,-3.287200
2022-09-23,10.9179967000,11.2304975000,10.7519806500,10.7812776000,44631221,501645946.8700,0.988600,-1.252200
2022-09-26,10.8105745500,11.2012005500,10.8105745500,10.9668249500,39614240,448734648.8500,0.877500,1.721000
2022-09-27,10.9082310500,11.2597944500,10.7031524000,11.2304975000,48891797,552091842.0000,1.083000,2.404300
2022-09-28,11.1133097000,11.3476853000,10.9472936500,11.0058875500,40427891,461234317.8800,0.895500,-2.000000
2022-09-29,11.1035440500,11.1133097000,10.5957302500,10.6640898000,46405508,512232273.1000,1.027900,-3.105600
2022-09-30,10.8398715000,11.3672166000,10.6054959000,11.2207318500,73247432,827487240.0300,1.622500,5.219800
2022-10-10,11.2793257500,11.7187800000,11.1328410000,11.3281540000,102855719,1202739191.2500,2.278300,0.957400
2022-10-11,11.3281540000,11.3281540000,10.5957302500,10.7324493500,63038148,698857160.3400,1.396300,-5.258600
2022-10-12,10.6445585000,10.9375280000,10.4297142000,10.7422150000,46842644,511526204.8400,1.037600,0.091000
2022-10-13,10.6640898000,10.6836211000,9.8242439000,10.0390882000,98424436,1009048858.2100,2.180100,-6.545500
2022-10-14,9.9902599500,10.3808859500,9.9414317000,10.0781508000,69983777,724004873.2300,1.550200,0.389100
2022-10-17,9.9609630000,10.0488538500,9.2773675000,9.9804943000,95452572,948290015.1500,2.114300,-0.969000
2022-10-18,9.9414317000,10.0293225500,9.5019774500,9.6582278500,85686754,852120394.7300,1.898000,-3.229000
2022-10-19,9.6777591500,9.8633065000,9.6386965500,9.6972904500,72199589,720061853.6600,1.599300,0.404400
2022-10-20,9.5703370000,9.7656500000,9.5019774500,9.6777591500,46196600,455231243.9200,1.023300,-0.201400
2022-10-21,9.7363530500,9.8242439000,9.2480705500,9.3847896500,107368574,1041598638.3200,2.378300,-3.027200
2022-10-24,9.2480705500,9.2480705500,8.6523659000,8.7500224000,93258175,845996475.4600,2.065700,-6.763800
2022-10-25,8.6718972000,8.7597880500,8.2812712000,8.3984590000,96073720,832433112.0500,2.128100,-4.017900
2022-10-26,8.4179903000,8.4570529000,8.0273643000,8.1543177500,95107622,796353864.8900,2.106700,-2.907000
2022-10-27,8.1347864500,8.2422086000,8.0859582000,8.2031460000,71034980,596368994.4700,1.573500,0.598800
2022-10-28,8.1445521000,8.1933803500,7.8125200000,7.8515826000,81723586,667368897.6800,1.810200,-4.285700
2022-10-31,7.7636917500,7.7929887000,7.5195505000,7.6367383000,87049438,680216694.4700,1.928200,-2.736300
2022-11-01,7.6758009000,7.7929887000,7.5000192000,7.7832230500,88226495,689680223.8500,1.954300,1.918200
2022-11-02,7.7050978500,7.9687704000,7.6172070000,7.9101765000,84228117,676485851.6700,1.865700,1.631100
2022-11-03,7.7929887000,7.8125200000,7.3925970500,7.5000192000,150618964,1165055415.0200,3.336300,-5.185200
2022-11-04,7.4414253000,7.8711139000,7.4218940000,7.7929887000,129171649,1016967331.6500,2.861200,3.906300
2022-11-07,7.7636917500,7.9785360500,7.6855665500,7.9590047500,121044558,975779645.7800,2.681200,2.130300
2022-11-08,7.9199421500,8.1054895000,7.8320513000,7.8711139000,117186489,954508617.4400,2.595700,-1.104300
2022-11-09,8.1250208000,8.6621315500,8.1250208000,8.4179903000,238396640,2067923203.8200,5.280600,6.947900
2022-11-10,8.2519742500,8.7695537000,8.1738490500,8.6035376500,159436073,1392594654.3900,3.531600,2.204200
2022-11-11,9.0234606000,9.4629148500,9.0234606000,9.4629148500,156621475,1506691586.2500,3.469200,9.988600
2022-11-14,10.4101829000,10.4101829000,9.9511973500,10.4101829000,279430397,2953209451.9900,6.189500,10.010300
2022-11-15,10.3418233500,10.5957302500,10.0195569000,10.3027607500,217973250,2307750432.5500,4.828200,-1.031900
2022-11-16,10.0781508000,10.2344012000,9.5996339500,9.9707286500,216672605,2197098704.2400,4.799400,-3.222700
2022-11-17,9.9121347500,10.1367447000,9.7265874000,10.0586195000,119358408,1218826853.9400,2.643800,0.881500
2022-11-18,10.1367447000,10.2148699000,9.8437752000,9.8730721500,81514888,831430923.4500,1.805600,-1.844700
2022-11-21,9.8437752000,10.0390882000,9.5312744000,9.9707286500,74733523,748102243.7400,1.655400,0.989100
2022-11-22,10.1562760000,10.3027607500,9.7168217500,9.8144782500,84750415,864351088.4500,1.877300,-1.567100
2022-11-23,9.7070561000,10.0976821000,9.6289309000,9.9609630000,75968726,772375487.4200,1.682700,1.492500
2022-11-24,10.3613546500,10.4394798500,9.8340095500,10.2246355500,121655842,1259399832.9100,2.694700,2.647100
2022-11-25,10.3027607500,11.2500288000,10.3027607500,11.0351845000,207207942,2305622417.3200,4.589700,7.927400
2022-11-28,10.5469020000,11.2890914000,10.4687768000,11.0742471000,141634211,1584937726.2600,3.137300,0.354000
2022-11-29,11.7090143500,12.1777655500,11.4746387500,12.1777655500,149644948,1813372490.8700,3.314700,9.964700
2022-11-30,12.1777655500,12.5781572000,11.3379196500,11.4258105000,200819740,2453486691.4500,4.448200,-6.174800
2022-12-01,11.4258105000,11.7187800000,11.2304975000,11.4844044000,136336223,1601415920.9600,3.019900,0.512800
2022-12-02,11.2304975000,11.2304975000,10.6543241500,11.0547158000,141309134,1580962914.4600,3.130100,-3.741500
2022-12-05,11.0840127500,11.3867479000,11.0449501500,11.1328410000,97711591,1121427339.5500,2.164400,0.706700
2022-12-06,11.0840127500,11.1719036000,10.8594028000,11.1035440500,71776437,808468104.7200,1.589900,-0.263200
2022-12-07,11.0547158000,11.0840127500,10.5469020000,10.7519806500,96493133,1062804228.6100,2.137400,-3.166200
2022-12-08,10.7519806500,11.1621379500,10.7422150000,11.0644814500,89914932,1014870715.4300,1.991700,2.906400
2022-12-09,11.0351845000,11.7871395500,11.0156532000,11.5625296000,115166424,1349542191.4600,2.551000,4.501300
2022-12-12,11.3769822500,11.5137013500,10.9765906000,11.0156532000,70628060,809912658.8700,1.564400,-4.729700
2022-12-13,11.0156532000,11.1133097000,10.8496371500,10.8886997500,52930906,593088463.1600,1.172400,-1.152500
2022-12-14,10.8594028000,10.9277623500,10.6933867500,10.7422150000,43635060,482597775.0300,0.966500,-1.345300
2022-12-15,10.6836211000,10.7226837000,10.2539325000,10.6543241500,91922083,983977080.2200,2.036100,-0.818200
2022-12-16,10.7324493500,10.9570593000,10.5078394000,10.7422150000,68540422,753598206.0900,1.518200,0.824900
2022-12-19,10.8398715000,10.9570593000,10.4492455000,10.5469020000,61078925,665561177.2500,1.352900,-1.818200
2022-12-20,10.3515890000,10.4394798500,10.1367447000,10.2051042500,49733287,521783547.5900,1.101600,-3.240700
2022-12-21,10.1758073000,10.4101829000,10.1562760000,10.2539325000,29649582,312177515.7700,0.656800,0.478500
2022-12-22,10.3906516000,10.4980737500,10.1074477500,10.1562760000,42066841,442236417.3600,0.931800,-0.952400
2022-12-23,10.0976821000,10.4004172500,10.0586195000,10.3222920500,31826499,335435708.1900,0.705000,1.634600
2022-12-26,10.3027607500,10.3515890000,9.9023691000,9.9902599500,43304811,444308077.8200,0.959200,-3.216700
2022-12-27,10.0000256000,10.2832294500,9.9804943000,10.0195569000,47304854,489340539.8000,1.047800,0.293300
2022-12-28,9.9609630000,10.2539325000,9.8730721500,10.1172134000,43576068,451764534.3000,0.965200,0.974700
2022-12-29,10.1074477500,10.1074477500,9.7656500000,9.8730721500,45015301,454625718.1300,0.997100,-2.413100
2022-12-30,9.9707286500,10.0488538500,9.6777591500,9.9902599500,51026678,516666389.4500,1.130300,1.186900
2023-01-03,9.9707286500,10.1855729500,9.7461187000,9.7656500000,90231375,916666778.6900,1.998700,-2.248300
2023-01-04,9.7656500000,10.6347928500,9.7656500000,10.3613546500,156319013,1645671212.6500,3.462500,6.100000
2023-01-05,10.2832294500,10.5957302500,10.1367447000,10.4590111500,71823626,762562252.9500,1.590900,0.942500
2023-01-06,10.6152615500,10.7129180500,10.2246355500,10.3613546500,53725387,572813126.0700,1.190000,-0.933700
2023-01-09,10.3222920500,10.4101829000,9.9414317000,10.0195569000,73613372,760141174.7300,1.630600,-3.298800
2023-01-10,10.0097912500,10.0781508000,9.8926034500,9.9219004000,55035839,561815721.5000,1.219100,-0.974700
2023-01-11,9.9707286500,10.3320577000,9.9414317000,10.0097912500,91317842,943069355.3300,2.022700,0.885800
2023-01-12,9.9316660500,9.9316660500,9.5508057000,9.6289309000,89093059,882237337.3100,1.973500,-3.804900
2023-01-13,9.5996339500,9.7070561000,9.4531492000,9.6191652500,82568918,808043341.0200,1.828900,-0.101400
2023-01-16,9.5996339500,9.7851813000,9.4433835500,9.7265874000,73144434,720599573.0700,1.620200,1.116800
2023-01-17,9.7168217500,9.7656500000,9.5508057000,9.6972904500,43104372,426878112.2900,0.954800,-0.301200
2023-01-18,9.7363530500,9.8633065000,9.5801026500,9.6093996000,38592509,382323514.8900,0.854800,-0.906300
2023-01-19,9.5508057000,9.6679935000,9.5117431000,9.6289309000,38433394,376749879.0500,0.851300,0.203300
2023-01-20,9.6191652500,9.7461187000,9.5605713500,9.7168217500,46389225,459119634.8400,1.027500,0.912800
2023-01-30,9.9121347500,9.9121347500,9.4238522500,9.4433835500,98494459,966931186.5000,2.181700,-2.814100
2023-01-31,9.4043209500,9.6679935000,9.3847896500,9.6484622000,71709637,702770312.4600,1.588400,2.171700
2023-02-01,9.6191652500,9.6484622000,9.3847896500,9.5898683000,89289210,867438884.1900,1.977800,-0.607300
2023-02-02,9.5410400500,9.6289309000,9.3847896500,9.5019774500,97012519,940662397.2200,2.148900,-0.916500
2023-02-03,9.4629148500,9.4629148500,9.1992423000,9.2773675000,76618646,730186462.8100,1.697100,-2.363800
2023-02-06,9.1992423000,9.2090079500,8.9648667000,9.0429919000,94792978,877381395.1400,2.099700,-2.526300
2023-02-07,9.0625232000,9.3847896500,9.0625232000,9.3457270500,93764021,891370780.9900,2.076900,3.347700
2023-02-08,9.3359614000,9.4824461500,9.2187736000,9.2285392500,58871877,562169067.8700,1.304000,-1.253900
2023-02-09,9.2383049000,9.5215087500,9.1699453500,9.3359614000,87433551,840525073.5000,1.936700,1.164000
2023-02-10,9.3457270500,9.5508057000,9.2578362000,9.5117431000,83852914,814216734.3000,1.857400,1.882800
2023-02-13,9.4726805000,9.7168217500,9.3066644500,9.6093996000,103090472,1010701662.9200,2.283500,1.026700
2023-02-14,9.6582278500,9.7656500000,9.5898683000,9.7461187000,66760632,661680876.4200,1.478800,1.422800
2023-02-15,9.7265874000,9.7265874000,9.4238522500,9.5117431000,65405279,637563703.8000,1.448800,-2.404800
2023-02-16,9.4629148500,9.8047126000,9.4336179000,9.5019774500,83042103,819591250.7100,1.839400,-0.102700
2023-02-17,9.5019774500,9.5605713500,9.3261957500,9.3359614000,50736408,489828404.6100,1.123800,-1.747200
2023-02-20,9.3652583500,9.6386965500,9.3359614000,9.6386965500,78232457,763253241.3100,1.732900,3.242700
2023-02-21,9.8242439000,9.8633065000,9.5312744000,9.6484622000,74728611,740145320.6300,1.655300,0.101300
2023-02-22,9.5117431000,9.5996339500,9.5019774500,9.5508057000,37867343,369677955.7300,0.838800,-1.012100
2023-02-23,9.5508057000,9.6875248000,9.5312744000,9.6289309000,54960609,540320468.7000,1.217400,0.818000
2023-02-24,9.6191652500,9.6289309000,9.3750240000,9.4433835500,43963846,426017689.9400,0.973800,-1.927000
2023-02-27,9.4726805000,9.6875248000,9.4336179000,9.5312744000,70193790,687355554.0900,1.554800,0.930700
2023-02-28,9.4922118000,9.5215087500,9.3359614000,9.4433835500,68908556,662762888.9400,1.526400,-0.922100
2023-03-01,9.3847896500,9.6289309000,9.3847896500,9.5996339500,65095537,634745044.2300,1.441900,1.654600
2023-03-02,9.5410400500,9.5605713500,9.2871331500,9.3261957500,90532035,868876788.9100,2.005300,-2.848400
2023-03-03,9.3554927000,9.4043209500,9.2285392500,9.3945553000,47210975,450695223.4300,1.045700,0.733000
2023-03-06,9.3554927000,9.3652583500,9.0234606000,9.0722888500,103861051,969136544.4100,2.300600,-3.430400
2023-03-07,9.1113514500,9.1211171000,8.8672102000,8.8672102000,78333167,720415083.2600,1.735100,-2.260500
2023-03-08,8.8672102000,8.9453354000,8.7890850000,8.8965071500,47502811,430621912.5500,1.052200,0.330400
2023-03-09,8.8769758500,8.9355697500,8.7500224000,8.7500224000,50636557,457040572.9600,1.121600,-1.646500
2023-03-10,8.6914285000,8.7011941500,8.5742407000,8.5937720000,44259671,390622019.9900,0.980400,-1.785700
2023-03-13,8.5644750500,8.6328346000,8.4375216000,8.4765842000,60106188,524349619.4900,1.331400,-1.363600
2023-03-14,8.4863498500,8.6230689500,8.4179903000,8.4765842000,61489003,535922770.2100,1.362000,0.000000
2023-03-15,8.5254124500,8.6230689500,8.4961155000,8.5449437500,48797672,427324299.6500,1.080900,0.806500
2023-03-16,8.4961155000,8.5840063500,8.4179903000,8.4277559500,38433652,334107960.9100,0.851300,-1.371400
2023-03-17,8.5058811500,8.6523659000,8.4765842000,8.5254124500,60866971,533598986.1700,1.348200,1.158700
2023-03-20,8.5644750500,8.6523659000,8.4082246500,8.4472872500,56633969,493624161.1300,1.254500,-0.916400
2023-03-21,8.4472872500,8.5156468000,8.3691620500,8.4375216000,47667071,410852689.8900,1.055800,-0.115600
2023-03-22,8.4570529000,8.5937720000,8.4375216000,8.5547094000,50503856,440743889.2300,1.118700,1.388900
2023-03-23,8.4961155000,8.5644750500,8.4570529000,8.5254124500,50671734,441262018.3600,1.122400,-0.342500
2023-03-24,8.4961155000,8.5351781000,8.3496307500,8.4668185500,71480400,617391076.5700,1.583300,-0.687300
2023-03-27,8.4082246500,8.4277559500,8.2617399000,8.3008025000,56987057,485431454.9600,1.262300,-1.960800
2023-03-28,8.3496307500,8.3789277000,8.1640834000,8.2031460000,56045514,473553285.3500,1.241400,-1.176500
2023-03-29,8.2715055500,8.3496307500,8.1640834000,8.1836147000,54100830,456415143.0600,1.198400,-0.238100
2023-03-30,8.2226773000,8.2812712000,8.0957238500,8.2812712000,54628144,458163359.0500,1.210000,1.193300
2023-03-31,8.2617399000,8.3496307500,8.1738490500,8.2031460000,56522218,477392418.2200,1.252000,-0.943400
2023-04-03,8.2031460000,8.4765842000,8.1933803500,8.4179903000,76720759,658458211.3800,1.699400,2.619000
2023-04-04,8.3886933500,8.4472872500,8.2812712000,8.3300994500,45282133,387113897.1600,1.003000,-1.044100
2023-04-06,8.3203338000,8.3398651000,8.1836147000,8.3105681500,45330587,383100629.0600,1.004100,-0.234500
2023-04-07,8.3105681500,8.8183819500,8.2812712000,8.7988506500,146352889,1298665194.0100,3.241800,5.875400
2023-04-10,8.6914285000,8.7500224000,8.5644750500,8.6035376500,89399018,792316619.1200,1.980200,-2.219800
2023-04-11,8.5742407000,8.7695537000,8.4765842000,8.7500224000,99519781,883064306.3900,2.204400,1.702600
2023-04-12,8.7890850000,8.8574445500,8.5937720000,8.7597880500,74014904,659807739.4000,1.639500,0.111600
2023-04-13,8.6914285000,8.7109598000,8.5937720000,8.6621315500,47932409,424766092.1200,1.061700,-1.114800
2023-04-14,8.6914285000,8.7304911000,8.6133033000,8.6426002500,40461350,358774661.5300,0.896200,-0.225500
2023-04-17,8.6328346000,8.6914285000,8.5449437500,8.6816628500,54613424,482648742.9400,1.209700,0.452000
2023-04-18,8.6816628500,8.8183819500,8.6523659000,8.6816628500,52814396,471492563.7700,1.169900,0.000000
2023-04-19,8.6816628500,8.6816628500,8.2519742500,8.3105681500,115454732,993997992.8600,2.557400,-4.274500
2023-04-20,8.2910368500,8.3398651000,8.2031460000,8.3105681500,61462743,520607553.5900,1.361400,0.000000
2023-04-21,8.3496307500,8.5254124500,8.1836147000,8.1933803500,80954991,694341557.1100,1.793200,-1.410100
2023-04-24,8.2031460000,8.2129116500,7.9394734500,7.9785360500,74964477,616961804.2300,1.660500,-2.622200
2023-04-25,7.9785360500,8.0273643000,7.8027543500,7.9687704000,52334645,423864312.0200,1.159200,-0.122400
2023-04-26,7.8613482500,8.0859582000,7.7734574000,8.0175986500,41729641,340278863.3500,0.924300,0.612700
2023-04-27,7.9980673500,8.0175986500,7.8906452000,7.9297078000,41876816,340620412.6400,0.927600,-1.096200
2023-04-28,7.8906452000,7.9980673500,7.8906452000,7.9687704000,45041943,366991450.3300,0.997700,0.492600
2023-05-04,7.7832230500,7.8125200000,7.5976757000,7.7343948000,90444970,715339925.1100,2.003400,-2.941200
2023-05-05,7.7148635000,8.3105681500,7.7050978500,8.2031460000,143554668,1181452626.0900,3.179800,6.060600
2023-05-08,8.0761925500,8.2422086000,7.9199421500,8.2031460000,97052978,802041974.0000,2.149800,0.000000
2023-05-09,8.1836147000,8.5351781000,8.1347864500,8.2226773000,129979430,1108097051.4200,2.879100,0.238100
2023-05-10,8.1347864500,8.2519742500,7.9687704000,8.0468956000,69924357,577902441.6300,1.548900,-2.137800
2023-05-11,8.0273643000,8.1445521000,7.9980673500,8.0273643000,41953199,346168943.1300,0.929300,-0.242700
2023-05-12,8.0078330000,8.0859582000,7.8515826000,7.8613482500,54849937,446337254.5100,1.215000,-2.068100
2023-05-15,7.8515826000,7.9394734500,7.7050978500,7.9297078000,59425261,475312275.3600,1.316300,0.869600
2023-05-16,7.9101765000,7.9785360500,7.7929887000,7.8125200000,39935354,321253559.7800,0.884600,-1.477800
2023-05-17,7.7636917500,7.8320513000,7.6660352500,7.7246291500,50997243,403780937.4500,1.129600,-1.125000
2023-05-18,7.7636917500,7.8125200000,7.5390818000,7.5781444000,65421109,512218756.0600,1.449100,-1.896300
2023-05-19,7.5683787500,7.5683787500,7.4414253000,7.4609566000,47173619,361349094.7700,1.044900,-1.546400
2023-05-22,7.4218940000,7.4902535500,7.3535344500,7.4804879000,42692709,325090552.1400,0.945700,0.261800
2023-05-23,7.4902535500,7.5293161500,7.3633001000,7.3828314000,53472554,407025064.5600,1.184400,-1.305500
2023-05-24,7.3437688000,7.3535344500,7.1191588500,7.1289245000,79863436,589295612.7700,1.769000,-3.439200
2023-05-25,7.0800962500,7.1679871000,7.0312680000,7.1484558000,48409995,352098302.4100,1.072300,0.274000
2023-05-26,7.1289245000,7.2754092500,7.0507993000,7.2168153500,47136912,346252976.2700,1.044100,0.956300
2023-05-29,7.1777527500,7.2168153500,7.0117367000,7.0410336500,54827197,397949734.9300,1.214400,-2.435700
2023-05-30,7.0215023500,7.1972840500,6.8847832500,7.1777527500,66264792,475622782.9500,1.467800,1.941700
2023-05-31,7.1386901500,7.2558779500,7.0410336500,7.0800962500,40215847,293655230.4800,0.890800,-1.360500
2023-06-01,7.0800962500,7.0996275500,6.9824397500,7.0605649500,28988364,209419862.0200,0.642100,-0.275900
2023-06-02,7.0800962500,7.4804879000,7.0800962500,7.4218940000,102661357,768924730.4700,2.274000,5.117600
2023-06-05,7.3242375000,7.3633001000,7.2558779500,7.3144718500,44603940,333370659.6900,0.988000,-1.447400
2023-06-06,7.3144718500,7.6172070000,7.2851749000,7.3144718500,97849232,746238556.4900,2.167400,0.000000
2023-06-07,7.3828314000,7.7246291500,7.3828314000,7.4511909500,99319298,768358779.7800,2.200000,1.869200
2023-06-08,7.4316596500,7.6367383000,7.3242375000,7.5781444000,76575431,590291809.3200,1.696200,1.703800
2023-06-09,7.5293161500,7.5586131000,7.4121283500,7.4511909500,56967901,434976016.4900,1.261900,-1.675300
2023-06-12,7.3925970500,7.6269726500,7.3437688000,7.5293161500,65565236,504064174.8200,1.452300,1.048500
2023-06-13,7.4902535500,7.6953322000,7.4804879000,7.5488474500,58799305,456623899.3900,1.302400,0.259400
2023-06-14,7.5488474500,7.6269726500,7.3730657500,7.3925970500,51464982,393217687.0800,1.140000,-2.069900
2023-06-15,7.4121283500,7.5683787500,7.3340031500,7.5390818000,54231716,416622622.2700,1.201300,1.981500
2023-06-16,7.5879100500,7.6074413500,7.4316596500,7.5195505000,52252142,401434465.5200,1.157400,-0.259100
2023-06-19,7.5195505000,7.5195505000,7.2558779500,7.2754092500,61044541,457869099.0600,1.352200,-3.246800
2023-06-20,7.2656436000,7.2851749000,7.1386901500,7.1484558000,37902276,279221002.3400,0.839600,-1.745000
2023-06-21,7.1191588500,7.2070497000,7.0898619000,7.1191588500,41966513,307354228.7500,0.929600,-0.409800
2023-06-26,7.0312680000,7.0703306000,6.9433771500,6.9531428000,37776568,270424050.4200,0.836800,-2.332000
2023-06-27,6.9531428000,7.3242375000,6.9336115000,7.3047062000,76345918,561439886.8300,1.691100,5.056200
2023-06-28,7.2949405500,7.3340031500,7.1777527500,7.2656436000,42656401,316334120.5200,0.944900,-0.534800
2023-06-29,7.2363466500,7.2461123000,7.0312680000,7.0312680000,53831484,390774619.3200,1.192400,-3.225800
2023-06-30,7.0605649500,7.2558779500,7.0215023500,7.0410336500,69517719,506268197.0800,1.539800,0.138900
2023-07-03,7.0605649500,7.1191588500,7.0507993000,7.0800962500,52665383,381903521.2600,1.166600,0.554800
2023-07-04,7.0605649500,7.0703306000,6.8652519500,6.9238458500,84516175,599956857.8700,1.872100,-2.206900
2023-07-05,6.9043145500,6.9726741000,6.8652519500,6.8945489000,47080286,333321221.5200,1.042800,-0.423100
2023-07-06,6.8750176000,6.9629084500,6.7968924000,6.9140802000,48262579,340180466.8200,1.069000,0.283300
2023-07-07,6.9043145500,6.9531428000,6.8457206500,6.8554863000,41390127,291743622.0800,0.916800,-0.847500
2023-07-10,6.8652519500,6.8847832500,6.8164237000,6.8359550000,32608632,228656589.9300,0.722300,-0.284900
2023-07-11,6.9726741000,7.0117367000,6.8261893500,6.8359550000,53054895,374895172.2500,1.175200,0.000000
2023-07-12,6.8261893500,6.8359550000,6.6504076500,6.6601733000,71851776,494085664.7000,1.591500,-2.571400
2023-07-13,6.6797046000,6.7382985000,6.6601733000,6.6894702500,52917607,362618631.5000,1.172100,0.439900
2023-07-14,6.6992359000,6.7285328500,6.6308763500,6.6797046000,41455130,283529580.6500,0.918200,-0.146000
2023-07-17,6.6406420000,6.6601733000,6.5527511500,6.5918137500,35564717,240081702.3700,0.787800,-1.315800
2023-07-18,6.5722824500,6.6894702500,6.5039229000,6.6211107000,49454473,333828553.9000,1.095400,0.444400
2023-07-19,6.5918137500,6.7675954500,6.5918137500,6.7187672000,63360970,434931146.3200,1.403500,1.474900
2023-07-20,6.7285328500,6.8750176000,6.6992359000,6.7382985000,72463880,503632635.1500,1.605100,0.290700
2023-07-21,6.7578298000,6.8554863000,6.7285328500,6.8066580500,70678874,492824478.9900,1.565600,1.014500
2023-07-24,6.8359550000,6.8554863000,6.6406420000,6.6797046000,67509290,464014957.8400,1.495400,-1.865100
2023-07-25,6.8457206500,7.3437688000,6.8359550000,7.3437688000,196820949,1447934650.2900,4.359700,9.941500
2023-07-26,7.5488474500,7.6660352500,7.3437688000,7.5683787500,292870116,2257893810.3000,6.487200,3.058500
2023-07-27,7.4511909500,7.7148635000,7.3144718500,7.5586131000,190586015,1472758338.4900,4.221600,-0.129000
2023-07-28,7.5586131000,8.2812712000,7.5586131000,8.2617399000,290046649,2350233075.7100,6.424700,9.302300
2023-07-31,8.3300994500,8.7793193500,8.2422086000,8.4277559500,344160508,2995406772.7300,7.623300,2.009500
2023-08-01,8.2812712000,8.4961155000,8.1347864500,8.2031460000,193677493,1645850187.4100,4.290000,-2.665100
2023-08-02,8.2422086000,8.4961155000,8.1738490500,8.2031460000,164837598,1402027424.7200,3.651200,0.000000
2023-08-03,8.1347864500,8.6621315500,8.0078330000,8.5644750500,249935448,2131507277.2900,5.536200,4.404800
2023-08-04,8.7402567500,8.8965071500,8.3886933500,8.4179903000,223240338,1957381751.9000,4.944900,-1.710400
2023-08-07,8.2422086000,8.2715055500,7.9394734500,8.0664269000,166454376,1372057509.2200,3.687000,-4.176300
2023-08-08,7.9980673500,8.0664269000,7.7441604500,7.8027543500,123931664,1000165678.4700,2.745100,-3.268800
2023-08-09,7.7929887000,7.9883017000,7.7343948000,7.9101765000,119872614,968987734.7400,2.655200,1.376700
2023-08-10,7.8808795500,8.1445521000,7.8320513000,8.0664269000,107566736,882571520.9800,2.382700,1.975300
2023-08-11,8.1640834000,8.2812712000,7.8613482500,8.0175986500,129677475,1068219776.8100,2.872400,-0.605300
2023-08-14,7.7148635000,7.9101765000,7.6269726500,7.8418169500,85174574,677504597.7400,1.886700,-2.192400
2023-08-15,7.7832230500,7.8808795500,7.6953322000,7.8125200000,67620064,539655258.6600,1.497800,-0.373600
2023-08-16,7.8027543500,8.3203338000,7.7148635000,8.1054895000,151234176,1248389098.8000,3.349900,3.750000
2023-08-17,8.0175986500,8.1445521000,7.8125200000,7.9687704000,115935794,944410192.3000,2.568000,-1.686700
2023-08-18,7.9492391000,8.0273643000,7.6172070000,7.6269726500,102904844,821743971.5500,2.279400,-4.289200
2023-08-21,7.5683787500,7.7539261000,7.5195505000,7.5195505000,71408757,557238533.9600,1.581700,-1.408500
2023-08-22,7.5195505000,7.5781444000,7.3242375000,7.4902535500,74018624,564514023.8900,1.639500,-0.389600
2023-08-23,7.4609566000,7.4804879000,7.1289245000,7.1386901500,88600685,659617723.2500,1.962500,-4.693600
2023-08-24,7.1972840500,7.2070497000,6.8945489000,6.9238458500,118332732,847674953.0700,2.621100,-3.009600
2023-08-25,6.9043145500,7.3633001000,6.9043145500,7.1484558000,134663735,982102323.5400,2.982900,3.244000
2023-08-28,7.7636917500,7.8613482500,7.5097848500,7.6172070000,234243293,1853776571.5600,5.188600,6.557400
2023-08-29,7.5575388000,7.9354157400,7.4183209800,7.9354157400,179042415,1380841223.4400,3.965900,4.177500
2023-08-30,7.7763096600,7.9453598700,7.6967566200,7.7961979200,126433697,994424147.7800,2.800600,-1.754400
2023-08-31,7.7564214000,7.8359744400,7.1597736000,7.1597736000,174003008,1293350012.0300,3.854200,-8.163300
2023-09-01,7.3586562000,7.4382092400,7.1896059900,7.3387679400,125973954,928198816.0500,2.790400,2.500000
2023-09-04,7.5078181500,7.6967566200,7.4382092400,7.4580975000,129148084,982129857.3300,2.860700,1.626000
2023-09-05,7.4183209800,7.4382092400,7.1597736000,7.1796618600,94960499,692041317.9500,2.103400,-3.733300
2023-09-06,7.1697177300,7.4978740200,7.0901646900,7.4481533700,116031111,856189236.6600,2.570100,3.739600
2023-09-07,7.4282651100,7.5376505400,7.2492707700,7.2592149000,103961041,771933105.0000,2.302800,-2.536700
2023-09-08,7.2094942500,7.3984327200,7.0901646900,7.3288238100,74532310,540283253.9300,1.650900,0.958900
2023-09-11,7.2890472900,7.3188796800,7.1697177300,7.2393266400,79658777,579639668.7800,1.764500,-1.221200
2023-09-12,7.2194383800,7.2791031600,7.1896059900,7.2094942500,49401864,358981910.2400,1.094300,-0.412100
2023-09-13,7.2194383800,7.3487120700,7.1299412100,7.2293825100,57502575,418882675.5300,1.273700,0.275900
2023-09-14,7.2094942500,7.2393266400,7.1199970800,7.1796618600,46710905,337083095.5100,1.034700,-0.687800
2023-09-15,7.2293825100,7.2890472900,7.1597736000,7.1697177300,55281595,401477267.3300,1.224500,-0.138500
2023-09-18,7.1796618600,7.1796618600,7.0106116500,7.0901646900,65367042,464764918.3200,1.447900,-1.109600
2023-09-19,7.0702764300,7.1299412100,7.0304999100,7.0702764300,40220457,286312588.1600,0.890900,-0.280500
2023-09-20,7.0603323000,7.1299412100,7.0205557800,7.0603323000,36342722,258906024.6600,0.805000,-0.140600
2023-09-21,7.0603323000,7.1597736000,6.9907233900,7.0006675200,53167152,378136404.4200,1.177700,-0.845100
2023-09-22,6.9708351300,7.1299412100,6.9410027400,7.1199970800,44139392,312919417.9400,0.977700,1.704500
2023-09-25,7.0802205600,7.1001088200,6.7918407900,6.8614497000,76744696,532141068.6300,1.699900,-3.631300
2023-09-26,6.8415614400,6.8813379600,6.7719525300,6.7918407900,43383204,297179728.2400,0.961000,-1.014500
2023-09-27,6.7719525300,6.8515055700,6.7520642700,6.7818966600,47997503,327864647.2400,1.063200,-0.146400
2023-09-28,6.7918407900,6.8316173100,6.7620084000,6.7818966600,32575730,222444986.1600,0.721600,0.000000
2023-10-09,6.7520642700,6.7520642700,6.4537403700,6.5631258000,103638990,683303396.9100,2.295600,-3.225800
2023-10-10,6.5432375400,6.5830140600,6.4338521100,6.4437962400,58577470,382350744.7700,1.297500,-1.818200
2023-10-11,6.4736286300,6.4835727600,6.3045784200,6.3443549400,78636410,503926100.7800,1.741800,-1.543200
2023-10-12,6.3741873300,6.4239079800,6.3344108100,6.3940755900,47952867,307515286.5700,1.062200,0.783700
2023-10-13,6.3244666800,6.3741873300,6.2150812500,6.2349695100,68773835,433391067.0600,1.523400,-2.488300
2023-10-16,6.2349695100,6.2747460300,6.0460310400,6.0957516900,64753171,398524857.7600,1.434300,-2.232900
2023-10-17,5.9764221300,6.0161986500,5.4891597600,5.4891597600,269517819,1512854449.7700,5.969900,-9.951100
2023-10-18,5.4593273700,5.5289362800,5.3698302000,5.3698302000,113968351,623616862.1000,2.524400,-2.173900
2023-10-19,5.3698302000,5.4195508500,5.2703889000,5.3499419400,101804800,547409956.8700,2.255000,-0.370400
2023-10-20,5.3201095500,5.5090480200,5.2803330300,5.3996625900,129529486,705189940.0500,2.869100,0.929400
2023-10-23,5.3499419400,5.4394391100,5.2803330300,5.3201095500,90676435,487457437.2100,2.008500,-1.473300
2023-10-24,5.3996625900,5.5687128000,5.3897184600,5.4692715000,122420976,674389033.8500,2.711700,2.803700
2023-10-25,5.4991038900,5.5587686700,5.4394391100,5.4692715000,89998546,496698129.0600,1.993500,0.000000
2023-10-26,5.4195508500,5.4394391100,5.3399978100,5.3897184600,66383874,359157152.6300,1.470400,-1.454500
2023-10-27,5.3996625900,5.5090480200,5.3399978100,5.4891597600,84295212,460950067.6400,1.867200,1.845000
2023-10-30,5.4394391100,5.4891597600,5.3897184600,5.4294949800,78082547,426149790.3300,1.729600,-1.087000
2023-10-31,5.0715063000,5.2703889000,4.9820091300,5.1411152100,175092154,903464956.6300,3.878400,-5.311400
2023-11-01,5.1311710800,5.1709476000,5.0217856500,5.0516180400,95292639,487228550.2600,2.110800,-1.740800
2023-11-02,5.0416739100,5.0715063000,4.9919532600,4.9919532600,72115413,364609263.8200,1.597400,-1.181100
2023-11-03,5.0018973900,5.0317297800,4.9621208700,4.9919532600,80756165,405734215.7400,1.788800,0.000000
2023-11-06,5.0217856500,5.2902771600,5.0217856500,5.2405565100,163750058,853110230.0100,3.627100,4.980100
2023-11-07,5.2405565100,5.2902771600,5.1411152100,5.1808917300,86274382,450425085.9600,1.911000,-1.138500
2023-11-08,5.1709476000,5.4096067200,5.1411152100,5.3797743300,151712752,812550179.8800,3.360500,3.838800
2023-11-09,5.3996625900,5.5886010600,5.3399978100,5.4195508500,142085307,778890866.6000,3.147300,0.739400
2023-11-10,5.4096067200,5.4991038900,5.3201095500,5.4294949800,103930073,563305374.2300,2.302100,0.183500
2023-11-13,5.4294949800,5.4493832400,5.3300536800,5.3996625900,78658373,425102765.1300,1.742300,-0.549500
2023-11-14,5.3897184600,5.5289362800,5.3797743300,5.5189921500,97882100,540321709.1100,2.168100,2.209900
2023-11-15,5.5786569300,5.6084893200,5.4692715000,5.5090480200,81271430,452788525.6500,1.800200,-0.180200
2023-11-16,5.4692715000,5.5488245400,5.3897184600,5.4891597600,71057741,390305595.6300,1.574000,-0.361000
2023-11-17,5.4593273700,5.5090480200,5.3897184600,5.4294949800,50120502,273605668.3500,1.110200,-1.087000
2023-11-20,5.4792156300,5.5189921500,5.3499419400,5.3897184600,63183280,343982452.7000,1.399500,-0.732600
2023-11-21,5.5587686700,5.8372043100,5.5488245400,5.5786569300,197463102,1121949270.8100,4.373900,3.505500
2023-11-22,5.5687128000,5.6780982300,5.4692715000,5.4692715000,115993227,650932512.8200,2.569300,-1.960800
2023-11-23,5.4891597600,5.8570925700,5.4593273700,5.7278188800,199300680,1141844352.8300,4.414600,4.727300
2023-11-24,5.8968690900,5.9465897400,5.6482658400,5.6780982300,153405986,889623813.9800,3.398000,-0.868100
2023-11-27,5.6283775800,5.6283775800,5.3797743300,5.4294949800,122926457,674094825.4800,2.722900,-4.378300
2023-11-28,5.4195508500,5.4593273700,5.2902771600,5.3399978100,85639813,460942311.0800,1.897000,-1.648400
2023-11-29,5.3300536800,5.3300536800,5.1112828200,5.1112828200,117355234,610851847.6300,2.599500,-4.283100
2023-11-30,5.1013386900,5.1510593400,5.0516180400,5.0913945600,65781201,337204115.2200,1.457100,-0.389100
2023-12-01,5.0913945600,5.2604447700,5.0715063000,5.2306123800,91647038,477858485.7500,2.030000,2.734400
2023-12-04,5.1908358600,5.2206682500,5.0615621700,5.0913945600,80381322,412580788.0400,1.780500,-2.661600
2023-12-05,5.0615621700,5.0715063000,4.9422326100,4.9422326100,76296682,384136753.4600,1.690000,-2.929700
2023-12-06,4.9422326100,5.0814504300,4.9124002200,5.0317297800,76758024,385747888.0000,1.700200,1.810900
2023-12-07,5.0018973900,5.0615621700,4.9223443500,4.9919532600,87568667,438771837.7200,1.939700,-0.790500
2023-12-08,4.9720650000,4.9820091300,4.8030147900,4.8825678300,165926619,810336128.8900,3.675300,-2.191200
2023-12-11,4.8229030500,4.8328471800,4.6140763200,4.7731824000,152197354,719067033.2700,3.371200,-2.240300
2023-12-12,4.7731824000,4.9124002200,4.7234617500,4.8427913100,127386943,618109301.8800,2.821700,1.458300
2023-12-13,4.7731824000,4.7731824000,4.6737411000,4.6737411000,87373894,413545294.7400,1.935400,-3.490800
2023-12-14,4.7035734900,4.7731824000,4.6240204500,4.6240204500,72077789,340177125.5500,1.596600,-1.063800
2023-12-15,4.7035734900,4.7632382700,4.6140763200,4.6240204500,112117357,528742416.2800,2.483400,0.000000
2023-12-18,4.5941880600,4.6936293600,4.5146350200,4.5345232800,97765201,452155923.6900,2.165500,-1.935500
2023-12-19,4.5046908900,4.5444674100,4.4052495900,4.4549702400,85989019,386623566.8800,1.904700,-1.754400
2023-12-20,4.4549702400,4.4649143700,4.3555289400,4.3555289400,75945532,335425791.8600,1.682200,-2.232100
2023-12-21,4.3356406800,4.4052495900,4.2958641600,4.3754172000,94694065,415659223.0800,2.097500,0.456600
2023-12-22,4.3654730700,4.3953054600,4.3058082900,4.3256965500,79790566,348387293.5300,1.767400,-1.136400
2023-12-25,4.3157524200,4.3256965500,4.2361993800,4.2660317700,67726284,291002473.0200,1.500200,-1.379300
2023-12-26,4.2361993800,4.2560876400,4.1467022100,4.1665904700,78329353,330195444.2000,1.735000,-2.331000
2023-12-27,4.1665904700,4.2163111200,4.1367580800,4.1765346000,62546857,262626409.2600,1.385400,0.238700
2023-12-28,4.1665904700,4.4549702400,4.1367580800,4.4052495900,164327263,716252561.6800,3.639900,5.476200
2023-12-29,4.3754172000,4.4649143700,4.3058082900,4.3356406800,131030172,575163732.7000,2.902400,-1.580100
2024-01-02,4.3455848100,4.3654730700,4.2063669900,4.2163111200,114646617,490819812.1200,2.539500,-2.752300
2024-01-03,4.2262552500,4.3256965500,4.2163111200,4.2958641600,122362748,524696016.6900,2.710400,1.886800
2024-01-04,4.2660317700,4.2958641600,4.1864787300,4.2063669900,68573228,290892952.5200,1.518900,-2.083300
2024-01-05,4.1964228600,4.2958641600,4.1864787300,4.2063669900,82673942,352883910.9300,1.831300,0.000000
2024-01-08,4.2262552500,4.2461435100,4.0870374300,4.0870374300,81322815,339395043.5400,1.801300,-2.836900
2024-01-09,4.0969815600,4.1964228600,4.0373167800,4.1367580800,73631579,305285681.2700,1.631000,1.216500
2024-01-10,4.1069256900,4.1765346000,4.0770933000,4.1467022100,58653986,244320177.3400,1.299200,0.240400
2024-01-11,4.1367580800,4.2163111200,4.0969815600,4.1765346000,73843069,308417892.7200,1.635700,0.719400
2024-01-12,4.1566463400,4.2163111200,4.1367580800,4.1367580800,79476245,333277786.6100,1.760400,-0.952400
2024-01-15,4.1069256900,4.1964228600,4.0373167800,4.1665904700,86522641,359510674.6100,1.916500,0.721200
2024-01-16,4.1467022100,4.1765346000,4.0373167800,4.1168698200,74766818,308242456.6300,1.656100,-1.193300
2024-01-17,4.1168698200,4.1168698200,4.0074843900,4.0074843900,65360097,266651004.0500,1.447800,-2.657000
2024-01-18,3.9975402600,4.0770933000,3.9279313500,4.0671491700,84607758,340658305.9300,1.874100,1.488800
2024-01-19,4.0472609100,4.1168698200,4.0273726500,4.0472609100,56111710,229396736.3400,1.242900,-0.489000
2024-01-22,4.0273726500,4.0373167800,3.8284900500,3.8483783100,75905073,302052641.4800,1.681300,-4.914000
2024-01-23,3.8782107000,3.9776520000,3.8185459200,3.9577637400,77939529,306782547.7600,1.726400,2.842400
2024-01-24,3.9677078700,4.0969815600,3.8980989600,4.0870374300,101933437,410559737.6400,2.257900,3.266300
2024-01-25,4.1069256900,4.2759759000,4.0969815600,4.2560876400,149286631,629276018.6700,3.306800,4.136300
2024-01-26,4.2560876400,4.5742998000,4.2361993800,4.4649143700,203906305,906704881.7800,4.516600,4.906500
2024-01-29,4.5643556700,4.5643556700,4.3455848100,4.3555289400,146914443,656164346.3700,3.254200,-2.449900
2024-01-30,4.3256965500,4.3654730700,4.1665904700,4.2063669900,109808925,468185509.5000,2.432300,-3.424700
2024-01-31,4.1566463400,4.2063669900,3.9875961300,4.0074843900,92457807,379752738.5100,2.048000,-4.728100
2024-02-01,3.9875961300,4.0770933000,3.9577637400,3.9875961300,89221807,360029297.0500,1.976300,-0.496300
2024-02-02,3.9875961300,4.2461435100,3.9080430900,4.0373167800,148573933,611609500.2500,3.291000,1.246900
2024-02-05,4.0074843900,4.0273726500,3.6296074500,3.7191046200,152793725,584694771.6100,3.384400,-7.881800
2024-02-06,3.6793281000,3.8782107000,3.5102778900,3.8185459200,152493775,565348009.5900,3.377800,2.673800
2024-02-07,3.7986576600,3.8583224400,3.6793281000,3.7389928800,125588771,476010223.6300,2.781800,-2.083300
2024-02-08,3.7887135300,4.0273726500,3.7489370100,4.0174285200,143708558,560011756.7100,3.183200,7.446800
2024-02-19,4.0074843900,4.0174285200,3.8881548300,4.0074843900,116690533,463838280.2900,2.584700,-0.247500
2024-02-20,3.9875961300,4.1168698200,3.9875961300,4.0969815600,99836747,407979544.1400,2.211400,2.233300
2024-02-21,4.0572050400,4.4052495900,4.0174285200,4.2660317700,141960649,605287050.2800,3.144500,4.126200
2024-02-22,4.2262552500,4.2759759000,4.1864787300,4.2461435100,75843838,322565226.0100,1.680000,-0.466200
2024-02-23,4.2560876400,4.3455848100,4.2262552500,4.3256965500,93671534,404554782.1700,2.074900,1.873500
2024-02-26,4.2958641600,4.3256965500,4.2063669900,4.2461435100,87368942,374165864.6500,1.935300,-1.839100
2024-02-27,4.2063669900,4.3356406800,4.2063669900,4.3356406800,77294809,333119907.4200,1.712100,2.107700
2024-02-28,4.3356406800,4.4251378500,4.2063669900,4.2163111200,95381555,417368850.4600,2.112700,-2.752300
2024-02-29,4.1864787300,4.3157524200,4.1765346000,4.2859200300,91895974,394398467.1800,2.035500,1.650900
2024-03-01,4.2859200300,4.3157524200,4.1964228600,4.2461435100,63327753,270946618.1500,1.402700,-0.928100
2024-03-04,4.2063669900,4.2163111200,3.9975402600,4.0572050400,92857006,380130490.5200,2.056800,-4.449600
2024-03-05,4.0273726500,4.0671491700,3.9279313500,4.0074843900,69928734,281234521.2800,1.549000,-1.225500
2024-03-06,3.9975402600,4.0373167800,3.9279313500,3.9577637400,54541942,218089936.1600,1.208100,-1.240700
2024-03-07,3.9776520000,4.0174285200,3.8980989600,3.8980989600,67957801,270348355.0000,1.505300,-1.507500
2024-03-08,3.8980989600,3.9179872200,3.8384341800,3.8782107000,51848314,201908273.4100,1.148500,-0.510200
2024-03-11,3.8881548300,3.9975402600,3.8782107000,3.9975402600,62148753,247211446.4400,1.376600,3.076900
2024-03-12,3.9975402600,4.3058082900,3.9577637400,4.2163111200,138167915,574181550.4600,3.060500,5.472600
2024-03-13,4.1566463400,4.1765346000,4.0572050400,4.0770933000,80872393,333415605.2200,1.791400,-3.301900
2024-03-14,4.0572050400,4.1467022100,4.0373167800,4.0671491700,64593096,265448012.6100,1.430800,-0.243900
2024-03-15,4.0870374300,4.1566463400,4.0074843900,4.0572050400,67637500,276306465.8000,1.498200,-0.244500
2024-03-18,4.0870374300,4.0870374300,3.9776520000,4.0373167800,58300650,235910465.0200,1.291400,-0.490200
2024-03-19,4.0174285200,4.0472609100,3.9776520000,3.9776520000,43316719,174742052.0700,0.959500,-1.477800
2024-03-20,3.9677078700,3.9975402600,3.9478196100,3.9975402600,35326638,141324553.3800,0.782500,0.500000
2024-03-21,3.9975402600,4.1069256900,3.9875961300,4.0472609100,75627717,308472420.8700,1.675200,1.243800
2024-03-22,4.0273726500,4.0273726500,3.8881548300,3.9279313500,76682621,304154120.8000,1.698600,-2.948400
2024-03-25,3.9080430900,4.0770933000,3.8782107000,3.9478196100,83681262,334469604.8100,1.853600,0.506300
2024-03-26,3.9279313500,4.0174285200,3.9179872200,4.0074843900,66510521,265587572.5500,1.473200,1.511300
2024-03-27,3.9776520000,3.9875961300,3.8284900500,3.8284900500,72348304,283574142.1400,1.602500,-4.466500
2024-03-28,3.8284900500,3.8682665700,3.8086017900,3.8284900500,55931944,215851106.4800,1.238900,0.000000
2024-03-29,3.7887135300,3.8086017900,3.7091604900,3.7489370100,67267472,253399269.9100,1.490000,-2.077900
2024-04-01,3.7389928800,3.8384341800,3.7389928800,3.8185459200,52137097,199151084.1900,1.154900,1.856800
2024-04-02,3.8086017900,3.8086017900,3.7091604900,3.7290487500,81827184,307970073.4600,1.812500,-2.343800
2024-04-03,3.7091604900,3.7389928800,3.6395515800,3.6395515800,70151390,259256512.0200,1.553900,-2.400000
2024-04-08,3.6196633200,3.6395515800,3.5401102800,3.5401102800,63580390,229036887.3800,1.408300,-2.732200
2024-04-09,3.5500544100,3.5997750600,3.5401102800,3.5898309300,36939528,132838152.8300,0.818200,1.404500
2024-04-10,3.5699426700,3.5798868000,3.4108365900,3.4406689800,73758403,258024941.1800,1.633800,-4.155100
2024-04-11,3.3909483300,3.4406689800,3.3511718100,3.4008924600,61133541,209152144.8100,1.354100,-1.156100
2024-04-12,3.3909483300,3.4108365900,3.2616746400,3.2716187700,85328445,284593371.5100,1.890100,-3.801200
2024-04-15,3.2517305100,3.3213394200,3.1721774700,3.2716187700,80061581,262536118.2900,1.773400,0.000000
2024-04-16,3.2517305100,3.2915070300,3.1522892100,3.1821216000,82009169,264560312.8400,1.816500,-2.735600
2024-04-17,3.1920657300,3.2815629000,3.1920657300,3.2716187700,59446475,194146602.4300,1.316800,2.812500
2024-04-18,3.2517305100,3.2915070300,3.2020098600,3.2318422500,50875891,166183985.5800,1.126900,-1.215800
2024-04-19,3.2119539900,3.2517305100,3.1721774700,3.1920657300,43441434,139743015.0200,0.962200,-1.230800
2024-04-22,3.1821216000,3.2318422500,3.1522892100,3.1821216000,43000043,137939518.3200,0.952500,-0.311500
2024-04-23,3.1920657300,3.2318422500,3.1622333400,3.1821216000,42522041,136802145.9800,0.941900,0.000000
2024-04-24,3.1920657300,3.2020098600,3.1423450800,3.1721774700,42738756,135757233.6400,0.946700,-0.312500
2024-04-25,3.1622333400,3.2417863800,3.1423450800,3.1821216000,45580700,146578088.0000,1.009600,0.313500
2024-04-26,3.1721774700,3.3909483300,3.1423450800,3.3710600700,133345563,442136392.5700,2.953700,5.937500
2024-04-29,3.3312835500,3.7091604900,3.3312835500,3.7091604900,108010943,386783488.3300,2.392500,10.029500
2024-04-30,3.7986576600,4.0770933000,3.7191046200,3.9577637400,366673229,1441669526.3200,8.122000,6.702400
2024-05-06,4.0969815600,4.1665904700,3.8980989600,3.9080430900,304273217,1234188730.5800,6.739800,-1.256300
2024-05-07,3.8782107000,3.9776520000,3.7588811400,3.8881548300,219171178,849863398.6200,4.854700,-0.508900
2024-05-08,3.8284900500,3.8583224400,3.6494957100,3.6693839700,151279877,566512654.7500,3.350900,-5.626600
2024-05-09,3.6992163600,3.9478196100,3.6395515800,3.7588811400,185548552,703332979.9900,4.110000,2.439000
2024-05-10,3.7787694000,4.0572050400,3.7389928800,3.9478196100,237276711,928423533.0200,5.255800,5.026500
2024-05-13,3.8881548300,3.9179872200,3.8086017900,3.8483783100,123516482,479819264.7200,2.735900,-2.518900
2024-05-14,3.8583224400,3.9677078700,3.8284900500,3.9080430900,118999053,466951892.8000,2.635900,1.550400
2024-05-15,3.8682665700,4.1268139500,3.8583224400,3.9677078700,202781467,813078973.2600,4.491700,1.526700
2024-05-16,3.9577637400,4.2461435100,3.9279313500,4.1268139500,264579132,1093401876.5500,5.860500,4.010000
2024-05-17,4.1765346000,4.5444674100,4.0770933000,4.5444674100,390090839,1674623572.3600,8.640700,10.120500
2024-05-20,4.5345232800,4.9820091300,4.4251378500,4.7831265300,498651682,2340935009.2600,11.045400,5.251600
2024-05-21,4.6637969700,5.0913945600,4.6140763200,5.0217856500,462668446,2270910483.8800,10.248300,4.989600
2024-05-22,5.0715063000,5.5289362800,4.9720650000,5.3399978100,613751258,3272152827.5200,13.594900,6.336600
2024-05-23,5.1510593400,5.3499419400,5.0615621700,5.2902771600,418958012,2200340997.6700,9.280100,-0.931100
2024-05-24,5.1510593400,5.1709476000,4.8229030500,4.8925119600,355912201,1773481376.8300,7.883600,-7.518800
2024-05-27,4.9124002200,4.9621208700,4.7632382700,4.9124002200,240095446,1170090708.5400,5.318200,0.406500
2024-05-28,4.9521767400,4.9521767400,4.4947467600,4.5544115400,345352371,1624548493.4200,7.649700,-7.287400
2024-05-29,4.5544115400,4.6737411000,4.4947467600,4.5345232800,250799667,1153106081.1800,5.555300,-0.436700
2024-05-30,4.4649143700,4.5345232800,4.2759759000,4.3256965500,258535292,1135233381.7200,5.726700,-4.605300
2024-05-31,4.3157524200,4.3654730700,4.1765346000,4.2063669900,269631466,1152535640.5600,5.972500,-2.758600
2024-06-03,4.1765346000,4.1864787300,4.0273726500,4.0671491700,217604575,895564235.5300,4.820000,-3.309700
2024-06-04,4.0671491700,4.4649143700,4.0074843900,4.3356406800,371172271,1586899208.9000,8.221600,6.601500
2024-06-05,4.3256965500,4.3455848100,4.0969815600,4.0969815600,207120702,872122293.4000,4.587800,-5.504600
2024-06-06,4.1069256900,4.1765346000,3.9577637400,4.0870374300,210788501,859115907.0800,4.669100,-0.242700
2024-06-07,4.0770933000,4.1864787300,4.0572050400,4.1268139500,171774700,712748681.8800,3.804900,0.973200
2024-06-11,4.0572050400,4.1765346000,3.9875961300,4.0572050400,157407642,644597260.3900,3.486600,-1.686700
2024-06-12,4.0373167800,4.0671491700,3.9776520000,4.0472609100,120548941,488251340.6700,2.670200,-0.245100
2024-06-13,4.0770933000,4.1168698200,3.8782107000,3.9577637400,179409113,712434433.6800,3.974000,-2.211300
2024-06-14,3.9179872200,4.1367580800,3.8980989600,4.0074843900,207188100,836422203.0000,4.589300,1.256300
2024-06-17,3.9378754800,4.0074843900,3.8086017900,3.8284900500,190620214,743725162.7200,4.222300,-4.466500
2024-06-18,3.8284900500,3.8583224400,3.7191046200,3.7489370100,139924815,531676978.0300,3.099400,-2.077900
2024-06-19,3.7489370100,3.7986576600,3.7091604900,3.7191046200,93948593,353493745.8900,2.081000,-0.795800
2024-06-20,3.7091604900,3.7191046200,3.5401102800,3.5599985400,145081178,526487259.4000,3.213600,-4.278100
2024-06-21,3.5900000000,3.6200000000,3.5100000000,3.5200000000,83556867,297507964.2200,1.850800,-1.123600
2024-06-24,3.4700000000,3.5000000000,3.3900000000,3.4100000000,102716226,352651876.3000,2.275200,-3.125000
2024-06-25,3.4000000000,3.5800000000,3.3700000000,3.4800000000,139081513,484527863.0300,3.080700,2.052800
2024-06-26,3.4600000000,3.4900000000,3.3600000000,3.4700000000,133808642,458029845.3000,2.963900,-0.287400
2024-06-27,3.4800000000,3.6300000000,3.4100000000,3.4700000000,220448144,770676238.4700,4.883000,0.000000
2024-06-28,3.4200000000,3.5500000000,3.3400000000,3.4000000000,166351666,574087758.9000,3.684800,-2.017300
2024-07-01,3.3700000000,3.6700000000,3.3700000000,3.6400000000,238439263,849233632.9200,5.281500,7.058800
2024-07-02,3.6000000000,3.6800000000,3.5300000000,3.5400000000,159342861,574405616.7700,3.529500,-2.747300
2024-07-03,3.5300000000,3.6600000000,3.4900000000,3.5700000000,135219603,485313133.1700,2.995200,0.847500
2024-07-04,3.5500000000,3.5600000000,3.3900000000,3.4000000000,125721124,433607714.5500,2.784800,-4.761900
2024-07-05,3.3900000000,3.4600000000,3.3400000000,3.4400000000,113982438,387200717.5000,2.524800,1.176500
2024-07-08,3.4000000000,3.4100000000,3.2500000000,3.2600000000,113797800,375465277.9000,2.520700,-5.232600
2024-07-09,3.2700000000,3.3100000000,3.1900000000,3.2900000000,91608306,298338204.6300,2.029200,0.920200
2024-07-10,3.1100000000,3.2100000000,3.0600000000,3.1700000000,158900680,499701397.3100,3.519700,-3.647400
2024-07-11,3.2100000000,3.2800000000,3.1600000000,3.2200000000,122574745,394485058.5500,2.715100,1.577300
2024-07-12,3.2300000000,3.4300000000,3.2200000000,3.3000000000,165830274,552132928.3100,3.673200,2.484500
2024-07-15,3.2600000000,3.2800000000,3.1900000000,3.2000000000,73086800,235509928.0000,1.618900,-3.030300
2024-07-16,3.2000000000,3.2700000000,3.1600000000,3.1900000000,79555160,255712620.2000,1.762200,-0.312500
2024-07-17,3.1900000000,3.3400000000,3.1800000000,3.2700000000,141422975,464320011.8300,3.132600,2.507800
2024-07-18,3.2900000000,3.2900000000,3.1800000000,3.2700000000,90481280,292872667.4000,2.004200,0.000000
2024-07-19,3.2400000000,3.2400000000,3.1500000000,3.2000000000,94652362,301715555.1800,2.096600,-2.140700
2024-07-22,3.2100000000,3.2500000000,3.1200000000,3.1500000000,107356801,339031814.1400,2.378000,-1.562500
2024-07-23,3.1500000000,3.1900000000,3.0700000000,3.0800000000,92612962,290434996.3400,2.051400,-2.222200
2024-07-24,3.0600000000,3.0900000000,2.9200000000,2.9200000000,154903100,461415244.0000,3.431200,-5.194800
2024-07-25,2.9100000000,2.9700000000,2.8900000000,2.9300000000,90683100,266764835.0000,2.008700,0.342500
2024-07-26,2.9300000000,3.0200000000,2.9300000000,2.9700000000,90053500,267725509.0000,1.994700,1.365200
2024-07-29,2.9700000000,2.9800000000,2.8900000000,2.9200000000,78955450,230348892.0000,1.748900,-1.683500
2024-07-30,2.9200000000,3.0100000000,2.9000000000,2.9800000000,103981976,307589744.1200,2.303200,2.054800
2024-07-31,2.9800000000,3.1700000000,2.9500000000,3.1600000000,157092273,484564808.3800,3.479700,6.040300
2024-08-01,3.1600000000,3.2100000000,3.0500000000,3.0600000000,127359881,394593196.2700,2.821100,-3.164600
2024-08-02,3.0300000000,3.1000000000,3.0200000000,3.0400000000,89555532,273877042.9600,1.983700,-0.653600
2024-08-05,3.0200000000,3.1900000000,3.0100000000,3.0200000000,155128432,482344106.1100,3.436200,-0.657900
2024-08-06,3.0700000000,3.1200000000,3.0400000000,3.1200000000,119995971,369563787.0100,2.658000,3.311300
2024-08-07,3.0900000000,3.0900000000,3.0300000000,3.0500000000,99603356,304087557.1400,2.206300,-2.243600
2024-08-08,3.0800000000,3.3600000000,3.0500000000,3.2200000000,287308589,923970717.0800,6.364000,5.573800
2024-08-09,3.1900000000,3.5400000000,3.1900000000,3.5000000000,418294013,1455575104.2900,9.265400,8.695700
2024-08-12,3.4600000000,3.4700000000,3.2600000000,3.3500000000,318077834,1069356313.2800,7.045600,-4.285700
2024-08-13,3.3300000000,3.3600000000,3.2400000000,3.3100000000,144864292,477554037.5700,3.208800,-1.194000
2024-08-14,3.2900000000,3.3300000000,3.2400000000,3.3000000000,105951600,347555494.0000,2.346900,-0.302100
2024-08-15,3.2700000000,3.6300000000,3.2400000000,3.6300000000,373389915,1309999327.5500,8.270700,10.000000
2024-08-16,3.5800000000,3.6700000000,3.4800000000,3.4900000000,287965352,1026962509.0400,6.378600,-3.856700
2024-08-19,3.4900000000,3.6900000000,3.4100000000,3.6000000000,221698210,791255093.6500,4.910700,3.151900
2024-08-20,3.6000000000,3.7000000000,3.4800000000,3.5000000000,179334675,644400639.7900,3.972300,-2.777800
2024-08-21,3.4900000000,3.5300000000,3.3400000000,3.4600000000,191135020,655482235.5000,4.233700,-1.142900
2024-08-22,3.4400000000,3.5600000000,3.4200000000,3.4400000000,140858152,490488316.9900,3.120100,-0.578000
2024-08-23,3.4600000000,3.4800000000,3.3200000000,3.3900000000,108928753,369418780.8000,2.412800,-1.453500
2024-08-26,3.3600000000,3.5700000000,3.3000000000,3.4700000000,152040936,528156566.2300,3.367800,2.359900
2024-08-27,3.4300000000,3.4500000000,3.2500000000,3.2500000000,123737711,412302289.8500,2.740800,-6.340100
2024-08-28,3.2400000000,3.2700000000,3.1100000000,3.1500000000,108434300,345768849.0000,2.401900,-3.076900
2024-08-29,3.1300000000,3.2500000000,3.1200000000,3.2000000000,81888300,260895177.0000,1.813900,1.587300
2024-08-30,3.1800000000,3.5200000000,3.1500000000,3.5200000000,219089807,756035792.4200,4.852900,10.000000
2024-09-02,3.4700000000,3.5900000000,3.4000000000,3.4800000000,216768805,756123752.7500,4.801500,-1.136400
2024-09-03,3.4600000000,3.8300000000,3.4400000000,3.7700000000,329837385,1221937480.0800,7.306000,8.333300
2024-09-04,3.7100000000,4.0500000000,3.6800000000,3.8100000000,325993972,1268692273.2600,7.220900,1.061000
2024-09-05,3.9900000000,4.0000000000,3.7100000000,3.8600000000,304330297,1166786882.6100,6.741000,1.312300
2024-09-06,3.7500000000,3.7900000000,3.6000000000,3.6200000000,240372623,882077529.1300,5.324400,-6.217600
2024-09-09,3.5600000000,3.7200000000,3.5000000000,3.6500000000,159587901,579592526.6400,3.534900,0.828700
2024-09-10,3.6400000000,3.6700000000,3.5300000000,3.6100000000,101075002,363383265.1500,2.238900,-1.095900
2024-09-11,3.5700000000,3.7100000000,3.5500000000,3.6500000000,117986423,430631480.9500,2.613500,1.108000
2024-09-12,3.6300000000,3.6900000000,3.5000000000,3.5100000000,158550034,565211024.0200,3.512000,-3.835600
2024-09-13,3.5200000000,3.6400000000,3.5100000000,3.5200000000,124837960,445702264.2000,2.765200,0.284900
2024-09-18,3.5300000000,3.8500000000,3.5200000000,3.7400000000,221363846,808075110.8400,4.903300,6.250000
2024-09-19,3.7300000000,4.1100000000,3.6900000000,4.0300000000,429900138,1717888470.2000,9.522500,7.754000
2024-09-20,3.8400000000,4.1500000000,3.7800000000,4.0800000000,375986930,1496717705.0400,8.328300,1.240700
2024-09-23,4.0000000000,4.1200000000,3.9800000000,4.0100000000,209871401,849946145.5200,4.648700,-1.715700
2024-09-24,4.2000000000,4.2400000000,3.8400000000,4.0600000000,346284169,1394684042.8400,7.670300,1.246900
2024-09-25,4.0100000000,4.4000000000,4.0100000000,4.1100000000,355177633,1501443278.5200,7.867300,1.231500
2024-09-26,4.0200000000,4.5200000000,4.0200000000,4.5200000000,395269292,1718628061.4000,8.755400,9.975700
2024-09-27,4.8000000000,4.9700000000,4.7800000000,4.9700000000,186909730,917088538.1000,4.140100,9.955800
2024-09-30,5.4700000000,5.4700000000,5.2800000000,5.4700000000,261167473,1423395554.8600,5.785000,10.060400
2024-10-08,6.0200000000,6.0200000000,5.2000000000,5.6800000000,783624704,4430346375.1700,17.357600,3.839100
2024-10-09,5.3000000000,5.3000000000,5.1100000000,5.1100000000,189351300,971880599.7300,4.194200,-10.035200
2024-10-10,4.8000000000,5.2100000000,4.6200000000,4.9100000000,365387768,1789310691.9100,8.093500,-3.913900
2024-10-11,4.8200000000,5.1900000000,4.7500000000,5.0700000000,286661280,1439718822.5100,6.349700,3.258700
2024-10-14,5.2700000000,5.4500000000,5.0600000000,5.3300000000,284331513,1499750749.5300,6.298100,5.128200
2024-10-15,5.3300000000,5.6500000000,5.2600000000,5.3700000000,294683162,1612334587.1300,6.527400,0.750500
2024-10-16,5.5800000000,5.9100000000,5.4600000000,5.9100000000,414592856,2387525413.5500,9.183400,10.055900
2024-10-17,5.9000000000,5.9000000000,5.3200000000,5.3200000000,355129952,1962702523.7800,7.866300,-9.983100
2024-10-18,5.1900000000,5.5900000000,5.0200000000,5.3600000000,294755475,1556064088.9300,6.529000,0.751900
2024-10-21,5.2900000000,5.6100000000,5.1700000000,5.4900000000,224120250,1209364085.1900,4.964400,2.425400
2024-10-22,5.4300000000,5.6600000000,5.3800000000,5.6000000000,197783100,1093450731.8600,4.381000,2.003600
2024-10-23,5.5500000000,5.8800000000,5.5300000000,5.6800000000,197814565,1122568275.7500,4.381700,1.428600
2024-10-24,5.6100000000,5.7000000000,5.4400000000,5.4800000000,125343105,694727645.6400,2.776400,-3.521100
2024-10-25,5.4800000000,5.6600000000,5.4000000000,5.4200000000,165856391,919292718.1300,3.673800,-1.094900
2024-10-28,5.4000000000,5.7300000000,5.4000000000,5.6500000000,204156679,1141150720.3700,4.522200,4.243500
2024-10-29,5.6000000000,5.8100000000,5.5000000000,5.5400000000,145457627,820294778.5300,3.222000,-1.946900
2024-10-30,5.5800000000,6.0900000000,5.5800000000,5.8300000000,298259179,1753932717.9900,6.606600,5.234700
2024-10-31,5.7000000000,6.4100000000,5.6700000000,6.1200000000,392395019,2436397746.4700,8.691700,4.974300
2024-11-01,6.0800000000,6.4900000000,5.9700000000,6.1300000000,305264284,1893075184.1900,6.761700,0.163400
2024-11-04,6.1100000000,6.1600000000,5.6900000000,5.9000000000,244159699,1428836857.2400,5.408200,-3.752000
2024-11-05,5.8400000000,6.3000000000,5.8400000000,6.1500000000,224316699,1366210140.0800,4.968700,4.237300
2024-11-06,6.1200000000,6.5000000000,5.8600000000,6.3000000000,273399056,1679038031.6100,6.055900,2.439000
2024-11-07,6.1500000000,6.7600000000,6.1200000000,6.5900000000,280900350,1837421067.4700,6.222100,4.603200
2024-11-08,6.6600000000,6.7400000000,6.1800000000,6.2100000000,247118209,1556039067.7000,5.473800,-5.766300
2024-11-11,6.0600000000,6.1200000000,5.8800000000,6.0600000000,174627118,1047062455.6100,3.868100,-2.415500
2024-11-12,6.0300000000,6.2200000000,5.9200000000,6.0100000000,127003861,771998288.9600,2.813200,-0.825100
2024-11-13,5.9800000000,6.0700000000,5.7200000000,5.8000000000,130143833,759176269.1700,2.882700,-3.494200
2024-11-14,5.9000000000,5.9400000000,5.4700000000,5.5300000000,185807228,1052167509.6900,4.115700,-4.655200
2024-11-15,5.5000000000,5.5400000000,5.2600000000,5.2700000000,164414018,883525671.6300,3.641800,-4.701600
2024-11-18,5.4000000000,5.5600000000,5.3200000000,5.3700000000,145312783,791193916.4700,3.218700,1.897500
2024-11-19,5.3500000000,5.3900000000,5.1600000000,5.3800000000,122832644,647469794.2200,2.720800,0.186200
2024-11-20,5.3200000000,5.4300000000,5.2900000000,5.3900000000,78002632,418083009.4400,1.727800,0.185900
2024-11-21,5.3500000000,5.4100000000,5.2700000000,5.3100000000,63575400,338663626.0000,1.408200,-1.484200
2024-11-22,5.3100000000,5.6200000000,5.2800000000,5.3100000000,131777513,711920775.4300,2.918900,0.000000
2024-11-25,5.3000000000,5.3200000000,5.1100000000,5.2400000000,105571486,549762008.5800,2.338500,-1.318300
2024-11-26,5.2000000000,5.4200000000,5.1700000000,5.3500000000,92829961,493465547.5700,2.056200,2.099200
2024-11-27,5.3100000000,5.6100000000,5.2100000000,5.5600000000,128109193,698778220.7500,2.837700,3.925200
2024-11-28,5.5300000000,5.6700000000,5.4800000000,5.5700000000,111191751,620410312.4100,2.462900,0.179900
2024-11-29,5.5200000000,5.9900000000,5.5200000000,5.8100000000,172650126,998539908.3700,3.824300,4.308800
2024-12-02,5.7900000000,5.9500000000,5.7300000000,5.8200000000,118035113,687352458.2200,2.614500,0.172100
2024-12-03,5.8000000000,5.9000000000,5.7100000000,5.7900000000,102330758,593395625.1200,2.266700,-0.515500
2024-12-04,5.8300000000,5.8300000000,5.5700000000,5.6000000000,78715461,447344565.7900,1.743600,-3.281500
2024-12-05,5.5700000000,5.6100000000,5.4500000000,5.6000000000,73928242,408456740.0800,1.637500,0.000000
2024-12-06,5.5800000000,5.7400000000,5.4600000000,5.6100000000,92080717,517471595.5000,2.039600,0.178600
2024-12-09,5.5400000000,5.6100000000,5.2900000000,5.3500000000,158513336,853791038.0400,3.511100,-4.634600
2024-12-10,5.7300000000,5.7500000000,5.3600000000,5.3700000000,249264005,1388338633.9700,5.521300,0.373800
2024-12-11,5.3300000000,5.5300000000,5.3000000000,5.4500000000,130257731,709676939.4800,2.885300,1.489800
2024-12-12,5.4300000000,5.5900000000,5.3500000000,5.5200000000,102630652,561836300.4400,2.273300,1.284400
2024-12-13,5.4000000000,5.4200000000,5.1600000000,5.1700000000,186585743,978423412.3200,4.133000,-6.340600
2024-12-16,5.1800000000,5.1900000000,4.9000000000,4.9400000000,150897943,755661718.4600,3.342500,-4.448700
2024-12-17,4.9400000000,5.0100000000,4.8500000000,4.8600000000,102497002,503292613.0800,2.270400,-1.619400
2024-12-18,4.9000000000,4.9200000000,4.7800000000,4.8100000000,90128836,435469468.2000,1.996400,-1.028800
2024-12-19,4.7100000000,4.7700000000,4.6400000000,4.6800000000,123722399,580169006.8800,2.740500,-2.702700
2024-12-20,4.6600000000,4.7000000000,4.6000000000,4.6400000000,70342681,326963131.1100,1.558100,-0.854700
2024-12-23,4.6500000000,4.6600000000,4.5500000000,4.5800000000,79962800,367579651.0000,1.771200,-1.293100
2024-12-24,4.5700000000,4.6700000000,4.5600000000,4.6200000000,86129234,398066434.7400,1.907800,0.873400
2024-12-25,4.6300000000,4.6400000000,4.4600000000,4.5900000000,82380383,374860831.4100,1.824800,-0.649400
2024-12-26,4.5600000000,4.6100000000,4.5100000000,4.5500000000,59184000,269164091.0000,1.311000,-0.871500
2024-12-27,4.5500000000,4.6600000000,4.5200000000,4.6200000000,95002540,437778775.8000,2.104300,1.538500
2024-12-30,4.5900000000,4.6000000000,4.4700000000,4.5400000000,94614748,426775961.0000,2.095800,-1.731600
2024-12-31,4.5500000000,4.6000000000,4.3800000000,4.3800000000,99431627,446825945.9600,2.202500,-3.524200
2025-01-02,4.3900000000,4.6200000000,4.3300000000,4.3700000000,135745100,607969901.0000,3.006800,-0.228300
2025-01-03,4.3800000000,4.4900000000,4.2900000000,4.3100000000,98192635,431050954.4200,2.175000,-1.373000
2025-01-06,4.3200000000,4.3500000000,4.2000000000,4.2800000000,88975315,379034203.8600,1.970800,-0.696100
2025-01-07,4.2800000000,4.4300000000,4.2400000000,4.4200000000,93683309,407960688.6100,2.075100,3.271000
2025-01-08,4.3900000000,4.4300000000,4.2400000000,4.3900000000,78239765,339095666.2000,1.733000,-0.678700
2025-01-09,4.3500000000,4.4600000000,4.3300000000,4.4100000000,53799188,237307479.5800,1.191700,0.455600
2025-01-10,4.4200000000,4.4500000000,4.2400000000,4.2400000000,64819846,279802579.8800,1.435800,-3.854900
2025-01-13,4.2100000000,4.4000000000,4.1700000000,4.3400000000,81403731,352673586.7200,1.803100,2.358500
2025-01-14,4.3300000000,4.5000000000,4.3200000000,4.4600000000,80290007,356376723.3000,1.778500,2.765000
2025-01-15,4.4500000000,4.6000000000,4.3400000000,4.5100000000,86745828,389171053.3300,1.921500,1.121100
2025-01-16,4.5000000000,4.6000000000,4.4300000000,4.4900000000,66227961,298824355.9800,1.467000,-0.443500
2025-01-17,4.5200000000,4.8100000000,4.5000000000,4.7000000000,213785094,999045295.9400,4.735400,4.677100
2025-01-20,4.6200000000,4.7500000000,4.4600000000,4.6200000000,161805979,744599323.2700,3.584100,-1.702100
2025-01-21,4.6000000000,4.9500000000,4.5800000000,4.8500000000,203729653,982399261.3900,4.512700,4.978400
2025-01-22,4.7700000000,4.8100000000,4.6100000000,4.6500000000,105158603,494730266.0800,2.329300,-4.123700
2025-01-23,4.6700000000,4.9200000000,4.6700000000,4.7000000000,139517668,668630585.3700,3.090400,1.075300
2025-01-24,4.6800000000,4.7000000000,4.5500000000,4.5800000000,75348415,347461666.2400,1.669000,-2.553200
2025-01-27,4.6300000000,4.8100000000,4.5800000000,4.5800000000,80628853,378725196.8300,1.786000,0.000000
2025-02-05,4.5700000000,4.6000000000,4.4300000000,4.5800000000,76143084,344541113.4400,1.686600,0.000000
2025-02-06,4.5700000000,4.7000000000,4.5100000000,4.5600000000,99772205,457335046.3400,2.210000,-0.436700
2025-02-07,4.5400000000,4.8100000000,4.5300000000,4.7100000000,130634588,615110399.4000,2.893600,3.289500
2025-02-10,4.7000000000,4.8000000000,4.6800000000,4.7300000000,81548186,385891583.3200,1.806300,0.424600
2025-02-11,4.7600000000,4.7800000000,4.5800000000,4.5900000000,73148063,338262331.1600,1.620300,-2.959800
2025-02-12,4.6000000000,4.8000000000,4.5000000000,4.8000000000,151255450,704093475.0000,3.350400,4.575200
2025-02-13,4.6900000000,5.0700000000,4.6700000000,4.9600000000,238388283,1165353407.4900,5.280400,3.333300
2025-02-14,4.9200000000,4.9800000000,4.7800000000,4.8400000000,104613363,507943622.0500,2.317200,-2.419400
2025-02-17,4.8500000000,4.9300000000,4.7700000000,4.7900000000,90223423,435872321.5200,1.998500,-1.033100
2025-02-18,4.7900000000,4.8000000000,4.6200000000,4.6700000000,77057510,363195289.4000,1.706900,-2.505200
2025-02-19,4.6700000000,4.7700000000,4.6400000000,4.7400000000,61024799,286975161.0600,1.351700,1.498900
2025-02-20,4.7100000000,4.7200000000,4.6100000000,4.6200000000,68548196,319057308.0000,1.518400,-2.531600
2025-02-21,4.6300000000,4.6900000000,4.5000000000,4.5600000000,132253444,607350545.5300,2.929500,-1.298700
2025-02-24,4.5300000000,4.7500000000,4.5300000000,4.6600000000,129733940,605292462.1700,2.873700,2.193000
2025-02-25,4.6200000000,4.7200000000,4.5500000000,4.5600000000,90364456,418531729.3200,2.001600,-2.145900
2025-02-26,4.5900000000,4.7800000000,4.5800000000,4.7800000000,132111774,623973148.2000,2.926300,4.824600
2025-02-27,4.7500000000,4.9900000000,4.7500000000,4.8500000000,134288531,656843439.1900,2.974500,1.464400
2025-02-28,4.8700000000,4.9600000000,4.7600000000,4.7700000000,126281780,611578329.8000,2.797200,-1.649500
2025-03-03,4.8200000000,5.0800000000,4.8200000000,4.9100000000,161508340,798121854.8900,3.577500,2.935000
2025-03-04,4.8800000000,4.9500000000,4.8400000000,4.9400000000,75101022,368056071.7200,1.663500,0.611000
2025-03-05,4.9400000000,4.9500000000,4.6500000000,4.7200000000,149564723,708134301.3000,3.312900,-4.453400
2025-03-06,4.7200000000,4.8700000000,4.6900000000,4.8300000000,118093624,564439516.4900,2.615800,2.330500
2025-03-07,4.7700000000,4.8600000000,4.6600000000,4.8300000000,119755163,569909216.4300,2.652600,0.000000
2025-03-10,4.8200000000,4.8400000000,4.7000000000,4.7300000000,68764788,326784236.4000,1.523200,-2.070400
2025-03-11,4.6500000000,4.7300000000,4.6100000000,4.7100000000,56219915,262197588.3900,1.245300,-0.422800
2025-03-12,4.7100000000,4.7400000000,4.6400000000,4.6800000000,58470508,274230698.1700,1.295100,-0.636900
2025-03-13,4.6800000000,4.6900000000,4.5900000000,4.6200000000,49111501,227469541.6600,1.087800,-1.282100
2025-03-14,4.6400000000,4.8600000000,4.6300000000,4.8100000000,115480063,551667871.9800,2.557900,4.112600
2025-03-17,4.8300000000,4.9100000000,4.8200000000,4.8600000000,60554942,294735489.6900,1.341300,1.039500
2025-03-18,4.8600000000,4.8900000000,4.8000000000,4.8200000000,42459606,205083894.1300,0.940500,-0.823000
2025-03-19,4.8200000000,4.8800000000,4.7800000000,4.8000000000,38542889,185937312.7500,0.853700,-0.414900
2025-03-20,4.8000000000,4.8700000000,4.7600000000,4.7700000000,32969771,158496786.0700,0.730300,-0.625000
2025-03-21,4.7600000000,4.7700000000,4.6600000000,4.6800000000,46496274,218642269.0100,1.029900,-1.886800
2025-03-24,4.6700000000,4.7300000000,4.4900000000,4.5400000000,86530237,394873906.8700,1.916700,-2.991500
2025-03-25,4.5400000000,4.5900000000,4.5200000000,4.5600000000,46943482,213686343.5500,1.039800,0.440500
2025-03-26,4.5600000000,4.7600000000,4.5400000000,4.6500000000,96319712,450406785.2400,2.133500,1.973700
2025-03-27,4.6500000000,4.6800000000,4.6000000000,4.6200000000,35688306,165183267.7200,0.790500,-0.645200
2025-03-28,4.6400000000,4.6900000000,4.5900000000,4.6500000000,41207502,191380860.2000,0.912800,0.649400
2025-03-31,4.6200000000,4.6300000000,4.4900000000,4.5200000000,50804943,230479642.5000,1.125400,-2.795700
2025-04-01,4.5300000000,4.5700000000,4.4100000000,4.4800000000,70205502,314976800.0600,1.555100,-0.885000
2025-04-02,4.4600000000,4.5600000000,4.3800000000,4.5300000000,90585698,403574731.0600,2.006500,1.116100
2025-04-03,4.4800000000,4.8600000000,4.4500000000,4.6700000000,143171882,676423515.4100,3.171300,3.090500
2025-04-07,4.5200000000,4.6100000000,4.2000000000,4.2600000000,150697611,655845164.6500,3.338000,-8.779400
2025-04-08,4.2600000000,4.5700000000,4.2500000000,4.5100000000,115341955,512799157.5500,2.554900,5.868500
2025-04-09,4.4200000000,4.8700000000,4.3800000000,4.8000000000,171429199,801110588.1900,3.797200,6.430200
2025-04-10,4.7100000000,4.9600000000,4.6000000000,4.9100000000,158602562,764160153.6800,3.513100,2.291700
2025-04-11,4.8500000000,4.8700000000,4.7100000000,4.7700000000,96609477,461592102.8100,2.139900,-2.851300
2025-04-14,4.7400000000,4.8100000000,4.6900000000,4.7300000000,74927602,354751476.4200,1.659700,-0.838600
2025-04-15,4.7400000000,4.7700000000,4.6700000000,4.7300000000,53385461,251609882.4800,1.182500,0.000000
2025-04-16,4.7300000000,4.8900000000,4.7200000000,4.8500000000,109168496,526286344.8200,2.418100,2.537000
2025-04-17,4.8300000000,5.2600000000,4.8000000000,5.0100000000,225759291,1153784938.2100,5.000700,3.299000
2025-04-18,5.0200000000,5.0900000000,4.8600000000,5.0100000000,163163486,811811650.0300,3.614100,0.000000
2025-04-21,4.9200000000,5.0100000000,4.8600000000,4.9700000000,102261001,507008211.5100,2.265100,-0.798400
2025-04-22,4.9500000000,5.1100000000,4.9400000000,5.0600000000,89606722,450866444.6800,1.984800,1.810900
2025-04-23,5.0200000000,5.0500000000,4.8700000000,4.9200000000,120512070,595906625.6300,2.669400,-2.766800
2025-04-24,4.9100000000,5.0600000000,4.8900000000,4.9800000000,94436939,469634922.5700,2.091800,1.219500
2025-04-25,4.9900000000,5.2100000000,4.7300000000,4.7600000000,274818445,1361201658.6400,6.087300,-4.417700
2025-04-28,4.6500000000,4.6600000000,4.2800000000,4.3300000000,272919437,1204883242.3200,6.045300,-9.033600
2025-04-29,4.3000000000,4.3400000000,4.2200000000,4.3000000000,161238934,687530623.9100,3.571500,-0.692800
2025-04-30,4.2600000000,4.3700000000,4.2600000000,4.2800000000,98469910,424853952.7800,2.181200,-0.465100
2025-05-06,4.3000000000,4.3200000000,4.2400000000,4.2800000000,133316500,570003505.0000,2.953000,0.000000
2025-05-07,4.3800000000,4.5300000000,4.3300000000,4.3500000000,167878715,740278491.1600,3.718600,1.635500
2025-05-08,4.3300000000,4.3400000000,4.2800000000,4.3100000000,109477434,471469254.8800,2.425000,-0.919500
2025-05-09,4.2900000000,4.2900000000,4.1400000000,4.1600000000,134159700,564070426.0000,2.971700,-3.480300
2025-05-12,4.1800000000,4.2000000000,4.1600000000,4.1900000000,58557656,244629677.6300,1.297100,0.721200
2025-05-13,4.2100000000,4.2100000000,4.1400000000,4.1600000000,80161998,334346270.0400,1.775600,-0.716000
2025-05-14,4.1500000000,4.2000000000,4.0800000000,4.1800000000,87989862,363945448.5400,1.949000,0.480800
2025-05-15,4.1600000000,4.1800000000,4.1000000000,4.1000000000,56453008,233355321.8000,1.250500,-1.913900
2025-05-16,4.1100000000,4.1500000000,4.0900000000,4.1100000000,50183192,206342092.2800,1.111600,0.243900
2025-05-19,4.1000000000,4.1900000000,4.1000000000,4.1500000000,68307059,283523865.0500,1.513000,0.973200
2025-05-20,4.1400000000,4.1600000000,4.1100000000,4.1200000000,50969828,210062522.0800,1.129000,-0.722900
2025-05-21,4.1200000000,4.1300000000,4.0500000000,4.0600000000,79805289,325136918.3400,1.767700,-1.456300
2025-05-22,4.0600000000,4.0600000000,3.9500000000,3.9600000000,72629915,290724695.0100,1.608800,-2.463100
2025-05-23,3.9600000000,3.9800000000,3.8700000000,3.8700000000,84756437,332287160.5800,1.877400,-2.272700
2025-05-26,3.8500000000,3.9100000000,3.8400000000,3.9000000000,54359980,210754835.9000,1.204100,0.775200
2025-05-27,3.8900000000,3.9300000000,3.8900000000,3.9200000000,39545769,154860221.4100,0.876000,0.512800
2025-05-28,3.9200000000,3.9300000000,3.8600000000,3.8800000000,41672300,162123383.9900,0.923100,-1.020400
2025-05-29,3.8700000000,3.9400000000,3.8600000000,3.9200000000,48348108,189204620.2000,1.070900,1.030900
2025-05-30,3.9100000000,3.9200000000,3.8500000000,3.8500000000,58430700,226525244.0000,1.294300,-1.785700
2025-06-03,3.8100000000,3.8400000000,3.7000000000,3.7100000000,132172313,497819440.7500,2.927700,-3.636400
2025-06-04,3.7200000000,3.7700000000,3.7000000000,3.7600000000,88079652,329118729.9300,1.951000,1.347700
2025-06-05,3.7400000000,3.8300000000,3.7400000000,3.7700000000,69313601,261533706.7600,1.535300,0.266000
2025-06-06,3.7600000000,3.7900000000,3.7000000000,3.7200000000,70983833,264872072.7600,1.572300,-1.326300
2025-06-09,3.7200000000,3.7600000000,3.7000000000,3.7300000000,87471050,326108482.6400,1.937500,0.268800
2025-06-10,3.7200000000,3.8200000000,3.7100000000,3.7500000000,99706431,375212175.9400,2.208500,0.536200
2025-06-11,3.7400000000,3.8400000000,3.7300000000,3.8000000000,104614200,397188688.0000,2.317300,1.333300
2025-06-12,3.7800000000,3.7900000000,3.7200000000,3.7400000000,71676100,268500371.0000,1.587700,-1.578900
2025-06-13,3.7300000000,3.7400000000,3.6300000000,3.6300000000,86020400,315381768.0000,1.905400,-2.941200
2025-06-16,3.6500000000,3.7900000000,3.6500000000,3.7600000000,122142968,456125439.0000,2.705500,3.581300
2025-06-17,3.7600000000,3.7700000000,3.7100000000,3.7400000000,61430100,229934362.0000,1.360700,-0.531900
2025-06-18,3.7200000000,3.7400000000,3.6300000000,3.7100000000,78145493,287588302.1000,1.731000,-0.802100
2025-06-19,3.6800000000,3.7000000000,3.5800000000,3.6000000000,82808656,299870997.2000,1.834200,-2.965000
2025-06-20,3.6000000000,3.6400000000,3.5800000000,3.6000000000,44802301,161666759.5900,0.992400,0.000000
2025-06-23,3.5800000000,3.6400000000,3.5200000000,3.6400000000,68152600,245423666.0000,1.509600,1.111100
2025-06-24,3.6300000000,3.7100000000,3.6200000000,3.6900000000,73066115,268699046.2300,1.618400,1.373600
2025-06-25,3.6800000000,3.7600000000,3.6500000000,3.7400000000,104550300,387357470.0000,2.315800,1.355000
2025-06-26,3.7400000000,3.8100000000,3.7200000000,3.7300000000,72456700,271982544.0000,1.604900,-0.267400
2025-06-27,3.7300000000,3.7900000000,3.7200000000,3.7400000000,71465901,267941386.7300,1.583000,0.268100
2025-06-30,3.7400000000,3.8100000000,3.7300000000,3.7900000000,75960803,287247706.3500,1.682600,1.336900
2025-07-01,3.7900000000,3.8000000000,3.7000000000,3.7300000000,69967010,261068805.1000,1.549800,-1.583100
2025-07-02,3.7300000000,3.8000000000,3.7100000000,3.7900000000,89152801,334661114.6100,1.974800,1.608600
2025-07-03,3.7700000000,3.8300000000,3.7500000000,3.7600000000,70420866,266672713.1200,1.559900,-0.791600
2025-07-04,3.7600000000,3.7700000000,3.6900000000,3.7000000000,85667245,319570178.2000,1.897600,-1.595700
2025-07-07,3.7000000000,3.9500000000,3.6900000000,3.8800000000,251297401,969487283.5300,5.566300,4.864900
2025-07-08,3.8700000000,3.9200000000,3.8400000000,3.9000000000,122531711,475057605.1000,2.714100,0.515500
2025-07-09,3.9000000000,3.9900000000,3.8900000000,3.9400000000,139664741,549739762.9100,3.093600,1.025600
2025-07-10,3.9300000000,4.1600000000,3.9200000000,4.1200000000,242510328,985505540.0800,5.371700,4.568500
2025-07-11,4.0900000000,4.1400000000,4.0400000000,4.0900000000,145055769,591396200.8300,3.213000,-0.728200
2025-07-14,4.0500000000,4.0700000000,3.9300000000,3.9500000000,158692370,631184690.1000,3.515100,-3.423000
2025-07-15,3.9000000000,3.9200000000,3.8000000000,3.8700000000,158801342,612120645.2700,3.517500,-2.025300
2025-07-16,3.8500000000,3.8900000000,3.8000000000,3.8300000000,107866321,413709583.4600,2.389300,-1.033600
2025-07-17,3.8200000000,3.8400000000,3.7600000000,3.8200000000,104797080,398144444.4000,2.321300,-0.261100
2025-07-18,3.8300000000,3.8500000000,3.8000000000,3.8200000000,89788232,343168800.5400,1.988800,0.000000
2025-07-21,3.8200000000,3.8500000000,3.8000000000,3.8300000000,107802064,413112160.7200,2.387900,0.261800
2025-07-22,3.8400000000,3.9200000000,3.7700000000,3.9200000000,171765826,662534583.9200,3.804700,2.349900
2025-07-23,3.9100000000,4.0700000000,3.9000000000,3.9700000000,224604310,894291855.5000,4.975100,1.275500
2025-07-24,3.9500000000,4.0800000000,3.9000000000,4.0600000000,172629326,694624269.7200,3.823800,2.267000
2025-07-25,4.0400000000,4.1100000000,4.0000000000,4.0700000000,149930852,609087047.5600,3.321000,0.246300
2025-07-28,4.0600000000,4.0900000000,3.9700000000,4.0500000000,124801789,502866232.2800,2.764400,-0.491400
2025-07-29,4.0400000000,4.0700000000,3.9900000000,4.0700000000,113777775,458773581.6500,2.520200,0.493800
2025-07-30,4.0500000000,4.1000000000,3.9500000000,3.9600000000,142475541,573199611.1500,3.155900,-2.702700
2025-07-31,3.9300000000,3.9400000000,3.7500000000,3.7600000000,181297609,692047567.1200,4.015800,-5.050500
2025-08-01,3.7600000000,3.7800000000,3.7300000000,3.7400000000,64518009,242000250.7500,1.429100,-0.531900
2025-08-04,3.7300000000,3.7400000000,3.6900000000,3.7400000000,61946002,230028889.6400,1.372100,0.000000
2025-08-05,3.7300000000,3.7700000000,3.7300000000,3.7500000000,78601293,294774447.9200,1.741100,0.267400
2025-08-06,3.7400000000,3.7600000000,3.7000000000,3.7200000000,97007507,361832287.1100,2.148800,-0.800000
2025-08-07,3.7200000000,3.8200000000,3.6800000000,3.8100000000,135831057,510604685.1100,3.008700,2.419400
2025-08-08,3.8000000000,3.8700000000,3.7500000000,3.8500000000,138389828,527681342.8600,3.065400,1.049900
2025-08-11,3.8700000000,3.9700000000,3.8500000000,3.9400000000,145616487,571524297.7500,3.225500,2.337700
2025-08-12,3.9300000000,4.0100000000,3.9100000000,3.9400000000,84545376,333908365.8000,1.872700,0.000000
2025-08-13,3.9500000000,3.9800000000,3.9100000000,3.9300000000,63911804,251576693.7600,1.415700,-0.253800
2025-08-14,3.9400000000,4.0000000000,3.8600000000,3.8600000000,93001989,366220620.7000,2.060000,-1.781200
2025-08-15,3.8600000000,4.0900000000,3.8600000000,4.0100000000,187034694,752690320.3100,4.142900,3.886000
2025-08-18,4.0000000000,4.0200000000,3.9200000000,3.9400000000,130572820,516055211.9900,2.892200,-1.745600
2025-08-19,3.9600000000,4.0400000000,3.9600000000,3.9700000000,120682269,482354862.2500,2.673200,0.761400
2025-08-20,3.9600000000,3.9900000000,3.9300000000,3.9800000000,74134280,293001147.3500,1.642100,0.251900
2025-08-21,3.9600000000,4.0000000000,3.9400000000,3.9700000000,70489121,279734006.7900,1.561400,-0.251300
2025-08-22,3.9600000000,3.9900000000,3.9200000000,3.9800000000,85272392,336734567.1600,1.888800,0.251900
2025-08-25,4.0100000000,4.3800000000,4.0000000000,4.2400000000,452664374,1930144520.7500,10.026700,6.532700
2025-08-26,4.1900000000,4.2200000000,4.1400000000,4.2000000000,198033059,827207331.9400,4.386500,-0.943400
2025-08-27,4.1700000000,4.2100000000,4.0200000000,4.0200000000,156937233,643998420.6500,3.476200,-4.285700
2025-08-28,4.0300000000,4.1200000000,3.9800000000,4.0800000000,160532840,652593807.9100,3.555900,1.492500
2025-08-29,4.1300000000,4.1600000000,4.0500000000,4.0800000000,216539970,888515214.8300,4.796500,0.000000
2025-09-01,4.0600000000,4.1500000000,3.9800000000,4.0700000000,120875333,492027815.6100,2.677400,-0.245100
2025-09-02,4.0600000000,4.1100000000,3.9800000000,4.0200000000,99724018,403558372.4600,2.208900,-1.228500
2025-09-03,4.0400000000,4.0500000000,3.8900000000,3.9000000000,129966119,512083658.3100,2.878800,-2.985100
2025-09-04,3.9000000000,3.9300000000,3.8200000000,3.8700000000,80758733,313795824.1200,1.788800,-0.769200
2025-09-05,3.8800000000,3.9100000000,3.8400000000,3.9000000000,82163752,318763427.4000,1.820000,0.775200
2025-09-08,3.9600000000,4.0700000000,3.9300000000,4.0700000000,157099707,626192500.1600,3.479800,4.359000
2025-09-09,4.0300000000,4.2300000000,4.0000000000,4.1700000000,193679705,803577520.7100,4.290100,2.457000
2025-09-10,4.1300000000,4.1700000000,4.0900000000,4.1400000000,89183150,367794934.9200,1.975400,-0.719400
2025-09-11,4.1200000000,4.1400000000,4.0600000000,4.1200000000,79975294,327561960.2800,1.771500,-0.483100
2025-09-12,4.1500000000,4.2700000000,4.1200000000,4.2200000000,178556765,748923424.2600,3.955100,2.427200
2025-09-15,4.1900000000,4.2900000000,4.1300000000,4.2700000000,124466153,523880601.5700,2.757000,1.184800
2025-09-16,4.2500000000,4.3700000000,4.2400000000,4.3600000000,171410582,740278706.9900,3.796800,2.107700
2025-09-17,4.3300000000,4.3500000000,4.2500000000,4.3300000000,86245162,371486732.1900,1.910400,-0.688100
2025-09-18,4.3100000000,4.3200000000,4.0900000000,4.1200000000,140962924,591111680.7200,3.122400,-4.849900
2025-09-19,4.1200000000,4.2300000000,4.0300000000,4.2000000000,135454736,558407414.4100,3.000400,1.941700
2025-09-22,4.1600000000,4.2100000000,4.0700000000,4.1600000000,97526131,405321186.2000,2.160200,-0.952400
2025-09-23,4.1100000000,4.1600000000,3.9200000000,3.9700000000,134322978,535592674.4800,2.975300,-4.567300
2025-09-24,3.9600000000,4.1700000000,3.9400000000,4.1000000000,136013908,556951587.4200,3.012800,3.274600
2025-09-25,4.1000000000,4.1200000000,4.0300000000,4.0700000000,80013739,325594044.3200,1.772300,-0.731700
2025-09-26,4.0500000000,4.1800000000,4.0200000000,4.0400000000,144564365,590781975.8500,3.202200,-0.737100
2025-09-29,4.0300000000,4.1100000000,3.9700000000,4.1000000000,90625740,366203120.9000,2.007400,1.485100
2025-09-30,4.0900000000,4.3700000000,4.0600000000,4.3400000000,235410531,998939916.6800,5.214400,5.853700
2025-10-09,4.3700000000,4.3700000000,4.1600000000,4.3000000000,155642268,661827507.8700,3.447500,-0.921700
2025-10-10,4.2600000000,4.5600000000,4.2500000000,4.3800000000,130862317,579046390.6500,2.898700,1.860500
2025-10-13,4.2700000000,4.3600000000,4.2400000000,4.3000000000,121219143,520700261.3800,2.685100,-1.826500
2025-10-14,4.2900000000,4.4200000000,4.2800000000,4.2900000000,98162161,425775742.4300,2.174300,-0.232600
2025-10-15,4.2900000000,4.3400000000,4.1900000000,4.2500000000,92571861,392788736.3500,2.050500,-0.932400
2025-10-16,4.2300000000,4.2900000000,4.1400000000,4.1800000000,85029587,356870625.3900,1.883400,-1.647100
2025-10-17,4.1800000000,4.2700000000,4.0900000000,4.1000000000,75040800,312631570.0000,1.662200,-1.913900
2025-10-20,4.1200000000,4.1400000000,4.0600000000,4.1000000000,63056968,258229054.4200,1.396700,0.000000
2025-10-21,4.1000000000,4.1800000000,4.0800000000,4.1600000000,67565551,279708144.2200,1.496600,1.463400
2025-10-22,4.1500000000,4.3000000000,4.1300000000,4.1900000000,98839002,416927141.4500,2.189300,0.721200
2025-10-23,4.1900000000,4.2100000000,4.0200000000,4.0800000000,112797443,459660088.8500,2.498500,-2.625300
2025-10-24,4.0700000000,4.1100000000,4.0200000000,4.0300000000,70097261,283924657.0800,1.552700,-1.225500
2025-10-27,4.0400000000,4.0500000000,3.9600000000,3.9800000000,105264884,420230070.7300,2.331700,-1.240700
2025-10-28,3.9800000000,4.0000000000,3.9400000000,3.9600000000,57360152,227526899.6200,1.270600,-0.502500
2025-10-29,3.9500000000,4.0200000000,3.9200000000,3.9900000000,75568372,300644011.5400,1.673900,0.757600
2025-10-30,4.0000000000,4.0000000000,3.9000000000,3.9000000000,73534723,289648689.7000,1.628800,-2.255600
2025-10-31,3.9300000000,3.9500000000,3.9000000000,3.9100000000,59489590,233208538.9000,1.317700,0.256400
2025-11-03,3.9200000000,3.9400000000,3.9000000000,3.9200000000,37224124,145832013.9700,0.824500,0.255800
2025-11-04,3.9200000000,3.9400000000,3.8900000000,3.9100000000,46166998,180390978.0200,1.022600,-0.255100
2025-11-05,3.8900000000,3.9200000000,3.8800000000,3.9100000000,35948268,140358276.2700,0.796300,0.000000
2025-11-06,3.9000000000,3.9200000000,3.8600000000,3.8700000000,62515335,243254330.8800,1.384700,-1.023000
2025-11-07,3.8700000000,3.8900000000,3.8500000000,3.8600000000,48982720,189584907.0000,1.085000,-0.258400
2025-11-10,3.8700000000,3.9600000000,3.8500000000,3.9500000000,91806395,359898081.0200,2.033600,2.331600
2025-11-11,3.9500000000,3.9900000000,3.9200000000,3.9700000000,58469468,231529365.2400,1.295100,0.506300
2025-11-12,3.9700000000,3.9700000000,3.9200000000,3.9500000000,42909688,169364624.0700,0.950500,-0.503800
2025-11-13,3.9300000000,3.9900000000,3.9100000000,3.9800000000,65327560,258107182.0100,1.447000,0.759500
2025-11-14,3.9600000000,4.0200000000,3.9500000000,3.9700000000,71882422,287299297.4300,1.592200,-0.251300
2025-11-17,3.9600000000,3.9900000000,3.9500000000,3.9800000000,57164382,227139317.7800,1.266200,0.251900
2025-11-18,3.9600000000,3.9800000000,3.7800000000,3.8000000000,125555953,481816701.1500,2.781100,-4.522600
2025-11-19,3.7900000000,3.8000000000,3.6700000000,3.7100000000,82006903,304494118.2700,1.816500,-2.368400
2025-11-20,3.7200000000,3.8900000000,3.6700000000,3.8000000000,114419600,435028701.1300,2.534400,2.425900
2025-11-21,3.7300000000,3.8400000000,3.6800000000,3.6900000000,85444027,320582280.5800,1.892600,-2.894700
2025-11-24,3.7000000000,3.7800000000,3.6700000000,3.6800000000,82670401,307323614.7200,1.831200,-0.271000
2025-11-25,3.6800000000,3.7500000000,3.6600000000,3.6900000000,88879606,328935792.0800,1.968700,0.271700
2025-11-26,3.6800000000,3.7100000000,3.5400000000,3.5600000000,132536045,479230309.2000,2.935700,-3.523000
2025-11-27,3.5100000000,3.5600000000,3.4000000000,3.5000000000,194144667,677867576.8200,4.300400,-1.685400
2025-11-28,3.4700000000,3.5000000000,3.3900000000,3.4600000000,122328584,420142935.4800,2.709600,-1.142900
2025-12-01,3.4400000000,3.4600000000,3.3200000000,3.3500000000,178014015,601634934.3500,3.943100,-3.179200
2025-12-02,3.3300000000,3.3700000000,3.3200000000,3.3300000000,107647664,359821976.7600,2.384400,-0.597000
2025-12-03,3.3400000000,3.3400000000,3.2200000000,3.2300000000,117515656,384531350.4500,2.603000,-3.003000
2025-12-04,3.2100000000,3.3000000000,3.2100000000,3.2600000000,96628106,315096682.0600,2.140400,0.928800
2025-12-05,3.2500000000,3.3000000000,3.1700000000,3.2900000000,141119124,455299121.6200,3.125900,0.920200
2025-12-08,3.2600000000,3.3100000000,3.2200000000,3.2400000000,103878619,339222948.2200,2.301000,-1.519800
2025-12-09,3.2200000000,3.2300000000,3.1400000000,3.1400000000,109069588,345839386.4500,2.415900,-3.086400
2025-12-10,3.1300000000,3.3900000000,3.1200000000,3.3200000000,237101120,773937121.9700,5.251900,5.732500
2025-12-11,3.2600000000,3.2700000000,3.1700000000,3.1700000000,145682349,467358656.5900,3.226900,-4.518100
2025-12-12,3.2200000000,3.2500000000,3.1500000000,3.1600000000,92507731,295447343.5100,2.049100,-0.315500
2025-12-15,3.0900000000,3.1500000000,3.0700000000,3.1000000000,80543141,251045714.7700,1.784100,-1.898700
2025-12-16,3.1100000000,3.1800000000,3.1000000000,3.1500000000,95280338,299086170.8800,2.110500,1.612900
2025-12-17,3.1300000000,3.1500000000,3.0800000000,3.1400000000,70852080,220912279.6300,1.569400,-0.317500
2025-12-18,3.1200000000,3.1500000000,3.1100000000,3.1200000000,57709500,180481039.0000,1.278300,-0.636900
2025-12-19,3.1100000000,3.1900000000,3.1000000000,3.1700000000,97924610,309260400.9600,2.169100,1.602600
2025-12-22,3.1500000000,3.2000000000,3.1300000000,3.1600000000,71737955,227472098.2900,1.589000,-0.315500
2025-12-23,3.1500000000,3.1600000000,3.0800000000,3.0900000000,88133634,274469234.7600,1.952200,-2.215200
2025-12-24,3.0800000000,3.1100000000,3.0800000000,3.1000000000,47649974,147612440.4100,1.055500,0.323600
2025-12-25,3.1200000000,3.1400000000,3.0900000000,3.1200000000,46106614,143540637.6700,1.021300,0.645200
2025-12-26,3.1100000000,3.1500000000,3.1100000000,3.1200000000,56943701,178132692.1200,1.261300,0.000000
2025-12-29,3.1200000000,3.1400000000,3.0800000000,3.0900000000,66906492,207589192.4200,1.482000,-0.961500
2025-12-30,3.0800000000,3.0900000000,3.0300000000,3.0300000000,77838887,237067368.3800,1.724200,-1.941700
2025-12-31,3.0600000000,3.1000000000,3.0300000000,3.0600000000,72974925,223160098.4000,1.616400,0.990100
2026-01-05,3.0700000000,3.1900000000,3.0600000000,3.1300000000,139561361,436347235.6400,3.091300,2.287600
2026-01-06,3.1200000000,3.2100000000,3.1100000000,3.1900000000,150753163,477717161.0900,3.339200,1.916900
2026-01-07,3.1800000000,3.2400000000,3.1500000000,3.1500000000,89991619,286372710.3200,1.993400,-1.253900
2026-01-08,3.1400000000,3.2800000000,3.1200000000,3.2300000000,136826427,439201597.1900,3.030800,2.539700
2026-01-09,3.2200000000,3.2500000000,3.1800000000,3.2200000000,120079377,385319195.2000,2.659800,-0.309600
2026-01-12,3.2100000000,3.2100000000,3.1600000000,3.1900000000,92798575,295770727.1700,2.055500,-0.931700
2026-01-13,3.1800000000,3.2300000000,3.1400000000,3.1500000000,101851974,324580285.2800,2.256100,-1.253900
2026-01-14,3.1400000000,3.1800000000,3.0900000000,3.1100000000,118332893,371748876.1100,2.621100,-1.269800
2026-01-15,3.1100000000,3.2000000000,3.0900000000,3.1500000000,139489401,438784830.9900,3.089800,1.286200
2026-01-16,3.1800000000,3.1800000000,3.0600000000,3.0700000000,99856227,309700678.8900,2.211900,-2.539700
2026-01-19,3.0600000000,3.1000000000,3.0400000000,3.0700000000,51458119,158043590.7800,1.139800,0.000000
2026-01-20,3.0700000000,3.1800000000,3.0600000000,3.1600000000,131777930,414279639.2000,2.918900,2.931600
2026-01-21,3.1300000000,3.2100000000,3.1300000000,3.1900000000,123544260,391407780.9100,2.736600,0.949400
2026-01-22,3.1900000000,3.2100000000,3.1500000000,3.2000000000,92915410,295703464.1800,2.058100,0.313500
2026-01-23,3.1900000000,3.2400000000,3.1600000000,3.2400000000,100202989,320492586.5800,2.219500,1.250000
2026-01-26,3.1900000000,3.2300000000,3.1500000000,3.1600000000,114113436,362477016.0300,2.527700,-2.469100
2026-01-27,3.1600000000,3.1700000000,3.0500000000,3.0800000000,120740532,372783474.6400,2.674500,-2.531600
2026-01-28,3.1000000000,3.1600000000,3.0900000000,3.1400000000,120131261,376168741.6400,2.661000,1.948100
2026-01-29,3.1200000000,3.3900000000,3.1100000000,3.3500000000,323957091,1065621743.2100,7.175800,6.687900
2026-01-30,3.3300000000,3.3500000000,3.2100000000,3.2500000000,185627487,605480828.4000,4.111700,-2.985100
2026-02-02,3.2100000000,3.2600000000,3.1100000000,3.1100000000,141952201,451723981.9100,3.144300,-4.307700
2026-02-03,3.1400000000,3.1900000000,3.1000000000,3.1400000000,94550745,296305208.2900,2.094300,0.964600
2026-02-04,3.1300000000,3.3800000000,3.1100000000,3.3300000000,257688641,841406525.5500,5.707900,6.051000
2026-02-05,3.3300000000,3.4500000000,3.3000000000,3.3800000000,195724256,659761124.0900,4.335400,1.501500
2026-02-06,3.3500000000,3.3800000000,3.2900000000,3.3200000000,103999470,346792100.1100,2.303600,-1.775100
2026-02-09,3.3400000000,3.6500000000,3.3400000000,3.5100000000,284981147,1006250793.3800,6.312500,5.722900
2026-02-10,3.5000000000,3.5100000000,3.4200000000,3.4400000000,146430292,505747221.7700,3.243500,-1.994300
2026-02-11,3.4200000000,3.4700000000,3.3700000000,3.4000000000,130050179,444230090.5900,2.880700,-1.162800
2026-02-12,3.4200000000,3.4700000000,3.3400000000,3.3600000000,119933201,406467464.3800,2.656600,-1.176500
2026-02-13,3.3600000000,3.4000000000,3.3000000000,3.3100000000,96788201,323761761.3600,2.143900,-1.488100
2026-02-24,3.3400000000,3.3600000000,3.2800000000,3.3400000000,86320454,286822635.5000,1.912000,0.906300
2026-02-25,3.3400000000,3.5000000000,3.3400000000,3.4300000000,156620005,537901601.4600,3.469200,2.694600
2026-02-26,3.4200000000,3.4300000000,3.2600000000,3.2600000000,185470633,614532227.5400,4.108300,-4.956300
2026-02-27,3.2500000000,3.2900000000,3.2400000000,3.2900000000,59987299,196077110.1400,1.328700,0.920200
2026-03-02,3.2500000000,3.2800000000,3.1800000000,3.2100000000,87876946,283244245.9400,1.946500,-2.431600
2026-03-03,3.2100000000,3.2300000000,3.1200000000,3.1200000000,84838641,268638020.5800,1.879200,-2.803700
2026-03-04,3.1000000000,3.1300000000,3.0500000000,3.0900000000,79493142,245644808.0200,1.760800,-0.961500
2026-03-05,3.1300000000,3.1400000000,3.0900000000,3.1100000000,52748510,164204819.8000,1.168400,0.647200
2026-03-06,3.1000000000,3.1400000000,3.0900000000,3.1400000000,61975239,193191963.5500,1.372800,0.964600
2026-03-09,3.0900000000,3.1000000000,3.0300000000,3.0800000000,80571929,247049930.5800,1.784700,-1.910800
2026-03-10,3.0900000000,3.1200000000,3.0800000000,3.1000000000,48684134,150915159.8000,1.078400,0.649400
2026-03-11,3.0900000000,3.1200000000,3.0700000000,3.1100000000,54486442,168769510.1000,1.206900,0.322600
2026-03-12,3.1000000000,3.1300000000,3.0800000000,3.0900000000,57141290,177439959.8000,1.265700,-0.643100
2026-03-13,3.0900000000,3.1800000000,3.0800000000,3.1000000000,110443992,346111001.0200,2.446400,0.323600
2026-03-16,3.1200000000,3.1600000000,3.1000000000,3.1000000000,77692234,242792308.3500,1.720900,0.000000
2026-03-17,3.1200000000,3.2100000000,3.1100000000,3.1300000000,122550055,388318232.3000,2.714500,0.967700
2026-03-18,3.1400000000,3.1500000000,3.0400000000,3.0700000000,93266740,286692427.4800,2.065900,-1.916900
2026-03-19,3.0500000000,3.0600000000,3.0000000000,3.0100000000,75052657,227066377.6500,1.662400,-1.954400
2026-03-20,3.0200000000,3.0300000000,2.9500000000,2.9500000000,70846326,211143945.0600,1.569300,-1.993400
2026-03-23,2.9200000000,2.9200000000,2.7300000000,2.7500000000,99693531,281529560.2400,2.208300,-6.779700
2026-03-24,2.7800000000,2.8000000000,2.7300000000,2.8000000000,70213661,193974831.7600,1.555300,1.818200
2026-03-25,2.7900000000,2.8400000000,2.7800000000,2.8200000000,48522041,136644860.2200,1.074800,0.714300
2026-03-26,2.8200000000,2.8500000000,2.7400000000,2.7600000000,51000019,142205767.5100,1.129700,-2.127700
2026-03-27,2.7300000000,2.7900000000,2.7100000000,2.7700000000,46948024,129534877.4600,1.039900,0.362300
2026-03-30,2.7300000000,2.7600000000,2.7000000000,2.7500000000,48081766,131541732.2500,1.065000,-0.722000
2026-03-31,2.7500000000,2.8000000000,2.7200000000,2.7300000000,52861525,146112430.8900,1.170900,-0.727300
2026-04-01,2.7700000000,2.7800000000,2.7200000000,2.7500000000,54007314,148202278.4700,1.196300,0.732600
2026-04-02,2.7400000000,2.7400000000,2.6500000000,2.6600000000,64582487,173440921.4400,1.430500,-3.272700
2026-04-03,2.6700000000,2.6700000000,2.5800000000,2.5900000000,47488732,123899323.0000,1.051900,-2.631600
2026-04-07,2.5900000000,2.6400000000,2.5800000000,2.6300000000,43894588,114868345.1400,0.972300,1.544400
2026-04-08,2.6700000000,2.7300000000,2.6600000000,2.7200000000,74806037,201866664.1200,1.657000,3.422100
2026-04-09,2.7100000000,2.7700000000,2.6700000000,2.7200000000,77378239,209945616.2300,1.714000,0.000000
2026-04-10,2.7500000000,2.8100000000,2.7500000000,2.7600000000,53996731,149935742.6800,1.196100,1.470600
2026-04-13,2.7400000000,2.8200000000,2.7300000000,2.7900000000,59804650,166531211.9400,1.324700,1.087000
2026-04-14,2.8100000000,2.8900000000,2.7700000000,2.8700000000,98933242,280487914.2600,2.191400,2.867400
2026-04-15,2.8700000000,2.9200000000,2.8100000000,2.8300000000,88031495,250886918.1400,1.949900,-1.393700
2026-04-16,2.8200000000,2.8500000000,2.8000000000,2.8100000000,53010366,149454678.0300,1.174200,-0.706700
2026-04-17,2.8200000000,2.9000000000,2.8000000000,2.8400000000,83562401,237680113.8700,1.850900,1.067600
2026-04-20,2.8300000000,2.8400000000,2.7700000000,2.7900000000,61818928,172324240.5100,1.369300,-1.760600
2026-04-21,2.7900000000,2.8200000000,2.7600000000,2.7700000000,38859865,108037373.0000,0.860800,-0.716800
2026-04-22,2.7600000000,2.7700000000,2.7300000000,2.7500000000,36700701,100950570.6500,0.812900,-0.722000
2026-04-23,2.7500000000,2.7500000000,2.7000000000,2.7000000000,45769663,124315204.7300,1.013800,-1.818200
2026-04-24,2.7000000000,2.7000000000,2.6500000000,2.6600000000,42713511,113950023.7900,0.946100,-1.481500
2026-04-27,2.6700000000,2.7000000000,2.6400000000,2.6900000000,41179898,109797998.0900,0.912200,1.127800
2026-04-28,2.6800000000,2.7400000000,2.6700000000,2.7000000000,55485172,150200222.6000,1.229000,0.371700
2026-04-29,2.7300000000,2.8700000000,2.7300000000,2.8700000000,127148421,358847997.8400,2.816400,6.296300
2026-04-30,2.8600000000,2.9200000000,2.8200000000,2.9000000000,114185681,329476325.1800,2.529300,1.045300
