date,open,high,low,close,volume,amount,turn,pctChg
2010-01-04,6.4046393200,6.4312619300,6.2943456500,6.2981488800,2088651,34923065.0000,1.295377,-1.487200
2010-01-05,6.3133618000,6.6784718800,6.2563133500,6.6100137400,6996372,120220311.0000,4.339136,4.951700
2010-01-06,6.5909975900,6.8610269200,6.5719814400,6.6632589600,7875270,139920519.0000,4.884227,0.805500
2010-01-07,6.6670621900,6.7317171000,6.4654910000,6.5377523700,3021291,52464067.0000,1.873799,-1.883600
2010-01-08,6.4654910000,6.7012912600,6.4464748500,6.6860783400,3320621,57000520.0000,2.059443,2.268800
2010-01-11,7.0740078000,7.1500724000,6.6898815700,6.7012912600,7994940,144734254.0000,4.958446,0.227500
2010-01-12,6.6404395800,6.8039784700,6.6214234300,6.7469300200,3231515,56951180.0000,2.004179,0.681000
2010-01-13,6.6062105100,6.7697494000,6.5833911300,6.6252266600,2957101,51884201.0000,1.833988,-1.803800
2010-01-14,6.6290298900,6.8001752400,6.6290298900,6.7659461700,2999651,53155966.0000,1.860378,2.124000
2010-01-15,6.7697494000,6.8039784700,6.6784718800,6.7279138700,1949791,34509421.0000,1.209257,-0.562100
2010-01-18,6.7012912600,7.0169593500,6.5909975900,6.9408947500,4988620,89484061.0000,3.093932,3.165600
2010-01-19,6.9332882900,7.6368858400,6.9142721400,7.6368858400,15529046,305183919.0000,5.537619,10.027400
2010-01-20,7.6216729200,8.1693380400,7.5341986300,7.8004247300,17155077,351704617.0000,6.117458,2.141400
2010-01-21,7.7243601300,7.9297345500,7.6482955300,7.6863278300,5870500,120022473.0000,2.093406,-1.462700
2010-01-22,7.5608212400,7.7433762800,7.2983983700,7.5646244700,6762116,133702087.0000,2.411354,-1.583400
2010-01-25,7.4923631000,7.6635084500,7.3706597400,7.4239049600,4013788,79112168.0000,1.431307,-1.860200
2010-01-26,7.4239049600,7.5303954000,6.8838463000,6.9485012100,5955809,110585838.0000,2.123827,-6.403700
2010-01-27,6.9903367400,7.2603660700,6.9180753700,6.9941399700,3981834,74396251.0000,1.419912,0.656800
2010-01-28,7.0055496600,7.0131561200,6.7469300200,6.9066656800,3119777,56307538.0000,1.112505,-1.250700
2010-01-29,6.8952559900,7.3250209800,6.7887655500,7.2261370000,4952620,92605300.0000,1.766092,4.625600
2010-02-01,7.1158433300,7.2109240800,6.8838463000,7.0778110300,3697838,68447679.0000,1.318640,-2.052600
2010-02-02,7.0778110300,7.2071208500,6.9408947500,6.9446979800,2377239,44290829.0000,0.847718,-1.880700
2010-02-03,6.9485012100,7.0435819600,6.5605717500,6.9408947500,2997968,53820237.0000,1.069068,-0.054800
2010-02-04,6.8458140000,7.1500724000,6.7697494000,6.9751238200,2958892,54541754.0000,1.055134,0.493200
2010-02-05,6.7887655500,6.9180753700,6.7241106400,6.7735526300,1999536,35707255.0000,0.713030,-2.889900
2010-02-08,6.7621429400,6.9979432000,6.7621429400,6.8610269200,1675677,30386331.0000,0.597542,1.291400
2010-02-09,6.8610269200,7.1995143900,6.8610269200,7.0549916500,2600429,48328561.0000,0.927307,2.827100
2010-02-10,7.0740078000,7.1804982400,6.9599109000,7.1576788600,1576880,29405678.0000,0.562312,1.455500
2010-02-11,7.1804982400,7.1804982400,7.0473851900,7.0587948800,1102263,20555439.0000,0.393064,-1.381500
2010-02-12,7.0397787300,7.2071208500,7.0397787300,7.1614820900,1460659,27381858.0000,0.520867,1.454700
2010-02-22,7.1538756300,7.2185305400,7.0968271800,7.1158433300,1742379,32811045.0000,0.621328,-0.637300
2010-02-23,7.0892207200,7.1500724000,6.8762398400,6.9485012100,2239562,40960357.0000,0.798622,-2.351700
2010-02-24,6.9332882900,7.0511884200,6.8077817000,7.0321722700,1932204,35312177.0000,0.689019,1.204200
2010-02-25,7.0435819600,7.3402339000,7.0435819600,7.3326274400,3530526,67244386.0000,1.258977,4.272600
2010-02-26,7.3554468200,7.4695437200,7.2185305400,7.2451531500,2552807,49135555.0000,0.910325,-1.192900
2010-03-01,7.1919079300,7.4733469500,7.1919079300,7.4048888100,3026752,58576152.0000,1.079332,2.204700
2010-03-02,7.4162985000,7.4467243400,7.2261370000,7.3516435900,2457933,47225131.0000,0.876493,-0.719100
2010-03-03,7.3706597400,7.4162985000,7.2299402300,7.4124952700,2890696,55796494.0000,1.030815,0.827700
2010-03-04,7.3820694300,7.5418050900,7.2299402300,7.4505275700,4154882,80826624.0000,1.481621,0.513100
2010-03-05,7.3972823500,7.7129504400,7.3022016000,7.6863278300,5694434,112574085.0000,2.030621,3.164900
2010-03-08,7.7015407500,7.7623924300,7.5380018600,7.5988535400,5767640,115744855.0000,2.056726,-1.138100
2010-03-09,7.6064600000,7.6254761500,7.3706597400,7.4619372600,3409624,66779889.0000,1.215863,-1.801800
2010-03-10,7.4201017300,7.5189857100,7.2451531500,7.3706597400,2333112,45174297.0000,0.831982,-1.223200
2010-03-11,7.3250209800,7.4239049600,7.2451531500,7.3706597400,1881282,36261380.0000,0.670861,0.000000
2010-03-12,7.3630532800,7.3744629700,7.0587948800,7.0702045700,2767904,52262369.0000,0.987028,-4.076400
2010-03-15,7.0511884200,7.1576788600,6.9599109000,7.0778110300,1463478,27144312.0000,0.521873,0.107600
2010-03-16,7.1044336400,7.1690885500,7.0473851900,7.1348594800,1079496,20179023.0000,0.384946,0.806000
2010-03-17,7.1766950100,7.3022016000,7.1158433300,7.2793822200,1547539,29384408.0000,0.551849,2.025600
2010-03-18,7.2831854500,7.3136112900,7.2299402300,7.2337434600,1336534,25534205.0000,0.476605,-0.627000
2010-03-19,7.2337434600,7.2945951400,7.1082368700,7.2489563800,1364137,25768634.0000,0.486448,0.210300
2010-03-22,7.2375466900,7.3022016000,7.1500724000,7.2071208500,1642790,31232457.0000,0.585815,-0.577100
2010-03-23,7.1919079300,7.2451531500,7.0283690400,7.0397787300,1708012,32001531.0000,0.609073,-2.321900
2010-03-24,7.0359755000,7.2793822200,7.0093528900,7.2185305400,2453460,46035034.0000,0.874898,2.539200
2010-03-25,7.1804982400,7.3972823500,7.1804982400,7.2603660700,2849610,54558846.0000,1.016164,0.579600
2010-03-26,7.2603660700,7.3972823500,7.1690885500,7.3440371300,2558766,49350300.0000,0.912450,1.152400
2010-03-29,7.3402339000,7.4771501800,7.3326274400,7.3554468200,2509974,48777683.0000,0.895051,0.155400
2010-03-30,7.3402339000,7.3706597400,7.2261370000,7.3098080600,1957909,37513746.0000,0.698186,-0.620500
2010-03-31,7.3136112900,7.3820694300,7.2261370000,7.2793822200,2024494,38810985.0000,0.721930,-0.416200
2010-04-01,7.2679725300,7.3858726600,7.2375466900,7.3782662000,2825048,54314017.0000,1.007405,1.358400
2010-04-02,7.3858726600,7.4353146500,7.3364306700,7.3896758900,1779144,34538197.0000,0.634438,0.154600
2010-04-06,7.3972823500,7.6368858400,7.3440371300,7.6102632300,4531734,89796804.0000,1.616005,2.985100
2010-04-07,7.6064600000,7.6787213700,7.4923631000,7.5532147800,1972742,39172787.0000,0.703475,-0.749600
2010-04-08,7.5532147800,7.9107184000,7.5189857100,7.6825246000,4739405,96389729.0000,1.690060,1.712000
2010-04-09,7.6825246000,7.7699988900,7.6178696900,7.7585892000,2472945,50013860.0000,0.881846,0.990100
2010-04-12,7.7699988900,7.9639636200,7.7585892000,7.8574731800,2842287,58711053.0000,1.013553,1.274500
2010-04-13,7.8574731800,7.8726861000,7.3402339000,7.5836406200,4299096,85611336.0000,1.533047,-3.485000
2010-04-14,7.5684277000,7.7053439800,7.4391178800,7.6102632300,2609302,52053231.0000,0.930471,0.351100
2010-04-15,7.6901310600,8.3671060000,7.6140664600,8.0932734400,9486645,202754339.0000,3.382914,6.346800
2010-04-16,7.7966215000,8.3252704700,7.7585892000,8.2415994100,5623296,119560195.0000,2.005253,1.832700
2010-04-19,8.2073703400,8.6181191800,8.0894702100,8.1084863600,7889141,174192683.0000,2.813248,-1.615100
2010-04-20,8.1807477300,8.6067094900,7.9373410100,8.5800868800,7890884,173108057.0000,2.813870,5.816100
2010-04-21,8.5534642700,8.9756228000,8.4393673700,8.7740516100,7271022,167817741.0000,2.592828,2.260600
2010-04-22,8.6865773200,8.9870324900,8.5952998000,8.8539194400,4618793,107051065.0000,1.647050,0.910300
2010-04-23,8.8234936000,8.8957549700,8.5154319700,8.7854613000,5401640,123776551.0000,1.926211,-0.773200
2010-04-26,8.7474290000,8.8196903700,8.5192352000,8.7474290000,2817951,64411715.0000,1.004874,-0.432900
2010-04-27,8.6181191800,8.7474290000,8.1198960500,8.2301897200,3743887,82456567.0000,1.335061,-5.913000
2010-04-28,8.1769445000,8.3556963100,8.1008799000,8.2568123300,2698709,58641330.0000,0.962353,0.323500
2010-04-29,8.2910414000,8.3594995400,7.5075760200,7.5836406200,4794787,99279352.0000,1.709809,-8.152900
2010-04-30,7.5684277000,7.5722309300,6.9599109000,7.1044336400,4388820,82406809.0000,1.565042,-6.319000
2010-05-04,6.9599109000,7.2831854500,6.5986040500,7.2261370000,1918859,36272063.0000,0.684260,1.713100
2010-05-05,7.2261370000,7.3668565100,7.1044336400,7.3364306700,1617729,30857421.0000,0.576878,1.526300
2010-05-06,7.3326274400,7.3326274400,6.9142721400,6.9218786000,1914068,35959611.0000,0.682552,-5.650600
2010-05-07,6.6518492700,6.7849623200,6.4921136100,6.5263426800,3164243,55119537.0000,1.128361,-5.714300
2010-05-10,6.5415556000,6.6860783400,6.3209682600,6.5757846700,1828154,31396193.0000,0.651915,0.757600
2010-05-11,6.7697494000,6.8572236900,6.4198522400,6.4616877700,3091574,54407936.0000,1.102448,-1.735100
2010-05-12,6.4616877700,6.6442428100,6.3894264000,6.5035233000,1402964,24018603.0000,0.500293,0.647400
2010-05-13,6.5225394500,6.8039784700,6.3513941000,6.6784718800,1762363,30492258.0000,0.628454,2.690100
2010-05-14,6.6784718800,6.7697494000,6.6176202000,6.7127009500,1901841,33497717.0000,0.678192,0.512500
2010-05-17,6.5833911300,6.6442428100,6.1536261400,6.1688390600,2022015,34081385.0000,0.721046,-8.102000
2010-05-18,6.1536261400,6.2753295000,5.8988097300,6.1726422900,1632034,26208893.0000,0.581979,0.061700
2010-05-19,6.1612326000,6.2449036600,5.9330388000,6.1460196800,1170783,18830713.0000,0.417498,-0.431300
2010-05-20,6.1232003000,6.1878552100,5.9710711000,6.0205130900,1235898,19784790.0000,0.440718,-2.042100
2010-05-21,5.8912032700,6.1954616700,5.7428773000,6.1764455200,1689031,26728710.0000,0.602304,2.590000
2010-05-24,6.1574293700,6.4845071500,6.1574293700,6.4502780800,1870167,31471639.0000,0.666897,4.433500
2010-05-25,6.3894264000,6.4084425500,6.2449036600,6.2905424200,1798672,29831271.0000,0.641402,-2.476400
2010-05-26,6.2905424200,6.2905424200,6.2905424200,6.2905424200,0,0.0000,,0.000000
2010-05-27,6.2791327300,6.5986040500,6.2182810500,6.5035233000,1728403,29304157.0000,0.616344,3.385700
2010-05-28,6.6100137400,6.6100137400,6.4274587000,6.4654910000,1322469,22652076.0000,0.471589,-0.584800
2010-05-31,6.4769006900,6.6366363500,6.3551973300,6.3666070200,1736584,29655082.0000,0.619262,-1.529400
2010-06-01,6.3209682600,6.3475908700,5.9710711000,6.0851680000,2496335,40321549.0000,0.890187,-4.420500
2010-06-02,6.0091034000,6.4274587000,5.9710711000,6.3551973300,1351036,22149830.0000,0.481776,4.437500
2010-06-03,6.4122457800,6.6442428100,6.3247714900,6.4312619300,2963005,50821718.0000,1.056600,1.196900
2010-06-04,6.4350651600,6.6100137400,6.4236554700,6.5909975900,2095500,36060691.0000,0.747250,2.483700
2010-06-07,6.4616877700,6.6328331200,6.4198522400,6.5339491400,1967210,33765603.0000,0.701502,-0.865600
2010-06-08,6.5339491400,6.7887655500,6.5339491400,6.7811590900,2846066,49982781.0000,1.014900,3.783500
2010-06-09,6.8267978500,6.8267978500,6.6290298900,6.7811590900,2825737,50038775.0000,1.007651,0.000000
2010-06-10,6.7241106400,6.8686333800,6.6974880300,6.7887655500,1605514,28654072.0000,0.572522,0.112200
2010-06-11,6.8382075400,6.8724366100,6.6632589600,6.6708654200,1869714,33221295.0000,0.666735,-1.736700
2010-06-17,6.7317171000,6.8648301500,6.6556525000,6.6632589600,1597487,28460405.0000,0.569660,-0.114000
2010-06-18,6.6746686500,6.6784718800,6.3133618000,6.3551973300,1409352,23975806.0000,0.502571,-4.623300
2010-06-21,6.3551973300,6.4807039200,6.2296907400,6.4350651600,1405356,23543621.0000,0.501146,1.256700
2010-06-22,6.4578845400,6.5491620600,6.4160490100,6.4807039200,657498,11202350.0000,0.234462,0.709200
2010-06-23,6.4959168400,6.5643749800,6.4046393200,6.5035233000,830856,14153788.0000,0.296281,0.352100
2010-06-24,6.4616877700,6.5719814400,6.4464748500,6.4578845400,765920,13076264.0000,0.273125,-0.701800
2010-06-25,6.4122457800,6.4807039200,6.3133618000,6.3856231700,934204,15651937.0000,0.333135,-1.119000
2010-06-28,6.3856231700,6.3856231700,6.0471357000,6.1193970700,1602075,25924550.0000,0.571296,-4.169100
2010-06-29,6.1193970700,6.1422164500,5.5070770400,5.5222899600,2505785,37930876.0000,0.893557,-9.757600
2010-06-30,5.5831416400,5.5831416400,5.2978993900,5.3511446100,1387328,19640979.0000,0.494718,-3.099200
2010-07-01,5.3625543000,5.4462253600,5.2560638600,5.3587510700,708854,9987915.0000,0.252776,0.142100
2010-07-02,5.4005866000,5.4157995200,5.1685895700,5.3245220000,1320460,18395550.0000,0.470873,-0.638800
2010-07-05,5.2788832400,5.3245220000,5.1647863400,5.1723928000,1226910,16879597.0000,0.437513,-2.857100
2010-07-06,5.1914089500,5.3663575300,5.1761960300,5.2674735500,2719168,37698528.0000,0.969649,1.838200
2010-07-07,5.3169155400,5.4157995200,5.2674735500,5.3739639900,1727551,24279213.0000,0.616040,2.021700
2010-07-08,5.4005866000,5.4386189000,5.3055058500,5.3549478400,1609328,22706745.0000,0.573882,-0.353900
2010-07-09,5.3587510700,5.5222899600,5.2864897000,5.5032738100,2340415,33606354.0000,0.834586,2.769900
2010-07-12,5.5298964200,5.6287804000,5.4576350500,5.5527158000,1298010,18940702.0000,0.462867,0.898400
2010-07-13,5.5032738100,5.6934353100,5.4424221300,5.5451093400,2223707,32490650.0000,0.792968,-0.137000
2010-07-14,5.5527158000,5.7580902200,5.5184867300,5.6706159300,2311317,34425697.0000,0.824210,2.263400
2010-07-15,5.7200579200,5.7200579200,5.4614382800,5.4842576600,2087707,30874739.0000,0.744471,-3.286400
2010-07-16,5.4956673500,5.5070770400,5.3055058500,5.4728479700,1612430,22898886.0000,0.574989,-0.208042
2010-07-19,5.3815704500,5.9444484900,5.3815704500,5.8797935800,3690826,55703325.0000,1.316139,7.435700
2010-07-20,5.8265483600,6.1460196800,5.8265483600,6.0471357000,4118569,64998658.0000,1.468672,2.846100
2010-07-21,6.0433324700,6.0927744600,5.9444484900,5.9634646400,2394758,37761789.0000,0.853965,-1.383600
2010-07-22,5.9672678700,6.0471357000,5.9102194200,6.0395292400,1564669,24734004.0000,0.557957,1.275500
2010-07-23,6.0091034000,6.0851680000,5.8797935800,5.9748743300,2631449,41335628.0000,0.938368,-1.070500
2010-07-26,6.0129066300,6.4236554700,6.0129066300,6.4046393200,5405921,89032289.0000,1.927738,7.192900
2010-07-27,6.3704102500,6.4654910000,6.2753295000,6.2829359600,3064599,51303819.0000,1.092828,-1.900200
2010-07-28,6.2411004300,6.4883103800,6.2372972000,6.3628037900,3154731,53157254.0000,1.124969,1.271200
2010-07-29,6.3628037900,6.4274587000,6.2372972000,6.2943456500,3240689,53896526.0000,1.155622,-1.075900
2010-07-30,6.3019521100,6.3437876400,6.1992649000,6.3361811800,1606750,26465229.0000,0.572963,0.664700
2010-08-02,6.3666070200,6.5605717500,6.3247714900,6.5111297600,2317520,39063696.0000,0.826422,2.761100
2010-08-03,6.5339491400,6.5567685200,6.3551973300,6.3666070200,1982331,33620466.0000,0.706894,-2.219600
2010-08-04,6.3171650300,6.4274587000,6.2601165800,6.4198522400,1752079,29198699.0000,0.624787,0.836300
2010-08-05,6.4198522400,6.4578845400,6.3095585700,6.3780167100,1548335,26013801.0000,0.552132,-0.651700
2010-08-06,6.3209682600,6.5339491400,6.3133618000,6.5035233000,2546348,43179607.0000,0.908021,1.967800
2010-08-09,6.5605717500,6.6822751100,6.5035233000,6.5681782100,1991375,34497164.0000,0.710119,0.994200
2010-08-10,6.5681782100,6.6480460400,6.3437876400,6.3590005600,2341138,40008944.0000,0.834844,-3.184700
2010-08-11,6.3856231700,6.5339491400,6.2981488800,6.5301459100,1672143,28166784.0000,0.596282,2.691400
2010-08-12,6.4959168400,6.5149329900,6.3247714900,6.3399844100,1538222,26006984.0000,0.548526,-2.912100
2010-08-13,6.2981488800,6.4464748500,6.2677230400,6.4350651600,1575658,26378187.0000,0.561876,1.499700
2010-08-16,6.4274587000,6.6670621900,6.4236554700,6.6252266600,4228050,73339416.0000,1.507712,2.955100
2010-08-17,6.6556525000,6.6556525000,6.5415556000,6.6176202000,2175746,37740721.0000,0.775866,-0.114800
2010-08-18,6.6328331200,6.7659461700,6.4959168400,6.5795879000,4298869,74514523.0000,1.532966,-0.574700
2010-08-19,6.5529652900,6.5719814400,6.3513941000,6.4198522400,4107360,69536981.0000,1.464674,-2.427700
2010-08-20,6.4312619300,6.4578845400,6.1840519800,6.2182810500,3909189,64417537.0000,1.394007,-3.139800
2010-08-23,6.2182810500,6.3361811800,6.1954616700,6.2715262700,2023443,33307979.0000,0.721555,0.856300
2010-08-24,6.2715262700,6.3704102500,6.1802487500,6.3323779500,1847986,30592989.0000,0.658987,0.970300
2010-08-25,6.2677230400,6.3437876400,6.1764455200,6.2106745900,1581299,25975632.0000,0.563887,-1.921900
2010-08-26,6.2334939700,6.3019521100,6.1992649000,6.2905424200,1230519,20251728.0000,0.438800,1.286000
2010-08-27,6.2905424200,6.4997200700,6.2220842800,6.4959168400,3541662,59651398.0000,1.262948,3.264800
2010-08-30,6.5073265300,7.1310562500,6.4997200700,6.9523044400,9499494,170416007.0000,3.387496,7.025800
2010-08-31,6.9218786000,7.2983983700,6.8838463000,7.1082368700,5671768,106190483.0000,2.022538,2.242900
2010-09-01,7.0740078000,7.1614820900,6.7697494000,6.9104689100,5301389,96310936.0000,1.890462,-2.782200
2010-09-02,6.9408947500,7.5303954000,6.9408947500,7.3250209800,6523480,125163301.0000,2.326257,5.998900
2010-09-03,7.3212177500,7.4923631000,7.1728917800,7.3478403600,3784767,73079640.0000,1.349639,0.311500
2010-09-06,7.4543308000,7.5456083200,7.1500724000,7.4543308000,4231289,81893001.0000,1.508867,1.449300
2010-09-07,7.3972823500,7.5303954000,7.3402339000,7.3896758900,2264414,44194434.0000,0.807484,-0.867300
2010-09-08,7.3326274400,7.4505275700,7.2299402300,7.4353146500,3094291,59767948.0000,1.103417,0.617596
2010-09-09,7.4467243400,7.6749181400,7.2565628400,7.3174145200,4621003,90829888.0000,1.647838,-1.585700
2010-09-10,7.4162985000,7.5113792500,7.2641693000,7.4923631000,2617641,50811659.0000,0.933444,2.390900
2010-09-13,7.5151824800,7.6064600000,7.3820694300,7.5341986300,3957834,77918218.0000,1.411354,0.558400
2010-09-14,7.4999695600,7.6939342900,7.4961663300,7.5646244700,2937710,58655056.0000,1.047580,0.403800
2010-09-15,7.5646244700,7.5836406200,7.2261370000,7.2717757600,2827306,55074764.0000,1.008210,-3.871300
2010-09-16,7.2945951400,7.3212177500,6.9827302800,7.0625981100,3034318,56469314.0000,1.082030,-2.876600
2010-09-17,7.0702045700,7.1766950100,7.0131561200,7.0968271800,1405897,26235964.0000,0.501339,0.484700
2010-09-20,7.1500724000,7.1766950100,6.8534204600,6.8952559900,1553796,28669341.0000,0.554080,-2.840300
2010-09-21,6.9408947500,6.9903367400,6.8458140000,6.9218786000,946273,17192109.0000,0.337439,0.386100
2010-09-27,6.9180753700,7.1120401000,6.8914527600,7.0816142600,1595454,29593548.0000,0.568935,2.307700
2010-09-28,7.0816142600,7.2185305400,7.0549916500,7.0892207200,1685719,31600081.0000,0.601123,0.107400
2010-09-29,7.1310562500,7.3022016000,7.0397787300,7.0549916500,2109874,39653613.0000,0.752376,-0.482800
2010-09-30,6.9979432000,7.0968271800,6.9599109000,7.0778110300,1732494,32130021.0000,0.617803,0.323500
2010-10-08,7.1538756300,7.3326274400,7.0968271800,7.2907919100,2623756,50016451.0000,0.935625,3.009100
2010-10-11,7.2907919100,7.6444923000,7.2489563800,7.5151824800,4332948,85028688.0000,1.545119,3.077700
2010-10-12,7.4695437200,7.5570180100,7.4124952700,7.4809534100,2274052,44684576.0000,0.810921,-0.455500
2010-10-13,7.4543308000,7.5494115500,7.2831854500,7.3288242100,2918611,56732581.0000,1.040769,-2.033600
2010-10-14,7.3288242100,7.5646244700,7.0359755000,7.0968271800,4264321,82624129.0000,1.520646,-3.165500
2010-10-15,7.0549916500,7.3022016000,7.0397787300,7.1500724000,2928927,54951646.0000,1.044448,0.750300
2010-10-18,7.1690885500,7.7395730500,7.1614820900,7.7167536700,6607595,129380388.0000,2.356252,7.925500
2010-10-19,7.8232441100,7.9867830000,7.6444923000,7.9107184000,6082917,125521449.0000,2.169153,2.513600
2010-10-20,7.7357698200,7.9601603900,7.5760341600,7.8917022500,5531170,112850682.0000,1.972402,-0.240400
2010-10-21,7.8536699500,8.2149768000,7.7281633600,8.0514379100,4436715,94087509.0000,1.582122,2.024100
2010-10-22,8.0248153000,8.1236992800,7.8917022500,7.9259313200,3370517,70934386.0000,1.201918,-1.558800
2010-10-25,7.9867830000,8.2606155600,7.8042279600,8.1046831300,4217312,89153972.0000,1.503883,2.255300
2010-10-26,8.0970766700,8.2492058700,7.8726861000,7.9183248600,3974251,83709620.0000,1.417208,-2.299400
2010-10-27,7.9563571600,8.0780605200,7.6863278300,7.7053439800,3688369,76066257.0000,1.315263,-2.689700
2010-10-28,7.7129504400,7.8574731800,7.6444923000,7.8004247300,1941002,39573896.0000,0.692157,1.234000
2010-10-29,7.8004247300,7.8536699500,7.7205569000,7.8156376500,2115942,43352942.0000,0.754540,0.195000
2010-11-01,7.8346538000,8.5991030300,7.8346538000,8.5344481200,6096618,133892169.0000,2.174039,9.197100
2010-11-02,8.4735964400,8.6979870100,8.2530091000,8.2872381700,4248474,94554431.0000,1.514995,-2.896600
2010-11-03,8.2948446300,8.7854613000,8.1845509600,8.3861221500,3531063,78987802.0000,1.259168,1.193200
2010-11-04,8.3861221500,8.6523482500,8.3671060000,8.5534642700,3014473,67603771.0000,1.074954,1.995500
2010-11-05,8.6333321000,8.7017902400,8.4507770600,8.6409385600,3822619,86230463.0000,1.363136,1.022700
2010-11-08,8.6599547100,8.8805420500,8.5610707300,8.7284128500,4255748,97681350.0000,1.517589,1.012300
2010-11-09,8.7093967000,8.7093967000,8.4241544500,8.4697932100,3801404,84996910.0000,1.355571,-2.963000
2010-11-10,8.4812029000,8.5458578100,8.3633027700,8.4621867500,3061438,67873834.0000,1.091701,-0.089800
2010-11-11,8.3671060000,8.7017902400,8.3366801600,8.3671060000,3019548,67638282.0000,1.076763,-1.123600
2010-11-12,8.3518930800,8.6979870100,7.6178696900,7.7623924300,6422088,138354133.0000,2.290101,-7.227300
2010-11-15,7.7091472100,7.8460634900,7.5684277000,7.8308505700,3143739,63800962.0000,1.121050,0.881900
2010-11-16,7.7966215000,7.9791765400,7.3896758900,7.4201017300,3949644,79659291.0000,1.408433,-5.245300
2010-11-17,7.3934791200,7.4885598700,7.0321722700,7.1272530200,2782651,52973860.0000,0.992286,-3.946700
2010-11-18,7.1576788600,7.2641693000,7.0816142600,7.1652853200,2106633,39807228.0000,0.751220,0.533600
2010-11-19,7.2641693000,7.2831854500,7.0131561200,7.2527596100,3255525,61398435.0000,1.160912,1.220800
2010-11-22,7.2261370000,7.6406890700,7.2109240800,7.5798373900,4038798,79736118.0000,1.440225,4.509700
2010-11-23,7.5303954000,8.3366801600,7.3440371300,7.8536699500,6751646,141588047.0000,2.407620,3.612600
2010-11-24,7.7928182700,8.4926125900,7.7623924300,8.3176640100,8782228,189672437.0000,3.131721,5.908000
2010-11-25,8.3176640100,8.5002190500,8.0818637500,8.2415994100,5056938,109436288.0000,1.803292,-0.914500
2010-11-26,8.1541251200,8.7208063900,8.1541251200,8.5382513500,6248732,139614817.0000,2.228282,3.599400
2010-11-29,8.5344481200,9.0060486400,8.3861221500,8.6447417900,8558853,197602212.0000,3.052066,1.247200
2010-11-30,8.6447417900,8.6447417900,8.6447417900,8.6447417900,0,0.0000,,0.000000
2010-12-01,8.2796317100,8.3861221500,8.0666508300,8.2834349400,4119335,89461321.0000,1.468945,-4.179500
2010-12-02,8.3747124600,8.4317609100,8.0932734400,8.1427154300,3005913,65360776.0000,1.071901,-1.698800
2010-12-03,8.0704540600,8.2035671100,7.7243601300,7.8080311900,3090004,64146422.0000,1.101888,-4.110200
2010-12-06,7.8422602600,7.9677668500,7.7395730500,7.9297345500,1483930,30763869.0000,0.529166,1.558700
2010-12-07,7.8993087100,7.9487507000,7.7205569000,7.9411442400,1307821,27003993.0000,0.466366,0.143900
2010-12-08,7.9487507000,8.2149768000,7.9107184000,8.0894702100,2165563,45945888.0000,0.772234,1.867800
2010-12-09,8.0400282200,8.0894702100,7.7167536700,7.7205569000,1851842,38289456.0000,0.660362,-4.560400
2010-12-10,7.6064600000,7.8422602600,7.5874438500,7.7776053500,1498672,30479032.0000,0.534423,0.738900
2010-12-13,7.7776053500,8.0172088400,7.7547859700,7.9829797700,1958095,40803593.0000,0.698252,2.640600
2010-12-14,7.9411442400,8.1427154300,7.9107184000,7.9905862300,2026942,42882848.0000,0.722803,0.095300
2010-12-15,8.0057991500,8.0590443700,7.8384570300,7.8536699500,1757363,36648107.0000,0.626671,-1.713500
2010-12-16,7.8042279600,8.5496610400,7.8042279600,8.3024510900,5259487,112927373.0000,1.875520,5.714300
2010-12-17,8.2606155600,8.4545802900,8.1807477300,8.4089415300,2841029,62288254.0000,1.013104,1.282600
2010-12-20,8.4051383000,8.6713644000,7.9905862300,8.5192352000,4427864,97303592.0000,1.578965,1.311600
2010-12-21,8.4393673700,8.5762836500,8.2644187900,8.3518930800,5357255,118192623.0000,1.910384,-1.964300
2010-12-22,8.3480898500,8.3480898500,8.1693380400,8.1769445000,1806727,39151931.0000,0.644274,-2.094700
2010-12-23,8.1084863600,8.2377961800,7.8917022500,8.0019959200,1974798,42034380.0000,0.704208,-2.139500
2010-12-24,7.9487507000,8.0514379100,7.8080311900,7.9335377800,1088457,22693511.0000,0.388141,-0.855500
2010-12-27,7.9715700800,8.0780605200,7.4162985000,7.4885598700,2480590,50499037.0000,0.884572,-5.608800
2010-12-28,7.4923631000,7.5303954000,7.2185305400,7.2603660700,1685205,32497729.0000,0.600940,-3.047200
2010-12-29,7.3326274400,7.3592500500,7.2451531500,7.3402339000,991469,19036708.0000,0.353555,1.100100
2010-12-30,7.3592500500,7.4885598700,7.2717757600,7.3212177500,1713419,33153117.0000,0.611001,-0.259100
2010-12-31,7.3250209800,7.5303954000,7.3250209800,7.4657404900,1436423,28040858.0000,0.512225,1.974000
2011-01-04,7.5341986300,7.5532147800,7.4010855800,7.5113792500,3671183,72031416.0000,1.309135,0.611300
2011-01-05,7.4847566400,7.7585892000,7.4315114200,7.5760341600,2248727,45138442.0000,0.801890,0.860800
2011-01-06,7.5646244700,7.6330826100,7.3478403600,7.4885598700,1896599,37224152.0000,0.676323,-1.154600
2011-01-07,7.5646244700,7.5912470800,7.2869886800,7.3326274400,2027426,39629318.0000,0.722975,-2.082300
2011-01-10,7.3516435900,7.3592500500,6.9713205900,6.9789270500,3157005,58804573.0000,1.125780,-4.823700
2011-01-11,6.9446979800,6.9979432000,6.8838463000,6.9180753700,1164164,21191371.0000,0.415138,-0.871900
2011-01-12,6.9675173600,7.0131561200,6.8914527600,7.0055496600,968603,17725499.0000,0.345401,1.264400
2011-01-13,7.0207625800,7.0435819600,6.9637141300,7.0321722700,591630,10892825.0000,0.210974,0.380000
2011-01-14,7.0093528900,7.0816142600,6.8838463000,6.9294850600,993121,18187654.0000,0.354144,-1.460200
2011-01-17,6.8458140000,6.9675173600,6.4008360900,6.4845071500,2180288,37809209.0000,0.777485,-6.421500
2011-01-18,6.4540813100,6.5073265300,6.2753295000,6.4236554700,1042342,17611063.0000,0.371697,-0.938400
2011-01-19,6.4654910000,6.5567685200,6.4350651600,6.5225394500,1095271,18717574.0000,0.390571,1.539400
2011-01-20,6.5986040500,6.7507332500,6.3209682600,6.3361811800,1719909,29697466.0000,0.613315,-2.857100
2011-01-21,6.2943456500,6.4959168400,6.2144778200,6.3970328600,1296973,21720566.0000,0.462497,0.960400
2011-01-24,6.4084425500,6.4616877700,6.1079873800,6.2639198100,1132975,18647056.0000,0.404016,-2.080900
2011-01-25,6.2068713600,6.2753295000,6.1536261400,6.2372972000,482813,7898335.0000,0.172170,-0.425000
2011-01-26,6.2715262700,6.3666070200,6.2563133500,6.3171650300,913575,15157556.0000,0.325779,1.280500
2011-01-27,6.3361811800,6.4959168400,6.2372972000,6.4540813100,749499,12598981.0000,0.267269,2.167400
2011-01-28,6.4578845400,6.5795879000,6.4084425500,6.5567685200,707763,12156462.0000,0.252387,1.591000
2011-01-31,6.5453588300,6.6138169700,6.4578845400,6.5567685200,885905,15237598.0000,0.315912,0.000000
2011-02-01,6.5986040500,6.5986040500,6.4236554700,6.5871943600,888925,15207519.0000,0.316988,0.464000
2011-02-09,6.4578845400,6.5605717500,6.3818199400,6.3856231700,900582,15312913.0000,0.321145,-3.060000
2011-02-10,6.4616877700,6.6480460400,6.3970328600,6.6328331200,995621,17084419.0000,0.355036,3.871400
2011-02-11,6.5833911300,6.7165041800,6.5833911300,6.6860783400,1186320,20764348.0000,0.423039,0.802800
2011-02-14,6.6936848000,6.9180753700,6.6556525000,6.8458140000,2584785,46241180.0000,0.921728,2.389100
2011-02-15,6.8572236900,6.9294850600,6.7735526300,6.7963720100,1719022,30969016.0000,0.612999,-0.722200
2011-02-16,6.8039784700,6.9523044400,6.7545364800,6.9142721400,1333638,24178965.0000,0.475572,1.734800
2011-02-17,6.9142721400,6.9903367400,6.8001752400,6.8838463000,1876209,33882218.0000,0.669051,-0.440000
2011-02-18,6.9370915200,6.9408947500,6.7887655500,6.8838463000,1303178,23547817.0000,0.464710,0.000000
2011-02-21,6.8572236900,7.1386627100,6.8572236900,7.1006304100,2123504,39275849.0000,0.757236,3.149200
2011-02-22,7.1006304100,7.1614820900,6.7697494000,6.7887655500,1916081,34822134.0000,0.683270,-4.392100
2011-02-23,6.7507332500,6.8610269200,6.7393235600,6.8306010800,1091214,19511685.0000,0.389124,0.616200
2011-02-24,6.8077817000,7.2641693000,6.7317171000,7.0778110300,3521140,64968770.0000,1.255630,3.619200
2011-02-25,7.0169593500,7.0778110300,6.9218786000,7.0664013400,1868457,34442572.0000,0.666287,-0.161200
2011-02-28,7.0283690400,7.0664013400,6.8458140000,7.0473851900,1257920,23166657.0000,0.448571,-0.269100
2011-03-01,7.0473851900,7.2831854500,7.0473851900,7.1804982400,3068886,58110068.0000,1.094357,1.888821
2011-03-02,7.1310562500,7.7509827400,7.1082368700,7.4581340300,5529532,108931443.0000,1.971817,3.866500
2011-03-03,7.4923631000,7.5037727900,7.2641693000,7.3136112900,2856401,55112275.0000,1.018586,-1.937800
2011-03-04,7.3706597400,7.4162985000,7.1538756300,7.3782662000,1995729,38407613.0000,0.711672,0.884000
2011-03-07,7.5608212400,7.7395730500,7.3402339000,7.3896758900,4397664,86466233.0000,1.568196,0.154600
2011-03-08,7.3592500500,7.5075760200,7.2451531500,7.4923631000,1789410,34764587.0000,0.638099,1.389600
2011-03-09,7.4391178800,7.5912470800,7.4010855800,7.4961663300,1985473,39194033.0000,0.708015,0.050800
2011-03-10,7.4771501800,7.5684277000,7.4010855800,7.4657404900,2445038,48063638.0000,0.871895,-0.405900
2011-03-11,7.4429211100,7.5265921700,7.2869886800,7.3782662000,2375310,46279307.0000,0.847030,-1.171700
2011-03-14,7.3706597400,8.1160928200,7.3706597400,8.1160928200,12764525,267722216.0000,4.551798,10.000000
2011-03-15,8.3594995400,8.4051383000,7.9107184000,8.1122895900,13876661,298851188.0000,4.948383,-0.046900
2011-03-16,8.0286185300,8.1275025100,7.8650796400,8.0666508300,6211987,130168545.0000,2.215179,-0.562600
2011-03-17,8.0057991500,8.0057991500,7.6825246000,7.7623924300,4936609,101570412.0000,1.760383,-3.771800
2011-03-18,7.7623924300,7.9677668500,7.7281633600,7.8270473400,2911233,60224664.0000,1.038138,0.832900
2011-03-21,7.8004247300,7.9373410100,7.6749181400,7.7814085800,2147372,44144315.0000,0.765748,-0.583100
2011-03-22,7.8042279600,7.8270473400,7.5608212400,7.6597052200,2920086,58698205.0000,1.041295,-1.564000
2011-03-23,7.6216729200,7.7661956600,7.6026567700,7.7509827400,2021598,40944852.0000,0.720897,1.191700
2011-03-24,7.7585892000,8.1313057400,7.7205569000,7.9259313200,5594533,116830638.0000,1.994997,2.257100
2011-03-25,7.9563571600,8.1313057400,7.8764893300,7.9449474700,3957112,83146799.0000,1.411096,0.239900
2011-03-28,7.9829797700,8.0362249900,7.7395730500,7.7928182700,3725883,76529326.0000,1.328641,-1.914800
2011-03-29,7.6787213700,7.8156376500,7.3212177500,7.3592500500,4221364,83506069.0000,1.505328,-5.563700
2011-03-30,7.4353146500,7.4695437200,7.2337434600,7.2527596100,2270911,43651602.0000,0.809801,-1.447000
2011-03-31,7.2679725300,7.4315114200,7.2489563800,7.2907919100,1453937,27929227.0000,0.518470,0.524400
2011-04-01,7.3060048300,7.3896758900,7.1804982400,7.3706597400,1242483,23765928.0000,0.443066,1.095500
2011-04-06,7.3706597400,7.3972823500,7.1500724000,7.3478403600,1461012,28081941.0000,0.520993,-0.309600
2011-04-07,7.3402339000,7.4239049600,7.2641693000,7.4086920400,1153860,22327506.0000,0.411464,0.828200
2011-04-08,7.3782662000,7.5189857100,7.3250209800,7.4961663300,1201891,23537728.0000,0.428591,1.180700
2011-04-11,7.5075760200,7.5380018600,7.3288242100,7.3820694300,1963829,38364991.0000,0.700297,-1.522100
2011-04-12,7.3250209800,7.3706597400,7.1690885500,7.2717757600,1955944,37311729.0000,0.697485,-1.494100
2011-04-13,7.2565628400,7.3706597400,7.2185305400,7.3592500500,1404989,26970050.0000,0.501016,1.202900
2011-04-14,7.3630532800,7.4162985000,7.2755789900,7.3896758900,1482618,28597209.0000,0.528698,0.413400
2011-04-15,7.3896758900,7.3972823500,7.2375466900,7.3326274400,1054253,20296806.0000,0.375944,-0.772000
2011-04-18,7.2679725300,7.4733469500,7.2603660700,7.4429211100,2073193,40359097.0000,0.739295,1.504100
2011-04-19,7.3972823500,7.4391178800,7.2147273100,7.2565628400,2284823,43865242.0000,0.814762,-2.503800
2011-04-20,7.2945951400,7.3288242100,7.1348594800,7.2033176200,2674291,50547654.0000,0.953646,-0.733800
2011-04-21,7.2299402300,7.4239049600,7.2033176200,7.3592500500,2061018,39688157.0000,0.734954,2.164700
2011-04-22,7.3706597400,7.4733469500,7.3402339000,7.3858726600,2252020,43901133.0000,0.803065,0.361800
2011-04-25,7.4467243400,7.5037727900,7.3060048300,7.4162985000,2742819,53589699.0000,0.978082,0.411900
2011-04-26,7.3744629700,7.4086920400,6.9903367400,7.0093528900,3028094,56894838.0000,1.079811,-5.487200
2011-04-27,7.1995143900,7.1995143900,6.7127009500,6.8952559900,2237383,40669849.0000,0.797845,-1.627800
2011-04-28,6.8990592200,6.9294850600,6.6936848000,6.7507332500,1124378,20108047.0000,0.400950,-2.096000
2011-04-29,6.6594557300,6.8267978500,6.6594557300,6.8039784700,676940,12054179.0000,0.241395,0.788700
2011-05-03,6.9104689100,6.9104689100,6.7659461700,6.8420107700,779291,13975256.0000,0.277893,0.559000
2011-05-04,6.7925687800,6.8382075400,6.6252266600,6.6784718800,987010,17452923.0000,0.351965,-2.390200
2011-05-05,6.6936848000,6.7697494000,6.6290298900,6.7355203300,834016,14754676.0000,0.297408,0.854200
2011-05-06,6.6746686500,6.7583397100,6.5871943600,6.6860783400,848279,14880378.0000,0.302494,-0.734000
2011-05-09,6.6936848000,6.8344043100,6.6670621900,6.7393235600,1170563,20813343.0000,0.417420,0.796400
2011-05-10,6.7393235600,6.7393235600,6.7393235600,6.7393235600,0,0.0000,,0.000000
2011-05-11,6.8229946200,6.8610269200,6.7241106400,6.7773558600,1199313,21421255.0000,0.427672,0.564300
2011-05-12,6.6936848000,6.8344043100,6.6936848000,6.7165041800,1139087,20331349.0000,0.406196,-0.897900
2011-05-13,6.7012912600,6.8496172300,6.7012912600,6.8458140000,854458,15208720.0000,0.304698,1.925300
2011-05-16,6.8420107700,6.8762398400,6.7393235600,6.7925687800,768044,13774561.0000,0.273883,-0.777800
2011-05-17,6.8039784700,6.8648301500,6.7431267900,6.7887655500,1143852,20501868.0000,0.407895,-0.056000
2011-05-18,6.7545364800,6.8534204600,6.7545364800,6.8191913900,707969,12701364.0000,0.252460,0.448200
2011-05-19,6.8306010800,6.8534204600,6.5948008200,6.5986040500,1793129,31554582.0000,0.639425,-3.234800
2011-05-20,6.5948008200,6.6746686500,6.5073265300,6.5377523700,1223302,21167365.0000,0.436226,-0.922200
2011-05-23,6.5795879000,6.5795879000,6.2372972000,6.2411004300,1731736,28931745.0000,0.617533,-4.537500
2011-05-24,6.3019521100,6.3019521100,6.1460196800,6.1688390600,1540150,25055355.0000,0.549214,-1.157800
2011-05-25,6.2220842800,6.3818199400,6.1688390600,6.2525101200,1553269,25673484.0000,0.553892,1.356400
2011-05-26,6.2753295000,6.4464748500,6.2563133500,6.2905424200,1535490,25609823.0000,0.547552,0.608300
2011-05-27,6.3095585700,6.3247714900,6.0395292400,6.0509389300,1607827,25924937.0000,0.573347,-3.808900
2011-05-30,6.0775615400,6.0927744600,5.9710711000,5.9900872500,1114856,17686904.0000,0.397555,-1.005700
2011-05-31,5.9729378500,6.1444097500,5.9214962800,6.1158311000,910878,9655037.0000,0.216545,2.099200
2011-06-01,6.1101153700,6.3215973800,6.0529580700,6.2587243500,1728548,18909757.0000,0.410931,2.336400
2011-06-02,6.1729884000,6.4130490600,6.0300951500,6.3730389500,2943141,31934136.0000,0.699678,1.826500
2011-06-03,6.3044501900,6.4587749000,6.3044501900,6.4187647900,1446184,16223588.0000,0.343804,0.717500
2011-06-07,6.5502265800,7.0589265500,6.5273636600,6.7674243200,8810430,106133901.0000,2.094518,5.431900
2011-06-08,6.5730895000,6.7731400500,6.5730895000,6.7159827500,3976712,46476030.0000,0.945390,-0.760100
2011-06-09,6.6531097200,6.7216984800,6.3787546800,6.4301962500,3368574,38468789.0000,0.800817,-4.255300
2011-06-10,6.4016176000,6.4587749000,6.1958513200,6.3558917600,1895950,20944958.0000,0.450727,-1.155600
2011-06-13,6.2187142400,6.3444603000,6.2072827800,6.3158816500,840592,9239090.0000,0.199835,-0.629500
2011-06-14,6.3387445700,6.6016681500,6.3387445700,6.4016176000,1810580,20487146.0000,0.430432,1.357500
2011-06-15,6.4016176000,6.5730895000,6.3616074900,6.4016176000,1684317,19053735.0000,0.400416,0.000000
2011-06-16,6.2987344600,6.3901861400,6.2015670500,6.2072827800,1380375,15150481.0000,0.328159,-3.035700
2011-06-17,6.2072827800,6.2758715400,5.7214457300,5.7786030300,3236694,33755375.0000,0.769465,-6.906100
2011-06-20,5.8128974100,5.8300446000,5.5785524800,5.6700041600,1633370,16178208.0000,0.388304,-1.879300
2011-06-21,5.7100142700,5.7557401100,5.6185625900,5.7157300000,920094,9154220.0000,0.218735,0.806500
2011-06-22,5.7214457300,5.8014659500,5.6700041600,5.6871513500,869953,8722966.0000,0.206815,-0.500000
2011-06-23,5.7157300000,5.8300446000,5.6299940500,5.7957502200,1411320,14207876.0000,0.335515,1.909500
2011-06-24,5.7957502200,6.0986839100,5.7614558400,6.0300951500,2717966,28400285.0000,0.646147,4.043400
2011-06-27,6.0300951500,6.1101153700,5.9958007700,6.0586738000,1518769,16092989.0000,0.361060,0.473900
2011-06-28,6.0529580700,6.1158311000,5.9214962800,5.9729378500,2229468,23291146.0000,0.530015,-1.415100
2011-06-29,5.9786535800,6.0015165000,5.8586232500,5.8643389800,1246672,12927279.0000,0.296373,-1.818200
2011-06-30,5.8643389800,5.9843693100,5.8643389800,5.9214962800,1859379,19257700.0000,0.442033,0.974700
2011-07-01,5.9214962800,6.0472423400,5.9157805500,5.9557906600,1999422,20814910.0000,0.475326,0.579200
2011-07-04,5.9615063900,6.1043996400,5.9615063900,6.0872524500,2939211,31112087.0000,0.698744,2.207300
2011-07-05,6.0586738000,6.2587243500,6.0586738000,6.2587243500,3765298,40806575.0000,0.895131,2.816900
2011-07-06,6.2587243500,6.4759220900,6.1444097500,6.4301962500,3964439,44088867.0000,0.942473,2.739700
2011-07-07,6.3844704100,6.7045512900,6.3558917600,6.5045007400,4615543,52832636.0000,1.097261,1.155600
2011-07-08,6.4759220900,6.6988355600,6.4759220900,6.5502265800,3508091,40448525.0000,0.833984,0.702987
2011-07-11,6.5788052300,6.6645411800,6.4587749000,6.6588254500,2927253,33726294.0000,0.695901,1.657900
2011-07-12,6.5902366900,6.6531097200,6.3787546800,6.4016176000,3298828,37515929.0000,0.784236,-3.862700
2011-07-13,6.4130490600,6.5959524200,6.4016176000,6.5559423100,2180640,24771961.0000,0.518407,2.410700
2011-07-14,6.5445108500,6.9274647600,6.5445108500,6.7388456700,4213266,49822032.0000,1.001627,2.789900
2011-07-15,6.6931198300,7.2303984500,6.6931198300,7.1389467700,7876507,96269754.0000,1.872495,5.937200
2011-07-18,7.0989366600,7.2875557500,7.0132007100,7.0417793600,5579864,69771259.0000,1.326510,-1.361100
2011-07-19,7.0189164400,7.0189164400,6.7559928600,6.8417288100,3945099,47315887.0000,0.937875,-2.840900
2011-07-20,6.8760231900,7.4590276500,6.8760231900,7.1103681200,9267838,115941753.0000,2.203259,3.926500
2011-07-21,7.1789568800,7.1903883400,6.9274647600,7.0189164400,3446771,42296001.0000,0.819407,-1.286200
2011-07-22,6.9731906000,7.1103681200,6.8645917300,7.0132007100,2576488,31514967.0000,0.612513,-0.081400
2011-07-25,6.9446119500,6.9446119500,6.5730895000,6.6073838800,4400044,51826701.0000,1.046030,-5.786500
2011-07-26,6.5902366900,6.6645411800,6.5673737700,6.6188153400,1947505,22508410.0000,0.462984,0.173000
2011-07-27,6.6188153400,6.7674243200,6.5159322000,6.7274142100,2386638,27805561.0000,0.567379,1.640800
2011-07-28,6.6588254500,6.8931703800,6.5902366900,6.7274142100,2789357,32883277.0000,0.663119,0.000000
2011-07-29,6.6988355600,6.7902872400,6.5102164700,6.5273636600,2646258,30472231.0000,0.629099,-2.973700
2011-08-01,6.5673737700,6.5959524200,6.4473434400,6.5102164700,1513168,17316137.0000,0.359728,-0.262700
2011-08-02,6.4759220900,6.5387951200,6.3673232200,6.4816378200,1836601,20600094.0000,0.436618,-0.439000
2011-08-03,6.4301962500,6.5673737700,6.3901861400,6.5273636600,1142396,13001352.0000,0.271584,0.705500
2011-08-04,6.5845209600,6.5845209600,6.3444603000,6.4016176000,2280357,25700870.0000,0.542113,-1.926400
2011-08-05,6.2301457000,6.2701558100,6.1444097500,6.1729884000,1929544,20939243.0000,0.458714,-3.571400
2011-08-08,6.1101153700,6.1558412100,5.7157300000,5.8700547100,2539469,26300393.0000,0.603712,-4.907400
2011-08-09,5.6700041600,5.9157805500,5.4585221500,5.8014659500,2825996,28097034.0000,0.671829,-1.168500
2011-08-10,5.9272120100,6.2301457000,5.8586232500,5.9672221200,3254606,34272348.0000,0.773723,2.857100
2011-08-11,5.8643389800,6.2530086200,5.8128974100,6.1729884000,3349705,35802055.0000,0.796331,3.448300
2011-08-12,6.2301457000,6.2587243500,6.1558412100,6.1672726700,2059512,22339399.0000,0.489611,-0.092600
2011-08-15,6.1729884000,6.2358614300,6.1444097500,6.2187142400,2157915,23342894.0000,0.513005,0.834100
2011-08-16,6.2187142400,6.3501760300,6.1215468300,6.3273131100,2635510,28732762.0000,0.626544,1.746300
2011-08-17,6.3273131100,6.3901861400,6.2301457000,6.3273131100,2211824,24392425.0000,0.525821,0.000000
2011-08-18,6.2873030000,6.3387445700,5.9958007700,6.0015165000,2591882,27796737.0000,0.616172,-5.149100
2011-08-19,5.8243288700,5.9900850400,5.7786030300,5.9786535800,1624233,16829541.0000,0.386132,-0.381000
2011-08-22,5.9672221200,6.0872524500,5.8643389800,5.8814861700,1588295,16495326.0000,0.377588,-1.625200
2011-08-23,5.9157805500,6.0643895300,5.8700547100,6.0358108800,1188369,12462724.0000,0.282513,2.623900
2011-08-24,6.0929681800,6.3101659200,6.0358108800,6.1386940200,3196533,34612718.0000,0.759917,1.704500
2011-08-25,6.1386940200,6.3101659200,6.0186636900,6.3101659200,3280280,35677955.0000,0.779826,2.793300
2011-08-26,6.2587243500,6.3844704100,6.2244299700,6.2987344600,2023213,22322606.0000,0.480982,-0.181155
2011-08-29,6.2187142400,6.5559423100,6.1901355900,6.4930692800,3225178,36060472.0000,0.766727,3.085300
2011-08-30,6.5102164700,7.0303479000,6.4759220900,6.6473939900,8491130,100357959.0000,2.018611,2.376800
2011-08-31,6.6588254500,6.8474445400,6.5273636600,6.6816883700,4712453,54990972.0000,1.120299,0.515900
2011-09-01,6.6874041000,6.7731400500,6.5673737700,6.7502771300,3007605,35189116.0000,0.715003,1.026500
2011-09-02,6.6874041000,6.9731906000,6.5445108500,6.9217490300,5901346,70161809.0000,1.402937,2.540200
2011-09-05,6.9046018400,6.9160333000,6.7159827500,6.7617085900,4051399,48306360.0000,0.963146,-2.312100
2011-09-06,6.6645411800,7.2818400200,6.6302468000,7.0303479000,10868409,133583249.0000,2.583765,3.973000
2011-09-07,7.0303479000,7.4418804600,6.9446119500,7.4304490000,11993830,153126951.0000,2.851313,5.691100
2011-09-08,7.4704591100,7.5733422500,7.2018198000,7.2475456400,8958297,115366320.0000,2.129671,-2.461536
2011-09-09,7.2475456400,7.3904388900,7.0932209300,7.2989872100,6955920,88108702.0000,1.653643,0.709800
2011-09-13,7.2989872100,7.2989872100,7.2989872100,7.2989872100,0,0.0000,,0.000000
2011-09-14,7.2989872100,7.2989872100,7.2989872100,7.2989872100,0,0.0000,,0.000000
2011-09-15,7.2989872100,7.2989872100,7.2989872100,7.2989872100,0,0.0000,,0.000000
2011-09-16,7.2989872100,7.2989872100,7.2989872100,7.2989872100,0,0.0000,,0.000000
2011-09-19,6.9046018400,6.9674748700,6.5673737700,6.5673737700,8885803,103460935.0000,2.112437,-10.023500
2011-09-20,6.4244805200,6.4759220900,6.1444097500,6.3273131100,6516366,71795364.0000,1.549147,-3.655400
2011-09-21,6.2758715400,6.4702063600,6.1615569400,6.4359119800,4615004,51307686.0000,1.097133,1.716400
2011-09-22,6.3730389500,6.5330793900,6.2873030000,6.3273131100,4267321,47931454.0000,1.014477,-1.687400
2011-09-23,6.1158311000,6.2301457000,6.0300951500,6.1901355900,3678968,39527191.0000,0.874607,-2.168000
2011-09-26,6.1787041300,6.2301457000,6.0529580700,6.0872524500,2156658,23177191.0000,0.512706,-1.662000
2011-09-27,6.1844198600,6.2644400800,6.0758209900,6.1101153700,1661277,17902724.0000,0.394938,0.375600
2011-09-28,6.1729884000,6.1729884000,5.8300446000,5.8357603300,2334298,24516802.0000,0.554937,-4.490200
2011-09-29,5.7328771900,5.8929176300,5.6299940500,5.7728873000,2909738,29327569.0000,0.691737,-1.077400
2011-09-30,5.8186131400,5.8471917900,5.6071311300,5.6528569700,1878584,18695832.0000,0.446599,-2.079200
2011-10-10,5.6871513500,5.8014659500,5.6585727000,5.7100142700,1417326,14190714.0000,0.336943,1.011100
2011-10-11,5.8414760600,5.9329277400,5.7100142700,5.7671715700,2218577,22507402.0000,0.527426,1.001000
2011-10-12,5.7214457300,6.2301457000,5.6471412400,6.1158311000,3914777,41074681.0000,0.930667,6.045600
2011-10-13,6.1043996400,6.1901355900,6.0472423400,6.1329782900,1934009,20729966.0000,0.459775,0.280400
2011-10-14,6.0815367200,6.1272625600,5.8986333600,5.9958007700,2178855,22891061.0000,0.517983,-2.236700
2011-10-17,5.9958007700,6.1101153700,5.9958007700,6.0643895300,1117097,11841073.0000,0.265569,1.143900
2011-10-18,6.0015165000,6.1272625600,5.8757704400,5.8872019000,1276695,13357505.0000,0.303511,-2.921800
2011-10-19,5.9443592000,5.9557906600,5.7728873000,5.8814861700,977682,10053189.0000,0.232426,-0.097100
2011-10-20,5.8643389800,5.8814861700,5.7042985400,5.8243288700,1143662,11548410.0000,0.271885,-0.971800
2011-10-21,5.8186131400,5.8414760600,5.6128468600,5.6299940500,1650126,16478793.0000,0.392287,-3.336600
2011-10-24,5.6928670800,6.1958513200,5.6585727000,5.9214962800,2648111,27090361.0000,0.629540,5.177700
2011-10-25,5.9100648200,6.1958513200,5.8357603300,6.1101153700,3374872,35665332.0000,0.802314,3.185300
2011-10-26,6.0243794200,6.4587749000,6.0243794200,6.2987344600,5643510,62160528.0000,1.341641,3.087000
2011-10-27,6.2987344600,6.4016176000,6.1329782900,6.2472928900,3047111,33387222.0000,0.724395,-0.816700
2011-10-28,6.3215973800,6.4073333300,6.2244299700,6.3901861400,3281195,36198725.0000,0.780044,2.287300
2011-10-31,6.3901861400,6.5730895000,6.2758715400,6.3044501900,3244026,36271816.0000,0.771208,-1.341700
2011-11-01,6.2815872700,6.4473434400,6.2301457000,6.3616074900,2024543,22405422.0000,0.481298,0.906600
2011-11-02,6.2072827800,6.4244805200,6.1158311000,6.4016176000,4383114,48000058.0000,1.042005,0.628900
2011-11-03,6.4530591700,6.6188153400,6.3616074900,6.4016176000,4669587,52912048.0000,1.110109,0.000000
2011-11-04,6.4359119800,6.5330793900,6.3730389500,6.4702063600,2403401,27205102.0000,0.571365,1.071400
2011-11-07,6.4587749000,6.6931198300,6.4473434400,6.5959524200,3811370,43940912.0000,0.906083,1.943500
2011-11-08,6.5730895000,6.6245310700,6.3444603000,6.3673232200,3642949,41117509.0000,0.866044,-3.466200
2011-11-09,6.4244805200,6.5445108500,6.3330288400,6.5387951200,2188340,24747201.0000,0.520238,2.693000
2011-11-10,6.4244805200,6.5902366900,6.4016176000,6.4530591700,2342911,26611701.0000,0.556984,-1.311200
2011-11-11,6.4702063600,6.6588254500,6.4702063600,6.5502265800,3416407,39396671.0000,0.812188,1.505800
2011-11-14,6.6016681500,6.8017187000,6.5788052300,6.7159827500,3629822,42816234.0000,0.862924,2.530500
2011-11-15,6.7159827500,7.1332310400,6.7159827500,7.0189164400,6641234,80204761.0000,1.578832,4.510600
2011-11-16,6.9731906000,7.0132007100,6.7331299400,6.7960029700,4820417,57760055.0000,1.145966,-3.175900
2011-11-17,6.7731400500,7.1332310400,6.7731400500,6.9674748700,6713375,82266666.0000,1.595982,2.523100
2011-11-18,6.9446119500,7.1732411500,6.8588760000,6.9446119500,6103878,74798238.0000,1.451085,-0.328100
2011-11-21,6.9446119500,7.0132007100,6.6988355600,6.7902872400,3187583,37900093.0000,0.757789,-2.222200
2011-11-22,6.6759726400,6.8245816200,6.6473939900,6.8017187000,2030937,23978603.0000,0.482818,0.168400
2011-11-23,6.8474445400,6.8931703800,6.7159827500,6.8245816200,1837625,21901697.0000,0.436862,0.336100
2011-11-24,6.7731400500,7.2303984500,6.7731400500,7.0532108200,7719777,95584178.0000,1.835236,3.350100
2011-11-25,7.0074849800,7.4761748400,6.9446119500,7.3961546200,10273799,130170347.0000,2.442408,4.862200
2011-11-28,7.3447130500,7.7048040400,7.2875557500,7.3047029400,12068715,158543035.0000,2.869116,-1.236500
2011-11-29,7.4018703500,7.4876063000,7.1217995800,7.2475456400,7644679,97296218.0000,1.817382,-0.782500
2011-11-30,7.2189669900,7.9277175100,7.1275153100,7.5333321400,15957554,210592157.0000,3.793616,3.943200
2011-12-01,7.7162355000,8.2878085000,7.6304995500,8.2878085000,17177696,243222035.0000,4.083683,10.015200
2011-12-02,8.6821938700,8.6879096000,8.0420321100,8.0706107600,36559982,539107534.0000,8.691466,-2.620700
2011-12-05,7.6590782000,7.6590782000,7.2646928300,7.2646928300,23978833,310010936.0000,5.700528,-9.985800
2011-12-06,6.9789063300,7.3447130500,6.8645917300,7.1560939600,17800508,220018247.0000,4.231745,-1.494900
2011-12-07,7.0074849800,7.2361141800,6.8874546500,6.9274647600,14783404,182405660.0000,3.514484,-3.194900
2011-12-08,6.4644906300,6.8131501600,6.4644906300,6.6130996100,14866490,172484534.0000,3.534236,-4.538000
2011-12-09,6.5559423100,6.8588760000,6.5330793900,6.7331299400,9858494,116472328.0000,2.343676,1.815000
2011-12-12,6.6874041000,6.9046018400,6.6531097200,6.7045512900,7344900,87216379.0000,1.746115,-0.424400
2011-12-13,6.6702569100,6.6702569100,6.3444603000,6.3730389500,6591359,74310315.0000,1.566975,-4.944600
2011-12-14,6.2930187300,6.4587749000,6.1158311000,6.1844198600,4698772,51636101.0000,1.117047,-2.959600
2011-12-15,6.1272625600,6.4016176000,6.0701052600,6.3158816500,5954765,65483645.0000,1.415636,2.125700
2011-12-16,6.3215973800,6.5387951200,6.2587243500,6.5159322000,4008694,44639790.0000,0.952994,3.167400
2011-12-19,6.4016176000,6.4301962500,6.0015165000,6.2873030000,8852545,95923899.0000,2.104530,-3.508800
2011-12-20,6.1787041300,6.3730389500,6.1501254800,6.2187142400,5837981,64243633.0000,1.387873,-1.090900
2011-12-21,6.3387445700,6.4016176000,6.0872524500,6.0929681800,6160797,67389095.0000,1.464617,-2.022100
2011-12-22,5.9443592000,5.9958007700,5.5442581000,5.8014659500,6035456,60929890.0000,1.434819,-4.784200
2011-12-23,5.7500243800,5.8814861700,5.7214457300,5.7957502200,3388187,34476102.0000,0.805479,-0.098500
2011-12-26,5.8186131400,5.8872019000,5.7443086500,5.7557401100,2261145,22999752.0000,0.537546,-0.690300
2011-12-27,5.7728873000,5.7900344900,5.4356592300,5.4813850700,5333642,51837470.0000,1.267976,-4.766600
2011-12-28,5.4642378800,5.4642378800,5.1441570000,5.2699030600,4457826,40774003.0000,1.059766,-3.858200
2011-12-29,5.2013143000,5.3899333900,5.1498727300,5.2470401400,2196627,20299163.0000,0.522208,-0.433800
2011-12-30,5.2527558700,5.4470906900,5.2527558700,5.4299435000,2973811,27883168.0000,0.706969,3.485800
2012-01-04,5.4356592300,5.4871008000,5.1441570000,5.1441570000,3616931,33750418.0000,0.859859,-5.263200
2012-01-05,5.0869997000,5.1898828400,4.9383907200,4.9612536400,3387316,30014668.0000,0.805272,-3.555600
2012-01-06,4.8983806100,5.1041468900,4.8583705000,5.1041468900,2321498,20285444.0000,0.551894,2.880200
2012-01-09,5.0869997000,5.4470906900,4.9784008300,5.4127963100,3851269,35712679.0000,0.915569,6.047000
2012-01-10,5.3613547400,5.7900344900,5.3213446300,5.6471412400,6547682,64687811.0000,1.556591,4.329500
2012-01-11,5.6471412400,5.7443086500,5.6185625900,5.6871513500,2526712,25148980.0000,0.600680,0.708500
2012-01-12,5.6757198900,5.8586232500,5.5899839400,5.7900344900,2909781,29237256.0000,0.691747,1.809000
2012-01-13,5.7557401100,5.8071816800,5.4642378800,5.5156794500,3450955,33794294.0000,0.820401,-4.738400
2012-01-16,5.4813850700,5.5842682100,5.3156289000,5.3213446300,1302491,12465362.0000,0.309643,-3.523300
2012-01-17,5.3499232800,5.6871513500,5.3156289000,5.6757198900,3012268,29119711.0000,0.716112,6.659500
2012-01-18,5.7157300000,5.8128974100,5.4813850700,5.5556895600,2348052,23258848.0000,0.558206,-2.114800
2012-01-19,5.5156794500,5.7957502200,5.5156794500,5.7614558400,2559136,25497955.0000,0.608388,3.703700
2012-01-20,5.7728873000,5.8700547100,5.6700041600,5.8128974100,2732868,27680126.0000,0.649689,0.892900
2012-01-30,5.8128974100,5.8643389800,5.7500243800,5.7671715700,2114062,21451764.0000,0.502580,-0.786600
2012-01-31,5.7843187600,5.7957502200,5.6871513500,5.7157300000,1118223,11204038.0000,0.265837,-0.892000
2012-02-01,5.5899839400,5.8071816800,5.5899839400,5.6528569700,1460062,14578733.0000,0.347103,-1.100000
2012-02-02,5.6585727000,5.8014659500,5.6585727000,5.7900344900,1848718,18636396.0000,0.439499,2.426700
2012-02-03,5.8243288700,6.1958513200,5.7786030300,6.1101153700,4379693,46203582.0000,1.041192,5.528100
2012-02-06,6.1272625600,6.1729884000,6.0072322300,6.1043996400,2737064,29123760.0000,0.650687,-0.093500
2012-02-07,6.0758209900,6.2873030000,6.0586738000,6.1158311000,3469351,37477445.0000,0.824775,0.187300
2012-02-08,6.1615569400,6.3959018700,6.1272625600,6.3444603000,4880330,53746460.0000,1.160209,3.738300
2012-02-09,6.3501760300,6.5387951200,6.2701558100,6.4073333300,4437960,49615758.0000,1.055044,0.991000
2012-02-10,6.3444603000,6.6302468000,6.2873030000,6.5902366900,4509464,51323471.0000,1.072042,2.854600
2012-02-13,6.5216479300,6.8302973500,6.4702063600,6.6988355600,4493736,52795694.0000,1.068303,1.647900
2012-02-14,6.7445614000,6.7445614000,6.5502265800,6.5730895000,3708267,42984900.0000,0.881573,-1.877100
2012-02-15,6.5673737700,6.7159827500,6.5159322000,6.6988355600,3575888,41540256.0000,0.850102,1.913000
2012-02-16,6.6645411800,6.8074344300,6.6302468000,6.7216984800,2356834,27752664.0000,0.560294,0.341300
2012-02-17,6.7559928600,6.8017187000,6.5502265800,6.6302468000,2481818,28797904.0000,0.590007,-1.360500
2012-02-20,6.7559928600,6.7902872400,6.5845209600,6.6302468000,2812056,32940771.0000,0.668515,0.000000
2012-02-21,6.6016681500,6.6874041000,6.5387951200,6.6702569100,2630983,30448744.0000,0.625468,0.603400
2012-02-22,6.6302468000,6.7788557800,6.6302468000,6.7502771300,3788177,44499816.0000,0.900570,1.199700
2012-02-23,6.7274142100,6.9160333000,6.7159827500,6.8017187000,4323264,51652335.0000,1.027777,0.762100
2012-02-24,6.8360130800,6.8988861100,6.7445614000,6.8588760000,3201918,38268593.0000,0.761197,0.840300
2012-02-27,6.8931703800,7.1160838500,6.8931703800,6.9103175700,5775591,70543728.0000,1.373041,0.750000
2012-02-28,6.8588760000,6.9446119500,6.7331299400,6.7674243200,3601127,42932400.0000,0.856102,-2.067800
2012-02-29,6.6645411800,6.7502771300,6.6016681500,6.6302468000,2714042,31655682.0000,0.645214,-2.027000
2012-03-01,6.6588254500,6.7731400500,6.6073838800,6.6416782600,2249366,26316461.0000,0.534746,0.172400
2012-03-02,6.6473939900,6.8588760000,6.6302468000,6.8588760000,2570449,30467019.0000,0.611077,3.270200
2012-03-05,6.8874546500,6.9217490300,6.8017187000,6.8988861100,2924304,35083418.0000,0.695200,0.583300
2012-03-06,6.8360130800,6.8988861100,6.7388456700,6.8588760000,2913868,34737376.0000,0.692719,-0.580000
2012-03-07,6.7960029700,7.0703580100,6.7331299400,6.9217490300,5008291,60833436.0000,1.190629,0.916700
2012-03-08,6.8760231900,7.4018703500,6.8760231900,7.2532613700,7642412,96839079.0000,1.816843,4.789400
2012-03-09,7.2532613700,7.4704591100,7.2532613700,7.3790074300,5846633,75292303.0000,1.389930,1.733600
2012-03-12,7.3161344000,7.3447130500,7.1789568800,7.2646928300,5842867,73985476.0000,1.389035,-1.549200
2012-03-13,7.2418299100,7.3218501300,7.2018198000,7.2761242900,2728982,34714291.0000,0.648765,0.157400
2012-03-14,7.2704085600,7.3332815900,6.6302468000,6.7960029700,8108243,100366850.0000,1.927586,-6.598600
2012-03-15,6.7960029700,6.8474445400,6.4473434400,6.5902366900,5256572,60884032.0000,1.249654,-3.027800
2012-03-16,6.5845209600,6.9046018400,6.5730895000,6.8874546500,4236179,50176632.0000,1.007074,4.510000
2012-03-19,6.9160333000,7.2361141800,6.8703074600,7.1275153100,4324450,53453787.0000,1.028059,3.485500
2012-03-20,7.1217995800,7.2361141800,6.8588760000,6.8874546500,4255106,52804239.0000,1.011574,-3.368100
2012-03-21,6.9331804900,7.0189164400,6.7102670200,6.8874546500,4389586,52511868.0000,1.043544,0.000000
2012-03-22,6.8645917300,6.8988861100,6.7159827500,6.8245816200,1728024,20570338.0000,0.410806,-0.912900
2012-03-23,6.8017187000,6.8302973500,6.5845209600,6.6816883700,2700029,31617288.0000,0.641882,-2.093800
2012-03-26,6.6702569100,6.7159827500,6.5788052300,6.7159827500,1292497,15062704.0000,0.307267,0.513300
2012-03-27,6.7159827500,6.7731400500,6.5616580400,6.6188153400,2025993,23567880.0000,0.481643,-1.446800
2012-03-28,6.6016681500,6.6016681500,6.1272625600,6.2301457000,4776696,52920587.0000,1.135572,-5.872200
2012-03-29,6.2015670500,6.2301457000,5.8414760600,6.0129479600,3540417,37282826.0000,0.841669,-3.486200
2012-03-30,6.0300951500,6.0586738000,5.8586232500,5.9729378500,1889471,19724606.0000,0.449187,-0.665400
2012-04-05,6.0300951500,6.3844704100,6.0015165000,6.3044501900,3138660,34299756.0000,0.746159,5.550200
2012-04-06,6.3158816500,6.3616074900,6.2472928900,6.3387445700,1815568,20039571.0000,0.431618,0.544000
2012-04-09,6.2873030000,6.3215973800,6.1501254800,6.2072827800,1969175,21445043.0000,0.468135,-2.073900
2012-04-10,6.2015670500,6.2987344600,5.9729378500,6.2815872700,2724660,29164547.0000,0.647738,1.197100
2012-04-11,6.1729884000,6.3158816500,6.1101153700,6.2301457000,2098437,22878536.0000,0.498865,-0.818900
2012-04-12,6.2358614300,6.5616580400,6.2301457000,6.5216479300,3790812,42708647.0000,0.901196,4.678900
2012-04-13,6.5445108500,6.7159827500,6.5045007400,6.6130996100,3229473,37457171.0000,0.767748,1.402300
2012-04-16,6.5502265800,6.9046018400,6.5216479300,6.8302973500,4016377,47372604.0000,0.954820,3.284400
2012-04-17,6.7902872400,6.9388962200,6.6588254500,6.7159827500,3989167,47555396.0000,0.948351,-1.673600
2012-04-18,6.7388456700,6.9446119500,6.6988355600,6.9103175700,3406085,40913400.0000,0.809734,2.893600
2012-04-19,6.9274647600,6.9731906000,6.7731400500,6.8588760000,3029380,36496879.0000,0.720180,-0.744400
2012-04-20,6.8588760000,7.1332310400,6.7617085900,7.0189164400,4378568,53374035.0000,1.040924,2.333300
2012-04-23,6.9731906000,7.0074849800,6.8017187000,6.8131501600,2922397,35318231.0000,0.694746,-2.931600
2012-04-24,6.7445614000,6.8760231900,6.2873030000,6.8017187000,4251785,49236213.0000,1.010784,-0.167800
2012-04-25,6.6588254500,7.2018198000,6.5788052300,7.0189164400,5036539,61389026.0000,1.197345,3.193300
2012-04-26,6.9446119500,7.1046523900,6.8645917300,7.0017692500,3224871,39509322.0000,0.766654,-0.244300
2012-04-27,6.9731906000,7.0474950900,6.8531602700,6.9331804900,2314188,28014816.0000,0.550156,-0.979600
2012-05-02,7.0303479000,7.1446625000,6.8988861100,6.9789063300,3839229,47057498.0000,0.912706,0.659500
2012-05-03,6.9274647600,7.0703580100,6.9217490300,7.0417793600,2635642,32313963.0000,0.626576,0.900900
2012-05-04,7.0132007100,7.2418299100,6.9960535200,7.1618096900,4615574,57874808.0000,1.097268,1.704500
2012-05-07,7.1560939600,7.1789568800,7.0303479000,7.1217995800,2799682,34727597.0000,0.665573,-0.558700
2012-05-08,7.1446625000,7.1732411500,6.9560434100,6.9960535200,2328355,28674428.0000,0.553524,-1.765700
2012-05-09,6.9731906000,6.9731906000,6.6759726400,6.7388456700,4869847,57685163.0000,1.157717,-3.676500
2012-05-10,6.7388456700,6.8531602700,6.6874041000,6.7731400500,1805826,21422460.0000,0.429302,0.508900
2012-05-11,6.7502771300,6.7617085900,6.5788052300,6.6588254500,3155966,36819971.0000,0.750273,-1.687800
2012-05-14,6.7388456700,7.3275658600,6.6874041000,7.3275658600,10318115,128853694.0000,2.452943,10.042900
2012-05-15,7.3161344000,7.6362152800,7.2589771000,7.5276164100,20274545,264583764.0000,4.819902,2.730100
2012-05-16,7.4304490000,7.6762253900,7.3504287800,7.5219006800,12649353,166036159.0000,3.007152,-0.075900
2012-05-17,7.4418804600,7.8419815600,7.3790074300,7.5390478700,14013547,186608884.0000,3.331464,0.228000
2012-05-18,7.3847231600,7.4304490000,7.1846726100,7.3218501300,10317306,131795325.0000,2.452751,-2.881000
2012-05-21,7.3161344000,7.9220017800,7.2018198000,7.7962557200,10530777,138648478.0000,2.503499,6.479300
2012-05-22,7.7390984200,7.9448647000,7.6762253900,7.7791085300,8482713,115727929.0000,2.016610,-0.219900
2012-05-23,7.7848242600,8.0363163800,7.7848242600,7.9391489700,10164728,140783844.0000,2.416478,2.057300
2012-05-24,7.8934231300,8.4478489400,7.8305501000,8.2363669300,15025253,214953621.0000,3.571979,3.743700
2012-05-25,8.2477983900,8.2992399600,7.8134029100,7.8934231300,12466475,175798718.0000,2.963676,-4.163800
2012-05-28,7.8019714500,8.2820927700,7.8019714500,8.2363669300,10117930,142872526.0000,2.405353,4.344700
2012-05-29,8.2592298500,8.3163871500,7.9677276200,8.0877579500,7633597,108490658.0000,1.814748,-1.804300
2012-05-30,8.0648950300,8.3449658000,8.0191691900,8.0820422200,5750306,82382603.0000,1.367030,-0.070700
2012-05-31,8.0477478400,8.2077882800,7.8762759400,7.9220017800,6395287,89688508.0000,1.520362,-1.980200
2012-06-01,7.9448647000,8.3449658000,7.8419815600,8.3163871500,9369880,133639225.0000,2.227517,4.978400
2012-06-04,8.1506309800,8.3906916400,8.0363163800,8.0763264900,8304857,119160190.0000,1.974328,-2.886600
2012-06-05,8.0991894100,8.1620624400,7.8877074000,7.9391489700,5298022,74167141.0000,1.259508,-1.698500
2012-06-06,7.9391489700,7.9905905400,7.5904894400,7.6990883100,11239876,152033220.0000,2.672075,-3.023800
2012-06-07,7.7505298800,7.8877074000,7.6419310100,7.7791085300,4891761,66421608.0000,1.162927,1.039300
2012-06-08,7.8305501000,7.8877074000,7.6476467400,7.7105197700,3530825,47954137.0000,0.839389,-0.881700
2012-06-11,7.6476467400,7.7619613400,7.4704591100,7.7505298800,4115060,54732987.0000,0.978280,0.518900
2012-06-12,7.6762253900,8.0477478400,7.6076366300,8.0077377300,5991425,83049201.0000,1.424352,3.318600
2012-06-13,8.0363163800,8.1163366000,7.8991388600,8.0648950300,4301321,60308467.0000,1.022560,0.713800
2012-06-14,8.0134534600,8.0934736800,7.9334332400,7.9963062700,2140686,29901646.0000,0.508909,-0.850500
2012-06-15,7.9562961600,8.2135040100,7.9162860500,8.1677781700,6072178,86242211.0000,1.443549,2.144400
2012-06-18,8.1734939000,8.1963568200,7.8134029100,7.8362658300,6914081,96269491.0000,1.643696,-4.058800
2012-06-19,7.8305501000,7.8534130200,7.6362152800,7.6876568500,7079780,95699398.0000,1.683088,-1.896400
2012-06-20,7.6990883100,7.7562456100,7.6019209000,7.7333826900,3204130,43138774.0000,0.761723,0.594800
2012-06-21,7.7619613400,7.7848242600,7.5047534900,7.6419310100,2766377,36820065.0000,0.657655,-1.182600
2012-06-25,7.6590782000,7.7733928000,7.4933220300,7.5619107900,3082358,41000323.0000,0.732774,-1.047100
2012-06-26,7.5333321400,7.5333321400,7.2303984500,7.4018703500,3083038,39782672.0000,0.732936,-2.116400
2012-06-27,7.3275658600,7.4361647300,7.2589771000,7.3732917000,2321906,29881676.0000,0.551991,-0.386100
2012-06-28,7.3904388900,7.4533119200,7.2818400200,7.2932714800,1769668,22832694.0000,0.420706,-1.085300
2012-06-29,7.2932714800,7.2932714800,7.2932714800,7.2932714800,0,0.0000,,0.000000
2012-07-02,7.4475961900,7.6933725800,7.4304490000,7.6019209000,5687225,75134268.0000,1.352034,4.232000
2012-07-03,7.5333321400,7.6533624700,7.4761748400,7.6247838200,3298291,43627390.0000,0.784108,0.300800
2012-07-04,7.6247838200,7.6933725800,7.5561950600,7.6304995500,2139779,28562589.0000,0.508693,0.075000
2012-07-05,7.6247838200,7.6247838200,7.2589771000,7.3047029400,3406550,43928276.0000,0.809845,-4.269700
2012-07-06,7.3504287800,7.5161849500,7.1789568800,7.4304490000,3644193,46772429.0000,0.866340,1.721400
2012-07-09,7.4304490000,7.4761748400,6.8588760000,6.8988861100,4653192,58811407.0000,1.106211,-7.153800
2012-07-10,6.8988861100,7.0017692500,6.7845715100,6.8588760000,3443967,41419472.0000,0.818740,-0.580000
2012-07-11,6.8074344300,6.8703074600,6.7102670200,6.8474445400,2419890,28723753.0000,0.575285,-0.166700
2012-07-12,6.8074344300,7.1846726100,6.7617085900,7.0589265500,3077985,37698329.0000,0.731735,3.088500
2012-07-13,7.0132007100,7.2132512600,6.9217490300,7.0875052000,1977189,24608080.0000,0.470040,0.404900
2012-07-16,7.0760737400,7.0932209300,6.7502771300,6.8131501600,3163514,38084210.0000,0.752068,-3.871000
2012-07-17,6.7674243200,7.4933220300,6.7674243200,7.4933220300,5423352,68563036.0000,1.289303,9.983200
2012-07-18,7.5047534900,7.7276669600,7.4361647300,7.6819411200,7148082,94955275.0000,1.699326,2.517200
2012-07-19,7.5904894400,7.8191186400,7.5161849500,7.7390984200,5426399,73229129.0000,1.290027,0.744000
2012-07-20,7.7562456100,7.8762759400,7.5276164100,7.6362152800,6204411,83349255.0000,1.474985,-1.329400
2012-07-23,7.5333321400,7.6304995500,7.4418804600,7.5904894400,2190109,28905953.0000,0.520658,-0.598800
2012-07-24,7.5733422500,7.5790579800,7.3790074300,7.5161849500,2860749,37352068.0000,0.680091,-0.978900
2012-07-25,7.4761748400,8.1049051400,7.4590276500,7.7162355000,6628188,90282832.0000,1.575730,2.661600
2012-07-26,7.6647939300,7.8019714500,7.4704591100,7.4933220300,4209638,56217779.0000,1.000764,-2.888900
2012-07-27,7.5447636000,7.5904894400,7.2646928300,7.3104186700,2853123,36915428.0000,0.678278,-2.440900
2012-07-30,7.2246827200,7.4590276500,6.8874546500,6.9503276800,4629996,58192909.0000,1.100697,-4.925700
2012-07-31,6.9789816600,7.0591998400,6.7669764700,6.9732517900,2616000,31489764.0000,0.621906,0.329800
2012-08-01,6.9388725700,7.2081764600,6.9388725700,7.1107686700,3161577,39090745.0000,0.751607,1.972100
2012-08-02,7.0821193200,7.1623375000,6.9904414000,7.0763894500,1783998,22007248.0000,0.424113,-0.483500
2012-08-03,7.0763894500,7.2712050300,6.9847115300,7.2482855500,2612617,32596298.0000,0.621102,2.429100
2012-08-06,7.1336881500,7.4373712600,7.1222284100,7.4201816500,2631569,33630765.0000,0.625607,2.371500
2012-08-07,7.4316413900,7.5061297000,7.3571530800,7.4201816500,3000082,38846466.0000,0.713215,0.000000
2012-08-08,7.3858024300,7.4201816500,7.1451478900,7.2196362000,3537445,44781361.0000,0.840963,-2.702700
2012-08-09,7.2196362000,7.5519686600,7.1623375000,7.5061297000,3863357,50030256.0000,0.918442,3.968300
2012-08-10,7.5290491800,7.5290491800,7.3972621700,7.4431011300,2290573,29738165.0000,0.544542,-0.839700
2012-08-13,7.4431011300,7.4774803500,7.1909868500,7.2196362000,2581047,33024755.0000,0.613597,-3.002300
2012-08-14,7.2196362000,7.3055842500,7.0477401000,7.2769349000,1963990,24593782.0000,0.466903,0.793700
2012-08-15,7.3342336000,7.3399634700,7.0534699700,7.0878491900,1991924,24935252.0000,0.473543,-2.598400
2012-08-16,7.0935790600,7.1508777600,7.0076310100,7.0706595800,897240,11074822.0000,0.213302,-0.242500
2012-08-17,7.0706595800,7.0993089300,6.9446024400,7.0821193200,1252940,15310529.0000,0.297864,0.162100
2012-08-20,7.0019011400,7.1623375000,6.9617920500,7.1107686700,1015586,12551159.0000,0.241437,0.404500
2012-08-21,7.0993089300,7.2482855500,7.0591998400,7.1680673700,1856068,23181047.0000,0.441246,0.805800
2012-08-22,7.1623375000,7.1623375000,6.9789816600,7.0477401000,1967534,24193121.0000,0.467745,-1.678700
2012-08-23,7.0534699700,7.0935790600,6.9331427000,7.0706595800,1093369,13415628.0000,0.259928,0.325200
2012-08-24,7.0477401000,7.2597452900,6.9961712700,7.1164985400,2459098,30781431.0000,0.584606,0.648300
2012-08-27,7.1164985400,7.2482855500,7.0305504900,7.1164985400,2267198,28340566.0000,0.538985,0.000000
2012-08-28,7.1164985400,7.1336881500,6.8529245200,7.0190907500,2892835,35130640.0000,0.687719,-1.368800
2012-08-29,6.9961712700,6.9961712700,6.8242751700,6.8414647800,1728490,20785740.0000,0.410917,-2.530600
2012-08-30,6.8185453000,6.8987634800,6.6867582900,6.8242751700,1934239,22865716.0000,0.459830,-0.251254
2012-08-31,6.8643842600,6.8873037400,6.7211375100,6.7612466000,1335360,15794103.0000,0.317457,-0.923600
2012-09-03,6.7612466000,6.9044933500,6.6924881600,6.8300050400,1296159,15377688.0000,0.308138,1.016900
2012-09-04,6.8471946500,6.8987634800,6.7784362100,6.8529245200,1151789,13742590.0000,0.273817,0.335600
2012-09-05,6.8471946500,6.9732517900,6.7325972500,6.9503323100,1437250,17367703.0000,0.341680,1.421400
2012-09-06,6.9044933500,7.0019011400,6.8987634800,6.9847115300,904491,10971333.0000,0.215026,0.494600
2012-09-07,7.0420102300,7.2540154200,7.0190907500,7.1795271100,3014004,37630976.0000,0.716524,2.789200
2012-09-10,7.1737972400,7.2712050300,7.1451478900,7.2081764600,1430176,17979879.0000,0.339998,0.399000
2012-09-11,7.1336881500,7.7009452800,7.1336881500,7.3686128200,6529850,85127041.0000,1.552352,2.225800
2012-09-12,7.3858024300,7.4373712600,7.2941245100,7.3628829500,2780155,35651775.0000,0.660931,-0.077800
2012-09-13,7.3915323000,7.7009452800,7.3628829500,7.3743426900,3457407,45512144.0000,0.821935,0.155600
2012-09-14,7.3628829500,7.4201816500,7.2482855500,7.3227738600,1924650,24681905.0000,0.457550,-0.699300
2012-09-17,7.2712050300,7.4431011300,7.1623375000,7.1852569800,1619532,20612366.0000,0.385014,-1.877900
2012-09-18,7.1623375000,7.1852569800,6.9044933500,6.9789816600,2618460,31949817.0000,0.622491,-2.870800
2012-09-19,7.0190907500,7.0420102300,6.9675219200,6.9961712700,982525,12002600.0000,0.233577,0.246300
2012-09-20,6.9961712700,6.9961712700,6.8185453000,6.8758440000,1505823,18141191.0000,0.357982,-1.719900
2012-09-21,6.8758440000,6.9274128300,6.7841660800,6.8414647800,927520,11074173.0000,0.220501,-0.500000
2012-09-24,6.8128154300,6.9904414000,6.7440569900,6.9044933500,1015043,12170179.0000,0.241308,0.921300
2012-09-25,6.9159530900,6.9789816600,6.8529245200,6.8815738700,701790,8467371.0000,0.166838,-0.332000
2012-09-26,6.8758440000,6.9331427000,6.5893505000,6.6122699800,1952928,22900073.0000,0.464273,-3.913400
2012-09-27,6.5607011500,6.8013556900,6.5607011500,6.7096777700,1444628,16897970.0000,0.343434,1.473100
2012-09-28,6.7039479000,6.8643842600,6.6982180300,6.8414647800,1833648,21710881.0000,0.435916,1.964100
2012-10-08,6.8357349100,6.9044933500,6.7898959500,6.8070855600,751750,8965749.0000,0.178715,-0.502500
2012-10-09,6.8300050400,7.0190907500,6.8242751700,7.0076310100,1569937,19047522.0000,0.373224,2.946100
2012-10-10,6.9675219200,6.9789816600,6.8643842600,6.9503323100,2286002,27609958.0000,0.543455,-0.817700
2012-10-11,7.0763894500,7.2310959400,6.9331427000,6.9789816600,2974418,36830579.0000,0.707113,0.412200
2012-10-12,6.8758440000,7.0362803600,6.8414647800,6.9274128300,1481402,17861246.0000,0.352176,-0.738900
2012-10-15,6.9388725700,6.9503323100,6.7039479000,6.7555167300,1720857,20378237.0000,0.409102,-2.481400
2012-10-16,6.7612466000,6.9102232200,6.7612466000,6.8070855600,1100820,13107957.0000,0.261700,0.763400
2012-10-17,6.8185453000,6.8357349100,6.7039479000,6.7727063400,1169948,13807638.0000,0.278134,-0.505100
2012-10-18,6.8128154300,6.9331427000,6.7669764700,6.8758440000,1470948,17641520.0000,0.349691,1.522800
2012-10-19,6.9044933500,7.0190907500,6.8529245200,6.9044933500,1528806,18504330.0000,0.363446,0.416668
2012-10-22,6.8643842600,6.9216829600,6.8242751700,6.8930336100,1194069,14326734.0000,0.283868,-0.166000
2012-10-23,6.8873037400,6.9961712700,6.8758440000,6.9274128300,1804806,21869725.0000,0.429060,0.498800
2012-10-24,6.8300050400,6.9675219200,6.8300050400,6.8815738700,839782,10107882.0000,0.199643,-0.661700
2012-10-25,6.8758440000,6.9044933500,6.8128154300,6.8300050400,883886,10559017.0000,0.210128,-0.749400
2012-10-26,6.8242751700,6.8586543900,6.6752985500,6.7154076400,1264091,14855454.0000,0.300514,-1.677900
2012-10-29,6.7784362100,6.8242751700,6.6638388100,6.7096777700,1033035,12145676.0000,0.245585,-0.085300
2012-10-30,6.6752985500,6.8070855600,6.6695686800,6.7039479000,562791,6588126.0000,0.133793,-0.085400
2012-10-31,6.7497868600,6.7555167300,6.6351894600,6.7096777700,527557,6155384.0000,0.125417,0.085500
2012-11-01,6.6982180300,6.8529245200,6.6810284200,6.8128154300,1195127,14189978.0000,0.284120,1.537100
2012-11-02,6.8070855600,6.8643842600,6.7727063400,6.8357349100,966303,11500150.0000,0.229721,0.336400
2012-11-05,6.8529245200,6.8643842600,6.7669764700,6.8185453000,888800,10560993.0000,0.211296,-0.251500
2012-11-06,6.7669764700,6.8185453000,6.6523790700,6.7612466000,1095393,12824542.0000,0.260410,-0.840300
2012-11-07,6.8070855600,6.9503323100,6.7325972500,6.8987634800,2139555,25699598.0000,0.508640,2.033900
2012-11-08,6.8758440000,7.0019011400,6.8185453000,6.8414647800,2821017,34086708.0000,0.670645,-0.830600
2012-11-09,6.8414647800,6.8643842600,6.6523790700,6.7612466000,1784114,20924352.0000,0.424140,-1.172500
2012-11-12,6.7497868600,6.8128154300,6.6523790700,6.7612466000,1132748,13295288.0000,0.269290,0.000000
2012-11-13,6.7383271200,6.7727063400,6.6638388100,6.6867582900,1147001,13440101.0000,0.272678,-1.101700
2012-11-14,6.6982180300,6.7383271200,6.6523790700,6.6924881600,528315,6159222.0000,0.125597,0.085700
2012-11-15,6.6982180300,6.6982180300,6.4289141400,6.5549712800,1292504,14846378.0000,0.307269,-2.054800
2012-11-16,6.5205920600,6.5377816700,6.2455583000,6.3830751800,3239226,35754839.0000,0.770067,-2.622400
2012-11-19,6.3601557000,6.3601557000,6.0851219400,6.2512881700,2008165,21735777.0000,0.477404,-2.064600
2012-11-20,6.2742076500,6.3372362200,6.1424206400,6.2570180400,1525657,16640979.0000,0.362697,0.091700
2012-11-21,6.2570180400,6.2856673900,6.1252310300,6.2799375200,1178381,12724635.0000,0.280139,0.366300
2012-11-22,6.2226388200,6.2971271300,6.1882596000,6.2226388200,1797365,19590876.0000,0.427291,-0.912400
2012-11-23,6.2799375200,6.3888050500,6.2111790800,6.2570180400,1664508,18325735.0000,0.395706,0.552500
2012-11-26,6.2340985600,6.3888050500,6.2054492100,6.2799375200,1338953,14775714.0000,0.318312,0.366300
2012-11-27,6.2226388200,6.2570180400,5.7298700000,5.8788466200,2648461,27377862.0000,0.629623,-6.386900
2012-11-28,5.8043583100,5.8501972700,5.6439219500,5.6668414300,1423600,14232770.0000,0.338435,-3.606200
2012-11-29,5.6897609100,5.7928985700,5.6152726000,5.6496518200,729094,7271684.0000,0.173329,-0.303300
2012-11-30,5.6496518200,5.7298700000,5.6267323400,5.6553816900,601750,5961454.0000,0.143055,0.101400
2012-12-03,5.6095427300,5.6840310400,5.5006752000,5.5235946800,726499,7114035.0000,0.172712,-2.330300
2012-12-04,5.5866232500,5.5980829900,5.1798024800,5.3688881900,2982062,27621774.0000,0.708931,-2.800800
2012-12-05,5.3516985800,5.7642492200,5.2886700100,5.7184102600,2323735,22764624.0000,0.552425,6.510100
2012-12-06,5.7184102600,5.7699790900,5.6038128600,5.6095427300,1005817,9977131.0000,0.239115,-1.903800
2012-12-07,5.6095427300,5.7986284400,5.6095427300,5.7069505200,2222819,22137361.0000,0.528435,1.736500
2012-12-10,5.7298700000,5.8673868800,5.7184102600,5.8158180500,2108097,21277435.0000,0.501161,1.907600
2012-12-11,5.8100881800,5.8387375300,5.7126803900,5.7355998700,2178033,21948108.0000,0.517787,-1.379300
2012-12-12,5.7241401300,5.7814388300,5.6611115600,5.7012206500,1220675,12158423.0000,0.290193,-0.599400
2012-12-13,5.6725713000,5.6783011700,5.5006752000,5.5293245500,1722640,16742919.0000,0.409526,-3.015100
2012-12-14,5.5293245500,5.8731167500,5.5293245500,5.8043583100,3591160,36053605.0000,0.853733,4.974100
2012-12-17,5.7527894800,5.9877141500,5.7527894800,5.8387375300,2577262,26335393.0000,0.612697,0.592300
2012-12-18,5.8387375300,6.1309609000,5.7585193500,5.9418751900,3997777,41614239.0000,0.950398,1.766400
2012-12-19,5.9762544100,6.1252310300,5.8903063600,5.9246855800,4675293,49002505.0000,1.111465,-0.289300
2012-12-20,5.8444674000,5.9304154500,5.7757089600,5.8731167500,2845324,29002128.0000,0.676424,-0.870400
2012-12-21,5.8444674000,5.9533349300,5.8100881800,5.8387375300,1869154,19121174.0000,0.444357,-0.585400
2012-12-24,5.8043583100,5.9017661000,5.7871687000,5.8788466200,1980011,20258889.0000,0.470711,0.686900
2012-12-25,5.8559271400,6.1080414200,5.8387375300,6.0335531100,3414794,35741307.0000,0.811805,2.631600
2012-12-26,6.0220933700,6.1997193400,5.9877141500,6.1366907700,3004506,32155387.0000,0.714266,1.709400
2012-12-27,6.1825297300,6.1825297300,6.0220933700,6.0278232400,2148749,22769892.0000,0.510826,-1.774000
2012-12-28,6.0220933700,6.1252310300,5.9934440200,6.0965816800,1925066,20339296.0000,0.457649,1.140700
2012-12-31,6.1023115500,6.1997193400,6.0622024600,6.1596102500,3290469,35265029.0000,0.782249,1.033800
2013-01-04,6.2169089500,6.4059946600,6.1309609000,6.2627479100,3771394,41210620.0000,0.896580,1.674400
2013-01-07,6.3372362200,6.5205920600,6.3143167400,6.3486959600,3673199,40903866.0000,0.873236,1.372400
2013-01-08,6.3085868700,6.4117245300,6.2570180400,6.3601557000,2759510,30537840.0000,0.656023,0.180500
2013-01-09,6.3945349200,6.3945349200,6.2340985600,6.3257764800,2874785,31694906.0000,0.683427,-0.540500
2013-01-10,6.3544258300,6.3888050500,6.2512881700,6.3028570000,2425955,26768666.0000,0.576726,-0.362300
2013-01-11,6.3429660900,6.3429660900,6.0965816800,6.1137712900,2407111,26054331.0000,0.572247,-3.000000
2013-01-14,6.1137712900,6.3716154400,6.1080414200,6.3429660900,3679287,40373521.0000,0.874683,3.748800
2013-01-15,6.3658855700,6.4919427100,6.3372362200,6.4059946600,3972656,44563772.0000,0.944426,0.993700
2013-01-16,6.4059946600,6.4403738800,6.2340985600,6.4117245300,3691961,40871445.0000,0.877696,0.089400
2013-01-17,6.5034024500,6.5034024500,6.2913972600,6.3486959600,3034223,33820213.0000,0.721331,-0.983000
2013-01-18,6.3315063500,6.4117245300,6.2856673900,6.3830751800,1794744,19926087.0000,0.426668,0.541500
2013-01-21,6.4117245300,6.4174544000,6.2913972600,6.3372362200,2613181,28891065.0000,0.621236,-0.718100
2013-01-22,6.3315063500,6.3888050500,6.2455583000,6.2684777800,3077842,33892909.0000,0.731701,-1.085000
2013-01-23,6.2570180400,6.3257764800,6.2169089500,6.3085868700,3053308,33434043.0000,0.725868,0.639900
2013-01-24,6.3143167400,6.3544258300,6.0564725900,6.1424206400,3447096,37426001.0000,0.819484,-2.634000
2013-01-25,6.1653401200,6.1710699900,6.0392829800,6.0507427200,1662283,17624265.0000,0.395177,-1.492500
2013-01-28,6.1424206400,6.4575634900,6.0450128500,6.4461037500,6943696,76434174.0000,1.650737,6.534100
2013-01-29,6.3945349200,6.6294595900,6.3601557000,6.5778907600,6215546,70659262.0000,1.477632,2.044400
2013-01-30,6.5778907600,6.7383271200,6.5320518000,6.6924881600,7608005,88534844.0000,1.808664,1.742200
2013-01-31,6.6523790700,6.6638388100,6.4747531000,6.5091323200,4953161,56414361.0000,1.177523,-2.739700
2013-02-01,6.4862128400,6.8300050400,6.4747531000,6.7841660800,5846574,68109357.0000,1.389916,4.225400
2013-02-04,6.8873037400,7.0477401000,6.6581089400,6.8128154300,9753712,116659416.0000,2.318766,0.422300
2013-02-05,6.7612466000,6.7612466000,6.5721608900,6.6581089400,5599150,64989318.0000,1.331095,-2.270800
2013-02-06,6.6466492000,7.3227738600,6.6122699800,7.2998543800,20604127,256819306.0000,4.898254,9.638600
2013-02-07,7.1336881500,7.2024465900,6.9503323100,7.0935790600,13488327,167034154.0000,3.206603,-2.825700
2013-02-08,7.0362803600,7.1508777600,6.9331427000,7.0706595800,7503049,91995373.0000,1.783712,-0.323100
2013-02-18,7.0821193200,7.1050388000,6.8758440000,6.9847115300,5523775,67263336.0000,1.313176,-1.215600
2013-02-19,6.9847115300,7.1909868500,6.9159530900,6.9560621800,6999964,86070516.0000,1.664113,-0.410200
2013-02-20,6.9388725700,7.2654751600,6.9388725700,7.2368258100,8082104,100584671.0000,1.921372,4.036200
2013-02-21,7.1623375000,7.2081764600,6.9216829600,7.0019011400,7099693,87515262.0000,1.687822,-3.246200
2013-02-22,6.9617920500,7.0591998400,6.7211375100,6.7383271200,5562381,66862910.0000,1.322354,-3.764300
2013-02-25,6.7555167300,6.9732517900,6.7154076400,6.9044933500,4026329,48085339.0000,0.957186,2.466000
2013-02-26,6.8758440000,7.0133608800,6.7841660800,6.8070855600,3598896,43229953.0000,0.855572,-1.410800
2013-02-27,6.8185453000,7.0477401000,6.8185453000,6.9159530900,3372547,40812630.0000,0.801761,1.599300
2013-02-28,7.1050388000,7.1336881500,6.9675219200,7.1222284100,6241640,77007429.0000,1.483836,2.982600
2013-03-01,7.0649297100,7.1967167200,7.0362803600,7.1852569800,5127804,63699370.0000,1.219041,0.885000
2013-03-04,7.0534699700,7.1737972400,6.8070855600,6.9159530900,7818332,95632589.0000,1.858665,-3.748000
2013-03-05,6.9102232200,7.6092673600,6.8815738700,7.4488310000,13003122,167863843.0000,3.091254,7.705100
2013-03-06,7.3514232100,7.7009452800,7.3227738600,7.5978076200,9692648,127608901.0000,2.304250,2.000000
2013-03-07,7.5290491800,7.5863478800,7.3628829500,7.4774803500,6327217,82394538.0000,1.504180,-1.583700
2013-03-08,7.4431011300,7.5806180100,7.2597452900,7.2883946400,4277346,55207280.0000,1.016861,-2.528700
2013-03-11,7.2196362000,7.4201816500,7.2139063300,7.3399634700,2322184,29653528.0000,0.552057,0.707500
2013-03-12,7.3514232100,7.7066751500,7.2769349000,7.4488310000,6670913,86984132.0000,1.585887,1.483200
2013-03-13,7.4087219100,7.5061297000,7.1222284100,7.2654751600,4866164,61588398.0000,1.156841,-2.461500
2013-03-14,7.2540154200,7.5061297000,7.2024465900,7.4488310000,5788887,74729106.0000,1.376202,2.523700
2013-03-15,7.4488310000,7.6780258000,7.3628829500,7.4660206100,7548927,99343014.0000,1.794619,0.230800
2013-03-18,7.4889400900,7.5691582700,7.2826647700,7.3285037300,4237046,54631652.0000,1.007280,-1.841900
2013-03-19,7.3227738600,7.3743426900,7.1050388000,7.3456933400,3392434,42963308.0000,0.806489,0.234600
2013-03-20,7.3514232100,7.5118595700,7.2425556800,7.5061297000,6116377,79116080.0000,1.454057,2.184100
2013-03-21,7.4373712600,7.5519686600,7.4029920400,7.5118595700,4509262,58906864.0000,1.071994,0.076300
2013-03-22,7.5634284000,7.6207271000,7.3743426900,7.5061297000,5966965,77774064.0000,1.418537,-0.076300
2013-03-25,7.5233193100,7.5233193100,7.3686128200,7.4431011300,3126413,40639860.0000,0.743247,-0.839700
2013-03-26,7.4144517800,7.8040829400,7.3972621700,7.7124050200,10862162,145457360.0000,2.582280,3.618200
2013-03-27,7.6608361900,7.7181348900,7.5920777500,7.6894855400,5016974,66969368.0000,1.192694,-0.297200
2013-03-28,7.6149972300,7.6149972300,7.2941245100,7.3628829500,6451383,83492856.0000,1.533698,-4.247400
2013-03-29,7.3227738600,7.4201816500,7.0477401000,7.2769349000,6718819,84793240.0000,1.597276,-1.167300
2013-04-01,7.2712050300,7.3170439900,7.1508777600,7.2941245100,2803922,35488600.0000,0.666581,0.236200
2013-04-02,7.2941245100,7.3571530800,7.0935790600,7.3055842500,4257723,53726748.0000,1.012196,0.157100
2013-04-03,7.2998543800,7.3972621700,7.1909868500,7.2769349000,2777936,35396024.0000,0.660403,-0.392200
2013-04-08,6.6179998500,6.8873037400,6.6008102400,6.8586543900,6582621,77838720.0000,1.564898,-5.748000
2013-04-09,6.8128154300,6.9044933500,6.7039479000,6.8128154300,3041455,36210076.0000,0.723050,-0.668300
2013-04-10,6.8128154300,7.0248206200,6.7727063400,6.8987634800,3529486,42492224.0000,0.839071,1.261600
2013-04-11,6.9102232200,6.9274128300,6.7211375100,6.7268673800,2028651,24052392.0000,0.482275,-2.491700
2013-04-12,6.7440569900,6.7841660800,6.5320518000,6.7096777700,2711512,31550692.0000,0.644612,-0.255534
2013-04-15,6.6351894600,6.7039479000,6.5893505000,6.6466492000,1768143,20482006.0000,0.420344,-0.939400
2013-04-16,6.6179998500,6.6179998500,6.3888050500,6.5435115400,3214784,36415992.0000,0.764256,-1.551727
2013-04-17,6.5091323200,6.6466492000,6.5034024500,6.6237297200,1829967,21039558.0000,0.435041,1.225900
2013-04-18,6.5893505000,6.7784362100,6.5320518000,6.7325972500,3439984,40125972.0000,0.817793,1.643600
2013-04-19,6.6924881600,6.9102232200,6.6638388100,6.8701141300,3163047,37695740.0000,0.751956,2.042551
2013-04-22,6.8873037400,7.1050388000,6.7956258200,7.0076310100,3140327,38186104.0000,0.746555,2.001700
2013-04-23,6.9503323100,7.0420102300,6.7039479000,6.7956258200,2597318,30915716.0000,0.617465,-3.025300
2013-04-24,6.7841660800,6.9102232200,6.7039479000,6.8758440000,3060704,36475476.0000,0.727626,1.180400
2013-04-25,6.8758440000,7.0019011400,6.7784362100,6.8471946500,2860854,34426188.0000,0.680116,-0.416700
2013-04-26,6.8185453000,6.8471946500,6.5320518000,6.6294595900,2779376,32471606.0000,0.660746,-3.179918
2013-05-02,6.5893505000,6.6466492000,6.5320518000,6.6065401100,906133,10434099.0000,0.215417,-0.345700
2013-05-03,6.6179998500,6.7841660800,6.6179998500,6.7497868600,1671326,19652324.0000,0.397327,2.168257
2013-05-06,6.8013556900,7.1336881500,6.7154076400,7.0076310100,4139534,49892652.0000,0.984098,3.820000
2013-05-07,7.0076310100,7.0477401000,6.9274128300,6.9789816600,1979925,24095810.0000,0.470691,-0.408800
2013-05-08,6.9847115300,7.0706595800,6.9216829600,7.0133608800,1768169,21532218.0000,0.420350,0.492600
2013-05-09,6.9847115300,7.0133608800,6.8070855600,6.9560621800,3243595,39073952.0000,0.771105,-0.817000
2013-05-10,6.9102232200,7.4259115200,6.9102232200,7.3113141200,6936624,87421408.0000,1.649055,5.107100
2013-05-13,7.2883946400,7.6780258000,7.2482855500,7.4087219100,9529627,124611256.0000,2.265494,1.332300
2013-05-14,7.3915323000,7.5978076200,7.3342336000,7.4832102200,4429440,57709856.0000,1.053018,1.005400
2013-05-15,7.5634284000,7.5863478800,7.3342336000,7.4889400900,3149342,40902528.0000,0.748698,0.076600
2013-05-16,7.4431011300,7.7639738500,7.4373712600,7.5863478800,5243174,69835400.0000,1.246469,1.300700
2013-05-17,7.6493764500,7.6493764500,7.5003998300,7.5748881400,3116931,41130884.0000,0.740993,-0.151100
2013-05-20,7.5519686600,7.5519686600,7.3915323000,7.4488310000,6562200,85402088.0000,1.560043,-1.664100
2013-05-21,7.4201816500,7.9358699500,7.4201816500,7.8384621600,9036347,122570064.0000,2.148226,5.230772
2013-05-22,7.8327322900,8.0791167000,7.7697037200,7.9072206000,6757833,93569728.0000,1.606551,0.877200
2013-05-23,7.8270024200,7.9072206000,7.4488310000,7.6952154100,4997446,67676384.0000,1.188051,-2.681200
2013-05-24,7.6894855400,7.7639738500,7.5347790500,7.6894855400,3850354,51517708.0000,0.915351,-0.074500
2013-05-27,7.7009800000,7.7354620000,7.5343170000,7.6147750000,4698827,62207200.0000,1.117060,-0.971600
2013-05-28,7.6435100000,7.6435100000,7.3446660000,7.4825940000,9014701,116663256.0000,2.143080,-1.735800
2013-05-29,7.4825940000,7.4883410000,7.3446660000,7.4481120000,8144582,104882944.0000,1.936225,-0.460800
2013-05-30,7.4136300000,7.6722450000,7.3963890000,7.5343170000,9565479,125457496.0000,2.274017,1.157400
2013-05-31,7.5228230000,7.9078720000,7.5170760000,7.6952330000,13964276,186992080.0000,3.319751,2.135780
2013-06-03,7.4366180000,7.5400640000,7.2814490000,7.4825940000,11026586,142773008.0000,2.621369,-2.763300
2013-06-04,7.4538590000,7.4596060000,7.2871960000,7.3446660000,4872277,62314924.0000,1.158295,-1.843300
2013-06-05,7.3274250000,7.5170760000,7.3101840000,7.3791480000,3778096,48692920.0000,0.898173,0.469500
2013-06-06,7.3848950000,7.3848950000,7.1837500000,7.2182320000,3274327,41647648.0000,0.778411,-2.180700
2013-06-07,7.2297260000,7.2986900000,6.8446770000,6.9538700000,6385484,77984208.0000,1.518032,-3.662400
2013-06-13,6.8906530000,6.9423760000,6.7010020000,6.8849060000,4772706,56699832.0000,1.134623,-0.991700
2013-06-14,6.9366290000,7.0285810000,6.8619180000,7.0055930000,2801006,33920128.0000,0.665888,1.752900
2013-06-17,7.0228340000,7.0975450000,6.9423760000,7.0458220000,2402990,29347948.0000,0.571267,0.574200
2013-06-18,7.0228340000,7.2124850000,6.9711110000,7.1952440000,4032617,49976924.0000,0.958681,2.120700
2013-06-19,7.1435210000,7.2009910000,7.0055930000,7.2009910000,2572101,31828252.0000,0.611470,0.079900
2013-06-20,7.1894970000,7.3619070000,7.0688100000,7.1090390000,3591649,45260792.0000,0.853849,-1.276900
2013-06-21,6.9826050000,7.1607620000,6.8331830000,7.1492680000,2901264,35513400.0000,0.689722,0.565900
2013-06-24,7.1550150000,7.2124850000,6.5515800000,6.6780140000,4414402,52525868.0000,1.049443,-6.591600
2013-06-25,6.6607730000,6.6665200000,6.0113620000,6.3906640000,5293555,57847616.0000,1.258446,-4.302900
2013-06-26,6.3906640000,6.5918090000,6.3044590000,6.5860620000,2517715,28159396.0000,0.598541,3.057600
2013-06-27,6.5975560000,6.6952550000,6.2642300000,6.3734230000,3429821,38745236.0000,0.815377,-3.228600
2013-06-28,6.3734230000,6.4711220000,6.2125070000,6.3619290000,1921183,21122244.0000,0.456726,-0.180300
2013-07-01,6.3217000000,6.4366400000,6.2354950000,6.4308930000,1380317,15302928.0000,0.328145,1.084000
2013-07-02,6.4021580000,6.7239900000,6.3791700000,6.6952550000,3033735,34739300.0000,0.721215,4.110800
2013-07-03,6.7872070000,6.9653640000,6.6435320000,6.7987010000,4633061,54917976.0000,1.101425,1.545100
2013-07-04,6.7584720000,6.8849060000,6.6837610000,6.8331830000,2848634,33691672.0000,0.677211,0.507200
2013-07-05,6.7929540000,6.8849060000,6.6665200000,6.7067490000,2518901,29717052.0000,0.598823,-1.850300
2013-07-08,6.6090500000,6.6147970000,6.3274470000,6.3331940000,2947730,33184052.0000,0.700769,-5.569800
2013-07-09,6.2929650000,6.3791700000,6.1952660000,6.2929650000,2209580,24072110.0000,0.525287,-0.635200
2013-07-10,6.2987120000,6.5400860000,6.2527360000,6.5113510000,2258156,25362232.0000,0.536835,3.470300
2013-07-11,6.5113510000,6.8389300000,6.4653750000,6.6665200000,3278645,37971008.0000,0.779438,2.383100
2013-07-12,6.6722670000,6.7527250000,6.5228450000,6.5228450000,2541385,29393080.0000,0.604168,-2.155200
2013-07-15,6.5803150000,6.8504240000,6.5170980000,6.7872070000,4722414,55293392.0000,1.122667,4.052900
2013-07-16,6.7239900000,6.9251350000,6.6895080000,6.9021470000,3085923,36594976.0000,0.733622,1.693500
2013-07-17,6.8964000000,6.9136410000,6.7814600000,6.7987010000,2087201,24877584.0000,0.496194,-1.498800
2013-07-18,6.7584720000,6.8331830000,6.6320380000,6.7182430000,2425878,28325682.0000,0.576708,-1.183400
2013-07-19,6.7527250000,6.8849060000,6.5515800000,6.5688210000,3266908,38318368.0000,0.776648,-2.224100
2013-07-22,6.4998570000,7.2239790000,6.3676760000,7.0055930000,6798344,82510192.0000,1.616182,6.649200
2013-07-23,6.9481230000,7.1435210000,6.8274360000,7.0400750000,5000969,60795504.0000,1.188889,0.492200
2013-07-24,6.9251350000,7.3734010000,6.9251350000,7.2814490000,6927193,86870984.0000,1.646813,3.428600
2013-07-25,7.2584610000,7.5515580000,7.2009910000,7.2584610000,5895058,75822168.0000,1.401442,-0.315700
2013-07-26,7.2297260000,7.4308710000,7.1262800000,7.3963890000,3278809,41626852.0000,0.779477,1.900200
2013-07-29,7.3274250000,7.4078830000,7.1090390000,7.1435210000,2885767,36345792.0000,0.686038,-3.418800
2013-07-30,7.1377740000,7.2297260000,6.9538700000,7.0688100000,2392617,29549040.0000,0.568801,-1.045900
2013-07-31,7.0860510000,7.2009910000,7.0113400000,7.1147860000,2133436,26371316.0000,0.507185,0.650400
2013-08-01,7.1205330000,7.2871960000,7.0745570000,7.2757020000,2318774,29143528.0000,0.551246,2.261700
2013-08-02,7.2929430000,7.3274250000,7.1262800000,7.2182320000,2939807,36944160.0000,0.698885,-0.789900
2013-08-05,7.1952440000,7.3561600000,7.1550150000,7.3331720000,3229370,40678984.0000,0.767724,1.592400
2013-08-06,7.2929430000,7.3561600000,7.2182320000,7.3331720000,2710069,34378520.0000,0.644269,0.000000
2013-08-07,7.3274250000,7.3734010000,7.1377740000,7.1607620000,2822356,35517924.0000,0.670963,-2.351100
2013-08-08,7.1722560000,7.8791370000,7.1377740000,7.4940880000,9681918,127173208.0000,2.301699,4.654900
2013-08-09,7.4768470000,7.6722450000,7.3848950000,7.5228230000,4670401,61202304.0000,1.110302,0.383400
2013-08-12,7.5745460000,7.9538480000,7.4768470000,7.7756910000,7173128,96982456.0000,1.705280,3.361300
2013-08-13,7.7871850000,7.8331610000,7.6205220000,7.6952330000,3678310,49312288.0000,0.874451,-1.034700
2013-08-14,7.6032810000,7.8274140000,7.5285700000,7.6952330000,4628840,61609588.0000,1.100422,0.000000
2013-08-15,7.6262690000,7.7009800000,7.5113290000,7.5343170000,3566979,47023284.0000,0.847984,-2.091100
2013-08-16,7.4998350000,7.7297150000,7.2814490000,7.2986900000,4483118,58159372.0000,1.065779,-3.127400
2013-08-19,7.2527140000,7.4538590000,7.2527140000,7.4308710000,2460076,31613996.0000,0.584838,1.811000
2013-08-20,7.4078830000,7.6435100000,7.3734010000,7.5802930000,3577146,46928476.0000,0.850401,2.010800
2013-08-21,7.6147750000,7.6377630000,7.4538590000,7.5228230000,2787033,36590416.0000,0.662566,-0.758200
2013-08-22,7.4711000000,7.5573050000,7.2412200000,7.3331720000,4114556,53082780.0000,0.978160,-2.521000
2013-08-23,7.4711000000,7.6779920000,7.2297260000,7.3676540000,6242939,81100040.0000,1.484144,0.470200
2013-08-26,7.3619070000,8.1032700000,7.2412200000,8.0343060000,22288981,304968672.0000,5.298797,9.048400
2013-08-27,8.0745350000,8.4883190000,7.9883300000,8.1032700000,25381034,362535744.0000,6.033876,0.858400
2013-08-28,8.0343060000,8.7584280000,7.9366070000,8.4251020000,23396290,342070912.0000,5.562039,3.971600
2013-08-29,8.3791260000,8.6894640000,8.2641860000,8.4193550000,16336319,240546720.0000,3.883661,-0.068200
2013-08-30,8.9653200000,9.2641640000,8.9078500000,9.2641640000,17157787,275873536.0000,4.078950,10.034100
2013-09-02,10.1894310000,10.1894310000,8.6205000000,8.8446330000,36720625,595560576.0000,8.729656,-4.528500
2013-09-03,8.6205000000,8.8388860000,8.4021140000,8.6377410000,16943496,253897408.0000,4.028006,-2.339200
2013-09-04,8.6032590000,9.0515250000,8.5802710000,8.7526810000,16294194,250534400.0000,3.873646,1.330700
2013-09-05,8.5917650000,8.5917650000,8.3101620000,8.3446440000,14851507,217375136.0000,3.530674,-4.661900
2013-09-06,8.3906200000,9.0515250000,8.3906200000,8.9595730000,18910426,287837440.0000,4.495607,7.369100
2013-09-09,8.9653200000,9.0170430000,8.5630300000,8.7871630000,15563648,237883568.0000,3.699972,-1.924300
2013-09-10,8.8044040000,9.4135860000,8.7067050000,9.0170430000,18704603,297251680.0000,4.446677,2.616100
2013-09-11,9.0342840000,9.4768030000,8.6779700000,9.2469230000,17524430,277553008.0000,4.166112,2.549400
2013-09-12,9.1377300000,9.4423210000,9.0515250000,9.4250800000,12084878,195820212.0000,2.872958,1.926700
2013-09-13,9.5974900000,9.7641530000,8.9710670000,9.2411760000,14086513,227500460.0000,3.348810,-1.951200
2013-09-16,9.2411760000,9.2411760000,8.9653200000,8.9883080000,6931461,109305118.0000,1.647828,-2.736300
2013-09-17,8.9825610000,8.9883080000,8.6205000000,8.7354400000,9304545,141547437.0000,2.211985,-2.813300
2013-09-18,8.6779700000,9.0515250000,8.6664760000,8.9595730000,5805084,89941333.0000,1.380052,2.565800
2013-09-23,8.9595730000,9.2239350000,8.9078500000,9.1204890000,7273921,114924680.0000,1.729241,1.796000
2013-09-24,9.1262360000,9.2526700000,8.8676210000,9.1377300000,8593623,135582753.0000,2.042976,0.189000
2013-09-25,9.1262360000,9.4595620000,9.0515250000,9.2124410000,11858400,191365507.0000,2.819117,0.817600
2013-09-26,9.1837060000,9.1952000000,8.2929210000,8.2986680000,12112951,181830576.0000,2.879632,-9.918900
2013-09-27,8.2469450000,8.4768250000,8.0630410000,8.4595840000,6596561,95186580.0000,1.568212,1.939100
2013-09-30,8.4595840000,8.8331390000,8.4595840000,8.6952110000,4711621,71106746.0000,1.120102,2.785300
2013-10-08,8.6664760000,8.6664760000,8.3963670000,8.5687770000,3817673,56764847.0000,0.907582,-1.454100
2013-10-09,8.5572830000,8.7641750000,8.4480900000,8.7124520000,3970012,59678164.0000,0.943798,1.676700
2013-10-10,8.6722230000,8.8158980000,8.5342950000,8.5457890000,4183934,63129115.0000,0.994654,-1.912900
2013-10-11,8.6205000000,9.2756580000,8.5802710000,9.0457780000,10807156,168673542.0000,2.569203,5.850700
2013-10-14,9.5400200000,9.7641530000,9.1894530000,9.4710560000,13110903,214838591.0000,3.116877,4.701400
2013-10-15,9.4825500000,9.5400200000,9.1952000000,9.4768030000,6905077,112593814.0000,1.641556,0.060700
2013-10-16,9.3791040000,9.3791040000,8.7354400000,8.8273920000,7964315,124704721.0000,1.893370,-6.852600
2013-10-17,8.9538260000,9.0630190000,8.7354400000,8.7814160000,4201210,64928146.0000,0.998761,-0.520800
2013-10-18,8.7871630000,8.8618740000,8.6492350000,8.8388860000,2792046,42638818.0000,0.663758,0.654500
2013-10-21,8.8963560000,9.0802600000,8.7354400000,9.0457780000,3926165,61237715.0000,0.933374,2.340700
2013-10-22,8.9710670000,9.0687660000,8.7354400000,8.8331390000,3615639,55887955.0000,0.859552,-2.350700
2013-10-23,8.7929100000,8.8561270000,8.5228010000,8.6837170000,3589950,54149780.0000,0.853445,-1.691600
2013-10-24,8.6837170000,8.8388860000,8.6032590000,8.6952110000,2158945,32558113.0000,0.513250,0.132400
2013-10-25,8.5687770000,8.6779700000,8.2469450000,8.2871740000,3280992,48027739.0000,0.779996,-4.692700
2013-10-28,8.2871740000,8.4480900000,8.2469450000,8.3618850000,1640303,23871731.0000,0.389952,0.901500
2013-10-29,8.3561380000,8.4193550000,7.7297150000,8.0630410000,3640223,51016721.0000,0.865396,-3.573900
2013-10-30,8.0458000000,8.2067160000,8.0055710000,8.1492460000,1541054,21792638.0000,0.366357,1.069100
2013-10-31,8.1492460000,8.4940660000,8.1147640000,8.4021140000,3431365,49703113.0000,0.815744,3.103000
2013-11-01,8.3331500000,8.6952110000,8.2756800000,8.6147530000,3644932,54115397.0000,0.866516,2.530800
2013-11-04,8.6090060000,8.6377410000,8.4308490000,8.4998130000,2121121,31308181.0000,0.504258,-1.334200
2013-11-05,8.4825720000,8.4940660000,8.3331500000,8.4595840000,1978854,28993296.0000,0.470436,-0.473300
2013-11-06,8.3906200000,8.6607290000,8.3791260000,8.4595840000,2275736,33869082.0000,0.541015,0.000000
2013-11-07,8.3676320000,8.4768250000,8.1664870000,8.2526920000,2252490,32655533.0000,0.535488,-2.445700
2013-11-08,8.2297040000,8.2814270000,8.0917760000,8.1549930000,1435449,20436417.0000,0.341252,-1.183800
2013-11-11,8.1377520000,8.2814270000,8.0458000000,8.2584390000,2064803,29345889.0000,0.490869,1.268500
2013-11-12,8.2584390000,8.6894640000,8.2067160000,8.6549820000,3156946,46841572.0000,0.750506,4.801700
2013-11-13,8.6722230000,8.6722230000,8.3906200000,8.4193550000,1783680,26495529.0000,0.424037,-2.722400
2013-11-14,8.4538370000,8.5515360000,8.3274030000,8.5055600000,1334196,19657672.0000,0.317181,1.023900
2013-11-15,8.5400420000,9.0227900000,8.5113070000,8.8273920000,6244318,96802775.0000,1.484472,3.783800
2013-11-18,8.9365850000,8.9940550000,8.8216450000,8.9538260000,3519532,54609056.0000,0.836704,1.432300
2013-11-19,9.0285370000,9.1837060000,8.9193440000,8.9825610000,3745649,59066112.0000,0.890459,0.320900
2013-11-20,8.9940550000,9.1722120000,8.8963560000,9.1607180000,3449427,54146617.0000,0.820038,1.983400
2013-11-21,9.0342840000,9.1147420000,8.8044040000,8.9193440000,2494594,38885798.0000,0.593044,-2.634900
2013-11-22,8.9193440000,9.3446220000,8.8791150000,9.2526700000,6075186,96718113.0000,1.444264,3.737100
2013-11-25,9.2699110000,9.5285260000,9.1434770000,9.3216340000,7533286,122837430.0000,1.790901,0.745300
2013-11-26,9.3101400000,9.3101400000,9.0227900000,9.1952000000,5563993,88532240.0000,1.322737,-1.356400
2013-11-27,9.1089950000,9.3618630000,9.1032480000,9.2641640000,3664986,59023039.0000,0.871283,0.750000
2013-11-28,9.2526700000,9.6434660000,9.2526700000,9.4423210000,5033995,83047471.0000,1.196740,1.923100
2013-11-29,9.4940440000,9.5112850000,9.3216340000,9.4595620000,3221052,52708436.0000,0.765746,0.182600
2013-12-02,9.1607180000,9.4193330000,8.9135970000,9.0572720000,4613073,73303853.0000,1.096674,-4.252700
2013-12-03,8.9940550000,9.4193330000,8.8963560000,9.3791040000,3734669,59638263.0000,0.887849,3.553300
2013-12-04,9.3791040000,9.7928880000,9.3158870000,9.5917430000,7849855,131363202.0000,1.866159,2.267200
2013-12-05,9.5572610000,9.6664540000,9.4250800000,9.4710560000,3285214,54351529.0000,0.780999,-1.258200
2013-12-06,9.4882970000,9.6262250000,9.4538150000,9.5055380000,3926030,65192780.0000,0.933342,0.364100
2013-12-09,9.5285260000,9.6836950000,9.3733570000,9.4193330000,4572853,75849670.0000,1.087112,-0.906900
2013-12-10,9.4308270000,10.0515030000,9.4308270000,9.7699000000,8766202,148801848.0000,2.084004,3.721800
2013-12-11,9.7699000000,9.7699000000,9.7699000000,9.7699000000,0,0.0000,,0.000000
2013-12-12,10.3446000000,10.7468900000,9.9423100000,10.7468900000,15070391,276498336.0000,3.582709,10.000000
2013-12-13,11.3215900000,11.3215900000,10.1204670000,10.1664430000,32508135,602349488.0000,7.728214,-5.401100
2013-12-16,9.9193220000,10.0744910000,9.3848510000,9.4423210000,18005360,302171216.0000,4.280445,-7.122700
2013-12-17,9.4020920000,9.6664540000,9.2641640000,9.4020920000,9219465,152304097.0000,2.191759,-0.426000
2013-12-18,9.4825500000,9.5802490000,9.0285370000,9.1319830000,8245472,131745738.0000,1.960210,-2.872900
2013-12-19,9.1549710000,9.2296820000,8.9538260000,8.9653200000,4981969,78567908.0000,1.184372,-1.825000
2013-12-20,8.9653200000,9.1607180000,8.8446330000,8.8906090000,4937515,77451637.0000,1.173804,-0.833300
2013-12-23,8.7986570000,8.8848620000,8.5342950000,8.7067050000,5377582,81113483.0000,1.278422,-2.068500
2013-12-24,8.8101510000,9.0227900000,8.7067050000,8.8446330000,5396430,83417593.0000,1.282902,1.584200
2013-12-25,8.7641750000,8.8791150000,8.6492350000,8.8733680000,3328460,50736264.0000,0.791280,0.324900
2013-12-26,8.8618740000,8.8618740000,8.5285480000,8.5400420000,3392715,51293172.0000,0.806556,-3.756500
2013-12-27,8.5342950000,8.6377410000,8.5170540000,8.5515360000,3305932,49292651.0000,0.785925,0.134600
2013-12-30,8.5630300000,8.7239460000,8.5630300000,8.6607290000,2584483,38900390.0000,0.614413,1.276900
2013-12-31,8.6319940000,8.8676210000,8.4595840000,8.8273920000,3531106,53101409.0000,0.839456,1.924400
2014-01-02,8.7124520000,8.7526810000,8.6492350000,8.7239460000,2058630,31116966.0000,0.489402,-1.171900
2014-01-03,8.6664760000,8.7067050000,8.4825720000,8.5630300000,3288380,48897980.0000,0.781752,-1.844500
2014-01-06,8.5113070000,8.5515360000,8.0630410000,8.0917760000,3859377,55182999.0000,0.917496,-5.503400
2014-01-07,8.0400530000,8.2469450000,7.8504020000,8.0687880000,2295258,32160337.0000,0.545656,-0.284100
2014-01-08,8.0458000000,8.1952220000,7.9825830000,8.0113180000,2261752,31707349.0000,0.537690,-0.712300
2014-01-09,7.9710890000,8.1320050000,7.8906310000,7.9251130000,2162832,30186922.0000,0.514174,-1.076000
2014-01-10,7.9538480000,7.9825830000,7.7239680000,7.7584500000,2052943,27866087.0000,0.488050,-2.103000
2014-01-13,7.7067270000,7.8044260000,7.4423650000,7.5515580000,3355302,44335350.0000,0.797662,-2.666700
2014-01-14,7.5285700000,7.7297150000,7.4940880000,7.7239680000,1695779,22443215.0000,0.403140,2.283100
2014-01-15,7.7124740000,7.8504020000,7.6607510000,7.8274140000,1739052,23457656.0000,0.413428,1.339300
2014-01-16,7.7871850000,7.9308600000,7.7182210000,7.8274140000,2104797,28722314.0000,0.500377,0.000000
2014-01-17,7.7527030000,7.8216670000,7.5687990000,7.5802930000,1922138,25592875.0000,0.456953,-3.157100
2014-01-20,7.5802930000,7.6894860000,7.5113290000,7.6722450000,1589978,21099898.0000,0.377988,1.213000
2014-01-21,7.6837390000,7.7584500000,7.6377630000,7.7009800000,1579341,21104970.0000,0.375459,0.374500
2014-01-22,7.7584500000,8.0170650000,7.6722450000,8.0055710000,3877850,53124066.0000,0.921888,3.955200
2014-01-23,7.9366070000,8.0400530000,7.8733900000,7.9481010000,2349154,32457293.0000,0.558468,-0.717900
2014-01-24,7.8733900000,8.1492460000,7.8733900000,8.1320050000,2574983,36249647.0000,0.612155,2.313800
2014-01-27,8.0515470000,8.1722340000,7.9998240000,8.0343060000,2458923,34528000.0000,0.584564,-1.201400
2014-01-28,8.0055710000,8.1549930000,7.9136190000,8.0400530000,2027952,28318925.0000,0.482108,0.071500
2014-01-29,8.0400530000,8.0917760000,7.9481010000,7.9998240000,1623455,22657049.0000,0.385947,-0.500400
2014-01-30,7.9308600000,8.1492460000,7.8561490000,8.0745350000,2569428,35741141.0000,0.610834,0.933900
2014-02-07,7.9883300000,8.0687880000,7.8733900000,7.9883300000,2071938,28810879.0000,0.492565,-1.067600
2014-02-10,8.0055710000,8.4251020000,8.0055710000,8.4021140000,4647529,66938843.0000,1.104865,5.179900
2014-02-11,8.3963670000,8.5515360000,8.3044150000,8.4423430000,4034523,59245648.0000,0.959134,0.478800
2014-02-12,8.4768250000,8.4998130000,8.3101620000,8.4193550000,3187094,46394145.0000,0.757673,-0.272300
2014-02-13,8.3906200000,8.5630300000,8.2756800000,8.4308490000,3842258,56241199.0000,0.913426,0.136500
2014-02-14,8.4365960000,8.6090060000,8.3561380000,8.5802710000,3435562,50838787.0000,0.816742,1.772300
2014-02-17,8.6377410000,8.8503800000,8.6377410000,8.7411870000,5028515,76652393.0000,1.195437,1.875400
2014-02-18,8.7411870000,8.8676210000,8.6262470000,8.8216450000,4764427,72580674.0000,1.132655,0.920400
2014-02-19,8.8216450000,8.9308380000,8.7067050000,8.7526810000,4920946,75529743.0000,1.169865,-0.781800
2014-02-20,8.8216450000,8.8791150000,8.5687770000,8.6319940000,5223282,78988645.0000,1.241740,-1.378900
2014-02-21,8.6377410000,8.6894640000,8.3963670000,8.5170540000,3531708,52439883.0000,0.839599,-1.331600
2014-02-24,8.4538370000,8.4595840000,8.1434990000,8.2067160000,4340690,62275665.0000,1.031920,-3.643700
2014-02-25,8.2067160000,8.3906200000,7.9366070000,8.0055710000,3859305,55238648.0000,0.917479,-2.451000
2014-02-26,8.0055710000,8.1205110000,7.8791370000,8.1090170000,2046977,28551409.0000,0.486631,1.292200
2014-02-27,8.0975230000,8.2986680000,7.9883300000,7.9998240000,3498378,49385323.0000,0.831675,-1.346600
2014-02-28,7.9940770000,8.0113180000,7.6894860000,7.8504020000,3525990,48124530.0000,0.838240,-1.867800
2014-03-03,7.9136190000,8.5975120000,7.8676430000,8.4768250000,6952107,101094171.0000,1.652736,7.979500
2014-03-04,8.3331500000,8.4193550000,8.1837280000,8.3101620000,3542469,51118204.0000,0.842157,-1.966100
2014-03-05,8.3101620000,8.3733790000,8.1262580000,8.1664870000,2613416,37398972.0000,0.621292,-1.728900
2014-03-06,8.1894750000,8.2124630000,7.9883300000,8.0745350000,2909282,40889510.0000,0.691629,-1.126000
2014-03-07,8.0745350000,8.1320050000,7.9136190000,7.9883300000,3022880,42050270.0000,0.718634,-1.067600
2014-03-10,7.8331610000,7.9538480000,7.7354620000,7.7814380000,2092469,28581213.0000,0.497446,-2.589900
2014-03-11,7.7641970000,7.9308600000,7.7584500000,7.8791370000,1938233,26495519.0000,0.460779,1.255500
2014-03-12,7.8791370000,7.9308600000,7.7412090000,7.9021250000,1361543,18612268.0000,0.323682,0.291800
2014-03-13,7.9308600000,8.1434990000,7.8618960000,8.1377520000,2624699,36642977.0000,0.623974,2.981800
2014-03-14,8.0515470000,8.5630300000,8.0458000000,8.3618850000,5839114,84637891.0000,1.388142,2.754200
2014-03-17,8.2641860000,8.4021140000,8.1722340000,8.3561380000,3546883,51161447.0000,0.843206,-0.068700
2014-03-18,8.3618850000,8.4423430000,8.2641860000,8.3618850000,2802661,40685970.0000,0.666281,0.068800
2014-03-19,8.3446440000,8.3446440000,8.1434990000,8.2986680000,2377800,34103307.0000,0.565278,-0.756000
2014-03-20,8.2584390000,8.4308490000,8.2009690000,8.2699330000,3787694,55066240.0000,0.900455,-0.346300
2014-03-21,8.2182100000,8.6779700000,8.1837280000,8.6377410000,7020795,104071251.0000,1.669065,4.447500
2014-03-24,8.6607290000,8.7756690000,8.4883190000,8.7239460000,5593942,84332770.0000,1.329857,0.998000
2014-03-25,8.7871630000,9.0515250000,8.6205000000,8.7526810000,8216856,126450327.0000,1.953407,0.329400
2014-03-26,8.7526810000,8.7929100000,8.4768250000,8.5228010000,4199127,62934938.0000,0.998266,-2.626400
2014-03-27,8.5228010000,8.6492350000,8.3848730000,8.4193550000,2857863,42365887.0000,0.679405,-1.213800
2014-03-28,8.4193550000,8.6147530000,8.3388970000,8.4136080000,4135089,60918561.0000,0.983042,-0.068300
2014-03-31,8.6779700000,9.0802600000,8.4883190000,8.5572830000,6402058,97651376.0000,1.521972,1.707700
2014-04-01,8.4595840000,8.5113070000,8.2756800000,8.4940660000,2913452,42460042.0000,0.692620,-0.738800
2014-04-02,8.4480900000,8.6205000000,8.3733790000,8.4193550000,2590221,38218307.0000,0.615778,-0.879600
2014-04-03,8.4365960000,8.4365960000,8.2641860000,8.2814270000,2228682,32323801.0000,0.529828,-1.638200
2014-04-04,8.2814270000,8.4768250000,8.2814270000,8.4710780000,2315124,33938648.0000,0.550378,2.290100
2014-04-08,8.3963670000,8.5285480000,8.3963670000,8.5228010000,1529573,22574384.0000,0.363628,0.610600
2014-04-09,8.5285480000,9.0802600000,8.4883190000,8.9768140000,7416745,114366121.0000,1.763195,5.327000
2014-04-10,9.0227900000,9.0227900000,8.7929100000,8.9365850000,4816409,74573906.0000,1.145013,-0.448100
2014-04-11,8.8963560000,9.4020920000,8.8446330000,9.2871520000,11765799,189716064.0000,2.797103,3.922800
2014-04-14,9.3101400000,9.3446220000,9.1377300000,9.3158870000,4842367,78105273.0000,1.151184,0.309400
2014-04-15,9.3216340000,9.3216340000,8.9940550000,9.0227900000,5112456,81079059.0000,1.215393,-3.146200
2014-04-16,8.9480790000,9.2699110000,8.8561270000,9.1779590000,4561169,72528915.0000,1.084334,1.719700
2014-04-17,9.2124410000,9.4423210000,9.0802600000,9.1319830000,4849239,78359933.0000,1.152818,-0.500900
2014-04-18,9.0342840000,9.2124410000,9.0342840000,9.1377300000,2611409,41498885.0000,0.620815,0.062900
2014-04-21,9.0227900000,9.2986460000,8.9768140000,9.1549710000,3861286,61418143.0000,0.917950,0.188700
2014-04-22,9.1549710000,9.2469230000,8.8273920000,9.1262360000,3985999,62860804.0000,0.947598,-0.313900
2014-04-23,9.1262360000,9.1722120000,8.9653200000,9.0975010000,1749196,27601837.0000,0.415839,-0.314900
2014-04-24,9.0285370000,9.0745130000,8.7354400000,8.7699220000,2181538,33804507.0000,0.518621,-3.600800
2014-04-25,8.6837170000,8.7699220000,8.3216560000,8.3848730000,3719400,55266017.0000,0.884219,-4.390600
2014-04-28,8.3848730000,8.3906200000,8.0055710000,8.0343060000,2488055,35411349.0000,0.591490,-4.181000
2014-04-29,8.0458000000,8.2641860000,8.0400530000,8.2526920000,1926449,27217593.0000,0.457978,2.718200
2014-04-30,8.2814270000,8.3906200000,8.1952220000,8.3388970000,1461927,21110895.0000,0.347546,1.044600
2014-05-05,8.3503910000,8.5228010000,8.2239570000,8.4595840000,1752512,25521791.0000,0.416628,1.447300
2014-05-06,8.4365960000,8.5285480000,8.3503910000,8.4308490000,1926689,28282720.0000,0.458035,-0.339700
2014-05-07,8.3906200000,8.4308490000,8.2584390000,8.2756800000,1679593,24364155.0000,0.399292,-1.840500
2014-05-08,8.5170540000,8.9998020000,8.5170540000,8.5745240000,5667369,85923193.0000,1.347313,3.611100
2014-05-09,8.4480900000,8.8676210000,8.3618850000,8.7067050000,6091500,91849853.0000,1.448143,1.541600
2014-05-12,8.7296930000,8.9193440000,8.6549820000,8.8791150000,3793667,58349089.0000,0.901875,1.980200
2014-05-13,8.8158980000,8.8733680000,8.7124520000,8.8044040000,2398710,36559103.0000,0.570249,-0.841400
2014-05-14,8.7929100000,8.8388860000,8.6837170000,8.7067050000,1712306,26002548.0000,0.407069,-1.109700
2014-05-15,8.7181990000,8.7181990000,8.3331500000,8.3561380000,2923475,43200712.0000,0.695003,-4.026400
2014-05-16,8.2641860000,8.3274030000,8.1262580000,8.2929210000,2225270,31861517.0000,0.529017,-0.756500
2014-05-19,8.2641860000,8.3733790000,8.1492460000,8.3618850000,1367043,19644375.0000,0.324989,0.831600
2014-05-20,8.3906200000,8.4365960000,8.2067160000,8.3044150000,1542494,22284743.0000,0.366700,-0.687300
2014-05-21,8.2756800000,8.3159090000,8.1607400000,8.2354510000,1715593,24528561.0000,0.407851,-0.830400
2014-05-22,8.2239570000,8.3216560000,8.1434990000,8.1607400000,2027930,29066312.0000,0.482103,-0.907200
2014-05-23,8.1492460000,8.2986680000,8.0572940000,8.2929210000,1990068,28227703.0000,0.473102,1.619700
2014-05-26,8.3044150000,8.3618850000,8.2469450000,8.3274030000,1422244,20556149.0000,0.338112,0.415800
2014-05-27,8.3331500000,8.3676320000,8.2699330000,8.3159090000,1200154,17348855.0000,0.285315,-0.138000
2014-05-28,8.2641860000,8.4365960000,8.2641860000,8.3906200000,1512944,22004863.0000,0.359675,0.898400
2014-05-29,8.5515360000,8.7526810000,8.4768250000,8.5917650000,4606528,69222021.0000,1.095118,2.397300
2014-05-30,8.5342950000,9.1147420000,8.5342950000,8.9365850000,7356854,113703077.0000,1.748957,4.013400
2014-06-03,9.2354290000,9.2411760000,8.8733680000,8.8848620000,7968350,125317008.0000,1.894329,-0.578800
2014-06-04,8.7469340000,8.8791150000,8.6492350000,8.6837170000,3473773,52747519.0000,0.825826,-2.263900
2014-06-05,8.5745240000,8.9423320000,8.5745240000,8.9250910000,3343450,51456669.0000,0.794844,2.779600
2014-06-06,8.8791150000,8.9480790000,8.7411870000,8.8503800000,2132926,32822183.0000,0.507064,-0.837100
2014-06-09,8.7814160000,8.8273920000,8.6492350000,8.6952110000,1906399,28907067.0000,0.453211,-1.753200
2014-06-10,8.7067050000,8.7756690000,8.5687770000,8.7584280000,1674636,25336226.0000,0.398114,0.727000
2014-06-11,8.7469340000,8.7814160000,8.6664760000,8.7411870000,1840038,27890668.0000,0.437435,-0.196800
2014-06-12,8.7124520000,8.7699220000,8.6262470000,8.6779700000,1441114,21740965.0000,0.342598,-0.723200
2014-06-13,8.6492350000,8.7814160000,8.6434880000,8.7699220000,2086233,31676351.0000,0.495964,1.059600
2014-06-16,8.7814160000,8.7929100000,8.7067050000,8.7871630000,1759361,26770247.0000,0.418256,0.196600
2014-06-17,8.7929100000,8.9308380000,8.7124520000,8.7584280000,2470738,37963131.0000,0.587373,-0.327000
2014-06-18,8.7239460000,8.7699220000,8.5113070000,8.5285480000,2434887,36583498.0000,0.578850,-2.624700
2014-06-19,8.5285480000,8.5975120000,8.2699330000,8.2871740000,2425942,35549951.0000,0.576723,-2.830200
2014-06-20,8.2814270000,8.3618850000,8.2067160000,8.3216560000,2274228,32769707.0000,0.540656,0.416100
2014-06-23,8.3906200000,8.3906200000,8.3044150000,8.3331500000,1527060,22185982.0000,0.363031,0.138100
2014-06-24,8.3676320000,8.3848730000,8.2986680000,8.3503910000,1894541,27547691.0000,0.450392,0.206900
2014-06-25,8.3848730000,8.3848730000,8.1837280000,8.2182100000,2284225,32791899.0000,0.543033,-1.582900
2014-06-26,8.2699330000,8.3503910000,8.2182100000,8.3216560000,2061590,29745851.0000,0.490105,1.258700
2014-06-27,8.3044150000,8.5228010000,8.2929210000,8.4538370000,2082198,30647064.0000,0.495004,1.588400
2014-06-30,8.4538370000,8.5400420000,8.4308490000,8.5170540000,2352712,34707893.0000,0.559314,0.747800
2014-07-01,8.5055600000,8.5285480000,8.4136080000,8.5055600000,1703855,25123882.0000,0.405060,-0.134900
2014-07-02,8.4940660000,8.5170540000,8.4193550000,8.5113070000,2587694,38148015.0000,0.615177,0.067600
2014-07-03,8.4940660000,8.8618740000,8.4480900000,8.7814160000,6451873,97779879.0000,1.533815,3.173500
2014-07-04,8.7584280000,8.8676210000,8.7009580000,8.7354400000,3282601,50160393.0000,0.780378,-0.523600
2014-07-07,8.7641750000,8.9423320000,8.6894640000,8.8676210000,4864305,74776136.0000,1.156399,1.513200
2014-07-08,8.8561270000,8.8561270000,8.5515360000,8.6894640000,4431592,66721769.0000,1.053530,-2.009100
2014-07-09,8.6319940000,8.7814160000,8.6090060000,8.6664760000,4228434,63947330.0000,1.005233,-0.264600
2014-07-10,8.6837170000,8.8906090000,8.6090060000,8.7124520000,3279947,49946282.0000,0.779747,0.530500
2014-07-11,8.6779700000,8.9653200000,8.6377410000,8.9135970000,5268098,81238473.0000,1.252394,2.308700
2014-07-14,8.8963560000,9.0170430000,8.8101510000,8.9710670000,3395243,52654190.0000,0.807157,0.644700
2014-07-15,8.9825610000,8.9825610000,8.7411870000,8.8388860000,3125319,48107035.0000,0.742987,-1.473400
2014-07-16,8.8906090000,9.2986460000,8.8733680000,9.1089950000,10933635,173289596.0000,2.599271,3.055900
2014-07-17,9.0975010000,9.1262360000,8.8158980000,8.9480790000,3652955,57024014.0000,0.868423,-1.766600
2014-07-18,8.9078500000,9.0400310000,8.8446330000,8.9538260000,2624271,40838986.0000,0.623872,0.064200
2014-07-21,8.9538215000,9.3170480000,8.9538215000,9.2132690000,8167213,130068332.0000,1.941605,2.897600
2014-07-22,9.2132690000,9.3804685000,9.1152555000,9.3458755000,6114731,98617412.0000,1.453665,1.439300
2014-07-23,9.3689375000,9.3804685000,9.1094900000,9.1498485000,5005025,80274717.0000,1.189853,-2.097500
2014-07-24,9.1498485000,9.2824550000,9.0518350000,9.2651585000,2468556,39289122.0000,0.586854,1.260200
2014-07-25,9.2651585000,9.3919995000,9.1440830000,9.3862340000,3869370,62401344.0000,0.919872,1.306800
2014-07-28,9.3862340000,9.5419025000,9.2939860000,9.3343445000,4787350,77978177.0000,1.138105,-0.552800
2014-07-29,9.3285790000,9.4150615000,9.1556140000,9.2363310000,5618268,90516614.0000,1.335640,-1.050000
2014-07-30,9.2248000000,9.3170480000,9.1671450000,9.3112825000,3291992,52861348.0000,0.782611,0.811500
2014-07-31,9.3170480000,9.3401100000,9.2132690000,9.3343445000,2920971,46970647.0000,0.694407,0.247700
2014-08-01,9.3343445000,9.3747030000,9.1440830000,9.2536275000,3601910,57936825.0000,0.856288,-0.864700
2014-08-04,9.2593930000,9.2593930000,9.0921935000,9.1613795000,5230164,83058926.0000,1.243376,-0.996900
2014-08-05,9.1556140000,9.3516410000,9.1498485000,9.2882205000,8439753,135432558.0000,2.006397,1.384500
2014-08-06,9.2305655000,9.2593930000,9.1152555000,9.2248000000,3276920,52208794.0000,0.779028,-0.682800
2014-08-07,9.3401100000,10.0896250000,9.3401100000,9.7725225000,14745194,249579769.0000,3.505400,5.937500
2014-08-08,9.7148675000,10.0607975000,9.5995575000,9.9800805000,7809614,133375896.0000,1.856593,2.123900
2014-08-11,9.9339565000,10.0435010000,9.8647705000,10.0031425000,3727429,64422706.0000,0.886128,0.231100
2014-08-12,9.9627840000,10.3663690000,9.8705360000,10.2395280000,5770822,101914106.0000,1.371907,2.363100
2014-08-13,10.1934040000,10.2279970000,9.8705360000,10.0838595000,5119731,89080021.0000,1.217122,-1.520300
2014-08-14,10.0838595000,10.0838595000,9.9281910000,9.9281910000,3306423,57277481.0000,0.786042,-1.543700
2014-08-15,9.8647705000,10.2914175000,9.8647705000,10.1530455000,4210856,73888513.0000,1.001054,2.264800
2014-08-18,10.1761075000,10.8391400000,10.1761075000,10.7411265000,7463288,137664632.0000,1.774260,5.792200
2014-08-19,10.7353610000,10.7641885000,10.4643825000,10.6431130000,3705176,68113889.0000,0.880838,-0.912500
2014-08-20,10.5278030000,10.8103125000,10.3894310000,10.5912235000,3505277,64671329.0000,0.833315,-0.487500
2014-08-21,10.5566305000,10.9256225000,10.4989755000,10.6834715000,3231446,60192394.0000,0.768217,0.871000
2014-08-22,10.6661750000,10.8967950000,10.0896250000,10.3951965000,6687746,121808904.0000,1.589889,-2.698300
2014-08-25,10.7122990000,10.7122990000,10.4182585000,10.5335685000,3692531,67600375.0000,0.877832,1.331100
2014-08-26,10.5278030000,10.5623960000,10.1991695000,10.2568245000,3244906,58280492.0000,0.771417,-2.627300
2014-08-27,10.2337625000,10.3490725000,10.0146735000,10.1472800000,5179756,91328010.0000,1.231392,-1.068000
2014-08-28,10.1472800000,10.3260105000,10.0607975000,10.3144795000,2331820,41275274.0000,0.554347,1.647700
2014-08-29,10.3144795000,10.3779000000,10.1761075000,10.3144795000,1680808,29930966.0000,0.399581,0.000000
2014-09-01,10.3202450000,10.4816790000,10.2337625000,10.4240240000,2159850,38789882.0000,0.513465,1.062000
2014-09-02,10.3779000000,10.4816790000,10.3375415000,10.4528515000,3477451,62758279.0000,0.826700,0.276500
2014-09-03,10.5220375000,10.5681615000,10.4355550000,10.5278030000,2341598,42683549.0000,0.556672,0.717000
2014-09-04,10.7180645000,11.1274150000,10.7180645000,10.8333745000,7196329,136163016.0000,1.710795,2.902500
2014-09-05,10.7930160000,10.9198570000,10.5508650000,10.8449055000,4231120,78948599.0000,1.005871,0.106400
2014-09-09,10.9083260000,10.9429190000,10.5681615000,10.8333745000,3460947,64983403.0000,0.822777,-0.106300
2014-09-10,10.8103125000,10.8564365000,10.5681615000,10.7238300000,4444195,82211187.0000,1.056526,-1.011200
2014-09-11,10.7411265000,10.8276090000,10.5278030000,10.5508650000,4307391,79632617.0000,1.024003,-1.612900
2014-09-12,10.4701480000,10.6431130000,10.3836655000,10.6315820000,2257905,41272047.0000,0.536776,0.765000
2014-09-15,10.6085200000,10.9140915000,10.4932100000,10.8276090000,4367534,81594106.0000,1.038301,1.843800
2014-09-16,10.9486845000,10.9832775000,9.8878325000,10.2625900000,4496371,82773358.0000,1.068930,-5.218300
2014-09-17,10.0896250000,10.4297895000,10.0780940000,10.2625900000,3468940,61282626.0000,0.824677,0.000000
2014-09-18,10.1818730000,10.3779000000,10.1703420000,10.3548380000,1644962,29336404.0000,0.391060,0.898900
2014-09-19,10.3317760000,10.5393340000,10.3317760000,10.4643825000,1942222,35197446.0000,0.461728,1.057900
2014-09-22,10.3779000000,10.4759135000,10.1415145000,10.1472800000,2524983,44971741.0000,0.600268,-3.030300
2014-09-23,10.1761075000,10.4355550000,10.1530455000,10.4297895000,2691507,48249287.0000,0.639856,2.784100
2014-09-24,10.3779000000,10.5969890000,10.3548380000,10.5393340000,3042599,55422351.0000,0.723322,1.050300
2014-09-25,10.5796925000,10.6142855000,10.4009620000,10.4586170000,2599098,47332529.0000,0.617888,-0.765900
2014-09-26,10.4067275000,10.6950025000,10.4067275000,10.5912235000,2737761,50175924.0000,0.650853,1.267900
2014-09-29,10.6950025000,10.7641885000,10.5335685000,10.5739270000,3422715,62856129.0000,0.813688,-0.163300
2014-09-30,10.6661750000,10.7122990000,10.4413205000,10.5162720000,3747466,68373138.0000,0.890891,-0.545300
2014-10-08,10.5047410000,10.7814850000,10.4989755000,10.7526575000,4619036,85101052.0000,1.098091,2.247800
2014-10-09,10.7122990000,11.2888490000,10.6777060000,11.1850700000,9385858,179733933.0000,2.231316,4.021400
2014-10-10,11.0812910000,11.1043530000,10.8679675000,11.0005740000,4904095,93280149.0000,1.165859,-1.649500
2014-10-13,10.9775120000,10.9775120000,10.6661750000,10.8103125000,4711915,87778204.0000,1.120171,-1.729600
2014-10-14,10.6834715000,10.7987815000,10.6085200000,10.7295955000,3934825,73133928.0000,0.935433,-0.746700
2014-10-15,10.6258165000,10.9544500000,10.6258165000,10.9198570000,4018357,75472651.0000,0.955291,1.773200
2014-10-16,10.8679675000,11.5252345000,10.7238300000,11.3465040000,11325580,221292139.0000,2.692449,3.907100
2014-10-17,11.3349730000,11.3349730000,10.8679675000,11.1447115000,7803510,149619913.0000,1.855142,-1.778500
2014-10-20,11.2138975000,11.7039650000,11.1562425000,11.6578410000,8543117,170417112.0000,2.030970,4.604200
2014-10-21,11.5886550000,12.0671915000,11.4733450000,11.6174825000,10360736,211729426.0000,2.463075,-0.346200
2014-10-22,11.5367655000,11.7558545000,11.2427250000,11.3465040000,6087566,120892225.0000,1.447207,-2.332500
2014-10-23,11.3003800000,11.3003800000,10.8564365000,10.9025605000,6447093,123348018.0000,1.532678,-3.912600
2014-10-24,10.8391400000,11.1216495000,10.7238300000,10.9025605000,4980530,94349319.0000,1.184030,0.000000
2014-10-27,10.9025605000,10.9025605000,10.9025605000,10.9025605000,0,0.0000,,0.000000
2014-10-28,10.0953905000,10.6604095000,10.0953905000,10.5854580000,13095943,237876643.0000,3.113321,-2.908500
2014-10-29,10.5335685000,10.9025605000,10.4816790000,10.6892370000,9859519,182199416.0000,2.343920,0.980400
2014-10-30,10.6834715000,10.8679675000,10.6027545000,10.6777060000,5984138,111499892.0000,1.422619,-0.107900
2014-10-31,10.7007680000,10.9025605000,10.6085200000,10.6546440000,4479843,83359300.0000,1.065001,-0.216000
2014-11-03,10.6373475000,10.9486845000,10.6258165000,10.7699540000,3874006,72416006.0000,0.920974,1.082300
2014-11-04,10.8160780000,10.8160780000,10.5854580000,10.6258165000,3520509,65177615.0000,0.836937,-1.338300
2014-11-05,10.6027545000,10.6200510000,10.3836655000,10.5162720000,3231308,58903587.0000,0.768184,-1.030900
2014-11-06,10.4932100000,10.5681615000,10.4355550000,10.5220375000,2239969,40790667.0000,0.532512,0.054800
2014-11-07,10.5854580000,10.7814850000,10.4932100000,10.5278030000,4826594,89064999.0000,1.147434,0.054800
2014-11-10,10.6546440000,10.6546440000,10.4701480000,10.5220375000,3181493,58080725.0000,0.756342,-0.054800
2014-11-11,10.5393340000,10.6661750000,9.9281910000,9.9454875000,6670161,118371880.0000,1.585709,-5.479500
2014-11-12,9.9512530000,10.5508650000,9.8647705000,10.5220375000,5716068,102405785.0000,1.358890,5.797100
2014-11-13,10.5335685000,10.7238300000,10.4355550000,10.5047410000,4381360,80285672.0000,1.041588,-0.164400
2014-11-14,10.4355550000,10.5335685000,10.2625900000,10.4586170000,2131924,38457173.0000,0.506826,-0.439100
2014-11-17,10.5393340000,10.6258165000,10.4009620000,10.5912235000,2613562,47725024.0000,0.621326,1.267900
2014-11-18,10.5739270000,10.5739270000,10.2914175000,10.3951965000,2019488,36496836.0000,0.480096,-1.850800
2014-11-19,10.3951965000,10.4816790000,10.3087140000,10.3779000000,1588491,28624043.0000,0.377635,-0.166400
2014-11-20,10.4067275000,10.4067275000,10.2049350000,10.2107005000,2939018,52450551.0000,0.698698,-1.611100
2014-11-21,10.2510590000,10.4932100000,10.1703420000,10.4297895000,4090970,73349360.0000,0.972553,2.145700
2014-11-24,10.5393340000,11.0697600000,10.5393340000,11.0294015000,14055631,265321609.0000,3.341469,5.749000
2014-11-25,10.9429190000,11.5252345000,10.8679675000,11.3119110000,9363228,182846529.0000,2.225936,2.561400
2014-11-26,11.3465040000,11.4329865000,11.0697600000,11.1562425000,7113469,138443717.0000,1.691097,-1.376100
2014-11-27,11.2427250000,11.7154960000,11.1677735000,11.5194690000,8453006,168621844.0000,2.009547,3.255800
2014-11-28,11.8077440000,11.8192750000,11.2311940000,11.4675795000,7039287,139850708.0000,1.673462,-0.450500
2014-12-01,11.4156900000,11.5194690000,11.0466980000,11.1331805000,6841187,132965404.0000,1.626367,-2.916000
2014-12-02,11.1562425000,11.5079380000,11.1562425000,11.4675795000,6909097,136145235.0000,1.642511,3.003600
2014-12-03,11.6463100000,11.8596335000,11.3926280000,11.5252345000,8842616,177598734.0000,2.102170,0.502800
2014-12-04,11.5252345000,12.3093425000,11.4502830000,12.2401565000,13249802,273527888.0000,3.149898,6.203100
2014-12-05,12.7302240000,13.1338090000,11.6866685000,12.3669975000,20686891,447632512.0000,4.917929,1.036300
2014-12-08,12.6783345000,12.9723750000,12.3958250000,12.6783345000,15309393,335902976.0000,3.639528,2.517500
2014-12-09,12.4534800000,12.6841000000,11.5310000000,11.8019785000,14079670,298901328.0000,3.347184,-6.912200
2014-12-10,11.7616200000,11.9864745000,11.4791105000,11.8423370000,8945115,182230345.0000,2.126537,0.342000
2014-12-11,11.9864745000,12.3381700000,11.9345850000,12.0383640000,7092375,149048745.0000,1.686082,1.655300
2014-12-12,12.0383640000,12.2228600000,11.8769300000,11.9807090000,4908851,102518798.0000,1.166989,-0.478900
2014-12-15,11.9230540000,12.1306120000,11.6059515000,12.0787225000,4477856,92803833.0000,1.064528,0.818100
2014-12-16,12.0902535000,12.4015905000,11.9230540000,12.3669975000,7029722,149075687.0000,1.671188,2.386600
2014-12-17,12.4361835000,12.5630245000,11.6751375000,11.9057575000,9290179,193663794.0000,2.208570,-3.729600
2014-12-18,11.9634125000,12.0325985000,11.7673855000,11.8769300000,4562886,93877974.0000,1.084743,-0.242100
2014-12-19,11.8711645000,11.8711645000,11.5310000000,11.8019785000,5148118,104650046.0000,1.223871,-0.631100
2014-12-22,11.6693720000,11.7500890000,10.7526575000,10.9313880000,9212264,178205663.0000,2.190047,-7.376600
2014-12-23,10.9832775000,11.1793045000,10.9256225000,11.0524635000,3068800,58798517.0000,0.729551,1.107600
2014-12-24,11.1850700000,11.3003800000,10.9602155000,11.1735390000,2561030,49432175.0000,0.608838,1.095500
2014-12-25,11.1850700000,11.3522695000,11.0466980000,11.3407385000,3511307,68451230.0000,0.834749,1.496400
2014-12-26,11.4156900000,11.6174825000,11.3349730000,11.4906415000,5965154,118733237.0000,1.418106,1.321800
2014-12-29,11.7443235000,11.7443235000,11.1274150000,11.1504770000,5221126,102675860.0000,1.241227,-2.960400
2014-12-30,11.1677735000,11.1735390000,10.8391400000,10.9313880000,5396712,102650854.0000,1.282969,-1.964800
2014-12-31,10.9256225000,11.3119110000,10.8506710000,11.2946145000,3432485,66317347.0000,0.816010,3.322800
2015-01-05,11.4099245000,11.4964070000,11.1043530000,11.4502830000,5070592,99516201.0000,1.205440,1.378300
2015-01-06,11.3003800000,11.5137035000,11.2542560000,11.4329865000,3180946,62985852.0000,0.756212,-0.151100
2015-01-07,11.4272210000,11.6578410000,11.4041590000,11.4791105000,4055616,81056883.0000,0.964148,0.403400
2015-01-08,11.4791105000,11.5598275000,11.3119110000,11.4675795000,3782689,74912054.0000,0.899265,-0.100500
2015-01-09,11.4214555000,11.7270270000,11.3695660000,11.5367655000,5758161,115974420.0000,1.368897,0.603300
2015-01-12,11.4445175000,11.5828895000,11.2542560000,11.3465040000,3030908,59906611.0000,0.720543,-1.649200
2015-01-13,11.2427250000,11.8942265000,11.2427250000,11.8653990000,5959265,121019000.0000,1.416706,4.573200
2015-01-14,11.8423370000,11.8999920000,11.7039650000,11.7673855000,2786318,56902987.0000,0.662396,-0.826000
2015-01-15,11.7904475000,12.0383640000,11.7558545000,11.9230540000,3699040,76388961.0000,0.879379,1.322900
2015-01-16,11.9230540000,11.9634125000,11.8250405000,11.8884610000,2686437,55432857.0000,0.638651,-0.290100
2015-01-19,11.2484905000,11.6405445000,11.0063395000,11.3407385000,5189743,102550888.0000,1.233766,-4.607200
2015-01-20,11.3407385000,12.0325985000,11.3407385000,11.9749435000,5372670,109755741.0000,1.277254,5.592300
2015-01-21,11.9922400000,13.0012025000,11.9864745000,12.7878790000,14547721,317111936.0000,3.458454,6.788600
2015-01-22,12.6379760000,12.8397685000,12.5572590000,12.7705825000,5084086,111956342.0000,1.208648,-0.135300
2015-01-23,12.7763480000,13.0934505000,12.5399625000,12.7129275000,7561978,167981185.0000,1.797722,-0.451500
2015-01-26,12.6322105000,13.4566770000,12.6264450000,13.2952430000,7603141,172107955.0000,1.807508,4.580500
2015-01-27,13.2029950000,13.5662215000,13.0300300000,13.4278495000,6293018,144896938.0000,1.496050,0.997400
2015-01-28,13.3701945000,13.9121515000,13.1741675000,13.4278495000,6055740,143229142.0000,1.439641,0.000000
2015-01-29,13.3817255000,13.5373940000,13.2029950000,13.4566770000,3952821,91353146.0000,0.939711,0.214700
2015-01-30,13.7161245000,13.8602620000,12.6841000000,12.8397685000,9983379,228835205.0000,2.373366,-4.584400
2015-02-02,12.5803210000,12.6495070000,12.1248465000,12.4419490000,5760385,123800172.0000,1.369426,-3.098300
2015-02-03,12.5111350000,12.9089545000,12.5111350000,12.8858925000,3540928,77996825.0000,0.841791,3.568100
2015-02-04,12.8570650000,13.0415610000,12.6033830000,12.6783345000,2604526,57875576.0000,0.619178,-1.610700
2015-02-05,12.7878790000,12.8916580000,12.4823075000,12.5111350000,3094899,67764176.0000,0.735756,-1.318800
2015-02-06,12.5169005000,12.6149140000,12.1767360000,12.2459220000,2339513,49957794.0000,0.556176,-2.119800
2015-02-09,12.2459220000,12.4131215000,12.1248465000,12.2689840000,1899702,40460158.0000,0.451619,0.188300
2015-02-10,12.2689840000,12.4188870000,12.1536740000,12.4131215000,1852912,39567717.0000,0.440496,1.174800
2015-02-11,12.4131215000,12.4592455000,12.2228600000,12.3324045000,2774393,59388668.0000,0.659561,-0.650300
2015-02-12,12.3324045000,12.7417550000,12.2862805000,12.6552725000,3939756,85926706.0000,0.936605,2.618100
2015-02-13,12.7129275000,12.8512995000,12.6264450000,12.6725690000,3968404,87774856.0000,0.943415,0.136700
2015-02-16,12.6033830000,12.9031890000,12.6033830000,12.8628305000,2755076,61190770.0000,0.654969,1.501400
2015-02-17,12.8743615000,13.0646230000,12.8167065000,13.0184990000,2937553,65981752.0000,0.698349,1.210200
2015-02-25,12.9839060000,13.0876850000,12.8455340000,12.9435475000,2144949,48151212.0000,0.509922,-0.575700
2015-02-26,12.9435475000,12.9666095000,12.6841000000,12.9550785000,2646877,58942520.0000,0.629247,0.089100
2015-02-27,12.9608440000,13.0242645000,12.7821135000,12.8455340000,2726653,60918538.0000,0.648212,-0.845600
2015-03-02,12.8570650000,13.1684020000,12.8397685000,13.0184990000,4299191,97013120.0000,1.022054,1.346500
2015-03-03,12.9723750000,14.0851165000,12.9723750000,13.5489250000,9375621,220985550.0000,2.228882,4.074400
2015-03-04,13.6642350000,13.7737795000,13.4624425000,13.6123455000,4148106,97831091.0000,0.986136,0.468100
2015-03-05,13.7795450000,14.5809495000,13.7795450000,14.2926745000,10322462,255635392.0000,2.453976,4.997900
2015-03-06,14.2869090000,14.4195155000,13.9871030000,14.2523160000,5409443,133105895.0000,1.285996,-0.282400
2015-03-09,14.3445640000,14.7366180000,14.1600680000,14.6155425000,6632593,166431064.0000,1.576778,2.548500
2015-03-10,14.6155425000,14.8634590000,14.4137500000,14.5348255000,5696991,143772424.0000,1.354355,-0.552300
2015-03-11,14.4887015000,14.4887015000,13.9236825000,14.0678200000,5578959,137174140.0000,1.326295,-3.213000
2015-03-12,14.0159305000,14.7020250000,14.0159305000,14.3964535000,4765642,119583395.0000,1.132944,2.336100
2015-03-13,14.4656395000,14.6731975000,14.0793510000,14.4771705000,4423641,109734437.0000,1.051640,0.560700
2015-03-16,15.0421895000,15.2785750000,14.6731975000,15.0306585000,16421977,426025856.0000,3.904024,3.823200
2015-03-17,15.0825480000,15.0883135000,14.5348255000,14.7654455000,10147040,259958466.0000,2.412273,-1.764500
2015-03-18,14.7020250000,14.9038175000,14.5867150000,14.8346315000,5794909,148405115.0000,1.377633,0.468600
2015-03-19,14.7020250000,15.1056100000,14.4195155000,15.0767825000,8350143,212249900.0000,1.985094,1.632300
2015-03-20,15.0479550000,15.3016370000,14.9499415000,15.2324510000,10135813,266739855.0000,2.409604,1.032500
2015-03-23,15.1863270000,15.2036235000,15.0075965000,15.0767825000,6487979,169701980.0000,1.542398,-1.022000
2015-03-24,15.0883135000,15.1805615000,14.4137500000,14.8634590000,7316265,188112977.0000,1.739308,-1.414900
2015-03-25,14.7654455000,14.7942730000,14.4137500000,14.6674320000,8084321,204508219.0000,1.921899,-1.318900
2015-03-26,14.6097770000,14.7827420000,14.4137500000,14.6847285000,5866122,148592877.0000,1.394563,0.117900
2015-03-27,14.6789630000,16.1549310000,14.5924805000,16.1549310000,19367692,533436064.0000,4.604314,10.011800
2015-03-30,16.3163650000,17.3541550000,16.2587100000,16.8640875000,17321895,507122208.0000,4.117963,4.389700
2015-03-31,17.0024595000,17.0601145000,16.1434000000,16.6449985000,10566111,304796432.0000,2.511899,-1.299100
2015-04-01,16.4893300000,16.9966940000,16.4489715000,16.7603085000,8274821,240322935.0000,1.967187,0.692800
2015-04-02,16.7199500000,18.4380690000,16.5469850000,18.4380690000,14124633,433124288.0000,3.357873,10.010300
2015-04-03,18.4496000000,20.2830290000,18.3227590000,19.7064790000,16767024,561147648.0000,3.986053,6.879300
2015-04-07,19.9198025000,19.9198025000,19.1414600000,19.5854035000,10481967,352425712.0000,2.491896,-0.614400
2015-04-08,20.0062850000,20.8249860000,19.6027000000,20.1677190000,13366090,468905552.0000,3.177543,2.973200
2015-04-09,19.9198025000,20.2369050000,18.3227590000,19.4758590000,10010457,334554720.0000,2.379803,-3.430500
2015-04-10,19.4700935000,20.0639400000,19.0319155000,19.5969345000,7226374,245872657.0000,1.717938,0.621700
2015-04-13,19.5969345000,19.7929615000,19.1241635000,19.4124385000,10876328,364642192.0000,2.585648,-0.941500
2015-04-14,19.3374870000,20.1158295000,18.9684950000,19.8160235000,9153998,310606880.0000,2.176195,2.079000
2015-04-15,19.7756650000,19.7756650000,18.2074490000,18.3112280000,8304979,272544320.0000,1.974357,-7.593800
2015-04-16,17.7577400000,18.5476135000,17.5847750000,17.8730500000,9146950,285859536.0000,2.174520,-2.392900
2015-04-17,18.0575460000,19.6603550000,17.7289125000,19.6603550000,12457732,403954464.0000,2.961598,10.000000
2015-04-20,19.3086595000,19.5854035000,18.3631175000,18.5418480000,10494594,346575936.0000,2.494898,-5.689100
2015-04-21,18.3919450000,19.7756650000,18.1670905000,19.3259560000,8590031,285678720.0000,2.042123,4.228900
2015-04-22,19.4009075000,20.5597730000,19.3259560000,20.2945600000,11789446,412801520.0000,2.802725,5.011900
2015-04-23,20.5828350000,21.5399080000,20.2080775000,20.6808485000,16815777,608752784.0000,3.997643,1.903400
2015-04-24,20.1850155000,20.4675250000,19.6891825000,20.0639400000,11063492,384748800.0000,2.630143,-2.983000
2015-04-27,19.9947540000,20.4675250000,19.5335140000,19.9659265000,8243650,285769520.0000,1.959777,-0.488500
2015-04-28,20.0639400000,21.2631640000,19.6661205000,21.2112745000,11952927,420496384.0000,2.841589,6.237400
2015-04-29,20.8192205000,21.6379215000,20.3060910000,21.2401020000,11392956,417547024.0000,2.708467,0.135900
2015-04-30,21.3496465000,22.9005660000,21.3496465000,21.7013420000,9288362,354857792.0000,2.208138,2.171600
2015-05-04,21.5053150000,21.5053150000,20.7615655000,21.1247920000,5672562,206947403.0000,1.348548,-2.656700
2015-05-05,21.1017300000,21.1017300000,19.3720800000,19.7295410000,7751563,271642448.0000,1.842792,-6.604800
2015-05-06,19.7180100000,20.1042985000,19.0261500000,19.1126325000,6601121,224095756.0000,1.569296,-3.126800
2015-05-07,18.9108400000,19.0261500000,18.3861795000,18.5591445000,5088999,164529586.0000,1.209816,-2.895900
2015-05-08,18.7436405000,19.2221770000,18.3342900000,19.2106460000,5967935,194167098.0000,1.418767,3.510400
2015-05-11,19.2106460000,19.8563820000,18.9281365000,19.6430585000,7252242,245178556.0000,1.724088,2.250900
2015-05-12,19.8390855000,20.4329320000,19.6027000000,20.1388915000,7794987,271050816.0000,1.853115,2.524200
2015-05-13,20.0524090000,21.0959645000,19.7987270000,20.8422825000,12026552,429776976.0000,2.859092,3.492700
2015-05-14,20.7500345000,21.1017300000,20.3291530000,20.3925735000,5393760,192645756.0000,1.282268,-2.157700
2015-05-15,20.5251800000,20.5251800000,19.3778455000,19.8102580000,7358288,251947782.0000,1.749298,-2.855500
2015-05-18,19.8217890000,19.8333200000,19.2567700000,19.8044925000,8119662,274082032.0000,1.930301,-0.029100
2015-05-19,19.7698995000,21.0383095000,19.5450450000,20.7500345000,9869423,350648624.0000,2.346275,4.774400
2015-05-20,21.0152475000,21.2689295000,20.4675250000,20.5540075000,12447720,451163936.0000,2.959217,-0.944700
2015-05-21,20.5655385000,21.7359350000,20.5655385000,21.2804605000,12676032,465625840.0000,3.013494,3.534400
2015-05-22,21.7128730000,22.4335605000,20.6981450000,22.3182505000,17050009,638628480.0000,4.053327,4.876700
2015-05-25,21.7301695000,23.0620000000,21.5514390000,22.5027465000,15000789,583738400.0000,3.566163,0.826700
2015-05-26,22.6468840000,23.5174745000,22.4566225000,23.4367575000,14994761,598559904.0000,3.564730,4.150700
2015-05-27,23.3502750000,23.3502750000,22.3124850000,22.9928140000,10915735,432336816.0000,2.595016,-1.894200
2015-05-28,22.9697520000,23.0504690000,20.6923795000,20.6923795000,12895026,492146240.0000,3.065556,-10.005000
2015-05-29,20.0581745000,21.3323500000,19.9198025000,21.0671370000,10126634,364420384.0000,2.407422,1.811100
2015-06-01,21.0440750000,21.8916035000,20.7558000000,21.8166520000,7471696,279934640.0000,1.776259,3.557700
2015-06-02,21.8512450000,22.8313800000,21.7993555000,22.3586090000,8533950,328879152.0000,2.028790,2.484100
2015-06-03,22.2836575000,22.7045390000,20.7615655000,21.9607895000,12177823,458031696.0000,2.895054,-1.779300
2015-06-04,21.9089000000,21.9089000000,19.8909750000,21.3900050000,11388478,413923440.0000,2.707402,-2.599100
2015-06-05,21.6206250000,22.7737250000,21.2804605000,21.5687355000,11759904,440810848.0000,2.795702,0.835600
2015-06-08,21.8800725000,23.3791025000,21.3381155000,23.0620000000,20613197,808225264.0000,4.900410,6.923300
2015-06-09,23.2926200000,23.7250325000,22.4277950000,22.6468840000,12087857,482696928.0000,2.873667,-1.800000
2015-06-10,22.5431050000,24.3995960000,21.9434930000,24.3765340000,17040701,691944752.0000,4.051115,7.637500
2015-06-11,24.5610300000,26.7461545000,23.7826875000,25.9274535000,19552113,850224240.0000,4.648157,6.362400
2015-06-12,25.9332190000,26.7000305000,25.6564750000,25.9043915000,11276820,513279136.0000,2.680857,-0.089000
2015-06-15,25.8870950000,28.1587020000,25.5988200000,25.9966395000,14752424,685456144.0000,3.507119,0.356100
2015-06-16,25.6564750000,26.9825400000,24.5956230000,24.8608360000,11544811,515111632.0000,2.744567,-4.369000
2015-06-17,24.7282295000,27.3457665000,24.0421350000,27.3457665000,13494172,603985072.0000,3.207992,9.995400
2015-06-18,27.8588960000,28.5392250000,26.5213000000,27.1151465000,15265250,731836368.0000,3.629034,-0.843400
2015-06-19,25.9447500000,28.1932950000,24.4053615000,26.7922785000,17467816,785463856.0000,4.152653,-1.190700
2015-06-23,26.2330250000,28.6257075000,24.5033750000,28.5392250000,14280534,653424752.0000,3.394935,6.520300
2015-06-24,28.6257075000,29.8998830000,28.2509500000,29.0581200000,17818516,897155184.0000,4.236026,1.818200
2015-06-25,29.1734300000,29.3290985000,26.2330250000,27.0056020000,14391555,696576272.0000,3.421329,-7.063500
2015-06-26,25.3739655000,26.1177150000,24.3073480000,24.3073480000,10890492,468626912.0000,2.589015,-9.991500
2015-06-29,25.2528900000,25.5411650000,21.8743070000,21.8743070000,11922679,469367600.0000,2.834399,-10.009500
2015-06-30,20.7558000000,22.6526495000,19.6891825000,22.2721265000,14670153,536204000.0000,3.487560,1.818700
2015-07-01,21.3323500000,22.2721265000,20.0466435000,20.0466435000,11223185,413481984.0000,2.668107,-9.992200
2015-07-02,19.6027000000,19.6027000000,18.0402495000,18.0402495000,11385472,361639520.0000,2.706687,-10.008600
2015-07-03,16.2414135000,17.3541550000,16.2356480000,16.2356480000,10379400,295293504.0000,2.467512,-10.003200
2015-07-06,17.5040580000,17.5040580000,14.6097770000,14.6097770000,25058550,654786208.0000,5.957211,-10.014200
2015-07-07,13.7507175000,13.7795450000,13.1511055000,13.1511055000,5318199,121621023.0000,1.264304,-9.984200
2015-07-08,11.8365715000,12.6841000000,11.8365715000,11.8365715000,50372634,1044610416.0000,11.975171,-9.995600
2015-07-09,10.9371535000,13.0184990000,10.9371535000,13.0184990000,9316747,200134646.0000,2.214886,9.985400
2015-07-10,13.7795450000,14.3215020000,13.3759600000,14.3215020000,4222697,102793493.0000,1.003869,10.008900
2015-07-13,15.3938850000,15.7513460000,15.3708230000,15.7513460000,9996331,271550640.0000,2.376445,9.983900
2015-07-14,16.2587100000,17.3253275000,15.7974700000,16.2241170000,23898469,684991200.0000,5.681423,3.001500
2015-07-15,15.5668500000,15.8551250000,14.6040115000,14.6040115000,8208530,215917970.0000,1.951428,-9.985800
2015-07-16,14.5751840000,15.3996505000,13.1453400000,14.7193215000,13176866,328894320.0000,3.132559,0.789600
2015-07-17,14.9787690000,16.1434000000,14.7193215000,15.9127800000,12471938,333275936.0000,2.964975,8.108100
2015-07-20,16.1434000000,16.8064325000,15.6821600000,16.3509580000,14074237,396844560.0000,3.345892,2.753600
2015-07-21,15.9127800000,17.3483895000,15.5726155000,16.6968880000,12532937,359152752.0000,2.979476,2.115700
2015-07-22,16.6092608800,17.0182120800,16.1944675200,16.8020521600,10626123,301406256.0000,2.526166,0.629800
2015-07-23,16.7962100000,18.4553834400,16.7786835200,18.1165381600,16674788,506833696.0000,3.964125,7.823400
2015-07-24,18.1574332800,19.0337572800,17.5147956800,17.8536409600,17896332,560060416.0000,4.254525,-1.451100
2015-07-27,17.3512152000,18.8701768000,16.0659400000,16.1009929600,17940319,542795776.0000,4.264982,-9.816800
2015-07-28,15.7738320000,17.3336887200,14.5645048800,16.5975765600,15567035,429126288.0000,3.700777,3.084200
2015-07-29,16.7669992000,18.1106960000,15.8322536000,17.8536409600,11918526,342531664.0000,2.833411,7.567800
2015-07-30,17.6316388800,18.5663844800,17.1701082400,17.3979524800,13521354,416426672.0000,3.214454,-2.552400
2015-07-31,17.0474228800,17.4622162400,15.6569888000,16.3229950400,9438922,270637952.0000,2.243931,-6.178600
2015-08-03,16.0484135200,16.0484135200,14.6930324000,14.6930324000,10674632,275333072.0000,2.537698,-9.985700
2015-08-04,14.8682972000,16.0075184000,14.6404529600,16.0016762400,11703788,304207168.0000,2.782361,8.906600
2015-08-05,16.0075184000,16.2704156000,15.0961414400,15.3707229600,10857847,291436960.0000,2.581254,-3.943000
2015-08-06,14.7397696800,15.3648808000,14.6054000000,14.9617717600,5799774,148953090.0000,1.378790,-2.660600
2015-08-07,15.1195100800,15.8322536000,15.0786149600,15.7972006400,8077058,215156515.0000,1.920173,5.583800
2015-08-10,16.1243616000,17.3745838400,16.0951508000,17.2285298400,10076993,290699168.0000,2.395621,9.060600
2015-08-11,17.1175288000,18.0990116800,17.0123699200,17.5556908000,12287103,370697392.0000,2.921034,1.898900
2015-08-12,17.2226876800,18.6949120000,17.0883180000,18.0522744000,14478968,446983008.0000,3.442109,2.828600
2015-08-13,17.9821684800,19.8575018400,17.8361144800,19.8575018400,20224541,668805344.0000,4.808014,10.000000
2015-08-14,20.6228248000,21.3121996800,20.2722952000,20.3307168000,19991529,711691984.0000,4.752620,2.383000
2015-08-17,20.0970304000,21.6218341600,19.9217656000,21.5926233600,13395535,477053632.0000,3.184543,6.206900
2015-08-18,21.6452028000,21.7211508800,19.4310241600,19.4310241600,13965660,483032192.0000,3.320080,-10.010800
2015-08-19,18.4378569600,20.4358756800,17.4855848800,19.7932380800,13204631,421638176.0000,3.139159,1.864100
2015-08-20,19.3959712000,19.5712360000,17.8127458400,17.8127458400,9519078,302321440.0000,2.262986,-10.005900
2015-08-21,17.0591072000,17.4096368000,16.0717821600,16.1418880800,10146353,289328928.0000,2.412110,-9.380100
2015-08-24,14.8975080000,15.1896160000,14.5294519200,14.5294519200,7194833,180668640.0000,1.710440,-9.989100
2015-08-25,13.0747540800,13.4252836800,13.0747540800,13.0747540800,8390601,188645185.0000,1.994712,-10.012100
2015-08-26,13.1507021600,13.6706544000,11.7661102400,11.9413750400,11917664,260115784.0000,2.833206,-8.668400
2015-08-27,12.5606440000,13.0922805600,12.0231652800,13.0747540800,9560311,206940759.0000,2.272789,9.491200
2015-08-28,13.5538112000,14.3833979200,13.3668620800,14.3833979200,10675301,253202548.0000,2.537857,10.008900
2015-08-31,14.3132920000,14.9676139200,14.0445526400,14.2490282400,9926108,246842268.0000,2.359750,-0.934200
2015-09-01,14.2607125600,14.2607125600,12.8235412000,12.8235412000,9715239,217944311.0000,2.309620,-10.004100
2015-09-02,11.9764280000,13.4544944800,11.6142140800,12.8293833600,12222766,263127584.0000,2.905739,0.045600
2015-09-07,13.1331756800,13.8167084000,12.5489596800,12.8235412000,10445065,234936404.0000,2.483123,-0.045500
2015-09-08,12.5139067200,14.1088164000,12.5022224000,14.1088164000,9616072,219332761.0000,2.286045,10.022800
2015-09-09,14.6638216000,14.9851404000,13.0864384000,13.9043408000,38941895,929321088.0000,9.257722,-1.449300
2015-09-10,13.3785464000,13.8167084000,13.2208080800,13.3843885600,13816120,320100928.0000,3.284529,-3.739500
2015-09-11,13.4311258400,14.1964488000,13.1039648800,14.1088164000,21975361,513388016.0000,5.224240,5.412500
2015-09-14,14.6638216000,14.8975080000,12.7359088000,12.9871216800,27458399,666566896.0000,6.527731,-7.950300
2015-09-15,12.3853792000,12.8527520000,11.6901621600,11.6901621600,15821371,331171936.0000,3.761241,-9.986500
2015-09-16,11.8595848000,12.8585941600,11.7485837600,12.8585941600,13982437,291680032.0000,3.324068,9.995000
2015-09-17,13.1390178400,13.9510780800,12.6541185600,12.7008558400,21158740,481728608.0000,5.030103,-1.226700
2015-09-18,12.9228579200,13.5538112000,12.9111736000,13.5012317600,14305217,323815024.0000,3.400803,6.301800
2015-09-21,13.2792296800,14.0094996800,13.1507021600,13.9627624000,12319787,289879952.0000,2.928804,3.418400
2015-09-22,14.1847644800,14.3132920000,13.6648122400,13.8868143200,14841576,353974896.0000,3.528313,-0.543900
2015-09-23,13.5479690400,13.8809721600,13.3493356000,13.7582868000,10306558,240192282.0000,2.450195,-0.925500
2015-09-24,13.7874976000,13.9043408000,13.5421268800,13.8167084000,8473854,199452376.0000,2.014504,0.424600
2015-09-25,13.8576035200,14.3074498400,13.3259669600,13.5304425600,13187685,313860720.0000,3.135131,-2.071900
2015-09-28,13.5304425600,13.6764965600,12.9754373600,13.6414436000,5790825,132534313.0000,1.376663,0.820400
2015-09-29,13.2967561600,13.6531279200,13.1740708000,13.2850718400,5372537,123052945.0000,1.277222,-2.612400
2015-09-30,13.6122328000,13.9393937600,13.3960728800,13.4252836800,6677904,155765500.0000,1.587549,1.055400
2015-10-08,13.7991819200,14.3658714400,13.7991819200,14.1088164000,11054737,266222564.0000,2.628061,5.091400
2015-10-09,14.1380272000,15.5226191200,14.0211840000,15.5226191200,17804214,463901344.0000,4.232626,10.020700
2015-10-12,16.0075184000,17.0766336800,15.5226191200,16.2762577600,30796616,871048928.0000,7.321331,4.855100
2015-10-13,15.9490968000,16.8780002400,15.8205692800,16.7611570400,17108576,480326848.0000,4.067251,2.979200
2015-10-14,16.5917344000,16.6501560000,15.9082016800,15.9666232800,14501204,404107680.0000,3.447396,-4.740300
2015-10-15,15.7738320000,16.6501560000,15.7738320000,16.5800500800,12684230,355529152.0000,3.015443,3.841900
2015-10-16,16.9539483200,18.2333813600,16.1418880800,17.5440064800,21050066,614651552.0000,5.004268,5.814000
2015-10-19,17.6024280800,19.0162308000,17.0707915200,17.6900604800,18180354,559805280.0000,4.322046,0.832500
2015-10-20,17.5556908000,18.1048538400,17.4797427200,18.0230636000,10244632,314160992.0000,2.435474,1.882400
2015-10-21,17.9471155200,18.4028040000,16.2236783200,16.2236783200,14113028,414153344.0000,3.355114,-9.983800
2015-10-22,16.2470469600,16.9364218400,16.1827832000,16.8312629600,12180125,347088752.0000,2.895602,3.745000
2015-10-23,16.8254208000,17.5849016000,16.7553148800,17.1934768800,14766877,432531840.0000,3.510555,2.152000
2015-10-26,17.4680584000,17.9354312000,17.1642660800,17.3161622400,15024636,449589376.0000,3.571832,0.713600
2015-10-27,17.2343720000,17.2635828000,16.2820999200,17.1993190400,9250068,265823317.0000,2.199034,-0.674800
2015-10-28,17.2343720000,17.7075869600,16.4047852800,16.5742079200,10220213,299196752.0000,2.429668,-3.634500
2015-10-29,16.6618403200,17.0591072000,16.6501560000,16.8604737600,7383368,213330357.0000,1.755261,1.727200
2015-10-30,16.6501560000,16.9890012800,16.2470469600,16.5683657600,7319163,208188854.0000,1.739997,-1.732500
2015-11-02,15.7738320000,16.5216284800,15.6803574400,15.9490968000,7312882,202331056.0000,1.738504,-3.737700
2015-11-03,16.0542556800,16.9072110400,15.5927250400,16.5157863200,10436062,290674592.0000,2.480983,3.553100
2015-11-04,16.4164696000,17.5907437600,16.4164696000,17.4563740800,11794415,347290240.0000,2.803906,5.695100
2015-11-05,17.4563740800,17.9237468800,16.9890012800,17.0824758400,13751504,408723776.0000,3.269168,-2.141900
2015-11-06,17.2869514400,17.6900604800,17.2226876800,17.6608496800,10234008,306245296.0000,2.432948,3.385800
2015-11-09,17.6433232000,17.8361144800,17.1759504000,17.5440064800,12383460,370346240.0000,2.943941,-0.661600
2015-11-10,17.4680584000,18.2859608000,17.4096368000,18.0172214400,13525231,414927744.0000,3.215376,2.697300
2015-11-11,18.3151716000,19.0220729600,17.8711674400,18.6189639200,15177723,476373232.0000,3.608226,3.339800
2015-11-12,18.5722266400,19.2791280000,18.4028040000,18.8935454400,12426195,401703952.0000,2.954100,1.474700
2015-11-13,18.5780688000,19.5595516800,18.1106960000,18.4495412800,11151667,359357360.0000,2.651105,-2.350000
2015-11-16,17.9237468800,18.1983284000,17.6725340000,18.1632754400,8903014,274199280.0000,2.116529,-1.551600
2015-11-17,18.3794353600,18.6773855200,17.9062204000,17.9880106400,8525459,268068794.0000,2.026772,-0.964900
2015-11-18,18.0230636000,18.5254893600,17.5849016000,17.7309556000,7238260,225099562.0000,1.720764,-1.429000
2015-11-19,17.7367977600,18.2216970400,17.4972692000,18.1106960000,7326798,222696301.0000,1.741812,2.141700
2015-11-20,18.2158548800,18.2158548800,17.5907437600,17.8536409600,9520826,291142368.0000,2.263402,-1.419400
2015-11-23,17.8886939200,19.5712360000,17.8127458400,18.6949120000,14660831,468351280.0000,3.485344,4.712000
2015-11-24,19.0162308000,19.0454416000,18.4028040000,18.7825444000,8079726,258025762.0000,1.920807,0.468800
2015-11-25,18.8234395200,19.5712360000,18.7883865600,19.2674436800,10840024,356402096.0000,2.577017,2.581600
2015-11-26,19.4719192800,20.8974063200,19.1038632000,19.8808704800,13324516,458651744.0000,3.167660,3.183700
2015-11-27,20.0386088000,20.4183492000,18.1866440800,18.8584924800,13286353,445508064.0000,3.158587,-5.142500
2015-11-30,18.7182806400,20.4475600000,18.4612256000,20.3482432800,12073063,401335856.0000,2.870150,7.899600
2015-12-01,20.3949805600,20.6637199200,19.6062889600,19.9743450400,9393398,323710320.0000,2.233108,-1.837500
2015-12-02,19.9451342400,19.9451342400,18.0113792800,19.4076555200,10301780,337286288.0000,2.449060,-2.837100
2015-12-03,19.2849701600,19.4777614400,18.9870200000,19.3492339200,8567906,281960272.0000,2.036863,-0.301000
2015-12-04,19.3550760800,19.7172900000,18.8292816800,19.1330740000,9799466,322958960.0000,2.329644,-1.117100
2015-12-07,19.1330740000,19.2090220800,18.8584924800,19.0454416000,6345844,206284782.0000,1.508608,-0.458000
2015-12-08,18.8760189600,19.4543928000,18.7825444000,18.8059130400,6425837,210016812.0000,1.527625,-1.257700
2015-12-09,18.4612256000,18.9870200000,18.2041705600,18.3210137600,7013344,222294163.0000,1.667294,-2.578400
2015-12-10,18.3210137600,18.8701768000,18.3210137600,18.4378569600,5253422,166918766.0000,1.248905,0.637800
2015-12-11,18.4495412800,18.4787520800,18.0230636000,18.0289057600,4386271,136455107.0000,1.042756,-2.218000
2015-12-14,17.6024280800,18.5780688000,17.6024280800,18.5313315200,3464573,107941859.0000,0.823639,2.786800
2015-12-15,18.6949120000,19.2557593600,18.5254893600,18.6657012000,6463918,208826691.0000,1.536678,0.725100
2015-12-16,18.6890698400,18.7942287200,18.3443824000,18.4495412800,5982641,189987955.0000,1.422263,-1.158100
2015-12-17,18.6364904000,18.8234395200,18.4787520800,18.6949120000,7081517,226546798.0000,1.683501,1.330000
2015-12-18,18.7124384800,19.2207064000,18.6949120000,18.9227562400,8530763,277103232.0000,2.028033,1.218700
2015-12-21,18.9578092000,19.3959712000,18.7533336000,19.3784447200,7801265,255942695.0000,1.854608,2.408100
2015-12-22,19.3433917600,19.4427084800,18.9811778400,19.1973377600,5419519,177883454.0000,1.288391,-0.934600
2015-12-23,19.1973377600,19.5595516800,18.6715433600,18.8818611200,9378942,310078192.0000,2.229672,-1.643300
2015-12-24,18.8292816800,18.9870200000,18.1223803200,18.5663844800,6679692,211194541.0000,1.587974,-1.670800
2015-12-25,18.5488580000,20.2664530400,18.4612256000,19.5244987200,11137715,370237984.0000,2.647788,5.160500
2015-12-28,19.4777614400,20.0327666400,19.0220729600,19.0571259200,9671362,323482688.0000,2.299189,-2.393800
2015-12-29,19.0337572800,19.3667604000,18.8175973600,19.2791280000,4692240,154015930.0000,1.115494,1.164900
2015-12-30,19.3375496000,20.5936140000,19.2791280000,20.4125070400,12805895,439412864.0000,3.044367,5.878800
2015-12-31,20.5936140000,20.7221415200,20.0327666400,20.1203990400,7885218,273758192.0000,1.874566,-1.431000
2016-01-04,20.1788206400,20.7396680000,18.2158548800,18.6481747200,9510440,328478688.0000,2.260933,-7.317100
2016-01-05,18.2275392000,19.4719192800,18.1106960000,19.2031799200,10596147,342606976.0000,2.519040,2.976200
2016-01-06,19.2674436800,21.1252505600,19.0512837600,21.1252505600,17368510,603588768.0000,4.129045,10.009100
2016-01-07,20.7922474400,20.8915641600,19.0103886400,19.0103886400,5291700,180375787.0000,1.258005,-10.011100
2016-01-08,19.8049224000,20.7980896000,18.2859608000,20.4534021600,18903730,641620480.0000,4.494016,7.590600
2016-01-11,19.8633440000,21.2420937600,18.4086461600,18.9169140800,22797571,790719408.0000,5.419705,-7.512100
2016-01-12,18.9694935200,19.2207064000,17.0240542400,17.1350552800,20814428,621012160.0000,4.948249,-9.419400
2016-01-13,16.8254208000,17.3979524800,15.4233024000,15.4233024000,12279340,343369984.0000,2.919188,-9.989800
2016-01-14,14.4651881600,15.8789908800,14.1380272000,15.4992504800,10305961,261172370.0000,2.450053,0.492400
2016-01-15,15.2071424800,16.3113107200,14.9559296000,15.4583553600,10735176,286875840.0000,2.552091,-0.263900
2016-01-18,14.9559296000,15.9607811200,14.7981912800,15.6160936800,8541690,226933897.0000,2.030630,1.020400
2016-01-19,15.9432546400,16.7786835200,15.7796741600,16.6676824800,12498601,349335200.0000,2.971313,6.734000
2016-01-20,16.3580480000,16.6384716800,15.8965173600,16.0659400000,9618877,267235964.0000,2.286712,-3.610200
2016-01-21,15.5518299200,16.1185194400,14.7222432000,14.8390864000,8580534,227048315.0000,2.039865,-7.636400
2016-01-22,15.1019836000,15.3882494400,14.6930324000,15.2246689600,7818709,201988475.0000,1.858755,2.598400
2016-01-25,15.6453044800,16.2879420800,15.4875661600,15.9899919200,8311711,227294349.0000,1.975957,5.026900
2016-01-26,15.7212525600,15.9198860000,14.4885568000,15.1195100800,8177212,215601713.0000,1.943982,-5.443900
2016-01-27,14.8975080000,15.3064592000,14.0211840000,15.2013003200,6421549,161506313.0000,1.526606,0.541000
2016-01-28,14.7806648000,15.5927250400,14.3132920000,14.6696637600,6584734,170424556.0000,1.565400,-3.497300
2016-01-29,14.8157177600,15.3940916000,14.4009244000,15.3006170400,6336935,161998687.0000,1.506490,4.301100
2016-02-01,15.4817240000,15.5109348000,14.7514540000,15.1136679200,4818641,125382929.0000,1.145544,-1.221800
2016-02-02,15.1136679200,15.6336201600,15.1136679200,15.6160936800,5791384,153439095.0000,1.376795,3.324300
2016-02-03,15.2246689600,15.5810407200,15.0844571200,15.4934083200,5468183,143894602.0000,1.299960,-0.785600
2016-02-04,15.6978839200,15.9374124800,15.5050926400,15.6219358400,6447369,173320621.0000,1.532744,0.829600
2016-02-05,15.6511466400,15.9082016800,15.1896160000,15.5576720800,6825632,182496647.0000,1.622669,-0.411400
2016-02-15,14.9091923200,15.2363532800,14.7923491200,15.1896160000,6393177,164289937.0000,1.519861,-2.365700
2016-02-16,15.1954581600,15.7738320000,15.1370365600,15.7095682400,6348699,169415195.0000,1.509287,3.423100
2016-02-17,15.6569888000,16.3405215200,15.5401456000,16.1126772800,8932039,244913614.0000,2.123429,2.566000
2016-02-18,16.1944675200,16.4339960800,15.9490968000,16.1243616000,8099049,224048684.0000,1.925401,0.072500
2016-02-19,16.0600978400,16.4164696000,15.9666232800,16.2820999200,5882736,163494950.0000,1.398513,0.978300
2016-02-22,16.3522058400,16.9247375200,16.3463636800,16.8896845600,7396687,211321788.0000,1.758427,3.731600
2016-02-23,16.8254208000,16.8896845600,16.1126772800,16.3989431200,6349448,179081387.0000,1.509465,-2.905600
2016-02-24,16.4164696000,17.0006856000,16.3814166400,16.9013688800,8405763,241213022.0000,1.998316,3.063800
2016-02-25,16.7669992000,16.8429472800,15.2129846400,15.2129846400,7560853,206544420.0000,1.797454,-9.989600
2016-02-26,15.2830905600,15.4641975200,14.4359773600,15.0786149600,7788651,200763122.0000,1.851609,-0.883300
2016-02-29,15.0610884800,15.0610884800,13.5713376800,13.5713376800,7292153,172155288.0000,1.733576,-9.996100
2016-03-01,13.5246004000,13.7641289600,12.7066980000,13.5479690400,6808365,156095628.0000,1.618564,-0.172200
2016-03-02,13.3551777600,14.3950822400,13.3434934400,14.2431860800,8129408,193104736.0000,1.932618,5.131500
2016-03-03,14.1321850400,14.6638216000,14.0328683200,14.2665547200,7344154,180344709.0000,1.745938,0.164100
2016-03-04,14.2431860800,14.2490282400,13.1565443200,13.4544944800,6922087,162666852.0000,1.645599,-5.692100
2016-03-07,13.6122328000,14.4885568000,13.6122328000,14.4301352000,7018097,167887598.0000,1.668424,7.251400
2016-03-08,14.4651881600,15.1896160000,13.7582868000,14.9150344800,9490741,237256889.0000,2.256250,3.360300
2016-03-09,14.4593460000,15.0669306400,14.3132920000,14.6755059200,5477623,138555981.0000,1.302205,-1.606000
2016-03-10,14.7105588800,14.8975080000,14.5177676000,14.7397696800,4113495,103720320.0000,0.977908,0.437900
2016-03-11,14.6638216000,14.9968247200,14.5060832800,14.9500874400,4265429,108316552.0000,1.014028,1.426900
2016-03-14,14.9559296000,15.4641975200,14.6112421600,15.2071424800,7537652,195057063.0000,1.791939,1.719400
2016-03-15,15.0435620000,15.2188268000,14.5236097600,14.8975080000,5871725,149035685.0000,1.395895,-2.036100
2016-03-16,14.9968247200,14.9968247200,14.3775557600,14.4476616800,4799565,119992338.0000,1.141009,-3.019600
2016-03-17,14.4535038400,14.7572961600,14.4126087200,14.6930324000,6123473,153157884.0000,1.455744,1.698300
2016-03-18,14.7748226400,15.4466710400,14.7105588800,15.2538797600,6623346,171364745.0000,1.574579,3.817100
2016-03-21,15.5576720800,16.1243616000,15.3356700000,16.0893086400,8382247,226769817.0000,1.992726,5.476800
2016-03-22,16.2295204800,16.2295204800,15.7154104000,15.9432546400,5597353,152782311.0000,1.330668,-0.907800
2016-03-23,15.7796741600,16.1009929600,15.7329368800,16.0717821600,3342161,91217130.0000,0.794538,0.806200
2016-03-24,15.9432546400,15.9666232800,15.5985672000,15.6394623200,3544412,95888052.0000,0.842619,-2.689900
2016-03-25,15.6277780000,15.9783076000,15.3707229600,15.9374124800,3383708,90633449.0000,0.804415,1.905100
2016-03-28,16.1243616000,16.2879420800,15.3590386400,15.5927250400,5796372,156745308.0000,1.377981,-2.162800
2016-03-29,15.6978839200,15.6978839200,14.9909825600,15.2538797600,3015632,78550995.0000,0.716911,-2.173100
2016-03-30,15.3999337600,15.7446212000,15.2947748800,15.7270947200,4332649,115089547.0000,1.030008,3.102300
2016-03-31,15.8614644000,16.0600978400,15.7212525600,15.9374124800,5800313,157569283.0000,1.378918,1.337300
2016-04-01,15.8906752000,16.0659400000,15.4875661600,16.0600978400,3759671,101660039.0000,0.893793,0.769800
2016-04-05,16.0075184000,16.5099441600,15.9140438400,16.4865755200,5200197,144173039.0000,1.236252,2.655500
2016-04-06,16.5333128000,16.6852089600,16.2470469600,16.4456804000,6671689,187936180.0000,1.586072,-0.248000
2016-04-07,16.5216284800,16.5742079200,15.9257281600,16.0016762400,3713647,102635733.0000,0.882852,-2.699800
2016-04-08,15.8030428000,15.9841497600,15.5810407200,15.9023595200,4901309,131828806.0000,1.165196,-0.620700
2016-04-11,15.9549389600,16.4690490400,15.9549389600,16.1944675200,4686704,130571097.0000,1.114178,1.836900
2016-04-12,16.2879420800,16.6501560000,16.1302037600,16.5742079200,6510782,182876770.0000,1.547819,2.344900
2016-04-13,16.4924176800,17.3453730400,16.4924176800,16.8137364800,10241243,299375376.0000,2.434668,1.445200
2016-04-14,16.9422640000,17.0182120800,16.5449971200,16.7261040800,4834852,138531546.0000,1.149398,-0.521200
2016-04-15,16.8137364800,16.9539483200,16.6501560000,16.8020521600,4336642,124599820.0000,1.030957,0.454100
2016-04-18,16.5099441600,16.7085776000,16.1710988800,16.2704156000,4468676,125071432.0000,1.062346,-3.164100
2016-04-19,16.3872588000,16.5333128000,16.2003096800,16.4573647200,2864319,80210843.0000,0.680939,1.149000
2016-04-20,16.4573647200,16.5508392800,15.0610884800,15.9841497600,5798850,156811183.0000,1.378570,-2.875400
2016-04-21,15.7679898400,16.1126772800,15.4817240000,15.7270947200,3150880,85426803.0000,0.749064,-1.608200
2016-04-22,15.7037260800,15.9899919200,15.4817240000,15.9198860000,2221957,59519733.0000,0.528230,1.225900
2016-04-25,15.7796741600,16.0192027200,15.6628309600,15.9023595200,2581862,69946426.0000,0.613790,-0.110100
2016-04-26,15.9432546400,16.2295204800,15.8264114400,16.1827832000,2834097,77955653.0000,0.673755,1.763400
2016-04-27,16.1243616000,16.2236783200,16.0075184000,16.1302037600,2502352,68944013.0000,0.594888,-0.324900
2016-04-28,16.0600978400,16.1535724000,15.6861996000,15.9315703200,2631276,71646086.0000,0.625538,-1.231400
2016-04-29,15.7679898400,16.1360459200,15.7679898400,15.9315703200,2379741,65270397.0000,0.565740,0.000000
2016-05-03,16.1009929600,16.5216284800,15.7796741600,16.5099441600,4343633,121315652.0000,1.032619,3.630400
2016-05-04,16.5333128000,16.7962100000,16.3931009600,16.4106274400,4752823,135077036.0000,1.129897,-0.601600
2016-05-05,16.5216284800,16.7845256800,16.3638901600,16.6793668000,3355625,95356353.0000,0.797738,1.637600
2016-05-06,16.6852089600,17.4096368000,16.4748912000,16.5274706400,9329921,271834768.0000,2.218018,-0.910700
2016-05-09,16.5216284800,16.5274706400,15.9315703200,16.1360459200,4395598,121536301.0000,1.044973,-2.368300
2016-05-10,15.8322536000,16.1068351200,15.5343034400,15.5985672000,5861634,157944909.0000,1.393496,-3.330900
2016-05-11,15.7679898400,15.9958340800,15.5167769600,15.7154104000,2965606,80068768.0000,0.705019,0.749100
2016-05-12,15.6569888000,15.8497800800,15.2538797600,15.7913584800,2993876,79704955.0000,0.711739,0.483300
2016-05-13,15.7913584800,15.8965173600,15.3181435200,15.5751985600,2860927,76719896.0000,0.680133,-1.368900
2016-05-16,15.5459877600,15.6453044800,15.2188268000,15.5109348000,5354429,140735244.0000,1.272917,-0.412600
2016-05-17,15.5459877600,15.5459877600,15.2655640800,15.3415121600,3138231,82567266.0000,0.746057,-1.092300
2016-05-18,15.3298278400,15.3940916000,14.8916658400,15.1136679200,3883338,100412953.0000,0.923192,-1.485100
2016-05-19,15.1136679200,15.2772484000,14.9851404000,15.0669306400,2516176,65298700.0000,0.598175,-0.309200
2016-05-20,14.9500874400,15.2188268000,14.7105588800,15.1954581600,3479668,89179424.0000,0.827227,0.853000
2016-05-23,15.2597219200,15.3590386400,15.1136679200,15.2830905600,3350430,87567006.0000,0.796503,0.576700
2016-05-24,15.2655640800,15.2947748800,14.9559296000,15.1195100800,2914114,75276579.0000,0.692777,-1.070300
2016-05-25,15.2246689600,15.3064592000,15.0844571200,15.0902992800,2156018,56070014.0000,0.512554,-0.193200
2016-05-26,15.1720895200,15.1720895200,14.6054000000,15.0201933600,2403133,61333937.0000,0.571301,-0.464600
2016-05-27,15.0494041600,15.3473543200,14.9267188000,15.2363532800,2757056,71552435.0000,0.655440,1.439100
2016-05-30,15.1896160000,15.1896160000,14.7806648000,15.0318776800,1886441,48566089.0000,0.448467,-1.342000
2016-05-31,15.1195100800,15.6569888000,15.0669306400,15.6160936800,5239633,138445695.0000,1.245627,3.886500
2016-06-01,15.7095682400,15.7095682400,15.4466710400,15.4583553600,4842691,128801645.0000,1.151261,-1.010100
2016-06-02,15.4817240000,15.5576720800,15.3590386400,15.4934083200,3108311,82251966.0000,0.738944,0.226800
2016-06-03,15.4934083200,15.7154104000,15.3648808000,15.6686731200,4256239,113410581.0000,1.011843,1.131200
2016-06-06,15.6686731200,15.7329368800,15.3940916000,15.6686731200,3154535,84193711.0000,0.749933,0.000000
2016-06-07,15.6569888000,15.6686731200,15.4291445600,15.4408288800,2622059,69587138.0000,0.623347,-1.454100
2016-06-08,15.4291445600,15.5927250400,15.3999337600,15.4583553600,2322000,61603749.0000,0.552013,0.113500
2016-06-13,15.1954581600,15.3064592000,14.6054000000,14.6287686400,3244214,83579562.0000,0.771252,-5.366600
2016-06-14,14.6696637600,14.8858236800,14.6346108000,14.7865069600,1808316,45617908.0000,0.429894,1.078300
2016-06-15,14.6112421600,15.0610884800,14.5761892000,15.0552463200,5350661,136788023.0000,1.272022,1.817500
2016-06-16,15.1019836000,15.1019836000,14.6930324000,14.7222432000,3946171,99946697.0000,0.938130,-2.211900
2016-06-17,14.7514540000,14.9267188000,14.6871902400,14.7806648000,3051530,77368762.0000,0.725445,0.396800
2016-06-20,14.8682972000,14.8741393600,14.6930324000,14.7981912800,2086191,52899956.0000,0.495954,0.118600
2016-06-21,14.8975080000,15.1604052000,14.8390864000,14.9442452800,4779737,122962547.0000,1.136295,0.987000
2016-06-22,14.8215599200,15.0902992800,14.8215599200,15.0786149600,2733193,70136903.0000,0.649767,0.899100
2016-06-23,15.0961414400,15.1019836000,14.9559296000,15.0494041600,2555380,65739191.0000,0.607495,-0.193700
2016-06-24,15.1019836000,15.1545630400,14.6054000000,14.9091923200,3401041,87097028.0000,0.808535,-0.931700
2016-06-27,14.7397696800,15.1662473600,14.7280853600,15.1195100800,2941318,75927521.0000,0.699244,1.410700
2016-06-28,15.1311944000,15.4466710400,15.0260355200,15.3824072800,4740152,123260076.0000,1.126884,1.738800
2016-06-29,15.4713231000,15.5543110400,15.2757086700,15.4772508100,4161115,108183828.0000,0.989229,0.616600
2016-06-30,15.4713231000,15.5780218800,15.4298291300,15.5187447800,3481054,91102462.0000,0.827557,0.268100
2016-07-01,15.5187447800,15.6313712700,15.3112749300,15.4653953900,2575131,67232951.0000,0.612190,-0.343800
2016-07-04,15.4001905800,15.7558531800,15.3172026400,15.7084315000,3703962,97639625.0000,0.880549,1.571500
2016-07-05,15.8625519600,16.4790338000,15.8625519600,16.1470820400,8695758,237650766.0000,2.067257,2.792500
2016-07-06,16.1233712000,16.1707928800,15.8684796700,16.0700218100,4028766,108681302.0000,0.957765,-0.477200
2016-07-07,16.0996603600,16.1648651700,15.7854917300,15.9573953200,4662679,125736035.0000,1.108467,-0.700900
2016-07-08,15.8921905100,16.1174434900,15.8032748600,15.9988892900,3524531,95010783.0000,0.837893,0.260000
2016-07-11,16.0107447100,16.1707928800,15.7973471500,15.9455399000,5166154,139198656.0000,1.228158,-0.333500
2016-07-12,15.9455399000,16.0581663900,15.6491544000,15.9751784500,4255027,113662916.0000,1.011555,0.185900
2016-07-13,16.1233712000,16.1411543300,16.0048170000,16.0463109700,3841212,104043210.0000,0.913178,0.445300
2016-07-14,16.0700218100,16.3012025000,16.0285278400,16.2893470800,4544527,123843223.0000,1.080378,1.514600
2016-07-15,16.3308410500,16.6924313600,16.3308410500,16.3426964700,7814096,217565483.0000,1.857658,0.327500
2016-07-18,16.1826483000,16.4553229600,16.0878049400,16.1767205900,5134378,140579970.0000,1.220604,-1.015600
2016-07-19,16.2478531100,16.3841904400,16.1352266200,16.3664073100,3921365,107583623.0000,0.932233,1.172600
2016-07-20,16.3367687600,16.5086723500,16.2359976900,16.2419254000,4012624,110783318.0000,0.953928,-0.760600
2016-07-21,16.2182145600,17.8542625200,16.2182145600,17.4037565600,17588565,510228224.0000,4.181359,7.153300
2016-07-22,17.5756601500,18.5418768800,17.5756601500,18.3581178700,17601342,540770160.0000,4.184397,5.483600
2016-07-25,18.4707443600,18.4707443600,17.7831300000,17.9609613000,12229164,371266000.0000,2.907260,-2.163400
2016-07-26,17.8246239700,18.9627442900,17.8246239700,18.5478045900,12823304,400189280.0000,3.048506,3.267300
2016-07-27,18.6722865000,19.8578285000,18.3047684800,19.0042382600,27177717,878682592.0000,6.461004,2.460900
2016-07-28,18.8619732200,19.1346478800,18.1269371800,18.5833708500,16304538,508492960.0000,3.876105,-2.214600
2016-07-29,18.3818287100,18.5478045900,17.8424071000,18.0380215300,9972377,304560864.0000,2.370750,-2.934600
2016-08-01,18.0380215300,18.8441900900,17.7238529000,18.4588889400,13383266,415406272.0000,3.181626,2.333200
2016-08-02,18.2692022200,20.1127200300,18.2692022200,20.0712260600,23327895,757742640.0000,5.545780,8.734800
2016-08-03,19.8874670500,20.4446717900,19.3895394100,19.6385032300,18796965,627390736.0000,4.468634,-2.155900
2016-08-04,19.5080936100,20.0652983500,19.3243346000,19.7155634600,13105659,433975472.0000,3.115630,0.392400
2016-08-05,19.6503586500,20.4209609500,18.9864551300,19.0812984900,16516819,549289824.0000,3.926571,-3.217100
2016-08-08,18.9568165800,19.2117081100,18.5478045900,19.1405755900,9243624,295518192.0000,2.197502,0.310700
2016-08-09,19.0279491000,19.2709852100,18.7197081800,19.2472743700,11458375,366854912.0000,2.724019,0.557400
2016-08-10,19.1465033000,19.2354189500,18.7908407000,18.8797563500,9006043,287727424.0000,2.141022,-1.909500
2016-08-11,18.8204792500,19.0635153600,18.4885274900,18.5063106200,7891336,249341132.0000,1.876021,-1.978000
2016-08-12,18.3759010000,18.8086238300,18.3284793200,18.7256358900,8341613,261856033.0000,1.983066,1.185100
2016-08-15,18.7137804700,19.4310333800,18.7019250500,19.2057804000,10720047,345337088.0000,2.548495,2.564100
2016-08-16,19.2057804000,19.8578285000,18.9745997100,19.4488165100,11291125,372838000.0000,2.684258,1.265400
2016-08-17,19.4428888000,19.6088646800,18.9686720000,19.3006237600,8236717,268337254.0000,1.958129,-0.762000
2016-08-18,19.3124791800,19.3124791800,18.9449611600,19.0990816200,6624115,213197960.0000,1.574762,-1.044200
2016-08-19,18.9983105500,19.1761418500,18.5003829100,18.6663587900,7289224,230266796.0000,1.732880,-2.265700
2016-08-22,18.5892985600,19.1465033000,18.4944552000,18.6782142100,5516539,175115083.0000,1.311456,0.063500
2016-08-23,18.6782142100,19.0279491000,18.5003829100,18.6663587900,4159784,131967968.0000,0.988912,-0.063500
2016-08-24,18.8382623800,19.3599008600,18.7967684100,18.8738286400,8399138,270692992.0000,1.996741,1.111500
2016-08-25,18.6189371100,18.6248648200,18.0795155000,18.1447203100,8826359,271707200.0000,2.098305,-3.863100
2016-08-26,18.1980697000,18.3759010000,18.1387926000,18.2454913800,3533734,108912802.0000,0.840081,0.555400
2016-08-29,18.2395636700,18.2454913800,17.9016842000,18.0498769500,3310403,100895858.0000,0.786988,-1.072100
2016-08-30,18.0498769500,18.1921419900,17.9491058800,18.1328648900,2377489,72447352.0000,0.565204,0.459800
2016-08-31,18.1980697000,18.2277082500,17.9609613000,18.1387926000,3541034,108243590.0000,0.841816,0.032700
2016-09-01,18.1684311500,18.1684311500,17.9668890100,17.9668890100,2416312,73565104.0000,0.574434,-0.947700
2016-09-02,18.0083829800,18.0676600800,17.6408649600,17.7475637400,3882634,116616494.0000,0.923025,-1.220700
2016-09-05,17.7653468700,18.1032263400,17.7653468700,17.9194673300,2938344,89168887.0000,0.698537,0.968600
2016-09-06,17.9313227500,18.2277082500,17.8483348100,18.2158528300,3150336,96181747.0000,0.748935,1.653986
2016-09-07,18.3047684800,18.3166239000,18.0854432100,18.1032263400,2353068,72276912.0000,0.559399,-0.618284
2016-09-08,18.1802865700,18.2573468000,17.9194673300,17.9609613000,2751755,83922749.0000,0.654179,-0.785860
2016-09-09,18.0617323700,18.0795155000,17.7416360300,17.7772022900,3841317,115687365.0000,0.913203,-1.023101
2016-09-12,17.4985999200,17.4985999200,16.9473228900,17.0303108300,5129146,148419112.0000,1.219361,-4.201401
2016-09-13,17.0836602200,17.1725758700,16.8821180800,17.0243831200,2751465,78829430.0000,0.654110,-0.034808
2016-09-14,16.9769614400,16.9769614400,16.6865036500,16.7872747200,2950064,83649277.0000,0.701324,-1.392756
2016-09-19,16.7813470100,17.7357083200,16.7754193000,17.4215396900,5397905,156727918.0000,1.283253,3.778248
2016-09-20,17.4215396900,17.4215396900,17.0955156400,17.1903590000,2835013,82299096.0000,0.673972,-1.326980
2016-09-21,17.1903590000,17.1903590000,16.9710337300,17.0125277000,2476350,71305549.0000,0.588707,-1.034480
2016-09-22,17.1844312900,17.3089132000,17.0718048000,17.1962867100,3230965,93731341.0000,0.768103,1.080137
2016-09-23,17.1903590000,17.3681903000,17.0955156400,17.3148409100,2366095,68629389.0000,0.562496,0.689414
2016-09-26,17.2081421300,17.3207686200,16.8109855600,16.8287686900,3611711,104010755.0000,0.858618,-2.807257
2016-09-27,16.6687205200,17.0599493800,16.6627928100,17.0184554100,1959580,56017131.0000,0.465854,1.127156
2016-09-28,17.1903590000,17.3029854900,17.0718048000,17.1192264800,2107464,61073391.0000,0.501011,0.592128
2016-09-29,17.1192264800,17.2733469400,16.9354674700,17.1785035800,3336559,96014517.0000,0.793206,0.346262
2016-09-30,17.1607204500,17.3444794600,17.1014433500,17.2970577800,3804422,110613734.0000,0.904432,0.690134
2016-10-10,17.4867445000,17.5756601500,17.3444794600,17.5697324400,2864722,84553038.0000,0.681035,1.576419
2016-10-11,17.5756601500,17.8246239700,17.4274674000,17.7831300000,4007518,119422049.0000,0.952714,1.214577
2016-10-12,17.6823589300,18.0083829800,17.5519493100,17.8720456500,3401093,102569220.0000,0.808548,0.499999
2016-10-13,17.7890577100,17.9372504600,17.5519493100,17.5934432800,3707760,110617673.0000,0.881452,-1.558870
2016-10-14,17.5519493100,17.7119974800,17.2852023600,17.6823589300,3804871,111922021.0000,0.904538,0.505390
2016-10-17,17.6645758000,17.6882866400,17.2318529700,17.2437083900,3990742,117333604.0000,0.948726,-2.480723
2016-10-18,17.2496361000,17.6171541200,17.2081421300,17.5519493100,2864943,84228888.0000,0.681088,1.787557
2016-10-19,17.5756601500,17.5756601500,17.3504071700,17.3681903000,3404549,100085749.0000,0.809369,-1.046948
2016-10-20,17.4748890800,17.7357083200,17.4748890800,17.5638047300,4583617,136079319.0000,1.089671,1.126280
2016-10-21,17.7001420600,17.7060697700,17.3148409100,17.4926722100,2889717,85193491.0000,0.686977,-0.404991
2016-10-24,17.3859734300,17.7712745800,17.3681903000,17.6112264100,4502092,133953814.0000,1.070290,0.677732
2016-10-25,17.5875155700,17.7712745800,17.5163830500,17.6467926700,3869773,115154104.0000,0.919968,0.201957
2016-10-26,17.6467926700,17.6645758000,17.1903590000,17.2496361000,5327307,156059799.0000,1.266470,-2.250588
2016-10-27,17.1903590000,17.3266963300,16.9710337300,17.0540216700,4968189,143029002.0000,1.181096,-1.134020
2016-10-28,17.0718048000,17.2614915200,16.8346964000,16.9710337300,4614500,132833952.0000,1.097013,-0.486623
2016-10-31,16.8228409800,17.0955156400,16.8228409800,16.9591783100,2710040,77762840.0000,0.644262,-0.069852
2016-11-01,16.9651060200,17.3326240400,16.9651060200,17.2555638100,3753303,108729838.0000,0.892279,1.747641
2016-11-02,17.2318529700,17.2318529700,16.9295397600,16.9828891500,4662011,134111433.0000,1.108308,-1.580216
2016-11-03,16.8999012100,17.2733469400,16.8999012100,17.1607204500,3835073,111048672.0000,0.911718,1.047124
2016-11-04,17.1607204500,17.4748890800,17.0955156400,17.3385517500,4781239,139934229.0000,1.136652,1.036267
2016-11-07,17.3444794600,17.5163830500,17.1903590000,17.3089132000,2608783,76105722.0000,0.620190,-0.170938
2016-11-08,17.3741180100,17.4985999200,17.2555638100,17.4274674000,3808976,111805011.0000,0.905514,0.684928
2016-11-09,17.4215396900,17.4215396900,16.8287686900,17.0125277000,4379472,126483416.0000,1.041139,-2.380949
2016-11-10,17.2199975500,17.2614915200,17.0895879300,17.2081421300,4466102,129373979.0000,1.061734,1.149825
2016-11-11,17.1607204500,17.2674192300,16.9354674700,17.1666481600,7176005,206468422.0000,1.705964,-0.241135
2016-11-14,17.0955156400,17.2199975500,17.0243831200,17.1370096100,4322927,124947075.0000,1.027697,-0.172649
2016-11-15,17.1607204500,17.5875155700,17.0777325100,17.4393228200,7552120,221660861.0000,1.795378,1.764096
2016-11-16,17.5045276300,18.0735877900,17.5045276300,17.8661179400,12313623,370493312.0000,2.927338,2.447312
2016-11-17,17.8661179400,17.9728167200,17.6052987000,17.7534914500,6234263,186600180.0000,1.482082,-0.630387
2016-11-18,17.7534914500,17.9431781700,17.5460216000,17.7119974800,5651382,169663877.0000,1.343513,-0.233728
2016-11-21,17.7594191600,17.9609613000,17.5756601500,17.8424071000,6497332,194996285.0000,1.544622,0.736282
2016-11-22,17.8127685500,18.0024552700,17.7001420600,17.9135396200,5845635,176283919.0000,1.389693,0.398668
2016-11-23,17.9491058800,18.0617323700,17.6112264100,17.7060697700,6007032,181146976.0000,1.428062,-1.158168
2016-11-24,17.7060697700,17.8839010700,17.4867445000,17.6645758000,5577220,166317809.0000,1.325882,-0.234354
2016-11-25,17.6823589300,17.7653468700,17.3978288500,17.7119974800,4142551,122839584.0000,0.984816,0.268456
2016-11-28,17.7653468700,17.8186962600,17.5282384700,17.6171541200,4453938,132430840.0000,1.058842,-0.535475
2016-11-29,17.6112264100,17.9609613000,17.4926722100,17.7890577100,6198908,186120247.0000,1.473677,0.975777
2016-11-30,17.7534914500,17.7534914500,17.3089132000,17.5045276300,5467562,161543144.0000,1.299813,-1.599465
2016-12-01,17.4867445000,17.5045276300,17.2259252600,17.3919011400,5466934,160011068.0000,1.299663,-0.643415
2016-12-02,17.3385517500,17.4748890800,17.0065999900,17.1192264800,4062410,117755813.0000,0.965764,-1.567829
2016-12-05,16.9651060200,17.2674192300,16.8821180800,17.1132987700,2422156,69837433.0000,0.575823,-0.034620
2016-12-06,16.9888168600,17.2081421300,16.9888168600,17.1192264800,1635423,47197260.0000,0.388792,0.034632
2016-12-07,17.0895879300,17.3622625900,17.0184554100,17.3504071700,3083893,89672517.0000,0.733139,1.350420
2016-12-08,17.3563348800,17.3859734300,17.1192264800,17.2022144200,1826987,53034275.0000,0.434333,-0.854117
2016-12-09,17.1844312900,17.2377806800,17.0540216700,17.1666481600,1914162,55348921.0000,0.455057,-0.206759
2016-12-12,17.1429373200,17.3504071700,16.1411543300,16.3071302100,5624680,159606186.0000,1.337165,-5.006902
2016-12-13,16.2774916600,16.4671783800,15.9633230300,16.3486241800,2985358,81695543.0000,0.709714,0.254452
2016-12-14,16.2715639500,16.6865036500,16.0048170000,16.3723350200,4105695,113138916.0000,0.976054,0.145036
2016-12-15,16.1352266200,16.7042867800,16.1352266200,16.5620217400,3102935,86410540.0000,0.737666,1.158580
2016-12-16,16.5975880000,17.1370096100,16.5975880000,17.0303108300,5020552,143866928.0000,1.193544,2.827484
2016-12-19,17.0718048000,17.1903590000,16.7279976200,17.0303108300,3672047,105446175.0000,0.872962,0.000000
2016-12-20,17.0303108300,17.0362385400,16.7161422000,16.8050578500,2390721,67910898.0000,0.568350,-1.322656
2016-12-21,16.8346964000,17.0006722800,16.7813470100,16.9473228900,1935864,55099758.0000,0.460216,0.846560
2016-12-22,16.9769614400,17.1014433500,16.7872747200,17.0599493800,2957843,84754670.0000,0.703173,0.664570
2016-12-23,17.0599493800,17.1132987700,16.5027446400,16.6627928100,2557124,72193624.0000,0.607909,-2.328006
2016-12-26,16.5086723500,16.6450096800,16.3426964700,16.6153711300,2054875,57059631.0000,0.488509,-0.284596
2016-12-27,16.5560940300,16.7102144900,16.4079012800,16.5146000600,2445480,68116408.0000,0.581368,-0.606493
2016-12-28,16.4790338000,16.5501663200,16.3604796000,16.4790338000,1536987,42610017.0000,0.365391,-0.215367
2016-12-29,16.4790338000,16.4790338000,16.2182145600,16.3308410500,2450732,67398922.0000,0.582617,-0.899281
2016-12-30,16.2893470800,16.3723350200,16.0878049400,16.1945037200,2629559,71797574.0000,0.625129,-0.834844
2017-01-03,16.2063591400,16.3604796000,16.1945037200,16.3486241800,2485419,68372055.0000,0.590863,0.951685
2017-01-04,16.3841904400,16.5738771600,16.3012025000,16.5383109000,3231109,89902222.0000,0.768137,1.160260
2017-01-05,16.5679494500,16.8228409800,16.4138289900,16.7279976200,3760025,105509231.0000,0.893877,1.146952
2017-01-06,16.7220699100,16.9532506000,16.5857325800,16.8346964000,3481266,98444882.0000,0.827607,0.637847
2017-01-09,16.8050578500,16.8050578500,16.5975880000,16.7161422000,2678438,75307337.0000,0.636750,-0.704221
2017-01-10,16.7161422000,16.7161422000,16.5501663200,16.5857325800,1625975,45569769.0000,0.386546,-0.780146
2017-01-11,16.6035157100,16.6924313600,16.2893470800,16.3012025000,2325914,64660168.0000,0.552943,-1.715509
2017-01-12,16.4671783800,16.8524795300,16.4197567000,16.5798048700,5281046,148690717.0000,1.255472,1.709088
2017-01-13,16.5383109000,16.6865036500,16.1826483000,16.2004314300,3102931,85661680.0000,0.737665,-2.288164
2017-01-16,16.2419254000,16.3367687600,14.9378292000,15.8388411200,4799161,127933962.0000,1.140913,-2.231982
2017-01-17,15.7084315000,15.8447688300,15.3586966100,15.7677086000,2960279,77926161.0000,0.703752,-0.449098
2017-01-18,15.6610098200,15.8388411200,15.6610098200,15.7736363100,1758864,46690124.0000,0.418138,0.037595
2017-01-19,15.7795640200,16.0818772300,15.7677086000,15.8803350900,3333358,89554753.0000,0.792445,0.676439
2017-01-20,15.7677086000,15.9751784500,15.7558531800,15.9573953200,2342527,62848829.0000,0.556893,0.485252
2017-01-23,15.8566242500,16.1648651700,15.8566242500,16.0878049400,1744654,47149880.0000,0.414760,0.817234
2017-01-24,16.0640941000,16.0759495200,15.8625519600,15.8862628000,1303773,35030859.0000,0.309948,-1.252764
2017-01-25,15.8862628000,15.9870338700,15.7143592100,15.9692507400,1528287,40806041.0000,0.363322,0.522393
2017-01-26,15.9573953200,16.0937326500,15.9573953200,16.0581663900,1291911,34903628.0000,0.307128,0.556791
2017-02-03,15.9811061600,16.1055880700,15.8447688300,15.9040459300,973634,26190421.0000,0.231464,-0.959765
2017-02-06,16.0107447100,16.1826483000,15.8981182200,16.1767205900,3146383,85577239.0000,0.747995,1.714502
2017-02-07,16.0996603600,16.2359976900,16.0344555500,16.1826483000,2158717,58727807.0000,0.513195,0.036637
2017-02-08,16.1767205900,16.2419254000,16.0581663900,16.2182145600,1735139,47276986.0000,0.412498,0.219785
2017-02-09,16.2182145600,16.3901181500,16.1707928800,16.3841904400,2576014,70860266.0000,0.612400,1.023387
2017-02-10,16.2893470800,16.3901181500,16.2478531100,16.3071302100,1573893,43260580.0000,0.374164,-0.470330
2017-02-13,16.3012025000,16.4612506700,16.2597085300,16.2893470800,2126410,58607711.0000,0.505515,-0.109054
2017-02-14,16.2478531100,16.3604796000,16.1352266200,16.2063591400,2592518,70902244.0000,0.616324,-0.509459
2017-02-15,16.3308410500,16.8643349500,16.2597085300,16.7635638800,10074969,283092144.0000,2.395139,3.438188
2017-02-16,16.8228409800,17.0421662500,16.5916602900,16.6924313600,7179307,203428612.0000,1.706749,-0.424331
2017-02-17,16.6865036500,16.7161422000,16.4197567000,16.5086723500,4358538,121434937.0000,1.036163,-1.100850
2017-02-20,16.4079012800,16.6627928100,16.4019735700,16.6390819700,3994278,111372246.0000,0.949566,0.789944
2017-02-21,16.6924313600,16.7991301400,16.5738771600,16.7694915900,3677633,103602412.0000,0.874290,0.783759
2017-02-22,16.7576361700,16.7576361700,16.6153711300,16.6746482300,2291821,64402263.0000,0.544838,-0.565577
2017-02-23,16.6627928100,16.6924313600,16.4493952500,16.5442386100,2402574,67069544.0000,0.571168,-0.782081
2017-02-24,16.5383109000,16.6390819700,16.4849615100,16.6331542600,1915816,53630934.0000,0.455450,0.537440
2017-02-27,16.6450096800,16.6983590700,16.4731060900,16.4790338000,1759943,49232210.0000,0.418394,-0.926587
2017-02-28,16.4790338000,16.5857325800,16.4493952500,16.5798048700,1469934,40945141.0000,0.349450,0.611511
2017-03-01,16.5798048700,16.6746482300,16.4968169300,16.6627928100,2376548,66573130.0000,0.564981,0.500541
2017-03-02,16.7102144900,16.9295397600,16.6568651000,16.6865036500,6604021,187267859.0000,1.569985,0.142295
2017-03-03,16.5975880000,16.6509373900,16.3901181500,16.6212988400,2398240,66847454.0000,0.570138,-0.390759
2017-03-06,16.6272265500,16.6450096800,16.5146000600,16.6331542600,3123933,87300172.0000,0.742658,0.071321
2017-03-07,16.6153711300,16.6509373900,16.3604796000,16.4493952500,4600313,127795707.0000,1.093640,-1.104774
2017-03-08,16.4493952500,16.5086723500,16.2952747900,16.3545518900,2761408,76272498.0000,0.656474,-0.576576
2017-03-09,16.3545518900,16.3604796000,16.0522386800,16.0818772300,2815543,76798595.0000,0.669344,-1.667274
2017-03-10,16.2004314300,16.2004314300,15.8862628000,15.9929615800,3553771,95897560.0000,0.844844,-0.552892
2017-03-13,16.0640941000,16.0996603600,15.8447688300,16.0522386800,2962034,80055142.0000,0.704169,0.370646
2017-03-14,16.0700218100,16.0759495200,15.9455399000,16.0226001300,2288310,61771596.0000,0.544004,-0.184635
2017-03-15,16.0226001300,16.2656362400,15.9692507400,16.2300699800,3188557,86813376.0000,0.758021,1.294852
2017-03-16,16.2004314300,16.3012025000,16.1707928800,16.2241422700,2773103,75888662.0000,0.659254,-0.036517
2017-03-17,16.2359976900,16.2656362400,15.8744073800,15.9099736400,4530950,122565122.0000,1.077150,-1.936429
2017-03-20,15.9455399000,15.9929615800,15.7617808900,15.8803350900,2537516,67816080.0000,0.603248,-0.186286
2017-03-21,15.8269857000,16.0878049400,15.8151302800,16.0107447100,2578533,69491655.0000,0.612999,0.821199
2017-03-22,15.8862628000,15.9751784500,15.6195158500,15.6847206600,4520969,119897505.0000,1.074778,-2.036287
2017-03-23,15.7202869200,15.7380700500,15.4061182900,15.5839495900,3780378,99377933.0000,0.898716,-0.642472
2017-03-24,15.5839495900,15.6432266900,15.4357568400,15.6254435600,2652310,69451907.0000,0.630538,0.266260
2017-03-27,15.6787929500,15.6965760800,15.5780218800,15.5958050100,2933763,77380146.0000,0.697448,-0.189686
2017-03-28,15.5839495900,15.6610098200,15.5424556200,15.5958050100,1427936,37608475.0000,0.339466,0.000000
2017-03-29,15.5898773000,15.6195158500,15.3883351600,15.4061182900,2469406,64470685.0000,0.587056,-1.216266
2017-03-30,15.4179737100,15.4476122600,15.0682388200,15.1038050800,3275428,84018084.0000,0.778673,-1.962294
2017-03-31,15.1275159200,15.3290580600,15.1275159200,15.2697809600,2265830,58326302.0000,0.538660,1.098904
2017-04-05,15.2816363800,15.5898773000,15.2342147000,15.5365279100,2323829,60705884.0000,0.552448,1.746890
2017-04-06,15.5424556200,15.5780218800,15.4001905800,15.4357568400,2268590,59157434.0000,0.539316,-0.648600
2017-04-07,15.4416845500,15.6254435600,15.4179737100,15.5602387500,2868866,75299815.0000,0.682020,0.806448
2017-04-10,15.5839495900,15.6669375300,15.4713231000,15.6135881400,3012959,79143918.0000,0.716276,0.342858
2017-04-11,15.5780218800,15.6076604300,15.3883351600,15.5306002000,2830215,73838670.0000,0.672832,-0.531509
2017-04-12,15.4831785200,15.6432266900,15.3705520300,15.5424556200,3140012,82161592.0000,0.746480,0.076330
2017-04-13,15.5424556200,15.6254435600,15.4831785200,15.5602387500,1888924,49575636.0000,0.449057,0.114419
2017-04-14,15.5009616500,15.5602387500,15.3586966100,15.4239014200,2358562,61344581.0000,0.560705,-0.876189
2017-04-17,15.4001905800,15.4001905800,15.1215882100,15.2045761500,1806531,46363746.0000,0.429470,-1.421986
2017-04-18,15.2045761500,15.3231303500,14.9556123300,15.0267448500,2272112,58024323.0000,0.540153,-1.169588
2017-04-19,14.8904075200,15.0326725600,14.8192750000,15.0267448500,2179546,54815182.0000,0.518147,0.000000
2017-04-20,14.9733954600,15.1393713400,14.8963352300,14.9852508800,1503326,38091746.0000,0.357388,-0.276133
2017-04-21,14.9259737800,15.0208171400,14.8014918700,14.8726243900,1537187,38594502.0000,0.365438,-0.751584
2017-04-24,14.8726243900,14.9022629400,14.2265040000,14.3924798800,2448127,59709039.0000,0.581997,-3.228376
2017-04-25,14.5110340800,14.5110340800,14.2917088100,14.3746967500,1393028,33804556.0000,0.331167,-0.123561
2017-04-26,14.2798533900,14.3806244600,14.1672269000,14.2383594200,1879212,45147265.0000,0.446748,-0.948452
2017-04-27,14.2087208700,14.2561425500,13.7819257500,13.9775401800,2579123,60857553.0000,0.613139,-1.831809
2017-04-28,13.9716124700,14.1198052200,13.8234197200,14.1020220900,1318040,31259802.0000,0.313340,0.890589
2017-05-02,13.5151788000,13.5151788000,12.6912271100,12.6912271100,8449604,182148246.0000,2.008739,-10.004210
2017-05-03,12.1518055000,12.3711307700,11.7783597700,12.1043838200,9930890,201332282.0000,2.360887,-4.624007
2017-05-04,11.8613477100,12.0036127500,11.8198537400,11.8554200000,4339318,87150067.0000,1.031593,-2.056808
2017-05-05,11.8554200000,12.0273235900,11.7427935100,11.7902151900,3684367,74016870.0000,0.875891,-0.550003
2017-05-08,11.7368658000,11.8969139700,11.7309380900,11.8435645800,3102882,61924363.0000,0.737653,0.452489
2017-05-09,11.8672754200,11.8850585500,11.3456369400,11.5116128200,4387702,85394741.0000,1.043096,-2.802800
2017-05-10,11.4938296900,11.5590345000,11.1796610600,11.1974441900,3708548,71314792.0000,0.881639,-2.729149
2017-05-11,11.1144562500,11.1144562500,10.6165286100,10.9721912100,4875595,89365356.0000,1.159083,-2.011642
2017-05-12,10.9544080800,11.0018297600,10.8299261700,10.8951309800,3437891,63170688.0000,0.817296,-0.702329
2017-05-15,10.9603357900,10.9959020500,10.8536370100,10.8773478500,1500102,27604423.0000,0.356622,-0.163214
2017-05-16,10.9010586900,11.3041429700,10.8002876200,11.2626490000,3830159,71342863.0000,0.910550,3.542232
2017-05-17,11.2389381600,11.4345525900,11.1559502200,11.2685767100,2296660,43723636.0000,0.545989,0.052633
2017-05-18,10.9662635000,11.2389381600,10.9662635000,11.1855887700,1739078,32674343.0000,0.413434,-0.736451
2017-05-19,11.1618779300,11.3871309100,11.1026008300,11.2270827400,2367519,44832966.0000,0.562834,0.370958
2017-05-22,11.1618779300,11.2211550300,10.7172996800,10.7706490700,1719100,31839236.0000,0.408685,-4.065472
2017-05-23,10.6580225800,10.8773478500,10.1956612000,10.2549383000,4340177,77151934.0000,1.031798,-4.788117
2017-05-24,10.1897334900,10.4031310500,10.0119021900,10.3675647900,2616701,45402950.0000,0.622073,1.098269
2017-05-25,10.4564804400,10.8180707500,10.3734925000,10.8062153300,3016368,53945970.0000,0.717086,4.230988
2017-05-26,10.8477093000,10.8477093000,10.6995165500,10.7113719700,1628944,29623454.0000,0.387252,-0.877673
2017-05-31,10.8180707500,11.0314683100,10.7350828100,10.8239984600,1743276,32061717.0000,0.414432,1.051470
2017-06-01,10.7943599100,10.9010586900,10.3201431100,10.3438539500,2075329,37160122.0000,0.493371,-4.435923
2017-06-02,10.3201431100,10.7410105200,10.1778780700,10.7291551000,2546385,44801986.0000,0.605356,3.724926
2017-06-05,10.7884322000,10.8714201400,10.6106009000,10.6639502900,1743568,31561671.0000,0.414501,-0.607738
2017-06-06,10.6698780000,10.9721912100,10.5987454800,10.9544080800,2083971,37894832.0000,0.495426,2.723734
2017-06-07,10.9366249500,11.0907454100,10.8536370100,11.0255406000,3600829,66734579.0000,0.856031,0.649355
2017-06-08,11.0492514400,11.1144562500,10.9484803700,10.9544080800,2254437,41947915.0000,0.535951,-0.645166
2017-06-09,10.9425526600,11.3219261000,10.8892032700,11.3041429700,5302463,100011566.0000,1.260563,3.192641
2017-06-12,11.1855887700,11.2567212900,10.9781189200,11.0255406000,2589457,48360819.0000,0.615596,-2.464601
2017-06-13,10.8773478500,11.0966731200,10.8773478500,11.0788899900,1618676,30117990.0000,0.384811,0.483872
2017-06-14,11.0255406000,11.0729622800,10.9188418200,11.0551791500,1212129,22488252.0000,0.288161,-0.214023
2017-06-15,11.0373960200,11.2211550300,11.0255406000,11.1618779300,2378913,44721717.0000,0.565543,0.965149
2017-06-16,11.1144562500,11.2092996100,11.0551791500,11.0670345700,1341343,25165903.0000,0.318880,-0.849707
2017-06-19,11.0670345700,11.1737333500,10.9840466300,11.1500225100,1805453,33895009.0000,0.429213,0.749863
2017-06-20,11.1500225100,11.2211550300,11.0966731200,11.1322393800,1839873,34649230.0000,0.437396,-0.159483
2017-06-21,11.1855887700,11.2270827400,11.0551791500,11.1381670900,2232083,41912620.0000,0.530637,0.053249
2017-06-22,11.1381670900,11.2033719000,10.8477093000,10.8595647200,2782495,52027004.0000,0.661487,-2.501337
2017-06-23,10.7943599100,10.8121430400,10.5394683800,10.6165286100,3036569,54579068.0000,0.721889,-2.237990
2017-06-26,10.6106009000,10.7528659400,10.5513238000,10.7172996800,1994380,35935241.0000,0.474127,0.949191
2017-06-27,10.7172996800,10.7765767800,10.6461671600,10.6817334200,2131350,38506185.0000,0.506689,-0.331855
2017-06-28,10.6758057100,10.7706490700,10.6165286100,10.7113719700,1695534,30672870.0000,0.403082,0.277465
2017-06-29,10.7054442600,10.8832755600,10.6995165500,10.7410105200,2026248,36792941.0000,0.481703,0.276708
2017-06-30,10.7410105200,10.7528659400,10.6461671600,10.7291551000,1322070,23853825.0000,0.314298,-0.110378
2017-07-03,10.7291551000,10.8654924300,10.6935888400,10.8358538800,1656975,30113168.0000,0.393915,0.994477
2017-07-04,10.8299261700,10.8358538800,10.6758057100,10.7884322000,1275902,23133243.0000,0.303322,-0.437636
2017-07-05,10.7765767800,10.8180707500,10.7054442600,10.7943599100,1403567,25494878.0000,0.333672,0.054936
2017-07-06,10.8062153300,10.8299261700,10.7291551000,10.7825044900,1326870,24140321.0000,0.315439,-0.109822
2017-07-07,10.8239984600,11.8613477100,10.8121430400,11.8613477100,11168494,217970537.0000,2.655105,10.005500
2017-07-10,11.6775887000,11.9443356500,11.5708899200,11.6064561800,7622141,150602895.0000,1.812024,-2.148927
2017-07-11,11.6064561800,11.6123838900,11.3574923600,11.4049140400,3927811,75827406.0000,0.933765,-1.736467
2017-07-12,11.4582634300,11.5471790800,11.3278538100,11.5175405300,3881503,74880970.0000,0.922756,0.987529
2017-07-13,11.4938296900,11.5175405300,11.2922875500,11.4701188500,4257320,81783351.0000,1.012100,-0.411734
2017-07-14,11.4395380000,11.4395380000,11.0786114000,11.1275506000,4046893,73846121.0000,0.962075,-2.986664
2017-07-17,11.1336680000,11.1336680000,10.0141838000,10.0386534000,7915622,132895614.0000,1.881794,-9.785600
2017-07-18,9.9713620000,10.0998274000,9.8000748000,9.9652446000,3497675,56790525.0000,0.831508,-0.731255
2017-07-19,9.9774794000,10.2221754000,9.9713620000,10.2038232000,2387820,39335670.0000,0.567660,2.394103
2017-07-20,10.2038232000,10.3934626000,10.1548840000,10.2282928000,2028456,34080580.0000,0.482228,0.239802
2017-07-21,10.2099406000,10.3751104000,10.0875926000,10.1487666000,2324731,38767607.0000,0.552662,-0.777507
2017-07-24,10.0998274000,10.1548840000,9.9835968000,10.0814752000,2966621,48778485.0000,0.705260,-0.663054
2017-07-25,10.1426492000,10.2772320000,10.0080664000,10.0508882000,2316966,38291712.0000,0.550816,-0.303393
2017-07-26,10.0631230000,10.0875926000,9.8673662000,9.9468924000,1916371,31218135.0000,0.455582,-1.034693
2017-07-27,9.9468924000,10.1977058000,9.9101880000,10.1793536000,2563063,42208588.0000,0.609321,2.337018
2017-07-28,10.0998274000,10.1977058000,10.0019490000,10.0325360000,3479898,57225478.0000,0.827282,-1.442306
2017-07-31,10.0570056000,10.1793536000,10.0447708000,10.0937100000,2346786,38762446.0000,0.557905,0.609758
2017-08-01,10.1426492000,10.6320412000,10.0998274000,10.2772320000,3975143,67403985.0000,0.945017,1.818177
2017-08-02,10.2711146000,10.2772320000,10.0937100000,10.1426492000,2247369,37288229.0000,0.534271,-1.309520
2017-08-03,10.1304144000,10.1854710000,10.0325360000,10.1059448000,1453079,24070421.0000,0.345443,-0.361879
2017-08-04,10.1854710000,10.3017016000,10.1059448000,10.2160580000,2489238,41442288.0000,0.591771,1.089590
2017-08-07,10.2099406000,10.2405276000,10.1120622000,10.1548840000,2265000,37565218.0000,0.538462,-0.598805
2017-08-08,10.1242970000,10.1548840000,10.0753578000,10.0998274000,2058493,33989201.0000,0.489369,-0.542170
2017-08-09,10.1181796000,10.2038232000,10.0875926000,10.1181796000,1426848,23620348.0000,0.339207,0.181712
2017-08-10,10.1059448000,10.1732362000,9.9224228000,9.9530098000,2168720,35523220.0000,0.515573,-1.632409
2017-08-11,9.8979532000,10.0631230000,9.8857184000,9.9652446000,1570597,25556630.0000,0.373381,0.122928
2017-08-14,9.9224228000,10.0937100000,9.9101880000,10.0875926000,1505764,24629759.0000,0.357968,1.227740
2017-08-15,10.0814752000,10.1242970000,9.9958316000,10.0447708000,1787520,29388241.0000,0.424950,-0.424498
2017-08-16,10.0631230000,10.1793536000,10.0080664000,10.1426492000,2490796,41127268.0000,0.592141,0.974420
2017-08-17,10.1610014000,10.5831020000,10.1487666000,10.4729888000,5652775,95518826.0000,1.343844,3.256942
2017-08-18,10.4668714000,10.5769846000,10.3322886000,10.4056974000,3775583,64488693.0000,0.897576,-0.642527
2017-08-21,10.3384060000,10.6136890000,10.3139364000,10.4791062000,3544706,60669344.0000,0.842689,0.705461
2017-08-22,10.4852236000,10.5096932000,10.3078190000,10.3384060000,2428655,41104408.0000,0.577368,-1.342671
2017-08-23,10.3384060000,10.4362844000,10.2772320000,10.3322886000,1753075,29702969.0000,0.416761,-0.059173
2017-08-24,10.3322886000,10.4913410000,10.2955842000,10.3322886000,1688264,28629871.0000,0.401354,0.000000
2017-08-25,10.3261712000,10.4913410000,10.2894668000,10.3934626000,2196102,37335977.0000,0.522083,0.592069
2017-08-28,10.3934626000,10.5158106000,10.3567582000,10.4791062000,2770958,47411651.0000,0.658745,0.824011
2017-08-29,10.4607540000,10.5647498000,10.4240496000,10.4362844000,2577678,44119390.0000,0.612796,-0.408638
2017-08-30,10.5525150000,11.4150684000,10.5525150000,10.9073242000,10240335,184593374.0000,2.434452,4.513484
2017-08-31,10.8339154000,11.1153158000,10.7421544000,10.9562634000,4720828,84268150.0000,1.122290,0.448682
2017-09-01,10.9195590000,11.0052026000,10.8033284000,10.9684982000,3758866,66999279.0000,0.893602,0.111672
2017-09-04,10.9990852000,11.1214332000,10.9317938000,11.0235548000,3222787,58171648.0000,0.766159,0.501953
2017-09-05,11.0541418000,11.0663766000,10.8645024000,10.9195590000,2106465,37593673.0000,0.500773,-0.943397
2017-09-06,10.8950894000,10.9134416000,10.7176848000,10.8645024000,2243851,39621753.0000,0.533434,-0.504202
2017-09-07,10.8706198000,10.8828546000,10.7666240000,10.7910936000,1793750,31725481.0000,0.426431,-0.675680
2017-09-08,10.7972110000,10.8645024000,10.7238022000,10.7910936000,1669216,29441243.0000,0.396826,0.000000
2017-09-11,10.8033284000,10.9929678000,10.7727414000,10.9807330000,2763579,49318651.0000,0.656990,1.757377
2017-09-12,11.0296722000,11.1030810000,10.8400328000,10.9195590000,2607501,46728367.0000,0.619886,-0.557105
2017-09-13,10.9012068000,10.9440286000,10.7972110000,10.8461502000,1470914,26068023.0000,0.349683,-0.672274
2017-09-14,10.8706198000,10.8889720000,10.7727414000,10.8155632000,1615638,28601632.0000,0.384088,-0.282004
2017-09-15,10.7482718000,10.8706198000,10.7360370000,10.7421544000,1366110,24110389.0000,0.324768,-0.678738
2017-09-18,10.7910936000,10.9134416000,10.7360370000,10.8706198000,1564778,27697109.0000,0.371997,1.195905
2017-09-19,10.8706198000,10.9868504000,10.8277980000,10.9501460000,2470032,44108642.0000,0.587205,0.731565
2017-09-20,10.9195590000,10.9990852000,10.9073242000,10.9562634000,1942037,34740249.0000,0.461684,0.055867
2017-09-21,10.9379112000,10.9807330000,10.8400328000,10.8461502000,1900336,33903491.0000,0.451770,-1.005027
2017-09-22,10.8461502000,10.9134416000,10.5647498000,10.5831020000,2324300,40533441.0000,0.552560,-2.425270
2017-09-25,10.6381586000,10.6381586000,10.3995800000,10.4056974000,1651819,28335364.0000,0.392690,-1.676295
2017-09-26,10.3995800000,10.4362844000,10.1610014000,10.2772320000,2344733,39242531.0000,0.557417,-1.234574
2017-09-27,10.2588798000,10.3261712000,10.1548840000,10.2466450000,1927047,32215087.0000,0.458120,-0.297615
2017-09-28,10.2527624000,10.2649972000,10.1242970000,10.1793536000,1104000,18448073.0000,0.262456,-0.656720
2017-09-29,10.2221754000,10.2772320000,10.1548840000,10.2282928000,1343174,22458906.0000,0.319315,0.480769
2017-10-09,10.3200538000,10.4974584000,10.2772320000,10.4056974000,1705219,29043173.0000,0.405385,1.734455
2017-10-10,10.3995800000,10.4852236000,10.3322886000,10.4729888000,1627184,27765825.0000,0.386833,0.646682
2017-10-11,10.4729888000,10.5647498000,10.4056974000,10.5341628000,1609949,27675050.0000,0.382736,0.584103
2017-10-12,10.5096932000,10.6565108000,10.4118148000,10.5525150000,2157904,37094416.0000,0.513002,0.174220
2017-10-13,10.5708672000,10.5708672000,10.4485192000,10.5402802000,1160278,19924454.0000,0.275835,-0.115945
2017-10-16,10.5341628000,10.5402802000,10.2038232000,10.2160580000,2330467,39403258.0000,0.554026,-3.076023
2017-10-17,10.1793536000,10.3200538000,10.1671188000,10.2894668000,1264328,21200826.0000,0.300571,0.718557
2017-10-18,10.2955842000,10.3322886000,10.0325360000,10.0875926000,1610255,26935652.0000,0.382809,-1.961950
2017-10-19,10.1242970000,10.1671188000,9.9835968000,10.1365318000,1802587,29688900.0000,0.428532,0.485142
2017-10-20,10.4240496000,10.9807330000,10.3995800000,10.8094458000,12085284,211726621.0000,2.873055,6.638506
2017-10-23,10.7360370000,10.7666240000,10.4301670000,10.5096932000,7625562,131736455.0000,1.812838,-2.773061
2017-10-24,10.3995800000,10.4607540000,10.1548840000,10.2405276000,4242767,71243613.0000,1.008640,-2.561121
2017-10-25,10.1977058000,10.4362844000,10.1671188000,10.3567582000,3638115,61341075.0000,0.864895,1.135009
2017-10-26,10.3200538000,10.3873452000,10.2282928000,10.3628756000,2788754,47007425.0000,0.662975,0.059068
2017-10-27,10.3384060000,10.3628756000,10.0203012000,10.1120622000,4250429,70646378.0000,1.010462,-2.420306
2017-10-30,10.1181796000,10.1181796000,9.8796010000,9.9530098000,2852089,46433860.0000,0.678032,-1.572899
2017-10-31,9.8918358000,10.4913410000,9.8918358000,10.3934626000,5929471,99579605.0000,1.409623,4.425318
2017-11-01,10.3995800000,10.4240496000,10.2038232000,10.2099406000,2760600,46478144.0000,0.656282,-1.765740
2017-11-02,10.2038232000,10.2405276000,9.9285402000,10.0875926000,2613008,42940807.0000,0.621195,-1.198327
2017-11-03,10.0508882000,10.0692404000,9.8979532000,9.9713620000,1595720,26035748.0000,0.379353,-1.152217
2017-11-06,9.9713620000,10.0447708000,9.9224228000,10.0203012000,1111293,18133251.0000,0.264190,0.490797
2017-11-07,10.0325360000,10.0753578000,9.9407750000,9.9897142000,3105409,50671161.0000,0.738254,-0.305246
2017-11-08,9.9407750000,10.0631230000,9.8979532000,9.9652446000,2223336,36244428.0000,0.528557,-0.244942
2017-11-09,9.9835968000,9.9835968000,9.8857184000,9.9407750000,1853983,30086838.0000,0.440751,-0.245555
2017-11-10,9.9407750000,9.9468924000,9.8673662000,9.8673662000,1660450,26848252.0000,0.394742,-0.738467
2017-11-13,9.9530098000,10.0570056000,9.8367792000,9.8979532000,3107247,50527931.0000,0.738691,0.309989
2017-11-14,9.9040706000,9.9407750000,9.6471398000,9.6471398000,4293392,68314407.0000,1.020675,-2.533992
2017-11-15,9.6532572000,10.0019490000,9.6471398000,9.8551314000,4256519,68544916.0000,1.011909,2.155993
2017-11-16,9.8551314000,9.8551314000,9.5859658000,9.6104354000,3468809,54939702.0000,0.824646,-2.482933
2017-11-17,9.5798484000,9.5798484000,9.0109302000,9.0353998000,6515501,97934322.0000,1.548941,-5.983447
2017-11-20,8.9436388000,9.0231650000,8.6377688000,8.8946996000,3206413,45982028.0000,0.762266,-1.557214
2017-11-21,8.8702300000,8.9252866000,8.7845864000,8.7968212000,1902144,27512629.0000,0.452200,-1.100412
2017-11-22,8.8151734000,8.8579952000,8.7295298000,8.8029386000,1561166,22446982.0000,0.371139,0.069543
2017-11-23,8.8396430000,9.1516304000,8.7356472000,8.7907038000,2299416,33639181.0000,0.546644,-0.138989
2017-11-24,8.7968212000,8.9191692000,8.6683558000,8.8702300000,1167254,16826475.0000,0.277493,0.904663
2017-11-27,8.7601168000,8.8641126000,8.7539994000,8.7784690000,911130,13101139.0000,0.216604,-1.034480
2017-11-28,8.7784690000,8.8885822000,8.7662342000,8.8457604000,924375,13329955.0000,0.219753,0.766548
2017-11-29,8.8457604000,8.9619910000,8.8090560000,8.8763474000,992675,14387607.0000,0.235990,0.345783
2017-11-30,8.8518778000,9.0353998000,8.8457604000,8.8946996000,1191521,17389788.0000,0.283262,0.206752
2017-12-01,8.8641126000,8.9191692000,8.7662342000,8.8763474000,830149,12023115.0000,0.197353,-0.206325
2017-12-04,8.9191692000,9.1026912000,8.8946996000,8.9558736000,2154576,31662447.0000,0.512211,0.895935
2017-12-05,8.9803432000,9.0353998000,8.5521252000,8.6071818000,1657038,23838757.0000,0.393930,-3.893447
2017-12-06,8.6071818000,8.6683558000,8.3074292000,8.4909512000,3105258,42815864.0000,0.738218,-1.350388
2017-12-07,8.4542468000,8.5154208000,8.3747206000,8.3808380000,1306945,18027938.0000,0.310702,-1.296832
2017-12-08,8.4297772000,8.5276556000,8.3441336000,8.5093034000,1331649,18461561.0000,0.316575,1.532847
2017-12-11,8.5521252000,8.6255340000,8.4420120000,8.6071818000,1519245,21308778.0000,0.361173,1.150251
2017-12-12,8.5949470000,8.6316514000,8.4297772000,8.4358946000,1950769,27278307.0000,0.463760,-1.990048
2017-12-13,8.4297772000,8.5582426000,8.4297772000,8.5460078000,1289402,17969173.0000,0.306532,1.305296
2017-12-14,8.5582426000,8.6071818000,8.4175424000,8.4542468000,1239247,17173562.0000,0.294608,-1.073734
2017-12-15,8.4542468000,8.4848338000,8.3869554000,8.4603642000,902200,12452766.0000,0.214482,0.072361
2017-12-18,8.4542468000,8.5521252000,8.3380162000,8.4175424000,1234347,17009636.0000,0.293443,-0.506144
2017-12-19,8.4481294000,8.4909512000,8.3502510000,8.4358946000,1341614,18444038.0000,0.318944,0.218021
2017-12-20,8.4236598000,8.4542468000,8.1911986000,8.2768422000,1596339,21608288.0000,0.379500,-1.885426
2017-12-21,8.1422594000,8.2584900000,8.0872028000,8.1606116000,1297813,17309697.0000,0.308531,-1.404284
2017-12-22,8.1911986000,8.2279030000,8.1116724000,8.1789638000,1322900,17663627.0000,0.314495,0.224886
2017-12-25,8.1850812000,8.1850812000,7.9403852000,8.0137940000,2000901,26311548.0000,0.475678,-2.019443
2017-12-26,8.0137940000,8.1239072000,7.9954418000,8.0933202000,1101000,14522749.0000,0.261743,0.992360
2017-12-27,8.0810854000,8.0810854000,7.9281504000,7.9342678000,1395510,18206679.0000,0.331757,-1.965225
2017-12-28,7.9587374000,8.3196640000,7.9587374000,8.1177898000,4014427,53746817.0000,0.954356,2.313031
2017-12-29,8.0504984000,8.1483768000,7.9709722000,8.0566158000,2990081,39187656.0000,0.710837,-0.753582
2018-01-02,8.0994376000,8.1667290000,8.0321462000,8.1300246000,1847150,24446041.0000,0.439126,0.911161
2018-01-03,8.0994376000,8.2401378000,8.0749680000,8.2034334000,1941760,25957250.0000,0.461618,0.902934
2018-01-04,8.1728464000,8.3318988000,8.1361420000,8.3135466000,1993769,26745512.0000,0.473982,1.342284
2018-01-05,8.2584900000,8.2890770000,8.1850812000,8.2401378000,2403055,32336344.0000,0.571282,-0.883001
2018-01-08,8.1973160000,8.2340204000,8.1177898000,8.2095508000,1540800,20586990.0000,0.366297,-0.371197
2018-01-09,8.1667290000,8.4848338000,8.1483768000,8.3074292000,4230075,57607430.0000,1.005623,1.192249
2018-01-10,8.2707248000,8.3257814000,8.1422594000,8.2156682000,1577578,21207847.0000,0.375040,-1.104563
2018-01-11,8.1973160000,8.3808380000,8.1850812000,8.3074292000,2044392,27724078.0000,0.486017,1.116900
2018-01-12,8.2646074000,8.3563684000,8.2279030000,8.2584900000,1240700,16776654.0000,0.294954,-0.589101
2018-01-15,8.2584900000,8.2646074000,7.9648548000,7.9770896000,1720223,22710817.0000,0.408952,-3.407408
2018-01-16,8.0260288000,8.0504984000,7.9526200000,8.0076766000,1780707,23268998.0000,0.423330,0.383437
2018-01-17,8.0321462000,8.1239072000,7.9709722000,8.0627332000,1654834,21760655.0000,0.393406,0.687549
2018-01-18,8.0933202000,8.0933202000,8.0137940000,8.0382636000,1264798,16641095.0000,0.300683,-0.303490
2018-01-19,8.0321462000,8.2217856000,7.9893244000,8.2034334000,2347207,31135258.0000,0.558005,2.054791
2018-01-22,8.1483768000,8.2217856000,8.1177898000,8.1728464000,2130994,28445711.0000,0.506605,-0.372858
2018-01-23,8.1789638000,8.2340204000,8.1422594000,8.2279030000,1791247,23985503.0000,0.425836,0.673654
2018-01-24,8.2095508000,8.3013118000,8.1544942000,8.2829596000,2186300,29436672.0000,0.519753,0.669146
2018-01-25,8.5337730000,8.8518778000,8.4848338000,8.4909512000,7894867,111368090.0000,1.876860,2.511079
2018-01-26,8.3196640000,8.4725990000,8.2951944000,8.3930728000,2971211,40655552.0000,0.706351,-1.152737
2018-01-29,8.3380162000,8.3686032000,8.1422594000,8.1544942000,2410526,32395492.0000,0.573058,-2.842568
2018-01-30,8.1300246000,8.3502510000,8.1300246000,8.2095508000,1856588,25064646.0000,0.441370,0.675170
2018-01-31,8.2034334000,8.2034334000,7.9281504000,7.9893244000,2373843,31222993.0000,0.564338,-2.682561
2018-02-01,8.0382636000,8.0382636000,7.6100456000,7.6222804000,2941016,37338244.0000,0.699173,-4.594183
2018-02-02,7.5855760000,7.6467500000,7.3408800000,7.4754628000,1815397,22241100.0000,0.431577,-1.926162
2018-02-05,7.3714670000,7.5244020000,7.3164104000,7.4204062000,1430125,17328185.0000,0.339986,-0.736499
2018-02-06,7.3225278000,7.3653496000,7.0717144000,7.0839492000,2379364,28107192.0000,0.565650,-4.534214
2018-02-07,7.1451232000,7.2674712000,6.9187794000,7.0166578000,1649951,19105447.0000,0.392246,-0.949911
2018-02-08,7.0166578000,7.1940624000,7.0166578000,7.1451232000,1056409,12325022.0000,0.251142,1.830863
2018-02-09,7.0655970000,7.0900666000,6.7413748000,6.8270184000,2077219,23315293.0000,0.493821,-4.452059
2018-02-12,6.8270184000,6.9738360000,6.8270184000,6.9187794000,1318739,14930222.0000,0.313506,1.344091
2018-02-13,6.9738360000,7.0044230000,6.9065446000,6.9493664000,939266,10687619.0000,0.223293,0.442080
2018-02-14,6.9432490000,6.9616012000,6.9126620000,6.9310142000,696300,7883554.0000,0.165533,-0.264082
2018-02-22,6.9310142000,7.0717144000,6.9310142000,7.0472448000,818739,9405043.0000,0.194640,1.676968
2018-02-23,7.1206536000,7.2674712000,7.0900666000,7.1818276000,1852233,21743894.0000,0.440334,1.909716
2018-02-26,7.1695928000,7.3286452000,7.1451232000,7.2980582000,1815800,21462976.0000,0.431673,1.618403
2018-02-27,7.2797060000,7.3225278000,7.2368842000,7.2919408000,1535530,18256121.0000,0.365044,-0.083824
2018-02-28,7.2858234000,7.3408800000,7.2185320000,7.2919408000,1141508,13595565.0000,0.271373,0.000000
2018-03-01,7.2430016000,7.4265236000,7.2185320000,7.4081714000,1685701,20222191.0000,0.400745,1.593956
2018-03-02,7.3469974000,7.5244020000,7.3164104000,7.4876976000,1720986,20943832.0000,0.409133,1.073494
2018-03-05,7.4632280000,7.5244020000,7.3775844000,7.4693454000,1227572,14967999.0000,0.291833,-0.245096
2018-03-06,7.4509932000,7.6406326000,7.4448758000,7.5978108000,1865418,23054054.0000,0.443469,1.719902
2018-03-07,7.5794586000,7.7935676000,7.5366368000,7.5978108000,2207000,27621377.0000,0.524674,0.000000
2018-03-08,7.5488716000,7.6222804000,7.5488716000,7.5978108000,1217559,15094210.0000,0.289452,0.000000
2018-03-09,7.6161630000,7.9709722000,7.5549890000,7.8425068000,3190570,40503745.0000,0.758500,3.220609
2018-03-12,7.8425068000,7.9403852000,7.8119198000,7.8547416000,2057951,26423736.0000,0.489240,0.156010
2018-03-13,7.8608590000,7.8608590000,7.7813328000,7.8119198000,1569945,20078801.0000,0.373226,-0.545169
2018-03-14,7.7935676000,7.8058024000,7.6039282000,7.7018066000,1684618,21180631.0000,0.400487,-1.409556
2018-03-15,7.6712196000,7.7201588000,7.5549890000,7.6039282000,1367926,17010606.0000,0.325199,-1.270849
2018-03-16,7.6039282000,7.7079240000,7.5916934000,7.6161630000,1257515,15739028.0000,0.298951,0.160897
2018-03-19,7.6161630000,7.7385110000,7.5549890000,7.6895718000,1353085,16999815.0000,0.321671,0.963854
2018-03-20,7.6467500000,8.2217856000,7.5916934000,7.8730938000,4216129,54763626.0000,1.002307,2.386636
2018-03-21,7.7874502000,8.2156682000,7.7752154000,8.0137940000,5907911,77874467.0000,1.404498,1.787106
2018-03-22,7.9832070000,8.2340204000,7.9648548000,8.1911986000,4437906,58816024.0000,1.055031,2.213740
2018-03-23,7.8914460000,7.9403852000,7.4204062000,7.4999324000,4998242,63261726.0000,1.188240,-8.439134
2018-03-26,7.3592322000,8.0076766000,7.3041756000,7.9954418000,5213421,64554465.0000,1.239395,6.606847
2018-03-27,8.3196640000,8.4909512000,8.1667290000,8.2462552000,6316764,85435651.0000,1.501695,3.136954
2018-03-28,8.0076766000,8.3135466000,8.0015592000,8.1055550000,2948572,39280482.0000,0.700969,-1.706228
2018-03-29,8.0810854000,8.2646074000,8.0810854000,8.2401378000,2756398,36908272.0000,0.655283,1.660379
2018-03-30,8.2279030000,8.3013118000,8.1728464000,8.2156682000,2191454,29410789.0000,0.520978,-0.296956
2018-04-02,8.2156682000,8.2156682000,7.7446284000,8.0872028000,3272310,43326779.0000,0.777932,-1.563664
2018-04-03,7.9587374000,8.0382636000,7.9036808000,7.9587374000,1997122,26018356.0000,0.474779,-1.588503
2018-04-04,7.9159156000,8.1055550000,7.9159156000,8.0015592000,1753375,22986061.0000,0.416833,0.538045
2018-04-09,7.8792112000,8.1667290000,7.8669764000,8.1239072000,2099903,27697481.0000,0.499213,1.529050
2018-04-10,8.1239072000,8.5215382000,8.0015592000,8.4848338000,6469276,87929797.0000,1.537952,4.442772
2018-04-11,8.5031860000,8.9558736000,8.4970686000,8.5949470000,10650682,151614810.0000,2.532005,1.297767
2018-04-12,8.4909512000,8.6132992000,8.3502510000,8.3686032000,4277713,59155425.0000,1.016948,-2.633451
2018-04-13,8.4909512000,8.9375214000,8.3808380000,8.5215382000,5473635,77747671.0000,1.301256,1.827485
2018-04-16,8.3869554000,8.5276556000,8.3013118000,8.3196640000,3499091,47989178.0000,0.831845,-2.368987
2018-04-17,8.3135466000,8.8396430000,8.3074292000,8.6744732000,8755645,124065404.0000,2.081494,4.264705
2018-04-18,8.6867080000,8.8579952000,8.5093034000,8.8396430000,7278897,103438743.0000,1.730424,1.904087
2018-04-19,8.7539994000,8.9008170000,8.6500036000,8.8946996000,5332548,76406155.0000,1.267716,0.622838
2018-04-20,8.8702300000,8.8702300000,8.5521252000,8.5888296000,4358737,62086453.0000,1.036210,-3.438789
2018-04-23,8.5643600000,8.7111776000,8.2462552000,8.4175424000,3461131,47899239.0000,0.822821,-1.994300
2018-04-24,8.4664816000,8.7723516000,8.3747206000,8.7417646000,3744480,52691278.0000,0.890182,3.851742
2018-04-25,8.6805906000,8.7478820000,8.5704774000,8.6255340000,2639921,37375813.0000,0.627593,-1.329598
2018-04-26,8.5949470000,8.7295298000,8.4358946000,8.4848338000,2749117,38485270.0000,0.653552,-1.631209
2018-04-27,8.4725990000,8.5704774000,8.3808380000,8.4970686000,1906315,26437880.0000,0.453191,0.144199
2018-05-02,8.4236598000,8.5643600000,8.3380162000,8.4542468000,2632537,36266643.0000,0.625837,-0.503964
2018-05-03,8.4542468000,8.5154208000,8.3318988000,8.4909512000,2456307,33853029.0000,0.583942,0.434156
2018-05-04,8.4725990000,8.5582426000,8.4053076000,8.4175424000,2067325,28597674.0000,0.491469,-0.864552
2018-05-07,8.4236598000,8.7050602000,8.4175424000,8.6561210000,3324846,46840231.0000,0.790421,2.834298
2018-05-08,8.6194166000,8.7662342000,8.6194166000,8.6867080000,2883991,40941729.0000,0.685616,0.353358
2018-05-09,8.6744732000,8.7172950000,8.6194166000,8.6744732000,1858534,26324560.0000,0.441832,-0.140842
2018-05-10,8.6561210000,8.7478820000,8.6561210000,8.7295298000,2264146,32219401.0000,0.538259,0.634698
2018-05-11,8.7295298000,8.7845864000,8.6622384000,8.6867080000,2466214,35162762.0000,0.586297,-0.490544
2018-05-14,8.7050602000,8.7723516000,8.5215382000,8.5460078000,2127725,29968070.0000,0.505828,-1.619715
2018-05-15,8.5154208000,8.6805906000,8.5154208000,8.6683558000,1917791,26975473.0000,0.455920,1.431638
2018-05-16,8.6622384000,8.6928254000,8.5827122000,8.6132992000,1466145,20686308.0000,0.348549,-0.635146
2018-05-17,8.5765948000,8.6316514000,8.3686032000,8.4114250000,2941207,40682897.0000,0.699218,-2.343750
2018-05-18,8.3930728000,8.6071818000,8.3930728000,8.5827122000,2278500,31797477.0000,0.541672,2.036362
2018-05-21,8.7478820000,9.4391482000,8.6805906000,9.2678610000,11419062,169188267.0000,2.714673,7.982893
2018-05-22,9.1761000000,9.5614962000,9.1455130000,9.3902090000,10357205,158261442.0000,2.462236,1.320137
2018-05-23,9.3963264000,9.6471398000,9.3902090000,9.4391482000,8659455,134594912.0000,2.058627,0.521172
2018-05-24,9.5492614000,9.6471398000,9.3229176000,9.4758526000,5392457,83704462.0000,1.281958,0.388849
2018-05-25,9.4452656000,9.5737310000,9.2311566000,9.4330308000,6629544,101692979.0000,1.576053,-0.451902
2018-05-28,9.4146786000,9.4146786000,9.1516304000,9.2984480000,4850890,73544370.0000,1.153210,-1.426720
2018-05-29,9.2128044000,9.4758526000,9.2066870000,9.4636178000,4261119,65274996.0000,1.013003,1.776319
2018-05-30,9.2862132000,9.4024438000,8.9925780000,9.0721042000,5938378,88949844.0000,1.411741,-4.137042
2018-05-31,9.1761000000,9.3229176000,9.0659868000,9.2372740000,4191854,63164431.0000,0.996537,1.820637
2018-06-01,9.1393956000,9.4636178000,9.1393956000,9.2128044000,4477301,68149558.0000,1.064396,-0.264900
2018-06-04,9.2128044000,9.8367792000,9.1638652000,9.8061922000,11204881,175559770.0000,2.663755,6.440905
2018-06-05,9.7205486000,9.7878400000,9.5186744000,9.6654920000,8221129,129509843.0000,1.954423,-1.434813
2018-06-06,9.6043180000,9.9224228000,9.6043180000,9.6960790000,8147800,129578801.0000,1.936990,0.316457
2018-06-07,9.7450182000,9.7450182000,9.5920832000,9.6838442000,4414814,69607681.0000,1.049541,-0.126186
2018-06-08,9.6654920000,9.8918358000,9.6043180000,9.7144312000,5126024,81406034.0000,1.218618,0.315857
2018-06-11,9.7878400000,9.8428966000,9.4207960000,9.4942048000,5136661,80833604.0000,1.221147,-2.267000
2018-06-12,9.4513830000,9.6593746000,9.4391482000,9.5309092000,3479000,54285707.0000,0.827069,0.386595
2018-06-13,9.4880874000,9.8734836000,9.4636178000,9.7021964000,5806265,92089689.0000,1.380333,1.797174
2018-06-14,9.6716094000,9.9958316000,9.5186744000,9.5737310000,7600102,121235096.0000,1.806785,-1.324086
2018-06-15,9.4452656000,9.4758526000,9.0048128000,9.0782216000,8336187,125534002.0000,1.981776,-5.175715
2018-06-19,8.8090560000,9.0721042000,8.1728464000,8.3257814000,8216494,114354164.0000,1.953321,-8.288413
2018-06-20,8.2340204000,8.4053076000,8.0321462000,8.2951944000,4064087,54997225.0000,0.966162,-0.367371
2018-06-21,8.3135466000,8.3441336000,7.6528674000,7.7140414000,4481594,58382945.0000,1.065417,-7.005905
2018-06-22,7.6712196000,7.9770896000,7.5978108000,7.8975634000,2624329,33594914.0000,0.623886,2.379066
2018-06-25,8.0076766000,8.3074292000,7.8975634000,8.0933202000,3454228,45826712.0000,0.821179,2.478696
2018-06-26,7.9893244000,8.2279030000,7.9097982000,8.2034334000,2177656,28957455.0000,0.517698,1.360547
2018-06-27,8.1973160000,8.3380162000,8.0627332000,8.1361420000,2453224,32893603.0000,0.583209,-0.820281
2018-06-28,8.1055550000,8.2095508000,7.9770896000,8.0321462000,1409601,18711937.0000,0.335107,-1.278196
2018-06-29,8.0504984000,8.3196640000,8.0443810000,8.3013118000,2436003,32722634.0000,0.579115,3.351101
2018-07-02,8.3135466000,8.6132992000,8.2217856000,8.3318988000,3328359,45761400.0000,0.791256,0.368461
2018-07-03,8.3013118000,8.5765948000,8.3013118000,8.5398904000,2725100,37713876.0000,0.647843,2.496330
2018-07-04,8.4664816000,8.5643600000,8.2401378000,8.2890770000,2314934,31652490.0000,0.550333,-2.936962
2018-07-05,8.3502510000,8.7478820000,8.2095508000,8.4725990000,3566400,49317565.0000,0.847846,2.214024
2018-07-06,8.5643600000,8.6132992000,8.2523726000,8.4420120000,3266100,45226916.0000,0.776455,-0.361012
2018-07-09,8.4725990000,8.6867080000,8.4420120000,8.6683558000,3070500,42896381.0000,0.729955,2.681159
2018-07-10,9.2311566000,9.2311566000,8.6622384000,8.7723516000,6307728,91633797.0000,1.499547,1.199718
2018-07-11,8.6010644000,8.9925780000,8.5949470000,8.7907038000,5062655,72585798.0000,1.203554,0.209203
2018-07-12,8.7172950000,8.9681084000,8.7172950000,8.9375214000,4614402,67012318.0000,1.096990,1.670145
2018-07-13,8.9191692000,9.0292824000,8.8029386000,8.8763474000,3569847,51986477.0000,0.848666,-0.684459
2018-07-16,8.9314040000,8.9864606000,8.8579952000,8.9314040000,1721150,25117545.0000,0.409172,0.620263
2018-07-17,8.9314040000,9.1332782000,8.9130518000,9.0476346000,2521035,37193418.0000,0.599330,1.301367
2018-07-18,9.0843390000,9.1210434000,8.9619910000,8.9681084000,1971101,29125543.0000,0.468593,-0.878973
2018-07-19,8.9681084000,9.0353998000,8.8151734000,8.8824648000,2617078,38047346.0000,0.622162,-0.954975
2018-07-20,8.8274082000,8.9803432000,8.7539994000,8.9252866000,2530375,36795726.0000,0.601550,0.482092
2018-07-23,8.9497562000,9.2372740000,8.9069344000,9.1699826000,4782430,71180613.0000,1.136935,2.741601
2018-07-24,9.2250392000,9.3963264000,9.1577478000,9.2617436000,3865200,58587961.0000,0.918881,1.000671
2018-07-25,9.2128044000,9.4146786000,9.2128044000,9.2984480000,2892840,44033738.0000,0.687720,0.396298
2018-07-26,9.2862132000,9.4330308000,9.2128044000,9.2984480000,3272390,49824329.0000,0.777951,0.000000
2018-07-27,9.4024438000,9.4575004000,9.3045654000,9.4207960000,4272482,65734796.0000,1.015704,1.315788
2018-07-30,9.6043180000,9.7511356000,9.3963264000,9.4758526000,10024001,157341430.0000,2.383023,0.584417
2018-07-31,9.4758461600,9.5812711500,9.2029814800,9.2215858900,5428086,81890240.0000,1.290428,-2.683245
2018-08-01,9.9719637600,10.1456049200,9.3022050000,9.3518167600,10313895,162015091.0000,2.451940,1.412240
2018-08-02,9.0727506100,9.5254579200,9.0417432600,9.1347653100,8721277,130140625.0000,2.073324,-2.320957
2018-08-03,9.2029814800,10.0463814000,9.0665491400,9.6866961400,18037897,284631872.0000,4.288180,6.042093
2018-08-06,9.3022050000,9.4882491000,8.9177138600,8.9673256200,12964040,192386857.0000,3.081963,-7.426375
2018-08-07,9.0231388500,9.3456152900,8.9673256200,9.2215858900,6253647,92422192.0000,1.486690,2.835407
2018-08-08,9.1905785400,9.4386373400,9.0541462000,9.1037579600,5682667,84780488.0000,1.350950,-1.277738
2018-08-09,8.9673256200,9.3270108800,8.9673256200,9.2649961800,5310167,78442786.0000,1.262395,1.771112
2018-08-10,9.2277873600,9.5750696800,9.2091829500,9.4634432200,5495424,83407161.0000,1.306436,2.141905
2018-08-13,9.3022050000,9.6122785000,9.3022050000,9.5998755600,4251165,64712350.0000,1.010637,1.441673
2018-08-14,9.5502638000,9.7487108400,9.4572417500,9.5936740900,4200900,65126494.0000,0.998687,-0.064595
2018-08-15,9.6122785000,9.7239049600,9.3890255800,9.4634432200,3781204,58086473.0000,0.898912,-1.357466
2018-08-16,9.3084064700,9.4572417500,9.2091829500,9.2463917700,3747198,56475122.0000,0.890828,-2.293580
2018-08-17,9.3642197000,9.4200329300,8.6758565300,8.6944609400,4806629,69886564.0000,1.142688,-5.969144
2018-08-20,8.7874829900,8.8681021000,8.3285742100,8.6014388900,4406740,60656581.0000,1.047622,-1.069904
2018-08-21,8.5642300700,8.6510506500,8.4339992000,8.6076403600,3216516,44575335.0000,0.764668,0.072100
2018-08-22,8.6262447700,8.6448491800,8.3533800900,8.3719845000,3054302,41810387.0000,0.726104,-2.737753
2018-08-23,8.3657830300,8.5642300700,8.1735374600,8.4960139000,2521002,34440456.0000,0.599322,1.481480
2018-08-24,8.5270212500,8.7316697600,8.5084168400,8.5704315400,2939805,40893688.0000,0.698885,0.875912
2018-08-27,8.6758565300,8.7068638800,8.5952374200,8.6882594700,2455855,34361272.0000,0.583835,1.374823
2018-08-28,8.7688785800,8.9177138600,8.6820580000,8.7750800500,3337947,47281135.0000,0.793536,0.999282
2018-08-29,8.7998859300,8.7998859300,8.5828344800,8.6262447700,2036700,28426563.0000,0.484188,-1.696111
2018-08-30,8.6324462400,8.8494976900,8.6324462400,8.7068638800,2593436,36488623.0000,0.616542,0.934580
2018-08-31,8.7502741700,8.8619006300,8.6386477100,8.7316697600,3035993,42954066.0000,0.721752,0.284900
2018-09-03,8.7130653500,8.8370947500,8.6510506500,8.7998859300,2402592,33874502.0000,0.571172,0.781248
2018-09-04,8.8060874000,9.0231388500,8.7688785800,8.9673256200,4694494,67501094.0000,1.116030,1.902752
2018-09-05,8.9673256200,8.9797285600,8.7998859300,8.9487212100,3437896,49272906.0000,0.817297,-0.207467
2018-09-06,8.9053109200,9.2711976500,8.8556991600,9.1161609000,5762100,84762836.0000,1.369834,1.871098
2018-09-07,9.0851535500,9.2898020600,9.0727506100,9.1099594300,3716661,54859807.0000,0.883568,-0.068029
2018-09-10,9.1285638400,9.1905785400,8.9115123900,9.0541462000,2806480,40812472.0000,0.667189,-0.612656
2018-09-11,9.0479447300,9.1161609000,8.8681021000,9.0851535500,2581758,37533283.0000,0.613766,0.342461
2018-09-12,9.0355417900,9.1781756000,9.0231388500,9.1161609000,1949388,28649525.0000,0.463431,0.341298
2018-09-13,9.2401903000,9.2401903000,9.0913550200,9.1781756000,2965385,43851745.0000,0.704966,0.680275
2018-09-14,9.1843770700,9.2463917700,8.9425197400,9.1223623700,2523315,37067823.0000,0.599872,-0.608109
2018-09-17,9.1347653100,9.7301064300,9.0541462000,9.2153844200,7660363,116247311.0000,1.821111,1.019712
2018-09-18,9.2960035300,9.4882491000,9.1843770700,9.3952270500,6863074,103869882.0000,1.631570,1.951548
2018-09-19,9.3952270500,9.5688682100,9.3332123500,9.4262344000,5063745,77024425.0000,1.203813,0.330034
2018-09-20,9.4262344000,9.6308829100,9.3828241100,9.5192564500,5589552,85728114.0000,1.328814,0.986846
2018-09-21,9.4758461600,9.7363079000,9.4634432200,9.7363079000,5376065,83134796.0000,1.278061,2.280127
2018-09-25,9.7239049600,10.0959931600,9.6432858500,9.9781652300,8758967,140208063.0000,2.082284,2.484079
2018-09-26,9.9099490600,10.0339784600,9.8789417100,9.9285534700,6492848,104118214.0000,1.543556,-0.497203
2018-09-27,9.9223520000,10.1394034500,9.9037475900,9.9719637600,6218587,100413283.0000,1.478355,0.437225
2018-09-28,10.0215755200,10.2572313800,9.9905681700,10.2324255000,7424891,121468291.0000,1.765132,2.611941
2018-10-08,10.0959931600,10.4680813600,9.4510402800,9.5502638000,17368460,278610838.0000,4.129033,-6.666669
2018-10-09,9.7053005500,10.0091725800,9.5874726200,9.8603373000,10400912,165021506.0000,2.472626,3.246753
2018-10-10,9.9409564100,10.0401799300,9.5254579200,9.6804946700,8189111,128508102.0000,1.946811,-1.823899
2018-10-11,9.3022050000,9.6556887900,9.1781756000,9.3642197000,9476343,143588723.0000,2.252827,-3.267132
2018-10-12,9.4386373400,9.5378608600,8.9983329700,9.3766226400,7284886,109215505.0000,1.731848,0.132447
2018-10-15,9.4510402800,9.5006520400,8.9239153300,8.9239153300,5525993,82298408.0000,1.313704,-4.828039
2018-10-16,8.9797285600,8.9797285600,8.0309036500,8.0309036500,9986327,135750827.0000,2.374066,-10.006950
2018-10-17,7.5968007500,7.7332330900,7.2309140200,7.2309140200,4252500,50454514.0000,1.010954,-9.961390
2018-10-18,6.5053420300,6.6045655500,6.5053420300,6.5053420300,4607500,48346038.0000,1.095349,-10.034310
2018-10-19,5.8541876800,6.2200744100,5.8541876800,6.1208508900,18675387,180015890.0000,4.439731,-5.910390
2018-10-22,6.1580597100,6.5611552600,6.0278288400,6.3254994000,16998110,172818778.0000,4.040989,3.343464
2018-10-23,6.2882905800,6.6789831900,6.2448802900,6.3565067500,15630825,162767767.0000,3.715942,0.490198
2018-10-24,6.2882905800,6.4805361500,6.1456567700,6.4495288000,9185358,93962890.0000,2.183651,1.463411
2018-10-25,6.1766641200,6.4495288000,6.1766641200,6.3999170400,8027109,81777051.0000,1.908298,-0.769230
2018-10-26,6.4557302700,6.6231699600,6.3565067500,6.4743346800,7598397,79537766.0000,1.806380,1.162790
2018-10-29,6.5425508500,6.5983640800,5.8789935600,5.9534112000,12064471,118625449.0000,2.868107,-8.045970
2018-10-30,5.8913965000,6.5487523200,5.8913965000,6.3875141000,21854411,224707141.0000,5.195486,7.291664
2018-10-31,6.3441038100,6.5611552600,6.2014700000,6.4681332100,19293785,198652744.0000,4.586744,1.262137
2018-11-01,6.4991405600,7.1068846200,6.3999170400,6.9766537500,23499856,254747513.0000,5.586660,7.861934
2018-11-02,7.0882802100,7.3673463600,6.8836317000,7.1937052000,20014860,227410551.0000,4.758166,3.111115
2018-11-05,7.2743243100,7.2805257800,6.8092140600,6.9084375800,20790707,234465307.0000,4.942610,-3.965518
2018-11-06,6.8526243500,6.9456464000,6.6107670200,6.8898331700,12883368,140876054.0000,3.062785,-0.269306
2018-11-07,6.8216170000,6.8836317000,6.6169684900,6.6665802500,10828111,117744288.0000,2.574185,-3.240321
2018-11-08,6.7223934800,6.7471993600,6.5301479100,6.5425508500,8441818,90538296.0000,2.006888,-1.860463
2018-11-09,6.5363493800,6.6107670200,6.4371258600,6.4681332100,5908790,62230656.0000,1.404707,-1.137440
2018-11-12,6.5115435000,6.6727817200,6.5115435000,6.6479758400,8196409,87355094.0000,1.948546,2.780441
2018-11-13,6.5177449700,6.8340199400,6.5115435000,6.7471993600,9677661,104607335.0000,2.300687,1.492536
2018-11-14,6.7596023000,6.8402214100,6.6541773100,6.6727817200,8445449,91788613.0000,2.007751,-1.102940
2018-11-15,6.6913861300,6.7968111200,6.6665802500,6.7720052400,7223632,78670651.0000,1.717286,1.486987
2018-11-16,6.8464228800,7.2867272500,6.8216170000,7.1130860900,21244212,242717471.0000,5.050422,5.036632
2018-11-19,7.1688993200,7.2371154900,7.0386684500,7.1875037300,13837810,159718602.0000,3.289686,1.046206
2018-11-20,7.0820787400,7.1626978500,6.8526243500,6.8650272900,12160927,137403894.0000,2.891038,-4.486630
2018-11-21,6.8092140600,6.9270419900,6.7223934800,6.8836317000,7170269,78986286.0000,1.704600,0.271009
2018-11-22,6.9084375800,6.9580493400,6.8402214100,6.8960346400,6137622,68317019.0000,1.459107,0.180176
2018-11-23,6.9766537500,7.1875037300,6.8712287600,6.9518478700,18154257,206156572.0000,4.315842,0.809354
2018-11-26,6.8650272900,6.8836317000,6.4991405600,6.5673567300,11452449,122694417.0000,2.722610,-5.530775
2018-11-27,6.5859611400,6.6727817200,6.4247229200,6.5177449700,6921804,72932826.0000,1.645532,-0.755429
2018-11-28,6.4495288000,6.5425508500,6.2262758800,6.5425508500,6799375,70150166.0000,1.616427,0.380590
2018-11-29,6.5611552600,6.5983640800,6.2386788200,6.2448802900,6333896,65581745.0000,1.505768,-4.549768
2018-11-30,6.2076714700,6.3317008700,6.1518582400,6.2820891100,5217795,52591451.0000,1.240435,0.595833
2018-12-03,6.5735582000,6.6479758400,6.4681332100,6.5487523200,8900211,94252374.0000,2.115862,4.244821
2018-12-04,6.5673567300,6.6727817200,6.5115435000,6.6045655500,6367870,67676286.0000,1.513844,0.852265
2018-12-05,6.3937155700,6.5363493800,6.3751111600,6.4867376200,4447208,46273422.0000,1.057242,-1.784034
2018-12-06,6.4619317400,6.4619317400,6.2200744100,6.2820891100,6113036,62373675.0000,1.453262,-3.154875
2018-12-07,6.2882905800,6.3441038100,6.2262758800,6.3192979300,3744808,37993611.0000,0.890260,0.592295
2018-12-10,6.3068949900,6.3068949900,6.1580597100,6.1828655900,3718608,37218263.0000,0.884031,-2.158973
2018-12-11,6.2200744100,6.2386788200,6.1518582400,6.2138729400,2631122,26301988.0000,0.625501,0.501506
2018-12-12,6.2138729400,6.2572832300,6.1890670600,6.2200744100,2350555,23581689.0000,0.558801,0.099793
2018-12-13,6.2324773500,6.3068949900,6.1518582400,6.2634847000,4411544,44395294.0000,1.048764,0.697913
2018-12-14,6.2634847000,6.3317008700,6.1766641200,6.1828655900,5006357,50408159.0000,1.190170,-1.287130
2018-12-17,6.1332538300,6.1828655900,6.0092244300,6.1580597100,3217965,31673496.0000,0.765012,-0.401203
2018-12-18,6.1146494200,6.1766641200,6.0526347200,6.0960450100,2780527,27349128.0000,0.661019,-1.007053
2018-12-19,6.1084479500,6.1332538300,6.0278288400,6.0402317800,2335000,22885530.0000,0.555103,-0.915566
2018-12-20,6.0030229600,6.1270523600,5.9534112000,6.1084479500,3334309,32565633.0000,0.792671,1.129370
2018-12-21,6.0712391300,6.0774406000,5.9720156100,6.0092244300,2503749,24322298.0000,0.595220,-1.624374
2018-12-24,6.0216273700,6.0774406000,5.9906200200,6.0464332500,1639683,15969247.0000,0.389805,0.619199
2018-12-25,5.9968214900,6.0092244300,5.7735685700,5.9162023800,4059477,38446878.0000,0.965066,-2.153847
2018-12-26,5.9100009100,5.9658141400,5.8727920900,5.9224038500,2091039,19965573.0000,0.497106,0.104824
2018-12-27,5.9658141400,6.0092244300,5.7673671000,5.7673671000,2680215,25577590.0000,0.637172,-2.617801
2018-12-28,5.8045759200,5.9658141400,5.7983744500,5.8975979700,2837642,26937704.0000,0.674597,2.258065
2019-01-02,5.8913965000,5.9472097300,5.8045759200,5.8293818000,2090836,19808091.0000,0.497058,-1.156684
2019-01-03,5.8231803300,5.9224038500,5.7797700400,5.8665906200,2083934,19710092.0000,0.495417,0.638302
2019-01-04,5.7921729800,6.0464332500,5.7425612200,6.0464332500,4507600,43313546.0000,1.071599,3.065539
2019-01-07,6.0464332500,6.1642611800,6.0278288400,6.1270523600,3046488,30012019.0000,0.724247,1.333334
2019-01-08,6.1394553000,6.1456567700,6.0588361900,6.1332538300,2337000,23006134.0000,0.555579,0.101217
2019-01-09,6.1084479500,6.2138729400,6.0464332500,6.1022464800,4375717,43416092.0000,1.040247,-0.505563
2019-01-10,6.1022464800,6.1518582400,6.0402317800,6.0650376600,2590601,25419635.0000,0.615868,-0.609760
2019-01-11,6.0960450100,6.0960450100,5.9906200200,6.0588361900,2988542,29100576.0000,0.710471,-0.102242
2019-01-14,6.0650376600,6.0836420700,6.0092244300,6.0340303100,2372253,23142687.0000,0.563960,-0.409426
2019-01-15,6.0464332500,6.1332538300,6.0030229600,6.0836420700,3020836,29586013.0000,0.718148,0.822209
2019-01-16,6.0898435400,6.1270523600,6.0526347200,6.0588361900,2385119,23405718.0000,0.567018,-0.407747
2019-01-17,6.0464332500,6.0774406000,5.8975979700,5.9286053200,2616237,25272152.0000,0.621962,-2.149437
2019-01-18,5.9534112000,5.9844185500,5.8913965000,5.9472097300,2525100,24172492.0000,0.600296,0.313805
2019-01-21,5.9658141400,6.0402317800,5.9596126700,6.0278288400,2405312,23300337.0000,0.571819,1.355580
2019-01-22,6.0588361900,6.0650376600,5.9224038500,5.9968214900,2204767,21267239.0000,0.524143,-0.514405
2019-01-23,5.9472097300,5.9596126700,5.8913965000,5.9348067900,2577026,24614524.0000,0.612641,-1.034130
2019-01-24,5.9658141400,5.9968214900,5.8975979700,5.9658141400,2068563,19845494.0000,0.491763,0.522468
2019-01-25,5.9658141400,5.9782170800,5.8975979700,5.9037994400,2635656,25231508.0000,0.626579,-1.039495
2019-01-28,5.9100009100,5.9472097300,5.7983744500,5.8417847400,2543140,24127489.0000,0.604585,-1.050424
2019-01-29,5.8355832700,5.8665906200,5.6433377000,5.8355832700,2859892,26659237.0000,0.679887,-0.106160
2019-01-30,5.7983744500,5.8665906200,5.7115538700,5.7239568100,1821642,17042357.0000,0.433062,-1.912862
2019-01-31,5.7363597500,5.8417847400,5.6495391700,5.7115538700,2460570,22844304.0000,0.584955,-0.216679
2019-02-01,5.7177553400,5.8417847400,5.6681435800,5.8293818000,2021397,18807937.0000,0.480550,2.062970
2019-02-11,5.8107773900,5.9472097300,5.8107773900,5.9472097300,2753265,26229251.0000,0.654538,2.021282
2019-02-12,5.9782170800,6.2634847000,5.9348067900,6.1580597100,7748401,76725253.0000,1.842040,3.545361
2019-02-13,6.1456567700,6.2324773500,6.1022464800,6.2014700000,5221568,52025194.0000,1.241332,0.704932
2019-02-14,6.2138729400,6.3627082200,6.1704626500,6.2510817600,4999106,50561949.0000,1.188446,0.799999
2019-02-15,6.2758876400,6.3441038100,6.2324773500,6.2820891100,3650358,37023214.0000,0.867806,0.496034
2019-02-18,6.3317008700,6.4619317400,6.2944920500,6.4247229200,5623138,57864085.0000,1.336798,2.270479
2019-02-19,6.4061185100,6.5921626100,6.3627082200,6.5115435000,6036107,62990394.0000,1.434974,1.351355
2019-02-20,6.4619317400,6.5425508500,6.3937155700,6.5239464400,4237861,44328850.0000,1.007474,0.190481
2019-02-21,6.5239464400,6.6231699600,6.4495288000,6.4805361500,5791618,61027923.0000,1.376851,-0.665405
2019-02-22,6.4805361500,6.7409978900,6.4247229200,6.7161920100,6128569,65195484.0000,1.456955,3.636365
2019-02-25,6.8216170000,7.1254890300,6.6293714300,7.0200640400,14034502,155434377.0000,3.336446,4.524467
2019-02-26,7.0448699200,7.0448699200,6.8340199400,6.8526243500,11161204,124711914.0000,2.653372,-2.385155
2019-02-27,6.8526243500,6.9270419900,6.7596023000,6.8154155300,7611838,84192753.0000,1.809575,-0.542990
2019-02-28,6.8402214100,6.9084375800,6.7968111200,6.8216170000,4528923,50007108.0000,1.076668,0.090994
2019-03-01,6.8774302300,6.9394449300,6.7720052400,6.9022361100,5936040,65742900.0000,1.411185,1.181819
2019-03-04,7.1626978500,7.2433169600,7.0386684500,7.0386684500,15610645,179469214.0000,3.711145,1.976642
2019-03-05,7.0076611000,7.3673463600,6.9518478700,7.3425404800,11545917,133511617.0000,2.744830,4.317179
2019-03-06,7.3797493000,7.4169581200,7.1688993200,7.3797493000,10899302,128472756.0000,2.591109,0.506752
2019-03-07,7.3301375400,7.6278081000,7.2743243100,7.5719948700,10992191,132803387.0000,2.613192,2.605046
2019-03-08,7.4231595900,7.5285845800,7.1440934400,7.1813022600,9633915,114187511.0000,2.290287,-5.159706
2019-03-11,7.1937052000,7.4169581200,7.1502949100,7.3735478300,10284913,120962163.0000,2.445050,2.677033
2019-03-12,7.3797493000,7.4913757600,7.2991301900,7.4293610600,13440466,160454463.0000,3.195225,0.756932
2019-03-13,7.4107566500,7.7890463200,7.2557199000,7.4417640000,15180259,183515453.0000,3.608829,0.166949
2019-03-14,7.2867272500,7.3611448900,6.9704522800,7.0076611000,9823933,112867605.0000,2.335460,-5.833332
2019-03-15,7.0696758000,7.7022257400,7.0572728600,7.4603684100,19723266,236695152.0000,4.688845,6.460173
2019-03-18,7.4417640000,7.4417640000,7.2433169600,7.3735478300,10687526,126489113.0000,2.540764,-1.163752
2019-03-19,7.4107566500,7.4293610600,7.2557199000,7.3177346000,8006915,94817969.0000,1.903497,-0.756940
2019-03-20,7.3177346000,7.3363390100,7.0820787400,7.2433169600,6562332,76383110.0000,1.560074,-1.016948
2019-03-21,7.2557199000,7.4231595900,7.2247125500,7.3983537100,9052686,107238198.0000,2.152110,2.140411
2019-03-22,7.4417640000,7.7456360300,7.4107566500,7.6712183900,17384442,213052007.0000,4.132833,3.688178
2019-03-25,7.5471889900,7.6154051600,7.3797493000,7.4107566500,10714876,129538238.0000,2.547266,-3.395312
2019-03-26,7.4541669400,7.4975772300,7.1192875600,7.1316905000,7769681,91013791.0000,1.847099,-3.765689
2019-03-27,7.2371154900,7.2433169600,6.9952581600,7.1564963800,4539148,52122086.0000,1.079099,0.347826
2019-03-28,7.1316905000,7.1688993200,7.0076611000,7.0324669800,2906476,33181958.0000,0.690961,-1.733101
2019-03-29,7.0882802100,7.2433169600,6.9146390500,7.2247125500,5796561,66518344.0000,1.378026,2.733681
2019-04-01,7.2495184300,7.4665698800,7.2371154900,7.4479654700,8566226,102035185.0000,2.036463,3.090134
2019-04-02,7.4851742900,7.6092036900,7.3859507700,7.4231595900,8870695,107140255.0000,2.108845,-0.333056
2019-04-03,7.4603684100,8.1673359900,7.3735478300,8.1673359900,21209273,269429365.0000,5.042116,10.025060
2019-04-04,8.4339992000,8.9115123900,8.3471786200,8.5890359500,31926572,443028088.0000,7.589958,5.163252
2019-04-08,8.3719845000,8.5394241900,8.1425301100,8.1549330500,21365536,286188348.0000,5.079265,-5.054157
2019-04-09,8.1425301100,8.3223727400,8.1177242300,8.1611345200,9582966,126684618.0000,2.278175,0.076047
2019-04-10,8.1487315800,8.2107462800,7.9192771900,8.0867168800,10115037,131335045.0000,2.404665,-0.911853
2019-04-11,8.0309036500,8.1549330500,7.9006727800,7.9006727800,7565052,97753332.0000,1.798453,-2.300615
2019-04-12,7.9378816000,8.1735374600,7.8944713100,8.1673359900,8680752,112958937.0000,2.063690,3.375199
2019-04-15,8.2727609800,8.4898124300,7.9874933600,8.0247021800,8912941,118568972.0000,2.118888,-1.746397
2019-04-16,8.0681124700,8.1239257000,7.8510610200,8.1115227600,6642887,85394300.0000,1.579225,1.081919
2019-04-17,8.0805154100,8.1673359900,7.9998963000,7.9998963000,7495638,97431033.0000,1.781951,-1.376149
2019-04-18,7.9626874800,7.9874933600,7.8758669000,7.9192771900,5530958,70683774.0000,1.314884,-1.007746
2019-04-19,7.9688889500,8.0371051200,7.8200536700,7.9874933600,3749423,48032442.0000,0.891357,0.861391
2019-04-22,7.9874933600,8.1115227600,7.9192771900,7.9936948300,4784851,61952097.0000,1.137511,0.077642
2019-04-23,7.9688889500,8.3843874400,7.9440830700,8.1983433400,10706883,141477726.0000,2.545365,2.560123
2019-04-24,8.2479551000,8.2851639200,7.9130757200,8.1115227600,6400439,83115301.0000,1.521587,-1.059004
2019-04-25,8.0929183500,8.1673359900,7.8200536700,7.8386580800,5880987,76160129.0000,1.398097,-3.363911
2019-04-26,7.8014492600,7.9378816000,7.7518375000,7.8262551400,4700673,59378030.0000,1.117499,-0.158231
2019-04-29,7.7332330900,7.8820683700,7.3301375400,7.3797493000,7109762,87416164.0000,1.690216,-5.705232
2019-04-30,7.3611448900,7.6836213300,7.3549434200,7.6836213300,5828205,71383303.0000,1.385549,4.117653
2019-05-06,7.5409875200,7.5409875200,6.9146390500,6.9146390500,8360308,95847135.0000,1.987510,-10.008080
2019-05-07,7.0076611000,7.1192875600,6.7596023000,6.9208405200,4902518,54627143.0000,1.165484,0.089688
2019-05-08,6.8092140600,7.0262655100,6.7099905400,6.8340199400,3977280,44037592.0000,0.945525,-1.254475
2019-05-09,6.8216170000,6.9332434600,6.7782067100,6.7968111200,2816946,31067597.0000,0.669677,-0.544468
2019-05-10,6.9456464000,7.0572728600,6.7596023000,7.0510713900,5557652,62218986.0000,1.321230,3.740875
2019-05-13,6.9580493400,7.1130860900,6.9022361100,7.0510713900,5399935,61247588.0000,1.283736,0.000000
2019-05-14,6.9022361100,7.0386684500,6.7720052400,6.8588258200,4389994,49079992.0000,1.043641,-2.726469
2019-05-15,6.9766537500,7.2185110800,6.9456464000,7.1626978500,5765717,66047119.0000,1.370694,4.430377
2019-05-16,7.1626978500,7.2061081400,7.0696758000,7.1564963800,4780664,55086026.0000,1.136515,-0.086582
2019-05-17,7.1378919700,7.1813022600,6.8216170000,6.8588258200,5742655,64951870.0000,1.365211,-4.159441
2019-05-20,6.8836317000,6.9332434600,6.6789831900,6.8278184700,2850997,31255699.0000,0.677772,-0.452081
2019-05-21,6.8402214100,6.9146390500,6.7720052400,6.8836317000,4368517,48363827.0000,1.038535,0.817440
2019-05-22,6.9084375800,6.9084375800,6.7161920100,6.7658037700,3692150,40564977.0000,0.877741,-1.711717
2019-05-23,6.7285949500,6.7285949500,6.5735582000,6.6169684900,3387258,36289049.0000,0.805259,-2.199815
2019-05-24,6.6169684900,6.6541773100,6.5115435000,6.5673567300,2840811,30152047.0000,0.675351,-0.749765
2019-05-27,6.5983640800,6.7658037700,6.5487523200,6.7285949500,3171097,34156771.0000,0.753870,2.455148
2019-05-28,6.7347964200,6.8588258200,6.7037890700,6.7720052400,3677498,40322793.0000,0.874258,0.645158
2019-05-29,6.7409978900,6.7968111200,6.6479758400,6.7099905400,2663523,28899900.0000,0.633204,-0.915754
2019-05-30,6.7099905400,6.7534008300,6.5611552600,6.6789831900,3143270,33784062.0000,0.747255,-0.462100
2019-05-31,6.6851846600,6.7471993600,6.6169684900,6.6293714300,2162213,23244402.0000,0.514027,-0.742812
2019-06-03,6.6479758400,6.7223934800,6.5239464400,6.6293714300,3101527,33149412.0000,0.737331,0.000000
2019-06-04,6.5735582000,6.6293714300,6.4185214500,6.4991405600,2565933,26948992.0000,0.610004,-1.964453
2019-06-05,6.5611552600,6.6355729000,6.4929390900,6.5425508500,1968118,20865443.0000,0.467884,0.667945
2019-06-06,6.4867376200,6.5673567300,6.3441038100,6.3441038100,2162845,22464238.0000,0.514177,-3.033181
2019-06-10,6.3503052800,6.4867376200,6.3503052800,6.4681332100,1817706,18864523.0000,0.432126,1.955042
2019-06-11,6.4805361500,6.6975876000,6.4495288000,6.6603787800,2861392,30470184.0000,0.680244,2.972190
2019-06-12,6.6417743700,6.7223934800,6.6231699600,6.6355729000,2094550,22509308.0000,0.497941,-0.372439
2019-06-13,6.6541773100,6.6851846600,6.5673567300,6.6479758400,2095600,22443462.0000,0.498191,0.186920
2019-06-14,6.6417743700,6.7534008300,6.5239464400,6.5797596700,2492366,26775010.0000,0.592514,-1.026125
2019-06-17,6.5797596700,6.6665802500,6.5177449700,6.6045655500,1797597,19108799.0000,0.427346,0.377003
2019-06-18,6.6355729000,6.6479758400,6.5487523200,6.6293714300,1437100,15306600.0000,0.341644,0.375586
2019-06-19,6.8898331700,6.9208405200,6.7285949500,6.7285949500,3229580,35444251.0000,0.767773,1.496733
2019-06-20,6.7285949500,6.9022361100,6.6975876000,6.8464228800,3597687,39637096.0000,0.855284,1.751148
2019-06-21,6.8653214000,6.9597983000,6.8401275600,6.9472013800,3507249,38553353.0000,0.833784,1.471940
2019-06-24,6.9346044600,7.0227829000,6.9283060000,6.9534998400,3005110,33254906.0000,0.714410,0.090664
2019-06-25,6.9723952200,7.0857675000,6.8464260200,7.0542752000,4382173,48510335.0000,1.041781,1.449274
2019-06-26,6.9723952200,6.9912906000,6.8653214000,6.8779183200,2974534,32631471.0000,0.707141,-2.499998
2019-06-27,6.8716198600,6.9660967600,6.8716198600,6.9346044600,2170143,23890898.0000,0.515912,0.824177
2019-06-28,6.9472013800,7.1298567200,6.8212321800,7.0416782800,5959000,66135404.0000,1.416643,1.544052
2019-07-01,7.2495274600,7.2495274600,7.0857675000,7.1235582600,5747414,65154985.0000,1.366342,1.162792
2019-07-02,7.0857675000,7.1298567200,7.0416782800,7.0668721200,3201822,36009048.0000,0.761175,-0.795757
2019-07-03,7.0416782800,7.1172598000,7.0227829000,7.0857675000,3035120,34085842.0000,0.721544,0.267377
2019-07-04,7.0920659600,7.1424536400,7.0038875200,7.0353798200,2117889,23754266.0000,0.503489,-0.711110
2019-07-05,7.0416782800,7.0920659600,7.0038875200,7.0668721200,1365290,15284446.0000,0.324573,0.447629
2019-07-08,7.0416782800,7.0479767400,6.7897398800,6.7897398800,3170311,34536948.0000,0.753683,-3.921573
2019-07-09,6.8023368000,6.9031121600,6.7897398800,6.8401275600,1880401,20429653.0000,0.447031,0.742114
2019-07-10,6.9031121600,6.9094106200,6.8086352600,6.8527244800,1082548,11802785.0000,0.257356,0.184166
2019-07-11,6.9157090800,6.9346044600,6.8023368000,6.8527244800,1403704,15304818.0000,0.333705,0.000000
2019-07-12,6.8527244800,7.1046628800,6.8527244800,7.1046628800,5426873,60548250.0000,1.290140,3.676467
2019-07-15,7.1298567200,7.1991397800,7.0227829000,7.1739459400,4515632,51144407.0000,1.073509,0.975183
2019-07-16,7.1172598000,7.3314074400,7.0731705800,7.3314074400,5383231,61906036.0000,1.279765,2.194908
2019-07-17,7.3062136000,7.3754966600,7.2495274600,7.3314074400,3883504,45082816.0000,0.923232,0.000000
2019-07-18,7.3062136000,7.4069889600,7.1613490200,7.2117367000,3990273,46086003.0000,0.948614,-1.632307
2019-07-19,7.2936166800,7.4006905000,7.1928413200,7.2558259200,2506918,29089869.0000,0.595974,0.611359
2019-07-22,7.3125120600,7.3566012800,7.0920659600,7.2054382400,2484802,28519053.0000,0.590716,-0.694452
2019-07-23,7.1802444000,7.3377059000,7.1424536400,7.3314074400,2878832,33361733.0000,0.684390,1.748258
2019-07-24,7.3817951200,7.4069889600,7.2747213000,7.3188105200,3098200,36088589.0000,0.736540,-0.171825
2019-07-25,7.2936166800,7.5455550800,7.2243336200,7.4951674000,6911822,81597807.0000,1.643159,2.409636
2019-07-26,7.4321828000,7.6526289000,7.3566012800,7.5770473800,7921507,94346755.0000,1.883200,1.092400
2019-07-29,7.5014658600,7.5077643200,7.4132874200,7.4636751000,4125580,48825418.0000,0.980781,-1.496254
2019-07-30,7.4573766400,7.4636751000,7.3628997400,7.3817951200,3265119,38426921.0000,0.776200,-1.097000
2019-07-31,7.3377059000,7.3691982000,7.2432290000,7.2999151400,3274119,37973483.0000,0.778400,-1.109200
2019-08-01,7.2495274600,7.3440043600,7.1613490200,7.2180351600,2971719,34104572.0000,0.706500,-1.121700
2019-08-02,7.0227829000,7.1361551800,7.0227829000,7.0668721200,3192430,35802781.0000,0.758900,-2.094200
2019-08-05,7.0542752000,7.0983644200,6.8905152400,6.8968137000,3534148,39190233.0000,0.840200,-2.406400
2019-08-06,6.7897398800,6.8023368000,6.4496230400,6.6322783800,4880412,51212427.0000,1.160200,-3.835600
2019-08-07,6.6763676000,6.7015614400,6.5063091800,6.5126076400,2268181,23746934.0000,0.539200,-1.804400
2019-08-08,6.5252045600,6.6070845400,6.5063091800,6.5755922400,1928400,20073971.0000,0.458400,0.967100
2019-08-09,6.5755922400,6.6763676000,6.5126076400,6.5126076400,1626800,16998961.0000,0.386700,-0.957800
2019-08-12,6.4874138000,6.6700691400,6.4874138000,6.6511737600,1546386,16199135.0000,0.367600,2.127700
2019-08-13,6.6007860800,6.6826660600,6.5503984000,6.6511737600,1280100,13503856.0000,0.304300,0.000000
2019-08-14,6.7456506600,6.8149337200,6.6952629800,6.7078599000,2089600,22380699.0000,0.496800,0.852300
2019-08-15,6.5189061000,6.7393522000,6.4811153400,6.7393522000,1844174,19371323.0000,0.438400,0.469500
2019-08-16,6.6952629800,6.8653214000,6.6952629800,6.7708445000,2276400,24629362.0000,0.541200,0.467300
2019-08-19,6.8653214000,7.2117367000,6.8653214000,7.0920659600,5001039,55942747.0000,1.188900,4.744200
2019-08-20,7.0290813600,7.1172598000,6.9283060000,6.9786936800,3511460,39205104.0000,0.834800,-1.598600
2019-08-21,7.0479767400,7.1991397800,6.9723952200,7.0731705800,3534871,39855497.0000,0.840400,1.353800
2019-08-22,7.0794690400,7.1550505600,6.9849921400,7.0857675000,2595567,29078511.0000,0.617000,0.178100
2019-08-23,7.0983644200,7.1991397800,7.0416782800,7.0983644200,3433868,38904074.0000,0.816300,0.177800
2019-08-26,6.9786936800,7.0983644200,6.9283060000,7.0542752000,2654014,29511991.0000,0.630900,-0.621100
2019-08-27,7.0353798200,7.1739459400,7.0353798200,7.1109613400,2869714,32415017.0000,0.682200,0.803600
2019-08-28,7.1046628800,7.1172598000,7.0038875200,7.0164844400,2204881,24679156.0000,0.524200,-1.328600
2019-08-29,7.0857675000,7.2054382400,7.0227829000,7.0479767400,3344431,37673969.0000,0.795100,0.448800
2019-08-30,7.1046628800,7.1550505600,6.8716198600,6.8716198600,3302370,36618512.0000,0.785100,-2.502200
2019-09-02,6.8527244800,7.0290813600,6.8086352600,7.0038875200,2262395,24955334.0000,0.537800,1.924800
2019-09-03,7.0101859800,7.0416782800,6.9283060000,6.9723952200,1876639,20796064.0000,0.446100,-0.449600
2019-09-04,6.9660967600,7.0164844400,6.9094106200,7.0164844400,2318712,25679241.0000,0.551200,0.632300
2019-09-05,7.0479767400,7.1739459400,7.0479767400,7.0857675000,3398382,38387101.0000,0.807900,0.987400
2019-09-06,7.1172598000,7.3440043600,7.1046628800,7.3314074400,7683599,88542312.0000,1.826600,3.466700
2019-09-09,7.3628997400,7.3691982000,7.2684228400,7.3691982000,4688218,54405536.0000,1.114500,0.515500
2019-09-10,7.3691982000,7.4006905000,7.2936166800,7.3503028200,3102126,36171570.0000,0.737500,-0.256400
2019-09-11,7.3188105200,7.5077643200,7.3062136000,7.3628997400,4398825,51669084.0000,1.045700,0.171400
2019-09-12,7.3628997400,7.4069889600,7.3125120600,7.3628997400,2354953,27488328.0000,0.559800,0.000000
2019-09-16,7.4006905000,7.4069889600,7.3125120600,7.3377059000,3201110,37328255.0000,0.761000,-0.342200
2019-09-17,7.3377059000,7.3691982000,7.1298567200,7.1802444000,3349653,38536152.0000,0.796300,-2.145900
2019-09-18,7.1802444000,7.1802444000,7.1802444000,7.1802444000,0,0.0000,,0.000000
2019-09-19,7.1802444000,7.1802444000,7.1802444000,7.1802444000,0,0.0000,,0.000000
2019-09-20,7.1802444000,7.1802444000,7.1802444000,7.1802444000,0,0.0000,,0.000000
2019-09-23,7.1802444000,7.1802444000,7.1802444000,7.1802444000,0,0.0000,,0.000000
2019-09-24,7.1802444000,7.1802444000,7.1802444000,7.1802444000,0,0.0000,,0.000000
2019-09-25,7.1802444000,7.1802444000,7.1802444000,7.1802444000,0,0.0000,,0.000000
2019-09-26,7.1802444000,7.1802444000,7.1802444000,7.1802444000,0,0.0000,,0.000000
2019-09-27,7.1802444000,7.1802444000,7.1802444000,7.1802444000,0,0.0000,,0.000000
2019-09-30,7.1802444000,7.1802444000,7.1802444000,7.1802444000,0,0.0000,,0.000000
2019-10-08,7.1802444000,7.1802444000,7.1802444000,7.1802444000,0,0.0000,,0.000000
2019-10-09,7.8982688400,7.8982688400,7.8982688400,7.8982688400,2966723,37202706.0000,0.705300,10.000000
2019-10-10,7.6778227400,8.1250134000,7.5959427600,7.9990442000,22923486,286220603.0000,5.449600,1.275900
2019-10-11,7.7597027200,7.8415827000,7.6526289000,7.6778227400,11555142,142114839.0000,2.747000,-4.015800
2019-10-14,7.7156135000,7.8415827000,7.6337335200,7.7219119600,7287154,89485327.0000,1.732400,0.574200
2019-10-15,7.7156135000,7.9612534400,7.6589273600,7.7974934800,8163673,101694574.0000,1.940800,0.978800
2019-10-16,7.7471058000,8.3013702800,7.6841212000,8.0872226400,13256366,169056916.0000,3.151500,3.715700
2019-10-17,8.1628041600,8.2887733600,7.9612534400,8.0368349600,9197655,118095918.0000,2.186600,-0.623100
2019-10-18,8.0368349600,8.2446841400,7.9234626800,8.1187149400,9483924,121701352.0000,2.254600,1.018800
2019-10-21,8.1187149400,8.4651302400,7.9990442000,8.4399364000,12205942,160300513.0000,2.901700,3.956500
2019-10-22,8.4399364000,9.0382901000,8.3265641200,8.8493363000,18239522,252395564.0000,4.336100,4.850800
2019-10-23,8.7485609400,9.0508870200,8.5785025200,8.6288902000,14476818,201318766.0000,3.441600,-2.491100
2019-10-24,8.7170686400,9.0067978000,8.5344133000,8.9942008800,13590472,190008704.0000,3.230900,4.233600
2019-10-25,8.8178440000,8.9564101200,8.3832502600,8.4399364000,13486572,185605732.0000,3.206200,-6.162500
2019-10-28,8.2257887600,8.2509826000,8.0746257200,8.1754010800,11249889,145955111.0000,2.674500,-3.134300
2019-10-29,8.2131918400,8.4147425600,8.1376103200,8.1439087800,9519497,125062656.0000,2.263100,-0.385200
2019-10-30,8.1061180200,8.2509826000,7.7848965600,7.9171642200,8981341,113772197.0000,2.135100,-2.784200
2019-10-31,7.9171642200,7.9675519000,7.6967181200,7.8037919400,5999023,74451675.0000,1.426200,-1.432000
2019-11-01,7.7785981000,7.9990442000,7.6778227400,7.9990442000,5455559,67842198.0000,1.297000,2.502000
2019-11-04,8.0179395800,8.2131918400,7.8163888600,8.1691026200,8383314,106797994.0000,1.993000,2.126000
2019-11-05,8.0935211000,8.1187149400,7.7408073400,7.7722996400,7110483,88931068.0000,1.690400,-4.857400
2019-11-06,7.7534042600,7.8289857800,7.4321828000,7.4825704800,6965372,83999587.0000,1.655900,-3.727700
2019-11-07,7.4951674000,7.6652258200,7.3754966600,7.5581520000,5178413,61820001.0000,1.231100,1.010100
2019-11-08,7.6211366000,7.6463304400,7.5014658600,7.5014658600,3297381,39652718.0000,0.783900,-0.750000
2019-11-11,7.4195858800,7.4195858800,7.1424536400,7.1802444000,4583909,52926087.0000,1.089700,-4.282100
2019-11-12,7.2369305400,7.2369305400,6.9975890600,7.1361551800,3381500,38239315.0000,0.803900,-0.614000
2019-11-13,7.1991397800,7.2054382400,7.0290813600,7.1109613400,2542321,28698812.0000,0.604400,-0.353000
2019-11-14,7.1172598000,7.1739459400,7.0731705800,7.1046628800,2328621,26297108.0000,0.553600,-0.088600
2019-11-15,7.0920659600,7.0920659600,6.9597983000,6.9723952200,2337250,26060076.0000,0.555600,-1.861700
2019-11-18,6.9912906000,7.0920659600,6.9031121600,7.0227829000,2131708,23715738.0000,0.506800,0.722700
2019-11-19,7.0164844400,7.1424536400,6.9975890600,7.1046628800,2764075,30982262.0000,0.657100,1.165900
2019-11-20,7.1109613400,7.1298567200,6.9912906000,7.0038875200,2429925,27266494.0000,0.577700,-1.418400
2019-11-21,6.9786936800,7.0353798200,6.9409029200,6.9849921400,1387750,15405931.0000,0.329900,-0.269800
2019-11-22,6.9912906000,7.0794690400,6.8149337200,6.8779183200,2808989,30894109.0000,0.667800,-1.532900
2019-11-25,6.8527244800,6.9157090800,6.7708445000,6.8149337200,2293100,24783799.0000,0.545100,-0.915800
2019-11-26,6.8401275600,6.8527244800,6.7582475800,6.7582475800,1336173,14430261.0000,0.317700,-0.831800
2019-11-27,6.7078599000,6.7960383400,6.7078599000,6.7267552800,1349000,14470594.0000,0.320700,-0.466000
2019-11-28,6.7078599000,6.8023368000,6.7078599000,6.7771429600,1218825,13079895.0000,0.289800,0.749100
2019-11-29,6.7771429600,6.8023368000,6.7267552800,6.7960383400,1248873,13396506.0000,0.296900,0.278800
2019-12-02,6.7960383400,6.8401275600,6.7519491200,6.7582475800,1497240,16117942.0000,0.355900,-0.556100
2019-12-03,6.7078599000,6.8086352600,6.7078599000,6.8086352600,1189325,12766377.0000,0.282700,0.745600
2019-12-04,6.7960383400,6.8464260200,6.7456506600,6.8401275600,1555625,16797653.0000,0.369800,0.462500
2019-12-05,6.8590229400,6.9597983000,6.8212321800,6.9409029200,2065300,22666551.0000,0.491000,1.473300
2019-12-06,6.9409029200,6.9534998400,6.8716198600,6.9346044600,1404101,15395492.0000,0.333800,-0.090700
2019-12-09,6.9472013800,7.0416782800,6.9283060000,7.0290813600,2145155,23843261.0000,0.510000,1.362400
2019-12-10,6.9975890600,7.0542752000,6.9597983000,7.0290813600,1319347,14674272.0000,0.313700,0.000000
2019-12-11,6.9912906000,7.0479767400,6.9346044600,6.9409029200,1475530,16375773.0000,0.350800,-1.254500
2019-12-12,6.9534998400,6.9597983000,6.8275306400,6.8527244800,1815300,19841381.0000,0.431600,-1.270400
2019-12-13,6.9283060000,7.0920659600,6.9283060000,7.0101859800,3107500,34548668.0000,0.738800,2.297800
2019-12-16,7.0290813600,7.0983644200,7.0164844400,7.0857675000,2826594,31676015.0000,0.672000,1.078200
2019-12-17,7.0542752000,7.2432290000,7.0416782800,7.1802444000,3077000,34861480.0000,0.731500,1.333300
2019-12-18,7.1361551800,7.2117367000,7.1172598000,7.1298567200,2278310,25884107.0000,0.541600,-0.701800
2019-12-19,7.1361551800,7.2117367000,7.1046628800,7.1865428600,1815515,20648862.0000,0.431600,0.795100
2019-12-20,7.1865428600,7.2495274600,7.1424536400,7.1613490200,1606206,18381530.0000,0.381800,-0.350600
2019-12-23,7.1550505600,7.1613490200,6.9472013800,6.9723952200,2206414,24670717.0000,0.524500,-2.638500
2019-12-24,6.9534998400,7.0731705800,6.9534998400,7.0668721200,1478298,16452813.0000,0.351400,1.355000
2019-12-25,7.0731705800,7.0731705800,6.9723952200,7.0290813600,1481002,16498760.0000,0.352100,-0.534800
2019-12-26,6.9975890600,7.0731705800,6.9975890600,7.0668721200,1617124,18057871.0000,0.384400,0.537600
2019-12-27,7.0731705800,7.1676474800,7.0605736600,7.0794690400,2867202,32413011.0000,0.681600,0.178200
2019-12-30,7.0605736600,7.1235582600,6.9283060000,7.1172598000,1976488,22097296.0000,0.469900,0.533800
2019-12-31,7.1046628800,7.2180351600,7.0857675000,7.1739459400,2480587,28207195.0000,0.589700,0.796500
2020-01-02,7.2306320800,7.3377059000,7.1802444000,7.2684228400,2857639,32934025.0000,0.679400,1.316900
2020-01-03,7.3062136000,7.3062136000,7.2180351600,7.2495274600,2826918,32543982.0000,0.672000,-0.260000
2020-01-06,7.2432290000,7.2873182200,7.1613490200,7.2747213000,3108545,35693695.0000,0.739000,0.347500
2020-01-07,7.2936166800,7.3503028200,7.2432290000,7.3188105200,3110470,36012934.0000,0.739500,0.606100
2020-01-08,7.2873182200,7.3188105200,7.1802444000,7.1991397800,3260111,37519532.0000,0.775000,-1.635100
2020-01-09,7.2495274600,7.3251089800,7.2243336200,7.2747213000,2590677,29917737.0000,0.615900,1.049900
2020-01-10,7.3188105200,7.5770473800,7.2747213000,7.5014658600,7190551,84883246.0000,1.709400,3.116900
2020-01-13,7.5518535400,7.6526289000,7.4384812600,7.5581520000,5002303,59843669.0000,1.189200,0.755700
2020-01-14,7.5644504600,7.6022412200,7.4825704800,7.5203612400,3112400,37127000.0000,0.739900,-0.500000
2020-01-15,7.4636751000,7.5518535400,7.4006905000,7.4510781800,2296795,27173172.0000,0.546000,-0.921300
2020-01-16,7.4510781800,7.5392566200,7.3754966600,7.4132874200,2144160,25322621.0000,0.509700,-0.507200
2020-01-17,7.4132874200,7.4699735600,7.3754966600,7.4447797200,1710789,20193815.0000,0.406700,0.424800
2020-01-20,7.4069889600,7.5455550800,7.3754966600,7.5455550800,2803490,33299819.0000,0.666500,1.353600
2020-01-21,7.6652258200,7.7660011800,7.5140627800,7.5707489200,5387604,65078934.0000,1.280800,0.333900
2020-01-22,7.5959427600,7.5959427600,7.3062136000,7.4132874200,4677105,54928348.0000,1.111900,-2.079900
2020-01-23,7.3377059000,7.3377059000,7.0416782800,7.0857675000,5200667,59246701.0000,1.236400,-4.418000
2020-02-03,6.3803399800,6.3803399800,6.3803399800,6.3803399800,622200,6302886.0000,0.147900,-9.955600
2020-02-04,5.7945832000,6.2291769400,5.7945832000,6.1535954200,6093904,58772937.0000,1.448700,-3.553800
2020-02-05,6.1347000400,6.3551461400,6.1095062000,6.2417738600,4216477,41792024.0000,1.002400,1.433000
2020-02-06,6.2417738600,6.4118322800,6.1787892600,6.3425492200,4389477,43930661.0000,1.043500,1.614500
2020-02-07,6.2984600000,6.3929369000,6.2417738600,6.3488476800,3642295,36491387.0000,0.865900,0.099300
2020-02-10,6.2984600000,6.4307276600,6.2354754000,6.4181307400,3284385,33080029.0000,0.780800,1.091300
2020-02-11,6.3929369000,6.4874138000,6.3740415200,6.3992353600,2244135,22893474.0000,0.533500,-0.294400
2020-02-12,6.3929369000,6.4685184200,6.3866384400,6.4433245800,2100054,21450968.0000,0.499200,0.689000
2020-02-13,6.4055338200,6.4937122600,6.3299523000,6.3614446000,3070600,31143695.0000,0.730000,-1.270800
2020-02-14,6.3740415200,6.4118322800,6.3236538400,6.3551461400,2663857,26931685.0000,0.633300,-0.099000
2020-02-17,6.3677430600,6.5503984000,6.3299523000,6.5503984000,3135747,32346039.0000,0.745500,3.072300
2020-02-18,6.6070845400,6.6448753000,6.5126076400,6.6448753000,2710248,28284023.0000,0.644300,1.442300
2020-02-19,6.6007860800,6.7708445000,6.5818907000,6.6889645200,2913839,30958905.0000,0.692700,0.663500
2020-02-20,6.6889645200,6.8212321800,6.6259799200,6.7960383400,2561990,27320225.0000,0.609100,1.600800
2020-02-21,6.7960383400,6.8842167800,6.7645460400,6.7834414200,2842695,30787050.0000,0.675800,-0.185400
2020-02-24,6.7267552800,6.8086352600,6.6889645200,6.7267552800,2818686,30131722.0000,0.670100,-0.835700
2020-02-25,6.5755922400,6.6196814600,6.3677430600,6.5566968600,5132626,53122006.0000,1.220200,-2.528100
2020-02-26,6.4433245800,6.6259799200,6.4055338200,6.5440999400,3119005,32376022.0000,0.741500,-0.192100
2020-02-27,6.5503984000,6.6322783800,6.5378014800,6.5944876200,1950039,20410362.0000,0.463600,0.770000
2020-02-28,6.4307276600,6.5063091800,6.2669677000,6.3236538400,5076652,51295773.0000,1.206900,-4.107000
2020-03-02,6.3236538400,6.5378014800,6.3236538400,6.4937122600,2445094,24996374.0000,0.581300,2.689200
2020-03-03,6.5818907000,6.6322783800,6.4937122600,6.5126076400,2857851,29825161.0000,0.679400,0.291000
2020-03-04,6.4874138000,6.5818907000,6.4748168800,6.5818907000,1504243,15603939.0000,0.357600,1.063800
2020-03-05,6.6196814600,6.7582475800,6.6196814600,6.7267552800,3142174,33394825.0000,0.747000,2.201000
2020-03-06,6.8023368000,6.9094106200,6.7519491200,6.8464260200,3948784,42810918.0000,0.938800,1.779000
2020-03-09,6.9975890600,7.0227829000,6.7204568200,6.8086352600,6295944,68936985.0000,1.496700,-0.552000
2020-03-10,6.7267552800,6.8527244800,6.5063091800,6.8527244800,3904794,41488542.0000,0.928300,0.647500
2020-03-11,6.9031121600,6.9094106200,6.7204568200,6.7267552800,2246843,24300257.0000,0.534100,-1.838200
2020-03-12,6.7456506600,6.7456506600,6.6070845400,6.7141583600,2050663,21651155.0000,0.487500,-0.187300
2020-03-13,6.5000107200,6.5944876200,6.3929369000,6.5944876200,2873059,29578108.0000,0.683000,-1.782400
2020-03-16,6.6385768400,6.6385768400,6.3929369000,6.3929369000,2691611,27880685.0000,0.639900,-3.056400
2020-03-17,6.3047584600,6.4622199600,6.2228784800,6.3551461400,2723099,27312647.0000,0.647400,-0.591100
2020-03-18,6.4181307400,6.5189061000,6.2291769400,6.2291769400,2382700,24058214.0000,0.566400,-1.982200
2020-03-19,6.2606692400,6.3047584600,6.1724908000,6.2921615400,1772500,17554027.0000,0.421400,1.011100
2020-03-20,6.3236538400,6.4055338200,6.2795646200,6.3362507600,1067769,10707149.0000,0.253800,0.700700
2020-03-23,6.2984600000,6.3047584600,6.0780139000,6.1535954200,1926200,18912956.0000,0.457900,-2.882700
2020-03-24,6.2165800200,6.2165800200,6.1221031200,6.2102815600,1398935,13741720.0000,0.332600,0.921200
2020-03-25,6.2984600000,6.4559215000,6.2858630800,6.4559215000,2299168,23223960.0000,0.546600,3.955400
2020-03-26,6.4496230400,6.7078599000,6.3866384400,6.6574722200,3482136,36460304.0000,0.827800,3.121900
2020-03-27,6.7771429600,6.8779183200,6.6637706800,6.8023368000,3996988,42946581.0000,0.950200,2.176000
2020-03-30,6.9660967600,6.9660967600,6.3929369000,6.6070845400,4963053,51926428.0000,1.179900,-2.870400
2020-03-31,6.6070845400,6.6070845400,6.4559215000,6.5818907000,2079423,21514625.0000,0.494300,-0.381300
2020-04-01,6.5566968600,6.5566968600,6.4118322800,6.4307276600,1344438,13811669.0000,0.319600,-2.296600
2020-04-02,6.3866384400,6.4874138000,6.3362507600,6.4874138000,1080082,10989067.0000,0.256800,0.881500
2020-04-03,6.3299523000,6.5566968600,6.3299523000,6.4496230400,893767,9154033.0000,0.212500,-0.582500
2020-04-07,6.5252045600,6.5566968600,6.4748168800,6.5378014800,1520201,15729681.0000,0.361400,1.367200
2020-04-08,6.5189061000,6.5189061000,6.4244292000,6.4622199600,1380300,14164175.0000,0.328100,-1.156100
2020-04-09,6.4874138000,6.5692937800,6.4748168800,6.5000107200,1452404,15007430.0000,0.345300,0.584800
2020-04-10,6.5189061000,6.5189061000,6.3299523000,6.3488476800,1269100,12892250.0000,0.301700,-2.325600
2020-04-13,6.2984600000,6.3551461400,6.2417738600,6.3425492200,1044975,10423087.0000,0.248400,-0.099200
2020-04-14,6.3047584600,6.4370261200,6.2984600000,6.3488476800,798531,8041236.0000,0.189800,0.099300
2020-04-15,6.3488476800,6.3488476800,6.2669677000,6.2669677000,966418,9685878.0000,0.229700,-1.289700
2020-04-16,6.2417738600,6.2732661600,6.2039831000,6.2417738600,1200066,11872150.0000,0.285300,-0.402000
2020-04-17,6.2669677000,6.2984600000,6.2354754000,6.2858630800,937100,9321872.0000,0.222800,0.706400
2020-04-20,6.2921615400,6.4685184200,6.2669677000,6.4055338200,1649585,16662531.0000,0.392200,1.903800
2020-04-21,6.5252045600,6.5252045600,6.3551461400,6.4181307400,1529999,15583188.0000,0.363700,0.196700
2020-04-22,6.3740415200,6.4181307400,6.3110569200,6.3929369000,930964,9409098.0000,0.221300,-0.392500
2020-04-23,6.4118322800,6.4181307400,6.3362507600,6.3425492200,1242657,12554313.0000,0.295400,-0.788200
2020-04-24,6.3299523000,6.3299523000,6.2165800200,6.2606692400,1251150,12420409.0000,0.297400,-1.291000
2020-04-27,6.2921615400,6.2921615400,6.2039831000,6.2480723200,641223,6351142.0000,0.152400,-0.201200
2020-04-28,6.2039831000,6.2417738600,6.0591185200,6.1284015800,1117165,10890498.0000,0.265600,-1.915300
2020-04-29,6.1409985000,6.1724908000,6.0969092800,6.1409985000,387242,3776622.0000,0.092100,0.205600
2020-04-30,6.1284015800,6.1724908000,6.0591185200,6.1472969600,1894648,18373819.0000,0.450400,0.102600
2020-05-06,6.0843123600,6.1347000400,6.0654169800,6.1221031200,1013819,9819278.0000,0.241000,-0.409800
2020-05-07,6.1284015800,6.1284015800,6.0780139000,6.0780139000,694459,6721700.0000,0.165100,-0.720200
2020-05-08,6.1158046600,6.2984600000,6.0906108200,6.2795646200,2012821,19845457.0000,0.478500,3.316100
2020-05-11,6.2858630800,6.3110569200,6.1850877200,6.2354754000,1003161,9969227.0000,0.238500,-0.702100
2020-05-12,6.2165800200,6.2417738600,6.1409985000,6.1850877200,788996,7742477.0000,0.187600,-0.808100
2020-05-13,6.1535954200,6.2354754000,6.1472969600,6.2228784800,595124,5846388.0000,0.141500,0.611000
2020-05-14,6.2228784800,6.3173553800,6.2228784800,6.2921615400,1678404,16752682.0000,0.399000,1.113400
2020-05-15,6.4118322800,6.5315030200,6.3425492200,6.3929369000,3004587,30689106.0000,0.714300,1.601600
2020-05-18,6.3992353600,6.3992353600,6.2102815600,6.3488476800,1785024,17792042.0000,0.424400,-0.689700
2020-05-19,6.3614446000,6.6007860800,6.3614446000,6.5566968600,3920468,40355669.0000,0.932000,3.273800
2020-05-20,6.5315030200,6.5315030200,6.3614446000,6.4118322800,2107585,21509894.0000,0.501000,-2.209400
2020-05-21,6.4685184200,6.5503984000,6.3929369000,6.4748168800,1754224,18045080.0000,0.417000,0.982300
2020-05-22,6.5252045600,6.5252045600,6.2984600000,6.3614446000,2030223,20529586.0000,0.482600,-1.751000
2020-05-25,6.4244292000,6.6511737600,6.3803399800,6.5881891600,4111792,42632014.0000,0.977500,3.564400
2020-05-26,6.5440999400,6.5818907000,6.4370261200,6.5629953200,2859897,29542901.0000,0.679900,-0.382400
2020-05-27,6.5629953200,6.5818907000,6.4370261200,6.5189061000,1858157,19138438.0000,0.441700,-0.671800
2020-05-28,6.5189061000,6.5944876200,6.4307276600,6.5881891600,1949419,20142592.0000,0.463400,1.062800
2020-05-29,6.6133830000,6.8149337200,6.5000107200,6.7141583600,4220130,44759988.0000,1.003300,1.912000
2020-06-01,6.7393522000,6.7960383400,6.6637706800,6.7645460400,3302429,35319646.0000,0.785100,0.750500
2020-06-02,6.7645460400,6.8338291000,6.7078599000,6.7204568200,2345300,25136820.0000,0.557600,-0.651800
2020-06-03,6.7204568200,6.7897398800,6.5881891600,6.6448753000,3012536,31869029.0000,0.716200,-1.124600
2020-06-04,6.6637706800,6.7015614400,6.6007860800,6.6259799200,1330643,14033662.0000,0.316300,-0.284400
2020-06-05,6.6259799200,6.7456506600,6.5818907000,6.7015614400,2144050,22630519.0000,0.509700,1.140700
2020-06-08,6.7141583600,6.7141583600,6.5629953200,6.5629953200,1451629,15218864.0000,0.345100,-2.067700
2020-06-09,6.6007860800,6.6070845400,6.5315030200,6.6070845400,1367850,14264582.0000,0.325200,0.671800
2020-06-10,6.6574722200,6.6574722200,6.5315030200,6.5944876200,807551,8415633.0000,0.192000,-0.190700
2020-06-11,6.5944876200,6.5944876200,6.4874138000,6.5000107200,1471212,15275329.0000,0.349800,-1.432700
2020-06-12,6.4244292000,6.5252045600,6.4181307400,6.4433245800,1569185,16050071.0000,0.373000,-0.872100
2020-06-15,6.4307276600,6.4559215000,6.3425492200,6.3929369000,1742462,17674680.0000,0.414200,-0.782000
2020-06-16,6.3866384400,6.4307276600,6.3740415200,6.3992353600,920036,9350859.0000,0.218700,0.098500
2020-06-17,6.4118322800,6.4622199600,6.3803399800,6.4559215000,1081832,11024867.0000,0.257200,0.885800
2020-06-18,6.4433245800,6.5315030200,6.4118322800,6.4685184200,1339399,13773077.0000,0.318400,0.195100
2020-06-19,6.4559215000,6.5063091800,6.4307276600,6.4748168800,1024369,10543240.0000,0.243500,0.097400
2020-06-22,6.4748168800,6.5755922400,6.4433245800,6.5126076400,1134465,11727921.0000,0.269700,0.583700
2020-06-23,6.5503984000,6.5503984000,6.3677430600,6.4748168800,891211,9142180.0000,0.211900,-0.580300
2020-06-24,6.4939543400,6.5896412900,6.4365421700,6.5768830300,1213319,12395717.0000,0.288400,1.576400
2020-06-29,6.5577456400,6.5705039000,6.4875752100,6.5513665100,838400,8568536.0000,0.199300,-0.388000
2020-06-30,6.6151578100,6.6853282400,6.5641247700,6.6725699800,1714543,17848632.0000,0.407600,1.850000
2020-07-01,6.6980865000,6.7618778000,6.6279160700,6.6789491100,1401310,14698467.0000,0.333100,0.095600
2020-07-02,6.6470534600,6.7873943200,6.6470534600,6.7618778000,2195258,23165773.0000,0.521900,1.241600
2020-07-03,6.7682569300,6.8830812700,6.7363612800,6.8830812700,3292705,35212035.0000,0.782800,1.792400
2020-07-06,6.9277351800,7.2403125500,6.9149769200,7.1765212500,5618453,62389390.0000,1.335700,4.263200
2020-07-07,7.2020377700,7.2658290700,7.0361803900,7.0616969100,7588849,84836187.0000,1.804100,-1.600000
2020-07-08,7.0553177800,7.2084169000,7.0298012600,7.1573838600,3637221,40597106.0000,0.864700,1.355000
2020-07-09,7.1446256000,7.3806534100,7.1254882100,7.3041038500,3993630,45596056.0000,0.949400,2.049900
2020-07-10,7.3296203700,7.5209942700,7.2275542900,7.4699612300,4762447,55480219.0000,1.132200,2.270700
2020-07-13,7.6868516500,7.7825386000,7.4827194900,7.5720273100,7659660,91054046.0000,1.820900,1.366400
2020-07-14,7.5784064400,7.6039229600,7.3487577600,7.5082360100,6709024,78472396.0000,1.594900,-0.842500
2020-07-15,7.6485768700,7.6485768700,7.4061699300,7.4189281900,4902576,57651862.0000,1.165500,-1.189500
2020-07-16,7.3870325400,7.4763403600,7.2275542900,7.2594499400,6134425,70554246.0000,1.458300,-2.149600
2020-07-17,7.2849664600,7.3104829800,7.0935925600,7.2594499400,4330772,48985111.0000,1.029600,0.000000
2020-07-20,7.3359995000,7.5592690500,7.2849664600,7.5465107900,4433024,51801692.0000,1.053900,3.954300
2020-07-21,7.5592690500,7.6294394800,7.5082360100,7.5847855700,4854190,57703232.2000,1.154000,0.507200
2020-07-22,7.6039229600,7.7187473000,7.5209942700,7.6740933900,8538653,102302045.2500,2.029900,1.177500
2020-07-23,7.5401316600,7.6868516500,7.4061699300,7.6677142600,5420388,64321015.7600,1.288600,-0.083100
2020-07-24,7.5911647000,7.6294394800,7.1892795100,7.3296203700,5642061,65466830.8500,1.341300,-4.409300
2020-07-27,7.2785873300,7.3678951500,6.9532517000,7.0170430000,4206700,46716491.9900,1.000100,-4.264600
2020-07-28,7.0234221300,7.2658290700,6.9979056100,7.2530708100,3300751,36789644.7300,0.784700,3.363600
2020-07-29,7.2084169000,7.3678951500,7.1318673400,7.3487577600,3875611,44218392.1300,0.921400,1.319300
2020-07-30,7.3232412400,7.3678951500,7.2658290700,7.3104829800,2043300,23439507.0000,0.485800,-0.520800
2020-07-31,7.2977247200,7.3615160200,7.1829003800,7.3487577600,3162176,36105605.9000,0.751700,0.523600
2020-08-03,7.6166812200,7.6166812200,7.3997908000,7.4635821000,6077073,71051364.2500,1.444700,1.562500
2020-08-04,7.4635821000,7.5975438300,7.4061699300,7.4890986200,6645840,78278128.0900,1.579900,0.341900
2020-08-05,7.4380655800,7.4954777500,7.2339334200,7.3806534100,4625406,53231530.4900,1.099600,-1.448000
2020-08-06,7.4635821000,7.5146151400,7.2849664600,7.3423786300,4072990,47150746.6000,0.968300,-0.518600
2020-08-07,7.3423786300,7.3423786300,7.3423786300,7.3423786300,0,0.0000,,0.000000
2020-08-10,7.3997908000,7.4890986200,7.0298012600,7.1765212500,5769490,64918526.7000,1.371600,-2.258900
2020-08-11,7.1191090800,7.1382464700,6.9277351800,6.9468725700,5696638,62846517.9000,1.354300,-3.200000
2020-08-12,6.9277351800,6.9341143100,6.6342952000,6.7108447600,5455650,57488679.6400,1.297000,-3.397600
2020-08-13,6.7363612800,6.9851473500,6.7299821500,6.9213560500,3435029,37024907.6200,0.816600,3.136900
2020-08-14,6.9404934400,6.9468725700,6.8129108400,6.8958395300,1903000,20488156.9900,0.452400,-0.368700
2020-08-17,6.8894604000,6.9596308300,6.8384273600,6.9532517000,2140641,23194450.8600,0.508900,0.832600
2020-08-18,6.9468725700,7.0170430000,6.8894604000,6.9532517000,2628964,28630116.4400,0.625000,0.000000
2020-08-19,6.9596308300,6.9979056100,6.8639438800,6.9085977900,2413901,26145857.7700,0.573900,-0.642200
2020-08-20,6.8767021400,6.8767021400,6.7873943200,6.8384273600,1473001,15753635.7200,0.350200,-1.015700
2020-08-21,6.7937734500,6.8894604000,6.7810151900,6.8320482300,1333900,14302725.0000,0.317100,-0.093300
2020-08-24,6.8320482300,6.8320482300,6.7491195400,6.7937734500,1741501,18538977.1300,0.414000,-0.560200
2020-08-25,6.8065317100,6.8192899700,6.6917073700,6.7172238900,2132666,22568692.0000,0.507000,-1.126800
2020-08-26,6.7427404100,6.7427404100,6.6023995500,6.6151578100,1513311,15818496.4000,0.359800,-1.519500
2020-08-27,6.6151578100,6.6853282400,6.5832621600,6.6598117200,1152000,12014396.0000,0.273900,0.675000
2020-08-28,6.6917073700,6.7108447600,6.6279160700,6.7108447600,1090051,11402298.5000,0.259100,0.766300
2020-08-31,6.6980865000,6.7873943200,6.6534325900,6.6534325900,1955500,20609185.0000,0.464900,-0.855500
2020-09-01,6.6661908500,6.6980865000,6.6342952000,6.6725699800,1461877,15253671.3000,0.347500,0.287600
2020-09-02,6.8192899700,6.8192899700,6.6661908500,6.7236030200,1872800,19732471.0000,0.445200,0.764800
2020-09-03,6.6980865000,6.7236030200,6.6470534600,6.6661908500,1574121,16504402.2600,0.374200,-0.853900
2020-09-04,6.6087786800,6.6853282400,6.5513665100,6.6853282400,2259100,23331736.0000,0.537100,0.287100
2020-09-07,6.6534325900,6.8001525800,6.6534325900,6.6980865000,2563600,27074064.0000,0.609400,0.190800
2020-09-08,6.7299821500,6.7682569300,6.6725699800,6.7491195400,1349432,14210168.3400,0.320800,0.761900
2020-09-09,6.7172238900,6.7937734500,6.6725699800,6.7491195400,1930221,20365662.8500,0.458900,0.000000
2020-09-10,6.7810151900,6.7810151900,6.5705039000,6.6087786800,2380013,24898456.7200,0.565800,-2.079400
2020-09-11,6.5960204200,6.6598117200,6.5067126000,6.6087786800,1747289,18037065.0500,0.415400,0.000000
2020-09-14,6.6661908500,6.7044656300,6.6023995500,6.6661908500,898300,9370322.7100,0.213600,0.868700
2020-09-15,6.7108447600,6.7554986700,6.6087786800,6.6853282400,1154880,12116592.6000,0.274600,0.287100
2020-09-16,6.6598117200,6.7172238900,6.6470534600,6.6725699800,845901,8858277.4500,0.201100,-0.190800
2020-09-17,6.6980865000,6.6980865000,6.6087786800,6.6151578100,973313,10123723.9400,0.231400,-0.860400
2020-09-18,6.6151578100,6.6725699800,6.5896412900,6.6534325900,2082293,21651087.2000,0.495000,0.578600
2020-09-21,6.6470534600,6.7618778000,6.6406743300,6.7618778000,2557972,26863499.1400,0.608100,1.629900
2020-09-22,6.6980865000,6.7491195400,6.6406743300,6.6725699800,1484536,15572484.3700,0.352900,-1.320800
2020-09-23,6.6534325900,6.7044656300,6.6406743300,6.6598117200,780401,8144423.4100,0.185500,-0.191200
2020-09-24,6.6470534600,6.6470534600,6.4811960800,6.4875752100,1992500,20439499.2000,0.473700,-2.586200
2020-09-25,6.5003334700,6.5130917300,6.3153387000,6.3344760900,1537820,15394747.8000,0.365600,-2.359900
2020-09-28,6.3344760900,6.3918882600,6.3217178300,6.3408552200,862041,8595722.2500,0.204900,0.100700
2020-09-29,6.3408552200,6.3791300000,6.3217178300,6.3727508700,912980,9088307.6000,0.217000,0.503000
2020-09-30,6.3472343500,6.3791300000,6.2706847900,6.3663717400,1781335,17680239.8300,0.423500,-0.100100
2020-10-09,6.4811960800,6.5768830300,6.4046465200,6.5513665100,2142474,21779705.4200,0.509300,2.905800
2020-10-12,6.5641247700,6.6917073700,6.5258499900,6.6853282400,1918968,19937727.0100,0.456200,2.044800
2020-10-13,6.6980865000,6.6980865000,6.6279160700,6.6534325900,1065921,11126506.9700,0.253400,-0.477100
2020-10-14,6.6725699800,6.6725699800,6.5577456400,6.5705039000,841600,8696673.0000,0.200100,-1.246400
2020-10-15,6.5449873800,6.6087786800,6.4875752100,6.5067126000,816200,8342474.0000,0.194000,-0.970900
2020-10-16,6.4939543400,6.5577456400,6.4811960800,6.5067126000,743243,7587252.0700,0.176700,0.000000
2020-10-19,6.5386082500,6.5513665100,6.4684378200,6.5130917300,1208697,12333962.8300,0.287300,0.098000
2020-10-20,6.5003334700,6.5449873800,6.4556795600,6.5322291200,714330,7291656.6400,0.169800,0.293800
2020-10-21,6.5258499900,6.5449873800,6.4748169500,6.5003334700,781016,7965082.8400,0.185700,-0.488300
2020-10-22,6.4811960800,6.5194708600,6.4110256500,6.4620586900,834750,8462035.5000,0.198400,-0.588800
2020-10-23,6.4620586900,6.7491195400,6.4620586900,6.6151578100,3394265,35438261.2600,0.806900,2.369200
2020-10-26,6.6215369400,6.6917073700,6.5705039000,6.6725699800,2175286,22698514.4800,0.517100,0.867900
2020-10-27,6.6215369400,6.6980865000,6.5641247700,6.6917073700,1927075,20051236.7500,0.458100,0.286800
2020-10-28,6.7108447600,6.7108447600,6.6087786800,6.6215369400,3043203,31742774.3800,0.723500,-1.048600
2020-10-29,6.5449873800,6.5960204200,6.5258499900,6.5449873800,1088396,11193846.0700,0.258700,-1.156100
2020-10-30,6.5513665100,6.5641247700,6.2579265300,6.3025804400,2336167,23450594.4800,0.555400,-3.703700
2020-11-02,6.2834430500,6.3344760900,6.2068934900,6.2770639200,1408830,13855375.2000,0.334900,-0.404900
2020-11-03,6.2770639200,6.4365421700,6.2515474000,6.4237839100,1039400,10390959.0000,0.247100,2.337400
2020-11-04,6.4237839100,6.4365421700,6.3217178300,6.3727508700,934547,9324346.7700,0.222200,-0.794400
2020-11-05,6.4110256500,6.4429213000,6.3536134800,6.4237839100,1724771,17281500.5500,0.410000,0.800800
2020-11-06,6.4174047800,6.4174047800,6.3408552200,6.3663717400,1379400,13774480.0000,0.327900,-0.893700
2020-11-09,6.3791300000,6.4365421700,6.3663717400,6.3982673900,1859600,18681199.2800,0.442100,0.501000
2020-11-10,6.4429213000,6.4684378200,6.3791300000,6.3918882600,1829901,18404461.1300,0.435000,-0.099700
2020-11-11,6.3982673900,6.3982673900,6.3153387000,6.3153387000,1526902,15181946.9200,0.363000,-1.197600
2020-11-12,6.3153387000,6.3408552200,6.2834430500,6.3408552200,1575650,15592342.0000,0.374600,0.404000
2020-11-13,6.3408552200,6.3408552200,6.2834430500,6.3089595700,957469,9467814.6500,0.227600,-0.503000
2020-11-16,6.3599926100,6.3982673900,6.3344760900,6.3536134800,1680669,16760916.5500,0.399500,0.707800
2020-11-17,6.3344760900,6.3791300000,6.3089595700,6.3599926100,896100,8918288.0000,0.213000,0.100400
2020-11-18,6.3536134800,6.3982673900,6.3408552200,6.3791300000,1169210,11691521.0000,0.278000,0.300900
2020-11-19,6.3918882600,6.4174047800,6.3663717400,6.3918882600,1031530,10331505.3000,0.245200,0.200000
2020-11-20,6.3727508700,6.4046465200,6.3663717400,6.4046465200,1077932,10790880.2800,0.256300,0.199600
2020-11-23,6.4046465200,6.4365421700,6.3663717400,6.4110256500,1633990,16376803.6000,0.388500,0.099600
2020-11-24,6.3982673900,6.4237839100,6.3855091300,6.3855091300,1134500,11389509.0000,0.269700,-0.398000
2020-11-25,6.3982673900,6.3982673900,6.3344760900,6.3663717400,1208800,12068914.0000,0.287400,-0.299700
2020-11-26,6.3344760900,6.3855091300,5.7412170000,6.3089595700,1089188,10789570.3200,0.258900,-0.901800
2020-11-27,6.3089595700,6.3280969600,6.1813769700,6.2387891400,1385772,13570014.7200,0.329400,-1.112200
2020-11-30,6.2387891400,6.2898221800,6.1877561000,6.1941352300,982500,9600467.0000,0.233600,-0.715700
2020-12-01,6.1749978400,6.2132726200,6.1494813200,6.2132726200,857200,8298354.0000,0.203800,0.309000
2020-12-02,6.2132726200,6.2196517500,6.1686187100,6.1813769700,622833,6041697.1000,0.148100,-0.513300
2020-12-03,6.1877561000,6.2898221800,6.1558604500,6.2643056600,1003103,9774013.9800,0.238500,1.341600
2020-12-04,6.2643056600,6.2643056600,6.1813769700,6.2132726200,569612,5541841.4000,0.135400,-0.814700
2020-12-07,6.2005143600,6.2579265300,6.1813769700,6.2196517500,1222929,11920766.8500,0.290700,0.102700
2020-12-08,6.2451682700,6.3344760900,6.2324100100,6.2962013100,1100124,10841645.7600,0.261500,1.230800
2020-12-09,6.2962013100,6.3153387000,6.1941352300,6.2005143600,800100,7847656.0000,0.190200,-1.519800
2020-12-10,6.1813769700,6.2132726200,6.1048274100,6.1877561000,948957,9173307.1900,0.225600,-0.205800
2020-12-11,6.1941352300,6.2068934900,5.9517282900,5.9836239400,1206429,11426062.9900,0.286800,-3.299000
2020-12-14,6.0155195900,6.0282778500,5.9262117700,5.9581074200,1471402,13755335.5600,0.349800,-0.426400
2020-12-15,5.9453491600,6.0346569800,5.9070743800,5.9772448100,912697,8541706.4400,0.217000,0.321200
2020-12-16,5.9900030700,6.0601735000,5.9708656800,6.0282778500,641960,6054164.7800,0.152600,0.853800
2020-12-17,6.0282778500,6.0920691500,5.9070743800,6.0537943700,904600,8508708.0000,0.215100,0.423300
2020-12-18,6.0346569800,6.0665526300,6.0027613300,6.0410361100,715501,6764967.4200,0.170100,-0.210700
2020-12-21,6.0410361100,6.0729317600,5.9836239400,6.0474152400,1025650,9698526.5000,0.243800,0.105600
2020-12-22,6.0282778500,6.0346569800,5.8113874300,5.8241456900,5126600,47582313.0000,1.218800,-3.692000
2020-12-23,5.7858709100,5.8496622100,5.6774257000,5.7220796100,2102201,18969127.0300,0.499800,-1.752500
2020-12-24,5.7667335200,5.7667335200,5.4860518000,5.5434639700,2345100,20536343.0000,0.557500,-3.121500
2020-12-25,5.5434639700,5.5498431000,5.3903648500,5.4350187600,3153251,26903947.9900,0.749600,-1.956300
2020-12-28,5.4222605000,5.4413978900,5.2946779000,5.3138152900,1392147,11659623.5100,0.331000,-2.230000
2020-12-29,5.3201944200,5.5498431000,5.3074361600,5.3265735500,1495347,12595127.4200,0.355500,0.240100
2020-12-30,5.3265735500,5.3967439800,5.3074361600,5.3584692000,1022100,8596777.0000,0.243000,0.598800
2020-12-31,5.3520900700,5.4222605000,5.3393318100,5.4095022400,747390,6322185.5700,0.177700,0.952400
2021-01-04,5.4222605000,5.4732935400,5.3712274600,5.4477770200,787702,6711333.0100,0.187300,0.707500
2021-01-05,5.4286396300,5.5370848400,5.3903648500,5.4095022400,886260,7547762.0000,0.210700,-0.702600
2021-01-06,5.3903648500,5.4031231100,5.3010570300,5.3201944200,1055316,8845699.2700,0.250900,-1.650900
2021-01-07,5.4158813700,5.4158813700,5.0395127000,5.0969248700,2106700,17045979.9000,0.500800,-4.196600
2021-01-08,5.1033040000,5.1926118200,4.9629631400,5.1607161700,1473864,11784208.3400,0.350400,1.251600
2021-01-11,5.1543370400,5.1607161700,4.9310674900,4.9629631400,1496940,11765081.8000,0.355900,-3.831900
2021-01-12,4.9629631400,5.0139961800,4.9246883600,4.9757214000,831313,6474619.1200,0.197600,0.257100
2021-01-13,4.9821005300,5.0076170500,4.8864135800,4.9055509700,1555477,12038602.6900,0.369800,-1.410300
2021-01-14,4.8991718400,5.0012379200,4.8481388000,4.9757214000,1506041,11596587.7400,0.358000,1.430400
2021-01-15,4.9757214000,5.0714083500,4.9310674900,5.0586500900,1148382,9060256.4600,0.273000,1.666700
2021-01-18,5.0586500900,5.0905457400,5.0076170500,5.0395127000,1055900,8351402.0000,0.251000,-0.378300
2021-01-19,5.0139961800,5.2117492100,5.0139961800,5.1798535600,1538500,12367276.0000,0.365800,2.784800
2021-01-20,5.1224413900,5.2308866000,5.1224413900,5.1926118200,772800,6280252.9800,0.183700,0.246300
2021-01-21,5.2181283400,5.2181283400,5.1479579100,5.1798535600,947259,7690282.7800,0.225200,-0.245700
2021-01-22,5.2117492100,5.2181283400,5.1033040000,5.1989909500,1340150,10833923.5000,0.318600,0.369500
2021-01-25,5.1989909500,5.1989909500,5.0395127000,5.0905457400,1385000,11079873.0000,0.329300,-2.085900
2021-01-26,5.0650292200,5.0905457400,5.0076170500,5.0905457400,834500,6586674.0000,0.198400,0.000000
2021-01-27,5.0458918300,5.1033040000,4.9884796600,5.0522709600,671503,5306782.7400,0.159600,-0.751900
2021-01-28,5.0076170500,5.0650292200,5.0012379200,5.0458918300,633261,4996144.9000,0.150500,-0.126300
2021-01-29,5.0586500900,5.0586500900,4.8991718400,4.9438257500,994816,7724915.0400,0.236500,-2.022800
2021-02-01,4.9629631400,5.0203753100,4.9183092300,5.0012379200,886550,6904771.3800,0.210800,1.161300
2021-02-02,4.9757214000,5.1351996500,4.9502048800,5.1288205200,1182381,9389607.0400,0.281100,2.551000
2021-02-03,5.1224413900,5.1288205200,5.0076170500,5.0777874800,1024150,8109435.4900,0.243500,-0.995000
2021-02-04,5.0139961800,5.0714083500,4.8800344500,4.9183092300,1111310,8605047.2300,0.264200,-3.140700
2021-02-05,4.9502048800,4.9757214000,4.8736553200,4.8991718400,460400,3552948.0000,0.109500,-0.389100
2021-02-08,4.8991718400,4.9119301000,4.8481388000,4.8991718400,972834,7433152.7800,0.231300,0.000000
2021-02-09,4.9119301000,4.9948587900,4.8481388000,4.9119301000,1412150,10824514.6700,0.335700,0.260400
2021-02-10,4.9055509700,5.0267544400,4.8864135800,5.0267544400,1148866,8929328.6200,0.273100,2.337700
2021-02-18,5.0139961800,5.1160622600,5.0139961800,5.0905457400,1432215,11390813.4500,0.340500,1.269000
2021-02-19,5.0969248700,5.2436448600,5.0777874800,5.2436448600,1984653,16094113.8100,0.471800,3.007500
2021-02-22,5.2691613800,5.4350187600,5.2500239900,5.3839857200,2022050,16918922.7000,0.480700,2.676400
2021-02-23,5.3776065900,5.3967439800,5.2755405100,5.3329526800,1161998,9693970.7800,0.276200,-0.947900
2021-02-24,5.3329526800,5.3776065900,5.2882987700,5.3712274600,909600,7609425.0000,0.216200,0.717700
2021-02-25,5.3520900700,5.4095022400,5.3074361600,5.3584692000,1096600,9215203.0000,0.260700,-0.237500
2021-02-26,5.3329526800,5.3584692000,5.2564031200,5.2755405100,664800,5517835.0000,0.158000,-1.547600
2021-03-01,5.2755405100,5.3457109400,5.2755405100,5.3265735500,568200,4719207.0000,0.135100,0.967400
2021-03-02,5.3329526800,5.3329526800,5.2372657300,5.2564031200,778031,6433823.1700,0.185000,-1.317400
2021-03-03,5.2564031200,5.3138152900,5.2245074700,5.2500239900,667400,5497118.0000,0.158700,-0.121400
2021-03-04,5.2500239900,5.3074361600,5.2308866000,5.2691613800,1539711,12706151.9700,0.366000,0.364500
2021-03-05,5.2564031200,5.4732935400,5.2308866000,5.4605352800,2776439,23493470.1700,0.660000,3.632000
2021-03-08,5.4669144100,5.5051891900,5.3776065900,5.4095022400,1595500,13555435.9700,0.379300,-0.934600
2021-03-09,5.3967439800,5.4095022400,5.2308866000,5.2755405100,1631106,13590989.7000,0.387800,-2.476400
2021-03-10,5.2946779000,5.3393318100,5.2053700800,5.2372657300,752500,6180950.8300,0.178900,-0.725500
2021-03-11,5.2181283400,5.2946779000,5.1926118200,5.2882987700,739040,6081540.8100,0.175700,0.974400
2021-03-12,5.3138152900,5.3648483300,5.2308866000,5.3584692000,1058587,8791606.4000,0.251700,1.326900
2021-03-15,5.3520900700,5.4286396300,5.3329526800,5.3776065900,818587,6903122.0200,0.194600,0.357100
2021-03-16,5.3776065900,5.4158813700,5.2946779000,5.3074361600,2001497,16701664.0700,0.475800,-1.304900
2021-03-17,5.3074361600,5.3648483300,5.2819196400,5.3265735500,1010312,8426057.1700,0.240200,0.360600
2021-03-18,5.3457109400,5.3584692000,5.2946779000,5.3393318100,1284151,10714053.6800,0.305300,0.239500
2021-03-19,5.3201944200,5.3776065900,5.3010570300,5.3648483300,1675367,14062856.7600,0.398300,0.477900
2021-03-22,5.3648483300,5.4286396300,5.3393318100,5.4286396300,1772173,14981441.3400,0.421300,1.189100
2021-03-23,5.4286396300,5.4413978900,5.3201944200,5.3776065900,1144250,9622223.5000,0.272000,-0.940100
2021-03-24,5.3903648500,5.4158813700,5.3393318100,5.3967439800,972208,8212293.8300,0.231100,0.355900
2021-03-25,5.3648483300,5.3712274600,5.2755405100,5.3265735500,2061610,17153642.8200,0.490100,-1.300200
2021-03-26,5.2946779000,5.3648483300,5.2946779000,5.3648483300,1130288,9434932.5600,0.268700,0.718600
2021-03-29,5.3584692000,5.3776065900,5.3329526800,5.3776065900,1302891,10932398.6600,0.309700,0.237800
2021-03-30,5.3903648500,5.3903648500,5.3265735500,5.3584692000,1397211,11702283.2300,0.332200,-0.355900
2021-03-31,5.3839857200,5.4095022400,5.3201944200,5.4095022400,896300,7537410.0000,0.213100,0.952400
2021-04-01,5.3967439800,5.4222605000,5.3520900700,5.4158813700,1038960,8792344.7000,0.247000,0.117900
2021-04-02,5.3903648500,5.4477770200,5.3839857200,5.4286396300,699951,5937661.5000,0.166400,0.235600
2021-04-06,5.4222605000,5.4669144100,5.3776065900,5.4222605000,1084225,9197586.3700,0.257800,-0.117500
2021-04-07,5.3584692000,5.4350187600,5.3584692000,5.4095022400,723302,6130800.0000,0.172000,-0.235300
2021-04-08,5.4286396300,5.5944970100,5.3839857200,5.4988100600,2470203,21322681.9200,0.587200,1.650900
2021-04-09,5.4860518000,5.5498431000,5.4477770200,5.5243265800,1191400,10272295.0000,0.283200,0.464000
2021-04-12,5.5498431000,5.5498431000,5.4732935400,5.4988100600,819400,7066673.0000,0.194800,-0.461900
2021-04-13,5.4860518000,5.5498431000,5.4732935400,5.4924309300,1111313,9600639.9300,0.264200,-0.116000
2021-04-14,5.4669144100,5.5307057100,5.3903648500,5.4988100600,1108100,9530016.0000,0.263400,0.116100
2021-04-15,5.4924309300,5.6008761400,5.4541561500,5.5944970100,2021018,17552281.9600,0.480500,1.740100
2021-04-16,5.5817387500,6.0920691500,5.5498431000,5.8241456900,5876252,53776115.8900,1.397000,4.104900
2021-04-19,5.8050083000,5.8815578600,5.7157004800,5.7731126500,2541506,22917557.0800,0.604200,-0.876200
2021-04-20,5.7667335200,5.8369039500,5.6901839600,5.7603543900,2352329,21214402.0400,0.559200,-0.221000
2021-04-21,5.7412170000,5.7412170000,5.5498431000,5.6072552700,4274210,37624156.9600,1.016100,-2.657800
2021-04-22,5.5689804900,5.6391509200,5.5370848400,5.5689804900,1900668,16617239.7200,0.451800,-0.682600
2021-04-23,5.5434639700,5.5562222300,5.3584692000,5.3839857200,2341600,19911640.0000,0.556700,-3.321900
2021-04-26,5.3839857200,5.3903648500,5.2819196400,5.2946779000,1555200,13009023.0000,0.369700,-1.658800
2021-04-27,5.2946779000,5.2946779000,5.1926118200,5.2308866000,1280357,10484659.6400,0.304400,-1.204800
2021-04-28,5.2308866000,5.3138152900,5.2117492100,5.2946779000,1527397,12607527.9400,0.363100,1.219500
2021-04-29,5.2181283400,5.2691613800,5.2053700800,5.2245074700,951852,7811270.7400,0.226300,-1.325300
2021-04-30,5.1989909500,5.2946779000,5.1224413900,5.1351996500,1167262,9467011.4500,0.277500,-1.709400
2021-05-06,5.1160622600,5.1351996500,5.0331335700,5.0331335700,1513406,12011851.8400,0.359800,-1.987600
2021-05-07,5.0395127000,5.1351996500,5.0076170500,5.1351996500,1100834,8736339.2700,0.261700,2.027900
2021-05-10,5.1351996500,5.1543370400,5.0586500900,5.0650292200,820157,6551672.1600,0.195000,-1.366500
2021-05-11,5.0522709600,5.1224413900,5.0139961800,5.0969248700,1025555,8145674.1900,0.243800,0.629700
2021-05-12,5.1415787800,5.2819196400,5.0969248700,5.2245074700,2057701,16817686.2100,0.489200,2.503100
2021-05-13,5.2819196400,5.2882987700,5.1798535600,5.2500239900,945947,7758870.6300,0.224900,0.488400
2021-05-14,5.2500239900,5.2691613800,5.2053700800,5.2436448600,960248,7864419.6400,0.228300,-0.121500
2021-05-17,5.2117492100,5.2245074700,5.1288205200,5.1670953000,983900,7972590.0000,0.233900,-1.459900
2021-05-18,5.1288205200,5.1926118200,5.1288205200,5.1607161700,535002,4325300.4800,0.127200,-0.123500
2021-05-19,5.1288205200,5.1543370400,5.0714083500,5.1415787800,1122814,9000051.7000,0.266900,-0.370800
2021-05-20,5.1224413900,5.1479579100,5.0395127000,5.0905457400,2236140,17778322.2200,0.531600,-0.992600
2021-05-21,5.0586500900,5.1862326900,5.0586500900,5.1543370400,1094388,8842262.1600,0.260200,1.253100
2021-05-24,5.1607161700,5.2308866000,5.1351996500,5.2245074700,1094923,8914287.5700,0.260300,1.361400
2021-05-25,5.1989909500,5.2691613800,5.1670953000,5.2436448600,804200,6581887.0000,0.191200,0.366300
2021-05-26,5.2436448600,5.2564031200,5.2053700800,5.2372657300,836300,6858460.0000,0.198800,-0.121700
2021-05-27,5.2500239900,5.2564031200,5.2117492100,5.2500239900,391100,3208734.0400,0.093000,0.243600
2021-05-28,5.2308866000,5.2500239900,5.1862326900,5.2372657300,562000,4596717.0000,0.133600,-0.243000
2021-05-31,5.2308866000,5.3520900700,5.2181283400,5.3010570300,1162132,9643041.3600,0.276300,1.218000
2021-06-01,5.2946779000,5.3201944200,5.2627822500,5.3074361600,673190,5584857.1000,0.160000,0.120300
2021-06-02,5.2819196400,5.3074361600,5.2500239900,5.2819196400,459012,3796473.2500,0.109100,-0.480800
2021-06-03,5.3520900700,5.5243265800,5.2691613800,5.4605352800,3847989,32811978.3600,0.914800,3.381600
2021-06-04,5.4031231100,5.4222605000,5.2946779000,5.3393318100,2430652,20406303.1600,0.577800,-2.219600
2021-06-07,5.3010570300,5.3712274600,5.2436448600,5.2564031200,1484331,12279678.8300,0.352900,-1.553200
2021-06-08,5.2691613800,5.3903648500,5.2691613800,5.3393318100,1572030,13141844.9000,0.373700,1.577700
2021-06-09,5.3329526800,5.3520900700,5.2819196400,5.3138152900,908000,7559571.0000,0.215900,-0.477900
2021-06-10,5.3010570300,5.3903648500,5.2819196400,5.3584692000,1115470,9325533.4200,0.265200,0.840300
2021-06-11,5.3584692000,5.3839857200,5.3201944200,5.3329526800,1002101,8411105.9200,0.238200,-0.476200
2021-06-15,5.3329526800,5.3329526800,5.2308866000,5.2372657300,931093,7662576.4500,0.221400,-1.794300
2021-06-16,5.2053700800,5.2436448600,5.1224413900,5.2181283400,1363246,11044424.8900,0.324100,-0.365400
2021-06-17,5.2691613800,5.4732935400,5.2053700800,5.2436448600,1234451,10225768.9100,0.293500,0.489000
2021-06-18,5.1926118200,5.2627822500,5.1734744300,5.2564031200,761793,6224238.5900,0.181100,0.243300
2021-06-21,5.2372657300,5.2372657300,5.1798535600,5.1862326900,550644,4487653.2800,0.130900,-1.335000
2021-06-22,5.1862326900,5.2308866000,5.1734744300,5.2308866000,603273,4920633.0300,0.143400,0.861000
2021-06-23,5.2372657300,5.2500239900,5.1670953000,5.1926118200,842500,6865768.5000,0.200300,-0.731700
2021-06-24,5.1862326900,5.2436448600,5.1734744300,5.2117492100,971500,7931091.0000,0.231000,0.368600
2021-06-25,5.1989909500,5.2245074700,5.1734744300,5.1926118200,846600,6884831.0000,0.201300,-0.367200
2021-06-28,5.1734744300,5.1862326900,5.1224413900,5.1288205200,1191400,9606594.0000,0.283200,-1.228500
2021-06-29,5.1677240900,5.1742080600,5.1158523300,5.1223363000,516399,4098282.1700,0.122800,-0.126400
2021-06-30,5.1223363000,5.1547561500,5.1158523300,5.1482721800,508100,4020903.0000,0.120800,0.506300
2021-07-01,5.1288202700,5.1612401200,5.1288202700,5.1482721800,384937,3057151.9100,0.091500,0.000000
2021-07-02,5.1353042400,5.1742080600,4.9926569000,5.0510126300,2628800,20417820.0000,0.624900,-1.889200
2021-07-05,5.0445286600,5.0899164500,5.0315607200,5.0834324800,717750,5594119.5000,0.170600,0.641800
2021-07-06,5.0834324800,5.1028843900,5.0315607200,5.0899164500,993200,7751284.0000,0.236100,0.127600
2021-07-07,5.0574966000,5.1093683600,5.0315607200,5.0639805700,771902,6020645.5000,0.183500,-0.509600
2021-07-08,5.0769485100,5.1612401200,5.0574966000,5.1093683600,2034682,15958651.8600,0.483700,0.896300
2021-07-09,5.1158523300,5.2584996700,5.1028843900,5.2390477600,1712501,13770502.0600,0.407100,2.538100
2021-07-12,5.2390477600,5.2649836400,5.1353042400,5.2066279100,1970010,15731753.3000,0.468300,-0.618800
2021-07-13,5.2909195200,5.5308264100,5.2909195200,5.3622431900,3471888,28879316.7000,0.825400,2.988800
2021-07-14,5.3168554000,5.4076309800,5.2779515800,5.3038874600,1720289,14109356.4100,0.409000,-1.088300
2021-07-15,5.2779515800,5.2909195200,5.2131118800,5.2584996700,907800,7339615.0000,0.215800,-0.855700
2021-07-16,5.3492752500,5.3816951000,5.2520157000,5.2974034900,1723502,14098237.5500,0.409700,0.739800
2021-07-19,5.2584996700,5.3233393700,5.2520157000,5.3038874600,1486013,12098238.8900,0.353300,0.122400
2021-07-20,5.2714676100,5.3233393700,5.2584996700,5.3168554000,1058100,8626201.0000,0.251500,0.244500
2021-07-21,5.3168554000,5.4854386200,5.2909195200,5.3946630400,1639500,13658595.3700,0.389800,1.463400
2021-07-22,5.4789546500,5.4919225900,5.3946630400,5.4465348000,2272765,19106152.6800,0.540300,0.961500
2021-07-23,5.4076309800,5.4530187700,5.4011470100,5.4335668600,809117,6760417.6100,0.192400,-0.238100
2021-07-26,5.4530187700,5.4530187700,5.2520157000,5.3298233400,1247168,10273543.9200,0.296500,-1.909300
2021-07-27,5.3168554000,5.3622431900,5.2131118800,5.2455317300,1035299,8462233.9400,0.246100,-1.581500
2021-07-28,5.2455317300,5.2520157000,5.1547561500,5.1871760000,1071508,8604615.0000,0.254700,-1.112500
2021-07-29,5.1806920300,5.2260798200,5.1028843900,5.1288202700,1184400,9422438.0000,0.281600,-1.125000
2021-07-30,5.0899164500,5.1417882100,5.0639805700,5.1158523300,696971,5476392.0100,0.165700,-0.252800
2021-08-02,5.1547561500,5.3168554000,5.0964004200,5.3103714300,1435577,11559509.6800,0.341300,3.802300
2021-08-03,5.3038874600,5.3557592200,5.2649836400,5.2779515800,1304998,10695225.7000,0.310200,-0.610500
2021-08-04,5.3752111300,5.4854386200,5.3103714300,5.3233393700,2068987,17162093.4400,0.491900,0.860000
2021-08-05,5.2649836400,5.3168554000,5.2325637900,5.2649836400,1377095,11156771.9900,0.327400,-1.096200
2021-08-06,5.2001439400,5.2390477600,5.1547561500,5.1871760000,1212542,9714881.0000,0.288300,-1.477800
2021-08-09,5.1871760000,5.4076309800,5.1806920300,5.3946630400,2706240,22302357.0000,0.643400,4.000000
2021-08-10,5.3946630400,5.4205989200,5.3427912800,5.4011470100,1385000,11520014.0000,0.329300,0.120200
2021-08-11,5.4335668600,5.5437943500,5.4011470100,5.4400508300,2311843,19503599.7700,0.549600,0.720300
2021-08-12,5.5113745000,5.5113745000,5.4011470100,5.4595027400,1476961,12399937.8400,0.351100,0.357600
2021-08-13,5.4854386200,5.4854386200,5.3816951000,5.4141149500,855164,7142554.0400,0.203300,-0.831400
2021-08-16,5.4076309800,5.4595027400,5.3881790700,5.4530187700,992924,8314809.0300,0.236000,0.718600
2021-08-17,5.4465348000,5.4659867100,5.3233393700,5.3298233400,1128174,9386090.7600,0.268200,-2.259200
2021-08-18,5.3233393700,5.4400508300,5.3038874600,5.4400508300,1100600,9138592.4100,0.261600,2.068100
2021-08-19,5.4335668600,5.5113745000,5.4076309800,5.4530187700,1402578,11804611.1100,0.333400,0.238400
2021-08-20,5.4076309800,5.4595027400,5.3622431900,5.3946630400,1317200,10959726.2200,0.313100,-1.070200
2021-08-23,5.3816951000,5.5437943500,5.3816951000,5.4984065600,1460994,12361997.7200,0.347300,1.923100
2021-08-24,5.5048905300,5.5632462600,5.4595027400,5.5567622900,1542200,13113900.0000,0.366600,1.061300
2021-08-25,5.5567622900,5.6021500800,5.4789546500,5.5567622900,1221201,10419250.5300,0.290300,0.000000
2021-08-26,5.5502783200,5.6021500800,5.5178584700,5.5632462600,1481057,12713803.6400,0.352100,0.116700
2021-08-27,5.5437943500,5.5891821400,5.4659867100,5.5502783200,1764150,15011140.0000,0.419400,-0.233100
2021-08-30,5.5373103800,5.5437943500,5.4724706800,5.4789546500,1341291,11370365.2900,0.318900,-1.285000
2021-08-31,5.4789546500,5.5762142000,5.4724706800,5.5567622900,1265072,10809654.1600,0.300700,1.420100
2021-09-01,5.5567622900,5.6280859600,5.4854386200,5.6216019900,2478281,21248822.5500,0.589200,1.166900
2021-09-02,5.6280859600,5.6410539000,5.5243424400,5.5437943500,1915173,16408621.6900,0.455300,-1.384100
2021-09-03,5.5632462600,5.6151180200,5.5502783200,5.5762142000,1452268,12490253.5500,0.345300,0.584800
2021-09-06,5.5826981700,5.6669897800,5.5762142000,5.6280859600,1320851,11464040.2300,0.314000,0.930200
2021-09-07,5.6021500800,5.6410539000,5.5891821400,5.6280859600,1307900,11329725.0000,0.310900,0.000000
2021-09-08,5.6151180200,5.7253455100,5.6086340500,5.7123775700,2248500,19711625.0000,0.534500,1.497700
2021-09-09,5.6799577200,5.8031531500,5.6799577200,5.7966691800,2457809,21833697.9000,0.584300,1.475600
2021-09-10,5.8031531500,5.9328325500,5.6929256600,5.7447974200,3003294,26838810.9800,0.714000,-0.894900
2021-09-13,5.7383134500,5.7577653600,5.6669897800,5.7577653600,1717482,15137135.5000,0.408300,0.225700
2021-09-14,5.7318294800,5.7837012400,5.6216019900,5.6605058100,1895300,16631349.5400,0.450600,-1.689200
2021-09-15,5.6280859600,5.7058936000,5.6151180200,5.6734737500,1261200,11032174.0000,0.299800,0.229100
2021-09-16,5.6734737500,5.8679928500,5.6669897800,5.6799577200,2248620,19935170.0000,0.534600,0.114300
2021-09-17,5.6410539000,5.7318294800,5.6410539000,5.6799577200,1254294,10985125.3700,0.298200,0.000000
2021-09-22,5.6669897800,5.7707333000,5.6086340500,5.7512813900,1613951,14230205.3000,0.383700,1.255700
2021-09-23,5.7642493300,5.8031531500,5.7318294800,5.7901852100,1500886,13356774.5900,0.356800,0.676400
2021-09-24,5.7901852100,5.8226050600,5.6994096300,5.7318294800,1217167,10811107.3100,0.289400,-1.007800
2021-09-27,5.7188615400,5.7642493300,5.4205989200,5.4335668600,2376800,20252043.6600,0.565000,-5.203600
2021-09-28,5.4595027400,5.5308264100,5.4205989200,5.4984065600,1405662,11885694.1600,0.334200,1.193300
2021-09-29,5.4919225900,5.5178584700,5.3427912800,5.3622431900,1837061,15315794.4700,0.436700,-2.476400
2021-09-30,5.3622431900,5.4530187700,5.3622431900,5.4465348000,952439,7963711.1700,0.226400,1.571900
2021-10-08,5.5113745000,5.5891821400,5.4789546500,5.5762142000,1650055,14129774.3800,0.392300,2.381000
2021-10-11,5.5762142000,5.6086340500,5.5178584700,5.5437943500,1119964,9579952.4800,0.266300,-0.581400
2021-10-12,5.5243424400,5.5243424400,5.3816951000,5.4595027400,1003100,8439556.0000,0.238500,-1.520500
2021-10-13,5.4335668600,5.4854386200,5.3816951000,5.4141149500,859450,7186784.0000,0.204300,-0.831400
2021-10-14,5.4205989200,5.5308264100,5.3946630400,5.4724706800,1027800,8665258.0000,0.244300,1.077800
2021-10-15,5.6086340500,5.6086340500,5.3946630400,5.4205989200,1349800,11386328.2000,0.320900,-0.947900
2021-10-18,5.4400508300,5.5178584700,5.3752111300,5.4984065600,1259540,10606672.0000,0.299400,1.435400
2021-10-19,5.4984065600,5.5308264100,5.4789546500,5.4919225900,1189280,10092220.6000,0.282700,-0.117900
2021-10-20,5.5178584700,5.5178584700,5.4335668600,5.4465348000,1192050,10045124.5000,0.283400,-0.826400
2021-10-21,5.4724706800,5.4854386200,5.4270828900,5.4400508300,941208,7916033.4000,0.223800,-0.119000
2021-10-22,5.4400508300,5.4659867100,5.3427912800,5.3427912800,1160400,9650368.0000,0.275900,-1.787800
2021-10-25,5.3427912800,5.4335668600,5.3168554000,5.3946630400,1118660,9289358.6000,0.265900,0.970900
2021-10-26,5.3752111300,5.3946630400,5.3298233400,5.3298233400,933200,7721953.0000,0.221900,-1.201900
2021-10-27,5.3233393700,5.3298233400,5.0574966000,5.1028843900,3488565,27832338.5000,0.829300,-4.257900
2021-10-28,5.1158523300,5.1353042400,4.9861729300,5.0121088100,4008056,31218928.1300,0.952800,-1.778900
2021-10-29,5.0445286600,5.2260798200,4.9602370500,5.1871760000,1967962,15551372.7000,0.467800,3.492900
2021-11-01,5.2131118800,5.2520157000,5.1288202700,5.2001439400,1224700,9815923.0000,0.291100,0.250000
2021-11-02,5.2455317300,5.2455317300,5.0769485100,5.0964004200,1026400,8162368.0000,0.244000,-1.995000
2021-11-03,5.0834324800,5.1742080600,5.0250767500,5.1028843900,1677202,13102555.5800,0.398700,0.127200
2021-11-04,5.0769485100,5.1353042400,5.0639805700,5.1223363000,1061280,8360799.2000,0.252300,0.381200
2021-11-05,5.1158523300,5.1612401200,5.0769485100,5.1223363000,894639,7065066.7100,0.212700,0.000000
2021-11-08,5.1093683600,5.2195958500,5.0899164500,5.1612401200,1418152,11283422.3700,0.337100,0.759500
2021-11-09,5.1353042400,5.2260798200,5.1353042400,5.1936599700,737052,5906488.9600,0.175200,0.628100
2021-11-10,5.2001439400,5.2066279100,5.1028843900,5.1417882100,1120900,8877125.0000,0.266500,-0.998800
2021-11-11,5.1417882100,5.2001439400,5.1158523300,5.1742080600,847903,6758404.0000,0.201600,0.630500
2021-11-12,5.1806920300,5.1936599700,5.1288202700,5.1677240900,808039,6435984.0500,0.192100,-0.125300
2021-11-15,5.1871760000,5.2260798200,5.1547561500,5.1871760000,1461028,11689975.7200,0.347300,0.376400
2021-11-16,5.1936599700,5.2066279100,5.1871760000,5.2001439400,1345709,10793302.5900,0.319900,0.250000
2021-11-17,5.1871760000,5.2001439400,5.1612401200,5.1806920300,2085350,16648494.0000,0.495800,-0.374100
2021-11-18,5.1677240900,5.1936599700,5.1223363000,5.1482721800,1320127,10507522.9600,0.313800,-0.625800
2021-11-19,5.1482721800,5.1742080600,5.1093683600,5.1547561500,846400,6700996.3200,0.201200,0.125900
2021-11-22,5.1612401200,5.1677240900,5.1093683600,5.1482721800,584530,4635653.7000,0.139000,-0.125800
2021-11-23,5.1547561500,5.1612401200,5.1093683600,5.1223363000,748401,5919502.9200,0.177900,-0.503800
2021-11-24,5.1353042400,5.2001439400,5.1223363000,5.1871760000,1966248,15685691.5900,0.467400,1.265800
2021-11-25,5.1936599700,5.2260798200,5.1677240900,5.1806920300,966451,7728665.4700,0.229800,-0.125000
2021-11-26,5.1547561500,5.2066279100,5.1417882100,5.1871760000,1216625,9705319.5200,0.289200,0.125200
2021-11-29,5.1288202700,5.1806920300,5.0964004200,5.1806920300,954650,7576069.0000,0.227000,-0.125000
2021-11-30,5.1806920300,5.3687271600,5.1547561500,5.3233393700,4610116,37615618.4200,1.096000,2.753400
2021-12-01,5.3492752500,5.3622431900,5.2909195200,5.3557592200,1710950,14070813.2000,0.406700,0.609000
2021-12-02,5.3816951000,5.3816951000,5.3038874600,5.3298233400,1052457,8654328.9700,0.250200,-0.484300
2021-12-03,5.3233393700,5.3622431900,5.3038874600,5.3557592200,993600,8186394.0000,0.236200,0.486600
2021-12-06,5.3427912800,5.3557592200,5.2714676100,5.2974034900,704201,5769089.2300,0.167400,-1.089600
2021-12-07,5.3168554000,5.3363073100,5.2714676100,5.3363073100,515300,4220632.5000,0.122500,0.734400
2021-12-08,5.3427912800,5.3492752500,5.2325637900,5.2584996700,1641900,13330900.0000,0.390300,-1.458100
2021-12-09,5.2455317300,5.3038874600,5.2195958500,5.2584996700,2078186,16819218.5800,0.494100,0.000000
2021-12-10,5.2455317300,5.2909195200,5.2260798200,5.2649836400,992550,8049274.5000,0.236000,0.123300
2021-12-13,5.2584996700,5.2844355500,5.2195958500,5.2520157000,2375700,19203490.0000,0.564800,-0.246300
2021-12-14,5.2390477600,5.2779515800,5.2131118800,5.2714676100,1567501,12696095.0600,0.372600,0.370400
2021-12-15,5.2779515800,5.3038874600,5.2714676100,5.3038874600,1401246,11431325.9000,0.333100,0.615000
2021-12-16,5.2974034900,5.3298233400,5.2779515800,5.3038874600,1245150,10191494.5000,0.296000,0.000000
2021-12-17,5.3103714300,5.3881790700,5.2909195200,5.3557592200,1702101,14052917.2200,0.404600,0.978000
2021-12-20,5.3492752500,5.4854386200,5.3298233400,5.4205989200,2927950,24477507.0000,0.696100,1.210700
2021-12-21,5.4205989200,5.5632462600,5.4011470100,5.5632462600,2434200,20653249.0000,0.578700,2.631600
2021-12-22,5.5567622900,5.6280859600,5.4984065600,5.5113745000,2431402,20792328.0000,0.578000,-0.932400
2021-12-23,5.5113745000,5.5373103800,5.4400508300,5.4919225900,1507150,12719633.5000,0.358300,-0.352900
2021-12-24,5.5113745000,5.5113745000,5.3946630400,5.4400508300,1330401,11167886.3700,0.316300,-0.944500
2021-12-27,5.4400508300,5.4919225900,5.4076309800,5.4854386200,1022018,8600924.4000,0.243000,0.834300
2021-12-28,5.4984065600,5.5048905300,5.4011470100,5.4400508300,1224157,10288207.5100,0.291000,-0.827400
2021-12-29,5.4270828900,5.5113745000,5.4011470100,5.4854386200,1300336,10954886.2000,0.309100,0.834300
2021-12-30,5.5113745000,5.9198646100,5.4530187700,5.8161210900,12611207,111838939.2600,2.998100,6.028400
2021-12-31,5.8550249100,6.2570310500,5.6151180200,6.1273516500,20093883,184606064.9100,4.777000,5.351200
2022-01-04,6.0495440100,6.2051592900,5.8355730000,6.1014157700,13554956,125581050.2700,3.222400,-0.423300
2022-01-05,6.0495440100,6.0625119500,5.8485409400,5.9133806400,7319196,67158751.1200,1.740000,-3.081800
2022-01-06,5.9458004900,5.9976722500,5.8550249100,5.9782203400,5121745,46857280.0300,1.217600,1.096500
2022-01-07,5.9652524000,5.9717363700,5.6734737500,5.7058936000,8509425,76405229.5000,2.023000,-4.555300
2022-01-10,5.7253455100,5.9393165200,5.7058936000,5.8420569700,4923484,44363702.4200,1.170500,2.386400
2022-01-11,5.8485409400,5.9068966700,5.8031531500,5.8161210900,2663527,24033098.0000,0.633200,-0.444000
2022-01-12,5.8420569700,5.9133806400,5.7772172700,5.8485409400,2689944,24218655.0200,0.639500,0.557400
2022-01-13,5.8485409400,5.9004127000,5.7512813900,5.7772172700,3556276,31966564.1600,0.845400,-1.219500
2022-01-14,5.7642493300,5.8226050600,5.6929256600,5.7123775700,2798600,24795451.0000,0.665300,-1.122300
2022-01-17,5.6410539000,5.7966691800,5.6410539000,5.7447974200,2346802,20771724.6600,0.557900,0.567500
2022-01-18,5.7707333000,5.8161210900,5.6086340500,5.6345699300,3275300,28672654.0000,0.778600,-1.918700
2022-01-19,5.6280859600,5.7837012400,5.6151180200,5.7512813900,2443928,21589226.6800,0.581000,2.071300
2022-01-20,5.7383134500,5.8161210900,5.5762142000,5.6216019900,2436200,21300505.0000,0.579200,-2.254800
2022-01-21,5.6086340500,5.6799577200,5.5308264100,5.5697302300,1796400,15497414.3000,0.427100,-0.922700
2022-01-24,5.5178584700,5.6734737500,5.4984065600,5.5956661100,1780600,15360296.0000,0.423300,0.465700
2022-01-25,5.5956661100,5.6280859600,5.3816951000,5.3881790700,2847800,24047973.7000,0.677000,-3.708000
2022-01-26,5.3946630400,5.5048905300,5.3298233400,5.4141149500,1583300,13204862.0000,0.376400,0.481300
2022-01-27,5.4141149500,5.4141149500,5.2195958500,5.2260798200,1926800,15730715.6500,0.458100,-3.473100
2022-01-28,5.2390477600,5.4011470100,5.2195958500,5.3363073100,1985285,16312592.0000,0.472000,2.109200
2022-02-07,5.3816951000,5.3946630400,5.3103714300,5.3816951000,1285300,10624562.0000,0.305600,0.850500
2022-02-08,5.3622431900,5.5243424400,5.3622431900,5.4984065600,2033377,17166246.2000,0.483400,2.168700
2022-02-09,5.4984065600,5.6605058100,5.4984065600,5.6410539000,2903068,25046954.5300,0.690200,2.594300
2022-02-10,5.6345699300,5.7058936000,5.6086340500,5.6799577200,2028911,17707697.3400,0.482300,0.689700
2022-02-11,5.6280859600,5.6864416900,5.5762142000,5.6216019900,1736033,15064575.9800,0.412700,-1.027400
2022-02-14,5.6151180200,5.7707333000,5.5697302300,5.7188615400,2506849,22042016.5200,0.596000,1.730100
2022-02-15,5.6929256600,5.7123775700,5.5373103800,5.6021500800,1757515,15192076.1200,0.417800,-2.040800
2022-02-16,5.5956661100,5.7577653600,5.5956661100,5.6734737500,1656241,14483774.8200,0.393700,1.273100
2022-02-17,5.6929256600,5.6929256600,5.5956661100,5.6216019900,1247243,10814344.9500,0.296500,-0.914300
2022-02-18,5.6021500800,5.7512813900,5.5632462600,5.7318294800,1761861,15429403.4400,0.418900,1.960800
2022-02-21,5.6994096300,5.8485409400,5.6929256600,5.8161210900,2840578,25315497.7400,0.675300,1.470600
2022-02-22,5.8161210900,5.8355730000,5.6799577200,5.7188615400,1739600,15394523.9500,0.413600,-1.672200
2022-02-23,5.7253455100,5.7966691800,5.6734737500,5.6799577200,1564400,13779388.0000,0.371900,-0.680300
2022-02-24,5.7058936000,5.7188615400,5.4984065600,5.5437943500,2758500,23852544.6900,0.655800,-2.397300
2022-02-25,5.5762142000,5.6799577200,5.5567622900,5.5826981700,2829180,24475559.0000,0.672600,0.701800
2022-02-28,5.5891821400,5.6151180200,5.4659867100,5.5632462600,1523650,13008045.0000,0.362200,-0.348400
2022-03-01,5.5956661100,5.6216019900,5.5437943500,5.6021500800,866044,7467948.0000,0.205900,0.699300
2022-03-02,5.5762142000,5.6540218400,5.5437943500,5.6345699300,931009,8070204.0000,0.221300,0.578700
2022-03-03,5.6345699300,5.7512813900,5.6345699300,5.6864416900,1563638,13710635.0000,0.371700,0.920600
2022-03-04,5.6410539000,5.6605058100,5.5437943500,5.5632462600,1364200,11780304.0000,0.324300,-2.166500
2022-03-07,5.5762142000,5.6280859600,5.5048905300,5.5243424400,1459900,12517845.0000,0.347100,-0.699300
2022-03-08,5.5243424400,5.5826981700,5.3363073100,5.3363073100,2116611,17677858.0000,0.503200,-3.403800
2022-03-09,5.3363073100,5.4789546500,5.0445286600,5.2455317300,2351985,18930007.0000,0.559100,-1.701100
2022-03-10,5.3233393700,5.3816951000,5.2779515800,5.3363073100,1145600,9416748.0000,0.272300,1.730500
2022-03-11,5.2779515800,5.4400508300,5.1871760000,5.3946630400,1724166,14149772.0000,0.409900,1.093600
2022-03-14,5.3946630400,5.4724706800,5.2520157000,5.2584996700,1543764,12672278.0000,0.367000,-2.524000
2022-03-15,5.2455317300,5.2455317300,4.9343011700,4.9537530800,2357917,18573032.0000,0.560600,-5.795300
2022-03-16,4.9926569000,5.1223363000,4.9472691100,5.1093683600,1656454,12866928.0000,0.393800,3.141400
2022-03-17,5.2390477600,5.2390477600,5.1028843900,5.1288202700,1884280,14977340.0000,0.448000,0.380700
2022-03-18,5.1612401200,5.2520157000,5.1158523300,5.2066279100,1583232,12672766.4200,0.376400,1.517100
2022-03-21,5.2195958500,5.4205989200,5.2195958500,5.4141149500,2552916,21079947.3200,0.606900,3.985100
2022-03-22,5.3946630400,5.4724706800,5.3427912800,5.4270828900,996117,8325612.4700,0.236800,0.239500
2022-03-23,5.4465348000,5.4659867100,5.3622431900,5.4076309800,1505826,12537530.4400,0.358000,-0.358400
2022-03-24,5.4335668600,5.4595027400,5.3557592200,5.4141149500,1973800,16489739.0000,0.469200,0.119900
2022-03-25,5.3946630400,5.5373103800,5.3687271600,5.4530187700,1935121,16294864.1200,0.460000,0.718600
2022-03-28,5.4724706800,5.5567622900,5.3427912800,5.4919225900,2202400,18532126.3000,0.523600,0.713400
2022-03-29,5.4789546500,5.5373103800,5.4205989200,5.4854386200,1435700,12124303.9200,0.341300,-0.118100
2022-03-30,5.4724706800,5.5826981700,5.4465348000,5.5632462600,1734668,14814355.4400,0.412400,1.418400
2022-03-31,5.5048905300,5.6540218400,5.5048905300,5.6086340500,2212286,19142586.4600,0.525900,0.815900
2022-04-01,5.5697302300,5.6021500800,5.4854386200,5.5762142000,1991238,17023211.7400,0.473400,-0.578000
2022-04-06,5.5373103800,5.7058936000,5.5373103800,5.6864416900,2280356,19892129.0500,0.542100,1.976700
2022-04-07,5.6280859600,5.6994096300,5.5762142000,5.6280859600,1856077,16080343.5000,0.441200,-1.026200
2022-04-08,5.6021500800,5.6475378700,5.5437943500,5.6280859600,1704475,14705045.1400,0.405200,0.000000
2022-04-11,5.5502783200,5.6151180200,5.5243424400,5.5762142000,1907366,16403218.5900,0.453400,-0.921700
2022-04-12,5.5308264100,5.6929256600,5.4854386200,5.6864416900,3176546,27472435.2400,0.755200,1.976700
2022-04-13,5.6669897800,5.7642493300,5.5826981700,5.6864416900,4307759,37832472.2300,1.024100,0.000000
2022-04-14,5.6540218400,5.8550249100,5.6345699300,5.7901852100,5375582,48006398.9700,1.277900,1.824400
2022-04-15,5.8226050600,5.8420569700,5.5632462600,5.6280859600,3728793,32666347.4300,0.886500,-2.799600
2022-04-18,5.6086340500,5.6475378700,5.4205989200,5.5891821400,3288490,27997379.1300,0.781800,-0.691200
2022-04-19,5.6540218400,5.8420569700,5.5891821400,5.8420569700,4462166,39712545.3300,1.060800,4.524400
2022-04-20,5.8809607900,5.8809607900,5.7253455100,5.7772172700,2553331,22756849.6700,0.607000,-1.109900
2022-04-21,5.7123775700,5.8031531500,5.5567622900,5.5762142000,2771480,24163453.0800,0.658900,-3.479200
2022-04-22,5.5113745000,5.6216019900,5.3816951000,5.5891821400,2798575,23802658.7200,0.665300,0.232600
2022-04-25,5.5762142000,5.5762142000,5.0445286600,5.0574966000,3507024,28518912.4900,0.833700,-9.512800
2022-04-26,5.0574966000,5.0574966000,4.5517469400,4.5517469400,5847681,42885548.9700,1.390200,-10.000000
2022-04-27,4.4415194500,4.5322950300,4.2794202000,4.4933912100,4060850,27462258.4200,0.965400,-1.282100
2022-04-28,4.4415194500,4.5582309100,4.2794202000,4.3442599000,2351122,15956169.9800,0.558900,-3.318900
2022-04-29,4.3961316600,4.6684584000,4.3507438700,4.6684584000,2867502,20044859.5500,0.681700,7.462700
2022-05-05,4.6619744300,4.7592339800,4.5841667900,4.7332981000,1937670,14045078.5000,0.460600,1.388900
2022-05-06,4.6295545800,4.6814263400,4.5841667900,4.6425225200,1549679,11085035.0000,0.368400,-1.917800
2022-05-09,4.6360385500,4.8240736800,4.6036187000,4.7722019200,1529490,11205284.3000,0.363600,2.793300
2022-05-10,4.7138461900,4.7916538300,4.6165866400,4.7397820700,1433740,10404881.1500,0.340800,-0.679300
2022-05-11,4.7397820700,4.8435255900,4.6360385500,4.6490064900,2632861,19284226.1700,0.625900,-1.915200
2022-05-12,4.6295545800,4.7657179500,4.6230706100,4.7657179500,1400887,10172270.4900,0.333000,2.510500
2022-05-13,4.7722019200,4.9148492600,4.7203301600,4.8953973500,1870588,14036689.7500,0.444700,2.721100
2022-05-16,4.9083652900,4.9602370500,4.8629775000,4.8953973500,1569514,11872924.6200,0.373100,0.000000
2022-05-17,4.8500095600,4.9472691100,4.7527500100,4.7916538300,1181490,8771786.1400,0.280900,-2.119200
2022-05-18,4.8046217700,4.8629775000,4.7722019200,4.8564935300,1139463,8499667.8300,0.270900,1.353200
2022-05-19,4.7851698600,4.8953973500,4.7527500100,4.8435255900,1506929,11206948.1700,0.358200,-0.267000
2022-05-20,4.8435255900,4.9083652900,4.8240736800,4.8370416200,1258267,9417784.8100,0.299100,-0.133900
2022-05-23,4.8240736800,4.8824294100,4.7916538300,4.8370416200,1318246,9840915.1100,0.313400,0.000000
2022-05-24,4.8305576500,4.8564935300,4.5971347300,4.6101026700,1749213,12745815.4200,0.415800,-4.691700
2022-05-25,4.6101026700,4.8370416200,4.5711988500,4.8111057400,1841197,13504154.9700,0.437700,4.360100
2022-05-26,4.7332981000,4.9018813200,4.7332981000,4.8889133800,1779829,13293215.3600,0.423100,1.617300
2022-05-27,4.8694614700,4.9861729300,4.8564935300,4.9472691100,2093395,15902098.0000,0.497700,1.193600
2022-05-30,4.9861729300,5.1482721800,4.9472691100,5.1093683600,2754958,21566907.0600,0.654900,3.276500
2022-05-31,5.1028843900,5.1806920300,5.0445286600,5.1028843900,2232634,17568346.6700,0.530800,-0.126900
2022-06-01,5.0899164500,5.1871760000,5.0574966000,5.1288202700,1522864,12065977.0000,0.362000,0.508300
2022-06-02,5.1288202700,5.2001439400,5.0704645400,5.1806920300,1377131,10926245.3100,0.327400,1.011400
2022-06-06,5.1871760000,5.2325637900,5.1547561500,5.1871760000,1606692,12849452.1400,0.382000,0.125200
2022-06-07,5.1677240900,5.2325637900,5.1677240900,5.2066279100,1721978,13827752.3100,0.409400,0.375000
2022-06-08,5.2066279100,5.2260798200,5.1158523300,5.1871760000,1272611,10151815.5600,0.302500,-0.373600
2022-06-09,5.1353042400,5.1871760000,5.1028843900,5.1223363000,1132326,8950859.8800,0.269200,-1.250000
2022-06-10,5.1028843900,5.1612401200,5.0834324800,5.1158523300,1126584,8893687.7600,0.267800,-0.126600
2022-06-13,5.0704645400,5.1158523300,4.9602370500,5.0250767500,2207714,17093516.9800,0.524800,-1.774400
2022-06-14,5.0574966000,5.0639805700,4.9083652900,5.0510126300,1381334,10626100.5600,0.328400,0.516100
2022-06-15,5.0380446900,5.1223363000,5.0315607200,5.0445286600,1239266,9713723.7400,0.294600,-0.128400
2022-06-16,5.0056248400,5.0834324800,5.0056248400,5.0704645400,1069144,8327868.6200,0.254200,0.514100
2022-06-17,5.0704645400,5.0704645400,4.9407851400,4.9796889600,1524700,11728075.0000,0.362500,-1.790300
2022-06-20,4.9732049900,5.0899164500,4.9537530800,5.0056248400,1063257,8217036.5700,0.252800,0.520800
2022-06-21,5.0185927800,5.0899164500,4.9343011700,4.9796889600,1144100,8835189.2500,0.272000,-0.518100
2022-06-22,4.9667210200,5.0445286600,4.8370416200,4.8370416200,1472800,11135599.0000,0.350100,-2.864600
2022-06-23,4.8370416200,4.9537530800,4.8305576500,4.9278172000,1268700,9567874.3500,0.301600,1.876700
2022-06-24,4.9796889600,5.0250767500,4.9278172000,4.9796889600,1236002,9471073.0100,0.293800,1.052600
2022-06-27,5.0445286600,5.1353042400,4.9667210200,5.0964004200,2432798,19088442.5600,0.578400,2.343800
2022-06-28,5.0574966000,5.1288202700,5.0574966000,5.1288202700,1906655,14992320.7200,0.453300,0.636100
2022-06-29,5.2260798200,5.4335668600,5.1223363000,5.1482721800,5592483,45444458.6400,1.329500,0.379300
2022-06-30,5.2001439400,5.3946630400,5.1612401200,5.3298233400,5020488,40811497.2500,1.193500,3.526400
2022-07-01,5.1871760000,5.3168554000,5.1547561500,5.1742080600,2617030,21029715.8900,0.622200,-2.919700
2022-07-04,5.1742080600,5.2455317300,5.0639805700,5.0964004200,2764005,21744876.4200,0.657100,-1.503800
2022-07-05,5.1028843900,5.1288202700,4.9796889600,5.0315607200,1599912,12443230.6000,0.380300,-1.272300
2022-07-06,4.9991408700,5.0380446900,4.8953973500,4.9278172000,1962748,14954580.3600,0.466600,-2.061900
2022-07-07,4.9796889600,4.9926569000,4.9018813200,4.9472691100,966230,7357775.6300,0.229700,0.394700
2022-07-08,4.9796889600,5.0510126300,4.9148492600,4.9991408700,1657422,12778972.2600,0.394000,1.048500
2022-07-11,5.0574966000,5.0574966000,4.8824294100,4.9991408700,1176059,9003010.8600,0.279600,0.000000
2022-07-12,4.9148492600,4.9732049900,4.8629775000,4.8889133800,1430947,10833501.4000,0.340200,-2.204900
2022-07-13,4.8500095600,4.9472691100,4.8111057400,4.9213332300,918715,6933282.5900,0.218400,0.663100
2022-07-14,4.9278172000,5.0056248400,4.9018813200,4.9926569000,1099318,8412996.5800,0.261300,1.449300
2022-07-15,4.9796889600,5.0056248400,4.7786858900,4.7916538300,2473800,18441185.3300,0.588100,-4.026000
2022-07-18,4.7657179500,4.8759454400,4.7592339800,4.8564935300,1554931,11627341.3200,0.369700,1.353200
2022-07-19,4.8696514000,4.9486187200,4.8499095700,4.9420381100,1699133,12671884.8700,0.403900,1.761500
2022-07-20,4.9222962800,5.0868115300,4.9091350600,5.0473278700,1905036,14516817.4800,0.452900,2.130500
2022-07-21,5.0144248200,5.1197145800,5.0144248200,5.0604890900,972183,7485705.4400,0.231100,0.260800
2022-07-22,5.0407472600,5.0999727500,5.0144248200,5.0999727500,1115600,8578312.1700,0.265200,0.780200
2022-07-25,5.0604890900,5.3500359300,5.0604890900,5.1591982400,3148878,24962715.3800,0.748600,1.161300
2022-07-26,5.2184237300,5.2184237300,5.0341666500,5.0604890900,2520156,19419423.3900,0.599100,-1.913300
2022-07-27,5.0275860400,5.3829389800,5.0275860400,5.2842298300,4536845,36226481.2500,1.078600,4.421300
2022-07-28,5.3171328800,5.3631971500,5.2776492200,5.2973910500,2602572,21037887.3200,0.618700,0.249100
2022-07-29,5.3368747100,5.3434553200,5.2315849500,5.2447461700,1655515,13241153.0000,0.393600,-0.993800
2022-08-01,5.2644880000,5.3105522700,5.1789400700,5.2710686100,1341927,10733388.1100,0.319000,0.501900
2022-08-02,5.2644880000,5.2710686100,4.9551993300,5.0078442100,3346800,25603281.0000,0.795600,-4.993800
2022-08-03,4.9946829900,5.1526176300,4.9946829900,5.0407472600,1555700,12019508.0000,0.369800,0.657000
2022-08-04,5.0604890900,5.5474542300,5.0539084800,5.3631971500,8184336,67301511.0000,1.945700,6.396900
2022-08-05,5.2776492200,5.3961002000,5.2776492200,5.3829389800,4861462,39474465.0000,1.164500,0.368100
2022-08-08,5.2710686100,5.4224226400,5.2710686100,5.3829389800,3220350,26200585.0000,0.771400,0.000000
2022-08-09,5.4158420300,5.5211317900,5.3171328800,5.4026808100,2859583,23567244.0000,0.685000,0.366700
2022-08-10,5.4355838600,5.4487450800,5.3500359300,5.4092614200,1426488,11693824.0000,0.341700,0.121800
2022-08-11,5.4092614200,5.4750675200,5.3961002000,5.4158420300,1653152,13629206.0000,0.396000,0.121700
2022-08-12,5.4421644700,5.5145511800,5.4092614200,5.4355838600,1290100,10669084.0000,0.309000,0.364500
2022-08-15,5.3961002000,5.4290032500,5.3039716600,5.3302941000,1677539,13622113.5700,0.401800,-1.937000
2022-08-16,5.3500359300,5.3697777600,5.3039716600,5.3039716600,1073000,8681555.0000,0.257000,-0.493800
2022-08-17,5.3039716600,5.3631971500,5.2908104400,5.3302941000,903194,7307917.4400,0.216300,0.496300
2022-08-18,5.3434553200,5.3566165400,5.2842298300,5.2908104400,1281782,10342883.6700,0.307000,-0.740700
2022-08-19,5.3039716600,5.3829389800,5.3039716600,5.3171328800,905900,7340374.9200,0.217000,0.497500
2022-08-22,5.2973910500,5.3434553200,5.2908104400,5.3105522700,920752,7429586.5000,0.220500,-0.123800
2022-08-23,5.2973910500,5.3368747100,5.2710686100,5.3237134900,1143767,9204476.5900,0.274000,0.247800
2022-08-24,5.3302941000,5.3302941000,5.2184237300,5.2315849500,1161925,9284718.5000,0.278300,-1.730500
2022-08-25,5.1855206800,5.3171328800,5.1591982400,5.2842298300,1227900,9782745.0000,0.294100,1.006300
2022-08-26,5.2973910500,5.4026808100,5.2447461700,5.3105522700,2053691,16684182.7400,0.491900,0.498100
2022-08-29,5.2447461700,5.3434553200,5.1986819000,5.3368747100,825260,6642629.8000,0.197700,0.495700
2022-08-30,5.3566165400,5.4553256900,5.3105522700,5.4092614200,1866198,15293754.5200,0.447000,1.356400
2022-08-31,5.4487450800,5.4487450800,5.2776492200,5.2973910500,1367828,11069166.8800,0.327600,-2.068100
2022-09-01,5.2710686100,5.3237134900,5.1986819000,5.2579073900,1261877,10105279.9600,0.302300,-0.745300
2022-09-02,5.2184237300,5.3763583700,5.2184237300,5.3434553200,1536518,12452710.3500,0.368000,1.627000
2022-09-05,5.3500359300,5.4158420300,5.3237134900,5.3895195900,1053189,8588400.3500,0.252300,0.862100
2022-09-06,5.3829389800,5.4816481300,5.3500359300,5.3961002000,1396800,11488357.0000,0.334600,0.122100
2022-09-07,5.3961002000,5.4355838600,5.3500359300,5.3829389800,842864,6884775.1000,0.201900,-0.243900
2022-09-08,5.3829389800,5.4619063000,5.3829389800,5.4355838600,1727101,14240185.2500,0.413700,0.978000
2022-09-09,5.4224226400,5.4487450800,5.3631971500,5.3961002000,902300,7403659.0000,0.216100,-0.726400
2022-09-13,5.3895195900,5.7711949700,5.3829389800,5.4816481300,6135740,51373967.2700,1.469700,1.585400
2022-09-14,5.4026808100,5.4816481300,5.2908104400,5.4684869100,3486026,28608263.0200,0.835000,-0.240100
2022-09-15,5.4816481300,5.7119694800,5.4290032500,5.5408736200,5171658,43561447.0300,1.238800,1.323700
2022-09-16,5.5408736200,5.5671960600,5.2710686100,5.2776492200,3886193,31818347.9300,0.930900,-4.750600
2022-09-19,5.2118431200,5.2710686100,5.0341666500,5.0999727500,2644687,20644046.9800,0.633500,-3.366600
2022-09-20,5.1065533600,5.4092614200,5.0999727500,5.3302941000,3139563,25281892.1400,0.752000,4.516100
2022-09-21,5.3961002000,5.3961002000,5.2250043400,5.2710686100,1986764,15907474.7300,0.475900,-1.111100
2022-09-22,5.2842298300,5.2842298300,5.0341666500,5.0473278700,2780700,21655396.0000,0.666100,-4.244700
2022-09-23,5.0473278700,5.0736503100,4.9157156700,4.9551993300,1446014,10932051.7000,0.346400,-1.825300
2022-09-26,4.9354575000,4.9486187200,4.8038453000,4.8235871300,1471521,10881787.9400,0.352500,-2.656000
2022-09-27,4.8235871300,4.9749411600,4.7972646900,4.9486187200,1011705,7504725.7200,0.242300,2.592100
2022-09-28,4.9486187200,4.9683605500,4.7643616400,4.8762320100,792279,5890962.9400,0.189800,-1.462800
2022-09-29,4.8630707900,4.9025544500,4.7709422500,4.7841034700,845356,6204206.1600,0.202500,-1.889300
2022-09-30,4.7841034700,4.8301677400,4.7446198100,4.7972646900,603395,4382527.4100,0.144500,0.275100
2022-10-10,4.7906840800,4.7972646900,4.6788137100,4.6919749300,1416103,10175678.8200,0.339200,-2.194800
2022-10-11,4.6985555400,4.7380392000,4.6261688300,4.7314585900,680800,4863682.2600,0.163100,0.841500
2022-10-12,4.7380392000,4.7972646900,4.6459106600,4.7972646900,866765,6221749.6300,0.207600,1.390800
2022-10-13,4.7906840800,4.8630707900,4.7577810300,4.8104259100,697333,5097643.8900,0.167000,0.274300
2022-10-14,4.8170065200,4.8959738400,4.8170065200,4.8630707900,784624,5805910.0800,0.187900,1.094400
2022-10-17,4.8696514000,4.9683605500,4.8038453000,4.9617799400,1015058,7601882.6800,0.243100,2.029800
2022-10-18,4.9749411600,5.0210054300,4.9354575000,4.9551993300,658500,4975476.0000,0.157700,-0.132600
2022-10-19,4.9617799400,5.0012636000,4.9288768900,4.9420381100,537095,4046375.4500,0.128700,-0.265600
2022-10-20,4.9486187200,5.0341666500,4.9091350600,4.9617799400,724252,5470398.5900,0.173500,0.399500
2022-10-21,4.9617799400,5.0341666500,4.9420381100,4.9749411600,689000,5216712.0000,0.165000,0.265300
2022-10-24,4.9749411600,5.0407472600,4.8104259100,4.8433289600,1078090,8048032.8000,0.258200,-2.645500
2022-10-25,4.8235871300,4.9025544500,4.7380392000,4.8564901800,851490,6256718.2000,0.204000,0.271700
2022-10-26,4.9025544500,5.0210054300,4.8696514000,5.0078442100,1068305,8060095.8000,0.255900,3.116500
2022-10-27,5.0144248200,5.1657788500,5.0078442100,5.0802309200,1712566,13234859.3800,0.410200,1.445500
2022-10-28,5.0407472600,5.0933921400,4.9222962800,4.9354575000,846349,6464838.1400,0.202700,-2.849700
2022-10-31,4.9288768900,5.0210054300,4.8828126200,4.9091350600,1767246,13232410.7800,0.423300,-0.533300
2022-11-01,4.8564901800,5.0012636000,4.8564901800,4.9815217700,2548900,19173238.4100,0.610500,1.474500
2022-11-02,5.0012636000,5.2184237300,4.9486187200,5.2118431200,4544380,35182527.5000,1.088500,4.623500
2022-11-03,5.1657788500,5.3039716600,5.1394564100,5.2315849500,3035320,24121730.6200,0.727100,0.378800
2022-11-04,5.2315849500,5.2579073900,5.1657788500,5.2250043400,2598197,20565569.5100,0.622300,-0.125800
2022-11-07,5.2184237300,5.2776492200,5.1657788500,5.2776492200,2655108,21143209.0400,0.636000,1.007600
2022-11-08,5.2447461700,5.3039716600,5.2052625100,5.2579073900,2342838,18733025.5200,0.561200,-0.374100
2022-11-09,5.2579073900,5.3434553200,5.2184237300,5.3105522700,4179497,33678325.4500,1.001100,1.001300
2022-11-10,5.3105522700,5.6988082600,5.2776492200,5.5737766700,10010104,84343215.6700,2.397700,4.956600
2022-11-11,5.7251307000,6.0673224200,5.5935185000,5.7580337500,16639134,148099621.5400,3.985600,3.305800
2022-11-14,5.8370010700,5.9225490000,5.6395827700,5.6922276500,7674835,66954268.4000,1.838400,-1.142900
2022-11-15,5.7053888700,5.7251307000,5.5342930100,5.5869378900,7044393,59868748.7300,1.687400,-1.849700
2022-11-16,5.6132603300,5.6659052100,5.5277124000,5.5869378900,3344662,28522587.7800,0.801200,0.000000
2022-11-17,5.5606154500,5.6066797200,5.5277124000,5.5869378900,2141930,18088281.8000,0.513100,0.000000
2022-11-18,5.6000991100,5.7448725300,5.5737766700,5.6264215500,3629616,31332882.6400,0.869400,0.706700
2022-11-21,5.6659052100,5.7119694800,5.4882287400,5.6198409400,3444600,29166862.0000,0.825100,-0.117000
2022-11-22,5.6198409400,5.6922276500,5.5737766700,5.6198409400,2142000,18302794.0000,0.513100,0.000000
2022-11-23,5.6132603300,5.7119694800,5.5079705700,5.6659052100,4359302,37181721.1400,1.044200,0.819700
2022-11-24,5.6988082600,5.7909368000,5.6066797200,5.6461633800,2376858,20549480.4800,0.569300,-0.348400
2022-11-25,5.6593246000,5.6790664300,5.6132603300,5.6790664300,1811402,15558805.6200,0.433900,0.582800
2022-11-28,5.6593246000,5.7843561900,5.5342930100,5.7382919200,2785800,24163954.0000,0.667300,1.042900
2022-11-29,5.7119694800,5.9751938800,5.6922276500,5.9488714400,5154554,45984404.9900,1.234700,3.669700
2022-11-30,5.9488714400,6.0015163200,5.8567429000,5.9751938800,3098700,27970842.6000,0.742200,0.442500
2022-12-01,6.0541612000,6.1002254700,5.9357102200,6.0475805900,4395750,40274502.0000,1.052900,1.211500
2022-12-02,6.1133866900,6.5740293900,5.9949357100,6.3239662100,14578406,140643881.0200,3.492000,4.570200
2022-12-05,6.2976437700,6.5477069500,6.2318376700,6.3831917000,9889584,96159678.3800,2.368900,0.936500
2022-12-06,6.3897723100,6.5608681700,6.2384182800,6.2713213300,5857701,56616849.5300,1.403100,-1.752600
2022-12-07,6.2713213300,6.4489978000,6.2186764500,6.3766110900,4525123,43526387.8200,1.083900,1.678900
2022-12-08,6.4489978000,6.8240925700,6.3634498700,6.5279651200,10403962,103988998.0300,2.492100,2.373600
2022-12-09,6.5016426800,6.5213845100,6.1199673000,6.3042243800,9940197,95386383.7300,2.381000,-3.427400
2022-12-12,6.3700304800,6.4160947500,6.1331285200,6.2384182800,5501751,52065720.9300,1.317800,-1.043800
2022-12-13,6.2449988900,6.3502886500,6.2055152300,6.3042243800,4354908,41572809.6200,1.043100,1.054900
2022-12-14,6.3042243800,6.4819008500,6.2647407200,6.3108049900,4048776,39197224.3600,0.969800,0.104400
2022-12-15,6.2844825500,6.3831917000,6.1989346200,6.2384182800,2967300,28253956.0000,0.710800,-1.147000
2022-12-16,6.2384182800,6.2779019400,6.1397091300,6.2384182800,1952740,18408393.2000,0.467700,0.000000
2022-12-19,6.2384182800,6.2713213300,5.9817744900,6.0212581500,2926700,27017667.0000,0.701000,-3.481000
2022-12-20,6.0475805900,6.0541612000,5.8172592400,5.8567429000,4317052,38731029.0400,1.034100,-2.732200
2022-12-21,5.9093877800,5.9686132700,5.8501622900,5.8830653400,1725600,15463897.2000,0.413300,0.449400
2022-12-22,5.8830653400,5.9554520500,5.7514531400,5.7909368000,2402420,21289035.8000,0.575500,-1.566000
2022-12-23,5.7580337500,5.9291296100,5.7580337500,5.8106786300,1819220,16157761.6000,0.435800,0.340900
2022-12-26,5.8567429000,6.0607418100,5.8040980200,5.8962265600,2257284,20475466.1200,0.540700,1.472300
2022-12-27,5.8962265600,6.1660315700,5.8830653400,6.0146775400,3546308,32355781.7200,0.849500,2.008900
2022-12-28,5.9949357100,6.0344193700,5.8764847300,5.9159683900,2169495,19598220.0000,0.519700,-1.641100
2022-12-29,5.9225490000,5.9620326600,5.8567429000,5.8896459500,1493007,13406605.0400,0.357600,-0.444900
2022-12-30,5.9093877800,6.0870642500,5.8764847300,6.0475805900,2696768,24561288.5400,0.646000,2.681600
2023-01-03,5.9093877800,6.1989346200,5.9093877800,6.1462897400,2834117,26319208.7200,0.678900,1.632200
2023-01-04,6.1660315700,6.2384182800,6.1002254700,6.1726121800,1755842,16456546.3800,0.420600,0.428300
2023-01-05,6.1726121800,6.2581601100,6.1133866900,6.2055152300,2134738,20092560.3400,0.511300,0.533000
2023-01-06,6.2055152300,6.2055152300,5.9686132700,5.9751938800,3547666,32567022.6200,0.849800,-3.711600
2023-01-09,5.9751938800,6.1528703500,5.9751938800,6.1199673000,2316900,21404327.0000,0.555000,2.422900
2023-01-10,6.1660315700,6.1660315700,6.0080969300,6.0607418100,1577500,14554165.0000,0.377900,-0.967700
2023-01-11,6.0607418100,6.1331285200,5.9883551000,6.0146775400,2053900,18934334.0000,0.492000,-0.760000
2023-01-12,5.9883551000,6.1068060800,5.9686132700,5.9883551000,1761800,16164225.0000,0.422000,-0.437600
2023-01-13,6.0015163200,6.1397091300,6.0015163200,6.1002254700,1903800,17572903.0000,0.456000,1.868100
2023-01-16,6.1002254700,6.2384182800,6.0673224200,6.1002254700,4051300,37804014.8300,0.970400,0.000000
2023-01-17,6.1265479100,6.1594509600,6.0146775400,6.0212581500,1751900,16117347.0000,0.419600,-1.294500
2023-01-18,6.0804836400,6.1199673000,6.0015163200,6.0344193700,2208800,20307402.8900,0.529100,0.218600
2023-01-19,6.0409999800,6.1462897400,6.0212581500,6.0607418100,1668700,15377051.0000,0.399700,0.436200
2023-01-20,6.0739030300,6.1462897400,6.0409999800,6.0804836400,1812026,16757306.2400,0.434000,0.325700
2023-01-30,6.2252570600,6.3173856000,6.0870642500,6.1199673000,3815401,35740528.2800,0.913900,0.649400
2023-01-31,6.1594509600,6.2384182800,6.0739030300,6.2252570600,3128958,29317288.5200,0.749500,1.720400
2023-02-01,6.2318376700,6.2449988900,6.1528703500,6.2384182800,2154700,20303263.0000,0.516100,0.211400
2023-02-02,6.2384182800,6.3502886500,6.2055152300,6.2120958400,2952291,28060279.1100,0.707200,-0.421900
2023-02-03,6.1989346200,6.2449988900,6.1397091300,6.2318376700,1966400,18549637.0000,0.471000,0.317800
2023-02-06,6.1791927900,6.2186764500,6.1133866900,6.1397091300,1848502,17285564.3700,0.442800,-1.478400
2023-02-07,6.1528703500,6.1594509600,6.0739030300,6.1199673000,1634006,15153973.8000,0.391400,-0.321500
2023-02-08,6.1265479100,6.1791927900,6.0475805900,6.0739030300,2836117,26379432.4400,0.679300,-0.752700
2023-02-09,6.0607418100,6.1857734000,6.0278387600,6.1462897400,3114200,28955230.0000,0.745900,1.191800
2023-02-10,6.1462897400,6.6332548800,6.1331285200,6.4753202400,7281936,71502818.3200,1.744200,5.353300
2023-02-13,6.4358365800,6.6266742700,6.3239662100,6.5674487800,8094740,79612954.9600,1.938900,1.422800
2023-02-14,6.5608681700,6.8175119600,6.5477069500,6.6332548800,6464125,65457770.6400,1.548400,1.002000
2023-02-15,6.6332548800,6.6398354900,6.5148039000,6.5674487800,3158938,31528051.3000,0.756700,-0.992100
2023-02-16,6.5477069500,6.6858997600,6.4358365800,6.4687396300,3813303,38043847.3700,0.913400,-1.503000
2023-02-17,6.4687396300,6.5608681700,6.4489978000,6.4753202400,3300126,32635016.5200,0.790500,0.101700
2023-02-20,6.4753202400,6.5937712200,6.4687396300,6.5740293900,3157858,31365204.7200,0.756400,1.524400
2023-02-21,6.5411263400,6.6069324400,6.4950620700,6.5740293900,1905053,18973594.1400,0.456300,0.000000
2023-02-22,6.5740293900,6.5740293900,6.5148039000,6.5542875600,1142829,11352534.2300,0.273700,-0.300300
2023-02-23,6.5542875600,6.5674487800,6.4160947500,6.4687396300,2775401,27244832.7900,0.664800,-1.305200
2023-02-24,6.4621590200,6.5016426800,6.4095141400,6.4819008500,983600,9656196.0000,0.235600,0.203500
2023-02-27,6.5016426800,6.5411263400,6.4358365800,6.4555784100,2115001,20864026.8200,0.506600,-0.406100
2023-02-28,6.4621590200,6.5740293900,6.4160947500,6.5674487800,2524448,25017295.3700,0.604700,1.732900
2023-03-01,6.5806100000,6.6003518300,6.5213845100,6.5608681700,1774200,17655876.0000,0.425000,-0.100200
2023-03-02,6.5213845100,6.8898986700,6.5213845100,6.7385446400,5449820,55862475.9000,1.305400,2.708100
2023-03-03,6.7846089100,7.0083496500,6.7188028100,6.9096405000,7623760,79800783.0100,1.826100,2.539100
2023-03-06,6.9096405000,6.9162211100,6.7780283000,6.8964792800,5095181,52983807.7400,1.220500,-0.190500
2023-03-07,6.9622853800,6.9622853800,6.7122222000,6.7253834200,3322220,34364168.3000,0.795800,-2.480900
2023-03-08,6.7451252500,6.8569956200,6.7319640300,6.7648670800,2029700,20909667.0000,0.486200,0.587100
2023-03-09,6.8109313500,6.8306731800,6.6793191500,6.7517058600,2215391,22747213.9900,0.530700,-0.194600
2023-03-10,6.7582864700,6.7648670800,6.6398354900,6.6595773200,1890200,19180532.0000,0.452800,-1.364500
2023-03-13,6.6727385400,6.6990609800,6.5279651200,6.6135130500,2827626,28333498.7400,0.677300,-0.691700
2023-03-14,6.6398354900,6.6398354900,6.3963529200,6.4029335300,3451146,34011501.6400,0.826700,-3.184100
2023-03-15,6.4687396300,6.5213845100,6.4029335300,6.4095141400,2203458,21581571.6200,0.527800,0.102800
2023-03-16,6.4226753600,6.4687396300,6.3173856000,6.3239662100,2181900,21085808.0000,0.522600,-1.334700
2023-03-17,6.3963529200,6.4950620700,6.3305468200,6.3634498700,2220742,21545210.3400,0.531900,0.624300
2023-03-20,6.3502886500,6.4095141400,6.2910631600,6.3502886500,2739624,26444655.4400,0.656200,-0.206800
2023-03-21,6.3371274300,6.4160947500,6.3239662100,6.3897723100,1646200,15943417.0000,0.394300,0.621800
2023-03-22,6.4753202400,6.5148039000,6.3963529200,6.4555784100,2614624,25635240.4400,0.626300,1.029900
2023-03-23,6.4226753600,6.5213845100,6.3831917000,6.4226753600,2017718,19710133.8000,0.483300,-0.509700
2023-03-24,6.4292559700,6.4489978000,6.2844825500,6.2976437700,2806300,27052551.0000,0.672200,-1.946700
2023-03-27,6.3108049900,6.3766110900,6.2120958400,6.2844825500,2604125,24877322.1300,0.623800,-0.209000
2023-03-28,6.3371274300,6.4160947500,6.2713213300,6.3502886500,2711511,26181005.6000,0.649500,1.047100
2023-03-29,6.3897723100,6.3897723100,6.1726121800,6.2384182800,2566426,24343613.6600,0.614700,-1.761700
2023-03-30,6.2384182800,6.3108049900,6.1857734000,6.2910631600,2819389,26797824.9400,0.675300,0.843900
2023-03-31,6.2976437700,6.4292559700,6.2844825500,6.3897723100,2839301,27507569.7000,0.680100,1.569000
2023-04-03,6.3766110900,6.5411263400,6.3568692600,6.5148039000,3316754,32630145.7200,0.794500,1.956700
2023-04-04,6.5345457300,6.5806100000,6.4358365800,6.4819008500,2816900,27847132.0000,0.674700,-0.505100
2023-04-06,6.5016426800,6.5016426800,6.2186764500,6.2384182800,3205000,30628498.6200,0.767700,-3.756300
2023-04-07,6.2318376700,6.4095141400,6.2318376700,6.2910631600,2009100,19201458.9500,0.481200,0.843900
2023-04-10,6.2779019400,6.3831917000,6.2318376700,6.2318376700,2877212,27548409.2400,0.689200,-0.941400
2023-04-11,6.2844825500,6.4095141400,6.2055152300,6.3831917000,2762990,26630909.9000,0.661800,2.428700
2023-04-12,6.3831917000,6.4226753600,6.3173856000,6.3831917000,1878433,18155136.4500,0.449900,0.000000
2023-04-13,6.4095141400,6.5411263400,6.3568692600,6.5213845100,3329233,32863550.3800,0.797500,2.164900
2023-04-14,6.5411263400,6.5608681700,6.2976437700,6.3897723100,2532500,24738072.1000,0.606600,-2.018200
2023-04-17,6.3963529200,6.4687396300,6.3239662100,6.4226753600,2386450,23265252.5000,0.571600,0.514900
2023-04-18,6.4489978000,6.4753202400,6.3831917000,6.4095141400,1468500,14335013.0000,0.351800,-0.204900
2023-04-19,6.4226753600,6.5608681700,6.3634498700,6.4884814600,2159342,21292745.8000,0.517200,1.232000
2023-04-20,6.5016426800,6.5608681700,6.3963529200,6.4884814600,1502940,14746423.6000,0.360000,0.000000
2023-04-21,6.5082232900,6.5082232900,6.2844825500,6.2976437700,2634480,25534533.8000,0.631000,-2.941200
2023-04-24,6.3371274300,6.3371274300,6.1462897400,6.1923540100,2555231,24180016.4000,0.612100,-1.671900
2023-04-25,6.2384182800,6.2910631600,6.1002254700,6.1660315700,2525657,23732164.3800,0.605000,-0.425100
2023-04-26,6.2384182800,6.4029335300,6.1265479100,6.3766110900,3144220,30101429.7600,0.753100,3.415200
2023-04-27,6.4489978000,6.7648670800,6.3831917000,6.6332548800,11774122,118504931.1000,2.820300,4.024800
2023-04-28,6.5871906100,6.7780283000,6.5016426800,6.7582864700,7379133,75048827.6600,1.767500,1.884900
2023-05-04,6.7977701300,7.2320903900,6.7253834200,7.1728649000,11837693,126766464.8800,2.835500,6.134400
2023-05-05,7.2057679500,7.3702832000,7.0346720900,7.1465424600,8587222,93565645.6600,2.056900,-0.367000
2023-05-08,7.1465424600,7.4031862500,7.1399618500,7.3307995400,8468021,93989849.0000,2.028400,2.578300
2023-05-09,7.4360893000,7.5018954000,7.2255097800,7.2452516100,4979801,55430307.8300,1.192800,-1.167000
2023-05-10,7.2320903900,7.3768638100,7.1728649000,7.2584128300,5251402,58067171.1000,1.257900,0.181700
2023-05-11,7.3176383200,7.4492505200,7.2913158800,7.3702832000,4842900,54361675.9200,1.160000,1.541300
2023-05-12,7.5479596700,7.5479596700,7.2123485600,7.3044771000,4779761,53047143.8200,1.144900,-0.892900
2023-05-15,7.2781546600,7.2978964900,7.1399618500,7.2584128300,3232300,35433970.4900,0.774200,-0.630600
2023-05-16,7.2386710000,7.3373801500,7.0149302600,7.0938975800,5554700,60150558.0000,1.330500,-2.266500
2023-05-17,7.0938975800,7.1399618500,6.9096405000,6.9886078200,5519900,58646226.6600,1.322200,-1.484200
2023-05-18,7.0346720900,7.0544139200,6.8964792800,6.9425435500,2690800,28450802.0000,0.644500,-0.659100
2023-05-19,7.0017690400,7.1268006300,6.9096405000,7.0083496500,3607500,38450736.0000,0.864100,0.947900
2023-05-22,7.0083496500,7.0544139200,6.8635762300,6.9293823300,4013600,42162606.0600,0.961400,-1.126800
2023-05-23,6.9359629400,6.9491241600,6.7582864700,6.7846089100,3689073,38262235.7900,0.883600,-2.089300
2023-05-24,6.7714476900,6.8109313500,6.6858997600,6.7714476900,2752800,28263662.0000,0.659400,-0.194000
2023-05-25,6.7122222000,6.8438344000,6.6069324400,6.6793191500,3202694,32528875.0800,0.767100,-1.360500
2023-05-26,6.6793191500,6.7582864700,6.6135130500,6.6727385400,2231600,22645304.0000,0.534500,-0.098500
2023-05-29,6.6727385400,6.7582864700,6.5806100000,6.6464161000,2901089,29331756.9000,0.694900,-0.394500
2023-05-30,6.6595773200,6.7319640300,6.5608681700,6.6793191500,2681772,27164926.2000,0.642400,0.495000
2023-05-31,6.6398354900,6.7056415900,6.6266742700,6.6858997600,2574300,26109772.0000,0.616600,0.098500
2023-06-01,6.6661579300,6.8109313500,6.6464161000,6.7977701300,3237800,33319754.0000,0.775600,1.673200
2023-06-02,6.7977701300,6.8767374500,6.7582864700,6.8175119600,2790000,28891056.0000,0.668300,0.290400
2023-06-05,6.8109313500,6.9425435500,6.8109313500,6.9030598900,2714100,28340709.0000,0.650100,1.254800
2023-06-06,6.8635762300,6.9491241600,6.7911895200,6.8175119600,2368658,24695877.3600,0.567400,-1.239300
2023-06-07,6.7911895200,6.9688659900,6.7911895200,6.9359629400,3397913,35661438.5800,0.813900,1.737500
2023-06-08,6.9754466000,6.9754466000,6.7648670800,6.8767374500,2517165,26210431.8900,0.602900,-0.853900
2023-06-09,6.9491241600,6.9951884300,6.8438344000,6.8898986700,3130613,32865963.9800,0.749900,0.191400
2023-06-12,6.9491241600,6.9557047700,6.7648670800,6.8175119600,3070000,31791579.0000,0.735400,-1.050600
2023-06-13,6.7977701300,6.9491241600,6.7911895200,6.8898986700,2949660,30842494.2000,0.706500,1.061800
2023-06-14,6.8898986700,6.9359629400,6.8043507400,6.8767374500,1953010,20382755.9000,0.467800,-0.191000
2023-06-15,6.8767374500,6.9096405000,6.8043507400,6.8767374500,2294538,23927595.1000,0.549600,0.000000
2023-06-16,6.9096405000,6.9754466000,6.8569956200,6.9030598900,2655473,27888436.7200,0.636100,0.382800
2023-06-19,6.9162211100,6.9162211100,6.7517058600,6.8438344000,2864500,29662823.0000,0.686100,-0.858000
2023-06-20,6.8372537900,6.8701568400,6.7648670800,6.8109313500,2325594,24092664.1400,0.557100,-0.480800
2023-06-21,6.8043507400,6.8635762300,6.7582864700,6.8043507400,2449093,25330661.9600,0.586600,-0.096600
2023-06-26,6.7582864700,6.7977701300,6.5016426800,6.5411263400,5136199,51562893.0000,1.230300,-3.868500
2023-06-27,6.5740293900,6.7122222000,6.4621590200,6.6727385400,3108299,31275936.4800,0.744500,2.012100
2023-06-28,6.6332548800,6.6990609800,6.4819008500,6.6924803700,2617130,26245435.6000,0.626900,0.295900
2023-06-29,6.7648670800,6.9162211100,6.7582864700,6.7846089100,3190514,33107284.3400,0.764200,1.376600
2023-06-30,6.7319640300,6.8043507400,6.7188028100,6.7582864700,2647589,27154548.3100,0.634200,-0.388000
2023-07-03,6.7648670800,6.8833180600,6.6858997600,6.8043507400,3173335,32710086.7300,0.760100,0.681600
2023-07-04,6.8509111000,6.9373789100,6.7910487700,6.8442597300,2310246,23780272.8800,0.553400,0.586500
2023-07-05,6.9706357600,7.2499933000,6.9440302800,7.0171953500,7456970,79546865.5400,1.786200,2.526700
2023-07-06,7.7222405700,7.7222405700,7.7222405700,7.7222405700,6766247,78556127.6700,1.620700,10.047400
2023-07-07,7.8486166000,8.0880659200,7.6357727600,7.7554974200,31141906,367093129.8700,7.459500,0.430700
2023-07-10,7.6357727600,7.8552679700,7.4561857700,7.7688001600,17472425,202453259.1700,4.185200,0.171500
2023-07-11,7.8020570100,7.9882953700,7.7155892000,7.9084789300,13369361,158486586.6400,3.202400,1.797900
2023-07-12,7.8885248200,7.8885248200,7.6357727600,7.6690296100,9501823,110698190.1000,2.276000,-3.027800
2023-07-13,7.6623782400,7.8020570100,7.6490755000,7.7754515300,7417552,86326598.4400,1.776700,1.387700
2023-07-14,7.7355433100,7.9084789300,7.6889837200,7.8286624900,6625657,77754784.5500,1.587100,0.684300
2023-07-17,7.7887542700,7.9483871500,7.7155892000,7.9284330400,7037271,83207311.3200,1.685600,1.274400
2023-07-18,7.8885248200,8.1678823600,7.8286624900,7.9949467400,10284589,124425738.1600,2.463500,0.838900
2023-07-19,7.9882953700,8.2011392100,7.9550385200,8.1944878400,9876100,120436333.4600,2.365600,2.495800
2023-07-20,8.1479282500,8.1612309900,7.9417357800,7.9550385200,7654880,92237327.9300,1.833600,-2.922100
2023-07-21,7.9749926300,8.0015981100,7.8153597500,7.9483871500,4886694,58296431.2400,1.170500,-0.083600
2023-07-24,8.0082494800,8.0415063300,7.8619193400,7.9151303000,3683471,44082449.9800,0.882300,-0.418400
2023-07-25,8.0015981100,8.0814145500,7.9284330400,8.0614604400,4327602,51970341.0000,1.036600,1.848700
2023-07-26,8.0415063300,8.0415063300,7.8752220800,7.9616898900,5657721,67557669.2700,1.355200,-1.237600
2023-07-27,7.9616898900,8.0282035900,7.8951761900,7.9151303000,3243600,38727040.0000,0.776900,-0.584800
2023-07-28,7.9683412600,7.9683412600,7.8486166000,7.9417357800,3086300,36657527.0000,0.739300,0.336100
2023-07-31,7.9151303000,8.0947172900,7.8552679700,8.0215522200,4280440,51392608.4000,1.025300,1.005000
2023-08-01,8.0215522200,8.0681118100,7.9151303000,7.9816440000,4528872,54373969.7200,1.084800,-0.497500
2023-08-02,7.9550385200,8.1013686600,7.9350844100,8.0149008500,3204900,38721613.4000,0.767700,0.416700
2023-08-03,8.0947172900,8.0947172900,7.9284330400,8.0149008500,2189297,26301866.1300,0.524400,0.000000
2023-08-04,8.0614604400,8.1346255100,8.0149008500,8.0548090700,3772947,45849712.4600,0.903700,0.497900
2023-08-07,8.1013686600,8.3009097600,8.0814145500,8.1146714000,5306901,65150495.0500,1.271200,0.743200
2023-08-08,8.0947172900,8.1745337300,7.9683412600,8.0614604400,3514300,42754583.0000,0.841800,-0.655700
2023-08-09,8.0282035900,8.1346255100,7.8552679700,7.8685707100,4775499,57040357.9400,1.143900,-2.392700
2023-08-10,7.8685707100,7.9816440000,7.8419652300,7.9483871500,3068200,36510424.0000,0.734900,1.014400
2023-08-11,7.9683412600,8.0481577000,7.8486166000,7.8752220800,3035100,36225855.9800,0.727000,-0.920500
2023-08-14,7.8619193400,7.9749926300,7.7688001600,7.9550385200,2811505,33326346.3600,0.673400,1.013500
2023-08-15,7.9949467400,8.0149008500,7.8419652300,7.9284330400,2081227,24794733.9900,0.498500,-0.334400
2023-08-16,7.8951761900,7.9683412600,7.7887542700,7.8286624900,2241600,26479699.0000,0.536900,-1.258400
2023-08-17,7.8353138600,7.9350844100,7.7355433100,7.9151303000,2027800,23949051.0000,0.485700,1.104500
2023-08-18,7.9683412600,8.0282035900,7.7954056400,7.8220111200,2617412,31032829.7800,0.627000,-1.176500
2023-08-21,7.8087083800,7.9816440000,7.7887542700,7.9018275600,4138408,49306827.4400,0.991300,1.020400
2023-08-22,7.8685707100,7.9816440000,7.6690296100,7.8885248200,3887332,45608533.2400,0.931100,-0.168400
2023-08-23,7.8552679700,7.9616898900,7.8220111200,7.8685707100,3088800,36658227.0000,0.739900,-0.253000
2023-08-24,7.8685707100,8.0015981100,7.8419652300,7.9417357800,2882800,34377267.3700,0.690500,0.929800
2023-08-25,7.9350844100,7.9683412600,7.7355433100,7.7887542700,3170500,37275321.8800,0.759400,-1.926300
2023-08-28,8.1745337300,8.1811851000,7.8552679700,7.9084789300,5941975,71881637.0000,1.423300,1.537100
2023-08-29,7.9483871500,8.0215522200,7.8619193400,7.9417357800,4208627,50327674.5700,1.008100,0.420500
2023-08-30,8.0415063300,8.0681118100,7.8020570100,7.8552679700,4710775,55976038.4400,1.128400,-1.088800
2023-08-31,7.9616898900,7.9616898900,7.7022864600,7.7355433100,5102451,59527160.1600,1.222200,-1.524100
2023-09-01,7.7155892000,8.0215522200,7.6490755000,7.8752220800,5476899,64809531.2700,1.311900,1.805700
2023-09-04,7.8818734500,8.0015981100,7.8552679700,7.9350844100,4947436,58895044.3200,1.185100,0.760100
2023-09-05,7.9683412600,7.9816440000,7.6025159100,7.6424241300,6723707,77871001.0900,1.610500,-3.688200
2023-09-06,7.6357727600,7.7355433100,7.5692590600,7.6357727600,4093737,47083246.0100,0.980600,-0.087000
2023-09-07,7.6357727600,7.7821029000,7.5958645400,7.6823323500,3980897,46143377.3500,0.953500,0.609800
2023-09-08,7.6025159100,7.7089378300,7.5426535800,7.6424241300,2703801,30938085.3200,0.647600,-0.519500
2023-09-11,7.6224700200,7.7089378300,7.5559563200,7.6690296100,2879900,33158782.6600,0.689800,0.348100
2023-09-12,7.6756809800,7.7155892000,7.5493049500,7.6091672800,2740035,31371353.5300,0.656300,-0.780600
2023-09-13,7.6490755000,7.6490755000,7.4428830300,7.4628371400,3348800,37757268.0000,0.802100,-1.923100
2023-09-14,7.4894426200,7.5027453600,7.3697179600,7.4162775500,5687400,63543064.0000,1.362300,-0.623900
2023-09-15,7.4362316600,7.4960939900,7.3497638500,7.4362316600,4588815,51294865.0100,1.099200,0.269100
2023-09-18,7.5426535800,7.5825618000,7.3364611100,7.5759104300,3578099,40289017.8900,0.857100,1.878400
2023-09-19,7.5426535800,7.6623782400,7.4628371400,7.5426535800,3025319,34269176.2500,0.724700,-0.439000
2023-09-20,7.4894426200,7.6889837200,7.4162775500,7.5027453600,3190969,36072297.2500,0.764300,-0.529100
2023-09-21,7.4694885100,7.5027453600,7.3231583700,7.3431124800,2373767,26316446.8700,0.568600,-2.127700
2023-09-22,7.3630665900,7.6091672800,7.2899015200,7.4495344000,2700600,30123918.0000,0.646900,1.449300
2023-09-25,7.4229289200,7.5226994700,7.3763693300,7.3963234400,3769200,42103047.0000,0.902800,-0.714300
2023-09-26,7.4295802900,7.4894426200,7.3630665900,7.4362316600,2299169,25698466.8700,0.550700,0.539600
2023-09-27,7.4162775500,7.5226994700,7.4162775500,7.4495344000,2719081,30519945.1500,0.651300,0.178900
2023-09-28,7.4694885100,7.5360022100,7.4029748100,7.4029748100,3775700,42251169.0000,0.904400,-0.625000
2023-10-09,7.3896720700,7.4428830300,7.1369200100,7.2566446700,5532500,60328376.0000,1.325200,-1.976600
2023-10-10,7.2699474100,7.3032042600,7.0571035700,7.1169659000,3872861,41596246.5600,0.927700,-1.924800
2023-10-11,7.0837090500,7.0837090500,6.4784343800,6.5382967100,12835401,127354193.5900,3.074500,-8.130800
2023-10-12,6.5981590400,6.6447186300,6.4385261600,6.5915076700,9191400,90170094.0000,2.201600,0.813800
2023-10-13,6.5515994500,6.6314158900,6.4518289000,6.4850857500,5709688,55913260.6500,1.367600,-1.614500
2023-10-16,6.4518289000,6.4784343800,6.3121501300,6.3454069800,5981788,57279744.9000,1.432800,-2.153800
2023-10-17,6.3653610900,6.5515994500,6.3188015000,6.3520583500,5386437,51709544.9800,1.290200,0.104800
2023-10-18,6.3387556100,6.3587097200,6.2256823200,6.2722419100,4307657,40690108.5100,1.031800,-1.256500
2023-10-19,6.2323336900,6.4518289000,6.2323336900,6.2921960200,4728869,45058912.2100,1.132700,0.318100
2023-10-20,6.2522878000,6.3454069800,6.2057282100,6.2655905400,4073800,38407932.0000,0.975800,-0.422800
2023-10-23,6.2190309500,6.2788932800,6.0727008100,6.1126090300,4765888,44172367.6200,1.141600,-2.441600
2023-10-24,6.1059576600,6.2855446500,5.9862330000,6.2522878000,3690782,34471016.3500,0.884100,2.285100
2023-10-25,6.3188015000,6.3786638300,6.2855446500,6.3454069800,3552749,33846279.1500,0.851000,1.489400
2023-10-26,6.2988473900,6.3188015000,6.2323336900,6.2855446500,3416532,32214241.0800,0.818400,-0.943400
2023-10-27,6.2988473900,6.3986179400,6.2256823200,6.3919665700,3932730,37527525.6800,0.942000,1.693100
2023-10-30,6.3321042400,6.4385261600,6.2057282100,6.2389850600,7281199,68589558.6400,1.744100,-2.393300
2023-10-31,6.2323336900,6.2722419100,6.0527467000,6.1392145100,7482571,68920060.0100,1.792300,-1.599100
2023-11-01,6.1392145100,6.2057282100,6.0926549200,6.1458658800,6032124,55791506.4900,1.444900,0.108300
2023-11-02,6.1525172500,6.2389850600,6.1259117700,6.1857741000,5616045,52277660.3500,1.345200,0.649400
2023-11-03,6.1857741000,6.2788932800,6.1724713600,6.2389850600,5382515,50482869.0700,1.289300,0.860200
2023-11-06,6.2323336900,6.4717830100,6.2256823200,6.3853152000,9655276,92580262.5100,2.312700,2.345400
2023-11-07,6.3786638300,6.3853152000,6.2589391700,6.3188015000,4764000,45181071.0000,1.141100,-1.041700
2023-11-08,6.2988473900,6.3587097200,6.2323336900,6.2522878000,5099340,48277736.0000,1.221500,-1.052600
2023-11-09,6.2522878000,6.2988473900,6.2190309500,6.2389850600,3732011,35076066.2900,0.893900,-0.212800
2023-11-10,6.2522878000,6.2722419100,6.1458658800,6.1924254700,3175900,29513738.0000,0.760700,-0.746300
2023-11-13,6.2190309500,6.2522878000,6.1458658800,6.2057282100,4625101,43063960.2500,1.107900,0.214800
2023-11-14,6.2323336900,6.2456364300,6.1591686200,6.2256823200,4137300,38559591.0000,0.991000,0.321500
2023-11-15,6.2522878000,6.3121501300,6.2256823200,6.2589391700,3395896,32013787.8400,0.813400,0.534200
2023-11-16,6.2522878000,6.3321042400,6.2123795800,6.2855446500,3850136,36344438.5200,0.922200,0.425100
2023-11-17,6.2722419100,6.3254528700,6.2123795800,6.3188015000,4290600,40467212.0000,1.027700,0.529100
2023-11-20,6.3054987600,6.3653610900,6.2389850600,6.3121501300,4164600,39441098.0000,0.997600,-0.105300
2023-11-21,6.3254528700,6.3853152000,6.3054987600,6.3587097200,4327837,41340097.0400,1.036700,0.737600
2023-11-22,6.3520583500,6.4119206800,6.3121501300,6.3454069800,3975096,38092217.5500,0.952200,-0.209200
2023-11-23,6.3387556100,6.3786638300,6.2722419100,6.3786638300,3438801,32743680.5800,0.823700,0.524100
2023-11-24,6.3786638300,6.4119206800,6.2921960200,6.3054987600,2815159,26851873.0700,0.674300,-1.147000
2023-11-27,6.3054987600,6.3520583500,6.1791227300,6.2123795800,5641201,52990855.3200,1.351200,-1.476800
2023-11-28,6.2323336900,6.2323336900,6.0993062900,6.1658199900,6150839,56957423.9300,1.473300,-0.749500
2023-11-29,6.1924254700,6.1924254700,6.0460953300,6.0660494400,4103916,37584936.9200,0.983000,-1.618100
2023-11-30,6.0593980700,6.1259117700,6.0394439600,6.0926549200,4568999,41776280.8300,1.094400,0.438600
2023-12-01,6.1059576600,6.2855446500,6.0660494400,6.2655905400,4761157,44475936.8800,1.140400,2.838400
2023-12-04,6.2788932800,6.3520583500,6.2456364300,6.2988473900,4822103,45700222.5300,1.155000,0.530800
2023-12-05,6.3121501300,6.3121501300,6.1924254700,6.1924254700,3197300,29980099.5000,0.765900,-1.689500
2023-12-06,6.1857741000,6.2855446500,6.1392145100,6.2589391700,3605003,33740063.9600,0.863500,1.074100
2023-12-07,6.2655905400,6.2788932800,6.1857741000,6.2522878000,3663500,34374009.8300,0.877500,-0.106300
2023-12-08,6.2722419100,6.2788932800,6.1325631400,6.1458658800,3947100,36811184.0000,0.945500,-1.702100
2023-12-11,6.1259117700,6.1857741000,6.0527467000,6.1724713600,4303300,39552255.0000,1.030800,0.432900
2023-12-12,6.1924254700,6.3188015000,6.1924254700,6.2921960200,4981400,46981114.0000,1.193200,1.939700
2023-12-13,6.3054987600,6.3387556100,6.2256823200,6.2256823200,3631900,34293367.0000,0.870000,-1.057100
2023-12-14,6.2323336900,6.3919665700,6.2323336900,6.3321042400,6302599,59834118.4000,1.509700,1.709400
2023-12-15,6.4185720500,6.4385261600,6.2855446500,6.3387556100,6388888,61157372.3600,1.530300,0.105000
2023-12-18,6.2855446500,6.3786638300,6.1990768400,6.2389850600,5262868,49650214.0600,1.260600,-1.574000
2023-12-19,6.2256823200,6.2456364300,6.1059576600,6.1591686200,4521236,41850023.6000,1.083000,-1.279300
2023-12-20,6.1658199900,6.1791227300,5.9995357400,6.0061871100,4172796,38146814.9200,0.999500,-2.483800
2023-12-21,6.0061871100,6.0527467000,5.8266001200,6.0527467000,5385924,48227126.4200,1.290100,0.775200
2023-12-22,6.0394439600,6.0660494400,5.8798110800,5.9330220400,4027734,35983668.9400,0.964800,-1.978000
2023-12-25,5.8864624500,5.8997651900,5.6935727200,5.7534350500,5095198,44249866.7400,1.220500,-3.026900
2023-12-26,5.7467836800,5.8132973800,5.6270590200,5.6403617600,3083700,26406252.0000,0.738600,-1.965300
2023-12-27,5.6536645000,5.7334809400,5.6004535400,5.7068754600,2826800,24103432.4700,0.677100,1.179200
2023-12-28,5.7002240900,5.9064165600,5.6470131300,5.8731597100,4470328,38932454.2800,1.070800,2.913800
2023-12-29,5.8598569700,5.9064165600,5.7999946400,5.8798110800,3510410,30943216.8000,0.840900,0.113300
2024-01-02,5.8864624500,6.0128384800,5.8798110800,5.9330220400,5534050,49601785.0000,1.325600,0.905000
2024-01-03,5.9995357400,6.0793521800,5.9330220400,6.0061871100,3896800,35177469.0000,0.933400,1.233200
2024-01-04,6.0394439600,6.0660494400,5.9862330000,6.0261412200,4122754,37366827.7600,0.987500,0.332200
2024-01-05,6.0460953300,6.0527467000,5.8798110800,5.9263706700,3138292,28196216.1600,0.751700,-1.655600
2024-01-08,5.9197193000,6.0061871100,5.8665083400,5.8931138200,4923081,44081694.3000,1.179200,-0.561200
2024-01-09,5.8997651900,5.9862330000,5.8798110800,5.9596275200,3151724,28115336.8700,0.754900,1.128700
2024-01-10,5.9596275200,5.9596275200,5.8532056000,5.8997651900,2717867,24117577.2200,0.651000,-1.004500
2024-01-11,5.8864624500,5.9862330000,5.8864624500,5.9662788900,3035100,27090586.0000,0.727000,1.127400
2024-01-12,6.1192604000,6.2057282100,5.8931138200,5.9064165600,9309901,83922887.3100,2.230000,-1.003300
2024-01-15,5.9263706700,6.0261412200,5.8731597100,5.9529761500,7099531,63684996.6400,1.700600,0.788300
2024-01-16,5.9396734100,5.9795816300,5.7733891600,5.8532056000,6456351,56804008.3900,1.546500,-1.676000
2024-01-17,5.8465542300,5.8731597100,5.6869213500,5.7068754600,4235132,36924370.9200,1.014400,-2.500000
2024-01-18,5.6536645000,5.6935727200,5.4607747700,5.6204076500,5432336,45349342.6800,1.301200,-1.515200
2024-01-19,5.6204076500,5.7467836800,5.5871508000,5.6204076500,3907100,33218881.8900,0.935900,0.000000
2024-01-22,5.6137562800,5.6470131300,5.1880686000,5.2412795600,6404500,51832038.0000,1.534100,-6.745600
2024-01-23,5.2412795600,5.4208665500,5.0882980500,5.3942610700,6570990,51958973.1900,1.574000,2.918800
2024-01-24,5.4408206600,5.9330220400,5.4408206600,5.9330220400,18610154,163010627.0900,4.457700,9.987700
2024-01-25,5.9795816300,6.2788932800,5.9795816300,6.1990768400,29847596,276426581.9200,7.149400,4.484300
2024-01-26,6.1857741000,6.4385261600,6.1192604000,6.3054987600,23636342,224767361.0700,5.661600,1.716700
2024-01-29,6.4185720500,6.6247645200,6.3121501300,6.3321042400,21335549,205930628.7800,5.110500,0.421900
2024-01-30,6.2323336900,6.3786638300,6.0727008100,6.0860035500,14063193,131514982.6000,3.368600,-3.886600
2024-01-31,6.0593980700,6.1658199900,5.6071049100,5.6935727200,17798704,158816463.1000,4.263300,-6.448100
2024-02-01,5.6935727200,5.7002240900,5.1282062700,5.3144446300,17218619,138221354.1900,4.124400,-6.658900
2024-02-02,5.2878391500,5.4607747700,4.8089405100,5.0284357200,14125700,108770023.0000,3.383500,-5.381700
2024-02-05,4.9153624300,4.9486192800,4.5229316000,4.5229316000,17152555,117963232.0000,4.108600,-10.052900
2024-02-06,4.4431151600,4.7557295500,4.1105466600,4.6160507800,17296384,114442642.5800,4.143000,2.058800
2024-02-07,4.6093994100,4.6759131100,4.4630692700,4.5362343400,12310743,84321904.0400,2.948800,-1.729100
2024-02-08,4.8555001000,4.9885275000,4.7889864000,4.9885275000,6063143,45157328.9200,1.452300,9.970700
2024-02-19,5.4873802500,5.4873802500,5.4873802500,5.4873802500,2226100,18365325.0000,0.533200,10.000000
2024-02-20,5.7866919000,6.0394439600,5.5405912100,5.6935727200,34909565,309761471.7800,8.361900,3.757600
2024-02-21,5.5738480600,5.8132973800,5.5206371000,5.6071049100,19323733,165055149.8900,4.628600,-1.518700
2024-02-22,5.5538939500,5.7068754600,5.5339398400,5.6603158700,10499208,88614297.5000,2.514900,0.949000
2024-02-23,5.6337103900,5.7135268300,5.6204076500,5.7002240900,10204000,87056554.2900,2.444200,0.705100
2024-02-26,5.7068754600,5.7467836800,5.5804994300,5.6935727200,9338435,79635665.1000,2.236800,-0.116700
2024-02-27,5.8399028600,6.1525172500,5.7201782000,5.9995357400,18059413,162311748.5100,4.325800,5.373800
2024-02-28,6.0194898500,6.0194898500,5.5206371000,5.5272884700,15161984,132981772.3500,3.631800,-7.871400
2024-02-29,5.4607747700,5.7201782000,5.4541234000,5.7002240900,9221767,77844365.9300,2.208900,3.128800
2024-03-01,5.7068754600,5.8798110800,5.6736186100,5.7268295700,7507319,64746179.4200,1.798200,0.466700
2024-03-04,5.6869213500,5.7201782000,5.5938021700,5.6603158700,5628700,47808392.0000,1.348200,-1.161400
2024-03-05,5.6603158700,5.6869213500,5.4940316200,5.5139857300,5095800,42464276.0000,1.220600,-2.585200
2024-03-06,5.5472425800,5.6004535400,5.5006829900,5.5804994300,4136304,34567148.3800,0.990800,1.206300
2024-03-07,5.5938021700,5.6403617600,5.5006829900,5.5804994300,4084900,34260250.0000,0.978500,0.000000
2024-03-08,5.5738480600,5.8332514900,5.5339398400,5.7068754600,7964616,67899001.6600,1.907800,2.264600
2024-03-11,5.6337103900,5.7999946400,5.6337103900,5.7667377900,5194000,44884479.0000,1.244100,1.049000
2024-03-12,5.7733891600,5.9529761500,5.7401323100,5.8199487500,6597287,57724677.5500,1.580300,0.922700
2024-03-13,5.7999946400,5.8665083400,5.7600864200,5.7866919000,4936700,43085141.0000,1.182500,-0.571400
2024-03-14,5.7733891600,5.8332514900,5.6736186100,5.7467836800,4027838,34931842.7200,0.964800,-0.689700
2024-03-15,5.7467836800,5.8399028600,5.6869213500,5.8399028600,3857351,33398623.1700,0.924000,1.620400
2024-03-18,5.8266001200,5.8997651900,5.8199487500,5.8798110800,4548368,40102621.0800,1.089500,0.683400
2024-03-19,5.8798110800,5.9330220400,5.8332514900,5.8465542300,5134258,45418253.4400,1.229800,-0.565600
2024-03-20,5.8066460100,5.9928843700,5.8066460100,5.9862330000,5708004,50896872.4000,1.367200,2.389100
2024-03-21,5.9928843700,6.0727008100,5.9064165600,5.9928843700,4615402,41534103.9400,1.105500,0.111100
2024-03-22,5.9529761500,6.0660494400,5.8598569700,6.0128384800,5189300,46654925.5200,1.243000,0.333000
2024-03-25,5.9862330000,6.1325631400,5.9729302600,5.9995357400,6605179,60224600.0100,1.582100,-0.221200
2024-03-26,5.9795816300,5.9995357400,5.7933432700,5.8798110800,5306202,47045834.6600,1.271000,-1.995600
2024-03-27,5.9263706700,5.9529761500,5.7800405300,5.8132973800,4365800,38463240.4600,1.045700,-1.131200
2024-03-28,5.8199487500,5.9263706700,5.7999946400,5.8532056000,4560950,40236592.6400,1.092500,0.686500
2024-03-29,5.8598569700,5.9529761500,5.8066460100,5.9529761500,3692082,32831332.4400,0.884400,1.704500
2024-04-01,5.9928843700,6.0194898500,5.9330220400,6.0194898500,4647686,41741794.7000,1.113300,1.117300
2024-04-02,6.0194898500,6.0793521800,5.9995357400,6.0593980700,4472549,40644227.8400,1.071300,0.663000
2024-04-03,6.0727008100,6.5515994500,6.0460953300,6.3986179400,12685998,119896067.0300,3.038700,5.598200
2024-04-08,6.4185720500,6.5316453400,6.1192604000,6.1857741000,9505559,88861290.6700,2.276900,-3.326400
2024-04-09,6.1392145100,6.1857741000,6.0394439600,6.1392145100,5700526,52327458.7900,1.365500,-0.752700
2024-04-10,6.1126090300,6.1192604000,5.7933432700,5.8864624500,9612006,85676392.5700,2.302400,-4.117000
2024-04-11,6.0926549200,6.2190309500,5.8598569700,5.9862330000,9744010,88360083.8600,2.334000,1.694900
2024-04-12,6.1192604000,6.1525172500,5.9596275200,5.9795816300,7209370,65199881.3200,1.726900,-0.111100
2024-04-15,5.9529761500,5.9862330000,5.6869213500,5.9064165600,9810283,85952748.0000,2.349900,-1.223600
2024-04-16,5.8532056000,5.8598569700,5.4807288800,5.4873802500,10354954,88338670.8700,2.480300,-7.094600
2024-04-17,5.7201782000,5.8266001200,5.6603158700,5.8066460100,6872696,59492038.4000,1.646200,5.818200
2024-04-18,5.8266001200,5.9662788900,5.7999946400,5.9064165600,6353001,56304889.5000,1.521700,1.718200
2024-04-19,5.9263706700,5.9396734100,5.7933432700,5.8199487500,4416700,38844694.0000,1.057900,-1.464000
2024-04-22,5.7600864200,5.9263706700,5.6869213500,5.7999946400,4870453,42643127.6900,1.166600,-0.342900
2024-04-23,5.7999946400,5.8532056000,5.7135268300,5.7467836800,3424800,29684581.0000,0.820300,-0.917400
2024-04-24,5.7800405300,5.7933432700,5.7068754600,5.7800405300,2388300,20678074.0000,0.572100,0.578700
2024-04-25,5.7933432700,5.8731597100,5.7600864200,5.8665083400,3567300,31331540.0000,0.854500,1.496000
2024-04-26,5.8665083400,6.0327925900,5.8132973800,5.9529761500,4992102,44437673.6800,1.195800,1.473900
2024-04-29,5.9197193000,6.1059576600,5.8931138200,6.1059576600,5852020,53019934.0000,1.401700,2.569800
2024-04-30,6.0394439600,6.0394439600,5.8532056000,5.8931138200,6746559,60039741.7900,1.616000,-3.485800
2024-05-06,5.9330220400,6.0194898500,5.9330220400,6.0194898500,4693825,42190781.3700,0.887900,2.144500
2024-05-07,5.9928843700,6.0394439600,5.9596275200,5.9995357400,3177400,28628992.0000,0.601100,-0.331500
2024-05-08,5.9862330000,6.0194898500,5.9197193000,5.9263706700,3038500,27225334.0900,0.574800,-1.219500
2024-05-09,5.9064165600,6.0194898500,5.9064165600,5.9862330000,3881091,34907703.0000,0.734200,1.010100
2024-05-10,6.0327925900,6.0327925900,5.9396734100,5.9795816300,2503355,22501912.2300,0.473600,-0.111100
2024-05-13,5.9596275200,5.9596275200,5.8465542300,5.8731597100,3529980,31242324.2000,0.667800,-1.779800
2024-05-14,5.8665083400,5.9529761500,5.8665083400,5.9197193000,1963818,17462869.3800,0.371500,0.792800
2024-05-15,5.9529761500,5.9729302600,5.8864624500,5.9330220400,2610921,23334712.7900,0.493900,0.224700
2024-05-16,5.9330220400,6.0194898500,5.9130679300,5.9795816300,3155700,28363868.0000,0.597000,0.784800
2024-05-17,5.9729302600,6.0061871100,5.9064165600,5.9729302600,2715600,24278737.0000,0.513700,-0.111200
2024-05-20,5.9729302600,6.0061871100,5.9330220400,5.9862330000,2825500,25390905.0000,0.534500,0.222700
2024-05-21,5.9795816300,5.9862330000,5.8798110800,5.8931138200,2321314,20684116.3000,0.439100,-1.555600
2024-05-22,5.9197193000,5.9396734100,5.8931138200,5.9064165600,1706500,15171448.8600,0.322800,0.225700
2024-05-23,5.9064165600,5.9197193000,5.6669672400,5.7002240900,4781914,41387992.3800,0.904600,-3.491000
2024-05-24,5.7334809400,5.7401323100,5.6337103900,5.6403617600,2484460,21173002.6300,0.470000,-1.050200
2024-05-27,5.6802699800,5.6802699800,5.5605453200,5.6337103900,2166200,18265306.0000,0.409800,-0.117900
2024-05-28,5.6536645000,5.6603158700,5.5405912100,5.5538939500,1936400,16270596.0000,0.366300,-1.416800
2024-05-29,5.5804994300,5.6270590200,5.5472425800,5.5738480600,1765900,14819276.0000,0.334100,0.359300
2024-05-30,5.5605453200,5.6004535400,5.5206371000,5.5671966900,1490900,12478549.0000,0.282000,-0.119300
2024-05-31,5.5738480600,5.6869213500,5.5605453200,5.6536645000,2178438,18477567.6800,0.412100,1.553200
2024-06-03,5.6869213500,5.6869213500,5.5073343600,5.5738480600,2487000,20924531.0000,0.470500,-1.411800
2024-06-04,5.5605453200,5.6004535400,5.4940316200,5.6004535400,1608050,13402304.0000,0.304200,0.477300
2024-06-05,5.5538939500,5.5871508000,5.4940316200,5.5006829900,1764100,14702132.0000,0.333700,-1.781500
2024-06-06,5.5139857300,5.5139857300,5.3210960000,5.3543528500,3664800,29699551.0000,0.693300,-2.660200
2024-06-07,5.3743069600,5.4807288800,5.3743069600,5.4541234000,2323060,18980579.8000,0.439500,1.863400
2024-06-11,5.4474720300,5.4474720300,5.3543528500,5.4408206600,1352115,10984117.7500,0.255800,-0.243900
2024-06-12,5.4142151800,5.5206371000,5.4009124400,5.5006829900,1579500,13023648.0000,0.298800,1.100200
2024-06-13,5.4541234000,5.5139857300,5.4275179200,5.4674261400,1389700,11413209.0000,0.262900,-0.604600
2024-06-14,5.4607747700,5.5538939500,5.4275179200,5.5139857300,1420400,11728425.0000,0.268700,0.851600
2024-06-17,5.4740775100,5.5073343600,5.4474720300,5.4607747700,1191100,9800337.0000,0.225300,-0.965000
2024-06-18,5.4408206600,5.5073343600,5.4408206600,5.5006829900,950550,7839095.0000,0.179800,0.730800
2024-06-19,5.4607747700,5.5139857300,5.4541234000,5.4541234000,887800,7319750.0000,0.167900,-0.846400
2024-06-20,5.4740775100,5.4740775100,5.3277473700,5.3343987400,1535388,12399749.8800,0.290400,-2.195100
2024-06-21,5.3343987400,5.3610042200,5.2811877800,5.3343987400,1074500,8614792.0000,0.203300,0.000000
2024-06-24,5.3477014800,5.3543528500,5.2213254500,5.2346281900,1764300,13992025.4000,0.333800,-1.870300
2024-06-25,5.2346281900,5.2878391500,5.2146740800,5.2545823000,1392510,11014433.4000,0.263400,0.381200
2024-06-26,5.2479309300,5.3277473700,5.2146740800,5.3077932600,2295209,18200360.1500,0.434200,1.012700
2024-06-27,5.2944905200,5.3610042200,5.2612336700,5.2878391500,2682854,21425155.0400,0.507500,-0.375900
2024-06-28,5.2878398400,5.3165781000,5.1441485400,5.1537279600,3787969,20724786.9000,0.515000,-2.536200
2024-07-01,5.1345691200,5.2782604200,5.0770926000,5.2495221600,3137764,17001861.4000,0.426600,1.858700
2024-07-02,5.2207839000,5.3548957800,5.2207839000,5.2974192600,1962826,10848808.7200,0.266900,0.912400
2024-07-03,5.2686810000,5.3644752000,5.2686810000,5.3357369400,2045526,11361916.5300,0.278100,0.723300
2024-07-04,5.3357369400,5.3357369400,5.1441485400,5.1728868000,2137700,11632465.3200,0.290600,-3.052100
2024-07-05,5.1441485400,5.2399427400,5.1058308600,5.2207839000,1222580,6620178.8000,0.166200,0.925900
2024-07-08,5.2207839000,5.2207839000,5.0579337600,5.0770926000,2286660,12214406.6600,0.310900,-2.752300
2024-07-09,4.9142424600,4.9142424600,4.7034952200,4.8471865200,7023326,35327406.8600,0.954900,-4.528300
2024-07-10,4.8376071000,4.9238218800,4.7705511600,4.8376071000,3738208,19024439.0400,0.508200,-0.197600
2024-07-11,4.9142424600,5.0004572400,4.8759247800,5.0004572400,3044420,15802521.8000,0.413900,3.366300
2024-07-12,5.0004572400,5.0579337600,4.9525601400,4.9621395600,1982280,10321272.8000,0.269500,-0.766300
2024-07-15,4.9525601400,4.9908778200,4.8759247800,4.9238218800,2072514,10626865.8000,0.281800,-0.772200
2024-07-16,4.8855042000,4.9429807200,4.8567659400,4.8950836200,1321140,6751579.6000,0.179600,-0.583700
2024-07-17,4.9334013000,5.0866720200,4.8855042000,5.0291955000,4292350,22452966.5000,0.583600,2.739700
2024-07-18,4.9908778200,5.0962514400,4.9142424600,5.0483543400,3172950,16629366.4000,0.431400,0.381000
2024-07-19,5.0004572400,5.0387749200,4.9142424600,4.9621395600,2727694,14154193.0000,0.370800,-1.707800
2024-07-22,4.9429807200,4.9812984000,4.8855042000,4.9717189800,1599614,8270209.7200,0.217500,0.193100
2024-07-23,4.9812984000,5.0100366600,4.9046630400,4.9046630400,1576600,8151658.4000,0.214300,-1.348700
2024-07-24,4.8855042000,4.9238218800,4.8088688400,4.8184482600,2029700,10318395.0000,0.275900,-1.757800
2024-07-25,4.8184482600,4.9334013000,4.7992894200,4.8950836200,2005220,10213033.8000,0.272600,1.590500
2024-07-26,4.9142424600,5.1058308600,4.9046630400,5.0483543400,3329080,17459584.0000,0.452600,3.131100
2024-07-29,5.0291955000,5.1441485400,5.0100366600,5.1154102800,2928000,15554683.4000,0.398100,1.328300
2024-07-30,5.1345691200,5.2399427400,5.0866720200,5.2207839000,3120840,16831981.2000,0.424300,2.059900
2024-07-31,5.2303633200,5.3644752000,5.1824662200,5.3165781000,5059820,28050495.0000,0.687900,1.834900
2024-08-01,5.3261575200,5.3740546200,5.2399427400,5.2686810000,3622560,19994926.6900,0.492500,-0.900900
2024-08-02,5.2782604200,5.3165781000,5.1728868000,5.2016250600,2982940,16367545.0000,0.405500,-1.272700
2024-08-05,5.2207839000,5.3453163600,5.1920456400,5.1920456400,3990202,21971228.2400,0.542500,-0.184200
2024-08-06,5.2112044800,5.2878398400,5.1920456400,5.2591015800,2478220,13564570.8000,0.336900,1.291500
2024-08-07,5.2495221600,5.2782604200,5.2112044800,5.2399427400,2200920,12044518.0000,0.299200,-0.364300
2024-08-08,5.2495221600,5.2495221600,5.1824662200,5.2399427400,1607652,8770011.2400,0.218600,0.000000
2024-08-09,5.2303633200,5.2591015800,5.1441485400,5.1537279600,1967160,10696262.8000,0.267400,-1.645300
2024-08-12,5.1633073800,5.2016250600,5.1058308600,5.1249897000,1678920,9023533.8000,0.228300,-0.557600
2024-08-13,5.1345691200,5.1633073800,5.0770926000,5.1441485400,1073661,5741908.5200,0.146000,0.373800
2024-08-14,5.1537279600,5.1633073800,5.0483543400,5.0579337600,1363960,7258869.2000,0.185400,-1.676000
2024-08-15,5.0579337600,5.1824662200,4.9812984000,5.1537279600,2651159,14215030.7500,0.360400,1.893900
2024-08-16,5.1633073800,5.1824662200,5.0866720200,5.1058308600,1694732,9094686.6800,0.230400,-0.929400
2024-08-19,5.1058308600,5.1920456400,5.0675131800,5.1537279600,1881900,10106420.0000,0.255900,0.938100
2024-08-20,5.1441485400,5.1537279600,5.0004572400,5.0196160800,2079394,10972785.5600,0.282700,-2.602200
2024-08-21,5.0004572400,5.0866720200,4.9812984000,5.0196160800,2150222,11311112.2600,0.292300,0.000000
2024-08-22,5.0100366600,5.0483543400,4.8855042000,4.9046630400,2182860,11279304.2000,0.296800,-2.290100
2024-08-23,4.8567659400,4.9334013000,4.8376071000,4.8759247800,1852140,9418551.0000,0.251800,-0.585900
2024-08-26,4.8663453600,4.9429807200,4.8184482600,4.8471865200,2854143,14502236.0400,0.388000,-0.589400
2024-08-27,4.8376071000,4.8663453600,4.7705511600,4.8184482600,2872324,14435881.2800,0.390500,-0.592900
2024-08-28,4.8088688400,4.9142424600,4.7992894200,4.8471865200,1890411,9577739.0400,0.257000,0.596400
2024-08-29,4.8376071000,4.9525601400,4.8184482600,4.9238218800,1962828,10022924.4400,0.266900,1.581000
2024-08-30,4.8950836200,5.1058308600,4.8950836200,5.0100366600,3420961,17938246.0300,0.465100,1.751000
2024-09-02,5.0100366600,5.0866720200,5.0004572400,5.0291955000,3784640,19920726.0800,0.514500,0.382400
2024-09-03,5.0579337600,5.0866720200,4.9908778200,5.0675131800,1935160,10196337.8000,0.263100,0.761900
2024-09-04,5.0675131800,5.0675131800,4.9717189800,5.0291955000,2246800,11770768.4000,0.305500,-0.756100
2024-09-05,5.0196160800,5.1058308600,4.9717189800,5.0866720200,2405420,12750071.6000,0.327000,1.142900
2024-09-06,5.5943812800,5.5943812800,5.3644752000,5.5943812800,23787395,138278093.3500,3.234000,9.981200
2024-09-09,5.5560636000,5.5560636000,5.3261575200,5.3453163600,25981611,146520872.2500,3.532300,-4.452100
2024-09-10,5.4698488200,5.8817638800,5.4602694000,5.7189137400,36331142,216155497.9800,4.939400,6.989200
2024-09-11,5.3453163600,5.5464841800,5.2495221600,5.4506899800,21403777,121357805.5100,2.910000,-4.690100
2024-09-12,5.4027928800,5.4506899800,5.2495221600,5.2878398400,16410583,91237977.5000,2.231100,-2.987700
2024-09-13,5.3261575200,5.3453163600,5.1249897000,5.2399427400,11273473,61556608.3800,1.532700,-0.905800
2024-09-18,5.2112044800,5.4506899800,5.1249897000,5.4027928800,14943023,83149510.1600,2.031600,3.107900
2024-09-19,5.3644752000,5.4698488200,5.3453163600,5.4219517200,10678452,60150692.6000,1.451800,0.354600
2024-09-20,5.4027928800,5.4219517200,5.2399427400,5.3261575200,9020491,50130074.9000,1.226400,-1.766800
2024-09-23,5.3261575200,5.3453163600,5.2495221600,5.3165781000,5437280,30028990.2000,0.739200,-0.179900
2024-09-24,5.3453163600,5.4890076600,5.2878398400,5.4794282400,10791654,61060827.8600,1.467200,3.063100
2024-09-25,5.6326989600,5.7476520000,5.5369047600,5.5369047600,15516161,91520982.1500,2.109500,1.049000
2024-09-26,5.6231195400,5.7189137400,5.5560636000,5.7189137400,11295610,66585890.7000,1.535700,3.287200
2024-09-27,5.9392404000,6.0446140200,5.8338667800,5.9871375000,11968424,74084634.5500,1.627200,4.690100
2024-09-30,6.5906409600,6.5906409600,6.4756879200,6.5906409600,10671242,73383965.1600,1.450800,10.080000
2024-10-08,7.2516209400,7.2516209400,7.2516209400,7.2516209400,2007582,15197395.7400,0.272900,10.029100
2024-10-09,7.7401713600,7.9796568600,7.5581623800,7.8072273000,55099931,453354925.7400,7.491200,7.661800
2024-10-10,7.9796568600,8.1999835200,7.1175090600,7.1845650000,57550635,462103046.5400,7.824300,-7.975500
2024-10-11,7.2899386200,7.4719476000,6.7343322600,6.8780235600,29162225,212411692.1900,3.964800,-4.266700
2024-10-14,6.8684441400,6.9642383400,6.5619027000,6.8684441400,25440119,178864515.6800,3.458700,-0.139300
2024-10-15,6.8205470400,6.9929766000,6.6864351600,6.7151734200,14388057,102348221.7600,1.956100,-2.231500
2024-10-16,6.6002203800,6.8971824000,6.5714821200,6.7534911000,11926362,83748606.7400,1.621500,0.570600
2024-10-17,6.7534911000,6.8971824000,6.6768557400,6.6768557400,9985336,70769909.6000,1.357600,-1.134800
2024-10-18,6.6864351600,6.9355000800,6.5427438600,6.8013882000,15151592,106579110.0300,2.059900,1.865100
2024-10-21,6.8013882000,6.8397058800,6.6672763200,6.7343322600,14232814,100206196.8700,1.935000,-0.985900
2024-10-22,6.7630705200,6.8876029800,6.7534911000,6.8397058800,11016555,78610426.8700,1.497800,1.564700
2024-10-23,6.9355000800,7.0983502200,6.7918087800,6.8588647200,17082020,123002308.2000,2.322400,0.280100
2024-10-24,6.8684441400,7.0887708000,6.7534911000,6.8205470400,12611720,90429742.9000,1.714600,-0.558700
2024-10-25,6.7822293600,6.9259206600,6.7726499400,6.8971824000,10488834,75178308.5000,1.426000,1.123600
2024-10-28,6.8780235600,7.1941444200,6.8205470400,7.1654061600,18656541,137182222.1500,2.536500,3.888900
2024-10-29,7.1462473200,7.2228826800,6.9642383400,6.9929766000,12389792,91293697.0000,1.684500,-2.406400
2024-10-30,6.9738177600,7.0121354400,6.8301264600,6.8971824000,11170380,80435564.3000,1.518700,-1.369900
2024-10-31,6.7822293600,7.0312942800,6.7822293600,6.9738177600,11284440,81989054.7500,1.534200,1.111100
2024-11-01,6.9833971800,7.2516209400,6.7822293600,7.0217148600,20473725,150405506.6000,2.783500,0.686800
2024-11-04,7.0408737000,7.1366679000,6.9163412400,7.1366679000,9205186,67475326.2600,1.251500,1.637100
2024-11-05,7.2235856000,7.3684436000,7.1076992000,7.3201576000,17473400,131429456.4000,2.375600,2.571000
2024-11-06,7.3201576000,7.6002164000,7.1752996000,7.4360440000,19884340,152620879.2800,2.703400,1.583100
2024-11-07,7.3298148000,7.8995896000,7.2911860000,7.7933604000,19594209,155747431.0300,2.663900,4.805200
2024-11-08,7.9189040000,7.9285612000,7.4360440000,7.5615876000,18026380,141902302.2000,2.450800,-2.974000
2024-11-11,7.5133016000,7.5326160000,7.3201576000,7.4360440000,13874190,106323356.8400,1.886300,-1.660300
2024-11-12,7.4360440000,7.4939872000,7.2525572000,7.3491292000,9745250,74544127.8400,1.324900,-1.168800
2024-11-13,8.0830764000,8.0830764000,8.0830764000,8.0830764000,6082158,50907662.4600,0.826900,9.986900
2024-11-14,8.8942812000,8.8942812000,8.1699912000,8.8942812000,58420049,518494463.2000,7.942500,10.035800
2024-11-15,8.8942812000,9.7827436000,8.6721656000,9.7827436000,40177744,390766556.8400,5.462400,9.989100
2024-11-18,10.5649768000,10.7581208000,9.6378856000,10.7581208000,93206188,1002539039.0400,12.671900,9.970400
2024-11-19,10.5553196000,11.8300700000,10.5263480000,11.2120092000,123043522,1468179916.4700,16.728500,4.219000
2024-11-20,10.0917740000,12.1680720000,10.0917740000,10.8643500000,111673990,1221647322.4600,15.182700,-3.100800
2024-11-21,10.2752608000,10.3235468000,9.7827436000,9.7827436000,68643430,710699897.8600,9.332500,-9.955600
2024-11-22,9.4640560000,9.6185712000,8.8073664000,8.8073664000,68165396,645743172.5200,9.267500,-9.970400
2024-11-25,8.6431940000,9.0777680000,8.4597072000,9.0584536000,51984090,472077149.6200,7.067500,2.850900
2024-11-26,8.8749668000,8.9039384000,8.4500500000,8.4983360000,38861886,347766664.0600,5.283500,-6.183400
2024-11-27,8.4500500000,8.5176504000,8.1893056000,8.5176504000,31197437,269044456.9300,4.241500,0.227300
2024-11-28,8.4790216000,8.8653096000,8.4693644000,8.8556524000,47468717,430091685.8600,6.453600,3.968300
2024-11-29,8.7494232000,9.0005104000,8.6045652000,8.8363380000,32352025,294508481.4900,4.398400,-0.218100
2024-12-02,8.7880520000,8.9522244000,8.7204516000,8.9039384000,29601775,271142623.4000,4.024500,0.765000
2024-12-03,8.9135956000,8.9135956000,8.6431940000,8.7107944000,30867086,279801957.2400,4.196600,-2.169200
2024-12-04,8.7397660000,8.7397660000,8.4403928000,8.4886788000,19915948,176761277.1200,2.707700,-2.549900
2024-12-05,8.4114212000,8.7687376000,8.3824496000,8.7301088000,20126240,179637008.2000,2.736300,2.844100
2024-12-06,8.7880520000,8.8073664000,8.6431940000,8.7783948000,19193614,173811896.6000,2.609500,0.553100
2024-12-09,8.7880520000,8.8170236000,8.5466220000,8.6818228000,15205773,136609890.4200,2.067300,-1.100100
2024-12-10,8.9135956000,8.9618816000,8.7011372000,8.7494232000,30038046,274672379.5900,4.083800,0.778600
2024-12-11,8.9522244000,9.6282284000,8.9329100000,9.6282284000,61643896,589935537.0500,8.380800,10.044200
2024-12-12,9.6282284000,10.2945752000,9.4350844000,9.7441148000,61847062,634662877.7400,8.408500,1.203600
2024-12-13,9.7054860000,10.7194920000,9.4640560000,10.3428612000,66247992,704452391.2200,9.006800,6.144700
2024-12-16,10.8643500000,11.3761816000,10.5553196000,11.2023520000,88343517,1015242467.4000,12.010800,8.310000
2024-12-17,10.6132628000,10.6132628000,10.0821168000,10.0821168000,13215700,139831144.8000,1.796800,-10.000000
2024-12-18,9.0777680000,9.8793156000,9.0777680000,9.6185712000,59750468,590421258.1600,8.123400,-4.597700
2024-12-19,9.4737132000,9.6089140000,9.0874252000,9.3578268000,36934337,355256372.3500,5.021400,-2.710800
2024-12-20,9.4447416000,9.6282284000,9.2515976000,9.2709120000,24977320,243487053.8000,3.395800,-0.928800
2024-12-23,9.1936544000,9.2709120000,8.5659364000,8.5949080000,30262360,274691631.4000,4.114300,-7.291700
2024-12-24,8.6335368000,8.6914800000,8.4500500000,8.6238796000,14569920,129178895.0000,1.980900,0.337100
2024-12-25,8.5466220000,8.5852508000,8.2182772000,8.4500500000,13447440,116648050.0000,1.828300,-2.015700
2024-12-26,8.4983360000,8.5852508000,8.4500500000,8.5562792000,11051200,97525404.0000,1.502500,1.257100
2024-12-27,8.5273076000,8.7204516000,8.4693644000,8.6335368000,11940080,106828336.8000,1.623300,0.902900
2024-12-30,8.6431940000,8.6431940000,8.4210784000,8.4597072000,8998880,79139617.2000,1.223400,-2.013400
2024-12-31,8.6238796000,8.7107944000,8.2569060000,8.3051920000,12385300,108368212.0000,1.683900,-1.826500
2025-01-02,8.1603340000,8.4693644000,8.0058188000,8.1313624000,13891727,118630718.2000,1.888700,-2.093000
2025-01-03,8.0830764000,8.1699912000,7.5229588000,7.6098736000,17714280,141978513.8000,2.408400,-6.413300
2025-01-06,7.5229588000,7.6485024000,7.1946140000,7.4939872000,12470700,96118615.8000,1.695500,-1.522800
2025-01-07,7.4939872000,7.6774740000,7.4070724000,7.6388452000,7912380,61694738.4000,1.075700,1.933000
2025-01-08,7.5809020000,7.6485024000,7.3394720000,7.5615876000,8923940,69371693.9300,1.213300,-1.011400
2025-01-09,7.5326160000,7.6485024000,7.4843300000,7.5809020000,6041142,47433541.3000,0.821300,0.255400
2025-01-10,7.5905592000,7.6291880000,7.2911860000,7.3008432000,7386145,57007240.8500,1.004200,-3.694300
2025-01-13,7.2332428000,7.3684436000,7.0594132000,7.3105004000,7968012,59707628.5100,1.083300,0.132300
2025-01-14,7.3587864000,7.6967884000,7.3587864000,7.6871312000,10749884,84145176.7900,1.461500,5.151900
2025-01-15,7.6871312000,7.8899324000,7.6581596000,7.7547316000,11230860,90306673.8000,1.526900,0.879400
2025-01-16,7.7547316000,8.0251332000,7.7547316000,7.9189040000,15060300,123382652.0000,2.047500,2.117100
2025-01-17,7.9285612000,8.0154760000,7.7740460000,7.8706180000,7490941,60906794.3200,1.018400,-0.609800
2025-01-20,7.9189040000,8.0541048000,7.8319892000,7.9575328000,8796361,72482054.2700,1.195900,1.104300
2025-01-21,7.9768472000,8.0058188000,7.8416464000,7.8899324000,6378581,52177473.2600,0.867200,-0.849500
2025-01-22,7.8995896000,7.9092468000,7.7257600000,7.7643888000,6184380,49981412.2000,0.840800,-1.591200
2025-01-23,7.8126748000,7.9382184000,7.7547316000,7.7547316000,6943280,56377023.8000,0.944000,-0.124400
2025-01-24,7.7354172000,7.9382184000,7.6774740000,7.9285612000,8590092,69774809.4800,1.167900,2.241600
2025-01-27,7.9285612000,8.0444476000,7.8706180000,7.8899324000,7079700,58382073.0000,0.962500,-0.487200
2025-02-05,7.9865044000,7.9865044000,7.8223320000,7.8416464000,8659280,70949643.0000,1.177300,-0.612000
2025-02-06,7.8126748000,7.9382184000,7.7643888000,7.8899324000,9481052,77158616.8800,1.289000,0.615800
2025-02-07,7.8802752000,8.0637620000,7.8513036000,7.9671900000,13082275,107884894.1500,1.778600,0.979200
2025-02-10,7.9575328000,8.3727924000,7.9189040000,8.3727924000,18288560,155382054.2000,2.486400,5.090900
2025-02-11,8.3631352000,8.4017640000,8.1120480000,8.1699912000,16918180,143726861.4000,2.300100,-2.422100
2025-02-12,8.1506768000,8.2858776000,8.1217052000,8.2665632000,9538660,81173388.0000,1.296800,1.182000
2025-02-13,8.2665632000,8.3631352000,8.1893056000,8.2762204000,10761800,92384791.6000,1.463100,0.116800
2025-02-14,8.2665632000,8.2665632000,8.1023908000,8.1893056000,9480980,80217794.8000,1.289000,-1.050200
2025-02-17,8.1893056000,8.2955348000,8.0444476000,8.2086200000,9431656,80201076.9600,1.282300,0.235800
2025-02-18,8.2086200000,8.2762204000,7.9285612000,7.9671900000,11048799,92474755.6600,1.502100,-2.941200
2025-02-19,7.9961616000,8.0541048000,7.9478756000,8.0251332000,8046600,66702311.6000,1.094000,0.727300
2025-02-20,7.9865044000,8.1120480000,7.9575328000,8.1120480000,7518290,62635456.5000,1.022200,1.083000
2025-02-21,8.1699912000,8.1796484000,7.9961616000,8.1217052000,9224623,77373121.9400,1.254100,0.119000
2025-02-24,8.0927336000,8.1796484000,7.9865044000,8.1120480000,8037502,67254123.9300,1.092700,-0.118900
2025-02-25,7.9961616000,8.0830764000,7.9285612000,7.9575328000,7392690,61289086.8000,1.005100,-1.904800
2025-02-26,7.9671900000,8.1313624000,7.9671900000,8.0154760000,7107750,58998828.7000,0.966300,0.728200
2025-02-27,8.0444476000,8.1699912000,7.8802752000,8.0444476000,9587940,79754433.4000,1.303500,0.361400
2025-02-28,8.0444476000,8.1699912000,7.7740460000,7.8126748000,11271630,93195146.8000,1.532400,-2.881200
2025-03-03,7.8126748000,7.9189040000,7.7257600000,7.7837032000,7260590,58850912.0000,0.987100,-0.370800
2025-03-04,7.7354172000,7.9285612000,7.7354172000,7.9189040000,7036710,57313314.7000,0.956700,1.737000
2025-03-05,7.9382184000,7.9478756000,7.7257600000,7.8802752000,6755258,54632529.7800,0.918400,-0.487800
2025-03-06,7.8706180000,7.9575328000,7.8126748000,7.9575328000,7399480,60590020.0000,1.006000,0.980400
2025-03-07,7.9671900000,7.9768472000,7.7837032000,7.8126748000,8437113,68617553.7700,1.147100,-1.820400
2025-03-10,7.7837032000,7.8706180000,7.7257600000,7.7740460000,6007240,48378459.8000,0.816700,-0.494400
2025-03-11,7.7161028000,7.8030176000,7.6871312000,7.7837032000,6539020,52379936.8000,0.889000,0.124200
2025-03-12,7.7740460000,7.8416464000,7.7547316000,7.7643888000,6067640,48918621.4000,0.824900,-0.248100
2025-03-13,7.8030176000,7.8030176000,7.5905592000,7.6871312000,8583160,67986099.4000,1.166900,-0.995000
2025-03-14,7.6774740000,7.9285612000,7.6678168000,7.9189040000,11898755,96411140.7900,1.617700,3.015100
2025-03-17,7.9865044000,8.0251332000,7.8706180000,7.8802752000,7504714,61603054.5400,1.020300,-0.487800
2025-03-18,7.9285612000,7.9478756000,7.8030176000,7.8899324000,5440095,44227151.5000,0.739600,0.122500
2025-03-19,7.8513036000,7.8802752000,7.7837032000,7.8319892000,3969341,32169742.1800,0.539700,-0.734400
2025-03-20,7.8319892000,7.8416464000,7.7547316000,7.7740460000,4144580,33489955.2000,0.563500,-0.739800
2025-03-21,7.7837032000,7.8513036000,7.6774740000,7.7064456000,5419880,43463235.4000,0.736900,-0.869600
2025-03-24,7.7064456000,7.7450744000,7.4360440000,7.5615876000,6908300,54223453.0000,0.939200,-1.879700
2025-03-25,7.5905592000,7.6002164000,7.4843300000,7.5615876000,4349041,34012224.7200,0.591300,0.000000
2025-03-26,7.5905592000,7.7257600000,7.5229588000,7.7064456000,5334640,42403967.4000,0.725300,1.915700
2025-03-27,7.7643888000,7.8030176000,7.6195308000,7.7161028000,4577240,36529503.4000,0.622300,0.125300
2025-03-28,7.6871312000,7.6871312000,7.5615876000,7.6002164000,4586320,36167597.4000,0.623500,-1.501900
2025-03-31,7.5422732000,7.5809020000,7.3974152000,7.4360440000,5566263,43057355.6700,0.756800,-2.160100
2025-04-01,7.4843300000,7.6388452000,7.4650156000,7.5133016000,6229070,48718106.7000,0.846900,1.039000
2025-04-02,7.5712448000,7.5809020000,7.4843300000,7.5326160000,3933921,30706542.2100,0.534800,0.257100
2025-04-03,7.4553584000,7.6195308000,7.4457012000,7.5809020000,4010340,31394623.2000,0.545200,0.641000
2025-04-07,7.1173564000,7.2525572000,6.8276404000,6.8276404000,9614916,68916327.6300,1.307200,-9.936300
2025-04-08,6.8276404000,6.8566120000,6.4703240000,6.7503828000,13747961,94474627.2300,1.869100,-1.131500
2025-04-09,6.6344964000,6.9918128000,6.2964944000,6.9628412000,11902164,82228057.1200,1.618200,3.147400
2025-04-10,7.0980420000,7.2622144000,7.0497560000,7.1366708000,8793895,65268550.1500,1.195600,2.496500
2025-04-11,7.0787276000,7.5229588000,7.0497560000,7.2429000000,15132993,114441318.0900,2.057400,1.488500
2025-04-14,7.5712448000,7.9671900000,7.5229588000,7.9671900000,17534529,143067783.9600,2.383900,10.000000
2025-04-15,7.9189040000,7.9189040000,7.6388452000,7.6388452000,27122325,216796798.0600,3.687400,-4.121200
2025-04-16,7.6388452000,7.7450744000,7.5229588000,7.6002164000,14574020,115024662.8000,1.981400,-0.505700
2025-04-17,7.5422732000,8.1023908000,7.5133016000,8.0251332000,32260476,262964910.2000,4.386000,5.590900
2025-04-18,8.0154760000,8.0154760000,7.8319892000,7.8706180000,16907840,138190713.8000,2.298700,-1.925400
2025-04-21,7.8706180000,8.1217052000,7.8706180000,7.9671900000,15525701,127986208.4900,2.110800,1.227000
2025-04-22,8.0927336000,8.3438208000,8.0154760000,8.2955348000,28382559,241615642.6000,3.858800,4.121200
2025-04-23,8.2472488000,8.3631352000,7.9382184000,8.0637620000,25732386,215676884.8000,3.498500,-2.793900
2025-04-24,8.0734192000,8.2375916000,7.9768472000,8.1217052000,19161213,160592079.5300,2.605100,0.718600
2025-04-25,8.0637620000,8.1989628000,8.0154760000,8.1217052000,12704169,106876619.2100,1.727200,0.000000
2025-04-28,8.1217052000,8.1603340000,7.9575328000,7.9865044000,10335253,85775028.3800,1.405100,-1.664700
2025-04-29,7.7257600000,7.7740460000,7.3394720000,7.6195308000,24007201,186461267.0000,3.263900,-4.594900
2025-04-30,7.5229588000,7.7161028000,7.4553584000,7.4939872000,12344040,96568192.4000,1.678200,-1.647700
2025-05-06,7.6098736000,7.7450744000,7.5229588000,7.6774740000,9561910,75613565.5000,1.300000,2.448500
2025-05-07,7.8609608000,7.9189040000,7.6485024000,7.7161028000,8655560,69584443.6000,1.176800,0.503100
2025-05-08,7.6678168000,7.7643888000,7.6388452000,7.7257600000,5275291,42141259.0900,0.717200,0.125200
2025-05-09,7.6678168000,7.7257600000,7.5809020000,7.6195308000,6095580,48139107.0000,0.828700,-1.375000
2025-05-12,7.6581596000,7.6967884000,7.5422732000,7.5809020000,6478820,50936974.6000,0.880800,-0.507000
2025-05-13,7.6485024000,7.7740460000,7.5036444000,7.5615876000,7447400,58620603.0000,1.012500,-0.254800
2025-05-14,7.5422732000,7.6678168000,7.4843300000,7.6291880000,7254806,56797637.9400,0.986300,0.894000
2025-05-15,7.6291880000,7.6388452000,7.5036444000,7.5133016000,4060413,31767466.3200,0.552000,-1.519000
2025-05-16,7.5036444000,7.5422732000,7.4650156000,7.4843300000,3720370,28877246.4000,0.505800,-0.385600
2025-05-19,7.5133016000,7.6678168000,7.4650156000,7.6002164000,7543800,59142953.0000,1.025600,1.548400
2025-05-20,7.5905592000,7.8319892000,7.5905592000,7.8126748000,11725984,94150309.4400,1.594200,2.795400
2025-05-21,7.8030176000,7.8513036000,7.6388452000,7.6678168000,7629344,60929124.0800,1.037300,-1.854100
2025-05-22,7.7354172000,8.0058188000,7.6002164000,7.6388452000,14835524,120064269.9600,2.017000,-0.377800
2025-05-23,7.6002164000,7.6291880000,7.4360440000,7.4457012000,8286140,64528693.8000,1.126500,-2.528400
2025-05-26,7.4457012000,7.5229588000,7.3781008000,7.4263868000,7313860,56345021.6000,0.994400,-0.259400
2025-05-27,7.4263868000,7.4650156000,7.3008432000,7.3587864000,8071340,61512242.2000,1.097300,-0.910300
2025-05-28,7.3298148000,7.3877580000,7.2718716000,7.3105004000,4600380,34881266.0000,0.625400,-0.656200
2025-05-29,7.3298148000,7.4746728000,7.3008432000,7.4457012000,6097805,46768567.0400,0.829000,1.849400
2025-05-30,7.4360440000,7.4360440000,7.3201576000,7.3298148000,4145500,31617632.0000,0.563600,-1.556400
2025-06-03,7.3394720000,7.4553584000,7.3008432000,7.4457012000,4422401,33968661.0700,0.601300,1.581000
2025-06-04,7.4360440000,7.5905592000,7.3877580000,7.5712448000,8002419,62140687.7300,1.088000,1.686100
2025-06-05,7.6195308000,7.7740460000,7.5422732000,7.6774740000,8873960,70500937.4000,1.206500,1.403100
2025-06-06,7.6291880000,7.6388452000,7.4843300000,7.5712448000,6659140,52014173.4000,0.905300,-1.383600
2025-06-09,7.5133016000,7.6485024000,7.5133016000,7.6388452000,5495020,43303757.8900,0.747100,0.892900
2025-06-10,7.6291880000,7.6678168000,7.4843300000,7.6002164000,5530520,43397431.6000,0.751900,-0.505700
2025-06-11,7.6195308000,7.9575328000,7.5905592000,7.8706180000,16085964,129969523.3600,2.187000,3.557800
2025-06-12,7.7161028000,7.8319892000,7.7064456000,7.8030176000,8793840,70826011.2000,1.195600,-0.858900
2025-06-13,7.7837032000,7.8223320000,7.5422732000,7.5615876000,8562900,67614916.8000,1.164200,-3.094100
2025-06-16,7.5615876000,7.7354172000,7.5519304000,7.6388452000,5040320,39915744.6700,0.685300,1.021700
2025-06-17,7.5712448000,7.6678168000,7.5326160000,7.5712448000,4072556,31907922.1600,0.553700,-0.885000
2025-06-18,7.5712448000,7.5809020000,7.4360440000,7.5326160000,5374864,41773490.0000,0.730700,-0.510200
2025-06-19,7.5133016000,7.5133016000,7.3394720000,7.4360440000,6948395,53421564.8400,0.944700,-1.282100
2025-06-20,7.4263868000,7.4553584000,7.3008432000,7.3684436000,4283000,32669579.8000,0.582300,-0.909100
2025-06-23,7.2911860000,7.4360440000,7.2429000000,7.4360440000,3055879,23355595.0800,0.415500,0.917400
2025-06-24,7.5056286500,7.7342769400,7.4658637300,7.7044532500,9354140,71619791.2000,1.271700,3.609600
2025-06-25,7.7143944800,7.8833953900,7.6945120200,7.8734541600,8533607,67132635.0900,1.160200,2.193500
2025-06-26,8.0026901500,8.3506332000,7.8734541600,8.1120436800,26243445,215805704.8200,3.567900,3.030300
2025-06-27,8.1120436800,8.2412796700,8.0623375300,8.1319261400,11007159,90224626.8000,1.496500,0.245100
2025-06-30,8.1120436800,8.2015147500,8.0225726100,8.1518086000,9920340,80901764.0000,1.348700,0.244500
2025-07-01,8.1319261400,8.2512209000,8.1021024500,8.1518086000,6293200,51694363.3900,0.855600,0.000000
2025-07-02,8.1518086000,8.1915735200,8.0225726100,8.0921612200,5770201,46859675.4800,0.784500,-0.731700
2025-07-03,8.0822199900,8.1319261400,8.0325138400,8.0822199900,5510458,44777106.0000,0.749200,-0.122900
2025-07-04,8.0822199900,8.1120436800,7.9032778500,7.9430427700,6647160,53283007.0000,0.903700,-1.722000
2025-07-07,7.9032778500,7.9828076900,7.9032778500,7.9331015400,4078660,32568018.4000,0.554500,-0.125200
2025-07-08,7.9529840000,8.0325138400,7.9231603100,8.0026901500,3493212,28044492.1600,0.474900,0.877200
2025-07-09,7.9927489200,8.1816322900,7.9927489200,8.0921612200,5725940,46585810.4000,0.778500,1.118000
2025-07-10,8.0822199900,8.1418673700,8.0623375300,8.1219849100,3654760,29816978.1800,0.496900,0.368600
2025-07-11,8.2412796700,8.9371657700,8.2313384400,8.9371657700,35657004,313373378.4600,4.847800,10.036700
2025-07-14,9.8318764700,9.8318764700,9.8318764700,9.8318764700,8070448,79816730.7200,1.097200,10.011100
2025-07-15,10.8160582400,10.8160582400,10.5575862600,10.8160582400,75601691,820980055.8100,10.278500,10.010100
2025-07-16,11.8996523100,11.8996523100,11.8996523100,11.8996523100,9156499,109603293.0300,1.244900,10.018400
2025-07-17,12.5259498000,13.0925999100,12.4663024200,13.0925999100,42842628,557301215.5900,5.824700,10.025100
2025-07-18,13.5996026400,14.4048422700,13.5200728000,14.4048422700,131658733,1872365068.3100,17.899800,10.022800
2025-07-21,14.6235493300,15.3890240400,13.3808955800,13.8183097000,119070765,1744332374.9300,16.188400,-4.071800
2025-07-22,13.3013657400,15.2001406700,12.4364787300,15.2001406700,146786366,2005941601.7400,19.956400,10.000000
2025-07-23,13.9077807700,14.6036668700,13.6791324800,13.6791324800,118488097,1653921555.5200,16.109100,-10.006500
2025-07-24,13.0031288400,13.9972518400,12.6353033300,13.4604254200,90758858,1239833950.2400,12.339200,-1.598800
2025-07-25,13.4604254200,14.1960764400,12.1283006000,12.1382418300,112536010,1519884564.2300,15.299900,-9.822700
2025-07-28,11.7008277100,12.4663024200,11.1242363700,11.7604750900,91784135,1071489641.3500,12.478600,-3.112200
2025-07-29,11.8598873900,11.9891233800,11.2435311300,11.4324145000,66276936,765979043.8500,9.010700,-2.789500
2025-07-30,11.3827083500,11.5616504900,11.1043539100,11.1043539100,54941854,625405747.1400,7.469700,-2.869600
2025-07-31,10.9651766900,11.1242363700,10.7265871700,10.7862345500,43005046,470345746.3900,5.846800,-2.864800
2025-08-01,10.8359407000,11.0049416100,10.6967634800,10.9254117700,33069122,361477956.1500,4.495900,1.290300
2025-08-04,10.7961757800,11.3230609700,10.7365284000,10.9850591500,38878081,431213429.9300,5.285700,0.546000
2025-08-05,10.9452942300,11.0347653000,10.8458819300,10.9651766900,27777358,305840804.5500,3.776500,-0.181000
2025-08-06,10.9552354600,10.9651766900,10.7862345500,10.8856468500,24757500,270812945.0500,3.365900,-0.725300
2025-08-07,10.8657643900,10.9254117700,10.7564108600,10.8160582400,18945443,206326864.0500,2.575700,-0.639300
2025-08-08,10.8259994700,10.9055293100,10.7365284000,10.8657643900,18397759,200478111.3500,2.501300,0.459600
2025-08-11,10.8657643900,11.0248240700,10.8359407000,11.0248240700,21106433,232522047.3900,2.869500,1.463900
2025-08-12,11.0844714500,11.4920618800,10.9850591500,11.1739425200,45573317,514580504.6300,6.196000,1.352600
2025-08-13,11.0944126800,11.1142951400,10.8757056200,10.9751179200,27431138,302475754.0600,3.729400,-1.779400
2025-08-14,10.9552354600,10.9950003800,10.6669397900,10.7067047100,25790920,281085772.9700,3.506400,-2.445700
2025-08-15,10.6768810200,10.8955880800,10.6768810200,10.8955880800,19666643,213528115.7900,2.673800,1.764200
2025-08-18,10.9651766900,11.0844714500,10.8558231600,11.0645889900,24837526,274262355.0400,3.376800,1.551100
2025-08-19,11.0745302200,11.1142951400,10.9452942300,11.0347653000,17359146,192663166.2200,2.360100,-0.269500
2025-08-20,11.0347653000,11.1838837500,10.9452942300,11.1739425200,20923794,233718826.1300,2.844700,1.261300
2025-08-21,11.3926495800,11.4324145000,11.0447065300,11.0745302200,21440534,241199941.1100,2.915000,-0.889700
2025-08-22,11.0844714500,11.1441188300,10.9850591500,11.1441188300,17882485,199038501.3100,2.431200,0.628400
2025-08-25,11.1540600600,11.2236486700,11.0944126800,11.1640012900,18030216,202432660.0800,2.451300,0.178400
2025-08-26,11.1640012900,11.1739425200,11.0447065300,11.1142951400,13676236,152695222.6800,1.859400,-0.445200
2025-08-27,11.1341776000,11.6511215600,11.1142951400,11.1739425200,44761274,510466378.7800,6.085600,0.536700
2025-08-28,11.0347653000,12.0686532200,11.0148828400,11.8897110800,63639814,744102900.2300,8.652200,6.405700
2025-08-29,12.1283006000,12.2277129000,11.4125320400,11.5218855700,46383166,548566115.3600,6.306100,-3.093600
2025-09-01,11.1938249800,12.5259498000,11.1441188300,12.1084181400,51377637,607509427.6300,6.985100,5.090600
2025-09-02,11.9394172300,12.1183593700,11.6014154100,11.6809452500,33908665,402151551.8000,4.610100,-3.530400
2025-09-03,11.9294760000,12.8043042400,11.6312391000,12.3370664300,55430794,680819742.7200,7.536100,5.617000
2025-09-04,12.3768313500,13.1621885200,11.9294760000,12.7446568600,59851964,759320217.4300,8.137200,3.303800
2025-09-05,12.9235990000,12.9235990000,12.2774190500,12.6750682500,38145694,482441309.6900,5.186100,-0.546000
2025-09-08,12.4265375000,12.6452445600,11.9394172300,11.9692409200,37778430,462283563.3600,5.136200,-5.568600
2025-09-09,11.8300637000,11.8300637000,10.7862345500,11.1242363700,42395663,479969991.9400,5.763900,-7.059800
2025-09-10,10.8856468500,11.0248240700,10.6669397900,10.9950003800,22790826,249096837.1400,3.098500,-1.161800
2025-09-11,10.8856468500,10.8856468500,10.3885853500,10.6669397900,29579960,315074326.5300,4.021600,-2.983700
2025-09-12,10.5874099500,10.8856468500,10.5874099500,10.6569985600,18150769,195511996.6500,2.467700,-0.093200
2025-09-15,10.6669397900,10.6967634800,10.4780564200,10.6371161000,13219081,140658670.7200,1.797200,-0.186600
2025-09-16,10.5973511800,10.9552354600,10.5675274900,10.9154705400,23472711,256485311.9700,3.191200,2.616800
2025-09-17,10.9353530000,10.9452942300,10.6868222500,10.7365284000,14547263,157273795.8500,1.977800,-1.639300
2025-09-18,10.7663520900,10.8259994700,10.3289379700,10.3885853500,17691857,188805349.5200,2.405300,-3.240700
2025-09-19,10.3388792000,10.6470573300,10.1102309100,10.5277625700,18849709,196095425.3200,2.562700,1.339700
2025-09-22,10.4979388800,10.4979388800,10.0605247600,10.1201721400,13244518,135884600.4200,1.800700,-3.871600
2025-09-23,10.0804072200,10.1002896800,9.7424054000,10.0008773800,15729792,156199572.3700,2.138600,-1.178800
2025-09-24,10.0008773800,10.2295256700,9.9114063100,10.1798195200,12227943,124726996.6000,1.662500,1.789300
2025-09-25,10.0804072200,10.3687028900,10.0804072200,10.3488204300,11804330,122002824.9700,1.604900,1.660200
2025-09-26,10.2991142800,10.4084678100,10.1201721400,10.1400546000,8919070,91786425.6000,1.212600,-2.017300
2025-09-29,10.1798195200,10.3885853500,10.0008773800,10.2891730500,10606256,109373797.8800,1.442000,1.470600
2025-09-30,10.2692905900,10.4084678100,10.2394669000,10.3687028900,7122935,73991709.1800,0.968400,0.772900
2025-10-09,10.3090555100,10.3189967400,9.9909361500,10.1499958300,11648704,118274860.4000,1.583700,-2.109300
2025-10-10,10.1301133700,10.3388792000,10.0505835300,10.2195844400,9483611,97796863.3200,1.289400,0.685600
2025-10-13,9.7424054000,10.1599370600,9.6926992500,10.1499958300,8048301,80840823.4400,1.094200,-0.680900
2025-10-14,10.2200000000,10.4100000000,10.2100000000,10.2700000000,9352401,96385999.3600,1.271500,1.182300
2025-10-15,10.2800000000,10.5500000000,10.1800000000,10.4900000000,11435003,118903976.8200,1.554700,2.142200
2025-10-16,10.4600000000,10.5700000000,10.3600000000,10.4000000000,8146100,85169380.4000,1.107500,-0.858000
2025-10-17,10.3600000000,10.4900000000,10.2000000000,10.2200000000,8141599,84178570.9800,1.106900,-1.730800
2025-10-20,10.2800000000,10.4300000000,10.1200000000,10.1800000000,8006956,82043152.5400,1.088600,-0.391400
2025-10-21,10.1800000000,10.5000000000,10.1700000000,10.5000000000,10621803,109954249.3300,1.444100,3.143400
2025-10-22,10.5100000000,10.8800000000,10.4500000000,10.6400000000,17057143,182593793.4600,2.319000,1.333300
2025-10-23,10.6500000000,11.1500000000,10.6000000000,11.1100000000,32425188,355848150.8000,4.408400,4.417300
2025-10-24,11.0000000000,11.0600000000,10.7500000000,10.7900000000,21748488,236632880.8400,2.956800,-2.880300
2025-10-27,10.7500000000,10.8100000000,10.5700000000,10.6200000000,12701551,135299370.2400,1.726800,-1.575500
2025-10-28,10.6300000000,10.6900000000,10.5600000000,10.6400000000,7039160,74873166.5700,0.957000,0.188300
2025-10-29,10.6200000000,10.8600000000,10.4800000000,10.7300000000,10243693,109512349.3100,1.392700,0.845900
2025-10-30,10.7100000000,11.2900000000,10.5400000000,11.0300000000,23769042,261027673.9500,3.231500,2.795900
2025-10-31,11.1800000000,11.5900000000,11.1800000000,11.3600000000,24844179,284053250.6400,3.377700,2.991800
2025-11-03,11.2700000000,11.5000000000,11.1000000000,11.2200000000,13134091,147669316.7700,1.785700,-1.232400
2025-11-04,11.2500000000,11.5900000000,11.1500000000,11.3900000000,15761023,179706379.8300,2.142800,1.515200
2025-11-05,11.2300000000,11.2700000000,11.0700000000,11.1800000000,12117420,135369113.7600,1.647400,-1.843700
2025-11-06,11.1300000000,11.2700000000,11.0500000000,11.2000000000,8905267,99465009.7900,1.210700,0.178900
2025-11-07,11.2300000000,11.7100000000,11.1700000000,11.5400000000,18808317,215842441.1600,2.557100,3.035700
2025-11-10,11.6200000000,11.6800000000,11.4300000000,11.6600000000,11535720,133444915.6000,1.568300,1.039900
2025-11-11,11.6500000000,11.9000000000,11.4700000000,11.5000000000,13204570,153936293.2400,1.795200,-1.372200
2025-11-12,11.4900000000,11.5500000000,11.2200000000,11.4500000000,10677336,121636405.8400,1.451600,-0.434800
2025-11-13,11.3800000000,11.4400000000,11.2200000000,11.4300000000,7625660,86491642.0000,1.036800,-0.174700
2025-11-14,11.3300000000,11.6300000000,11.3100000000,11.5100000000,10582994,121958071.4500,1.438800,0.699900
2025-11-17,11.5100000000,11.5100000000,11.1500000000,11.1600000000,8810710,98991962.5000,1.197900,-3.040800
2025-11-18,11.1900000000,11.2100000000,11.0000000000,11.0500000000,7175419,79471319.7100,0.975500,-0.985700
2025-11-19,11.0600000000,11.1000000000,10.6100000000,10.6900000000,8502794,91671215.0000,1.156000,-3.257900
2025-11-20,10.8600000000,11.7600000000,10.8600000000,11.7600000000,17030837,197621498.9700,2.315400,10.009400
2025-11-21,12.0000000000,12.7000000000,11.6500000000,11.9300000000,57684537,697976074.5400,7.842500,1.445600
2025-11-24,11.9600000000,12.3500000000,11.9100000000,12.3500000000,41047581,498239966.6200,5.580700,3.520500
2025-11-25,12.3600000000,12.6900000000,11.9600000000,12.6500000000,39652128,492779313.1400,5.390900,2.429100
2025-11-26,12.4100000000,12.6700000000,12.1800000000,12.3700000000,30229176,375152285.8300,4.109800,-2.213400
2025-11-27,12.3000000000,12.4500000000,11.9400000000,12.0000000000,22145399,266842398.7100,3.010800,-2.991100
2025-11-28,12.0000000000,12.0600000000,11.6800000000,11.8900000000,18785727,222025652.7800,2.554000,-0.916700
2025-12-01,11.9200000000,11.9700000000,11.4600000000,11.5700000000,20976217,243655137.5800,2.851800,-2.691300
2025-12-02,11.4600000000,11.6600000000,11.3700000000,11.4000000000,14374011,164903307.7200,1.954200,-1.469300
2025-12-03,11.3800000000,11.4300000000,11.1600000000,11.1900000000,10500477,118052729.8900,1.427600,-1.842100
2025-12-04,11.2000000000,11.3400000000,11.0400000000,11.1500000000,9545810,106811408.3900,1.297800,-0.357500
2025-12-05,11.1700000000,11.4900000000,11.0800000000,11.4700000000,12073500,136486689.0000,1.641500,2.870000
2025-12-08,11.4700000000,11.5900000000,11.2600000000,11.3300000000,11641437,132094104.9700,1.582700,-1.220600
2025-12-09,11.2900000000,11.3500000000,11.0000000000,11.0000000000,9921819,110481141.2400,1.348900,-2.912600
2025-12-10,10.9400000000,11.1200000000,10.9000000000,11.0100000000,7140900,78518910.4000,0.970800,0.090900
2025-12-11,11.0100000000,11.0400000000,10.7000000000,10.7000000000,7304440,79034387.0000,0.993100,-2.815600
2025-12-12,10.7700000000,10.8000000000,10.5400000000,10.5500000000,7597400,80811416.0000,1.032900,-1.401900
2025-12-15,10.4500000000,10.7400000000,10.4300000000,10.5900000000,6669331,70843372.4900,0.906700,0.379100
2025-12-16,10.5300000000,10.6700000000,10.3600000000,10.4200000000,7262181,75963916.5000,0.987300,-1.605300
2025-12-17,10.4100000000,10.5200000000,10.2000000000,10.5000000000,6063097,62967361.3100,0.824300,0.767800
2025-12-18,10.5000000000,10.6900000000,10.4200000000,10.5100000000,5916700,62687777.0000,0.804400,0.095200
2025-12-19,10.6000000000,10.7500000000,10.5000000000,10.7500000000,6794100,72387687.4000,0.923700,2.283500
2025-12-22,10.7800000000,10.8600000000,10.7200000000,10.7400000000,6421900,69334183.0000,0.873100,-0.093000
2025-12-23,10.6900000000,10.8500000000,10.6700000000,10.7100000000,5146540,55202761.4000,0.699700,-0.279300
2025-12-24,10.7100000000,10.7500000000,10.6100000000,10.7300000000,4288499,45760625.9800,0.583000,0.186700
2025-12-25,10.6800000000,10.8100000000,10.6800000000,10.7400000000,4426039,47561951.2300,0.601700,0.093200
2025-12-26,10.7100000000,10.9200000000,10.6800000000,10.8100000000,6591294,71176404.8800,0.896100,0.651800
2025-12-29,10.8100000000,10.8100000000,10.5500000000,10.6200000000,6575400,69940813.6000,0.894000,-1.757600
2025-12-30,10.5300000000,10.6600000000,10.5100000000,10.5500000000,4010681,42473773.8100,0.545300,-0.659100
2025-12-31,10.5500000000,10.6100000000,10.4500000000,10.5400000000,5784220,60824046.0000,0.786400,-0.094800
2026-01-05,11.1300000000,11.5900000000,11.1300000000,11.5900000000,15501249,178603734.2900,2.107500,9.962000
2026-01-06,11.7600000000,12.1100000000,11.6800000000,11.9800000000,44315884,529186924.6200,6.025000,3.365000
2026-01-07,11.7400000000,11.9700000000,11.7200000000,11.8500000000,26417983,312081089.5800,3.591700,-1.085100
2026-01-08,11.8400000000,12.1000000000,11.7500000000,12.0800000000,23919298,285124684.9900,3.252000,1.940900
2026-01-09,12.2600000000,12.3000000000,11.9000000000,12.0400000000,22907918,276074554.7500,3.114500,-0.331100
2026-01-12,12.2700000000,12.6400000000,12.0700000000,12.4300000000,27024442,332557695.2100,3.674100,3.239200
2026-01-13,12.4200000000,12.4400000000,12.0000000000,12.0000000000,23624362,288560774.8100,3.211900,-3.459400
2026-01-14,12.0000000000,12.2900000000,11.9000000000,12.0900000000,20759045,251468269.9600,2.822300,0.750000
2026-01-15,12.0000000000,12.1800000000,11.9500000000,12.0300000000,10536527,126715396.0900,1.432500,-0.496300
2026-01-16,12.1000000000,12.1000000000,11.6500000000,11.8400000000,10814504,127740122.6000,1.470300,-1.579400
2026-01-19,11.9000000000,11.9300000000,11.7600000000,11.9000000000,6937663,82084392.0300,0.943200,0.506800
2026-01-20,11.8500000000,11.9400000000,11.7400000000,11.7800000000,6402180,75598530.0000,0.870400,-1.008400
2026-01-21,11.7700000000,11.8700000000,11.6600000000,11.8500000000,6279880,74092668.6000,0.853800,0.594200
2026-01-22,11.8500000000,12.3500000000,11.7800000000,12.0900000000,14621250,176880299.0000,1.987800,2.025300
2026-01-23,12.2200000000,12.5000000000,12.0900000000,12.4000000000,15461992,191265726.6000,2.102100,2.564100
2026-01-26,12.4000000000,12.9400000000,12.3400000000,12.5800000000,17165690,215902514.4400,2.333800,1.451600
2026-01-27,12.5900000000,12.6800000000,12.2900000000,12.5200000000,11167770,138974001.4000,1.518300,-0.476900
2026-01-28,12.4600000000,12.7500000000,12.4100000000,12.4900000000,7814926,97926014.7400,1.062500,-0.239600
2026-01-29,12.4300000000,12.6600000000,12.3000000000,12.3800000000,9194471,114696670.8700,1.250000,-0.880700
2026-01-30,12.3100000000,12.8500000000,12.3000000000,12.8300000000,15840490,200562112.3300,2.153600,3.634900
2026-02-02,12.7000000000,13.0600000000,12.2600000000,12.2700000000,14780540,185354853.4000,2.009500,-4.364800
2026-02-03,12.3500000000,12.5000000000,12.2700000000,12.4500000000,9551047,118265178.5100,1.298500,1.467000
2026-02-04,12.4000000000,12.6000000000,12.3500000000,12.5200000000,7018531,87681604.2000,0.954200,0.562200
2026-02-05,12.5000000000,12.5200000000,12.2100000000,12.2700000000,6751514,83247798.0600,0.917900,-1.996800
2026-02-06,12.2100000000,12.4200000000,12.1200000000,12.1600000000,6027297,73952944.8600,0.819400,-0.896500
2026-02-09,12.1900000000,12.3300000000,12.1800000000,12.2800000000,5819640,71345270.2000,0.791200,0.986800
2026-02-10,12.3200000000,12.3200000000,12.1600000000,12.1900000000,4238027,51781163.4800,0.576200,-0.732900
2026-02-11,12.2000000000,12.4500000000,12.1600000000,12.3200000000,7174740,88365707.0000,0.975400,1.066400
2026-02-12,12.3600000000,12.4400000000,12.1700000000,12.2700000000,5342667,65550557.4000,0.726400,-0.405800
2026-02-13,12.2700000000,12.4200000000,12.1600000000,12.1600000000,5497240,67591507.2000,0.747400,-0.896500
2026-02-24,12.1700000000,12.2900000000,11.8700000000,12.0100000000,6178729,74079548.8000,0.840000,-1.233600
2026-02-25,12.0100000000,12.0900000000,11.9500000000,12.0000000000,5717900,68647205.8100,0.777400,-0.083300
2026-02-26,12.0100000000,12.0500000000,11.8100000000,11.8600000000,5132842,60987976.2400,0.697800,-1.166700
2026-02-27,11.8600000000,12.0400000000,11.8100000000,12.0000000000,4670686,55977087.4700,0.635000,1.180400
2026-03-02,11.8900000000,11.8900000000,11.5000000000,11.5900000000,7558120,88167948.3000,1.027600,-3.416700
2026-03-03,11.6300000000,11.7600000000,11.2100000000,11.2300000000,7930811,90534847.0200,1.078200,-3.106100
2026-03-04,11.2200000000,11.3000000000,10.9200000000,11.0500000000,6790952,75261167.0800,0.923300,-1.602800
2026-03-05,11.1600000000,11.3100000000,10.9900000000,11.1000000000,6830322,75614469.2600,0.928600,0.452500
2026-03-06,11.0400000000,11.2400000000,11.0200000000,11.2200000000,5238481,58544684.1900,0.712200,1.081100
2026-03-09,11.1200000000,11.1200000000,10.8600000000,11.0400000000,6848240,75076666.5400,0.931100,-1.604300
2026-03-10,11.1100000000,11.1700000000,11.0300000000,11.1400000000,4308200,47816351.0000,0.585700,0.905800
2026-03-11,11.1400000000,11.1900000000,10.9800000000,11.0800000000,4593440,50828378.0000,0.624500,-0.538600
2026-03-12,11.0700000000,11.2600000000,11.0300000000,11.1000000000,6176680,68837776.2000,0.839800,0.180500
2026-03-13,11.0300000000,11.1000000000,10.9000000000,10.9200000000,5242040,57593880.0000,0.712700,-1.621600
2026-03-16,10.8700000000,11.0100000000,10.5500000000,10.6200000000,9893876,105650917.4400,1.345100,-2.747300
2026-03-17,10.6300000000,10.6800000000,10.3500000000,10.3600000000,7639280,80101181.0000,1.038600,-2.448200
2026-03-18,10.3800000000,10.4900000000,10.2200000000,10.4600000000,6301140,65314468.0000,0.856700,0.965300
2026-03-19,10.4100000000,10.5500000000,10.2500000000,10.2800000000,4783041,49446607.0800,0.650300,-1.720800
2026-03-20,10.3000000000,10.3500000000,10.0000000000,10.0200000000,4416060,44750521.2000,0.600400,-2.529200
2026-03-23,9.9400000000,9.9400000000,9.2200000000,9.2800000000,10096233,96027559.4000,1.372600,-7.385200
2026-03-24,9.5700000000,9.6800000000,9.4100000000,9.6600000000,6679909,63689235.3600,0.908200,4.094800
2026-03-25,9.6700000000,9.9200000000,9.6500000000,9.8400000000,6118941,59869834.7200,0.831900,1.863400
2026-03-26,9.8400000000,10.0100000000,9.6500000000,9.7000000000,4898620,48085466.0000,0.666000,-1.422800
2026-03-27,9.6200000000,9.7600000000,9.6000000000,9.7200000000,4893884,47413423.2400,0.665400,0.206200
2026-03-30,9.5900000000,9.8000000000,9.5900000000,9.7500000000,3531240,34285110.2000,0.480100,0.308600
2026-03-31,9.7500000000,9.8900000000,9.6700000000,9.6700000000,3725821,36428828.2800,0.506500,-0.820500
2026-04-01,9.7700000000,9.9300000000,9.7300000000,9.9200000000,4897900,48235387.7400,0.665900,2.585300
2026-04-02,9.8900000000,9.9700000000,9.7000000000,9.7900000000,4114986,40450792.2400,0.559500,-1.310500
2026-04-03,9.8000000000,9.8300000000,9.4900000000,9.5400000000,3695510,35384854.5000,0.502400,-2.553600
2026-04-07,9.6100000000,9.6100000000,9.4600000000,9.5900000000,2970600,28330465.0000,0.403900,0.524100
2026-04-08,9.7300000000,9.9500000000,9.7300000000,9.9300000000,4411280,43570776.4000,0.599700,3.545400
2026-04-09,9.9100000000,9.9100000000,9.5000000000,9.5300000000,6551104,63242178.3600,0.890700,-4.028200
2026-04-10,9.5300000000,9.8000000000,9.5300000000,9.7100000000,4977240,48204549.8000,0.676700,1.888800
2026-04-13,9.6500000000,9.6600000000,9.5000000000,9.5400000000,4083200,39046043.0000,0.555100,-1.750800
2026-04-14,9.5900000000,9.6900000000,9.5300000000,9.6400000000,5459400,52406706.8000,0.742200,1.048200
2026-04-15,9.6500000000,9.6600000000,9.4600000000,9.4900000000,6994836,66708602.9100,0.951000,-1.556000
2026-04-16,9.4800000000,9.5900000000,9.4400000000,9.5500000000,3754320,35760112.6000,0.510400,0.632200
2026-04-17,9.6000000000,9.6800000000,9.4800000000,9.5000000000,4641420,44300109.4000,0.631000,-0.523600
2026-04-20,9.4800000000,9.5900000000,9.4000000000,9.5800000000,4311881,41002367.7400,0.586200,0.842100
2026-04-21,9.5500000000,9.6200000000,9.4200000000,9.4800000000,3888415,36909203.6000,0.528700,-1.043800
2026-04-22,9.4600000000,9.4900000000,9.3400000000,9.4000000000,4449971,41851988.2700,0.605000,-0.843900
2026-04-23,9.3900000000,9.4400000000,9.2900000000,9.3800000000,4037680,37812619.0000,0.548900,-0.212800
2026-04-24,9.9300000000,10.3200000000,9.9300000000,10.3200000000,15219456,156400682.4400,2.069200,10.021300
2026-04-27,10.6200000000,10.6300000000,10.1000000000,10.3300000000,39167505,404260237.1800,5.325000,0.096900
2026-04-28,10.1800000000,10.3300000000,9.8800000000,9.9700000000,20018262,201337131.6600,2.721600,-3.485000
2026-04-29,9.9200000000,10.0600000000,9.7600000000,9.9400000000,16325250,162248658.7600,2.219500,-0.300900
2026-04-30,9.9300000000,9.9700000000,9.5700000000,9.5700000000,16960281,165281043.7800,2.305800,-3.722300
