date,open,high,low,close,volume,amount,turn,pctChg
2021-12-30,29.8100,30.0500,27.0100,28.6200,17325128,492852583.5500,54.403700,-3.991900
2021-12-31,26.0800140000,26.5490790000,25.6297116000,25.6953807000,10256316,284602442.0400,32.206500,-4.297700
2022-01-04,25.4796108000,25.9486758000,25.3295100000,25.4233230000,5749260,156893291.8900,18.053600,-1.058800
2022-01-05,25.4796108000,25.5734238000,24.6540564000,24.7947759000,4315013,114814740.6700,13.549800,-2.472300
2022-01-06,24.6728190000,25.1606466000,24.5602434000,24.9730206000,2373068,62983459.1800,7.451800,0.718900
2022-01-07,25.0480710000,25.2732222000,24.8323011000,24.8510637000,2748967,73348177.6500,8.632200,-0.488400
2022-01-10,24.9448767000,25.2732222000,24.8698263000,25.0574523000,1866258,49989025.1000,5.860400,0.830500
2022-01-11,25.2169344000,25.2263157000,24.8698263000,24.9542580000,1921438,51202589.9500,6.033600,-0.411800
2022-01-12,24.9542580000,25.3107474000,24.8885889000,25.0855962000,2078418,55578646.0000,6.526600,0.526300
2022-01-13,25.0762149000,25.2356970000,24.9167328000,24.9261141000,1526676,40741385.7800,4.794000,-0.635800
2022-01-14,24.9073515000,25.4420856000,24.8885889000,25.1325027000,2804625,75340232.7700,8.807000,0.828000
2022-01-17,25.0199271000,25.2169344000,24.6165312000,24.9730206000,2634782,69721686.7800,8.273600,-0.634600
2022-01-18,25.0011645000,25.0011645000,24.6540564000,24.7009629000,1858558,49006893.8800,5.836200,-1.089400
2022-01-19,24.5883873000,24.7384881000,24.5790060000,24.7197255000,1254224,32970126.8100,3.938500,0.076000
2022-01-20,24.6259125000,24.7478694000,24.0161280000,24.0911784000,1832347,47545567.8300,5.753900,-2.542700
2022-01-21,24.0911784000,24.1849914000,23.4532500000,23.4532500000,1524251,38331122.4300,4.786400,-2.648000
2022-01-24,23.5752069000,23.5752069000,23.0779980000,23.2656240000,874169,21759381.2600,2.745000,-0.800000
2022-01-25,23.1811923000,23.2656240000,22.1586306000,22.1586306000,1366826,32925294.2500,4.292100,-4.758100
2022-01-26,22.2524436000,22.5245013000,22.0179111000,22.2336810000,604967,14320928.8200,1.899700,0.338700
2022-01-27,22.2524436000,22.2899688000,21.2861697000,21.3143136000,948057,21900435.6500,2.977100,-4.135000
2022-01-28,21.3893640000,21.7083282000,21.3612201000,21.4550331000,535180,12302742.8800,1.680600,0.660200
2022-02-07,21.9897672000,21.9897672000,21.4362705000,21.5769900000,604282,13920612.6800,1.897500,0.568400
2022-02-08,21.5769900000,21.7646160000,21.4925583000,21.7083282000,645930,14898946.6100,2.028300,0.608700
2022-02-09,21.7646160000,22.0741989000,21.7083282000,22.0272924000,748939,17494473.8800,2.351800,1.469300
2022-02-10,22.0460550000,22.1398680000,21.9240981000,22.0179111000,624879,14663139.6500,1.962200,-0.042600
2022-02-11,21.9428607000,21.9428607000,21.4550331000,21.5394648000,827720,19102414.8400,2.599200,-2.173000
2022-02-14,21.3612201000,21.6332778000,21.3612201000,21.5207022000,366551,8400055.6700,1.151000,-0.087100
2022-02-15,21.5676087000,21.8209038000,21.4831770000,21.7552347000,455478,10539569.3900,1.430300,1.089800
2022-02-16,21.7552347000,21.9147168000,21.7552347000,21.8396664000,468031,10896159.8900,1.469700,0.388100
2022-02-17,21.8584290000,21.9803859000,21.7646160000,21.7646160000,564797,13161512.1200,1.773600,-0.343600
2022-02-18,21.5300835000,21.8490477000,21.5300835000,21.7927599000,362073,8374307.6100,1.137000,0.129300
2022-02-21,21.8490477000,22.1023428000,21.5863713000,21.9991485000,693721,16214631.7100,2.178400,0.947100
2022-02-22,21.9991485000,21.9991485000,21.5863713000,21.6145152000,670711,15488609.3400,2.106100,-1.748400
2022-02-23,21.7177095000,21.8771916000,21.6332778000,21.8209038000,569113,13206065.0200,1.787100,0.954900
2022-02-24,21.8209038000,21.9053355000,21.2861697000,21.3893640000,817011,18792651.5200,2.565500,-1.977600
2022-02-25,21.5394648000,21.7927599000,21.5300835000,21.6051339000,602128,13897962.3000,1.890800,1.008800
2022-02-28,21.7083282000,21.7927599000,21.3424575000,21.7927599000,603088,13913715.0000,1.893800,0.868400
2022-03-01,21.8302851000,21.8396664000,21.6708030000,21.7927599000,358200,8301955.0000,1.124800,0.000000
2022-03-02,21.7646160000,21.7646160000,21.5863713000,21.6989469000,421394,9739276.0000,1.323200,-0.430500
2022-03-03,21.7552347000,21.7927599000,21.6051339000,21.6708030000,573109,13258826.0000,1.799700,-0.129700
2022-03-04,21.7177095000,22.3181127000,21.6426591000,21.9710046000,1498422,35224678.0000,4.705300,1.385300
2022-03-07,21.8115225000,21.9147168000,21.5676087000,21.6051339000,691946,15999661.0000,2.172800,-1.665200
2022-03-08,21.5769900000,21.6520404000,20.8452486000,20.8827738000,864987,19526974.0000,2.716200,-3.343500
2022-03-09,21.0703998000,21.0703998000,19.7007300000,20.2354641000,707175,15327287.0000,2.220600,-3.099700
2022-03-10,20.6388600000,20.7045291000,20.2636080000,20.2823706000,554275,12097105.0000,1.740500,0.231800
2022-03-11,20.2636080000,20.6200974000,19.7945430000,20.5450470000,756719,16284391.0000,2.376200,1.295100
2022-03-14,20.6857665000,20.8733925000,20.2823706000,20.2823706000,520005,11380749.0000,1.632900,-1.278500
2022-03-15,20.2729893000,20.2823706000,19.0440390000,19.0440390000,786964,16458789.0000,2.471200,-6.105500
2022-03-16,19.1566146000,19.6632048000,18.4342545000,19.2785715000,676738,13708881.0000,2.125100,1.231500
2022-03-17,19.2410463000,20.0572194000,19.2410463000,19.5975357000,723638,15223489.0000,2.272300,1.654500
2022-03-18,19.5131040000,19.8320682000,19.4192910000,19.7945430000,463012,9718167.3900,1.453900,1.005300
2022-03-21,19.7570178000,20.0572194000,19.6256796000,19.9352625000,572477,12109062.3700,1.797700,0.710900
2022-03-22,19.9352625000,19.9352625000,19.4849601000,19.7101113000,481650,10108154.1700,1.512500,-1.129400
2022-03-23,19.7476365000,19.7663991000,19.5600105000,19.5881544000,405209,8487532.0500,1.272400,-0.618800
2022-03-24,19.5975357000,19.6725861000,19.2879528000,19.5037227000,351762,7302616.2900,1.104600,-0.431000
2022-03-25,19.5600105000,19.7288739000,19.4099097000,19.4099097000,402578,8391862.1000,1.264200,-0.481000
2022-03-28,19.3723845000,19.3723845000,19.0252764000,19.1378520000,380596,7771355.0300,1.195100,-1.401600
2022-03-29,19.2129024000,19.3348593000,18.8564130000,18.9502260000,380031,7736932.8400,1.193400,-0.980400
2022-03-30,18.7907439000,19.1753772000,18.7907439000,19.1190894000,313997,6384677.9500,0.986000,0.891100
2022-03-31,19.0440390000,19.6913487000,19.0252764000,19.3630032000,639835,13254138.1200,2.009200,1.275800
2022-04-01,19.2316650000,19.3254780000,19.0440390000,19.1941398000,338667,6913755.6100,1.063500,-0.872100
2022-04-06,19.2598089000,19.4005284000,19.1190894000,19.3254780000,309444,6362896.3800,0.971700,0.684300
2022-04-07,19.2879528000,19.2879528000,18.7719813000,18.7813626000,532674,10780259.4400,1.672700,-2.815500
2022-04-08,18.7813626000,18.8376504000,18.4811610000,18.5374488000,388150,7684997.0400,1.218900,-1.298700
2022-04-11,18.4905423000,18.6594057000,18.0496212000,18.1528155000,290334,5671538.8200,0.911700,-2.074900
2022-04-12,18.1059090000,18.1621968000,17.7306570000,18.1059090000,431539,8238875.7000,1.355100,-0.258400
2022-04-13,18.1528155000,18.1528155000,17.6368440000,17.6368440000,324342,6157768.0000,1.018500,-2.590700
2022-04-14,17.6368440000,17.9370456000,17.6368440000,17.8713765000,331972,6308223.3400,1.042400,1.329800
2022-04-15,17.8713765000,17.9089017000,17.5993188000,17.6462253000,288944,5454269.5500,0.907300,-1.259800
2022-04-18,17.6837505000,17.7306570000,16.8863400000,17.7118944000,441830,8195262.7100,1.387400,0.372100
2022-04-19,17.7118944000,17.8057074000,17.4867432000,17.6368440000,249013,4690990.0500,0.781900,-0.423700
2022-04-20,17.6368440000,17.7306570000,17.3084985000,17.4867432000,235667,4404666.7300,0.740000,-0.851100
2022-04-21,17.5899375000,17.5899375000,16.9051026000,16.9332465000,302606,5545100.6700,0.950200,-3.165200
2022-04-22,16.8957213000,17.0552034000,16.5767571000,16.6987140000,295908,5294867.8200,0.929200,-1.385000
2022-04-25,16.6799514000,16.6799514000,15.1789434000,15.2258499000,609881,10313848.3300,1.915100,-8.820200
2022-04-26,15.3759507000,15.3759507000,14.6348280000,14.7004971000,484162,7811797.7900,1.520300,-3.450400
2022-04-27,14.7004971000,15.1883247000,14.1751443000,15.1883247000,545354,8549417.2900,1.712500,3.318400
2022-04-28,15.1789434000,15.3384255000,14.9631735000,15.3009003000,442182,7152227.8100,1.388500,0.741200
2022-04-29,15.3102816000,15.7981092000,15.3102816000,15.6480084000,590135,9820728.3800,1.853100,2.268500
2022-05-05,15.6480084000,15.8731596000,15.5448141000,15.6667710000,482791,8082466.2300,1.516000,0.119900
2022-05-06,15.4134759000,16.0044978000,14.9162670000,15.8262531000,536087,8977067.3700,1.683400,1.018000
2022-05-09,15.8074905000,16.1076921000,15.7605840000,16.0514043000,330640,5637271.5200,1.038300,1.422600
2022-05-10,15.9106848000,16.2296490000,15.8731596000,16.1733612000,323471,5550880.4100,1.015800,0.759800
2022-05-11,16.1733612000,16.5298506000,16.0514043000,16.0607856000,463296,8078793.7300,1.454800,-0.696100
2022-05-12,16.1545986000,16.2859368000,15.9575913000,16.1170734000,269641,4637343.4600,0.846700,0.350500
2022-05-13,16.2296490000,16.3516059000,16.0138791000,16.1170734000,288427,4962578.6600,0.905700,0.000000
2022-05-16,16.3234620000,16.3234620000,15.8450157000,15.9482100000,343612,5882795.9500,1.079000,-1.047700
2022-05-17,15.9294474000,15.9388287000,15.6104832000,15.8262531000,308864,5175605.6200,0.969900,-0.764700
2022-05-18,15.7605840000,15.9200661000,15.7136775000,15.7605840000,203730,3433023.8000,0.639700,-0.414900
2022-05-19,15.7230588000,15.8637783000,15.5823393000,15.7793466000,181007,3041155.1500,0.568400,0.119000
2022-05-20,15.7699653000,16.0795482000,15.7699653000,16.0420230000,364532,6197684.6400,1.144700,1.664700
2022-05-23,16.1452173000,16.2765555000,16.0420230000,16.2577929000,352259,6068449.2600,1.106200,1.345000
2022-05-24,16.2484116000,16.2484116000,15.5729580000,15.5729580000,458865,7777340.7700,1.440900,-4.212300
2022-05-25,15.6292458000,15.7418214000,15.5729580000,15.7136775000,172026,2873446.2500,0.540200,0.903600
2022-05-26,15.7136775000,15.8262531000,15.4134759000,15.7230588000,224188,3739464.5700,0.704000,0.059700
2022-05-27,15.7230588000,15.7887279000,15.6198645000,15.6480084000,278167,4650933.5600,0.873500,-0.477300
2022-05-30,15.6480084000,15.8356344000,15.5823393000,15.8168718000,267118,4487805.4500,0.838800,1.079100
2022-05-31,15.7887279000,16.5955197000,15.6667710000,16.4454189000,863929,14984956.4700,2.712900,3.973900
2022-06-01,16.3328433000,17.3554050000,16.3328433000,17.0270595000,1067698,19345476.0800,3.352700,3.536800
2022-06-02,17.1114912000,17.6368440000,16.9051026000,17.5805562000,1134319,20956629.9600,3.561900,3.250700
2022-06-06,17.6368440000,18.2560098000,17.4773619000,17.9276643000,1232225,23568850.5000,3.869400,1.974400
2022-06-07,17.8713765000,17.9464269000,17.4398367000,17.6180814000,712316,13368912.7200,2.236800,-1.726800
2022-06-08,17.6368440000,17.7494196000,17.3647863000,17.5336497000,538734,10082574.7500,1.691700,-0.479200
2022-06-09,17.6087001000,17.6087001000,16.9144839000,17.0927286000,486381,8913318.5100,1.527300,-2.514700
2022-06-10,17.0739660000,17.3272611000,17.0552034000,17.2053042000,315235,5796076.9400,0.989900,0.658600
2022-06-13,17.2146855000,17.4023115000,17.1021099000,17.2897359000,319754,5880665.8500,1.004100,0.490700
2022-06-14,17.2709733000,17.2709733000,16.5673758000,16.9895343000,586348,10523582.3500,1.841200,-1.736300
2022-06-15,16.9051026000,17.5242684000,16.9051026000,17.3084985000,550495,10165812.8300,1.728600,1.877400
2022-06-16,17.3366424000,17.7494196000,17.2615920000,17.5617936000,559218,10458052.9000,1.756000,1.463400
2022-06-17,17.5617936000,17.6180814000,17.1959229000,17.3835489000,400386,7427400.2000,1.257300,-1.015000
2022-06-20,17.4961245000,17.9651895000,17.2897359000,17.8713765000,572567,10807509.3300,1.798000,2.806300
2022-06-21,17.8997152000,17.9941728000,17.5880051200,17.6824627200,410937,7710183.3400,1.290400,-1.057100
2022-06-22,17.7485830400,17.8997152000,17.1629459200,17.2762950400,340152,6279631.0700,1.068100,-2.297000
2022-06-23,17.2857408000,17.5218848000,17.2101747200,17.5124390400,348304,6417337.0500,1.093700,1.366900
2022-06-24,17.5974508800,18.8726284800,17.4746560000,18.6364844800,1872655,36595807.6000,5.880400,6.418600
2022-06-27,18.8915200000,20.1950348800,18.8915200000,19.3826995200,2882411,59884845.3100,9.051200,4.004100
2022-06-28,19.2787961600,19.4866028800,18.7120505600,19.1465555200,1211566,24399631.4600,3.804500,-1.218300
2022-06-29,18.9387488000,19.1748928000,18.7970624000,18.8537369600,679447,13651354.1700,2.133600,-1.529400
2022-06-30,18.7026048000,18.8442912000,18.4097862400,18.7026048000,1282070,25223971.1100,3.852900,-0.801600
2022-07-01,18.4570150400,18.7970624000,18.2869913600,18.4947980800,726230,14188769.2700,2.182500,-1.111100
2022-07-04,18.3058828800,19.1465555200,18.3058828800,18.8915200000,922597,18420820.5000,2.772600,2.145000
2022-07-05,18.9387488000,18.9387488000,18.3342201600,18.4286777600,601036,11809613.6000,1.806300,-2.450000
2022-07-06,18.4097862400,18.8631827200,18.2397625600,18.3531116800,456604,8956231.0200,1.372200,-0.410000
2022-07-07,18.2492083200,18.5798099200,18.1358592000,18.4381235200,604252,11788776.1500,1.815900,0.463200
2022-07-08,18.4475692800,18.6553760000,18.3342201600,18.4475692800,440510,8624078.8800,1.323800,0.051200
2022-07-11,18.7498336000,18.7970624000,18.0225100800,18.0980761600,371185,7197684.0500,1.115500,-1.894500
2022-07-12,18.2869913600,18.3153286400,17.5502220800,17.5691136000,449593,8444505.7200,1.351100,-2.922800
2022-07-13,17.5785593600,17.7674745600,17.4746560000,17.5596678400,358872,6671614.7100,1.078500,-0.053800
2022-07-14,17.6919084800,18.1264134400,17.6163424000,18.1264134400,609859,11595298.2500,1.832800,3.227500
2022-07-15,18.1358592000,18.4192320000,17.7769203200,18.0791846400,460032,8863462.4600,1.382500,-0.260600
2022-07-18,18.2586540800,18.3720032000,18.0225100800,18.2964371200,292658,5646344.5700,0.879500,1.201700
2022-07-19,18.3342201600,18.3531116800,18.0602931200,18.2964371200,379696,7342235.7400,1.141100,0.000000
2022-07-20,18.2964371200,18.5798099200,18.2964371200,18.4947980800,622373,12182387.1000,1.870400,1.084200
2022-07-21,18.4381235200,18.6553760000,18.4381235200,18.5042438400,372973,7316751.6800,1.120900,0.051100
2022-07-22,18.4947980800,18.7403878400,18.2303168000,18.6364844800,576509,11270644.9600,1.732500,0.714700
2022-07-25,18.8915200000,19.0993267200,18.3342201600,18.4003404800,588332,11660105.9300,1.768100,-1.267100
2022-07-26,18.2114252800,18.6270387200,17.8713779200,18.6081472000,446060,8629537.7000,1.340500,1.129400
2022-07-27,18.4759065600,18.6742675200,18.4664608000,18.6459302400,270985,5332351.6500,0.814400,0.203000
2022-07-28,18.6364844800,18.8631827200,18.6175929600,18.7781708800,593313,11798443.2800,1.783000,0.709200
2022-07-29,18.8442912000,18.8915200000,18.4381235200,18.6459302400,492359,9725753.7200,1.479700,-0.704200
2022-08-01,18.5420268800,18.9293030400,18.4003404800,18.8820742400,576873,11465262.4400,1.733600,1.266500
2022-08-02,18.7120505600,18.7214963200,17.8524864000,18.0036185600,713351,13840243.7700,2.143800,-4.652300
2022-08-03,17.9563897600,18.3153286400,17.8713779200,17.8902694400,378802,7261203.3200,1.138400,-0.629600
2022-08-04,18.2303168000,18.2303168000,17.7674745600,18.2114252800,457529,8735346.0000,1.375000,1.795100
2022-08-05,18.0886304000,19.8833248000,18.0886304000,19.5338316800,1970055,39891067.0000,5.920500,7.261400
2022-08-08,19.4393740800,19.5716147200,19.1087724800,19.3260249600,628395,12852619.0000,1.888500,-1.063800
2022-08-09,19.2599046400,19.2599046400,18.9104115200,19.1371097600,500958,10102523.0000,1.505500,-0.977500
2022-08-10,18.9481945600,19.1465555200,18.9009657600,18.9859776000,489340,9828819.0000,1.470600,-0.789700
2022-08-11,18.9859776000,19.4488198400,18.9859776000,19.1654470400,801732,16301442.0000,2.409400,0.945300
2022-08-12,19.1654470400,19.3165792000,18.9198572800,19.0143148800,574364,11613385.0000,1.726100,-0.788600
2022-08-15,19.1465555200,19.1937843200,18.9387488000,19.0143148800,395233,7949653.7000,1.187800,0.000000
2022-08-16,18.9481945600,19.6188435200,18.9009657600,19.2599046400,1023491,20838521.0700,3.075800,1.291600
2022-08-17,19.2599046400,19.4960486400,19.1087724800,19.3638080000,546863,11178471.5700,1.643500,0.539500
2022-08-18,19.2599046400,19.3826995200,19.0898809600,19.2315673600,453621,9232744.8400,1.363200,-0.682900
2022-08-19,19.1560012800,19.2599046400,18.9670860800,18.9859776000,380144,7673710.9300,1.142400,-1.277000
2022-08-22,18.9481945600,19.0804352000,18.8065081600,19.0332064000,344758,6922757.7400,1.036100,0.248800
2022-08-23,18.8631827200,19.6755180800,18.8631827200,19.6093977600,1172911,24147278.9500,3.524900,3.027300
2022-08-24,19.6093977600,19.6093977600,18.6270387200,18.9481945600,680912,13730122.1700,2.046300,-3.371900
2022-08-25,18.9670860800,19.1182182400,18.5136896000,18.7592793600,406538,8085206.6300,1.221700,-0.997000
2022-08-26,18.9009657600,19.0332064000,18.7026048000,18.8631827200,224170,4482407.4900,0.673700,0.553900
2022-08-29,18.5325811200,19.0804352000,18.5325811200,18.8820742400,304451,6081907.3100,0.914900,0.100200
2022-08-30,18.7781708800,19.0426521600,18.7592793600,18.9387488000,254969,5103781.9100,0.766200,0.300200
2022-08-31,18.8915200000,18.9576403200,18.6270387200,18.7120505600,220016,4361941.9100,0.661200,-1.197000
2022-09-01,18.7498336000,19.1182182400,18.6364844800,19.1182182400,476779,9568134.0500,1.432800,2.170600
2022-09-02,19.0898809600,19.4771571200,18.9859776000,19.1560012800,577310,11790676.7700,1.735000,0.197600
2022-09-05,19.1748928000,20.6200940800,19.1748928000,20.1005772800,1857268,39544037.2300,5.581500,4.931000
2022-09-06,20.0722400000,20.4972992000,19.7416384000,19.8927705600,1060143,22534728.9700,3.186000,-1.033800
2022-09-07,20.0061196800,20.0627942400,19.7227468800,19.7983129600,379597,7963294.9100,1.140800,-0.474800
2022-09-08,19.7227468800,19.7888672000,19.0426521600,19.3921452800,853017,17528792.9700,2.563500,-2.051500
2022-09-09,19.5149401600,19.7699756800,19.3638080000,19.4866028800,371968,7711239.7800,1.117900,0.487100
2022-09-13,19.6849638400,19.7416384000,19.2315673600,19.6566265600,333483,6908625.6400,1.002200,0.872500
2022-09-14,19.4299283200,19.7416384000,19.3543622400,19.7416384000,253349,5241668.1700,0.761400,0.432500
2022-09-15,19.7416384000,19.9399993600,19.0993267200,19.4110368000,530738,11014219.8000,1.595000,-1.674600
2022-09-16,19.2976876800,19.5338316800,19.1276640000,19.3354707200,264807,5435604.1000,0.795800,-0.389300
2022-09-19,19.2504588800,19.2504588800,18.5609184000,19.0615436800,551242,10990220.2300,1.656600,-1.416700
2022-09-20,19.0520979200,19.0520979200,18.5136896000,18.5136896000,445348,8825156.0500,1.338400,-2.874100
2022-09-21,18.5609184000,18.5609184000,18.0980761600,18.3531116800,433528,8385425.9700,1.302900,-0.867300
2022-09-22,18.1830880000,18.5325811200,18.0697388800,18.1075219200,203770,3934840.6400,0.612400,-1.338100
2022-09-23,18.0980761600,18.2303168000,17.8713779200,18.0886304000,180443,3444793.3100,0.542300,-0.104300
2022-09-26,18.0697388800,18.1075219200,17.7580288000,17.7674745600,263848,4994277.6200,0.792900,-1.775500
2022-09-27,17.7674745600,18.7592793600,17.4746560000,18.5136896000,505652,9789299.3000,1.519600,4.199900
2022-09-28,18.4097862400,18.7214963200,18.3247744000,18.6742675200,771759,15180443.3200,2.319300,0.867300
2022-09-29,18.8726284800,19.3260249600,18.5136896000,19.1748928000,943843,19060286.1600,2.836500,2.680800
2022-09-30,19.1276640000,20.3839500800,19.0426521600,20.0250112000,2329224,49139636.6900,6.999900,4.433500
2022-10-10,19.7605299200,20.2706009600,19.4771571200,19.8644332800,1329266,28035946.1200,3.994800,-0.801900
2022-10-11,20.1100230400,20.3556128000,19.7416384000,20.2989382400,1342809,28672828.9700,4.035500,2.187400
2022-10-12,20.1289145600,20.2517094400,19.1465555200,19.9116620800,1062301,22154358.2900,3.192500,-1.907900
2022-10-13,20.0627942400,21.7819225600,19.7699756800,21.4040921600,2697952,60215459.0700,8.108000,7.495300
2022-10-14,21.2529600000,23.4821593600,21.2057312000,22.9815340800,4606794,110545444.4300,13.844500,7.369800
2022-10-17,23.4443763200,24.5967590400,23.1421120000,23.9544473600,4496053,113625265.9100,13.511700,4.233500
2022-10-18,23.9261100800,25.9569484800,22.6887155200,25.0879385600,5187923,136405671.7400,15.590900,4.731900
2022-10-19,24.8234572800,24.9556979200,23.8788812800,24.5589760000,2651411,68456872.8500,7.968100,-2.108400
2022-10-20,24.4456268800,25.7963705600,24.2094828800,24.8517945600,2376838,63126548.7800,7.143000,1.192300
2022-10-21,24.5589760000,25.6924672000,24.2756032000,25.5791180800,1768661,47652249.2800,5.315200,2.926600
2022-10-24,25.4563232000,25.5791180800,24.2756032000,24.3889523200,1824372,47778220.8300,5.482700,-4.652900
2022-10-25,24.3889523200,24.7384454400,23.4727136000,24.1811456000,1768596,44925336.0100,5.315000,-0.852100
2022-10-26,24.1811456000,25.6830214400,24.1244710400,25.2201792000,1720399,45643243.0800,5.170200,4.296900
2022-10-27,24.6817708800,24.7006624000,22.2731020800,23.4727136000,3637198,88839852.5900,10.930600,-6.928800
2022-10-28,23.1421120000,23.7466406400,22.4336800000,22.6698240000,1433916,35126776.9200,4.309300,-3.420500
2022-10-31,22.6698240000,24.0583507200,22.1975360000,23.5199424000,1685161,41527296.5800,5.064300,3.750000
2022-11-01,23.5199424000,24.5211929600,22.7926188800,24.3700608000,1732911,43285933.0400,5.207800,3.614500
2022-11-02,24.1811456000,24.3511692800,23.6710745600,24.0866880000,923759,23496332.0400,2.776100,-1.162800
2022-11-03,23.9733388800,24.3228320000,23.6427372800,23.9261100800,448176,11380314.1100,1.346900,-0.666700
2022-11-04,23.6521830400,24.1055795200,23.3688102400,23.3688102400,912267,22803992.6100,2.741600,-2.329300
2022-11-07,23.2365696000,23.3782560000,22.7359443200,22.7548358400,793141,19294252.1000,2.383600,-2.627300
2022-11-08,23.0193171200,23.0854374400,22.4998003200,22.6603782400,444159,10691114.4900,1.334800,-0.415100
2022-11-09,22.6603782400,23.1893408000,22.4431257600,22.4525715200,574579,13847593.1700,1.726700,-0.917000
2022-11-10,22.4620172800,23.2837984000,22.4053427200,22.4714630400,861860,20760547.5000,2.590100,0.084100
2022-11-11,22.7926188800,23.1421120000,22.1975360000,22.2164275200,857581,20583535.8100,2.577200,-1.134900
2022-11-14,22.2731020800,22.5848121600,21.8574886400,22.1408614400,780957,18353177.2300,2.347000,-0.340100
2022-11-15,22.1786444800,22.5092460800,21.9991750400,22.4053427200,543300,12813320.0900,1.632700,1.194500
2022-11-16,22.3958969600,22.8115104000,22.3958969600,22.6037036800,489601,11738890.6800,1.471400,0.885300
2022-11-17,22.6792697600,22.7926188800,22.3108851200,22.5659206400,394182,9403007.6100,1.184600,-0.167200
2022-11-18,22.7548358400,23.6710745600,22.4998003200,23.5104966400,1504133,36828089.0400,4.520300,4.185900
2022-11-21,23.8977728000,24.7289996800,23.6144000000,24.3228320000,2243606,57812438.3500,6.742600,3.455200
2022-11-22,24.3700608000,24.4172896000,23.2271238400,23.7371948800,1576500,39637602.2100,4.737800,-2.407800
2022-11-23,23.6144000000,23.6332915200,22.5848121600,23.0665459200,765134,18633240.6300,2.299400,-2.825300
2022-11-24,22.8587392000,24.9651436800,22.8587392000,23.3688102400,1444468,36665888.1000,4.341000,1.310400
2022-11-25,23.2743526400,23.5482796800,22.6225952000,22.7264985600,786221,19175831.4900,2.362800,-2.748600
2022-11-28,22.6887155200,23.2365696000,22.4147884800,22.8965222400,532555,12859864.4000,1.600500,0.748100
2022-11-29,23.2365696000,23.4727136000,22.5753664000,22.9059680000,693754,16952670.7700,2.084900,0.041300
2022-11-30,23.0287628800,23.4160390400,22.6698240000,22.8020646400,669881,16296348.4200,2.013100,-0.453600
2022-12-01,23.0287628800,23.3310272000,22.7642816000,23.1043289600,464756,11363345.2600,1.396700,1.325600
2022-12-02,22.9437510400,23.2932441600,22.6698240000,22.9531968000,465977,11291436.4100,1.400400,-0.654100
2022-12-05,23.0665459200,23.5388339200,22.7926188800,23.3215814400,554015,13601499.5100,1.664900,1.604900
2022-12-06,23.0759916800,23.4254848000,22.9626425600,23.0004256000,284251,6978690.3100,0.854200,-1.377100
2022-12-07,22.9437510400,23.3782560000,22.7453900800,22.8587392000,499782,12201760.3400,1.502000,-0.616000
2022-12-08,22.8587392000,22.9437510400,22.5092460800,22.5753664000,516329,12389835.2000,1.551700,-1.239700
2022-12-09,22.4809088000,22.7264985600,22.3108851200,22.5753664000,448094,10658294.1900,1.346600,0.000000
2022-12-12,22.2731020800,22.6603782400,21.2529600000,22.6225952000,1362007,31585713.1500,4.093100,0.209200
2022-12-13,22.3770054400,22.6037036800,21.9141632000,22.1030784000,518776,12171098.0300,1.559000,-2.296500
2022-12-14,22.3203308800,22.3297766400,21.3474176000,21.4702124800,658977,15113921.8300,1.980400,-2.863200
2022-12-15,21.4418752000,21.8291513600,21.4418752000,21.6213446400,200472,4592436.6900,0.602500,0.703900
2022-12-16,21.5174412800,21.7252480000,21.3474176000,21.4418752000,171160,3895745.2300,0.514400,-0.830100
2022-12-19,21.3474176000,21.4702124800,20.8090092800,20.9601414400,316467,7073905.4900,0.951100,-2.246700
2022-12-20,20.7806720000,20.7806720000,20.4122873600,20.4595161600,217946,4746997.4900,0.655000,-2.388500
2022-12-21,20.7239974400,20.7239974400,19.8360960000,20.1761433600,344392,7369223.9700,1.035000,-1.385000
2022-12-22,20.1194688000,20.3461670400,19.6755180800,19.7888672000,182222,3844253.2900,0.547600,-1.919500
2022-12-23,19.6282892800,20.4595161600,19.6282892800,19.9872281600,247380,5250670.4300,0.743400,1.002400
2022-12-26,19.9211078400,20.9884787200,19.7699756800,20.6956601600,360527,7867594.8300,1.083500,3.544400
2022-12-27,20.6956601600,20.8656838400,20.2611552000,20.7806720000,188067,4095368.2300,0.565200,0.410800
2022-12-28,20.7806720000,21.9802835200,20.4311788800,21.5457785600,692041,15685058.2900,2.079700,3.681800
2022-12-29,21.2718515200,21.7630310400,21.2718515200,21.6780192000,196747,4495284.8300,0.591300,0.613800
2022-12-30,21.6591276800,22.9343052800,21.4040921600,22.4903545600,934516,22211989.9700,1.201800,3.747300
2023-01-03,22.2919936000,22.8965222400,21.9613920000,22.1691987200,723012,16993982.2500,0.929800,-1.428000
2023-01-04,22.0180665600,22.1125241600,21.5930073600,21.6780192000,300764,6941073.6600,0.386800,-2.215600
2023-01-05,21.8102598400,21.9897292800,21.4985497600,21.6591276800,361703,8314010.8700,0.465200,-0.087100
2023-01-06,21.5646700800,22.1030784000,21.3474176000,21.4135379200,473946,10837729.5300,0.609500,-1.133900
2023-01-09,21.4135379200,23.8033152000,21.3568633600,23.4632678400,3125928,74661449.6100,4.020100,9.572100
2023-01-10,24.0866880000,25.8624908800,23.1232204800,25.5980096000,3592879,95321746.1000,4.620600,9.098200
2023-01-11,25.6924672000,26.1458636800,25.2957452800,25.6169011200,1627152,44375739.3000,2.092600,0.073800
2023-01-12,25.6263468800,25.8719366400,25.2201792000,25.5980096000,976885,26439337.1400,1.256300,-0.073700
2023-01-13,26.0986348800,26.9959820800,25.2390707200,26.8354041600,2711508,75989104.8500,3.487100,4.833900
2023-01-16,26.4953568000,27.8649920000,26.4953568000,26.5425856000,1415223,40526241.2700,1.820000,-1.091200
2023-01-17,26.6937177600,27.3360294400,26.3064416000,27.1093312000,1677500,48102022.2500,2.157300,2.135200
2023-01-18,26.9770905600,28.9701459200,26.6370432000,28.6206528000,3207230,96291114.7400,4.124700,5.574900
2023-01-19,28.2806054400,29.7446982400,28.0727987200,29.1685068800,1857132,56815987.8000,2.388400,1.914200
2023-01-20,29.0173747200,29.8486016000,28.3372800000,29.1779526400,1404001,43526939.6200,1.805600,0.032400
2023-01-30,29.1118323200,29.7541440000,28.4600748800,28.4600748800,1921220,58690948.0800,2.470800,-2.460300
2023-01-31,28.4695206400,28.9795916800,28.3372800000,28.4600748800,1559099,47294650.3500,2.005100,0.000000
2023-02-01,28.5639782400,28.6489900800,27.6099564800,27.9216665600,1268896,37527604.6200,1.631900,-1.891800
2023-02-02,28.2428224000,29.4707712000,27.5816192000,28.9134713600,2248255,68806712.5700,2.891400,3.552100
2023-02-03,28.9040256000,29.1496153600,28.1578105600,28.4317376000,978540,29478605.7700,1.258500,-1.666100
2023-02-06,29.0646035200,29.4518796800,28.0727987200,29.0362662400,1441109,44227896.7100,1.853300,2.126200
2023-02-07,28.6017612800,29.3952051200,28.3372800000,28.4034003200,1249978,37915744.8700,1.607500,-2.179600
2023-02-08,28.6395443200,28.9040256000,28.0822444800,28.1389190400,814780,24525714.0700,1.047800,-0.931200
2023-02-09,28.1389190400,28.4222918400,27.5154988800,27.7327513600,1164707,34281474.3700,1.497900,-1.443400
2023-02-10,27.8649920000,28.7812307200,27.7233056000,28.5167494400,1570876,47250058.0200,2.020200,2.827000
2023-02-13,28.2144851200,29.2440729600,27.7988716800,28.4034003200,3482477,105648169.1500,4.478600,-0.397500
2023-02-14,28.3372800000,29.5935660800,27.5816192000,28.8945798400,4796032,143279399.4000,6.167900,1.729300
2023-02-15,28.4978579200,29.7352524800,28.4978579200,29.1873984000,2883891,89149099.5500,3.708800,1.013400
2023-02-16,29.4424339200,31.6432960000,28.9795916800,30.6987200000,4993048,163438616.1800,6.421300,5.178000
2023-02-17,31.3032486400,32.2761619200,30.2925523200,31.5488384000,3049023,101489663.1100,3.921200,2.769200
2023-02-20,31.4638265600,33.0412684800,30.9348640000,32.0683552000,3267391,110165882.2100,4.202000,1.646700
2023-02-21,31.9077772800,33.0601600000,31.5016096000,32.9845939200,2739636,93923744.0000,3.523300,2.857100
2023-02-22,33.0601600000,34.2314342400,32.5689804800,33.8819411200,2123124,75733470.4600,2.730400,2.720500
2023-02-23,33.9575072000,33.9575072000,32.1155840000,32.5028601600,1510236,52520419.5900,1.942200,-4.070300
2023-02-24,32.5878720000,33.3340870400,31.9927891200,32.3044992000,962070,33241210.5100,1.237300,-0.610300
2023-02-27,31.9833433600,32.5217516800,31.6527417600,32.0494636800,1340790,45469101.8100,1.724300,-0.789500
2023-02-28,31.8133196800,32.4745228800,31.2182368000,31.8038739200,1453189,49104245.8100,1.868900,-0.766300
2023-03-01,31.9738976000,31.9738976000,30.7931776000,31.2182368000,1059882,35107087.3500,1.363100,-1.841400
2023-03-02,31.0293216000,31.2938028800,30.5192505600,30.8215148800,783429,25569875.6000,1.007500,-1.270800
2023-03-03,30.8215148800,30.8687436800,29.7824812800,30.1508659200,933142,29871835.5200,1.200100,-2.175900
2023-03-06,30.1792032000,31.1710080000,29.7258067200,30.8592979200,1189265,38574765.4400,1.529500,2.349600
2023-03-07,30.5475878400,31.7566451200,30.4814675200,30.6420454400,1561494,51206793.3300,2.008200,-0.704000
2023-03-08,30.3964556800,31.9266688000,30.3964556800,31.0198758400,946598,31404170.3000,1.217400,1.233000
2023-03-09,31.1426707200,31.9266688000,30.4059014400,31.3693689600,827329,27488321.2100,1.064000,1.126700
2023-03-10,30.4247929600,32.1344755200,30.4247929600,31.9455603200,958333,31931885.5600,1.232500,1.836800
2023-03-13,31.5016096000,31.9455603200,30.6420454400,31.1993452800,579327,19067883.1500,0.745000,-2.335900
2023-03-14,31.2276825600,31.2371283200,29.9997337600,30.1886489600,379854,12235805.7700,0.488500,-3.239500
2023-03-15,30.2736608000,31.0671046400,29.3668678400,29.9052761600,603988,19162680.3300,0.776800,-0.938700
2023-03-16,29.8486016000,30.3303353600,28.5167494400,28.6017612800,1143467,35405806.8400,1.470600,-4.358800
2023-03-17,28.8567968000,29.0362662400,27.8744377600,28.2333766400,1106817,33192241.8600,1.423400,-1.288000
2023-03-20,28.4034003200,29.1401696000,27.8555462400,28.6395443200,1241908,37616980.0200,1.597200,1.438600
2023-03-21,28.5261952000,29.4235424000,28.3372800000,29.2440729600,881868,27264296.1800,1.134100,2.110800
2023-03-22,29.5652288000,30.1980947200,28.9040256000,29.0834950400,837741,26315565.9900,1.077400,-0.549100
2023-03-23,29.1401696000,29.6785779200,28.9795916800,29.4424339200,434403,13552091.1800,0.558700,1.234200
2023-03-24,29.7352524800,29.8486016000,28.9040256000,29.1023865600,692660,21481869.2000,0.890800,-1.155000
2023-03-27,28.9040256000,30.0091795200,28.6206528000,29.4518796800,918713,28633316.7500,1.181500,1.200900
2023-03-28,29.1873984000,31.1615622400,28.8284595200,30.1319744000,1482353,47322168.9000,1.906400,2.309200
2023-03-29,30.0752998400,30.9065267200,29.4518796800,30.2358777600,1167593,37202381.7000,1.501600,0.344800
2023-03-30,29.7069152000,30.6042624000,29.5180000000,30.0752998400,626807,19942335.3300,0.806100,-0.531100
2023-03-31,30.3681184000,30.4153472000,28.5261952000,29.1401696000,715580,22165093.8300,0.920300,-3.109300
2023-04-03,28.9607001600,29.1590611200,26.3064416000,26.7787296000,3298406,95024708.2500,4.241900,-8.103700
2023-04-04,26.9393075200,28.3372800000,26.0702976000,27.7044140800,2091256,60659944.2800,2.689500,3.456800
2023-04-06,27.6005107200,33.2112921600,27.5816192000,33.1451718400,1866341,60372564.5300,2.400200,19.638600
2023-04-07,33.4663276800,33.4663276800,30.8404064000,31.6905248000,1578317,53151410.1400,2.029800,-4.388700
2023-04-10,31.6432960000,36.2811641600,30.6987200000,34.1936512000,3214131,111400089.5400,4.133500,7.898700
2023-04-11,33.8063750400,33.8063750400,31.6244044800,32.5878720000,2487565,85811923.1800,3.199100,-4.696100
2023-04-12,32.2572704000,32.9468108800,31.2182368000,32.1628128000,868993,29261978.8700,1.117600,-1.304300
2023-04-13,31.8605484800,33.3435328000,31.6716332800,32.0116806400,1123560,38549050.7000,1.445000,-0.469900
2023-04-14,32.3611737600,34.5714816000,32.1155840000,33.8724953600,1952068,69401091.0300,2.510500,5.812900
2023-04-17,33.9291699200,34.3731206400,31.9927891200,32.8145702400,1028750,35943326.6400,1.323000,-3.123300
2023-04-18,32.4556313600,32.7673414400,31.8416569600,31.9738976000,476987,16291132.8900,0.613400,-2.561900
2023-04-19,32.0872467200,32.6823296000,31.1898995200,31.6527417600,934699,31461544.3400,1.202100,-1.004400
2023-04-20,30.9915385600,32.0022348800,30.9537555200,31.5205011200,586418,19546397.2800,0.754200,-0.417800
2023-04-21,31.1237792000,32.4367398400,30.5286963200,30.8876352000,1618271,53964279.8600,2.081200,-2.007800
2023-04-24,31.0671046400,32.3517280000,30.5759251200,31.5110553600,890939,29897773.5500,1.145800,2.018300
2023-04-25,31.5582841600,31.6432960000,29.8297100800,29.9525049600,651976,21008073.1400,0.838500,-4.946000
2023-04-26,30.1886489600,33.0601600000,30.0658540800,32.7295584000,1227225,41414217.8500,1.578300,9.271500
2023-04-27,32.0683552000,33.9952902400,31.4543808000,31.6432960000,1647590,56777673.0100,2.118900,-3.318900
2023-04-28,30.2264320000,32.3044992000,30.1414201600,32.1344755200,1391955,45966392.9400,1.790100,1.552200
2023-05-04,31.9738976000,34.4203494400,31.3315859200,32.9845939200,1500721,52935812.5000,1.930000,2.645500
2023-05-05,33.0223769600,33.0412684800,31.9172230400,33.0412684800,851192,29317119.7600,1.094700,0.171800
2023-05-08,32.3517280000,33.0412684800,31.0104300800,32.6917753600,1053003,35457607.0000,1.354200,-1.057700
2023-05-09,32.2667161600,32.7673414400,31.9833433600,32.2856076800,467363,15987129.1200,0.601100,-1.242400
2023-05-10,32.3139449600,32.3139449600,30.9726470400,31.3221401600,534960,17840859.9800,0.688000,-2.984200
2023-05-11,31.5488384000,32.6351008000,31.1710080000,31.4354892800,400752,13553831.2300,0.515400,0.361900
2023-05-12,31.4354892800,32.2478246400,30.9348640000,31.6621875200,278365,9394275.4200,0.358000,0.721200
2023-05-15,31.6527417600,32.9751481600,31.2182368000,32.0116806400,519324,17593323.4200,0.667900,1.103800
2023-05-16,32.2572704000,35.6766355200,31.6527417600,35.1665644800,3400164,122904706.8200,4.372800,9.855400
2023-05-17,34.9398662400,35.4121542400,33.4946649600,34.7509510400,1473061,53242365.3100,1.894400,-1.181800
2023-05-18,34.1086393600,34.4675782400,33.6269056000,34.4203494400,888667,31970040.7100,1.142900,-0.951300
2023-05-19,33.9102784000,34.6376019200,33.5324480000,33.8252665600,761332,27473000.5600,0.979100,-1.728900
2023-05-22,34.0708563200,34.0708563200,33.1451718400,33.2679667200,704846,25003624.1700,0.906500,-1.647600
2023-05-23,33.8630496000,33.9669529600,32.6823296000,32.8429075200,557235,19612922.6000,0.716600,-1.277700
2023-05-24,32.4934144000,32.5028601600,31.0765504000,31.3032486400,1291742,43161660.2500,1.661200,-4.687900
2023-05-25,31.1710080000,31.5393926400,30.7081657600,31.2182368000,849080,28056053.8000,1.092000,-0.271600
2023-05-26,30.7931776000,32.2005958400,30.7270572800,31.2749113600,518657,17250558.6200,0.667000,0.181500
2023-05-29,30.8026233600,32.5595347200,29.6596864000,30.1225286400,2023393,64956014.1900,2.602200,-3.684700
2023-05-30,29.8391558400,30.6987200000,29.2062899200,29.6407948800,1965711,61980440.5500,2.528000,-1.599200
2023-05-31,29.9619507200,30.5192505600,29.2913017600,30.1130828800,1594436,50808329.3400,2.050500,1.593400
2023-06-01,30.0564083200,30.8592979200,29.9713964800,30.1130828800,1091236,35126533.3600,1.403400,0.000000
2023-06-02,30.1130828800,31.3693689600,30.1130828800,31.2560198400,1428946,46893556.9900,1.837700,3.795500
2023-06-05,31.3599232000,32.0116806400,30.8120691200,31.5488384000,858702,28608420.2300,1.104300,0.936800
2023-06-06,31.5771756800,33.0884972800,31.1710080000,31.3599232000,1390848,47231343.2100,1.788700,-0.598800
2023-06-07,31.0765504000,32.0116806400,30.6514912000,31.0954419200,696991,23014412.9900,0.896400,-0.843400
2023-06-08,31.0387673600,31.3788147200,30.4625760000,31.0671046400,451646,14825982.7900,0.580800,-0.091100
2023-06-09,30.7270572800,32.8429075200,30.7270572800,32.4934144000,719737,24641514.4800,0.925600,4.591100
2023-06-12,32.4556313600,33.0601600000,31.2182368000,31.4732723200,1016677,34391145.0100,1.307500,-3.139500
2023-06-13,31.5960672000,31.5960672000,30.5286963200,30.7931776000,603845,19711746.8100,0.776600,-2.160900
2023-06-14,30.7931776000,31.1615622400,29.9713964800,30.4436844800,691980,22263305.6400,0.889900,-1.135000
2023-06-15,30.4625760000,30.6798284800,29.6407948800,30.5098048000,422715,13529617.9300,0.543600,0.217200
2023-06-16,30.1508659200,31.3410316800,30.1508659200,31.2182368000,628600,20617717.7100,0.808400,2.322000
2023-06-19,31.2182368000,31.4543808000,30.5098048000,30.5570336000,1039063,34033034.8300,1.336300,-2.118000
2023-06-20,30.4625760000,30.5664793600,29.1401696000,29.3763136000,1349709,42331168.0000,1.735800,-3.864000
2023-06-21,29.4896627200,29.6219033600,26.6370432000,26.9204160000,2266801,66336152.1800,2.915200,-8.360100
2023-06-26,27.1187769600,27.1754515200,24.0866880000,24.4739641600,2962955,78502184.0200,3.810500,-9.087700
2023-06-27,24.6439878400,24.8706860800,23.4349305600,23.7088576000,2458972,62213805.1700,3.162400,-3.126200
2023-06-28,23.9166643200,23.9355558400,22.4053427200,22.8965222400,2708710,65512594.0600,3.483500,-3.426300
2023-06-29,22.7831731200,23.8127609600,22.7831731200,23.7938694400,2342689,58313423.8500,3.012800,3.919100
2023-06-30,23.7183033600,23.9922304000,22.9531968000,23.1421120000,2160857,53220603.1200,2.779000,-2.739200
2023-07-03,23.1610035200,23.3121356800,22.6320409600,22.9059680000,1441008,34989558.1600,1.853200,-1.020400
2023-07-04,23.0098713600,23.0476544000,22.5470291200,23.0287628800,1310618,31709093.2600,1.685500,0.536100
2023-07-05,23.1326662400,23.2837984000,22.4525715200,23.0476544000,1691753,40938128.4600,2.175700,0.082000
2023-07-06,23.0476544000,23.0476544000,22.6037036800,22.6887155200,1085893,26221729.8900,1.396500,-1.557400
2023-07-07,22.6887155200,23.4538220800,22.4431257600,23.1326662400,1409137,34405530.9700,1.812200,1.956700
2023-07-10,23.1326662400,23.1421120000,22.4620172800,22.5564748800,1450753,34849150.7400,1.865700,-2.490800
2023-07-11,22.6981612800,23.2743526400,22.4620172800,23.1326662400,1347961,32694514.7200,1.733500,2.554400
2023-07-12,23.1232204800,23.4160390400,22.6792697600,22.9059680000,1355558,32955400.8300,1.743300,-0.980000
2023-07-13,22.9059680000,23.8410982400,22.9059680000,23.5104966400,1343629,33308903.1200,1.728000,2.639200
2023-07-14,23.4821593600,23.5860627200,23.0098713600,23.0287628800,790591,19377775.2500,1.016700,-2.049000
2023-07-17,23.0854374400,23.1326662400,22.6509324800,22.8115104000,580203,14005400.8400,0.746200,-0.943400
2023-07-18,22.8020646400,23.1326662400,22.5375833600,22.6037036800,682744,16478495.2500,0.878000,-0.911000
2023-07-19,22.4809088000,22.8965222400,22.0086208000,22.2258732800,1425632,33711897.1400,1.833400,-1.671500
2023-07-20,22.3108851200,22.4998003200,22.1503072000,22.1597529600,834342,19728139.4500,1.073000,-0.297500
2023-07-21,22.0841868800,22.9909798400,21.9708377600,22.9815340800,1389525,33345150.9300,1.787000,3.708400
2023-07-24,22.7737273600,25.2485164800,22.6698240000,24.1244710400,3004606,77209442.1900,3.864100,4.973300
2023-07-25,24.1244710400,24.3700608000,23.3404729600,23.5293881600,1317100,32919649.9700,1.693900,-2.466700
2023-07-26,23.7371948800,24.8706860800,23.4349305600,24.8423488000,2313192,60010286.9800,2.974900,5.580100
2023-07-27,24.7478912000,25.0312640000,24.2756032000,24.9084691200,1762186,45911540.5500,2.266300,0.266200
2023-07-28,24.6217171200,24.8989026000,24.0769042800,24.7364145600,1487440,38141521.4000,1.912900,-0.690700
2023-07-31,24.7268564400,24.8319957600,23.7041376000,23.8953000000,2036149,51153070.3700,2.618600,-3.400300
2023-08-01,23.9717649600,24.4592290800,23.4460683600,23.4460683600,1166292,29145834.7200,1.499900,-1.880000
2023-08-02,23.7423700800,23.7423700800,22.9394880000,23.0733016800,719227,17444333.0800,0.925000,-1.589900
2023-08-03,23.1306504000,23.3026965600,22.3182102000,22.3851170400,1457806,34537454.1500,1.874800,-2.982600
2023-08-04,22.5953956800,22.5953956800,21.4484212800,21.7160486400,2094248,47732906.1100,2.693300,-2.988900
2023-08-07,21.7160486400,21.7447230000,20.3587956000,20.8462597200,4850270,105642850.2600,6.237700,-4.005300
2023-08-08,20.8367016000,21.2190264000,19.7470759200,19.9955870400,2880496,61048888.3700,3.704500,-4.080700
2023-08-09,20.0529357600,20.2154238000,19.7184015600,19.8713314800,1928919,40212476.5300,2.480700,-0.621400
2023-08-10,19.7757502800,20.1771913200,19.7757502800,19.9955870400,1393335,29187585.6900,1.791900,0.625300
2023-08-11,20.0242614000,20.5308417600,19.8235408800,19.8713314800,1238806,26131888.8700,1.593200,-0.621400
2023-08-14,19.7375178000,20.4926092800,19.6610528400,20.2154238000,2136522,44874901.8300,2.747700,1.731600
2023-08-15,20.1007263600,20.2536562800,19.6228203600,20.1867494400,1242789,25966165.5800,1.598300,-0.141800
2023-08-16,20.1102844800,20.8367016000,20.0433776400,20.1198426000,1483589,31618446.5200,1.908000,-0.331400
2023-08-17,20.2727725200,20.3014468800,19.7853084000,20.1389588400,1055620,22145835.8300,1.357600,0.095000
2023-08-18,20.1580750800,20.5308417600,19.7470759200,19.7470759200,1240190,26075573.6900,1.594900,-1.945900
2023-08-21,19.7279596800,20.2632144000,19.6419366000,19.9095639600,963937,20164391.4800,1.239700,0.822800
2023-08-22,19.8617733600,20.0338195200,18.9537519600,19.7470759200,2030639,41240236.6500,2.611500,-0.816100
2023-08-23,19.7088434400,19.7757502800,18.7912639200,18.8964032400,1628648,32630843.9500,2.094500,-4.307800
2023-08-24,18.7721476800,19.6610528400,18.7721476800,19.0111006800,2226525,44759513.8700,2.863400,0.607000
2023-08-25,19.1066818800,19.2978442800,18.5427528000,18.6861246000,1572758,31091915.5000,2.022600,-1.709400
2023-08-28,19.6132622400,19.9955870400,18.8008220400,18.8008220400,1937978,38852627.9100,2.492300,0.613800
2023-08-29,18.9919844400,20.3205631200,18.6383340000,20.0147032800,2544656,52514498.7000,3.272600,6.456500
2023-08-30,20.0624938800,21.4006306800,19.9764708000,21.1807939200,2924249,64194820.8500,3.760700,5.826200
2023-08-31,20.8462597200,22.8247905600,20.8462597200,22.4902563600,4598509,107004194.5700,5.913900,6.182300
2023-09-01,22.4329076400,22.5380469600,21.0852127200,22.1557221600,3227707,73384970.8100,4.151000,-1.487500
2023-09-04,22.0792572000,22.0792572000,20.8080272400,21.0565383600,2888479,63855759.8000,3.714700,-4.961200
2023-09-05,21.0852127200,21.3719563200,20.5786323600,20.7697947600,1674693,36453662.6700,2.153700,-1.361800
2023-09-06,20.6742135600,20.9322828000,20.2632144000,20.7889110000,1592852,34342184.6600,2.048500,0.092000
2023-09-07,20.7984691200,20.9418409200,20.4543768000,20.7124460400,1805357,39054996.9700,2.321800,-0.367800
2023-09-08,20.4734930400,21.7925136000,20.4734930400,21.6778161600,1738334,38880305.8600,2.235600,4.660800
2023-09-11,21.5057700000,23.8379512800,21.4962118800,23.3218128000,3810578,91259657.2700,4.900600,7.583800
2023-09-12,23.4843008400,23.4843008400,22.3755589200,22.5093726000,1302504,30778562.1600,1.675100,-3.483600
2023-09-13,22.6431862800,22.6431862800,21.8976529200,22.6049538000,1345058,31270233.9900,1.729800,0.424600
2023-09-14,22.4615820000,22.6049538000,21.8116298400,22.4137914000,1238409,28722425.0600,1.592700,-0.845700
2023-09-15,22.3851170400,23.4651846000,22.0123503600,23.4173940000,2375173,57160543.2800,3.054600,4.477600
2023-09-18,23.4173940000,24.4305547200,22.9872786000,24.0960205200,2592941,64826257.3400,3.334600,2.898000
2023-09-19,24.6026008800,26.6384804400,23.7614863200,24.7364145600,3087922,80817770.7300,3.971200,2.657700
2023-09-20,24.4114384800,24.4114384800,23.2644640800,23.7328119600,1928954,47641565.0400,2.480700,-4.057200
2023-09-21,23.8283931600,23.8283931600,23.1210922800,23.5989982800,872189,21334804.5600,1.121700,-0.563800
2023-09-22,23.7136957200,23.7519282000,23.0350692000,23.4747427200,1085873,26416608.4600,1.396500,-0.526500
2023-09-25,23.4173940000,23.5320914400,22.9394880000,23.5129752000,1044990,25337878.2000,1.343900,0.162900
2023-09-26,23.4747427200,23.8379512800,23.1115341600,23.6085564000,1428012,35316920.2200,1.836500,0.406500
2023-09-27,23.7041376000,24.0195555600,23.4173940000,23.7041376000,1171266,29032850.4200,1.506300,0.404900
2023-09-28,23.7710444400,23.7901606800,23.3122546800,23.7901606800,1150967,28422991.7400,1.480200,0.362900
2023-10-09,23.7041376000,23.8570675200,22.6527444000,22.8439068000,957952,22993899.5400,1.232000,-3.977500
2023-10-10,23.0350692000,23.0350692000,22.3277683200,22.5093726000,568657,13473246.9800,0.731300,-1.464400
2023-10-11,22.5093726000,24.2680666800,22.5093726000,23.8188350400,1977890,49194229.3600,2.543700,5.817400
2023-10-12,24.0482299200,24.1629273600,23.2357897200,23.6563470000,754129,18642473.1300,0.969800,-0.682200
2023-10-13,23.2740222000,24.4687872000,23.0924179200,24.4305547200,1347679,33938356.2400,1.733200,3.272700
2023-10-16,24.8033214000,24.9562513200,23.8379512800,24.6599496000,683425,17291785.4400,0.878900,0.939000
2023-10-17,24.4209966000,24.8224376400,23.7806025600,24.7937632800,813674,20563669.8000,1.046400,0.542600
2023-10-18,24.6695077200,24.7077402000,23.8953000000,24.3254154000,413775,10466321.9500,0.532100,-1.889000
2023-10-19,23.4173940000,24.7364145600,23.4173940000,23.9813230800,268237,6780724.2000,0.345000,-1.414500
2023-10-20,23.9813230800,24.9944838000,23.7997188000,24.0482299200,1009489,25726787.1100,1.298300,0.279000
2023-10-23,23.3887196400,24.1916017200,23.2071153600,23.8857418800,944462,23561213.7700,1.214600,-0.675700
2023-10-24,24.0864624000,24.7364145600,23.8092769200,24.5452521600,611865,15622649.2100,0.786900,2.761100
2023-10-25,24.2776248000,25.0136000400,23.0350692000,23.7806025600,1056579,26303458.8200,1.358800,-3.115300
2023-10-26,23.4173940000,23.9048581200,22.5858375600,23.6085564000,478537,11677300.6300,0.615400,-0.723500
2023-10-27,23.2357897200,25.1569718400,22.9872786000,24.8511120000,993803,25358652.3600,1.278100,5.263200
2023-10-30,25.0327162800,26.5715736000,24.6121590000,26.4282018000,2040384,55461848.1000,2.624000,6.346200
2023-10-31,26.7149454000,28.6743600000,25.8547146000,28.6552437600,3010496,86833463.2400,3.871600,8.426800
2023-11-01,28.6743600000,28.6743600000,27.0972702000,28.2729189600,1647211,47845803.2800,2.118400,-1.334200
2023-11-02,28.1964540000,28.1964540000,26.4568761600,27.1259445600,1108504,31201483.1100,1.425600,-4.056800
2023-11-03,27.2310838800,27.5942924400,26.3326206000,27.4509206400,973540,27618114.8300,1.252000,1.198000
2023-11-06,27.7185480000,28.1486634000,26.9634565200,27.4795950000,1453521,41683279.3700,1.869300,0.104500
2023-11-07,27.2979907200,27.3362232000,26.0649932400,26.3230624800,1497375,41271753.4200,1.925700,-4.208700
2023-11-08,26.6480385600,27.3553394400,25.9980864000,26.4664342800,1798819,49771822.8300,2.313400,0.544700
2023-11-09,26.7340616400,26.8392009600,25.5679710000,25.5679710000,1694077,46051021.4400,2.178700,-3.394700
2023-11-10,25.5201804000,26.6289223200,25.0422744000,26.5046667600,2093415,57067361.5200,2.692200,3.663600
2023-11-13,26.6193642000,26.6671548000,25.9502958000,26.3708530800,1286325,35433412.7600,1.654300,-0.504900
2023-11-14,26.3995274400,26.5237830000,25.6922265600,26.2179231600,1748891,47827141.8000,2.249200,-0.579900
2023-11-15,26.2943881200,27.5178274800,26.1223419600,26.4568761600,1938904,54121352.4900,2.493500,0.911400
2023-11-16,26.5237830000,29.4103352400,25.6157616000,28.4354070000,2674296,75051366.3800,3.439300,7.478300
2023-11-17,28.1486634000,28.6648018800,27.0112471200,28.6648018800,2338944,67848284.8800,3.008000,0.806700
2023-11-20,28.1964540000,28.3876164000,26.8774334400,27.8141292000,1661241,47745079.5100,2.136400,-2.967700
2023-11-21,27.5273856000,27.5656180800,26.5428992400,27.2406420000,1293904,36508837.1100,1.664000,-2.061900
2023-11-22,26.8200847200,27.0303633600,26.3612949600,26.6671548000,634953,17693255.1300,0.816600,-2.105300
2023-11-23,26.4664342800,26.9443402800,26.3039462400,26.5142248800,770922,21455374.6000,0.991400,-0.573500
2023-11-24,26.5333411200,26.5811317200,25.9502958000,26.3804112000,936070,25608292.2700,1.203800,-0.504700
2023-11-27,26.2561556400,26.5906898400,25.7209009200,25.8355983600,717294,19478596.5700,0.922500,-2.065200
2023-11-28,25.8451564800,27.2119676400,25.5870872400,27.0494796000,1444620,40553378.5800,1.857900,4.698500
2023-11-29,27.0494796000,27.4031300400,26.6193642000,27.2406420000,921120,26187666.0400,1.184600,0.706700
2023-11-30,27.3744556800,27.3744556800,26.4282018000,26.5142248800,590946,16528252.7900,0.760000,-2.666700
2023-12-01,26.5237830000,26.5715736000,25.9025052000,26.3708530800,475088,13037603.5400,0.611000,-0.540700
2023-12-04,26.3995274400,26.6671548000,25.8929470800,26.0076445200,575956,15708688.2400,0.740700,-1.377300
2023-12-05,26.1892488000,26.1892488000,25.5201804000,25.7113428000,512761,13804596.3200,0.659400,-1.139300
2023-12-06,25.8833889600,26.7627360000,25.4532735600,26.5524573600,801462,22039895.7700,1.030700,3.271400
2023-12-07,26.5524573600,26.8774334400,25.8833889600,26.3612949600,1037258,28581960.5800,1.334000,-0.719900
2023-12-08,26.1605744400,27.6611992800,25.9502958000,27.2119676400,1537682,43547693.0400,1.977500,3.227000
2023-12-11,27.4031300400,27.4031300400,25.9216214400,26.6193642000,1104000,30682937.3200,1.419800,-2.177700
2023-12-12,27.0112471200,27.0112471200,25.8355983600,26.2657137600,597418,16414459.2200,0.768300,-1.328500
2023-12-13,25.8738308400,26.2848300000,25.3290180000,25.8833889600,705342,18962390.6700,0.907100,-1.455600
2023-12-14,25.8355983600,26.0745513600,25.3385761200,25.6826684400,278462,7479342.0600,0.358100,-0.775500
2023-12-15,26.2752718800,26.2752718800,25.4150410800,25.7782496400,451925,12124498.7500,0.581200,0.372200
2023-12-18,25.6922265600,25.7209009200,24.9944838000,25.3194598800,512021,13586534.3900,0.658500,-1.779800
2023-12-19,25.2334368000,25.2334368000,23.5129752000,24.2776248000,2234830,56369875.1300,2.874100,-4.114800
2023-12-20,24.1820436000,24.3636478800,23.8761837600,24.0195555600,564521,14190056.9200,0.726000,-1.063000
2023-12-21,24.2680666800,24.6217171200,23.5416495600,24.6217171200,562913,14245684.4100,0.723900,2.507000
2023-12-22,24.5452521600,24.6121590000,23.6754632400,23.9430906000,548133,13830185.7400,0.704900,-2.756200
2023-12-25,23.9430906000,24.3732060000,23.7041376000,24.0864624000,328514,8294020.3000,0.422500,0.598800
2023-12-26,24.2489504400,25.0422744000,24.0195555600,24.0864624000,493197,12642132.6900,0.634300,0.000000
2023-12-27,24.1246948800,24.5643684000,23.7997188000,24.3158572800,482587,12212492.2600,0.620600,0.952400
2023-12-28,24.0386718000,24.6312752400,23.8379512800,24.4687872000,1085435,27615596.8500,1.395900,0.628900
2023-12-29,24.3732060000,25.6157616000,24.3636478800,25.1378556000,1356002,35722306.2100,1.743900,2.734400
2024-01-02,25.1282974800,25.1282974800,23.8570675200,24.0482299200,1251932,31797900.6800,1.578800,-4.334600
2024-01-03,23.7806025600,24.1724854800,22.9777204800,23.3218128000,1037452,25452520.3300,1.308400,-3.020700
2024-01-04,23.3218128000,23.7041376000,22.6336281600,22.9203717600,1294951,30996805.5700,1.633100,-1.721300
2024-01-05,22.9203717600,23.3409290400,22.4998144800,22.6623025200,1162311,27736499.7900,1.465800,-1.125900
2024-01-08,22.6623025200,22.6718606400,22.0601409600,22.2417452400,564736,13179785.7600,0.712200,-1.855800
2024-01-09,22.1270478000,22.7387674800,21.9263272800,22.3468845600,1018900,23829652.9500,1.285000,0.472700
2024-01-10,22.3468845600,22.6336281600,21.9454435200,22.0123503600,995388,23056360.1200,1.255300,-1.497000
2024-01-11,22.0601409600,22.6336281600,21.9358854000,22.4137914000,598691,14020122.8300,0.755000,1.823700
2024-01-12,22.4615820000,23.1115341600,22.2226290000,23.0828598000,1258014,30157272.2600,1.586500,2.985100
2024-01-15,22.9586042400,23.6085564000,22.2895358400,23.5703239200,1663753,40122288.3400,2.098200,2.111800
2024-01-16,23.7614863200,23.8475094000,22.9394880000,23.4173940000,779381,18939259.3700,0.982900,-0.648800
2024-01-17,23.0350692000,23.2357897200,22.0792572000,22.3277683200,756556,17872461.3200,0.954100,-4.653100
2024-01-18,22.2226290000,22.2226290000,20.8749340800,21.8880948000,1013037,22581153.0800,1.277600,-1.969200
2024-01-19,21.5057700000,22.3660008000,21.3432819600,21.4006306800,575658,13038284.6300,0.726000,-2.227100
2024-01-22,21.3241657200,21.8211879600,20.0338195200,20.4352605600,858175,18508224.2100,1.082300,-4.510900
2024-01-23,19.6706109600,20.2058656800,19.4507742000,19.9573545600,1353524,28005041.4400,1.707000,-2.338600
2024-01-24,20.1389588400,20.7028879200,18.9919844400,20.3779118400,1566856,32476636.4100,1.976000,2.107300
2024-01-25,19.3169605200,20.5499580000,19.3169605200,20.2918887600,1237422,26045354.3500,1.560500,-0.422100
2024-01-26,19.8808896000,20.7028879200,19.7853084000,19.9764708000,1504310,31719286.0200,1.897100,-1.554400
2024-01-29,19.9860289200,20.2536562800,19.2022630800,19.5941460000,517303,10613237.0800,0.652400,-1.913900
2024-01-30,19.2404955600,19.8904477200,19.1066818800,19.2882861600,898867,18264680.1800,1.133600,-1.561000
2024-01-31,19.0302169200,19.2213793200,18.4471716000,18.4471716000,673519,13203385.8300,0.849400,-4.360800
2024-02-01,18.7052408400,18.7052408400,17.6347314000,17.9788237200,1623453,30669881.7800,2.047400,-2.538900
2024-02-02,17.9405912400,18.2464510800,16.0863159600,16.8987561600,2031426,36040219.3100,2.561900,-6.007400
2024-02-05,16.9943373600,16.9943373600,14.5092261600,14.9297834400,1748253,28268344.6300,2.204800,-11.651600
2024-02-06,14.2033663200,17.3862202800,14.0791107600,16.6884775200,2804344,46761759.5600,3.536600,11.779800
2024-02-07,17.2046160000,17.7303126000,15.5223868800,16.5355476000,2874692,50421982.3900,3.625300,-0.916400
2024-02-08,16.4112920400,19.8426571200,15.0540390000,19.3838673600,3757863,69578216.2800,4.739100,17.225400
2024-02-19,19.2787280400,20.6359810800,18.8772870000,20.1676332000,2545218,52777841.1700,3.209800,4.043400
2024-02-20,20.1294007200,20.8844922000,19.5272391600,20.3014468800,1760378,37466452.4800,2.220000,0.663500
2024-02-21,19.9764708000,20.2632144000,19.5081229200,19.7088434400,1598546,33140431.4800,2.016000,-2.919000
2024-02-22,19.8235408800,19.8713314800,18.8486126400,19.3360767600,1995650,40015603.6500,2.516800,-1.891400
2024-02-23,19.4985648000,19.4985648000,18.5236365600,19.0206588000,2135055,42144965.9900,2.692600,-1.631200
2024-02-26,19.0206588000,20.3110050000,18.8581707600,19.5272391600,2540920,52061574.3900,3.204400,2.663300
2024-02-27,19.4890066800,20.2440981600,19.3265186400,19.7948665200,1618240,33379901.1100,2.040800,1.370500
2024-02-28,19.8904477200,20.7984691200,18.1604280000,18.3229160400,3505384,71245918.6200,4.420700,-7.436000
2024-02-29,18.3229160400,19.1735887200,18.3229160400,19.0588912800,1589423,31315474.0200,2.004500,4.016700
2024-03-01,19.0206588000,19.6897272000,18.6574502400,19.6514947200,2316507,46300025.6600,2.921400,3.109300
2024-03-04,19.7279596800,19.8617733600,18.8772870000,19.5272391600,2158706,43468196.2300,2.722400,-0.632300
2024-03-05,19.4029836000,19.5176810400,18.3324741600,18.5905434000,2602647,50597965.8100,3.282200,-4.796900
2024-03-06,18.6192177600,18.6192177600,17.7207544800,17.8832425200,4036772,75758437.4500,5.090800,-3.804600
2024-03-07,17.8450100400,18.0839630400,17.1090348000,17.2619647200,3046443,55803402.2100,3.841900,-3.474100
2024-03-08,17.2619647200,17.7685450800,17.0899185600,17.6825220000,1879605,34514409.5700,2.370400,2.436300
2024-03-11,17.7303126000,17.9692656000,17.4913596000,17.9501493600,1708332,31733626.1900,2.154400,1.513500
2024-03-12,18.0744049200,18.4949622000,17.7398707200,18.3898228800,1909716,36295828.8600,2.408400,2.449400
2024-03-13,18.3898228800,18.7817058000,18.1699861200,18.6670083600,1642803,31728539.2900,2.071800,1.507300
2024-03-14,18.8008220400,19.0780075200,18.1604280000,18.5809852800,2032329,39283180.4500,2.563000,-0.460800
2024-03-15,18.5427528000,18.8199382800,18.2082186000,18.6383340000,976117,18902321.5100,1.231000,0.308600
2024-03-18,18.5427528000,19.0684494000,18.5427528000,19.0684494000,1671176,32995485.5600,2.107600,2.307700
2024-03-19,19.0684494000,19.0971237600,18.7243570800,18.8008220400,1077161,21261750.9300,1.358400,-1.403500
2024-03-20,18.7243570800,19.1735887200,18.6383340000,18.9059613600,1139797,22489919.6900,1.437400,0.559200
2024-03-21,18.9059613600,18.9728682000,18.1891023600,18.5140784400,1098221,21274421.6100,1.385000,-2.072800
2024-03-22,18.5140784400,18.5140784400,18.0744049200,18.1604280000,1199856,22917919.9400,1.513200,-1.910200
2024-03-25,18.2368929600,18.2368929600,17.6442895200,17.8067775600,1080470,20203089.1500,1.362600,-1.947400
2024-03-26,17.7972194400,17.8641262800,17.3288715600,17.6156151600,650347,11942962.7900,0.820200,-1.073500
2024-03-27,17.5104758400,17.7303126000,17.0994766800,17.3288715600,707565,12910266.6700,0.892300,-1.627800
2024-03-28,17.3862202800,17.5964989200,17.1090348000,17.3479878000,1017444,18499578.7200,1.283100,0.110300
2024-03-29,17.4340108800,18.2273348400,17.0803604400,18.0074980800,2042578,37996084.8300,2.575900,3.801700
2024-04-01,17.9692656000,20.5308417600,17.9692656000,20.0529357600,4104371,84424693.6100,5.176100,11.358800
2024-04-02,19.6610528400,19.8617733600,19.0111006800,19.4125417200,3960404,79843219.1500,4.994500,-3.193500
2024-04-03,19.2691699200,19.5463554000,18.9059613600,19.2118212000,3198232,64274607.2200,4.033400,-1.034000
2024-04-08,18.9824263200,19.0493331600,18.2082186000,18.5809852800,3726681,72002774.3700,4.699800,-3.283600
2024-04-09,18.3898228800,19.6706109600,18.3611485200,19.6706109600,2784196,55381354.1300,3.511200,5.864200
2024-04-10,19.2118212000,20.0433776400,19.2118212000,19.8139827600,2609669,53809128.3200,3.291100,0.728900
2024-04-11,19.7375178000,19.8904477200,19.2500536800,19.6897272000,1825863,37372164.1100,2.302600,-0.627100
2024-04-12,19.2022630800,19.5750297600,18.7339152000,19.5463554000,1798697,36167195.9800,2.268400,-0.728200
2024-04-15,19.5463554000,20.0338195200,18.8486126400,19.6610528400,1266156,25845776.5900,1.596800,0.586800
2024-04-16,19.3074024000,19.5941460000,18.6287758800,19.4985648000,2919733,58563971.5500,3.682100,-0.826400
2024-04-17,19.4985648000,19.9764708000,19.1640306000,19.9764708000,1398807,28590640.5400,1.764100,2.451000
2024-04-18,19.9860289200,20.0624938800,19.5176810400,19.5176810400,2007688,41490702.0700,2.531900,-2.296700
2024-04-19,19.4507742000,19.5750297600,19.0206588000,19.1257981200,800936,16081130.2300,1.010100,-2.007800
2024-04-22,19.3074024000,20.2058656800,19.3074024000,20.0051451600,3367145,70043275.7000,4.246400,4.597700
2024-04-23,19.9764708000,20.4543768000,19.6037041200,20.4257024400,2374206,49964976.9900,2.994200,2.102200
2024-04-24,20.3587956000,21.5822349600,20.2249819200,21.4293050400,2131251,47095409.0400,2.687800,4.913400
2024-04-25,21.4101888000,21.7925136000,21.0469802400,21.6873742800,1497278,33689194.3900,1.888200,1.204300
2024-04-26,21.6873742800,21.6873742800,21.1138870800,21.3910725600,1413764,31485095.3900,1.782900,-1.366200
2024-04-29,21.6013512000,21.8116298400,21.4006306800,21.8116298400,862363,19485852.0500,1.087500,1.966000
2024-04-30,21.5822349600,21.7064905200,20.7602366400,21.5822349600,1490950,33179166.7200,1.880300,-1.051700
2024-05-06,21.9741178800,22.9394880000,21.6969324000,21.9836760000,3259600,75689929.7900,4.110700,1.860100
2024-05-07,21.9836760000,22.4806982400,21.0756546000,21.2954913600,2192715,49057455.9400,2.765300,-3.130400
2024-05-08,21.3432819600,21.6969324000,20.6455392000,20.9131665600,2328580,51307106.9500,2.936600,-1.795300
2024-05-09,20.5595161200,21.2668170000,20.4352605600,21.1807939200,2960089,64479394.7000,3.733000,1.279700
2024-05-10,21.0278640000,21.3815144400,20.6550973200,21.2381426400,1487775,32821952.8800,1.876300,0.270800
2024-05-13,20.8558178400,21.3719563200,20.7793528800,21.1234452000,1118278,24646317.9800,1.410300,-0.540100
2024-05-14,21.1234452000,21.1999101600,20.7028879200,20.9513990400,1316989,28892794.1400,1.660900,-0.814500
2024-05-15,20.8462597200,21.2381426400,20.7315622800,21.1616776800,782258,17199106.8600,0.986500,1.003600
2024-05-16,21.0374221200,21.2954913600,20.7315622800,21.0183058800,829159,18212939.5200,1.045700,-0.677500
2024-05-17,21.0183058800,21.0183058800,19.8617733600,20.3205631200,2394305,51230971.4200,3.019500,-3.319700
2024-05-20,20.4926092800,21.1903520400,20.0624938800,20.4257024400,2337008,49843345.3300,2.947200,0.517400
2024-05-21,20.6550973200,20.9036084400,19.0206588000,19.5750297600,4072016,85000971.1700,5.135300,-4.164700
2024-05-22,19.5272391600,19.5272391600,18.6383340000,19.1353562400,3414307,67941539.5900,4.305800,-2.246100
2024-05-23,19.0206588000,19.2882861600,18.1030792800,18.2560092000,1883332,36325473.7800,2.375100,-4.595400
2024-05-24,18.2082186000,18.2368929600,17.4913596000,17.5869408000,1725730,31971886.9100,2.176400,-3.664900
2024-05-27,17.6825220000,17.6825220000,16.9847792400,17.6156151600,1618257,29403158.0300,2.040800,0.163000
2024-05-28,17.5678245600,17.8258938000,17.0421279600,17.4626852400,2854160,51554660.2100,3.599400,-0.868100
2024-05-29,17.2906390800,17.5869408000,17.0516860800,17.4435690000,1238473,22521595.6900,1.561900,-0.109500
2024-05-30,17.2810809600,17.7207544800,17.0612442000,17.5487083200,1302187,23804604.2800,1.642200,0.602700
2024-05-31,17.5391502000,17.6442895200,16.9847792400,17.2046160000,2891690,51978602.5500,3.646800,-1.960800
2024-06-03,17.1185929200,17.3575459200,16.2965946000,16.4304082800,3023954,53075665.5300,3.813600,-4.500000
2024-06-04,16.3443852000,16.3443852000,15.7039911600,15.8091304800,4236984,70682215.5300,5.343300,-3.781300
2024-06-05,15.8473629600,16.0863159600,15.5223868800,15.5319450000,3264623,53652525.0300,4.117100,-1.753300
2024-06-06,15.6466424400,15.8664792000,14.7959697600,14.9488996800,3208736,51047469.3900,4.046600,-3.753800
2024-06-07,15.0922714800,15.3885732000,14.9011090800,15.1305039600,1777079,28193779.8100,2.241100,1.214800
2024-06-11,15.2834338800,15.6753168000,14.9202253200,15.6179680800,2185101,35191056.1100,2.755700,3.221700
2024-06-12,15.7613398800,15.8091304800,14.9393415600,14.9871321600,3207717,51349020.4500,4.045300,-4.039200
2024-06-13,15.0253646400,15.4172475600,14.8628766000,15.2452014000,2430337,38451055.5100,3.064900,1.721900
2024-06-14,15.3598988400,15.3790150800,14.8724347200,14.9393415600,1828962,28735315.2400,2.306500,-2.006300
2024-06-17,15.0731552400,15.0731552400,14.6430398400,14.7386210400,1913682,29606744.6700,2.413400,-1.343600
2024-06-18,14.9106672000,14.9202253200,14.6334817200,14.7386210400,1456506,22503200.9900,1.836800,0.000000
2024-06-19,14.7481791600,14.8724347200,14.5665748800,14.5856911200,1190221,18235406.7900,1.501000,-1.037600
2024-06-20,14.5187842800,14.9011090800,14.3754124800,14.4040868400,2382187,36261070.4500,3.004200,-1.245100
2024-06-21,14.3849706000,14.5665748800,14.2511569200,14.3658543600,2124300,31916780.8900,2.679000,-0.265400
2024-06-24,14.4136449600,14.4136449600,13.5820885200,13.5916466400,3156965,45769658.1800,3.981300,-5.389200
2024-06-25,13.9930876800,14.0599945200,13.5342979200,13.6298791200,2144667,30645811.1400,2.704700,0.281300
2024-06-26,13.6585534800,14.1077851200,13.4769492000,14.0791107600,2440217,35279059.5300,3.077400,3.295900
2024-06-27,14.0599945200,14.1077851200,13.8401577600,13.8497158800,1803959,26331220.8200,2.275000,-1.629300
2024-06-28,14.0408782800,14.0504364000,13.4960654400,13.5534141600,2358352,33975469.2000,2.974200,-2.139400
2024-07-01,13.4769492000,13.7541346800,13.3240192800,13.6776697200,1706678,24207586.5400,2.152300,0.916800
2024-07-02,13.6394372400,13.7350184400,13.4769492000,13.5247398000,1258856,17920458.1800,1.587600,-1.118100
2024-07-03,13.4769492000,13.5438560400,13.3431355200,13.3431355200,1590319,22345348.6400,2.005600,-1.342800
2024-07-04,13.5342979200,13.5534141600,12.7505320800,12.8461132800,1739173,23706750.4900,2.193300,-3.724900
2024-07-05,12.7792064400,13.5820885200,12.4351141200,13.5056235600,2850953,39122494.7700,3.595400,5.133900
2024-07-08,13.4196004800,13.4769492000,12.7409739600,12.8556714000,1937376,26271689.1100,2.443300,-4.812500
2024-07-09,12.8747876400,12.9512526000,12.4542303600,12.7218577200,1463536,19433624.4400,1.845700,-1.040900
2024-07-10,12.7218577200,13.1710893600,12.6453927600,12.7409739600,1507125,20370091.6100,1.900700,0.150300
2024-07-11,12.8939038800,13.2953449200,12.7600902000,13.2284380800,1987119,27304756.0200,2.506000,3.826000
2024-07-12,13.2188799600,13.4578329600,13.1041825200,13.1902056000,1322834,18307118.4300,1.668300,-0.289000
2024-07-15,13.0850662800,13.1997637200,12.8078808000,12.9130201200,1549094,20932485.6200,1.953600,-2.101400
2024-07-16,12.9608107200,12.9608107200,12.6931833600,12.7409739600,1176973,15733182.4600,1.484300,-1.332300
2024-07-17,12.7696483200,13.0468338000,12.6740671200,12.9799269600,1621246,21887791.0800,2.044600,1.875500
2024-07-18,12.9799269600,13.0468338000,12.6071602800,12.9990432000,1166224,15689052.5400,1.470700,0.147300
2024-07-19,12.9894850800,13.3813680000,12.8843457600,13.3049030400,1357898,18756741.5100,1.712500,2.352900
2024-07-22,13.3144611600,13.5916466400,13.1997637200,13.4291586000,1360540,19121384.5300,1.715800,0.933900
2024-07-23,13.4578329600,13.5151816800,12.8461132800,12.9034620000,1351489,18538523.7400,1.704400,-3.914600
2024-07-24,12.8269970400,12.9416944800,12.4542303600,12.4733466000,1637670,21528192.3800,2.065300,-3.333300
2024-07-25,12.5020209600,12.5020209600,11.7373713600,11.7564876000,5713319,71344496.1600,7.205200,-5.747100
2024-07-26,11.8425106800,11.8425106800,11.4506277600,11.5270927200,4819821,58612485.5500,6.078400,-1.951200
2024-07-29,11.5462089600,11.5844414400,11.3359303200,11.3932790400,3189778,38192007.6200,4.022700,-1.160900
2024-07-30,11.5270927200,11.5462089600,11.3454884400,11.4697440000,2381245,28497090.1500,3.003000,0.671100
2024-07-31,11.4984183600,12.2821842000,11.4219534000,12.2726260800,4719017,59062957.1800,5.951200,7.000000
2024-08-01,12.2630679600,12.5880440400,12.0527893200,12.1866030000,2873013,36870307.0100,3.623200,-0.700900
2024-08-02,12.1388124000,12.6931833600,12.1292542800,12.2057192400,3167341,41019957.8100,3.994400,0.156900
2024-08-05,12.2844021100,12.5991345900,12.0975297000,12.1467066500,2945431,36800618.9700,3.714500,-0.483500
2024-08-06,12.2548959400,12.4909453000,12.1762128200,12.4909453000,2389807,30041788.9600,3.013800,2.834000
2024-08-07,12.4811099100,12.7073238800,12.2745667200,12.4712745200,2114032,26742418.4200,2.666000,-0.157500
2024-08-08,12.4122621800,12.5892992000,12.2745667200,12.4614391300,2266854,28665189.7700,2.858800,-0.078900
2024-08-09,13.3761304000,13.7302044400,12.3335790600,12.3335790600,5992713,77860228.9300,7.557500,-1.026000
2024-08-12,12.1663774300,12.5794638100,12.1565420400,12.3532498400,3859193,48380332.4800,4.866900,0.159500
2024-08-13,12.3434144500,12.5696284200,12.1860482100,12.5302868600,2622797,33102907.2700,3.307700,1.433100
2024-08-14,12.4614391300,12.5401222500,12.1958836000,12.2057189900,2242653,28019211.9600,2.828300,-2.590300
2024-08-15,12.3139082800,12.4516037400,12.0286819700,12.2253897700,2186579,27203278.6000,2.757500,0.161200
2024-08-16,12.2745667200,12.4122621800,12.0483527500,12.2745667200,1763958,22001092.3900,2.224600,0.402300
2024-08-19,12.3532498400,12.3532498400,12.0483527500,12.0581881400,2360588,29170265.2800,2.977000,-1.762800
2024-08-20,12.1172004800,12.1172004800,11.4877355200,11.6352663700,2383180,28368858.8300,3.005500,-3.507300
2024-08-21,11.5860894200,11.7237848800,11.4877355200,11.5565832500,1247678,14688207.3400,1.573500,-0.676200
2024-08-22,11.5270770800,11.7532910500,11.4779001300,11.5270770800,1326281,15586661.0000,1.672600,-0.255300
2024-08-23,11.4385585700,11.5074063000,11.2713569400,11.2910277200,1449487,16734580.3900,1.828000,-2.047800
2024-08-26,11.3106985000,11.5467478600,11.2123446000,11.3795462300,1573020,18268820.5700,1.983800,0.784000
2024-08-27,11.3205338900,11.6352663700,11.2123446000,11.2320153800,2153153,25000746.3900,2.715400,-1.296500
2024-08-28,11.1730030400,11.4877355200,11.0943199200,11.3205338900,2175200,25064028.6500,2.743200,0.788100
2024-08-29,11.3402046700,11.6254309800,11.2320153800,11.6057602000,2107797,24642358.2100,2.658200,2.519500
2024-08-30,11.6844433200,12.1172004800,11.5270770800,11.9204926800,2643003,31982890.1400,3.333100,2.711900
2024-09-02,11.7237848800,11.8221387800,10.5533734700,10.7107397100,7381010,81486830.3400,9.308300,-10.148500
2024-09-03,10.6320565900,11.0549783600,10.5632088600,10.9172829000,4290103,47549123.4700,5.410300,1.928400
2024-09-04,10.8582705600,10.9861306300,10.7009043200,10.8582705600,2715233,29979348.4100,3.424200,-0.540500
2024-09-05,10.8287643900,11.1434968700,10.7795874400,11.0648137500,2190094,24577783.5200,2.762000,1.902200
2024-09-06,11.1139907000,11.1139907000,10.6222212000,10.6517273700,1514022,16566226.7600,1.909400,-3.733300
2024-09-09,10.5828796400,10.8385997800,10.5533734700,10.6910689300,1380167,14988490.7900,1.740600,0.369300
2024-09-10,10.6910689300,10.7402458800,10.4451841800,10.6418919800,1377741,14822556.6900,1.737500,-0.460000
2024-09-11,10.6025504200,10.8877767300,10.5828796400,10.7894228300,2452449,26806793.1900,3.092800,1.386300
2024-09-12,10.7107397100,11.0156368000,10.7107397100,10.7697520500,1926586,21353652.0000,2.429700,-0.182300
2024-09-13,10.7205751000,10.7795874400,10.4451841800,10.4451841800,1475592,15875374.5700,1.860900,-3.013700
2024-09-18,10.4255134000,10.5238673000,10.1402870900,10.3173241100,987775,10315585.0100,1.245700,-1.224100
2024-09-19,10.2779825500,10.6812335400,10.2779825500,10.4648549600,1401346,14937010.7200,1.767300,1.429900
2024-09-20,10.4746903500,10.5533734700,10.2386409900,10.3074887200,1173512,12328038.8200,1.479900,-1.503800
2024-09-23,10.4058426200,10.5041965200,10.2583117700,10.3271595000,1051477,11082625.9900,1.326000,0.190800
2024-09-24,10.3763364500,10.8385997800,10.3468302800,10.8385997800,2618966,28286220.2200,3.302800,4.952400
2024-09-25,11.0156368000,11.3008631100,10.8976121200,10.9467890700,2522643,28507969.8800,3.181400,0.998200
2024-09-26,10.9664598500,11.4483939600,10.9074475100,11.4385585700,2724310,30947166.6400,3.435700,4.492400
2024-09-27,11.7237848800,12.3139082800,11.6647725400,12.3139082800,2559671,31101030.4200,3.228000,7.652600
2024-09-30,13.4154719600,14.4186817400,12.7958423900,14.2121385500,10870755,151010179.2900,13.709300,15.415300
2024-10-08,17.0545662600,17.0545662600,14.7727557800,15.7366240000,9430432,150381767.6100,11.892900,10.726600
2024-10-09,15.2448545000,15.2448545000,13.4744843000,13.5531674200,7426369,107804899.2200,9.365500,-13.875000
2024-10-10,13.8678999000,14.1629616000,13.3859657900,13.5433320300,4766808,66632415.8100,6.011500,-0.072600
2024-10-11,13.5433320300,13.5433320300,12.3925914000,12.5794638100,3982846,52044000.5700,5.022800,-7.116900
2024-10-14,12.7761716100,12.7860070000,12.2942375000,12.7663362200,3097546,39722107.7200,3.906400,1.485500
2024-10-15,12.6974884900,12.8941962900,12.3925914000,12.4516037400,3245814,41814975.5800,4.093400,-2.465300
2024-10-16,12.3335790600,12.5106160800,12.0778589200,12.2647313300,2758679,34533407.6700,3.479000,-1.500800
2024-10-17,12.3630852300,12.5106160800,12.1958836000,12.2450605500,2383340,30000545.9300,3.005700,-0.160400
2024-10-18,12.1958836000,13.0023855800,12.1073650900,12.7368300500,3661359,46744638.4300,4.617400,4.016100
2024-10-21,12.9827148000,13.2482703300,12.6188053700,13.0023855800,3825073,50412960.0200,4.823900,2.084900
2024-10-22,13.1400810400,13.4154719600,12.9433732400,13.2777765000,2732263,36642693.2100,3.445700,2.118000
2024-10-23,13.3072826700,13.4154719600,13.1105748700,13.2679411100,2751132,37058328.9800,3.469500,-0.074100
2024-10-24,13.2285995500,13.4056365700,13.1204102600,13.3662950100,2621565,35339064.9500,3.306100,0.741300
2024-10-25,13.4154719600,14.4088463500,13.2777765000,14.2809862800,5705974,80915483.5200,7.195900,6.843300
2024-10-28,14.2711508900,14.8416035100,13.9170768500,14.8120973400,4926341,72893110.2200,6.212700,3.719000
2024-10-29,14.8219327300,14.8711096800,14.0941138700,14.1629616000,3799771,55396171.6400,4.792000,-4.382500
2024-10-30,14.0646077000,14.2908216700,13.6220151500,13.9662538000,2811240,39836194.2000,3.545300,-1.388900
2024-10-31,13.7695460000,14.0646077000,13.7006982700,13.7990521700,2447889,34516619.2700,3.087100,-1.197200
2024-11-01,13.7695460000,13.9465830200,13.2679411100,13.3761304000,4026660,55386961.8400,5.078100,-3.064900
2024-11-04,13.2876118900,13.5826735900,13.1794226000,13.5630028100,1715918,23419304.6400,2.164000,1.397100
2024-11-05,13.5531674200,13.8187229500,13.3958011800,13.7498752200,4370642,60559435.7300,5.511900,1.377800
2024-11-06,13.7498752200,13.9564184100,13.5138258600,13.6810274900,2806684,39203639.9700,3.539600,-0.500700
2024-11-07,13.5334966400,14.0646077000,13.5334966400,14.0547723100,3107594,43836392.2100,3.919000,2.731800
2024-11-08,14.2613155000,14.4186817400,13.9170768500,14.0252661400,3228189,46398965.7900,4.071100,-0.209900
2024-11-11,13.9465830200,14.6940726600,13.8187229500,14.6645664900,3600582,52579654.4000,4.540800,4.558200
2024-11-12,14.8711096800,15.3137022300,14.7530850000,14.8809450700,5426296,82607944.4400,6.843200,1.475500
2024-11-13,14.8514389000,15.2153483300,14.3596694000,14.7924265600,3499625,52433793.4600,4.413400,-0.594800
2024-11-14,14.7924265600,14.7924265600,14.1432908200,14.1629616000,3035484,44430215.3200,3.828100,-4.255300
2024-11-15,14.1629616000,14.2318093300,13.8482291200,13.9367476300,2057582,29424027.0600,2.594900,-1.597200
2024-11-18,14.0941138700,14.1629616000,13.6023443700,13.6121797600,1672477,23462777.4700,2.109200,-2.328900
2024-11-19,13.7597106100,13.8974060700,13.3662950100,13.8678999000,2149428,29824284.0800,2.710700,1.878600
2024-11-20,13.9170768500,14.1629616000,13.7695460000,14.1039492600,1902116,27102654.7100,2.398800,1.702100
2024-11-21,13.9760891900,14.2219739400,13.8875706800,14.0941138700,1198572,17132710.5600,1.511500,-0.069700
2024-11-22,14.1236200400,14.1727969900,13.3761304000,13.3761304000,1804509,25238713.8400,2.275700,-5.094200
2024-11-25,13.4651759900,13.6432606100,13.3365593200,13.5740054800,1031530,14043571.1200,1.300900,1.479300
2024-11-26,13.5838990700,13.9301747200,13.5443247100,13.6333670200,1361070,18838110.4200,1.716500,0.437300
2024-11-27,13.5245375300,13.8312388200,13.2475170100,13.7817708700,1623193,22217685.5200,2.047000,1.088500
2024-11-28,13.7817708700,13.9202811300,13.7224093300,13.7718772800,1128931,15787239.3500,1.423700,-0.071800
2024-11-29,13.7619836900,14.2566631900,13.7619836900,14.1181529300,1944390,27629632.7000,2.452100,2.514400
2024-12-02,14.1181529300,14.3457055000,14.0686849800,14.1973016500,1291553,18561488.4400,1.628800,0.560600
2024-12-03,14.1676208800,14.3358119100,14.0291106200,14.1676208800,1139048,16296305.1900,1.436500,-0.209100
2024-12-04,14.1082593400,14.2269824200,13.9301747200,13.9994298500,1064855,15133710.8300,1.342900,-1.187200
2024-12-05,13.9499619000,14.3951734500,13.9499619000,14.2665567800,1598860,23054394.4400,2.016400,1.908100
2024-12-06,14.2665567800,14.8997465400,14.2071952400,14.7216619200,2893186,42904623.4500,3.648700,3.190000
2024-12-09,14.8008106400,15.0679375700,14.4050670400,14.5534708900,1983687,29416720.4100,2.501700,-1.142500
2024-12-10,14.9788952600,15.1174055200,14.4050670400,14.4149606300,3408516,50999639.2200,4.298500,-0.951700
2024-12-11,14.6029388400,14.7117683300,14.3753862700,14.5732580700,1284925,18889016.0900,1.620400,1.098100
2024-12-12,14.5534708900,14.6227260200,14.3753862700,14.5831516600,1431260,21022231.8300,1.805000,0.067900
2024-12-13,14.5930452500,14.6623003800,14.2368760100,14.2566631900,1768626,25743600.9800,2.230400,-2.238800
2024-12-16,14.2566631900,14.3259183200,13.8807067700,13.9697490800,1286682,18375093.6400,1.622700,-2.012500
2024-12-17,14.0390042100,14.0390042100,13.5740054800,13.5937926600,1082490,15022745.8200,1.365100,-2.691200
2024-12-18,13.7421965100,13.7421965100,13.4354952200,13.6135798400,1184386,16283518.2400,1.493700,0.145600
2024-12-19,13.5838990700,13.5838990700,13.2376234200,13.4354952200,1366516,18521305.4400,1.723300,-1.308100
2024-12-20,13.4354952200,13.7817708700,13.3464529100,13.6927285600,843008,11624356.4200,1.063100,1.914600
2024-12-23,13.7224093300,13.7224093300,13.0595388000,13.1881554700,1385733,18772484.2200,1.747600,-3.685000
2024-12-24,13.2277298300,13.3662400900,13.1090067500,13.2277298300,829285,11099660.0800,1.045800,0.300100
2024-12-25,13.3563465000,13.3662400900,12.8418798200,12.9408157200,966476,12727748.1500,1.218800,-2.169000
2024-12-26,13.0397516200,13.1881554700,13.0298580300,13.0595388000,559961,7415522.7500,0.706200,0.917400
2024-12-27,12.9704964900,13.2574106000,12.9704964900,13.1386875200,982475,13053304.4500,1.239000,0.606100
2024-12-30,13.1386875200,13.1881554700,12.8616670000,13.0793259800,728730,9620678.1900,0.919000,-0.451800
2024-12-31,12.8913477700,13.2079426500,12.5945400700,12.6637952000,1056746,13742525.9600,1.332700,-3.177000
2025-01-02,12.6539016100,12.7825182800,12.0306054400,12.0998605700,1713686,21451301.0800,2.161200,-4.453100
2025-01-03,12.2581580100,12.3175195500,11.7931592800,11.8327336400,1102399,13469335.1300,1.390300,-2.207700
2025-01-06,11.8327336400,12.1691157000,11.6249682500,11.9811374900,1196263,14490634.4400,1.508600,1.254200
2025-01-07,12.0404990300,12.0899669800,11.7140105600,11.9316695400,699403,8395104.7700,0.882000,-0.412900
2025-01-08,11.9316695400,12.0108182600,11.4963515800,11.6942233800,1011820,11993182.7800,1.276000,-1.990000
2025-01-09,11.7832656900,11.8228400500,11.6348618400,11.6348618400,719839,8518064.9600,0.907800,-0.507600
2025-01-10,11.6249682500,11.7041169700,11.1599695200,11.1797567000,1321306,15227440.9800,1.666300,-3.911600
2025-01-13,11.1302887500,11.3677349100,11.0610336200,11.3281605500,792848,9028471.2900,0.999900,1.327400
2025-01-14,11.3281605500,11.6744362000,11.3281605500,11.6249682500,1465198,17093338.9000,1.847800,2.620100
2025-01-15,11.5161387600,11.6249682500,11.4369900400,11.4864579900,1096181,12729864.8100,1.382400,-1.191500
2025-01-16,11.5458195300,11.7535849200,11.4666708100,11.4765644000,829297,9704506.8800,1.045800,-0.086100
2025-01-17,11.4765644000,11.6447554300,11.3875220900,11.5458195300,749398,8729420.4500,0.945100,0.603400
2025-01-20,11.7041169700,11.7832656900,11.5656067100,11.7239041500,995247,11763388.6500,1.255100,1.542400
2025-01-21,11.7337977400,11.7634785100,11.5359259400,11.6249682500,669908,7866061.3100,0.844800,-0.843900
2025-01-22,11.5656067100,11.6546490200,11.4468836300,11.5260323500,726505,8465829.9700,0.916200,-0.851100
2025-01-23,11.6249682500,11.7535849200,11.5260323500,11.5458195300,1115425,13117053.5300,1.406700,0.171700
2025-01-24,11.5260323500,11.7140105600,11.4963515800,11.6843297900,822218,9651554.2300,1.036900,1.199700
2025-01-27,11.6942233800,12.1295413400,11.6942233800,11.9811374900,1714786,20798160.6600,2.162500,2.540200
2025-02-05,12.0306054400,12.8319862300,12.0306054400,12.6044336600,2237977,28316519.6200,2.822400,5.202300
2025-02-06,12.5252849400,13.4256016300,12.4659234000,13.1189003400,3468541,45626554.9300,4.374200,4.081600
2025-02-07,13.0793259800,13.1980490600,12.7033695600,12.8023054600,2518769,32936058.9300,3.176500,-2.413300
2025-02-10,12.7924118700,13.7916644600,12.7924118700,13.5641118900,3429038,46304168.3600,4.324400,5.950500
2025-02-11,13.7421965100,13.7421965100,13.2178362400,13.3365593200,1598236,21593766.4100,2.015600,-1.677600
2025-02-12,13.3761336800,13.4948567600,13.2277298300,13.2870913700,1102949,14846002.8800,1.390900,-0.370900
2025-02-13,13.2574106000,13.2870913700,13.1386875200,13.1485811100,1280052,17085875.7800,1.614300,-1.042400
2025-02-14,13.1980490600,13.5542183000,13.1881554700,13.3959208600,2139173,29045819.8100,2.697800,1.881100
2025-02-17,13.4948567600,13.7421965100,13.2673041900,13.4157080400,2109960,28687673.3500,2.660900,0.147700
2025-02-18,13.4157080400,13.6036862500,13.1090067500,13.1584747000,2702252,36460844.1200,3.407900,-1.917400
2025-02-19,13.1584747000,13.3563465000,12.9408157200,13.2277298300,1772535,23684848.9100,2.235400,0.526300
2025-02-20,13.3167721400,13.7916644600,13.2475170100,13.5838990700,3013880,41438219.6600,3.800900,2.692600
2025-02-21,13.6333670200,13.7817708700,13.3068785500,13.3563465000,3045690,41440780.7000,3.841000,-1.675200
2025-02-24,13.3365593200,13.3563465000,13.1386875200,13.2771977800,1843412,24623576.6600,2.324800,-0.592600
2025-02-25,13.1782618800,13.4948567600,13.0496452100,13.3959208600,2074513,27995401.7100,2.616200,0.894200
2025-02-26,13.3959208600,13.5245375300,13.2673041900,13.4849631700,2024027,27450516.3500,2.552500,0.664700
2025-02-27,13.5047503500,13.6828349700,13.2673041900,13.5344311200,2146846,29277152.1400,2.707400,0.366800
2025-02-28,13.5245375300,13.6432606100,13.0397516200,13.0793259800,2403358,32173074.4800,3.030900,-3.362600
2025-03-03,13.0892195700,13.4948567600,13.0199644400,13.1287939300,2286347,30696127.4000,2.883400,0.378200
2025-03-04,13.1782618800,13.4651759900,13.0100708500,13.4453888100,2481987,33336082.3900,3.130100,2.411500
2025-03-05,13.5047503500,13.5047503500,13.1189003400,13.2277298300,1583470,21244763.2700,1.996900,-1.618800
2025-03-06,13.2673041900,13.6531542000,13.2376234200,13.6135798400,2653113,36267710.4500,3.345900,2.917000
2025-03-07,13.6333670200,13.6333670200,13.2673041900,13.3365593200,1634403,22156961.3400,2.061200,-2.034900
2025-03-10,13.5344311200,13.8708131800,13.3761336800,13.4849631700,2450792,33587360.3200,3.090700,1.112800
2025-03-11,13.2870913700,13.5740054800,13.1881554700,13.3365593200,1907486,25665353.1100,2.405600,-1.100500
2025-03-12,13.4058144500,13.5937926600,13.2574106000,13.2870913700,2176135,29573251.8300,2.744400,-0.370900
2025-03-13,13.2673041900,13.2969849600,12.9606029000,13.1386875200,2393250,31695779.9300,3.018200,-1.116900
2025-03-14,13.1683682900,13.5344311200,13.0397516200,13.5344311200,1806112,24345954.1600,2.277700,3.012000
2025-03-17,13.5443247100,13.7323029200,13.4354952200,13.6630477900,1930426,26510627.8200,2.434500,0.950300
2025-03-18,13.7323029200,14.1874080600,13.5641118900,13.8906003600,2891684,40684233.3100,3.646800,1.665500
2025-03-19,13.8708131800,13.9994298500,13.7421965100,13.8411324100,1859554,26047458.3800,2.345100,-0.356100
2025-03-20,13.8015580500,13.8708131800,13.5047503500,13.5344311200,2250101,30924830.3700,2.837600,-2.215900
2025-03-21,13.5443247100,13.5937926600,13.1090067500,13.1485811100,2066696,27775219.3300,2.606300,-2.850900
2025-03-24,13.1584747000,13.2771977800,12.8715605900,13.0595388000,1630932,21514923.7000,2.056800,-0.677200
2025-03-25,12.9803900800,13.2673041900,12.9606029000,13.1090067500,1726965,22843569.4700,2.177900,0.378800
2025-03-26,13.0595388000,13.3662400900,13.0397516200,13.2771977800,1340643,18000263.1900,1.690700,1.283000
2025-03-27,13.2574106000,13.6531542000,13.0397516200,13.5344311200,2226676,30272999.1600,2.808100,1.937400
2025-03-28,13.4750695800,13.8312388200,13.4453888100,13.4453888100,2255176,31040033.9900,2.844000,-0.657900
2025-03-31,13.7224093300,13.9598554900,13.0991131600,13.4157080400,5162023,70134324.8000,6.509900,-0.220800
2025-04-01,13.4058144500,14.6326196100,13.4058144500,14.4941093500,8332096,120187887.4000,10.507800,8.038300
2025-04-02,14.6425132000,15.2855965500,14.4644285800,15.0085760300,8232903,124068877.6300,10.382700,3.549500
2025-04-03,14.7810234600,15.2559157800,14.4644285800,14.5435773000,5165195,77345476.9000,6.513900,-3.098200
2025-04-07,13.7520901000,13.9895362600,11.8129464600,12.1295413400,6296386,83239172.1500,7.940500,-16.598600
2025-04-08,12.5450721200,13.2277298300,12.3669875000,12.8319862300,4202786,54455315.2700,5.300200,5.791200
2025-04-09,12.6440080200,13.0496452100,11.7634785100,12.9803900800,3864488,48878199.6600,4.873600,1.156500
2025-04-10,13.2178362400,13.5937926600,13.0793259800,13.3662400900,3865043,52127484.5300,4.874300,2.972600
2025-04-11,13.2673041900,13.9202811300,13.1782618800,13.4058144500,3036023,41594576.4800,3.828800,0.296100
2025-04-14,13.6432606100,13.8213452300,13.4157080400,13.4651759900,2931070,40338900.2900,3.696400,0.442800
2025-04-15,13.4354952200,13.5740054800,13.0694323900,13.3167721400,2062372,27688343.5800,2.600900,-1.102100
2025-04-16,13.2178362400,13.2969849600,12.8814541800,13.1090067500,2262962,29864098.6200,2.853900,-1.560200
2025-04-17,13.0991131600,13.3959208600,12.9606029000,13.1584747000,1519349,20311417.1400,1.916100,0.377400
2025-04-18,13.2079426500,13.4058144500,13.0100708500,13.1485811100,1392883,18500470.9500,1.756600,-0.075200
2025-04-21,13.0496452100,13.5838990700,13.0496452100,13.4552824000,1456734,19673811.6100,1.837100,2.332600
2025-04-22,13.4651759900,13.7619836900,13.3662400900,13.6531542000,1833560,25209648.8600,2.312300,1.470600
2025-04-23,13.6531542000,14.3358119100,13.4948567600,14.2467696000,3240486,45608721.3000,4.086600,4.347800
2025-04-24,14.0390042100,14.1973016500,13.5146439400,13.8114516400,4784349,66801356.5100,6.033600,-3.055600
2025-04-25,14.2962375500,15.0382568000,14.2467696000,14.6128324300,7731467,114612012.1800,9.750300,5.802300
2025-04-28,14.7909170500,14.8403850000,13.8708131800,14.1280465200,5187330,74466985.1400,6.541800,-3.317500
2025-04-29,14.2170888300,14.4347478100,13.7520901000,14.1577272900,3075451,43993817.3000,3.878500,0.210100
2025-04-30,14.4941093500,15.3152773200,14.4941093500,14.9887888500,5361172,81026085.3400,6.761100,5.870000
2025-05-06,15.1371927000,15.6813401500,14.9690016700,15.5922978400,6424843,99324877.8300,8.102500,4.026400
2025-05-07,15.6120850200,15.9088927200,15.2163414200,15.6318722000,6942053,108994055.7700,8.754800,0.253800
2025-05-08,15.5230427100,15.6318722000,15.2954901400,15.3152773200,3992156,62315815.8500,5.034600,-2.025300
2025-05-09,15.5131491200,15.5131491200,14.8403850000,14.8898529500,3223263,49176082.8000,4.064900,-2.777800
2025-05-12,14.9788952600,15.1272991100,14.7909170500,15.0283632100,2574536,39028530.1500,3.246800,0.930200
2025-05-13,15.0085760300,15.6615529700,15.0085760300,15.4537875800,4023722,62822641.7900,5.074400,2.830800
2025-05-14,15.5131491200,15.5131491200,15.0877247500,15.3251709100,2083557,32113953.5700,2.627600,-0.832300
2025-05-15,15.1965542400,15.4142132200,14.9887888500,15.1668734700,1301184,19878091.9100,1.640900,-1.032900
2025-05-16,15.1371927000,15.2163414200,14.9690016700,14.9887888500,1273351,19368298.0900,1.605800,-1.174200
2025-05-19,15.1272991100,15.4340004000,14.7711298700,15.3152773200,2336916,35624137.6600,2.947100,2.178200
2025-05-20,15.5230427100,17.3137825000,15.4933619400,16.8487837700,10793690,182579280.5200,13.612100,10.012900
2025-05-21,16.8289965900,17.4028248100,16.7399542800,16.9279324900,5266859,90684506.5300,6.642100,0.469800
2025-05-22,16.9081453100,17.3137825000,16.5124017100,16.5222953000,3024131,51440849.0800,3.813800,-2.396300
2025-05-23,16.3639978600,16.7993158200,15.8198504100,15.9187863100,4644736,76392728.4500,5.857600,-3.652700
2025-05-26,15.7703824600,16.6410183800,15.7703824600,16.5420824800,4881861,80571685.1700,6.156600,3.915500
2025-05-27,16.5420824800,17.2445273700,16.3343170900,16.8487837700,3649585,61851507.5700,4.602600,1.854100
2025-05-28,16.7300606900,17.0169748000,16.5519760700,16.8784645400,2531720,43051024.6000,3.192800,0.176200
2025-05-29,17.0070812100,17.1455914700,16.7597414600,16.9774004400,2438227,41667604.8800,3.074900,0.586200
2025-05-30,17.0070812100,17.6699517400,16.4728273500,16.6212312000,3396548,58221346.8300,4.283500,-2.097900
2025-06-03,16.7201671000,17.3731440400,16.4233594000,17.0070812100,3166067,54241145.6900,3.992800,2.321400
2025-06-04,17.0466555700,17.3038889100,16.7201671000,17.0070812100,1877054,32263945.4100,2.367200,0.000000
2025-06-05,17.0664427500,17.1159107000,16.6706991500,16.7201671000,1564348,26582119.2300,1.972800,-1.687000
2025-06-06,16.8289965900,16.9477196700,16.3442106800,16.5915504300,2033083,33993227.9600,2.564000,-0.769200
2025-06-09,16.6805927400,16.9971876200,16.6113376100,16.7894222300,1854990,31631841.9600,2.339400,1.192600
2025-06-10,16.7795286400,17.9865466200,16.7795286400,17.4028248100,5147976,91130688.9900,6.492200,3.653500
2025-06-11,17.3929312200,17.3929312200,16.8388901800,16.9774004400,2799399,48106278.8500,3.530400,-2.444600
2025-06-12,16.8982517200,17.0268683900,16.6509119700,16.8586773600,1759693,29895468.9800,2.219200,-0.699300
2025-06-13,16.9971876200,16.9971876200,16.1562324700,16.2551683700,2158831,35822568.2700,2.722500,-3.579800
2025-06-16,16.2155940100,17.0961235200,16.2057004200,16.8191030000,2544544,43239192.1800,3.209000,3.469300
2025-06-17,16.9576132600,16.9971876200,16.5025081200,16.7399542800,2125359,35889775.8400,2.680300,-0.470600
2025-06-18,16.7399542800,16.7993158200,16.1661260600,16.3145299100,1538070,25368388.0700,1.939700,-2.541400
2025-06-19,16.2057004200,16.4134658100,15.7407016900,15.8000632300,1723089,27866125.9000,2.173000,-3.153400
2025-06-20,15.7901696400,15.9880414400,15.7505952800,15.8396375900,1193911,19147642.7600,1.505700,0.250500
2025-06-23,16.0572965700,16.1562324700,15.6615529700,15.9682542600,1376708,22273549.3000,1.736200,0.812000
2025-06-24,15.9286799000,16.4629337600,15.9088927200,16.3936786300,1640379,27041931.9300,2.068700,2.664200
2025-06-25,16.3639978600,16.7003799200,15.9286799000,16.5420824800,3232730,53423677.8600,4.076900,0.905300
2025-06-26,16.5420824800,16.5618696600,16.2254876000,16.4332529900,1812500,30042895.3200,2.285800,-0.657900
2025-06-27,16.4332529900,17.1653786500,16.3343170900,17.0169748000,2236100,37928215.8100,2.820000,3.552100
2025-06-30,17.2148466000,18.6494171500,16.5915504300,18.3921838100,4806653,86026271.0600,1.666500,8.081400
2025-07-01,18.3526094500,18.9759056200,18.2042056000,18.3031415000,2516117,46967496.9600,0.872400,-0.484100
2025-07-02,18.3031415000,18.4911197100,17.9667594400,18.3328222700,1782857,32819377.5300,0.618100,0.162200
2025-07-03,18.4020774000,18.6692043300,18.0459081600,18.2833543200,2057445,38083855.1600,0.713300,-0.269800
2025-07-04,18.4020774000,18.6593107400,18.2734607300,18.3427158600,1546696,28798377.2500,0.536300,0.324700
2025-07-07,18.6790979200,19.2925005000,18.4020774000,18.5702684300,2807640,53466821.0200,0.973400,1.240600
2025-07-08,18.4614389400,18.8769697200,17.8876107200,18.2140991900,3113697,57202526.9100,1.079500,-1.918000
2025-07-09,18.1052697000,18.3822902200,17.9667594400,18.2042056000,1889196,34827445.9200,0.655000,-0.054300
2025-07-10,18.1547376500,18.2833543200,17.8777171300,18.1052697000,1670586,30490005.1200,0.579200,-0.543500
2025-07-11,18.0360145700,18.5306940700,17.9667594400,18.3625030400,1704013,31385728.0600,0.590800,1.420800
2025-07-14,18.4911197100,18.6395235600,18.2437799600,18.5900556100,2183581,40723612.2400,0.757100,1.239200
2025-07-15,18.4614389400,18.7087786900,18.0063338000,18.6395235600,2779621,51497796.0200,0.963700,0.266100
2025-07-16,18.6988851000,19.0748415200,18.5999492000,18.9660120300,2440479,46575875.9300,0.846100,1.751600
2025-07-17,19.0946287000,19.8465415400,19.0451607500,19.7871800000,3282763,65093988.2300,1.138200,4.329700
2025-07-18,19.7278184600,19.7278184600,18.7186722800,19.1440966500,3717342,71778751.1600,1.288800,-3.250000
2025-07-21,19.0055863900,20.1532428300,18.9956928000,19.6684569200,3525062,70393876.4700,1.222200,2.739000
2025-07-22,19.6684569200,19.9157966700,19.3914364000,19.6684569200,2170533,43146771.2300,0.752500,0.000000
2025-07-23,19.5893082000,19.9157966700,19.4705851200,19.7673928200,1885562,37449338.7400,0.653700,0.503000
2025-07-24,19.7377120500,20.6578159200,19.3221812700,20.6182415600,3325746,67256873.3900,1.153100,4.304300
2025-07-25,20.6776031000,23.4181275300,20.4995184800,22.1616416000,5727971,127835659.7800,1.985900,7.485600
2025-07-28,22.0627057000,23.0916390600,21.5383454300,22.4584493000,5180830,116783699.8900,1.796200,1.339300
2025-07-29,22.2407903200,22.5474916100,21.7263236400,22.4584493000,3098737,69525335.7900,1.074400,0.000000
2025-07-30,22.4881300700,23.3488724000,22.2111095500,22.2605775000,3188954,73275641.0500,1.105600,-0.881100
2025-07-31,22.1814287800,22.8640864900,21.6273877400,21.8846210800,3070049,68796480.0800,1.064400,-1.688900
2025-08-01,21.8846120000,22.0432680000,21.0814160000,21.0814160000,3152281,68193339.1100,1.092900,-3.670100
2025-08-04,21.0615840000,21.9143600000,20.7740200000,21.5871320000,3331081,72051696.7200,1.154900,2.398900
2025-08-05,21.5673000000,22.1622600000,21.2599040000,21.8251160000,2601320,56942495.1800,0.901900,1.102400
2025-08-06,21.8945280000,22.1325120000,21.5673000000,21.8152000000,2059243,45256010.6100,0.714000,-0.045400
2025-08-07,21.6763760000,22.7968840000,21.6763760000,22.0730160000,2904240,65227862.9800,1.006900,1.181800
2025-08-08,22.1523440000,22.7572200000,21.7259560000,22.3605800000,2662501,59857163.1200,0.923100,1.302800
2025-08-11,22.6084800000,24.0760480000,22.4101600000,23.7884840000,3910364,91982386.8900,1.355800,6.385800
2025-08-12,23.9273080000,25.6923560000,23.5009200000,24.8693280000,4697873,117935109.2100,1.628800,4.543600
2025-08-13,24.6610920000,25.2957160000,23.9173920000,24.8594120000,3451844,85431751.4500,1.196800,-0.039900
2025-08-14,24.7800840000,24.8990760000,23.0844480000,23.1340280000,3877044,92821883.0900,1.344200,-6.940600
2025-08-15,23.5009200000,23.6794080000,23.0348680000,23.5703320000,2795344,65802554.9100,0.969200,1.886000
2025-08-18,23.5207520000,23.6794080000,23.1042800000,23.3819280000,3185614,74896885.7300,1.104500,-0.799300
2025-08-19,23.3422640000,23.8777280000,22.5192360000,22.7373880000,3415110,79544277.7200,1.184000,-2.756600
2025-08-20,22.8068000000,23.6496600000,22.4101600000,23.0943640000,3311551,76813575.7500,1.148100,1.570000
2025-08-21,22.9654560000,23.4414240000,22.7968840000,22.9555400000,2654126,61883628.0100,0.920200,-0.601100
2025-08-22,22.9059600000,23.1042800000,22.0333520000,22.4795720000,4009455,90682568.1400,1.390100,-2.073400
2025-08-25,22.4696560000,22.9654560000,22.4101600000,22.5589000000,2554788,58305781.0500,0.885800,0.352900
2025-08-26,22.6084800000,22.9753720000,22.3407480000,22.4002440000,2248540,51207779.2100,0.779600,-0.703300
2025-08-27,22.3605800000,22.8365480000,21.7358720000,21.7358720000,2355554,53182263.4100,0.816700,-2.965900
2025-08-28,21.8152000000,22.0333520000,20.8731800000,21.6466280000,3074142,66336582.1900,1.065800,-0.410600
2025-08-29,21.4780560000,22.1622600000,21.1210800000,22.1622600000,2246107,49330428.8800,0.778700,2.382000
2025-09-01,23.1538600000,23.8777280000,22.7373880000,22.9059600000,5130944,120453800.9400,1.778900,3.355700
2025-09-02,22.8662960000,23.4017600000,22.1027640000,22.2515040000,3522202,80472622.2700,1.221200,-2.857100
2025-09-03,22.5192360000,23.5802480000,22.1225960000,23.0844480000,4083024,95483456.5700,1.415600,3.743300
2025-09-04,22.9357080000,23.4017600000,21.6962080000,23.0943640000,6214496,142256538.0200,2.154600,0.043000
2025-09-05,22.8662960000,23.2530200000,22.1920080000,23.2530200000,2538270,58298873.4000,0.880000,0.687000
2025-09-08,23.1836080000,24.9883200000,22.9257920000,24.7701680000,4424366,108556267.5500,1.534000,6.524500
2025-09-09,24.6214280000,24.7900000000,23.5703320000,23.6992400000,2905094,70473848.3500,1.007200,-4.323500
2025-09-10,23.5802480000,23.9471400000,23.2034400000,23.5009200000,1485539,35172458.1100,0.515000,-0.836800
2025-09-11,23.4513400000,24.1652920000,22.6084800000,23.9570560000,2046702,48862541.8100,0.709600,1.940900
2025-09-12,23.7289880000,24.3437800000,23.1042800000,23.6992400000,1794894,42884888.6000,0.622300,-1.076200
2025-09-15,23.6099960000,23.8876440000,22.8563800000,23.0051200000,2415055,56440979.5400,0.837300,-2.928900
2025-09-16,23.0943640000,23.3620960000,22.8563800000,23.2926840000,1782376,41594180.9700,0.618000,1.250000
2025-09-17,23.3422640000,23.4513400000,22.5589000000,22.9555400000,1852073,42857299.7900,0.642100,-1.447400
2025-09-18,22.9555400000,23.3720120000,22.1126800000,22.4894880000,1914711,43997140.1300,0.663800,-2.030200
2025-09-19,22.3704960000,23.6992400000,22.2812520000,22.6878080000,3401950,78828166.5800,1.179500,0.881800
2025-09-22,22.6878080000,23.6794080000,22.6878080000,23.1538600000,1845850,43229188.3800,0.640000,2.054200
2025-09-23,23.1736920000,23.4017600000,22.3209160000,23.2728520000,1502816,34518970.7100,0.521000,0.513900
2025-09-24,23.0547000000,23.7984000000,22.9059600000,23.6000800000,2212515,52411618.1500,0.767100,1.406100
2025-09-25,23.8479800000,24.6809240000,23.6000800000,23.8578960000,3242809,79272486.6000,1.124300,1.092400
2025-09-26,23.9570560000,24.2743680000,23.5009200000,23.8281480000,1589460,38223125.1200,0.551100,-0.124700
2025-09-29,23.7091560000,23.9471400000,22.9456240000,23.5306680000,1953426,46107408.2600,0.677300,-1.248400
2025-09-30,23.6893240000,24.9387400000,23.4315080000,24.7007560000,2720937,66611013.2200,0.943400,4.972600
2025-10-09,24.7106720000,24.9189080000,23.3323480000,23.7289880000,3878881,93154629.5300,1.344800,-3.934200
2025-10-10,23.7091560000,23.9372240000,22.9654560000,23.0646160000,2253793,53164950.9800,0.781400,-2.799800
2025-10-13,22.4200760000,22.9852880000,21.8449480000,22.7373880000,1810555,41024279.8700,0.627700,-1.418700
2025-10-14,22.8068000000,23.0943640000,22.4597400000,22.5688160000,1562633,35813373.8700,0.541800,-0.741400
2025-10-15,22.5688160000,23.6496600000,22.4399080000,23.2232720000,2054879,48095618.3400,0.712400,2.899800
2025-10-16,23.2331880000,25.1668080000,23.0150360000,24.2842840000,3388054,83178129.5800,1.174700,4.568700
2025-10-17,24.2148720000,24.9288240000,23.1637760000,24.6412600000,4419625,107703662.2300,1.532300,1.470000
2025-10-20,24.6412600000,27.1004280000,24.1355440000,26.6542080000,4992945,128458536.1200,1.731100,8.169000
2025-10-21,26.0989120000,26.9417720000,26.0989120000,26.8525280000,4260680,114025610.0300,1.477200,0.744000
2025-10-22,26.6442920000,28.5283320000,26.2278200000,26.5748800000,5603743,154517462.2400,1.942900,-1.034000
2025-10-23,26.4360560000,26.6740400000,25.1965560000,25.8410960000,4172758,108681991.3700,1.446700,-2.761200
2025-10-24,25.7022720000,26.0790800000,25.4147080000,25.7816000000,2330489,60325310.5800,0.808000,-0.230200
2025-10-27,25.8807600000,26.4856360000,25.7816000000,26.0592480000,2343075,61797443.6800,0.812400,1.076900
2025-10-28,26.1683240000,27.7548840000,25.8807600000,26.6839560000,4207050,114149363.4200,1.458600,2.397300
2025-10-29,26.6343760000,26.6343760000,25.1073120000,25.5337000000,3118061,80235223.3500,1.081100,-4.310700
2025-10-30,25.7320200000,25.7320200000,24.7503360000,25.0180680000,2273887,57614445.8400,0.788400,-2.019400
2025-10-31,25.1073120000,29.4207720000,25.1073120000,28.6374080000,8416810,235082688.4900,2.918200,14.466900
2025-11-03,28.2308520000,28.8555600000,27.7648000000,28.5184160000,5293460,151891572.9500,1.835300,-0.415500
2025-11-04,28.2407680000,28.6572400000,27.5268160000,27.8342120000,2804326,78458333.1800,0.972300,-2.399200
2025-11-05,27.7251360000,28.8952240000,26.8326960000,27.3384120000,3824919,107362805.6600,1.326100,-1.781300
2025-11-06,26.8723600000,27.6953880000,26.6938720000,27.0409320000,3502987,95297244.6700,1.214500,-1.088100
2025-11-07,27.1500080000,27.5367320000,26.1484920000,26.3963920000,3104633,83598690.1700,1.076400,-2.383600
2025-11-10,26.3765600000,27.7648000000,26.1584080000,27.7648000000,3688264,101039718.5600,1.278700,5.184100
2025-11-11,27.7648000000,28.0325320000,26.5947120000,26.8624440000,2941248,80506872.5100,1.019800,-3.250000
2025-11-12,26.9417720000,28.3300120000,26.7732000000,27.7648000000,3563416,99768211.5700,1.235500,3.359200
2025-11-13,27.6358920000,28.3200960000,26.6442920000,27.4276560000,3619813,100682206.0700,1.255000,-1.214300
2025-11-14,27.4276560000,28.0622800000,27.0706800000,27.2491680000,2128792,59156011.8900,0.738100,-0.650800
2025-11-17,27.0706800000,27.6557240000,25.7915160000,26.1385760000,3441433,92346340.3000,1.193200,-4.075700
2025-11-18,26.1385760000,26.6145440000,25.6923560000,25.7320200000,1919905,50543916.4800,0.665600,-1.555400
2025-11-19,25.8311800000,25.9799200000,25.2659680000,25.5436160000,1323841,34142598.5600,0.459000,-0.732200
2025-11-20,25.5634480000,25.7617680000,25.2461360000,25.2858000000,1055840,27141374.8200,0.366100,-1.009300
2025-11-21,25.2064720000,25.6626080000,23.9570560000,23.9768880000,2486994,61441281.1400,0.862300,-5.176500
2025-11-24,23.8678120000,24.5718480000,23.7686520000,24.2148720000,1736113,42204624.1000,0.601900,0.992600
2025-11-25,24.5718480000,24.6908400000,23.9967200000,24.2545360000,1240935,30392641.2900,0.430200,0.163800
2025-11-26,24.3536960000,24.8494960000,24.1057960000,24.3041160000,2345817,57862737.1700,0.813300,0.204400
2025-11-27,24.4131920000,24.6015960000,24.0463000000,24.1355440000,1249076,30703077.3100,0.433100,-0.693600
2025-11-28,24.3536960000,24.3536960000,23.7389040000,24.2545360000,1316851,31958105.0000,0.456600,0.493000
2025-12-01,24.4627720000,24.4627720000,24.0463000000,24.3140320000,1480150,36281584.4500,0.513200,0.245300
2025-12-02,24.3140320000,24.4330240000,23.9768880000,24.1057960000,924131,22515226.8800,0.320400,-0.856400
2025-12-03,24.2247880000,24.3636120000,23.9273080000,24.1256280000,764709,18631500.9200,0.265100,0.082300
2025-12-04,23.9173920000,24.2347040000,23.8380640000,24.0066360000,886537,21434231.2700,0.307400,-0.493200
2025-12-05,23.8479800000,24.1950400000,23.6199120000,24.0661320000,844197,20379714.4500,0.292700,0.247800
2025-12-08,24.1157120000,24.2743680000,23.9967200000,24.0958800000,799869,19470313.2300,0.277300,0.123600
2025-12-09,24.0958800000,24.2545360000,23.5505000000,23.6595760000,756509,18276075.2700,0.262300,-1.810700
2025-12-10,23.7488200000,23.9768880000,23.4910040000,23.8975600000,779334,18702087.3900,0.270200,1.005900
2025-12-11,23.7984000000,24.0958800000,23.6694920000,23.7686520000,694543,16711403.8600,0.240800,-0.539400
2025-12-12,23.8479800000,23.9868040000,23.3521800000,23.5009200000,1094574,26121180.9500,0.379500,-1.126400
2025-12-15,23.7686520000,24.1553760000,23.3720120000,23.7488200000,1344212,32361670.0800,0.466000,1.054900
2025-12-16,23.9868040000,23.9868040000,23.3521800000,23.5703320000,832904,19764214.9800,0.288800,-0.751600
2025-12-17,23.3620960000,23.8777280000,23.1736920000,23.8182320000,926763,21930464.7400,0.321300,1.051700
2025-12-18,23.6992400000,24.0562160000,23.5703320000,23.7389040000,914299,21969911.4700,0.317000,-0.333100
2025-12-19,24.1950400000,24.9784040000,24.0463000000,24.6313440000,1783069,44179223.8500,0.618200,3.759400
2025-12-22,24.4032760000,24.7800840000,23.7488200000,23.7984000000,2217421,53777709.5200,0.768800,-3.381600
2025-12-23,23.8975600000,23.9273080000,23.5207520000,23.6000800000,963358,22996098.1600,0.334000,-0.833300
2025-12-24,23.5207520000,23.8578960000,23.3323480000,23.4513400000,971593,23071654.1800,0.336900,-0.630300
2025-12-25,23.5405840000,24.0363840000,23.4315080000,23.9471400000,1306199,31425256.7500,0.452900,2.114200
2025-12-26,23.9967200000,23.9967200000,23.4116760000,23.5108360000,840379,20042978.3000,0.291400,-1.821900
2025-12-29,23.5703320000,23.7190720000,22.3605800000,22.5589000000,2894482,66501044.6100,1.003500,-4.048900
2025-12-30,22.7076400000,23.1736920000,22.5093200000,22.7572200000,1901138,43965302.9900,0.659100,0.879100
2025-12-31,22.6481440000,23.0348680000,22.5589000000,22.6878080000,1067769,24474030.6000,0.370200,-0.305000
2026-01-05,22.7770520000,24.8594120000,22.5886480000,24.7007560000,3657220,88411097.4700,1.268000,8.872400
2026-01-06,24.9486560000,25.5138680000,24.2049560000,25.3452960000,3294999,82759685.3600,1.142400,2.609400
2026-01-07,25.2858000000,25.9005920000,25.0973960000,25.4246240000,1799175,46344094.9600,0.623800,0.313000
2026-01-08,25.2461360000,25.7419360000,24.4330240000,24.7900000000,2755951,68941483.2700,0.955500,-2.496100
2026-01-09,24.4300000000,24.9900000000,24.0000000000,24.9900000000,2444399,59965586.2000,0.847500,0.806800
2026-01-12,24.9600000000,25.3000000000,24.3000000000,24.7200000000,2137884,52626580.9200,0.741200,-1.080400
2026-01-13,24.8700000000,26.3500000000,24.4800000000,26.3500000000,4663702,118760676.4700,1.616900,6.593900
2026-01-14,26.0300000000,28.7700000000,25.8000000000,26.6600000000,5612205,153602970.3500,1.945800,1.176500
2026-01-15,26.4100000000,28.6700000000,25.8300000000,27.3600000000,4025813,110837630.4100,1.395800,2.625700
2026-01-16,27.3600000000,27.3600000000,26.2600000000,26.4500000000,2465874,65525111.6100,0.854900,-3.326000
2026-01-19,26.4000000000,26.7500000000,25.7500000000,25.9700000000,2353178,61178039.0800,0.815900,-1.814700
2026-01-20,25.8700000000,26.1900000000,25.2400000000,25.5400000000,2294390,58640216.7400,0.795500,-1.655800
2026-01-21,25.4600000000,27.5600000000,25.4500000000,26.7700000000,3073199,82123004.0400,1.065500,4.816000
2026-01-22,26.7700000000,27.2600000000,26.3400000000,26.6000000000,2073516,55489308.8400,0.718900,-0.635000
2026-01-23,26.8000000000,27.5600000000,26.4900000000,26.9100000000,2119422,57250037.7200,0.734800,1.165400
2026-01-26,26.7100000000,27.1200000000,26.4000000000,26.6100000000,2278002,60980357.2000,0.789800,-1.114800
2026-01-27,26.4700000000,26.6400000000,25.5300000000,25.8000000000,2497328,64588644.0000,0.865800,-3.044000
2026-01-28,25.6900000000,26.0500000000,24.9000000000,25.2200000000,2017988,51096178.1600,0.699700,-2.248100
2026-01-29,25.1000000000,26.1600000000,24.9700000000,25.2500000000,2484835,63744591.0900,0.861500,0.119000
2026-01-30,25.1000000000,25.6600000000,23.3600000000,23.5000000000,4489009,107382599.7700,1.556400,-6.930700
2026-02-02,23.5000000000,24.0900000000,23.0800000000,23.1000000000,3214467,75865305.3400,1.114500,-1.702100
2026-02-03,23.2800000000,23.5000000000,22.8800000000,23.3200000000,2019660,46687794.1900,0.700200,0.952400
2026-02-04,23.5000000000,23.5000000000,22.7600000000,23.0300000000,2135019,49121366.1000,0.740200,-1.243600
2026-02-05,23.0200000000,23.3900000000,22.8900000000,23.1300000000,1268208,29372971.2700,0.439700,0.434200
2026-02-06,23.0000000000,23.4300000000,22.8000000000,23.0800000000,1344669,31136611.3600,0.466200,-0.216200
2026-02-09,23.3500000000,23.3500000000,22.9100000000,23.0000000000,1519758,34988811.9700,0.526900,-0.346600
2026-02-10,23.2000000000,23.2000000000,22.9100000000,22.9600000000,1155008,26565951.6900,0.400400,-0.173900
2026-02-11,23.0700000000,23.0700000000,22.8200000000,22.8600000000,1409952,32290765.1700,0.488800,-0.435500
2026-02-12,22.8600000000,22.8800000000,22.0500000000,22.1200000000,3690616,82213945.2300,1.279600,-3.237100
2026-02-13,22.2100000000,22.6400000000,22.1800000000,22.2700000000,1618085,36281377.3000,0.561000,0.678100
2026-02-24,22.4300000000,22.5500000000,22.1500000000,22.4000000000,1522362,34104510.7300,0.527800,0.583700
2026-02-25,22.4700000000,22.5000000000,22.2700000000,22.2900000000,1454603,32542001.4600,0.504300,-0.491100
2026-02-26,22.3800000000,22.4200000000,22.0100000000,22.2200000000,1487021,32991604.5400,0.515600,-0.314000
2026-02-27,22.2000000000,22.5400000000,22.1500000000,22.3800000000,1612094,35969197.9200,0.558900,0.720100
2026-03-02,22.3300000000,22.3800000000,21.3000000000,21.3400000000,2833137,61307892.3000,0.982300,-4.647000
2026-03-03,21.5800000000,21.6600000000,20.2800000000,20.3800000000,3165137,65652452.0100,1.097400,-4.498600
2026-03-04,20.2500000000,20.5400000000,19.8200000000,19.9700000000,1718682,34534479.5400,0.595900,-2.011800
2026-03-05,20.2300000000,20.4900000000,20.0200000000,20.1600000000,1511556,30575322.9100,0.524100,0.951400
2026-03-06,20.1600000000,20.7000000000,20.1000000000,20.6500000000,1827142,37510548.5700,0.633500,2.430600
2026-03-09,20.6200000000,20.6600000000,20.1000000000,20.3600000000,1686299,34245093.1700,0.584700,-1.404400
2026-03-10,20.3100000000,20.8300000000,20.3100000000,20.7600000000,1181263,24408390.2200,0.409600,1.964600
2026-03-11,20.8100000000,20.8600000000,20.4800000000,20.5500000000,1831180,37784383.2500,0.634900,-1.011600
2026-03-12,20.7000000000,20.7000000000,19.9200000000,19.9900000000,2078564,41868881.4700,0.720700,-2.725100
2026-03-13,19.8800000000,20.2900000000,19.8000000000,20.0400000000,1430140,28777722.8400,0.495800,0.250100
2026-03-16,20.0500000000,20.6500000000,19.9000000000,20.2300000000,2948431,59737267.9200,1.022200,0.948100
2026-03-17,20.2000000000,20.3800000000,19.9200000000,19.9300000000,2270369,45795644.8400,0.787200,-1.482900
2026-03-18,20.0400000000,20.1000000000,19.8100000000,20.0600000000,992288,19811556.1100,0.344000,0.652300
2026-03-19,20.0200000000,20.0200000000,19.2300000000,19.3300000000,1570651,30681989.1600,0.544600,-3.639100
2026-03-20,19.0500000000,19.6500000000,19.0400000000,19.0400000000,1754625,33846101.5700,0.608300,-1.500300
2026-03-23,18.9600000000,18.9600000000,17.9100000000,17.9900000000,3087241,56955214.6600,1.070400,-5.514700
2026-03-24,18.4600000000,19.1900000000,18.2600000000,18.9600000000,2734426,50938668.1700,0.948000,5.391900
2026-03-25,19.2000000000,19.2500000000,18.7000000000,19.2000000000,1997096,38079080.0500,0.692400,1.265800
2026-03-26,19.2200000000,19.4000000000,18.8500000000,18.9300000000,1541741,29404916.0700,0.534500,-1.406300
2026-03-27,19.0100000000,19.5600000000,18.8000000000,19.5500000000,2147198,41457896.2000,0.744400,3.275200
2026-03-30,19.3000000000,19.7800000000,19.1100000000,19.6600000000,3383839,65633605.5100,1.173200,0.562700
2026-03-31,19.4700000000,20.9500000000,19.4700000000,20.0600000000,4333843,88144340.2100,1.502600,2.034600
2026-04-01,20.1300000000,20.8200000000,20.1300000000,20.7900000000,4001879,82315554.6200,1.387500,3.639100
2026-04-02,20.6000000000,20.7400000000,20.2100000000,20.2600000000,2730055,55744734.1300,0.946500,-2.549300
2026-04-03,20.1000000000,20.3300000000,19.5400000000,19.5600000000,2184800,43418733.0800,0.757500,-3.455100
2026-04-07,19.4900000000,19.8000000000,19.0300000000,19.6700000000,2624667,51269185.1600,0.910000,0.562400
2026-04-08,20.3200000000,20.5900000000,20.1400000000,20.5000000000,2171123,44322377.9000,0.752700,4.219600
2026-04-09,20.4000000000,20.4800000000,20.1100000000,20.1800000000,1755016,35536220.7800,0.608500,-1.561000
2026-04-10,20.0900000000,20.7500000000,20.0900000000,20.4900000000,1697422,34752423.4400,0.588500,1.536200
2026-04-13,20.3000000000,20.6000000000,20.1100000000,20.3900000000,1654443,33686991.4900,0.573600,-0.488000
2026-04-14,20.7400000000,20.7400000000,20.1700000000,20.4100000000,1586260,32240445.5200,0.550000,0.098100
2026-04-15,20.6400000000,20.8500000000,20.3900000000,20.8200000000,2599300,53741923.5100,0.901200,2.008800
2026-04-16,20.9600000000,21.5900000000,20.7000000000,20.8300000000,2258762,47217782.8100,0.783100,0.048000
2026-04-17,20.7600000000,20.8900000000,20.4200000000,20.5500000000,1384035,28552825.2300,0.479900,-1.344200
2026-04-20,20.7200000000,20.7200000000,20.3200000000,20.5200000000,1425114,29231404.1700,0.494100,-0.146000
2026-04-21,20.5200000000,20.5200000000,20.2200000000,20.3300000000,1149731,23360660.2500,0.398600,-0.925900
2026-04-22,20.2000000000,20.4000000000,20.0900000000,20.3600000000,1141005,23111720.9800,0.395600,0.147600
2026-04-23,20.3600000000,20.5200000000,19.9400000000,20.0800000000,1558299,31370518.0800,0.540300,-1.375200
2026-04-24,20.0200000000,20.0800000000,19.6000000000,19.7500000000,1223667,24273242.8900,0.424300,-1.643400
2026-04-27,19.7500000000,19.8100000000,19.4900000000,19.6800000000,1278363,25143114.4300,0.443200,-0.354400
2026-04-28,19.7700000000,19.7700000000,19.3100000000,19.3500000000,1306154,25465470.6100,0.452900,-1.676800
2026-04-29,19.3400000000,19.6500000000,19.0900000000,19.4300000000,1398426,27244624.0400,0.484800,0.413400
2026-04-30,19.2400000000,19.2400000000,16.8200000000,17.3000000000,5536624,96841512.3600,1.919600,-10.962400
