date,open,high,low,close,volume,amount,turn,pctChg
2019-10-30,101.1258169000,101.1258169000,84.6733983300,88.5274231000,11158260,1504863089.0000,76.102000,46.475400
2019-10-31,81.2528666800,81.2528666800,67.8010333000,68.1396998000,6416950,685898790.0000,43.765100,-23.029800
2019-11-01,65.7013010000,68.2751664000,65.0239680000,67.1169269700,3662527,358190501.0000,24.979300,-1.501000
2019-11-04,66.4328206400,68.6680195400,65.7893542900,65.8909542400,2067599,204473666.0000,14.101500,-1.826600
2019-11-05,65.0239680000,65.0239680000,60.6280768300,60.8651433800,3442960,314875598.0000,23.481800,-7.627500
2019-11-06,59.9642904900,62.8158624200,59.9642904900,60.8583700500,2802240,255113439.0000,19.112000,-0.011100
2019-11-07,60.9735166600,62.4907425800,60.0117038000,61.4137831100,2648652,240046504.0000,18.064400,0.912600
2019-11-08,61.0954366000,62.2333560400,60.1471704000,61.5357030500,2122466,192400942.0000,14.475700,0.198500
2019-11-11,60.7432234400,60.7703167600,56.8282387000,56.8688786800,2436615,209530375.0000,16.618300,-7.583900
2019-11-12,56.7943720500,57.6410383000,54.7488263900,54.9317063000,1716859,141223729.0000,11.709400,-3.406400
2019-11-13,54.9317063000,55.6632259400,54.4169332200,54.7555997200,1083167,87906297.0000,7.387500,-0.320600
2019-11-14,54.7962397000,56.8688786800,54.5253065000,55.6090393000,1409344,116274975.0000,9.612100,1.558600
2019-11-15,55.2771461300,58.1219447300,54.5591731500,57.8306915400,1975697,165336397.0000,13.474700,3.995100
2019-11-18,56.6114921400,58.1490380500,56.2728256400,56.2728256400,1247760,105586022.0000,8.510000,-2.693800
2019-11-19,56.3676522600,60.2013570400,56.3676522600,59.1311709000,1806448,157045598.0000,12.320400,5.079400
2019-11-20,58.9076510100,62.2265827100,58.6502644700,60.5535702000,2182318,196554150.0000,14.883900,2.405500
2019-11-21,60.5535702000,63.5609287200,59.6188506600,61.8269562400,1745595,159473360.0000,11.905400,2.102900
2019-11-22,62.0640227900,62.3146360000,60.0117038000,61.2444498600,1188596,106788061.0000,8.106500,-0.942200
2019-11-25,61.2173565400,62.2333560400,59.7475439300,61.8675962200,698852,63071442.0000,4.766300,1.017500
2019-11-26,61.5018364000,62.1046627700,59.5511173600,59.8288238900,867522,76976184.0000,5.916700,-3.295400
2019-11-27,59.8288238900,59.8288238900,57.7968248900,57.8713315200,582813,50227862.0000,3.974900,-3.271800
2019-11-28,57.8713315200,59.5037040500,57.7629582400,59.4088774300,595899,51898928.0000,4.064200,2.656800
2019-11-29,59.0295709500,59.3953307700,57.5055717000,58.0000247900,488152,41858181.0000,3.329300,-2.371500
2019-12-02,58.2641846600,58.3386912900,57.3023718000,57.7087716000,326409,27780072.0000,2.226200,-0.502200
2019-12-03,57.5800783300,58.0203447800,55.5413060000,56.1373590400,559529,46344916.0000,3.816100,-2.723000
2019-12-04,56.1441323700,56.8214653700,55.6903192600,56.1847723500,232907,19358589.0000,1.588500,0.084500
2019-12-05,56.5437588400,56.5437588400,55.7851458800,56.1441323700,355459,29425415.0000,2.424300,-0.072300
2019-12-06,56.2389589900,56.7808253900,55.9612524600,56.2389589900,281972,23446025.0000,1.923100,0.168900
2019-12-09,56.2795989700,57.5597583400,56.0289857600,57.4378384000,452722,38009475.0000,3.087700,2.131800
2019-12-10,57.5733050000,60.8719167100,57.1601318700,59.8152772300,1095145,96657641.0000,7.469200,4.139100
2019-12-11,59.4630640700,60.8245034000,58.8670110300,58.9889309700,481366,42214444.0000,3.283000,-1.381500
2019-12-12,59.2666375000,60.6145301700,58.5960778300,58.9279710000,443804,38940485.0000,3.026900,-0.103300
2019-12-13,59.6053040000,59.9439705000,59.0634376000,59.7407706000,454117,39850082.0000,3.097200,1.379300
2019-12-16,59.6053040000,60.8245034000,59.6053040000,60.2352236900,556768,49565973.0000,3.797300,0.827700
2019-12-17,60.8177300700,60.8177300700,59.6798106300,60.0929837600,553632,49205061.0000,3.775900,-0.236100
2019-12-18,60.0929837600,61.5695697000,60.0862104300,61.1293032500,829938,74787602.0000,5.660400,1.724500
2019-12-19,60.9531966700,61.7998629200,60.4858369000,60.7432234400,593952,53439290.0000,4.050900,-0.631600
2019-12-20,60.3503703000,60.7432234400,59.6730373000,59.6730373000,477502,42322532.0000,3.256700,-1.761800
2019-12-23,59.6798106300,59.6798106300,57.2346385000,57.2346385000,524510,45034155.0000,3.577300,-4.086300
2019-12-24,57.4378384000,58.1151714000,57.1330385500,57.7561849100,281789,23939707.0000,1.921900,0.911200
2019-12-25,57.7290915900,58.5757578400,57.1262652200,58.1151714000,400667,34365234.0000,2.732600,0.621600
2019-12-26,58.3928779300,59.8423705500,58.2574113300,59.5375707000,626770,54887717.0000,4.274700,2.447600
2019-12-27,60.2013570400,60.2216770300,58.2506380000,58.4131979200,530592,46300962.0000,3.618800,-1.888500
2019-12-30,58.4267445800,58.6299444800,57.6410383000,57.9797048000,487427,41669157.0000,3.324400,-0.742100
2019-12-31,57.9797048000,60.9328766800,57.9119715000,60.9328766800,1083247,95677276.0000,7.388000,5.093500
2020-01-02,61.4341031000,61.6373030000,60.3503703000,61.6237563400,922668,83220202.0000,6.292800,1.133800
2020-01-03,61.7050363000,62.0301561400,60.5129302200,60.8515967200,706333,63693734.0000,4.817400,-1.253000
2020-01-06,60.2826370000,61.2918631700,59.9507438300,60.4587435800,653699,58532964.0000,4.458400,-0.645600
2020-01-07,60.4587435800,61.2783165100,59.8288238900,61.0818899400,659889,59030319.0000,4.500600,1.030700
2020-01-08,61.0547966200,63.4796487600,60.2013570400,61.8608228900,1268363,115928772.0000,8.650500,1.275200
2020-01-09,62.3146360000,63.4051421300,62.0030628200,63.0597023000,824950,76607240.0000,5.626400,1.938000
2020-01-10,63.0597023000,64.3330883400,61.9082362000,63.7370353000,894004,83460361.0000,6.097300,1.074100
2020-01-13,63.7302619700,63.7302619700,62.6939424800,63.6896219900,606625,56600251.0000,4.137300,-0.074400
2020-01-14,63.6693020000,65.0036480100,63.2899955200,64.4279149600,800889,75978826.0000,5.462300,1.159200
2020-01-15,64.4075949700,64.6649815100,62.7210358000,63.0055156600,648070,60797162.0000,4.420000,-2.207700
2020-01-16,62.9919690000,65.5929277200,62.7345824600,64.8275414300,1013151,96641506.0000,6.909900,2.891900
2020-01-17,64.7394881400,72.2036978000,64.6649815100,68.7628461600,1934586,195596737.0000,13.194300,6.070400
2020-01-20,69.0811926700,80.1284939000,69.0811926700,76.9924421100,2173820,238008593.0000,14.826000,11.968100
2020-01-21,79.0244411100,79.0244411100,71.7227913700,72.1766044800,1776291,193853749.0000,12.114700,-6.254900
2020-01-22,72.1698311500,74.0595902200,69.0879660000,72.7658841900,997970,105642986.0000,6.806400,0.816400
2020-01-23,72.7794308500,74.3711634000,66.4599139600,67.3743135100,1287107,132738725.0000,8.778400,-7.409500
2020-02-03,54.2408266400,62.2333560400,54.2272799800,58.3386912900,1507053,131426972.0000,10.278500,-13.411100
2020-02-04,59.2666375000,63.7979952700,59.2666375000,62.9242357000,1615390,146446452.0000,11.017300,7.860200
2020-02-05,62.1791694000,65.6200210400,61.6373030000,64.4346882900,1401924,132090564.0000,9.561500,2.400400
2020-02-06,64.3398616700,67.3946335000,62.9987423300,65.4303678000,1395776,135012723.0000,9.519500,1.545300
2020-02-07,64.9901013500,66.3447673500,62.9919690000,65.0849279700,1341482,127673930.0000,9.149200,-0.528000
2020-02-10,64.9833280200,70.1716988000,63.8725019000,68.4309529900,1235687,122804126.0000,8.427700,5.141000
2020-02-11,68.5325529400,68.7831661500,61.6373030000,63.7505819600,1285791,123372835.0000,8.769400,-6.839500
2020-02-12,64.0757018000,65.7013010000,63.1206622700,65.2881278700,1033216,98545145.0000,7.046800,2.411800
2020-02-13,65.0375146600,68.3428997000,64.3466350000,66.1822074300,1555831,152122576.0000,10.611100,1.369400
2020-02-14,66.7173005000,68.0719665000,63.7776752800,64.8072214400,1386901,134702259.0000,9.459000,-2.077600
2020-02-17,64.2314883900,66.1754341000,64.2179417300,66.1280207900,1196555,115719849.0000,8.160800,2.038000
2020-02-18,66.7173005000,68.7425261700,66.1212474600,67.5978334000,1593071,158955729.0000,10.865100,2.222700
2020-02-19,67.6587933700,73.4838571700,67.1304736300,70.7542051800,2518054,261686175.0000,17.173700,4.669300
2020-02-20,70.8490318000,70.8490318000,67.7333000000,69.5011391300,1663761,169620815.0000,11.347300,-1.771000
2020-02-21,69.0540993500,69.0879660000,67.2591669000,67.2591669000,1305596,130810601.0000,8.904500,-3.225800
2020-02-24,67.2523935700,67.3878601700,65.1120212900,66.1483407800,876772,85752500.0000,5.979800,-1.651600
2020-02-25,65.0239680000,66.8798604200,64.3263150100,65.4506877900,993099,95776954.0000,6.773200,-1.054700
2020-02-26,64.3669549900,66.0264208400,62.6600758300,63.1680755800,979527,92933096.0000,6.680600,-3.487500
2020-02-27,63.1748489100,63.9470085300,61.7389029500,62.4501026000,538831,49916124.0000,3.675000,-1.136600
2020-02-28,60.2826370000,61.5357030500,58.3183713000,58.3522379500,943797,83510533.0000,6.436900,-6.561800
2020-03-02,58.4538379000,61.1089832600,58.4538379000,60.9667433300,681610,60552373.0000,4.648700,4.480600
2020-03-03,61.6373030000,62.6397558400,60.9802899900,61.4137831100,797104,72780681.0000,5.436400,0.733200
2020-03-04,61.2309032000,61.2309032000,60.0049304700,60.8854633700,461244,41268301.0000,3.145800,-0.860300
2020-03-05,61.3663698000,62.6533025000,60.9599700000,61.8608228900,647103,59113689.0000,4.413400,1.602000
2020-03-06,61.5627963700,61.5627963700,60.6348501600,60.8177300700,482290,43496884.0000,3.289300,-1.686200
2020-03-09,59.8762372000,61.3595964700,57.9797048000,58.5080245400,675369,59348650.0000,4.606200,-3.797800
2020-03-10,57.1601318700,58.9957043000,56.3405589400,58.8602377000,811059,69034728.0000,5.531600,0.602000
2020-03-11,58.8602377000,59.6053040000,57.4920250400,57.9119715000,500962,43424848.0000,3.416700,-1.611000
2020-03-12,57.2346385000,57.4378384000,56.3202389500,56.8891986700,436596,36612367.0000,2.977700,-1.766100
2020-03-13,55.1349062000,56.8485586900,54.3221066000,55.8867458300,544879,44586804.0000,3.716200,-1.762100
2020-03-16,56.3541056000,56.7334120800,53.5634936400,54.2137333200,807610,65760956.0000,5.508100,-2.993600
2020-03-17,54.5253065000,54.7285064000,52.4255742000,53.4280270400,528067,41716576.0000,3.601500,-1.449300
2020-03-18,53.7531468800,54.7217330700,52.8658406500,52.9403472800,354916,28298612.0000,2.420600,-0.912800
2020-03-19,53.1029072000,53.1435471800,50.9015749500,51.7211478800,733986,56219215.0000,5.006000,-2.303000
2020-03-20,51.8837078000,52.5474941400,51.4773080000,52.1140010200,340589,26126437.0000,2.322900,0.759600
2020-03-23,52.0056277400,52.0056277400,48.8357093000,48.9711759000,676408,50092613.0000,4.613300,-6.030700
2020-03-24,49.8381621400,50.0549087000,47.8061631400,49.1608291400,552327,40005712.0000,3.767000,0.387300
2020-03-25,50.5154951400,50.7999750000,49.9329887600,50.3935752000,453002,33648281.0000,3.089600,2.507600
2020-03-26,50.3597085500,50.6374150800,49.8720287900,50.4342151800,343949,25530991.0000,2.345800,0.080600
2020-03-27,50.4342151800,50.7999750000,49.4588556600,49.5062689700,563204,41771966.0000,3.841200,-1.839900
2020-03-30,48.7205626900,48.7205626900,46.9053102500,47.1626967900,513666,36103396.0000,3.503300,-4.733900
2020-03-31,47.9551764000,48.4293095000,47.1694701200,47.5149099500,415849,29277163.0000,2.836200,0.746800
2020-04-01,47.4200833300,48.3277095500,47.1423768000,47.3388033700,301848,21355061.0000,2.058700,-0.370600
2020-04-02,47.5487766000,48.8357093000,47.0814168300,48.7205626900,281002,19896342.0000,1.916500,2.918900
2020-04-03,48.2193362700,50.0752286900,48.2125629400,49.3843490300,442938,32279158.0000,3.020900,1.362400
2020-04-07,49.7839755000,55.3855194100,49.7839755000,53.2586937900,1190810,91228858.0000,8.121600,7.845300
2020-04-08,52.1546410000,53.4415737000,51.9378944400,52.3510675700,485313,37701375.0000,3.310000,-1.704200
2020-04-09,52.7574673700,53.0758138800,51.9649877600,52.4865341700,315714,24480978.0000,2.153200,0.258800
2020-04-10,52.8929339700,53.2112804800,50.8609349700,51.5111746500,412940,31790345.0000,2.816400,-1.858300
2020-04-13,51.6737345700,52.7642407000,50.8067483300,51.7753345200,277789,21232512.0000,1.894600,0.512800
2020-04-14,51.8701611400,52.5745874600,51.2199214600,52.4933075000,287437,22186083.0000,1.960400,1.386700
2020-04-15,52.6829607400,52.6897340700,52.1681876600,52.2901076000,401806,31099916.0000,2.740400,-0.387100
2020-04-16,51.4976279900,52.0869077000,50.9286682700,51.2470147800,375656,28500433.0000,2.562100,-1.994800
2020-04-17,51.3079747500,51.8024278400,50.7186950400,50.7322417000,425270,32194892.0000,2.900400,-1.004500
2020-04-20,51.1792814800,51.3960280400,50.5290418000,51.0573615400,304659,22950926.0000,2.077800,0.640800
2020-04-21,50.8067483300,51.0438148800,49.7975221600,50.2106952900,276707,20576134.0000,1.887200,-1.658300
2020-04-22,49.4656289900,52.6761874100,49.4656289900,52.6287741000,527349,40125175.0000,3.596600,4.815900
2020-04-23,52.8116540100,54.8639730000,52.6287741000,53.2451471300,845377,67349876.0000,5.765700,1.171200
2020-04-24,53.1909604900,58.0338914400,52.0191744000,56.5234388500,1578699,130660710.0000,10.767100,6.157000
2020-04-27,56.0831724000,56.4827988700,54.3898399000,55.9070658200,671240,55102297.0000,4.578000,-1.090500
2020-04-28,55.9070658200,55.9070658200,51.4773080000,54.3356532600,836338,66316516.0000,5.704000,-2.810800
2020-04-29,54.3559732500,54.3559732500,51.9040277900,52.1207743500,371381,29105568.0000,2.532900,-4.076300
2020-04-30,50.8067483300,51.4569880100,47.4133100000,51.2808814300,1119196,82802402.0000,7.292300,-1.611400
2020-05-06,51.3079747500,53.7328268900,50.1971486300,53.4889870100,619902,47524469.0000,4.039100,4.305900
2020-05-07,54.0511734000,54.0511734000,52.3172009200,52.6355474300,456019,35665214.0000,2.971300,-1.595500
2020-05-08,52.2426942900,53.7192802300,52.2426942900,53.0013072500,404691,31839438.0000,2.636800,0.694900
2020-05-11,53.0284005700,55.8799725000,53.0284005700,54.4304798800,627441,50620978.0000,4.088200,2.696500
2020-05-12,54.8571996700,54.8571996700,53.5905869600,54.3085599400,400665,31963851.0000,2.610600,-0.224000
2020-05-13,54.3085599400,56.7198654200,53.6515469300,56.7198654200,851366,70405081.0000,5.547200,4.440000
2020-05-14,55.8799725000,56.4760255400,55.2703728000,55.5954926400,521313,42938046.0000,3.396700,-1.982300
2020-05-15,54.8978396500,57.0314386000,54.8978396500,55.2026395000,475339,39301444.0000,3.097200,-0.706600
2020-05-18,55.2026395000,55.2365061500,53.6312269400,53.7260535600,475565,38203927.0000,3.098600,-2.674800
2020-05-19,53.5296269900,54.9113863100,53.2857871100,54.6336797800,333117,26569881.0000,2.170500,1.689400
2020-05-20,54.6336797800,55.8325591900,53.5093070000,53.8615201600,442285,35869370.0000,2.881800,-1.413300
2020-05-21,53.8615201600,54.4237065500,50.5629084500,50.9896282400,762561,59123424.0000,4.968600,-5.332000
2020-05-22,50.9964015700,51.1250948400,48.7679760000,49.9668554100,335866,24836431.0000,2.188400,-2.005800
2020-05-25,49.9668554100,50.3393885600,49.5333622900,50.1023220100,197885,14598580.0000,1.289400,0.271100
2020-05-26,50.1090953400,52.4323475300,50.1090953400,52.4323475300,299048,22789270.0000,1.948500,4.650500
2020-05-27,52.4933075000,52.7236007200,51.5789079500,51.6872812300,212749,16344006.0000,1.386200,-1.421000
2020-05-28,51.7211478800,52.2765609400,50.8270683200,50.9489882600,282461,21464417.0000,1.840400,-1.428400
2020-05-29,50.7999750000,53.2045071500,50.3393885600,53.1164538600,475398,36965359.0000,3.097500,4.254200
2020-06-01,53.1232271900,55.1349062000,52.8387473300,54.9113863100,526091,42302836.0000,3.427800,3.379200
2020-06-02,54.8639730000,54.8639730000,53.9360267900,53.9360267900,379217,30361997.0000,2.470900,-1.776200
2020-06-03,53.9360267900,56.4082922400,53.9360267900,55.6767726000,835845,68804906.0000,5.446100,3.227400
2020-06-04,55.6496792800,56.7740520600,54.8842929900,56.4624788800,707719,58594294.0000,4.611300,1.411200
2020-06-05,56.5031188600,57.0856252400,55.3110127800,55.5548526600,540327,44649830.0000,3.520600,-1.607500
2020-06-08,55.5413060000,57.7426382500,55.5413060000,55.7377325700,578065,48524623.0000,3.766500,0.329200
2020-06-09,56.0831724000,56.7875987200,54.7285064000,55.0062129300,415980,33953763.0000,2.710400,-1.312400
2020-06-10,54.9994396000,56.3541056000,54.7217330700,54.9994396000,417347,34278320.0000,2.719300,-0.012300
2020-06-11,54.6607731000,56.3337856100,54.6607731000,54.9452529600,540698,44167312.0000,3.523000,-0.098500
2020-06-12,53.8479735000,55.1349062000,53.6583202600,54.6607731000,439401,35340797.0000,2.863000,-0.517800
2020-06-15,54.7691463800,55.9680257900,54.3085599400,54.9994396000,535819,43765385.0000,3.491200,0.619600
2020-06-16,56.0831724000,60.9396500100,54.8639730000,59.7881839100,1692078,146451497.0000,11.025000,8.706900
2020-06-17,59.5037040500,64.3195416800,59.2463175100,61.6373030000,1987422,182146663.0000,12.949400,3.092800
2020-06-18,60.6009835100,61.3460498100,58.1693580400,59.2395441800,1229473,107093530.0000,8.010900,-3.890100
2020-06-19,58.9279710000,59.3953307700,57.9797048000,58.7112244400,651737,56379084.0000,4.246500,-0.891800
2020-06-22,58.7925044000,60.0117038000,58.3183713000,58.9279710000,602933,52662849.0000,3.928500,0.369200
2020-06-23,59.1311709000,60.8854633700,58.1151714000,60.1878103800,738558,64937758.0000,4.812200,2.137900
2020-06-24,59.8355972200,62.1859427300,59.8085039000,60.1471704000,852036,76765761.0000,5.551600,-0.067500
2020-06-29,59.5917573400,60.6145301700,58.7925044000,59.1650375500,614847,53908216.0000,4.006100,-1.632900
2020-06-30,59.3208241400,62.6533025000,59.2395441800,61.6643963200,990931,89642794.0000,6.456600,4.224400
2020-07-01,61.5695697000,62.3078626700,59.3072774800,60.5603435300,819257,73422304.0000,5.338000,-1.790400
2020-07-02,60.5535702000,61.6440763300,59.8220505600,60.7567701000,747047,67287453.0000,4.867500,0.324300
2020-07-03,60.4248769300,61.5695697000,58.7112244400,59.6865839600,651440,57613939.0000,4.244600,-1.761400
2020-07-06,59.6120773300,64.6853015000,59.1040775800,63.9741018500,1895158,174008661.0000,12.348300,7.183400
2020-07-07,64.3534083300,68.1261531400,64.3534083300,66.6563405300,2223819,220082782.0000,14.489700,4.192700
2020-07-08,66.6157005500,73.4770838400,66.6157005500,72.8674841400,1991848,208977075.0000,12.978300,9.318200
2020-07-09,72.7862041800,75.8477493400,70.4494053300,72.9894040800,1800415,193911422.0000,11.730900,0.167300
2020-07-10,73.8902569700,86.2651308800,73.8631636500,81.7879597500,2204031,266616884.0000,14.360800,12.054600
2020-07-13,83.9960653300,97.5156320100,81.6186265000,95.3481664100,2530439,332760647.0000,16.487500,16.579700
2020-07-14,94.6911534000,102.2772830000,88.0736099900,94.0138204000,1912247,267689554.0000,12.459600,-1.399400
2020-07-15,93.7767538500,94.0138204000,85.2626780400,86.6986240000,1670774,218196351.0000,10.886200,-7.781000
2020-07-16,87.1863037600,93.5261406400,78.5706280000,79.9252940000,1492176,187317291.0000,9.722500,-7.812500
2020-07-17,80.4022500000,82.4463750000,74.9512500000,78.7396950000,911721,105490823.0000,5.940500,-1.483400
2020-07-20,81.8263237500,81.8263237500,75.6462525000,79.7208750000,1011397,116565787.0000,6.589900,1.246100
2020-07-21,79.4687662500,87.2160000000,79.0463137500,83.8091250000,1095729,135693907.0000,7.139400,5.128200
2020-07-22,83.5774575000,93.2734237500,80.9473500000,91.0317000000,1186312,153889669.0000,7.729600,8.617900
2020-07-23,90.6228750000,99.8146237500,89.8052250000,99.1059937500,1587167,224109487.3700,10.341500,8.869800
2020-07-24,99.1059937500,105.9538125000,82.4463750000,90.9703762500,1721075,245247795.0000,11.214000,-8.209000
2020-07-27,89.9415000000,98.5200112500,89.9415000000,92.1900375000,1255557,173799511.0000,8.180800,1.340700
2020-07-28,93.6890625000,95.3925000000,83.8091250000,90.1390987500,1297119,166193238.0000,8.451600,-2.224700
2020-07-29,90.1186575000,92.1900375000,87.0184012500,90.7591500000,1032826,135824436.0000,6.729600,0.687900
2020-07-30,89.8597350000,97.8454500000,89.8597350000,90.9635625000,1193189,162947689.2900,7.774400,0.225200
2020-07-31,91.2906225000,95.7195600000,88.1767387500,91.3996425000,1357005,182787038.0000,8.841800,0.479400
2020-08-03,90.6228750000,107.8412212500,90.6228750000,107.8412212500,1557326,224097866.0000,10.147000,17.988700
2020-08-04,113.1150637500,129.4067400000,110.4917700000,129.4067400000,3288922,588615461.0000,21.429600,19.997500
2020-08-05,127.3421737500,139.6001100000,119.2542525000,133.4472937500,2158053,410187394.2500,14.061200,3.122400
2020-08-06,128.7798750000,130.5855187500,119.9356275000,123.6763762500,1945580,356434608.6700,12.676800,-7.321900
2020-08-07,125.0663812500,126.0134925000,113.1763875000,118.6955250000,1456672,252036240.0000,9.491200,-4.027300
2020-08-10,116.2085062500,121.8843600000,114.5527650000,119.2269975000,732045,126953593.0000,4.769800,0.447800
2020-08-11,117.5848837500,121.1893575000,113.3808000000,113.7623700000,832357,143231946.0000,5.423400,-4.583400
2020-08-12,114.4710000000,116.5151250000,100.7617350000,112.8357000000,1794510,287304987.0000,11.692500,-0.814600
2020-08-13,110.3827500000,118.4093475000,106.3626375000,115.2341400000,886879,147002588.0000,5.778600,2.125600
2020-08-14,115.8337500000,116.8489987500,108.7065675000,111.0641250000,534995,87692970.0000,3.485900,-3.618700
2020-08-17,109.0200000000,112.3451100000,104.5978762500,111.4048125000,1050113,167523548.0000,6.842200,0.306700
2020-08-18,113.7896250000,117.5235600000,109.0540687500,109.8240225000,668841,111421031.0000,4.358000,-1.419000
2020-08-19,109.7013750000,117.1556175000,107.7730837500,107.8684762500,978243,161725150.0000,6.373900,-1.780600
2020-08-20,107.9638687500,107.9638687500,97.4366250000,97.4502525000,1171783,174220735.0500,7.635000,-9.658300
2020-08-21,99.9645262500,101.5248750000,94.0501912500,94.6974975000,706389,100303628.0200,4.602600,-2.824800
2020-08-24,95.3856862500,96.6734850000,90.6228750000,90.6773850000,744903,100420294.3600,4.853600,-4.245200
2020-08-25,91.5768000000,99.1877587500,91.5086625000,94.6157325000,817363,114849198.0000,5.325700,4.343300
2020-08-26,92.1764100000,98.7993750000,91.3451325000,93.4846500000,803179,111200893.0000,5.233300,-1.195500
2020-08-27,92.3126850000,93.8798475000,83.8977037500,85.5807000000,1354543,175004593.8100,8.825800,-8.454800
2020-08-28,87.7406587500,95.3720587500,86.5346250000,91.9856250000,1178076,155414764.0000,7.676000,7.484100
2020-08-31,92.9191087500,94.5203400000,86.5346250000,87.7406587500,1177063,154991549.0000,7.669400,-4.614800
2020-09-01,87.5703150000,88.0881600000,81.9012750000,82.2419625000,1560053,192395152.0000,10.164800,-6.267000
2020-09-02,82.7052975000,84.1225575000,79.9593562500,80.2659750000,1041466,125018807.0000,6.785900,-2.402600
2020-09-03,80.5521525000,84.4905000000,79.2030300000,82.2010800000,865140,104167101.8500,5.637000,2.410900
2020-09-04,80.3409262500,82.2010800000,78.3581250000,78.9168525000,688918,80443667.1800,4.488800,-3.995400
2020-09-07,78.8350875000,79.3733737500,72.9071250000,73.3568325000,1093508,121795267.0000,7.125000,-7.045400
2020-09-08,73.9223737500,76.2731175000,72.6822712500,73.3704600000,568722,61975650.0000,3.705600,0.018600
2020-09-09,73.4385975000,75.4963500000,70.1816250000,71.9736412500,740648,79015636.0000,4.825800,-1.903800
2020-09-10,72.9139387500,73.9973250000,67.0813687500,68.1375000000,779334,80206444.0000,5.077900,-5.329900
2020-09-11,69.5002500000,70.7130975000,68.1375000000,70.4405475000,454713,46466796.0000,2.962800,3.380000
2020-09-14,71.1832462500,73.2478125000,70.8630000000,71.8714350000,606220,64206714.0300,3.949900,2.031300
2020-09-15,72.3552112500,75.2374275000,71.0060887500,73.2818812500,535624,57288923.0000,3.490000,1.962500
2020-09-16,73.4249700000,74.9512500000,71.4830512500,71.9055037500,505077,54346971.0000,3.290900,-1.878200
2020-09-17,72.3075150000,76.7228250000,70.0862325000,75.8915475000,786642,85161736.0000,5.125500,5.543400
2020-09-18,75.8915475000,79.0395000000,74.6105625000,76.0414500000,884287,99506048.0000,5.761700,0.197500
2020-09-21,76.8250312500,76.8250312500,71.8850625000,73.2137437500,996966,107424500.3700,6.495900,-3.718600
2020-09-22,72.2121225000,73.8746775000,70.5223125000,72.6277612500,710305,75567571.7000,4.628100,-0.800400
2020-09-23,72.9071250000,80.4090637500,71.5988850000,79.9797975000,1554953,176905127.0000,10.131600,10.122900
2020-09-24,78.3785662500,86.8957537500,77.7040050000,81.1517625000,2384376,289330157.0000,15.535800,1.465300
2020-09-25,83.1754462500,84.8039325000,81.1722037500,83.8091250000,932947,113243948.2400,6.078800,3.274600
2020-09-28,85.1718750000,85.1718750000,76.3140000000,76.9953750000,1041506,120336055.0000,6.786100,-8.130100
2020-09-29,79.0463137500,79.2643537500,77.2542975000,78.2218500000,672196,77326476.8200,4.379800,1.592900
2020-09-30,79.1757750000,80.8110750000,77.5472887500,78.5625375000,564792,65460357.0000,3.680000,0.435500
2020-10-09,79.0395000000,80.3886225000,76.0959600000,77.8062112500,776153,88360793.4800,5.057200,-0.962700
2020-10-12,77.5813575000,81.4243125000,77.0907675000,81.4038712500,1039084,121564078.2600,6.770300,4.623900
2020-10-13,81.4038712500,88.0336500000,80.1705825000,87.5226187500,1180131,147066114.0000,7.689400,7.516500
2020-10-14,88.1358562500,88.1358562500,84.0135375000,84.2043225000,935353,117193131.0700,6.094500,-3.791400
2020-10-15,85.1718750000,85.1718750000,79.5846000000,79.8435225000,773311,92284992.2500,5.038700,-5.178800
2020-10-16,80.6475450000,80.8042612500,77.6631225000,79.7140612500,557506,64639350.4600,3.632500,-0.162100
2020-10-19,79.7140612500,84.1498125000,79.4142562500,79.9934250000,753897,90315984.0000,4.912200,0.350500
2020-10-20,79.7140612500,81.3357337500,78.1741537500,80.8996537500,421224,49280847.0000,2.744600,1.132900
2020-10-21,82.1738250000,82.8552000000,78.0310650000,79.1689612500,465086,54652325.0000,3.030400,-2.139300
2020-10-22,79.5846000000,79.5846000000,74.9512500000,75.5917425000,415694,47011646.8000,2.708500,-4.518500
2020-10-23,74.9512500000,76.6410600000,71.5443750000,71.9055037500,789587,84807177.3700,5.144700,-4.876500
2020-10-26,72.3892800000,74.1676687500,70.1952525000,72.2257500000,447429,47782648.0000,2.915300,0.445400
2020-10-27,72.2257500000,75.5917425000,71.8578075000,73.9291875000,448252,48273240.5700,2.920700,2.358500
2020-10-28,75.6326250000,83.8091250000,73.9291875000,81.2335275000,1393219,162111155.6600,9.077800,9.880200
2020-10-29,80.1910237500,82.7189250000,79.1348925000,79.3733737500,840179,99760545.0000,5.474300,-2.289900
2020-10-30,79.4551387500,79.7208750000,74.4265912500,77.7517012500,889843,100318221.0000,2.255200,-2.043100
2020-11-02,76.6546875000,78.4603312500,72.6754575000,75.6462525000,947551,105392013.8300,2.401500,-2.707900
2020-11-03,76.9613062500,80.4022500000,75.9596850000,79.3733737500,953683,110069319.4200,2.417000,4.927000
2020-11-04,78.8964112500,84.2179500000,77.8198387500,81.0904387500,1248354,147321671.1000,3.163900,2.163300
2020-11-05,82.1601975000,85.0287862500,82.1601975000,83.1277500000,1509958,185090856.6000,3.826900,2.512400
2020-11-06,82.5145125000,83.1345637500,77.7312600000,78.9032250000,1150566,134645667.5000,2.916000,-5.082000
2020-11-09,78.6988125000,83.6796637500,77.8266525000,82.3577962500,1214057,143654487.4800,3.076900,4.378200
2020-11-10,82.8552000000,82.8552000000,79.4483250000,79.7958262500,679005,80059203.1200,1.720900,-3.110800
2020-11-11,78.4944000000,81.1449487500,75.7212037500,76.4366475000,644525,73899034.0900,1.633500,-4.209700
2020-11-12,76.4230200000,78.9509212500,76.3276275000,78.4671450000,344937,39506169.6000,0.874200,2.656400
2020-11-13,78.9645487500,80.7224962500,77.5609162500,80.1228862500,428473,49694910.1000,1.085900,2.110100
2020-11-16,82.4463750000,84.3542250000,80.3545537500,83.7886837500,1283060,156810173.4000,3.251800,4.575200
2020-11-17,81.7650000000,83.8091250000,80.4090637500,81.0291150000,854467,103042453.2300,2.165600,-3.293500
2020-11-18,81.0291150000,83.0527987500,79.2098437500,79.7004337500,637350,75425604.2200,1.615300,-1.639800
2020-11-19,79.1757750000,82.0988737500,79.1076375000,80.6748000000,405482,48000869.5600,1.027700,1.222500
2020-11-20,80.2250925000,81.6150975000,79.8639637500,80.4022500000,442350,52272707.0000,1.121100,-0.337800
2020-11-23,80.2727887500,80.2727887500,78.2286637500,78.5829787500,541310,62554424.0000,1.426100,-2.262700
2020-11-24,77.6835637500,79.0667550000,75.7825275000,76.1095875000,595941,66958930.6000,1.570100,-3.147500
2020-11-25,75.6258112500,76.0414500000,73.3159500000,73.3227637500,489742,53428287.3400,1.290300,-3.661600
2020-11-26,73.3227637500,74.3243850000,72.7708500000,72.9480075000,265383,28631345.6300,0.699200,-0.511100
2020-11-27,72.9411937500,72.9411937500,70.3383412500,70.7199112500,420114,43952461.0800,1.106800,-3.054400
2020-11-30,70.4609887500,71.8850625000,69.0641700000,71.3535900000,438562,45630114.5700,1.155400,0.896000
2020-12-01,71.0674125000,72.8253600000,70.9311375000,72.4506037500,292959,31129078.1400,0.771800,1.537400
2020-12-02,72.0349650000,72.9207525000,70.8016762500,70.8630000000,313720,32837653.2500,0.826500,-2.191300
2020-12-03,70.8630000000,72.9071250000,70.3860375000,71.8986900000,358633,37709772.0000,0.944900,1.461500
2020-12-04,71.6806500000,72.6958987500,71.1219225000,71.9395725000,326574,34485062.1800,0.860400,0.056900
2020-12-07,71.2036875000,72.8253600000,70.3179000000,70.5768225000,417307,43825741.5400,1.099400,-1.894300
2020-12-08,70.5972637500,71.2445700000,69.5138775000,69.8273100000,406488,41751549.6000,1.070900,-1.062000
2020-12-09,69.6297112500,70.0385362500,63.3678750000,64.2536625000,1284763,124477598.8400,3.384800,-7.982000
2020-12-10,63.7358175000,65.3506762500,63.7358175000,63.7767000000,570197,53963669.3000,1.502200,-0.742300
2020-12-11,63.8243962500,64.3081725000,60.8672287500,62.0051250000,1059160,96352863.1500,2.790500,-2.777800
2020-12-14,62.0187525000,66.5635237500,61.4259562500,65.4120000000,973315,92532791.2000,2.564300,5.494500
2020-12-15,65.9979825000,69.2617687500,65.5755300000,67.2380850000,1012303,99785083.3200,2.667000,2.791700
2020-12-16,67.9126462500,68.7575512500,66.6384750000,67.7899987500,615228,61023490.7000,1.620900,0.820800
2020-12-17,66.9791625000,68.3487262500,66.2228362500,67.7627437500,592463,58503810.8100,1.560900,-0.040200
2020-12-18,67.1154375000,69.4866225000,67.1154375000,68.0012250000,685036,68749860.2700,1.804800,0.351900
2020-12-21,67.6809787500,68.8188750000,67.4561250000,68.4168637500,505356,50530862.6900,1.331400,0.611200
2020-12-22,68.4168637500,68.8188750000,65.4665100000,65.8480800000,608321,59681036.6200,1.602700,-3.754600
2020-12-23,65.4120000000,67.9194600000,65.4120000000,66.6929850000,456065,44788610.2300,1.201500,1.283100
2020-12-24,66.9042112500,67.2244575000,64.1173875000,64.2332212500,461599,44155988.1400,1.216100,-3.688200
2020-12-25,63.7153762500,65.6368537500,62.9454225000,63.9129750000,442887,41726221.4400,1.166800,-0.498600
2020-12-28,63.6267975000,63.8107687500,61.3237500000,61.6780650000,510688,46461613.2300,1.345500,-3.496800
2020-12-29,61.8143400000,62.7341962500,61.4804662500,61.8892912500,296100,26967067.5000,0.780100,0.342500
2020-12-30,61.5554175000,61.9029187500,59.0070750000,59.2251150000,874769,76995543.4800,2.304700,-4.304700
2020-12-31,59.5521750000,62.2776750000,59.2251150000,61.4259562500,662508,59283707.0900,1.745400,3.716100
2021-01-04,61.4327700000,64.8873412500,61.4327700000,64.5602812500,648644,60653500.5400,1.708900,5.102600
2021-01-05,64.0492500000,65.4051862500,62.8295887500,63.7153762500,514800,48401635.1400,1.356300,-1.308700
2021-01-06,64.0492500000,64.3899375000,62.1754687500,62.8568437500,515694,47447495.0800,1.358600,-1.347400
2021-01-07,63.0135600000,63.0953250000,59.2864387500,59.4567825000,649528,57585558.6000,1.711200,-5.409200
2021-01-08,59.1569775000,61.2760537500,57.2355000000,60.1109025000,663326,57169762.2800,1.747600,1.100200
2021-01-11,60.1109025000,61.6644375000,58.9253100000,59.9610000000,551835,48903341.0800,1.453900,-0.249400
2021-01-12,59.3682037500,60.0700200000,58.5982500000,58.8026625000,423286,36630565.1600,1.115200,-1.931800
2021-01-13,58.8026625000,59.4840375000,57.3036375000,58.4551612500,485594,41215972.0700,1.279300,-0.591000
2021-01-14,57.6306975000,60.8467875000,57.3717750000,60.3834525000,478570,41829023.8500,1.260800,3.298800
2021-01-15,60.6355612500,60.6355612500,58.0054537500,58.6118775000,562289,48623627.9000,1.481400,-2.933900
2021-01-18,58.2098662500,58.9116825000,57.5898150000,57.9918262500,374841,32044488.6700,0.987600,-1.057900
2021-01-19,57.6443250000,58.7822212500,57.5625600000,58.1621700000,291962,24929530.1800,0.769200,0.293700
2021-01-20,58.3257000000,62.6865000000,57.6579525000,62.1414000000,834627,74874417.4700,2.198900,6.841600
2021-01-21,61.8552225000,63.0135600000,61.0512000000,61.3237500000,448082,40566664.4800,1.180500,-1.315800
2021-01-22,61.3101225000,69.3026512500,59.9610000000,66.7066125000,1480294,143159614.0200,3.900000,8.777800
2021-01-25,66.6929850000,78.2082225000,66.1819537500,74.5492387500,2204525,237759260.8300,5.808000,11.756900
2021-01-26,74.6787000000,75.4622812500,70.1816250000,72.2938875000,1616698,171072965.8900,4.259300,-3.025300
2021-01-27,71.4081000000,72.4233487500,68.9551500000,70.0453500000,921452,95337096.1600,2.427600,-3.110300
2021-01-28,68.9415225000,71.5239337500,67.0609275000,67.0609275000,664221,67153357.3100,1.749900,-4.260700
2021-01-29,66.9791625000,74.1336000000,66.9791625000,72.4165350000,1275415,132796496.1000,3.360200,7.986200
2021-02-01,72.0281512500,73.9564425000,70.1339287500,72.5119275000,985533,103964345.2500,2.596500,0.131700
2021-02-02,71.6806500000,76.3140000000,69.8409375000,70.3179000000,951661,101864327.7100,2.507200,-3.025700
2021-02-03,69.9431437500,79.0940100000,69.4934362500,77.1043950000,1775112,196089901.8900,4.676700,9.651200
2021-02-04,76.1709112500,80.4022500000,73.6566375000,74.9308087500,1308073,146391352.8900,3.446200,-2.819000
2021-02-05,74.9512500000,81.0086737500,73.5953137500,79.2370987500,1521636,175519102.1400,4.008900,5.747000
2021-02-08,77.6767500000,81.7650000000,77.6767500000,79.6527375000,1165144,136545621.7800,3.069700,0.524600
2021-02-09,78.8078325000,92.6670000000,78.4262625000,89.9415000000,2540426,322008428.2100,6.693000,12.917000
2021-02-10,88.5787500000,93.8934750000,85.8532500000,91.4405250000,1988266,262935399.6300,5.238300,1.666700
2021-02-18,92.6670000000,100.1621250000,87.4067850000,88.0336500000,2180909,296182780.8300,5.745800,-3.725800
2021-02-19,88.0472775000,89.9415000000,81.1245075000,83.0119162500,2092712,257794776.5700,5.513400,-5.704300
2021-02-22,87.9655125000,97.0686825000,87.9655125000,89.1919875000,2853771,385653755.4300,7.518500,7.444800
2021-02-23,89.9415000000,100.1621250000,85.8532500000,97.5729000000,2508313,340992901.2600,6.608400,9.396500
2021-02-24,97.1027512500,97.1300062500,89.9483137500,91.7471437500,1917203,262546129.2500,5.051000,-5.970700
2021-02-25,91.9856250000,93.8730337500,87.2160000000,89.5326750000,1231665,161182378.9800,3.244900,-2.413700
2021-02-26,84.4905000000,84.5722650000,75.4963500000,76.6683150000,1875135,220515210.0100,4.940200,-14.368300
2021-03-01,76.9953750000,79.0190587500,75.3873300000,75.4963500000,1361462,153649074.0200,3.586900,-1.528600
2021-03-02,76.3071862500,76.9953750000,71.7010912500,73.1047237500,1430796,156073729.6300,3.769600,-3.167900
2021-03-03,72.2598187500,76.9817475000,71.4421687500,75.5440462500,953097,103777430.4100,2.511000,3.336800
2021-03-04,76.9749337500,76.9749337500,72.5664375000,73.4522250000,956620,104891228.4200,2.520300,-2.769000
2021-03-05,71.5443750000,74.6650725000,71.5239337500,74.3720812500,657464,70422128.2200,1.732100,1.252300
2021-03-08,73.7315887500,74.8422300000,69.2072587500,69.5479462500,942670,99543048.4500,2.483500,-6.486500
2021-03-09,69.5002500000,70.1816250000,65.7867562500,66.4408762500,704533,70111329.7400,1.856200,-4.467500
2021-03-10,68.1375000000,68.4713737500,65.1871462500,66.1001887500,551896,54118770.1500,1.454000,-0.512800
2021-03-11,67.0473000000,71.3876587500,66.4340625000,69.5002500000,989114,100419721.1400,2.605900,5.143800
2021-03-12,69.0164737500,69.4184850000,66.1001887500,66.9996037500,677254,66951952.6800,1.784300,-3.598000
2021-03-15,67.4561250000,67.4561250000,63.5041500000,64.5125850000,566524,53907419.9900,1.492600,-3.712000
2021-03-16,65.0508712500,66.0047962500,64.3831237500,65.7458737500,447827,42913513.5300,1.179800,1.911700
2021-03-17,64.7510662500,67.0404862500,64.1173875000,66.5022000000,369947,35875492.1400,0.974700,1.150400
2021-03-18,66.5430825000,71.5443750000,65.7390600000,69.7046625000,976361,99885466.8900,2.572300,4.815600
2021-03-19,69.1936312500,72.9071250000,67.8036262500,69.7046625000,1094327,112290286.8200,2.883100,0.000000
2021-03-22,72.2257500000,72.8798700000,70.1816250000,70.5836362500,669263,69708814.6100,1.763200,1.261000
2021-03-23,70.4541750000,74.5969350000,70.2633900000,70.9515787500,634213,67150564.3100,1.670900,0.521300
2021-03-24,71.2445700000,72.7299675000,67.4765662500,69.5002500000,783667,80586647.9500,2.064600,-2.045500
2021-03-25,68.8188750000,70.4269200000,66.2160225000,68.4441187500,705636,71207420.0000,1.859100,-1.519600
2021-03-26,68.1375000000,72.1916812500,68.1375000000,71.6738362500,685825,71111984.9400,1.806900,4.718800
2021-03-29,73.9428150000,78.8350875000,73.4113425000,77.1520912500,1927634,216038404.1200,5.078500,7.643300
2021-03-30,76.8659137500,80.1297000000,74.2698750000,77.9152312500,1395629,159183429.8400,3.676900,0.989100
2021-03-31,76.9953750000,78.3444975000,75.2101725000,75.7689000000,864985,97162036.0200,2.278900,-2.754700
2021-04-01,75.7689000000,80.0615625000,74.9580637500,77.7108187500,1048890,119822062.2400,2.763400,2.562900
2021-04-02,77.7108187500,80.4022500000,76.8250312500,78.6988125000,1098815,126257982.7700,2.894900,1.271400
2021-04-06,78.7328812500,79.7208750000,75.6326250000,77.9152312500,696030,79578432.6500,1.833800,-0.995700
2021-04-07,77.0635125000,78.9372937500,75.9801262500,77.3360625000,617132,69877164.7600,1.625900,-0.743300
2021-04-08,76.9885612500,83.1277500000,76.6069912500,81.8331375000,1619007,191943856.2500,4.265400,5.815000
2021-04-09,81.7650000000,83.5978987500,79.6254825000,81.7104900000,1223983,146414863.1800,3.224700,-0.149900
2021-04-12,80.3681812500,83.1822600000,76.0755187500,76.4570887500,1213222,140830741.3400,3.196300,-6.429300
2021-04-13,75.9869400000,81.4924500000,75.8438512500,78.7328812500,1037798,119949479.1900,2.734200,2.976600
2021-04-14,77.6835637500,82.7052975000,77.5472887500,81.0768112500,1063816,126681395.7500,2.802700,2.977100
2021-04-15,80.4703875000,82.4463750000,78.3581250000,79.4346975000,785636,91701167.2600,2.069800,-2.025400
2021-04-16,79.4006287500,80.3341125000,77.7448875000,78.1537125000,657581,76074492.9800,1.732500,-1.612600
2021-04-19,78.1196437500,84.1498125000,76.4843437500,82.8824550000,1394061,166120257.2300,3.672800,6.050600
2021-04-20,83.1209362500,86.3710950000,81.7650000000,85.5875137500,1513680,188134058.4300,3.987900,3.263700
2021-04-21,84.3269700000,90.3503250000,83.2640250000,87.9314437500,1605698,206255984.7200,4.230400,2.738600
2021-04-22,88.1699250000,89.9415000000,86.6095762500,89.0557125000,1156889,149970385.1900,3.047900,1.278600
2021-04-23,87.6793350000,88.5719362500,85.2400125000,87.7611000000,1033037,132152189.2100,2.721600,-1.453700
2021-04-26,88.8513000000,93.6890625000,87.3727162500,88.3470825000,1707024,226791944.2700,4.497300,0.667700
2021-04-27,88.3470825000,91.3723875000,85.9758975000,89.9483137500,1384383,179784110.7900,3.647300,1.812400
2021-04-28,90.0096375000,92.6670000000,88.7695350000,91.3110637500,1340009,178796572.0600,3.530400,1.515000
2021-04-29,91.9856250000,93.0076875000,87.8019825000,88.0881600000,1202009,159013583.0700,3.166800,-3.529600
2021-04-30,87.4067850000,95.3243625000,87.3522750000,92.6601862500,2326392,315944988.1500,4.264200,5.190300
2021-05-06,92.8782262500,97.2253987500,89.3282625000,91.2292987500,2148432,294002161.0600,3.832600,-1.544200
2021-05-07,91.9856250000,92.5102837500,85.1923162500,85.2331987500,1876198,242881603.9900,3.347000,-6.572600
2021-05-10,85.1718750000,87.8905612500,83.8091250000,86.1530550000,1388717,175171931.2600,2.477300,1.079200
2021-05-11,84.8175600000,88.3607100000,83.8159387500,87.1137937500,1015459,128713010.7000,1.811500,1.115200
2021-05-12,86.8480575000,91.7130750000,84.8311875000,90.5002275000,1299778,168415935.0900,2.318700,3.887400
2021-05-13,89.4032137500,96.0738750000,88.6128187500,93.4165125000,2007991,272275345.5100,3.582100,3.222400
2021-05-14,93.3483750000,97.0959375000,92.6738137500,94.3704375000,1960817,273547054.0700,3.497900,1.021200
2021-05-17,93.8457787500,106.9758750000,92.5988625000,103.6030687500,4419472,652605407.2400,7.883900,9.783400
2021-05-18,102.6559575000,109.5923550000,101.5248750000,109.5923550000,2688752,419065982.1900,4.796500,5.781000
2021-05-19,109.2857362500,111.6909900000,106.0628325000,110.7779475000,2413911,387358718.9200,4.306200,1.081800
2021-05-20,108.3386250000,110.3623087500,105.8175375000,107.2552387500,1274916,201977248.7400,2.274300,-3.180000
2021-05-21,106.6828837500,108.1342125000,101.6270812500,102.3357112500,1520419,231761071.4800,2.712300,-4.586700
2021-05-24,102.3357112500,106.6147462500,101.2591387500,106.2876862500,1678308,257384311.8600,2.994000,3.861800
2021-05-25,105.6812625000,115.2818362500,104.9317500000,113.7828112500,2153710,347232557.3700,3.842000,7.051700
2021-05-26,112.4745712500,114.8048737500,109.6196100000,112.6312875000,1213438,199316763.4500,2.164700,-1.012000
2021-05-27,110.9278500000,126.1770225000,110.4508875000,123.4174537500,2041138,358106042.2300,3.641200,9.576500
2021-05-28,121.8843600000,127.4171250000,120.7260225000,125.2367250000,1643354,298351240.9700,2.931600,1.474100
2021-05-31,123.9489262500,138.9187350000,121.9797525000,138.3054975000,2698195,524688923.7200,4.813300,10.435300
2021-06-01,136.2750000000,143.6065950000,132.2071912500,142.3460512500,1975873,400556580.6000,3.524800,2.921500
2021-06-02,136.2750000000,138.6598125000,120.6033750000,120.7737187500,3316244,623789759.2400,5.915900,-15.154900
2021-06-03,121.2847500000,122.5793625000,114.3960487500,115.1183062500,3478159,600555579.4400,6.204700,-4.682700
2021-06-04,115.1523750000,119.2269975000,112.5835912500,116.4333600000,1735841,296039387.9100,3.096600,1.142300
2021-06-07,112.7811900000,112.7811900000,105.9878812500,110.3009850000,2521713,403587790.8900,4.498500,-5.266900
2021-06-08,111.1458900000,114.1848225000,107.2279837500,108.6520575000,1767583,286357126.6800,3.153200,-1.494900
2021-06-09,108.5702925000,112.0384912500,106.6351875000,110.9278500000,1610391,260767196.5900,2.872800,2.094600
2021-06-10,109.7354437500,112.2906000000,106.2945000000,110.6348587500,1741890,279430020.0600,3.107400,-0.264100
2021-06-11,109.0200000000,110.3827500000,102.4447312500,108.9518625000,2772099,434078518.6500,4.945200,-1.521200
2021-06-15,106.9077375000,111.6909900000,106.2808725000,107.7049462500,1350834,217112375.6500,2.409800,-1.144500
2021-06-16,109.2380400000,109.2721087500,101.2386975000,103.2896362500,1412587,216333160.6500,2.519900,-4.099400
2021-06-17,103.1738025000,106.2945000000,102.6082612500,105.8584200000,1236693,190380765.4000,2.206200,2.487000
2021-06-18,105.7766550000,112.8970237500,105.6131250000,111.9499125000,1548321,247586198.1000,2.762100,5.754400
2021-06-21,111.7455000000,120.9440625000,110.1647100000,116.6445862500,2337857,400218409.4400,4.170500,4.193500
2021-06-22,116.8353712500,119.2406250000,113.1082500000,114.7094812500,1736465,296335684.5700,3.097700,-1.659000
2021-06-23,112.6994250000,117.4009125000,112.1270700000,112.9719750000,1357849,227513076.2700,2.422300,-1.514700
2021-06-24,113.1627600000,113.7214875000,103.6303237500,105.0680250000,2040742,318632551.7800,3.640500,-6.996400
2021-06-25,106.2945000000,115.0842375000,106.2876862500,114.2665875000,2008155,327189425.4700,3.582400,8.754900
2021-06-28,135.5936250000,137.1199050000,131.5053750000,137.1199050000,2435683,487364584.4300,4.345000,20.000000
2021-06-29,145.1328750000,152.3418225000,139.0686375000,149.2211250000,5487477,1172928556.7800,9.789200,8.825300
2021-06-30,147.3405300000,152.4167737500,140.3700637500,142.6117875000,4133290,889374209.5200,7.373400,-4.429200
2021-07-01,143.2795350000,168.2859975000,143.2795350000,162.9780862500,3764566,867790182.4500,6.715700,14.280900
2021-07-02,161.6153362500,168.5653612500,155.4284512500,161.3496000000,3407898,815512451.8000,6.079400,-0.999200
2021-07-05,162.9644587500,173.6143500000,159.9868500000,171.0183112500,2970063,729431296.6600,5.298300,5.992400
2021-07-06,171.6928725000,173.7301837500,151.2652500000,153.3502575000,4144711,972943246.3100,7.393800,-10.331100
2021-07-07,156.0348750000,184.0189462500,155.1967837500,184.0189462500,4410776,1101478137.7400,7.868400,19.999100
2021-07-08,190.7850000000,190.7850000000,179.4537337500,185.3340000000,2855902,776459622.3100,5.094700,0.714600
2021-07-09,183.5487975000,185.9404237500,170.5686037500,177.8388750000,2663469,695460586.0500,4.751400,-4.044100
2021-07-12,179.2016250000,179.2152525000,166.2555000000,172.2516000000,2421533,612646938.9600,4.319800,-3.141800
2021-07-13,175.4540625000,183.8077200000,171.9790500000,175.1883262500,2004899,521786755.6000,3.576600,1.704900
2021-07-14,171.0319387500,192.1477500000,167.6250637500,179.8966275000,3047338,815367895.4000,5.436200,2.687600
2021-07-15,177.1575000000,186.3492487500,173.7506250000,185.9472375000,2013156,530797985.3200,3.591300,3.363400
2021-07-16,183.9508087500,183.9508087500,175.8083775000,178.5134362500,1796383,474015398.4500,3.204600,-3.997800
2021-07-19,178.3839750000,181.2457500000,171.0932625000,172.7217487500,1504581,387066189.8200,2.684000,-3.244400
2021-07-20,170.2415437500,175.7061712500,168.2996250000,171.0183112500,1358318,341629910.1500,2.423100,-0.986200
2021-07-21,173.4031237500,176.8168125000,170.0916412500,176.8168125000,1575588,404257918.8300,2.810700,3.390600
2021-07-22,177.7502962500,177.7571100000,166.1055975000,168.9810000000,2157667,537562789.2500,3.849100,-4.431600
2021-07-23,169.5056587500,172.6876800000,155.4897750000,158.6786100000,2591099,617484274.0800,4.622300,-6.096800
2021-07-26,153.3843262500,157.2681637500,141.4466362500,143.0546812500,2708566,587104556.9700,4.831800,-9.846300
2021-07-27,145.1260612500,153.9226125000,145.0579237500,147.6267075000,2121106,468157483.3400,3.783900,3.196000
2021-07-28,147.1770000000,157.8064500000,145.8142500000,150.5838750000,1814551,403021486.3400,3.237000,2.003100
2021-07-29,153.9506556000,156.4228260000,145.4619600000,151.6082400000,2055088,453804996.3400,3.666100,0.680300
2021-07-30,147.5312076000,149.4775296000,141.0229800000,145.8717120000,1549824,330174819.5100,2.764700,-3.783800
2021-08-02,144.4648968000,149.5253340000,131.3664912000,148.2414444000,2740847,565945469.6600,4.889400,1.624500
2021-08-03,148.8697308000,152.6326200000,142.3888200000,147.5107200000,2039431,442258175.8800,3.638200,-0.492900
2021-08-04,146.0356128000,146.6365824000,140.5244484000,144.3966048000,1470726,309195191.0800,2.623600,-2.111100
2021-08-05,140.0190876000,144.4375800000,138.7010520000,140.5449360000,1691407,349142266.1000,3.017300,-2.667400
2021-08-06,138.1956912000,142.3888200000,135.2181600000,140.2785972000,1337080,272770696.3800,2.385200,-0.189500
2021-08-09,136.2493692000,146.6434116000,136.2493692000,142.3546740000,1394013,290411834.0600,2.486800,1.480000
2021-08-10,142.7097924000,154.6062588000,136.7069256000,150.2424000000,2704894,576847526.5600,4.825300,5.540900
2021-08-11,148.1799816000,154.1896776000,139.1790960000,139.9986000000,2809331,592459000.1400,5.011600,-6.818200
2021-08-12,135.9010800000,138.8990988000,132.0289236000,132.1450200000,1900210,375230941.9500,3.389800,-5.609800
2021-08-13,132.5001384000,136.5020496000,128.7304200000,130.1304060000,1291421,250688419.7700,2.303800,-1.524500
2021-08-16,129.0650508000,135.7030332000,128.3889600000,132.9576948000,1008514,196067343.5200,1.799100,2.172700
2021-08-17,130.1850396000,132.4864800000,123.6085200000,124.8309468000,1510844,281243822.5400,2.695200,-6.112300
2021-08-18,126.2104452000,128.3889600000,122.5021896000,125.1177732000,936771,171830401.5500,1.671100,0.229800
2021-08-19,125.1314316000,129.5226072000,124.2914400000,126.5109300000,877531,163203734.5500,1.565400,1.113500
2021-08-20,126.3402000000,127.0231200000,120.2826996000,122.9324292000,1371961,246400669.0600,2.447500,-2.828600
2021-08-23,122.0309748000,127.3509216000,122.0309748000,124.9333848000,1087352,199748351.8200,1.939700,1.627700
2021-08-24,125.1519192000,128.7987120000,123.6016908000,128.3821308000,1189926,221528171.9100,2.122700,2.760500
2021-08-25,128.3889600000,133.4425680000,126.6816600000,128.3889600000,1422798,270752030.3000,2.538100,0.005300
2021-08-26,128.3889600000,129.7548000000,122.5841400000,126.0328860000,1109450,202377548.8300,1.979200,-1.835100
2021-08-27,121.5597600000,125.5753296000,118.1110140000,118.1451600000,1600511,282964110.5700,2.855200,-6.258500
2021-08-30,112.5452160000,121.5461016000,112.3949736000,118.8280800000,1508906,258422312.3400,2.691800,0.578000
2021-08-31,119.3129532000,122.1060960000,117.4622400000,118.2407688000,840680,146738812.0500,1.499700,-0.494300
2021-09-01,117.4690692000,123.8133960000,114.5256840000,122.2836552000,1274884,225658276.1300,2.274300,3.419200
2021-09-02,121.7919528000,122.5773108000,114.3891000000,114.5939760000,1178517,202661292.6200,2.102400,-6.288400
2021-09-03,114.0544692000,118.0085760000,112.8320424000,115.0173864000,871246,148061419.9000,1.554200,0.369500
2021-09-06,114.7305600000,126.3402000000,114.7305600000,123.7109580000,1345504,240947156.2400,2.400300,7.558500
2021-09-07,123.6085200000,126.1831284000,121.9012200000,124.1616852000,976021,177006648.2800,1.741100,0.364300
2021-09-08,123.4855944000,124.7558256000,120.4875756000,121.5461016000,705991,126217885.5400,1.259400,-2.106600
2021-09-09,122.7890160000,124.5168036000,118.8553968000,119.2583196000,648887,114922194.8800,1.157600,-1.882200
2021-09-10,118.8690552000,122.0719500000,118.8690552000,120.2690412000,571372,100904147.3500,1.019300,0.847500
2021-09-13,116.7793200000,120.8836692000,116.0964000000,116.1032292000,698838,120247460.4200,1.246700,-3.463700
2021-09-14,116.4651768000,123.9431508000,116.4651768000,119.6475840000,1000739,177842027.9300,1.785200,3.052800
2021-09-15,119.6817300000,121.9012200000,117.1617552000,118.4866200000,505674,88228209.6200,0.902100,-0.970300
2021-09-16,118.7461296000,120.8358648000,116.5061520000,117.4622400000,825639,143547642.3100,1.472900,-0.864600
2021-09-17,117.6807744000,129.6387036000,111.6574200000,125.3363076000,1691232,301281377.7000,3.017000,6.703500
2021-09-22,124.3050984000,125.9987400000,119.8524600000,120.4466004000,1071384,192583673.4700,1.911300,-3.901300
2021-09-23,118.9919808000,125.0289936000,118.9783224000,120.5626968000,815604,145116119.5900,1.455000,0.096400
2021-09-24,120.4670880000,132.1381908000,119.1627108000,129.5157780000,1993015,372731308.0300,3.555400,7.426100
2021-09-27,127.3645800000,138.6327600000,126.9958032000,131.1206400000,2063200,404055049.8900,3.680600,1.239100
2021-09-28,130.4377200000,132.4728216000,125.9987400000,127.4533596000,1172372,220783798.6100,2.091400,-2.796900
2021-09-29,126.1694700000,132.9645240000,125.3158200000,127.9177452000,1135056,215365662.5500,2.024800,0.364400
2021-09-30,128.9352960000,131.1206400000,127.0231200000,128.8943208000,1015867,191741517.9400,1.812200,0.763400
2021-10-08,128.8943208000,133.1694000000,127.6240896000,131.1069816000,1031161,197322360.4500,1.839500,1.716600
2021-10-11,129.6728496000,134.4532896000,109.2672000000,112.3403400000,2509614,444238207.0100,4.476900,-14.314000
2021-10-12,110.2915800000,116.6290776000,107.9013600000,111.3159600000,1764435,291060070.1900,3.147600,-0.911900
2021-10-13,110.6330400000,119.2241736000,109.9501200000,116.1988380000,1437193,242154504.3300,2.563800,4.386500
2021-10-14,116.6290776000,117.4622400000,110.1549960000,110.7149904000,1229579,203506506.9700,2.193500,-4.719400
2021-10-15,109.2672000000,112.9959432000,108.2496492000,110.5306020000,955146,154923238.5900,1.703900,-0.166500
2021-10-18,107.9013600000,110.9062080000,103.8038400000,110.2506048000,1143904,179719198.6600,2.040600,-0.253300
2021-10-19,109.1715912000,113.0232600000,108.6525720000,110.9949876000,671421,109488642.0200,1.197800,0.675200
2021-10-20,110.7969408000,114.0476400000,106.5355200000,109.3901256000,1118920,179477744.8100,1.996100,-1.445900
2021-10-21,108.9872028000,111.9715632000,107.2047816000,107.6964840000,828473,132081633.1500,1.477900,-1.548300
2021-10-22,107.6213628000,110.5101144000,106.9452720000,108.7276932000,790250,126074088.2800,1.409700,0.957500
2021-10-25,107.9013600000,110.6193816000,107.2184400000,108.0242856000,615579,97728829.2400,1.098100,-0.646900
2021-10-26,108.1062360000,110.8993788000,106.6516164000,108.4476960000,749017,119900996.8600,1.336200,0.392000
2021-10-27,107.5599000000,108.6730596000,103.1209200000,103.6672560000,881542,135526757.8400,1.572600,-4.408100
2021-10-28,103.8038400000,106.3989360000,102.6428760000,103.7833524000,793182,121349426.6500,1.415000,0.112000
2021-10-29,103.2711624000,108.2428200000,101.5228872000,106.3647900000,1033781,160207977.7300,1.844200,2.487300
2021-11-01,106.4467404000,106.5218616000,100.3892400000,100.3892400000,1232782,183998296.5100,2.173100,-5.618000
2021-11-02,100.9287468000,103.9950576000,98.8868160000,99.8155872000,976279,145255328.5500,1.721000,-0.571400
2021-11-03,99.6790032000,102.0965400000,98.7707196000,100.3550940000,720237,105702767.6800,1.269600,0.540500
2021-11-04,100.1980224000,103.0389696000,100.0546092000,100.4233860000,755246,111660033.5100,1.331300,0.068100
2021-11-05,100.4711904000,101.4067908000,95.3083152000,96.3190368000,1048628,149834683.9900,1.848500,-4.087000
2021-11-08,95.6088000000,96.2780616000,90.8625060000,92.0849328000,1257669,170217082.5800,2.217000,-4.395900
2021-11-09,92.1259080000,94.1610096000,92.1259080000,92.9863872000,874691,119548313.5100,1.541900,0.978900
2021-11-10,93.7512576000,93.7512576000,90.3298284000,91.6683516000,1068583,143017397.9500,1.883700,-1.417500
2021-11-11,93.1502880000,93.1502880000,89.4693492000,90.2137320000,1304658,172833792.2100,2.299800,-1.586800
2021-11-12,90.5210460000,91.7434728000,88.5952116000,89.1756936000,1249061,164582493.4200,2.201800,-1.150600
2021-11-15,88.7932584000,90.9649440000,88.7932584000,89.8791012000,1283537,169453523.2600,2.262600,0.788800
2021-11-16,90.0225144000,94.6458828000,89.4966660000,92.1942000000,3655943,491725346.5300,6.444600,2.575800
2021-11-17,92.8771200000,92.8771200000,89.1210600000,89.4693492000,2054272,270721440.2700,3.621200,-2.955600
2021-11-18,88.8547212000,89.9542224000,87.1405920000,87.3454680000,1315938,169475592.8600,2.319700,-2.373900
2021-11-19,87.3386388000,88.3835064000,85.3650000000,85.9386528000,1135811,143428240.3700,2.002200,-1.610600
2021-11-22,85.9386528000,87.5640024000,85.3786584000,87.0723000000,950430,121005265.3400,1.675400,1.319100
2021-11-23,87.2157132000,90.3503160000,86.6010852000,88.4381400000,1202962,156179419.0100,2.120500,1.568600
2021-11-24,88.7727708000,93.5258940000,88.1991180000,92.8019988000,2134351,286927561.8300,3.762400,4.934400
2021-11-25,93.8946708000,93.9015000000,90.1864152000,92.5902936000,1375534,184908838.7300,2.424700,-0.228100
2021-11-26,92.6244396000,95.1922188000,92.0576160000,93.6829656000,1376225,188256035.1200,2.426000,1.180100
2021-11-29,92.0576160000,94.2293016000,90.2956824000,90.8283600000,1227562,164631171.0000,2.163900,-3.047100
2021-11-30,90.4869000000,92.4195636000,89.6127624000,90.6234840000,1020386,135320148.0500,1.798700,-0.225600
2021-12-01,90.6234840000,90.9581148000,89.1210600000,89.4625200000,676842,88937533.1600,1.193100,-1.281100
2021-12-02,90.2478780000,93.1776048000,88.4381400000,88.4381400000,1315221,175422566.6400,2.318400,-1.145000
2021-12-03,88.7796000000,99.8429040000,88.0761924000,97.5278052000,3298978,459780740.6700,5.815300,10.278000
2021-12-06,95.8341636000,98.3268216000,92.1942000000,92.8429740000,2118584,293061552.2200,3.734600,-4.803600
2021-12-07,92.7405360000,95.4448992000,92.2624920000,92.8771200000,1572020,215499833.9300,2.771100,0.036800
2021-12-08,93.4097976000,93.8332080000,89.0186220000,91.4498172000,1669700,222038075.6100,2.943300,-1.536800
2021-12-09,91.4225004000,101.2633776000,91.2995748000,98.2380420000,3403825,485871943.9000,6.000100,7.422900
2021-12-10,97.5278052000,99.5765652000,94.4478360000,95.4722160000,2744373,387570758.3600,4.837700,-2.815400
2021-12-13,95.4653868000,97.9238988000,94.8439296000,96.0526980000,1656684,233320090.2700,2.920300,0.608000
2021-12-14,95.8068468000,96.4965960000,94.1746680000,94.8507588000,1239839,172639610.0300,2.185500,-1.251300
2021-12-15,95.4722160000,96.8312268000,92.2146876000,92.4059052000,1555962,214554920.3100,2.742800,-2.577600
2021-12-16,92.8429740000,94.5434448000,91.8868860000,93.9971088000,1272251,174232249.1300,2.242700,1.722000
2021-12-17,94.2429600000,94.2429600000,89.5717872000,90.0361728000,1537634,204882874.7300,2.710500,-4.213900
2021-12-20,90.8829936000,91.4429880000,87.7552200000,88.4722860000,991933,130063422.6600,1.748500,-1.737000
2021-12-21,87.9396084000,90.1522692000,87.7688784000,89.7630048000,643495,83774409.5300,1.134300,1.458900
2021-12-22,90.1454400000,91.3542084000,88.2332640000,89.6742252000,611876,80338257.7000,1.078600,-0.098900
2021-12-23,88.7591124000,88.7591124000,80.2431000000,81.4382100000,2598879,315778253.5700,4.581200,-9.184400
2021-12-24,81.4040640000,82.5445404000,79.9016400000,80.3728548000,1105051,130865458.2900,1.947900,-1.308200
2021-12-27,79.8333480000,82.2850308000,79.0275024000,81.4586976000,909619,107375983.4100,1.603400,1.351000
2021-12-28,81.9504000000,84.3201324000,81.4928436000,83.8625760000,905337,110420508.6200,1.595900,2.951000
2021-12-29,83.8352592000,85.1601240000,82.7016120000,82.9952676000,629091,77167071.3200,1.108900,-1.034200
2021-12-30,83.5211160000,87.0040080000,83.0089260000,86.0410908000,959191,119735025.5900,1.690800,3.669900
2021-12-31,86.0479200000,87.6664404000,84.9484188000,85.9727988000,784692,99092171.4000,1.383200,-0.079400
2022-01-04,86.0206032000,86.4508428000,82.6333200000,83.9991600000,848039,104813097.5300,1.494900,-2.295700
2022-01-05,83.8557468000,85.7132892000,81.3972348000,84.7025676000,989701,120857185.6500,1.744600,0.837400
2022-01-06,84.5454960000,85.3650000000,82.2508848000,83.6098956000,718318,87924745.4100,1.266200,-1.290000
2022-01-07,83.0840472000,85.9045068000,83.0840472000,83.1113640000,742892,91624186.9100,1.309500,-0.596300
2022-01-10,81.9162540000,85.6928016000,80.6528520000,84.2723280000,832944,102053174.4200,1.468300,1.396900
2022-01-11,85.1601240000,86.3415756000,83.5620912000,84.4498872000,781401,97268004.6400,1.377400,0.210700
2022-01-12,84.1903776000,85.3240248000,83.2342896000,83.6030664000,624011,76800943.0700,1.100000,-1.002700
2022-01-13,83.9855016000,84.1630608000,80.2431000000,80.3182212000,874106,104341233.2400,1.540800,-3.929100
2022-01-14,79.6967640000,81.0216288000,78.6792132000,79.8606648000,707852,82887481.2000,1.247800,-0.569700
2022-01-17,80.0928576000,85.5015840000,78.9865272000,83.7942840000,1210420,145780825.7400,2.133700,4.925600
2022-01-18,82.6333200000,83.6508708000,79.9016400000,81.5611356000,1153201,137340558.8500,2.032800,-2.665000
2022-01-19,81.3426012000,81.8001576000,80.0177364000,80.1543204000,554452,65456114.3200,0.977400,-1.724900
2022-01-20,79.6011552000,81.2606508000,76.8626460000,76.8763044000,882329,101664981.1900,1.555300,-4.089600
2022-01-21,76.8694752000,78.0031224000,73.8714564000,73.9260900000,772852,85146490.5800,1.362400,-3.837600
2022-01-24,72.8129304000,74.7729108000,72.8129304000,74.3563296000,817690,88369179.5900,1.441400,0.582000
2022-01-25,74.3699880000,74.7319356000,71.0441676000,71.2490436000,602829,64256183.9100,1.062600,-4.178900
2022-01-26,71.3651400000,72.9973188000,70.1222256000,72.1095228000,595705,62217800.0200,1.050100,1.207700
2022-01-27,72.0548892000,72.5943960000,69.9310080000,70.2383220000,481200,49996510.3400,0.848200,-2.594900
2022-01-28,70.2383220000,72.0822060000,69.6783276000,70.9690464000,567825,59309575.8100,1.000900,1.040400
2022-02-07,68.6334600000,71.5085532000,67.7593224000,68.2305372000,1080930,109386132.5400,1.905400,-3.858700
2022-02-08,68.2441956000,70.0402752000,66.5847000000,69.6578400000,791968,79579217.5700,1.396100,2.091900
2022-02-09,69.3710136000,70.6822200000,69.0295536000,70.3066140000,472173,48376798.8000,0.832300,0.931400
2022-02-10,70.6822200000,70.7505120000,69.2002836000,69.6988152000,431256,43999307.0900,0.760200,-0.864500
2022-02-11,68.7427272000,69.6510108000,66.8442096000,67.1173776000,601044,59443556.9200,1.059500,-3.703700
2022-02-14,63.7300944000,66.7007964000,63.7300944000,65.9017800000,499039,48019054.7800,0.879700,-1.811200
2022-02-15,67.0968900000,70.5729528000,66.2432400000,68.9066280000,743898,74923450.8000,1.311300,4.559600
2022-02-16,69.5212560000,70.3407600000,68.7632148000,68.8724820000,539640,54823782.9100,0.951300,-0.049600
2022-02-17,69.7193028000,71.2285560000,68.0188320000,68.1007824000,665850,67670975.9100,1.173700,-1.120500
2022-02-18,67.6637136000,68.9271156000,66.7895760000,68.5788264000,446345,44395128.1100,0.786800,0.702000
2022-02-21,68.4217548000,69.6510108000,67.3768872000,68.4012672000,457258,45691823.9400,0.806000,-0.258900
2022-02-22,68.4012672000,68.6334600000,66.1066560000,66.7007964000,570089,55631383.4500,1.004900,-2.486000
2022-02-23,66.9056724000,70.1085672000,66.3661656000,69.6510108000,830279,83929652.6800,1.463600,4.423100
2022-02-24,68.9749200000,70.6617324000,66.5915292000,67.1446944000,855818,85815815.0900,1.508600,-3.598400
2022-02-25,67.9368816000,73.4821920000,67.4998128000,71.4539196000,1777021,187310643.6300,3.132500,6.417800
2022-02-28,71.6519664000,72.6148836000,70.1836884000,71.6724540000,938133,98154117.0000,1.653700,0.305800
2022-03-01,71.8431840000,72.2119608000,70.4910024000,70.8119748000,449224,46771868.0000,0.791900,-1.200600
2022-03-02,70.3475892000,71.0236800000,69.4051596000,70.7095368000,388874,40004326.0000,0.685500,-0.144700
2022-03-03,71.0373384000,71.5700160000,68.1007824000,68.5651680000,684506,69376932.0000,1.206600,-3.032600
2022-03-04,68.4627300000,72.0207432000,67.9573692000,69.7124736000,729793,75200840.0000,1.286500,1.673300
2022-03-07,69.9310080000,69.9310080000,66.0520224000,66.7895760000,714655,70281744.0000,1.259800,-4.192800
2022-03-08,66.5027496000,68.1622452000,64.1944800000,65.0139840000,685375,66214181.0000,1.208200,-2.658500
2022-03-09,65.5603200000,66.0042180000,60.1584228000,62.2003536000,814711,75089512.0000,1.436100,-4.327700
2022-03-10,63.7232652000,64.7408160000,62.8286400000,63.4774140000,554074,51808696.0000,0.976700,2.053100
2022-03-11,62.6169348000,65.3212980000,61.5993840000,65.2120308000,789200,73566134.0000,1.391200,2.732700
2022-03-14,65.0891052000,65.5534908000,61.7769432000,61.8588936000,581562,53882962.0000,1.025200,-5.141900
2022-03-15,60.6979296000,63.2179044000,60.0286680000,60.0354972000,650525,58836039.0000,1.146700,-2.947700
2022-03-16,60.7798800000,61.4423124000,56.5662636000,60.6432960000,952303,82320573.0000,1.678700,1.012400
2022-03-17,61.8862104000,66.1612896000,61.4628000000,63.1837584000,1014126,94807584.0000,1.787700,4.189200
2022-03-18,63.1496124000,63.8530200000,61.9954776000,63.1222956000,452241,41605346.3700,0.797200,-0.097300
2022-03-21,63.8393616000,65.4920280000,62.8354692000,64.3720392000,630843,59459215.2300,1.112000,1.979900
2022-03-22,64.3720392000,65.0617884000,62.4257172000,63.0676620000,462158,42705647.6900,0.814700,-2.026300
2022-03-23,63.5115600000,66.7554300000,62.7125436000,65.7310500000,875348,83758257.8000,1.543000,4.223100
2022-03-24,65.1232512000,67.4588376000,64.1603340000,66.6529920000,775734,75138394.5800,1.367400,1.402600
2022-03-25,66.2637276000,66.8168928000,64.2217968000,64.2900888000,475177,45415194.8000,0.837600,-3.545100
2022-03-28,63.6208272000,64.3652100000,62.6783976000,63.1701000000,509694,47287976.3100,0.898500,-1.742100
2022-03-29,64.0578960000,65.3281272000,62.9379072000,63.1564416000,485485,45499748.7100,0.855800,-0.021600
2022-03-30,64.5974028000,67.5954216000,62.9310780000,66.9329892000,882122,85345105.5500,1.555000,5.979700
2022-03-31,66.9261600000,68.2578540000,65.9017800000,65.9359260000,617172,60622178.5500,1.087900,-1.489600
2022-04-01,65.0822760000,67.2334740000,64.5700860000,65.7720252000,518957,50013523.9100,0.914800,-0.248600
2022-04-06,65.5466616000,66.2090940000,63.8530200000,64.0715544000,571886,54279752.0000,1.008100,-2.585400
2022-04-07,63.7369236000,64.1876508000,60.7115880000,60.7115880000,921633,83453408.0100,1.624600,-5.244100
2022-04-08,62.2686456000,62.2686456000,58.3896600000,59.1408720000,602573,52532777.6100,1.062200,-2.587200
2022-04-11,59.2023348000,59.2023348000,57.0238200000,57.0306492000,428208,36129897.4700,0.754800,-3.568100
2022-04-12,56.6823600000,58.3896600000,56.6277264000,58.3760016000,403300,34039030.4700,0.710900,2.359000
2022-04-13,58.3828308000,58.3828308000,55.7672472000,55.9038312000,411894,34135704.8100,0.726100,-4.234900
2022-04-14,56.7506520000,59.6189160000,56.0404152000,58.5877068000,660657,56386672.8700,1.164600,4.800900
2022-04-15,58.0618584000,59.1477012000,57.0921120000,58.3760016000,437264,37465658.6800,0.770800,-0.361300
2022-04-18,58.0072248000,58.3828308000,56.7506520000,58.2667344000,403106,34013023.4100,0.710600,-0.187200
2022-04-19,57.6043020000,58.8677040000,56.2726080000,56.4091920000,474087,39627418.6000,0.835700,-3.188000
2022-04-20,56.4228504000,58.1711256000,55.6716384000,56.5662636000,547670,45828567.9100,0.965400,0.278500
2022-04-21,55.9721232000,60.6979296000,55.6306632000,57.0921120000,1049113,89656111.5200,1.849300,0.929600
2022-04-22,55.6511508000,57.0238200000,55.3165200000,55.8765144000,568335,46678799.2600,1.001800,-2.129200
2022-04-25,54.7701840000,54.7701840000,48.6785376000,49.2999948000,994471,74914428.7100,1.753000,-11.769700
2022-04-26,49.4297496000,52.5916692000,48.5624412000,50.5838844000,807647,60408986.2300,1.423700,2.604200
2022-04-27,49.1702400000,51.8609448000,48.8629260000,51.5672892000,669447,49484180.9100,1.180100,1.944100
2022-04-28,51.5672892000,51.5672892000,49.8736476000,50.3858376000,529528,39253270.4200,0.933400,-2.291100
2022-04-29,50.5360800000,54.6336000000,50.5360800000,53.6775120000,688786,53592915.5000,1.214200,6.532900
2022-05-05,52.6531320000,53.6092200000,51.9155784000,52.9058124000,540349,41777580.5100,0.952500,-1.437700
2022-05-06,51.5399724000,52.6941072000,51.2258292000,51.4921680000,370842,28149922.3400,0.653700,-2.672000
2022-05-09,51.8814324000,52.4960604000,50.5565676000,51.4170468000,301845,22790394.2400,0.532100,-0.145900
2022-05-10,50.8092480000,52.3663056000,50.0102316000,52.0385040000,511616,38594596.7200,0.901900,1.208700
2022-05-11,51.9565536000,54.2989692000,51.8814324000,53.0628840000,826212,64767711.2200,1.456400,1.968500
2022-05-12,52.5506940000,54.0667764000,52.5233772000,53.4453192000,471377,36903643.8300,0.830900,0.720700
2022-05-13,53.9506800000,54.1555560000,52.0385040000,52.5506940000,446608,34655149.6600,0.787300,-1.673900
2022-05-16,53.2677600000,54.8453052000,52.3458180000,52.8853248000,685023,53720161.7300,1.207500,0.636800
2022-05-17,52.8853248000,53.2677600000,50.9458320000,51.2053416000,793968,59729014.5600,1.399600,-3.176700
2022-05-18,51.6902148000,51.8063112000,50.5360800000,50.5702260000,518960,38752581.9000,0.914800,-1.240300
2022-05-19,50.2219368000,50.9458320000,49.7165760000,50.8024188000,477760,35084340.3100,0.842200,0.459100
2022-05-20,51.0482700000,55.6579800000,51.0482700000,54.9545724000,1671844,132138893.6900,2.947100,8.173100
2022-05-23,55.3028616000,55.8628560000,54.5311620000,55.8218808000,833956,67678224.2800,1.470100,1.578200
2022-05-24,56.6823600000,56.6823600000,52.5916692000,52.5916692000,807731,64183477.5500,1.423800,-5.786600
2022-05-25,52.6599612000,53.2677600000,51.9838704000,52.8238620000,558123,43122171.0800,0.983800,0.441500
2022-05-26,52.8784956000,53.1311760000,51.5468016000,52.3799640000,506193,38779984.4300,0.892300,-0.840300
2022-05-27,52.4141100000,53.5887324000,51.8677740000,52.3116720000,697033,53898403.2600,1.228700,-0.130400
2022-05-30,52.5916692000,57.2833296000,51.9019200000,56.3409000000,1850944,149560290.7200,3.262800,7.702300
2022-05-31,55.8901728000,60.2130564000,55.3301784000,59.8101336000,1903467,162763167.4100,3.355400,6.157600
2022-06-01,60.1652520000,62.3984004000,59.4140400000,60.0150096000,1548129,137595367.4400,2.729000,0.342500
2022-06-02,60.0013512000,62.3369376000,58.9906296000,62.1388908000,1471813,132180250.1400,2.594500,3.538900
2022-06-06,61.8042600000,64.0988712000,61.4559708000,63.1701000000,1448809,133466820.4100,2.553900,1.659500
2022-06-07,63.4979016000,64.8774000000,61.6335300000,63.0881496000,1280214,117954714.2500,2.256700,-0.129700
2022-06-08,61.8862104000,63.3476592000,60.7798800000,61.9886484000,1091685,99046730.4200,1.924400,-1.742800
2022-06-09,61.3671912000,62.0637696000,58.9018500000,58.9291668000,1170493,102624833.5400,2.063300,-4.935600
2022-06-10,58.5467316000,60.2472024000,58.4169768000,60.2472024000,1306493,113512063.5600,2.303000,2.236600
2022-06-13,59.0725800000,60.6911004000,58.7789244000,60.4179324000,958783,83994750.2000,1.690100,0.283400
2022-06-14,60.0764724000,60.2745192000,57.7886904000,59.8374504000,822166,71106474.2200,1.449300,-0.960800
2022-06-15,59.8784256000,62.1525492000,59.7008664000,59.8784256000,772452,68513545.0900,1.361700,0.068500
2022-06-16,61.0530480000,62.1457200000,59.8852548000,60.8345136000,879398,79012810.2700,1.550200,1.596700
2022-06-17,59.8920840000,67.2676200000,59.1545304000,65.1232512000,2322340,217637027.9800,4.093700,7.049800
2022-06-20,65.5603200000,71.4266028000,65.1232512000,69.6441816000,3174634,318133593.0800,5.596100,6.942100
2022-06-21,70.3407600000,72.6285420000,67.9505400000,68.6812644000,1978487,201943374.9300,3.487600,-1.382600
2022-06-22,68.2920000000,69.6373524000,67.6090800000,67.8276144000,1359318,136128078.6600,2.396200,-1.242900
2022-06-23,67.6090800000,68.6061432000,66.2500692000,68.3329752000,943926,93444101.9700,1.663900,0.745100
2022-06-24,68.9544324000,69.1797960000,65.4783696000,66.3934824000,1424671,139635990.9900,2.511400,-2.838300
2022-06-27,66.6051876000,69.4188180000,66.4003116000,67.7320056000,1070993,106731655.2600,1.887900,2.016000
2022-06-28,68.2920000000,68.3944380000,66.2432400000,67.7388348000,742187,73128428.3600,1.308300,0.010100
2022-06-29,67.0012812000,71.8978176000,67.0012812000,69.6851568000,1715647,176355153.3200,3.024300,2.873300
2022-06-30,70.1632008000,72.9904896000,70.0334460000,72.2392776000,1311978,138108594.3600,2.312700,3.665200
2022-07-01,71.6997708000,72.3895200000,69.1183332000,69.2549172000,872263,90069420.0500,1.537600,-4.131200
2022-07-04,69.4324764000,71.6109912000,68.4354132000,70.3885644000,748733,77096322.8200,1.319800,1.636900
2022-07-05,71.2490436000,71.2490436000,67.1310360000,67.9846860000,1158542,115645716.4000,2.042200,-3.415200
2022-07-06,67.5271296000,68.0871240000,64.9593504000,65.2734936000,1073428,104097915.4300,1.892200,-3.987900
2022-07-07,65.2734936000,66.2227524000,63.7437528000,65.3212980000,711577,67840719.8200,1.254300,0.073200
2022-07-08,65.5603200000,67.8822480000,65.2188600000,65.2939812000,807523,78455132.4400,1.423500,-0.041800
2022-07-11,64.8091080000,64.9661796000,62.3437668000,62.7876648000,804166,74600894.8000,1.417600,-3.838500
2022-07-12,62.2823040000,63.2930256000,60.1652520000,60.1652520000,662926,59168285.6100,1.168600,-4.176600
2022-07-13,60.2472024000,61.4491416000,59.9603760000,60.6159792000,511618,45481402.3500,0.901900,0.749100
2022-07-14,60.8208552000,62.8969320000,60.4384200000,61.3125576000,740276,66962404.3100,1.304900,1.149200
2022-07-15,61.8862104000,61.8862104000,59.6803788000,59.9467176000,656167,58476368.3300,1.156700,-2.227700
2022-07-18,59.5028196000,62.8081524000,58.7311200000,61.3808496000,1034837,91454627.7700,1.824200,2.392300
2022-07-19,60.3906156000,61.2510948000,59.1408720000,59.6872080000,841133,73882151.5900,1.482700,-2.759200
2022-07-20,59.4276984000,64.8637416000,59.4276984000,64.3993560000,1771393,164293856.4400,3.122600,7.894700
2022-07-21,63.6413148000,67.4520084000,63.6413148000,64.1944800000,1251344,120094362.3900,2.205800,-0.318100
2022-07-22,63.5798520000,66.3798240000,63.1701000000,63.6344856000,903835,85696863.4400,1.593300,-0.872300
2022-07-25,62.8286400000,64.7613036000,62.0364528000,62.1115740000,634729,58542268.8200,1.118900,-2.393200
2022-07-26,62.1115740000,64.6383780000,61.9886484000,63.1018080000,568929,52376542.1800,1.002900,1.594300
2022-07-27,64.6793532000,67.8822480000,63.6891192000,66.1681188000,1605250,154999666.7700,2.829700,4.859300
2022-07-28,66.9261600000,67.6090800000,65.9700720000,66.2432400000,919572,89943439.0600,1.621000,0.113500
2022-07-29,66.5847000000,66.5847000000,61.0052436000,61.6267008000,1830980,169314746.4300,3.227600,-6.969100
2022-08-01,60.7798800000,61.6267008000,58.0686876000,60.5408580000,1026556,90060046.7100,1.809600,-1.762000
2022-08-02,59.6325744000,60.3837864000,56.7096768000,57.7750320000,1048286,89703503.6600,1.847900,-4.568500
2022-08-03,58.5125856000,58.8335580000,56.4091920000,56.4501672000,1149188,96591315.3400,2.025800,-2.293100
2022-08-04,56.7165060000,57.6521064000,55.4531040000,56.4501672000,798588,66051409.0000,1.407700,0.000000
2022-08-05,56.7643104000,59.4003816000,56.7643104000,59.0998968000,975633,83647479.0000,1.719800,4.693900
2022-08-08,58.7720952000,59.3594064000,57.7750320000,58.1779548000,716212,61060965.0000,1.262500,-1.560000
2022-08-09,58.2950134800,58.5015868800,57.3034611600,58.3776428400,464402,39047835.0000,0.818600,0.343200
2022-08-10,58.5222442200,58.5222442200,56.8834285800,57.1313166600,561171,46721756.0000,0.989200,-2.134900
2022-08-11,57.4962630000,60.2574607800,57.1519740000,59.9062860000,938048,80332988.0000,1.653600,4.857200
2022-08-12,59.5137965400,60.1472883000,58.6875029400,58.7976754200,536645,46060214.0000,0.946000,-1.850600
2022-08-15,58.7425891800,59.8787428800,57.4411767600,57.6684075000,484956,40756214.8100,0.854900,-1.920600
2022-08-16,57.7028364000,58.5222442200,57.1726313400,57.6408643800,481012,40393784.3000,0.847900,-0.047800
2022-08-17,57.6615217200,58.3845286200,56.9936010600,57.8887524600,531257,44547649.3500,0.936500,0.430100
2022-08-18,57.7716942000,57.7716942000,56.3119088400,56.6975125200,707226,58174501.3200,1.246700,-2.057800
2022-08-19,56.7112840800,57.5926639200,55.0862400000,55.0862400000,608881,49832198.0600,1.073300,-2.841900
2022-08-22,55.5682446000,55.5682446000,54.0051725400,54.0258298800,543755,42903312.6800,0.958500,-1.925000
2022-08-23,53.6539977600,54.1222308000,52.5591587400,53.0755922400,541597,41786570.2600,0.954700,-1.758900
2022-08-24,52.9723055400,53.6402262000,51.7122078000,51.7466367000,623652,47596605.3800,1.099400,-2.503900
2022-08-25,51.6915504600,52.8414757200,50.9960866800,51.4436623800,496156,37254683.3200,0.874600,-0.585500
2022-08-26,51.3403756800,53.6264546400,50.9547720000,51.7810656000,527807,40377118.6800,0.930400,0.655900
2022-08-29,51.3679188000,52.5935876400,50.9616577800,52.5385014000,406631,30646427.9100,0.716800,1.462800
2022-08-30,52.2630702000,53.5507110600,52.2561844200,53.0205060000,306539,23496846.5100,0.540400,0.917400
2022-08-31,53.4474243600,53.4474243600,50.4658816200,51.3541472400,707317,53001000.4800,1.246800,-3.142900
2022-09-01,51.2990610000,52.6693312200,50.6173687800,50.6999981400,384426,28751290.9500,0.677700,-1.273800
2022-09-02,50.4727674000,51.5607206400,50.3419375800,50.8996857600,254507,18790183.0500,0.448600,0.393900
2022-09-05,51.5882637600,51.6158068800,50.1835646400,51.0924876000,382530,28289649.1100,0.674300,0.378800
2022-09-06,50.9616577800,51.5744922000,49.3779283800,49.9838770200,503308,36449954.3200,0.887200,-2.169800
2022-09-07,49.9907628000,50.7826275000,49.0336393800,49.5707302200,538180,38810939.0800,0.948700,-0.826600
2022-09-08,49.7015600400,50.0733921600,49.1024971800,49.6258164600,257191,18526982.9900,0.453400,0.111100
2022-09-09,49.8530472000,51.2990610000,49.6602453600,50.8101706200,563481,41488444.6700,0.993300,2.386600
2022-09-13,50.7963990600,51.9738674400,50.2661940000,50.7344270400,488581,36171942.6100,0.861300,-0.149100
2022-09-14,50.1422499600,50.9892009000,49.7841894000,50.7275412600,354839,25984563.0700,0.625500,-0.013600
2022-09-15,51.0511729200,52.1597835000,49.9907628000,50.4176811600,530291,39220190.3700,0.934800,-0.610800
2022-09-16,50.4107953800,50.4176811600,49.0956114000,49.1369260800,415668,29913938.3400,0.732700,-2.540300
2022-09-19,48.3381756000,49.0336393800,45.4461480000,46.1209544400,814274,55237764.4800,1.435400,-6.137900
2022-09-20,46.3688425200,47.4017095200,45.9281526000,46.4790150000,384664,25981792.0800,0.678100,0.776400
2022-09-21,46.8095324400,46.8095324400,45.5907493800,46.3137562800,387291,25878250.7000,0.682700,-0.355600
2022-09-22,46.2035838000,46.5065581200,45.5563204800,45.7973227800,267632,17876919.0900,0.471800,-1.115100
2022-09-23,45.7215792000,45.7904370000,44.2962227400,45.0949732200,265837,17404681.2600,0.468600,-1.533600
2022-09-26,44.7162553200,46.0176677400,44.3444232000,44.6198544000,356439,23365062.4300,0.628300,-1.053600
2022-09-27,44.2962227400,47.2089076800,44.1447355800,46.7131315200,542272,36138795.3600,0.955900,4.691400
2022-09-28,46.7544462000,47.5463109000,46.1553833400,46.1966980200,480912,32686404.1000,0.847700,-1.105500
2022-09-29,46.8233040000,48.8201802000,45.9006094800,47.5945113600,671734,46663907.2800,1.184100,3.025800
2022-09-30,47.1193925400,48.3381756000,46.3412994000,46.3481851800,395783,27147959.3100,0.697700,-2.618600
2022-10-10,46.5960732600,47.3535090600,43.8211039200,44.0689920000,467785,30745879.2600,0.824600,-4.917500
2022-10-11,44.0483346600,44.7437984400,42.5334630600,43.1876121600,384129,24236158.0600,0.677100,-2.000000
2022-10-12,43.2220410600,43.9243906200,41.9068570800,43.7729034600,402554,25036084.4200,0.709600,1.355200
2022-10-13,43.6765025400,46.0520966400,43.2495841800,45.2671177200,507025,33387174.8200,0.893800,3.413600
2022-10-14,45.5287773600,49.5294155400,45.5287773600,48.6962361600,1016183,71126082.7000,1.791300,7.575300
2022-10-17,48.9441242400,50.0871637200,48.4758912000,49.0680682800,550550,39307246.1700,0.970500,0.763600
2022-10-18,49.5638444400,50.0665063800,48.2004600000,49.4812150800,637213,45704518.3200,1.123300,0.842000
2022-10-19,49.6258164600,49.7635320600,48.6893503800,49.2815274600,521735,37311732.2300,0.919700,-0.403600
2022-10-20,49.6258164600,50.6242545600,48.8959237800,49.7084458200,703844,50833567.9400,1.240700,0.866300
2022-10-21,49.2333270000,49.9219050000,48.4070334000,49.4192430600,505999,36186527.2000,0.892000,-0.581800
2022-10-24,49.4192430600,50.6035972200,47.8217421000,48.6480357000,961217,68695031.3600,1.694400,-1.560500
2022-10-25,48.6480357000,49.4743293000,47.3741664000,48.0902875200,521635,36721163.5900,0.919500,-1.146500
2022-10-26,48.5447490000,52.4076715800,48.5447490000,51.2508605400,953135,70624936.7600,1.680200,6.572200
2022-10-27,52.1804408400,53.7917133600,51.2095458600,53.0549349000,1378532,105367220.3600,2.430000,3.520100
2022-10-28,52.9378766400,54.1360023600,51.0718302600,51.3334899000,926944,71206072.2200,1.634000,-3.244600
2022-10-31,52.3319280000,55.4098716600,51.3748045800,54.3288042000,1145561,90010111.3400,1.972400,5.835000
2022-11-01,54.2255175000,56.1122212200,53.6402262000,55.7335033200,875255,70154704.7300,1.507000,2.585600
2022-11-02,55.3823285400,56.9385148200,54.9416386200,54.9416386200,867251,70456069.0900,1.493200,-1.420800
2022-11-03,54.4389766800,57.1519740000,53.9087716200,56.8421139000,1096838,89094216.9000,1.888500,3.459100
2022-11-04,56.7250556400,59.2177080000,56.7250556400,58.4120717400,1104749,93093602.5100,1.902100,2.762000
2022-11-07,58.3638712800,59.5619970000,57.6064354800,58.3156708200,548416,46583319.2200,0.944200,-0.165000
2022-11-08,57.8267804400,59.4105098400,57.1519740000,58.6324167000,656663,55541057.2900,1.130600,0.543200
2022-11-09,58.0195822800,58.9491625800,57.7097221800,58.5291300000,512742,43444857.5900,0.882800,-0.176200
2022-11-10,58.9835914800,59.0180203800,55.6439881800,56.0295918600,1054127,86798445.5400,1.815000,-4.270600
2022-11-11,56.9591721600,58.1848410000,54.7350652200,54.9278670600,1063027,86961607.8300,1.830300,-1.966300
2022-11-14,55.0862400000,56.4633960000,54.2117459400,55.7679322200,639122,51627681.1700,1.100400,1.529400
2022-11-15,56.4633960000,56.8558854600,54.7901514600,56.3945382000,604612,49107859.7000,1.041000,1.123600
2022-11-16,56.4014239800,58.1159832000,55.7954753400,56.9454006000,622888,51696807.4100,1.072500,0.976800
2022-11-17,56.6837409600,58.1779552200,56.3738808600,56.8834285800,438742,36327466.7100,0.755400,-0.108800
2022-11-18,56.8834285800,59.4724818600,56.5735684800,57.6064354800,725278,61179050.7000,1.248800,1.271000
2022-11-21,57.1519740000,57.4136336400,55.1413262400,55.9263051600,621203,50552661.8800,1.069600,-2.916600
2022-11-22,56.4427386600,56.4427386600,54.0533730000,54.3563473200,443133,35438489.3000,0.763000,-2.807200
2022-11-23,53.7503986800,54.8108088000,52.4076715800,53.8605711600,451449,35045891.5600,0.777300,-0.912100
2022-11-24,53.6471119800,54.5560349400,53.0205060000,53.5507110600,367696,28639670.6200,0.633100,-0.575300
2022-11-25,53.4336528000,53.4336528000,52.3319280000,52.6004734200,340859,26077717.2900,0.586900,-1.774500
2022-11-28,52.1735550600,53.4336528000,51.5469490800,51.9807532200,419426,31736822.3100,0.722200,-1.178200
2022-11-29,52.7175316800,54.6180069600,51.6433500000,54.3288042000,481718,37665586.5900,0.829400,4.517200
2022-11-30,54.3838904400,55.4511863400,53.4336528000,53.4818532600,370731,29299608.1200,0.638300,-1.558900
2022-12-01,54.7901514600,55.6371024000,54.0533730000,54.1153450200,499192,39635917.0400,0.859500,1.184500
2022-12-02,53.9845152000,54.8452377000,53.1582216000,53.4818532600,449290,35154817.6100,0.773600,-1.170600
2022-12-05,54.4045477800,56.9798295000,53.4336528000,56.7594845400,1009094,81307816.4300,1.737400,6.128500
2022-12-06,56.4220813200,59.4587103000,56.0709065400,58.1779552200,1161721,97985519.8300,2.000200,2.499100
2022-12-07,57.7028364000,58.5084726600,56.9522863800,57.5582350200,500762,41787987.6800,0.862200,-1.065200
2022-12-08,57.1795171200,58.8734190000,57.1795171200,57.8130088800,555776,46833165.5900,0.956900,0.442600
2022-12-09,58.0126965000,59.0799924000,57.5169203400,58.3225566000,890642,75804169.5500,1.533500,0.881400
2022-12-12,58.8458758800,59.2177080000,58.0126965000,58.2330414600,568048,48330419.5100,0.978000,-0.153500
2022-12-13,58.2330414600,59.0731066200,57.9644960400,58.3569855000,518658,44205241.5800,0.893000,0.212800
2022-12-14,58.9835914800,61.9513626600,58.1504121000,61.0975259400,921424,80798803.5800,1.586500,4.696200
2022-12-15,60.5260062000,61.8893906400,60.0095727000,60.8014374000,682976,60511286.0100,1.175900,-0.484600
2022-12-16,60.4227195000,61.0837543800,59.6997126000,60.2436892200,554100,48513955.4400,0.954000,-0.917300
2022-12-19,60.5948640000,60.9322672200,57.7234937400,57.9644960400,592275,50439320.2600,1.019800,-3.783300
2022-12-20,57.7716942000,58.6324167000,56.7319414200,57.0004868400,364803,30340364.0300,0.628100,-1.663100
2022-12-21,56.4771675600,57.7028364000,56.3187946200,56.4565102200,239008,19740042.5300,0.411500,-0.954300
2022-12-22,57.1382024400,60.0990878400,56.4633960000,58.1986125600,577971,49306343.2300,0.995100,3.085700
2022-12-23,58.4878153200,59.4518245200,57.1519740000,57.8130088800,478609,40494098.4600,0.824100,-0.662600
2022-12-26,57.6752932800,58.8458758800,57.1864029000,57.8612093400,388758,32769985.2600,0.669300,0.083400
2022-12-27,57.8405520000,69.4362055200,57.8405520000,69.4362055200,2626156,245847710.2100,4.521600,20.004800
2022-12-28,69.5463780000,70.5448161000,67.5150729000,68.0934784200,2619203,261355078.0700,4.509600,-1.933800
2022-12-29,68.0177348400,71.2678230000,67.4806440000,69.0643734000,1907940,191854382.5900,3.285000,1.425800
2022-12-30,68.2931660400,69.4086624000,66.7920660000,67.1638981200,1404527,138045350.8000,2.418300,-2.751700
2023-01-03,66.6887793000,67.7423036400,62.7294558000,63.1426026000,2492273,232062842.5000,4.291100,-5.987300
2023-01-04,63.0737448000,63.8174090400,62.0339920200,62.4264814800,1671086,152179744.3400,2.877200,-1.134100
2023-01-05,62.9153718600,68.3551380600,62.0546493600,67.8937908000,2917456,277431331.8200,5.023200,8.758000
2023-01-06,67.8249330000,70.2349560000,65.5526256000,68.2931660400,2304221,227934634.4200,3.967300,0.588200
2023-01-09,69.1332312000,70.8959908800,67.4806440000,69.9526390200,1680677,169363065.1800,2.893700,2.429900
2023-01-10,69.5463780000,73.0925547000,68.3620238400,72.2042890800,1841990,191692335.2700,3.171500,3.218800
2023-01-11,72.1078881600,74.0221350000,71.1301074000,71.9564010000,1371292,144201308.5800,2.361000,-0.343300
2023-01-12,71.8117996200,72.6174358800,69.9732963600,70.9923918000,892979,92259825.2600,1.537500,-1.339700
2023-01-13,70.9166482200,74.5729974000,70.3726716000,73.4575010400,1266566,134663502.0800,2.180700,3.472400
2023-01-16,73.7811327000,76.7007034200,73.4781583800,76.6593887400,1150109,125732117.9500,1.980200,4.358800
2023-01-17,75.7504657800,75.8812956000,74.5041396000,74.5592258400,728039,79309038.9300,1.253500,-2.739600
2023-01-18,74.2287084000,75.3992910000,73.8499905000,74.6211978600,562856,60828842.9800,0.969100,0.083100
2023-01-19,73.8499905000,76.0878690000,73.3335570000,75.1032024600,795652,86193775.0600,1.369900,0.645900
2023-01-20,75.1238598000,75.6058644000,71.9839441200,74.5385685000,1090278,116552754.8900,1.877200,-0.751800
2023-01-30,75.0343446600,77.8299713400,73.7398180200,73.7398180200,1127992,123856977.1800,1.942100,-1.071600
2023-01-31,74.3664240000,74.3664240000,70.9304197800,71.1989652000,984908,103190261.2300,1.695800,-3.445700
2023-02-01,71.8531143000,71.8531143000,69.2020890000,71.1989652000,1026678,105108023.2300,1.767700,0.000000
2023-02-02,71.6121120000,73.7191606800,70.7100748200,71.1301074000,944573,98576163.1400,1.626300,-0.096700
2023-02-03,70.9235340000,71.4399675000,69.4637486400,70.3657858200,486797,49659295.3700,0.838100,-1.074500
2023-02-06,69.7254082800,70.8959908800,68.3069376000,70.3726716000,939154,94523146.2400,1.617000,0.009800
2023-02-07,69.6909793800,70.5792450000,68.3482522800,69.2020890000,554398,55743773.8200,0.954500,-1.663400
2023-02-08,68.5341683400,70.3864431600,68.3826811800,68.6167977000,374904,37656479.9600,0.645500,-0.845800
2023-02-09,68.1692220000,73.6434171000,67.8937908000,71.9219721000,1095854,113611664.8900,1.886800,4.816900
2023-02-10,72.6243216600,72.6243216600,69.9457532400,70.4415294000,449259,46259280.8700,0.773500,-2.058400
2023-02-13,70.2349560000,77.0518782000,70.2349560000,76.6800460800,1421398,155179188.8100,2.447300,8.856300
2023-02-14,76.5354447000,79.0831833000,75.6747222000,77.7129130800,1036886,117364669.7800,1.785300,1.347000
2023-02-15,77.1827080200,78.9179245800,75.3373189800,77.8093140000,781682,87171288.2700,1.345900,0.124000
2023-02-16,76.1567268000,77.7611135400,74.4421675800,74.9723726400,578633,63929796.3600,0.996300,-3.646000
2023-02-17,75.1651744800,77.4856823400,74.1047643600,74.2287084000,988909,109163111.2500,1.702700,-0.991900
2023-02-20,74.2287084000,74.2287084000,71.3366808000,73.5125872800,812988,86083463.9200,1.399800,-0.964700
2023-02-21,73.6985033400,74.0703354600,72.2318322000,73.5745593000,403492,42755775.7500,0.694700,0.084300
2023-02-22,73.1269836000,75.0412304400,72.9892680000,73.5332446200,405273,43508824.9800,0.697800,-0.056200
2023-02-23,73.6089882000,74.8208854800,72.1767459600,72.2869184400,364338,38792382.0600,0.627300,-1.694900
2023-02-24,72.1629744000,72.6449790000,70.7169606000,71.6121120000,371639,38599580.5900,0.639900,-0.933500
2023-02-27,70.9717344600,71.9426294400,69.7322940600,70.7238463800,405641,41657344.4700,0.698400,-1.240400
2023-02-28,71.1438789600,72.2869184400,70.5792450000,71.3366808000,411821,42743401.9900,0.709100,0.866500
2023-03-01,71.1989652000,71.3366808000,69.7322940600,70.9717344600,527774,54170562.7100,0.908700,-0.511600
2023-03-02,70.9923918000,73.3817574600,70.0490399400,70.2142986600,433813,44892569.3900,0.746900,-1.067200
2023-03-03,71.1369931800,71.1369931800,68.8371426600,69.0574876200,472219,47686290.7100,0.813000,-1.647500
2023-03-06,70.0834688400,70.0834688400,68.5961403600,68.8991146800,407285,40831999.2500,0.701200,-0.229300
2023-03-07,69.3604619400,71.6121120000,68.1692220000,68.3069376000,757611,76558118.4100,1.304400,-0.859500
2023-03-08,68.1692220000,70.0834688400,67.6734458400,68.8509142200,415347,41714847.8900,0.715100,0.796400
2023-03-09,68.3689096200,71.4055386000,68.3689096200,69.9388674600,573033,58507523.9600,0.986600,1.580200
2023-03-10,68.8784573400,71.2540514400,68.5961403600,70.7513895000,719877,73496088.1200,1.239500,1.161800
2023-03-13,70.1178977400,71.1920794200,69.7185225000,70.0077252600,390044,39739272.3600,0.671600,-1.051100
2023-03-14,69.7254082800,71.0543638200,69.3948908400,69.8493523200,276294,28047719.1200,0.475700,-0.226200
2023-03-15,69.5463780000,70.2211844400,64.1754696000,64.6299310800,1330842,128093002.1400,2.291400,-7.472400
2023-03-16,65.0775067800,69.7047509400,65.0775067800,69.1538885400,1363505,135960708.5200,2.347600,6.999800
2023-03-17,68.5892545800,71.3504523600,68.2105366800,68.4239958600,881466,88679515.6400,1.517700,-1.055500
2023-03-20,68.9748582600,68.9817440400,64.8640476000,65.9588866200,1163043,112105438.9000,2.002500,-3.602700
2023-03-21,66.6474646200,68.5823688000,66.4684343400,67.6872174000,453868,44501081.8900,0.781500,2.620300
2023-03-22,67.8455903400,70.9235340000,66.4822059000,66.8953527000,542412,53967576.9600,0.933900,-1.169900
2023-03-23,66.9160100400,68.0177348400,64.5059870400,65.4149100000,848095,80765784.0600,1.460200,-2.213100
2023-03-24,65.4493389000,66.0002013000,63.3560617800,63.6934650000,714007,66653491.9800,1.229400,-2.631600
2023-03-27,64.2718705200,66.1930031400,63.0255443400,64.5335301600,551593,51995274.0200,0.949700,1.318900
2023-03-28,65.1119356800,67.8731334600,64.4577865800,66.3238329600,876214,84292698.4600,1.508600,2.774200
2023-03-29,66.4477770000,66.7920660000,64.5748448400,64.7883040200,442183,41885881.1100,0.761300,-2.315200
2023-03-30,65.8073994600,68.8509142200,65.4837678000,68.5479399000,926606,90880508.6500,1.595400,5.803000
2023-03-31,68.4171100800,71.6121120000,68.4171100800,69.8493523200,957222,97724542.3900,1.648100,1.898500
2023-04-03,70.5654734400,70.5654734400,67.7560752000,70.0008394800,770116,77263010.6900,1.326000,0.216900
2023-04-04,69.1952032200,70.0008394800,65.5870545000,66.4477770000,1021878,99691587.9900,1.759400,-5.075700
2023-04-06,65.9795439600,68.6443408200,65.9795439600,67.9488770400,529746,52104448.5600,0.912100,2.259100
2023-04-07,68.3138233800,73.4230721400,66.8953527000,73.2853565400,1334634,138298965.0400,2.297900,7.853700
2023-04-10,73.2853565400,77.6027406000,73.2853565400,76.8590763600,1288795,143528968.8100,2.219000,4.876400
2023-04-11,77.2653373800,80.9079150000,76.1773841400,77.1964795800,1286143,146178039.3200,2.214400,0.439000
2023-04-12,77.3273094000,77.3273094000,72.8515524000,73.2302703000,1020386,109899119.1100,1.756900,-5.137800
2023-04-13,73.3748716800,74.8071139200,72.4797202800,72.9341817600,664763,70980986.6500,1.144600,-0.404300
2023-04-14,72.4728345000,74.6762841000,71.6121120000,72.5623496400,653812,69143009.7100,1.125700,-0.509800
2023-04-17,72.5761212000,73.9326198600,71.6189977800,72.9892680000,459096,48652572.8600,0.790500,0.588300
2023-04-18,72.9961537800,76.4321580000,72.6449790000,72.9617248800,759841,82151345.3200,1.308300,-0.037700
2023-04-19,71.7498276000,72.8171235000,70.9235340000,71.4193101600,689052,71532382.4100,1.186400,-2.114000
2023-04-20,70.8477904200,71.6121120000,70.0765830600,70.6343312400,371471,38107081.1500,0.639600,-1.099100
2023-04-21,70.2005271000,74.4421675800,69.6978651600,71.5225968600,1004375,105673522.3100,1.729300,1.257600
2023-04-24,71.7085129200,72.0390303600,67.0537256400,67.4806440000,937906,93012796.9700,1.614900,-5.651300
2023-04-25,68.1898793400,68.1898793400,65.1532503600,66.5028632400,721300,69629115.3400,1.241900,-1.449000
2023-04-26,66.7714086600,69.2571752400,66.7507513200,68.7545133000,532718,52756378.3200,0.917200,3.385800
2023-04-27,68.7545133000,80.3432810400,68.0315064000,79.5032158800,2204059,242148106.3800,3.794900,15.633500
2023-04-28,79.5307590000,79.5307590000,75.2478038400,76.2049272600,1693772,189221661.6700,2.916300,-4.148600
2023-05-04,75.0618877800,77.1138502200,74.7107130000,74.9586010800,989388,108533320.5900,0.718000,-1.635500
2023-05-05,74.5798831800,74.5867689600,64.2098985000,66.4340054400,3110094,303793613.6300,2.257000,-11.372400
2023-05-08,67.1638981200,67.1638981200,64.0584113400,64.7263320000,1707703,160863968.0000,1.234000,-2.570500
2023-05-09,65.3047375200,66.0070870800,62.7019126800,62.8878287400,958299,88714588.3800,0.692400,-2.840400
2023-05-10,63.4868916000,63.7416654600,62.1097356000,62.8120851600,550712,50217305.1400,0.397900,-0.120400
2023-05-11,63.2803182000,64.2030127200,62.5779686400,63.4937773800,483913,44546012.6200,0.349700,1.085300
2023-05-12,63.4937773800,63.6452645400,61.7654466000,63.0186585600,723475,65968515.8700,0.522800,-0.748300
2023-05-15,63.2940897600,63.8036374800,62.3369663400,63.6177214200,317697,29163911.7800,0.229600,0.950600
2023-05-16,63.6177214200,63.9964393200,61.9926773400,63.1701457200,642540,58636123.8300,0.464300,-0.703500
2023-05-17,63.3422902200,63.3422902200,60.9391530000,62.3851668000,819933,73599334.2000,0.592500,-1.242600
2023-05-18,62.6399406600,63.9000384000,61.7379034800,63.1908030600,516323,47128765.1400,0.373100,1.291400
2023-05-19,63.2734324200,64.2030127200,61.7585608200,63.7692085800,728477,66618490.3000,0.526400,0.915300
2023-05-22,63.1426026000,65.7247701000,62.3163090000,64.3751572200,604312,56197113.7500,0.436700,0.950200
2023-05-23,63.8862668400,65.4149100000,63.7760943600,64.6643599800,478885,45014531.1800,0.346000,0.449200
2023-05-24,64.2098985000,64.9329054000,62.7638847000,63.2527750800,582913,53667486.5900,0.421200,-2.182900
2023-05-25,62.6812553400,64.1616980400,62.6605980000,63.4524627000,408838,37488051.2600,0.295400,0.315700
2023-05-26,63.2803182000,64.4784439200,62.4264814800,63.8174090400,313178,28928478.8200,0.226300,0.575100
2023-05-29,63.5282062800,64.0239824400,61.9926773400,62.6605980000,505905,45957031.1100,0.365600,-1.812700
2023-05-30,62.6605980000,62.9704581000,59.8029993000,60.3745190400,938805,82654876.3200,0.678400,-3.648400
2023-05-31,60.6292929000,61.5588732000,60.0095727000,60.5948640000,638147,56431196.4300,0.461100,0.365000
2023-06-01,60.2368034400,61.6139594400,60.1817172000,60.8496378600,553780,48975103.0300,0.400200,0.420500
2023-06-02,60.4089479400,61.6828172400,59.9131717800,59.9131717800,596515,52444150.0900,0.431000,-1.539000
2023-06-05,59.9131717800,59.9682580200,57.8543235600,58.3776428400,617491,52439265.4500,0.446200,-2.562900
2023-06-06,58.5153584400,59.1970506600,57.3792047400,57.3998620800,548590,46322738.4200,0.396400,-1.674900
2023-06-07,57.8130088800,57.8130088800,55.2377271600,56.0984496600,1101175,89872484.2100,0.795700,-2.267300
2023-06-08,56.3187946200,56.7870276600,55.2928134000,55.6026735000,788990,64022484.1700,0.570100,-0.883800
2023-06-09,56.4289671000,58.1848410000,54.8452377000,58.1090974200,1515479,125690945.5700,1.095100,4.507700
2023-06-12,57.1175451000,59.2177080000,57.0693446400,57.9025240200,848195,71527327.8100,0.612900,-0.355500
2023-06-13,57.5169203400,59.1488502000,57.3378900600,57.5788923600,386874,32533636.1200,0.279500,-0.558900
2023-06-14,57.3103469400,59.4518245200,57.2621464800,57.6890648400,612382,51825232.5600,0.442500,0.191300
2023-06-15,57.8818666800,59.2108222200,57.4687198800,58.7425891800,709254,60134653.0100,0.512500,1.826200
2023-06-16,59.0180203800,59.2659084600,57.7579226400,58.3914144000,524053,44394501.1300,0.378700,-0.597800
2023-06-19,58.0333538400,59.0111346000,57.9644960400,58.1641836600,338846,28737672.5400,0.244800,-0.389200
2023-06-20,57.8680951200,58.6668456000,57.6959506200,57.7716942000,376280,31676650.7000,0.271900,-0.674800
2023-06-21,57.5169203400,58.3914144000,56.8145707800,56.8145707800,428803,35783978.4700,0.309800,-1.656700
2023-06-26,56.4771675600,57.1450882200,55.9676198400,56.1191070000,381768,31253175.2400,0.275900,-1.224100
2023-06-27,55.8023611200,56.8007992200,53.4405385800,53.5025106000,1476173,116678535.3100,1.066700,-4.662600
2023-06-28,53.7641702400,55.8436758000,53.7503986800,54.8658950400,921800,73644813.7800,0.666100,2.548300
2023-06-29,55.7266175400,57.1313166600,54.1773170400,56.4840533400,809938,65626485.7800,0.585200,2.949300
2023-06-30,57.0762304200,59.1970506600,56.1191070000,57.9920391600,757214,63853441.7900,0.547100,2.669800
2023-07-03,57.9782676000,58.2123841200,56.5529111400,56.7457129800,643844,53385007.6200,0.465200,-2.149100
2023-07-04,57.1519740000,60.8152089600,56.7801418800,60.0784305000,1167828,100292884.5800,0.843800,5.873100
2023-07-05,59.6652837000,60.2918896800,58.0953258600,60.0302300400,1410719,121516362.0000,1.019400,-0.080200
2023-07-06,59.5895401200,61.0768686000,58.4465006400,60.2505750000,1509646,131844125.0200,1.090800,0.367100
2023-07-07,59.5826543400,60.2092603200,58.5497873400,59.5551112200,577632,49786153.2000,0.417400,-1.154300
2023-07-10,59.9062860000,62.5022250600,58.8803047800,59.5413396600,1268558,111677351.5200,0.916600,-0.023100
2023-07-11,59.7685704000,60.9735819000,58.9491625800,60.5948640000,1027955,89550635.1300,0.742800,1.769400
2023-07-12,60.2974939100,61.8953740400,59.2529921800,59.4328401600,869770,76325208.9400,0.628500,-1.917800
2023-07-13,59.6956949000,60.4704246600,58.9209651400,59.6956949000,740623,63699538.0000,0.535200,0.442300
2023-07-14,59.6818604400,61.4803402400,59.4051712400,60.7540310900,941963,82381334.6500,0.680600,1.772900
2023-07-17,60.1868182300,60.5257625000,58.4644279600,59.4605090800,775901,66087159.6600,0.560700,-2.129100
2023-07-18,59.6334398300,60.8854584600,58.1669870700,59.4743435400,890255,76342867.6400,0.643300,0.023300
2023-07-19,58.8310411500,59.0869786600,56.5206863300,56.8112099900,1142370,94966583.6500,0.825500,-4.477800
2023-07-20,57.2746644000,59.7441155100,57.2262437900,59.0454752800,1111884,94738554.4100,0.803400,3.932800
2023-07-21,58.7272827000,60.1591493100,58.1254836900,59.3567506300,530588,45457066.6200,0.383400,0.527200
2023-07-24,62.4625869000,62.9467930000,58.1946559900,59.4881780000,2345715,204977317.2000,1.695000,0.221400
2023-07-25,59.4881780000,61.4388368600,59.2875783300,60.9822996800,1264909,110648749.3600,0.914000,2.511600
2023-07-26,60.6087692600,63.2926545000,60.6018520300,62.4971730500,1346376,121494667.5200,0.972900,2.484100
2023-07-27,62.4971730500,63.6177643100,61.4941747000,63.3272406500,1430757,129798801.6900,1.033800,1.328200
2023-07-28,62.9329585400,63.9774602700,62.3173250700,63.0782203700,1190884,109001454.9200,0.860500,-0.393200
2023-07-31,63.6385160000,65.6445127000,62.4556696700,64.6069282000,1442302,134035308.8400,1.042200,2.423500
2023-08-01,64.8559484800,65.0219620000,62.0821392500,62.6701038000,1113948,101973268.9700,0.804900,-2.997900
2023-08-02,62.2689044600,63.0920548300,62.2689044600,62.7116071800,459579,41657452.7900,0.332100,0.066200
2023-08-03,62.7116071800,63.4932541700,62.2481527700,62.8845379300,333110,30275517.4200,0.240700,0.275800
2023-08-04,63.7906950600,64.5170042100,62.1167254000,62.7185244100,654082,59756495.0500,0.472600,-0.264000
2023-08-07,62.1167254000,63.3549095700,57.9318012500,58.5820208700,1842532,158416276.9900,1.331400,-6.595300
2023-08-08,58.7826205400,59.4466746200,58.1047320000,58.7895377700,552490,46964263.5800,0.399200,0.354200
2023-08-09,58.8033722300,61.1275615100,58.5958553300,60.3666662100,686787,59824115.0300,0.496300,2.682700
2023-08-10,61.1828993500,61.3627473300,59.6265226000,61.0514719800,634655,55554411.4100,0.458600,1.134400
2023-08-11,60.8785412300,61.9437946500,60.4220040500,60.8716240000,698193,61834878.0900,0.504500,-0.294600
2023-08-14,59.9032118000,62.1651460100,59.9032118000,61.8884568100,726286,64341791.1600,0.524800,1.670500
2023-08-15,61.7501122100,61.8815395800,60.5534314200,61.4111679400,521503,46073969.9500,0.376800,-0.771200
2023-08-16,61.2866578000,62.2066493900,60.7056104800,60.8162861600,369680,32819922.8600,0.267100,-0.968700
2023-08-17,60.6986932500,64.7729417200,59.6265226000,64.0258808800,1159452,105014661.6400,0.837800,5.277500
2023-08-18,65.7206022300,71.2405517700,65.7136850000,67.8580263000,2832758,281402258.6300,2.046900,5.985300
2023-08-21,68.5497493000,70.5142426200,66.9449519400,69.1723000000,2119147,211662011.2200,1.531300,1.936800
2023-08-22,69.7325956300,71.0883727100,67.4291580400,69.7948507000,1944854,195601338.5800,1.405300,0.900000
2023-08-23,70.2098845000,70.5557460000,68.0862948900,68.2730601000,1020500,101723035.0600,0.737400,-2.180400
2023-08-24,68.1693016500,68.6189216000,66.5022492200,67.9133641400,1093980,107009548.0500,0.790500,-0.526800
2023-08-25,67.8234401500,68.8748591100,66.4054080000,68.0517087400,1287520,126227615.0200,0.930300,0.203700
2023-08-28,71.9391920000,73.2327140100,67.3253995900,68.0032881300,1415249,141703714.3700,1.022600,-0.071200
2023-08-29,68.1139638100,72.0291159900,67.3530685100,71.8838541600,1596272,162097739.0900,1.153400,5.706400
2023-08-30,72.4787359400,75.6191583600,71.7939301700,74.5469877100,1785575,190663162.8400,1.290200,3.704800
2023-08-31,74.4847326400,74.8444286000,73.2465484700,74.1112022200,924388,98796892.6600,0.667900,-0.584600
2023-09-01,73.3295552300,78.1577817700,73.3295552300,77.1271145000,1537182,170036530.4700,1.110700,4.069400
2023-09-04,76.8642597600,79.0362699800,76.0895300000,78.4483054300,1353071,151576719.9400,0.977700,1.713000
2023-09-05,78.1231956200,78.8495047700,76.7812530000,77.5767344500,1074562,120898386.4900,0.776500,-1.111000
2023-09-06,77.4729760000,77.4729760000,75.5638205200,75.8128408000,752150,82837905.1700,0.543500,-2.273700
2023-09-07,76.0549438500,77.7773341200,75.4047242300,76.2209573700,829803,91999884.4700,0.599600,0.538300
2023-09-08,75.2456279400,80.2260335400,74.8582630600,79.2714558000,1194433,134528529.4900,0.863100,4.002200
2023-09-11,78.9394287600,83.0067600000,78.7042429400,82.5986434300,1371133,162324965.9400,0.990800,4.197200
2023-09-12,82.1766924000,82.4672160600,77.7773341200,78.4898088100,1364927,156537401.3000,0.986300,-4.974500
2023-09-13,77.8810925700,79.8801720400,77.4729760000,79.4443865500,730241,83171428.8800,0.527700,1.216200
2023-09-14,79.4651382400,80.1983646200,77.4729760000,78.9809321400,721980,82074275.9300,0.521700,-0.583400
2023-09-15,79.3752142500,79.3752142500,76.5114810300,77.7911685800,960419,107410523.8400,0.694000,-1.506400
2023-09-18,78.2753746800,79.8040825100,77.1409489600,78.8287530800,732369,83154345.9400,0.529200,1.333800
2023-09-19,78.1646990000,79.4651382400,77.1755351100,79.1400284300,494108,56218042.7500,0.357000,0.394900
2023-09-20,78.7872497000,79.5343105400,77.7150790500,78.3376297500,448572,50884481.7900,0.324100,-1.013900
2023-09-21,78.2338713000,78.9255943000,76.9403492900,77.6389895200,393721,44219788.2100,0.284500,-0.891800
2023-09-22,78.1093611600,78.1093611600,75.1418694900,76.6774945500,1447011,159163944.8600,1.045600,-1.238400
2023-09-25,77.3069624800,79.3129591800,77.3069624800,78.4621398900,859099,97374625.1600,0.620800,2.327500
2023-09-26,78.9255943000,79.3752142500,76.3385502800,77.5490655300,1091824,121870490.4200,0.788900,-1.163700
2023-09-27,78.5520638800,79.1884490400,77.2032040300,78.0056027100,644989,72814744.6400,0.466100,0.588700
2023-09-28,78.7595807800,78.7872497000,77.2862107900,78.2892091400,550861,62234987.7300,0.397900,0.363600
2023-10-09,78.1301128500,78.1301128500,74.9274353600,75.4393103800,803214,87954171.1000,0.580200,-3.640200
2023-10-10,75.4393103800,76.8919286800,75.0588627300,75.5223171400,814911,89444216.8100,0.588700,0.110000
2023-10-11,75.5223171400,77.1962868000,75.2594624000,75.8128408000,887253,97501814.4000,0.640900,0.384700
2023-10-12,76.5529844100,76.5529844100,73.9175197800,74.2702985100,629100,67905541.2300,0.454400,-2.034700
2023-10-13,73.9728576200,74.9827732000,73.7238373400,74.4916498700,424541,45678878.9700,0.306700,0.298000
2023-10-16,74.0143610000,74.8720975200,73.3918103000,74.2218779000,448964,48033536.0200,0.324300,-0.362200
2023-10-17,74.2218779000,74.6991667700,72.6309150000,74.0074437700,400683,42543465.6900,0.289400,-0.288900
2023-10-18,73.9175197800,73.9175197800,71.1713794700,71.5241582000,708961,73685996.5300,0.512100,-3.355500
2023-10-19,70.8670213500,72.1121227500,70.7632629000,70.9085247300,594942,61353885.2200,0.429800,-0.860700
2023-10-20,70.8186007400,71.5933305000,68.8471901900,69.6011682600,831042,84082564.8600,0.600300,-1.843700
2023-10-23,69.5112442700,70.5349943100,67.9133641400,69.3313962900,753278,75355206.3800,0.544100,-0.387600
2023-10-24,68.3007290200,69.5458304200,67.3599857400,68.6189216000,881020,86837939.0900,0.636400,-1.027600
2023-10-25,69.3798169000,69.3798169000,66.3224012400,67.0487103900,1111561,107857114.5600,0.802900,-2.288300
2023-10-26,66.7512695000,68.2108050300,65.7551883800,67.4429925000,1022573,99422935.3500,0.738700,0.588100
2023-10-27,67.1663033000,71.3235585300,65.8520296000,70.4658220100,1316652,131859338.2700,0.951100,4.482100
2023-10-30,69.9262780700,70.1822155800,68.8402729600,69.4559064300,823618,82782294.7800,0.594900,-1.433200
2023-10-31,69.2138033800,69.7256784000,67.5813371000,68.5497493000,1048430,103667352.2800,0.757300,-1.304700
2023-11-01,67.8511090700,69.1515483100,66.9172830200,67.3253995900,898850,87601907.4800,0.649300,-1.786100
2023-11-02,67.3738202000,68.0724604300,66.8273590300,67.3184823600,529635,51727240.5000,0.382600,-0.010300
2023-11-03,67.4014891200,70.9016075000,67.4014891200,69.4420719700,950410,95570608.3600,0.686500,3.154500
2023-11-06,69.4420719700,71.8285163200,69.4420719700,71.1575450100,964334,98893674.6900,0.696600,2.470400
2023-11-07,71.2474690000,72.6170805400,70.4450703200,71.6694200300,645627,66992666.1300,0.466400,0.719400
2023-11-08,71.6417511100,73.3226380000,71.3581446800,72.8522663600,560021,58763935.2200,0.404500,1.650400
2023-11-09,72.3818947200,72.9975281900,70.2928912600,70.6733389100,785756,80868036.6900,0.567600,-2.990900
2023-11-10,70.0300365200,71.3235585300,69.8571057700,70.5764976900,501366,51162947.1100,0.362200,-0.137000
2023-11-13,69.7325956300,71.4549859000,68.8264385000,69.0823760100,667984,67010213.0700,0.482500,-2.117000
2023-11-14,69.4974098100,70.4865737000,69.1723000000,69.9193608400,407778,41234612.7300,0.294600,1.211600
2023-11-15,69.9193608400,70.8601041200,69.7671817800,70.4796564700,431500,43864276.8400,0.311700,0.801300
2023-11-16,70.1891328100,70.1891328100,69.0477898600,69.5181615000,462462,46391696.5600,0.334100,-1.364200
2023-11-17,69.5181615000,70.4796564700,69.1723000000,69.9331953000,449775,45459935.1600,0.324900,0.597000
2023-11-20,69.3452307500,70.3413118700,68.9647831000,69.6357544100,342922,34439064.4200,0.247700,-0.425300
2023-11-21,69.4974098100,70.2790568000,68.9094452600,69.0339554000,411263,41360355.0900,0.297100,-0.864200
2023-11-22,68.9509486400,69.4559064300,67.8165229200,67.8165229200,406518,40451034.3000,0.293700,-1.763500
2023-11-23,68.3560668600,71.4065652900,68.2453911800,71.2336345400,717053,72684678.5100,0.518000,5.038800
2023-11-24,70.8116835100,71.6348338800,70.4727392400,71.2820551500,539850,55483503.2600,0.390000,0.068000
2023-11-27,72.8591835900,75.0588627300,71.7662612500,72.6239977700,1056393,111783400.6200,0.763100,1.882600
2023-11-28,72.1674605900,75.0173593500,71.6417511100,74.0143610000,822396,87815709.5300,0.594100,1.914500
2023-11-29,73.3364724600,75.0381110400,73.3226380000,73.6546650400,628921,67353106.5600,0.454300,-0.486000
2023-11-30,73.7100028800,75.3770553100,73.0459488000,74.5677394000,547194,58621074.1700,0.395300,1.239700
2023-12-01,74.0489471500,76.7120807000,73.7515062600,76.1171989200,914360,99798649.6200,0.660500,2.077900
2023-12-04,75.8197580300,76.3523847400,75.1142005700,75.8266752600,641155,70335442.0300,0.463100,-0.381700
2023-12-05,75.5499860600,76.6359911700,74.9136009000,74.9481870500,571179,62432229.3300,0.412600,-1.158500
2023-12-06,74.4224775700,78.0540233200,74.1457883700,75.6053239000,557900,61320914.7000,0.403000,0.876800
2023-12-07,74.7130012300,76.6982462400,74.7060840000,75.1349522600,822884,89856133.3000,0.594400,-0.622100
2023-12-08,74.7821735300,78.0056027100,74.0904505300,74.3948086500,1955865,213460774.7400,1.412800,-0.985100
2023-12-11,74.0143610000,75.9719370900,73.1151211000,74.9274353600,823301,89221699.3600,0.594700,0.715900
2023-12-12,74.9274353600,74.9758559700,72.6862528400,73.3987275300,624012,66220045.1800,0.450800,-2.040300
2023-12-13,72.8384319000,73.8690991700,72.8384319000,73.1704589400,295293,31341581.6800,0.213300,-0.311000
2023-12-14,73.0251971100,73.9521059300,72.7070045300,72.7070045300,402731,42515466.6500,0.290900,-0.633400
2023-12-15,72.6309150000,73.2327140100,70.9776970300,71.2474690000,707056,73425014.5700,0.510700,-2.007400
2023-12-18,71.2128828500,72.4579842500,70.2375534200,71.6002477300,393594,40759363.4700,0.284300,0.495100
2023-12-19,71.2474690000,71.9599436900,70.8116835100,71.2958896100,319406,32961820.6100,0.230700,-0.425100
2023-12-20,71.2958896100,71.4203997500,69.7810162400,70.4796564700,327393,33313631.2500,0.236500,-1.144900
2023-12-21,69.4974098100,71.1575450100,68.9094452600,70.2513878800,379865,38411110.7900,0.274400,-0.323900
2023-12-22,70.4243186300,70.4243186300,68.1485499600,68.7226800500,383109,38328892.3400,0.276700,-2.176100
2023-12-25,68.9578658700,69.4904925800,68.0240398200,69.4628236600,258264,25675543.6100,0.186600,1.077000
2023-12-26,69.8294368500,69.8294368500,67.5329164900,68.3560668600,300861,29719187.2000,0.217300,-1.593300
2023-12-27,68.3699013200,69.1584655400,67.8165229200,69.0339554000,254270,25193636.5400,0.183700,0.991700
2023-12-28,68.8333557300,71.9322747700,66.7305178100,71.4273169800,592013,59913580.5000,0.427200,3.466900
2023-12-29,71.2474690000,75.1003661100,70.6318355300,74.9066836700,827816,87914512.0300,0.597300,4.871200
2024-01-02,74.7752563000,74.7752563000,71.2474690000,71.2474690000,502690,52578703.3800,0.362700,-4.885000
2024-01-03,70.7286767500,72.2781362700,69.8640230000,72.0152815300,484945,49783691.7700,0.349900,1.077700
2024-01-04,72.0014470700,72.0083643000,70.0715399000,70.4243186300,361826,36942679.0400,0.261100,-2.209200
2024-01-05,70.4381530900,71.1229588600,69.4489892000,69.5527476500,294044,29736276.3600,0.212200,-1.237600
2024-01-08,69.1653827700,71.1091244000,68.5566665300,68.9440314100,311556,31476749.8200,0.224800,-0.875200
2024-01-09,68.9440314100,70.4519875500,68.4805770000,69.4074858200,224472,22505983.4700,0.162000,0.672200
2024-01-10,68.8679418800,72.6516666900,68.4805770000,69.6495888700,479985,48950270.1900,0.346400,0.348800
2024-01-11,69.6495888700,70.9016075000,68.8264385000,70.1822155800,361726,36653583.6300,0.261000,0.764700
2024-01-12,70.0715399000,72.9145214300,70.0023676000,71.2889723800,465370,48224509.6800,0.335800,1.577000
2024-01-15,71.2889723800,71.5518271200,70.2444706500,70.6249183000,214704,21983461.0500,0.154900,-0.931500
2024-01-16,70.6249183000,71.9322747700,69.4420719700,71.6694200300,404368,41582448.9900,0.291800,1.478900
2024-01-17,71.6348338800,71.6348338800,68.1416327300,68.1554671900,353748,35546096.5400,0.255300,-4.903000
2024-01-18,66.8066073400,68.7711006600,66.3639046200,68.5428320700,355954,34633702.3300,0.256900,0.568400
2024-01-19,68.3491496300,69.5181615000,67.3738202000,67.4775786500,179511,17735881.2900,0.129500,-1.554100
2024-01-22,67.0417931600,67.2838962100,62.2758216900,62.5317592000,572495,53147100.4100,0.413100,-7.329600
2024-01-23,62.2550700000,63.6385160000,61.7431949800,63.2511511200,349433,31701364.9500,0.252100,1.150400
2024-01-24,63.8391156700,65.4300785700,62.4418352100,65.1672238300,491736,45603702.1800,0.354800,3.029300
2024-01-25,65.2294789000,66.1287188000,64.3371562300,65.3055684300,499608,47197254.0000,0.360500,0.212300
2024-01-26,65.0288792300,66.3777390800,63.9843775000,64.2057288600,315023,29590524.8500,0.227300,-1.684100
2024-01-29,65.6445127000,65.6445127000,61.9576291100,62.3588284500,325809,29770325.5200,0.235100,-2.876500
2024-01-30,64.2264805500,64.2264805500,61.4250024000,61.4250024000,349644,31767712.4400,0.252300,-1.497500
2024-01-31,60.8923756900,61.8884568100,59.8824601100,60.9546307600,506231,44503297.2500,0.365300,-0.765800
2024-02-01,59.5296813800,63.4033301800,59.3429161700,61.7224432900,423556,37826932.6100,0.305600,1.259600
2024-02-02,61.7224432900,63.5347575500,60.1245631600,61.6394365300,539876,48774851.0700,0.389600,-0.134500
2024-02-05,62.1167254000,64.2126460900,56.0987353000,61.7708639000,594065,52159558.9400,0.428700,0.213200
2024-02-06,61.4042507100,67.4429925000,59.9032118000,67.2354756000,731360,68406970.1200,0.527700,8.846600
2024-02-07,67.7819367700,72.5963288500,67.5813371000,72.4026464100,982182,101215290.9100,0.708700,7.685200
2024-02-08,72.4026464100,77.1201972700,71.1160416300,74.7060840000,1005518,109584390.7800,0.725600,3.181400
2024-02-19,71.9391920000,74.5539049400,71.2543862300,72.2227984300,666017,70011409.3500,0.480600,-3.324100
2024-02-20,71.1575450100,73.2534657000,71.1506277800,71.6279166500,412050,42778592.0400,0.297300,-0.823700
2024-02-21,71.2474690000,74.3602225000,70.6249183000,72.4026464100,449608,47381065.6800,0.324400,1.081600
2024-02-22,70.5695804600,73.3918103000,70.5695804600,71.4549859000,326130,33791299.1000,0.235300,-1.308900
2024-02-23,70.9085247300,72.7346734500,70.9016075000,72.4649014800,366660,38186750.7700,0.264600,1.413400
2024-02-26,71.9391920000,74.7060840000,71.5794960400,72.4441497900,429378,45097363.3600,0.309800,-0.028600
2024-02-27,72.5479082400,73.1427900200,71.2474690000,71.9391920000,441432,45762854.4000,0.318500,-0.697000
2024-02-28,72.8661008200,74.3325535800,70.9016075000,70.9016075000,520032,54434407.7600,0.375300,-1.442300
2024-02-29,70.9016075000,72.8591835900,70.6249183000,72.1605433600,473475,49091867.6100,0.341700,1.775600
2024-03-01,72.4787359400,72.6170805400,71.1091244000,72.0637021400,449204,46538836.5500,0.324100,-0.134200
2024-03-04,71.2889723800,75.5361516000,70.9707798000,75.3978070000,664524,70528558.8100,0.479500,4.626600
2024-03-05,75.4323931500,76.0341921600,73.3572241500,75.0726971900,491044,53294359.1400,0.354300,-0.431200
2024-03-06,75.0726971900,76.8850114500,74.1457883700,75.4116414600,619440,67516082.4200,0.447000,0.451500
2024-03-07,75.0519455000,75.1142005700,70.0922915900,70.7770973600,994116,104021274.7300,0.717300,-6.145700
2024-03-08,70.4934909300,72.3680602600,70.4381530900,72.0913710600,501418,51979879.2300,0.361800,1.856900
2024-03-11,72.6309150000,75.9096820200,72.0913710600,75.8820131000,849386,91755300.0900,0.612900,5.258100
2024-03-12,76.0687783100,77.9986854800,75.8958475600,76.9541837500,774557,86257769.2800,0.558900,1.412900
2024-03-13,76.1863712200,77.8119202700,74.8790147500,77.3069624800,680658,75335672.0700,0.491200,0.458400
2024-03-14,78.3376297500,79.1746145800,76.7881702300,78.3583814400,575043,64922042.2000,0.414900,1.360100
2024-03-15,78.0678577800,79.4651382400,76.0895300000,76.9126803700,533282,59713158.9700,0.384800,-1.845000
2024-03-18,76.4284742700,78.7803324700,76.4284742700,78.5451466500,607894,68083655.6700,0.438700,2.122500
2024-03-19,77.6804929000,78.5243949600,77.3000452500,77.4729760000,412549,46502298.5200,0.297700,-1.365000
2024-03-20,78.3030436000,78.4344709700,76.0964472300,77.4660587700,402435,44915129.7200,0.290400,-0.008900
2024-03-21,77.5905689100,78.2961263700,75.3493863900,75.3978070000,505516,55730187.7100,0.364800,-2.669900
2024-03-22,75.3978070000,76.1725367600,73.3226380000,73.7100028800,425365,45436638.0900,0.306900,-2.238500
2024-03-25,74.0143610000,75.5914894400,73.1012866400,73.4609826000,537056,57703074.6500,0.387500,-0.337800
2024-03-26,73.4609826000,74.1527056000,72.8799352800,73.3503069200,464965,49354997.0700,0.335500,-0.150700
2024-03-27,72.9491075800,73.0667004900,70.5557460000,70.6110838400,706281,73096841.8000,0.507700,-3.734400
2024-03-28,70.8186007400,71.3512274500,69.1169621600,69.8986091500,556132,56500681.1800,0.399800,-1.009000
2024-03-29,69.9055263800,70.5211598500,67.0971310000,68.1347155000,766429,75501451.5100,0.551000,-2.523500
2024-04-01,68.2246394900,70.7010078300,68.1347155000,70.6733389100,553408,55817512.7900,0.397800,3.725900
2024-04-02,70.5557460000,70.5557460000,69.0132037100,69.0823760100,490235,49222249.7300,0.352400,-2.251200
2024-04-03,69.0823760100,69.7395128600,67.8096056900,67.9271986000,460059,45580173.5700,0.330700,-1.672200
2024-04-08,67.7888540000,68.4114047000,65.9419535900,66.0595465000,480681,46163013.2100,0.345500,-2.749500
2024-04-09,66.2670634000,68.0517087400,65.7897745300,67.6505094000,520592,50278663.3600,0.374200,2.408400
2024-04-10,67.7819367700,67.7819367700,65.9142846700,66.2186427900,263974,25324092.1000,0.189800,-2.116600
2024-04-11,66.2324772500,67.0487103900,65.4784991800,65.7275194600,360187,34451442.9900,0.258900,-0.741700
2024-04-12,66.1218015700,66.5368353700,65.3747407300,65.4923336400,170442,16240877.8500,0.122500,-0.357800
2024-04-15,65.4784991800,66.7512695000,64.5792592800,65.2571478200,475529,45024540.3800,0.341800,-0.359100
2024-04-16,65.2571478200,66.7236005800,64.0120464200,64.0189636500,524369,49212530.4400,0.376900,-1.897400
2024-04-17,64.8421140200,65.4300785700,64.0258808800,64.5377559000,453111,42324145.4700,0.325700,0.810400
2024-04-18,64.3440734600,66.7858556500,63.9843775000,65.3401545800,683752,64756502.6400,0.491500,1.243300
2024-04-19,65.1603066000,65.3332373500,62.8776207000,63.1404754400,540406,49678436.8500,0.388500,-3.366500
2024-04-22,62.2758216900,64.9458724700,62.2758216900,63.8045295200,492909,45675976.6200,0.354300,1.051700
2024-04-23,63.7768606000,64.8767001700,62.7461933300,64.1988116300,455489,42029110.7200,0.327400,0.618000
2024-04-24,64.7452728000,64.7452728000,63.4794197100,64.3025700800,335785,31180749.5700,0.241400,0.161600
2024-04-25,64.4547491400,65.0911343000,63.9290396600,64.0673842600,497773,46371674.6100,0.357800,-0.365700
2024-04-26,63.9152052000,66.5299181400,63.9152052000,66.4261596900,608849,57863290.3100,0.437700,3.681700
2024-04-29,67.5675026400,67.5675026400,65.0911343000,66.5575870600,1024352,97941595.1500,0.736400,0.197900
2024-04-30,66.2324772500,67.4222408100,65.8451123700,66.4054080000,508096,48870848.9400,0.365300,-0.228600
2024-05-06,66.4469113800,67.7888540000,65.4231613400,66.7996901100,1205998,116031259.3900,0.866900,0.593800
2024-05-07,66.7927728800,69.0408726300,66.4399941500,68.1900533400,884249,86774985.7500,0.635700,2.081400
2024-05-08,67.9271986000,68.7711006600,66.4745803000,66.5437526000,566171,55103124.4300,0.407000,-2.414300
2024-05-09,66.5437526000,68.0655432000,65.7828573000,67.3323168200,557667,54019269.7400,0.400900,1.185000
2024-05-10,67.6712610900,67.6712610900,64.7660244900,64.7798589500,706528,66936027.3800,0.507900,-3.790800
2024-05-13,64.5100869800,64.7867761800,63.6592676900,63.9843775000,652018,60478975.5100,0.468700,-1.228000
2024-05-14,64.3025700800,64.6968521900,63.6661849200,64.2818183900,368483,34187875.4500,0.264900,0.464900
2024-05-15,63.8529501300,64.2472322400,63.1543099000,63.6523504600,253839,23390556.5000,0.182500,-0.979200
2024-05-16,63.6523504600,64.3233217700,63.2788200400,63.4725024800,350713,32310241.4800,0.252100,-0.282500
2024-05-17,63.4932541700,64.0327981100,62.4625869000,63.4171646400,522839,47668819.0800,0.375800,-0.087200
2024-05-20,63.4171646400,65.6306782400,63.2303994300,63.9497913500,563037,52342242.2100,0.404700,0.839900
2024-05-21,63.6454332300,64.4063285300,63.1197237500,63.4309991000,336605,30953680.8000,0.242000,-0.811200
2024-05-22,67.7888540000,68.8264385000,63.7215227600,64.0397153400,1106733,104179074.5800,0.795600,0.959700
2024-05-23,63.3410751100,63.3549095700,61.2797405700,61.4180851700,891008,79961169.0400,0.640500,-4.093800
2024-05-24,61.3973334800,62.0129669500,59.9516324100,60.2836594500,592506,51947741.2900,0.425900,-1.847100
2024-05-27,60.2836594500,60.7540310900,59.5020124600,60.6087692600,408752,35521106.1600,0.293800,0.539300
2024-05-28,59.9447151800,60.5119280400,59.8340395000,60.1799010000,249621,21711079.0400,0.179400,-0.707600
2024-05-29,60.6502726400,60.8024517000,59.8202050400,60.0000530200,207876,18074694.4600,0.149400,-0.298900
2024-05-30,59.5089296900,62.7392761000,59.3567506300,62.3864973700,695271,62058622.3400,0.499800,3.977400
2024-05-31,62.9467930000,66.3085667800,62.4625869000,65.5684231700,1131600,106665007.0400,0.813500,5.100300
2024-06-03,65.3954924200,66.1978911000,64.3509906900,65.0288792300,561709,52653325.0300,0.403800,-0.822900
2024-06-04,64.4755008300,65.4369958000,64.3509906900,65.1948927500,369511,34685784.8600,0.265600,0.255300
2024-06-05,65.2087272100,66.0595465000,64.2057288600,64.4201629900,374988,35330174.7700,0.269600,-1.188300
2024-06-06,65.0081275400,65.5061681000,63.2926545000,63.5140058600,402833,37347190.5200,0.289600,-1.406600
2024-06-07,63.4794197100,64.0189636500,61.8538706600,62.2550700000,462207,41814323.4300,0.332300,-1.982100
2024-06-11,61.1621476600,63.7215227600,61.1621476600,63.5900953900,268565,24257185.5900,0.193100,2.144400
2024-06-12,63.3203234200,64.5239214400,63.2027305100,63.2580683500,302267,27796869.4000,0.217300,-0.522100
2024-06-13,62.9260413100,63.4725024800,61.6532709900,63.0851376000,449879,40661129.1000,0.323400,-0.273400
2024-06-14,62.6355176500,63.8391156700,62.4141662900,63.2165649700,679721,62105379.7400,0.488600,0.208300
2024-06-17,62.9191240800,65.6721816200,62.8637862400,65.2778995100,589277,55324380.0400,0.423600,3.260800
2024-06-18,65.2363961300,65.5476714800,63.3203234200,63.5555092400,528030,48993311.8800,0.379600,-2.638600
2024-06-19,63.6592676900,64.1918944000,62.2758216900,62.3242423000,399826,36379505.5900,0.287400,-1.937300
2024-06-20,61.9534575000,63.1827702000,60.0997320000,60.3924255000,682625,42699133.0100,0.351800,-3.099600
2024-06-21,60.1680271500,61.2509931000,59.8753336500,60.9778125000,351008,21801746.5100,0.180900,0.969300
2024-06-24,60.5485287000,61.9046752500,60.1875400500,60.8802480000,475944,29882890.9700,0.245300,-0.160000
2024-06-25,60.8217093000,62.9291025000,59.5436143500,59.7972820500,607565,38026008.0400,0.313100,-1.778800
2024-06-26,59.3875111500,62.3339590500,59.1240870000,62.3046897000,667378,41720679.2200,0.343900,4.193200
2024-06-27,61.8266236500,62.0119962000,60.4997464500,60.5875545000,379795,23722231.2700,0.195700,-2.756000
2024-06-28,60.0021675000,61.6900333500,60.0021675000,60.1777836000,598578,37311986.6100,0.308500,-0.676300
2024-07-01,60.5095029000,60.8412222000,57.6606195000,58.2947887500,722643,43378897.4400,0.372400,-3.129100
2024-07-02,58.7338290000,59.0265225000,56.6947309500,58.6752903000,651406,38585533.7500,0.335700,0.652700
2024-07-03,58.5484564500,58.8899322000,57.4654905000,58.2069807000,338945,20200965.6100,0.174700,-0.798100
2024-07-04,58.8899322000,59.2216515000,56.0995875000,56.4898455000,458333,26721836.4400,0.236200,-2.950100
2024-07-05,56.7727825500,58.7533419000,56.1971520000,58.2264936000,598519,35514995.6600,0.308400,3.074300
2024-07-08,57.9533130000,58.4801613000,55.6898166000,56.1776391000,481521,27857525.9300,0.248100,-3.518800
2024-07-09,56.4605761500,57.1727970000,55.1239425000,56.7337567500,402236,23216910.5500,0.207300,0.989900
2024-07-10,56.4020374500,57.7581840000,56.1971520000,56.9776680000,465343,27210641.9000,0.239800,0.429900
2024-07-11,57.6020808000,59.7484998000,57.5532985500,58.4313790500,661724,39883956.8300,0.341000,2.551400
2024-07-12,58.7826112500,61.2022108500,58.7826112500,59.2021386000,467173,28673832.6200,0.240700,1.319100
2024-07-15,59.0460354000,59.0460354000,56.6654616000,57.0069373500,577340,34006303.2900,0.297500,-3.708000
2024-07-16,56.7337567500,57.8167227000,56.3142294000,56.9093728500,393146,23063737.5800,0.202600,-0.171100
2024-07-17,56.9093728500,58.6752903000,56.3922810000,58.3240581000,700682,41408887.3100,0.361100,2.485900
2024-07-18,57.7094017500,59.9046030000,57.5337856500,59.3875111500,621274,37760581.4800,0.320200,1.823400
2024-07-19,58.9874967000,60.9387867000,58.7143161000,60.5582851500,660511,40751034.3900,0.340400,1.971400
2024-07-22,61.2217237500,61.4656350000,60.1485142500,60.8509786500,483534,30224595.3900,0.249200,0.483300
2024-07-23,60.3436432500,60.4607206500,58.5679693500,58.6850467500,371531,22672736.9900,0.191500,-3.559400
2024-07-24,58.6850467500,58.8606628500,56.9386422000,56.9874244500,448911,26585115.6200,0.231300,-2.892800
2024-07-25,56.2556907000,57.7581840000,56.1971520000,56.9386422000,275528,16107174.8500,0.142000,-0.085600
2024-07-26,57.1923099000,57.7289146500,56.7337567500,56.9386422000,246159,14404264.2600,0.126900,0.000000
2024-07-29,57.7581840000,57.7581840000,55.6410343500,55.9727536500,279146,16138382.8600,0.143900,-1.696400
2024-07-30,55.8654327000,55.9825101000,55.2019941000,55.5532263000,230956,13133436.9300,0.119000,-0.749500
2024-07-31,55.4263924500,59.7875256000,55.1434554000,59.7777691500,714943,42770233.4700,0.368400,7.604500
2024-08-01,61.2412366500,61.2412366500,58.3435710000,59.0167660500,439211,26716264.5900,0.226300,-1.273100
2024-08-02,58.4313790500,60.2948610000,58.3533274500,58.6557774000,271013,16466622.8600,0.139700,-0.611700
2024-08-05,58.4996742000,60.2655916500,57.8557485000,57.9142872000,538017,32575920.9600,0.277300,-1.264100
2024-08-06,57.9142872000,60.1582707000,57.1727970000,59.4167805000,450724,27344340.9600,0.232300,2.594300
2024-08-07,59.0265225000,59.2997031000,58.3045452000,58.9874967000,301047,18159938.7500,0.155100,-0.722500
2024-08-08,58.4801613000,59.4948321000,58.1777113500,59.2314079500,303951,18365563.8200,0.156600,0.413500
2024-08-09,58.5387000000,60.0021675000,58.3435710000,58.3435710000,244085,14729991.0500,0.125800,-1.498900
2024-08-12,58.3435710000,59.3192160000,58.0216081500,58.6850467500,219379,13226656.5900,0.113100,0.585300
2024-08-13,58.7143161000,59.0557918500,58.2264936000,58.8411499500,202787,12186764.5800,0.104500,0.266000
2024-08-14,59.1045741000,59.1045741000,57.1727970000,57.1825534500,299715,17697832.3600,0.154500,-2.818800
2024-08-15,57.1825534500,58.8313935000,57.0654760500,57.9533130000,373409,22202356.5000,0.192400,1.347900
2024-08-16,58.3923532500,58.7923677000,57.0752325000,58.1874678000,312853,18628680.0100,0.161200,0.404000
2024-08-19,58.3143016500,60.4704771000,57.5630550000,60.3046174500,730677,44865135.1300,0.376500,3.638500
2024-08-20,59.4655627500,60.7924399500,58.8996886500,59.0362789500,341859,20895188.0800,0.176200,-2.103200
2024-08-21,59.0362789500,59.4948321000,58.4021097000,58.7338290000,204640,12367578.5100,0.105500,-0.512300
2024-08-22,59.2021386000,59.2216515000,57.7094017500,58.6557774000,355890,21352136.9200,0.183400,-0.132900
2024-08-23,58.6557774000,60.0997320000,58.4216226000,59.1240870000,368891,22467404.3900,0.190100,0.798400
2024-08-26,59.1240870000,59.3972676000,57.6411066000,58.0216081500,420752,25216329.1300,0.216800,-1.864700
2024-08-27,58.0313646000,59.2118950500,57.7581840000,58.8411499500,370376,22200062.5400,0.190900,1.412500
2024-08-28,58.0996597500,59.8070385000,58.0996597500,59.4850756500,202715,12321452.6100,0.104500,1.094300
2024-08-29,59.5631272500,60.4899900000,58.5484564500,60.3924255000,336189,20610055.1700,0.173200,1.525300
2024-08-30,60.6363367500,61.2314802000,59.5728837000,60.3143739000,560651,34946472.3500,0.288900,-0.129200
2024-09-02,60.3241303500,60.4412077500,58.5582129000,58.5874822500,449494,27261289.6600,0.231600,-2.863200
2024-09-03,58.9289580000,59.7094740000,58.3533274500,58.8899322000,247991,15017831.7000,0.127800,0.516200
2024-09-04,58.9289580000,59.7094740000,58.1386855500,59.5045885500,264761,16032055.0700,0.136400,1.043700
2024-09-05,59.5045885500,60.1972965000,58.7338290000,59.7094740000,267630,16398796.3600,0.137900,0.344300
2024-09-06,59.9826546000,60.2655916500,58.0020952500,58.0118517000,278401,16714057.8700,0.143500,-2.843100
2024-09-09,57.7386711000,58.6557774000,57.7386711000,57.7874533500,207784,12381162.2000,0.107100,-0.386800
2024-09-10,58.0313646000,58.4606484000,57.2410921500,58.0020952500,192873,11405839.1600,0.099400,0.371400
2024-09-11,57.7581840000,58.8021241500,57.6411066000,58.5094306500,251702,15084359.1400,0.129700,0.874700
2024-09-12,58.5484564500,59.3777547000,57.7581840000,57.9825823500,249433,14933119.4100,0.128500,-0.900500
2024-09-13,57.6801324000,58.5094306500,57.3971953500,57.3971953500,220600,13086384.9300,0.113700,-1.009600
2024-09-18,57.5630550000,57.9923388000,56.9679115500,57.3874389000,215464,12676097.2100,0.111000,-0.017000
2024-09-19,58.1972242500,59.2899466500,57.0166938000,58.5387000000,312411,18713557.0000,0.161000,2.006100
2024-09-20,59.0070096000,59.0265225000,57.0752325000,57.4167082500,390060,23069486.2700,0.201000,-1.916700
2024-09-23,57.2215792500,57.3581695500,54.1873233000,54.6556329000,763979,43504656.0500,0.393700,-4.808800
2024-09-24,55.5629827500,57.9240436500,54.5092861500,57.9045307500,711918,41500435.3700,0.366900,5.944300
2024-09-25,58.3143016500,59.7875256000,56.9093728500,57.0362067000,835962,49654028.6800,0.430800,-1.499600
2024-09-26,57.0362067000,61.4266092000,56.6849745000,61.3192882500,1029321,62611612.3900,0.530400,7.509400
2024-09-27,63.1925266500,65.3682150000,61.6412511000,65.3682150000,1008199,65408436.0400,0.519600,6.603000
2024-09-30,67.2414534000,75.6905391000,66.6658228500,72.5879880000,2790140,202741329.1900,1.437800,11.044800
2024-10-08,80.4907125000,87.0958291500,77.4759694500,83.8859571000,3944433,333734930.6500,2.032700,15.564500
2024-10-09,79.0272450000,81.8566155000,73.1733750000,73.1733750000,2169270,173072833.1700,1.117900,-12.770400
2024-10-10,73.4186434500,78.0287653500,71.0253035700,71.3882280600,1356863,102408331.5100,0.699200,-2.439700
2024-10-11,70.9958772600,71.8100051700,66.2876676600,67.3077797400,1150787,80050040.7900,0.593000,-5.715900
2024-10-14,67.3077797400,67.6805130000,64.2964873500,67.2881622000,1252323,84590632.6800,0.645400,-0.029100
2024-10-15,67.6118516100,67.9453497900,65.7187590000,65.7187590000,1016343,68958306.6100,0.523700,-2.332400
2024-10-16,64.4828539800,66.6604009200,63.8550927000,65.4146871300,668337,44581717.5400,0.344400,-0.462700
2024-10-17,65.8462730100,66.5034606000,64.5711329100,64.6201767600,726955,48562811.6200,0.374600,-1.214600
2024-10-18,64.2866785800,71.0939649600,63.9531804000,68.2690392000,1492324,102890035.3200,0.769000,5.646600
2024-10-21,69.6324582300,70.3975422900,67.3666323600,69.1714460400,1476026,103682082.1900,0.760600,1.321800
2024-10-22,69.0733583400,70.0444265700,67.2489271200,68.9458443300,1112035,77542877.9700,0.573100,-0.326100
2024-10-23,68.9066092500,70.0248090300,67.7589831600,68.7889040100,875412,61664403.1400,0.451100,-0.227600
2024-10-24,68.0630550300,69.5049442200,68.0532462600,68.5338759900,629600,44184182.9400,0.324400,-0.370700
2024-10-25,68.5142584500,70.6231440000,68.0728638000,70.0836616500,899959,63971690.5200,0.463800,2.261300
2024-10-28,69.5736056100,71.0939649600,67.3273972800,68.1905690400,1073308,74701998.0800,0.553100,-2.701200
2024-10-29,68.1807602700,68.4652146000,65.4244959000,65.8756993200,1195037,80841396.5200,0.615800,-3.394700
2024-10-30,65.4735397500,66.2091975000,63.9139453200,65.0321451000,908252,60193372.9000,0.468000,-1.280500
2024-10-31,64.7084556900,65.6304800700,63.7570050000,64.1297382600,1019056,66807864.1800,0.525100,-1.387600
2024-11-01,64.3945750500,65.1302328000,63.8158576200,64.0414593300,937547,61481595.7700,0.483100,-0.137700
2024-11-04,64.1003119500,65.3558345100,63.9041365500,64.6496030700,764535,50144869.7300,0.394000,0.949600
2024-11-05,64.0512681000,66.6996360000,63.9433716300,66.5034606000,1251083,83728436.8100,0.644700,2.867500
2024-11-06,66.5034606000,67.3666323600,65.2381292700,66.7486798500,1638943,111055319.3600,0.844600,0.368700
2024-11-07,66.4151816700,69.6226494600,65.7972291600,69.4264740600,1410321,97893739.7900,0.726800,4.011800
2024-11-08,69.9071037900,70.8879807900,68.4750233700,68.7889040100,1491248,105616544.3000,0.768500,-0.918300
2024-11-11,67.6805130000,69.9561476400,67.2096920400,69.6030319200,1660258,116366976.4900,0.855600,1.183500
2024-11-12,69.6030319200,72.4868103000,69.5245617600,69.8874862500,1688974,122028682.4300,0.870400,0.408700
2024-11-13,69.9365301000,71.4078456000,68.0630550300,69.5441793000,988525,69943302.7900,0.509400,-0.491200
2024-11-14,69.2793425100,69.5441793000,66.6996360000,66.7192535400,978954,67898676.0500,0.504500,-4.062100
2024-11-15,66.7192535400,67.4843376000,64.5417066000,64.6790293800,953439,63975082.9900,0.491300,-3.057900
2024-11-18,64.6790293800,65.6991414600,63.1684788000,63.8060488500,824134,54161884.0300,0.424700,-1.349700
2024-11-19,63.7766225400,65.1694678800,63.5117857500,64.8555872400,568964,37369712.9600,0.293200,1.644900
2024-11-20,64.9929100200,65.7187590000,64.3455312000,65.2381292700,879656,58357809.4400,0.453300,0.589800
2024-11-21,64.6397943000,65.6206713000,64.0512681000,64.6397943000,761403,50313748.5600,0.392400,-0.917200
2024-11-22,64.6397943000,64.9242486300,61.2165335700,61.2655774200,895453,57415482.3700,0.461500,-5.220000
2024-11-25,61.0595932500,62.4230122800,61.0595932500,61.7854422300,562370,35411068.3600,0.289800,0.848500
2024-11-26,62.3739684300,62.6486139900,61.4225177400,62.3053070400,841090,53212263.0300,0.433400,0.841400
2024-11-27,62.2954982700,62.7368929200,61.3244300400,62.5014824400,760849,48176462.8700,0.392100,0.314900
2024-11-28,62.5897613700,62.5897613700,61.4519440500,61.6186931400,515362,32556994.6100,0.265600,-1.412400
2024-11-29,61.3538563500,64.2474435000,61.3244300400,63.4431243600,1069634,69099899.2700,0.551200,2.960800
2024-12-02,63.2861840400,64.5318978300,62.8742157000,64.1493558000,781076,50912170.2100,0.402500,1.113200
2024-12-03,64.1591645700,64.6201767600,63.3156103500,63.5412120600,459304,29816933.0100,0.236700,-0.948000
2024-12-04,64.0512681000,64.0512681000,62.0993228700,62.4426298200,440828,28201914.4000,0.227200,-1.728900
2024-12-05,62.3053070400,62.7565104600,61.5696492900,61.9914264000,702423,44504006.5400,0.362000,-0.722600
2024-12-06,62.1091316400,63.3156103500,61.4617528200,62.7761280000,668538,42578969.0200,0.344500,1.265800
2024-12-09,63.0998174100,63.5019769800,61.5304142100,61.5892668300,649807,41193811.0500,0.334900,-1.890600
2024-12-10,64.4240013600,65.2969818900,62.9526858600,63.0115384800,1400439,91693104.2300,0.721700,2.309300
2024-12-11,64.1983996500,66.9154289400,63.0115384800,65.5127748300,1756779,117825798.2300,0.905300,3.969500
2024-12-12,65.5225836000,66.3661378200,64.8359697000,66.0032133300,993047,66432511.5800,0.511700,0.748600
2024-12-13,65.9149344000,65.9149344000,63.7570050000,64.1885908800,1122713,73612665.8400,0.578600,-2.749300
2024-12-16,64.3259136600,64.6594118400,62.1876018000,62.4818649000,860350,54934290.1500,0.443400,-2.658900
2024-12-17,62.4426298200,62.7270841500,61.3146212700,61.4323265100,802060,50562013.6800,0.413300,-1.679700
2024-12-18,61.4911791300,62.1483667200,61.3048125000,61.6285019100,455800,28689606.4700,0.234900,0.319300
2024-12-19,60.8241827700,61.9914264000,59.5490426700,61.0007406300,778334,48068376.8800,0.401100,-1.018600
2024-12-20,60.7751389200,61.5598405200,60.4122144300,61.0399757100,608807,37878815.8000,0.313700,0.064300
2024-12-23,61.0497844800,61.0988283300,59.8334970000,60.0296724000,511600,31424038.7400,0.263600,-1.655200
2024-12-24,60.1571864100,61.1086371000,60.1473776400,60.9615055500,473293,29307899.4600,0.243900,1.552300
2024-12-25,60.9615055500,61.4127089700,60.4808758200,61.1576809500,408751,25402190.0900,0.210600,0.321800
2024-12-26,60.9516967800,62.1483667200,60.6574336800,61.0988283300,458221,28618464.2100,0.236100,-0.096200
2024-12-27,61.2459598800,61.2459598800,60.4318319700,60.4906845900,482895,29935241.3600,0.248800,-0.995300
2024-12-30,60.2945091900,61.0203581700,59.6275128300,59.9119671600,614187,37650428.5800,0.316500,-0.956700
2024-12-31,60.0983337900,60.2552741100,59.4215286600,59.4215286600,640167,39006915.5100,0.329900,-0.818600
2025-01-02,59.2351620300,60.1473776400,57.0968501700,57.5872886700,719228,42881188.7000,0.370600,-3.086800
2025-01-03,57.2635992600,58.7545323000,57.1557027900,57.3322606500,512350,30249810.0000,0.264000,-0.442900
2025-01-06,58.3229464200,58.6172095200,56.9693361600,57.7246114500,455511,26879574.9300,0.234700,0.684300
2025-01-07,57.2243641800,57.9109780800,56.9104835400,57.2832168000,349928,20417113.5800,0.180300,-0.764700
2025-01-08,57.2832168000,57.3616869600,55.5764908200,56.4004275000,714244,41087540.2200,0.368100,-1.541100
2025-01-09,56.0865468600,56.6946906000,55.4489768100,55.4489768100,484671,27677704.5500,0.249800,-1.687000
2025-01-10,55.4784031200,56.0375030100,54.5661875100,54.6152313600,433702,24387139.4400,0.223500,-1.503600
2025-01-13,54.2228805600,55.8805626900,54.1934542500,55.7530486800,530520,29812321.3100,0.273400,2.083300
2025-01-14,55.9884591600,57.3616869600,55.6549609800,57.0870414000,516330,29816683.4600,0.266100,2.392700
2025-01-15,56.8908660000,56.9987624700,55.7138136000,56.4788976600,416021,23859346.2200,0.214400,-1.065300
2025-01-16,57.4892009700,57.6461412900,55.9982679300,56.3023398000,437319,25328081.9000,0.225400,-0.312600
2025-01-17,56.2434871800,57.3028343400,55.8903714600,56.8712484600,431235,24893971.9100,0.222200,1.010500
2025-01-20,57.2243641800,58.0384920900,56.8908660000,57.0674238600,441236,25780220.8400,0.227400,0.344900
2025-01-21,57.3420694200,57.4009220400,55.9688416200,56.5181327400,338610,19503643.9900,0.174500,-0.962500
2025-01-22,56.1061644000,56.7339256800,55.4980206600,55.9099890000,479926,27387743.2500,0.247300,-1.076000
2025-01-23,56.5573678200,56.9791449300,55.8609451500,56.0963556300,509314,29301233.0300,0.262500,0.333300
2025-01-24,56.1355907100,56.8614396900,55.7138136000,56.8222046100,440895,25389767.6500,0.227200,1.293900
2025-01-27,57.8030816100,57.8619342300,56.2042521000,56.2042521000,400904,23225778.4800,0.206600,-1.087500
2025-02-05,56.8222046100,57.7442289900,56.1257819400,56.9791449300,529593,30726092.9300,0.272900,1.378700
2025-02-06,57.3813045000,57.8717430000,56.4494713500,57.2537904900,405098,23691350.8900,0.208800,0.482000
2025-02-07,57.0968501700,58.8526200000,57.0968501700,58.3229464200,809965,48012514.4300,0.417400,1.867400
2025-02-10,58.2248587200,58.9507077000,57.7540377600,58.5975919800,625749,37269585.8000,0.322500,0.470900
2025-02-11,58.9408989300,58.9408989300,56.6064116700,57.5284360500,645500,37726617.9800,0.332600,-1.824600
2025-02-12,57.1458940200,57.6755676000,56.8025870700,57.3714957300,459619,26818388.0100,0.236900,-0.272800
2025-02-13,57.3813045000,58.0679184000,56.9791449300,57.6265237500,548329,32232476.3400,0.282600,0.444500
2025-02-14,57.2145554100,58.8428112300,57.2145554100,58.4210341200,702009,41783801.2000,0.361800,1.378700
2025-02-17,59.3822935800,59.3822935800,57.0870414000,57.5970974400,773354,45850840.0800,0.398500,-1.410300
2025-02-18,57.5774799000,58.0188745500,56.4004275000,56.4396625800,613524,35697734.5800,0.316200,-2.009500
2025-02-19,56.3513836500,57.4499658900,56.0080767000,56.7241169100,482987,27964256.4100,0.248900,0.504000
2025-02-20,56.8810572300,58.2444762600,56.7339256800,57.9698307000,1001576,58990470.5600,0.516100,2.196100
2025-02-21,58.0679184000,59.4411462000,57.0576150900,58.0973447100,879045,51962317.7200,0.453000,0.220000
2025-02-24,57.8030816100,58.3621815000,57.2832168000,57.6461412900,715710,42100922.5800,0.368800,-0.776600
2025-02-25,57.1557027900,57.7638465300,56.9497186200,57.0870414000,573521,33513721.9200,0.295600,-0.969900
2025-02-26,57.3911132700,58.8722375400,56.9889537000,58.8526200000,997796,59075991.3300,0.514200,3.092800
2025-02-27,58.9899427800,59.6275128300,58.6270182900,59.3626760400,936646,56483040.5800,0.482700,0.866700
2025-02-28,59.4117198900,59.5784689800,57.5774799000,57.9011693100,705379,42011073.4000,0.363500,-2.462000
2025-03-03,58.6270182900,60.7162863000,58.6270182900,59.3921023500,1303200,79732281.7900,0.671600,2.575000
2025-03-04,59.8334970000,60.1277601000,59.1763094100,59.9119671600,807384,49169044.0700,0.416100,0.875300
2025-03-05,60.2062302600,60.2062302600,58.6074007500,59.1665006400,746230,44936857.9100,0.384600,-1.244300
2025-03-06,58.9408989300,59.8334970000,58.4602692000,59.5490426700,822535,49690328.1100,0.423900,0.646600
2025-03-07,59.3921023500,59.7844531500,58.4406516600,58.6466358300,676928,40615841.2800,0.348800,-1.515400
2025-03-10,58.7741498400,59.3430585000,58.4798867400,58.8428112300,481391,28866616.5300,0.248100,0.334500
2025-03-11,58.7054884500,60.3043179600,58.3621815000,60.0296724000,1078776,65706326.4700,0.555900,2.017000
2025-03-12,59.8531145400,60.2650828800,59.2155444900,59.3332497300,601933,36541651.6200,0.310200,-1.160100
2025-03-13,59.1861181800,60.5691547500,58.8133849200,59.7844531500,839502,51155627.3700,0.432600,0.760500
2025-03-14,59.7452180700,61.1478721800,59.2743971100,61.1478721800,1214140,74998587.1100,0.625700,2.280600
2025-03-17,61.9914264000,63.7570050000,61.4323265100,61.5990756000,1741119,111111746.2100,0.897200,0.737900
2025-03-18,61.5990756000,61.6481194500,59.9119671600,60.2945091900,1420384,87631417.7100,0.732000,-2.117800
2025-03-19,60.3729793500,60.8045652300,59.8629233100,60.2062302600,647715,39894728.0200,0.333800,-0.146400
2025-03-20,60.2062302600,60.4612582800,59.4607637400,59.5784689800,751688,45814772.8800,0.387400,-1.042700
2025-03-21,59.6765566800,59.9610110100,58.7251059900,58.7447235300,603619,36477693.0900,0.311100,-1.399400
2025-03-24,58.6466358300,58.8526200000,58.0090657800,58.4602692000,535287,31839163.7600,0.275800,-0.484200
2025-03-25,58.6564446000,58.8035761500,57.9796394700,58.8035761500,452151,26941241.6400,0.233000,0.587200
2025-03-26,58.4602692000,59.2155444900,58.4602692000,58.6270182900,395573,23710055.5300,0.203800,-0.300300
2025-03-27,58.5583569000,59.3038234200,57.8423166900,59.1272655600,579169,34688865.5100,0.298500,0.853300
2025-03-28,58.9899427800,60.3239355000,57.9404043900,58.4700779700,940474,56963746.7400,0.484700,-1.111500
2025-03-31,58.0090657800,59.0684129400,57.6853763700,57.9502131600,583963,34665862.9700,0.300900,-0.889100
2025-04-01,58.4308428900,59.9512022400,57.7834640700,59.0586041700,633391,38267115.7100,0.326400,1.912700
2025-04-02,59.3136321900,59.7157917600,58.6564446000,59.0978392500,425002,25629116.6000,0.219000,0.066400
2025-04-03,58.8428112300,59.5392339000,58.3229464200,58.9408989300,463036,27792520.0100,0.238600,-0.265600
2025-04-07,56.9202923100,56.9301010800,48.1120168500,53.8501473000,1757975,94483828.0800,0.905900,-8.637000
2025-04-08,52.2317002500,54.7917892200,52.0845687000,53.3597088000,1763743,96125704.7000,0.908900,-0.910700
2025-04-09,52.2905528700,54.2424981000,50.9565601500,53.2027684800,1196161,64422120.7500,0.616400,-0.294100
2025-04-10,54.0659402400,55.4097417300,54.0561314700,54.9291120000,871673,48693496.4400,0.449200,3.244800
2025-04-11,54.3503945700,55.9099890000,54.3405858000,55.2331838700,594636,33484706.6200,0.306400,0.553600
2025-04-14,55.9099890000,56.1552082500,54.4484822700,54.5367612000,586521,32921674.2400,0.302200,-1.260900
2025-04-15,54.4386735000,54.7231278300,53.0065930800,54.5759962800,826665,45413878.2800,0.426000,0.071900
2025-04-16,54.6544664400,54.6544664400,52.1826564000,53.3008561800,1079163,58307162.1800,0.556100,-2.336400
2025-04-17,53.5951192800,53.5951192800,52.6338598200,53.0654457000,592152,32044199.0400,0.305200,-0.441700
2025-04-18,53.0654457000,53.3106649500,51.9864810000,52.0845687000,783805,41819260.2100,0.403900,-1.848400
2025-04-21,51.9570546900,52.7221387500,51.6824091300,52.5063458100,437489,23390748.4000,0.225400,0.809800
2025-04-22,52.8594615300,52.8594615300,52.0845687000,52.3003616400,486529,26000217.9100,0.250700,-0.392300
2025-04-23,52.6338598200,53.2027684800,51.7804968300,52.0257160800,485620,25857667.2900,0.250300,-0.525100
2025-04-24,52.2807441000,52.4474931900,51.6039389700,51.7903056000,433988,22995138.4600,0.223600,-0.452500
2025-04-25,51.8001143700,52.4180668800,51.3096758700,51.4175723400,529167,27930994.8800,0.272700,-0.719700
2025-04-28,51.2802495600,51.2998671000,50.1326234700,50.8388549100,449428,23294656.6800,0.231600,-1.125500
2025-04-29,50.3287988700,51.7510705200,50.3287988700,51.4960425000,398821,20908959.2600,0.205500,1.292700
2025-04-30,51.4371898800,52.0845687000,50.9663689200,51.4273811100,400486,21102334.3100,0.206400,-0.133300
2025-05-06,51.8687757600,52.3395967200,51.2508232500,52.2611265600,490826,26012191.8500,0.252900,1.621200
2025-05-07,52.8202264500,53.1635334000,52.0257160800,52.1532300900,575837,30772426.2600,0.296700,-0.206500
2025-05-08,49.9070217600,51.9864810000,49.4165832600,51.2606320200,1549562,80482359.7400,0.798500,-1.711500
2025-05-09,50.9271338400,51.5941302000,50.7701935200,51.0056040000,659957,34452005.9800,0.340100,-0.497500
2025-05-12,50.9369426100,51.2606320200,49.7696989800,50.1718585500,1100516,56418404.3600,0.567100,-1.634600
2025-05-13,50.5347830400,50.8584724500,50.0639620800,50.1718585500,792303,40678178.1800,0.408300,0.000000
2025-05-14,50.0737708500,50.5053567300,49.5931411200,50.1228147000,671010,34187149.9700,0.345800,-0.097800
2025-05-15,50.1228147000,51.0056040000,49.4852446500,50.3680339500,873120,44837582.0900,0.449900,0.489200
2025-05-16,50.3091813300,50.5642093500,49.9266393000,49.9364480700,436124,22286596.3600,0.224700,-0.856900
2025-05-19,49.9560656100,50.4465041100,49.6519937400,50.2503287100,524296,26687179.2800,0.270200,0.628600
2025-05-20,50.2699462500,52.2611265600,50.2699462500,51.8491582200,1147315,60263470.4700,0.591200,3.181700
2025-05-21,51.4960425000,52.6436685900,51.3881460300,51.5352775800,731789,38760452.1400,0.377100,-0.605400
2025-05-22,51.3979548000,52.9869755400,51.0448390800,52.0845687000,955262,50927215.9500,0.492300,1.065900
2025-05-23,51.9472459200,52.5161545800,51.2704407900,51.4960425000,770054,40765545.2500,0.396800,-1.129900
2025-05-26,51.4960425000,51.9178196100,50.5544005800,50.7015321300,646988,33605272.8100,0.333400,-1.542900
2025-05-27,50.9565601500,51.3881460300,50.6132532000,50.9565601500,564562,29327656.6200,0.290900,0.503000
2025-05-28,50.9565601500,51.3096758700,50.7407672100,50.9859864600,364038,18929733.9600,0.187600,0.057700
2025-05-29,50.8094286000,51.8491582200,50.8094286000,51.6137477400,590554,30983496.1100,0.304300,1.231200
2025-05-30,51.5941302000,51.7510705200,51.0546478500,51.1527355500,473777,24834094.4700,0.244100,-0.893200
2025-06-03,50.7015321300,52.7123299800,50.7015321300,52.3003616400,1280494,67912973.1400,0.659900,2.243500
2025-06-04,51.8001143700,52.2905528700,51.6529828200,52.0943774700,971638,51499160.0000,0.500700,-0.393800
2025-06-05,52.2218914800,52.3297879500,50.9271338400,51.0742653900,1098637,57594879.0100,0.566200,-1.958200
2025-06-06,51.1036917000,51.4960425000,50.3680339500,50.4661216500,900301,46602554.7400,0.463900,-1.190700
2025-06-09,50.6328707400,51.5254688100,50.4661216500,50.9663689200,1006254,52298725.0300,0.518500,0.991300
2025-06-10,51.4175723400,51.6137477400,49.8285516000,50.4268865700,1134286,58683225.0700,0.584500,-1.058500
2025-06-11,50.4268865700,51.2017794000,50.3189901000,50.4563128800,880640,45508813.3900,0.453800,0.058400
2025-06-12,50.4465041100,51.1919706300,50.1620497800,50.7309584400,1277984,65836263.1200,0.658600,0.544300
2025-06-13,50.7309584400,51.8785845300,49.6323762000,51.0056040000,2581430,132474972.5900,1.330300,0.541400
2025-06-16,50.4955479600,50.8192373700,49.6519937400,50.5642093500,885769,45579726.2800,0.456500,-0.865400
2025-06-17,50.6524882800,52.1434213200,50.5151655000,50.7309584400,1440070,75270880.9700,0.742100,0.329800
2025-06-18,50.5544005800,50.9467513800,49.5539060400,49.7500814400,843766,43024410.7700,0.434800,-1.933500
2025-06-19,49.7304639000,50.0149182300,48.3768536400,48.6514992000,1093370,54645131.6500,0.563400,-2.208200
2025-06-20,48.5534115000,49.1125113900,48.4749413400,48.5043676500,452398,22475956.4500,0.233100,-0.302400
2025-06-23,48.3376185600,48.8084395200,48.1414431600,48.6416904300,481997,23825458.8300,0.248400,0.283100
2025-06-24,49.0634675400,49.8775954500,48.8378658300,49.8285516000,748636,37770102.6100,0.385800,2.440000
2025-06-25,49.3969657200,50.4170778000,49.3871569500,50.2797550200,879652,44764863.7600,0.453300,0.905500
2025-06-26,50.2797550200,50.3189901000,49.7304639000,49.7696989800,501508,25543410.2900,0.258400,-1.014400
2025-06-27,49.7304639000,50.2307111700,49.7108463600,49.7795077500,581577,29576809.0600,0.299700,0.019700
2025-06-30,49.8390310800,51.1490175600,49.4122930600,50.8512933600,885745,44970752.9400,0.456400,2.153100
2025-07-01,51.0993968600,51.0993968600,50.2161484000,50.5436450200,564178,28741850.9200,0.290700,-0.605000
2025-07-02,50.4146312000,50.9505347600,49.8985759200,50.2558449600,568534,28730459.8500,0.293000,-0.569400
2025-07-03,50.2558449600,50.6528105600,50.1665277000,50.3650105000,553013,28113217.3300,0.285000,0.217200
2025-07-04,50.3947829200,50.8115968000,49.9085000600,50.0275897400,644604,32580846.5100,0.332200,-0.670000
2025-07-07,50.1963001200,50.3650105000,49.5810034400,49.7695621000,456393,22903076.5000,0.235200,-0.515800
2025-07-08,49.9481966200,50.7619761000,49.7794862400,50.4344794800,763550,38844313.0800,0.393500,1.336000
2025-07-09,50.4344794800,51.2879555200,50.2756932400,50.6131140000,913581,46760316.4900,0.470800,0.354200
2025-07-10,50.5436450200,50.8612175000,50.3947829200,50.8314450800,535032,27358923.0200,0.275700,0.431400
2025-07-11,50.8115968000,51.2482589600,50.6925071200,51.0398520200,728502,37433833.4300,0.375400,0.410000
2025-07-14,51.0100796000,51.2383348200,50.7322036800,50.8810657800,492819,25265729.6700,0.254000,-0.311100
2025-07-15,50.8810657800,51.1291692800,50.1863759800,50.7123554000,617634,31492235.4100,0.318300,-0.331600
2025-07-16,50.9406106200,51.4765141800,50.6131140000,51.1589417000,919243,47249748.0100,0.473700,0.880600
2025-07-17,51.3375762200,52.3399143600,51.1490175600,52.0620384400,1352770,70668697.2800,0.697100,1.765300
2025-07-18,52.0521143000,52.3597626400,51.7047694000,52.3002178000,1001390,52459637.9800,0.516000,0.457500
2025-07-21,52.1215832800,52.4689281800,51.9826453200,52.0719625800,768523,40416309.0000,0.396000,-0.436400
2025-07-22,52.0421901600,53.7094456800,51.8040108000,52.8857420600,1431497,76282535.3200,0.737700,1.562800
2025-07-23,52.8956662000,53.7392181000,52.4788523200,52.9849834600,1266941,67882597.6700,0.652900,0.187700
2025-07-24,52.9849834600,55.1782184000,52.9849834600,54.6026182800,1964600,107195816.4700,1.012400,3.053000
2025-07-25,54.8804942000,55.2377632400,54.2056526800,54.5133010200,1643079,90372476.3700,0.846700,-0.163600
2025-07-28,54.5728458600,54.8804942000,53.7888388000,53.8583077800,1470820,80174898.4300,0.758000,-1.201500
2025-07-29,53.8086870800,54.8011010800,53.3224042200,54.5430734400,1347482,73547301.2100,0.694400,1.271400
2025-07-30,54.3842872000,54.9995838800,53.4811904600,54.1064112800,1415516,77669866.3300,0.729500,-0.800600
2025-07-31,54.0270181600,54.4736044600,53.0544524400,53.1933904000,1296658,70272896.2800,0.668200,-1.687500
2025-08-01,53.3918732000,54.7812528000,53.2330869600,53.5208870200,1173480,63831285.4300,0.604700,0.615700
2025-08-04,53.3621007800,54.0369423000,52.6277144200,53.8980043400,900184,48374824.5600,0.463900,0.704600
2025-08-05,53.7888388000,54.5232251600,53.5308111600,53.9575491800,920038,50016312.7700,0.474100,0.110500
2025-08-06,53.8880802000,54.4140596200,53.7491422400,53.9277767600,752427,40937007.8800,0.387700,-0.055200
2025-08-07,53.7888388000,54.7316321000,53.7789146600,53.8384595000,1020986,55717581.7500,0.526100,-0.165600
2025-08-08,53.9575491800,54.3545147800,53.4117214800,53.6895974000,814231,44172084.2200,0.419600,-0.276500
2025-08-11,53.8880802000,54.6720872600,53.7292939600,54.4835286000,1093105,59740315.6800,0.563300,1.478700
2025-08-12,54.5232251600,55.5950322800,54.4041354800,54.8011010800,1385492,76765486.5900,0.714000,0.582900
2025-08-13,54.8804942000,55.2774598000,54.1361837000,55.1881425400,1236053,68309246.7400,0.637000,0.706300
2025-08-14,55.1881425400,55.5652598600,54.1659561200,54.2155768200,1123390,62073595.8600,0.578900,-1.762300
2025-08-15,54.3048940800,54.8606459200,53.9773974600,54.7614045200,1123579,61716339.6600,0.579000,1.006800
2025-08-18,54.9201907600,55.8629840600,54.9201907600,55.5454115800,1472148,82376392.4000,0.758600,1.431700
2025-08-19,55.4064736200,58.5226535800,55.2675356600,56.3194945000,2560877,146820136.0000,1.319700,1.393600
2025-08-20,55.2774598000,57.0638050000,55.2774598000,56.9546394600,1669361,94298207.1500,0.860300,1.127800
2025-08-21,56.9149429000,58.4035639000,56.7065359600,57.1531222600,1527459,88433009.6800,0.787100,0.348500
2025-08-22,57.0538808600,57.3615292000,56.4187359000,57.0439567200,1174678,67165457.4800,0.605300,-0.191000
2025-08-25,57.4210740400,58.1455362600,56.8256256400,57.1828946800,1651213,95520660.7700,0.850900,0.243600
2025-08-26,56.8256256400,57.5103913000,56.7660808000,56.8454739200,1053407,60634619.3000,0.542800,-0.590100
2025-08-27,56.8950946200,57.3119085000,55.1484459800,55.3370046400,1573033,89246031.2600,0.810600,-2.653600
2025-08-28,55.1782184000,55.9622254600,53.2132386800,54.7911769400,1630194,89677762.9100,0.840100,-0.986400
2025-08-29,54.8804942000,55.0789770000,54.2453492400,54.3644389200,1362066,74913106.4400,0.701900,-0.778800
2025-09-01,54.5629217200,55.0889011400,54.2354251000,54.8606459200,1405445,77435623.9200,0.724300,0.912700
2025-09-02,54.8606459200,55.4461701800,53.6399767000,54.2155768200,1109994,60881068.0300,0.572000,-1.175800
2025-09-03,54.4339079000,54.5926941400,53.2926318000,53.4414939000,885606,48040234.3700,0.456400,-1.427800
2025-09-04,53.4811904600,53.9277767600,52.3994592000,53.0941490000,1245873,66856431.9400,0.642000,-0.650000
2025-09-05,53.2529352400,54.2850458000,52.6971834000,54.2354251000,1251329,67352067.8500,0.644800,2.149500
2025-09-08,54.2453492400,56.4485083200,54.0865630000,55.7141219600,1823247,102277769.4600,0.939600,2.726400
2025-09-09,55.6148805600,56.0713910000,54.2651975200,54.8011010800,1178824,65290300.3100,0.607500,-1.638800
2025-09-10,54.8209493600,55.2179149600,53.7590663800,53.7789146600,959552,52389382.9300,0.494500,-1.865300
2025-09-11,53.5804318600,54.4835286000,52.8460455000,54.4736044600,1192916,64531435.1600,0.614700,1.291800
2025-09-12,54.4636803200,54.7415562400,53.7590663800,54.2453492400,925529,50535960.4700,0.476900,-0.419000
2025-09-15,54.4835286000,54.5629217200,53.6697491200,53.9873216000,907332,49381980.2800,0.467600,-0.475700
2025-09-16,54.0170940200,54.1659561200,53.5705077200,53.9972457400,747378,40574246.1800,0.385100,0.018400
2025-09-17,54.2751216600,54.2949699400,53.5109628800,53.7888388000,763133,41401168.7900,0.393300,-0.386000
2025-09-18,53.9674733200,54.1858044000,52.3994592000,52.7964248000,1152638,62054232.0100,0.594000,-1.845000
2025-09-19,52.9452869000,53.3918732000,52.1315074200,52.4788523200,755309,39981286.5800,0.389200,-0.601500
2025-09-22,52.4987006000,52.5483213000,51.4169693400,51.9627970400,802538,41937826.7100,0.413600,-0.983400
2025-09-23,51.7643142400,52.5681695800,50.1069828600,51.0100796000,1066896,54686673.9700,0.549800,-1.833500
2025-09-24,51.0001554600,51.6749969800,50.8115968000,51.5856797200,727857,37637212.3700,0.375100,1.128400
2025-09-25,51.6948452600,51.7047694000,51.1291692800,51.1887141200,583892,30215978.0400,0.300900,-0.769500
2025-09-26,51.1887141200,51.3871969200,50.6230381400,50.8215209400,595577,30515207.6000,0.306900,-0.717300
2025-09-29,50.6925071200,51.2383348200,50.1466794200,50.9406106200,661764,33867452.1300,0.341000,0.234300
2025-09-30,51.3574245000,51.6551487000,50.6131140000,51.5658314400,726745,37533281.3000,0.374500,1.227400
2025-10-09,51.6055280000,51.8536315000,50.7123554000,51.7146935400,926560,47859184.0800,0.477500,0.288700
2025-10-10,51.3673486400,51.9627970400,51.3673486400,51.7841625200,725613,37811494.8700,0.373900,0.134300
2025-10-13,50.6131140000,51.0597003000,50.2657691000,50.7123554000,781019,39907973.6100,0.402500,-2.069800
2025-10-14,50.9009140600,51.1291692800,50.4146312000,50.5734174400,764376,39116997.6700,0.393900,-0.274000
2025-10-15,50.6925071200,51.2879555200,50.3947829200,51.0200037400,660218,33882884.8600,0.340200,0.883000
2025-10-16,50.8000000000,51.4700000000,50.8000000000,50.9800000000,533534,27274588.2700,0.274900,-0.078400
2025-10-17,51.2700000000,51.3700000000,50.0000000000,50.0200000000,783119,39615508.1900,0.403600,-1.883100
2025-10-20,50.4500000000,50.4800000000,49.2200000000,50.1800000000,592846,29654145.1500,0.305500,0.319900
2025-10-21,50.1800000000,50.8800000000,50.0700000000,50.1700000000,529077,26595991.3100,0.272600,-0.019900
2025-10-22,50.1700000000,50.4400000000,49.8800000000,49.9500000000,476451,23856815.5900,0.245500,-0.438500
2025-10-23,49.9700000000,50.4000000000,49.4600000000,50.3000000000,521451,25996934.5300,0.268700,0.700700
2025-10-24,50.3000000000,50.8800000000,50.2400000000,50.4100000000,489414,24705558.9200,0.252200,0.218700
2025-10-27,50.4100000000,51.0700000000,50.2500000000,50.8800000000,854285,43305081.3000,0.440200,0.932400
2025-10-28,50.8800000000,51.0800000000,50.5500000000,50.6500000000,644488,32704722.2700,0.332100,-0.452000
2025-10-29,50.5300000000,50.8500000000,50.0400000000,50.6200000000,539779,27192979.0700,0.278200,-0.059200
2025-10-30,50.7900000000,50.7900000000,50.1000000000,50.1200000000,485568,24457594.2400,0.250200,-0.987800
2025-10-31,50.3200000000,51.3700000000,50.0900000000,51.0400000000,873144,44481088.7000,0.450000,1.835600
2025-11-03,51.1800000000,51.2900000000,50.5300000000,50.9900000000,687462,34939637.7000,0.354300,-0.098000
2025-11-04,50.8500000000,50.9900000000,50.3300000000,50.5600000000,515581,26071431.6800,0.265700,-0.843300
2025-11-05,50.6500000000,50.7200000000,50.2400000000,50.4400000000,617934,31179414.9100,0.318400,-0.237300
2025-11-06,50.5500000000,50.6200000000,50.2000000000,50.3600000000,582152,29324049.1900,0.300000,-0.158600
2025-11-07,50.3600000000,50.4000000000,50.0600000000,50.2800000000,433054,21768051.2200,0.223200,-0.158900
2025-11-10,50.2800000000,51.3500000000,50.2800000000,51.2900000000,962727,49109887.7400,0.496100,2.008800
2025-11-11,51.4000000000,51.4000000000,51.0000000000,51.3300000000,552451,28300358.7900,0.284700,0.078000
2025-11-12,51.4400000000,52.8800000000,51.3000000000,51.8200000000,1332391,69286252.8500,0.686600,0.954600
2025-11-13,51.8400000000,52.0600000000,51.3300000000,51.9500000000,702814,36365901.3400,0.362200,0.250900
2025-11-14,51.8200000000,52.6500000000,51.5300000000,52.2000000000,851754,44534951.2400,0.438900,0.481200
2025-11-17,51.7700000000,52.2000000000,50.9600000000,51.1400000000,918743,47132333.3600,0.473500,-2.030700
2025-11-18,51.1300000000,51.4600000000,50.5500000000,50.6800000000,565572,28747574.5500,0.291500,-0.899500
2025-11-19,50.8300000000,51.0000000000,50.0100000000,50.2400000000,547129,27543411.5800,0.281900,-0.868200
2025-11-20,50.2400000000,50.5100000000,49.8600000000,50.0600000000,567323,28442545.9400,0.292400,-0.358300
2025-11-21,50.0000000000,50.4200000000,48.6700000000,48.8700000000,785766,38744802.5500,0.404900,-2.377100
2025-11-24,48.9600000000,49.7600000000,48.9000000000,49.3300000000,556507,27463377.0200,0.286800,0.941300
2025-11-25,49.3300000000,51.8400000000,49.1200000000,50.4700000000,1271739,63981917.0300,0.655400,2.311000
2025-11-26,49.7200000000,50.1800000000,49.2900000000,49.3000000000,904200,44910178.4700,0.466000,-2.318200
2025-11-27,48.9800000000,49.6200000000,48.9700000000,49.1100000000,413612,20350866.1800,0.213100,-0.385400
2025-11-28,49.2500000000,49.5500000000,48.8800000000,49.5000000000,419394,20624994.9000,0.216100,0.794100
2025-12-01,49.2000000000,49.5600000000,49.2000000000,49.3900000000,543415,26843143.2000,0.280000,-0.222200
2025-12-02,49.4500000000,49.5000000000,48.9000000000,49.0100000000,432366,21241191.5100,0.222800,-0.769400
2025-12-03,49.3000000000,49.3400000000,48.5400000000,48.7100000000,393525,19187032.7500,0.202800,-0.612100
2025-12-04,48.8600000000,48.8800000000,48.2800000000,48.5400000000,350751,17013599.7400,0.180800,-0.349000
2025-12-05,48.8700000000,48.8700000000,48.1500000000,48.8600000000,299846,14565525.9200,0.154500,0.659300
2025-12-08,48.8600000000,49.1800000000,48.7500000000,48.9100000000,452202,22158705.6400,0.233000,0.102300
2025-12-09,48.4000000000,49.0800000000,48.2300000000,48.2400000000,517572,25102863.8300,0.266700,-1.369900
2025-12-10,48.3400000000,48.3400000000,47.2900000000,47.3200000000,887705,42227114.2400,0.457500,-1.907100
2025-12-11,47.5100000000,47.5200000000,45.5800000000,45.7200000000,1541879,71125496.9500,0.794600,-3.381200
2025-12-12,45.8200000000,45.8200000000,44.8800000000,45.8000000000,2637793,119017709.9700,1.359300,0.175000
2025-12-15,45.0100000000,45.4900000000,44.3100000000,44.6500000000,1102766,49240023.8000,0.568300,-2.510900
2025-12-16,44.6900000000,44.7700000000,44.1200000000,44.4500000000,814413,36272334.7700,0.419700,-0.447900
2025-12-17,44.3000000000,44.7600000000,44.1300000000,44.5900000000,771221,34288926.4100,0.397400,0.315000
2025-12-18,44.4600000000,44.9200000000,44.4600000000,44.7100000000,633582,28370228.1000,0.326500,0.269100
2025-12-19,44.7500000000,45.0600000000,44.6600000000,44.8300000000,517325,23208407.4700,0.266600,0.268400
2025-12-22,44.8800000000,45.1500000000,44.8300000000,44.8800000000,598611,26910068.9700,0.308500,0.111500
2025-12-23,44.9200000000,45.0000000000,44.0800000000,44.2500000000,858639,38107243.5400,0.442500,-1.403700
2025-12-24,44.2500000000,44.3700000000,44.0400000000,44.3300000000,604765,26716356.7500,0.311700,0.180800
2025-12-25,44.1800000000,44.9300000000,44.1800000000,44.7800000000,734289,32802810.4600,0.378400,1.015100
2025-12-26,44.7900000000,44.9000000000,44.4800000000,44.6300000000,504583,22543413.9100,0.260000,-0.335000
2025-12-29,44.7000000000,44.8500000000,44.3300000000,44.3300000000,490711,21894037.9000,0.252900,-0.672200
2025-12-30,44.5500000000,44.5500000000,43.8200000000,43.8500000000,801714,35232508.2600,0.413100,-1.082800
2025-12-31,43.8600000000,44.0900000000,43.6500000000,43.9000000000,475986,20883156.9800,0.245300,0.114000
2026-01-05,44.1200000000,45.4800000000,43.6700000000,45.2600000000,1203467,53972913.1500,0.620200,3.097900
2026-01-06,45.4000000000,45.8400000000,44.8100000000,44.9800000000,1398103,63058827.2800,0.720500,-0.618600
2026-01-07,45.0200000000,45.4000000000,44.8900000000,44.9300000000,806290,36317697.2700,0.415500,-0.111200
2026-01-08,44.9100000000,45.6400000000,44.7700000000,45.4800000000,857855,38816246.3600,0.442100,1.224100
2026-01-09,45.4800000000,46.3700000000,45.4000000000,46.2400000000,1155923,53198636.6500,0.595700,1.671100
2026-01-12,46.2500000000,46.9000000000,46.2000000000,46.8600000000,1038412,48355663.3400,0.535100,1.340800
2026-01-13,46.8100000000,47.8000000000,46.5500000000,47.0200000000,1339619,63410500.5600,0.690300,0.341400
2026-01-14,47.6000000000,49.8000000000,47.0400000000,48.8000000000,3040138,148446516.1600,1.566700,3.785600
2026-01-15,48.8500000000,48.8600000000,47.6700000000,47.8400000000,1008896,48445790.6000,0.519900,-1.967200
2026-01-16,47.9300000000,48.2000000000,46.8200000000,46.9100000000,945938,44664504.8500,0.487500,-1.944000
2026-01-19,46.9600000000,47.1900000000,46.5000000000,46.8000000000,675960,31652657.0200,0.348300,-0.234500
2026-01-20,46.8900000000,47.0200000000,46.2300000000,46.5100000000,825829,38511112.6100,0.425600,-0.619700
2026-01-21,46.5800000000,46.7700000000,46.2300000000,46.5600000000,601738,28012906.0900,0.310100,0.107500
2026-01-22,46.6900000000,46.7900000000,46.1100000000,46.2600000000,669944,31030381.8300,0.345200,-0.644300
2026-01-23,46.3900000000,47.1800000000,46.3400000000,47.1100000000,765422,35869661.6400,0.394400,1.837400
2026-01-26,47.3600000000,47.7800000000,46.7000000000,47.4800000000,946553,44739027.3700,0.487800,0.785400
2026-01-27,47.8800000000,47.9200000000,45.8700000000,46.7000000000,801513,37285294.6500,0.413000,-1.642800
2026-01-28,46.5100000000,46.8500000000,45.9900000000,46.0900000000,651263,30073542.6200,0.335600,-1.306200
2026-01-29,46.2300000000,46.4600000000,45.5400000000,46.3400000000,754272,34699914.8900,0.388700,0.542400
2026-01-30,46.1400000000,46.5000000000,45.5600000000,45.7700000000,473003,21714437.6700,0.243800,-1.230000
2026-02-02,45.5100000000,46.4100000000,45.3900000000,45.4800000000,617346,28366423.9800,0.318100,-0.633600
2026-02-03,45.4900000000,46.4500000000,45.4900000000,46.2700000000,653235,30142200.6800,0.336600,1.737000
2026-02-04,46.0200000000,46.5600000000,45.8400000000,46.4100000000,607296,28055589.6600,0.313000,0.302600
2026-02-05,46.4500000000,48.7000000000,46.4000000000,47.4400000000,1817650,86867634.1600,0.936700,2.219300
2026-02-06,47.4500000000,47.4900000000,46.9000000000,46.9800000000,840660,39671778.1900,0.433200,-0.969600
2026-02-09,47.2900000000,47.5300000000,46.9700000000,47.4000000000,680150,32143287.7300,0.350500,0.894000
2026-02-10,47.1500000000,47.3900000000,47.0800000000,47.1300000000,596126,28121144.9200,0.307200,-0.569600
2026-02-11,47.0900000000,47.2800000000,46.8100000000,46.8500000000,537436,25246378.5500,0.277000,-0.594100
2026-02-12,46.9200000000,47.0800000000,46.4000000000,46.4700000000,425008,19788525.5700,0.219000,-0.811100
2026-02-13,46.4700000000,46.5000000000,45.8200000000,45.9100000000,485139,22422954.6500,0.250000,-1.205100
2026-02-24,45.9500000000,46.3000000000,45.9100000000,46.2000000000,321340,14793764.3400,0.165600,0.631700
2026-02-25,46.3800000000,46.6300000000,46.0000000000,46.3100000000,392318,18204407.4100,0.202200,0.238100
2026-02-26,46.3000000000,46.3600000000,45.7800000000,45.8600000000,506550,23266123.4100,0.261000,-0.971700
2026-02-27,46.0000000000,46.1600000000,45.8100000000,45.9800000000,293394,13483945.9900,0.151200,0.261700
2026-03-02,45.2700000000,45.2700000000,43.6600000000,43.7100000000,1239690,54818090.4900,0.638800,-4.936900
2026-03-03,43.7500000000,43.9000000000,42.0000000000,42.3000000000,1071785,46111455.7200,0.552300,-3.225800
2026-03-04,42.4900000000,42.4900000000,41.5500000000,41.7100000000,674448,28243936.4200,0.347600,-1.394800
2026-03-05,41.9900000000,42.1600000000,41.5900000000,41.8100000000,533726,22318476.9600,0.275000,0.239800
2026-03-06,41.7900000000,42.1800000000,41.5800000000,42.1500000000,602716,25274155.1300,0.310600,0.813200
2026-03-09,41.7800000000,41.7900000000,41.2800000000,41.5300000000,678074,28116190.5600,0.349400,-1.470900
2026-03-10,42.3400000000,42.4500000000,41.8700000000,42.3500000000,658734,27834847.3700,0.339500,1.974500
2026-03-11,42.4500000000,42.6000000000,42.0200000000,42.3500000000,446539,18881831.4400,0.230100,0.000000
2026-03-12,42.1700000000,42.5500000000,41.8800000000,42.0200000000,434840,18306161.5900,0.224100,-0.779200
2026-03-13,41.9800000000,42.3000000000,41.6100000000,41.8600000000,568088,23817277.9900,0.292800,-0.380800
2026-03-16,41.9000000000,42.0100000000,41.4700000000,42.0100000000,494658,20649724.3100,0.254900,0.358300
2026-03-17,42.0100000000,42.4800000000,41.7900000000,41.8100000000,552096,23279768.8400,0.284500,-0.476100
2026-03-18,41.7900000000,42.2000000000,41.7000000000,42.1900000000,362993,15217223.5200,0.187100,0.908900
2026-03-19,41.9500000000,42.1700000000,41.5500000000,41.6100000000,491575,20510136.6900,0.253300,-1.374700
2026-03-20,41.8200000000,41.9100000000,40.4500000000,40.4800000000,587553,24185530.5200,0.302800,-2.715700
2026-03-23,40.2500000000,40.2500000000,37.2500000000,37.6600000000,1259728,48373077.3000,0.649200,-6.966400
2026-03-24,38.5100000000,39.1000000000,38.0600000000,38.9900000000,643122,24781544.9400,0.331400,3.531600
2026-03-25,39.2000000000,39.3200000000,38.6600000000,38.7500000000,504233,19675604.3400,0.259800,-0.615500
2026-03-26,38.8600000000,39.2800000000,38.0300000000,38.2800000000,596593,22999072.6700,0.307400,-1.212900
2026-03-27,38.0100000000,39.2700000000,37.8000000000,39.2500000000,496238,19236197.8300,0.255700,2.534000
2026-03-30,38.9800000000,39.3800000000,38.5500000000,39.0700000000,530385,20724062.7100,0.273300,-0.458600
2026-03-31,39.1200000000,39.6500000000,38.6800000000,38.7300000000,396992,15535017.4000,0.204600,-0.870200
2026-04-01,39.3000000000,40.0500000000,38.7700000000,39.9100000000,577980,22873740.3700,0.297800,3.046700
2026-04-02,39.8000000000,40.2200000000,39.4700000000,39.8800000000,361380,14389318.5700,0.186200,-0.075200
2026-04-03,39.4700000000,40.0100000000,38.6900000000,38.8400000000,396227,15449343.0400,0.204200,-2.607800
2026-04-07,38.8400000000,39.1800000000,38.0000000000,39.0000000000,225195,8736573.2200,0.116000,0.411900
2026-04-08,39.7100000000,40.1300000000,39.5500000000,40.0900000000,439417,17533594.5200,0.226400,2.794900
2026-04-09,39.8300000000,39.9600000000,38.8100000000,38.9000000000,612473,23986374.6900,0.315600,-2.968300
2026-04-10,39.0300000000,39.4400000000,38.8000000000,39.0300000000,502814,19686603.4000,0.259100,0.334200
2026-04-13,38.9800000000,38.9800000000,38.5200000000,38.8200000000,331991,12863293.7900,0.171100,-0.538000
2026-04-14,38.9800000000,39.0400000000,38.6000000000,39.0200000000,365062,14161584.8000,0.188100,0.515200
2026-04-15,39.1800000000,39.4100000000,39.0100000000,39.1000000000,357517,13983975.4200,0.184200,0.205000
2026-04-16,39.0800000000,39.2000000000,38.7500000000,39.2000000000,358077,13949570.9100,0.184500,0.255800
2026-04-17,38.9400000000,39.2300000000,38.7800000000,39.1000000000,391928,15263852.7300,0.202000,-0.255100
2026-04-20,39.0700000000,39.2700000000,38.8200000000,39.2700000000,289582,11320910.2200,0.149200,0.434800
2026-04-21,39.2700000000,39.5700000000,38.8400000000,38.8700000000,307233,11992386.8100,0.158300,-1.018600
2026-04-22,38.8800000000,38.9900000000,38.6500000000,38.8000000000,342842,13287743.7400,0.176700,-0.180100
2026-04-23,38.9600000000,39.1600000000,38.5800000000,39.1000000000,418026,16269796.9300,0.215400,0.773200
2026-04-24,39.0000000000,39.5500000000,38.7000000000,39.5400000000,600749,23530652.0000,0.309600,1.125300
2026-04-27,39.0000000000,39.5900000000,38.9100000000,39.4700000000,586874,23096164.9300,0.302400,-0.177000
2026-04-28,39.0500000000,40.4400000000,39.0500000000,39.4400000000,827559,32824765.5300,0.426500,-0.076000
2026-04-29,39.4700000000,39.7900000000,39.1000000000,39.6800000000,437890,17314263.2500,0.225700,0.608500
2026-04-30,39.4900000000,40.2300000000,39.4900000000,39.6500000000,445762,17687977.4000,0.229700,-0.075600
